t,terrain,n_true,throttle_cmd,steer_cmd,u,v,omega,ax,ay,wheel_omega_fl,wheel_omega_fr,wheel_omega_rl,wheel_omega_rr,steering_angle
0.0000,dirt,0.715,0.400,0.0000,-0.0239,0.0789,-0.0010,-0.6711,-0.0161,-0.0170,-0.0170,-0.0170,-0.0170,0.0000
0.0120,dirt,0.715,0.400,0.0176,-0.0396,-0.0413,-0.0002,-0.6435,0.0053,-0.0292,-0.0292,-0.0292,-0.0292,0.0000
0.0240,dirt,0.715,0.400,0.0352,0.0179,0.0427,-0.0048,1.3865,-0.0597,-0.0033,-0.0033,-0.0033,-0.0033,0.0100
0.0360,dirt,0.715,0.400,0.0527,0.0895,0.0107,-0.0033,0.1463,0.0959,0.0156,0.0155,0.0155,0.0155,0.0197
0.0480,dirt,0.715,0.400,0.0703,-0.0712,0.0188,-0.0042,0.4649,-0.0593,0.0236,0.0236,0.0235,0.0235,0.0285
0.0600,dirt,0.715,0.400,0.0877,-0.0250,0.0994,-0.0045,0.7274,-0.0356,-0.0163,-0.0164,-0.0164,-0.0164,0.0376
0.0720,dirt,0.715,0.400,0.1052,0.0003,0.0000,-0.0046,0.1511,-0.0676,-0.0181,-0.0181,-0.0181,-0.0181,0.0463
0.0840,dirt,0.715,0.400,0.1225,-0.1160,-0.0110,-0.0041,-0.3231,0.5516,-0.0055,-0.0055,-0.0055,-0.0055,0.0538
0.0960,dirt,0.715,0.400,0.1398,-0.0283,-0.0664,-0.0028,-0.0214,0.1728,-0.0029,-0.0029,-0.0029,-0.0029,0.0634
0.1080,dirt,0.715,0.400,0.1570,-0.0055,-0.0280,-0.0047,0.0886,-0.0625,-0.0041,-0.0041,-0.0042,-0.0042,0.0724
0.1200,dirt,0.715,0.400,0.1741,-0.1115,0.0765,-0.0044,-0.0374,0.1102,-0.0078,-0.0078,-0.0079,-0.0079,0.0807
0.1320,dirt,0.715,0.400,0.1911,0.0540,-0.0127,-0.0027,0.0052,0.1145,-0.0155,-0.0155,-0.0155,-0.0155,0.0890
0.1440,dirt,0.715,0.400,0.2079,-0.0159,-0.0289,-0.0027,-0.1308,1.4318,-0.0160,-0.0161,-0.0161,-0.0161,0.0982
0.1560,dirt,0.715,0.400,0.2247,-0.0268,-0.0107,-0.0028,-0.0223,0.0180,-0.0234,-0.0234,-0.0234,-0.0234,0.1072
0.1680,dirt,0.715,0.400,0.2413,0.0782,-0.0262,-0.0023,0.0851,-0.2027,-0.0273,-0.0274,-0.0274,-0.0274,0.1156
0.1800,dirt,0.715,0.400,0.2577,0.0835,-0.0501,-0.0055,0.0840,-0.1182,-0.0385,-0.0386,-0.0386,-0.0386,0.1239
0.1920,dirt,0.715,0.400,0.2740,0.0423,0.0922,-0.0009,-0.0881,0.1930,-0.0509,-0.0510,-0.0510,-0.0510,0.1319
0.2040,dirt,0.715,0.400,0.2901,0.0936,-0.0284,-0.0030,0.0742,0.5419,-0.0631,-0.0632,-0.0632,-0.0632,0.1411
0.2160,dirt,0.715,0.400,0.3060,0.0533,0.0184,-0.0042,-0.0310,0.0284,-0.0774,-0.0775,-0.0774,-0.0774,0.1500
0.2280,dirt,0.715,0.400,0.3217,-0.0444,0.0177,-0.0028,-0.0331,0.0784,-0.0895,-0.0896,-0.0895,-0.0895,0.1599
0.2400,dirt,0.715,0.400,0.3372,0.0185,0.0184,-0.0030,0.0518,-0.1882,-0.1109,-0.1110,-0.1110,-0.1110,0.1656
0.2520,dirt,0.715,0.400,0.3525,0.0295,0.0858,-0.0035,0.0035,1.4937,-0.1347,-0.1348,-0.1348,-0.1348,0.1709
0.2640,dirt,0.715,0.400,0.3676,0.0219,0.0757,-0.0056,-0.5813,-0.3112,-0.1455,-0.1457,-0.1456,-0.1456,0.1860
0.2760,dirt,0.715,0.400,0.3825,-0.0020,0.0551,-0.0032,0.2777,0.5756,-0.1818,-0.1821,-0.1819,-0.1819,0.1974
0.2880,dirt,0.715,0.400,0.3971,-0.0910,0.0110,0.0005,0.0062,-0.0776,-0.2016,-0.2019,-0.2018,-0.2018,0.1971
0.3000,dirt,0.715,0.400,0.4114,0.0017,0.0586,-0.0006,0.0816,1.7268,-0.2273,-0.2276,-0.2274,-0.2274,0.1976
0.3120,dirt,0.715,0.400,0.4256,0.0218,0.0693,-0.0062,0.0127,-0.4094,-0.2634,-0.2637,-0.2635,-0.2635,0.2096
0.3240,dirt,0.715,0.400,0.4394,0.0296,0.0093,-0.0081,-0.0162,-0.2166,-0.3065,-0.3068,-0.3066,-0.3066,0.2230
0.3360,dirt,0.715,0.400,0.4529,-0.0751,-0.0277,-0.0028,-0.0718,0.6549,-0.3147,-0.3150,-0.3148,-0.3148,0.2300
0.3480,dirt,0.715,0.400,0.4662,0.0060,0.0683,-0.0012,0.2324,-0.0798,-0.3517,-0.3519,-0.3517,-0.3518,0.2350
0.3600,dirt,0.715,0.400,0.4792,-0.1235,0.0536,-0.0029,0.0191,-0.0632,-0.3981,-0.3984,-0.3982,-0.3983,0.2393
0.3720,dirt,0.715,0.400,0.4919,-0.0251,0.0200,-0.0008,-0.1088,0.4620,-0.4336,-0.4339,-0.4337,-0.4337,0.2443
0.3840,dirt,0.715,0.400,0.5042,-0.0238,0.0632,-0.0026,0.0985,0.0265,-0.4806,-0.4809,-0.4807,-0.4807,0.2520
0.3960,dirt,0.715,0.400,0.5163,-0.0022,0.0681,-0.0035,0.0086,0.0947,-0.5265,-0.5267,-0.5265,-0.5266,0.2603
0.4080,dirt,0.715,0.400,0.5280,-0.0283,0.1064,-0.0045,0.0084,0.0634,-0.5745,-0.5748,-0.5746,-0.5746,0.2673
0.4200,dirt,0.715,0.400,0.5394,0.0310,0.0385,-0.0014,0.0198,-0.0620,-0.6225,-0.6248,-0.6242,-0.6242,0.2724
0.4320,dirt,0.715,0.400,0.5504,0.0973,-0.0028,0.0019,0.9586,-2.2737,-0.3667,-0.4711,-0.4496,-0.5335,0.2746
0.4440,dirt,0.715,0.400,0.5611,0.0380,0.0705,0.0068,1.7518,-0.8202,-0.6870,0.3816,-0.4410,-0.5258,0.2783
0.4560,dirt,0.715,0.400,0.5714,0.1666,0.0152,0.0142,4.9684,3.3859,-0.5140,0.9702,-0.4846,-0.5596,0.2791
0.4680,dirt,0.715,0.400,0.5814,0.1330,-0.0376,0.0151,2.3764,-1.4074,-0.4426,0.1869,-0.3203,-0.4357,0.2738
0.4800,dirt,0.715,0.400,0.5910,0.1850,0.0508,0.0148,2.9315,0.3026,-0.3613,0.2241,-0.2626,-0.4178,0.2712
0.4920,dirt,0.715,0.400,0.6003,0.1050,-0.0376,-0.0046,6.7732,-2.2631,0.0762,-0.0680,-1.3585,-0.0965,0.2779
0.5040,dirt,0.715,0.400,0.6091,0.2504,-0.0048,-0.0096,2.6687,0.3996,1.8902,-2.5745,-2.3805,1.9904,0.2839
0.5160,dirt,0.715,0.400,0.6176,0.0905,-0.0045,-0.0177,-0.8105,-1.2450,1.7180,-2.6582,-1.7499,0.8852,0.2840
0.5280,dirt,0.715,0.400,0.6257,0.2523,-0.1511,0.0058,-0.9409,1.3856,2.0579,-3.0554,-1.1542,1.2131,0.2831
0.5400,dirt,0.715,0.400,0.6334,0.1654,-0.0044,0.0023,-2.3122,-1.3817,2.3970,-3.4320,0.7129,0.9805,0.2855
0.5520,dirt,0.715,0.400,0.6407,0.0749,-0.0263,0.0157,-6.5534,-1.6595,1.0298,-1.8779,-0.4796,0.4323,0.2844
0.5640,dirt,0.715,0.400,0.6476,0.0348,0.0771,0.0245,2.8388,-2.9587,0.8045,-0.9955,-0.2182,0.3829,0.2889
0.5760,dirt,0.715,0.400,0.6540,0.0032,0.0240,0.0276,-4.8002,-0.3672,0.4314,-0.1042,-0.0254,-0.1132,0.2909
0.5880,dirt,0.715,0.400,0.6601,0.0297,-0.0894,0.0292,-2.2902,-0.0035,0.1432,-0.3326,-0.0649,-0.1230,0.2917
0.6000,dirt,0.715,0.400,0.6657,-0.0436,-0.0008,0.0335,-0.9636,0.7196,0.1583,-0.4564,0.0836,-0.2722,0.2991
0.6120,dirt,0.715,0.400,0.6710,-0.0156,-0.0237,0.0318,-1.1989,-0.3204,-0.0942,-0.2545,-0.1080,-0.0754,0.3097
0.6240,dirt,0.715,0.400,0.6758,-0.0633,-0.0423,0.0292,0.2919,-0.5813,-0.3721,-0.3052,-0.2049,-0.0850,0.3168
0.6360,dirt,0.715,0.400,0.6801,-0.0246,-0.1066,0.0292,0.5068,0.0565,-0.3296,-0.5998,-0.0791,-0.1164,0.3219
0.6480,dirt,0.715,0.400,0.6841,-0.0345,-0.1595,0.0228,0.0813,-0.0840,-0.3150,-0.7871,-0.4120,-0.0994,0.3298
0.6600,dirt,0.715,0.400,0.6876,0.0018,-0.1161,0.0235,0.2238,0.2189,-0.6388,-1.0032,-0.1897,-0.2034,0.3344
0.6720,dirt,0.715,0.400,0.6907,0.0577,-0.0485,0.0272,1.0179,0.0819,-0.9719,-1.3362,-0.3206,-0.2650,0.3358
0.6840,dirt,0.715,0.400,0.6933,0.1259,0.0201,0.0208,0.2223,0.3893,-1.2648,-1.6292,-0.4171,-0.4630,0.3369
0.6960,dirt,0.715,0.400,0.6955,-0.0234,-0.0167,0.0182,0.1787,0.1190,-1.5489,-1.9048,0.0046,-0.9229,0.3399
0.7080,dirt,0.715,0.400,0.6973,0.0313,0.0350,0.0112,-0.1017,0.3274,-1.8180,-2.1739,-0.0098,-1.2681,0.3414
0.7200,dirt,0.715,0.400,0.6986,0.0131,-0.0759,0.0103,-0.1531,0.2791,-2.0171,-2.4239,-0.0672,-1.5595,0.3423
0.7320,dirt,0.715,0.400,0.6995,0.0039,-0.1169,0.0071,-0.1496,0.3092,-2.2457,-2.6709,-0.0731,-1.8723,0.3433
0.7440,dirt,0.715,0.400,0.6999,-0.0661,-0.0897,0.0051,-0.0292,0.4305,-2.5159,-2.9411,-0.1275,-1.8353,0.3446
0.7560,dirt,0.715,0.400,0.6999,0.0599,-0.0329,0.0005,0.4451,0.5716,-2.8951,-3.3202,-0.3089,-0.9147,0.3457
0.7680,dirt,0.715,0.400,0.6995,0.0976,-0.0597,-0.0005,0.4148,0.9927,-3.4432,-3.8684,-0.6635,0.3303,0.3463
0.7800,dirt,0.715,0.400,0.6986,0.0177,-0.0028,-0.0096,-0.8644,0.2408,-3.9972,-4.4224,-0.5206,0.2470,0.3464
0.7920,dirt,0.715,0.400,0.6973,-0.0616,-0.1078,-0.0104,0.9392,-0.5243,-4.1961,-5.0196,-0.3227,0.0205,0.3464
0.8040,dirt,0.715,0.400,0.6955,0.1140,-0.0321,-0.0074,0.9059,0.1488,-4.1810,-5.7146,-0.4101,0.3062,0.3463
0.8160,dirt,0.715,0.400,0.6933,0.0189,-0.0501,-0.0124,0.3706,0.1316,-4.1069,-6.4687,-0.4276,0.2436,0.3461
0.8280,dirt,0.715,0.400,0.6907,0.1091,-0.0567,-0.0117,0.9257,0.0652,-4.0837,-6.9785,-0.3323,0.1304,0.3456
0.8400,dirt,0.715,0.400,0.6876,0.1738,0.0196,-0.0137,1.0307,0.1149,-4.2334,-6.4374,-0.4440,0.1116,0.3455
0.8520,dirt,0.715,0.400,0.6841,0.1626,-0.0082,0.0069,2.9081,2.6918,-5.3260,-3.1779,-0.7558,0.1702,0.3453
0.8640,dirt,0.715,0.400,0.6801,0.2636,0.0390,0.0262,5.3191,1.8524,-6.4695,0.2704,-0.6104,-0.3404,0.3443
0.8760,dirt,0.715,0.400,0.6758,0.1071,0.0717,0.0299,0.0649,3.3855,-6.0143,-0.0605,-0.5162,-0.8606,0.3439
0.8880,dirt,0.715,0.400,0.6710,0.1703,0.1689,0.0514,1.4037,1.1471,-6.0405,-0.4061,-0.5352,-0.6809,0.3397
0.9000,dirt,0.715,0.400,0.6657,0.1862,0.1679,0.0597,1.6337,2.3745,-5.4505,-0.3273,-0.8712,-0.5113,0.3335
0.9120,dirt,0.715,0.400,0.6601,0.2138,0.2081,0.0740,3.0883,3.1843,-2.8140,-0.7322,-0.8886,-0.5896,0.3249
0.9240,dirt,0.715,0.400,0.6540,0.2858,0.1556,0.0933,0.9814,2.0863,-1.7618,-0.7887,-1.1132,-0.5788,0.3174
0.9360,dirt,0.715,0.400,0.6476,0.3627,0.2175,0.0927,2.1261,2.4717,-1.4700,-0.9971,-1.0579,-0.6548,0.3118
0.9480,dirt,0.715,0.400,0.6407,0.4150,0.1198,0.0870,2.5869,-2.0546,-1.1331,-1.0466,-1.3212,-0.5684,0.3083
0.9600,dirt,0.715,0.400,0.6334,0.4022,0.1735,0.0620,4.1386,-1.4565,-1.3907,-1.1731,-1.0629,-0.9918,0.3087
0.9720,dirt,0.715,0.400,0.6257,0.4164,0.1611,0.0630,4.7556,-0.5041,-0.9477,-1.1925,-0.7636,-1.4739,0.3074
0.9840,dirt,0.715,0.400,0.6176,0.3703,0.1485,0.0599,0.9580,1.7748,-0.7541,-1.9999,-0.1685,-2.0644,0.3041
0.9960,dirt,0.715,0.400,0.6091,0.4641,0.1268,0.0640,-2.3429,-0.3614,-0.6768,-1.7951,-0.1000,-1.7866,0.3003
1.0080,dirt,0.715,0.400,0.6003,0.5049,0.0752,0.0611,3.2523,-0.3193,-0.9346,-1.9349,0.0796,-2.0630,0.2949
1.0200,dirt,0.715,0.400,0.5910,0.5197,0.1187,0.0795,-0.9236,0.2800,-1.1344,-1.9039,-0.2928,-2.0759,0.2917
1.0320,dirt,0.715,0.400,0.5814,0.4339,0.1879,0.0745,0.6423,-2.7238,-1.8254,-1.2971,-0.5713,-1.8264,0.2883
1.0440,dirt,0.715,0.400,0.5714,0.4487,0.1661,0.0697,0.2589,-1.0892,-1.9729,-1.4913,-0.7502,-1.5297,0.2835
1.0560,dirt,0.715,0.400,0.5611,0.5619,0.1131,0.0782,1.1315,-0.6557,-1.9618,-1.7153,-0.6247,-1.7609,0.2785
1.0680,dirt,0.715,0.400,0.5504,0.5613,0.0093,0.0795,0.7045,-0.1668,-1.8931,-1.9455,-0.6425,-2.1555,0.2740
1.0800,dirt,0.715,0.400,0.5394,0.5723,0.0967,0.0894,-0.6752,0.7544,-1.4107,-1.9883,-0.9012,-1.8779,0.2691
1.0920,dirt,0.715,0.400,0.5280,0.5711,0.0371,0.0872,-0.9459,1.0947,-1.4749,-1.9790,-0.9682,-1.9896,0.2638
1.1040,dirt,0.715,0.400,0.5163,0.7021,0.0589,0.0869,2.9829,-0.7315,-1.6861,-1.8701,-1.1306,-2.0808,0.2582
1.1160,dirt,0.715,0.400,0.5042,0.6395,0.0156,0.0844,1.3132,1.0616,-1.7424,-1.7858,-1.3165,-2.2117,0.2531
1.1280,dirt,0.715,0.400,0.4919,0.6442,0.1243,0.0889,2.8921,-0.6192,-1.8082,-1.9271,-1.3188,-2.0652,0.2479
1.1400,dirt,0.715,0.400,0.4792,0.6673,0.0899,0.0896,2.5197,0.8910,-1.9199,-2.0419,-1.1789,-2.3779,0.2421
1.1520,dirt,0.715,0.400,0.4662,0.7635,0.1419,0.0889,1.6555,0.6638,-2.3182,-1.9460,-1.3899,-1.9834,0.2348
1.1640,dirt,0.715,0.400,0.4529,0.8140,0.1101,0.0857,2.4982,0.6862,-2.1394,-1.9511,-1.5361,-2.5927,0.2273
1.1760,dirt,0.715,0.400,0.4394,0.7690,0.1457,0.0800,3.4306,1.2721,-2.1874,-2.2491,-1.3816,-2.4768,0.2214
1.1880,dirt,0.715,0.400,0.4256,0.8080,0.1535,0.0788,1.7419,-1.5193,-2.3429,-2.1357,-1.4925,-2.4852,0.2164
1.2000,dirt,0.715,0.400,0.4114,0.7812,0.1497,0.0825,1.4633,1.8683,-2.3723,-2.5289,-1.7481,-2.3382,0.2104
1.2120,dirt,0.715,0.400,0.3971,0.9724,0.0378,0.0866,0.4223,0.6668,-2.2364,-2.9188,-1.5920,-2.5693,0.2035
1.2240,dirt,0.715,0.400,0.3825,0.9052,0.1607,0.0852,3.7883,0.7190,-2.3329,-2.9681,-1.8757,-2.3118,0.1968
1.2360,dirt,0.715,0.400,0.3676,0.8462,0.1638,0.0862,3.0981,0.4713,-2.5168,-3.0205,-1.8744,-2.8502,0.1885
1.2480,dirt,0.715,0.400,0.3525,0.8872,0.1705,0.0798,2.8591,-1.1763,-2.4159,-3.2793,-2.0645,-2.6611,0.1807
1.2600,dirt,0.715,0.400,0.3372,1.0289,0.0671,0.0775,4.1946,-1.1686,-2.5505,-3.5177,-2.1585,-2.6025,0.1737
1.2720,dirt,0.715,0.400,0.3217,1.0307,0.1032,0.0764,3.7909,-0.8882,-2.4625,-3.8646,-2.5020,-2.3954,0.1672
1.2840,dirt,0.715,0.400,0.3060,1.0820,0.1943,0.0774,2.0323,0.8339,-2.9080,-3.7679,-2.5807,-2.3248,0.1614
1.2960,dirt,0.715,0.400,0.2901,1.0616,0.1888,0.0779,1.7097,-0.1870,-3.1382,-3.6285,-2.1509,-2.6974,0.1542
1.3080,dirt,0.715,0.400,0.2740,1.0590,0.2106,0.0812,3.8080,0.6661,-3.1049,-3.4824,-2.3878,-2.8058,0.1450
1.3200,dirt,0.715,0.400,0.2577,1.1254,0.1159,0.0832,3.4374,-0.3507,-2.9796,-3.7183,-2.4487,-2.9861,0.1356
1.3320,dirt,0.715,0.400,0.2413,1.1465,0.1794,0.0818,2.6803,0.7787,-3.3396,-3.6047,-2.6125,-2.9915,0.1288
1.3440,dirt,0.715,0.400,0.2247,1.1541,0.1010,0.0836,1.5937,-0.3378,-3.5922,-3.4679,-2.3042,-3.3979,0.1232
1.3560,dirt,0.715,0.400,0.2079,1.2369,0.1667,0.0871,1.2604,-0.7236,-3.2498,-3.7132,-3.0160,-3.2487,0.1147
1.3680,dirt,0.715,0.400,0.1911,1.3384,0.1025,0.0837,3.2361,-0.0315,-3.5770,-3.6530,-2.6207,-3.5761,0.1039
1.3800,dirt,0.715,0.400,0.1741,1.2843,0.1477,0.0812,3.6229,0.0419,-3.4308,-3.9529,-2.7468,-3.3187,0.0951
1.3920,dirt,0.715,0.400,0.1570,1.2193,0.2725,0.0760,2.4585,0.5269,-3.6042,-4.1370,-2.9420,-3.5631,0.0892
1.4040,dirt,0.715,0.400,0.1398,1.4458,0.1492,0.0718,2.2693,0.3129,-3.7036,-4.3366,-2.9327,-3.8471,0.0805
1.4160,dirt,0.715,0.400,0.1225,1.4721,0.1127,0.0677,1.2748,0.5467,-4.0300,-4.1430,-3.0804,-3.9038,0.0705
1.4280,dirt,0.715,0.400,0.1052,1.4717,0.1813,0.0700,2.6462,-0.7511,-4.0385,-4.2353,-3.1416,-3.6554,0.0599
1.4400,dirt,0.715,0.400,0.0877,1.4565,0.1190,0.0699,2.1491,0.1004,-4.4272,-4.3059,-3.1451,-3.6521,0.0532
1.4520,dirt,0.715,0.400,0.0703,1.5070,0.0598,0.0727,2.7916,-0.3559,-4.5699,-4.2890,-3.2503,-3.6745,0.0471
1.4640,dirt,0.715,0.400,0.0527,1.5553,0.0458,0.0771,1.6811,0.6151,-4.6615,-4.2101,-3.5112,-3.9451,0.0347
1.4760,dirt,0.715,0.400,0.0352,1.6014,0.1073,0.0742,3.6889,-0.5633,-4.3065,-4.3688,-3.4736,-4.0758,0.0243
1.4880,dirt,0.715,0.400,0.0176,1.6534,0.0962,0.0569,2.8103,-0.3551,-4.1274,-4.5930,-3.4884,-4.1132,0.0165
1.5000,dirt,0.715,0.400,0.0000,1.6678,0.0781,0.0538,2.9429,-0.6505,-4.1714,-4.7449,-3.5225,-4.2187,0.0105
1.5120,dirt,0.715,0.400,-0.0176,1.6089,0.0451,0.0530,2.9550,-0.2520,-4.3407,-4.5493,-3.8275,-4.4588,0.0045
1.5240,dirt,0.715,0.400,-0.0352,1.7057,0.0366,0.0537,2.9753,-0.3392,-4.4610,-4.5403,-3.8660,-4.5022,-0.0086
1.5360,dirt,0.715,0.400,-0.0527,1.7008,0.0266,0.0487,2.7640,-0.7095,-4.3492,-4.9110,-3.8800,-4.2509,-0.0203
1.5480,dirt,0.715,0.400,-0.0703,1.6719,0.0653,0.0347,2.4245,-0.6409,-4.6617,-4.9548,-3.8491,-4.3460,-0.0264
1.5600,dirt,0.715,0.400,-0.0877,1.8685,0.0527,0.0373,2.3863,-0.4627,-4.8831,-4.9975,-4.0516,-4.4349,-0.0328
1.5720,dirt,0.715,0.400,-0.1052,1.8165,-0.0141,0.0360,3.0057,-0.4752,-4.7299,-4.9200,-4.1853,-4.4438,-0.0429
1.5840,dirt,0.715,0.400,-0.1225,1.8243,0.0486,0.0313,2.4400,0.4405,-4.8378,-5.0963,-4.1922,-4.4305,-0.0533
1.5960,dirt,0.715,0.400,-0.1398,1.9537,0.1119,0.0267,2.3948,-0.4161,-4.9259,-5.2927,-4.1164,-4.7440,-0.0621
1.6080,dirt,0.715,0.400,-0.1570,1.9253,0.0895,0.0147,2.4665,-0.3406,-4.8152,-5.4358,-4.3750,-4.7926,-0.0715
1.6200,dirt,0.715,0.400,-0.1741,1.9329,0.0873,0.0092,2.3315,-0.2378,-4.8252,-5.5091,-4.4411,-4.7205,-0.0788
1.6320,dirt,0.715,0.400,-0.1911,2.0379,0.0267,0.0058,1.9819,-0.5469,-4.9774,-5.4969,-4.4014,-4.8522,-0.0862
1.6440,dirt,0.715,0.400,-0.2079,2.0473,-0.1048,0.0054,2.0097,-0.1582,-5.1147,-5.4461,-4.5380,-4.9490,-0.0949
1.6560,dirt,0.715,0.400,-0.2247,2.1450,0.0065,0.0002,2.7463,-0.8043,-5.0410,-5.5000,-4.7390,-4.8854,-0.1038
1.6680,dirt,0.715,0.400,-0.2413,1.9687,0.0041,-0.0094,2.7647,-0.6663,-5.2228,-5.5280,-4.6796,-4.8984,-0.1121
1.6800,dirt,0.715,0.400,-0.2577,2.0824,-0.0612,-0.0108,2.2430,-0.5976,-5.3724,-5.3939,-4.6695,-5.0614,-0.1192
1.6920,dirt,0.715,0.400,-0.2740,2.1214,-0.0559,-0.0172,2.0973,-0.7948,-5.2333,-5.5432,-4.8427,-5.1646,-0.1276
1.7040,dirt,0.715,0.400,-0.2901,2.0961,-0.0662,-0.0205,2.4147,-0.5908,-5.2924,-5.5397,-4.9090,-5.1386,-0.1365
1.7160,dirt,0.715,0.400,-0.3060,2.2330,-0.0403,-0.0266,2.5611,-0.6580,-5.5009,-5.4427,-4.9025,-5.2977,-0.1445
1.7280,dirt,0.715,0.400,-0.3217,2.1887,-0.0769,-0.0387,2.1148,-0.8963,-5.3122,-5.7093,-5.0492,-5.3912,-0.1522
1.7400,dirt,0.715,0.400,-0.3372,2.2307,-0.0486,-0.0437,2.0914,-1.0617,-5.5118,-5.6235,-5.1211,-5.3199,-0.1593
1.7520,dirt,0.715,0.400,-0.3525,2.2420,-0.0900,-0.0445,1.9617,-0.7681,-5.6944,-5.5280,-5.1235,-5.4646,-0.1662
1.7640,dirt,0.715,0.400,-0.3676,2.2940,-0.0834,-0.0480,2.0087,-0.8446,-5.5716,-5.7426,-5.2512,-5.5701,-0.1746
1.7760,dirt,0.715,0.400,-0.3825,2.2452,-0.0650,-0.0542,2.1643,-1.6186,-5.7539,-5.7185,-5.2042,-5.6835,-0.1822
1.7880,dirt,0.715,0.400,-0.3971,2.2356,-0.1223,-0.0651,2.0754,-0.5305,-5.7668,-5.7609,-5.4287,-5.4915,-0.1884
1.8000,dirt,0.715,0.400,-0.4114,2.3881,-0.1388,-0.0668,1.5342,-1.0675,-5.7905,-5.9086,-5.4130,-5.5784,-0.1978
1.8120,dirt,0.715,0.400,-0.4256,2.4060,-0.0453,-0.0705,1.5417,-0.8127,-5.9952,-5.8126,-5.3360,-5.6130,-0.2044
1.8240,dirt,0.715,0.400,-0.4394,2.4204,-0.0736,-0.0736,2.0522,-1.0295,-5.9641,-5.8289,-5.5950,-5.5453,-0.2092
1.8360,dirt,0.715,0.400,-0.4529,2.5238,-0.1836,-0.0779,2.5637,-1.3502,-6.0457,-5.8757,-5.6524,-5.6065,-0.2183
1.8480,dirt,0.715,0.400,-0.4662,2.3506,-0.1879,-0.0902,1.7551,-0.8409,-6.1491,-5.9937,-5.6010,-5.6670,-0.2257
1.8600,dirt,0.715,0.400,-0.4792,2.4145,-0.0920,-0.0950,1.7440,-0.7547,-6.0867,-6.2346,-5.7429,-5.5822,-0.2317
1.8720,dirt,0.715,0.400,-0.4919,2.4987,-0.2416,-0.1028,1.5890,-1.1133,-6.1363,-6.3142,-5.6241,-5.8153,-0.2365
1.8840,dirt,0.715,0.400,-0.5042,2.5218,-0.1027,-0.1040,1.7254,-1.2091,-6.3973,-6.1567,-5.7447,-5.7424,-0.2422
1.8960,dirt,0.715,0.400,-0.5163,2.5021,-0.1057,-0.1047,1.6464,-1.6886,-6.3619,-6.1478,-5.9191,-5.8123,-0.2477
1.9080,dirt,0.715,0.400,-0.5280,2.5555,-0.1184,-0.1120,1.2739,-1.0410,-6.4196,-6.2972,-5.7644,-5.9736,-0.2545
1.9200,dirt,0.715,0.400,-0.5394,2.6123,-0.2210,-0.1193,1.3872,-0.9578,-6.3796,-6.3522,-6.0500,-5.7873,-0.2613
1.9320,dirt,0.715,0.400,-0.5504,2.5197,-0.2764,-0.1243,1.3425,-0.9106,-6.5442,-6.3863,-5.9984,-5.9367,-0.2660
1.9440,dirt,0.715,0.400,-0.5611,2.5671,-0.2128,-0.1286,1.2810,-1.2056,-6.5178,-6.4742,-5.9912,-5.9793,-0.2701
1.9560,dirt,0.715,0.400,-0.5714,2.5022,-0.2104,-0.1318,1.4063,-0.8529,-6.5293,-6.4979,-6.1616,-5.9104,-0.2761
1.9680,dirt,0.715,0.400,-0.5814,2.5616,-0.2248,-0.1413,1.0922,-1.6448,-6.6457,-6.4319,-6.0695,-6.1517,-0.2818
1.9800,dirt,0.715,0.400,-0.5910,2.6597,-0.1735,-0.1493,1.4462,-0.8310,-6.6805,-6.4638,-6.2615,-6.0541,-0.2861
1.9920,dirt,0.715,0.400,-0.6003,2.6582,-0.2222,-0.1554,1.5872,-1.2291,-6.8234,-6.4734,-6.2479,-6.0548,-0.2898
2.0040,dirt,0.715,0.400,-0.6091,2.7650,-0.2536,-0.1558,1.6660,-1.2830,-6.8575,-6.4063,-6.2911,-6.1637,-0.2941
2.0160,dirt,0.715,0.400,-0.6176,2.6552,-0.3482,-0.1631,1.5668,-0.9675,-6.9666,-6.3807,-6.5024,-6.0450,-0.2990
2.0280,dirt,0.715,0.400,-0.6257,2.7108,-0.3155,-0.1719,1.6092,-1.2002,-7.0478,-6.3465,-6.3953,-6.2190,-0.3035
2.0400,dirt,0.715,0.400,-0.6334,2.7750,-0.2971,-0.1788,1.5577,-1.1412,-6.9803,-6.5015,-6.5803,-6.1832,-0.3076
2.0520,dirt,0.715,0.400,-0.6407,2.7019,-0.3150,-0.1877,1.7395,-0.9841,-7.0936,-6.5421,-6.6076,-6.1723,-0.3114
2.0640,dirt,0.715,0.400,-0.6476,2.7710,-0.3825,-0.1937,1.2389,-1.4962,-7.0907,-6.6088,-6.6361,-6.3991,-0.3150
2.0760,dirt,0.715,0.400,-0.6540,2.7996,-0.3451,-0.1992,1.5099,-1.0814,-7.1470,-6.5914,-6.8224,-6.2100,-0.3175
2.0880,dirt,0.715,0.400,-0.6601,2.7272,-0.3291,-0.2047,1.7806,-1.0329,-7.2560,-6.6620,-6.7888,-6.3235,-0.3199
2.1000,dirt,0.715,0.400,-0.6657,2.9000,-0.2424,-0.2116,0.8477,-0.4558,-7.2132,-6.9150,-6.8833,-6.4221,-0.3247
2.1120,dirt,0.715,0.400,-0.6710,2.8058,-0.3181,-0.2203,1.5847,-1.2130,-7.2615,-6.8798,-6.8452,-6.3784,-0.3278
2.1240,dirt,0.715,0.400,-0.6758,2.8258,-0.2965,-0.2221,1.0888,-1.0295,-7.4789,-6.7324,-7.0425,-6.4666,-0.3283
2.1360,dirt,0.715,0.400,-0.6801,2.9249,-0.2862,-0.2282,1.7274,-1.1843,-7.4045,-6.8983,-7.0397,-6.3440,-0.3297
2.1480,dirt,0.715,0.400,-0.6841,2.8794,-0.4248,-0.2337,1.0970,-0.7112,-7.4841,-6.9424,-7.1425,-6.4057,-0.3327
2.1600,dirt,0.715,0.400,-0.6876,2.9528,-0.3218,-0.2364,1.4765,-1.1156,-7.5710,-6.7985,-7.1055,-6.5251,-0.3351
2.1720,dirt,0.715,0.400,-0.6907,2.9328,-0.3516,-0.2420,1.3475,-0.4696,-7.6093,-6.8745,-7.2944,-6.3947,-0.3366
2.1840,dirt,0.715,0.400,-0.6933,2.9343,-0.3648,-0.2491,1.1317,-1.3207,-7.6665,-6.8840,-7.2255,-6.6712,-0.3376
2.1960,dirt,0.715,0.400,-0.6955,2.8715,-0.2423,-0.2517,1.3335,-0.9932,-7.6858,-6.9897,-7.2981,-6.5590,-0.3387
2.2080,dirt,0.715,0.400,-0.6973,2.9938,-0.3237,-0.2614,1.1851,-1.5058,-7.6345,-7.0432,-7.3294,-6.6709,-0.3396
2.2200,dirt,0.715,0.400,-0.6986,3.1085,-0.3410,-0.2642,1.5793,-1.4658,-7.6706,-7.0943,-7.4017,-6.6040,-0.3405
2.2320,dirt,0.715,0.400,-0.6995,3.0451,-0.4069,-0.2690,1.1069,-0.9769,-7.8136,-7.2322,-7.5100,-6.4831,-0.3412
2.2440,dirt,0.715,0.400,-0.6999,3.1009,-0.3884,-0.2698,1.6045,-1.0576,-7.9367,-7.1567,-7.4558,-6.7115,-0.3410
2.2560,dirt,0.715,0.400,-0.6999,3.0474,-0.3905,-0.2721,1.6701,-0.9164,-7.8811,-7.1579,-7.5168,-6.6340,-0.3412
2.2680,dirt,0.715,0.400,-0.6995,3.0769,-0.4333,-0.2795,1.1918,-0.6888,-7.9158,-7.2762,-7.5021,-6.8456,-0.3420
2.2800,dirt,0.715,0.400,-0.6986,3.1252,-0.3945,-0.2845,1.4666,-0.7769,-7.9418,-7.2707,-7.6383,-6.7355,-0.3415
2.2920,dirt,0.715,0.400,-0.6973,3.0972,-0.3850,-0.2858,0.9464,-1.1155,-8.0731,-7.2983,-7.6120,-6.8426,-0.3406
2.3040,dirt,0.715,0.400,-0.6955,3.0748,-0.3285,-0.2867,1.3310,-1.3073,-7.9873,-7.4508,-7.6465,-6.8862,-0.3398
2.3160,dirt,0.715,0.400,-0.6933,3.1468,-0.4336,-0.2920,1.2029,-1.3212,-8.0211,-7.5945,-7.7516,-6.6962,-0.3395
2.3280,dirt,0.715,0.400,-0.6907,3.1952,-0.4213,-0.2934,1.4016,-0.9324,-8.1151,-7.5316,-7.7388,-6.8839,-0.3380
2.3400,dirt,0.715,0.400,-0.6876,3.1929,-0.3656,-0.2955,1.6760,-1.0159,-8.1699,-7.4483,-7.8192,-6.8128,-0.3364
2.3520,dirt,0.715,0.400,-0.6841,3.2469,-0.4144,-0.3002,1.1578,-1.3549,-8.1958,-7.5351,-7.7588,-7.0368,-0.3353
2.3640,dirt,0.715,0.400,-0.6801,3.1298,-0.3218,-0.3003,1.0764,-1.1831,-8.2617,-7.6041,-7.8156,-7.0714,-0.3339
2.3760,dirt,0.715,0.400,-0.6758,3.2852,-0.3940,-0.3028,1.3086,-0.7937,-8.1820,-7.6606,-7.9030,-6.9581,-0.3318
2.3880,dirt,0.715,0.400,-0.6710,3.2878,-0.3739,-0.3082,0.8250,-0.8976,-8.2662,-7.6355,-8.1842,-6.8887,-0.3288
2.4000,dirt,0.715,0.400,-0.6657,3.2666,-0.2975,-0.3112,1.2946,-1.0514,-8.2707,-7.5866,-8.4632,-6.8354,-0.3266
2.4120,dirt,0.715,0.400,-0.6601,3.2609,-0.3739,-0.3165,1.6667,-0.9740,-8.3240,-7.5207,-8.3392,-6.9632,-0.3246
2.4240,dirt,0.715,0.400,-0.6540,3.3945,-0.3545,-0.3205,1.2866,-0.1759,-8.3117,-7.5366,-8.6557,-6.8159,-0.3224
2.4360,dirt,0.715,0.400,-0.6476,3.3266,-0.4597,-0.3264,0.8885,-0.4153,-8.4073,-7.5840,-8.7333,-6.9605,-0.3196
2.4480,dirt,0.715,0.400,-0.6407,3.4047,-0.3455,-0.3382,1.6355,-0.8732,-8.2792,-7.7262,-8.6392,-7.0306,-0.3164
2.4600,dirt,0.715,0.400,-0.6334,3.3444,-0.3253,-0.3404,0.7434,-0.3322,-8.3011,-7.7645,-9.3119,-6.8906,-0.3121
2.4720,dirt,0.715,0.400,-0.6257,3.4018,-0.4569,-0.3376,0.6840,-0.7788,-8.1969,-7.7777,-9.9923,-6.7608,-0.3079
2.4840,dirt,0.715,0.400,-0.6176,3.3676,-0.3073,-0.3348,0.0368,-0.2184,-8.1774,-7.7381,-10.5454,-6.7496,-0.3049
2.4960,dirt,0.715,0.400,-0.6091,3.2785,-0.3412,-0.3329,0.0494,-0.4140,-8.1024,-7.7603,-11.0081,-6.8013,-0.3012
2.5080,dirt,0.715,0.400,-0.6003,3.3409,-0.3265,-0.3339,2.3139,-0.8071,-8.0936,-7.8052,-9.7095,-7.3454,-0.2962
2.5200,dirt,0.715,0.400,-0.5910,3.2742,-0.3243,-0.3104,2.5448,-5.9615,-8.2046,-8.1393,-8.8383,-7.7870,-0.2918
2.5320,dirt,0.715,0.400,-0.5814,3.3117,-0.4206,-0.2562,0.2869,-4.8748,-8.1276,-8.5943,-8.1987,-8.1741,-0.2875
2.5440,dirt,0.715,0.400,-0.5714,3.3579,-0.3891,-0.2307,-0.5110,-3.9656,-8.0138,-8.8959,-7.8995,-8.4586,-0.2821
2.5560,dirt,0.715,0.400,-0.5611,3.3643,-0.5480,-0.2087,-0.2586,-2.6527,-7.8979,-9.1301,-7.4466,-8.6834,-0.2760
2.5680,dirt,0.715,0.400,-0.5504,3.4046,-0.5071,-0.1756,1.2520,-2.2950,-7.8867,-9.2825,-7.6368,-8.7346,-0.2699
2.5800,dirt,0.715,0.400,-0.5394,3.3353,-0.4779,-0.1677,-1.4039,-1.9162,-7.8790,-9.2674,-7.5253,-9.1411,-0.2638
2.5920,dirt,0.715,0.400,-0.5280,3.3819,-0.4451,-0.1568,-1.6678,-1.4624,-7.8924,-9.0837,-7.8945,-9.5146,-0.2585
2.6040,dirt,0.715,0.400,-0.5163,3.4415,-0.5559,-0.1484,-0.1243,-1.4161,-8.1048,-8.9634,-8.2818,-6.9338,-0.2539
2.6160,dirt,0.715,0.400,-0.5042,3.4381,-0.4744,-0.1679,0.3290,2.7223,-8.4453,-8.8867,-8.2424,-6.7023,-0.2485
2.6280,dirt,0.715,0.400,-0.4919,3.3615,-0.5493,-0.2132,2.0531,-0.4921,-8.4560,-8.9811,-8.0265,-6.8492,-0.2438
2.6400,dirt,0.715,0.400,-0.4792,3.4571,-0.5379,-0.2158,2.9140,-0.6170,-8.7589,-8.7071,-8.1234,-6.8279,-0.2391
2.6520,dirt,0.715,0.400,-0.4662,3.4019,-0.5558,-0.2285,0.0882,-0.3882,-8.8036,-8.6780,-8.0275,-6.7977,-0.2329
2.6640,dirt,0.715,0.400,-0.4529,3.4707,-0.5292,-0.2337,2.8363,-1.2806,-8.8497,-8.3495,-8.1522,-7.1056,-0.2265
2.6760,dirt,0.715,0.400,-0.4394,3.5523,-0.5100,-0.2357,1.6329,-1.3316,-8.9091,-7.9538,-8.1428,-7.1621,-0.2196
2.6880,dirt,0.715,0.400,-0.4256,3.6366,-0.5866,-0.2312,1.5603,-0.4868,-9.0603,-7.6545,-8.3432,-7.1698,-0.2144
2.7000,dirt,0.715,0.400,-0.4114,3.5916,-0.5806,-0.2352,1.5915,-0.8158,-8.8891,-7.8251,-8.4609,-7.1713,-0.2101
2.7120,dirt,0.715,0.400,-0.3971,3.6159,-0.5053,-0.2365,1.0698,-0.3582,-8.8382,-7.9361,-8.5592,-7.1901,-0.2040
2.7240,dirt,0.715,0.400,-0.3825,3.6610,-0.4872,-0.2376,1.0900,-0.2780,-8.7610,-8.0869,-8.7102,-7.3432,-0.1939
2.7360,dirt,0.715,0.400,-0.3676,3.6423,-0.4144,-0.2317,1.1742,0.1507,-8.7856,-8.0889,-8.8016,-7.3085,-0.1867
2.7480,dirt,0.715,0.400,-0.3525,3.6285,-0.4570,-0.2256,1.1283,0.2446,-8.8877,-7.9659,-8.8083,-7.4959,-0.1820
2.7600,dirt,0.715,0.400,-0.3372,3.6019,-0.4968,-0.2276,1.2911,0.6913,-8.9078,-7.9854,-8.8508,-7.5340,-0.1734
2.7720,dirt,0.715,0.400,-0.3217,3.5699,-0.3656,-0.2276,1.1009,0.5830,-8.8508,-8.1139,-8.9159,-7.5022,-0.1650
2.7840,dirt,0.715,0.400,-0.3060,3.7146,-0.4070,-0.2209,0.7103,0.4191,-8.9115,-8.0674,-8.9289,-7.7246,-0.1573
2.7960,dirt,0.715,0.400,-0.2901,3.6519,-0.3195,-0.2181,0.6847,0.9750,-8.8459,-8.1172,-8.9987,-7.6828,-0.1489
2.8080,dirt,0.715,0.400,-0.2740,3.7541,-0.4509,-0.2129,1.1723,0.4395,-8.8540,-8.1426,-8.9487,-7.8857,-0.1415
2.8200,dirt,0.715,0.400,-0.2577,3.7421,-0.3548,-0.2139,0.8048,0.2123,-8.8455,-8.2848,-8.9351,-7.9280,-0.1340
2.8320,dirt,0.715,0.400,-0.2413,3.7559,-0.3207,-0.2134,0.6561,0.5287,-8.8857,-8.3692,-8.9414,-7.9782,-0.1256
2.8440,dirt,0.715,0.400,-0.2247,3.7276,-0.2814,-0.2098,1.0069,0.1178,-8.9507,-8.4386,-8.8780,-7.9954,-0.1179
2.8560,dirt,0.715,0.400,-0.2079,3.7248,-0.3274,-0.2057,0.8078,0.9245,-9.0172,-8.4750,-8.8832,-8.0493,-0.1104
2.8680,dirt,0.715,0.400,-0.1911,3.7632,-0.2601,-0.1993,0.9323,0.3749,-9.0356,-8.5645,-8.8686,-8.1749,-0.1019
2.8800,dirt,0.715,0.400,-0.1741,3.7328,-0.2885,-0.1987,1.0082,0.4572,-8.8564,-8.6963,-8.9482,-8.3046,-0.0927
2.8920,dirt,0.715,0.400,-0.1570,3.7339,-0.2713,-0.1957,1.5711,0.4167,-8.9229,-8.7096,-8.9813,-8.3588,-0.0843
2.9040,dirt,0.715,0.400,-0.1398,3.8672,-0.2997,-0.1917,0.9888,0.2095,-8.9356,-8.8067,-8.9333,-8.4680,-0.0759
2.9160,dirt,0.715,0.400,-0.1225,3.8236,-0.2782,-0.1859,0.9038,0.6083,-8.9752,-8.8190,-8.8974,-8.3996,-0.0682
2.9280,dirt,0.715,0.400,-0.1052,3.8331,-0.1724,-0.1770,1.1345,-0.0705,-8.8977,-8.9675,-8.8908,-8.4359,-0.0582
2.9400,dirt,0.715,0.400,-0.0877,3.8421,-0.1594,-0.1728,1.1306,0.0085,-8.8732,-8.9788,-8.9229,-8.4339,-0.0491
2.9520,dirt,0.715,0.400,-0.0703,3.8614,-0.1969,-0.1627,1.1183,0.1045,-8.9656,-9.0211,-8.9266,-8.4594,-0.0402
2.9640,dirt,0.715,0.400,-0.0527,3.9007,-0.1325,-0.1588,1.0809,0.5883,-9.0558,-9.0579,-8.9437,-8.3621,-0.0311
2.9760,dirt,0.715,0.400,-0.0352,3.9125,-0.1735,-0.1518,0.9898,-0.0099,-8.9926,-9.0992,-8.9858,-8.4075,-0.0218
2.9880,dirt,0.715,0.400,-0.0176,3.7883,-0.1586,-0.1357,1.3616,0.2879,-8.9832,-9.0617,-8.9557,-8.5856,-0.0132
3.0000,dirt,0.715,0.400,0.0000,3.9365,-0.1079,-0.1322,1.2150,0.6926,-8.9592,-9.0050,-9.0022,-8.6271,-0.0056
3.0120,dirt,0.715,0.400,0.0176,3.8663,-0.1540,-0.1251,1.0823,0.2742,-8.8954,-9.0337,-9.0281,-8.7059,0.0051
3.0240,dirt,0.715,0.400,0.0352,3.9092,-0.1218,-0.1186,1.0592,0.0741,-8.9416,-9.0377,-8.9627,-8.6923,0.0145
3.0360,dirt,0.715,0.400,0.0527,3.8846,-0.1735,-0.1080,0.9039,0.9171,-9.0301,-9.0873,-8.9712,-8.7627,0.0224
3.0480,dirt,0.715,0.400,0.0703,3.9856,-0.1441,-0.0915,1.0324,0.7301,-9.0425,-9.0794,-9.0233,-8.5889,0.0309
3.0600,dirt,0.715,0.400,0.0877,3.9088,-0.0526,-0.0833,1.0463,0.3916,-9.0176,-9.1031,-8.9805,-8.5911,0.0407
3.0720,dirt,0.715,0.400,0.1052,3.9100,-0.0903,-0.0720,1.0706,0.7609,-9.0765,-9.0560,-8.9272,-8.6486,0.0489
3.0840,dirt,0.715,0.400,0.1225,3.9940,0.0460,-0.0654,0.6504,0.9082,-9.0095,-9.1269,-8.9396,-8.6963,0.0577
3.0960,dirt,0.715,0.400,0.1398,3.9668,-0.0717,-0.0560,1.2789,1.0529,-8.9802,-9.1150,-8.9751,-8.8268,0.0645
3.1080,dirt,0.715,0.400,0.1570,3.9522,-0.0417,-0.0407,0.6929,0.4183,-8.9211,-9.2538,-8.8938,-8.8820,0.0726
3.1200,dirt,0.715,0.400,0.1741,4.1047,-0.0634,-0.0288,0.7154,1.0185,-9.0655,-9.2148,-8.9302,-8.9071,0.0814
3.1320,dirt,0.715,0.400,0.1911,3.9578,0.0139,-0.0211,0.7553,0.7130,-8.9968,-9.2236,-8.9011,-8.8697,0.0934
3.1440,dirt,0.715,0.400,0.2079,3.9775,0.0065,-0.0120,1.0129,0.4605,-8.9879,-9.3311,-8.9336,-8.7980,0.1014
3.1560,dirt,0.715,0.400,0.2247,4.0270,0.0209,-0.0043,0.9145,0.9555,-9.0845,-9.1899,-8.8947,-8.9151,0.1059
3.1680,dirt,0.715,0.400,0.2413,4.0560,-0.0453,0.0156,1.2515,1.0913,-9.0711,-9.2110,-8.9022,-8.9052,0.1116
3.1800,dirt,0.715,0.400,0.2577,4.0594,-0.0308,0.0219,0.7562,0.8391,-9.0312,-9.2248,-8.9555,-8.9517,0.1230
3.1920,dirt,0.715,0.400,0.2740,4.0719,0.0580,0.0321,0.7414,0.9884,-8.8969,-9.3815,-9.0379,-8.9899,0.1317
3.2040,dirt,0.715,0.400,0.2901,4.0365,0.0162,0.0356,0.5266,0.6061,-8.8373,-9.4725,-9.0642,-9.0202,0.1388
3.2160,dirt,0.715,0.400,0.3060,4.0455,-0.0542,0.0443,0.7154,1.2488,-9.0028,-9.3243,-9.0539,-9.1462,0.1466
3.2280,dirt,0.715,0.400,0.3217,4.0191,0.1142,0.0630,0.7908,1.1698,-9.0203,-9.3666,-9.0213,-9.0906,0.1545
3.2400,dirt,0.715,0.400,0.3372,4.1299,0.0784,0.0684,0.6667,1.2975,-9.0310,-9.4237,-9.0486,-9.0778,0.1626
3.2520,dirt,0.715,0.400,0.3525,4.0693,0.0548,0.0788,0.5210,1.4039,-9.0227,-9.3999,-8.9656,-9.1628,0.1706
3.2640,dirt,0.715,0.400,0.3676,4.1106,0.0719,0.0845,0.4415,1.0001,-9.0527,-9.4191,-8.9848,-9.2173,0.1775
3.2760,dirt,0.715,0.400,0.3825,4.0967,0.1733,0.0918,0.9189,1.9791,-8.9655,-9.4904,-9.0369,-9.2880,0.1869
3.2880,dirt,0.715,0.400,0.3971,4.0649,0.1989,0.1092,0.5354,1.2294,-8.9692,-9.4441,-9.0570,-9.3140,0.1933
3.3000,dirt,0.715,0.400,0.4114,4.1229,0.0920,0.1191,0.2624,1.6062,-8.9874,-9.4554,-9.0236,-9.4001,0.1992
3.3120,dirt,0.715,0.400,0.4256,4.0447,0.1703,0.1297,0.5082,0.9057,-8.9850,-9.3989,-9.0030,-9.4218,0.2047
3.3240,dirt,0.715,0.400,0.4394,4.1615,0.1468,0.1338,0.4115,1.1758,-8.9556,-9.4975,-9.0501,-9.3378,0.2118
3.3360,dirt,0.715,0.400,0.4529,4.1174,0.1693,0.1395,0.4507,1.3056,-8.8472,-9.6635,-8.9598,-9.4176,0.2181
3.3480,dirt,0.715,0.400,0.4662,4.1274,0.1101,0.1518,0.3331,1.5998,-8.8999,-9.6858,-8.9278,-9.4097,0.2243
3.3600,dirt,0.715,0.400,0.4792,4.1402,0.2017,0.1554,0.3023,1.4492,-8.8802,-9.7652,-8.9207,-9.4533,0.2326
3.3720,dirt,0.715,0.400,0.4919,4.1389,0.2448,0.1665,0.3044,1.0451,-8.9932,-9.7496,-8.9982,-9.5318,0.2391
3.3840,dirt,0.715,0.400,0.5042,4.1124,0.2382,0.1727,0.3503,1.2341,-9.0845,-9.6876,-9.0415,-9.4887,0.2435
3.3960,dirt,0.715,0.400,0.5163,4.1338,0.1062,0.1793,-0.0130,0.9414,-9.0727,-9.7220,-9.0307,-9.5332,0.2492
3.4080,dirt,0.715,0.400,0.5280,4.2686,0.1490,0.1915,0.5906,1.5139,-9.0710,-9.7700,-9.1169,-9.4939,0.2560
3.4200,dirt,0.715,0.400,0.5394,4.1844,0.1946,0.1969,0.5020,1.8773,-9.0116,-9.7433,-9.0221,-9.5326,0.2610
3.4320,dirt,0.715,0.400,0.5504,4.1831,0.1516,0.2016,0.1581,1.7989,-8.9965,-9.7747,-8.9447,-9.6602,0.2678
3.4440,dirt,0.715,0.400,0.5611,4.1935,0.2268,0.2070,0.5024,1.3433,-9.0148,-9.8386,-8.9973,-9.5191,0.2726
3.4560,dirt,0.715,0.400,0.5714,4.1852,0.2536,0.2133,0.2654,2.2820,-9.0310,-9.7826,-8.9503,-9.6415,0.2764
3.4680,dirt,0.715,0.400,0.5814,4.1372,0.2976,0.2287,0.3620,1.9279,-9.0489,-9.7611,-8.9074,-9.7402,0.2807
3.4800,dirt,0.715,0.400,0.5910,4.1971,0.1654,0.2349,0.4562,1.6057,-8.9101,-9.8753,-8.8399,-9.7457,0.2875
3.4920,dirt,0.715,0.400,0.6003,4.1849,0.2954,0.2440,0.2055,1.4222,-9.0135,-9.8527,-8.9318,-9.6326,0.2913
3.5040,dirt,0.715,0.400,0.6091,4.1806,0.3212,0.2446,0.3211,1.7340,-9.0572,-9.8542,-8.8924,-9.6177,0.2942
3.5160,dirt,0.715,0.400,0.6176,4.1996,0.2801,0.2492,0.5283,2.8073,-8.9706,-9.9239,-8.7996,-9.7324,0.2987
3.5280,dirt,0.715,0.400,0.6257,4.2067,0.3097,0.2638,0.4299,1.9478,-9.0076,-9.9117,-8.7744,-9.7860,0.3031
3.5400,dirt,0.715,0.400,0.6334,4.2618,0.3346,0.2670,0.1756,1.7430,-8.9670,-9.9182,-8.6925,-9.8856,0.3063
3.5520,dirt,0.715,0.400,0.6407,4.2360,0.2668,0.2721,0.1073,1.5864,-8.9952,-9.9561,-8.7356,-9.8810,0.3098
3.5640,dirt,0.715,0.400,0.6476,4.1867,0.2735,0.2790,0.4627,0.7236,-9.0130,-9.9522,-8.7081,-9.9834,0.3135
3.5760,dirt,0.715,0.400,0.6540,4.2788,0.2898,0.2878,0.2424,1.9208,-9.0125,-9.9483,-8.8893,-9.8069,0.3169
3.5880,dirt,0.715,0.400,0.6601,4.2962,0.3314,0.2921,0.2081,2.2109,-9.0599,-9.9621,-8.9052,-9.7912,0.3201
3.6000,dirt,0.715,0.400,0.6657,4.2593,0.3628,0.2960,0.2939,2.0273,-9.0210,-9.9919,-8.7403,-9.7839,0.3226
3.6120,dirt,0.715,0.400,0.6710,4.2335,0.3480,0.2947,-0.1915,2.8836,-9.0836,-9.9931,-8.7739,-9.8232,0.3247
3.6240,dirt,0.715,0.400,0.6758,4.2639,0.3766,0.2863,-0.0005,2.2153,-9.1264,-9.9691,-8.7263,-9.8024,0.3265
3.6360,dirt,0.715,0.400,0.6801,4.2393,0.3862,0.2867,0.1018,2.5437,-9.1480,-9.9951,-8.7218,-9.7668,0.3290
3.6480,dirt,0.715,0.400,0.6841,4.2606,0.4226,0.2868,-0.0762,2.7137,-9.1681,-9.9744,-8.7052,-9.8624,0.3312
3.6600,dirt,0.715,0.400,0.6876,4.2370,0.4172,0.2948,0.2287,1.3707,-9.2471,-9.9200,-8.7049,-9.7714,0.3329
3.6720,dirt,0.715,0.400,0.6907,4.2411,0.4714,0.3009,0.1968,1.6538,-9.2315,-9.9598,-8.7050,-9.8406,0.3339
3.6840,dirt,0.715,0.400,0.6933,4.3064,0.4134,0.3090,0.4260,1.8032,-9.2618,-9.9284,-8.6465,-9.9388,0.3349
3.6960,dirt,0.715,0.400,0.6955,4.2974,0.4076,0.3136,0.5013,1.8809,-9.2414,-9.9909,-8.7687,-9.7020,0.3359
3.7080,dirt,0.715,0.400,0.6973,4.2017,0.4590,0.3212,0.7633,1.5556,-9.2090,-10.0187,-8.8519,-9.7210,0.3368
3.7200,dirt,0.715,0.400,0.6986,4.2590,0.5460,0.3193,-0.2540,2.1298,-9.1804,-10.0688,-8.7666,-9.8421,0.3377
3.7320,dirt,0.715,0.400,0.6995,4.2509,0.5162,0.3208,-0.0955,1.7408,-9.2089,-10.1221,-8.8133,-9.7312,0.3386
3.7440,dirt,0.715,0.400,0.6999,4.2203,0.5029,0.3166,0.2284,1.9541,-9.1541,-10.1692,-8.7039,-9.8586,0.3390
3.7560,dirt,0.715,0.400,0.6999,4.2044,0.5203,0.3179,-0.0175,2.2108,-9.1183,-10.1610,-8.6779,-9.9788,0.3392
3.7680,dirt,0.715,0.400,0.6995,4.2276,0.5148,0.3260,-0.2198,1.4841,-9.1210,-10.1509,-8.6320,-10.0606,0.3395
3.7800,dirt,0.715,0.400,0.6986,4.3274,0.5113,0.3227,0.3788,2.4872,-9.1491,-10.1774,-8.6417,-9.9650,0.3393
3.7920,dirt,0.715,0.400,0.6973,4.3286,0.5463,0.3314,0.1000,1.2717,-9.1680,-10.1864,-8.6861,-9.8974,0.3387
3.8040,dirt,0.715,0.400,0.6955,4.2757,0.5509,0.3350,-0.0668,1.8318,-9.1886,-10.2067,-8.6923,-9.9808,0.3378
3.8160,dirt,0.715,0.400,0.6933,4.2832,0.4990,0.3419,0.2197,1.6176,-9.1587,-10.1837,-8.6696,-10.0538,0.3366
3.8280,dirt,0.715,0.400,0.6907,4.2792,0.5794,0.3539,-0.1456,2.1623,-9.1994,-10.1650,-8.7247,-9.9367,0.3355
3.8400,dirt,0.715,0.400,0.6876,4.2350,0.5586,0.3573,-0.3276,1.5917,-9.1795,-10.2449,-8.6266,-10.0049,0.3345
3.8520,dirt,0.715,0.400,0.6841,4.2206,0.5035,0.3605,-0.3806,2.1624,-9.1518,-10.2750,-8.6295,-10.0711,0.3331
3.8640,dirt,0.715,0.400,0.6801,4.3255,0.5397,0.3599,-0.0412,1.5418,-9.1694,-10.3318,-8.6466,-10.0154,0.3313
3.8760,dirt,0.715,0.400,0.6758,4.3829,0.4944,0.3589,0.1156,1.8554,-9.1426,-10.3372,-8.7819,-9.9775,0.3296
3.8880,dirt,0.715,0.400,0.6710,4.2023,0.5679,0.3610,0.0140,1.6628,-9.1405,-10.2956,-8.8010,-10.0842,0.3277
3.9000,dirt,0.715,0.400,0.6657,4.3306,0.5433,0.3643,-0.1400,1.7534,-9.1809,-10.2875,-8.7559,-10.0408,0.3254
3.9120,dirt,0.715,0.400,0.6601,4.3604,0.5206,0.3613,-0.0947,1.0967,-9.2085,-10.2988,-8.7328,-10.0177,0.3227
3.9240,dirt,0.715,0.400,0.6540,4.3155,0.5282,0.3616,-0.1339,1.6825,-9.2787,-10.2800,-8.6631,-10.0377,0.3201
3.9360,dirt,0.715,0.400,0.6476,4.3338,0.4205,0.3643,-0.2120,1.1278,-9.2450,-10.3243,-8.6238,-10.0251,0.3169
3.9480,dirt,0.715,0.400,0.6407,4.2753,0.5052,0.3650,0.0848,1.4297,-9.2965,-10.3119,-8.7460,-9.9775,0.3136
3.9600,dirt,0.715,0.400,0.6334,4.2986,0.5270,0.3631,0.0356,1.2622,-9.2079,-10.3483,-8.6514,-10.0674,0.3109
3.9720,dirt,0.715,0.400,0.6257,4.2629,0.4814,0.3655,-0.0872,1.7789,-9.2296,-10.3343,-8.7737,-10.0144,0.3076
3.9840,dirt,0.715,0.400,0.6176,4.2977,0.4531,0.3665,0.1633,0.9744,-9.2690,-10.3151,-8.6989,-10.0472,0.3035
3.9960,dirt,0.715,0.400,0.6091,4.2692,0.4246,0.3705,0.2174,1.8079,-9.2899,-10.2671,-8.7095,-10.0839,0.2994
4.0080,dirt,0.715,0.400,0.6003,4.3249,0.5571,0.3672,-0.2871,1.8400,-9.2929,-10.2740,-8.7244,-10.1010,0.2955
4.0200,dirt,0.715,0.400,0.5910,4.4482,0.5786,0.3651,0.0514,1.0313,-9.2840,-10.3070,-8.6614,-10.1009,0.2913
4.0320,dirt,0.715,0.400,0.5814,4.2715,0.5034,0.3653,-0.2286,0.9780,-9.2671,-10.3056,-8.7299,-10.1300,0.2867
4.0440,dirt,0.715,0.400,0.5714,4.2958,0.4910,0.3614,0.1362,1.6872,-9.2568,-10.3060,-8.6933,-10.1421,0.2825
4.0560,dirt,0.715,0.400,0.5611,4.3156,0.5797,0.3635,-0.0142,1.7101,-9.2789,-10.2914,-8.8068,-10.0895,0.2778
4.0680,dirt,0.715,0.400,0.5504,4.3762,0.5218,0.3600,0.0570,1.2262,-9.3104,-10.2770,-8.7722,-10.1375,0.2724
4.0800,dirt,0.715,0.400,0.5394,4.4143,0.5335,0.3580,0.0944,1.2301,-9.3000,-10.2643,-8.8030,-10.1192,0.2676
4.0920,dirt,0.715,0.400,0.5280,4.3945,0.4715,0.3580,0.0949,1.2291,-9.2368,-10.2807,-8.8387,-10.1124,0.2628
4.1040,dirt,0.715,0.400,0.5163,4.3294,0.5061,0.3552,0.1374,0.6641,-9.2255,-10.2956,-8.7609,-10.1955,0.2570
4.1160,dirt,0.715,0.400,0.5042,4.3771,0.4606,0.3573,0.0729,1.4879,-9.2634,-10.2901,-8.8971,-10.1444,0.2515
4.1280,dirt,0.715,0.400,0.4919,4.2847,0.4992,0.3529,0.1320,1.1264,-9.2537,-10.3003,-8.8239,-10.1920,0.2465
4.1400,dirt,0.715,0.400,0.4792,4.3841,0.3411,0.3526,0.1795,0.8094,-9.3005,-10.2400,-8.8570,-10.2229,0.2396
4.1520,dirt,0.715,0.400,0.4662,4.3917,0.5006,0.3500,0.1330,0.8527,-9.3073,-10.2119,-8.8587,-10.1923,0.2326
4.1640,dirt,0.715,0.400,0.4529,4.3166,0.3366,0.3468,0.3290,1.0307,-9.2887,-10.2550,-8.8222,-10.2630,0.2263
4.1760,dirt,0.715,0.400,0.4394,4.4096,0.4597,0.3447,0.0855,0.4442,-9.2395,-10.2835,-8.9245,-10.2686,0.2206
4.1880,dirt,0.715,0.400,0.4256,4.3017,0.4774,0.3399,0.0760,0.5849,-9.2668,-10.2811,-8.8999,-10.2848,0.2150
4.2000,dirt,0.715,0.400,0.4114,4.4455,0.3897,0.3351,0.4097,0.5548,-9.3118,-10.2630,-8.8450,-10.3099,0.2079
4.2120,dirt,0.715,0.400,0.3971,4.3193,0.3969,0.3323,0.1956,0.6295,-9.3843,-10.2046,-8.9185,-10.3046,0.2007
4.2240,dirt,0.715,0.400,0.3825,4.3739,0.3423,0.3299,0.2942,0.5387,-9.3248,-10.2331,-8.8709,-10.3300,0.1938
4.2360,dirt,0.715,0.400,0.3676,4.3125,0.4181,0.3240,0.3525,0.2515,-9.3486,-10.2334,-8.9328,-10.3352,0.1874
4.2480,dirt,0.715,0.400,0.3525,4.4058,0.2659,0.3170,0.0725,0.6630,-9.3410,-10.2234,-8.9524,-10.3592,0.1793
4.2600,dirt,0.715,0.400,0.3372,4.3973,0.3883,0.3100,0.3901,0.2485,-9.3566,-10.2199,-8.9561,-10.3367,0.1728
4.2720,dirt,0.715,0.400,0.3217,4.3348,0.3011,0.3049,-0.0171,0.6834,-9.4441,-10.1622,-8.9869,-10.2939,0.1649
4.2840,dirt,0.715,0.400,0.3060,4.4195,0.3132,0.3008,0.2430,0.1167,-9.4428,-10.1317,-8.9570,-10.2547,0.1575
4.2960,dirt,0.715,0.400,0.2901,4.4256,0.2577,0.2940,0.1276,0.2233,-9.4521,-10.1845,-8.9856,-10.2418,0.1506
4.3080,dirt,0.715,0.400,0.2740,4.4583,0.3047,0.2817,0.2058,0.1470,-9.4571,-10.1929,-9.0439,-10.2058,0.1408
4.3200,dirt,0.715,0.400,0.2577,4.4627,0.3414,0.2740,0.3121,0.4191,-9.4740,-10.2167,-9.0456,-10.1774,0.1319
4.3320,dirt,0.715,0.400,0.2413,4.3391,0.2855,0.2659,0.1373,0.3068,-9.4704,-10.2235,-9.0792,-10.1374,0.1248
4.3440,dirt,0.715,0.400,0.2247,4.3507,0.3367,0.2584,0.3161,0.2252,-9.5122,-10.1981,-9.0542,-10.1588,0.1185
4.3560,dirt,0.715,0.400,0.2079,4.4917,0.1912,0.2554,0.3796,0.1441,-9.6112,-10.0902,-9.0162,-10.1254,0.1082
4.3680,dirt,0.715,0.400,0.1911,4.3872,0.2116,0.2357,0.4208,0.6905,-9.6092,-10.1026,-9.1684,-10.0551,0.1006
4.3800,dirt,0.715,0.400,0.1741,4.4202,0.1982,0.2276,-0.0192,0.3000,-9.5420,-10.1757,-9.0960,-10.1109,0.0926
4.3920,dirt,0.715,0.400,0.1570,4.4117,0.2418,0.2194,0.5093,0.1392,-9.5090,-10.2019,-9.0793,-10.0938,0.0842
4.4040,dirt,0.715,0.400,0.1398,4.4221,0.2214,0.2135,0.3189,0.4626,-9.6311,-10.1379,-9.2616,-10.0249,0.0741
4.4160,dirt,0.715,0.400,0.1225,4.5078,0.2562,0.1983,0.5325,-0.1528,-9.5516,-10.1196,-9.2346,-10.0062,0.0691
4.4280,dirt,0.715,0.400,0.1052,4.4404,0.2035,0.1886,0.5267,-0.0838,-9.8034,-9.9192,-9.2607,-10.0180,0.0548
4.4400,dirt,0.715,0.400,0.0877,4.4422,0.2618,0.1748,0.2331,-0.0274,-9.6858,-9.9219,-9.3330,-9.9564,0.0481
4.4520,dirt,0.715,0.400,0.0703,4.4489,0.1869,0.1621,0.4139,-0.4122,-9.5651,-9.9874,-9.3229,-9.9949,0.0420
4.4640,dirt,0.715,0.400,0.0527,4.4528,0.1689,0.1568,0.1172,0.3192,-9.6464,-9.9472,-9.3985,-9.9506,0.0319
4.4760,dirt,0.715,0.400,0.0352,4.3816,0.1918,0.1530,0.0535,-0.5349,-9.6029,-9.8963,-9.3854,-9.9658,0.0215
4.4880,dirt,0.715,0.400,0.0176,4.3547,0.2189,0.1308,0.0529,-0.7271,-9.5869,-9.8989,-9.3888,-9.9693,0.0138
4.5000,dirt,0.715,0.400,-0.0000,4.5087,0.1217,0.1244,-0.0390,-0.3145,-9.6119,-9.9187,-9.4649,-9.9574,0.0086
4.5120,dirt,0.715,0.400,-0.0176,4.4631,0.0614,0.1149,0.0444,-0.3774,-9.6615,-9.8277,-9.4409,-9.9252,0.0018
4.5240,dirt,0.715,0.400,-0.0352,4.4321,0.1750,0.1095,-0.0246,-0.0844,-9.7370,-9.7207,-9.3863,-9.9855,-0.0091
4.5360,dirt,0.715,0.400,-0.0527,4.4851,0.0992,0.1031,0.1491,-0.0796,-9.8325,-9.6807,-9.4373,-9.9486,-0.0207
4.5480,dirt,0.715,0.400,-0.0703,4.5160,0.0443,0.0867,-0.0595,-0.0932,-9.6949,-9.8267,-9.4517,-9.9138,-0.0289
4.5600,dirt,0.715,0.400,-0.0877,4.5126,0.0115,0.0809,0.1058,-0.7968,-9.6690,-9.8743,-9.4582,-9.9301,-0.0375
4.5720,dirt,0.715,0.400,-0.1052,4.4477,0.1290,0.0713,0.0008,-0.1284,-9.6767,-9.8547,-9.5596,-9.8704,-0.0455
4.5840,dirt,0.715,0.400,-0.1225,4.4447,0.0325,0.0605,0.0530,-0.9729,-9.6192,-9.8478,-9.5479,-9.8330,-0.0539
4.5960,dirt,0.715,0.400,-0.1398,4.3916,0.1015,0.0483,0.1158,-0.1126,-9.7532,-9.7907,-9.5782,-9.8453,-0.0630
4.6080,dirt,0.715,0.400,-0.1570,4.5796,0.0182,0.0344,-0.0813,-0.3775,-9.8964,-9.7050,-9.6223,-9.8221,-0.0724
4.6200,dirt,0.715,0.400,-0.1741,4.5337,0.1394,0.0280,-0.0243,-1.0685,-9.8294,-9.7147,-9.6104,-9.8415,-0.0801
4.6320,dirt,0.715,0.400,-0.1911,4.5308,0.0346,0.0172,0.0519,-1.0274,-9.7597,-9.6687,-9.5886,-9.8615,-0.0873
4.6440,dirt,0.715,0.400,-0.2079,4.4216,0.0359,0.0114,0.2049,-0.7126,-9.8453,-9.6479,-9.6762,-9.8739,-0.0969
4.6560,dirt,0.715,0.400,-0.2247,4.4350,0.0491,0.0024,0.3369,-1.3194,-9.8311,-9.7012,-9.6424,-9.8154,-0.1058
4.6680,dirt,0.715,0.400,-0.2413,4.4787,-0.0089,-0.0180,-0.0281,-1.3670,-9.7675,-9.7631,-9.5580,-9.8341,-0.1133
4.6800,dirt,0.715,0.400,-0.2577,4.4552,-0.0318,-0.0197,-0.1391,-0.6386,-9.8070,-9.7408,-9.7034,-9.8010,-0.1211
4.6920,dirt,0.715,0.400,-0.2740,4.4807,0.0242,-0.0266,0.0596,-0.6661,-9.8228,-9.7392,-9.7083,-9.7937,-0.1297
4.7040,dirt,0.715,0.400,-0.2901,4.4699,0.0562,-0.0349,0.2012,-1.1652,-9.8014,-9.7194,-9.6912,-9.7848,-0.1384
4.7160,dirt,0.715,0.400,-0.3060,4.5294,-0.0491,-0.0439,0.2019,-1.6108,-9.7814,-9.6856,-9.8039,-9.7404,-0.1453
4.7280,dirt,0.715,0.400,-0.3217,4.4360,0.0779,-0.0623,-0.1856,-0.9933,-9.7623,-9.6977,-9.7684,-9.6992,-0.1513
4.7400,dirt,0.715,0.400,-0.3372,4.4945,-0.0438,-0.0675,-0.9413,-0.8878,-9.8326,-9.6510,-9.8095,-9.6939,-0.1583
4.7520,dirt,0.715,0.400,-0.3525,4.3758,0.0090,-0.0703,-0.1883,-0.8871,-10.0425,-9.5116,-9.8234,-9.7300,-0.1681
4.7640,dirt,0.715,0.400,-0.3676,4.4605,-0.0719,-0.0788,-0.1652,-1.3101,-10.0322,-9.5439,-9.8156,-9.7099,-0.1752
4.7760,dirt,0.715,0.400,-0.3825,4.4350,-0.1453,-0.0896,-0.3157,-1.5869,-9.9758,-9.5747,-9.7506,-9.7264,-0.1818
4.7880,dirt,0.715,0.400,-0.3971,4.4516,-0.0823,-0.1038,-0.2142,-1.3124,-10.0050,-9.5339,-9.8379,-9.6578,-0.1900
4.8000,dirt,0.715,0.400,-0.4114,4.4162,-0.1874,-0.1085,-0.2175,-1.3120,-10.0696,-9.4548,-9.8533,-9.7069,-0.1984
4.8120,dirt,0.715,0.400,-0.4256,4.4980,-0.1033,-0.1174,-0.3430,-1.5827,-9.9861,-9.4286,-9.8494,-9.7643,-0.2055
4.8240,dirt,0.715,0.400,-0.4394,4.4576,-0.1808,-0.1224,-0.1411,-1.2994,-9.9497,-9.4665,-9.9149,-9.7327,-0.2118
4.8360,dirt,0.715,0.400,-0.4529,4.4357,-0.0807,-0.1337,0.0090,-2.2379,-9.9567,-9.4461,-9.9916,-9.6032,-0.2173
4.8480,dirt,0.715,0.400,-0.4662,4.4762,-0.1601,-0.1471,-0.2716,-1.0394,-9.9894,-9.4638,-9.9844,-9.5722,-0.2237
4.8600,dirt,0.715,0.400,-0.4792,4.5008,-0.1405,-0.1589,-0.1571,-2.1653,-10.0089,-9.4783,-9.9261,-9.5361,-0.2316
4.8720,dirt,0.715,0.400,-0.4919,4.4117,-0.2021,-0.1645,-0.2472,-1.2498,-10.0435,-9.4386,-10.0419,-9.5336,-0.2386
4.8840,dirt,0.715,0.400,-0.5042,4.5858,-0.1563,-0.1713,-0.1591,-1.2944,-10.0469,-9.4360,-9.9563,-9.6044,-0.2444
4.8960,dirt,0.715,0.400,-0.5163,4.4851,-0.1844,-0.1778,-0.0842,-1.8702,-9.9849,-9.4790,-9.9338,-9.5762,-0.2500
4.9080,dirt,0.715,0.400,-0.5280,4.5154,-0.1614,-0.1903,-0.3083,-1.2721,-10.0069,-9.4730,-10.0366,-9.5139,-0.2554
4.9200,dirt,0.715,0.400,-0.5394,4.5034,-0.1623,-0.1936,-0.4677,-1.4002,-10.0362,-9.5011,-10.0269,-9.4859,-0.2611
4.9320,dirt,0.715,0.400,-0.5504,4.4523,-0.2262,-0.1996,-0.7465,-2.0917,-10.0365,-9.4608,-10.0066,-9.4812,-0.2675
4.9440,dirt,0.715,0.400,-0.5611,4.5113,-0.2629,-0.2030,-0.4253,-1.9692,-10.0293,-9.4683,-10.0031,-9.5121,-0.2714
4.9560,dirt,0.715,0.400,-0.5714,4.4004,-0.2540,-0.2106,0.1582,-0.2360,-10.0051,-9.5375,-10.1191,-9.4233,-0.2741
4.9680,dirt,0.715,0.400,-0.5814,4.4502,-0.2921,-0.2163,-0.1656,-1.3059,-10.0751,-9.4647,-10.0417,-9.3764,-0.2815
4.9800,dirt,0.715,0.400,-0.5910,4.4127,-0.3085,-0.2233,-0.0553,-1.5343,-10.1241,-9.5035,-10.0546,-9.3729,-0.2884
4.9920,dirt,0.715,0.400,-0.6003,4.3867,-0.3132,-0.2331,-0.1202,-1.7653,-10.0830,-9.4960,-10.1156,-9.2903,-0.2926
5.0040,dirt,0.715,0.400,-0.6091,4.5260,-0.2886,-0.2390,-0.0672,-1.8129,-9.9970,-9.5323,-10.1210,-9.3493,-0.2953
5.0160,dirt,0.715,0.400,-0.6176,4.4508,-0.3331,-0.2415,-0.1374,-2.3757,-10.0377,-9.5111,-9.9950,-9.5394,-0.2984
5.0280,dirt,0.715,0.400,-0.6257,4.4490,-0.4046,-0.2554,-0.2375,-1.8850,-10.0179,-9.4921,-10.0392,-9.4606,-0.3030
5.0400,dirt,0.715,0.400,-0.6334,4.3997,-0.2276,-0.2598,-0.3707,-1.6185,-10.0913,-9.4660,-10.1977,-9.4276,-0.3074
5.0520,dirt,0.715,0.400,-0.6407,4.4190,-0.3124,-0.2666,-0.5016,-2.7214,-10.0656,-9.4587,-10.1606,-9.3587,-0.3107
5.0640,dirt,0.715,0.400,-0.6476,4.4284,-0.2291,-0.2656,-0.2693,-1.3440,-10.1379,-9.4629,-10.0974,-9.3436,-0.3132
5.0760,dirt,0.715,0.400,-0.6540,4.4668,-0.3309,-0.2656,-0.3800,-2.1729,-10.1441,-9.4224,-10.1381,-9.3450,-0.3166
5.0880,dirt,0.715,0.400,-0.6601,4.4022,-0.3962,-0.2664,-0.2876,-2.4745,-10.1720,-9.3753,-10.1626,-9.3975,-0.3200
5.1000,dirt,0.715,0.400,-0.6657,4.3559,-0.4103,-0.2688,0.0568,-1.4404,-10.1993,-9.3665,-10.1896,-9.2684,-0.3232
5.1120,dirt,0.715,0.400,-0.6710,4.4035,-0.4395,-0.2735,-0.1957,-2.3650,-10.2055,-9.3476,-10.2167,-9.3502,-0.3257
5.1240,dirt,0.715,0.400,-0.6758,4.4928,-0.3875,-0.2821,-0.3997,-1.0218,-10.1725,-9.4047,-10.1610,-9.2679,-0.3275
5.1360,dirt,0.715,0.400,-0.6801,4.4961,-0.4138,-0.2915,0.2109,-1.7859,-10.2217,-9.3659,-10.1748,-9.2018,-0.3303
5.1480,dirt,0.715,0.400,-0.6841,4.5829,-0.4465,-0.3012,-0.2004,-1.4568,-10.2253,-9.3819,-10.2407,-9.2315,-0.3327
5.1600,dirt,0.715,0.400,-0.6876,4.3984,-0.2948,-0.3063,-0.3803,-1.7070,-10.2713,-9.3680,-10.2161,-9.1611,-0.3345
5.1720,dirt,0.715,0.400,-0.6907,4.4674,-0.4378,-0.3090,-0.4284,-2.6116,-10.2482,-9.4244,-10.2891,-9.0743,-0.3359
5.1840,dirt,0.715,0.400,-0.6933,4.3842,-0.3852,-0.3147,-0.1048,-2.1981,-10.2306,-9.4474,-10.3053,-9.0620,-0.3372
5.1960,dirt,0.715,0.400,-0.6955,4.4079,-0.4082,-0.3192,-0.0913,-2.3043,-10.2276,-9.4504,-10.2710,-8.9779,-0.3382
5.2080,dirt,0.715,0.400,-0.6973,4.4415,-0.4605,-0.3224,-0.4255,-2.0018,-10.2872,-9.3995,-10.3115,-9.0629,-0.3391
5.2200,dirt,0.715,0.400,-0.6986,4.4185,-0.4389,-0.3233,0.1597,-1.5900,-10.2908,-9.3794,-10.2184,-9.1179,-0.3400
5.2320,dirt,0.715,0.400,-0.6995,4.4094,-0.4243,-0.3262,0.1617,-1.3342,-10.3120,-9.3618,-10.1939,-9.3028,-0.3406
5.2440,dirt,0.715,0.400,-0.6999,4.3562,-0.5095,-0.3273,-0.4029,-1.5633,-10.2684,-9.3634,-10.2304,-9.2575,-0.3411
5.2560,dirt,0.715,0.400,-0.6999,4.4616,-0.4751,-0.3314,-0.2967,-2.0724,-10.2584,-9.4205,-10.1962,-9.1824,-0.3414
5.2680,dirt,0.715,0.400,-0.6995,4.5024,-0.4885,-0.3352,-0.3696,-1.8533,-10.2756,-9.4498,-10.2295,-9.1321,-0.3412
5.2800,dirt,0.715,0.400,-0.6986,4.3527,-0.4700,-0.3362,0.1372,-2.2717,-10.2981,-9.4849,-10.2242,-9.0790,-0.3409
5.2920,dirt,0.715,0.400,-0.6973,4.4407,-0.4943,-0.3360,-0.2456,-1.6927,-10.3188,-9.4777,-10.2432,-8.9471,-0.3401
5.3040,dirt,0.715,0.400,-0.6955,4.3694,-0.5621,-0.3345,-0.1834,-2.3417,-10.3308,-9.4466,-10.1828,-8.9929,-0.3395
5.3160,dirt,0.715,0.400,-0.6933,4.3920,-0.5053,-0.3364,-0.3438,-1.7728,-10.3540,-9.4644,-10.2412,-8.9674,-0.3388
5.3280,dirt,0.715,0.400,-0.6907,4.4208,-0.5558,-0.3432,-0.5092,-1.8192,-10.3205,-9.4755,-10.1854,-8.9946,-0.3375
5.3400,dirt,0.715,0.400,-0.6876,4.4266,-0.5818,-0.3492,0.1007,-1.8534,-10.3244,-9.4959,-10.0971,-9.0604,-0.3362
5.3520,dirt,0.715,0.400,-0.6841,4.3976,-0.4978,-0.3487,-0.2521,-1.5534,-10.3708,-9.4886,-10.1568,-9.0134,-0.3348
5.3640,dirt,0.715,0.400,-0.6801,4.4516,-0.5247,-0.3531,-0.0910,-2.0523,-10.3081,-9.5085,-10.2472,-8.9832,-0.3329
5.3760,dirt,0.715,0.400,-0.6758,4.4479,-0.5117,-0.3575,0.1607,-1.7409,-10.3461,-9.4718,-10.1717,-8.9974,-0.3305
5.3880,dirt,0.715,0.400,-0.6710,4.4645,-0.4022,-0.3576,-0.1098,-1.3980,-10.3476,-9.4528,-10.2566,-8.9626,-0.3284
5.4000,dirt,0.715,0.400,-0.6657,4.4159,-0.4367,-0.3572,-0.2618,-2.1306,-10.3863,-9.4489,-10.2389,-8.9770,-0.3264
5.4120,dirt,0.715,0.400,-0.6601,4.3876,-0.4739,-0.3629,0.0065,-1.7834,-10.3820,-9.4523,-10.2037,-8.9105,-0.3247
5.4240,dirt,0.715,0.400,-0.6540,4.4841,-0.4586,-0.3582,0.0096,-1.7206,-10.3809,-9.5139,-10.2428,-8.9112,-0.3218
5.4360,dirt,0.715,0.400,-0.6476,4.3999,-0.6018,-0.3619,-0.3475,-1.6553,-10.3289,-9.5535,-10.2497,-8.9264,-0.3183
5.4480,dirt,0.715,0.400,-0.6407,4.4455,-0.5350,-0.3614,-0.1848,-1.8770,-10.3385,-9.4977,-10.1976,-8.9582,-0.3145
5.4600,dirt,0.715,0.400,-0.6334,4.5316,-0.4421,-0.3615,-0.1931,-1.1206,-10.3751,-9.4789,-10.1348,-9.0003,-0.3112
5.4720,dirt,0.715,0.400,-0.6257,4.5217,-0.4624,-0.3597,-0.1633,-1.2487,-10.3926,-9.4983,-10.2150,-8.9440,-0.3082
5.4840,dirt,0.715,0.400,-0.6176,4.3684,-0.4929,-0.3641,-0.0847,-1.6909,-10.3847,-9.5042,-10.1931,-8.9719,-0.3050
5.4960,dirt,0.715,0.400,-0.6091,4.4260,-0.5456,-0.3585,-0.1003,-0.6941,-10.3798,-9.4871,-10.1707,-8.9762,-0.3013
5.5080,dirt,0.715,0.400,-0.6003,4.4448,-0.5380,-0.3639,0.2237,-0.9904,-10.4108,-9.4422,-10.2287,-8.9784,-0.2970
5.5200,dirt,0.715,0.400,-0.5910,4.3727,-0.5719,-0.3634,-0.2657,-1.2844,-10.3617,-9.4666,-10.2409,-9.0104,-0.2923
5.5320,dirt,0.715,0.400,-0.5814,4.4146,-0.5596,-0.3640,0.0216,-1.4150,-10.3815,-9.4667,-10.2244,-8.9716,-0.2886
5.5440,dirt,0.715,0.400,-0.5714,4.4407,-0.5031,-0.3630,-0.3428,-1.4969,-10.4129,-9.4768,-10.2142,-9.0173,-0.2841
5.5560,dirt,0.715,0.400,-0.5611,4.3884,-0.5277,-0.3640,0.0812,-1.6235,-10.3621,-9.4788,-10.2577,-8.9578,-0.2788
5.5680,dirt,0.715,0.400,-0.5504,4.4130,-0.4031,-0.3612,-0.2602,-0.7711,-10.3856,-9.4507,-10.2854,-8.9276,-0.2737
5.5800,dirt,0.715,0.400,-0.5394,4.5090,-0.5094,-0.3607,-0.1241,-0.7248,-10.3714,-9.4572,-10.2569,-8.9914,-0.2683
5.5920,dirt,0.715,0.400,-0.5280,4.3312,-0.4452,-0.3599,-0.0528,-1.1420,-10.3577,-9.4705,-10.2667,-8.9712,-0.2629
5.6040,dirt,0.715,0.400,-0.5163,4.4242,-0.3777,-0.3587,-0.2935,-1.4410,-10.3489,-9.4787,-10.2606,-8.9495,-0.2581
5.6160,dirt,0.715,0.400,-0.5042,4.4583,-0.5018,-0.3575,-0.0836,-1.1622,-10.3406,-9.4872,-10.2547,-9.0184,-0.2518
5.6280,dirt,0.715,0.400,-0.4919,4.4532,-0.4393,-0.3503,-0.0758,-0.5659,-10.3266,-9.4754,-10.2544,-9.0178,-0.2450
5.6400,dirt,0.715,0.400,-0.4792,4.4728,-0.3190,-0.3450,-0.1507,-1.1423,-10.3030,-9.4832,-10.2082,-9.1095,-0.2390
5.6520,dirt,0.715,0.400,-0.4662,4.3484,-0.4624,-0.3399,-0.3091,-1.3384,-10.2509,-9.5547,-10.2158,-9.0863,-0.2326
5.6640,dirt,0.715,0.400,-0.4529,4.4583,-0.3018,-0.3362,-0.2005,-1.1070,-10.3288,-9.5220,-10.2250,-9.1167,-0.2287
5.6760,dirt,0.715,0.400,-0.4394,4.4520,-0.3589,-0.3337,-0.1115,-0.9912,-10.2889,-9.5259,-10.1998,-9.1009,-0.2218
5.6880,dirt,0.715,0.400,-0.4256,4.3837,-0.3843,-0.3257,0.2672,-1.1055,-10.2523,-9.5967,-10.2444,-9.0710,-0.2135
5.7000,dirt,0.715,0.400,-0.4114,4.4758,-0.3718,-0.3264,0.2219,-0.4001,-10.2311,-9.6434,-10.2850,-9.0912,-0.2067
5.7120,dirt,0.715,0.400,-0.3971,4.4480,-0.3848,-0.3237,0.0645,-0.5623,-10.2035,-9.6453,-10.2613,-9.0948,-0.1996
5.7240,dirt,0.715,0.400,-0.3825,4.4668,-0.4409,-0.3221,0.1787,-0.9255,-10.2642,-9.6228,-10.2528,-9.1019,-0.1928
5.7360,dirt,0.715,0.400,-0.3676,4.4372,-0.3500,-0.3178,-0.1688,-0.5383,-10.2745,-9.5897,-10.2235,-9.1484,-0.1865
5.7480,dirt,0.715,0.400,-0.3525,4.5358,-0.3491,-0.3075,-0.3925,-0.7861,-10.2100,-9.6139,-10.2741,-9.0920,-0.1782
5.7600,dirt,0.715,0.400,-0.3372,4.4851,-0.3346,-0.3006,0.2028,-0.6507,-10.2020,-9.6242,-10.2473,-9.1058,-0.1714
5.7720,dirt,0.715,0.400,-0.3217,4.4797,-0.4444,-0.2990,0.1021,-0.8707,-10.2203,-9.6177,-10.2490,-9.1264,-0.1641
5.7840,dirt,0.715,0.400,-0.3060,4.4336,-0.3072,-0.2930,0.1899,-0.6511,-10.2049,-9.6339,-10.2162,-9.1066,-0.1560
5.7960,dirt,0.715,0.400,-0.2901,4.3558,-0.3819,-0.2868,0.0302,-0.1538,-10.2278,-9.5824,-10.1920,-9.1790,-0.1484
5.8080,dirt,0.715,0.400,-0.2740,4.4496,-0.2888,-0.2692,0.1077,-0.3985,-10.1879,-9.6027,-10.1583,-9.2130,-0.1414
5.8200,dirt,0.715,0.400,-0.2577,4.4923,-0.3501,-0.2594,0.2302,-0.3634,-10.1482,-9.6510,-10.1862,-9.1887,-0.1332
5.8320,dirt,0.715,0.400,-0.2413,4.4556,-0.2435,-0.2566,0.2259,-0.0620,-10.1475,-9.6784,-10.1505,-9.2956,-0.1241
5.8440,dirt,0.715,0.400,-0.2247,4.4405,-0.2063,-0.2510,0.2158,-0.6893,-10.1362,-9.6715,-10.1599,-9.2754,-0.1156
5.8560,dirt,0.715,0.400,-0.2079,4.4543,-0.3104,-0.2386,0.3053,0.2148,-10.1179,-9.6120,-10.1718,-9.2854,-0.1078
5.8680,dirt,0.715,0.400,-0.1911,4.4550,-0.2461,-0.2269,0.3143,-0.2877,-10.0611,-9.6491,-10.1152,-9.3643,-0.0999
5.8800,dirt,0.715,0.400,-0.1741,4.5338,-0.2483,-0.2197,0.2942,-0.4086,-10.0350,-9.6739,-10.1370,-9.3404,-0.0920
5.8920,dirt,0.715,0.400,-0.1570,4.4942,-0.1617,-0.2118,0.0754,0.0630,-10.0208,-9.6967,-10.1298,-9.3394,-0.0831
5.9040,dirt,0.715,0.400,-0.1398,4.4640,-0.1107,-0.2061,-0.1771,0.6326,-10.0322,-9.7018,-10.0877,-9.3333,-0.0742
5.9160,dirt,0.715,0.400,-0.1225,4.4548,-0.1863,-0.1952,-0.1734,0.0802,-10.0350,-9.6521,-10.1304,-9.2975,-0.0672
5.9280,dirt,0.715,0.400,-0.1052,4.4583,-0.2109,-0.1798,0.1927,-0.0964,-9.9292,-9.7208,-10.1043,-9.3677,-0.0579
5.9400,dirt,0.715,0.400,-0.0877,4.3601,-0.1828,-0.1709,0.4062,0.3483,-9.9314,-9.7257,-10.0448,-9.4633,-0.0494
5.9520,dirt,0.715,0.400,-0.0703,4.4490,-0.1361,-0.1607,0.2144,0.1575,-9.9155,-9.7854,-10.0532,-9.4595,-0.0409
5.9640,dirt,0.715,0.400,-0.0527,4.5161,-0.1844,-0.1525,0.0921,0.6081,-9.9133,-9.7377,-10.0215,-9.5280,-0.0314
5.9760,dirt,0.715,0.400,-0.0352,4.4796,-0.0918,-0.1448,0.1616,0.6997,-9.8987,-9.7308,-10.0046,-9.5306,-0.0227
5.9880,dirt,0.715,0.400,-0.0176,4.4831,-0.1437,-0.1266,0.2573,0.3723,-9.8219,-9.7419,-9.9763,-9.5393,-0.0139
6.0000,dirt,0.715,0.400,0.0000,4.5157,-0.1348,-0.1189,0.3408,0.3205,-9.7739,-9.7795,-10.0063,-9.5231,-0.0062
6.0120,dirt,0.715,0.400,0.0176,4.3771,-0.1208,-0.1111,0.0191,0.4869,-9.8417,-9.8193,-9.9730,-9.4937,0.0013
6.0240,dirt,0.715,0.400,0.0352,4.4752,-0.1492,-0.1061,0.1821,0.3604,-9.7912,-9.9139,-9.9126,-9.5442,0.0134
6.0360,dirt,0.715,0.400,0.0527,4.5347,-0.1710,-0.0917,0.1179,0.3759,-9.8418,-9.8886,-9.9901,-9.6423,0.0222
6.0480,dirt,0.715,0.400,0.0703,4.4994,-0.0388,-0.0758,0.3586,0.7065,-9.8584,-9.7877,-9.8952,-9.6201,0.0276
6.0600,dirt,0.715,0.400,0.0877,4.5497,0.0030,-0.0679,0.1781,0.8557,-9.7905,-9.7723,-9.9031,-9.6260,0.0365
6.0720,dirt,0.715,0.400,0.1052,4.3840,-0.0588,-0.0619,-0.1103,0.3870,-9.6367,-9.9481,-9.8700,-9.6953,0.0476
6.0840,dirt,0.715,0.400,0.1225,4.4896,-0.0509,-0.0552,0.0848,0.3068,-9.6579,-9.9769,-9.8667,-9.6409,0.0567
6.0960,dirt,0.715,0.400,0.1398,4.4738,0.0280,-0.0421,-0.0363,0.5718,-9.7833,-9.9217,-9.8377,-9.6015,0.0637
6.1080,dirt,0.715,0.400,0.1570,4.4317,-0.0449,-0.0268,-0.0450,1.0325,-9.7986,-9.8777,-9.8009,-9.6968,0.0717
6.1200,dirt,0.715,0.400,0.1741,4.5162,0.0341,-0.0244,0.0981,0.6404,-9.7400,-9.9432,-9.8103,-9.7199,0.0811
6.1320,dirt,0.715,0.400,0.1911,4.5431,-0.0089,-0.0129,0.1492,1.0195,-9.7214,-9.9001,-9.8481,-9.7174,0.0891
6.1440,dirt,0.715,0.400,0.2079,4.5096,0.0163,-0.0071,0.1382,0.9131,-9.6725,-9.8595,-9.7609,-9.8015,0.0978
6.1560,dirt,0.715,0.400,0.2247,4.4876,0.0235,0.0019,-0.1305,1.0052,-9.5525,-9.9875,-9.7623,-9.7587,0.1077
6.1680,dirt,0.715,0.400,0.2413,4.4739,-0.0616,0.0194,0.0218,0.8817,-9.5604,-10.0693,-9.7608,-9.8035,0.1159
6.1800,dirt,0.715,0.400,0.2577,4.4662,0.0028,0.0277,-0.0575,1.3500,-9.6551,-9.9752,-9.7443,-9.7931,0.1226
6.1920,dirt,0.715,0.400,0.2740,4.5136,0.0260,0.0352,0.1306,0.8960,-9.6763,-9.9687,-9.7035,-9.7595,0.1308
6.2040,dirt,0.715,0.400,0.2901,4.5497,0.0707,0.0406,-0.3245,0.7695,-9.6475,-10.0466,-9.6894,-9.8159,0.1387
6.2160,dirt,0.715,0.400,0.3060,4.5162,0.0884,0.0479,0.0347,1.7364,-9.6155,-9.9930,-9.6986,-9.8677,0.1458
6.2280,dirt,0.715,0.400,0.3217,4.5369,0.0366,0.0660,0.5853,2.2103,-9.6275,-9.9419,-9.6942,-9.8797,0.1522
6.2400,dirt,0.715,0.400,0.3372,4.6212,0.1254,0.0705,-0.3192,0.8541,-9.5651,-9.9641,-9.6787,-9.9205,0.1605
6.2520,dirt,0.715,0.400,0.3525,4.5884,0.1679,0.0856,0.1409,1.1630,-9.5405,-9.9144,-9.7101,-9.9272,0.1676
6.2640,dirt,0.715,0.400,0.3676,4.5232,0.1800,0.0917,-0.0720,0.9795,-9.3811,-10.1027,-9.7448,-9.8518,0.1775
6.2760,dirt,0.715,0.400,0.3825,4.5156,0.0993,0.0928,-0.3295,0.9705,-9.3755,-10.2030,-9.6245,-9.9025,0.1855
6.2880,dirt,0.715,0.400,0.3971,4.4697,0.1197,0.1123,-0.0783,1.1061,-9.5006,-10.1273,-9.5698,-9.9707,0.1917
6.3000,dirt,0.715,0.400,0.4114,4.4971,0.1418,0.1188,-0.1367,1.7352,-9.5756,-10.0649,-9.6163,-9.9571,0.1981
6.3120,dirt,0.715,0.400,0.4256,4.5018,0.2247,0.1231,-0.2057,1.3701,-9.5231,-10.0997,-9.6449,-9.9318,0.2055
6.3240,dirt,0.715,0.400,0.4394,4.4116,0.1912,0.1313,-0.0918,1.0744,-9.4633,-10.1223,-9.5905,-10.0296,0.2127
6.3360,dirt,0.715,0.400,0.4529,4.6213,0.2231,0.1392,-0.1392,2.6337,-9.4987,-10.0854,-9.5898,-10.0102,0.2192
6.3480,dirt,0.715,0.400,0.4662,4.3938,0.2420,0.1566,0.1445,2.3613,-9.4891,-10.0678,-9.6122,-9.9721,0.2247
6.3600,dirt,0.715,0.400,0.4792,4.5096,0.3171,0.1630,-0.0993,1.4949,-9.4620,-10.1124,-9.5386,-10.0729,0.2305
6.3720,dirt,0.715,0.400,0.4919,4.5149,0.2353,0.1707,-0.2401,1.3834,-9.4065,-10.1479,-9.5409,-10.1310,0.2379
6.3840,dirt,0.715,0.400,0.5042,4.5134,0.2214,0.1778,-0.2586,1.3423,-9.3658,-10.1412,-9.4537,-10.1045,0.2445
6.3960,dirt,0.715,0.400,0.5163,4.4806,0.2540,0.1840,-0.2900,1.9462,-9.3676,-10.1485,-9.4834,-10.1442,0.2506
6.4080,dirt,0.715,0.400,0.5280,4.5109,0.1544,0.2007,-0.1178,1.5456,-9.3919,-10.1212,-9.4502,-10.1618,0.2553
6.4200,dirt,0.715,0.400,0.5394,4.4400,0.3159,0.2024,-0.0670,1.9164,-9.3236,-10.1028,-9.5267,-10.1266,0.2600
6.4320,dirt,0.715,0.400,0.5504,4.5063,0.2925,0.2107,-0.1515,2.0671,-9.3353,-10.1444,-9.5180,-10.0829,0.2655
6.4440,dirt,0.715,0.400,0.5611,4.4365,0.2859,0.2152,-0.3355,0.7363,-9.3535,-10.1732,-9.3599,-10.2060,0.2700
6.4560,dirt,0.715,0.400,0.5714,4.4280,0.2639,0.2217,-0.2767,2.4761,-9.3300,-10.1836,-9.3279,-10.1946,0.2746
6.4680,dirt,0.715,0.400,0.5814,4.4738,0.2623,0.2269,-0.2292,2.5939,-9.3189,-10.2587,-9.3238,-10.2191,0.2810
6.4800,dirt,0.715,0.400,0.5910,4.5208,0.2721,0.2331,0.2829,1.6100,-9.2849,-10.2943,-9.3993,-10.1842,0.2861
6.4920,dirt,0.715,0.400,0.6003,4.4283,0.3654,0.2425,-0.2113,1.8408,-9.2818,-10.2793,-9.3744,-10.2213,0.2899
6.5040,dirt,0.715,0.400,0.6091,4.5375,0.2686,0.2473,-0.0726,1.3158,-9.3355,-10.2455,-9.3674,-10.1802,0.2930
6.5160,dirt,0.715,0.400,0.6176,4.4781,0.2592,0.2550,0.1841,0.5264,-9.3085,-10.2617,-9.3370,-10.1653,0.2970
6.5280,dirt,0.715,0.400,0.6257,4.4186,0.4001,0.2665,0.0525,1.4675,-9.2635,-10.3477,-9.3372,-10.2291,0.3018
6.5400,dirt,0.715,0.400,0.6334,4.4868,0.3228,0.2702,-0.7464,3.0270,-9.2897,-10.3257,-9.3860,-10.2381,0.3065
6.5520,dirt,0.715,0.400,0.6407,4.4499,0.3863,0.2758,-0.2315,1.6186,-9.2922,-10.3358,-9.2255,-10.2956,0.3099
6.5640,dirt,0.715,0.400,0.6476,4.5875,0.3434,0.2781,-0.4182,1.8329,-9.3618,-10.3474,-9.1987,-10.3035,0.3126
6.5760,dirt,0.715,0.400,0.6540,4.5212,0.3484,0.2817,-0.1430,1.6066,-9.3604,-10.3757,-9.1865,-10.2789,0.3159
6.5880,dirt,0.715,0.400,0.6601,4.4376,0.3906,0.2926,-0.1365,1.4915,-9.3113,-10.4108,-9.2277,-10.2797,0.3190
6.6000,dirt,0.715,0.400,0.6657,4.3578,0.3763,0.2941,0.0118,2.4339,-9.3500,-10.3937,-9.3600,-10.1883,0.3220
6.6120,dirt,0.715,0.400,0.6710,4.5723,0.4999,0.3019,-0.2241,1.9108,-9.3038,-10.4069,-9.3012,-10.2586,0.3247
6.6240,dirt,0.715,0.400,0.6758,4.4395,0.4011,0.3039,-0.1948,1.7801,-9.2760,-10.4361,-9.3521,-10.2839,0.3268
6.6360,dirt,0.715,0.400,0.6801,4.5291,0.4141,0.3075,0.0587,1.6491,-9.3391,-10.3983,-9.2788,-10.3057,0.3288
6.6480,dirt,0.715,0.400,0.6841,4.5562,0.4318,0.3101,0.0333,1.9718,-9.3009,-10.4160,-9.2563,-10.3233,0.3312
6.6600,dirt,0.715,0.400,0.6876,4.5213,0.3492,0.3058,-0.1691,2.5979,-9.3246,-10.4276,-9.3044,-10.3588,0.3335
6.6720,dirt,0.715,0.400,0.6907,4.5115,0.3106,0.3128,-0.1261,2.2260,-9.3553,-10.3963,-9.1626,-10.3614,0.3348
6.6840,dirt,0.715,0.400,0.6933,4.4567,0.5201,0.3169,-0.3225,1.8459,-9.3957,-10.3896,-9.0572,-10.3744,0.3357
6.6960,dirt,0.715,0.400,0.6955,4.4784,0.4593,0.3237,-0.2004,1.6334,-9.4142,-10.3684,-9.1411,-10.3808,0.3365
6.7080,dirt,0.715,0.400,0.6973,4.5316,0.3705,0.3303,-0.1626,2.0300,-9.3556,-10.4157,-9.0992,-10.3251,0.3376
6.7200,dirt,0.715,0.400,0.6986,4.4468,0.4547,0.3330,-0.2202,2.0339,-9.4064,-10.3902,-9.2083,-10.2375,0.3387
6.7320,dirt,0.715,0.400,0.6995,4.4795,0.3701,0.3362,-0.1701,2.5430,-9.4378,-10.3232,-9.2049,-10.3724,0.3392
6.7440,dirt,0.715,0.400,0.6999,4.3755,0.4461,0.3385,-0.5344,1.8415,-9.4190,-10.3737,-9.1617,-10.3854,0.3387
6.7560,dirt,0.715,0.400,0.6999,4.5179,0.5469,0.3427,-0.0833,1.9412,-9.4530,-10.3678,-9.0616,-10.3628,0.3390
6.7680,dirt,0.715,0.400,0.6995,4.5256,0.3517,0.3467,-0.3327,1.9655,-9.4762,-10.4091,-9.0789,-10.2640,0.3392
6.7800,dirt,0.715,0.400,0.6986,4.4871,0.4115,0.3459,-0.4053,1.8163,-9.3939,-10.4487,-9.0146,-10.3514,0.3391
6.7920,dirt,0.715,0.400,0.6973,4.4043,0.5253,0.3464,-0.7505,2.0765,-9.4137,-10.4802,-9.0429,-10.3029,0.3384
6.8040,dirt,0.715,0.400,0.6955,4.4025,0.5195,0.3446,-0.1932,2.3348,-9.3774,-10.4462,-9.0774,-10.2988,0.3377
6.8160,dirt,0.715,0.400,0.6933,4.5360,0.4391,0.3462,-0.4631,2.5836,-9.3730,-10.4264,-9.0575,-10.3461,0.3370
6.8280,dirt,0.715,0.400,0.6907,4.4066,0.5458,0.3541,-0.3537,2.2872,-9.4216,-10.4296,-9.0327,-10.3168,0.3360
6.8400,dirt,0.715,0.400,0.6876,4.4486,0.4655,0.3588,-0.6620,1.4744,-9.4488,-10.4278,-8.9776,-10.3117,0.3344
6.8520,dirt,0.715,0.400,0.6841,4.4934,0.5535,0.3639,-0.3850,2.1616,-9.4492,-10.4377,-8.9786,-10.3692,0.3327
6.8640,dirt,0.715,0.400,0.6801,4.4736,0.5582,0.3670,-0.5160,1.7409,-9.4445,-10.4071,-8.9546,-10.3295,0.3308
6.8760,dirt,0.715,0.400,0.6758,4.4922,0.5256,0.3668,-0.3833,1.8743,-9.3831,-10.4477,-8.9653,-10.3166,0.3288
6.8880,dirt,0.715,0.400,0.6710,4.4208,0.4977,0.3682,-0.0724,1.2135,-9.3538,-10.5124,-9.0203,-10.3068,0.3271
6.9000,dirt,0.715,0.400,0.6657,4.4807,0.5948,0.3734,-0.4833,1.6997,-9.3592,-10.4986,-8.9279,-10.4270,0.3251
6.9120,dirt,0.715,0.400,0.6601,4.4977,0.5024,0.3784,-0.6921,1.6075,-9.3748,-10.4999,-8.9745,-10.3509,0.3222
6.9240,dirt,0.715,0.400,0.6540,4.4335,0.4995,0.3783,0.0063,1.9120,-9.3782,-10.5173,-8.8984,-10.3455,0.3196
6.9360,dirt,0.715,0.400,0.6476,4.4884,0.5799,0.3822,-0.5063,1.9300,-9.4221,-10.5107,-8.8353,-10.4124,0.3165
6.9480,dirt,0.715,0.400,0.6407,4.4672,0.5543,0.3820,-0.3908,2.0138,-9.4275,-10.4863,-8.9332,-10.3685,0.3132
6.9600,dirt,0.715,0.400,0.6334,4.3992,0.5071,0.3802,-0.1225,1.4617,-9.4104,-10.5048,-9.0068,-10.2881,0.3099
6.9720,dirt,0.715,0.400,0.6257,4.5103,0.4450,0.3798,-0.2373,1.1625,-9.3692,-10.5381,-9.0393,-10.3227,0.3068
6.9840,dirt,0.715,0.400,0.6176,4.4002,0.4445,0.3790,-0.1047,1.5887,-9.3927,-10.5048,-9.0348,-10.3113,0.3034
6.9960,dirt,0.715,0.400,0.6091,4.4354,0.6013,0.3802,-0.1640,1.2227,-9.4239,-10.4830,-9.0940,-10.2697,0.2995
7.0080,dirt,0.715,0.400,0.6003,4.3801,0.4400,0.3793,-0.0295,1.3755,-9.4545,-10.4146,-9.0090,-10.3331,0.2949
7.0200,dirt,0.715,0.400,0.5910,4.4494,0.5253,0.3783,-0.2030,1.4261,-9.4358,-10.4747,-8.9128,-10.3612,0.2910
7.0320,dirt,0.715,0.400,0.5814,4.4182,0.4665,0.3765,-0.2555,1.6037,-9.3967,-10.4944,-8.9768,-10.3055,0.2872
7.0440,dirt,0.715,0.400,0.5714,4.5199,0.4532,0.3763,-0.3629,1.5837,-9.3651,-10.5234,-8.9552,-10.3231,0.2835
7.0560,dirt,0.715,0.400,0.5611,4.5164,0.4652,0.3761,-0.1778,1.5809,-9.4153,-10.4839,-8.9191,-10.3414,0.2770
7.0680,dirt,0.715,0.400,0.5504,4.4327,0.4128,0.3752,-0.0480,1.2587,-9.4302,-10.4859,-8.9417,-10.3075,0.2713
7.0800,dirt,0.715,0.400,0.5394,4.4625,0.4826,0.3744,-0.0275,1.4385,-9.4435,-10.4596,-8.9070,-10.3074,0.2666
7.0920,dirt,0.715,0.400,0.5280,4.4009,0.4869,0.3744,-0.2250,0.9489,-9.4057,-10.4999,-8.9812,-10.3431,0.2620
7.1040,dirt,0.715,0.400,0.5163,4.3966,0.5180,0.3704,0.0529,1.1046,-9.3730,-10.5136,-8.9581,-10.3379,0.2574
7.1160,dirt,0.715,0.400,0.5042,4.4401,0.5319,0.3701,-0.2280,1.6707,-9.4454,-10.4436,-8.9888,-10.3043,0.2498
7.1280,dirt,0.715,0.400,0.4919,4.5484,0.4233,0.3626,0.2221,1.2687,-9.4336,-10.4906,-9.0151,-10.3290,0.2447
7.1400,dirt,0.715,0.400,0.4792,4.4886,0.4349,0.3609,-0.0410,0.8380,-9.4149,-10.4463,-8.9676,-10.3612,0.2396
7.1520,dirt,0.715,0.400,0.4662,4.3952,0.3643,0.3575,-0.0113,0.9205,-9.4500,-10.4152,-9.0117,-10.3306,0.2340
7.1640,dirt,0.715,0.400,0.4529,4.4675,0.3529,0.3578,0.0671,0.7495,-9.4737,-10.4015,-9.0286,-10.3031,0.2271
7.1760,dirt,0.715,0.400,0.4394,4.3525,0.3885,0.3498,0.2406,0.6561,-9.4611,-10.4390,-8.9937,-10.3709,0.2212
7.1880,dirt,0.715,0.400,0.4256,4.4519,0.3774,0.3432,0.0062,0.5408,-9.4520,-10.3941,-9.0601,-10.3323,0.2143
7.2000,dirt,0.715,0.400,0.4114,4.4577,0.4165,0.3400,-0.0250,0.9335,-9.5071,-10.3612,-9.0096,-10.3109,0.2078
7.2120,dirt,0.715,0.400,0.3971,4.4397,0.3794,0.3337,-0.2138,0.6134,-9.5310,-10.3665,-8.9768,-10.3341,0.2009
7.2240,dirt,0.715,0.400,0.3825,4.4201,0.3934,0.3293,-0.1433,0.8882,-9.5218,-10.3817,-9.0479,-10.3287,0.1942
7.2360,dirt,0.715,0.400,0.3676,4.4257,0.3844,0.3257,0.0403,0.2739,-9.5370,-10.3525,-9.0001,-10.3134,0.1865
7.2480,dirt,0.715,0.400,0.3525,4.3988,0.3422,0.3149,0.1691,0.5598,-9.5413,-10.3431,-9.0744,-10.3181,0.1792
7.2600,dirt,0.715,0.400,0.3372,4.5119,0.3862,0.3072,-0.0451,0.7326,-9.5812,-10.2718,-9.0735,-10.3421,0.1716
7.2720,dirt,0.715,0.400,0.3217,4.4277,0.3897,0.3026,0.1060,0.7361,-9.5830,-10.2434,-9.1038,-10.3002,0.1648
7.2840,dirt,0.715,0.400,0.3060,4.4810,0.3716,0.2980,-0.0339,0.5121,-9.6028,-10.2699,-9.1814,-10.2649,0.1572
7.2960,dirt,0.715,0.400,0.2901,4.4106,0.2915,0.2917,0.3514,0.1597,-9.5985,-10.1755,-9.1881,-10.2721,0.1486
7.3080,dirt,0.715,0.400,0.2740,4.4985,0.3279,0.2726,0.2194,0.2070,-9.5647,-10.1647,-9.2633,-10.2718,0.1410
7.3200,dirt,0.715,0.400,0.2577,4.4923,0.2611,0.2647,0.0134,0.3290,-9.5491,-10.2252,-9.3026,-10.2020,0.1342
7.3320,dirt,0.715,0.400,0.2413,4.4743,0.3429,0.2605,0.0380,0.3320,-9.6349,-10.1350,-9.2618,-10.2362,0.1262
7.3440,dirt,0.715,0.400,0.2247,4.4851,0.2807,0.2512,-0.0141,0.4106,-9.6342,-10.1014,-9.2938,-10.2055,0.1187
7.3560,dirt,0.715,0.400,0.2079,4.4415,0.3121,0.2469,0.2596,0.1358,-9.7083,-10.0606,-9.3139,-10.2233,0.1079
7.3680,dirt,0.715,0.400,0.1911,4.5191,0.2355,0.2343,-0.3689,0.2447,-9.6656,-10.0596,-9.2342,-10.2519,0.0980
7.3800,dirt,0.715,0.400,0.1741,4.5294,0.2220,0.2212,-0.3117,-0.4781,-9.5972,-10.0956,-9.2884,-10.2474,0.0916
7.3920,dirt,0.715,0.400,0.1570,4.5682,0.2533,0.2121,0.2105,0.2931,-9.5284,-10.1690,-9.3476,-10.1994,0.0864
7.4040,dirt,0.715,0.400,0.1398,4.5055,0.2001,0.2099,-0.0139,0.1589,-9.6723,-10.0180,-9.3155,-10.2264,0.0764
7.4160,dirt,0.715,0.400,0.1225,4.4920,0.1977,0.2052,0.2838,-0.0936,-9.7916,-9.9338,-9.3643,-10.2017,0.0660
7.4280,dirt,0.715,0.400,0.1052,4.5362,0.1700,0.1827,-0.1016,-0.1034,-9.6766,-10.0016,-9.3241,-10.1603,0.0579
7.4400,dirt,0.715,0.400,0.0877,4.5560,0.1891,0.1786,0.0071,-0.2610,-9.6205,-10.1056,-9.3224,-10.1528,0.0506
7.4520,dirt,0.715,0.400,0.0703,4.4719,0.2354,0.1726,-0.9757,0.0615,-9.6997,-10.0783,-9.3751,-10.1621,0.0388
7.4640,dirt,0.715,0.400,0.0527,4.5737,0.1437,0.1623,-0.0842,-0.6240,-9.6348,-10.1063,-9.4067,-10.1138,0.0309
7.4760,dirt,0.715,0.400,0.0352,4.4302,0.1675,0.1544,-0.0665,-0.2053,-9.6807,-10.0641,-9.4510,-10.0557,0.0245
7.4880,dirt,0.715,0.400,0.0176,4.5297,0.1108,0.1357,-0.1456,0.4593,-9.7973,-9.9976,-9.4999,-10.0292,0.0173
7.5000,dirt,0.715,0.400,-0.0000,4.4382,0.1537,0.1254,0.0088,-0.1633,-9.8105,-9.9711,-9.5009,-10.0391,0.0070
7.5120,dirt,0.715,0.400,-0.0176,4.4679,0.0992,0.1163,0.1210,-0.4852,-9.7988,-9.9720,-9.5025,-10.0349,-0.0032
7.5240,dirt,0.715,0.400,-0.0352,4.5341,0.1543,0.1087,0.1941,-0.1764,-9.7883,-9.9973,-9.5790,-9.9913,-0.0115
7.5360,dirt,0.715,0.400,-0.0527,4.5022,0.1128,0.0985,0.2271,-0.9308,-9.6812,-9.9927,-9.5649,-10.0171,-0.0196
7.5480,dirt,0.715,0.400,-0.0703,4.4643,0.1101,0.0833,0.0573,-1.2112,-9.6530,-9.9928,-9.5674,-10.0143,-0.0267
7.5600,dirt,0.715,0.400,-0.0877,4.5395,0.1429,0.0739,-0.0195,-0.3882,-9.7855,-9.8964,-9.6256,-9.9805,-0.0339
7.5720,dirt,0.715,0.400,-0.1052,4.5040,0.0662,0.0699,-0.1338,-0.3221,-9.8975,-9.7880,-9.5514,-10.0009,-0.0442
7.5840,dirt,0.715,0.400,-0.1225,4.5213,0.0500,0.0648,0.0939,-0.7343,-9.8907,-9.7731,-9.5494,-9.9611,-0.0542
7.5960,dirt,0.715,0.400,-0.1398,4.4666,0.0410,0.0544,-0.2215,-0.7303,-9.8903,-9.7915,-9.6625,-9.9074,-0.0631
7.6080,dirt,0.715,0.400,-0.1570,4.5288,-0.0124,0.0384,-0.2162,-0.4070,-9.8380,-9.8236,-9.6972,-9.9079,-0.0717
7.6200,dirt,0.715,0.400,-0.1741,4.5597,0.0120,0.0289,0.2788,-1.1852,-9.8294,-9.8628,-9.6443,-9.8769,-0.0801
7.6320,dirt,0.715,0.400,-0.1911,4.5151,-0.0419,0.0172,-0.1587,-0.3928,-9.8941,-9.8250,-9.7513,-9.8682,-0.0889
7.6440,dirt,0.715,0.400,-0.2079,4.4938,0.0016,0.0119,0.2103,-0.9404,-9.7536,-9.7917,-9.7236,-9.9146,-0.0970
7.6560,dirt,0.715,0.400,-0.2247,4.5544,-0.0122,0.0020,0.0639,-1.1311,-9.7719,-9.7349,-9.7287,-9.8936,-0.1051
7.6680,dirt,0.715,0.400,-0.2413,4.5573,-0.0749,-0.0175,0.0317,-0.5973,-9.9043,-9.7178,-9.7657,-9.8565,-0.1133
7.6800,dirt,0.715,0.400,-0.2577,4.3985,-0.0473,-0.0194,-0.0862,-1.3234,-9.9571,-9.6882,-9.7125,-9.8671,-0.1200
7.6920,dirt,0.715,0.400,-0.2740,4.3933,-0.0490,-0.0286,-0.3078,-1.0954,-9.9708,-9.6247,-9.7017,-9.8406,-0.1281
7.7040,dirt,0.715,0.400,-0.2901,4.4728,-0.0209,-0.0326,-0.1106,-0.1622,-10.0206,-9.5282,-9.7993,-9.8296,-0.1366
7.7160,dirt,0.715,0.400,-0.3060,4.4686,-0.0482,-0.0446,0.6883,-1.9151,-10.0030,-9.5808,-9.8543,-9.8007,-0.1456
7.7280,dirt,0.715,0.400,-0.3217,4.5283,-0.0535,-0.0624,-0.0614,-1.1859,-9.9297,-9.7018,-9.8377,-9.7390,-0.1545
7.7400,dirt,0.715,0.400,-0.3372,4.4298,-0.0179,-0.0681,0.1140,-0.8836,-9.9262,-9.7140,-9.8722,-9.7150,-0.1624
7.7520,dirt,0.715,0.400,-0.3525,4.4624,-0.0995,-0.0793,-0.2788,-0.5229,-9.9378,-9.6937,-9.8919,-9.7417,-0.1687
7.7640,dirt,0.715,0.400,-0.3676,4.5207,-0.0742,-0.0866,-0.0931,-1.5792,-9.9168,-9.7047,-9.8476,-9.7456,-0.1754
7.7760,dirt,0.715,0.400,-0.3825,4.5177,-0.1196,-0.0918,0.3486,-1.0523,-9.9777,-9.6149,-9.8851,-9.7282,-0.1836
7.7880,dirt,0.715,0.400,-0.3971,4.5091,-0.1063,-0.1115,-0.0479,-1.8191,-10.0526,-9.5609,-9.9242,-9.7105,-0.1916
7.8000,dirt,0.715,0.400,-0.4114,4.3721,-0.0573,-0.1203,-0.1192,-1.5372,-9.9624,-9.6266,-9.9104,-9.7228,-0.1979
7.8120,dirt,0.715,0.400,-0.4256,4.4848,-0.1079,-0.1255,-0.5992,-1.7747,-9.9356,-9.5467,-9.9082,-9.8316,-0.2063
7.8240,dirt,0.715,0.400,-0.4394,4.3869,-0.1368,-0.1294,-0.1143,-0.7333,-9.9551,-9.5180,-9.9771,-9.7439,-0.2127
7.8360,dirt,0.715,0.400,-0.4529,4.5729,-0.0523,-0.1376,0.0692,-1.7012,-9.9229,-9.5562,-10.0138,-9.6561,-0.2177
7.8480,dirt,0.715,0.400,-0.4662,4.5141,-0.1227,-0.1500,-0.1136,-1.8792,-9.9650,-9.5355,-9.9785,-9.6732,-0.2232
7.8600,dirt,0.715,0.400,-0.4792,4.4132,-0.2252,-0.1552,-0.2158,-1.4532,-10.0252,-9.4923,-10.0425,-9.6377,-0.2298
7.8720,dirt,0.715,0.400,-0.4919,4.4671,-0.0941,-0.1634,-0.4795,-1.4729,-10.0515,-9.5025,-10.0472,-9.5968,-0.2369
7.8840,dirt,0.715,0.400,-0.5042,4.5517,-0.2881,-0.1690,-0.2287,-1.5373,-10.0852,-9.4584,-9.9907,-9.6323,-0.2430
7.8960,dirt,0.715,0.400,-0.5163,4.4975,-0.2015,-0.1753,-0.0899,-1.5002,-10.1118,-9.4344,-10.0007,-9.5771,-0.2491
7.9080,dirt,0.715,0.400,-0.5280,4.4817,-0.0833,-0.1848,-0.2711,-1.2327,-10.1472,-9.4353,-10.0704,-9.5239,-0.2552
7.9200,dirt,0.715,0.400,-0.5394,4.4524,-0.2367,-0.1911,-0.5156,-2.3393,-10.1615,-9.3885,-9.9992,-9.5384,-0.2611
7.9320,dirt,0.715,0.400,-0.5504,4.5016,-0.2588,-0.1962,-0.4009,-2.1906,-10.1367,-9.4157,-10.0787,-9.6108,-0.2661
7.9440,dirt,0.715,0.400,-0.5611,4.4857,-0.2813,-0.1976,-0.5982,-1.0924,-10.1248,-9.4347,-10.1903,-9.4380,-0.2706
7.9560,dirt,0.715,0.400,-0.5714,4.4739,-0.2808,-0.2068,0.1482,-2.0563,-10.1748,-9.4203,-10.1032,-9.4393,-0.2754
7.9680,dirt,0.715,0.400,-0.5814,4.5034,-0.2656,-0.2193,-0.2766,-1.8048,-10.1759,-9.4079,-10.0895,-9.3518,-0.2818
7.9800,dirt,0.715,0.400,-0.5910,4.5339,-0.2480,-0.2238,-0.0799,-1.7515,-10.1878,-9.4270,-10.1325,-9.3801,-0.2871
7.9920,dirt,0.715,0.400,-0.6003,4.4770,-0.2960,-0.2331,-0.3299,-1.7455,-10.1978,-9.4001,-10.1507,-9.4269,-0.2912
8.0040,dirt,0.715,0.400,-0.6091,4.4621,-0.2760,-0.2386,-0.2792,-1.3515,-10.1720,-9.4312,-10.0631,-9.4835,-0.2948
8.0160,dirt,0.715,0.400,-0.6176,4.4596,-0.3064,-0.2427,-0.3426,-1.8742,-10.2024,-9.3640,-10.1254,-9.5264,-0.2993
8.0280,dirt,0.715,0.400,-0.6257,4.4839,-0.2927,-0.2564,0.0527,-2.2448,-10.2176,-9.3974,-10.1298,-9.4547,-0.3037
8.0400,dirt,0.715,0.400,-0.6334,4.4798,-0.2834,-0.2558,-0.3492,-1.7041,-10.2379,-9.3727,-10.1728,-9.3922,-0.3074
8.0520,dirt,0.715,0.400,-0.6407,4.4807,-0.3466,-0.2610,-0.2113,-1.8348,-10.2571,-9.3310,-10.1908,-9.4120,-0.3110
8.0640,dirt,0.715,0.400,-0.6476,4.3779,-0.3296,-0.2595,-0.4356,-2.4261,-10.2414,-9.3590,-10.1778,-9.4997,-0.3142
8.0760,dirt,0.715,0.400,-0.6540,4.4579,-0.2332,-0.2640,-0.0483,-2.1121,-10.2442,-9.3577,-10.1925,-9.4264,-0.3173
8.0880,dirt,0.715,0.400,-0.6601,4.5094,-0.3163,-0.2774,-0.0821,-1.5764,-10.2767,-9.3270,-10.1579,-9.4494,-0.3206
8.1000,dirt,0.715,0.400,-0.6657,4.4279,-0.3907,-0.2877,-0.0622,-1.6386,-10.2408,-9.4003,-10.2535,-9.2681,-0.3239
8.1120,dirt,0.715,0.400,-0.6710,4.4242,-0.3553,-0.2926,-0.1514,-1.2726,-10.2693,-9.3945,-10.3233,-9.1592,-0.3263
8.1240,dirt,0.715,0.400,-0.6758,4.4173,-0.4265,-0.2999,0.0281,-1.7222,-10.2501,-9.4076,-10.2907,-9.2148,-0.3285
8.1360,dirt,0.715,0.400,-0.6801,4.5250,-0.3495,-0.3049,-0.1470,-1.7843,-10.3050,-9.3795,-10.3392,-9.2052,-0.3304
8.1480,dirt,0.715,0.400,-0.6841,4.5533,-0.3520,-0.3110,-0.0925,-2.1837,-10.2509,-9.4221,-10.2635,-9.3647,-0.3326
8.1600,dirt,0.715,0.400,-0.6876,4.3948,-0.3713,-0.3143,-0.1962,-1.8232,-10.2357,-9.4211,-10.2936,-9.3392,-0.3345
8.1720,dirt,0.715,0.400,-0.6907,4.3916,-0.4249,-0.3204,-0.7936,-2.2415,-10.1940,-9.4459,-10.2936,-9.2669,-0.3360
8.1840,dirt,0.715,0.400,-0.6933,4.4033,-0.3952,-0.3204,-0.1242,-2.6081,-10.2791,-9.3922,-10.2515,-9.2839,-0.3371
8.1960,dirt,0.715,0.400,-0.6955,4.4660,-0.4089,-0.3211,-0.2691,-1.9091,-10.2792,-9.4817,-10.2601,-9.1708,-0.3379
8.2080,dirt,0.715,0.400,-0.6973,4.3639,-0.4692,-0.3204,-0.4124,-2.0105,-10.3339,-9.4401,-10.2493,-9.1849,-0.3386
8.2200,dirt,0.715,0.400,-0.6986,4.4707,-0.4811,-0.3231,-0.2515,-2.2338,-10.3486,-9.4462,-10.2402,-9.1991,-0.3396
8.2320,dirt,0.715,0.400,-0.6995,4.4648,-0.3958,-0.3195,-0.2228,-2.4087,-10.3283,-9.4683,-10.2934,-9.1175,-0.3406
8.2440,dirt,0.715,0.400,-0.6999,4.4668,-0.4788,-0.3244,-0.4969,-2.4804,-10.3643,-9.4926,-10.2400,-9.0827,-0.3411
8.2560,dirt,0.715,0.400,-0.6999,4.4113,-0.4552,-0.3223,-0.2506,-2.3860,-10.3386,-9.5167,-10.2142,-9.0790,-0.3411
8.2680,dirt,0.715,0.400,-0.6995,4.3982,-0.4327,-0.3253,-0.2191,-1.6231,-10.2738,-9.5662,-10.2529,-9.0331,-0.3410
8.2800,dirt,0.715,0.400,-0.6986,4.3882,-0.4648,-0.3279,-0.4106,-2.5301,-10.2580,-9.5477,-10.2956,-9.1055,-0.3403
8.2920,dirt,0.715,0.400,-0.6973,4.4451,-0.4874,-0.3366,-0.2562,-1.4127,-10.2950,-9.5558,-10.2379,-9.0989,-0.3394
8.3040,dirt,0.715,0.400,-0.6955,4.5142,-0.4738,-0.3375,-0.5375,-1.4624,-10.3127,-9.4877,-10.3034,-9.1439,-0.3387
8.3160,dirt,0.715,0.400,-0.6933,4.3907,-0.6701,-0.3461,-0.4684,-1.3979,-10.3997,-9.4256,-10.3644,-9.1096,-0.3383
8.3280,dirt,0.715,0.400,-0.6907,4.4412,-0.4286,-0.3533,-0.2943,-1.6403,-10.3787,-9.4269,-10.3288,-9.0602,-0.3378
8.3400,dirt,0.715,0.400,-0.6876,4.3045,-0.4399,-0.3607,0.0185,-1.4681,-10.3878,-9.4500,-10.2628,-9.1012,-0.3366
8.3520,dirt,0.715,0.400,-0.6841,4.4531,-0.4310,-0.3642,-0.3020,-1.7817,-10.4120,-9.4666,-10.2615,-9.0256,-0.3348
8.3640,dirt,0.715,0.400,-0.6801,4.4819,-0.4814,-0.3668,-0.3234,-2.1803,-10.3581,-9.4971,-10.3584,-8.9563,-0.3329
8.3760,dirt,0.715,0.400,-0.6758,4.5229,-0.5274,-0.3651,-0.1873,-2.3315,-10.4252,-9.4343,-10.2870,-9.0421,-0.3312
8.3880,dirt,0.715,0.400,-0.6710,4.4211,-0.5218,-0.3662,-0.1246,-0.9298,-10.4622,-9.4305,-10.3107,-9.0104,-0.3288
8.4000,dirt,0.715,0.400,-0.6657,4.4883,-0.3883,-0.3660,-0.2933,-2.1940,-10.4506,-9.4583,-10.3056,-8.9769,-0.3265
8.4120,dirt,0.715,0.400,-0.6601,4.4871,-0.5474,-0.3669,-0.1002,-1.6442,-10.4607,-9.4708,-10.3007,-9.0311,-0.3243
8.4240,dirt,0.715,0.400,-0.6540,4.4797,-0.4916,-0.3662,-0.0973,-1.4655,-10.4536,-9.4721,-10.2955,-9.0107,-0.3219
8.4360,dirt,0.715,0.400,-0.6476,4.4003,-0.5394,-0.3720,-0.4219,-2.3474,-10.3806,-9.5046,-10.3303,-9.0268,-0.3185
8.4480,dirt,0.715,0.400,-0.6407,4.4360,-0.5645,-0.3706,-0.2615,-1.7046,-10.4348,-9.4925,-10.3790,-8.9765,-0.3148
8.4600,dirt,0.715,0.400,-0.6334,4.4611,-0.4840,-0.3689,0.0241,-1.4226,-10.4472,-9.4554,-10.3295,-8.9432,-0.3117
8.4720,dirt,0.715,0.400,-0.6257,4.4055,-0.5270,-0.3681,-0.1351,-1.6314,-10.4496,-9.4586,-10.3487,-8.9946,-0.3085
8.4840,dirt,0.715,0.400,-0.6176,4.4181,-0.5509,-0.3709,-0.3012,-2.0344,-10.4555,-9.4885,-10.3094,-8.9140,-0.3047
8.4960,dirt,0.715,0.400,-0.6091,4.3941,-0.4174,-0.3658,-0.2654,-0.9765,-10.4635,-9.5092,-10.3227,-8.9672,-0.3004
8.5080,dirt,0.715,0.400,-0.6003,4.4550,-0.4850,-0.3676,0.0751,-1.4752,-10.4189,-9.5167,-10.3515,-8.9486,-0.2969
8.5200,dirt,0.715,0.400,-0.5910,4.4569,-0.5005,-0.3607,-0.1333,-1.0579,-10.4207,-9.4698,-10.3654,-8.9644,-0.2931
8.5320,dirt,0.715,0.400,-0.5814,4.3471,-0.4980,-0.3631,-0.2786,-1.4972,-10.3537,-9.5248,-10.3028,-9.0346,-0.2885
8.5440,dirt,0.715,0.400,-0.5714,4.4736,-0.4038,-0.3634,-0.2632,-1.2477,-10.3106,-9.5505,-10.3124,-9.0138,-0.2831
8.5560,dirt,0.715,0.400,-0.5611,4.4304,-0.5298,-0.3561,-0.2376,-1.9492,-10.3182,-9.5628,-10.3062,-9.0629,-0.2779
8.5680,dirt,0.715,0.400,-0.5504,4.4466,-0.5100,-0.3515,-0.3008,-1.3968,-10.3377,-9.5360,-10.2888,-9.0504,-0.2731
8.5800,dirt,0.715,0.400,-0.5394,4.4167,-0.4066,-0.3513,0.0312,-0.9804,-10.3470,-9.5138,-10.2958,-9.0620,-0.2689
8.5920,dirt,0.715,0.400,-0.5280,4.4159,-0.5646,-0.3512,-0.2754,-1.0601,-10.2941,-9.5781,-10.2827,-9.0999,-0.2623
8.6040,dirt,0.715,0.400,-0.5163,4.4514,-0.5149,-0.3493,-0.0378,-1.3962,-10.2935,-9.5602,-10.2751,-9.1040,-0.2564
8.6160,dirt,0.715,0.400,-0.5042,4.4347,-0.3813,-0.3482,-0.1843,-1.0009,-10.3070,-9.5402,-10.3222,-9.1331,-0.2516
8.6280,dirt,0.715,0.400,-0.4919,4.4909,-0.3708,-0.3467,0.1558,-0.6764,-10.3507,-9.5184,-10.3121,-9.0974,-0.2464
8.6400,dirt,0.715,0.400,-0.4792,4.5529,-0.3939,-0.3459,0.0842,-0.8770,-10.3066,-9.5394,-10.2844,-9.0860,-0.2394
8.6520,dirt,0.715,0.400,-0.4662,4.3849,-0.4680,-0.3458,0.0851,-0.9035,-10.2932,-9.5606,-10.3220,-9.1283,-0.2334
8.6640,dirt,0.715,0.400,-0.4529,4.4425,-0.4676,-0.3445,-0.0106,-0.8573,-10.3594,-9.5139,-10.3140,-9.1055,-0.2279
8.6760,dirt,0.715,0.400,-0.4394,4.5313,-0.4902,-0.3407,-0.0906,-0.7941,-10.3205,-9.5336,-10.2906,-9.1517,-0.2213
8.6880,dirt,0.715,0.400,-0.4256,4.5039,-0.3234,-0.3371,0.1650,-1.0564,-10.2802,-9.5401,-10.2780,-9.1524,-0.2139
8.7000,dirt,0.715,0.400,-0.4114,4.4978,-0.3910,-0.3326,0.0778,-0.8079,-10.3051,-9.5289,-10.3111,-9.1124,-0.2078
8.7120,dirt,0.715,0.400,-0.3971,4.4507,-0.3644,-0.3279,0.0582,-0.4870,-10.3266,-9.5426,-10.2672,-9.1740,-0.2010
8.7240,dirt,0.715,0.400,-0.3825,4.4504,-0.3532,-0.3257,0.0345,-0.7759,-10.2356,-9.6069,-10.2915,-9.1017,-0.1938
8.7360,dirt,0.715,0.400,-0.3676,4.5137,-0.4312,-0.3217,-0.0044,-0.5312,-10.2527,-9.6265,-10.2898,-9.0774,-0.1856
8.7480,dirt,0.715,0.400,-0.3525,4.5070,-0.4598,-0.3094,0.1630,-0.6446,-10.2885,-9.5898,-10.2760,-9.1186,-0.1783
8.7600,dirt,0.715,0.400,-0.3372,4.4681,-0.3862,-0.3020,0.1100,-0.4816,-10.2882,-9.5804,-10.2671,-9.1803,-0.1720
8.7720,dirt,0.715,0.400,-0.3217,4.3403,-0.2733,-0.2959,0.1654,-1.0891,-10.1850,-9.6318,-10.2110,-9.2048,-0.1649
8.7840,dirt,0.715,0.400,-0.3060,4.4855,-0.3591,-0.2938,-0.1609,-0.8957,-10.1514,-9.6733,-10.2143,-9.2283,-0.1561
8.7960,dirt,0.715,0.400,-0.2901,4.4406,-0.3151,-0.2870,-0.0388,-0.3103,-10.1727,-9.6913,-10.2276,-9.1700,-0.1469
8.8080,dirt,0.715,0.400,-0.2740,4.5172,-0.2917,-0.2674,0.1852,-0.1375,-10.1931,-9.6224,-10.2262,-9.2325,-0.1395
8.8200,dirt,0.715,0.400,-0.2577,4.5050,-0.2577,-0.2647,0.2738,-0.0232,-10.1890,-9.6478,-10.2084,-9.2975,-0.1331
8.8320,dirt,0.715,0.400,-0.2413,4.3846,-0.2858,-0.2589,0.2346,-0.3385,-10.1147,-9.6837,-10.2474,-9.2215,-0.1249
8.8440,dirt,0.715,0.400,-0.2247,4.5045,-0.2193,-0.2526,0.0698,-0.4430,-10.1159,-9.6975,-10.1956,-9.2840,-0.1163
8.8560,dirt,0.715,0.400,-0.2079,4.4944,-0.3547,-0.2417,0.3317,-0.1903,-10.0659,-9.7296,-10.1870,-9.2609,-0.1075
8.8680,dirt,0.715,0.400,-0.1911,4.4934,-0.2768,-0.2266,0.6530,0.0282,-10.0966,-9.6780,-10.1720,-9.2600,-0.0999
8.8800,dirt,0.715,0.400,-0.1741,4.4838,-0.2808,-0.2184,0.2387,-0.3095,-10.1191,-9.6257,-10.1416,-9.3290,-0.0932
8.8920,dirt,0.715,0.400,-0.1570,4.4860,-0.1646,-0.2134,0.1052,0.1999,-10.0086,-9.7466,-10.1494,-9.2841,-0.0837
8.9040,dirt,0.715,0.400,-0.1398,4.4246,-0.2601,-0.2051,0.0570,-0.0395,-10.0115,-9.7991,-10.1079,-9.3490,-0.0748
8.9160,dirt,0.715,0.400,-0.1225,4.5721,-0.2491,-0.1962,0.0905,-0.2127,-10.0081,-9.7550,-10.0674,-9.4052,-0.0651
8.9280,dirt,0.715,0.400,-0.1052,4.5157,-0.1774,-0.1743,0.2879,0.0707,-9.9754,-9.7741,-10.1137,-9.4095,-0.0573
8.9400,dirt,0.715,0.400,-0.0877,4.4773,-0.3223,-0.1676,0.0298,0.0338,-9.9762,-9.7090,-10.0557,-9.4737,-0.0487
8.9520,dirt,0.715,0.400,-0.0703,4.4686,-0.2745,-0.1608,0.0065,0.1409,-9.9056,-9.7257,-10.0640,-9.5088,-0.0411
8.9640,dirt,0.715,0.400,-0.0527,4.4693,-0.1216,-0.1544,-0.0481,0.2364,-9.8652,-9.7976,-10.0683,-9.4913,-0.0307
8.9760,dirt,0.715,0.400,-0.0352,4.4367,-0.1638,-0.1451,0.7277,-0.1002,-9.8604,-9.8377,-10.0215,-9.5149,-0.0208
8.9880,dirt,0.715,0.400,-0.0176,4.5011,-0.0764,-0.1259,0.1718,0.6448,-9.9294,-9.7595,-10.0388,-9.4755,-0.0132
9.0000,dirt,0.715,0.400,0.0000,4.4638,-0.1523,-0.1215,0.1945,0.3058,-9.9453,-9.7784,-9.9880,-9.4740,-0.0058
9.0120,dirt,0.715,0.400,0.0176,4.5032,-0.2102,-0.1096,0.0425,0.0855,-9.9490,-9.7272,-9.9868,-9.5654,0.0035
9.0240,dirt,0.715,0.400,0.0352,4.4898,-0.1209,-0.1033,-0.0261,0.3781,-9.8183,-9.7972,-9.9126,-9.6223,0.0128
9.0360,dirt,0.715,0.400,0.0527,4.5378,-0.1001,-0.0943,-0.1601,0.4462,-9.7278,-9.9326,-9.9648,-9.5980,0.0211
9.0480,dirt,0.715,0.400,0.0703,4.5120,-0.1231,-0.0789,-0.1186,0.5969,-9.7518,-9.9461,-9.9058,-9.6572,0.0327
9.0600,dirt,0.715,0.400,0.0877,4.4909,-0.0937,-0.0668,0.1396,0.7354,-9.8344,-9.8441,-9.8951,-9.6507,0.0403
9.0720,dirt,0.715,0.400,0.1052,4.5923,-0.0515,-0.0595,0.2055,0.5811,-9.8528,-9.8438,-9.8968,-9.6455,0.0461
9.0840,dirt,0.715,0.400,0.1225,4.4916,-0.1046,-0.0523,0.0224,0.6756,-9.8248,-9.7953,-9.8820,-9.6788,0.0536
9.0960,dirt,0.715,0.400,0.1398,4.5503,0.0012,-0.0468,0.2516,1.2165,-9.7073,-9.8984,-9.8524,-9.6579,0.0644
9.1080,dirt,0.715,0.400,0.1570,4.5646,-0.0742,-0.0264,-0.4214,0.5645,-9.6279,-10.0327,-9.8264,-9.6810,0.0749
9.1200,dirt,0.715,0.400,0.1741,4.5581,-0.0540,-0.0177,-0.0338,0.5763,-9.6874,-9.9694,-9.8107,-9.7362,0.0819
9.1320,dirt,0.715,0.400,0.1911,4.5778,-0.0519,-0.0125,-0.0168,0.9555,-9.7257,-9.9165,-9.7998,-9.7525,0.0889
9.1440,dirt,0.715,0.400,0.2079,4.4635,0.0251,-0.0018,-0.0725,0.9434,-9.7330,-9.9648,-9.8071,-9.7505,0.0967
9.1560,dirt,0.715,0.400,0.2247,4.5064,0.0202,0.0094,-0.0768,1.2522,-9.6606,-9.9778,-9.7596,-9.8287,0.1062
9.1680,dirt,0.715,0.400,0.2413,4.5297,-0.0373,0.0223,0.2903,0.7056,-9.6587,-9.9580,-9.7834,-9.7979,0.1141
9.1800,dirt,0.715,0.400,0.2577,4.4427,-0.0101,0.0313,0.0302,1.9046,-9.7096,-9.9013,-9.7679,-9.7254,0.1213
9.1920,dirt,0.715,0.400,0.2740,4.4778,0.0248,0.0367,-0.2144,1.0134,-9.6184,-9.9292,-9.7358,-9.8457,0.1300
9.2040,dirt,0.715,0.400,0.2901,4.4916,-0.0050,0.0446,-0.2994,1.3313,-9.5735,-9.9973,-9.7266,-9.8698,0.1381
9.2160,dirt,0.715,0.400,0.3060,4.6108,0.1047,0.0467,-0.1059,0.2546,-9.4776,-10.0911,-9.7449,-9.8015,0.1463
9.2280,dirt,0.715,0.400,0.3217,4.5986,0.0371,0.0656,-0.2604,0.7281,-9.5067,-10.1246,-9.7000,-9.9232,0.1542
9.2400,dirt,0.715,0.400,0.3372,4.5330,0.0635,0.0735,-0.3843,1.7005,-9.6039,-9.9879,-9.6794,-9.9054,0.1606
9.2520,dirt,0.715,0.400,0.3525,4.4585,0.1592,0.0841,0.2502,1.1264,-9.6070,-10.0112,-9.6773,-9.9028,0.1677
9.2640,dirt,0.715,0.400,0.3676,4.4926,0.1260,0.0922,-0.1004,1.0099,-9.5679,-10.0786,-9.6916,-9.8987,0.1772
9.2760,dirt,0.715,0.400,0.3825,4.4920,0.2073,0.0958,-0.1979,1.7107,-9.5870,-10.0324,-9.6934,-9.9454,0.1849
9.2880,dirt,0.715,0.400,0.3971,4.4817,0.0466,0.1140,-0.0568,1.9721,-9.5815,-9.9692,-9.6498,-9.9579,0.1903
9.3000,dirt,0.715,0.400,0.4114,4.5939,0.1265,0.1208,-0.0980,1.3689,-9.4538,-10.0945,-9.5575,-9.9271,0.1999
9.3120,dirt,0.715,0.400,0.4256,4.4650,0.2417,0.1269,-0.3114,1.6914,-9.4753,-10.1339,-9.5577,-10.0382,0.2070
9.3240,dirt,0.715,0.400,0.4394,4.4827,0.0819,0.1351,0.0657,1.5352,-9.4640,-9.9857,-9.6128,-10.0300,0.2127
9.3360,dirt,0.715,0.400,0.4529,4.4301,0.1484,0.1454,-0.1615,1.4888,-9.4792,-9.9895,-9.6597,-10.0445,0.2174
9.3480,dirt,0.715,0.400,0.4662,4.5201,0.1976,0.1617,0.1104,1.2771,-9.4801,-10.0271,-9.5730,-10.0760,0.2229
9.3600,dirt,0.715,0.400,0.4792,4.4368,0.2021,0.1616,-0.3770,2.2956,-9.3929,-10.1394,-9.5927,-9.9659,0.2298
9.3720,dirt,0.715,0.400,0.4919,4.5294,0.2307,0.1656,-0.1371,2.1213,-9.3529,-10.2106,-9.5313,-10.0872,0.2367
9.3840,dirt,0.715,0.400,0.5042,4.4361,0.2030,0.1677,-0.4686,0.6867,-9.3443,-10.2520,-9.5136,-10.1210,0.2434
9.3960,dirt,0.715,0.400,0.5163,4.5274,0.3179,0.1785,-0.3331,1.5525,-9.2869,-10.2677,-9.4331,-10.1570,0.2498
9.4080,dirt,0.715,0.400,0.5280,4.3898,0.1985,0.1936,-0.1764,2.4198,-9.3323,-10.2250,-9.4549,-10.0764,0.2554
9.4200,dirt,0.715,0.400,0.5394,4.3868,0.2535,0.1977,-0.1850,1.6021,-9.3539,-10.2446,-9.3952,-10.1872,0.2603
9.4320,dirt,0.715,0.400,0.5504,4.4145,0.3092,0.2095,-0.0758,1.4471,-9.3615,-10.2697,-9.4446,-10.1608,0.2655
9.4440,dirt,0.715,0.400,0.5611,4.4791,0.2374,0.2155,-0.1331,1.8479,-9.3562,-10.2563,-9.5104,-10.0907,0.2712
9.4560,dirt,0.715,0.400,0.5714,4.4828,0.2961,0.2214,-0.1464,1.9186,-9.3614,-10.2540,-9.4211,-10.0957,0.2764
9.4680,dirt,0.715,0.400,0.5814,4.4371,0.2962,0.2288,-0.1658,1.7384,-9.4321,-10.2446,-9.3533,-10.1953,0.2810
9.4800,dirt,0.715,0.400,0.5910,4.5211,0.3591,0.2348,-0.1551,1.7056,-9.3947,-10.2749,-9.2805,-10.2125,0.2857
9.4920,dirt,0.715,0.400,0.6003,4.4379,0.3707,0.2415,0.1294,1.7313,-9.3855,-10.2736,-9.3174,-10.1732,0.2905
9.5040,dirt,0.715,0.400,0.6091,4.4699,0.2688,0.2453,-0.1574,1.5965,-9.4149,-10.2671,-9.2984,-10.2215,0.2953
9.5160,dirt,0.715,0.400,0.6176,4.5144,0.2204,0.2540,-0.0964,1.8353,-9.3754,-10.3211,-9.3196,-10.2045,0.2995
9.5280,dirt,0.715,0.400,0.6257,4.5083,0.2473,0.2651,-0.1825,1.7716,-9.4257,-10.2581,-9.4024,-10.2245,0.3029
9.5400,dirt,0.715,0.400,0.6334,4.4796,0.2231,0.2710,0.1737,1.5772,-9.4093,-10.2639,-9.4012,-10.1539,0.3065
9.5520,dirt,0.715,0.400,0.6407,4.5023,0.2765,0.2767,-0.0124,2.4118,-9.4311,-10.2418,-9.3335,-10.2175,0.3104
9.5640,dirt,0.715,0.400,0.6476,4.4895,0.3997,0.2821,-0.1577,2.0793,-9.4276,-10.2601,-9.3543,-10.1841,0.3132
9.5760,dirt,0.715,0.400,0.6540,4.5104,0.3971,0.2816,-0.1279,2.6160,-9.4640,-10.2241,-9.3990,-10.2391,0.3157
9.5880,dirt,0.715,0.400,0.6601,4.5394,0.3848,0.2907,0.2799,1.7940,-9.4437,-10.2413,-9.2335,-10.3352,0.3186
9.6000,dirt,0.715,0.400,0.6657,4.4127,0.3475,0.2973,-0.1433,1.3960,-9.4127,-10.2941,-9.2163,-10.3670,0.3217
9.6120,dirt,0.715,0.400,0.6710,4.4092,0.4158,0.3018,-0.4549,2.2494,-9.4239,-10.3033,-9.1957,-10.3386,0.3239
9.6240,dirt,0.715,0.400,0.6758,4.4539,0.3622,0.3044,-0.1526,1.7982,-9.4092,-10.3515,-9.2159,-10.3555,0.3267
9.6360,dirt,0.715,0.400,0.6801,4.5111,0.3175,0.3065,-0.3392,1.6989,-9.3852,-10.3763,-9.3385,-10.2888,0.3290
9.6480,dirt,0.715,0.400,0.6841,4.3789,0.4943,0.3130,-0.1308,1.1774,-9.3753,-10.3757,-9.3084,-10.3222,0.3305
9.6600,dirt,0.715,0.400,0.6876,4.4496,0.4103,0.3168,-0.5454,2.3360,-9.3189,-10.4199,-9.2932,-10.3041,0.3324
9.6720,dirt,0.715,0.400,0.6907,4.4257,0.4259,0.3131,0.0896,2.4235,-9.3320,-10.4151,-9.2704,-10.2780,0.3345
9.6840,dirt,0.715,0.400,0.6933,4.5016,0.4332,0.3164,-0.3436,2.0370,-9.3459,-10.4165,-9.2312,-10.3552,0.3362
9.6960,dirt,0.715,0.400,0.6955,4.4503,0.3076,0.3174,-0.1403,2.4154,-9.3512,-10.3961,-9.2343,-10.3702,0.3372
9.7080,dirt,0.715,0.400,0.6973,4.5672,0.4918,0.3173,-0.0765,2.0235,-9.3840,-10.3782,-9.1629,-10.3434,0.3379
9.7200,dirt,0.715,0.400,0.6986,4.4256,0.4851,0.3247,-0.3867,1.7585,-9.3906,-10.4049,-9.0303,-10.3968,0.3385
9.7320,dirt,0.715,0.400,0.6995,4.4582,0.4261,0.3312,-0.4854,1.9437,-9.4510,-10.4051,-9.0810,-10.3336,0.3390
9.7440,dirt,0.715,0.400,0.6999,4.4544,0.4445,0.3341,-0.5501,1.5989,-9.4671,-10.3875,-9.0474,-10.3819,0.3393
9.7560,dirt,0.715,0.400,0.6999,4.4466,0.5346,0.3423,-0.1251,1.8141,-9.4286,-10.4090,-9.0734,-10.3702,0.3391
9.7680,dirt,0.715,0.400,0.6995,4.4355,0.4382,0.3486,-0.5392,1.9584,-9.4427,-10.4024,-9.0614,-10.4090,0.3389
9.7800,dirt,0.715,0.400,0.6986,4.4387,0.5511,0.3533,0.1418,1.3363,-9.4384,-10.4170,-8.9856,-10.3697,0.3386
9.7920,dirt,0.715,0.400,0.6973,4.4696,0.4927,0.3511,-0.2318,2.0014,-9.3750,-10.4830,-9.0526,-10.2394,0.3385
9.8040,dirt,0.715,0.400,0.6955,4.3813,0.5376,0.3509,-0.2474,2.1185,-9.3953,-10.4812,-9.0237,-10.3952,0.3378
9.8160,dirt,0.715,0.400,0.6933,4.5003,0.4386,0.3556,-0.4487,2.0612,-9.3776,-10.4696,-9.0631,-10.2515,0.3371
9.8280,dirt,0.715,0.400,0.6907,4.5174,0.5463,0.3571,-0.1092,1.9306,-9.4091,-10.4527,-9.0884,-10.2645,0.3359
9.8400,dirt,0.715,0.400,0.6876,4.4610,0.5809,0.3591,-0.2357,1.7818,-9.4514,-10.3936,-9.0267,-10.3675,0.3344
9.8520,dirt,0.715,0.400,0.6841,4.3751,0.5824,0.3604,-0.5388,1.9576,-9.4209,-10.4244,-9.0093,-10.3397,0.3325
9.8640,dirt,0.715,0.400,0.6801,4.5158,0.4941,0.3646,-0.1858,2.1174,-9.4222,-10.4478,-9.0377,-10.2707,0.3309
9.8760,dirt,0.715,0.400,0.6758,4.4415,0.5789,0.3634,-0.4153,1.8791,-9.3861,-10.4993,-8.9416,-10.3459,0.3292
9.8880,dirt,0.715,0.400,0.6710,4.4919,0.4833,0.3694,-0.3593,2.1236,-9.3830,-10.5215,-8.9583,-10.3368,0.3274
9.9000,dirt,0.715,0.400,0.6657,4.4805,0.6637,0.3696,-0.2112,1.7569,-9.3873,-10.5057,-8.9919,-10.2330,0.3250
9.9120,dirt,0.715,0.400,0.6601,4.4074,0.4794,0.3703,-0.4081,1.0641,-9.4366,-10.4854,-8.8839,-10.3913,0.3220
9.9240,dirt,0.715,0.400,0.6540,4.4013,0.5813,0.3714,-0.1482,1.8664,-9.4404,-10.4528,-8.9777,-10.3426,0.3194
9.9360,dirt,0.715,0.400,0.6476,4.4794,0.4993,0.3705,-0.1421,1.5907,-9.4709,-10.4496,-8.9383,-10.2842,0.3169
9.9480,dirt,0.715,0.400,0.6407,4.4193,0.5827,0.3703,-0.0790,1.5180,-9.4039,-10.4954,-8.9427,-10.3621,0.3139
9.9600,dirt,0.715,0.400,0.6334,4.4867,0.5972,0.3724,-0.2472,1.6980,-9.4202,-10.4860,-8.9843,-10.3292,0.3110
9.9720,dirt,0.715,0.400,0.6257,4.4612,0.6027,0.3730,-0.2726,1.4868,-9.4076,-10.4757,-9.0023,-10.3072,0.3074
9.9840,dirt,0.715,0.400,0.6176,4.4287,0.5060,0.3736,-0.2199,1.6023,-9.3983,-10.5136,-9.0085,-10.3369,0.3035
9.9960,dirt,0.715,0.400,0.6091,4.3936,0.5598,0.3760,-0.1042,1.8896,-9.3920,-10.4818,-8.8836,-10.3843,0.3000
10.0080,dirt,0.715,0.400,0.6003,4.5153,0.4367,0.3749,-0.2468,1.4750,-9.4431,-10.4737,-8.9220,-10.3745,0.2952
10.0200,dirt,0.715,0.400,0.5910,4.5390,0.4043,0.3775,-0.2369,2.0200,-9.4280,-10.5054,-8.9279,-10.3711,0.2908
10.0320,dirt,0.715,0.400,0.5814,4.4030,0.4690,0.3762,-0.1168,1.2092,-9.3555,-10.5311,-8.9111,-10.4294,0.2868
10.0440,dirt,0.715,0.400,0.5714,4.4800,0.5205,0.3735,-0.0541,1.7939,-9.3628,-10.5095,-8.9986,-10.3803,0.2831
10.0560,dirt,0.715,0.400,0.5611,4.3836,0.5017,0.3742,-0.2811,1.3161,-9.4083,-10.5155,-8.9285,-10.3785,0.2783
10.0680,dirt,0.715,0.400,0.5504,4.4613,0.4938,0.3737,-0.0088,1.4175,-9.4355,-10.4426,-8.9837,-10.3742,0.2731
10.0800,dirt,0.715,0.400,0.5394,4.4073,0.5112,0.3722,-0.2922,0.6394,-9.3872,-10.4670,-8.9882,-10.3555,0.2673
10.0920,dirt,0.715,0.400,0.5280,4.4360,0.3820,0.3725,-0.0240,1.1237,-9.3954,-10.4995,-8.9607,-10.3920,0.2617
10.1040,dirt,0.715,0.400,0.5163,4.4592,0.5329,0.3722,0.1429,1.1112,-9.3602,-10.5018,-9.0235,-10.3918,0.2566
10.1160,dirt,0.715,0.400,0.5042,4.5359,0.3742,0.3676,0.0096,1.0458,-9.3797,-10.4935,-8.9984,-10.4030,0.2518
10.1280,dirt,0.715,0.400,0.4919,4.5122,0.3800,0.3677,0.1487,0.6308,-9.4111,-10.4784,-8.9830,-10.4022,0.2466
10.1400,dirt,0.715,0.400,0.4792,4.4589,0.4035,0.3661,-0.1521,0.5718,-9.4573,-10.4357,-9.0097,-10.4414,0.2400
10.1520,dirt,0.715,0.400,0.4662,4.4184,0.4907,0.3621,0.0243,0.4264,-9.4181,-10.4815,-8.9762,-10.4457,0.2335
10.1640,dirt,0.715,0.400,0.4529,4.4549,0.4539,0.3595,-0.0034,1.1065,-9.4075,-10.4649,-9.0050,-10.4634,0.2273
10.1760,dirt,0.715,0.400,0.4394,4.4957,0.4470,0.3566,0.0688,0.0957,-9.4329,-10.4386,-9.0241,-10.4543,0.2210
10.1880,dirt,0.715,0.400,0.4256,4.4595,0.4831,0.3519,-0.2707,0.2506,-9.4729,-10.4090,-8.9674,-10.4930,0.2142
10.2000,dirt,0.715,0.400,0.4114,4.3843,0.3992,0.3501,0.0445,0.8244,-9.5175,-10.4006,-9.0129,-10.4726,0.2071
10.2120,dirt,0.715,0.400,0.3971,4.5041,0.2320,0.3413,0.2412,0.8002,-9.4793,-10.4148,-9.0288,-10.4219,0.2009
10.2240,dirt,0.715,0.400,0.3825,4.4469,0.4192,0.3375,0.0985,0.5125,-9.4530,-10.4228,-9.0515,-10.4049,0.1945
10.2360,dirt,0.715,0.400,0.3676,4.5016,0.3627,0.3338,0.1283,0.3952,-9.5088,-10.3743,-9.0945,-10.4063,0.1870
10.2480,dirt,0.715,0.400,0.3525,4.5500,0.4069,0.3219,0.2491,0.6888,-9.5281,-10.3478,-9.0697,-10.3705,0.1800
10.2600,dirt,0.715,0.400,0.3372,4.4882,0.3609,0.3152,0.1052,0.5244,-9.6480,-10.3112,-9.1147,-10.3136,0.1704
10.2720,dirt,0.715,0.400,0.3217,4.5031,0.3160,0.3097,-0.2835,0.4541,-9.5734,-10.3610,-9.0940,-10.2914,0.1633
10.2840,dirt,0.715,0.400,0.3060,4.5048,0.2660,0.3022,0.1157,0.5787,-9.5528,-10.3242,-9.0666,-10.3475,0.1575
10.2960,dirt,0.715,0.400,0.2901,4.4306,0.3251,0.2950,-0.2207,0.0619,-9.5354,-10.3242,-9.1473,-10.2890,0.1499
10.3080,dirt,0.715,0.400,0.2740,4.4759,0.2592,0.2803,-0.0925,0.7250,-9.6242,-10.2418,-9.1519,-10.2643,0.1417
10.3200,dirt,0.715,0.400,0.2577,4.4601,0.2707,0.2764,0.3576,0.7062,-9.7074,-10.1687,-9.1460,-10.2743,0.1334
10.3320,dirt,0.715,0.400,0.2413,4.4790,0.2096,0.2654,0.1717,0.4802,-9.6738,-10.1676,-9.2542,-10.2321,0.1248
10.3440,dirt,0.715,0.400,0.2247,4.5639,0.2785,0.2556,0.2199,0.5637,-9.6594,-10.1538,-9.2626,-10.2202,0.1169
10.3560,dirt,0.715,0.400,0.2079,4.5824,0.2702,0.2450,0.0847,0.2631,-9.6214,-10.1705,-9.2932,-10.1842,0.1091
10.3680,dirt,0.715,0.400,0.1911,4.5448,0.2519,0.2287,0.0194,0.4669,-9.6756,-10.1174,-9.3402,-10.1773,0.1002
10.3800,dirt,0.715,0.400,0.1741,4.4487,0.3017,0.2186,-0.0092,0.1613,-9.7407,-10.0394,-9.3289,-10.1819,0.0914
10.3920,dirt,0.715,0.400,0.1570,4.5351,0.2054,0.2106,0.0921,0.3543,-9.7504,-10.0706,-9.3555,-10.1604,0.0827
10.4040,dirt,0.715,0.400,0.1398,4.5209,0.1781,0.2032,0.1151,-0.1970,-9.6622,-10.1170,-9.3808,-10.1447,0.0749
10.4160,dirt,0.715,0.400,0.1225,4.4678,0.1703,0.2002,0.2794,-0.0949,-9.6479,-10.0800,-9.3445,-10.1494,0.0672
10.4280,dirt,0.715,0.400,0.1052,4.5445,0.1784,0.1809,-0.0839,0.0230,-9.6430,-10.0647,-9.4008,-10.1375,0.0585
10.4400,dirt,0.715,0.400,0.0877,4.4938,0.2326,0.1771,-0.1581,-0.1882,-9.7088,-10.0046,-9.3845,-10.1623,0.0480
10.4520,dirt,0.715,0.400,0.0703,4.4733,0.2339,0.1646,0.2371,0.0305,-9.7524,-9.9441,-9.3639,-10.1337,0.0406
10.4640,dirt,0.715,0.400,0.0527,4.4614,0.2560,0.1564,-0.2661,0.2856,-9.7304,-10.0029,-9.4610,-10.0766,0.0332
10.4760,dirt,0.715,0.400,0.0352,4.5101,0.1029,0.1491,-0.1167,-0.4253,-9.7297,-10.0246,-9.4301,-10.1085,0.0232
10.4880,dirt,0.715,0.400,0.0176,4.4666,0.2317,0.1323,0.0710,-0.5435,-9.7472,-9.9919,-9.4459,-10.0654,0.0137
10.5000,dirt,0.715,0.400,-0.0000,4.4864,0.0589,0.1255,-0.0791,0.2369,-9.6956,-9.9712,-9.5696,-10.0471,0.0060
10.5120,dirt,0.715,0.400,-0.0176,4.4879,0.1980,0.1118,0.3120,-0.6427,-9.6696,-10.0084,-9.5412,-10.0384,-0.0009
10.5240,dirt,0.715,0.400,-0.0352,4.5568,0.1101,0.1031,0.1366,-0.1044,-9.8264,-9.8466,-9.5548,-10.0423,-0.0108
10.5360,dirt,0.715,0.400,-0.0527,4.5749,0.1177,0.0962,0.7313,-1.1864,-9.8781,-9.7963,-9.6407,-9.9895,-0.0203
10.5480,dirt,0.715,0.400,-0.0703,4.5378,0.1149,0.0800,-0.0917,-0.6306,-9.8073,-9.8369,-9.5761,-10.0360,-0.0290
10.5600,dirt,0.715,0.400,-0.0877,4.5097,0.1214,0.0709,0.0525,-0.7504,-9.8087,-9.8631,-9.6098,-9.9828,-0.0372
10.5720,dirt,0.715,0.400,-0.1052,4.5242,0.1009,0.0667,-0.3779,0.0419,-9.8386,-9.8665,-9.6108,-9.9426,-0.0485
10.5840,dirt,0.715,0.400,-0.1225,4.5219,0.0083,0.0602,0.2535,-0.9875,-9.7630,-9.9070,-9.5994,-9.9624,-0.0562
10.5960,dirt,0.715,0.400,-0.1398,4.5419,0.0036,0.0474,0.0478,-0.6004,-9.6883,-9.9186,-9.6420,-9.9308,-0.0620
10.6080,dirt,0.715,0.400,-0.1570,4.5758,0.0035,0.0310,-0.0148,-0.5273,-9.8234,-9.8621,-9.7287,-9.8838,-0.0692
10.6200,dirt,0.715,0.400,-0.1741,4.5187,0.0333,0.0264,-0.1895,-0.5423,-9.9521,-9.7515,-9.6739,-9.9153,-0.0803
10.6320,dirt,0.715,0.400,-0.1911,4.6083,0.0338,0.0165,-0.0029,-0.8317,-9.9978,-9.6987,-9.6781,-9.9127,-0.0898
10.6440,dirt,0.715,0.400,-0.2079,4.4870,-0.0241,0.0088,-0.0577,-0.6824,-9.9728,-9.7426,-9.7821,-9.8868,-0.0973
10.6560,dirt,0.715,0.400,-0.2247,4.4799,0.0109,-0.0001,0.2196,-1.3622,-9.8664,-9.8018,-9.7354,-9.9121,-0.1046
10.6680,dirt,0.715,0.400,-0.2413,4.4740,0.0263,-0.0159,-0.0237,-0.9351,-9.8669,-9.8092,-9.7442,-9.8826,-0.1125
10.6800,dirt,0.715,0.400,-0.2577,4.5125,0.0040,-0.0227,-0.1038,-0.4959,-9.9492,-9.7621,-9.7876,-9.8170,-0.1221
10.6920,dirt,0.715,0.400,-0.2740,4.6112,-0.1368,-0.0307,-0.2787,-1.6237,-9.8951,-9.7606,-9.7730,-9.8497,-0.1311
10.7040,dirt,0.715,0.400,-0.2901,4.5590,0.0368,-0.0367,-0.0195,-1.2276,-9.8422,-9.7244,-9.8388,-9.8046,-0.1387
10.7160,dirt,0.715,0.400,-0.3060,4.5247,0.0569,-0.0460,-0.0837,-1.5085,-9.8555,-9.7064,-9.8725,-9.7942,-0.1458
10.7280,dirt,0.715,0.400,-0.3217,4.4798,-0.1221,-0.0610,-0.2951,-0.5907,-9.9186,-9.6474,-9.8577,-9.7824,-0.1522
10.7400,dirt,0.715,0.400,-0.3372,4.5011,-0.0030,-0.0666,-0.3527,-1.4696,-10.0130,-9.5856,-9.8367,-9.8148,-0.1602
10.7520,dirt,0.715,0.400,-0.3525,4.4424,-0.0653,-0.0737,-0.0355,-0.5445,-10.0821,-9.5438,-9.8944,-9.7744,-0.1679
10.7640,dirt,0.715,0.400,-0.3676,4.5120,-0.1166,-0.0825,-0.0620,-1.5032,-10.0839,-9.4549,-9.8941,-9.7875,-0.1760
10.7760,dirt,0.715,0.400,-0.3825,4.4997,-0.0732,-0.0941,-0.1027,-1.2069,-9.9905,-9.5255,-9.8508,-9.7872,-0.1836
10.7880,dirt,0.715,0.400,-0.3971,4.5109,-0.0848,-0.1074,-0.8288,-1.5734,-9.9989,-9.5859,-9.8618,-9.7748,-0.1906
10.8000,dirt,0.715,0.400,-0.4114,4.5369,-0.0533,-0.1108,-0.5287,-1.4926,-10.0015,-9.6331,-9.9159,-9.7716,-0.1962
10.8120,dirt,0.715,0.400,-0.4256,4.5111,-0.1841,-0.1171,-0.0798,-1.3276,-9.9831,-9.6375,-9.9314,-9.7163,-0.2046
10.8240,dirt,0.715,0.400,-0.4394,4.5447,-0.1922,-0.1215,-0.0690,-1.1082,-10.0077,-9.6251,-9.8991,-9.6981,-0.2125
10.8360,dirt,0.715,0.400,-0.4529,4.4778,-0.2071,-0.1318,0.2319,-2.1810,-9.9967,-9.5810,-9.9891,-9.6722,-0.2195
10.8480,dirt,0.715,0.400,-0.4662,4.5730,-0.2263,-0.1490,-0.3051,-1.2129,-10.0049,-9.5823,-10.0076,-9.6831,-0.2251
10.8600,dirt,0.715,0.400,-0.4792,4.4908,-0.1759,-0.1583,-0.0746,-1.5086,-9.9874,-9.5239,-10.0252,-9.6873,-0.2304
10.8720,dirt,0.715,0.400,-0.4919,4.4790,-0.2394,-0.1653,-0.3238,-1.0654,-10.0659,-9.4441,-10.0661,-9.6463,-0.2372
10.8840,dirt,0.715,0.400,-0.5042,4.4871,-0.1380,-0.1730,-0.3027,-1.3920,-10.0662,-9.4850,-9.9799,-9.6550,-0.2432
10.8960,dirt,0.715,0.400,-0.5163,4.4619,-0.1762,-0.1804,-0.4893,-1.5075,-10.0716,-9.4496,-10.0450,-9.5594,-0.2493
10.9080,dirt,0.715,0.400,-0.5280,4.5097,-0.2142,-0.1925,-0.2207,-1.7296,-10.0980,-9.4096,-10.1040,-9.5703,-0.2556
10.9200,dirt,0.715,0.400,-0.5394,4.4958,-0.2170,-0.1940,-0.1814,-1.3108,-10.0702,-9.4658,-10.1494,-9.4890,-0.2607
10.9320,dirt,0.715,0.400,-0.5504,4.4312,-0.2211,-0.2039,-0.2408,-1.8339,-10.1015,-9.4312,-10.1029,-9.5006,-0.2658
10.9440,dirt,0.715,0.400,-0.5611,4.4817,-0.3023,-0.2075,-0.1681,-1.8171,-10.1284,-9.4498,-10.1210,-9.4150,-0.2713
10.9560,dirt,0.715,0.400,-0.5714,4.4292,-0.1898,-0.2151,-0.2029,-1.8519,-10.1396,-9.4388,-10.1734,-9.4652,-0.2765
10.9680,dirt,0.715,0.400,-0.5814,4.5031,-0.2242,-0.2259,-0.2517,-1.5408,-10.1435,-9.4201,-10.1501,-9.5147,-0.2811
10.9800,dirt,0.715,0.400,-0.5910,4.4263,-0.2484,-0.2284,0.0359,-1.5046,-10.1654,-9.4249,-10.0471,-9.6330,-0.2858
10.9920,dirt,0.715,0.400,-0.6003,4.4371,-0.2798,-0.2353,-0.1667,-2.2098,-10.1528,-9.3742,-10.1490,-9.5261,-0.2910
11.0040,dirt,0.715,0.400,-0.6091,4.4453,-0.2480,-0.2393,-0.3603,-1.6669,-10.1767,-9.3761,-10.1522,-9.5156,-0.2949
11.0160,dirt,0.715,0.400,-0.6176,4.5247,-0.2344,-0.2415,-0.3484,-2.1342,-10.1966,-9.4318,-10.1762,-9.4619,-0.2993
11.0280,dirt,0.715,0.400,-0.6257,4.4494,-0.2869,-0.2486,-0.2098,-1.9741,-10.2141,-9.3862,-10.1892,-9.4269,-0.3040
11.0400,dirt,0.715,0.400,-0.6334,4.4700,-0.3058,-0.2517,-0.1598,-1.9870,-10.2064,-9.4241,-10.2288,-9.3950,-0.3075
11.0520,dirt,0.715,0.400,-0.6407,4.4467,-0.2880,-0.2607,-0.1522,-1.6155,-10.2322,-9.4573,-10.2013,-9.2961,-0.3108
11.0640,dirt,0.715,0.400,-0.6476,4.3853,-0.3170,-0.2672,-0.3648,-1.4937,-10.2035,-9.4574,-10.2328,-9.2920,-0.3141
11.0760,dirt,0.715,0.400,-0.6540,4.4672,-0.3768,-0.2740,0.0266,-1.4249,-10.2819,-9.4451,-10.2504,-9.2810,-0.3176
11.0880,dirt,0.715,0.400,-0.6601,4.4953,-0.3561,-0.2858,-0.1341,-1.7735,-10.2626,-9.4206,-10.2594,-9.3174,-0.3207
11.1000,dirt,0.715,0.400,-0.6657,4.3295,-0.4016,-0.2945,-0.0563,-1.9829,-10.2689,-9.3737,-10.2027,-9.4478,-0.3233
11.1120,dirt,0.715,0.400,-0.6710,4.3830,-0.4281,-0.2986,-0.4283,-2.1217,-10.2304,-9.3831,-10.2247,-9.4869,-0.3260
11.1240,dirt,0.715,0.400,-0.6758,4.4748,-0.3566,-0.2997,-0.2332,-1.8694,-10.2550,-9.3717,-10.2004,-9.4227,-0.3283
11.1360,dirt,0.715,0.400,-0.6801,4.4887,-0.4008,-0.3075,-0.3923,-1.7379,-10.2353,-9.3970,-10.2797,-9.4022,-0.3304
11.1480,dirt,0.715,0.400,-0.6841,4.4662,-0.4981,-0.3063,-0.6824,-2.6222,-10.1870,-9.4611,-10.3150,-9.2697,-0.3328
11.1600,dirt,0.715,0.400,-0.6876,4.4345,-0.4556,-0.3048,-0.1377,-2.5980,-10.2308,-9.4758,-10.3102,-9.2508,-0.3343
11.1720,dirt,0.715,0.400,-0.6907,4.4858,-0.4310,-0.3029,-0.2113,-3.1467,-10.2439,-9.5016,-10.2290,-9.3227,-0.3354
11.1840,dirt,0.715,0.400,-0.6933,4.5448,-0.4694,-0.3023,-0.0245,-1.4976,-10.2824,-9.4785,-10.2445,-9.2593,-0.3367
11.1960,dirt,0.715,0.400,-0.6955,4.3877,-0.4686,-0.3035,-0.2754,-2.0503,-10.3469,-9.4428,-10.2473,-9.1725,-0.3380
11.2080,dirt,0.715,0.400,-0.6973,4.3754,-0.4544,-0.3215,-0.0440,-1.4558,-10.3379,-9.4732,-10.2919,-9.1207,-0.3393
11.2200,dirt,0.715,0.400,-0.6986,4.3469,-0.4018,-0.3274,-0.5971,-1.7399,-10.3573,-9.4491,-10.3437,-9.0815,-0.3404
11.2320,dirt,0.715,0.400,-0.6995,4.4689,-0.4288,-0.3302,0.4590,-2.3275,-10.3146,-9.4774,-10.3828,-9.0657,-0.3411
11.2440,dirt,0.715,0.400,-0.6999,4.5499,-0.5085,-0.3340,-0.2585,-1.7963,-10.3928,-9.4566,-10.3197,-9.0881,-0.3412
11.2560,dirt,0.715,0.400,-0.6999,4.3447,-0.4743,-0.3347,0.1683,-2.5507,-10.3376,-9.4884,-10.2900,-9.0960,-0.3412
11.2680,dirt,0.715,0.400,-0.6995,4.4747,-0.4763,-0.3449,-0.8348,-2.1581,-10.2883,-9.4836,-10.3402,-9.1486,-0.3410
11.2800,dirt,0.715,0.400,-0.6986,4.4650,-0.5355,-0.3499,0.1300,-1.7431,-10.3241,-9.4776,-10.3330,-9.0849,-0.3404
11.2920,dirt,0.715,0.400,-0.6973,4.4264,-0.3985,-0.3490,-0.0830,-1.9216,-10.3483,-9.4286,-10.3739,-9.1277,-0.3400
11.3040,dirt,0.715,0.400,-0.6955,4.5250,-0.4702,-0.3490,-0.3254,-1.8219,-10.3950,-9.4256,-10.2703,-9.0635,-0.3395
11.3160,dirt,0.715,0.400,-0.6933,4.4808,-0.4247,-0.3457,-0.2844,-2.6601,-10.3784,-9.4576,-10.2572,-9.0490,-0.3387
11.3280,dirt,0.715,0.400,-0.6907,4.5301,-0.5143,-0.3495,-0.3446,-1.9576,-10.4110,-9.4852,-10.2581,-9.0833,-0.3378
11.3400,dirt,0.715,0.400,-0.6876,4.4225,-0.5429,-0.3530,-0.6033,-2.0293,-10.3364,-9.4954,-10.2282,-9.1343,-0.3362
11.3520,dirt,0.715,0.400,-0.6841,4.3606,-0.4733,-0.3541,-0.1609,-1.6184,-10.3062,-9.5646,-10.1804,-9.1133,-0.3347
11.3640,dirt,0.715,0.400,-0.6801,4.4106,-0.5429,-0.3562,-0.3244,-1.9113,-10.3467,-9.5380,-10.2893,-9.0519,-0.3330
11.3760,dirt,0.715,0.400,-0.6758,4.3385,-0.4976,-0.3581,-0.2001,-1.1414,-10.3813,-9.5066,-10.2801,-9.0452,-0.3308
11.3880,dirt,0.715,0.400,-0.6710,4.5026,-0.6207,-0.3582,-0.0615,-1.5307,-10.4072,-9.4823,-10.2100,-9.0403,-0.3288
11.4000,dirt,0.715,0.400,-0.6657,4.4927,-0.5015,-0.3605,-0.3511,-1.8740,-10.4605,-9.4697,-10.2806,-8.9813,-0.3266
11.4120,dirt,0.715,0.400,-0.6601,4.4143,-0.4927,-0.3600,-0.3235,-1.3745,-10.4529,-9.5001,-10.3159,-8.9122,-0.3241
11.4240,dirt,0.715,0.400,-0.6540,4.4335,-0.5158,-0.3631,-0.2909,-1.6653,-10.3822,-9.5774,-10.2226,-9.0183,-0.3214
11.4360,dirt,0.715,0.400,-0.6476,4.4045,-0.5961,-0.3602,-0.2779,-1.5275,-10.4542,-9.5491,-10.2324,-8.9989,-0.3185
11.4480,dirt,0.715,0.400,-0.6407,4.4248,-0.5370,-0.3623,-0.1519,-1.4942,-10.4130,-9.5211,-10.2465,-9.0028,-0.3152
11.4600,dirt,0.715,0.400,-0.6334,4.4629,-0.4639,-0.3628,-0.1287,-1.4055,-10.4150,-9.5403,-10.1925,-9.0068,-0.3114
11.4720,dirt,0.715,0.400,-0.6257,4.4451,-0.5227,-0.3616,0.0195,-1.1137,-10.4288,-9.4866,-10.2148,-8.9995,-0.3087
11.4840,dirt,0.715,0.400,-0.6176,4.3723,-0.4089,-0.3646,-0.2210,-1.7763,-10.3967,-9.5207,-10.2524,-9.0475,-0.3056
11.4960,dirt,0.715,0.400,-0.6091,4.5146,-0.4273,-0.3657,-0.0310,-1.3674,-10.3663,-9.5263,-10.2264,-8.9997,-0.3013
11.5080,dirt,0.715,0.400,-0.6003,4.3719,-0.4338,-0.3665,0.0841,-1.6193,-10.3887,-9.5067,-10.2225,-9.0248,-0.2969
11.5200,dirt,0.715,0.400,-0.5910,4.3750,-0.4426,-0.3649,-0.1258,-1.2516,-10.4275,-9.4743,-10.2451,-9.0443,-0.2927
11.5320,dirt,0.715,0.400,-0.5814,4.4414,-0.4649,-0.3639,-0.1105,-1.5162,-10.3967,-9.4659,-10.2591,-8.9938,-0.2882
11.5440,dirt,0.715,0.400,-0.5714,4.4153,-0.4591,-0.3649,-0.1350,-1.4689,-10.4147,-9.5051,-10.2229,-9.0660,-0.2831
11.5560,dirt,0.715,0.400,-0.5611,4.3848,-0.6298,-0.3651,-0.0167,-0.9590,-10.3764,-9.5233,-10.2700,-8.9747,-0.2781
11.5680,dirt,0.715,0.400,-0.5504,4.3488,-0.4910,-0.3655,0.2350,-1.3126,-10.3616,-9.5095,-10.2963,-8.9686,-0.2738
11.5800,dirt,0.715,0.400,-0.5394,4.4775,-0.4368,-0.3665,0.4101,-1.2517,-10.4344,-9.4575,-10.2528,-9.0407,-0.2693
11.5920,dirt,0.715,0.400,-0.5280,4.5012,-0.5840,-0.3634,-0.0981,-0.8114,-10.3635,-9.4991,-10.2749,-9.0259,-0.2629
11.6040,dirt,0.715,0.400,-0.5163,4.4551,-0.3916,-0.3615,-0.0114,-1.5693,-10.3710,-9.4932,-10.2576,-9.0736,-0.2568
11.6160,dirt,0.715,0.400,-0.5042,4.3694,-0.4029,-0.3619,-0.4132,-0.4602,-10.3474,-9.5261,-10.2511,-9.0567,-0.2514
11.6280,dirt,0.715,0.400,-0.4919,4.4524,-0.4438,-0.3544,0.0609,-0.9725,-10.3970,-9.5220,-10.2742,-9.0547,-0.2468
11.6400,dirt,0.715,0.400,-0.4792,4.3542,-0.4637,-0.3517,0.1918,-0.9810,-10.3705,-9.5446,-10.2887,-9.0809,-0.2394
11.6520,dirt,0.715,0.400,-0.4662,4.4499,-0.4098,-0.3481,-0.0306,-0.7938,-10.3744,-9.5656,-10.3029,-9.0422,-0.2335
11.6640,dirt,0.715,0.400,-0.4529,4.4373,-0.4940,-0.3439,-0.2151,-0.9550,-10.3709,-9.5420,-10.2321,-9.0725,-0.2277
11.6760,dirt,0.715,0.400,-0.4394,4.4530,-0.4300,-0.3403,-0.1493,-0.1526,-10.3311,-9.6175,-10.2792,-9.0427,-0.2210
11.6880,dirt,0.715,0.400,-0.4256,4.4765,-0.4793,-0.3365,0.1646,-0.5968,-10.3078,-9.6293,-10.2777,-9.0410,-0.2149
11.7000,dirt,0.715,0.400,-0.4114,4.4002,-0.3952,-0.3328,-0.2512,-0.9558,-10.2820,-9.6198,-10.2420,-9.0814,-0.2072
11.7120,dirt,0.715,0.400,-0.3971,4.4125,-0.3166,-0.3263,0.1100,-0.9584,-10.2917,-9.6141,-10.2402,-9.1105,-0.2004
11.7240,dirt,0.715,0.400,-0.3825,4.4153,-0.3642,-0.3197,0.1346,-0.9978,-10.2361,-9.6085,-10.2434,-9.1661,-0.1936
11.7360,dirt,0.715,0.400,-0.3676,4.4518,-0.3735,-0.3169,-0.2754,-0.8603,-10.1362,-9.6603,-10.2304,-9.1945,-0.1863
11.7480,dirt,0.715,0.400,-0.3525,4.4921,-0.3408,-0.3037,0.2447,-0.8974,-10.2104,-9.6491,-10.2305,-9.1981,-0.1786
11.7600,dirt,0.715,0.400,-0.3372,4.4561,-0.3465,-0.2960,0.2263,-0.8590,-10.1397,-9.6561,-10.1920,-9.2638,-0.1702
11.7720,dirt,0.715,0.400,-0.3217,4.4547,-0.3914,-0.2893,0.2772,-0.7065,-10.1671,-9.6154,-10.2101,-9.2811,-0.1642
11.7840,dirt,0.715,0.400,-0.3060,4.4525,-0.4042,-0.2824,0.0825,-0.5157,-10.1990,-9.5658,-10.2231,-9.2661,-0.1578
11.7960,dirt,0.715,0.400,-0.2901,4.4569,-0.2949,-0.2798,0.1412,-0.1647,-10.1094,-9.6569,-10.2226,-9.3012,-0.1497
11.8080,dirt,0.715,0.400,-0.2740,4.6041,-0.3449,-0.2691,0.8123,-0.5431,-10.0932,-9.7237,-10.2627,-9.2647,-0.1393
11.8200,dirt,0.715,0.400,-0.2577,4.5250,-0.2510,-0.2645,0.5188,-0.3355,-10.1727,-9.6332,-10.2131,-9.2409,-0.1325
11.8320,dirt,0.715,0.400,-0.2413,4.4905,-0.3108,-0.2582,0.2235,-0.1164,-10.1112,-9.6391,-10.1897,-9.2883,-0.1252
11.8440,dirt,0.715,0.400,-0.2247,4.4555,-0.2152,-0.2489,0.1192,-0.2839,-10.0800,-9.6542,-10.2111,-9.2499,-0.1175
11.8560,dirt,0.715,0.400,-0.2079,4.4816,-0.3345,-0.2454,-0.0992,-0.2915,-10.0803,-9.7167,-10.2215,-9.2882,-0.1078
11.8680,dirt,0.715,0.400,-0.1911,4.4302,-0.2985,-0.2274,-0.0286,-0.1228,-10.0533,-9.7399,-10.1367,-9.2992,-0.0980
11.8800,dirt,0.715,0.400,-0.1741,4.4624,-0.2500,-0.2131,0.1770,-0.1987,-10.1059,-9.7127,-10.1301,-9.3003,-0.0910
11.8920,dirt,0.715,0.400,-0.1570,4.5352,-0.1905,-0.2081,0.0860,-0.3251,-10.0752,-9.6801,-10.1203,-9.3302,-0.0832
11.9040,dirt,0.715,0.400,-0.1398,4.4643,-0.2626,-0.2045,0.0493,-0.1350,-10.0176,-9.6915,-10.1224,-9.3873,-0.0739
11.9160,dirt,0.715,0.400,-0.1225,4.4236,-0.2049,-0.1934,0.0275,-0.3900,-9.9331,-9.7681,-10.0671,-9.4380,-0.0651
11.9280,dirt,0.715,0.400,-0.1052,4.5019,-0.1478,-0.1726,0.3481,0.2376,-9.9372,-9.7890,-10.0738,-9.4993,-0.0568
11.9400,dirt,0.715,0.400,-0.0877,4.4555,-0.2485,-0.1687,0.2294,0.0855,-9.9690,-9.7510,-10.1061,-9.4770,-0.0486
11.9520,dirt,0.715,0.400,-0.0703,4.4962,-0.2261,-0.1583,0.1410,0.1076,-9.9629,-9.7561,-10.0396,-9.4865,-0.0408
11.9640,dirt,0.715,0.400,-0.0527,4.5638,-0.2240,-0.1558,-0.0179,0.0725,-9.8881,-9.8207,-10.0326,-9.5354,-0.0266
11.9760,dirt,0.715,0.400,-0.0352,4.4767,-0.1385,-0.1421,0.0056,0.2054,-9.9597,-9.6849,-10.0786,-9.4742,-0.0242
11.9880,dirt,0.715,0.400,-0.0176,4.4882,-0.1348,-0.1291,0.6771,0.6302,-9.9655,-9.7481,-10.0225,-9.4643,-0.0196
12.0000,dirt,0.715,0.400,0.0000,4.4713,-0.1406,-0.1311,0.5085,0.2301,-9.6330,-10.1145,-9.9899,-9.5259,0.0058
12.0120,dirt,0.715,0.400,0.0176,4.5282,-0.0651,-0.1061,-0.9319,0.8348,-9.8729,-9.8391,-9.9495,-9.5167,0.0073
12.0240,dirt,0.715,0.400,0.0352,4.5745,-0.0720,-0.0955,0.2039,0.2831,-10.0258,-9.7098,-9.9493,-9.5538,0.0081
12.0360,dirt,0.715,0.400,0.0527,4.4449,-0.1288,-0.0881,-0.0317,0.8351,-9.8811,-9.7538,-9.9400,-9.6430,0.0173
12.0480,dirt,0.715,0.400,0.0703,4.5577,-0.0670,-0.0777,0.3085,0.6129,-9.7456,-9.8764,-9.9794,-9.6106,0.0314
12.0600,dirt,0.715,0.400,0.0877,4.6386,-0.0839,-0.0660,0.2736,0.7829,-9.6743,-9.9743,-9.9411,-9.6362,0.0412
12.0720,dirt,0.715,0.400,0.1052,4.4957,-0.1502,-0.0580,0.3975,0.6167,-9.7756,-9.8797,-9.8850,-9.7015,0.0475
12.0840,dirt,0.715,0.400,0.1225,4.4935,-0.0917,-0.0508,0.0520,0.8726,-9.8087,-9.8572,-9.8857,-9.6103,0.0544
12.0960,dirt,0.715,0.400,0.1398,4.4720,-0.0500,-0.0405,0.1174,1.0202,-9.7784,-9.9427,-9.8409,-9.6184,0.0630
12.1080,dirt,0.715,0.400,0.1570,4.5842,-0.1071,-0.0249,0.1451,0.4629,-9.7358,-9.9384,-9.8175,-9.7112,0.0730
12.1200,dirt,0.715,0.400,0.1741,4.4608,-0.0099,-0.0204,0.0505,0.8706,-9.7632,-9.9051,-9.8491,-9.7502,0.0812
12.1320,dirt,0.715,0.400,0.1911,4.5336,-0.0288,-0.0105,0.2422,0.9539,-9.7542,-9.8944,-9.8099,-9.7583,0.0882
12.1440,dirt,0.715,0.400,0.2079,4.5471,-0.0123,-0.0014,0.0362,1.7016,-9.6527,-9.8798,-9.8346,-9.7994,0.0973
12.1560,dirt,0.715,0.400,0.2247,4.4934,0.0176,0.0071,0.0690,0.8942,-9.6088,-9.9777,-9.8233,-9.7734,0.1055
12.1680,dirt,0.715,0.400,0.2413,4.5345,0.0216,0.0183,0.1102,1.1551,-9.4985,-10.0905,-9.8143,-9.7860,0.1150
12.1800,dirt,0.715,0.400,0.2577,4.5344,0.1028,0.0314,-0.0157,1.5639,-9.5748,-10.0769,-9.8218,-9.8190,0.1242
12.1920,dirt,0.715,0.400,0.2740,4.5009,0.0404,0.0386,0.0010,1.6435,-9.6749,-9.9643,-9.7362,-9.7649,0.1310
12.2040,dirt,0.715,0.400,0.2901,4.4722,0.1465,0.0426,0.0036,0.7995,-9.6900,-9.9893,-9.7144,-9.8522,0.1384
12.2160,dirt,0.715,0.400,0.3060,4.4717,0.0368,0.0488,-0.0531,1.5454,-9.6965,-10.0010,-9.6800,-9.9154,0.1460
12.2280,dirt,0.715,0.400,0.3217,4.4822,0.1116,0.0682,0.0439,1.3488,-9.6711,-9.9899,-9.7136,-9.8746,0.1535
12.2400,dirt,0.715,0.400,0.3372,4.5485,0.0528,0.0731,-0.2465,1.0521,-9.5864,-10.0193,-9.6903,-9.9113,0.1616
12.2520,dirt,0.715,0.400,0.3525,4.5559,0.1080,0.0852,-0.0001,1.4254,-9.5405,-10.0511,-9.6804,-9.9630,0.1699
12.2640,dirt,0.715,0.400,0.3676,4.5579,0.1580,0.0940,-0.2131,1.8378,-9.5685,-9.9305,-9.7249,-9.9335,0.1763
12.2760,dirt,0.715,0.400,0.3825,4.4951,0.1747,0.1035,-0.1038,0.8035,-9.4831,-10.0363,-9.7074,-9.9224,0.1829
12.2880,dirt,0.715,0.400,0.3971,4.4807,0.0327,0.1110,-0.2104,1.0163,-9.4195,-10.1883,-9.6519,-9.9889,0.1900
12.3000,dirt,0.715,0.400,0.4114,4.4813,0.1570,0.1192,-0.2449,1.2876,-9.3960,-10.2103,-9.5799,-9.9695,0.1979
12.3120,dirt,0.715,0.400,0.4256,4.5071,0.1304,0.1226,-0.1581,2.0882,-9.3633,-10.1625,-9.4985,-9.9460,0.2060
12.3240,dirt,0.715,0.400,0.4394,4.4329,0.1757,0.1299,0.1659,1.0392,-9.3910,-10.2201,-9.5448,-10.0960,0.2138
12.3360,dirt,0.715,0.400,0.4529,4.5484,0.1590,0.1400,-0.2327,2.0271,-9.3872,-10.2154,-9.5669,-10.0638,0.2200
12.3480,dirt,0.715,0.400,0.4662,4.4597,0.1145,0.1580,-0.0880,1.2717,-9.4991,-10.1174,-9.6363,-10.0093,0.2253
12.3600,dirt,0.715,0.400,0.4792,4.4792,0.1806,0.1654,-0.0581,1.7045,-9.5495,-10.0855,-9.5711,-10.0347,0.2306
12.3720,dirt,0.715,0.400,0.4919,4.6079,0.1579,0.1707,-0.1747,1.1224,-9.4991,-10.1725,-9.5612,-10.0603,0.2382
12.3840,dirt,0.715,0.400,0.5042,4.4972,0.2366,0.1742,0.0510,2.1392,-9.4529,-10.1464,-9.4812,-10.0392,0.2453
12.3960,dirt,0.715,0.400,0.5163,4.4791,0.2133,0.1807,-0.1353,1.5248,-9.5120,-10.1143,-9.5002,-10.0824,0.2502
12.4080,dirt,0.715,0.400,0.5280,4.4801,0.2424,0.1939,0.0156,1.6903,-9.4627,-10.1366,-9.4365,-10.1842,0.2550
12.4200,dirt,0.715,0.400,0.5394,4.5258,0.3767,0.1989,-0.3726,1.5680,-9.4347,-10.1521,-9.3853,-10.1109,0.2600
12.4320,dirt,0.715,0.400,0.5504,4.4264,0.1966,0.2071,-0.0934,1.9046,-9.3885,-10.2167,-9.4682,-10.1100,0.2685
12.4440,dirt,0.715,0.400,0.5611,4.5194,0.2866,0.2148,-0.1747,0.9467,-9.3583,-10.1784,-9.4885,-10.1426,0.2724
12.4560,dirt,0.715,0.400,0.5714,4.5312,0.3292,0.2257,-0.1417,2.3278,-9.4283,-10.1554,-9.5728,-10.1704,0.2752
12.4680,dirt,0.715,0.400,0.5814,4.4239,0.2659,0.2351,-0.5079,2.4150,-9.3578,-10.2092,-9.4468,-10.1405,0.2797
12.4800,dirt,0.715,0.400,0.5910,4.5005,0.2179,0.2393,-0.1489,2.3069,-9.3075,-10.2533,-9.4829,-10.1575,0.2861
12.4920,dirt,0.715,0.400,0.6003,4.5998,0.2810,0.2439,-0.2073,2.0710,-9.3663,-10.2550,-9.3701,-10.2400,0.2910
12.5040,dirt,0.715,0.400,0.6091,4.5124,0.3615,0.2511,-0.4341,2.4169,-9.3546,-10.2435,-9.2498,-10.2445,0.2946
12.5160,dirt,0.715,0.400,0.6176,4.4026,0.2811,0.2549,-0.5000,1.4598,-9.3767,-10.2632,-9.3105,-10.2186,0.2978
12.5280,dirt,0.715,0.400,0.6257,4.3895,0.2984,0.2676,-0.2220,2.1187,-9.3548,-10.2852,-9.2729,-10.2536,0.3018
12.5400,dirt,0.715,0.400,0.6334,4.5615,0.3653,0.2747,-0.0672,1.8543,-9.2957,-10.3260,-9.3008,-10.2900,0.3066
12.5520,dirt,0.715,0.400,0.6407,4.5166,0.4596,0.2807,-0.5158,2.0097,-9.2790,-10.3224,-9.3428,-10.2746,0.3107
12.5640,dirt,0.715,0.400,0.6476,4.4631,0.4230,0.2863,-0.3075,1.5468,-9.3212,-10.2889,-9.3290,-10.2613,0.3133
12.5760,dirt,0.715,0.400,0.6540,4.5078,0.2963,0.2928,-0.4759,2.3331,-9.3347,-10.3174,-9.3193,-10.2700,0.3156
12.5880,dirt,0.715,0.400,0.6601,4.4169,0.3606,0.2945,-0.5055,2.1341,-9.3214,-10.3273,-9.3430,-10.2585,0.3191
12.6000,dirt,0.715,0.400,0.6657,4.4094,0.4095,0.2965,-0.6736,2.2561,-9.3368,-10.3198,-9.2934,-10.3057,0.3227
12.6120,dirt,0.715,0.400,0.6710,4.4526,0.3759,0.2976,-0.2088,2.2624,-9.3534,-10.3242,-9.3266,-10.3103,0.3255
12.6240,dirt,0.715,0.400,0.6758,4.4552,0.4562,0.3027,-0.3997,2.5948,-9.4014,-10.2948,-9.2351,-10.3402,0.3271
12.6360,dirt,0.715,0.400,0.6801,4.4738,0.3761,0.3082,0.0783,2.3115,-9.3976,-10.2607,-9.2580,-10.2564,0.3287
12.6480,dirt,0.715,0.400,0.6841,4.3729,0.4386,0.3207,-0.3067,1.7320,-9.3920,-10.3445,-9.1531,-10.3396,0.3303
12.6600,dirt,0.715,0.400,0.6876,4.4546,0.4091,0.3256,-0.2647,2.0461,-9.4275,-10.3678,-9.1441,-10.3385,0.3321
12.6720,dirt,0.715,0.400,0.6907,4.4243,0.4085,0.3214,-0.2108,1.9992,-9.3361,-10.4294,-9.1865,-10.3254,0.3339
12.6840,dirt,0.715,0.400,0.6933,4.4318,0.4400,0.3264,0.1197,2.2639,-9.3591,-10.4702,-9.2355,-10.2917,0.3356
12.6960,dirt,0.715,0.400,0.6955,4.5540,0.4928,0.3208,-0.2844,2.1167,-9.3668,-10.4329,-9.1810,-10.3615,0.3368
12.7080,dirt,0.715,0.400,0.6973,4.4629,0.4175,0.3244,0.1250,2.3946,-9.3950,-10.4259,-9.2579,-10.2495,0.3379
12.7200,dirt,0.715,0.400,0.6986,4.5163,0.3447,0.3264,-0.4271,2.1559,-9.3775,-10.4342,-9.1804,-10.2881,0.3387
12.7320,dirt,0.715,0.400,0.6995,4.5646,0.4509,0.3307,-0.1177,1.8814,-9.3877,-10.4729,-9.1365,-10.2773,0.3392
12.7440,dirt,0.715,0.400,0.6999,4.4763,0.5446,0.3331,-0.2482,2.0939,-9.4589,-10.3941,-9.0684,-10.3174,0.3394
12.7560,dirt,0.715,0.400,0.6999,4.4325,0.5880,0.3381,-0.2395,1.2915,-9.4622,-10.4070,-9.0488,-10.3173,0.3394
12.7680,dirt,0.715,0.400,0.6995,4.5312,0.5722,0.3369,-0.1994,2.1312,-9.4469,-10.4504,-8.9961,-10.2809,0.3392
12.7800,dirt,0.715,0.400,0.6986,4.4904,0.5306,0.3363,-0.2736,2.1842,-9.4633,-10.4207,-9.0601,-10.3366,0.3390
12.7920,dirt,0.715,0.400,0.6973,4.4327,0.5794,0.3395,-0.1282,1.8546,-9.4407,-10.4191,-9.0756,-10.3432,0.3385
12.8040,dirt,0.715,0.400,0.6955,4.3810,0.5735,0.3439,0.1528,1.3659,-9.3995,-10.4213,-9.0651,-10.2638,0.3378
12.8160,dirt,0.715,0.400,0.6933,4.4872,0.5766,0.3472,-0.2384,2.1776,-9.4047,-10.4610,-9.0623,-10.2737,0.3370
12.8280,dirt,0.715,0.400,0.6907,4.4510,0.4742,0.3577,0.1232,1.4374,-9.3967,-10.5096,-9.0001,-10.3328,0.3360
12.8400,dirt,0.715,0.400,0.6876,4.4373,0.5221,0.3650,-0.3668,2.0714,-9.4160,-10.4802,-8.9858,-10.3312,0.3347
12.8520,dirt,0.715,0.400,0.6841,4.4193,0.6078,0.3686,-0.3619,1.8052,-9.4262,-10.4909,-8.9681,-10.3183,0.3331
12.8640,dirt,0.715,0.400,0.6801,4.4581,0.5004,0.3691,-0.5426,2.5930,-9.4418,-10.4669,-8.9413,-10.3759,0.3312
12.8760,dirt,0.715,0.400,0.6758,4.4190,0.5017,0.3755,-0.1670,1.1392,-9.4093,-10.5051,-8.9687,-10.3579,0.3291
12.8880,dirt,0.715,0.400,0.6710,4.4652,0.5534,0.3774,-0.0442,1.5514,-9.3633,-10.5280,-8.9685,-10.3252,0.3271
12.9000,dirt,0.715,0.400,0.6657,4.4304,0.5563,0.3782,-0.3901,1.7571,-9.3560,-10.5429,-8.9993,-10.3971,0.3253
12.9120,dirt,0.715,0.400,0.6601,4.4891,0.5292,0.3811,-0.3555,1.7821,-9.3766,-10.5653,-8.9458,-10.4063,0.3227
12.9240,dirt,0.715,0.400,0.6540,4.5009,0.5428,0.3828,-0.0528,1.6691,-9.4664,-10.4855,-8.9176,-10.3804,0.3196
12.9360,dirt,0.715,0.400,0.6476,4.4706,0.5232,0.3820,-0.2823,1.9738,-9.4208,-10.5376,-8.9463,-10.3838,0.3166
12.9480,dirt,0.715,0.400,0.6407,4.3909,0.4296,0.3812,-0.1790,1.4489,-9.4419,-10.5335,-8.8650,-10.4044,0.3138
12.9600,dirt,0.715,0.400,0.6334,4.3803,0.4787,0.3828,-0.2681,1.3020,-9.4052,-10.5236,-8.9580,-10.3692,0.3109
12.9720,dirt,0.715,0.400,0.6257,4.5061,0.5769,0.3813,-0.2676,1.6723,-9.4094,-10.5566,-8.9404,-10.3639,0.3074
12.9840,dirt,0.715,0.400,0.6176,4.3937,0.4457,0.3817,-0.1246,1.7058,-9.4732,-10.4477,-8.9284,-10.3850,0.3030
12.9960,dirt,0.715,0.400,0.6091,4.4039,0.5096,0.3836,-0.0662,1.2333,-9.4797,-10.4642,-8.9718,-10.3149,0.2984
13.0080,dirt,0.715,0.400,0.6003,4.4434,0.5396,0.3824,0.1808,1.6803,-9.4759,-10.4871,-8.9138,-10.3539,0.2946
13.0200,dirt,0.715,0.400,0.5910,4.4910,0.4318,0.3836,0.0111,0.9384,-9.3778,-10.5460,-8.9742,-10.3839,0.2911
13.0320,dirt,0.715,0.400,0.5814,4.4805,0.5087,0.3820,-0.0446,1.6412,-9.4016,-10.5117,-8.9373,-10.3525,0.2868
13.0440,dirt,0.715,0.400,0.5714,4.4233,0.4712,0.3816,-0.1008,1.4071,-9.4274,-10.5068,-8.9400,-10.3366,0.2820
13.0560,dirt,0.715,0.400,0.5611,4.4260,0.5207,0.3826,-0.1836,1.3201,-9.4463,-10.4382,-8.9739,-10.3698,0.2773
13.0680,dirt,0.715,0.400,0.5504,4.5430,0.4509,0.3835,-0.2237,1.0685,-9.4879,-10.4296,-8.9231,-10.4264,0.2716
13.0800,dirt,0.715,0.400,0.5394,4.4122,0.4879,0.3794,-0.0614,1.4559,-9.3968,-10.4672,-8.9735,-10.3440,0.2669
13.0920,dirt,0.715,0.400,0.5280,4.4830,0.4152,0.3752,-0.1629,1.1978,-9.3521,-10.5098,-8.9766,-10.3751,0.2634
13.1040,dirt,0.715,0.400,0.5163,4.4616,0.5420,0.3729,-0.1702,0.8808,-9.4119,-10.4657,-8.9453,-10.4024,0.2580
13.1160,dirt,0.715,0.400,0.5042,4.4312,0.4046,0.3727,-0.2390,1.1266,-9.4986,-10.4004,-8.9935,-10.3584,0.2505
13.1280,dirt,0.715,0.400,0.4919,4.5396,0.3596,0.3686,0.0675,1.4429,-9.5021,-10.4236,-8.9834,-10.3483,0.2439
13.1400,dirt,0.715,0.400,0.4792,4.4381,0.4409,0.3629,-0.0041,0.5842,-9.4251,-10.4883,-8.9902,-10.3940,0.2399
13.1520,dirt,0.715,0.400,0.4662,4.4332,0.4410,0.3591,0.1463,1.0355,-9.4193,-10.4740,-9.0291,-10.3694,0.2358
13.1640,dirt,0.715,0.400,0.4529,4.4653,0.3059,0.3591,0.0343,1.5354,-9.5339,-10.3686,-9.0777,-10.3155,0.2267
13.1760,dirt,0.715,0.400,0.4394,4.4017,0.3772,0.3552,0.1146,0.6611,-9.5677,-10.3709,-9.1031,-10.3211,0.2192
13.1880,dirt,0.715,0.400,0.4256,4.4407,0.3709,0.3420,0.0911,0.7440,-9.4895,-10.4011,-9.0777,-10.3192,0.2145
13.2000,dirt,0.715,0.400,0.4114,4.4474,0.3898,0.3350,0.0583,0.8351,-9.4689,-10.3983,-9.0659,-10.2994,0.2087
13.2120,dirt,0.715,0.400,0.3971,4.5792,0.3837,0.3315,-0.0892,0.8353,-9.5084,-10.3779,-9.1266,-10.2837,0.2016
13.2240,dirt,0.715,0.400,0.3825,4.3693,0.4254,0.3292,0.1268,0.7596,-9.5581,-10.2953,-9.0797,-10.3414,0.1933
13.2360,dirt,0.715,0.400,0.3676,4.5248,0.4010,0.3228,0.0990,0.4156,-9.5639,-10.2595,-9.1209,-10.3410,0.1861
13.2480,dirt,0.715,0.400,0.3525,4.4809,0.3935,0.3119,0.1429,0.8863,-9.4960,-10.3557,-9.1352,-10.3450,0.1797
13.2600,dirt,0.715,0.400,0.3372,4.4647,0.4375,0.3088,0.0529,0.4769,-9.5179,-10.2954,-9.0916,-10.3620,0.1722
13.2720,dirt,0.715,0.400,0.3217,4.4757,0.3641,0.3047,0.0600,0.8390,-9.5197,-10.2535,-9.1762,-10.3454,0.1649
13.2840,dirt,0.715,0.400,0.3060,4.4686,0.3322,0.3009,-0.1192,0.7085,-9.5254,-10.2628,-9.1601,-10.3445,0.1574
13.2960,dirt,0.715,0.400,0.2901,4.4908,0.3208,0.2952,0.1489,0.3273,-9.5833,-10.2156,-9.1099,-10.3571,0.1489
13.3080,dirt,0.715,0.400,0.2740,4.4842,0.3528,0.2819,0.1131,0.7373,-9.6380,-10.2075,-9.2023,-10.3078,0.1414
13.3200,dirt,0.715,0.400,0.2577,4.4794,0.2773,0.2766,-0.0108,0.2930,-9.5722,-10.2359,-9.1327,-10.3040,0.1335
13.3320,dirt,0.715,0.400,0.2413,4.4740,0.3220,0.2683,-0.0295,0.4220,-9.5467,-10.2262,-9.1410,-10.3191,0.1252
13.3440,dirt,0.715,0.400,0.2247,4.4831,0.3584,0.2592,0.1894,0.4556,-9.5819,-10.1856,-9.2330,-10.2541,0.1174
13.3560,dirt,0.715,0.400,0.2079,4.4340,0.3008,0.2533,0.0277,0.8840,-9.5972,-10.1788,-9.2289,-10.2437,0.1096
13.3680,dirt,0.715,0.400,0.1911,4.4787,0.2586,0.2367,-0.0779,-0.1249,-9.6720,-10.1426,-9.2437,-10.2401,0.1008
13.3800,dirt,0.715,0.400,0.1741,4.3674,0.2596,0.2263,0.2291,0.0299,-9.6443,-10.1917,-9.2951,-10.2142,0.0912
13.3920,dirt,0.715,0.400,0.1570,4.4766,0.3248,0.2162,0.0510,-0.0285,-9.5947,-10.2151,-9.2967,-10.1798,0.0830
13.4040,dirt,0.715,0.400,0.1398,4.5009,0.2164,0.2047,0.1021,0.4453,-9.5784,-10.1832,-9.3445,-10.1948,0.0756
13.4160,dirt,0.715,0.400,0.1225,4.5011,0.3240,0.2021,0.1352,-0.6062,-9.6369,-10.0971,-9.3621,-10.1740,0.0680
13.4280,dirt,0.715,0.400,0.1052,4.5172,0.2610,0.1865,0.1608,-0.2543,-9.7211,-10.0788,-9.3184,-10.1773,0.0589
13.4400,dirt,0.715,0.400,0.0877,4.4397,0.1950,0.1797,0.1140,0.2764,-9.7246,-10.0508,-9.3974,-10.1244,0.0493
13.4520,dirt,0.715,0.400,0.0703,4.5728,0.2327,0.1686,-0.1011,-0.3241,-9.6758,-10.0596,-9.4172,-10.1382,0.0409
13.4640,dirt,0.715,0.400,0.0527,4.5078,0.1238,0.1587,-0.1623,-0.1280,-9.6283,-10.0881,-9.3616,-10.1348,0.0339
13.4760,dirt,0.715,0.400,0.0352,4.4090,0.1489,0.1526,-0.3676,0.2607,-9.7025,-9.9761,-9.4378,-10.0977,0.0251
13.4880,dirt,0.715,0.400,0.0176,4.4320,0.0697,0.1364,-0.1049,0.1623,-9.7661,-9.9399,-9.4456,-10.0393,0.0158
13.5000,dirt,0.715,0.400,-0.0000,4.4517,0.0714,0.1313,-0.1573,-0.1763,-9.8559,-9.9086,-9.4578,-10.0538,0.0059
13.5120,dirt,0.715,0.400,-0.0176,4.4812,0.0832,0.1189,-0.0300,-0.4301,-9.7748,-9.9682,-9.5681,-9.9891,-0.0031
13.5240,dirt,0.715,0.400,-0.0352,4.5129,0.1754,0.1092,0.1499,-0.3396,-9.7172,-9.9976,-9.5479,-10.0023,-0.0106
13.5360,dirt,0.715,0.400,-0.0527,4.4332,0.0413,0.1006,0.4348,-0.6726,-9.7587,-9.9253,-9.5393,-10.0258,-0.0208
13.5480,dirt,0.715,0.400,-0.0703,4.5488,0.1316,0.0812,-0.1791,-0.5397,-9.6951,-9.8953,-9.6393,-9.9882,-0.0291
13.5600,dirt,0.715,0.400,-0.0877,4.5740,0.0896,0.0728,-0.1653,-0.7406,-9.7833,-9.8486,-9.6019,-9.9729,-0.0363
13.5720,dirt,0.715,0.400,-0.1052,4.5300,0.0007,0.0694,0.0137,-0.4223,-9.9093,-9.8048,-9.5826,-9.9873,-0.0447
13.5840,dirt,0.715,0.400,-0.1225,4.4662,0.0678,0.0641,-0.0936,-0.3622,-9.8908,-9.8032,-9.6159,-9.9368,-0.0553
13.5960,dirt,0.715,0.400,-0.1398,4.5075,0.0650,0.0537,0.0342,-0.4938,-9.8761,-9.8736,-9.6470,-9.8849,-0.0640
13.6080,dirt,0.715,0.400,-0.1570,4.5370,0.0455,0.0351,-0.3051,-0.6161,-9.8683,-9.8653,-9.6089,-9.9001,-0.0710
13.6200,dirt,0.715,0.400,-0.1741,4.6472,0.0528,0.0274,0.0144,-0.9133,-9.8610,-9.7853,-9.7252,-9.8670,-0.0821
13.6320,dirt,0.715,0.400,-0.1911,4.5409,0.0335,0.0148,0.1161,-0.9915,-9.7177,-9.8191,-9.7194,-9.9081,-0.0888
13.6440,dirt,0.715,0.400,-0.2079,4.4997,0.0730,0.0052,-0.1208,-0.8697,-9.7304,-9.8022,-9.7531,-9.9208,-0.0932
13.6560,dirt,0.715,0.400,-0.2247,4.5775,0.0090,-0.0005,0.2092,-1.3047,-9.9378,-9.6384,-9.7636,-9.8952,-0.1032
13.6680,dirt,0.715,0.400,-0.2413,4.4929,0.0015,-0.0133,-0.1197,-1.3892,-10.0162,-9.5418,-9.7092,-9.8629,-0.1141
13.6800,dirt,0.715,0.400,-0.2577,4.5179,0.0576,-0.0226,-0.2041,-1.0296,-10.0148,-9.6212,-9.6684,-9.9193,-0.1227
13.6920,dirt,0.715,0.400,-0.2740,4.4459,-0.0559,-0.0315,-0.3352,-1.2409,-9.9173,-9.7624,-9.8162,-9.8152,-0.1297
13.7040,dirt,0.715,0.400,-0.2901,4.4774,-0.0622,-0.0355,0.0181,-1.1550,-9.8708,-9.7779,-9.8636,-9.7515,-0.1371
13.7160,dirt,0.715,0.400,-0.3060,4.4786,-0.0560,-0.0431,0.1531,-0.7058,-9.9258,-9.7418,-9.7911,-9.7632,-0.1448
13.7280,dirt,0.715,0.400,-0.3217,4.5400,-0.0740,-0.0582,0.2620,-0.6800,-9.9345,-9.7338,-9.8862,-9.7639,-0.1531
13.7400,dirt,0.715,0.400,-0.3372,4.4784,0.0368,-0.0686,-0.0169,-1.6428,-9.8757,-9.6992,-9.8615,-9.7717,-0.1612
13.7520,dirt,0.715,0.400,-0.3525,4.4744,-0.0549,-0.0807,0.0834,-1.6002,-9.8295,-9.6667,-9.8384,-9.8080,-0.1678
13.7640,dirt,0.715,0.400,-0.3676,4.6243,-0.1255,-0.0872,-0.2493,-1.2449,-9.8912,-9.6631,-9.8699,-9.8307,-0.1752
13.7760,dirt,0.715,0.400,-0.3825,4.5072,0.0014,-0.0954,-0.2336,-1.7024,-9.9297,-9.6189,-9.9060,-9.7999,-0.1820
13.7880,dirt,0.715,0.400,-0.3971,4.5270,-0.2381,-0.1037,-0.0423,-1.3887,-10.0224,-9.5443,-9.8681,-9.7744,-0.1886
13.8000,dirt,0.715,0.400,-0.4114,4.5042,-0.0787,-0.1054,-0.1891,-1.6273,-10.1110,-9.4822,-9.9103,-9.7573,-0.1970
13.8120,dirt,0.715,0.400,-0.4256,4.5401,-0.1286,-0.1141,-0.2540,-1.6499,-10.1420,-9.4447,-9.9829,-9.6183,-0.2051
13.8240,dirt,0.715,0.400,-0.4394,4.5616,-0.1115,-0.1211,-0.1238,-1.3159,-10.0500,-9.5240,-9.9211,-9.6602,-0.2120
13.8360,dirt,0.715,0.400,-0.4529,4.4214,-0.2617,-0.1292,0.2102,-1.6899,-10.0334,-9.6196,-9.9866,-9.6902,-0.2191
13.8480,dirt,0.715,0.400,-0.4662,4.4858,-0.1703,-0.1478,-0.2673,-1.0859,-10.0328,-9.6129,-9.9899,-9.7227,-0.2246
13.8600,dirt,0.715,0.400,-0.4792,4.4902,-0.2076,-0.1547,-0.2136,-1.8891,-10.0054,-9.6263,-9.9318,-9.6581,-0.2311
13.8720,dirt,0.715,0.400,-0.4919,4.5621,-0.2130,-0.1585,-0.9531,-1.6569,-10.0567,-9.5677,-9.9397,-9.6772,-0.2397
13.8840,dirt,0.715,0.400,-0.5042,4.4574,-0.2307,-0.1661,-0.1567,-2.0744,-10.0937,-9.5769,-10.1119,-9.6092,-0.2448
13.8960,dirt,0.715,0.400,-0.5163,4.4892,-0.2393,-0.1718,-0.2117,-1.9870,-10.0290,-9.5946,-10.0527,-9.6276,-0.2492
13.9080,dirt,0.715,0.400,-0.5280,4.4739,-0.2147,-0.1835,-0.2435,-1.5997,-10.0458,-9.5286,-10.0722,-9.5079,-0.2554
13.9200,dirt,0.715,0.400,-0.5394,4.4536,-0.2589,-0.1875,-0.0138,-1.6695,-10.1086,-9.4679,-10.1067,-9.4390,-0.2618
13.9320,dirt,0.715,0.400,-0.5504,4.5574,-0.2058,-0.1998,-0.1062,-1.3251,-10.1066,-9.5144,-10.0546,-9.5134,-0.2668
13.9440,dirt,0.715,0.400,-0.5611,4.4492,-0.1626,-0.2058,-0.2277,-1.9853,-10.0808,-9.4638,-10.0871,-9.5095,-0.2709
13.9560,dirt,0.715,0.400,-0.5714,4.5834,-0.2548,-0.2103,-0.1221,-1.6031,-10.0922,-9.4050,-10.0963,-9.5624,-0.2762
13.9680,dirt,0.715,0.400,-0.5814,4.5396,-0.3345,-0.2243,-0.2163,-2.1008,-10.1173,-9.4159,-10.1269,-9.5320,-0.2822
13.9800,dirt,0.715,0.400,-0.5910,4.4739,-0.3284,-0.2293,-0.4114,-2.5187,-10.1507,-9.3580,-10.1380,-9.5402,-0.2873
13.9920,dirt,0.715,0.400,-0.6003,4.5488,-0.2579,-0.2360,-0.4107,-1.9744,-10.1035,-9.3809,-10.1438,-9.4283,-0.2912
14.0040,dirt,0.715,0.400,-0.6091,4.4682,-0.3412,-0.2373,-0.5035,-1.3589,-10.1227,-9.4372,-10.2168,-9.3231,-0.2948
14.0160,dirt,0.715,0.400,-0.6176,4.5016,-0.3412,-0.2470,-0.1033,-1.5702,-10.1939,-9.3920,-10.1793,-9.3195,-0.2993
14.0280,dirt,0.715,0.400,-0.6257,4.4173,-0.3960,-0.2588,-0.0490,-1.7241,-10.1587,-9.4197,-10.1557,-9.3350,-0.3035
14.0400,dirt,0.715,0.400,-0.6334,4.4975,-0.3298,-0.2636,-0.5048,-1.5638,-10.1933,-9.4065,-10.2648,-9.3335,-0.3077
14.0520,dirt,0.715,0.400,-0.6407,4.5143,-0.2920,-0.2712,-0.3874,-1.6630,-10.1967,-9.3596,-10.1998,-9.4423,-0.3112
14.0640,dirt,0.715,0.400,-0.6476,4.4556,-0.3215,-0.2773,-0.2782,-1.6618,-10.1780,-9.4074,-10.2548,-9.3907,-0.3138
14.0760,dirt,0.715,0.400,-0.6540,4.4335,-0.3634,-0.2804,-0.1689,-2.1352,-10.2176,-9.3822,-10.1647,-9.4218,-0.3169
14.0880,dirt,0.715,0.400,-0.6601,4.4178,-0.3588,-0.2853,-0.4412,-2.0241,-10.2238,-9.3700,-10.2097,-9.4516,-0.3209
14.1000,dirt,0.715,0.400,-0.6657,4.4597,-0.4405,-0.2860,0.0541,-2.2129,-10.2389,-9.3942,-10.2121,-9.3372,-0.3237
14.1120,dirt,0.715,0.400,-0.6710,4.4275,-0.2901,-0.2927,-0.3362,-1.9872,-10.2182,-9.4269,-10.3010,-9.2696,-0.3257
14.1240,dirt,0.715,0.400,-0.6758,4.5438,-0.3387,-0.2929,0.1383,-1.8824,-10.2274,-9.4610,-10.1710,-9.3144,-0.3276
14.1360,dirt,0.715,0.400,-0.6801,4.4741,-0.3870,-0.2957,-0.1311,-2.0892,-10.2083,-9.4872,-10.2626,-9.2325,-0.3302
14.1480,dirt,0.715,0.400,-0.6841,4.4233,-0.4767,-0.3072,-0.2066,-1.1263,-10.2300,-9.4772,-10.2195,-9.2526,-0.3322
14.1600,dirt,0.715,0.400,-0.6876,4.4312,-0.4149,-0.3102,-0.3641,-1.3902,-10.2443,-9.5001,-10.1601,-9.2718,-0.3338
14.1720,dirt,0.715,0.400,-0.6907,4.4605,-0.4681,-0.3146,0.0546,-1.5860,-10.2213,-9.4892,-10.2529,-9.2690,-0.3354
14.1840,dirt,0.715,0.400,-0.6933,4.4401,-0.3403,-0.3157,-0.6488,-2.1598,-10.2590,-9.4466,-10.2664,-9.3536,-0.3371
14.1960,dirt,0.715,0.400,-0.6955,4.4726,-0.4102,-0.3157,-0.1098,-2.5933,-10.2719,-9.4405,-10.2484,-9.3262,-0.3383
14.2080,dirt,0.715,0.400,-0.6973,4.3580,-0.4325,-0.3219,-0.2219,-2.1105,-10.2874,-9.4229,-10.3289,-9.3086,-0.3391
14.2200,dirt,0.715,0.400,-0.6986,4.4246,-0.4381,-0.3194,-0.2165,-1.9037,-10.3423,-9.3903,-10.3133,-9.2440,-0.3399
14.2320,dirt,0.715,0.400,-0.6995,4.4393,-0.4244,-0.3211,-0.2628,-2.0846,-10.3468,-9.4211,-10.2657,-9.1366,-0.3410
14.2440,dirt,0.715,0.400,-0.6999,4.3976,-0.4386,-0.3229,-0.1607,-2.4111,-10.3190,-9.4560,-10.3127,-9.0858,-0.3414
14.2560,dirt,0.715,0.400,-0.6999,4.4246,-0.4788,-0.3262,-0.4338,-1.8207,-10.3346,-9.4867,-10.2912,-9.0754,-0.3414
14.2680,dirt,0.715,0.400,-0.6995,4.4346,-0.4552,-0.3242,-0.5298,-2.2859,-10.3192,-9.5198,-10.2637,-9.0298,-0.3411
14.2800,dirt,0.715,0.400,-0.6986,4.4191,-0.4413,-0.3286,0.5288,-1.7500,-10.2885,-9.5313,-10.3123,-9.0742,-0.3405
14.2920,dirt,0.715,0.400,-0.6973,4.4680,-0.4943,-0.3356,-0.2565,-2.2457,-10.3052,-9.5088,-10.3626,-9.1029,-0.3399
14.3040,dirt,0.715,0.400,-0.6955,4.3979,-0.4848,-0.3433,-0.2491,-0.8233,-10.3628,-9.4664,-10.2553,-9.1171,-0.3392
14.3160,dirt,0.715,0.400,-0.6933,4.4322,-0.5790,-0.3468,0.4939,-1.3014,-10.4365,-9.4321,-10.2897,-9.0567,-0.3385
14.3280,dirt,0.715,0.400,-0.6907,4.4674,-0.5253,-0.3544,-0.0938,-1.8267,-10.4499,-9.4114,-10.2354,-8.9655,-0.3379
14.3400,dirt,0.715,0.400,-0.6876,4.3725,-0.4675,-0.3572,-0.3853,-2.0551,-10.3850,-9.4486,-10.3468,-8.9484,-0.3365
14.3520,dirt,0.715,0.400,-0.6841,4.3974,-0.4644,-0.3595,0.0640,-1.4258,-10.4320,-9.4363,-10.2894,-8.9854,-0.3350
14.3640,dirt,0.715,0.400,-0.6801,4.3665,-0.4437,-0.3601,-0.3614,-2.0717,-10.4158,-9.4737,-10.2972,-8.9396,-0.3331
14.3760,dirt,0.715,0.400,-0.6758,4.3744,-0.5945,-0.3633,-0.2564,-1.6038,-10.3924,-9.4750,-10.2728,-9.0347,-0.3308
14.3880,dirt,0.715,0.400,-0.6710,4.3974,-0.4287,-0.3661,-0.4189,-1.3410,-10.4045,-9.4764,-10.2995,-8.9573,-0.3285
14.4000,dirt,0.715,0.400,-0.6657,4.4234,-0.5141,-0.3665,-0.0380,-1.7420,-10.4231,-9.4318,-10.3082,-8.9826,-0.3266
14.4120,dirt,0.715,0.400,-0.6601,4.4054,-0.4909,-0.3675,-0.3887,-1.8047,-10.4348,-9.4249,-10.3886,-8.9626,-0.3246
14.4240,dirt,0.715,0.400,-0.6540,4.3293,-0.5226,-0.3725,0.0058,-1.7614,-10.4073,-9.4289,-10.3140,-8.9276,-0.3218
14.4360,dirt,0.715,0.400,-0.6476,4.4807,-0.4469,-0.3745,0.0455,-1.3012,-10.3817,-9.4666,-10.2615,-8.9853,-0.3186
14.4480,dirt,0.715,0.400,-0.6407,4.3909,-0.5233,-0.3694,-0.4023,-1.3577,-10.4057,-9.4780,-10.3457,-8.8773,-0.3153
14.4600,dirt,0.715,0.400,-0.6334,4.5186,-0.5277,-0.3706,-0.5411,-2.0808,-10.3536,-9.5194,-10.3278,-8.9426,-0.3118
14.4720,dirt,0.715,0.400,-0.6257,4.3719,-0.5695,-0.3668,-0.2575,-1.1357,-10.3857,-9.5055,-10.2361,-9.0283,-0.3081
14.4840,dirt,0.715,0.400,-0.6176,4.4237,-0.4686,-0.3661,-0.2193,-1.8385,-10.3550,-9.5185,-10.2698,-9.0137,-0.3042
14.4960,dirt,0.715,0.400,-0.6091,4.4732,-0.4521,-0.3676,-0.4331,-0.9466,-10.3712,-9.4904,-10.2663,-9.1331,-0.3001
14.5080,dirt,0.715,0.400,-0.6003,4.4093,-0.4206,-0.3654,-0.2416,-1.2401,-10.3545,-9.5028,-10.1698,-9.1870,-0.2967
14.5200,dirt,0.715,0.400,-0.5910,4.3764,-0.5071,-0.3648,-0.0199,-1.5492,-10.3358,-9.5365,-10.2263,-9.1482,-0.2929
14.5320,dirt,0.715,0.400,-0.5814,4.4482,-0.4198,-0.3651,-0.1101,-1.5936,-10.3429,-9.5147,-10.2822,-9.0425,-0.2882
14.5440,dirt,0.715,0.400,-0.5714,4.3879,-0.5008,-0.3658,-0.1510,-1.3831,-10.3552,-9.5086,-10.2334,-8.9989,-0.2831
14.5560,dirt,0.715,0.400,-0.5611,4.4170,-0.5690,-0.3648,-0.0688,-1.1001,-10.3394,-9.5039,-10.2262,-9.0531,-0.2779
14.5680,dirt,0.715,0.400,-0.5504,4.3853,-0.4851,-0.3609,-0.0679,-1.3296,-10.3748,-9.5181,-10.2678,-8.9928,-0.2732
14.5800,dirt,0.715,0.400,-0.5394,4.3688,-0.5134,-0.3589,0.0217,-1.7649,-10.3767,-9.5308,-10.2809,-8.9646,-0.2683
14.5920,dirt,0.715,0.400,-0.5280,4.4600,-0.4908,-0.3587,0.1606,-0.9259,-10.3744,-9.5347,-10.2367,-9.0287,-0.2631
14.6040,dirt,0.715,0.400,-0.5163,4.4249,-0.4527,-0.3588,0.4912,-0.7416,-10.3412,-9.5736,-10.2931,-8.9408,-0.2547
14.6160,dirt,0.715,0.400,-0.5042,4.3735,-0.3752,-0.3552,-0.0965,-1.4879,-10.3838,-9.4998,-10.2324,-9.0224,-0.2498
14.6280,dirt,0.715,0.400,-0.4919,4.2513,-0.4802,-0.3463,-0.1932,-0.9196,-10.3776,-9.4784,-10.2527,-8.9824,-0.2459
14.6400,dirt,0.715,0.400,-0.4792,4.3626,-0.2961,-0.3449,-0.0086,-1.1498,-10.3459,-9.5031,-10.2761,-9.0203,-0.2409
14.6520,dirt,0.715,0.400,-0.4662,4.4576,-0.5049,-0.3455,-0.0287,-0.9706,-10.2769,-9.5642,-10.2541,-9.0474,-0.2341
14.6640,dirt,0.715,0.400,-0.4529,4.5044,-0.4793,-0.3423,-0.2134,-1.3916,-10.2652,-9.5622,-10.2324,-9.0932,-0.2272
14.6760,dirt,0.715,0.400,-0.4394,4.4217,-0.5101,-0.3385,-0.1721,-0.6959,-10.2784,-9.5762,-10.2242,-9.1248,-0.2206
14.6880,dirt,0.715,0.400,-0.4256,4.4615,-0.4331,-0.3309,0.0096,-0.4235,-10.2692,-9.5595,-10.2777,-9.1300,-0.2142
14.7000,dirt,0.715,0.400,-0.4114,4.4618,-0.3667,-0.3283,0.1357,-1.3183,-10.2120,-9.6171,-10.2576,-9.1681,-0.2068
14.7120,dirt,0.715,0.400,-0.3971,4.4654,-0.3638,-0.3214,0.0055,-0.8545,-10.2231,-9.6105,-10.1818,-9.2251,-0.2003
14.7240,dirt,0.715,0.400,-0.3825,4.4415,-0.4440,-0.3176,-0.0537,-0.8474,-10.2505,-9.5678,-10.1844,-9.2051,-0.1933
14.7360,dirt,0.715,0.400,-0.3676,4.4915,-0.3754,-0.3104,-0.0640,-0.9360,-10.2038,-9.5862,-10.1959,-9.1890,-0.1860
14.7480,dirt,0.715,0.400,-0.3525,4.4523,-0.4344,-0.2976,0.0634,-1.0838,-10.2298,-9.5802,-10.1826,-9.2294,-0.1797
14.7600,dirt,0.715,0.400,-0.3372,4.3478,-0.3703,-0.2950,0.0580,-0.7131,-10.1426,-9.6278,-10.2211,-9.2428,-0.1717
14.7720,dirt,0.715,0.400,-0.3217,4.4771,-0.4425,-0.2925,0.2629,-0.4843,-10.0783,-9.6796,-10.2489,-9.2259,-0.1630
14.7840,dirt,0.715,0.400,-0.3060,4.3766,-0.3673,-0.2857,-0.0864,-0.9433,-10.1696,-9.6083,-10.2125,-9.2652,-0.1561
14.7960,dirt,0.715,0.400,-0.2901,4.5076,-0.3659,-0.2802,0.2155,-0.0854,-10.1787,-9.5996,-10.2676,-9.1718,-0.1487
14.8080,dirt,0.715,0.400,-0.2740,4.5292,-0.3835,-0.2718,0.3126,-0.5392,-10.1439,-9.6131,-10.2592,-9.2609,-0.1412
14.8200,dirt,0.715,0.400,-0.2577,4.4722,-0.3061,-0.2666,0.0990,-0.3105,-10.1133,-9.6095,-10.2347,-9.2480,-0.1333
14.8320,dirt,0.715,0.400,-0.2413,4.4225,-0.3788,-0.2642,0.1442,-0.1764,-10.0807,-9.6712,-10.2256,-9.2252,-0.1248
14.8440,dirt,0.715,0.400,-0.2247,4.4512,-0.3308,-0.2538,0.0279,-1.3128,-10.0948,-9.6575,-10.1978,-9.2897,-0.1165
14.8560,dirt,0.715,0.400,-0.2079,4.4869,-0.2693,-0.2450,1.0461,-0.4384,-10.1425,-9.6541,-10.1865,-9.2214,-0.1075
14.8680,dirt,0.715,0.400,-0.1911,4.5379,-0.2866,-0.2312,0.2088,0.2198,-10.0645,-9.6448,-10.1614,-9.2042,-0.0995
14.8800,dirt,0.715,0.400,-0.1741,4.4976,-0.3302,-0.2196,0.1757,-0.2813,-10.0822,-9.6130,-10.1442,-9.3174,-0.0915
14.8920,dirt,0.715,0.400,-0.1570,4.4248,-0.2915,-0.2134,0.0461,-0.0207,-10.0565,-9.6862,-10.1369,-9.3175,-0.0837
14.9040,dirt,0.715,0.400,-0.1398,4.5456,-0.2373,-0.2057,-0.0038,-0.5458,-10.0051,-9.7526,-10.0834,-9.3658,-0.0754
14.9160,dirt,0.715,0.400,-0.1225,4.4235,-0.2785,-0.1951,0.1566,0.3032,-9.9859,-9.7393,-10.1009,-9.3988,-0.0651
14.9280,dirt,0.715,0.400,-0.1052,4.5108,-0.1608,-0.1724,0.3263,0.1672,-9.9940,-9.7096,-10.0404,-9.3919,-0.0573
14.9400,dirt,0.715,0.400,-0.0877,4.4943,-0.1637,-0.1639,0.2350,-0.0344,-10.0542,-9.6535,-10.0589,-9.4167,-0.0519
14.9520,dirt,0.715,0.400,-0.0703,4.5599,-0.2008,-0.1627,0.0379,-0.0761,-9.9004,-9.7363,-10.0421,-9.4739,-0.0394
14.9640,dirt,0.715,0.400,-0.0527,4.4047,-0.1580,-0.1562,0.0940,0.3047,-9.8109,-9.7687,-10.0128,-9.4547,-0.0306
14.9760,dirt,0.715,0.400,-0.0352,4.4495,-0.1667,-0.1436,-0.2376,0.5619,-9.8920,-9.7905,-10.0127,-9.4971,-0.0241
14.9880,dirt,0.715,0.400,-0.0176,4.4452,-0.2074,-0.1264,0.0581,0.4319,-9.8654,-9.8068,-9.9899,-9.4603,-0.0141
15.0000,dirt,0.715,0.400,0.0000,4.5174,-0.1671,-0.1201,0.2357,0.6920,-9.8843,-9.7796,-9.9927,-9.4296,-0.0052
15.0120,dirt,0.715,0.400,0.0176,4.4611,-0.1216,-0.1136,-0.1764,-0.2138,-9.7769,-9.8936,-9.9462,-9.5561,0.0073
15.0240,dirt,0.715,0.400,0.0352,4.5886,-0.0329,-0.1034,0.0288,0.4504,-9.9063,-9.7123,-9.9133,-9.5656,0.0130
15.0360,dirt,0.715,0.400,0.0527,4.5331,-0.1192,-0.0902,-0.1094,0.6500,-9.9001,-9.7586,-9.9108,-9.5671,0.0189
15.0480,dirt,0.715,0.400,0.0703,4.4866,-0.1613,-0.0732,0.0948,0.1733,-9.7363,-9.9241,-9.8771,-9.6687,0.0275
15.0600,dirt,0.715,0.400,0.0877,4.5610,-0.0535,-0.0666,0.5252,0.3068,-9.6977,-9.9173,-9.8781,-9.6561,0.0367
15.0720,dirt,0.715,0.400,0.1052,4.4494,-0.0668,-0.0610,0.1231,0.9269,-9.7180,-9.9023,-9.9134,-9.6548,0.0478
15.0840,dirt,0.715,0.400,0.1225,4.4963,-0.1015,-0.0526,-0.5854,0.7199,-9.7400,-9.9396,-9.8696,-9.6891,0.0573
15.0960,dirt,0.715,0.400,0.1398,4.4825,0.0024,-0.0430,0.2739,1.1105,-9.8166,-9.8426,-9.8490,-9.6606,0.0648
15.1080,dirt,0.715,0.400,0.1570,4.5222,0.0805,-0.0261,0.1054,1.3760,-9.7879,-9.8344,-9.8470,-9.6345,0.0726
15.1200,dirt,0.715,0.400,0.1741,4.5039,-0.0474,-0.0199,-0.0683,0.9132,-9.7597,-9.8244,-9.8518,-9.7130,0.0802
15.1320,dirt,0.715,0.400,0.1911,4.5134,-0.0807,-0.0129,-0.3575,1.5293,-9.6736,-9.9622,-9.7612,-9.7113,0.0902
15.1440,dirt,0.715,0.400,0.2079,4.5628,0.0277,-0.0029,0.9807,-0.4434,-9.7766,-9.8863,-9.7541,-9.6782,0.0922
15.1560,dirt,0.715,0.400,0.2247,4.5788,0.0331,0.0032,-0.1424,1.8982,-9.6048,-10.0595,-9.7760,-9.8298,0.1027
15.1680,dirt,0.715,0.400,0.2413,4.5469,0.0521,0.0150,0.5419,0.4344,-9.4805,-10.0782,-9.7816,-9.7839,0.1154
15.1800,dirt,0.715,0.400,0.2577,4.4858,0.0071,0.0257,0.0669,0.9659,-9.6312,-9.9887,-9.8191,-9.8186,0.1240
15.1920,dirt,0.715,0.400,0.2740,4.4845,-0.0004,0.0346,0.0968,0.9980,-9.6582,-10.0070,-9.7501,-9.8342,0.1320
15.2040,dirt,0.715,0.400,0.2901,4.5708,0.0789,0.0432,-0.0058,1.1255,-9.6659,-9.9442,-9.7053,-9.8343,0.1392
15.2160,dirt,0.715,0.400,0.3060,4.5392,0.0465,0.0507,-0.2026,0.8571,-9.6292,-9.9572,-9.8057,-9.7364,0.1466
15.2280,dirt,0.715,0.400,0.3217,4.4804,0.0589,0.0653,0.1108,1.3153,-9.6690,-9.9711,-9.7913,-9.8648,0.1536
15.2400,dirt,0.715,0.400,0.3372,4.5843,-0.0512,0.0711,-0.1787,1.2934,-9.5931,-9.9761,-9.6766,-9.9371,0.1609
15.2520,dirt,0.715,0.400,0.3525,4.5666,0.1408,0.0841,0.1024,1.6127,-9.5441,-9.9345,-9.6226,-9.9254,0.1687
15.2640,dirt,0.715,0.400,0.3676,4.5268,0.0617,0.0874,-0.4397,0.3909,-9.5824,-9.9750,-9.6436,-9.9598,0.1759
15.2760,dirt,0.715,0.400,0.3825,4.5593,0.0647,0.0956,-0.0526,0.9964,-9.5198,-10.1001,-9.6368,-9.9950,0.1829
15.2880,dirt,0.715,0.400,0.3971,4.4823,0.0897,0.1078,0.1295,2.0116,-9.4519,-10.1401,-9.6732,-9.9069,0.1901
15.3000,dirt,0.715,0.400,0.4114,4.4103,0.1808,0.1170,0.0679,1.6191,-9.4436,-10.1690,-9.6616,-9.9516,0.1980
15.3120,dirt,0.715,0.400,0.4256,4.5674,0.2342,0.1227,-0.1349,1.4670,-9.3411,-10.2097,-9.6537,-9.9873,0.2054
15.3240,dirt,0.715,0.400,0.4394,4.4545,0.1387,0.1315,0.0361,1.8990,-9.3709,-10.1670,-9.6451,-9.9292,0.2122
15.3360,dirt,0.715,0.400,0.4529,4.4734,0.1397,0.1324,-0.3116,1.3513,-9.4042,-10.1300,-9.5691,-9.9945,0.2189
15.3480,dirt,0.715,0.400,0.4662,4.4762,0.1050,0.1516,-0.1117,1.5046,-9.4110,-10.1517,-9.4735,-10.0833,0.2259
15.3600,dirt,0.715,0.400,0.4792,4.5042,0.1897,0.1597,-0.2298,1.4746,-9.4801,-10.1557,-9.5208,-10.0575,0.2325
15.3720,dirt,0.715,0.400,0.4919,4.3433,0.2478,0.1695,0.0165,1.7229,-9.4968,-10.0920,-9.5268,-10.0543,0.2380
15.3840,dirt,0.715,0.400,0.5042,4.5234,0.2168,0.1736,-0.0144,1.3999,-9.4788,-10.1158,-9.5470,-10.1073,0.2444
15.3960,dirt,0.715,0.400,0.5163,4.4016,0.1984,0.1841,0.0621,1.5225,-9.5241,-10.1350,-9.5075,-10.1023,0.2499
15.4080,dirt,0.715,0.400,0.5280,4.5167,0.2606,0.1978,-0.2176,1.4142,-9.4836,-10.1252,-9.4904,-10.0887,0.2552
15.4200,dirt,0.715,0.400,0.5394,4.4204,0.2309,0.2023,-0.2131,1.6565,-9.4487,-10.1461,-9.5087,-10.1036,0.2614
15.4320,dirt,0.715,0.400,0.5504,4.4911,0.3449,0.2042,-0.2743,1.3636,-9.4994,-10.1361,-9.5304,-10.1398,0.2652
15.4440,dirt,0.715,0.400,0.5611,4.4209,0.3382,0.2138,-0.0955,3.5363,-9.4218,-10.1379,-9.3954,-10.1465,0.2689
15.4560,dirt,0.715,0.400,0.5714,4.5543,0.3037,0.2132,-0.3118,2.0590,-9.4023,-10.1562,-9.4186,-10.1737,0.2745
15.4680,dirt,0.715,0.400,0.5814,4.4840,0.2318,0.2304,-0.1672,1.8589,-9.3617,-10.2264,-9.3077,-10.2511,0.2811
15.4800,dirt,0.715,0.400,0.5910,4.5211,0.3011,0.2358,-0.3530,1.3843,-9.3168,-10.2662,-9.3179,-10.2052,0.2861
15.4920,dirt,0.715,0.400,0.6003,4.5000,0.2778,0.2455,-0.1409,1.4211,-9.3127,-10.2491,-9.3787,-10.1717,0.2910
15.5040,dirt,0.715,0.400,0.6091,4.4898,0.3385,0.2504,-0.3225,1.8626,-9.3384,-10.2239,-9.3550,-10.2305,0.2950
15.5160,dirt,0.715,0.400,0.6176,4.4981,0.2698,0.2589,-0.4619,1.1478,-9.2740,-10.2624,-9.3791,-10.2074,0.2988
15.5280,dirt,0.715,0.400,0.6257,4.4578,0.3100,0.2680,-0.2619,2.0975,-9.3454,-10.2711,-9.3277,-10.2063,0.3029
15.5400,dirt,0.715,0.400,0.6334,4.5090,0.2926,0.2706,-0.3185,1.9595,-9.3446,-10.2816,-9.2983,-10.2249,0.3062
15.5520,dirt,0.715,0.400,0.6407,4.4998,0.3371,0.2707,-0.3379,2.2067,-9.3696,-10.2578,-9.3170,-10.2633,0.3097
15.5640,dirt,0.715,0.400,0.6476,4.4875,0.2789,0.2781,-0.3055,2.3454,-9.3837,-10.2327,-9.3651,-10.2502,0.3135
15.5760,dirt,0.715,0.400,0.6540,4.5054,0.2872,0.2790,-0.2677,2.6551,-9.3857,-10.2211,-9.2355,-10.2948,0.3162
15.5880,dirt,0.715,0.400,0.6601,4.4905,0.5019,0.2945,-0.0013,1.6079,-9.4147,-10.2192,-9.2743,-10.2856,0.3184
15.6000,dirt,0.715,0.400,0.6657,4.4441,0.3827,0.2999,-0.1349,2.2773,-9.3817,-10.2921,-9.1777,-10.2738,0.3213
15.6120,dirt,0.715,0.400,0.6710,4.4309,0.5142,0.3047,-0.2219,1.1409,-9.3611,-10.3442,-9.1200,-10.3143,0.3249
15.6240,dirt,0.715,0.400,0.6758,4.4389,0.4111,0.3080,-0.0925,1.7840,-9.3515,-10.3629,-9.1951,-10.2168,0.3272
15.6360,dirt,0.715,0.400,0.6801,4.4455,0.4293,0.3133,-0.0994,1.6221,-9.3503,-10.3823,-9.2318,-10.2356,0.3284
15.6480,dirt,0.715,0.400,0.6841,4.4860,0.5048,0.3165,-0.2366,2.2369,-9.3129,-10.4058,-9.3244,-10.3455,0.3301
15.6600,dirt,0.715,0.400,0.6876,4.3674,0.4072,0.3206,-0.2663,2.2247,-9.3047,-10.4069,-9.2792,-10.3033,0.3326
15.6720,dirt,0.715,0.400,0.6907,4.5589,0.4206,0.3178,0.0307,1.9530,-9.3049,-10.4053,-9.2614,-10.2602,0.3344
15.6840,dirt,0.715,0.400,0.6933,4.4828,0.4991,0.3209,-0.4328,2.2298,-9.3404,-10.3970,-9.2540,-10.2947,0.3354
15.6960,dirt,0.715,0.400,0.6955,4.4694,0.5351,0.3219,-0.0021,2.5754,-9.3576,-10.3896,-9.2169,-10.3142,0.3367
15.7080,dirt,0.715,0.400,0.6973,4.4572,0.4893,0.3268,-0.4691,2.4690,-9.3907,-10.3926,-9.1259,-10.3313,0.3379
15.7200,dirt,0.715,0.400,0.6986,4.4314,0.4525,0.3278,-0.0637,2.3102,-9.4295,-10.3687,-9.1088,-10.3061,0.3387
15.7320,dirt,0.715,0.400,0.6995,4.4523,0.4963,0.3279,-0.5215,2.7583,-9.4626,-10.3392,-9.0316,-10.3046,0.3389
15.7440,dirt,0.715,0.400,0.6999,4.4620,0.4477,0.3299,-0.4589,1.3371,-9.4342,-10.3566,-9.1249,-10.2132,0.3389
15.7560,dirt,0.715,0.400,0.6999,4.4792,0.4712,0.3290,-0.7848,2.3200,-9.4097,-10.4180,-9.0998,-10.2704,0.3394
15.7680,dirt,0.715,0.400,0.6995,4.4280,0.5255,0.3375,-0.0268,1.8455,-9.3589,-10.4663,-9.0640,-10.2694,0.3393
15.7800,dirt,0.715,0.400,0.6986,4.5151,0.4541,0.3475,-0.0055,1.1999,-9.3813,-10.4113,-9.0829,-10.2607,0.3391
15.7920,dirt,0.715,0.400,0.6973,4.3349,0.4597,0.3502,-0.0375,1.6975,-9.3575,-10.4516,-8.9679,-10.4454,0.3387
15.8040,dirt,0.715,0.400,0.6955,4.3954,0.5874,0.3558,-0.2251,2.2362,-9.3871,-10.4599,-9.0394,-10.2435,0.3379
15.8160,dirt,0.715,0.400,0.6933,4.4017,0.4691,0.3611,-0.2417,1.6973,-9.3830,-10.4521,-9.0043,-10.3902,0.3369
15.8280,dirt,0.715,0.400,0.6907,4.4279,0.5750,0.3669,-0.6046,2.0281,-9.4047,-10.4643,-8.9214,-10.3384,0.3356
15.8400,dirt,0.715,0.400,0.6876,4.5157,0.4566,0.3661,-0.1400,1.7008,-9.3594,-10.5175,-8.9311,-10.3754,0.3345
15.8520,dirt,0.715,0.400,0.6841,4.5443,0.5065,0.3678,-0.5443,2.1916,-9.3755,-10.5196,-8.9847,-10.3072,0.3332
15.8640,dirt,0.715,0.400,0.6801,4.4316,0.4591,0.3700,-0.1202,1.5699,-9.3724,-10.4903,-8.9414,-10.2965,0.3316
15.8760,dirt,0.715,0.400,0.6758,4.5499,0.5456,0.3706,-0.3042,1.9119,-9.3993,-10.4918,-9.0368,-10.3510,0.3297
15.8880,dirt,0.715,0.400,0.6710,4.5246,0.6054,0.3759,-0.0969,1.4645,-9.4109,-10.5026,-8.9569,-10.3918,0.3272
15.9000,dirt,0.715,0.400,0.6657,4.4017,0.5214,0.3785,-0.0817,2.1426,-9.4275,-10.4492,-8.9457,-10.3595,0.3246
15.9120,dirt,0.715,0.400,0.6601,4.4787,0.5499,0.3807,-0.1099,1.4248,-9.4106,-10.4783,-8.9996,-10.3324,0.3219
15.9240,dirt,0.715,0.400,0.6540,4.4667,0.5226,0.3821,-0.2486,1.8917,-9.3871,-10.5003,-8.9321,-10.3767,0.3194
15.9360,dirt,0.715,0.400,0.6476,4.4600,0.4943,0.3791,-0.4003,1.8906,-9.4184,-10.4962,-8.9232,-10.3725,0.3168
15.9480,dirt,0.715,0.400,0.6407,4.4704,0.5533,0.3795,-0.5556,1.7159,-9.4557,-10.5284,-8.8768,-10.3890,0.3140
15.9600,dirt,0.715,0.400,0.6334,4.4329,0.4609,0.3805,-0.0627,1.3209,-9.4875,-10.5128,-8.9072,-10.3695,0.3105
15.9720,dirt,0.715,0.400,0.6257,4.3823,0.5240,0.3801,-0.3475,1.8498,-9.4719,-10.4557,-8.9454,-10.3338,0.3066
15.9840,dirt,0.715,0.400,0.6176,4.4769,0.4443,0.3809,-0.2133,1.4610,-9.4474,-10.4714,-8.9356,-10.3104,0.3022
15.9960,dirt,0.715,0.400,0.6091,4.4780,0.4710,0.3825,-0.1599,1.0539,-9.4249,-10.4768,-8.9897,-10.3168,0.2984
16.0080,dirt,0.715,0.400,0.6003,4.4231,0.5509,0.3797,-0.3521,0.8063,-9.4249,-10.4899,-8.9617,-10.3394,0.2950
16.0200,dirt,0.715,0.400,0.5910,4.4074,0.4406,0.3814,-0.1812,1.0268,-9.4426,-10.4772,-8.9657,-10.3160,0.2909
16.0320,dirt,0.715,0.400,0.5814,4.3806,0.5508,0.3810,-0.1216,0.9922,-9.4283,-10.4752,-8.9510,-10.3543,0.2861
16.0440,dirt,0.715,0.400,0.5714,4.4177,0.4686,0.3817,-0.0967,1.2103,-9.4043,-10.4985,-8.9469,-10.3746,0.2814
16.0560,dirt,0.715,0.400,0.5611,4.4952,0.5328,0.3814,-0.0938,1.2349,-9.3701,-10.4925,-9.0051,-10.3396,0.2772
16.0680,dirt,0.715,0.400,0.5504,4.4288,0.4588,0.3784,-0.3708,1.5778,-9.3828,-10.4873,-8.9546,-10.3626,0.2727
16.0800,dirt,0.715,0.400,0.5394,4.4575,0.4838,0.3778,-0.3346,0.6202,-9.4116,-10.5219,-8.9460,-10.4075,0.2675
16.0920,dirt,0.715,0.400,0.5280,4.4651,0.5010,0.3773,-0.1433,1.9897,-9.4433,-10.4345,-8.9946,-10.3501,0.2622
16.1040,dirt,0.715,0.400,0.5163,4.4097,0.4287,0.3763,-0.1692,1.0722,-9.4205,-10.4596,-8.9529,-10.3497,0.2566
16.1160,dirt,0.715,0.400,0.5042,4.4716,0.5789,0.3747,-0.5015,0.8779,-9.3753,-10.4580,-9.0056,-10.3708,0.2508
16.1280,dirt,0.715,0.400,0.4919,4.3958,0.4461,0.3698,-0.1087,1.2156,-9.4325,-10.3959,-8.9772,-10.4031,0.2449
16.1400,dirt,0.715,0.400,0.4792,4.4735,0.3708,0.3666,0.0009,0.7936,-9.4400,-10.3876,-8.9552,-10.3735,0.2389
16.1520,dirt,0.715,0.400,0.4662,4.3863,0.5101,0.3608,-0.2169,1.1577,-9.4629,-10.4227,-9.0190,-10.3189,0.2323
16.1640,dirt,0.715,0.400,0.4529,4.4884,0.5301,0.3574,0.0819,0.8208,-9.4172,-10.4479,-9.0121,-10.3424,0.2270
16.1760,dirt,0.715,0.400,0.4394,4.5061,0.3787,0.3526,0.0967,0.9690,-9.4560,-10.4131,-9.0401,-10.2976,0.2202
16.1880,dirt,0.715,0.400,0.4256,4.5123,0.4101,0.3399,-0.0088,1.2169,-9.5088,-10.3870,-9.0773,-10.2862,0.2135
16.2000,dirt,0.715,0.400,0.4114,4.4832,0.4423,0.3376,-0.1192,1.1732,-9.5065,-10.3681,-9.0392,-10.3116,0.2070
16.2120,dirt,0.715,0.400,0.3971,4.4347,0.3617,0.3318,0.0002,0.8569,-9.5222,-10.3553,-9.0472,-10.3394,0.1999
16.2240,dirt,0.715,0.400,0.3825,4.4143,0.3070,0.3303,0.2408,0.9573,-9.4991,-10.3434,-9.0824,-10.3312,0.1929
16.2360,dirt,0.715,0.400,0.3676,4.5110,0.3650,0.3231,0.1521,0.4127,-9.4738,-10.3284,-9.0296,-10.3761,0.1866
16.2480,dirt,0.715,0.400,0.3525,4.4417,0.3731,0.3170,0.0303,0.8256,-9.5072,-10.2973,-9.1159,-10.3516,0.1789
16.2600,dirt,0.715,0.400,0.3372,4.6307,0.2598,0.3074,0.3969,0.8548,-9.5269,-10.2911,-9.0994,-10.3235,0.1719
16.2720,dirt,0.715,0.400,0.3217,4.4560,0.3472,0.3050,-0.0344,0.6093,-9.5135,-10.3128,-9.0797,-10.3038,0.1647
16.2840,dirt,0.715,0.400,0.3060,4.4566,0.3784,0.3006,0.0926,0.7425,-9.5066,-10.2764,-9.1379,-10.3152,0.1572
16.2960,dirt,0.715,0.400,0.2901,4.4549,0.2484,0.2920,-0.2116,0.1565,-9.5401,-10.2547,-9.0873,-10.3072,0.1493
16.3080,dirt,0.715,0.400,0.2740,4.5135,0.3213,0.2798,0.1598,0.3022,-9.5856,-10.2338,-9.0913,-10.2719,0.1415
16.3200,dirt,0.715,0.400,0.2577,4.5078,0.2550,0.2747,-0.0001,0.4284,-9.5775,-10.2613,-9.1268,-10.2830,0.1334
16.3320,dirt,0.715,0.400,0.2413,4.5404,0.2818,0.2646,0.1399,0.0466,-9.6087,-10.2135,-9.1770,-10.2491,0.1252
16.3440,dirt,0.715,0.400,0.2247,4.5256,0.2463,0.2556,0.0667,0.5847,-9.5788,-10.2197,-9.2948,-10.1757,0.1172
16.3560,dirt,0.715,0.400,0.2079,4.4647,0.3218,0.2446,-0.0181,0.2723,-9.5861,-10.1707,-9.2449,-10.2068,0.1104
16.3680,dirt,0.715,0.400,0.1911,4.5295,0.2855,0.2328,0.0838,0.2951,-9.6596,-10.0976,-9.2800,-10.1885,0.1010
16.3800,dirt,0.715,0.400,0.1741,4.5292,0.3473,0.2255,0.0777,0.0081,-9.6811,-10.0952,-9.3426,-10.1751,0.0917
16.3920,dirt,0.715,0.400,0.1570,4.5298,0.3299,0.2131,-0.0732,-0.2014,-9.6724,-10.1026,-9.3136,-10.1742,0.0831
16.4040,dirt,0.715,0.400,0.1398,4.5689,0.2934,0.2050,0.0919,0.1509,-9.6046,-10.1490,-9.3111,-10.1803,0.0752
16.4160,dirt,0.715,0.400,0.1225,4.6167,0.2428,0.2004,0.1283,-0.1541,-9.6491,-10.0845,-9.3599,-10.1603,0.0661
16.4280,dirt,0.715,0.400,0.1052,4.4759,0.1872,0.1823,0.0064,-0.1799,-9.6894,-10.0343,-9.3005,-10.1530,0.0580
16.4400,dirt,0.715,0.400,0.0877,4.4846,0.2220,0.1744,0.2702,-0.1583,-9.6987,-10.0582,-9.3300,-10.1426,0.0506
16.4520,dirt,0.715,0.400,0.0703,4.5360,0.2216,0.1672,-0.0321,-0.5164,-9.7267,-10.0196,-9.3822,-10.1027,0.0408
16.4640,dirt,0.715,0.400,0.0527,4.4971,0.1985,0.1591,0.3277,0.3071,-9.7365,-10.0021,-9.4260,-10.0730,0.0314
16.4760,dirt,0.715,0.400,0.0352,4.5358,0.2416,0.1473,0.5440,-0.8517,-9.6538,-10.0407,-9.4787,-10.0525,0.0237
16.4880,dirt,0.715,0.400,0.0176,4.4999,0.1967,0.1320,0.1253,-0.2291,-9.6799,-9.9718,-9.4975,-10.0773,0.0159
16.5000,dirt,0.715,0.400,-0.0000,4.5119,0.1579,0.1275,0.2458,-0.1821,-9.8148,-9.8384,-9.5033,-10.0572,0.0072
16.5120,dirt,0.715,0.400,-0.0176,4.5143,0.0563,0.1148,0.0610,-0.1912,-9.7780,-9.8672,-9.5713,-10.0312,-0.0009
16.5240,dirt,0.715,0.400,-0.0352,4.5275,0.1356,0.1088,0.1493,-0.6835,-9.7797,-9.9105,-9.5246,-10.0219,-0.0114
16.5360,dirt,0.715,0.400,-0.0527,4.4762,0.0426,0.0981,0.0212,-0.2738,-9.8308,-9.8998,-9.4976,-10.0161,-0.0209
16.5480,dirt,0.715,0.400,-0.0703,4.5194,0.1775,0.0822,-0.0359,-0.1105,-9.7228,-9.9509,-9.5660,-9.9837,-0.0286
16.5600,dirt,0.715,0.400,-0.0877,4.4824,0.0942,0.0788,-0.1249,-0.9026,-9.7488,-9.9257,-9.5634,-9.9500,-0.0367
16.5720,dirt,0.715,0.400,-0.1052,4.4658,0.1591,0.0677,-0.0066,-0.6677,-9.8555,-9.8490,-9.5915,-9.9542,-0.0447
16.5840,dirt,0.715,0.400,-0.1225,4.5029,0.1320,0.0603,-0.0039,-0.2025,-9.8834,-9.8272,-9.6908,-9.8916,-0.0537
16.5960,dirt,0.715,0.400,-0.1398,4.5800,0.0579,0.0499,0.1303,-0.7764,-9.8755,-9.8248,-9.6438,-9.9433,-0.0632
16.6080,dirt,0.715,0.400,-0.1570,4.4359,0.0316,0.0339,0.0018,-0.6753,-9.8970,-9.8294,-9.6626,-9.8991,-0.0723
16.6200,dirt,0.715,0.400,-0.1741,4.5299,0.0642,0.0211,0.0023,-0.5153,-9.8490,-9.8377,-9.7276,-9.8882,-0.0796
16.6320,dirt,0.715,0.400,-0.1911,4.4749,0.0396,0.0182,0.0106,-0.9087,-9.7687,-9.8378,-9.6520,-9.8955,-0.0876
16.6440,dirt,0.715,0.400,-0.2079,4.5107,-0.0248,0.0100,0.1184,-0.6284,-9.8015,-9.8316,-9.6533,-9.8911,-0.0957
16.6560,dirt,0.715,0.400,-0.2247,4.5187,-0.0082,0.0050,0.3138,-1.4233,-9.9195,-9.7089,-9.7728,-9.8361,-0.1053
16.6680,dirt,0.715,0.400,-0.2413,4.5665,-0.0528,-0.0097,-0.1751,-0.7579,-9.9767,-9.6687,-9.7545,-9.8194,-0.1126
16.6800,dirt,0.715,0.400,-0.2577,4.5091,-0.0224,-0.0213,-0.0585,-1.3297,-9.9480,-9.7219,-9.7343,-9.8728,-0.1197
16.6920,dirt,0.715,0.400,-0.2740,4.5484,0.0048,-0.0267,-0.4344,-1.2916,-10.0031,-9.6739,-9.8289,-9.8339,-0.1308
16.7040,dirt,0.715,0.400,-0.2901,4.5730,-0.0534,-0.0353,-0.1567,-0.9131,-9.9177,-9.7284,-9.8017,-9.7962,-0.1392
16.7160,dirt,0.715,0.400,-0.3060,4.4195,-0.0549,-0.0461,0.1034,-0.7343,-9.9034,-9.7320,-9.7688,-9.7887,-0.1455
16.7280,dirt,0.715,0.400,-0.3217,4.5482,-0.1076,-0.0600,-0.2052,-1.0035,-9.9449,-9.6928,-9.8125,-9.8362,-0.1526
16.7400,dirt,0.715,0.400,-0.3372,4.4316,-0.1110,-0.0645,-0.4129,-1.4045,-9.8586,-9.6924,-9.8289,-9.8229,-0.1613
16.7520,dirt,0.715,0.400,-0.3525,4.4248,0.0242,-0.0765,0.0011,-1.7481,-9.8683,-9.6508,-9.8745,-9.7371,-0.1685
16.7640,dirt,0.715,0.400,-0.3676,4.5039,-0.0945,-0.0825,-0.0528,-1.4849,-9.9144,-9.6440,-9.9407,-9.6552,-0.1743
16.7760,dirt,0.715,0.400,-0.3825,4.5150,-0.1127,-0.0891,-0.0821,-0.8300,-10.0114,-9.5764,-9.9191,-9.6993,-0.1815
16.7880,dirt,0.715,0.400,-0.3971,4.4935,-0.1245,-0.1034,0.0272,-1.4837,-10.0817,-9.4668,-9.8795,-9.7605,-0.1898
16.8000,dirt,0.715,0.400,-0.4114,4.4549,-0.2031,-0.1096,-0.3673,-0.9255,-10.1355,-9.4446,-9.9319,-9.7708,-0.1979
16.8120,dirt,0.715,0.400,-0.4256,4.4951,-0.1560,-0.1195,-0.4194,-1.2616,-10.0266,-9.5644,-9.9343,-9.6842,-0.2049
16.8240,dirt,0.715,0.400,-0.4394,4.4944,-0.2066,-0.1258,-0.0597,-1.8332,-10.0126,-9.6099,-9.8753,-9.6854,-0.2118
16.8360,dirt,0.715,0.400,-0.4529,4.4745,-0.2174,-0.1327,0.1611,-1.5517,-10.0260,-9.6257,-9.9318,-9.6391,-0.2184
16.8480,dirt,0.715,0.400,-0.4662,4.4657,-0.1791,-0.1456,-0.3964,-1.0700,-10.0245,-9.5959,-10.0391,-9.5967,-0.2248
16.8600,dirt,0.715,0.400,-0.4792,4.5301,-0.0540,-0.1554,-0.1809,-1.1919,-10.0345,-9.5393,-10.0048,-9.6051,-0.2315
16.8720,dirt,0.715,0.400,-0.4919,4.4554,-0.1669,-0.1618,-0.0723,-1.6291,-10.0005,-9.5693,-9.9782,-9.6613,-0.2376
16.8840,dirt,0.715,0.400,-0.5042,4.4356,-0.1457,-0.1679,-0.2176,-1.2554,-10.0646,-9.4879,-10.0686,-9.6351,-0.2439
16.8960,dirt,0.715,0.400,-0.5163,4.4773,-0.1845,-0.1744,0.0021,-2.0216,-10.0947,-9.4670,-10.0389,-9.6415,-0.2499
16.9080,dirt,0.715,0.400,-0.5280,4.3986,-0.2483,-0.1910,-0.3230,-1.7462,-10.0529,-9.4796,-10.0353,-9.6264,-0.2560
16.9200,dirt,0.715,0.400,-0.5394,4.4976,-0.2349,-0.1934,-0.2787,-1.1861,-10.0986,-9.4269,-10.1418,-9.5391,-0.2611
16.9320,dirt,0.715,0.400,-0.5504,4.5277,-0.2625,-0.2006,-0.2449,-2.0754,-10.0981,-9.4169,-10.1429,-9.5305,-0.2657
16.9440,dirt,0.715,0.400,-0.5611,4.5005,-0.2681,-0.2036,-0.1293,-1.9284,-10.0820,-9.4480,-10.1269,-9.4188,-0.2708
16.9560,dirt,0.715,0.400,-0.5714,4.4678,-0.2038,-0.2119,-0.3479,-1.1409,-10.1160,-9.4208,-10.1175,-9.4626,-0.2763
16.9680,dirt,0.715,0.400,-0.5814,4.4062,-0.1763,-0.2241,-0.3116,-1.7587,-10.1131,-9.3994,-10.1684,-9.4712,-0.2817
16.9800,dirt,0.715,0.400,-0.5910,4.4875,-0.2962,-0.2335,-0.1288,-1.7441,-10.1163,-9.4173,-10.1235,-9.5145,-0.2860
16.9920,dirt,0.715,0.400,-0.6003,4.5253,-0.2803,-0.2374,-0.0764,-1.5516,-10.1509,-9.3831,-10.0930,-9.5592,-0.2903
17.0040,dirt,0.715,0.400,-0.6091,4.4245,-0.3850,-0.2431,-0.2932,-1.7637,-10.1628,-9.4072,-10.1331,-9.4614,-0.2949
17.0160,dirt,0.715,0.400,-0.6176,4.5093,-0.2876,-0.2428,-0.3552,-2.3760,-10.1843,-9.4076,-10.1731,-9.4023,-0.2991
17.0280,dirt,0.715,0.400,-0.6257,4.4227,-0.3337,-0.2501,-0.3625,-2.3966,-10.2022,-9.3669,-10.2054,-9.3567,-0.3031
17.0400,dirt,0.715,0.400,-0.6334,4.3912,-0.4271,-0.2528,-0.2266,-2.5549,-10.1973,-9.3960,-10.2541,-9.3462,-0.3070
17.0520,dirt,0.715,0.400,-0.6407,4.5682,-0.3911,-0.2584,-0.1914,-1.3453,-10.2058,-9.4059,-10.2281,-9.2800,-0.3102
17.0640,dirt,0.715,0.400,-0.6476,4.3628,-0.3774,-0.2644,-0.2390,-2.2208,-10.2531,-9.3635,-10.1934,-9.3550,-0.3143
17.0760,dirt,0.715,0.400,-0.6540,4.4523,-0.2333,-0.2689,0.0151,-1.2263,-10.2480,-9.3675,-10.2004,-9.3838,-0.3176
17.0880,dirt,0.715,0.400,-0.6601,4.4972,-0.3861,-0.2848,0.3163,-1.5356,-10.2603,-9.3629,-10.2205,-9.4020,-0.3200
17.1000,dirt,0.715,0.400,-0.6657,4.4792,-0.4214,-0.2874,-0.3880,-1.9642,-10.2742,-9.3134,-10.2140,-9.5104,-0.3229
17.1120,dirt,0.715,0.400,-0.6710,4.4740,-0.4316,-0.2911,-0.2663,-2.0505,-10.2710,-9.3478,-10.2466,-9.3797,-0.3260
17.1240,dirt,0.715,0.400,-0.6758,4.3168,-0.3726,-0.2919,-0.0461,-1.9994,-10.2674,-9.3509,-10.2635,-9.3329,-0.3288
17.1360,dirt,0.715,0.400,-0.6801,4.4634,-0.4436,-0.2964,-0.3410,-2.5997,-10.2934,-9.3983,-10.2411,-9.3615,-0.3310
17.1480,dirt,0.715,0.400,-0.6841,4.4313,-0.4328,-0.2970,-0.3335,-2.5153,-10.2468,-9.4173,-10.2659,-9.2326,-0.3328
17.1600,dirt,0.715,0.400,-0.6876,4.5093,-0.4220,-0.3017,0.0118,-1.7004,-10.2923,-9.4461,-10.2540,-9.2108,-0.3342
17.1720,dirt,0.715,0.400,-0.6907,4.4686,-0.3999,-0.3115,-0.6017,-1.8494,-10.2952,-9.4668,-10.2243,-9.2370,-0.3358
17.1840,dirt,0.715,0.400,-0.6933,4.5605,-0.3839,-0.3167,-0.0045,-2.1475,-10.3144,-9.4635,-10.2887,-9.1274,-0.3373
17.1960,dirt,0.715,0.400,-0.6955,4.4087,-0.3841,-0.3192,0.0869,-2.0392,-10.2922,-9.4825,-10.2668,-9.1950,-0.3385
17.2080,dirt,0.715,0.400,-0.6973,4.4970,-0.5304,-0.3258,-0.0062,-2.5120,-10.2243,-9.5109,-10.1902,-9.2771,-0.3395
17.2200,dirt,0.715,0.400,-0.6986,4.5802,-0.4799,-0.3265,-0.3963,-2.4112,-10.2437,-9.4912,-10.2759,-9.3494,-0.3398
17.2320,dirt,0.715,0.400,-0.6995,4.4459,-0.4898,-0.3270,-0.3281,-1.8642,-10.2728,-9.4776,-10.2667,-9.3174,-0.3401
17.2440,dirt,0.715,0.400,-0.6999,4.4348,-0.5222,-0.3291,-0.1193,-2.5892,-10.2975,-9.5063,-10.2948,-9.1474,-0.3406
17.2560,dirt,0.715,0.400,-0.6999,4.3652,-0.3917,-0.3310,-0.2760,-1.9744,-10.3360,-9.4428,-10.2383,-9.0997,-0.3411
17.2680,dirt,0.715,0.400,-0.6995,4.4260,-0.4300,-0.3293,-0.6477,-2.1998,-10.3987,-9.4552,-10.2710,-9.0917,-0.3414
17.2800,dirt,0.715,0.400,-0.6986,4.4268,-0.4730,-0.3296,-0.2620,-2.5352,-10.3721,-9.4569,-10.2677,-9.0533,-0.3413
17.2920,dirt,0.715,0.400,-0.6973,4.4556,-0.5367,-0.3264,-0.1520,-2.4694,-10.3309,-9.4794,-10.3074,-9.1127,-0.3406
17.3040,dirt,0.715,0.400,-0.6955,4.5167,-0.4764,-0.3346,-0.1822,-1.4956,-10.3286,-9.5002,-10.2625,-9.0395,-0.3397
17.3160,dirt,0.715,0.400,-0.6933,4.4404,-0.5458,-0.3350,-0.2994,-2.4312,-10.3391,-9.5337,-10.2160,-9.1104,-0.3383
17.3280,dirt,0.715,0.400,-0.6907,4.4138,-0.5599,-0.3475,0.2203,-1.5696,-10.3027,-9.5517,-10.2484,-9.1117,-0.3372
17.3400,dirt,0.715,0.400,-0.6876,4.4429,-0.3963,-0.3581,-0.6419,-1.6685,-10.3235,-9.5373,-10.3743,-8.9462,-0.3359
17.3520,dirt,0.715,0.400,-0.6841,4.4537,-0.5084,-0.3598,-0.2837,-1.6808,-10.3982,-9.4673,-10.3226,-8.9766,-0.3346
17.3640,dirt,0.715,0.400,-0.6801,4.4118,-0.4535,-0.3584,-0.2759,-1.8268,-10.4312,-9.4442,-10.3345,-8.9895,-0.3330
17.3760,dirt,0.715,0.400,-0.6758,4.5528,-0.5563,-0.3613,-0.2876,-1.5670,-10.4522,-9.4438,-10.3509,-8.9846,-0.3312
17.3880,dirt,0.715,0.400,-0.6710,4.3994,-0.5835,-0.3653,-0.5525,-1.7458,-10.4042,-9.4428,-10.2573,-9.0988,-0.3291
17.4000,dirt,0.715,0.400,-0.6657,4.4489,-0.4663,-0.3673,0.0779,-1.3228,-10.4430,-9.4380,-10.2729,-9.0180,-0.3269
17.4120,dirt,0.715,0.400,-0.6601,4.5198,-0.6057,-0.3662,-0.1305,-1.3651,-10.3683,-9.4872,-10.3262,-8.9931,-0.3242
17.4240,dirt,0.715,0.400,-0.6540,4.4301,-0.5840,-0.3716,0.1988,-1.7612,-10.3766,-9.5173,-10.3338,-8.9766,-0.3211
17.4360,dirt,0.715,0.400,-0.6476,4.4902,-0.4665,-0.3692,0.0086,-1.3298,-10.4237,-9.4763,-10.2565,-9.0249,-0.3186
17.4480,dirt,0.715,0.400,-0.6407,4.4643,-0.5163,-0.3690,-0.3146,-1.5183,-10.4395,-9.4516,-10.3422,-9.0139,-0.3163
17.4600,dirt,0.715,0.400,-0.6334,4.4516,-0.4433,-0.3663,-0.4398,-1.9530,-10.4237,-9.4620,-10.3711,-8.9651,-0.3133
17.4720,dirt,0.715,0.400,-0.6257,4.4438,-0.5690,-0.3636,-0.1987,-1.9938,-10.3969,-9.5081,-10.2141,-9.0712,-0.3094
17.4840,dirt,0.715,0.400,-0.6176,4.4278,-0.4902,-0.3652,-0.5646,-1.1002,-10.3858,-9.5322,-10.2538,-9.1046,-0.3049
17.4960,dirt,0.715,0.400,-0.6091,4.5179,-0.5409,-0.3648,-0.3490,-1.6759,-10.3962,-9.5293,-10.2782,-9.0717,-0.3003
17.5080,dirt,0.715,0.400,-0.6003,4.5765,-0.5484,-0.3648,-0.0422,-2.1903,-10.3708,-9.5123,-10.2153,-9.0646,-0.2960
17.5200,dirt,0.715,0.400,-0.5910,4.4371,-0.4980,-0.3650,-0.3059,-1.4068,-10.4128,-9.4918,-10.2693,-8.9876,-0.2918
17.5320,dirt,0.715,0.400,-0.5814,4.4466,-0.4725,-0.3628,-0.0423,-1.1854,-10.4183,-9.4760,-10.2960,-9.0069,-0.2880
17.5440,dirt,0.715,0.400,-0.5714,4.4220,-0.4831,-0.3616,-0.0330,-1.6434,-10.3954,-9.5210,-10.2326,-9.0309,-0.2837
17.5560,dirt,0.715,0.400,-0.5611,4.3998,-0.3850,-0.3600,-0.1853,-0.8243,-10.3898,-9.5495,-10.2343,-9.0156,-0.2787
17.5680,dirt,0.715,0.400,-0.5504,4.4574,-0.4576,-0.3580,0.0387,-1.1734,-10.4108,-9.5583,-10.2753,-9.0448,-0.2734
17.5800,dirt,0.715,0.400,-0.5394,4.4125,-0.4321,-0.3583,-0.0454,-1.5049,-10.3765,-9.5377,-10.2685,-8.9832,-0.2681
17.5920,dirt,0.715,0.400,-0.5280,4.4846,-0.4462,-0.3589,-0.0380,-1.1733,-10.4002,-9.5204,-10.2451,-9.0105,-0.2628
17.6040,dirt,0.715,0.400,-0.5163,4.5236,-0.5129,-0.3552,-0.0613,-1.3701,-10.3672,-9.4988,-10.2426,-9.0632,-0.2572
17.6160,dirt,0.715,0.400,-0.5042,4.5072,-0.5047,-0.3528,-0.4110,-1.0635,-10.3773,-9.5167,-10.3001,-9.0303,-0.2517
17.6280,dirt,0.715,0.400,-0.4919,4.4880,-0.4336,-0.3469,-0.0870,-1.0561,-10.3282,-9.5396,-10.2376,-9.0912,-0.2456
17.6400,dirt,0.715,0.400,-0.4792,4.4318,-0.4637,-0.3488,-0.0778,-0.9544,-10.3188,-9.5880,-10.2599,-9.0797,-0.2389
17.6520,dirt,0.715,0.400,-0.4662,4.4590,-0.4797,-0.3436,0.2876,-0.7369,-10.3715,-9.5350,-10.2786,-9.0484,-0.2334
17.6640,dirt,0.715,0.400,-0.4529,4.4377,-0.4167,-0.3412,-0.0970,-1.1825,-10.3563,-9.4966,-10.2546,-9.0807,-0.2279
17.6760,dirt,0.715,0.400,-0.4394,4.4344,-0.3849,-0.3398,-0.1928,-0.4141,-10.3215,-9.5736,-10.2686,-9.0538,-0.2211
17.6880,dirt,0.715,0.400,-0.4256,4.4593,-0.3697,-0.3315,0.0392,-0.3317,-10.2658,-9.6037,-10.2756,-9.0495,-0.2142
17.7000,dirt,0.715,0.400,-0.4114,4.4236,-0.4746,-0.3290,-0.0157,-0.8612,-10.2542,-9.6170,-10.2587,-9.0623,-0.2068
17.7120,dirt,0.715,0.400,-0.3971,4.4227,-0.3678,-0.3261,-0.0410,-0.7921,-10.2490,-9.6126,-10.2683,-9.0457,-0.1996
17.7240,dirt,0.715,0.400,-0.3825,4.3940,-0.3999,-0.3222,0.0977,-0.6207,-10.2568,-9.6132,-10.2657,-9.0928,-0.1923
17.7360,dirt,0.715,0.400,-0.3676,4.4030,-0.3528,-0.3179,0.0112,-0.3158,-10.2496,-9.5949,-10.2675,-9.1100,-0.1857
17.7480,dirt,0.715,0.400,-0.3525,4.4320,-0.3573,-0.3034,0.2313,-0.6475,-10.2508,-9.5610,-10.2410,-9.1545,-0.1794
17.7600,dirt,0.715,0.400,-0.3372,4.5065,-0.2920,-0.2991,0.0083,-1.0494,-10.1199,-9.6588,-10.2223,-9.2167,-0.1712
17.7720,dirt,0.715,0.400,-0.3217,4.4425,-0.3229,-0.2953,-0.0813,-0.3779,-10.1323,-9.6615,-10.2310,-9.2359,-0.1627
17.7840,dirt,0.715,0.400,-0.3060,4.4128,-0.3599,-0.2885,0.0775,-0.8566,-10.1513,-9.6580,-10.1880,-9.2608,-0.1553
17.7960,dirt,0.715,0.400,-0.2901,4.4549,-0.3144,-0.2790,-0.0042,-0.5744,-10.1858,-9.6091,-10.1598,-9.3037,-0.1484
17.8080,dirt,0.715,0.400,-0.2740,4.5000,-0.3955,-0.2639,0.1875,-0.0364,-10.1692,-9.6262,-10.2205,-9.2593,-0.1410
17.8200,dirt,0.715,0.400,-0.2577,4.4847,-0.4076,-0.2587,0.3099,-0.1234,-10.0902,-9.7122,-10.1570,-9.3340,-0.1329
17.8320,dirt,0.715,0.400,-0.2413,4.4147,-0.2842,-0.2525,0.2667,-0.3132,-10.0758,-9.7337,-10.1928,-9.3348,-0.1235
17.8440,dirt,0.715,0.400,-0.2247,4.4294,-0.3239,-0.2493,0.3233,0.0938,-10.1100,-9.6932,-10.1975,-9.2925,-0.1149
17.8560,dirt,0.715,0.400,-0.2079,4.6642,-0.2770,-0.2376,-0.0214,-0.2377,-10.1105,-9.6668,-10.1825,-9.3607,-0.1081
17.8680,dirt,0.715,0.400,-0.1911,4.4850,-0.2497,-0.2267,0.2576,-0.0493,-10.1094,-9.6223,-10.1839,-9.3288,-0.1003
17.8800,dirt,0.715,0.400,-0.1741,4.4957,-0.2461,-0.2228,0.2991,0.2484,-10.0399,-9.6674,-10.1942,-9.3099,-0.0909
17.8920,dirt,0.715,0.400,-0.1570,4.4901,-0.2556,-0.2093,0.2583,0.0314,-9.9886,-9.7099,-10.1683,-9.4020,-0.0831
17.9040,dirt,0.715,0.400,-0.1398,4.5282,-0.2733,-0.2054,-0.1826,-0.1868,-10.0343,-9.7219,-10.1504,-9.3559,-0.0756
17.9160,dirt,0.715,0.400,-0.1225,4.6065,-0.2328,-0.1975,-0.5935,0.3427,-10.0250,-9.7584,-10.1652,-9.3268,-0.0660
17.9280,dirt,0.715,0.400,-0.1052,4.4833,-0.2275,-0.1823,0.1645,-0.2576,-10.0093,-9.7677,-10.0764,-9.4133,-0.0556
17.9400,dirt,0.715,0.400,-0.0877,4.5150,-0.2374,-0.1685,0.2859,0.5494,-10.0375,-9.7262,-10.1244,-9.3693,-0.0465
17.9520,dirt,0.715,0.400,-0.0703,4.5125,-0.2325,-0.1606,0.1353,0.0684,-10.0196,-9.7078,-10.0689,-9.4029,-0.0388
17.9640,dirt,0.715,0.400,-0.0527,4.5496,-0.0945,-0.1508,0.1833,0.1890,-9.9817,-9.7356,-10.0286,-9.5147,-0.0324
17.9760,dirt,0.715,0.400,-0.0352,4.5068,-0.1171,-0.1415,0.2920,-0.3353,-9.9098,-9.7803,-10.0045,-9.5167,-0.0254
17.9880,dirt,0.715,0.400,-0.0176,4.4925,-0.2661,-0.1239,0.1592,0.3507,-9.8181,-9.8902,-10.0402,-9.5594,-0.0147
18.0000,dirt,0.715,0.400,0.0000,4.5110,-0.2002,-0.1178,0.1042,0.7103,-9.8615,-9.8522,-9.9685,-9.5985,-0.0044
18.0120,dirt,0.715,0.400,0.0176,4.5682,-0.1030,-0.1058,0.4089,1.0499,-9.9161,-9.7884,-9.9808,-9.5550,0.0036
18.0240,dirt,0.715,0.400,0.0352,4.5810,-0.0265,-0.1000,-0.1842,-0.2187,-9.9105,-9.7709,-9.9790,-9.6017,0.0113
18.0360,dirt,0.715,0.400,0.0527,4.5979,-0.0723,-0.0922,-0.0843,0.3103,-9.8943,-9.7280,-9.9495,-9.6173,0.0192
18.0480,dirt,0.715,0.400,0.0703,4.4353,0.0071,-0.0807,0.0470,0.7818,-9.7746,-9.8876,-9.9409,-9.5375,0.0292
18.0600,dirt,0.715,0.400,0.0877,4.5287,-0.0734,-0.0761,0.1596,0.1848,-9.6661,-10.0297,-9.9643,-9.5563,0.0409
18.0720,dirt,0.715,0.400,0.1052,4.4481,-0.0443,-0.0664,-0.0029,0.4821,-9.7099,-9.9408,-9.8983,-9.6157,0.0485
18.0840,dirt,0.715,0.400,0.1225,4.5253,-0.0032,-0.0573,0.4396,0.5594,-9.8232,-9.8208,-9.8630,-9.6554,0.0552
18.0960,dirt,0.715,0.400,0.1398,4.5052,-0.1090,-0.0438,0.0255,0.3149,-9.8265,-9.8713,-9.8399,-9.6931,0.0643
18.1080,dirt,0.715,0.400,0.1570,4.4770,-0.0482,-0.0247,0.0649,0.2989,-9.7897,-9.8889,-9.8412,-9.7263,0.0733
18.1200,dirt,0.715,0.400,0.1741,4.5150,-0.0307,-0.0159,0.2794,1.1715,-9.7661,-9.8454,-9.8958,-9.7258,0.0812
18.1320,dirt,0.715,0.400,0.1911,4.4734,0.0555,-0.0104,0.2137,0.9052,-9.7646,-9.8218,-9.8657,-9.7700,0.0894
18.1440,dirt,0.715,0.400,0.2079,4.5045,-0.0381,0.0018,-0.1019,1.2927,-9.7361,-9.8462,-9.8292,-9.7972,0.0965
18.1560,dirt,0.715,0.400,0.2247,4.4535,0.0309,0.0084,-0.2889,1.0939,-9.6501,-9.9414,-9.8406,-9.7147,0.1044
18.1680,dirt,0.715,0.400,0.2413,4.5862,-0.0188,0.0193,0.2581,1.0534,-9.6037,-10.0532,-9.7855,-9.7577,0.1142
18.1800,dirt,0.715,0.400,0.2577,4.5486,0.0351,0.0284,-0.2352,0.9412,-9.4965,-10.1041,-9.7511,-9.7814,0.1225
18.1920,dirt,0.715,0.400,0.2740,4.4376,0.1643,0.0338,-0.1381,1.7654,-9.5512,-10.0148,-9.7693,-9.8068,0.1298
18.2040,dirt,0.715,0.400,0.2901,4.5181,0.0826,0.0390,0.1632,0.8678,-9.5759,-10.0413,-9.7266,-9.8372,0.1393
18.2160,dirt,0.715,0.400,0.3060,4.6021,0.1062,0.0457,0.0342,1.6121,-9.6306,-10.0358,-9.6782,-9.9073,0.1473
18.2280,dirt,0.715,0.400,0.3217,4.4402,-0.0326,0.0660,0.1273,0.7935,-9.6465,-9.9841,-9.6452,-9.9184,0.1534
18.2400,dirt,0.715,0.400,0.3372,4.4931,0.1063,0.0754,-0.2779,1.1246,-9.6587,-9.9747,-9.6751,-9.8982,0.1618
18.2520,dirt,0.715,0.400,0.3525,4.4639,0.1722,0.0814,0.3194,0.9069,-9.5820,-10.0169,-9.6909,-9.9445,0.1692
18.2640,dirt,0.715,0.400,0.3676,4.5242,0.0665,0.0912,-0.5374,1.3479,-9.5648,-10.0290,-9.6991,-9.9221,0.1756
18.2760,dirt,0.715,0.400,0.3825,4.4987,0.1137,0.1007,0.1023,1.2417,-9.5505,-10.0336,-9.7270,-9.9018,0.1844
18.2880,dirt,0.715,0.400,0.3971,4.5697,0.0395,0.1155,-0.0930,1.4721,-9.4664,-10.0343,-9.6964,-9.9969,0.1929
18.3000,dirt,0.715,0.400,0.4114,4.5425,0.1958,0.1217,-0.2181,1.1628,-9.5026,-9.9849,-9.6820,-9.9670,0.1965
18.3120,dirt,0.715,0.400,0.4256,4.4881,0.1617,0.1312,0.3795,2.0372,-9.5766,-9.9045,-9.6169,-9.9928,0.2010
18.3240,dirt,0.715,0.400,0.4394,4.4993,0.1674,0.1286,-0.1435,1.5573,-9.4022,-10.1088,-9.5388,-10.0632,0.2117
18.3360,dirt,0.715,0.400,0.4529,4.4995,0.2424,0.1401,-0.0273,2.3193,-9.3897,-10.1616,-9.5645,-10.0424,0.2199
18.3480,dirt,0.715,0.400,0.4662,4.5080,0.1056,0.1529,-0.1920,1.2623,-9.4123,-10.1486,-9.5872,-10.0257,0.2259
18.3600,dirt,0.715,0.400,0.4792,4.4484,0.1732,0.1609,-0.1078,1.2961,-9.3882,-10.1517,-9.5990,-10.0809,0.2309
18.3720,dirt,0.715,0.400,0.4919,4.4219,0.2716,0.1675,0.0529,1.6584,-9.3720,-10.1792,-9.5466,-10.0902,0.2364
18.3840,dirt,0.715,0.400,0.5042,4.4845,0.1500,0.1756,0.0654,2.0896,-9.3736,-10.2299,-9.5406,-9.9875,0.2434
18.3960,dirt,0.715,0.400,0.5163,4.5645,0.2602,0.1787,-0.1512,2.0511,-9.3768,-10.2487,-9.5186,-10.0567,0.2499
18.4080,dirt,0.715,0.400,0.5280,4.4408,0.1978,0.1930,-0.1812,1.5607,-9.3617,-10.2257,-9.4907,-10.1405,0.2554
18.4200,dirt,0.715,0.400,0.5394,4.5055,0.3012,0.1936,-0.2761,1.9132,-9.3693,-10.2078,-9.4552,-10.1694,0.2605
18.4320,dirt,0.715,0.400,0.5504,4.4577,0.2316,0.2039,-0.2234,1.7502,-9.3454,-10.1992,-9.4293,-10.1225,0.2652
18.4440,dirt,0.715,0.400,0.5611,4.5010,0.1647,0.2104,-0.0509,1.6048,-9.3594,-10.2195,-9.3344,-10.1752,0.2702
18.4560,dirt,0.715,0.400,0.5714,4.5604,0.3303,0.2184,-0.2351,1.3444,-9.3145,-10.2682,-9.3738,-10.1914,0.2764
18.4680,dirt,0.715,0.400,0.5814,4.4046,0.3956,0.2335,-0.4019,1.9073,-9.2940,-10.2828,-9.4206,-10.1617,0.2819
18.4800,dirt,0.715,0.400,0.5910,4.4115,0.4052,0.2379,-0.1709,1.9568,-9.3615,-10.2350,-9.4734,-10.1338,0.2855
18.4920,dirt,0.715,0.400,0.6003,4.5243,0.2956,0.2423,-0.0181,1.7588,-9.3067,-10.2614,-9.4604,-10.2197,0.2894
18.5040,dirt,0.715,0.400,0.6091,4.4098,0.3117,0.2532,-0.1643,1.0721,-9.2839,-10.3031,-9.3800,-10.1806,0.2939
18.5160,dirt,0.715,0.400,0.6176,4.4488,0.4159,0.2551,-0.2033,0.4685,-9.3277,-10.3436,-9.3377,-10.2038,0.2982
18.5280,dirt,0.715,0.400,0.6257,4.4568,0.2973,0.2638,-0.2087,2.0218,-9.2688,-10.3487,-9.3397,-10.2357,0.3026
18.5400,dirt,0.715,0.400,0.6334,4.4910,0.3184,0.2641,-0.0511,2.3801,-9.2913,-10.3565,-9.2849,-10.2404,0.3066
18.5520,dirt,0.715,0.400,0.6407,4.5459,0.4117,0.2675,-0.1554,2.1570,-9.3071,-10.3522,-9.3188,-10.2485,0.3101
18.5640,dirt,0.715,0.400,0.6476,4.4864,0.2187,0.2720,-0.3380,1.7149,-9.2771,-10.3665,-9.3233,-10.2824,0.3135
18.5760,dirt,0.715,0.400,0.6540,4.5319,0.4209,0.2786,-0.1132,0.9831,-9.3362,-10.3511,-9.2031,-10.2704,0.3165
18.5880,dirt,0.715,0.400,0.6601,4.4955,0.3470,0.2944,-0.1824,1.5490,-9.3003,-10.3834,-9.1737,-10.3788,0.3191
18.6000,dirt,0.715,0.400,0.6657,4.4767,0.4112,0.3046,-0.3812,2.0921,-9.2947,-10.3835,-9.2415,-10.3032,0.3222
18.6120,dirt,0.715,0.400,0.6710,4.3686,0.3571,0.3104,0.1632,2.0537,-9.3092,-10.3729,-9.1330,-10.3794,0.3251
18.6240,dirt,0.715,0.400,0.6758,4.4484,0.4226,0.3152,-0.2341,1.8856,-9.3570,-10.3839,-9.2565,-10.3176,0.3270
18.6360,dirt,0.715,0.400,0.6801,4.5204,0.4631,0.3183,-0.0730,1.8785,-9.3779,-10.3795,-9.2541,-10.3816,0.3289
18.6480,dirt,0.715,0.400,0.6841,4.4879,0.4904,0.3231,-0.6895,1.8366,-9.3755,-10.3468,-9.2911,-10.3756,0.3311
18.6600,dirt,0.715,0.400,0.6876,4.4270,0.4300,0.3235,0.0247,2.7669,-9.3606,-10.3904,-9.3260,-10.3103,0.3330
18.6720,dirt,0.715,0.400,0.6907,4.4798,0.4299,0.3233,-0.1257,2.3909,-9.4061,-10.3409,-9.2291,-10.3131,0.3342
18.6840,dirt,0.715,0.400,0.6933,4.5336,0.3897,0.3273,-0.1451,1.6441,-9.4144,-10.3573,-9.2082,-10.2950,0.3352
18.6960,dirt,0.715,0.400,0.6955,4.4547,0.4618,0.3275,-0.0109,2.6758,-9.3848,-10.3788,-9.2413,-10.2715,0.3362
18.7080,dirt,0.715,0.400,0.6973,4.4189,0.4545,0.3256,-0.1191,1.8568,-9.3852,-10.4200,-9.0809,-10.4085,0.3374
18.7200,dirt,0.715,0.400,0.6986,4.4790,0.4605,0.3236,-0.5772,2.6859,-9.3909,-10.4155,-9.1346,-10.3457,0.3385
18.7320,dirt,0.715,0.400,0.6995,4.5260,0.4379,0.3252,-0.0297,1.6227,-9.4283,-10.4111,-9.0905,-10.3283,0.3392
18.7440,dirt,0.715,0.400,0.6999,4.4557,0.4501,0.3256,-0.3196,2.5570,-9.4832,-10.3340,-9.0287,-10.3144,0.3395
18.7560,dirt,0.715,0.400,0.6999,4.5027,0.5128,0.3292,-0.1759,1.7638,-9.4571,-10.3488,-9.1075,-10.3691,0.3390
18.7680,dirt,0.715,0.400,0.6995,4.3862,0.4758,0.3385,-0.3909,1.6001,-9.4390,-10.3596,-9.0741,-10.2855,0.3385
18.7800,dirt,0.715,0.400,0.6986,4.4583,0.5892,0.3455,0.2602,1.0491,-9.3999,-10.3875,-9.1041,-10.3695,0.3383
18.7920,dirt,0.715,0.400,0.6973,4.4339,0.5203,0.3508,-0.4005,2.2037,-9.3535,-10.4182,-9.0461,-10.4219,0.3383
18.8040,dirt,0.715,0.400,0.6955,4.4338,0.4828,0.3552,-0.5313,1.6143,-9.3335,-10.4542,-8.9896,-10.3388,0.3379
18.8160,dirt,0.715,0.400,0.6933,4.4028,0.4451,0.3589,-0.7319,2.3634,-9.3523,-10.4654,-9.0542,-10.3408,0.3372
18.8280,dirt,0.715,0.400,0.6907,4.5124,0.5632,0.3625,-0.3639,1.5609,-9.3620,-10.4216,-9.0031,-10.4861,0.3358
18.8400,dirt,0.715,0.400,0.6876,4.4768,0.4858,0.3678,-0.7047,1.6710,-9.4031,-10.4408,-8.8976,-10.4955,0.3343
18.8520,dirt,0.715,0.400,0.6841,4.4831,0.5607,0.3678,-0.2772,1.9327,-9.3811,-10.4932,-8.9934,-10.3654,0.3329
18.8640,dirt,0.715,0.400,0.6801,4.4934,0.5765,0.3675,-0.2668,2.4507,-9.4037,-10.5131,-8.9489,-10.3754,0.3315
18.8760,dirt,0.715,0.400,0.6758,4.3579,0.5783,0.3693,-0.2250,1.6685,-9.3776,-10.5015,-8.9194,-10.3887,0.3295
18.8880,dirt,0.715,0.400,0.6710,4.4382,0.4572,0.3687,-0.5236,1.9706,-9.3948,-10.5248,-9.0326,-10.3130,0.3274
18.9000,dirt,0.715,0.400,0.6657,4.4323,0.4301,0.3730,-0.3161,1.5080,-9.4274,-10.4590,-8.9641,-10.3659,0.3251
18.9120,dirt,0.715,0.400,0.6601,4.4571,0.4993,0.3746,-0.4863,1.7178,-9.4154,-10.4594,-8.9540,-10.3885,0.3221
18.9240,dirt,0.715,0.400,0.6540,4.3091,0.4302,0.3761,0.2074,1.3757,-9.4118,-10.4958,-8.9539,-10.3715,0.3199
18.9360,dirt,0.715,0.400,0.6476,4.4325,0.4586,0.3751,-0.0088,1.9547,-9.3665,-10.5252,-8.9474,-10.3363,0.3181
18.9480,dirt,0.715,0.400,0.6407,4.3737,0.4851,0.3757,-0.2220,1.4167,-9.4153,-10.4902,-8.9472,-10.4121,0.3144
18.9600,dirt,0.715,0.400,0.6334,4.4320,0.5264,0.3785,-0.3304,1.9152,-9.4133,-10.5263,-8.8820,-10.3901,0.3102
18.9720,dirt,0.715,0.400,0.6257,4.3875,0.5189,0.3793,-0.2707,1.6215,-9.4851,-10.4460,-8.9170,-10.3742,0.3066
18.9840,dirt,0.715,0.400,0.6176,4.4528,0.4633,0.3788,-0.0654,1.9277,-9.4691,-10.4894,-8.9124,-10.3907,0.3032
18.9960,dirt,0.715,0.400,0.6091,4.4263,0.4732,0.3769,-0.4869,0.9556,-9.4231,-10.4714,-8.8693,-10.4419,0.2989
19.0080,dirt,0.715,0.400,0.6003,4.4427,0.5437,0.3730,-0.1927,1.6921,-9.3757,-10.5061,-8.9614,-10.3855,0.2950
19.0200,dirt,0.715,0.400,0.5910,4.3656,0.4656,0.3753,-0.1905,1.3647,-9.4631,-10.4623,-8.9164,-10.4297,0.2908
19.0320,dirt,0.715,0.400,0.5814,4.4084,0.4395,0.3718,-0.3296,1.4549,-9.4836,-10.4487,-8.9418,-10.3728,0.2863
19.0440,dirt,0.715,0.400,0.5714,4.4412,0.5107,0.3733,0.0195,1.5763,-9.4469,-10.4823,-8.9765,-10.3138,0.2815
19.0560,dirt,0.715,0.400,0.5611,4.4026,0.5062,0.3684,-0.1198,1.1232,-9.4012,-10.4718,-8.9406,-10.3398,0.2772
19.0680,dirt,0.715,0.400,0.5504,4.4742,0.4839,0.3626,-0.0931,0.9071,-9.4042,-10.4667,-9.0403,-10.3177,0.2727
19.0800,dirt,0.715,0.400,0.5394,4.4309,0.5244,0.3637,-0.0887,1.3044,-9.4034,-10.4519,-9.0075,-10.2985,0.2683
19.0920,dirt,0.715,0.400,0.5280,4.4055,0.4956,0.3641,-0.6249,0.9593,-9.4951,-10.3884,-8.9731,-10.3697,0.2619
19.1040,dirt,0.715,0.400,0.5163,4.3809,0.5364,0.3640,-0.1432,0.5888,-9.4348,-10.4600,-8.9933,-10.3494,0.2571
19.1160,dirt,0.715,0.400,0.5042,4.4379,0.4629,0.3641,0.0887,1.1965,-9.4039,-10.4189,-8.9695,-10.4012,0.2516
19.1280,dirt,0.715,0.400,0.4919,4.4496,0.4941,0.3630,-0.0422,1.1699,-9.4214,-10.4168,-9.0420,-10.3944,0.2457
19.1400,dirt,0.715,0.400,0.4792,4.5219,0.4195,0.3629,-0.0984,1.1749,-9.4338,-10.4216,-8.9691,-10.4596,0.2399
19.1520,dirt,0.715,0.400,0.4662,4.3692,0.5316,0.3610,0.0968,0.9597,-9.4249,-10.4120,-9.0025,-10.4168,0.2336
19.1640,dirt,0.715,0.400,0.4529,4.4972,0.3291,0.3593,-0.1686,1.0088,-9.4305,-10.4025,-9.0371,-10.3757,0.2270
19.1760,dirt,0.715,0.400,0.4394,4.4581,0.4214,0.3547,0.0884,0.5164,-9.4669,-10.3752,-8.9942,-10.3910,0.2196
19.1880,dirt,0.715,0.400,0.4256,4.4483,0.3601,0.3459,0.1585,0.5292,-9.4640,-10.4208,-9.0556,-10.3733,0.2136
19.2000,dirt,0.715,0.400,0.4114,4.4644,0.4000,0.3413,0.1877,1.2339,-9.4881,-10.3817,-9.0305,-10.3603,0.2072
19.2120,dirt,0.715,0.400,0.3971,4.3944,0.3398,0.3378,-0.1999,0.6323,-9.5138,-10.3864,-9.0238,-10.3526,0.1998
19.2240,dirt,0.715,0.400,0.3825,4.4321,0.3620,0.3323,0.0816,0.6493,-9.4520,-10.3823,-9.0529,-10.3571,0.1930
19.2360,dirt,0.715,0.400,0.3676,4.4042,0.4134,0.3293,-0.2264,-0.0559,-9.5081,-10.3193,-9.0007,-10.3480,0.1853
19.2480,dirt,0.715,0.400,0.3525,4.4716,0.3279,0.3145,0.0063,0.8415,-9.5505,-10.3263,-9.0912,-10.2918,0.1789
19.2600,dirt,0.715,0.400,0.3372,4.3723,0.3801,0.3080,0.1822,0.5857,-9.5384,-10.3249,-9.1452,-10.2821,0.1721
19.2720,dirt,0.715,0.400,0.3217,4.4153,0.3220,0.3029,-0.3532,0.2221,-9.5829,-10.2746,-9.1357,-10.2953,0.1641
19.2840,dirt,0.715,0.400,0.3060,4.4481,0.3211,0.2953,0.1895,0.8836,-9.5505,-10.2649,-9.2145,-10.2814,0.1566
19.2960,dirt,0.715,0.400,0.2901,4.5210,0.3505,0.2878,0.0921,0.9157,-9.5732,-10.2384,-9.2119,-10.2799,0.1481
19.3080,dirt,0.715,0.400,0.2740,4.4756,0.2680,0.2772,0.0236,0.3189,-9.6187,-10.1781,-9.1749,-10.2971,0.1403
19.3200,dirt,0.715,0.400,0.2577,4.5173,0.1556,0.2704,-0.0175,0.1800,-9.5643,-10.2075,-9.2700,-10.2485,0.1336
19.3320,dirt,0.715,0.400,0.2413,4.4910,0.4168,0.2634,0.2475,0.3859,-9.6023,-10.1702,-9.2009,-10.2986,0.1241
19.3440,dirt,0.715,0.400,0.2247,4.5397,0.2239,0.2569,0.4446,0.3609,-9.6182,-10.1277,-9.2021,-10.2567,0.1161
19.3560,dirt,0.715,0.400,0.2079,4.5583,0.2140,0.2463,-0.0646,0.1747,-9.5484,-10.2166,-9.2698,-10.2109,0.1109
19.3680,dirt,0.715,0.400,0.1911,4.4825,0.3009,0.2347,-0.0731,-0.0223,-9.6225,-10.1873,-9.2232,-10.2107,0.1030
19.3800,dirt,0.715,0.400,0.1741,4.5364,0.2166,0.2259,0.0794,0.4610,-9.7475,-10.1078,-9.2573,-10.1740,0.0922
19.3920,dirt,0.715,0.400,0.1570,4.5353,0.2516,0.2145,-0.0867,0.3497,-9.7125,-10.0909,-9.3147,-10.1542,0.0817
19.4040,dirt,0.715,0.400,0.1398,4.4806,0.3252,0.2061,0.1871,0.3278,-9.6552,-10.1293,-9.3730,-10.1606,0.0756
19.4160,dirt,0.715,0.400,0.1225,4.5110,0.2099,0.1979,-0.6371,-0.7087,-9.6260,-10.0972,-9.3841,-10.1368,0.0692
19.4280,dirt,0.715,0.400,0.1052,4.5087,0.2804,0.1828,0.0050,-0.3194,-9.7622,-10.0078,-9.4168,-10.1633,0.0581
19.4400,dirt,0.715,0.400,0.0877,4.5916,0.2048,0.1749,0.1413,-0.2667,-9.8131,-9.9667,-9.3773,-10.1221,0.0480
19.4520,dirt,0.715,0.400,0.0703,4.4885,0.1756,0.1645,0.0186,0.1091,-9.6668,-10.0477,-9.4442,-10.1140,0.0404
19.4640,dirt,0.715,0.400,0.0527,4.5365,0.1534,0.1576,0.1569,-0.2783,-9.6290,-10.0622,-9.4171,-10.1392,0.0332
19.4760,dirt,0.715,0.400,0.0352,4.4596,0.0767,0.1494,0.3095,-0.1240,-9.6753,-10.0266,-9.3805,-10.1155,0.0250
19.4880,dirt,0.715,0.400,0.0176,4.5337,0.1871,0.1342,-0.1035,0.0384,-9.7766,-9.9766,-9.4770,-10.0319,0.0150
19.5000,dirt,0.715,0.400,-0.0000,4.5054,0.1659,0.1262,-0.3405,-0.0205,-9.8036,-9.9447,-9.4899,-10.0094,0.0056
19.5120,dirt,0.715,0.400,-0.0176,4.4094,0.1309,0.1166,-0.2593,-0.4850,-9.8136,-9.9495,-9.4882,-10.0782,-0.0025
19.5240,dirt,0.715,0.400,-0.0352,4.5119,0.1649,0.1077,0.6298,0.0242,-9.6807,-9.9887,-9.6001,-9.9865,-0.0107
19.5360,dirt,0.715,0.400,-0.0527,4.5000,0.0541,0.0976,0.0851,-0.2686,-9.7230,-9.9128,-9.5648,-10.0368,-0.0195
19.5480,dirt,0.715,0.400,-0.0703,4.4677,0.1957,0.0834,-0.0326,-0.4364,-9.7940,-9.8378,-9.5710,-10.0196,-0.0284
19.5600,dirt,0.715,0.400,-0.0877,4.5237,0.1338,0.0750,-0.1299,-0.0029,-9.8048,-9.8269,-9.5487,-9.9998,-0.0369
19.5720,dirt,0.715,0.400,-0.1052,4.6100,0.1255,0.0670,-0.4536,-0.6325,-9.8360,-9.8748,-9.5529,-9.9847,-0.0457
19.5840,dirt,0.715,0.400,-0.1225,4.5152,0.0250,0.0597,-0.0374,-0.1507,-9.8322,-9.8902,-9.5822,-9.9122,-0.0534
19.5960,dirt,0.715,0.400,-0.1398,4.5645,0.0235,0.0502,-0.2078,-0.7680,-9.8022,-9.8676,-9.6496,-9.9272,-0.0624
19.6080,dirt,0.715,0.400,-0.1570,4.5588,0.0431,0.0357,-0.0364,-1.0855,-9.7542,-9.8440,-9.6661,-9.9134,-0.0716
19.6200,dirt,0.715,0.400,-0.1741,4.4794,0.0281,0.0254,-0.1053,-0.7256,-9.7649,-9.7973,-9.6772,-9.9431,-0.0799
19.6320,dirt,0.715,0.400,-0.1911,4.5198,0.0040,0.0166,-0.0460,-0.7674,-9.8533,-9.7221,-9.7631,-9.9249,-0.0875
19.6440,dirt,0.715,0.400,-0.2079,4.5558,-0.0160,0.0114,-0.0137,-0.5139,-9.8848,-9.7513,-9.6914,-9.9155,-0.0958
19.6560,dirt,0.715,0.400,-0.2247,4.5166,0.0307,0.0037,0.1063,-1.1311,-9.9494,-9.7539,-9.6400,-9.9126,-0.1046
19.6680,dirt,0.715,0.400,-0.2413,4.4961,0.0348,-0.0143,0.1871,-1.0264,-9.8991,-9.7674,-9.7924,-9.8454,-0.1132
19.6800,dirt,0.715,0.400,-0.2577,4.5165,-0.0254,-0.0231,-0.1567,-0.7349,-9.8761,-9.7615,-9.7963,-9.8154,-0.1211
19.6920,dirt,0.715,0.400,-0.2740,4.4390,0.0586,-0.0284,0.1489,-0.7988,-9.9076,-9.7072,-9.7279,-9.8718,-0.1295
19.7040,dirt,0.715,0.400,-0.2901,4.5560,0.0189,-0.0370,-0.3413,-1.2634,-9.7660,-9.7037,-9.8613,-9.8308,-0.1370
19.7160,dirt,0.715,0.400,-0.3060,4.6116,-0.0821,-0.0441,0.0140,-1.8103,-9.9059,-9.6177,-9.8027,-9.8379,-0.1474
19.7280,dirt,0.715,0.400,-0.3217,4.4959,-0.0750,-0.0638,0.3996,-0.8433,-10.0160,-9.5168,-9.8250,-9.8228,-0.1534
19.7400,dirt,0.715,0.400,-0.3372,4.4997,-0.0597,-0.0694,-0.2010,-1.5071,-9.9450,-9.5944,-9.8284,-9.8385,-0.1590
19.7520,dirt,0.715,0.400,-0.3525,4.5161,-0.0189,-0.0760,-0.5295,-2.0901,-9.9930,-9.6396,-9.8378,-9.7899,-0.1690
19.7640,dirt,0.715,0.400,-0.3676,4.5051,-0.1229,-0.0835,-0.2115,-0.9392,-10.0239,-9.6195,-9.8916,-9.7243,-0.1775
19.7760,dirt,0.715,0.400,-0.3825,4.4313,-0.0593,-0.0915,-0.0627,-1.6942,-9.9869,-9.6340,-9.9071,-9.6821,-0.1837
19.7880,dirt,0.715,0.400,-0.3971,4.4335,0.0229,-0.1046,-0.0130,-1.6221,-9.9427,-9.6833,-9.8701,-9.7164,-0.1894
19.8000,dirt,0.715,0.400,-0.4114,4.4819,-0.1430,-0.1081,-0.1385,-1.1300,-9.9899,-9.5983,-9.8942,-9.7640,-0.1974
19.8120,dirt,0.715,0.400,-0.4256,4.4394,-0.1463,-0.1220,0.0336,-0.7433,-10.0390,-9.4980,-9.9597,-9.7871,-0.2054
19.8240,dirt,0.715,0.400,-0.4394,4.4659,-0.1584,-0.1329,-0.1945,-1.5416,-9.9535,-9.5219,-9.9240,-9.7349,-0.2121
19.8360,dirt,0.715,0.400,-0.4529,4.5371,-0.1712,-0.1407,0.4671,-1.2624,-9.9390,-9.5230,-9.9543,-9.6549,-0.2178
19.8480,dirt,0.715,0.400,-0.4662,4.5337,-0.1912,-0.1511,-0.4178,-1.5907,-9.9598,-9.5303,-10.0038,-9.6842,-0.2238
19.8600,dirt,0.715,0.400,-0.4792,4.5955,-0.1068,-0.1571,-0.3281,-1.2664,-10.0055,-9.5142,-10.0590,-9.6553,-0.2298
19.8720,dirt,0.715,0.400,-0.4919,4.5769,-0.1952,-0.1601,-0.0273,-1.1660,-10.1150,-9.4044,-9.9875,-9.6271,-0.2361
19.8840,dirt,0.715,0.400,-0.5042,4.4563,-0.1854,-0.1676,-0.2443,-1.4791,-10.1872,-9.3921,-10.0297,-9.6063,-0.2429
19.8960,dirt,0.715,0.400,-0.5163,4.4935,-0.1290,-0.1735,-0.1416,-2.0979,-10.1857,-9.3510,-10.0673,-9.6013,-0.2495
19.9080,dirt,0.715,0.400,-0.5280,4.4447,-0.2282,-0.1858,-0.5027,-2.3914,-10.1805,-9.4370,-10.0019,-9.6123,-0.2568
19.9200,dirt,0.715,0.400,-0.5394,4.4831,-0.2000,-0.1929,-0.6440,-1.3852,-10.1390,-9.4863,-10.0622,-9.6073,-0.2618
19.9320,dirt,0.715,0.400,-0.5504,4.5253,-0.2578,-0.1981,-0.2796,-1.2142,-10.1097,-9.5499,-10.1394,-9.4225,-0.2659
19.9440,dirt,0.715,0.400,-0.5611,4.4750,-0.1901,-0.2056,-0.1531,-2.0801,-10.1176,-9.5786,-10.1443,-9.4053,-0.2714
19.9560,dirt,0.715,0.400,-0.5714,4.4433,-0.2401,-0.2086,-0.0458,-1.4568,-10.1278,-9.5782,-10.0844,-9.4171,-0.2772
19.9680,dirt,0.715,0.400,-0.5814,4.5055,-0.2474,-0.2210,0.0564,-2.0060,-10.1342,-9.5386,-10.0858,-9.5227,-0.2822
19.9800,dirt,0.715,0.400,-0.5910,4.5459,-0.2625,-0.2269,-0.4371,-1.6726,-10.1400,-9.4957,-10.0568,-9.5906,-0.2869
19.9920,dirt,0.715,0.400,-0.6003,4.5422,-0.2547,-0.2349,-0.1545,-1.7598,-10.0901,-9.4812,-10.0293,-9.4539,-0.2915
20.0040,dirt,0.715,0.400,-0.6091,4.4476,-0.2955,-0.2358,-0.1954,-1.9537,-10.1290,-9.4437,-10.1034,-9.4942,-0.2959
20.0160,dirt,0.715,0.400,-0.6176,4.4694,-0.3389,-0.2413,-0.3952,-2.3093,-10.1514,-9.4486,-10.1834,-9.3740,-0.3000
20.0280,dirt,0.715,0.400,-0.6257,4.4454,-0.3226,-0.2499,-0.5153,-2.5457,-10.1502,-9.4497,-10.1811,-9.3576,-0.3042
20.0400,dirt,0.715,0.400,-0.6334,4.5289,-0.3298,-0.2601,0.0705,-1.4300,-10.1557,-9.4259,-10.1437,-9.3410,-0.3076
20.0520,dirt,0.715,0.400,-0.6407,4.3773,-0.3348,-0.2682,-0.1809,-1.7756,-10.1783,-9.4482,-10.1360,-9.3862,-0.3106
20.0640,dirt,0.715,0.400,-0.6476,4.4663,-0.3118,-0.2733,-0.2194,-2.1744,-10.1948,-9.3728,-10.2002,-9.3644,-0.3146
20.0760,dirt,0.715,0.400,-0.6540,4.5787,-0.3032,-0.2763,0.0462,-1.9804,-10.1700,-9.3945,-10.2177,-9.3609,-0.3182
20.0880,dirt,0.715,0.400,-0.6601,4.3484,-0.3475,-0.2868,-0.3913,-2.2914,-10.1770,-9.3750,-10.1926,-9.4017,-0.3211
20.1000,dirt,0.715,0.400,-0.6657,4.4821,-0.3203,-0.2905,-0.1081,-2.0713,-10.2070,-9.3698,-10.2075,-9.3013,-0.3235
20.1120,dirt,0.715,0.400,-0.6710,4.3828,-0.3839,-0.2908,-0.6478,-2.5857,-10.2046,-9.3991,-10.2394,-9.3265,-0.3258
20.1240,dirt,0.715,0.400,-0.6758,4.4049,-0.3303,-0.2920,-0.1639,-0.8132,-10.2406,-9.3559,-10.1599,-9.2708,-0.3280
20.1360,dirt,0.715,0.400,-0.6801,4.4878,-0.5161,-0.2952,-0.5520,-2.4667,-10.2295,-9.4029,-10.3107,-9.1734,-0.3306
20.1480,dirt,0.715,0.400,-0.6841,4.3644,-0.4099,-0.3118,-0.6921,-2.1919,-10.2080,-9.4082,-10.2870,-9.2735,-0.3326
20.1600,dirt,0.715,0.400,-0.6876,4.3800,-0.4134,-0.3214,0.1890,-2.0174,-10.1703,-9.4457,-10.3622,-9.0678,-0.3339
20.1720,dirt,0.715,0.400,-0.6907,4.3098,-0.4253,-0.3237,0.1472,-1.6657,-10.2342,-9.4499,-10.2932,-9.2375,-0.3352
20.1840,dirt,0.715,0.400,-0.6933,4.4309,-0.3173,-0.3249,-0.5082,-2.5282,-10.2335,-9.4531,-10.2617,-9.2733,-0.3366
20.1960,dirt,0.715,0.400,-0.6955,4.3803,-0.4100,-0.3244,-0.2969,-2.5482,-10.2837,-9.4529,-10.2470,-9.2300,-0.3379
20.2080,dirt,0.715,0.400,-0.6973,4.4315,-0.4675,-0.3275,-0.4963,-1.6977,-10.3044,-9.4383,-10.2737,-9.2700,-0.3390
20.2200,dirt,0.715,0.400,-0.6986,4.3707,-0.4157,-0.3255,-0.1024,-2.1750,-10.3432,-9.4394,-10.2599,-9.1451,-0.3397
20.2320,dirt,0.715,0.400,-0.6995,4.4178,-0.4512,-0.3260,-0.3736,-1.7346,-10.3891,-9.4178,-10.2272,-9.0824,-0.3404
20.2440,dirt,0.715,0.400,-0.6999,4.4416,-0.5284,-0.3277,0.1702,-2.4807,-10.3729,-9.4492,-10.2361,-9.0855,-0.3410
20.2560,dirt,0.715,0.400,-0.6999,4.3798,-0.5718,-0.3254,-0.4550,-2.8525,-10.3425,-9.4562,-10.2575,-9.0599,-0.3414
20.2680,dirt,0.715,0.400,-0.6995,4.5582,-0.4496,-0.3297,-0.3152,-1.9181,-10.3604,-9.4643,-10.2186,-9.0759,-0.3413
20.2800,dirt,0.715,0.400,-0.6986,4.4392,-0.4095,-0.3391,-0.1586,-1.6029,-10.3386,-9.4863,-10.2284,-9.0674,-0.3408
20.2920,dirt,0.715,0.400,-0.6973,4.4318,-0.5442,-0.3432,0.1531,-1.6021,-10.3427,-9.4929,-10.3469,-9.0161,-0.3402
20.3040,dirt,0.715,0.400,-0.6955,4.4424,-0.4928,-0.3466,-0.2446,-1.6566,-10.3401,-9.4955,-10.2699,-9.0514,-0.3393
20.3160,dirt,0.715,0.400,-0.6933,4.4367,-0.5047,-0.3514,-0.4813,-1.3398,-10.3148,-9.4989,-10.3068,-8.9394,-0.3384
20.3280,dirt,0.715,0.400,-0.6907,4.5437,-0.4248,-0.3582,0.0636,-1.8298,-10.3699,-9.4463,-10.2348,-8.9821,-0.3373
20.3400,dirt,0.715,0.400,-0.6876,4.4047,-0.5492,-0.3560,-0.2803,-1.8654,-10.3688,-9.4825,-10.2985,-9.0681,-0.3364
20.3520,dirt,0.715,0.400,-0.6841,4.3913,-0.5738,-0.3564,0.0615,-1.3119,-10.3934,-9.4527,-10.2193,-9.1512,-0.3348
20.3640,dirt,0.715,0.400,-0.6801,4.5275,-0.4762,-0.3591,-0.0359,-2.2106,-10.3786,-9.4518,-10.1914,-9.1562,-0.3330
20.3760,dirt,0.715,0.400,-0.6758,4.3968,-0.5442,-0.3586,-0.5081,-1.5518,-10.3894,-9.4355,-10.2619,-9.0872,-0.3314
20.3880,dirt,0.715,0.400,-0.6710,4.4518,-0.4919,-0.3603,-0.2225,-1.9296,-10.3750,-9.4742,-10.2661,-9.0461,-0.3293
20.4000,dirt,0.715,0.400,-0.6657,4.5497,-0.4837,-0.3649,-0.1441,-1.9882,-10.3649,-9.5059,-10.2330,-8.9759,-0.3265
20.4120,dirt,0.715,0.400,-0.6601,4.4779,-0.5526,-0.3623,-0.2271,-1.5377,-10.3927,-9.5307,-10.2737,-8.9202,-0.3238
20.4240,dirt,0.715,0.400,-0.6540,4.2987,-0.5255,-0.3629,-0.7313,-2.0114,-10.4005,-9.4861,-10.2499,-8.9726,-0.3218
20.4360,dirt,0.715,0.400,-0.6476,4.3995,-0.5420,-0.3623,0.0089,-1.2402,-10.3956,-9.4876,-10.1810,-9.0104,-0.3186
20.4480,dirt,0.715,0.400,-0.6407,4.4575,-0.4722,-0.3620,0.0150,-1.2492,-10.3660,-9.4737,-10.3112,-8.9351,-0.3151
20.4600,dirt,0.715,0.400,-0.6334,4.4649,-0.5910,-0.3594,-0.5449,-2.0498,-10.3514,-9.5100,-10.2934,-9.0534,-0.3119
20.4720,dirt,0.715,0.400,-0.6257,4.3957,-0.4544,-0.3612,0.0946,-1.4007,-10.3648,-9.4704,-10.2076,-9.0283,-0.3085
20.4840,dirt,0.715,0.400,-0.6176,4.4088,-0.5486,-0.3604,-0.3083,-1.5708,-10.3020,-9.5549,-10.2744,-9.0033,-0.3049
20.4960,dirt,0.715,0.400,-0.6091,4.3624,-0.3531,-0.3630,-0.1580,-1.4137,-10.3354,-9.5754,-10.2907,-9.0173,-0.3004
20.5080,dirt,0.715,0.400,-0.6003,4.4290,-0.5773,-0.3607,0.0152,-2.1564,-10.3799,-9.5268,-10.2925,-9.0388,-0.2963
20.5200,dirt,0.715,0.400,-0.5910,4.4408,-0.4294,-0.3587,-0.2102,-1.1575,-10.4173,-9.4435,-10.2656,-9.0124,-0.2925
20.5320,dirt,0.715,0.400,-0.5814,4.3727,-0.4795,-0.3585,0.0548,-1.2010,-10.4071,-9.4794,-10.3251,-8.9891,-0.2883
20.5440,dirt,0.715,0.400,-0.5714,4.4251,-0.4805,-0.3580,-0.1434,-1.6685,-10.3788,-9.5083,-10.3290,-9.0343,-0.2833
20.5560,dirt,0.715,0.400,-0.5611,4.4480,-0.4375,-0.3604,-0.2392,-0.8462,-10.3497,-9.5181,-10.2906,-9.0581,-0.2784
20.5680,dirt,0.715,0.400,-0.5504,4.4251,-0.5155,-0.3563,0.0158,-0.8731,-10.3933,-9.4890,-10.2942,-9.0063,-0.2736
20.5800,dirt,0.715,0.400,-0.5394,4.4221,-0.4701,-0.3561,-0.1873,-1.5042,-10.3726,-9.4803,-10.2709,-9.1098,-0.2685
20.5920,dirt,0.715,0.400,-0.5280,4.5239,-0.5738,-0.3568,-0.0180,-0.9641,-10.4017,-9.4603,-10.2796,-9.0635,-0.2632
20.6040,dirt,0.715,0.400,-0.5163,4.4097,-0.4173,-0.3542,0.0294,-0.9443,-10.3622,-9.4792,-10.3203,-9.0592,-0.2580
20.6160,dirt,0.715,0.400,-0.5042,4.5117,-0.4972,-0.3538,-0.5982,-1.4195,-10.3883,-9.4684,-10.2787,-9.1166,-0.2532
20.6280,dirt,0.715,0.400,-0.4919,4.3634,-0.4747,-0.3533,0.1269,-1.3858,-10.3326,-9.4902,-10.2990,-9.0722,-0.2472
20.6400,dirt,0.715,0.400,-0.4792,4.3551,-0.4628,-0.3521,-0.0381,-0.9251,-10.3167,-9.5394,-10.2817,-9.1179,-0.2398
20.6520,dirt,0.715,0.400,-0.4662,4.4178,-0.5346,-0.3490,-0.0049,-0.5429,-10.3856,-9.4854,-10.3145,-9.0881,-0.2344
20.6640,dirt,0.715,0.400,-0.4529,4.3420,-0.4510,-0.3424,-0.2526,-1.0705,-10.4379,-9.4055,-10.2886,-9.0839,-0.2312
20.6760,dirt,0.715,0.400,-0.4394,4.4159,-0.4000,-0.3463,-0.0607,-0.4717,-10.2873,-9.5379,-10.2845,-9.1182,-0.2208
20.6880,dirt,0.715,0.400,-0.4256,4.4796,-0.5148,-0.3361,0.1093,-1.0651,-10.2626,-9.5788,-10.3238,-9.0970,-0.2131
20.7000,dirt,0.715,0.400,-0.4114,4.5404,-0.3099,-0.3294,-0.0152,-0.3875,-10.3063,-9.5474,-10.2842,-9.1069,-0.2073
20.7120,dirt,0.715,0.400,-0.3971,4.3731,-0.4898,-0.3281,0.2548,-1.1641,-10.3338,-9.4939,-10.2881,-9.1062,-0.2021
20.7240,dirt,0.715,0.400,-0.3825,4.4724,-0.4413,-0.3228,0.0335,-0.0793,-10.3744,-9.4757,-10.3123,-9.0875,-0.1973
20.7360,dirt,0.715,0.400,-0.3676,4.4240,-0.3392,-0.3175,0.1615,-0.8143,-10.3018,-9.5249,-10.2988,-9.1453,-0.1899
20.7480,dirt,0.715,0.400,-0.3525,4.4847,-0.4321,-0.3147,0.0876,-0.7562,-10.2216,-9.5966,-10.3215,-9.1309,-0.1813
20.7600,dirt,0.715,0.400,-0.3372,4.4426,-0.2763,-0.3080,0.1193,-0.3409,-10.1678,-9.6348,-10.3335,-9.0982,-0.1726
20.7720,dirt,0.715,0.400,-0.3217,4.5201,-0.3059,-0.3033,-0.0306,-0.7187,-10.1637,-9.6799,-10.3085,-9.1635,-0.1633
20.7840,dirt,0.715,0.400,-0.3060,4.4952,-0.3459,-0.3006,0.1636,-0.7981,-10.1835,-9.6435,-10.2754,-9.1384,-0.1549
20.7960,dirt,0.715,0.400,-0.2901,4.5010,-0.3685,-0.2934,0.1649,-0.4950,-10.2314,-9.5985,-10.2592,-9.1777,-0.1498
20.8080,dirt,0.715,0.400,-0.2740,4.5345,-0.2842,-0.2759,0.1508,-0.3653,-10.2685,-9.5178,-10.2358,-9.2230,-0.1446
20.8200,dirt,0.715,0.400,-0.2577,4.4749,-0.3334,-0.2708,-0.2312,0.1665,-10.1833,-9.5629,-10.2524,-9.1931,-0.1376
20.8320,dirt,0.715,0.400,-0.2413,4.4229,-0.3106,-0.2650,0.0770,-0.8124,-10.0618,-9.7339,-10.1882,-9.2521,-0.1267
20.8440,dirt,0.715,0.400,-0.2247,4.4181,-0.2757,-0.2633,0.0011,-0.4881,-9.9982,-9.7749,-10.1700,-9.2268,-0.1160
20.8560,dirt,0.715,0.400,-0.2079,4.4826,-0.2779,-0.2477,-0.1788,-0.2262,-10.0723,-9.7019,-10.2100,-9.1896,-0.1077
20.8680,dirt,0.715,0.400,-0.1911,4.5488,-0.1667,-0.2312,0.1875,0.0440,-10.1311,-9.6687,-10.1677,-9.2918,-0.1001
20.8800,dirt,0.715,0.400,-0.1741,4.4764,-0.1547,-0.2253,0.0298,-0.2013,-10.0919,-9.6593,-10.1275,-9.2685,-0.0917
20.8920,dirt,0.715,0.400,-0.1570,4.5273,-0.2233,-0.2142,0.3094,0.2941,-10.0306,-9.7359,-10.1347,-9.3009,-0.0827
20.9040,dirt,0.715,0.400,-0.1398,4.5260,-0.3146,-0.2049,0.1138,-0.5706,-9.9605,-9.8082,-10.0748,-9.4065,-0.0736
20.9160,dirt,0.715,0.400,-0.1225,4.5285,-0.2226,-0.1944,0.2068,0.0271,-9.9962,-9.7405,-10.0605,-9.4065,-0.0654
20.9280,dirt,0.715,0.400,-0.1052,4.4654,-0.1879,-0.1734,0.4275,0.5667,-9.9360,-9.7598,-10.0737,-9.4319,-0.0564
20.9400,dirt,0.715,0.400,-0.0877,4.3562,-0.2619,-0.1620,0.1727,-0.0863,-9.9731,-9.7701,-10.0209,-9.5242,-0.0476
20.9520,dirt,0.715,0.400,-0.0703,4.5252,-0.1213,-0.1557,0.2744,0.3790,-9.9547,-9.7026,-10.0622,-9.4967,-0.0392
20.9640,dirt,0.715,0.400,-0.0527,4.5814,-0.1454,-0.1464,0.1614,0.7340,-9.9126,-9.7162,-10.0630,-9.5160,-0.0308
20.9760,dirt,0.715,0.400,-0.0352,4.4157,-0.1391,-0.1412,0.0104,0.7045,-9.8723,-9.8299,-10.0300,-9.5537,-0.0234
20.9880,dirt,0.715,0.400,-0.0176,4.4672,-0.0986,-0.1278,0.3786,0.3782,-9.8488,-9.7791,-10.0091,-9.4972,-0.0168
21.0000,dirt,0.715,0.400,0.0000,4.4840,-0.2301,-0.1251,0.0914,0.0235,-9.7390,-9.9023,-9.9919,-9.5409,-0.0046
21.0120,dirt,0.715,0.400,0.0176,4.4593,-0.0798,-0.1132,0.1021,0.3901,-9.7813,-9.8905,-9.9811,-9.5482,0.0061
21.0240,dirt,0.715,0.400,0.0352,4.6375,-0.1999,-0.1020,0.0644,0.7368,-9.8957,-9.7901,-9.9600,-9.5237,0.0135
21.0360,dirt,0.715,0.400,0.0527,4.5017,-0.1443,-0.0915,0.0546,0.3020,-9.9416,-9.7901,-9.9401,-9.5897,0.0202
21.0480,dirt,0.715,0.400,0.0703,4.5366,-0.0240,-0.0774,-0.0251,0.6722,-9.8921,-9.7733,-9.9100,-9.6087,0.0298
21.0600,dirt,0.715,0.400,0.0877,4.5317,-0.0667,-0.0694,-0.0628,1.2155,-9.8245,-9.8358,-9.9069,-9.6437,0.0391
21.0720,dirt,0.715,0.400,0.1052,4.5449,-0.0756,-0.0591,0.0226,0.1382,-9.8132,-9.8800,-9.8559,-9.7045,0.0476
21.0840,dirt,0.715,0.400,0.1225,4.5378,-0.1020,-0.0529,0.2757,0.7475,-9.7140,-9.9691,-9.8296,-9.7247,0.0560
21.0960,dirt,0.715,0.400,0.1398,4.5143,0.0494,-0.0424,0.0496,0.8425,-9.6589,-9.9173,-9.8672,-9.6972,0.0640
21.1080,dirt,0.715,0.400,0.1570,4.5315,-0.0538,-0.0258,0.1825,0.9818,-9.6883,-9.9284,-9.8587,-9.7431,0.0728
21.1200,dirt,0.715,0.400,0.1741,4.4776,-0.0078,-0.0203,0.0167,0.6688,-9.7148,-9.9410,-9.8441,-9.7620,0.0812
21.1320,dirt,0.715,0.400,0.1911,4.5298,0.0207,-0.0095,0.0018,1.1096,-9.6791,-9.9341,-9.8322,-9.7293,0.0905
21.1440,dirt,0.715,0.400,0.2079,4.4508,-0.0712,-0.0029,-0.1702,0.5258,-9.7326,-9.9116,-9.8078,-9.7666,0.0990
21.1560,dirt,0.715,0.400,0.2247,4.5641,-0.0633,0.0061,0.2015,1.4356,-9.7004,-9.9671,-9.7934,-9.7600,0.1059
21.1680,dirt,0.715,0.400,0.2413,4.5436,0.0180,0.0203,-0.2612,1.5846,-9.6802,-9.8885,-9.7930,-9.7473,0.1156
21.1800,dirt,0.715,0.400,0.2577,4.4810,0.1439,0.0331,-0.1549,1.5636,-9.7037,-9.8697,-9.7874,-9.8476,0.1232
21.1920,dirt,0.715,0.400,0.2740,4.5748,0.0686,0.0377,0.0008,0.5371,-9.6169,-9.9838,-9.7509,-9.8507,0.1289
21.2040,dirt,0.715,0.400,0.2901,4.5090,0.0111,0.0439,-0.0812,1.0220,-9.5984,-10.0499,-9.6766,-9.8526,0.1367
21.2160,dirt,0.715,0.400,0.3060,4.4893,0.0465,0.0498,0.0160,0.8641,-9.5502,-10.0878,-9.6738,-9.8675,0.1472
21.2280,dirt,0.715,0.400,0.3217,4.4575,0.0607,0.0675,-0.0189,0.7748,-9.4745,-10.1622,-9.7226,-9.9295,0.1559
21.2400,dirt,0.715,0.400,0.3372,4.4649,0.0584,0.0765,0.0140,1.3073,-9.4727,-10.1092,-9.7245,-9.8660,0.1626
21.2520,dirt,0.715,0.400,0.3525,4.5254,0.1861,0.0858,-0.3003,1.5483,-9.4556,-10.0553,-9.6940,-9.9061,0.1703
21.2640,dirt,0.715,0.400,0.3676,4.4867,0.1777,0.0906,-0.2729,1.1309,-9.5039,-10.0286,-9.7005,-9.9110,0.1769
21.2760,dirt,0.715,0.400,0.3825,4.4281,0.2418,0.1025,-0.1056,1.5521,-9.5439,-10.0510,-9.7108,-9.9293,0.1836
21.2880,dirt,0.715,0.400,0.3971,4.4638,0.1600,0.1129,-0.5717,0.6934,-9.5534,-10.0603,-9.6771,-9.9455,0.1929
21.3000,dirt,0.715,0.400,0.4114,4.5485,0.1633,0.1180,-0.0594,1.6228,-9.5695,-10.0481,-9.6459,-9.9632,0.1996
21.3120,dirt,0.715,0.400,0.4256,4.5053,0.1426,0.1244,-0.1921,1.4280,-9.6303,-10.0156,-9.5978,-10.0227,0.2054
21.3240,dirt,0.715,0.400,0.4394,4.4816,0.1753,0.1349,0.0232,1.5716,-9.5546,-10.0599,-9.5094,-9.9956,0.2121
21.3360,dirt,0.715,0.400,0.4529,4.4839,0.1151,0.1398,-0.3028,1.4990,-9.5250,-10.0541,-9.5632,-9.9854,0.2190
21.3480,dirt,0.715,0.400,0.4662,4.5230,0.1129,0.1575,-0.0160,1.5860,-9.5281,-10.0821,-9.5722,-10.0818,0.2259
21.3600,dirt,0.715,0.400,0.4792,4.4168,0.2157,0.1653,-0.0926,1.4296,-9.4618,-10.1013,-9.5804,-10.0468,0.2319
21.3720,dirt,0.715,0.400,0.4919,4.5207,0.2425,0.1752,-0.1223,1.5710,-9.4413,-10.1186,-9.5604,-10.0077,0.2377
21.3840,dirt,0.715,0.400,0.5042,4.4383,0.2792,0.1776,-0.3788,1.7164,-9.4751,-10.1131,-9.4850,-10.1054,0.2432
21.3960,dirt,0.715,0.400,0.5163,4.4549,0.2950,0.1837,-0.1233,1.9247,-9.3713,-10.1940,-9.5083,-10.0921,0.2500
21.4080,dirt,0.715,0.400,0.5280,4.4338,0.3323,0.1960,-0.4453,2.0643,-9.3941,-10.2003,-9.5238,-10.1441,0.2557
21.4200,dirt,0.715,0.400,0.5394,4.4608,0.2976,0.1981,-0.2400,1.7529,-9.4194,-10.1410,-9.4566,-10.1424,0.2611
21.4320,dirt,0.715,0.400,0.5504,4.4704,0.2176,0.2055,-0.2283,1.9689,-9.3997,-10.1757,-9.4745,-10.1483,0.2661
21.4440,dirt,0.715,0.400,0.5611,4.4638,0.3041,0.2131,-0.3840,0.5346,-9.4004,-10.2109,-9.3559,-10.1435,0.2709
21.4560,dirt,0.715,0.400,0.5714,4.5821,0.3402,0.2226,-0.1377,1.9624,-9.3928,-10.1989,-9.3519,-10.1678,0.2764
21.4680,dirt,0.715,0.400,0.5814,4.4927,0.2627,0.2366,-0.1566,1.8632,-9.3601,-10.2320,-9.3142,-10.2575,0.2813
21.4800,dirt,0.715,0.400,0.5910,4.4441,0.3240,0.2408,-0.0316,1.7826,-9.3244,-10.2682,-9.3808,-10.2010,0.2858
21.4920,dirt,0.715,0.400,0.6003,4.4209,0.2903,0.2503,0.1323,1.8950,-9.3162,-10.2764,-9.4621,-10.1405,0.2902
21.5040,dirt,0.715,0.400,0.6091,4.4549,0.3568,0.2510,-0.3459,2.0717,-9.2895,-10.2756,-9.4301,-10.2221,0.2948
21.5160,dirt,0.715,0.400,0.6176,4.5293,0.2768,0.2600,0.0794,1.2688,-9.3254,-10.2772,-9.3612,-10.2145,0.2999
21.5280,dirt,0.715,0.400,0.6257,4.3946,0.2994,0.2679,-0.4071,1.9832,-9.3370,-10.2813,-9.3466,-10.2308,0.3029
21.5400,dirt,0.715,0.400,0.6334,4.5660,0.3546,0.2722,-0.3544,2.7129,-9.3719,-10.2766,-9.3199,-10.2459,0.3050
21.5520,dirt,0.715,0.400,0.6407,4.6302,0.3633,0.2727,-0.1161,2.4917,-9.4194,-10.2333,-9.2913,-10.2544,0.3084
21.5640,dirt,0.715,0.400,0.6476,4.3798,0.4100,0.2759,-0.2701,2.4151,-9.3795,-10.2881,-9.3096,-10.2622,0.3127
21.5760,dirt,0.715,0.400,0.6540,4.4907,0.3940,0.2789,-0.2333,1.8806,-9.3787,-10.2633,-9.3113,-10.2147,0.3166
21.5880,dirt,0.715,0.400,0.6601,4.4076,0.5083,0.2910,-0.0258,1.6412,-9.3600,-10.3086,-9.2374,-10.2923,0.3196
21.6000,dirt,0.715,0.400,0.6657,4.5347,0.4054,0.2989,0.0820,1.3860,-9.3145,-10.3328,-9.2657,-10.3094,0.3216
21.6120,dirt,0.715,0.400,0.6710,4.4342,0.4195,0.3032,-0.0303,1.3203,-9.3921,-10.3420,-9.1568,-10.3292,0.3242
21.6240,dirt,0.715,0.400,0.6758,4.4598,0.4649,0.3085,-0.0316,2.1250,-9.3286,-10.4041,-9.2136,-10.2668,0.3268
21.6360,dirt,0.715,0.400,0.6801,4.5156,0.5464,0.3119,-0.0752,1.7265,-9.3285,-10.4349,-9.1753,-10.3130,0.3290
21.6480,dirt,0.715,0.400,0.6841,4.5094,0.4053,0.3193,-0.0926,1.9645,-9.3499,-10.4230,-9.1649,-10.3492,0.3309
21.6600,dirt,0.715,0.400,0.6876,4.5290,0.3844,0.3187,-0.2096,2.0736,-9.3618,-10.4094,-9.3274,-10.2851,0.3327
21.6720,dirt,0.715,0.400,0.6907,4.4175,0.3529,0.3234,0.5956,2.3220,-9.3769,-10.4060,-9.2821,-10.3240,0.3345
21.6840,dirt,0.715,0.400,0.6933,4.4053,0.4388,0.3225,-0.3581,2.3082,-9.4015,-10.3884,-9.2792,-10.2763,0.3360
21.6960,dirt,0.715,0.400,0.6955,4.4600,0.5093,0.3245,-0.1023,2.0703,-9.4311,-10.3188,-9.2605,-10.2909,0.3367
21.7080,dirt,0.715,0.400,0.6973,4.3906,0.5328,0.3275,-0.2408,1.8859,-9.4309,-10.3816,-9.1631,-10.2934,0.3373
21.7200,dirt,0.715,0.400,0.6986,4.4710,0.4440,0.3262,-0.1598,2.2339,-9.4050,-10.4024,-9.1478,-10.3207,0.3383
21.7320,dirt,0.715,0.400,0.6995,4.4535,0.4880,0.3302,-0.1265,2.1599,-9.3703,-10.4731,-9.1345,-10.3397,0.3391
21.7440,dirt,0.715,0.400,0.6999,4.4858,0.4547,0.3325,-0.3520,1.6569,-9.4058,-10.4265,-9.1269,-10.2978,0.3396
21.7560,dirt,0.715,0.400,0.6999,4.4093,0.4807,0.3334,-0.4489,2.1629,-9.3794,-10.4528,-9.0177,-10.3432,0.3397
21.7680,dirt,0.715,0.400,0.6995,4.4565,0.4649,0.3387,-0.3860,2.7118,-9.4533,-10.4379,-9.0616,-10.3060,0.3396
21.7800,dirt,0.715,0.400,0.6986,4.4908,0.4956,0.3442,-0.6471,2.0583,-9.4707,-10.3964,-9.0184,-10.2872,0.3392
21.7920,dirt,0.715,0.400,0.6973,4.4232,0.5899,0.3458,-0.2032,1.8875,-9.4396,-10.4547,-9.0620,-10.3017,0.3383
21.8040,dirt,0.715,0.400,0.6955,4.4144,0.5443,0.3436,-0.4458,2.7341,-9.4188,-10.4537,-9.0057,-10.3534,0.3375
21.8160,dirt,0.715,0.400,0.6933,4.3903,0.5478,0.3432,-0.1319,1.9502,-9.3917,-10.4701,-9.0258,-10.3044,0.3369
21.8280,dirt,0.715,0.400,0.6907,4.4447,0.4136,0.3537,-0.0574,1.6979,-9.4070,-10.4539,-9.0521,-10.3038,0.3363
21.8400,dirt,0.715,0.400,0.6876,4.3572,0.4972,0.3524,-0.0438,1.4888,-9.4280,-10.4371,-9.0027,-10.3335,0.3348
21.8520,dirt,0.715,0.400,0.6841,4.4330,0.5551,0.3590,-0.2276,1.9257,-9.4538,-10.4215,-9.0023,-10.3509,0.3331
21.8640,dirt,0.715,0.400,0.6801,4.4362,0.4989,0.3609,-0.0682,1.2394,-9.4470,-10.4215,-9.0086,-10.2932,0.3314
21.8760,dirt,0.715,0.400,0.6758,4.4809,0.5222,0.3599,-0.2700,1.6046,-9.4308,-10.4598,-8.9282,-10.3426,0.3292
21.8880,dirt,0.715,0.400,0.6710,4.3708,0.4461,0.3670,-0.3212,1.8045,-9.3756,-10.4714,-8.9775,-10.3883,0.3272
21.9000,dirt,0.715,0.400,0.6657,4.5169,0.5454,0.3675,-0.1606,1.7462,-9.3522,-10.4808,-9.0063,-10.2979,0.3253
21.9120,dirt,0.715,0.400,0.6601,4.4572,0.4995,0.3689,-0.2562,1.2786,-9.3693,-10.4931,-8.9265,-10.3582,0.3230
21.9240,dirt,0.715,0.400,0.6540,4.4932,0.5886,0.3726,-0.3282,2.2600,-9.3859,-10.4891,-9.0324,-10.3104,0.3202
21.9360,dirt,0.715,0.400,0.6476,4.4143,0.5169,0.3805,-0.3214,1.3169,-9.4032,-10.5121,-8.9728,-10.3404,0.3169
21.9480,dirt,0.715,0.400,0.6407,4.5042,0.5810,0.3845,-0.5523,0.7973,-9.3493,-10.5174,-8.9371,-10.3840,0.3138
21.9600,dirt,0.715,0.400,0.6334,4.4652,0.4105,0.3862,-0.1546,1.3842,-9.3359,-10.5618,-8.9549,-10.3538,0.3109
21.9720,dirt,0.715,0.400,0.6257,4.4608,0.5682,0.3917,-0.1974,1.0335,-9.3550,-10.6002,-8.8926,-10.3765,0.3077
21.9840,dirt,0.715,0.400,0.6176,4.4346,0.5347,0.3926,-0.2236,1.3253,-9.3817,-10.5586,-8.9558,-10.3575,0.3036
21.9960,dirt,0.715,0.400,0.6091,4.4169,0.6031,0.3927,-0.1764,1.0147,-9.3796,-10.5471,-8.9097,-10.3739,0.2995
22.0080,dirt,0.715,0.400,0.6003,4.5013,0.5804,0.3934,-0.2487,0.9191,-9.3465,-10.5826,-8.9032,-10.3920,0.2958
