t,terrain,n_true,throttle_cmd,steer_cmd,u,v,omega,ax,ay,wheel_omega_fl,wheel_omega_fr,wheel_omega_rl,wheel_omega_rr,steering_angle
0.0000,clay,0.500,0.450,0.0000,0.0195,0.1127,0.0002,-0.6910,0.0237,-0.0170,-0.0170,-0.0170,-0.0170,0.0000
0.0120,clay,0.500,0.450,0.0126,0.0473,0.0007,-0.0017,-0.6468,-0.0145,-0.0291,-0.0291,-0.0291,-0.0291,0.0000
0.0240,clay,0.500,0.450,0.0251,-0.0123,0.0546,-0.0035,-0.3982,-0.0445,-0.0060,-0.0060,-0.0060,-0.0060,0.0060
0.0360,clay,0.500,0.450,0.0377,-0.0426,0.0400,-0.0060,-0.0806,0.0799,0.0153,0.0153,0.0153,0.0153,0.0159
0.0480,clay,0.500,0.450,0.0502,-0.0781,-0.0880,-0.0020,0.1296,-0.0048,0.0228,0.0228,0.0228,0.0228,0.0224
0.0600,clay,0.500,0.450,0.0627,0.1369,-0.0285,-0.0020,0.8769,0.0051,-0.0167,-0.0167,-0.0167,-0.0167,0.0268
0.0720,clay,0.500,0.450,0.0751,0.0368,0.0074,-0.0021,0.1825,-0.0961,-0.0196,-0.0196,-0.0196,-0.0196,0.0328
0.0840,clay,0.500,0.450,0.0875,0.0631,-0.0506,-0.0034,0.0354,-0.0511,-0.0116,-0.0116,-0.0116,-0.0116,0.0373
0.0960,clay,0.500,0.450,0.0999,-0.0069,0.0581,-0.0043,-0.1555,0.2317,-0.0051,-0.0051,-0.0051,-0.0051,0.0465
0.1080,clay,0.500,0.450,0.1121,-0.0071,-0.0046,-0.0015,0.0299,-0.2284,-0.0068,-0.0068,-0.0068,-0.0068,0.0537
0.1200,clay,0.500,0.450,0.1243,-0.0087,0.0619,-0.0023,0.0382,-0.0420,-0.0107,-0.0107,-0.0107,-0.0107,0.0584
0.1320,clay,0.500,0.450,0.1365,-0.0528,-0.0397,-0.0049,0.2601,-0.1014,-0.0252,-0.0251,-0.0252,-0.0252,0.0663
0.1440,clay,0.500,0.450,0.1485,0.0504,0.0810,-0.0015,0.0903,0.0045,-0.0255,-0.0255,-0.0255,-0.0255,0.0708
0.1560,clay,0.500,0.450,0.1605,-0.0667,0.0584,-0.0022,-0.0338,0.0966,-0.0338,-0.0338,-0.0338,-0.0338,0.0752
0.1680,clay,0.500,0.450,0.1723,0.0351,0.1065,-0.0018,0.0956,-0.0673,-0.0450,-0.0450,-0.0450,-0.0450,0.0818
0.1800,clay,0.500,0.450,0.1841,0.0797,0.0460,-0.0040,0.0751,-0.0894,-0.0520,-0.0520,-0.0520,-0.0520,0.0894
0.1920,clay,0.500,0.450,0.1957,-0.0533,-0.0448,-0.0037,0.0576,-0.0200,-0.0703,-0.0703,-0.0703,-0.0703,0.0963
0.2040,clay,0.500,0.450,0.2072,0.1444,-0.0289,-0.0032,0.2290,-0.2281,-0.0823,-0.0823,-0.0823,-0.0823,0.1036
0.2160,clay,0.500,0.450,0.2186,0.0343,-0.0589,0.0004,-0.1581,1.6616,-0.1049,-0.1049,-0.1049,-0.1049,0.1074
0.2280,clay,0.500,0.450,0.2298,-0.0048,0.0269,-0.0012,0.1020,0.0160,-0.1283,-0.1283,-0.1283,-0.1283,0.1125
0.2400,clay,0.500,0.450,0.2409,0.0371,0.0079,-0.0021,0.0506,-0.3940,-0.1502,-0.1501,-0.1502,-0.1502,0.1186
0.2520,clay,0.500,0.450,0.2518,-0.0321,0.0573,-0.0042,0.1438,0.1303,-0.1767,-0.1767,-0.1767,-0.1767,0.1260
0.2640,clay,0.500,0.450,0.2626,-0.0084,0.0230,-0.0035,-0.0143,-0.0897,-0.2164,-0.2164,-0.2164,-0.2164,0.1320
0.2760,clay,0.500,0.450,0.2732,-0.1001,-0.0129,-0.0033,-0.0137,0.1935,-0.2357,-0.2357,-0.2357,-0.2357,0.1354
0.2880,clay,0.500,0.450,0.2836,-0.0581,0.1733,0.0001,0.0384,-0.3164,-0.2650,-0.2649,-0.2650,-0.2650,0.1369
0.3000,clay,0.500,0.450,0.2939,-0.0011,-0.0113,-0.0016,0.0307,-0.0204,-0.3147,-0.3147,-0.3147,-0.3147,0.1457
0.3120,clay,0.500,0.450,0.3040,0.0336,0.0773,-0.0035,-0.0771,-0.1433,-0.3463,-0.3463,-0.3463,-0.3463,0.1552
0.3240,clay,0.500,0.450,0.3138,-0.0093,-0.0916,-0.0003,-0.4216,-0.2708,-0.3936,-0.3936,-0.3936,-0.3936,0.1573
0.3360,clay,0.500,0.450,0.3235,0.0566,0.0254,0.0002,-0.0005,0.2341,-0.4267,-0.4267,-0.4267,-0.4267,0.1580
0.3480,clay,0.500,0.450,0.3330,-0.0281,-0.0462,-0.0031,0.3213,0.3813,-0.4816,-0.4816,-0.4816,-0.4816,0.1628
0.3600,clay,0.500,0.450,0.3423,0.0462,0.0178,-0.0040,0.0976,-0.7404,-0.5312,-0.5312,-0.5312,-0.5312,0.1748
0.3720,clay,0.500,0.450,0.3513,-0.0102,0.0353,-0.0031,-0.1870,-0.3184,-0.6111,-0.6111,-0.6111,-0.6111,0.1817
0.3840,clay,0.500,0.450,0.3602,-0.0572,0.0954,0.0003,0.2637,-0.2819,-0.6486,-0.6486,-0.6487,-0.6487,0.1814
0.3960,clay,0.500,0.450,0.3688,0.1120,-0.0036,-0.0011,-0.0622,0.2536,-0.6659,-0.6659,-0.6659,-0.6660,0.1834
0.4080,clay,0.500,0.450,0.3771,-0.0155,0.0399,-0.0037,-0.0166,-0.1012,-0.7754,-0.7754,-0.7754,-0.7754,0.1939
0.4200,clay,0.500,0.450,0.3853,0.0678,0.0185,-0.0020,-0.3472,-0.2904,-0.8356,-0.8420,-0.8421,-0.8421,0.1991
0.4320,clay,0.500,0.450,0.3931,-0.0445,0.0561,0.0010,2.3939,-3.4451,-0.6193,-0.4287,-0.4794,-0.5364,0.1994
0.4440,clay,0.500,0.450,0.4008,0.1121,-0.0550,0.0143,6.3086,0.8667,-0.0877,0.9953,-0.5443,-0.7154,0.2004
0.4560,clay,0.500,0.450,0.4082,0.0849,-0.0066,0.0208,1.4385,3.2365,-0.4025,0.7060,-0.5063,-0.6393,0.2048
0.4680,clay,0.500,0.450,0.4153,0.1213,0.0277,0.0169,2.6078,-1.3907,-0.3587,0.2512,-0.5534,-0.6081,0.2034
0.4800,clay,0.500,0.450,0.4222,0.1485,0.0745,0.0135,2.4345,-1.2732,-0.5646,0.1572,-0.4131,-0.3612,0.2001
0.4920,clay,0.500,0.450,0.4288,0.1610,0.0031,-0.0021,3.2842,-1.5459,-0.5413,0.1463,-1.5192,0.5902,0.2021
0.5040,clay,0.500,0.450,0.4351,0.2380,-0.0013,0.0042,-3.5362,-0.9362,-2.1723,1.1269,-2.4901,1.3983,0.2062
0.5160,clay,0.500,0.450,0.4411,0.3011,-0.0270,-0.0207,-0.0493,2.3410,-2.7920,1.3683,-2.4723,1.4050,0.2067
0.5280,clay,0.500,0.450,0.4469,0.3670,-0.0218,0.0352,-1.5623,-1.6577,-2.7406,0.8691,-2.1799,1.5044,0.2077
0.5400,clay,0.500,0.450,0.4524,0.0316,-0.0260,-0.0062,-0.9069,3.8597,-2.9393,0.9060,-0.0047,1.0393,0.2131
0.5520,clay,0.500,0.450,0.4576,0.1660,-0.0101,0.0018,-7.0430,-0.9743,-1.6983,0.8439,-0.2197,0.1269,0.2106
0.5640,clay,0.500,0.450,0.4625,0.0704,0.0125,0.0185,-1.9804,-0.8613,-0.5274,0.9042,-0.3739,0.4603,0.2117
0.5760,clay,0.500,0.450,0.4672,0.0946,-0.0447,0.0108,-5.8949,3.3484,-0.2713,-0.2649,-0.2699,-0.0723,0.2160
0.5880,clay,0.500,0.450,0.4715,0.0659,-0.1426,0.0231,-1.4452,-0.4927,-0.0913,-0.2713,-0.1566,-0.2061,0.2194
0.6000,clay,0.500,0.450,0.4755,0.0639,-0.0246,0.0275,-1.4727,-0.4457,-0.0836,-0.4600,-0.0825,-0.2761,0.2231
0.6120,clay,0.500,0.450,0.4793,0.0178,0.0254,0.0320,-0.1211,-0.2198,-0.2360,-0.4612,-0.1435,-0.2382,0.2256
0.6240,clay,0.500,0.450,0.4827,0.0338,-0.0721,0.0280,-0.2096,-0.2486,-0.1933,-0.6719,-0.2419,-0.2769,0.2288
0.6360,clay,0.500,0.450,0.4858,0.0705,-0.1302,0.0323,0.1519,0.5453,-0.8301,-0.9354,-0.3221,-0.2928,0.2329
0.6480,clay,0.500,0.450,0.4886,-0.0576,0.0232,0.0255,0.2997,-0.3039,-1.4407,-0.8504,-0.4386,-0.4171,0.2350
0.6600,clay,0.500,0.450,0.4911,0.1154,-0.0422,0.0216,0.2517,0.2146,-1.4913,-1.2793,-0.3448,-0.4077,0.2370
0.6720,clay,0.500,0.450,0.4933,0.0790,0.0226,0.0140,0.6842,0.7795,-1.9940,-1.8129,-0.3431,-0.5002,0.2415
0.6840,clay,0.500,0.450,0.4952,0.1156,0.0262,0.0107,0.5323,0.7377,-2.5407,-2.3596,-0.8260,-0.5864,0.2456
0.6960,clay,0.500,0.450,0.4968,0.1758,-0.0343,0.0104,0.1015,0.2161,-3.0756,-2.7155,-0.3019,-0.7913,0.2470
0.7080,clay,0.500,0.450,0.4981,0.0567,0.0435,0.0009,0.3704,0.6824,-3.6182,-3.2581,-0.3273,-0.7879,0.2455
0.7200,clay,0.500,0.450,0.4990,0.1186,-0.0082,-0.0044,0.2255,0.5828,-3.9640,-3.6533,-0.2307,-1.4502,0.2447
0.7320,clay,0.500,0.450,0.4996,0.1001,0.0500,-0.0083,-0.4509,0.6818,-4.4040,-4.0933,-0.2854,-1.9381,0.2468
0.7440,clay,0.500,0.450,0.5000,0.1562,-0.1287,-0.0094,-0.3564,0.5962,-4.8326,-4.5219,-0.2921,-2.0699,0.2493
0.7560,clay,0.500,0.450,0.5000,0.0421,-0.0526,-0.0147,-0.3117,0.5529,-5.2758,-4.9651,-0.3076,-2.3214,0.2497
0.7680,clay,0.500,0.450,0.4996,0.2061,0.0026,-0.0064,0.2475,-0.5978,-5.6890,-5.5652,-0.6083,-1.1010,0.2488
0.7800,clay,0.500,0.450,0.4990,0.1335,0.0305,-0.0031,0.3108,0.0928,-5.9540,-6.3954,-0.1232,-0.3974,0.2486
0.7920,clay,0.500,0.450,0.4981,0.1219,-0.0177,0.0054,0.6991,0.4558,-6.4098,-6.7099,-0.0490,-0.4897,0.2494
0.8040,clay,0.500,0.450,0.4968,0.2026,-0.0705,0.0078,1.4323,-0.1369,-6.8659,-7.0151,0.1444,-0.6149,0.2502
0.8160,clay,0.500,0.450,0.4952,0.2106,0.1327,0.0168,0.4182,0.6575,-7.4723,-6.8885,0.0664,-0.6247,0.2500
0.8280,clay,0.500,0.450,0.4933,0.2042,-0.0242,0.0279,3.3060,1.3329,-8.2927,-5.1876,0.2624,-0.7059,0.2501
0.8400,clay,0.500,0.450,0.4911,0.2194,0.0657,0.0385,3.4099,2.2973,-8.1013,-3.1083,-0.1820,-0.8719,0.2483
0.8520,clay,0.500,0.450,0.4886,0.2623,0.0751,0.0439,4.9452,0.4516,-5.5212,-1.7939,-0.5450,-1.1934,0.2430
0.8640,clay,0.500,0.450,0.4858,0.3856,0.0750,0.0475,3.4797,2.5629,-5.7829,-1.1139,-0.4271,-1.5353,0.2412
0.8760,clay,0.500,0.450,0.4827,0.4539,0.0639,0.0661,2.0836,1.2030,-5.7223,-0.9950,-0.5602,-1.3260,0.2423
0.8880,clay,0.500,0.450,0.4793,0.3823,0.1172,0.0766,3.7430,-1.4206,-4.2732,-1.9573,-0.1574,-1.9201,0.2398
0.9000,clay,0.500,0.450,0.4755,0.4534,0.1774,0.0942,2.2266,1.2737,-2.8719,-1.4428,-0.3977,-2.0205,0.2329
0.9120,clay,0.500,0.450,0.4715,0.4273,0.1972,0.0991,-0.0740,2.1141,-2.2816,-2.0069,-0.6145,-1.7573,0.2333
0.9240,clay,0.500,0.450,0.4672,0.4876,0.1536,0.0890,4.5982,1.3917,-1.4373,-1.7055,-0.7620,-2.0499,0.2298
0.9360,clay,0.500,0.450,0.4625,0.5603,0.1091,0.0885,0.7599,-0.9166,-1.2934,-2.3529,-0.9272,-2.0388,0.2271
0.9480,clay,0.500,0.450,0.4576,0.5039,0.1222,0.0500,4.5878,0.8796,-0.8339,-2.0868,-0.9710,-2.2794,0.2252
0.9600,clay,0.500,0.450,0.4524,0.6353,0.0768,0.0588,1.5974,-2.5867,-1.7023,-1.7397,-0.9993,-2.2215,0.2240
0.9720,clay,0.500,0.450,0.4469,0.7475,0.1207,0.0554,0.9524,0.0723,-2.1707,-2.1206,-0.9148,-2.5165,0.2225
0.9840,clay,0.500,0.450,0.4411,0.7157,0.0840,0.0572,4.3485,1.5091,-1.4813,-2.0540,-1.9657,-1.8675,0.2209
0.9960,clay,0.500,0.450,0.4351,0.6753,0.0855,0.0665,4.0792,-0.0789,-1.9234,-2.1813,-2.3068,-1.8183,0.2188
1.0080,clay,0.500,0.450,0.4288,0.7156,0.1899,0.0726,1.4578,0.3213,-1.6715,-2.1696,-2.3468,-1.9072,0.2157
1.0200,clay,0.500,0.450,0.4222,0.7273,0.0999,0.0675,2.2416,1.1216,-1.6296,-2.1890,-2.2886,-2.1368,0.2122
1.0320,clay,0.500,0.450,0.4153,0.8598,0.1510,0.0703,-0.1341,0.6180,-1.8917,-2.6159,-1.2552,-2.2816,0.2093
1.0440,clay,0.500,0.450,0.4082,0.8191,0.1021,0.0683,3.1544,-0.2238,-1.8488,-2.8616,-1.5613,-2.5572,0.2062
1.0560,clay,0.500,0.450,0.4008,0.8150,0.1275,0.0760,-1.0654,1.0659,-2.0523,-3.0128,-1.9090,-2.3014,0.2025
1.0680,clay,0.500,0.450,0.3931,0.9051,0.1004,0.0801,1.5769,-0.4939,-2.0665,-3.0130,-2.4658,-2.2077,0.1987
1.0800,clay,0.500,0.450,0.3853,0.8995,0.1209,0.0810,2.3421,-1.3364,-2.4143,-2.7421,-2.5465,-2.2410,0.1946
1.0920,clay,0.500,0.450,0.3771,0.9013,0.1416,0.0797,2.6905,0.8079,-2.4531,-2.7766,-2.5731,-2.2279,0.1906
1.1040,clay,0.500,0.450,0.3688,0.9841,0.0920,0.0842,1.5673,0.8263,-2.6643,-2.8169,-2.1238,-2.8384,0.1871
1.1160,clay,0.500,0.450,0.3602,1.0286,0.1324,0.0830,3.6413,-0.5108,-2.5812,-2.8606,-2.7614,-2.1450,0.1830
1.1280,clay,0.500,0.450,0.3513,1.0078,0.2184,0.0799,3.2952,0.9598,-2.7174,-3.0765,-2.1755,-2.6372,0.1790
1.1400,clay,0.500,0.450,0.3423,1.1221,0.1421,0.0807,1.5331,0.2632,-2.6275,-3.3626,-2.2038,-3.2048,0.1751
1.1520,clay,0.500,0.450,0.3330,1.0876,0.2224,0.0799,2.4218,0.7418,-2.6127,-3.7778,-2.0307,-3.2290,0.1706
1.1640,clay,0.500,0.450,0.3235,1.1125,0.0555,0.0762,3.7123,-0.2711,-2.6686,-4.0446,-2.9158,-2.6527,0.1664
1.1760,clay,0.500,0.450,0.3138,1.2023,-0.0082,0.0724,3.0556,-1.6035,-2.7590,-4.2833,-2.4691,-2.8544,0.1617
1.1880,clay,0.500,0.450,0.3040,1.1771,0.1058,0.0760,3.5912,-0.6453,-2.9147,-4.0774,-2.6642,-3.2402,0.1570
1.2000,clay,0.500,0.450,0.2939,1.2329,0.1589,0.0787,3.6228,-0.5839,-3.2214,-4.0636,-2.7235,-3.1363,0.1515
1.2120,clay,0.500,0.450,0.2836,1.3389,0.1488,0.0808,4.2036,-0.6578,-3.1174,-4.2029,-3.0264,-3.0530,0.1463
1.2240,clay,0.500,0.450,0.2732,1.3401,0.1688,0.0804,2.4645,0.3224,-3.2353,-4.0828,-3.1162,-3.1275,0.1422
1.2360,clay,0.500,0.450,0.2626,1.3383,0.1180,0.0789,3.8067,-1.2027,-3.3408,-4.6903,-2.8417,-3.3025,0.1375
1.2480,clay,0.500,0.450,0.2518,1.4437,0.1239,0.0715,3.4602,-0.3766,-3.4410,-4.8741,-3.0145,-3.5186,0.1331
1.2600,clay,0.500,0.450,0.2409,1.4232,0.1660,0.0671,3.0423,0.3591,-3.5482,-5.0317,-3.0588,-3.3777,0.1275
1.2720,clay,0.500,0.450,0.2298,1.5008,0.2163,0.0715,3.9048,-1.0153,-3.6794,-4.8909,-3.6221,-3.4377,0.1218
1.2840,clay,0.500,0.450,0.2186,1.5013,0.0305,0.0769,3.6672,0.5607,-4.0126,-4.7531,-3.2370,-3.7854,0.1167
1.2960,clay,0.500,0.450,0.2072,1.5917,0.1071,0.0794,3.8195,-0.2576,-3.9580,-4.8869,-3.2089,-3.7962,0.1114
1.3080,clay,0.500,0.450,0.1957,1.5945,0.1429,0.0775,2.7114,0.4379,-3.8741,-5.1314,-3.4609,-3.6701,0.1056
1.3200,clay,0.500,0.450,0.1841,1.5273,0.0459,0.0723,3.3714,0.1512,-3.9477,-5.0355,-3.5915,-3.9819,0.1008
1.3320,clay,0.500,0.450,0.1723,1.6784,0.1604,0.0725,4.0488,1.1091,-4.0028,-4.9829,-3.3431,-4.3911,0.0967
1.3440,clay,0.500,0.450,0.1605,1.6854,0.0851,0.0786,3.5722,-0.6909,-4.0804,-5.1331,-3.5468,-4.2254,0.0893
1.3560,clay,0.500,0.450,0.1485,1.8013,0.1957,0.0734,2.4927,-1.6890,-4.2699,-5.1741,-3.7492,-3.9134,0.0831
1.3680,clay,0.500,0.450,0.1365,1.7778,0.1867,0.0685,2.7244,0.3788,-4.3355,-5.1121,-4.1739,-4.1733,0.0771
1.3800,clay,0.500,0.450,0.1243,1.7816,0.0880,0.0650,2.6882,0.2038,-4.5252,-4.9292,-3.8346,-4.6067,0.0717
1.3920,clay,0.500,0.450,0.1121,1.7727,0.1416,0.0671,1.3509,0.3893,-4.4812,-5.2486,-3.8557,-4.4771,0.0642
1.4040,clay,0.500,0.450,0.0999,1.8809,0.1403,0.0665,3.2382,-0.1193,-4.7109,-5.4318,-4.0628,-4.1923,0.0585
1.4160,clay,0.500,0.450,0.0875,1.7597,0.0754,0.0627,2.2456,0.1694,-4.9672,-5.3031,-4.2337,-4.6036,0.0545
1.4280,clay,0.500,0.450,0.0751,1.9222,0.0593,0.0605,3.3556,0.0035,-4.9328,-5.2515,-4.1963,-4.7561,0.0487
1.4400,clay,0.500,0.450,0.0627,1.9830,0.0232,0.0607,3.5154,-0.2124,-4.9641,-5.2517,-4.3684,-4.5191,0.0400
1.4520,clay,0.500,0.450,0.0502,2.0897,0.1223,0.0574,2.3451,-0.0592,-5.0605,-5.3192,-4.3956,-4.6960,0.0324
1.4640,clay,0.500,0.450,0.0377,2.1202,0.0563,0.0544,2.8180,0.1128,-5.0329,-5.1917,-4.4549,-5.0199,0.0271
1.4760,clay,0.500,0.450,0.0251,2.0951,0.0850,0.0495,2.4955,-0.2949,-4.9977,-5.3231,-4.4814,-4.9300,0.0219
1.4880,clay,0.500,0.450,0.0126,2.0622,0.0783,0.0368,3.0802,0.0451,-5.1394,-5.5730,-4.5605,-4.8935,0.0148
1.5000,clay,0.500,0.450,0.0000,2.1658,0.1170,0.0401,2.7106,0.3582,-5.3751,-5.2662,-4.7909,-5.0977,0.0075
1.5120,clay,0.500,0.450,-0.0126,2.2457,0.0735,0.0361,3.2758,0.1000,-5.2754,-5.2981,-4.7495,-5.1648,0.0014
1.5240,clay,0.500,0.450,-0.0251,2.1834,0.1156,0.0279,3.1490,-0.6501,-5.2490,-5.7483,-4.9168,-5.1355,-0.0051
1.5360,clay,0.500,0.450,-0.0377,2.1700,0.0930,0.0240,2.1822,-0.3367,-5.4162,-5.6635,-4.9501,-5.3483,-0.0096
1.5480,clay,0.500,0.450,-0.0502,2.1872,-0.0664,0.0165,2.9394,-0.7898,-5.3028,-5.6085,-5.0165,-5.2963,-0.0165
1.5600,clay,0.500,0.450,-0.0627,2.3056,0.1096,0.0135,2.1390,-0.3705,-5.5259,-5.8723,-5.0703,-5.2903,-0.0245
1.5720,clay,0.500,0.450,-0.0751,2.3484,0.0240,0.0083,2.3013,-0.1175,-5.6456,-5.9354,-5.1351,-5.5220,-0.0318
1.5840,clay,0.500,0.450,-0.0875,2.3191,0.0357,0.0020,2.9316,-0.3513,-5.5731,-5.9154,-5.2400,-5.4788,-0.0365
1.5960,clay,0.500,0.450,-0.0999,2.4000,0.0148,-0.0042,2.6015,-0.9256,-5.7461,-5.9555,-5.3078,-5.5384,-0.0407
1.6080,clay,0.500,0.450,-0.1121,2.4181,0.0020,-0.0060,2.3186,-0.4706,-5.7689,-6.0014,-5.4436,-5.6965,-0.0475
1.6200,clay,0.500,0.450,-0.1243,2.4647,0.0373,-0.0086,2.7816,-0.7463,-5.7267,-6.0656,-5.4352,-5.6626,-0.0547
1.6320,clay,0.500,0.450,-0.1365,2.5275,-0.0151,-0.0125,2.1856,-0.2681,-5.9920,-5.9851,-5.5911,-5.6913,-0.0614
1.6440,clay,0.500,0.450,-0.1485,2.5293,0.0417,-0.0159,3.0271,-0.7292,-5.9416,-6.0239,-5.5991,-5.9118,-0.0669
1.6560,clay,0.500,0.450,-0.1605,2.5038,0.0653,-0.0185,2.5329,-0.7006,-5.9026,-6.1804,-5.5504,-6.1358,-0.0724
1.6680,clay,0.500,0.450,-0.1723,2.6113,-0.0507,-0.0271,2.5731,-0.8022,-6.0666,-6.1623,-5.7168,-6.0233,-0.0779
1.6800,clay,0.500,0.450,-0.1841,2.6941,-0.0636,-0.0289,2.3075,-1.2106,-6.0879,-6.2168,-5.7151,-6.0494,-0.0842
1.6920,clay,0.500,0.450,-0.1957,2.6448,-0.0079,-0.0291,2.2097,-0.7263,-6.3336,-6.1515,-5.8648,-5.9059,-0.0902
1.7040,clay,0.500,0.450,-0.2072,2.7090,-0.1168,-0.0310,2.0899,-0.7536,-6.2386,-6.3860,-5.9802,-6.0094,-0.0966
1.7160,clay,0.500,0.450,-0.2186,2.6920,0.0382,-0.0389,1.9854,-1.0818,-6.3729,-6.4132,-5.9370,-6.1083,-0.1020
1.7280,clay,0.500,0.450,-0.2298,2.6488,0.0084,-0.0465,2.0491,-1.0480,-6.4060,-6.3402,-6.1247,-6.0845,-0.1069
1.7400,clay,0.500,0.450,-0.2409,2.7493,-0.0692,-0.0514,1.9430,-1.4008,-6.4193,-6.4048,-6.0621,-6.2810,-0.1134
1.7520,clay,0.500,0.450,-0.2518,2.7676,-0.0768,-0.0501,1.9696,-1.6055,-6.5516,-6.4891,-6.1884,-6.1893,-0.1193
1.7640,clay,0.500,0.450,-0.2626,2.7300,-0.1141,-0.0570,1.3504,-0.5326,-6.5700,-6.6089,-6.3126,-6.3096,-0.1257
1.7760,clay,0.500,0.450,-0.2732,2.7994,-0.0610,-0.0621,2.0093,-1.6944,-6.6966,-6.4911,-6.3038,-6.3887,-0.1301
1.7880,clay,0.500,0.450,-0.2836,2.8432,-0.0724,-0.0682,2.1420,-0.8651,-6.6015,-6.6226,-6.4283,-6.3166,-0.1349
1.8000,clay,0.500,0.450,-0.2939,2.8702,-0.1418,-0.0728,1.9910,-1.0521,-6.8272,-6.6090,-6.3905,-6.4631,-0.1406
1.8120,clay,0.500,0.450,-0.3040,2.8968,-0.1024,-0.0754,2.0291,-0.9031,-6.8207,-6.5923,-6.5227,-6.3212,-0.1458
1.8240,clay,0.500,0.450,-0.3138,2.8070,-0.1936,-0.0842,1.3418,-1.0337,-6.8893,-6.7150,-6.4658,-6.6099,-0.1513
1.8360,clay,0.500,0.450,-0.3235,2.8949,-0.0850,-0.0845,1.9360,-1.4266,-6.9673,-6.6149,-6.5749,-6.5963,-0.1558
1.8480,clay,0.500,0.450,-0.3330,2.9857,-0.1735,-0.0968,1.7720,-0.8692,-6.9631,-6.6683,-6.6912,-6.6202,-0.1599
1.8600,clay,0.500,0.450,-0.3423,2.9169,-0.1894,-0.0984,1.7521,-1.2539,-7.0915,-6.7299,-6.6574,-6.6731,-0.1646
1.8720,clay,0.500,0.450,-0.3513,3.0030,-0.1840,-0.1106,1.5059,-1.2801,-7.0518,-7.0951,-6.8447,-6.5602,-0.1704
1.8840,clay,0.500,0.450,-0.3602,2.9658,-0.2512,-0.1137,1.5835,-0.9314,-7.2503,-6.9219,-6.7727,-6.7455,-0.1747
1.8960,clay,0.500,0.450,-0.3688,3.0561,-0.1911,-0.1181,2.1683,-1.0953,-7.2276,-6.8623,-7.0412,-6.5432,-0.1782
1.9080,clay,0.500,0.450,-0.3771,3.0397,-0.3174,-0.1286,1.6468,-0.6134,-7.4098,-6.8097,-6.9002,-6.8540,-0.1823
1.9200,clay,0.500,0.450,-0.3853,3.0726,-0.2639,-0.1336,1.6797,-0.7631,-7.3683,-6.9221,-7.1737,-6.7665,-0.1871
1.9320,clay,0.500,0.450,-0.3931,3.0403,-0.1228,-0.1438,1.7095,-1.2220,-7.4479,-6.9917,-7.1247,-6.9030,-0.1912
1.9440,clay,0.500,0.450,-0.4008,3.1661,-0.1878,-0.1499,1.8861,-1.2727,-7.4797,-7.0638,-7.1442,-6.9375,-0.1948
1.9560,clay,0.500,0.450,-0.4082,3.1337,-0.2590,-0.1571,1.7045,-0.6302,-7.5795,-7.1180,-7.1951,-6.8199,-0.1974
1.9680,clay,0.500,0.450,-0.4153,3.1568,-0.3011,-0.1593,1.5436,-0.8927,-7.6760,-7.1021,-7.2834,-6.9191,-0.2015
1.9800,clay,0.500,0.450,-0.4222,3.2975,-0.2295,-0.1638,1.7356,-0.4385,-7.7818,-7.0373,-7.3291,-6.8399,-0.2056
1.9920,clay,0.500,0.450,-0.4288,3.1886,-0.1531,-0.1681,1.2410,-1.2371,-7.7277,-7.1978,-7.4344,-7.0488,-0.2099
2.0040,clay,0.500,0.450,-0.4351,3.2475,-0.3170,-0.1725,1.9227,-0.1296,-7.9122,-7.1576,-7.4446,-6.9504,-0.2121
2.0160,clay,0.500,0.450,-0.4411,3.1737,-0.2962,-0.1733,1.7376,-1.0615,-7.8313,-7.3856,-7.5243,-7.0853,-0.2150
2.0280,clay,0.500,0.450,-0.4469,3.3172,-0.2045,-0.1848,1.6772,-0.6306,-7.9627,-7.4593,-7.5502,-7.0259,-0.2184
2.0400,clay,0.500,0.450,-0.4524,3.2136,-0.3604,-0.1864,1.5430,-1.1673,-7.9486,-7.5446,-7.5609,-7.1741,-0.2218
2.0520,clay,0.500,0.450,-0.4576,3.3460,-0.2655,-0.1912,1.7372,-0.7269,-8.0576,-7.3686,-7.6155,-7.1155,-0.2241
2.0640,clay,0.500,0.450,-0.4625,3.3549,-0.3189,-0.1937,1.6910,-1.1615,-8.1021,-7.5243,-7.7795,-7.1820,-0.2257
2.0760,clay,0.500,0.450,-0.4672,3.3165,-0.3634,-0.1986,1.5007,-0.7217,-8.1434,-7.4529,-7.7568,-7.1474,-0.2280
2.0880,clay,0.500,0.450,-0.4715,3.3311,-0.2589,-0.2088,1.2309,-1.0432,-8.0640,-7.6194,-7.8749,-7.3023,-0.2301
2.1000,clay,0.500,0.450,-0.4755,3.3155,-0.2687,-0.2075,1.6485,-0.9316,-8.1685,-7.6950,-7.8693,-7.2630,-0.2321
2.1120,clay,0.500,0.450,-0.4793,3.2754,-0.2649,-0.2143,1.5268,-1.3114,-8.1987,-7.7780,-7.9632,-7.2537,-0.2343
2.1240,clay,0.500,0.450,-0.4827,3.3971,-0.2942,-0.2139,1.4777,-0.9404,-8.2494,-7.8122,-7.9437,-7.3592,-0.2363
2.1360,clay,0.500,0.450,-0.4858,3.3142,-0.3077,-0.2196,1.5115,-1.4201,-8.3265,-7.7773,-8.0019,-7.3978,-0.2376
2.1480,clay,0.500,0.450,-0.4886,3.4630,-0.2413,-0.2218,1.5613,-1.7618,-8.3691,-7.7641,-8.0463,-7.4600,-0.2389
2.1600,clay,0.500,0.450,-0.4911,3.4250,-0.2635,-0.2273,1.5846,-1.3276,-8.4258,-7.8241,-8.0685,-7.4813,-0.2405
2.1720,clay,0.500,0.450,-0.4933,3.4543,-0.3120,-0.2296,1.6122,-1.2226,-8.4689,-7.8501,-8.1484,-7.5412,-0.2421
2.1840,clay,0.500,0.450,-0.4952,3.4974,-0.3540,-0.2316,1.5791,-0.6859,-8.5098,-7.9284,-8.1273,-7.5028,-0.2432
2.1960,clay,0.500,0.450,-0.4968,3.5219,-0.2431,-0.2362,0.9892,-1.1142,-8.5469,-8.0006,-8.2327,-7.5920,-0.2439
2.2080,clay,0.500,0.450,-0.4981,3.5705,-0.3774,-0.2499,1.5230,-1.4288,-8.4992,-8.0724,-8.3560,-7.5309,-0.2439
2.2200,clay,0.500,0.450,-0.4990,3.5179,-0.3189,-0.2549,1.3130,-0.9730,-8.5373,-8.0641,-8.4468,-7.5203,-0.2440
2.2320,clay,0.500,0.450,-0.4996,3.5988,-0.3229,-0.2573,1.8261,-1.0071,-8.6692,-7.9464,-8.2695,-7.6489,-0.2442
2.2440,clay,0.500,0.450,-0.5000,3.5953,-0.3918,-0.2588,0.6784,-1.2688,-8.6925,-7.9682,-8.4415,-7.8296,-0.2447
2.2560,clay,0.500,0.450,-0.5000,3.5393,-0.2925,-0.2606,0.9004,-0.6812,-8.6968,-8.0664,-8.7562,-7.8237,-0.2452
2.2680,clay,0.500,0.450,-0.4996,3.6892,-0.2914,-0.2697,1.2788,-0.7808,-8.7815,-8.0837,-8.7643,-7.8454,-0.2455
2.2800,clay,0.500,0.450,-0.4990,3.6303,-0.4273,-0.2763,1.1682,-1.0308,-8.8170,-8.1013,-8.8075,-8.0053,-0.2452
2.2920,clay,0.500,0.450,-0.4981,3.7034,-0.3204,-0.2811,1.2639,-0.7002,-8.8387,-8.0833,-8.9005,-8.0776,-0.2445
2.3040,clay,0.500,0.450,-0.4968,3.7088,-0.3330,-0.2846,0.9499,-1.3552,-8.8513,-8.1327,-9.0746,-8.3051,-0.2438
2.3160,clay,0.500,0.450,-0.4952,3.7089,-0.2920,-0.2884,0.5400,-0.5703,-8.8573,-8.1537,-9.4293,-8.2555,-0.2433
2.3280,clay,0.500,0.450,-0.4933,3.6082,-0.2784,-0.2819,-1.4103,-2.6202,-8.9678,-8.2305,-9.2590,-8.2460,-0.2431
2.3400,clay,0.500,0.450,-0.4911,3.7479,-0.4384,-0.2500,1.3448,-6.0444,-8.9319,-8.4357,-9.1397,-8.5080,-0.2427
2.3520,clay,0.500,0.450,-0.4886,3.7144,-0.4940,-0.2093,-0.4893,-4.4950,-8.8387,-8.6024,-8.5944,-9.0171,-0.2416
2.3640,clay,0.500,0.450,-0.4858,3.6506,-0.4604,-0.1875,-0.1634,-4.6068,-8.7523,-8.6636,-8.6314,-9.0742,-0.2399
2.3760,clay,0.500,0.450,-0.4827,3.6755,-0.5422,-0.1680,1.8665,-2.5912,-8.7125,-8.8272,-8.6856,-7.8776,-0.2372
2.3880,clay,0.500,0.450,-0.4793,3.7317,-0.4327,-0.2020,-0.5706,1.7378,-8.8948,-8.9256,-9.1994,-7.3386,-0.2344
2.4000,clay,0.500,0.450,-0.4755,3.6545,-0.3961,-0.2190,2.0933,-1.2167,-8.9348,-8.9725,-8.9708,-7.4784,-0.2327
2.4120,clay,0.500,0.450,-0.4715,3.7822,-0.3931,-0.2308,2.8289,0.4515,-9.0148,-8.8367,-9.0048,-7.2555,-0.2323
2.4240,clay,0.500,0.450,-0.4672,3.8238,-0.4724,-0.2366,0.3421,-0.0587,-9.0492,-8.7199,-9.2025,-7.2538,-0.2316
2.4360,clay,0.500,0.450,-0.4625,3.6800,-0.4366,-0.2410,0.5929,-1.7968,-9.0823,-8.5134,-9.0722,-7.4926,-0.2302
2.4480,clay,0.500,0.450,-0.4576,3.7915,-0.4354,-0.2399,2.3757,-1.4328,-9.1192,-8.3333,-9.0976,-7.4899,-0.2277
2.4600,clay,0.500,0.450,-0.4524,3.8567,-0.4560,-0.2497,1.5746,-1.4326,-8.9601,-8.4093,-8.8832,-7.6589,-0.2248
2.4720,clay,0.500,0.450,-0.4469,3.8322,-0.4317,-0.2590,1.5930,-1.4625,-9.0282,-8.4744,-8.8429,-7.8357,-0.2220
2.4840,clay,0.500,0.450,-0.4411,3.8426,-0.5096,-0.2588,1.4881,-0.9395,-9.0447,-8.4996,-8.8547,-7.9052,-0.2196
2.4960,clay,0.500,0.450,-0.4351,3.7736,-0.5285,-0.2610,1.6741,-0.6042,-9.0682,-8.3878,-8.9985,-7.8945,-0.2169
2.5080,clay,0.500,0.450,-0.4288,3.9090,-0.3960,-0.2617,1.4841,-0.4184,-9.1095,-8.3522,-8.9955,-7.9756,-0.2138
2.5200,clay,0.500,0.450,-0.4222,4.0318,-0.3855,-0.2614,1.0003,-0.1856,-9.1258,-8.4729,-9.0995,-7.8869,-0.2105
2.5320,clay,0.500,0.450,-0.4153,3.8319,-0.3985,-0.2603,1.2457,-0.2653,-9.2388,-8.4375,-9.0198,-8.0006,-0.2071
2.5440,clay,0.500,0.450,-0.4082,3.8734,-0.4278,-0.2589,1.2767,0.0063,-9.1998,-8.4835,-9.1306,-8.1397,-0.2038
2.5560,clay,0.500,0.450,-0.4008,4.0001,-0.4325,-0.2542,0.7453,0.0627,-9.2805,-8.4656,-9.1540,-8.1519,-0.2008
2.5680,clay,0.500,0.450,-0.3931,3.9675,-0.3774,-0.2520,1.0899,-0.0689,-9.2965,-8.6284,-9.1916,-8.2039,-0.1970
2.5800,clay,0.500,0.450,-0.3853,3.9183,-0.3784,-0.2479,1.2901,-0.1308,-9.2631,-8.6630,-9.1270,-8.3510,-0.1927
2.5920,clay,0.500,0.450,-0.3771,4.0247,-0.3604,-0.2466,1.0383,0.1459,-9.3921,-8.6651,-9.1026,-8.2717,-0.1885
2.6040,clay,0.500,0.450,-0.3688,3.9146,-0.3004,-0.2460,1.0002,-0.0789,-9.3667,-8.7727,-9.2719,-8.3221,-0.1846
2.6160,clay,0.500,0.450,-0.3602,4.0509,-0.3421,-0.2429,0.8830,-0.0193,-9.4106,-8.8388,-9.2176,-8.4555,-0.1805
2.6280,clay,0.500,0.450,-0.3513,4.0142,-0.3227,-0.2383,1.0309,0.0397,-9.4677,-8.8725,-9.2644,-8.5260,-0.1764
2.6400,clay,0.500,0.450,-0.3423,4.0717,-0.2724,-0.2406,0.9057,-0.2535,-9.4367,-8.9856,-9.2241,-8.5505,-0.1725
2.6520,clay,0.500,0.450,-0.3330,4.0768,-0.3719,-0.2362,1.1659,-0.1690,-9.5012,-8.9847,-9.2887,-8.5325,-0.1681
2.6640,clay,0.500,0.450,-0.3235,4.0793,-0.3396,-0.2381,0.9541,-0.5103,-9.4656,-9.1018,-9.3026,-8.5830,-0.1629
2.6760,clay,0.500,0.450,-0.3138,4.0238,-0.3005,-0.2345,0.6749,-0.2025,-9.5019,-9.0730,-9.2961,-8.5941,-0.1575
2.6880,clay,0.500,0.450,-0.3040,4.0218,-0.3237,-0.2265,0.8933,-0.4097,-9.5093,-9.0586,-9.4138,-8.6491,-0.1535
2.7000,clay,0.500,0.450,-0.2939,4.1549,-0.2301,-0.2225,0.8578,-0.4623,-9.5768,-9.0566,-9.4291,-8.6337,-0.1504
2.7120,clay,0.500,0.450,-0.2836,4.0557,-0.2840,-0.2196,0.8828,-0.7097,-9.5631,-9.1515,-9.4260,-8.7013,-0.1453
2.7240,clay,0.500,0.450,-0.2732,4.0627,-0.1874,-0.2173,0.7966,-0.3498,-9.5177,-9.2641,-9.4318,-8.6551,-0.1386
2.7360,clay,0.500,0.450,-0.2626,4.1517,-0.2616,-0.2130,1.0313,-0.8895,-9.5181,-9.2844,-9.4502,-8.7099,-0.1324
2.7480,clay,0.500,0.450,-0.2518,4.1253,-0.1844,-0.1938,1.0680,-0.7340,-9.5405,-9.1755,-9.4231,-8.7942,-0.1277
2.7600,clay,0.500,0.450,-0.2409,4.1293,-0.2933,-0.1880,1.0043,-0.3833,-9.5134,-9.1566,-9.4699,-8.8625,-0.1226
2.7720,clay,0.500,0.450,-0.2298,4.1623,-0.2583,-0.1843,0.9208,-0.6789,-9.4279,-9.2409,-9.4742,-8.9597,-0.1169
2.7840,clay,0.500,0.450,-0.2186,4.1862,-0.2271,-0.1843,0.9654,-0.1173,-9.3777,-9.2896,-9.4504,-8.9733,-0.1113
2.7960,clay,0.500,0.450,-0.2072,4.2258,-0.2565,-0.1820,0.5634,0.1752,-9.4492,-9.2718,-9.5329,-8.8484,-0.1052
2.8080,clay,0.500,0.450,-0.1957,4.1637,-0.2408,-0.1690,0.8982,-0.2611,-9.4922,-9.2254,-9.4546,-8.9440,-0.0993
2.8200,clay,0.500,0.450,-0.1841,4.2083,-0.1673,-0.1677,0.7263,-0.2393,-9.3978,-9.2940,-9.5614,-8.8974,-0.0934
2.8320,clay,0.500,0.450,-0.1723,4.2732,-0.2493,-0.1604,0.2652,-0.3712,-9.4736,-9.2614,-9.5636,-8.9779,-0.0874
2.8440,clay,0.500,0.450,-0.1605,4.3019,-0.2317,-0.1571,1.1806,-0.0267,-9.4919,-9.2619,-9.4791,-8.9680,-0.0830
2.8560,clay,0.500,0.450,-0.1485,4.2061,-0.2025,-0.1468,0.3928,0.2564,-9.4538,-9.3117,-9.5304,-8.9883,-0.0773
2.8680,clay,0.500,0.450,-0.1365,4.2076,-0.1696,-0.1350,0.7400,-0.1476,-9.4593,-9.3437,-9.5337,-9.0159,-0.0706
2.8800,clay,0.500,0.450,-0.1243,4.2261,-0.1958,-0.1208,0.8276,-0.4817,-9.4089,-9.3553,-9.4788,-9.0666,-0.0644
2.8920,clay,0.500,0.450,-0.1121,4.2377,-0.1403,-0.1160,0.7330,0.0772,-9.4265,-9.3593,-9.4558,-9.0852,-0.0592
2.9040,clay,0.500,0.450,-0.0999,4.2803,-0.1963,-0.1108,0.5093,-0.0862,-9.4262,-9.3281,-9.5117,-9.1483,-0.0540
2.9160,clay,0.500,0.450,-0.0875,4.3185,-0.2434,-0.1067,0.4308,0.6757,-9.3366,-9.4266,-9.5182,-9.1312,-0.0474
2.9280,clay,0.500,0.450,-0.0751,4.2589,-0.1824,-0.0999,0.5333,0.1977,-9.4130,-9.4469,-9.4933,-9.1357,-0.0411
2.9400,clay,0.500,0.450,-0.0627,4.2538,-0.1745,-0.1004,0.3791,0.1092,-9.4049,-9.5155,-9.4765,-9.1884,-0.0341
2.9520,clay,0.500,0.450,-0.0502,4.2991,-0.0799,-0.0912,0.4245,1.2278,-9.4701,-9.4402,-9.5876,-9.1083,-0.0282
2.9640,clay,0.500,0.450,-0.0377,4.2111,-0.1835,-0.0854,0.3622,0.9382,-9.4506,-9.4269,-9.5020,-9.2169,-0.0221
2.9760,clay,0.500,0.450,-0.0251,4.2841,-0.1213,-0.0799,0.5697,0.6496,-9.4611,-9.4299,-9.4862,-9.2002,-0.0162
2.9880,clay,0.500,0.450,-0.0126,4.2232,-0.1159,-0.0599,0.2775,0.7633,-9.4382,-9.4762,-9.5389,-9.2231,-0.0099
3.0000,clay,0.500,0.450,0.0000,4.3494,-0.1461,-0.0541,0.2901,0.8401,-9.4202,-9.4994,-9.4998,-9.3336,-0.0038
3.0120,clay,0.500,0.450,0.0126,4.4262,-0.1123,-0.0494,0.5268,0.4022,-9.4183,-9.6041,-9.4889,-9.3304,0.0025
3.0240,clay,0.500,0.450,0.0251,4.3417,-0.1095,-0.0433,0.3049,-0.0627,-9.4301,-9.5931,-9.4791,-9.3841,0.0094
3.0360,clay,0.500,0.450,0.0377,4.3733,-0.1346,-0.0382,0.3871,1.3537,-9.4912,-9.5172,-9.4751,-9.3733,0.0159
3.0480,clay,0.500,0.450,0.0502,4.3241,-0.0192,-0.0222,0.6873,1.0834,-9.4605,-9.6176,-9.5981,-9.2801,0.0214
3.0600,clay,0.500,0.450,0.0627,4.3354,-0.0311,-0.0205,0.4354,0.7054,-9.4372,-9.5737,-9.4217,-9.4762,0.0275
3.0720,clay,0.500,0.450,0.0751,4.3597,0.0008,-0.0116,0.3852,1.2697,-9.4438,-9.5500,-9.4736,-9.4438,0.0337
3.0840,clay,0.500,0.450,0.0875,4.3838,0.0125,-0.0028,0.3045,0.5051,-9.3949,-9.6429,-9.5248,-9.4064,0.0393
3.0960,clay,0.500,0.450,0.0999,4.3690,-0.0374,0.0032,0.3296,1.0774,-9.3484,-9.7562,-9.4494,-9.5196,0.0452
3.1080,clay,0.500,0.450,0.1121,4.3451,0.0227,0.0144,0.3441,0.7813,-9.3415,-9.7251,-9.4947,-9.5092,0.0523
3.1200,clay,0.500,0.450,0.1243,4.3810,-0.0118,0.0224,0.2788,1.0438,-9.3540,-9.8185,-9.4746,-9.4739,0.0591
3.1320,clay,0.500,0.450,0.1365,4.4190,0.0451,0.0332,0.4865,1.4483,-9.4958,-9.6925,-9.4730,-9.5330,0.0645
3.1440,clay,0.500,0.450,0.1485,4.2612,-0.0198,0.0346,0.1679,1.1648,-9.4855,-9.6934,-9.5076,-9.5165,0.0694
3.1560,clay,0.500,0.450,0.1605,4.3792,0.1504,0.0400,-0.1281,1.1822,-9.3731,-9.8261,-9.4561,-9.5345,0.0769
3.1680,clay,0.500,0.450,0.1723,4.3731,-0.0056,0.0508,0.2375,0.9491,-9.4543,-9.7312,-9.4304,-9.6080,0.0824
3.1800,clay,0.500,0.450,0.1841,4.4194,0.0282,0.0529,0.3474,1.2090,-9.4519,-9.7039,-9.4485,-9.5799,0.0872
3.1920,clay,0.500,0.450,0.1957,4.3366,0.0469,0.0634,0.2720,1.0363,-9.3132,-9.8130,-9.4341,-9.6303,0.0931
3.2040,clay,0.500,0.450,0.2072,4.4006,0.1422,0.0678,0.1102,1.3646,-9.3162,-9.8733,-9.4297,-9.6520,0.0995
3.2160,clay,0.500,0.450,0.2186,4.4408,0.1492,0.0746,0.0055,0.7104,-9.3074,-9.9005,-9.4637,-9.6312,0.1052
3.2280,clay,0.500,0.450,0.2298,4.4392,0.0693,0.0888,0.5276,1.0235,-9.3087,-9.9413,-9.4491,-9.6960,0.1102
3.2400,clay,0.500,0.450,0.2409,4.3986,0.0745,0.0915,0.1514,1.0051,-9.3210,-9.9357,-9.3987,-9.7209,0.1161
3.2520,clay,0.500,0.450,0.2518,4.3093,0.0972,0.1004,0.0679,1.4306,-9.3811,-9.9262,-9.3363,-9.7477,0.1220
3.2640,clay,0.500,0.450,0.2626,4.4774,0.1821,0.1060,0.4716,1.3732,-9.3798,-10.0068,-9.3435,-9.7097,0.1281
3.2760,clay,0.500,0.450,0.2732,4.3923,0.0866,0.1105,0.0507,2.1710,-9.3877,-9.9734,-9.3161,-9.8508,0.1336
3.2880,clay,0.500,0.450,0.2836,4.3446,0.1472,0.1243,0.1561,1.9853,-9.3604,-9.9043,-9.4021,-9.7864,0.1377
3.3000,clay,0.500,0.450,0.2939,4.4298,0.1382,0.1302,0.2272,1.0839,-9.3522,-9.9843,-9.3848,-9.8093,0.1418
3.3120,clay,0.500,0.450,0.3040,4.4213,0.1090,0.1382,0.4224,1.3599,-9.3146,-9.9930,-9.3464,-9.8338,0.1468
3.3240,clay,0.500,0.450,0.3138,4.4829,0.2740,0.1450,0.5164,1.3718,-9.2994,-10.0240,-9.3683,-9.8018,0.1529
3.3360,clay,0.500,0.450,0.3235,4.4473,0.1794,0.1487,-0.1721,1.4196,-9.3048,-10.0539,-9.3567,-9.7905,0.1580
3.3480,clay,0.500,0.450,0.3330,4.4369,0.1860,0.1560,0.0933,1.1696,-9.3179,-10.0523,-9.3039,-9.9134,0.1623
3.3600,clay,0.500,0.450,0.3423,4.4022,0.2437,0.1598,0.1166,2.3413,-9.2354,-10.0557,-9.2775,-10.0245,0.1666
3.3720,clay,0.500,0.450,0.3513,4.4808,0.1229,0.1717,0.2133,1.3960,-9.3375,-10.0411,-9.2627,-9.9101,0.1709
3.3840,clay,0.500,0.450,0.3602,4.3872,0.2733,0.1758,-0.2238,1.2447,-9.2932,-10.0794,-9.2895,-9.9515,0.1757
3.3960,clay,0.500,0.450,0.3688,4.4968,0.2879,0.1839,-0.5350,1.5516,-9.2645,-10.0938,-9.3099,-9.9688,0.1795
3.4080,clay,0.500,0.450,0.3771,4.3837,0.2660,0.1980,0.1374,1.8743,-9.3288,-10.1197,-9.2520,-9.9667,0.1827
3.4200,clay,0.500,0.450,0.3853,4.3692,0.2976,0.1981,0.2972,1.5137,-9.2695,-10.1963,-9.2490,-9.9697,0.1870
3.4320,clay,0.500,0.450,0.3931,4.4111,0.2448,0.2027,0.3856,1.9287,-9.2360,-10.2272,-9.2403,-10.0184,0.1905
3.4440,clay,0.500,0.450,0.4008,4.3963,0.3090,0.2006,-0.1770,1.9794,-9.3468,-10.1750,-9.2894,-9.9347,0.1943
3.4560,clay,0.500,0.450,0.4082,4.3743,0.3033,0.2015,-0.0857,1.9929,-9.2590,-10.2496,-9.2254,-10.0480,0.1982
3.4680,clay,0.500,0.450,0.4153,4.3943,0.2924,0.2055,-0.6770,1.5331,-9.2881,-10.2464,-9.1509,-10.2336,0.2022
3.4800,clay,0.500,0.450,0.4222,4.4445,0.2855,0.2132,-0.0013,1.9390,-9.3225,-10.2175,-9.2009,-10.0484,0.2054
3.4920,clay,0.500,0.450,0.4288,4.3761,0.3604,0.2218,-0.3895,1.4140,-9.3069,-10.2345,-9.2336,-10.0419,0.2080
3.5040,clay,0.500,0.450,0.4351,4.4347,0.3740,0.2255,-0.0110,1.2674,-9.2999,-10.2894,-9.2035,-10.0972,0.2114
3.5160,clay,0.500,0.450,0.4411,4.4706,0.3361,0.2347,0.3713,1.4557,-9.2595,-10.2919,-9.2219,-10.0520,0.2147
3.5280,clay,0.500,0.450,0.4469,4.3978,0.3767,0.2483,0.2670,1.3815,-9.2327,-10.3571,-9.2301,-10.0795,0.2176
3.5400,clay,0.500,0.450,0.4524,4.4420,0.2884,0.2511,-0.4839,2.1073,-9.2810,-10.3462,-9.2518,-10.0751,0.2206
3.5520,clay,0.500,0.450,0.4576,4.3883,0.3400,0.2574,0.3309,1.3013,-9.2669,-10.3653,-9.1730,-10.0755,0.2231
3.5640,clay,0.500,0.450,0.4625,4.4022,0.3978,0.2597,0.0257,1.6396,-9.2474,-10.4216,-9.2356,-10.0546,0.2255
3.5760,clay,0.500,0.450,0.4672,4.4234,0.3762,0.2554,-0.2154,2.1632,-9.3191,-10.3981,-9.1971,-10.1316,0.2283
3.5880,clay,0.500,0.450,0.4715,4.5213,0.4828,0.2561,0.6571,1.6582,-9.2766,-10.4146,-9.2208,-10.0660,0.2309
3.6000,clay,0.500,0.450,0.4755,4.3874,0.4003,0.2623,0.0799,1.6672,-9.3026,-10.4211,-9.2229,-10.1260,0.2332
3.6120,clay,0.500,0.450,0.4793,4.4931,0.3799,0.2745,0.4265,0.6991,-9.3543,-10.3749,-9.1645,-10.0918,0.2349
3.6240,clay,0.500,0.450,0.4827,4.4760,0.4005,0.2802,0.5548,0.9149,-9.3151,-10.4229,-9.1401,-10.3119,0.2362
3.6360,clay,0.500,0.450,0.4858,4.4134,0.4275,0.2854,-0.1220,1.8499,-9.3841,-10.4221,-9.1465,-10.2485,0.2377
3.6480,clay,0.500,0.450,0.4886,4.4620,0.3840,0.2859,0.2938,1.3107,-9.3456,-10.3915,-9.2156,-10.1893,0.2394
3.6600,clay,0.500,0.450,0.4911,4.4363,0.4432,0.2850,0.1032,1.5360,-9.3247,-10.4360,-9.2009,-10.2306,0.2410
3.6720,clay,0.500,0.450,0.4933,4.4406,0.4885,0.2869,0.1030,1.5789,-9.3824,-10.4217,-9.1222,-10.3068,0.2423
3.6840,clay,0.500,0.450,0.4952,4.5286,0.4552,0.2882,-0.7062,1.6402,-9.3703,-10.4188,-9.0746,-10.2537,0.2429
3.6960,clay,0.500,0.450,0.4968,4.4594,0.3975,0.2934,-0.3266,1.5290,-9.4304,-10.4145,-9.1617,-10.2108,0.2433
3.7080,clay,0.500,0.450,0.4981,4.4130,0.4568,0.2994,-0.8240,2.3976,-9.4338,-10.4073,-9.0860,-10.3210,0.2439
3.7200,clay,0.500,0.450,0.4990,4.5095,0.4190,0.2967,-0.4382,2.5316,-9.3646,-10.3983,-9.1333,-10.2696,0.2444
3.7320,clay,0.500,0.450,0.4996,4.4033,0.3813,0.2968,-0.0079,1.1510,-9.3475,-10.4032,-9.1222,-10.2881,0.2449
3.7440,clay,0.500,0.450,0.5000,4.4705,0.4603,0.2951,-0.5590,1.5989,-9.3904,-10.3614,-9.0722,-10.4217,0.2450
3.7560,clay,0.500,0.450,0.5000,4.4162,0.4563,0.3011,0.3500,1.3272,-9.3583,-10.4445,-9.1267,-10.2303,0.2448
3.7680,clay,0.500,0.450,0.4996,4.3490,0.3740,0.3101,0.0451,0.9290,-9.3615,-10.4520,-9.1092,-10.2048,0.2447
3.7800,clay,0.500,0.450,0.4990,4.5575,0.4075,0.3108,0.3689,1.1679,-9.3560,-10.4581,-9.0065,-10.3304,0.2447
3.7920,clay,0.500,0.450,0.4981,4.4775,0.4404,0.3181,-0.4824,1.4539,-9.3599,-10.4699,-9.1060,-10.3180,0.2447
3.8040,clay,0.500,0.450,0.4968,4.4246,0.3259,0.3195,0.0813,1.3287,-9.3310,-10.4957,-9.0382,-10.2820,0.2442
3.8160,clay,0.500,0.450,0.4952,4.4634,0.3499,0.3186,-0.5523,1.7643,-9.3810,-10.4631,-9.0733,-10.2420,0.2429
3.8280,clay,0.500,0.450,0.4933,4.4900,0.4367,0.3226,-0.6340,2.1131,-9.4150,-10.4485,-9.0561,-10.3452,0.2419
3.8400,clay,0.500,0.450,0.4911,4.4606,0.5330,0.3236,-0.3804,1.3636,-9.3804,-10.4845,-9.0601,-10.2865,0.2408
3.8520,clay,0.500,0.450,0.4886,4.5535,0.5064,0.3237,-0.3195,1.3183,-9.2807,-10.5066,-9.1469,-10.2209,0.2403
3.8640,clay,0.500,0.450,0.4858,4.4842,0.4477,0.3198,-0.4104,1.4036,-9.3397,-10.4917,-9.0608,-10.3124,0.2395
3.8760,clay,0.500,0.450,0.4827,4.4780,0.5259,0.3234,0.0959,1.0186,-9.3651,-10.4898,-9.1293,-10.3335,0.2379
3.8880,clay,0.500,0.450,0.4793,4.4590,0.3930,0.3194,-0.6140,1.5854,-9.3565,-10.5107,-9.1064,-10.2718,0.2363
3.9000,clay,0.500,0.450,0.4755,4.5059,0.3918,0.3154,-0.1928,0.7481,-9.4073,-10.4583,-9.1151,-10.2664,0.2346
3.9120,clay,0.500,0.450,0.4715,4.3432,0.4292,0.3087,-0.0741,2.1794,-9.3584,-10.4545,-9.1192,-10.3209,0.2325
3.9240,clay,0.500,0.450,0.4672,4.4586,0.4817,0.3065,0.1619,1.5627,-9.4558,-10.4541,-9.1149,-10.2239,0.2305
3.9360,clay,0.500,0.450,0.4625,4.4575,0.5316,0.3046,-0.2190,1.5709,-9.4715,-10.4059,-9.1496,-10.1880,0.2286
3.9480,clay,0.500,0.450,0.4576,4.4236,0.4257,0.3057,-0.0908,1.4620,-9.4208,-10.4414,-9.0973,-10.2840,0.2264
3.9600,clay,0.500,0.450,0.4524,4.4657,0.4501,0.3059,-0.0129,1.4203,-9.3891,-10.4184,-9.0894,-10.2797,0.2238
3.9720,clay,0.500,0.450,0.4469,4.5042,0.5115,0.3021,0.0091,1.0138,-9.4032,-10.4399,-9.1352,-10.2070,0.2212
3.9840,clay,0.500,0.450,0.4411,4.4449,0.4527,0.2993,-0.0703,1.8441,-9.4171,-10.4353,-9.1597,-10.2346,0.2189
3.9960,clay,0.500,0.450,0.4351,4.3730,0.4502,0.2976,0.2047,1.1655,-9.4793,-10.4226,-9.1087,-10.2889,0.2162
4.0080,clay,0.500,0.450,0.4288,4.4004,0.3675,0.2952,-0.0523,0.9578,-9.4996,-10.4024,-9.1387,-10.2431,0.2127
4.0200,clay,0.500,0.450,0.4222,4.4162,0.4310,0.2976,-0.1709,0.8778,-9.4696,-10.4102,-9.1542,-10.2310,0.2097
4.0320,clay,0.500,0.450,0.4153,4.4849,0.3912,0.2931,-0.1335,1.0603,-9.4561,-10.4218,-9.1218,-10.2550,0.2071
4.0440,clay,0.500,0.450,0.4082,4.4840,0.4653,0.2925,-0.1415,0.8085,-9.4846,-10.3845,-9.1863,-10.2173,0.2039
4.0560,clay,0.500,0.450,0.4008,4.5414,0.4108,0.2883,0.4281,0.9457,-9.4826,-10.3794,-9.1301,-10.2710,0.2001
4.0680,clay,0.500,0.450,0.3931,4.4383,0.4380,0.2832,0.2367,0.6304,-9.5026,-10.3656,-9.1888,-10.2407,0.1964
4.0800,clay,0.500,0.450,0.3853,4.4323,0.4176,0.2785,-0.1234,0.8165,-9.5269,-10.3738,-9.1822,-10.2706,0.1927
4.0920,clay,0.500,0.450,0.3771,4.5537,0.3118,0.2738,0.2632,0.6826,-9.5481,-10.3362,-9.1798,-10.2214,0.1888
4.1040,clay,0.500,0.450,0.3688,4.5115,0.3055,0.2736,-0.1088,0.9179,-9.5703,-10.3257,-9.2425,-10.2261,0.1851
4.1160,clay,0.500,0.450,0.3602,4.4848,0.3902,0.2685,-0.0331,0.5613,-9.5213,-10.3436,-9.2403,-10.2277,0.1813
4.1280,clay,0.500,0.450,0.3513,4.5447,0.3107,0.2577,0.1116,0.1742,-9.5149,-10.3536,-9.2047,-10.2560,0.1770
4.1400,clay,0.500,0.450,0.3423,4.4029,0.3617,0.2569,-0.1264,0.6592,-9.5709,-10.2969,-9.2938,-10.2117,0.1722
4.1520,clay,0.500,0.450,0.3330,4.4987,0.3530,0.2527,0.0089,0.5503,-9.5577,-10.2795,-9.2714,-10.2345,0.1683
4.1640,clay,0.500,0.450,0.3235,4.5086,0.3888,0.2512,-0.0435,0.5230,-9.5714,-10.2980,-9.2441,-10.2832,0.1644
4.1760,clay,0.500,0.450,0.3138,4.4578,0.3648,0.2471,0.5173,0.3600,-9.6893,-10.2000,-9.3127,-10.1945,0.1587
4.1880,clay,0.500,0.450,0.3040,4.5054,0.2747,0.2391,0.2028,0.6167,-9.6139,-10.2158,-9.2737,-10.1917,0.1536
4.2000,clay,0.500,0.450,0.2939,4.5846,0.5222,0.2360,0.1020,0.8197,-9.5903,-10.2432,-9.2745,-10.2720,0.1493
4.2120,clay,0.500,0.450,0.2836,4.5093,0.3652,0.2298,0.0280,0.2183,-9.6249,-10.2297,-9.3291,-10.1860,0.1444
4.2240,clay,0.500,0.450,0.2732,4.5386,0.3226,0.2235,0.3908,0.3893,-9.5754,-10.2252,-9.3506,-10.2020,0.1395
4.2360,clay,0.500,0.450,0.2626,4.5596,0.2880,0.2207,0.1933,0.2116,-9.6442,-10.1888,-9.3826,-10.1797,0.1346
4.2480,clay,0.500,0.450,0.2518,4.5248,0.2852,0.2077,-0.1525,0.2241,-9.6915,-10.1670,-9.3969,-10.1668,0.1292
4.2600,clay,0.500,0.450,0.2409,4.5103,0.3359,0.2054,0.1791,0.1332,-9.6911,-10.1143,-9.3830,-10.2028,0.1239
4.2720,clay,0.500,0.450,0.2298,4.5021,0.2217,0.2001,-0.1732,0.4443,-9.6913,-10.1090,-9.4590,-10.1760,0.1178
4.2840,clay,0.500,0.450,0.2186,4.4937,0.2743,0.1966,0.3319,0.1258,-9.6923,-10.1077,-9.4525,-10.1638,0.1124
4.2960,clay,0.500,0.450,0.2072,4.5072,0.2576,0.1917,0.0508,0.4643,-9.6515,-10.1426,-9.4377,-10.1409,0.1071
4.3080,clay,0.500,0.450,0.1957,4.4473,0.2922,0.1759,0.1350,0.2956,-9.7394,-10.0787,-9.5266,-10.1992,0.1013
4.3200,clay,0.500,0.450,0.1841,4.4633,0.3420,0.1674,-0.2618,0.0154,-9.6962,-10.0928,-9.5057,-10.1700,0.0961
4.3320,clay,0.500,0.450,0.1723,4.5288,0.3022,0.1605,-0.1217,-0.1086,-9.7340,-10.0601,-9.4779,-10.1376,0.0915
4.3440,clay,0.500,0.450,0.1605,4.4802,0.3372,0.1536,-0.0878,0.3763,-9.8515,-9.9789,-9.5746,-10.0769,0.0854
4.3560,clay,0.500,0.450,0.1485,4.5110,0.3033,0.1515,0.4111,0.4049,-9.8411,-9.9556,-9.5425,-10.1177,0.0780
4.3680,clay,0.500,0.450,0.1365,4.5167,0.2787,0.1411,0.2372,-0.5377,-9.7576,-10.0196,-9.5384,-10.1063,0.0713
4.3800,clay,0.500,0.450,0.1243,4.4888,0.2906,0.1372,0.2367,-0.0179,-9.7928,-9.9956,-9.5900,-10.0739,0.0662
4.3920,clay,0.500,0.450,0.1121,4.5449,0.1518,0.1312,-0.0133,-0.4620,-9.7640,-10.0102,-9.5859,-10.0681,0.0611
4.4040,clay,0.500,0.450,0.0999,4.5198,0.1091,0.1284,0.4342,0.2017,-9.7601,-9.9678,-9.5289,-10.0751,0.0535
4.4160,clay,0.500,0.450,0.0875,4.4966,0.2584,0.1208,-0.1034,-1.1148,-9.8100,-10.0050,-9.5956,-10.0633,0.0470
4.4280,clay,0.500,0.450,0.0751,4.5842,0.1714,0.1069,-0.1632,-0.6129,-9.8081,-10.0013,-9.6087,-10.0793,0.0422
4.4400,clay,0.500,0.450,0.0627,4.5852,0.2828,0.1006,-0.0933,-0.2995,-9.8227,-9.9520,-9.5898,-10.0500,0.0371
4.4520,clay,0.500,0.450,0.0502,4.6618,0.1310,0.0957,0.0282,0.1745,-9.9253,-9.8924,-9.6124,-10.0495,0.0310
4.4640,clay,0.500,0.450,0.0377,4.5055,0.0341,0.0911,0.0525,-0.7281,-9.9160,-9.8905,-9.6850,-10.0401,0.0239
4.4760,clay,0.500,0.450,0.0251,4.5653,0.1831,0.0873,0.1947,-0.3323,-9.8740,-9.8939,-9.6385,-10.0122,0.0169
4.4880,clay,0.500,0.450,0.0126,4.5675,0.1537,0.0670,0.6539,-0.4731,-9.8700,-9.9102,-9.7637,-9.9596,0.0108
4.5000,clay,0.500,0.450,-0.0000,4.5021,0.1347,0.0605,-0.3671,-0.0600,-9.8804,-9.9349,-9.7257,-9.9640,0.0049
4.5120,clay,0.500,0.450,-0.0126,4.5870,0.0909,0.0501,0.0978,-0.6989,-9.8380,-9.8868,-9.7627,-9.9018,-0.0012
4.5240,clay,0.500,0.450,-0.0251,4.5211,0.0871,0.0426,-0.0858,0.0895,-9.8693,-9.8789,-9.7943,-9.9283,-0.0083
4.5360,clay,0.500,0.450,-0.0377,4.4712,0.0771,0.0322,-0.0684,-0.3985,-9.9451,-9.8379,-9.7393,-9.9114,-0.0135
4.5480,clay,0.500,0.450,-0.0502,4.5942,0.0337,0.0167,-0.0601,-1.0749,-9.9074,-9.8359,-9.7361,-9.9442,-0.0183
4.5600,clay,0.500,0.450,-0.0627,4.5753,0.0566,0.0146,0.2125,-0.1964,-9.9889,-9.7896,-9.8007,-9.9183,-0.0242
4.5720,clay,0.500,0.450,-0.0751,4.5581,0.0165,0.0105,0.1345,-0.5743,-10.0917,-9.7914,-9.8314,-9.9158,-0.0308
4.5840,clay,0.500,0.450,-0.0875,4.5437,0.0448,0.0038,0.4533,-0.7217,-10.0847,-9.7382,-9.8026,-9.8817,-0.0371
4.5960,clay,0.500,0.450,-0.0999,4.5444,0.0362,-0.0022,-0.0305,-0.0613,-9.9857,-9.7708,-9.8365,-9.8530,-0.0425
4.6080,clay,0.500,0.450,-0.1121,4.6006,0.0576,-0.0090,-0.1359,-0.8847,-10.0587,-9.6890,-9.8786,-9.8541,-0.0496
4.6200,clay,0.500,0.450,-0.1243,4.5293,-0.1151,-0.0112,-0.4540,-1.4660,-10.0691,-9.7186,-9.9425,-9.8054,-0.0575
4.6320,clay,0.500,0.450,-0.1365,4.5148,-0.0023,-0.0199,0.2529,-1.1677,-9.9623,-9.8109,-9.8544,-9.8513,-0.0640
4.6440,clay,0.500,0.450,-0.1485,4.5323,-0.0552,-0.0282,-0.5121,-0.6297,-9.9971,-9.8342,-9.9880,-9.8518,-0.0688
4.6560,clay,0.500,0.450,-0.1605,4.5953,-0.1207,-0.0385,0.0639,-1.4146,-10.0256,-9.7774,-9.8882,-9.7958,-0.0737
4.6680,clay,0.500,0.450,-0.1723,4.5616,0.0239,-0.0537,-0.1264,-1.4109,-10.0375,-9.7723,-9.8782,-9.7930,-0.0800
4.6800,clay,0.500,0.450,-0.1841,4.5518,-0.0494,-0.0595,-0.0936,-0.9890,-10.0783,-9.7070,-9.9777,-9.7849,-0.0870
4.6920,clay,0.500,0.450,-0.1957,4.5085,-0.0219,-0.0656,0.0013,-0.9721,-10.1297,-9.6578,-9.9549,-9.7513,-0.0936
4.7040,clay,0.500,0.450,-0.2072,4.5088,-0.0850,-0.0703,0.0807,-1.1033,-10.1199,-9.6231,-9.9494,-9.7285,-0.0996
4.7160,clay,0.500,0.450,-0.2186,4.4757,-0.1235,-0.0810,0.0166,-1.2724,-10.0348,-9.6908,-10.0277,-9.7161,-0.1040
4.7280,clay,0.500,0.450,-0.2298,4.5476,-0.0976,-0.1009,-0.2953,-1.4838,-10.1063,-9.5951,-10.0135,-9.7391,-0.1084
4.7400,clay,0.500,0.450,-0.2409,4.5763,-0.0943,-0.1061,-0.0632,-1.4532,-10.1308,-9.5926,-9.9892,-9.6932,-0.1139
4.7520,clay,0.500,0.450,-0.2518,4.5740,-0.1940,-0.1115,-0.6751,-1.6265,-10.2084,-9.5768,-9.9795,-9.6974,-0.1209
4.7640,clay,0.500,0.450,-0.2626,4.5351,-0.1786,-0.1083,-0.3832,-1.5692,-10.2142,-9.5893,-10.0577,-9.6480,-0.1261
4.7760,clay,0.500,0.450,-0.2732,4.4663,-0.0505,-0.1134,-0.0721,-2.3725,-10.1761,-9.5884,-10.1620,-9.5710,-0.1305
4.7880,clay,0.500,0.450,-0.2836,4.5877,-0.2221,-0.1197,-0.0881,-1.6809,-10.1889,-9.6074,-10.0246,-9.6626,-0.1350
4.8000,clay,0.500,0.450,-0.2939,4.5607,-0.1966,-0.1287,0.0212,-1.5258,-10.2057,-9.6103,-10.0436,-9.6224,-0.1394
4.8120,clay,0.500,0.450,-0.3040,4.5360,-0.2301,-0.1308,-0.0105,-1.1114,-10.2882,-9.5691,-10.0716,-9.5428,-0.1451
4.8240,clay,0.500,0.450,-0.3138,4.5572,-0.2680,-0.1404,0.1094,-1.3549,-10.2786,-9.5463,-10.0619,-9.5951,-0.1512
4.8360,clay,0.500,0.450,-0.3235,4.6086,-0.3151,-0.1458,0.1078,-1.3421,-10.2864,-9.5453,-10.0314,-9.5729,-0.1561
4.8480,clay,0.500,0.450,-0.3330,4.5390,-0.2453,-0.1584,-0.0889,-1.5948,-10.2882,-9.5862,-10.1664,-9.5057,-0.1602
4.8600,clay,0.500,0.450,-0.3423,4.5166,-0.2887,-0.1635,-0.0083,-1.2576,-10.3093,-9.5515,-10.0637,-9.5280,-0.1650
4.8720,clay,0.500,0.450,-0.3513,4.5674,-0.2569,-0.1719,0.1758,-1.2008,-10.3435,-9.4990,-10.1304,-9.5561,-0.1696
4.8840,clay,0.500,0.450,-0.3602,4.5082,-0.1962,-0.1779,-0.2674,-1.1046,-10.3542,-9.5215,-10.1555,-9.5449,-0.1743
4.8960,clay,0.500,0.450,-0.3688,4.5620,-0.3249,-0.1847,0.2197,-1.3802,-10.3741,-9.5187,-10.2385,-9.4746,-0.1785
4.9080,clay,0.500,0.450,-0.3771,4.4987,-0.3032,-0.1932,-0.3419,-1.8783,-10.3739,-9.5357,-10.2346,-9.4638,-0.1821
4.9200,clay,0.500,0.450,-0.3853,4.5658,-0.2930,-0.1919,0.4714,-1.8856,-10.3939,-9.5551,-10.2040,-9.4495,-0.1868
4.9320,clay,0.500,0.450,-0.3931,4.5861,-0.2772,-0.1900,-0.1437,-1.3022,-10.3893,-9.5369,-10.2697,-9.4719,-0.1917
4.9440,clay,0.500,0.450,-0.4008,4.6321,-0.2723,-0.1947,0.1459,-1.5261,-10.4023,-9.5176,-10.2194,-9.4558,-0.1957
4.9560,clay,0.500,0.450,-0.4082,4.5000,-0.2931,-0.1937,-0.1577,-2.1519,-10.3380,-9.5806,-10.3168,-9.3898,-0.1991
4.9680,clay,0.500,0.450,-0.4153,4.5368,-0.3178,-0.2055,0.6658,-1.9461,-10.3567,-9.5679,-10.0664,-9.5673,-0.2018
4.9800,clay,0.500,0.450,-0.4222,4.5118,-0.3792,-0.2092,0.0226,-1.2818,-10.3835,-9.5032,-10.2022,-9.4222,-0.2053
4.9920,clay,0.500,0.450,-0.4288,4.5299,-0.3474,-0.2170,-0.0109,-1.1850,-10.3688,-9.4904,-10.2887,-9.3726,-0.2097
5.0040,clay,0.500,0.450,-0.4351,4.5277,-0.3586,-0.2229,-0.8791,-2.1562,-10.3753,-9.5689,-10.1928,-9.5325,-0.2134
5.0160,clay,0.500,0.450,-0.4411,4.5482,-0.3205,-0.2337,0.1990,-1.1979,-10.3988,-9.5357,-10.1943,-9.4416,-0.2161
5.0280,clay,0.500,0.450,-0.4469,4.5249,-0.3946,-0.2463,-0.1748,-1.3550,-10.4063,-9.5462,-10.3090,-9.3498,-0.2183
5.0400,clay,0.500,0.450,-0.4524,4.6299,-0.3681,-0.2529,-0.4226,-1.8677,-10.4280,-9.4995,-10.2101,-9.4549,-0.2207
5.0520,clay,0.500,0.450,-0.4576,4.5361,-0.2506,-0.2571,-0.7650,-1.7499,-10.4040,-9.4895,-10.2655,-9.4475,-0.2233
5.0640,clay,0.500,0.450,-0.4625,4.3835,-0.4066,-0.2670,0.1562,-2.0168,-10.4396,-9.4524,-10.2857,-9.4216,-0.2260
5.0760,clay,0.500,0.450,-0.4672,4.4482,-0.3895,-0.2728,0.5063,-1.6736,-10.4701,-9.4118,-10.3117,-9.4267,-0.2283
5.0880,clay,0.500,0.450,-0.4715,4.5439,-0.3860,-0.2765,0.2930,-2.2958,-10.4727,-9.4708,-10.1694,-9.3924,-0.2302
5.1000,clay,0.500,0.450,-0.4755,4.5424,-0.3009,-0.2736,-0.8872,-1.6404,-10.4704,-9.4961,-10.2927,-9.3630,-0.2316
5.1120,clay,0.500,0.450,-0.4793,4.5379,-0.3121,-0.2804,-0.4538,-1.4920,-10.5355,-9.4520,-10.2926,-9.3279,-0.2340
5.1240,clay,0.500,0.450,-0.4827,4.5444,-0.4580,-0.2816,0.3593,-1.8748,-10.5049,-9.4930,-10.3942,-9.3050,-0.2360
5.1360,clay,0.500,0.450,-0.4858,4.4883,-0.3939,-0.2780,-0.1971,-2.5754,-10.4852,-9.4874,-10.4373,-9.3761,-0.2372
5.1480,clay,0.500,0.450,-0.4886,4.5347,-0.4731,-0.2787,-0.2590,-2.1983,-10.4595,-9.5453,-10.3962,-9.3223,-0.2379
5.1600,clay,0.500,0.450,-0.4911,4.5112,-0.4214,-0.2816,-0.7304,-0.9186,-10.4559,-9.5421,-10.3223,-9.3280,-0.2391
5.1720,clay,0.500,0.450,-0.4933,4.5398,-0.4285,-0.2860,0.1891,-1.0235,-10.4855,-9.4743,-10.4669,-9.3021,-0.2406
5.1840,clay,0.500,0.450,-0.4952,4.5251,-0.4012,-0.2885,-0.3788,-1.7228,-10.4932,-9.4671,-10.2129,-9.3315,-0.2423
5.1960,clay,0.500,0.450,-0.4968,4.5644,-0.3858,-0.2906,-0.8553,-2.0104,-10.5324,-9.4797,-10.3203,-9.2589,-0.2435
5.2080,clay,0.500,0.450,-0.4981,4.5710,-0.4898,-0.2962,-0.9989,-2.1415,-10.5330,-9.5034,-10.4323,-9.2146,-0.2443
5.2200,clay,0.500,0.450,-0.4990,4.5504,-0.3708,-0.2973,-0.6143,-1.6092,-10.5212,-9.5108,-10.2060,-9.2999,-0.2446
5.2320,clay,0.500,0.450,-0.4996,4.5128,-0.3738,-0.3002,-0.4358,-1.9988,-10.5042,-9.5120,-10.1472,-9.2892,-0.2447
5.2440,clay,0.500,0.450,-0.5000,4.5357,-0.4577,-0.3027,-0.4596,-1.7802,-10.5324,-9.5236,-10.2336,-9.2976,-0.2445
5.2560,clay,0.500,0.450,-0.5000,4.5106,-0.4091,-0.2991,-0.2863,-2.3023,-10.4981,-9.5077,-10.5087,-9.0897,-0.2450
5.2680,clay,0.500,0.450,-0.4996,4.5335,-0.5021,-0.3066,-0.3219,-1.1572,-10.5290,-9.4505,-10.4142,-9.1891,-0.2455
5.2800,clay,0.500,0.450,-0.4990,4.4991,-0.4274,-0.3084,-0.6408,-1.8951,-10.5346,-9.4339,-10.2788,-9.2263,-0.2454
5.2920,clay,0.500,0.450,-0.4981,4.4584,-0.4723,-0.3109,0.3817,-0.9999,-10.5141,-9.4664,-10.3782,-9.2273,-0.2451
5.3040,clay,0.500,0.450,-0.4968,4.5431,-0.4611,-0.3145,-0.4805,-1.9771,-10.5397,-9.4787,-10.2426,-9.2700,-0.2443
5.3160,clay,0.500,0.450,-0.4952,4.5383,-0.4945,-0.3139,-0.4653,-1.1238,-10.5066,-9.4887,-10.3699,-9.1543,-0.2435
5.3280,clay,0.500,0.450,-0.4933,4.5243,-0.4669,-0.3152,0.0754,-1.3841,-10.5372,-9.5090,-10.1795,-9.2708,-0.2428
5.3400,clay,0.500,0.450,-0.4911,4.5408,-0.4499,-0.3173,-0.5147,-1.4307,-10.5548,-9.4419,-10.4459,-9.1720,-0.2422
5.3520,clay,0.500,0.450,-0.4886,4.4784,-0.4829,-0.3180,-0.2111,-1.6733,-10.5371,-9.4638,-10.3795,-9.1518,-0.2410
5.3640,clay,0.500,0.450,-0.4858,4.5427,-0.4862,-0.3165,0.2089,-1.3073,-10.5165,-9.4779,-10.3258,-9.2249,-0.2397
5.3760,clay,0.500,0.450,-0.4827,4.4898,-0.5397,-0.3170,-0.2457,-1.5079,-10.5272,-9.5079,-10.3443,-9.2127,-0.2384
5.3880,clay,0.500,0.450,-0.4793,4.4939,-0.4909,-0.3164,0.2049,-0.9477,-10.5507,-9.5265,-10.2886,-9.1672,-0.2367
5.4000,clay,0.500,0.450,-0.4755,4.5217,-0.4468,-0.3175,-0.1598,-1.4765,-10.5089,-9.5253,-10.3866,-9.1615,-0.2351
5.4120,clay,0.500,0.450,-0.4715,4.5221,-0.4342,-0.3158,-0.2091,-1.3212,-10.5454,-9.5008,-10.3039,-9.1618,-0.2331
5.4240,clay,0.500,0.450,-0.4672,4.5386,-0.4963,-0.3131,-0.2914,-1.0828,-10.5093,-9.5124,-10.4862,-9.1086,-0.2309
5.4360,clay,0.500,0.450,-0.4625,4.4188,-0.3616,-0.3137,0.1581,-0.3792,-10.5108,-9.5175,-10.3343,-9.1686,-0.2287
5.4480,clay,0.500,0.450,-0.4576,4.5570,-0.3959,-0.3107,0.1469,-0.9918,-10.4743,-9.5423,-10.3276,-9.2082,-0.2265
5.4600,clay,0.500,0.450,-0.4524,4.5159,-0.2700,-0.3088,0.0638,-1.0177,-10.4826,-9.5182,-10.3726,-9.2151,-0.2243
5.4720,clay,0.500,0.450,-0.4469,4.4152,-0.4004,-0.3086,-0.6597,-1.0786,-10.4770,-9.5243,-10.3095,-9.2218,-0.2217
5.4840,clay,0.500,0.450,-0.4411,4.5217,-0.4280,-0.3091,0.1174,-0.8312,-10.4467,-9.5322,-10.3827,-9.1777,-0.2187
5.4960,clay,0.500,0.450,-0.4351,4.6013,-0.4079,-0.3042,-0.3868,-0.8274,-10.4320,-9.5439,-10.3278,-9.2580,-0.2158
5.5080,clay,0.500,0.450,-0.4288,4.4262,-0.4290,-0.2983,-0.6275,-0.8103,-10.4595,-9.5372,-10.4640,-9.1704,-0.2133
5.5200,clay,0.500,0.450,-0.4222,4.5111,-0.4232,-0.2969,-0.2254,-0.9392,-10.4120,-9.5513,-10.2361,-9.2904,-0.2101
5.5320,clay,0.500,0.450,-0.4153,4.5219,-0.4653,-0.2922,-0.1935,-1.1656,-10.4150,-9.5387,-10.3569,-9.2607,-0.2062
5.5440,clay,0.500,0.450,-0.4082,4.5778,-0.4319,-0.2867,0.1121,-1.4424,-10.3675,-9.5682,-10.3001,-9.2094,-0.2025
5.5560,clay,0.500,0.450,-0.4008,4.5338,-0.4413,-0.2788,-0.0598,-1.0995,-10.3727,-9.5557,-10.2148,-9.3435,-0.1989
5.5680,clay,0.500,0.450,-0.3931,4.4907,-0.3964,-0.2756,0.1292,-1.3761,-10.3583,-9.5998,-10.2385,-9.2762,-0.1960
5.5800,clay,0.500,0.450,-0.3853,4.5150,-0.3577,-0.2749,-0.1214,0.0455,-10.4100,-9.5666,-10.2622,-9.2878,-0.1932
5.5920,clay,0.500,0.450,-0.3771,4.5636,-0.2697,-0.2755,-0.3326,-0.8769,-10.3450,-9.5883,-10.2468,-9.3243,-0.1889
5.6040,clay,0.500,0.450,-0.3688,4.5856,-0.3893,-0.2743,0.1786,-1.2197,-10.3521,-9.5978,-10.3111,-9.2777,-0.1838
5.6160,clay,0.500,0.450,-0.3602,4.5286,-0.4356,-0.2701,0.2078,-0.8003,-10.3261,-9.6119,-10.2655,-9.2809,-0.1800
5.6280,clay,0.500,0.450,-0.3513,4.5535,-0.3612,-0.2641,-0.1446,-0.7787,-10.3399,-9.6009,-10.3613,-9.2972,-0.1764
5.6400,clay,0.500,0.450,-0.3423,4.5242,-0.4680,-0.2615,-0.0967,-0.5214,-10.3388,-9.6186,-10.3873,-9.2828,-0.1726
5.6520,clay,0.500,0.450,-0.3330,4.4412,-0.3645,-0.2586,-0.0138,-0.9633,-10.3159,-9.6638,-10.2444,-9.3652,-0.1678
5.6640,clay,0.500,0.450,-0.3235,4.5205,-0.3780,-0.2553,-0.2835,-0.6881,-10.2738,-9.6407,-10.2302,-9.3360,-0.1625
5.6760,clay,0.500,0.450,-0.3138,4.5502,-0.3368,-0.2515,-0.2418,-0.6327,-10.3015,-9.6637,-10.2783,-9.3159,-0.1573
5.6880,clay,0.500,0.450,-0.3040,4.5235,-0.3715,-0.2356,-0.0241,-0.9426,-10.2418,-9.6552,-10.2825,-9.4295,-0.1529
5.7000,clay,0.500,0.450,-0.2939,4.5330,-0.3389,-0.2331,0.0476,-0.7200,-10.2223,-9.6869,-10.2206,-9.4271,-0.1483
5.7120,clay,0.500,0.450,-0.2836,4.5964,-0.3543,-0.2231,0.4545,-0.6250,-10.2427,-9.6864,-10.2451,-9.3957,-0.1436
5.7240,clay,0.500,0.450,-0.2732,4.5578,-0.3164,-0.2208,0.2048,-0.2651,-10.1942,-9.6925,-10.2334,-9.4553,-0.1383
5.7360,clay,0.500,0.450,-0.2626,4.5541,-0.2963,-0.2149,0.3329,0.3033,-10.2117,-9.6784,-10.1847,-9.4423,-0.1330
5.7480,clay,0.500,0.450,-0.2518,4.5769,-0.2593,-0.2129,0.4327,0.0454,-10.1841,-9.6984,-10.2039,-9.4617,-0.1275
5.7600,clay,0.500,0.450,-0.2409,4.5993,-0.2540,-0.2035,-0.1177,-0.1814,-10.1959,-9.7156,-10.2517,-9.4513,-0.1224
5.7720,clay,0.500,0.450,-0.2298,4.5355,-0.3312,-0.2004,-0.1141,0.0139,-10.1669,-9.7217,-10.2146,-9.4121,-0.1170
5.7840,clay,0.500,0.450,-0.2186,4.5357,-0.3316,-0.1975,0.2791,-0.3460,-10.1552,-9.7464,-10.1667,-9.4287,-0.1113
5.7960,clay,0.500,0.450,-0.2072,4.6101,-0.3012,-0.1938,0.0249,0.0217,-10.1376,-9.7274,-10.1932,-9.4807,-0.1059
5.8080,clay,0.500,0.450,-0.1957,4.5718,-0.2927,-0.1787,0.0574,-0.5544,-10.0478,-9.7460,-10.1897,-9.5096,-0.1005
5.8200,clay,0.500,0.450,-0.1841,4.6270,-0.1500,-0.1693,0.0546,-0.2978,-10.1147,-9.7858,-10.1871,-9.5033,-0.0952
5.8320,clay,0.500,0.450,-0.1723,4.5650,-0.2258,-0.1657,0.0152,-0.3447,-10.0502,-9.8336,-10.1347,-9.5801,-0.0881
5.8440,clay,0.500,0.450,-0.1605,4.6046,-0.3399,-0.1623,0.6003,0.4995,-10.0323,-9.8210,-10.1628,-9.5423,-0.0820
5.8560,clay,0.500,0.450,-0.1485,4.4979,-0.3127,-0.1512,-0.0312,0.7145,-10.1122,-9.7756,-10.1312,-9.5772,-0.0764
5.8680,clay,0.500,0.450,-0.1365,4.5044,-0.2114,-0.1395,0.1891,0.3725,-10.0588,-9.7640,-10.0976,-9.5965,-0.0715
5.8800,clay,0.500,0.450,-0.1243,4.6354,-0.2514,-0.1337,-0.5116,0.3850,-10.0550,-9.8053,-10.1441,-9.5035,-0.0664
5.8920,clay,0.500,0.450,-0.1121,4.5495,-0.1938,-0.1292,0.0376,0.1135,-10.0391,-9.9018,-10.0516,-9.6056,-0.0600
5.9040,clay,0.500,0.450,-0.0999,4.4846,-0.1986,-0.1293,-0.0621,0.4672,-10.0267,-9.8879,-10.0642,-9.5869,-0.0528
5.9160,clay,0.500,0.450,-0.0875,4.5653,-0.1496,-0.1207,0.2584,0.5689,-9.9603,-9.8741,-10.1428,-9.6375,-0.0463
5.9280,clay,0.500,0.450,-0.0751,4.5645,-0.0878,-0.1032,0.2394,0.2607,-9.9874,-9.8287,-10.0227,-9.6971,-0.0407
5.9400,clay,0.500,0.450,-0.0627,4.5907,-0.1594,-0.0953,0.2599,0.4830,-9.9439,-9.8424,-10.0384,-9.7105,-0.0354
5.9520,clay,0.500,0.450,-0.0502,4.5580,-0.2097,-0.0893,-0.0505,0.9342,-9.9435,-9.8776,-10.0586,-9.6914,-0.0306
5.9640,clay,0.500,0.450,-0.0377,4.5559,-0.1906,-0.0847,-0.1050,0.3848,-9.9178,-9.9570,-10.0474,-9.7059,-0.0240
5.9760,clay,0.500,0.450,-0.0251,4.5427,-0.1228,-0.0813,-0.0289,0.5651,-9.9044,-9.9539,-9.9769,-9.7297,-0.0157
5.9880,clay,0.500,0.450,-0.0126,4.5111,-0.0907,-0.0634,-0.1645,0.8964,-9.8776,-9.9808,-10.0176,-9.6376,-0.0086
6.0000,clay,0.500,0.450,0.0000,4.5595,-0.1349,-0.0572,-0.0437,0.4938,-9.8945,-9.9267,-9.9888,-9.7406,-0.0033
6.0120,clay,0.500,0.450,0.0126,4.5526,-0.1260,-0.0478,0.0057,0.9798,-9.8810,-9.8831,-9.9504,-9.7822,0.0018
6.0240,clay,0.500,0.450,0.0251,4.6178,-0.0854,-0.0403,-0.0002,0.6523,-9.7882,-9.9845,-9.9110,-9.8161,0.0078
6.0360,clay,0.500,0.450,0.0377,4.5419,-0.0964,-0.0335,-0.5556,1.2305,-9.7401,-10.0429,-9.8930,-9.8506,0.0145
6.0480,clay,0.500,0.450,0.0502,4.5924,-0.0030,-0.0221,-0.0017,0.6222,-9.7872,-10.0283,-9.9237,-9.8713,0.0202
6.0600,clay,0.500,0.450,0.0627,4.5556,-0.0937,-0.0149,0.2119,0.8834,-9.7548,-10.0727,-9.9105,-9.8121,0.0268
6.0720,clay,0.500,0.450,0.0751,4.5504,-0.0237,-0.0046,0.1935,0.6658,-9.7631,-10.0712,-9.8775,-9.8588,0.0338
6.0840,clay,0.500,0.450,0.0875,4.5685,-0.1152,-0.0003,-0.0447,1.1346,-9.7484,-10.0402,-9.9064,-9.8600,0.0403
6.0960,clay,0.500,0.450,0.0999,4.4912,0.0703,0.0053,0.2507,0.6994,-9.7872,-10.0145,-9.9054,-9.8508,0.0462
6.1080,clay,0.500,0.450,0.1121,4.5556,-0.0683,0.0221,-0.2628,1.1548,-9.7579,-10.0384,-9.8626,-9.8690,0.0513
6.1200,clay,0.500,0.450,0.1243,4.5998,0.0635,0.0261,-0.2902,1.0608,-9.6895,-10.0964,-9.7867,-9.9740,0.0572
6.1320,clay,0.500,0.450,0.1365,4.5500,-0.0023,0.0344,-0.1171,1.1396,-9.6595,-10.1276,-9.8441,-9.9103,0.0635
6.1440,clay,0.500,0.450,0.1485,4.6317,0.0009,0.0398,-0.0261,0.5285,-9.6618,-10.2187,-9.7993,-9.9265,0.0698
6.1560,clay,0.500,0.450,0.1605,4.4693,0.0578,0.0445,-0.0179,1.2836,-9.7042,-10.1880,-9.8220,-9.9655,0.0760
6.1680,clay,0.500,0.450,0.1723,4.4692,0.0812,0.0613,-0.0052,1.1188,-9.7371,-10.1244,-9.7771,-9.9526,0.0818
6.1800,clay,0.500,0.450,0.1841,4.6065,0.1206,0.0610,-0.0047,1.2625,-9.7144,-10.1407,-9.8131,-10.0050,0.0877
6.1920,clay,0.500,0.450,0.1957,4.6046,0.0390,0.0704,-0.2100,1.2434,-9.6637,-10.1830,-9.7292,-10.0488,0.0942
6.2040,clay,0.500,0.450,0.2072,4.5811,0.1018,0.0738,-0.2111,1.5555,-9.6879,-10.1392,-9.7425,-10.0371,0.0997
6.2160,clay,0.500,0.450,0.2186,4.5240,0.0177,0.0828,-0.0391,1.0607,-9.6563,-10.1156,-9.6927,-10.0802,0.1048
6.2280,clay,0.500,0.450,0.2298,4.5206,0.0891,0.0943,0.0535,1.4349,-9.5781,-10.1759,-9.7305,-10.0634,0.1092
6.2400,clay,0.500,0.450,0.2409,4.4984,0.1223,0.1031,-0.0531,1.4814,-9.5890,-10.2021,-9.6883,-10.0726,0.1156
6.2520,clay,0.500,0.450,0.2518,4.5441,0.1105,0.1105,-0.2111,1.4720,-9.5644,-10.2154,-9.7212,-10.0310,0.1209
6.2640,clay,0.500,0.450,0.2626,4.4640,0.1244,0.1122,-0.3062,0.6605,-9.5222,-10.3713,-9.7092,-9.9908,0.1265
6.2760,clay,0.500,0.450,0.2732,4.4570,0.1518,0.1152,-0.3854,1.7412,-9.5684,-10.3210,-9.6592,-10.1170,0.1320
6.2880,clay,0.500,0.450,0.2836,4.5650,0.2775,0.1248,-0.2229,1.6342,-9.5765,-10.2635,-9.6346,-10.1307,0.1377
6.3000,clay,0.500,0.450,0.2939,4.5218,0.1215,0.1323,-0.0323,1.9500,-9.6154,-10.2807,-9.6113,-10.0780,0.1428
6.3120,clay,0.500,0.450,0.3040,4.5557,0.2359,0.1366,0.0658,0.3208,-9.5660,-10.3436,-9.6403,-10.1072,0.1475
6.3240,clay,0.500,0.450,0.3138,4.5002,0.1819,0.1469,0.0005,1.7544,-9.6371,-10.2717,-9.5411,-10.2343,0.1525
6.3360,clay,0.500,0.450,0.3235,4.5878,0.2887,0.1519,-0.0286,1.3072,-9.6623,-10.2702,-9.5954,-10.1333,0.1575
6.3480,clay,0.500,0.450,0.3330,4.5136,0.1644,0.1645,0.1303,1.2830,-9.5889,-10.3763,-9.5763,-10.1784,0.1631
6.3600,clay,0.500,0.450,0.3423,4.6511,0.2794,0.1694,-0.3181,1.4162,-9.5694,-10.3558,-9.4824,-10.2067,0.1674
6.3720,clay,0.500,0.450,0.3513,4.6366,0.2860,0.1711,-0.3269,2.8491,-9.5877,-10.3205,-9.5566,-10.1939,0.1716
6.3840,clay,0.500,0.450,0.3602,4.5662,0.3672,0.1693,-0.0049,1.4835,-9.5854,-10.3146,-9.4849,-10.2094,0.1755
6.3960,clay,0.500,0.450,0.3688,4.5487,0.2817,0.1748,-0.3491,2.0404,-9.5302,-10.3518,-9.4860,-10.2363,0.1796
6.4080,clay,0.500,0.450,0.3771,4.5528,0.2810,0.1929,-0.0822,1.0508,-9.5130,-10.3695,-9.3788,-10.3596,0.1841
6.4200,clay,0.500,0.450,0.3853,4.5947,0.3096,0.2022,0.2767,1.6446,-9.5271,-10.3308,-9.4943,-10.1807,0.1883
6.4320,clay,0.500,0.450,0.3931,4.4791,0.3148,0.2085,-0.1272,1.2629,-9.4841,-10.3932,-9.5168,-10.2073,0.1916
6.4440,clay,0.500,0.450,0.4008,4.5486,0.2563,0.2148,-0.0855,1.7972,-9.4481,-10.4216,-9.4468,-10.3088,0.1953
6.4560,clay,0.500,0.450,0.4082,4.5549,0.3355,0.2209,0.1323,1.1755,-9.5200,-10.3955,-9.4722,-10.2234,0.1989
6.4680,clay,0.500,0.450,0.4153,4.6121,0.3181,0.2253,-0.2121,2.0158,-9.4768,-10.4456,-9.5081,-10.2472,0.2030
6.4800,clay,0.500,0.450,0.4222,4.6164,0.3780,0.2258,-0.2514,1.4767,-9.4689,-10.4526,-9.5022,-10.2166,0.2069
6.4920,clay,0.500,0.450,0.4288,4.5211,0.3791,0.2319,-0.6255,2.0878,-9.4975,-10.4275,-9.4215,-10.1805,0.2101
6.5040,clay,0.500,0.450,0.4351,4.5542,0.3207,0.2353,-0.1406,1.9507,-9.4977,-10.4066,-9.5186,-10.2266,0.2127
6.5160,clay,0.500,0.450,0.4411,4.5188,0.3311,0.2452,-0.1823,0.8466,-9.4997,-10.4436,-9.5485,-10.2057,0.2155
6.5280,clay,0.500,0.450,0.4469,4.5293,0.3269,0.2554,-0.2370,1.1214,-9.4755,-10.4638,-9.3599,-10.3847,0.2180
6.5400,clay,0.500,0.450,0.4524,4.6557,0.3002,0.2636,-0.4352,1.5408,-9.4341,-10.4836,-9.4500,-10.2769,0.2205
6.5520,clay,0.500,0.450,0.4576,4.5780,0.3487,0.2628,-1.0080,2.1907,-9.4964,-10.4715,-9.4389,-10.2980,0.2236
6.5640,clay,0.500,0.450,0.4625,4.5910,0.3649,0.2682,0.1326,0.9864,-9.4593,-10.5239,-9.3133,-10.3762,0.2264
6.5760,clay,0.500,0.450,0.4672,4.5289,0.2881,0.2695,-0.5868,2.4071,-9.3993,-10.5638,-9.3360,-10.4518,0.2287
6.5880,clay,0.500,0.450,0.4715,4.5141,0.4046,0.2706,-0.5879,2.1726,-9.4848,-10.5050,-9.3611,-10.4132,0.2305
6.6000,clay,0.500,0.450,0.4755,4.6022,0.3548,0.2710,-0.1323,2.0540,-9.5208,-10.4901,-9.3006,-10.3652,0.2321
6.6120,clay,0.500,0.450,0.4793,4.5064,0.4723,0.2672,-0.5682,1.9329,-9.5046,-10.5613,-9.3704,-10.2397,0.2337
6.6240,clay,0.500,0.450,0.4827,4.5093,0.4121,0.2761,0.0576,1.8937,-9.5247,-10.5549,-9.3467,-10.2628,0.2355
6.6360,clay,0.500,0.450,0.4858,4.5399,0.3363,0.2786,0.7142,1.6960,-9.5218,-10.5201,-9.3377,-10.3028,0.2369
6.6480,clay,0.500,0.450,0.4886,4.5526,0.4341,0.2900,0.4685,1.9029,-9.4862,-10.5208,-9.3515,-10.2496,0.2384
6.6600,clay,0.500,0.450,0.4911,4.5427,0.4176,0.2945,-0.6452,1.5158,-9.4725,-10.5184,-9.3172,-10.2921,0.2397
6.6720,clay,0.500,0.450,0.4933,4.4723,0.3936,0.3028,-0.0239,1.1262,-9.3992,-10.5524,-9.3254,-10.3223,0.2408
6.6840,clay,0.500,0.450,0.4952,4.5435,0.4806,0.3016,-0.0599,1.9081,-9.4536,-10.5644,-9.3175,-10.2373,0.2420
6.6960,clay,0.500,0.450,0.4968,4.5000,0.4556,0.3044,-0.8118,1.8340,-9.4664,-10.5527,-9.3019,-10.3451,0.2427
6.7080,clay,0.500,0.450,0.4981,4.4889,0.4211,0.3065,-0.3775,1.3428,-9.4262,-10.5979,-9.2308,-10.4489,0.2433
6.7200,clay,0.500,0.450,0.4990,4.5360,0.4266,0.3094,-0.2599,1.6138,-9.4880,-10.5813,-9.2491,-10.3323,0.2441
6.7320,clay,0.500,0.450,0.4996,4.5417,0.5137,0.3104,0.3883,1.4266,-9.4464,-10.6033,-9.1888,-10.4728,0.2447
6.7440,clay,0.500,0.450,0.5000,4.5497,0.4447,0.3119,-0.0441,2.1898,-9.4428,-10.6374,-9.2340,-10.3682,0.2450
6.7560,clay,0.500,0.450,0.5000,4.5704,0.5383,0.3090,-0.0581,1.9350,-9.4789,-10.5988,-9.2055,-10.4092,0.2450
6.7680,clay,0.500,0.450,0.4996,4.5151,0.4546,0.3121,-0.1272,1.5565,-9.5072,-10.5974,-9.1963,-10.4455,0.2447
6.7800,clay,0.500,0.450,0.4990,4.5357,0.4813,0.3077,0.1639,2.1621,-9.4876,-10.5710,-9.2430,-10.3451,0.2446
6.7920,clay,0.500,0.450,0.4981,4.5459,0.5245,0.3103,-0.4315,1.5920,-9.4974,-10.5767,-9.2101,-10.2609,0.2443
6.8040,clay,0.500,0.450,0.4968,4.4693,0.4628,0.3131,-0.0891,1.8307,-9.4317,-10.5677,-9.2178,-10.3402,0.2439
6.8160,clay,0.500,0.450,0.4952,4.4652,0.5232,0.3141,-0.4986,1.8437,-9.4190,-10.5742,-9.2259,-10.3986,0.2434
6.8280,clay,0.500,0.450,0.4933,4.5423,0.5039,0.3136,0.1415,1.6353,-9.5036,-10.5792,-9.1875,-10.3427,0.2427
6.8400,clay,0.500,0.450,0.4911,4.4795,0.5277,0.3189,-0.1142,1.0989,-9.4159,-10.6158,-9.2295,-10.3462,0.2418
6.8520,clay,0.500,0.450,0.4886,4.5138,0.4990,0.3240,-0.3261,1.3511,-9.4756,-10.5750,-9.1766,-10.4356,0.2409
6.8640,clay,0.500,0.450,0.4858,4.4870,0.4582,0.3254,-0.4499,1.3450,-9.4504,-10.6030,-9.1448,-10.4562,0.2395
6.8760,clay,0.500,0.450,0.4827,4.5495,0.4920,0.3248,-0.0669,0.9914,-9.4523,-10.6005,-9.1979,-10.3890,0.2378
6.8880,clay,0.500,0.450,0.4793,4.5415,0.5387,0.3276,-0.3769,1.0575,-9.4892,-10.5670,-9.1315,-10.4450,0.2361
6.9000,clay,0.500,0.450,0.4755,4.4437,0.4819,0.3238,-0.1933,1.9254,-9.4600,-10.5632,-9.1085,-10.4783,0.2346
6.9120,clay,0.500,0.450,0.4715,4.5591,0.4009,0.3254,-0.3357,1.1399,-9.4538,-10.5680,-9.1568,-10.4302,0.2327
6.9240,clay,0.500,0.450,0.4672,4.5339,0.4240,0.3201,0.1353,1.0554,-9.4862,-10.5799,-9.1302,-10.3861,0.2308
6.9360,clay,0.500,0.450,0.4625,4.4934,0.4393,0.3177,-0.2384,0.9039,-9.4879,-10.5316,-9.1776,-10.4684,0.2288
6.9480,clay,0.500,0.450,0.4576,4.4768,0.4388,0.3057,-0.0373,1.2185,-9.5061,-10.5558,-9.1566,-10.3802,0.2265
6.9600,clay,0.500,0.450,0.4524,4.4547,0.4649,0.3038,-0.0064,1.1269,-9.5489,-10.4981,-9.2009,-10.3739,0.2241
6.9720,clay,0.500,0.450,0.4469,4.5337,0.4710,0.3040,-0.2475,0.6641,-9.5108,-10.4972,-9.2440,-10.3270,0.2215
6.9840,clay,0.500,0.450,0.4411,4.4933,0.3579,0.3021,-0.1831,1.4838,-9.5359,-10.4833,-9.1841,-10.3649,0.2188
6.9960,clay,0.500,0.450,0.4351,4.5034,0.3793,0.3027,0.0065,0.5292,-9.5491,-10.4559,-9.2319,-10.3649,0.2158
7.0080,clay,0.500,0.450,0.4288,4.4813,0.4713,0.2985,-0.0529,1.1702,-9.5266,-10.5007,-9.2379,-10.2909,0.2127
7.0200,clay,0.500,0.450,0.4222,4.5238,0.4512,0.2941,-0.0054,1.0575,-9.5523,-10.4684,-9.2015,-10.3606,0.2097
7.0320,clay,0.500,0.450,0.4153,4.5732,0.4353,0.2920,-0.0942,1.1307,-9.5541,-10.4565,-9.2233,-10.4153,0.2067
7.0440,clay,0.500,0.450,0.4082,4.5291,0.4088,0.2897,0.2069,0.9377,-9.5628,-10.4344,-9.2453,-10.3087,0.2032
7.0560,clay,0.500,0.450,0.4008,4.4988,0.3201,0.2859,-0.1782,1.3069,-9.5607,-10.4540,-9.2596,-10.3584,0.1997
7.0680,clay,0.500,0.450,0.3931,4.6485,0.3809,0.2827,0.0546,1.1219,-9.5665,-10.4331,-9.2640,-10.3345,0.1965
7.0800,clay,0.500,0.450,0.3853,4.4647,0.4646,0.2848,-0.0738,0.7339,-9.5416,-10.4214,-9.2412,-10.3533,0.1923
7.0920,clay,0.500,0.450,0.3771,4.4794,0.4096,0.2793,-0.0710,0.6352,-9.5921,-10.3859,-9.2900,-10.3610,0.1884
7.1040,clay,0.500,0.450,0.3688,4.4925,0.2995,0.2771,-0.1831,0.8804,-9.5546,-10.3789,-9.3225,-10.3194,0.1850
7.1160,clay,0.500,0.450,0.3602,4.5068,0.3806,0.2688,0.3466,0.9991,-9.6251,-10.3543,-9.2910,-10.3540,0.1811
7.1280,clay,0.500,0.450,0.3513,4.4942,0.3030,0.2644,-0.1457,0.8054,-9.6636,-10.3142,-9.3319,-10.3571,0.1764
7.1400,clay,0.500,0.450,0.3423,4.5691,0.3188,0.2614,0.0190,0.6878,-9.6230,-10.3360,-9.3458,-10.2844,0.1719
7.1520,clay,0.500,0.450,0.3330,4.5799,0.3892,0.2547,-0.0226,0.9953,-9.5741,-10.3451,-9.3177,-10.3423,0.1678
7.1640,clay,0.500,0.450,0.3235,4.5336,0.4429,0.2510,-0.0642,0.4830,-9.6321,-10.3270,-9.3746,-10.3377,0.1631
7.1760,clay,0.500,0.450,0.3138,4.5373,0.3272,0.2444,0.5493,0.5809,-9.6139,-10.2938,-9.3959,-10.2927,0.1588
7.1880,clay,0.500,0.450,0.3040,4.5161,0.3666,0.2357,0.0792,0.3441,-9.6553,-10.2866,-9.3656,-10.2855,0.1545
7.2000,clay,0.500,0.450,0.2939,4.4633,0.3495,0.2319,-0.6585,0.5402,-9.7173,-10.2770,-9.4037,-10.3250,0.1496
7.2120,clay,0.500,0.450,0.2836,4.5034,0.2548,0.2245,-0.1663,0.8621,-9.7358,-10.2077,-9.3907,-10.3026,0.1438
7.2240,clay,0.500,0.450,0.2732,4.5322,0.3524,0.2211,-0.0337,1.0005,-9.6721,-10.2398,-9.3904,-10.2472,0.1386
7.2360,clay,0.500,0.450,0.2626,4.6163,0.2348,0.2157,0.0243,0.4927,-9.7048,-10.1999,-9.4708,-10.2299,0.1338
7.2480,clay,0.500,0.450,0.2518,4.5483,0.3365,0.2054,-0.2939,0.3818,-9.6581,-10.2309,-9.3916,-10.2659,0.1289
7.2600,clay,0.500,0.450,0.2409,4.4888,0.3697,0.2004,0.2248,-0.0839,-9.6727,-10.1974,-9.4475,-10.1994,0.1236
7.2720,clay,0.500,0.450,0.2298,4.5444,0.2575,0.1975,-0.0625,0.1348,-9.7298,-10.1999,-9.4694,-10.1968,0.1183
7.2840,clay,0.500,0.450,0.2186,4.5456,0.3006,0.1929,0.1302,-0.2198,-9.7765,-10.1326,-9.4231,-10.2133,0.1126
7.2960,clay,0.500,0.450,0.2072,4.5536,0.3227,0.1905,0.0667,0.1665,-9.7284,-10.1306,-9.4548,-10.2130,0.1077
7.3080,clay,0.500,0.450,0.1957,4.5936,0.1177,0.1808,0.1577,0.1266,-9.7487,-10.1452,-9.5095,-10.1584,0.1023
7.3200,clay,0.500,0.450,0.1841,4.5598,0.2282,0.1778,-0.3971,-0.1216,-9.7522,-10.0931,-9.4348,-10.2401,0.0958
7.3320,clay,0.500,0.450,0.1723,4.6002,0.1902,0.1713,0.2066,-0.3398,-9.7218,-10.1656,-9.4361,-10.2196,0.0899
7.3440,clay,0.500,0.450,0.1605,4.5203,0.2375,0.1665,-0.2663,0.0066,-9.7701,-10.0942,-9.5353,-10.1682,0.0843
7.3560,clay,0.500,0.450,0.1485,4.6344,0.2510,0.1634,0.2356,-0.2273,-9.7679,-10.0975,-9.5865,-10.1367,0.0781
7.3680,clay,0.500,0.450,0.1365,4.6438,0.1586,0.1478,-0.1713,-0.5625,-9.8135,-10.0838,-9.4636,-10.1953,0.0730
7.3800,clay,0.500,0.450,0.1243,4.4878,0.2102,0.1399,0.1589,0.1847,-9.8457,-10.0765,-9.5982,-10.0927,0.0679
7.3920,clay,0.500,0.450,0.1121,4.5819,0.2029,0.1311,0.1224,-0.4593,-9.8531,-10.0141,-9.5844,-10.1223,0.0612
7.4040,clay,0.500,0.450,0.0999,4.4745,0.2624,0.1302,-0.3992,0.8786,-9.8610,-9.9880,-9.5785,-10.1579,0.0528
7.4160,clay,0.500,0.450,0.0875,4.5782,0.1771,0.1208,-0.4480,-0.6510,-9.8330,-10.0175,-9.6761,-10.1014,0.0469
7.4280,clay,0.500,0.450,0.0751,4.4911,0.1710,0.0974,-0.0045,-0.5201,-9.7711,-10.0536,-9.6997,-10.0129,0.0425
7.4400,clay,0.500,0.450,0.0627,4.5582,0.1511,0.0910,-0.0120,-0.2820,-9.8044,-10.0105,-9.6253,-10.1067,0.0375
7.4520,clay,0.500,0.450,0.0502,4.5128,0.1667,0.0852,-0.0549,-0.8494,-9.9186,-9.9661,-9.7053,-10.0064,0.0300
7.4640,clay,0.500,0.450,0.0377,4.6392,0.1508,0.0821,0.1432,-1.0914,-9.9901,-9.8941,-9.6641,-10.0426,0.0228
7.4760,clay,0.500,0.450,0.0251,4.5887,0.1635,0.0764,0.0823,-0.4289,-9.8981,-9.9372,-9.6498,-10.0391,0.0176
7.4880,clay,0.500,0.450,0.0126,4.5742,0.1250,0.0630,0.1400,-0.3567,-9.9694,-9.9098,-9.7550,-9.9738,0.0126
7.5000,clay,0.500,0.450,-0.0000,4.5459,0.1807,0.0571,-0.1640,-0.8084,-9.9851,-9.8600,-9.6929,-10.0052,0.0065
7.5120,clay,0.500,0.450,-0.0126,4.5057,0.0376,0.0550,0.1117,-0.9793,-9.9786,-9.8406,-9.6764,-10.0162,-0.0021
7.5240,clay,0.500,0.450,-0.0251,4.5909,0.0259,0.0513,-0.1102,-0.9292,-9.9694,-9.8869,-9.8172,-9.9098,-0.0084
7.5360,clay,0.500,0.450,-0.0377,4.5197,0.1561,0.0435,0.1572,-1.1630,-9.9211,-9.9178,-9.7875,-9.9952,-0.0146
7.5480,clay,0.500,0.450,-0.0502,4.5887,0.1021,0.0287,0.0765,-1.1832,-9.9032,-9.9017,-9.7117,-9.9688,-0.0210
7.5600,clay,0.500,0.450,-0.0627,4.5226,0.0280,0.0219,0.1788,-0.8615,-9.9745,-9.9071,-9.8187,-9.8816,-0.0263
7.5720,clay,0.500,0.450,-0.0751,4.4714,-0.0071,0.0118,-0.1114,-0.8239,-9.9473,-9.8503,-9.8039,-9.9237,-0.0322
7.5840,clay,0.500,0.450,-0.0875,4.5143,0.0954,0.0053,-0.5579,-0.4185,-9.9677,-9.8068,-9.8330,-9.9308,-0.0373
7.5960,clay,0.500,0.450,-0.0999,4.6176,0.0139,-0.0051,-0.1287,-1.1041,-10.0379,-9.7696,-9.9144,-9.8894,-0.0425
7.6080,clay,0.500,0.450,-0.1121,4.6002,-0.0309,-0.0136,0.0024,-0.6897,-10.1814,-9.6843,-9.8534,-9.8287,-0.0503
7.6200,clay,0.500,0.450,-0.1243,4.6099,-0.0577,-0.0227,0.1881,-1.4621,-10.1170,-9.7090,-9.8419,-9.8775,-0.0564
7.6320,clay,0.500,0.450,-0.1365,4.5579,-0.1321,-0.0311,0.1639,-1.0686,-9.9980,-9.8178,-9.9249,-9.8638,-0.0599
7.6440,clay,0.500,0.450,-0.1485,4.5876,-0.0953,-0.0296,0.0072,0.0660,-10.2096,-9.6096,-9.9311,-9.8462,-0.0688
7.6560,clay,0.500,0.450,-0.1605,4.5303,0.0239,-0.0390,0.4927,-0.9695,-10.1620,-9.6171,-9.8390,-9.8363,-0.0766
7.6680,clay,0.500,0.450,-0.1723,4.4799,-0.0636,-0.0556,-0.3565,-1.0775,-10.0528,-9.7499,-9.9757,-9.8215,-0.0813
7.6800,clay,0.500,0.450,-0.1841,4.5503,-0.0786,-0.0569,-0.4507,-1.2753,-10.0686,-9.7299,-9.9723,-9.8148,-0.0847
7.6920,clay,0.500,0.450,-0.1957,4.6240,-0.1395,-0.0612,-0.2157,-1.7249,-10.1385,-9.7281,-10.0260,-9.7402,-0.0911
7.7040,clay,0.500,0.450,-0.2072,4.5556,-0.0427,-0.0639,0.0856,-1.0256,-10.1301,-9.7675,-9.9873,-9.7595,-0.0985
7.7160,clay,0.500,0.450,-0.2186,4.5814,-0.1055,-0.0719,-0.0816,-1.6775,-10.1104,-9.7645,-10.0101,-9.7426,-0.1046
7.7280,clay,0.500,0.450,-0.2298,4.4034,-0.0680,-0.0857,-0.2190,-0.8373,-10.1653,-9.7222,-9.9686,-9.7939,-0.1098
7.7400,clay,0.500,0.450,-0.2409,4.5046,-0.2052,-0.0940,-0.3363,-1.3511,-10.1144,-9.7074,-10.0125,-9.7090,-0.1147
7.7520,clay,0.500,0.450,-0.2518,4.5093,-0.1354,-0.1026,-0.0458,-1.2387,-10.1226,-9.6854,-10.0705,-9.7242,-0.1202
7.7640,clay,0.500,0.450,-0.2626,4.6459,-0.1359,-0.1110,0.1256,-0.6702,-10.2280,-9.5754,-10.0653,-9.6929,-0.1265
7.7760,clay,0.500,0.450,-0.2732,4.5700,-0.0732,-0.1172,0.0428,-1.6491,-10.2355,-9.5701,-10.0404,-9.6758,-0.1315
7.7880,clay,0.500,0.450,-0.2836,4.5025,-0.1653,-0.1344,-0.0038,-1.6764,-10.1811,-9.6543,-10.0308,-9.6962,-0.1353
7.8000,clay,0.500,0.450,-0.2939,4.5246,-0.1347,-0.1351,-0.1337,-1.6990,-10.2860,-9.5582,-10.0253,-9.6511,-0.1416
7.8120,clay,0.500,0.450,-0.3040,4.4969,-0.1094,-0.1441,-0.5565,-1.3789,-10.3096,-9.5666,-10.0624,-9.6342,-0.1477
7.8240,clay,0.500,0.450,-0.3138,4.5524,-0.1902,-0.1469,-0.0007,-1.7510,-10.2005,-9.6177,-10.1797,-9.5426,-0.1522
7.8360,clay,0.500,0.450,-0.3235,4.6500,-0.2005,-0.1500,-0.3931,-2.0426,-10.2388,-9.5742,-10.1429,-9.5867,-0.1564
7.8480,clay,0.500,0.450,-0.3330,4.6028,-0.2384,-0.1496,0.1418,-2.0191,-10.2636,-9.5972,-10.1277,-9.5476,-0.1608
7.8600,clay,0.500,0.450,-0.3423,4.5887,-0.2578,-0.1523,0.1627,-1.2820,-10.2434,-9.5990,-10.0054,-9.6415,-0.1658
7.8720,clay,0.500,0.450,-0.3513,4.5133,-0.2159,-0.1581,-0.2980,-1.3707,-10.2407,-9.5926,-10.1405,-9.5845,-0.1698
7.8840,clay,0.500,0.450,-0.3602,4.4927,-0.1382,-0.1666,-0.2217,-0.8362,-10.2841,-9.6259,-10.1915,-9.4985,-0.1736
7.8960,clay,0.500,0.450,-0.3688,4.5386,-0.1790,-0.1761,0.1795,-1.3643,-10.3565,-9.5427,-10.0905,-9.5697,-0.1793
7.9080,clay,0.500,0.450,-0.3771,4.5408,-0.2413,-0.1947,-0.6350,-1.6126,-10.3580,-9.5240,-10.2236,-9.5084,-0.1841
7.9200,clay,0.500,0.450,-0.3853,4.4892,-0.3445,-0.1982,-0.0369,-1.4156,-10.3246,-9.5746,-10.1753,-9.4856,-0.1879
7.9320,clay,0.500,0.450,-0.3931,4.6073,-0.3045,-0.2056,-0.6101,-1.7233,-10.3723,-9.5293,-10.1880,-9.4891,-0.1911
7.9440,clay,0.500,0.450,-0.4008,4.5085,-0.2919,-0.2063,0.6167,-1.5996,-10.3633,-9.5068,-10.1507,-9.4964,-0.1950
7.9560,clay,0.500,0.450,-0.4082,4.6133,-0.3215,-0.2109,-0.2749,-1.8917,-10.3370,-9.4955,-10.2877,-9.4351,-0.1987
7.9680,clay,0.500,0.450,-0.4153,4.4650,-0.3528,-0.2236,-0.1030,-1.5074,-10.4069,-9.4983,-10.2395,-9.4498,-0.2022
7.9800,clay,0.500,0.450,-0.4222,4.6129,-0.3353,-0.2280,0.2701,-1.3721,-10.4285,-9.5005,-10.2391,-9.3852,-0.2051
7.9920,clay,0.500,0.450,-0.4288,4.4593,-0.2950,-0.2325,-0.5826,-1.5079,-10.4347,-9.5005,-10.1585,-9.3934,-0.2090
8.0040,clay,0.500,0.450,-0.4351,4.5344,-0.3116,-0.2342,0.0988,-1.5223,-10.4445,-9.5334,-10.1290,-9.4459,-0.2126
8.0160,clay,0.500,0.450,-0.4411,4.5974,-0.3758,-0.2377,-0.1747,-1.5600,-10.3864,-9.5536,-10.2986,-9.3954,-0.2154
8.0280,clay,0.500,0.450,-0.4469,4.5282,-0.3117,-0.2408,-0.6694,-2.0981,-10.3686,-9.5381,-10.3446,-9.3616,-0.2181
8.0400,clay,0.500,0.450,-0.4524,4.5556,-0.3667,-0.2435,0.1484,-2.1796,-10.3903,-9.4948,-10.2566,-9.3905,-0.2205
8.0520,clay,0.500,0.450,-0.4576,4.4470,-0.3368,-0.2437,-0.4643,-1.9131,-10.4368,-9.4836,-10.0089,-9.4765,-0.2229
8.0640,clay,0.500,0.450,-0.4625,4.5552,-0.2914,-0.2473,-0.4382,-1.8245,-10.4392,-9.5102,-10.2894,-9.3358,-0.2251
8.0760,clay,0.500,0.450,-0.4672,4.5249,-0.3528,-0.2549,-0.1470,-1.5380,-10.4503,-9.4817,-10.2334,-9.4255,-0.2275
8.0880,clay,0.500,0.450,-0.4715,4.5257,-0.3241,-0.2626,1.2848,-1.5815,-10.4845,-9.5287,-10.1121,-9.4600,-0.2300
8.1000,clay,0.500,0.450,-0.4755,4.6563,-0.3709,-0.2681,0.3034,-1.5475,-10.5406,-9.4839,-10.2701,-9.3783,-0.2325
8.1120,clay,0.500,0.450,-0.4793,4.4600,-0.4198,-0.2733,-0.6276,-1.1523,-10.5099,-9.5011,-10.3089,-9.3854,-0.2345
8.1240,clay,0.500,0.450,-0.4827,4.4492,-0.4610,-0.2799,0.4270,-1.3212,-10.5156,-9.4928,-10.2773,-9.3599,-0.2359
8.1360,clay,0.500,0.450,-0.4858,4.5890,-0.4228,-0.2843,0.2574,-1.4440,-10.5322,-9.5128,-10.1684,-9.3530,-0.2372
8.1480,clay,0.500,0.450,-0.4886,4.6147,-0.3821,-0.2895,0.3726,-1.0936,-10.5502,-9.5083,-10.3388,-9.3751,-0.2386
8.1600,clay,0.500,0.450,-0.4911,4.5873,-0.4336,-0.2927,-1.3550,-2.4449,-10.5428,-9.5056,-10.3677,-9.3015,-0.2406
8.1720,clay,0.500,0.450,-0.4933,4.4442,-0.4063,-0.2953,0.5440,-1.8722,-10.5114,-9.4379,-10.5836,-9.2017,-0.2422
8.1840,clay,0.500,0.450,-0.4952,4.5437,-0.3998,-0.2959,-0.1469,-1.6373,-10.5301,-9.4674,-10.3919,-9.2597,-0.2428
8.1960,clay,0.500,0.450,-0.4968,4.4882,-0.5061,-0.2943,-0.1236,-2.0671,-10.5175,-9.4752,-10.3253,-9.2919,-0.2433
8.2080,clay,0.500,0.450,-0.4981,4.5941,-0.3849,-0.3033,-0.8711,-1.5906,-10.5222,-9.4794,-10.4826,-9.2214,-0.2439
8.2200,clay,0.500,0.450,-0.4990,4.5616,-0.4819,-0.3044,-0.5216,-1.7180,-10.5583,-9.4694,-10.4611,-9.1892,-0.2446
8.2320,clay,0.500,0.450,-0.4996,4.5394,-0.4047,-0.3083,0.0420,-1.3115,-10.5524,-9.5013,-10.4415,-9.1668,-0.2450
8.2440,clay,0.500,0.450,-0.5000,4.4877,-0.4109,-0.3107,-0.2445,-1.7762,-10.5255,-9.4986,-10.5779,-9.1224,-0.2453
8.2560,clay,0.500,0.450,-0.5000,4.5050,-0.4306,-0.3162,0.5308,-1.5576,-10.5422,-9.4885,-10.6171,-9.0014,-0.2452
8.2680,clay,0.500,0.450,-0.4996,4.4645,-0.4896,-0.3142,0.0300,-2.1033,-10.5207,-9.4728,-10.3979,-9.1831,-0.2453
8.2800,clay,0.500,0.450,-0.4990,4.5072,-0.4135,-0.3135,-0.6112,-1.3792,-10.4966,-9.5222,-10.3433,-9.2305,-0.2451
8.2920,clay,0.500,0.450,-0.4981,4.5144,-0.4089,-0.3102,-0.5686,-1.2776,-10.5280,-9.5479,-10.3412,-9.1883,-0.2445
8.3040,clay,0.500,0.450,-0.4968,4.4915,-0.3403,-0.3132,-0.0652,-1.8846,-10.5122,-9.5544,-10.2606,-9.2676,-0.2437
8.3160,clay,0.500,0.450,-0.4952,4.4957,-0.3859,-0.3157,0.1370,-0.6060,-10.4881,-9.5312,-10.3825,-9.1903,-0.2429
8.3280,clay,0.500,0.450,-0.4933,4.5134,-0.5011,-0.3179,0.0787,-0.9312,-10.5470,-9.4980,-10.3585,-9.2892,-0.2422
8.3400,clay,0.500,0.450,-0.4911,4.5252,-0.4061,-0.3186,-0.1914,-1.3166,-10.5383,-9.4484,-10.4035,-9.2446,-0.2417
8.3520,clay,0.500,0.450,-0.4886,4.5734,-0.4653,-0.3160,-0.2128,-1.3938,-10.5379,-9.5102,-10.4331,-9.1711,-0.2409
8.3640,clay,0.500,0.450,-0.4858,4.4494,-0.3772,-0.3162,-0.5873,-1.3642,-10.5185,-9.5175,-10.2663,-9.2633,-0.2396
8.3760,clay,0.500,0.450,-0.4827,4.4931,-0.4400,-0.3174,-0.4623,-1.5254,-10.5027,-9.5144,-10.4577,-9.1845,-0.2379
8.3880,clay,0.500,0.450,-0.4793,4.4782,-0.4419,-0.3162,-0.0270,-2.0308,-10.5055,-9.5225,-10.3472,-9.2034,-0.2363
8.4000,clay,0.500,0.450,-0.4755,4.5274,-0.4057,-0.3151,-0.4927,-2.0845,-10.5163,-9.5065,-10.4074,-9.2103,-0.2346
8.4120,clay,0.500,0.450,-0.4715,4.5550,-0.3855,-0.3127,-0.0634,-1.0526,-10.5171,-9.5068,-10.2733,-9.2051,-0.2329
8.4240,clay,0.500,0.450,-0.4672,4.5863,-0.3884,-0.3083,-0.1903,-1.6418,-10.4795,-9.5108,-10.5378,-9.0714,-0.2307
8.4360,clay,0.500,0.450,-0.4625,4.5723,-0.4882,-0.3116,-0.2203,-1.2420,-10.5020,-9.5142,-10.4277,-9.2085,-0.2286
8.4480,clay,0.500,0.450,-0.4576,4.4717,-0.5112,-0.3067,-0.0980,-1.2148,-10.4628,-9.5741,-10.3564,-9.1740,-0.2260
8.4600,clay,0.500,0.450,-0.4524,4.5614,-0.4776,-0.3063,-0.4792,-1.5159,-10.4580,-9.5675,-10.3502,-9.1968,-0.2234
8.4720,clay,0.500,0.450,-0.4469,4.4355,-0.4388,-0.3002,-0.3403,-2.1615,-10.4588,-9.5427,-10.3738,-9.2229,-0.2212
8.4840,clay,0.500,0.450,-0.4411,4.4848,-0.5277,-0.2992,0.1689,-1.5232,-10.4367,-9.5772,-10.3255,-9.1694,-0.2188
8.4960,clay,0.500,0.450,-0.4351,4.4800,-0.4786,-0.2932,-0.1940,-1.5682,-10.4261,-9.5801,-10.2153,-9.2967,-0.2162
8.5080,clay,0.500,0.450,-0.4288,4.5785,-0.4557,-0.2869,-0.0470,-1.1582,-10.3889,-9.6192,-10.2715,-9.2229,-0.2132
8.5200,clay,0.500,0.450,-0.4222,4.4812,-0.3739,-0.2845,0.0047,-1.2042,-10.3767,-9.6272,-10.2858,-9.2444,-0.2091
8.5320,clay,0.500,0.450,-0.4153,4.5006,-0.4028,-0.2890,0.0027,-0.6549,-10.4296,-9.5846,-10.2787,-9.2563,-0.2061
8.5440,clay,0.500,0.450,-0.4082,4.5174,-0.4243,-0.2852,-0.0077,-0.6781,-10.4404,-9.5338,-10.2625,-9.2538,-0.2033
8.5560,clay,0.500,0.450,-0.4008,4.4781,-0.3959,-0.2868,0.1418,-0.9291,-10.3843,-9.5646,-10.2973,-9.2631,-0.1997
8.5680,clay,0.500,0.450,-0.3931,4.5300,-0.3955,-0.2828,0.1079,-1.0716,-10.3864,-9.5926,-10.2120,-9.2821,-0.1960
8.5800,clay,0.500,0.450,-0.3853,4.5421,-0.4616,-0.2834,0.3270,-0.6830,-10.3834,-9.5603,-10.2937,-9.2452,-0.1926
8.5920,clay,0.500,0.450,-0.3771,4.4598,-0.4310,-0.2789,-0.1519,-0.7189,-10.3648,-9.5842,-10.2427,-9.3326,-0.1890
8.6040,clay,0.500,0.450,-0.3688,4.5226,-0.3297,-0.2734,-0.1243,-0.3730,-10.3828,-9.5518,-10.2963,-9.2672,-0.1850
8.6160,clay,0.500,0.450,-0.3602,4.4879,-0.3987,-0.2729,-0.6680,-0.2758,-10.2988,-9.6236,-10.2951,-9.2621,-0.1794
8.6280,clay,0.500,0.450,-0.3513,4.5310,-0.3273,-0.2667,0.1476,-0.6190,-10.3273,-9.6241,-10.3112,-9.2743,-0.1754
8.6400,clay,0.500,0.450,-0.3423,4.4771,-0.4230,-0.2618,-0.0446,-0.8587,-10.3529,-9.6178,-10.2739,-9.3335,-0.1721
8.6520,clay,0.500,0.450,-0.3330,4.4793,-0.3835,-0.2568,0.1136,-0.5814,-10.3211,-9.6027,-10.2536,-9.3294,-0.1681
8.6640,clay,0.500,0.450,-0.3235,4.4406,-0.3920,-0.2510,-0.0938,-0.6671,-10.2626,-9.6373,-10.2483,-9.3748,-0.1629
8.6760,clay,0.500,0.450,-0.3138,4.4898,-0.3022,-0.2465,-0.1777,-0.7065,-10.2725,-9.6305,-10.2460,-9.3787,-0.1573
8.6880,clay,0.500,0.450,-0.3040,4.4879,-0.4274,-0.2294,0.3665,-0.4762,-10.2524,-9.6657,-10.2374,-9.3891,-0.1529
8.7000,clay,0.500,0.450,-0.2939,4.4309,-0.3615,-0.2298,0.1034,-0.5971,-10.2075,-9.6518,-10.1974,-9.4183,-0.1487
8.7120,clay,0.500,0.450,-0.2836,4.5209,-0.3332,-0.2255,0.0415,-0.2051,-10.2569,-9.6819,-10.2618,-9.3539,-0.1439
8.7240,clay,0.500,0.450,-0.2732,4.4823,-0.2569,-0.2261,0.3545,-0.1075,-10.2081,-9.6787,-10.2065,-9.4305,-0.1385
8.7360,clay,0.500,0.450,-0.2626,4.5292,-0.3982,-0.2231,-0.0478,0.0757,-10.1887,-9.6787,-10.2442,-9.4081,-0.1333
8.7480,clay,0.500,0.450,-0.2518,4.5549,-0.2641,-0.2138,0.3542,0.0220,-10.2124,-9.7045,-10.2014,-9.3833,-0.1280
8.7600,clay,0.500,0.450,-0.2409,4.5228,-0.2941,-0.2073,-0.2772,-0.5175,-10.1540,-9.7418,-10.2400,-9.4418,-0.1222
8.7720,clay,0.500,0.450,-0.2298,4.5388,-0.3083,-0.2047,-0.1618,-0.1157,-10.1813,-9.7159,-10.1736,-9.4437,-0.1175
8.7840,clay,0.500,0.450,-0.2186,4.6151,-0.2766,-0.2000,-0.4949,-0.3261,-10.2215,-9.7037,-10.2319,-9.3987,-0.1131
8.7960,clay,0.500,0.450,-0.2072,4.5623,-0.2459,-0.1956,0.1117,-0.0893,-10.1428,-9.7147,-10.1226,-9.5271,-0.1069
8.8080,clay,0.500,0.450,-0.1957,4.4852,-0.2348,-0.1742,-0.0326,-0.4118,-10.0449,-9.7984,-10.1801,-9.4852,-0.1001
8.8200,clay,0.500,0.450,-0.1841,4.5279,-0.3433,-0.1698,0.2061,-0.1422,-10.0600,-9.7479,-10.1443,-9.5782,-0.0947
8.8320,clay,0.500,0.450,-0.1723,4.5028,-0.2832,-0.1656,0.1376,-0.0883,-10.0950,-9.7767,-10.1867,-9.5611,-0.0899
8.8440,clay,0.500,0.450,-0.1605,4.5946,-0.2472,-0.1599,0.5117,0.2247,-10.0531,-9.7793,-10.1744,-9.4920,-0.0834
8.8560,clay,0.500,0.450,-0.1485,4.5697,-0.2641,-0.1565,0.2702,0.0295,-10.0289,-9.8322,-10.1377,-9.5342,-0.0762
8.8680,clay,0.500,0.450,-0.1365,4.5312,-0.0841,-0.1446,0.1164,0.4637,-10.0613,-9.7299,-10.1312,-9.5815,-0.0712
8.8800,clay,0.500,0.450,-0.1243,4.5726,-0.1771,-0.1366,-0.2565,0.0748,-10.0341,-9.8076,-10.1207,-9.5295,-0.0661
8.8920,clay,0.500,0.450,-0.1121,4.5629,-0.2623,-0.1345,0.1059,0.5728,-9.9828,-9.8807,-10.0671,-9.6248,-0.0595
8.9040,clay,0.500,0.450,-0.0999,4.5966,-0.2815,-0.1229,-0.2328,-0.1130,-10.0204,-9.8332,-10.1137,-9.6154,-0.0533
8.9160,clay,0.500,0.450,-0.0875,4.5910,-0.1070,-0.1205,-0.2479,0.4396,-9.9166,-9.9022,-10.0774,-9.6635,-0.0458
8.9280,clay,0.500,0.450,-0.0751,4.6319,-0.1444,-0.1016,0.1277,0.2689,-9.9804,-9.8738,-10.0472,-9.6510,-0.0394
8.9400,clay,0.500,0.450,-0.0627,4.5537,-0.2371,-0.0952,0.1306,0.5916,-9.9416,-9.8215,-10.0413,-9.7069,-0.0340
8.9520,clay,0.500,0.450,-0.0502,4.5462,-0.1059,-0.0869,0.0660,0.7859,-9.9196,-9.8512,-10.0045,-9.6839,-0.0287
8.9640,clay,0.500,0.450,-0.0377,4.5654,-0.0931,-0.0812,-0.4293,0.2551,-9.8808,-9.9301,-10.0331,-9.6802,-0.0228
8.9760,clay,0.500,0.450,-0.0251,4.5256,-0.0711,-0.0775,-0.2060,-0.0290,-9.8888,-9.9367,-10.0298,-9.7052,-0.0166
8.9880,clay,0.500,0.450,-0.0126,4.5409,-0.0760,-0.0707,0.0400,1.2424,-9.9077,-9.9136,-9.9808,-9.7001,-0.0102
9.0000,clay,0.500,0.450,0.0000,4.5312,-0.0990,-0.0610,0.2208,0.7433,-9.8608,-9.9847,-9.9496,-9.7575,-0.0030
9.0120,clay,0.500,0.450,0.0126,4.5256,-0.1121,-0.0528,0.1431,0.8725,-9.8864,-9.8654,-9.9380,-9.7792,0.0023
9.0240,clay,0.500,0.450,0.0251,4.6199,-0.0656,-0.0466,0.3618,0.5198,-9.8690,-9.9379,-9.9639,-9.7901,0.0079
9.0360,clay,0.500,0.450,0.0377,4.6018,-0.0869,-0.0391,0.1237,0.8827,-9.7902,-10.0088,-9.9555,-9.7920,0.0139
9.0480,clay,0.500,0.450,0.0502,4.5620,-0.0802,-0.0219,0.0748,0.7528,-9.7770,-10.0765,-9.9219,-9.8387,0.0207
9.0600,clay,0.500,0.450,0.0627,4.5662,-0.0486,-0.0150,-0.0299,0.9092,-9.8082,-10.0463,-9.8705,-9.7722,0.0276
9.0720,clay,0.500,0.450,0.0751,4.4822,-0.0169,-0.0088,-0.0866,0.8897,-9.7956,-10.0785,-9.8916,-9.7855,0.0340
9.0840,clay,0.500,0.450,0.0875,4.5657,0.0281,-0.0042,-0.3598,1.1787,-9.8108,-10.0071,-9.8811,-9.8836,0.0394
9.0960,clay,0.500,0.450,0.0999,4.5414,0.1125,0.0026,0.2118,0.7861,-9.7759,-10.0063,-9.9061,-9.8529,0.0457
9.1080,clay,0.500,0.450,0.1121,4.6110,-0.0558,0.0164,0.0384,1.2368,-9.7318,-10.0799,-9.8603,-9.8784,0.0523
9.1200,clay,0.500,0.450,0.1243,4.5917,0.0037,0.0245,-0.0998,1.1465,-9.6985,-10.0342,-9.8329,-9.9476,0.0576
9.1320,clay,0.500,0.450,0.1365,4.4809,0.0566,0.0355,-0.8848,1.2828,-9.7770,-10.0077,-9.7884,-9.9397,0.0608
9.1440,clay,0.500,0.450,0.1485,4.6062,-0.0160,0.0387,0.3882,0.2417,-9.5825,-10.2049,-9.7920,-9.8955,0.0682
9.1560,clay,0.500,0.450,0.1605,4.5448,0.1067,0.0455,-0.1447,1.3099,-9.5725,-10.2494,-9.7988,-9.9703,0.0761
9.1680,clay,0.500,0.450,0.1723,4.5204,0.1416,0.0578,-0.1222,0.9783,-9.6747,-10.1746,-9.8122,-9.9452,0.0827
9.1800,clay,0.500,0.450,0.1841,4.5484,0.0896,0.0665,-0.0022,1.8845,-9.6994,-10.1474,-9.7569,-9.9171,0.0883
9.1920,clay,0.500,0.450,0.1957,4.5580,0.1007,0.0703,-0.0030,0.9678,-9.6928,-10.1756,-9.7089,-10.0458,0.0934
9.2040,clay,0.500,0.450,0.2072,4.5100,0.0444,0.0734,-0.0613,1.6172,-9.6815,-10.1492,-9.7421,-10.0429,0.0992
9.2160,clay,0.500,0.450,0.2186,4.5668,-0.0179,0.0839,0.2802,1.0795,-9.6332,-10.1681,-9.7520,-10.0063,0.1048
9.2280,clay,0.500,0.450,0.2298,4.6372,0.1795,0.0964,0.2523,0.8049,-9.6199,-10.2157,-9.7179,-10.0638,0.1105
9.2400,clay,0.500,0.450,0.2409,4.5144,0.1777,0.0999,-0.0922,1.6848,-9.6189,-10.1695,-9.6739,-10.0509,0.1164
9.2520,clay,0.500,0.450,0.2518,4.5506,0.1330,0.1118,0.0440,1.9765,-9.5926,-10.1247,-9.6718,-10.0939,0.1217
9.2640,clay,0.500,0.450,0.2626,4.5495,0.1769,0.1158,-0.3501,1.5617,-9.5371,-10.2364,-9.6754,-10.0517,0.1263
9.2760,clay,0.500,0.450,0.2732,4.5703,0.1650,0.1200,-3.2272,1.4720,-9.5681,-10.2488,-9.6785,-10.1170,0.1325
9.2880,clay,0.500,0.450,0.2836,4.5615,0.1907,0.1304,-0.1905,1.2192,-9.5824,-10.2461,-9.5958,-10.1684,0.1361
9.3000,clay,0.500,0.450,0.2939,4.5706,0.1064,0.1343,0.1873,1.3106,-9.5410,-10.3568,-9.6032,-10.0521,0.1401
9.3120,clay,0.500,0.450,0.3040,4.5444,0.2873,0.1383,-0.2377,0.8019,-9.5000,-10.3997,-9.6166,-10.1595,0.1456
9.3240,clay,0.500,0.450,0.3138,4.4904,0.2157,0.1461,0.1923,1.4082,-9.4410,-10.4046,-9.5536,-10.1906,0.1529
9.3360,clay,0.500,0.450,0.3235,4.5497,0.2585,0.1475,0.0177,1.2606,-9.5144,-10.3674,-9.5614,-10.1463,0.1592
9.3480,clay,0.500,0.450,0.3330,4.5663,0.2157,0.1665,0.0888,0.7601,-9.5269,-10.3824,-9.5490,-10.1707,0.1626
9.3600,clay,0.500,0.450,0.3423,4.4882,0.2703,0.1709,0.0346,2.3941,-9.5556,-10.3274,-9.5222,-10.2440,0.1658
9.3720,clay,0.500,0.450,0.3513,4.5688,0.3187,0.1745,-0.3005,2.5096,-9.5510,-10.3144,-9.5542,-10.1577,0.1706
9.3840,clay,0.500,0.450,0.3602,4.5428,0.2090,0.1744,-0.1421,1.4773,-9.5137,-10.3689,-9.5310,-10.1099,0.1756
9.3960,clay,0.500,0.450,0.3688,4.5281,0.2731,0.1823,-0.5725,0.4611,-9.5156,-10.4100,-9.5279,-10.1655,0.1797
9.4080,clay,0.500,0.450,0.3771,4.5831,0.2669,0.1966,0.0217,1.4039,-9.5607,-10.3658,-9.5472,-10.2052,0.1841
9.4200,clay,0.500,0.450,0.3853,4.5226,0.1837,0.2025,0.0816,1.2763,-9.5792,-10.3459,-9.4859,-10.1972,0.1881
9.4320,clay,0.500,0.450,0.3931,4.5462,0.2783,0.2075,0.0370,1.4594,-9.5754,-10.4113,-9.5118,-10.2459,0.1919
9.4440,clay,0.500,0.450,0.4008,4.5780,0.3280,0.2156,-0.0026,1.6284,-9.5307,-10.4375,-9.4881,-10.2232,0.1958
9.4560,clay,0.500,0.450,0.4082,4.4829,0.3427,0.2195,-0.2228,1.5954,-9.5237,-10.3974,-9.4111,-10.3351,0.1994
9.4680,clay,0.500,0.450,0.4153,4.5381,0.2589,0.2233,-0.3516,2.6244,-9.5166,-10.4041,-9.4261,-10.2926,0.2028
9.4800,clay,0.500,0.450,0.4222,4.5637,0.3883,0.2229,-0.0633,2.0591,-9.5125,-10.4429,-9.4637,-10.2814,0.2065
9.4920,clay,0.500,0.450,0.4288,4.5644,0.3387,0.2218,-0.0471,1.8497,-9.4534,-10.4443,-9.3772,-10.3644,0.2097
9.5040,clay,0.500,0.450,0.4351,4.4377,0.3616,0.2262,0.1575,2.1089,-9.5252,-10.4024,-9.3884,-10.3319,0.2128
9.5160,clay,0.500,0.450,0.4411,4.5545,0.4072,0.2340,0.0797,0.9015,-9.5036,-10.4303,-9.4224,-10.2825,0.2154
9.5280,clay,0.500,0.450,0.4469,4.6074,0.3442,0.2468,-0.5899,0.4459,-9.4505,-10.5350,-9.2497,-10.5023,0.2183
9.5400,clay,0.500,0.450,0.4524,4.4863,0.3506,0.2586,-0.2502,2.1051,-9.4960,-10.4768,-9.3503,-10.3874,0.2208
9.5520,clay,0.500,0.450,0.4576,4.5232,0.3704,0.2637,-0.1516,1.3530,-9.5081,-10.4980,-9.3801,-10.2646,0.2233
9.5640,clay,0.500,0.450,0.4625,4.5874,0.3130,0.2645,0.7537,0.8916,-9.5270,-10.5244,-9.4688,-10.2361,0.2255
9.5760,clay,0.500,0.450,0.4672,4.6206,0.4124,0.2651,-0.9565,2.2588,-9.5037,-10.5229,-9.4117,-10.3020,0.2281
9.5880,clay,0.500,0.450,0.4715,4.5212,0.3832,0.2721,-0.5161,2.2551,-9.5065,-10.4940,-9.2826,-10.4244,0.2304
9.6000,clay,0.500,0.450,0.4755,4.5776,0.3020,0.2700,-0.6831,2.1423,-9.4943,-10.4832,-9.2718,-10.5089,0.2322
9.6120,clay,0.500,0.450,0.4793,4.6062,0.3948,0.2712,0.1141,2.3800,-9.4885,-10.5176,-9.2589,-10.5081,0.2338
9.6240,clay,0.500,0.450,0.4827,4.5655,0.3846,0.2713,-1.1873,2.3481,-9.4867,-10.4768,-9.1535,-10.5838,0.2353
9.6360,clay,0.500,0.450,0.4858,4.5527,0.3763,0.2776,-1.1023,1.5387,-9.4382,-10.5041,-9.2764,-10.4152,0.2367
9.6480,clay,0.500,0.450,0.4886,4.5693,0.4598,0.2872,-0.0191,1.2150,-9.4627,-10.5543,-9.2816,-10.4461,0.2382
9.6600,clay,0.500,0.450,0.4911,4.5115,0.4680,0.2904,-0.1208,0.7252,-9.4630,-10.5644,-9.1798,-10.5364,0.2396
9.6720,clay,0.500,0.450,0.4933,4.6394,0.4114,0.2970,0.2893,1.8994,-9.4338,-10.5736,-9.2637,-10.3951,0.2409
9.6840,clay,0.500,0.450,0.4952,4.5318,0.4256,0.2985,-0.4629,1.1637,-9.4583,-10.5911,-9.1206,-10.5718,0.2423
9.6960,clay,0.500,0.450,0.4968,4.5240,0.4696,0.3031,-0.0197,1.6544,-9.4407,-10.6101,-9.2570,-10.5266,0.2434
9.7080,clay,0.500,0.450,0.4981,4.4971,0.4820,0.3047,-0.2910,1.3930,-9.4009,-10.6258,-9.2395,-10.4538,0.2441
9.7200,clay,0.500,0.450,0.4990,4.6063,0.5655,0.3102,-0.1702,1.3221,-9.4845,-10.5604,-9.2767,-10.3060,0.2445
9.7320,clay,0.500,0.450,0.4996,4.5141,0.4666,0.3079,-0.5440,2.2175,-9.4812,-10.5674,-9.2836,-10.2887,0.2446
9.7440,clay,0.500,0.450,0.5000,4.5198,0.5230,0.3086,0.0108,1.7044,-9.5100,-10.5777,-9.2670,-10.3793,0.2447
9.7560,clay,0.500,0.450,0.5000,4.5289,0.4823,0.3099,-0.2181,1.9975,-9.5234,-10.5513,-9.2180,-10.2910,0.2449
9.7680,clay,0.500,0.450,0.4996,4.5443,0.5371,0.3177,0.2586,1.4774,-9.4522,-10.5684,-9.2297,-10.3515,0.2450
9.7800,clay,0.500,0.450,0.4990,4.4801,0.3947,0.3165,-0.4826,1.6233,-9.4141,-10.6029,-9.2631,-10.2721,0.2449
9.7920,clay,0.500,0.450,0.4981,4.4987,0.3943,0.3184,-0.4456,1.4400,-9.4864,-10.5663,-9.1425,-10.4181,0.2444
9.8040,clay,0.500,0.450,0.4968,4.4822,0.4039,0.3142,-0.0901,1.9505,-9.4383,-10.6160,-9.2074,-10.3838,0.2439
9.8160,clay,0.500,0.450,0.4952,4.5176,0.4424,0.3133,-0.3001,1.8577,-9.4873,-10.5777,-9.2197,-10.3782,0.2436
9.8280,clay,0.500,0.450,0.4933,4.5599,0.4424,0.3114,-0.3055,1.6615,-9.4670,-10.5568,-9.1272,-10.4655,0.2427
9.8400,clay,0.500,0.450,0.4911,4.6001,0.4632,0.3124,0.0046,1.6757,-9.4715,-10.5715,-9.2826,-10.2442,0.2414
9.8520,clay,0.500,0.450,0.4886,4.4949,0.4622,0.3136,-0.4944,1.3890,-9.4739,-10.5546,-9.1778,-10.3796,0.2401
9.8640,clay,0.500,0.450,0.4858,4.4923,0.5059,0.3182,-0.3691,1.5035,-9.4725,-10.5372,-9.1950,-10.4808,0.2389
9.8760,clay,0.500,0.450,0.4827,4.5568,0.4406,0.3200,-0.0156,1.1016,-9.4300,-10.5563,-9.2347,-10.2672,0.2378
9.8880,clay,0.500,0.450,0.4793,4.5646,0.4836,0.3273,0.1849,0.6988,-9.4476,-10.5908,-9.1768,-10.3706,0.2365
9.9000,clay,0.500,0.450,0.4755,4.5177,0.5236,0.3238,-0.4191,1.6953,-9.4317,-10.5543,-9.2045,-10.4506,0.2351
9.9120,clay,0.500,0.450,0.4715,4.4760,0.5374,0.3247,-0.1454,1.0940,-9.4925,-10.5971,-9.1206,-10.4684,0.2332
9.9240,clay,0.500,0.450,0.4672,4.5537,0.4198,0.3251,-0.0078,1.4891,-9.4331,-10.5951,-9.1364,-10.4430,0.2310
9.9360,clay,0.500,0.450,0.4625,4.5840,0.4733,0.3231,-0.7005,1.8066,-9.5046,-10.5509,-9.2003,-10.4085,0.2286
9.9480,clay,0.500,0.450,0.4576,4.5209,0.5190,0.3165,-0.4595,1.4338,-9.5398,-10.5242,-9.1326,-10.4381,0.2260
9.9600,clay,0.500,0.450,0.4524,4.5242,0.4478,0.3157,-0.1744,1.1840,-9.4924,-10.5203,-9.1812,-10.4603,0.2238
9.9720,clay,0.500,0.450,0.4469,4.5034,0.4213,0.3081,-0.1948,0.9400,-9.4709,-10.5370,-9.2384,-10.3826,0.2220
9.9840,clay,0.500,0.450,0.4411,4.5714,0.5344,0.3057,-0.1176,1.5190,-9.5128,-10.4852,-9.1534,-10.4030,0.2192
9.9960,clay,0.500,0.450,0.4351,4.5472,0.4436,0.3006,-0.1315,0.5793,-9.5554,-10.4567,-9.2218,-10.4042,0.2162
10.0080,clay,0.500,0.450,0.4288,4.5257,0.3909,0.2939,-0.3640,1.1252,-9.5608,-10.4735,-9.2289,-10.3221,0.2131
10.0200,clay,0.500,0.450,0.4222,4.5312,0.4363,0.2895,0.1452,0.5925,-9.5708,-10.3931,-9.2139,-10.4021,0.2099
10.0320,clay,0.500,0.450,0.4153,4.4893,0.4273,0.2907,-0.3262,1.4430,-9.5698,-10.4133,-9.2528,-10.3912,0.2066
10.0440,clay,0.500,0.450,0.4082,4.4129,0.4552,0.2898,0.1085,0.5947,-9.5437,-10.4347,-9.2360,-10.3151,0.2032
10.0560,clay,0.500,0.450,0.4008,4.4417,0.3950,0.2866,-0.1395,1.1468,-9.5632,-10.4384,-9.2580,-10.3408,0.2000
10.0680,clay,0.500,0.450,0.3931,4.5402,0.3942,0.2823,-0.1782,1.0576,-9.5512,-10.4091,-9.2816,-10.3385,0.1968
10.0800,clay,0.500,0.450,0.3853,4.5275,0.3357,0.2792,-0.2816,0.8101,-9.6045,-10.4078,-9.2272,-10.3398,0.1925
10.0920,clay,0.500,0.450,0.3771,4.4448,0.4054,0.2767,0.1646,0.8397,-9.5855,-10.3795,-9.3021,-10.2872,0.1886
10.1040,clay,0.500,0.450,0.3688,4.6015,0.3762,0.2702,-0.0823,1.2516,-9.5899,-10.3707,-9.2995,-10.3046,0.1847
10.1160,clay,0.500,0.450,0.3602,4.5017,0.4400,0.2690,-0.2085,0.6497,-9.5763,-10.3793,-9.2486,-10.3386,0.1804
10.1280,clay,0.500,0.450,0.3513,4.4967,0.3936,0.2561,0.1229,1.2564,-9.6113,-10.3447,-9.3431,-10.2942,0.1767
10.1400,clay,0.500,0.450,0.3423,4.4526,0.4376,0.2532,-0.2155,0.9822,-9.5966,-10.3146,-9.3209,-10.2783,0.1726
10.1520,clay,0.500,0.450,0.3330,4.5078,0.4357,0.2466,0.0719,0.8151,-9.6183,-10.3099,-9.2987,-10.2747,0.1680
10.1640,clay,0.500,0.450,0.3235,4.4422,0.3641,0.2440,-0.0987,0.6990,-9.6487,-10.3214,-9.3551,-10.2872,0.1637
10.1760,clay,0.500,0.450,0.3138,4.4932,0.3969,0.2408,0.2277,0.1788,-9.6695,-10.2464,-9.3376,-10.2585,0.1589
10.1880,clay,0.500,0.450,0.3040,4.5942,0.4258,0.2328,0.1695,0.0944,-9.6360,-10.2837,-9.3517,-10.2617,0.1541
10.2000,clay,0.500,0.450,0.2939,4.4291,0.3412,0.2280,-0.2600,0.5650,-9.6576,-10.2503,-9.4133,-10.2417,0.1490
10.2120,clay,0.500,0.450,0.2836,4.4997,0.3592,0.2274,0.1037,-0.2176,-9.5988,-10.2824,-9.3542,-10.2934,0.1442
10.2240,clay,0.500,0.450,0.2732,4.5725,0.3073,0.2244,0.0783,0.3315,-9.6164,-10.2785,-9.3291,-10.2949,0.1397
10.2360,clay,0.500,0.450,0.2626,4.6228,0.3633,0.2195,0.0427,-0.3033,-9.6634,-10.2425,-9.4276,-10.2468,0.1348
10.2480,clay,0.500,0.450,0.2518,4.5582,0.2420,0.2116,0.3466,-0.0785,-9.6698,-10.2245,-9.4031,-10.2184,0.1297
10.2600,clay,0.500,0.450,0.2409,4.5470,0.3886,0.2055,0.1314,0.2875,-9.7297,-10.1927,-9.4450,-10.2369,0.1253
10.2720,clay,0.500,0.450,0.2298,4.5431,0.3233,0.2055,-0.2303,0.3087,-9.7782,-10.1750,-9.4631,-10.2043,0.1195
10.2840,clay,0.500,0.450,0.2186,4.5223,0.2853,0.2024,0.2520,0.4722,-9.7458,-10.1374,-9.4171,-10.1983,0.1122
10.2960,clay,0.500,0.450,0.2072,4.4923,0.3792,0.1964,-0.1877,0.3607,-9.7387,-10.1773,-9.4889,-10.2089,0.1067
10.3080,clay,0.500,0.450,0.1957,4.5048,0.2816,0.1831,0.1577,-0.0743,-9.7036,-10.1760,-9.4564,-10.2024,0.1020
10.3200,clay,0.500,0.450,0.1841,4.5308,0.3082,0.1789,0.0524,-0.5911,-9.7225,-10.1655,-9.5380,-10.1689,0.0967
10.3320,clay,0.500,0.450,0.1723,4.6119,0.2135,0.1726,0.0949,-0.3812,-9.7923,-10.1156,-9.5382,-10.1238,0.0916
10.3440,clay,0.500,0.450,0.1605,4.5336,0.1976,0.1663,-0.2740,-0.1658,-9.8506,-10.0616,-9.5380,-10.2012,0.0852
10.3560,clay,0.500,0.450,0.1485,4.5351,0.2475,0.1608,0.1778,0.6818,-9.8335,-10.0283,-9.5204,-10.1788,0.0777
10.3680,clay,0.500,0.450,0.1365,4.6250,0.2117,0.1452,-0.1308,0.0174,-9.8333,-10.0432,-9.5870,-10.1313,0.0714
10.3800,clay,0.500,0.450,0.1243,4.5167,0.2933,0.1334,0.0712,0.2316,-9.7949,-10.0355,-9.6043,-10.1145,0.0661
10.3920,clay,0.500,0.450,0.1121,4.5356,0.2094,0.1260,0.5055,-0.8783,-9.7305,-10.0670,-9.5916,-10.0451,0.0608
10.4040,clay,0.500,0.450,0.0999,4.6269,0.2390,0.1198,0.0056,0.2237,-9.8177,-10.0205,-9.6098,-10.1517,0.0550
10.4160,clay,0.500,0.450,0.0875,4.6001,0.2057,0.1141,0.4474,-0.9550,-9.8750,-10.0093,-9.6849,-10.0825,0.0488
10.4280,clay,0.500,0.450,0.0751,4.4862,0.1003,0.1030,-0.0969,-0.1376,-9.8818,-9.9809,-9.6517,-10.0492,0.0429
10.4400,clay,0.500,0.450,0.0627,4.5635,0.0804,0.0984,0.2009,0.0275,-9.9052,-9.9012,-9.5983,-10.0880,0.0363
10.4520,clay,0.500,0.450,0.0502,4.5388,0.1215,0.0906,-0.0466,-0.6479,-9.9405,-9.9037,-9.6976,-10.0296,0.0299
10.4640,clay,0.500,0.450,0.0377,4.5307,0.1594,0.0848,0.0491,-0.9006,-9.8521,-9.9366,-9.7089,-10.0155,0.0245
10.4760,clay,0.500,0.450,0.0251,4.5262,0.0757,0.0806,-0.2466,-0.1379,-9.9013,-9.9238,-9.6535,-10.0360,0.0178
10.4880,clay,0.500,0.450,0.0126,4.6209,0.1218,0.0703,0.4430,-0.2759,-9.9211,-9.9035,-9.7508,-9.9985,0.0112
10.5000,clay,0.500,0.450,-0.0000,4.5362,0.1174,0.0653,-0.3108,-1.5839,-9.8415,-9.9207,-9.7720,-10.0184,0.0048
10.5120,clay,0.500,0.450,-0.0126,4.6243,0.0047,0.0580,-0.0539,-0.4239,-9.8293,-9.9053,-9.7714,-9.9850,-0.0010
10.5240,clay,0.500,0.450,-0.0251,4.5759,0.0611,0.0477,-0.2048,-1.0322,-9.9376,-9.8785,-9.8128,-9.9619,-0.0066
10.5360,clay,0.500,0.450,-0.0377,4.6068,-0.0402,0.0370,0.2542,-0.5794,-10.0006,-9.8504,-9.7723,-9.9228,-0.0124
10.5480,clay,0.500,0.450,-0.0502,4.6199,0.0081,0.0216,-0.0118,-1.1984,-9.9988,-9.7924,-9.8004,-9.9144,-0.0193
10.5600,clay,0.500,0.450,-0.0627,4.5182,0.0253,0.0126,0.0151,-0.5850,-10.0957,-9.7473,-9.8463,-9.9140,-0.0264
10.5720,clay,0.500,0.450,-0.0751,4.4556,-0.0196,0.0060,-0.0985,-1.1411,-9.9994,-9.7569,-9.8499,-9.9379,-0.0325
10.5840,clay,0.500,0.450,-0.0875,4.4996,0.0142,0.0007,-0.0801,-0.1395,-9.9603,-9.7840,-9.8667,-9.9129,-0.0385
10.5960,clay,0.500,0.450,-0.0999,4.6198,0.0042,-0.0072,0.2620,-0.3647,-10.0797,-9.7833,-9.8784,-9.8386,-0.0448
10.6080,clay,0.500,0.450,-0.1121,4.5706,-0.0395,-0.0199,-0.2163,-1.0104,-10.0165,-9.8177,-9.9262,-9.8382,-0.0505
10.6200,clay,0.500,0.450,-0.1243,4.4950,0.0546,-0.0238,0.1119,-1.2811,-10.0159,-9.7804,-9.8012,-9.8518,-0.0570
10.6320,clay,0.500,0.450,-0.1365,4.6293,0.0213,-0.0256,0.2174,-0.7941,-10.0637,-9.7916,-9.9170,-9.8028,-0.0633
10.6440,clay,0.500,0.450,-0.1485,4.5373,-0.0854,-0.0306,-0.1149,-1.4296,-10.0433,-9.7680,-9.9141,-9.8621,-0.0690
10.6560,clay,0.500,0.450,-0.1605,4.5085,-0.0718,-0.0353,0.1020,-1.0078,-9.9850,-9.7449,-9.9358,-9.8657,-0.0749
10.6680,clay,0.500,0.450,-0.1723,4.5597,-0.0589,-0.0543,-0.1363,-1.7281,-10.0295,-9.7416,-9.9807,-9.8510,-0.0806
10.6800,clay,0.500,0.450,-0.1841,4.5419,-0.1293,-0.0610,-0.2515,-1.2570,-10.0649,-9.6914,-9.9825,-9.7955,-0.0863
10.6920,clay,0.500,0.450,-0.1957,4.6084,-0.0972,-0.0693,-0.3760,-1.4556,-10.0824,-9.6692,-9.9744,-9.7992,-0.0916
10.7040,clay,0.500,0.450,-0.2072,4.5510,0.0309,-0.0744,-0.0448,-1.1696,-10.1352,-9.6581,-10.0091,-9.7242,-0.0972
10.7160,clay,0.500,0.450,-0.2186,4.5465,-0.0930,-0.0834,0.1927,-1.0335,-10.2437,-9.6331,-10.0198,-9.7326,-0.1026
10.7280,clay,0.500,0.450,-0.2298,4.4453,-0.1205,-0.0952,-0.2809,-1.2768,-10.2990,-9.5781,-9.9625,-9.7169,-0.1090
10.7400,clay,0.500,0.450,-0.2409,4.5725,-0.0411,-0.0988,0.1601,-1.0012,-10.2436,-9.6279,-9.9884,-9.7436,-0.1150
10.7520,clay,0.500,0.450,-0.2518,4.5608,-0.1985,-0.1044,0.1754,-1.0137,-10.2622,-9.6304,-9.9833,-9.7350,-0.1198
10.7640,clay,0.500,0.450,-0.2626,4.5538,-0.1670,-0.1114,0.1850,-1.2379,-10.2963,-9.5966,-10.0323,-9.6636,-0.1247
10.7760,clay,0.500,0.450,-0.2732,4.5360,-0.0946,-0.1125,0.2137,-1.7377,-10.2286,-9.6253,-9.9984,-9.7208,-0.1304
10.7880,clay,0.500,0.450,-0.2836,4.5735,-0.1866,-0.1177,-0.1853,-1.8557,-10.2422,-9.6016,-10.1047,-9.6371,-0.1366
10.8000,clay,0.500,0.450,-0.2939,4.5643,-0.2078,-0.1219,-0.2893,-1.1492,-10.2961,-9.5637,-10.1333,-9.6505,-0.1413
10.8120,clay,0.500,0.450,-0.3040,4.5212,-0.1610,-0.1315,0.1754,-1.4524,-10.2468,-9.6236,-9.9974,-9.6776,-0.1451
10.8240,clay,0.500,0.450,-0.3138,4.5432,-0.2638,-0.1331,0.1811,-1.3675,-10.2464,-9.5791,-10.0872,-9.6447,-0.1505
10.8360,clay,0.500,0.450,-0.3235,4.5676,-0.1461,-0.1456,0.1744,-1.6618,-10.3621,-9.5032,-10.1370,-9.5549,-0.1559
10.8480,clay,0.500,0.450,-0.3330,4.5897,-0.2301,-0.1603,-0.4178,-1.5060,-10.3265,-9.5093,-10.0515,-9.6103,-0.1615
10.8600,clay,0.500,0.450,-0.3423,4.6010,-0.2132,-0.1665,0.1580,-1.5724,-10.3101,-9.5249,-10.1363,-9.5281,-0.1664
10.8720,clay,0.500,0.450,-0.3513,4.6233,-0.2710,-0.1733,-0.0971,-1.3553,-10.3133,-9.5095,-10.2176,-9.5289,-0.1705
10.8840,clay,0.500,0.450,-0.3602,4.5692,-0.2421,-0.1847,-0.2644,-1.7699,-10.3634,-9.5172,-10.1674,-9.5222,-0.1740
10.8960,clay,0.500,0.450,-0.3688,4.5365,-0.3592,-0.1913,0.1751,-1.5947,-10.3439,-9.5263,-10.1776,-9.5242,-0.1783
10.9080,clay,0.500,0.450,-0.3771,4.4801,-0.3038,-0.2027,-0.0753,-1.0882,-10.4018,-9.4401,-10.1370,-9.5329,-0.1831
10.9200,clay,0.500,0.450,-0.3853,4.4841,-0.2858,-0.2023,0.0546,-2.0031,-10.3687,-9.4963,-10.2691,-9.4126,-0.1876
10.9320,clay,0.500,0.450,-0.3931,4.6088,-0.1910,-0.2071,-0.2944,-1.8741,-10.3667,-9.4565,-10.2909,-9.4784,-0.1915
10.9440,clay,0.500,0.450,-0.4008,4.6440,-0.2598,-0.2079,-0.0988,-1.7307,-10.3424,-9.4681,-10.3342,-9.3501,-0.1948
10.9560,clay,0.500,0.450,-0.4082,4.5963,-0.2851,-0.2074,-0.0173,-2.0477,-10.3501,-9.5180,-10.2592,-9.4121,-0.1981
10.9680,clay,0.500,0.450,-0.4153,4.5117,-0.3207,-0.2102,-0.9801,-1.8988,-10.3361,-9.4929,-10.3714,-9.3503,-0.2015
10.9800,clay,0.500,0.450,-0.4222,4.5049,-0.3272,-0.2161,0.2641,-1.5724,-10.3885,-9.4638,-10.1368,-9.4369,-0.2052
10.9920,clay,0.500,0.450,-0.4288,4.4185,-0.3956,-0.2212,-1.0444,-1.3823,-10.3824,-9.5299,-10.2938,-9.4492,-0.2085
11.0040,clay,0.500,0.450,-0.4351,4.4908,-0.3046,-0.2289,0.0727,-0.6754,-10.4264,-9.4903,-10.3659,-9.3704,-0.2118
11.0160,clay,0.500,0.450,-0.4411,4.5085,-0.2671,-0.2381,-0.1391,-1.4043,-10.4683,-9.4864,-10.3265,-9.3821,-0.2148
11.0280,clay,0.500,0.450,-0.4469,4.5800,-0.2277,-0.2485,-0.5479,-0.9781,-10.4570,-9.4789,-10.3664,-9.3152,-0.2179
11.0400,clay,0.500,0.450,-0.4524,4.5613,-0.3516,-0.2541,0.1184,-1.5136,-10.5234,-9.4306,-10.3852,-9.3563,-0.2208
11.0520,clay,0.500,0.450,-0.4576,4.5530,-0.2761,-0.2594,0.4628,-1.0211,-10.4956,-9.5034,-10.4841,-9.2747,-0.2238
11.0640,clay,0.500,0.450,-0.4625,4.5224,-0.4003,-0.2647,-0.1784,-1.8901,-10.4726,-9.4890,-10.6266,-9.2565,-0.2261
11.0760,clay,0.500,0.450,-0.4672,4.4932,-0.3290,-0.2678,0.4888,-1.6420,-10.4774,-9.4974,-10.4858,-9.2757,-0.2278
11.0880,clay,0.500,0.450,-0.4715,4.5085,-0.2854,-0.2722,-0.8683,-2.0049,-10.4629,-9.4955,-10.5417,-9.1363,-0.2302
11.1000,clay,0.500,0.450,-0.4755,4.5775,-0.4354,-0.2757,-0.5413,-1.7940,-10.4891,-9.4636,-10.4178,-9.3500,-0.2322
11.1120,clay,0.500,0.450,-0.4793,4.5289,-0.3141,-0.2735,-0.0806,-2.0100,-10.5253,-9.4497,-10.4084,-9.3487,-0.2342
11.1240,clay,0.500,0.450,-0.4827,4.5676,-0.4376,-0.2743,-0.0802,-2.4804,-10.4657,-9.4864,-10.2317,-9.4124,-0.2362
11.1360,clay,0.500,0.450,-0.4858,4.4978,-0.3530,-0.2769,0.0512,-1.1287,-10.4977,-9.4783,-10.3617,-9.3776,-0.2376
11.1480,clay,0.500,0.450,-0.4886,4.4027,-0.3718,-0.2778,-0.5412,-1.9253,-10.4635,-9.5147,-10.3754,-9.2698,-0.2388
11.1600,clay,0.500,0.450,-0.4911,4.5857,-0.4434,-0.2823,0.0322,-1.2416,-10.4900,-9.5139,-10.4400,-9.2534,-0.2398
11.1720,clay,0.500,0.450,-0.4933,4.5374,-0.3629,-0.2824,-0.2282,-1.9133,-10.5119,-9.5181,-10.3078,-9.3237,-0.2413
11.1840,clay,0.500,0.450,-0.4952,4.5150,-0.4813,-0.2860,-0.0988,-1.3162,-10.5413,-9.5180,-10.2722,-9.3075,-0.2425
11.1960,clay,0.500,0.450,-0.4968,4.5584,-0.4149,-0.2875,-0.2420,-2.4800,-10.4945,-9.5308,-10.2801,-9.2729,-0.2432
11.2080,clay,0.500,0.450,-0.4981,4.5743,-0.4447,-0.2977,0.4170,-2.0170,-10.5123,-9.5056,-10.2307,-9.3167,-0.2438
11.2200,clay,0.500,0.450,-0.4990,4.5517,-0.4494,-0.2974,-0.3816,-2.4021,-10.5201,-9.4906,-10.3286,-9.2604,-0.2446
11.2320,clay,0.500,0.450,-0.4996,4.4727,-0.3754,-0.2982,-0.5171,-1.8433,-10.5136,-9.4845,-10.2605,-9.2551,-0.2451
11.2440,clay,0.500,0.450,-0.5000,4.4762,-0.4491,-0.3009,0.0826,-1.7038,-10.5116,-9.4952,-10.2808,-9.2822,-0.2454
11.2560,clay,0.500,0.450,-0.5000,4.5572,-0.5095,-0.3058,-0.3323,-1.7225,-10.5140,-9.5064,-10.4084,-9.2029,-0.2454
11.2680,clay,0.500,0.450,-0.4996,4.4655,-0.4683,-0.3083,-0.1808,-1.8045,-10.5338,-9.5137,-10.2752,-9.2357,-0.2453
11.2800,clay,0.500,0.450,-0.4990,4.4394,-0.4181,-0.3121,-0.4926,-1.4465,-10.4995,-9.5219,-10.2760,-9.2452,-0.2449
11.2920,clay,0.500,0.450,-0.4981,4.5610,-0.4014,-0.3122,-0.3579,-1.5765,-10.5240,-9.5052,-10.2969,-9.2063,-0.2446
11.3040,clay,0.500,0.450,-0.4968,4.5600,-0.4857,-0.3137,-0.3153,-1.7119,-10.5186,-9.4615,-10.4016,-9.1604,-0.2444
11.3160,clay,0.500,0.450,-0.4952,4.4668,-0.4972,-0.3135,-0.3730,-1.1821,-10.5190,-9.4438,-10.3274,-9.1844,-0.2440
11.3280,clay,0.500,0.450,-0.4933,4.4475,-0.4646,-0.3149,-0.4614,-1.1192,-10.5279,-9.4617,-10.3993,-9.1154,-0.2433
11.3400,clay,0.500,0.450,-0.4911,4.5404,-0.4353,-0.3174,-0.1393,-1.7376,-10.5148,-9.5067,-10.3535,-9.1684,-0.2421
11.3520,clay,0.500,0.450,-0.4886,4.4235,-0.4857,-0.3179,-0.1096,-1.3018,-10.5032,-9.4975,-10.3301,-9.1416,-0.2405
11.3640,clay,0.500,0.450,-0.4858,4.5249,-0.5073,-0.3199,0.0002,-1.5307,-10.5461,-9.4766,-10.3224,-9.2064,-0.2392
11.3760,clay,0.500,0.450,-0.4827,4.5963,-0.4289,-0.3198,-0.0292,-1.8690,-10.5398,-9.4693,-10.3313,-9.1384,-0.2381
11.3880,clay,0.500,0.450,-0.4793,4.5042,-0.4807,-0.3096,-0.4647,-1.2352,-10.5082,-9.4898,-10.4022,-9.1353,-0.2366
11.4000,clay,0.500,0.450,-0.4755,4.4674,-0.5491,-0.3164,0.0700,-1.3592,-10.4657,-9.5413,-10.2539,-9.2056,-0.2348
11.4120,clay,0.500,0.450,-0.4715,4.4183,-0.4500,-0.3102,0.2716,-1.3387,-10.4752,-9.5055,-10.3507,-9.1476,-0.2330
11.4240,clay,0.500,0.450,-0.4672,4.5257,-0.4493,-0.3075,-0.2167,-1.6569,-10.4614,-9.5427,-10.3253,-9.2042,-0.2311
11.4360,clay,0.500,0.450,-0.4625,4.4948,-0.4797,-0.3076,0.1522,-0.8287,-10.4753,-9.5112,-10.2447,-9.2230,-0.2289
11.4480,clay,0.500,0.450,-0.4576,4.3727,-0.4408,-0.3066,0.0980,-1.0984,-10.4758,-9.5312,-10.2318,-9.2438,-0.2265
11.4600,clay,0.500,0.450,-0.4524,4.5095,-0.4251,-0.3040,-0.2019,-1.3129,-10.4581,-9.4962,-10.3014,-9.2604,-0.2241
11.4720,clay,0.500,0.450,-0.4469,4.5003,-0.5148,-0.3019,-0.1014,-1.1683,-10.4755,-9.5175,-10.3888,-9.1617,-0.2216
11.4840,clay,0.500,0.450,-0.4411,4.5235,-0.4299,-0.3046,-0.3637,-0.8048,-10.4271,-9.5298,-10.3129,-9.2093,-0.2187
11.4960,clay,0.500,0.450,-0.4351,4.5450,-0.4529,-0.3035,-0.2048,-1.1212,-10.4452,-9.5408,-10.2999,-9.2236,-0.2155
11.5080,clay,0.500,0.450,-0.4288,4.4775,-0.3398,-0.2968,-0.1121,-1.1985,-10.4396,-9.5354,-10.3510,-9.1804,-0.2130
11.5200,clay,0.500,0.450,-0.4222,4.4491,-0.4638,-0.2931,0.2309,-1.1488,-10.4404,-9.5178,-10.2918,-9.2092,-0.2105
11.5320,clay,0.500,0.450,-0.4153,4.4987,-0.4633,-0.2939,0.0394,-0.9672,-10.4079,-9.5525,-10.2408,-9.2568,-0.2074
11.5440,clay,0.500,0.450,-0.4082,4.5399,-0.5173,-0.2910,0.0223,-1.2045,-10.3727,-9.6122,-10.3046,-9.1975,-0.2033
11.5560,clay,0.500,0.450,-0.4008,4.5659,-0.4232,-0.2880,-0.0061,-0.8336,-10.3864,-9.5809,-10.3422,-9.2543,-0.1999
11.5680,clay,0.500,0.450,-0.3931,4.4962,-0.4223,-0.2845,-0.1857,-1.1874,-10.4057,-9.5555,-10.2566,-9.2678,-0.1961
11.5800,clay,0.500,0.450,-0.3853,4.5132,-0.3650,-0.2789,0.2110,-1.1673,-10.3366,-9.5746,-10.3263,-9.2136,-0.1920
11.5920,clay,0.500,0.450,-0.3771,4.5985,-0.4065,-0.2721,-0.0026,-1.1478,-10.3590,-9.5619,-10.3527,-9.2888,-0.1883
11.6040,clay,0.500,0.450,-0.3688,4.5565,-0.4156,-0.2700,-0.1842,-0.9082,-10.3572,-9.5978,-10.2750,-9.3034,-0.1852
11.6160,clay,0.500,0.450,-0.3602,4.4683,-0.3990,-0.2661,0.1222,-0.7185,-10.3059,-9.6294,-10.2775,-9.2864,-0.1805
11.6280,clay,0.500,0.450,-0.3513,4.5462,-0.4818,-0.2611,0.3910,-0.4247,-10.3147,-9.6291,-10.2612,-9.3244,-0.1758
11.6400,clay,0.500,0.450,-0.3423,4.5496,-0.3768,-0.2574,0.2572,-0.2601,-10.3484,-9.5774,-10.2233,-9.3034,-0.1715
11.6520,clay,0.500,0.450,-0.3330,4.5105,-0.3745,-0.2572,0.2507,-0.1895,-10.3179,-9.5830,-10.3026,-9.2863,-0.1676
11.6640,clay,0.500,0.450,-0.3235,4.5365,-0.3726,-0.2546,-0.0812,-0.5711,-10.3218,-9.6055,-10.2104,-9.3744,-0.1633
11.6760,clay,0.500,0.450,-0.3138,4.5266,-0.3900,-0.2530,-0.1095,-0.6485,-10.2855,-9.6709,-10.3182,-9.2564,-0.1586
11.6880,clay,0.500,0.450,-0.3040,4.5370,-0.3283,-0.2424,0.1632,-0.5436,-10.2862,-9.6771,-10.2595,-9.3550,-0.1536
11.7000,clay,0.500,0.450,-0.2939,4.5124,-0.4086,-0.2397,0.2377,-0.5229,-10.2660,-9.6424,-10.2783,-9.3636,-0.1486
11.7120,clay,0.500,0.450,-0.2836,4.4657,-0.4051,-0.2333,0.1948,-0.3134,-10.2815,-9.6350,-10.2498,-9.3977,-0.1443
11.7240,clay,0.500,0.450,-0.2732,4.5433,-0.3179,-0.2279,0.0486,-0.3605,-10.2040,-9.6717,-10.2590,-9.4036,-0.1390
11.7360,clay,0.500,0.450,-0.2626,4.6042,-0.2809,-0.2210,0.4565,-0.3876,-10.1605,-9.7358,-10.2231,-9.4116,-0.1338
11.7480,clay,0.500,0.450,-0.2518,4.5495,-0.3143,-0.2054,0.5532,-0.2513,-10.1872,-9.7256,-10.1647,-9.4484,-0.1286
11.7600,clay,0.500,0.450,-0.2409,4.4950,-0.3170,-0.1983,0.1108,-0.2171,-10.1521,-9.7172,-10.1952,-9.4786,-0.1229
11.7720,clay,0.500,0.450,-0.2298,4.5571,-0.3053,-0.1990,0.2790,0.1349,-10.1146,-9.7385,-10.1726,-9.4691,-0.1172
11.7840,clay,0.500,0.450,-0.2186,4.5894,-0.3279,-0.1968,0.1918,-0.3486,-10.1097,-9.7307,-10.1952,-9.4590,-0.1113
11.7960,clay,0.500,0.450,-0.2072,4.5359,-0.3322,-0.1924,0.0287,0.2998,-10.1287,-9.7362,-10.1465,-9.4926,-0.1066
11.8080,clay,0.500,0.450,-0.1957,4.4942,-0.1592,-0.1820,-0.0715,-0.1659,-10.1916,-9.7681,-10.1230,-9.4664,-0.1021
11.8200,clay,0.500,0.450,-0.1841,4.5142,-0.2399,-0.1774,0.2190,0.2515,-10.1154,-9.8178,-10.1186,-9.4869,-0.0957
11.8320,clay,0.500,0.450,-0.1723,4.4908,-0.2316,-0.1752,-0.3517,0.4563,-10.0288,-9.8067,-10.0752,-9.5486,-0.0875
11.8440,clay,0.500,0.450,-0.1605,4.4653,-0.2444,-0.1666,0.2138,0.2201,-10.0163,-9.7726,-10.1076,-9.5286,-0.0811
11.8560,clay,0.500,0.450,-0.1485,4.5907,-0.2204,-0.1538,-0.1917,-0.2602,-10.0275,-9.7837,-10.1291,-9.5391,-0.0759
11.8680,clay,0.500,0.450,-0.1365,4.5562,-0.2827,-0.1361,0.3165,-0.1130,-9.9844,-9.8033,-10.0992,-9.6408,-0.0720
11.8800,clay,0.500,0.450,-0.1243,4.5721,-0.2732,-0.1322,0.5112,0.1494,-10.0072,-9.8102,-10.0614,-9.5903,-0.0672
11.8920,clay,0.500,0.450,-0.1121,4.5115,-0.2390,-0.1288,0.4479,0.3986,-9.9653,-9.8889,-10.1009,-9.5835,-0.0596
11.9040,clay,0.500,0.450,-0.0999,4.4578,-0.1498,-0.1271,0.5949,0.4365,-9.9036,-9.8838,-10.0737,-9.6296,-0.0515
11.9160,clay,0.500,0.450,-0.0875,4.5391,-0.1549,-0.1186,-0.1803,0.5246,-9.9647,-9.8288,-10.0449,-9.6071,-0.0456
11.9280,clay,0.500,0.450,-0.0751,4.6066,-0.1077,-0.1017,-0.0909,0.4165,-9.9698,-9.8404,-10.0213,-9.6503,-0.0409
11.9400,clay,0.500,0.450,-0.0627,4.5648,-0.1798,-0.0982,-0.0239,0.4893,-9.9020,-9.8911,-10.0731,-9.6853,-0.0357
11.9520,clay,0.500,0.450,-0.0502,4.5210,-0.1101,-0.0932,-0.0308,0.1279,-9.9208,-9.9373,-10.0058,-9.6853,-0.0294
11.9640,clay,0.500,0.450,-0.0377,4.5813,-0.1417,-0.0847,0.1839,0.3656,-9.8665,-9.9566,-9.9772,-9.6980,-0.0222
11.9760,clay,0.500,0.450,-0.0251,4.5638,-0.0544,-0.0737,-0.3847,0.4735,-9.8835,-9.9040,-9.9648,-9.7907,-0.0160
11.9880,clay,0.500,0.450,-0.0126,4.6635,-0.1992,-0.0598,0.0613,0.6735,-9.8801,-9.9211,-9.9828,-9.7200,-0.0103
12.0000,clay,0.500,0.450,0.0000,4.6253,-0.1222,-0.0559,-0.0953,0.8159,-9.8727,-9.9173,-9.9847,-9.7798,-0.0048
12.0120,clay,0.500,0.450,0.0126,4.6328,-0.0963,-0.0503,0.0209,0.6191,-9.7776,-10.0070,-9.9639,-9.7763,0.0024
12.0240,clay,0.500,0.450,0.0251,4.5233,0.0210,-0.0421,0.1998,0.3662,-9.7963,-10.0148,-9.9522,-9.7421,0.0091
12.0360,clay,0.500,0.450,0.0377,4.5800,-0.0948,-0.0353,-0.3152,0.8965,-9.8148,-10.0405,-9.9178,-9.7861,0.0151
12.0480,clay,0.500,0.450,0.0502,4.6057,-0.0387,-0.0227,0.0094,1.2512,-9.8194,-9.9918,-9.9285,-9.8179,0.0215
12.0600,clay,0.500,0.450,0.0627,4.6474,-0.0854,-0.0153,0.4461,1.2362,-9.8149,-9.9750,-9.9285,-9.8082,0.0278
12.0720,clay,0.500,0.450,0.0751,4.5681,-0.0176,-0.0117,-0.0390,0.4799,-9.7921,-10.0363,-9.8885,-9.8228,0.0342
12.0840,clay,0.500,0.450,0.0875,4.6082,-0.0568,-0.0025,0.2022,1.1111,-9.8070,-9.9716,-9.8792,-9.9009,0.0394
12.0960,clay,0.500,0.450,0.0999,4.6193,0.0216,0.0066,0.0834,1.0740,-9.7717,-9.9763,-9.8690,-9.8760,0.0445
12.1080,clay,0.500,0.450,0.1121,4.5905,-0.0705,0.0211,0.2136,1.2574,-9.7035,-10.1026,-9.8685,-9.9139,0.0501
12.1200,clay,0.500,0.450,0.1243,4.6044,-0.1074,0.0254,-0.0955,0.8380,-9.6246,-10.1849,-9.8390,-9.9122,0.0575
12.1320,clay,0.500,0.450,0.1365,4.6177,-0.0084,0.0296,-0.0722,1.7184,-9.6865,-10.1367,-9.9070,-9.8919,0.0648
12.1440,clay,0.500,0.450,0.1485,4.5681,-0.0912,0.0339,-0.1921,0.9418,-9.7043,-10.1351,-9.8659,-9.8930,0.0704
12.1560,clay,0.500,0.450,0.1605,4.6049,-0.0356,0.0400,-0.2856,1.6008,-9.7226,-10.1204,-9.7998,-9.9806,0.0759
12.1680,clay,0.500,0.450,0.1723,4.5932,0.0397,0.0557,-0.0928,1.0867,-9.7569,-10.1088,-9.7760,-9.9761,0.0816
12.1800,clay,0.500,0.450,0.1841,4.5127,0.0101,0.0638,-0.1951,1.2453,-9.7033,-10.1498,-9.7678,-9.9180,0.0878
12.1920,clay,0.500,0.450,0.1957,4.5823,0.1232,0.0689,-0.0166,0.9870,-9.6258,-10.1990,-9.7643,-10.0037,0.0946
12.2040,clay,0.500,0.450,0.2072,4.5554,0.0637,0.0761,0.3009,1.5091,-9.7385,-10.0330,-9.7705,-10.0146,0.0978
12.2160,clay,0.500,0.450,0.2186,4.5750,0.0355,0.0834,0.1994,1.1813,-9.6978,-10.0833,-9.7751,-9.9629,0.1023
12.2280,clay,0.500,0.450,0.2298,4.5516,0.1868,0.0949,-0.1789,1.5712,-9.5202,-10.2757,-9.7291,-9.9831,0.1104
12.2400,clay,0.500,0.450,0.2409,4.6037,0.1156,0.0976,-0.4160,1.1961,-9.5750,-10.2673,-9.6868,-10.0889,0.1165
12.2520,clay,0.500,0.450,0.2518,4.5327,0.1793,0.1039,-0.0433,1.0855,-9.5960,-10.2323,-9.6726,-10.1106,0.1207
12.2640,clay,0.500,0.450,0.2626,4.5883,0.2071,0.1086,-0.4067,1.2675,-9.5606,-10.3151,-9.7064,-10.0103,0.1255
12.2760,clay,0.500,0.450,0.2732,4.5181,0.2553,0.1157,-0.2809,1.3799,-9.5325,-10.2944,-9.6437,-10.1322,0.1310
12.2880,clay,0.500,0.450,0.2836,4.6378,0.1812,0.1302,-0.2864,1.2566,-9.5511,-10.2707,-9.6291,-10.1140,0.1371
12.3000,clay,0.500,0.450,0.2939,4.6150,0.1805,0.1370,-0.2501,1.2122,-9.5579,-10.3173,-9.5977,-10.1200,0.1432
12.3120,clay,0.500,0.450,0.3040,4.5629,0.2517,0.1442,-0.2736,0.8807,-9.5993,-10.3187,-9.6235,-10.1203,0.1482
12.3240,clay,0.500,0.450,0.3138,4.5830,0.1727,0.1496,-0.1202,1.6313,-9.6244,-10.3036,-9.6058,-10.1601,0.1528
12.3360,clay,0.500,0.450,0.3235,4.5550,0.2696,0.1520,0.1141,1.1918,-9.6356,-10.2844,-9.5271,-10.2012,0.1573
12.3480,clay,0.500,0.450,0.3330,4.5632,0.2271,0.1578,-0.0820,1.5624,-9.5887,-10.3502,-9.5541,-10.0621,0.1623
12.3600,clay,0.500,0.450,0.3423,4.5581,0.2578,0.1610,0.0687,1.6457,-9.5523,-10.3281,-9.5339,-10.2043,0.1670
12.3720,clay,0.500,0.450,0.3513,4.4722,0.2313,0.1710,-0.6605,1.7090,-9.5969,-10.2827,-9.4626,-10.2875,0.1712
12.3840,clay,0.500,0.450,0.3602,4.5809,0.2303,0.1776,0.3686,0.8658,-9.5533,-10.3347,-9.5283,-10.1934,0.1751
12.3960,clay,0.500,0.450,0.3688,4.4866,0.2530,0.1875,-0.0633,1.6974,-9.4894,-10.3501,-9.5497,-10.2075,0.1792
12.4080,clay,0.500,0.450,0.3771,4.6126,0.2434,0.1989,-0.1523,1.4179,-9.5219,-10.3552,-9.5226,-10.1999,0.1838
12.4200,clay,0.500,0.450,0.3853,4.5951,0.3054,0.2014,-0.0368,1.7352,-9.5061,-10.3638,-9.4561,-10.2363,0.1881
12.4320,clay,0.500,0.450,0.3931,4.5970,0.2649,0.2085,-0.1574,1.1274,-9.4775,-10.3775,-9.5044,-10.2554,0.1918
12.4440,clay,0.500,0.450,0.4008,4.5852,0.2919,0.2122,-0.2151,2.6894,-9.5279,-10.3901,-9.4501,-10.3297,0.1957
12.4560,clay,0.500,0.450,0.4082,4.5914,0.2871,0.2131,0.1214,1.2431,-9.5066,-10.3697,-9.3840,-10.3471,0.1995
12.4680,clay,0.500,0.450,0.4153,4.5359,0.3100,0.2196,0.0478,1.9753,-9.4440,-10.3731,-9.4874,-10.2713,0.2029
12.4800,clay,0.500,0.450,0.4222,4.5754,0.4262,0.2273,-0.3477,1.7060,-9.5210,-10.4229,-9.4110,-10.2894,0.2060
12.4920,clay,0.500,0.450,0.4288,4.4996,0.3655,0.2329,-0.1668,1.4567,-9.4720,-10.4329,-9.3298,-10.4128,0.2095
12.5040,clay,0.500,0.450,0.4351,4.5178,0.2992,0.2428,-0.0341,1.1743,-9.4517,-10.4342,-9.3906,-10.3651,0.2122
12.5160,clay,0.500,0.450,0.4411,4.5088,0.3257,0.2505,-0.2803,0.8939,-9.4916,-10.4565,-9.3937,-10.3998,0.2151
12.5280,clay,0.500,0.450,0.4469,4.5417,0.2548,0.2611,-0.2906,1.2228,-9.4403,-10.4931,-9.3137,-10.4167,0.2181
12.5400,clay,0.500,0.450,0.4524,4.4947,0.3278,0.2647,0.2576,2.2230,-9.4502,-10.4964,-9.3356,-10.4563,0.2210
12.5520,clay,0.500,0.450,0.4576,4.5375,0.3743,0.2639,-0.2812,2.5157,-9.4751,-10.4608,-9.2548,-10.4796,0.2237
12.5640,clay,0.500,0.450,0.4625,4.5691,0.3346,0.2605,-0.7010,2.2177,-9.4317,-10.5143,-9.3348,-10.4164,0.2263
12.5760,clay,0.500,0.450,0.4672,4.6037,0.4052,0.2585,-0.2678,2.1734,-9.4874,-10.5160,-9.2525,-10.5817,0.2284
12.5880,clay,0.500,0.450,0.4715,4.4883,0.4563,0.2615,-0.1088,2.0207,-9.5185,-10.4767,-9.2487,-10.4210,0.2303
12.6000,clay,0.500,0.450,0.4755,4.5344,0.4300,0.2717,-1.0757,0.8328,-9.4958,-10.5032,-9.1644,-10.5716,0.2319
12.6120,clay,0.500,0.450,0.4793,4.5679,0.5050,0.2822,0.0574,1.3306,-9.4742,-10.5368,-9.2322,-10.5323,0.2337
12.6240,clay,0.500,0.450,0.4827,4.5644,0.3462,0.2839,-0.9035,1.9075,-9.4846,-10.5280,-9.1540,-10.5933,0.2353
12.6360,clay,0.500,0.450,0.4858,4.6210,0.3199,0.2927,-0.7386,1.6062,-9.4435,-10.5231,-9.3130,-10.2984,0.2373
12.6480,clay,0.500,0.450,0.4886,4.5681,0.4115,0.2957,0.6932,1.0048,-9.4499,-10.5639,-9.3153,-10.2727,0.2389
12.6600,clay,0.500,0.450,0.4911,4.5318,0.3629,0.2953,-0.4855,1.7321,-9.4343,-10.5459,-9.3383,-10.4283,0.2400
12.6720,clay,0.500,0.450,0.4933,4.5332,0.4649,0.3033,-0.0605,1.9025,-9.3803,-10.5658,-9.2742,-10.3881,0.2409
12.6840,clay,0.500,0.450,0.4952,4.6379,0.4274,0.3040,0.5938,1.8219,-9.4955,-10.5448,-9.2473,-10.3482,0.2419
12.6960,clay,0.500,0.450,0.4968,4.4478,0.4924,0.3031,-0.1742,1.9163,-9.4468,-10.5760,-9.2237,-10.4164,0.2428
12.7080,clay,0.500,0.450,0.4981,4.5576,0.3893,0.3037,-0.2805,2.0010,-9.4197,-10.6273,-9.2079,-10.3828,0.2437
12.7200,clay,0.500,0.450,0.4990,4.4949,0.5023,0.3037,-0.8582,1.8775,-9.4675,-10.5973,-9.1690,-10.4204,0.2445
12.7320,clay,0.500,0.450,0.4996,4.4251,0.3884,0.3000,-0.4254,1.8639,-9.4624,-10.5623,-9.2400,-10.3848,0.2450
12.7440,clay,0.500,0.450,0.5000,4.4906,0.4990,0.3016,-0.0553,2.2466,-9.4680,-10.5793,-9.1884,-10.4228,0.2450
12.7560,clay,0.500,0.450,0.5000,4.3977,0.4907,0.3012,-0.0660,2.0265,-9.5082,-10.5286,-9.1192,-10.4455,0.2447
12.7680,clay,0.500,0.450,0.4996,4.5260,0.4871,0.3071,-0.5422,1.2236,-9.4429,-10.5363,-9.1916,-10.4848,0.2448
12.7800,clay,0.500,0.450,0.4990,4.5570,0.4544,0.3154,-0.1146,1.5637,-9.4231,-10.5648,-9.0941,-10.5438,0.2448
12.7920,clay,0.500,0.450,0.4981,4.4999,0.4119,0.3233,-0.0277,0.9082,-9.4486,-10.5382,-9.1260,-10.4611,0.2445
12.8040,clay,0.500,0.450,0.4968,4.4944,0.4700,0.3217,-0.5572,1.7383,-9.4067,-10.5777,-9.1927,-10.4300,0.2441
12.8160,clay,0.500,0.450,0.4952,4.5248,0.4066,0.3236,-0.6519,1.4478,-9.4183,-10.6075,-9.0777,-10.4817,0.2436
12.8280,clay,0.500,0.450,0.4933,4.5318,0.4611,0.3256,-0.3495,1.1586,-9.3797,-10.6133,-9.1173,-10.4627,0.2430
12.8400,clay,0.500,0.450,0.4911,4.4685,0.4615,0.3250,0.1706,1.4251,-9.4754,-10.6081,-9.2510,-10.2505,0.2417
12.8520,clay,0.500,0.450,0.4886,4.5174,0.4832,0.3256,0.1467,1.1309,-9.4959,-10.5464,-9.1464,-10.4229,0.2402
12.8640,clay,0.500,0.450,0.4858,4.4374,0.3814,0.3264,-0.1472,1.6042,-9.4541,-10.5870,-9.1340,-10.4734,0.2386
12.8760,clay,0.500,0.450,0.4827,4.4915,0.3765,0.3253,0.1836,1.0251,-9.4318,-10.5831,-9.1000,-10.4166,0.2374
12.8880,clay,0.500,0.450,0.4793,4.4178,0.5716,0.3281,0.3172,0.8129,-9.4862,-10.5671,-9.1640,-10.3227,0.2364
12.9000,clay,0.500,0.450,0.4755,4.4932,0.3637,0.3223,-0.3567,2.1175,-9.4370,-10.5897,-9.1599,-10.4353,0.2352
12.9120,clay,0.500,0.450,0.4715,4.5512,0.4676,0.3207,-0.1290,1.5037,-9.5295,-10.5511,-9.1612,-10.3888,0.2335
12.9240,clay,0.500,0.450,0.4672,4.4759,0.4806,0.3214,0.1589,1.0315,-9.4651,-10.5467,-9.2071,-10.3368,0.2308
12.9360,clay,0.500,0.450,0.4625,4.5370,0.5164,0.3157,-0.5084,1.0794,-9.5492,-10.5125,-9.1758,-10.3934,0.2280
12.9480,clay,0.500,0.450,0.4576,4.4591,0.4337,0.3096,0.0242,1.1136,-9.5277,-10.5094,-9.1432,-10.3546,0.2255
12.9600,clay,0.500,0.450,0.4524,4.5618,0.4502,0.3078,-0.1229,1.0670,-9.5044,-10.5083,-9.2282,-10.3396,0.2235
12.9720,clay,0.500,0.450,0.4469,4.4510,0.4097,0.3057,-0.1522,0.9106,-9.4722,-10.5133,-9.1839,-10.3821,0.2214
12.9840,clay,0.500,0.450,0.4411,4.6203,0.4739,0.3055,-0.3024,1.2294,-9.5546,-10.4819,-9.1808,-10.3629,0.2188
12.9960,clay,0.500,0.450,0.4351,4.4643,0.3347,0.3037,0.3683,0.6891,-9.5034,-10.4666,-9.2029,-10.3942,0.2159
13.0080,clay,0.500,0.450,0.4288,4.5259,0.4232,0.2997,0.0061,1.0659,-9.5371,-10.4738,-9.2063,-10.3112,0.2130
13.0200,clay,0.500,0.450,0.4222,4.4693,0.5213,0.2963,-0.3214,1.0260,-9.5671,-10.4356,-9.2201,-10.3728,0.2096
13.0320,clay,0.500,0.450,0.4153,4.5316,0.4453,0.2940,-0.4565,1.0589,-9.5760,-10.4106,-9.2765,-10.2532,0.2060
13.0440,clay,0.500,0.450,0.4082,4.4306,0.4724,0.2929,0.3373,1.1666,-9.5218,-10.4191,-9.1919,-10.3564,0.2027
13.0560,clay,0.500,0.450,0.4008,4.5895,0.4599,0.2894,0.0705,1.3437,-9.5413,-10.4440,-9.2413,-10.3547,0.1997
13.0680,clay,0.500,0.450,0.3931,4.6262,0.3865,0.2837,-0.0902,0.7762,-9.5398,-10.4115,-9.2289,-10.3224,0.1963
13.0800,clay,0.500,0.450,0.3853,4.5184,0.3417,0.2834,-0.1102,0.9640,-9.5579,-10.4226,-9.2309,-10.3490,0.1932
13.0920,clay,0.500,0.450,0.3771,4.5801,0.3889,0.2776,-0.1113,0.5478,-9.6026,-10.3727,-9.2679,-10.3011,0.1889
13.1040,clay,0.500,0.450,0.3688,4.4927,0.3485,0.2748,0.1169,1.1650,-9.6244,-10.3330,-9.2837,-10.3305,0.1842
13.1160,clay,0.500,0.450,0.3602,4.5126,0.3049,0.2733,0.2143,0.5917,-9.5689,-10.3400,-9.3136,-10.3190,0.1797
13.1280,clay,0.500,0.450,0.3513,4.5101,0.5172,0.2647,-0.1546,0.7219,-9.5854,-10.3480,-9.3197,-10.3091,0.1756
13.1400,clay,0.500,0.450,0.3423,4.5644,0.2722,0.2577,-0.0172,0.4402,-9.5524,-10.3111,-9.3230,-10.3169,0.1716
13.1520,clay,0.500,0.450,0.3330,4.5101,0.4134,0.2519,0.0242,1.0029,-9.5676,-10.3353,-9.3557,-10.3263,0.1677
13.1640,clay,0.500,0.450,0.3235,4.5008,0.3562,0.2463,-0.0070,0.1636,-9.6176,-10.3243,-9.3557,-10.2994,0.1638
13.1760,clay,0.500,0.450,0.3138,4.5507,0.4308,0.2452,0.0334,0.4390,-9.6821,-10.2368,-9.3410,-10.2485,0.1587
13.1880,clay,0.500,0.450,0.3040,4.4287,0.4028,0.2352,0.1730,0.6681,-9.6867,-10.2393,-9.3841,-10.2806,0.1531
13.2000,clay,0.500,0.450,0.2939,4.4867,0.2846,0.2283,-0.3121,0.4601,-9.6275,-10.2751,-9.4009,-10.2799,0.1487
13.2120,clay,0.500,0.450,0.2836,4.5315,0.3922,0.2211,0.0263,0.1653,-9.6302,-10.2737,-9.3372,-10.2642,0.1439
13.2240,clay,0.500,0.450,0.2732,4.4947,0.3406,0.2155,0.1193,0.8114,-9.6796,-10.1999,-9.4437,-10.2123,0.1392
13.2360,clay,0.500,0.450,0.2626,4.4822,0.3872,0.2093,0.2897,0.3430,-9.6533,-10.2286,-9.4301,-10.2152,0.1344
13.2480,clay,0.500,0.450,0.2518,4.5185,0.2732,0.2017,0.0715,0.0009,-9.7279,-10.1732,-9.3643,-10.2283,0.1291
13.2600,clay,0.500,0.450,0.2409,4.5319,0.3335,0.2008,0.1470,0.2940,-9.7831,-10.1265,-9.4436,-10.2053,0.1235
13.2720,clay,0.500,0.450,0.2298,4.5117,0.3045,0.1983,-0.0205,-0.0468,-9.7204,-10.1643,-9.4750,-10.1729,0.1181
13.2840,clay,0.500,0.450,0.2186,4.6322,0.3637,0.1953,0.2996,0.4994,-9.6858,-10.1573,-9.4004,-10.2114,0.1125
13.2960,clay,0.500,0.450,0.2072,4.4882,0.3649,0.1914,0.2793,-0.3619,-9.7309,-10.1514,-9.5011,-10.1531,0.1074
13.3080,clay,0.500,0.450,0.1957,4.4982,0.2393,0.1805,0.0670,0.1584,-9.6844,-10.1743,-9.4869,-10.1783,0.1023
13.3200,clay,0.500,0.450,0.1841,4.5752,0.2504,0.1757,0.0222,-0.4663,-9.7685,-10.1279,-9.4241,-10.2153,0.0956
13.3320,clay,0.500,0.450,0.1723,4.5513,0.3298,0.1705,-0.1336,-0.2531,-9.8248,-10.1026,-9.5470,-10.1172,0.0899
13.3440,clay,0.500,0.450,0.1605,4.5879,0.2199,0.1663,-0.0484,0.2114,-9.7985,-10.0862,-9.4996,-10.1572,0.0849
13.3560,clay,0.500,0.450,0.1485,4.4883,0.2594,0.1604,-0.2312,-0.3073,-9.7368,-10.1649,-9.4685,-10.1470,0.0800
13.3680,clay,0.500,0.450,0.1365,4.5097,0.2474,0.1488,0.1216,-0.0353,-9.8559,-10.0517,-9.5429,-10.1650,0.0727
13.3800,clay,0.500,0.450,0.1243,4.5430,0.1372,0.1408,0.6784,-0.0438,-9.7837,-10.0828,-9.6396,-10.1783,0.0667
13.3920,clay,0.500,0.450,0.1121,4.5611,0.2443,0.1327,0.0793,-1.0798,-9.7006,-10.1100,-9.5706,-10.1870,0.0617
13.4040,clay,0.500,0.450,0.0999,4.5823,0.1429,0.1284,0.2766,0.2197,-9.8979,-9.9335,-9.6553,-10.1190,0.0537
13.4160,clay,0.500,0.450,0.0875,4.5963,0.1895,0.1170,0.4019,-0.8051,-9.8290,-10.0000,-9.6102,-10.0347,0.0486
13.4280,clay,0.500,0.450,0.0751,4.5342,0.2168,0.0980,0.2065,-0.7452,-9.8441,-9.9918,-9.6354,-10.0626,0.0433
13.4400,clay,0.500,0.450,0.0627,4.5595,0.1569,0.0973,-0.0806,-0.2759,-9.9543,-9.9264,-9.7188,-10.0140,0.0368
13.4520,clay,0.500,0.450,0.0502,4.5938,0.0612,0.0920,-0.4117,-0.1820,-9.8957,-9.9023,-9.7351,-10.0387,0.0304
13.4640,clay,0.500,0.450,0.0377,4.7161,0.1285,0.0836,0.1548,-0.0767,-9.8707,-9.8974,-9.6203,-10.0591,0.0244
13.4760,clay,0.500,0.450,0.0251,4.5358,0.1878,0.0786,-0.2199,0.2258,-9.9516,-9.8663,-9.7304,-10.0055,0.0174
13.4880,clay,0.500,0.450,0.0126,4.5599,0.1225,0.0647,-0.2541,-0.4451,-9.8598,-9.9683,-9.7443,-10.0251,0.0116
13.5000,clay,0.500,0.450,-0.0000,4.5619,0.1382,0.0604,0.1939,-1.0415,-9.8160,-9.9531,-9.6790,-10.0240,0.0064
13.5120,clay,0.500,0.450,-0.0126,4.5508,0.1845,0.0543,-0.2869,-0.7374,-10.0006,-9.8457,-9.7060,-9.9925,-0.0015
13.5240,clay,0.500,0.450,-0.0251,4.4702,0.1370,0.0510,-0.0522,-0.6968,-10.0274,-9.8467,-9.8166,-9.9677,-0.0083
13.5360,clay,0.500,0.450,-0.0377,4.5956,0.0570,0.0453,0.3646,-0.0510,-9.9438,-9.9007,-9.7094,-9.9808,-0.0140
13.5480,clay,0.500,0.450,-0.0502,4.5476,0.0126,0.0241,-0.0350,-0.6059,-10.0099,-9.8094,-9.8358,-9.9340,-0.0189
13.5600,clay,0.500,0.450,-0.0627,4.5303,0.0293,0.0150,-0.0426,-0.6404,-10.0023,-9.8242,-9.8288,-9.9273,-0.0243
13.5720,clay,0.500,0.450,-0.0751,4.5770,-0.0107,0.0099,0.1208,-0.8798,-9.9800,-9.8038,-9.8275,-9.9003,-0.0312
13.5840,clay,0.500,0.450,-0.0875,4.5598,0.0268,0.0065,-0.0361,-0.3711,-9.9954,-9.8029,-9.8820,-9.9025,-0.0377
13.5960,clay,0.500,0.450,-0.0999,4.5191,-0.0018,-0.0036,-0.2157,-1.0601,-10.0400,-9.8063,-9.8738,-9.8837,-0.0439
13.6080,clay,0.500,0.450,-0.1121,4.5901,0.0751,-0.0177,-0.2311,-0.9222,-10.0082,-9.7966,-9.8516,-9.8855,-0.0506
13.6200,clay,0.500,0.450,-0.1243,4.5685,0.0289,-0.0227,-0.1160,-0.8481,-10.0176,-9.7845,-9.8913,-9.8632,-0.0573
13.6320,clay,0.500,0.450,-0.1365,4.5691,-0.0938,-0.0267,-0.3291,-1.0437,-10.0497,-9.7746,-9.9797,-9.7863,-0.0635
13.6440,clay,0.500,0.450,-0.1485,4.5655,0.0168,-0.0331,0.0827,-1.7459,-10.0305,-9.7447,-9.9391,-9.8315,-0.0691
13.6560,clay,0.500,0.450,-0.1605,4.5224,-0.0606,-0.0408,-0.0399,-1.4944,-10.0209,-9.7181,-9.8251,-9.8938,-0.0747
13.6680,clay,0.500,0.450,-0.1723,4.4976,-0.0480,-0.0523,-0.1991,-1.1070,-10.0752,-9.7084,-10.0265,-9.7919,-0.0796
13.6800,clay,0.500,0.450,-0.1841,4.5225,-0.1263,-0.0568,-0.4202,-0.9272,-10.1439,-9.6809,-10.0430,-9.7616,-0.0842
13.6920,clay,0.500,0.450,-0.1957,4.4481,-0.1146,-0.0630,0.0648,-0.7882,-10.2074,-9.6337,-9.8965,-9.8480,-0.0910
13.7040,clay,0.500,0.450,-0.2072,4.5986,-0.0215,-0.0707,-0.1018,-0.9456,-10.2550,-9.6570,-10.0399,-9.7022,-0.0974
13.7160,clay,0.500,0.450,-0.2186,4.5391,-0.1086,-0.0774,0.6250,-1.2964,-10.2425,-9.6373,-9.9448,-9.7742,-0.1034
13.7280,clay,0.500,0.450,-0.2298,4.4959,-0.0937,-0.0922,-0.0153,-1.4568,-10.1962,-9.6200,-9.9469,-9.7122,-0.1092
13.7400,clay,0.500,0.450,-0.2409,4.5391,-0.1071,-0.0947,0.1102,-0.8953,-10.2236,-9.6460,-10.0758,-9.7001,-0.1142
13.7520,clay,0.500,0.450,-0.2518,4.5590,-0.0581,-0.1051,-0.1148,-0.7656,-10.2747,-9.5710,-10.0364,-9.7172,-0.1198
13.7640,clay,0.500,0.450,-0.2626,4.5711,-0.0891,-0.1097,0.1666,-1.4315,-10.2182,-9.5615,-9.9949,-9.6964,-0.1253
13.7760,clay,0.500,0.450,-0.2732,4.5113,-0.1121,-0.1100,-0.2282,-1.1321,-10.2028,-9.6162,-9.9750,-9.6981,-0.1317
13.7880,clay,0.500,0.450,-0.2836,4.4888,-0.0912,-0.1156,-0.0633,-1.7896,-10.2165,-9.6173,-10.1191,-9.6712,-0.1373
13.8000,clay,0.500,0.450,-0.2939,4.5630,-0.1916,-0.1212,-0.7310,-1.1379,-10.2139,-9.6363,-10.1903,-9.6586,-0.1428
13.8120,clay,0.500,0.450,-0.3040,4.5471,-0.2272,-0.1290,0.1866,-1.6061,-10.1618,-9.6148,-10.0872,-9.6244,-0.1468
13.8240,clay,0.500,0.450,-0.3138,4.5176,-0.1132,-0.1320,-0.3121,-1.9100,-10.1991,-9.6288,-10.1314,-9.6284,-0.1514
13.8360,clay,0.500,0.450,-0.3235,4.5310,-0.1663,-0.1394,0.0527,-1.0172,-10.2652,-9.6112,-10.1822,-9.5295,-0.1560
13.8480,clay,0.500,0.450,-0.3330,4.5593,-0.2604,-0.1577,-0.4553,-1.1145,-10.2500,-9.5800,-10.1786,-9.4891,-0.1603
13.8600,clay,0.500,0.450,-0.3423,4.5030,-0.2041,-0.1653,0.0731,-1.5670,-10.2707,-9.5683,-10.1600,-9.4828,-0.1658
13.8720,clay,0.500,0.450,-0.3513,4.5399,-0.2840,-0.1694,-0.1269,-1.2972,-10.3027,-9.6025,-10.1454,-9.5578,-0.1707
13.8840,clay,0.500,0.450,-0.3602,4.5878,-0.2757,-0.1771,-0.1440,-1.1413,-10.3337,-9.5700,-10.1910,-9.5577,-0.1751
13.8960,clay,0.500,0.450,-0.3688,4.4695,-0.2651,-0.1854,0.2484,-1.4813,-10.2843,-9.5869,-10.1565,-9.5180,-0.1794
13.9080,clay,0.500,0.450,-0.3771,4.4694,-0.2250,-0.1917,-0.1944,-2.3460,-10.2648,-9.6368,-10.2302,-9.4929,-0.1830
13.9200,clay,0.500,0.450,-0.3853,4.4996,-0.2238,-0.1926,-0.5528,-1.6092,-10.3677,-9.5691,-10.0986,-9.5169,-0.1872
13.9320,clay,0.500,0.450,-0.3931,4.4491,-0.2947,-0.1981,-0.2846,-2.3927,-10.3216,-9.6020,-10.2283,-9.4680,-0.1913
13.9440,clay,0.500,0.450,-0.4008,4.6247,-0.2476,-0.1977,0.5676,-1.5022,-10.3276,-9.6111,-10.1763,-9.4677,-0.1954
13.9560,clay,0.500,0.450,-0.4082,4.5381,-0.4612,-0.1977,-0.2887,-2.1004,-10.3223,-9.5902,-10.2403,-9.3966,-0.1987
13.9680,clay,0.500,0.450,-0.4153,4.5355,-0.3359,-0.2047,-0.5861,-2.4075,-10.3467,-9.5476,-10.2518,-9.4234,-0.2019
13.9800,clay,0.500,0.450,-0.4222,4.5603,-0.2592,-0.2113,0.1990,-2.1365,-10.3371,-9.5418,-10.1440,-9.4316,-0.2060
13.9920,clay,0.500,0.450,-0.4288,4.5452,-0.3389,-0.2180,0.5221,-1.9200,-10.3335,-9.5011,-10.3991,-9.3675,-0.2091
14.0040,clay,0.500,0.450,-0.4351,4.4854,-0.3342,-0.2284,0.2473,-1.6612,-10.3638,-9.4455,-10.3075,-9.3951,-0.2115
14.0160,clay,0.500,0.450,-0.4411,4.5446,-0.4297,-0.2385,0.1454,-0.9013,-10.4069,-9.4542,-10.3523,-9.3508,-0.2145
14.0280,clay,0.500,0.450,-0.4469,4.5326,-0.3480,-0.2520,-0.8335,-1.8546,-10.4358,-9.4419,-10.4263,-9.2548,-0.2178
14.0400,clay,0.500,0.450,-0.4524,4.3998,-0.3748,-0.2553,-0.0069,-1.4411,-10.4518,-9.4204,-10.3725,-9.3577,-0.2207
14.0520,clay,0.500,0.450,-0.4576,4.4703,-0.3550,-0.2626,0.2109,-0.7181,-10.4921,-9.4589,-10.5071,-9.2167,-0.2232
14.0640,clay,0.500,0.450,-0.4625,4.5243,-0.4441,-0.2630,-0.7964,-1.1849,-10.4543,-9.4800,-10.5084,-9.2087,-0.2254
14.0760,clay,0.500,0.450,-0.4672,4.5508,-0.3373,-0.2694,0.2621,-1.3222,-10.5040,-9.4610,-10.4316,-9.2931,-0.2279
14.0880,clay,0.500,0.450,-0.4715,4.4368,-0.2793,-0.2752,-0.6198,-1.5883,-10.5325,-9.4538,-10.4640,-9.2626,-0.2306
14.1000,clay,0.500,0.450,-0.4755,4.5946,-0.3422,-0.2765,-0.1525,-1.7237,-10.5075,-9.4564,-10.3864,-9.3658,-0.2328
14.1120,clay,0.500,0.450,-0.4793,4.5536,-0.4363,-0.2762,-1.0911,-1.2046,-10.5277,-9.5110,-10.3706,-9.3197,-0.2342
14.1240,clay,0.500,0.450,-0.4827,4.4821,-0.4359,-0.2740,-0.1475,-2.0398,-10.4301,-9.5222,-10.4358,-9.2599,-0.2357
14.1360,clay,0.500,0.450,-0.4858,4.6170,-0.4309,-0.2772,-0.8287,-2.0174,-10.4822,-9.4673,-10.3156,-9.3373,-0.2373
14.1480,clay,0.500,0.450,-0.4886,4.5062,-0.3586,-0.2809,0.0803,-1.6668,-10.4806,-9.4784,-10.2274,-9.3392,-0.2390
14.1600,clay,0.500,0.450,-0.4911,4.3671,-0.4173,-0.2824,-0.1848,-1.7016,-10.4947,-9.4999,-10.2820,-9.2831,-0.2405
14.1720,clay,0.500,0.450,-0.4933,4.4603,-0.5304,-0.2851,-0.0956,-1.6419,-10.4942,-9.4698,-10.3616,-9.2784,-0.2416
14.1840,clay,0.500,0.450,-0.4952,4.5224,-0.4248,-0.2894,-0.6881,-1.3030,-10.5056,-9.4929,-10.3874,-9.2265,-0.2424
14.1960,clay,0.500,0.450,-0.4968,4.5759,-0.4853,-0.2935,-0.1680,-1.7648,-10.4915,-9.4955,-10.4908,-9.1050,-0.2436
14.2080,clay,0.500,0.450,-0.4981,4.6138,-0.4044,-0.2952,-0.3954,-2.0920,-10.4890,-9.5084,-10.4020,-9.2732,-0.2445
14.2200,clay,0.500,0.450,-0.4990,4.4496,-0.3874,-0.2905,0.2557,-2.7729,-10.4939,-9.5197,-10.2032,-9.2814,-0.2448
14.2320,clay,0.500,0.450,-0.4996,4.4957,-0.4039,-0.2927,-0.5139,-0.7864,-10.4452,-9.5404,-10.2048,-9.2879,-0.2447
14.2440,clay,0.500,0.450,-0.5000,4.3875,-0.3772,-0.2954,-0.0544,-2.4833,-10.4821,-9.5071,-10.2942,-9.3020,-0.2448
14.2560,clay,0.500,0.450,-0.5000,4.4216,-0.3640,-0.2959,0.0200,-1.1869,-10.4817,-9.4819,-10.3202,-9.2315,-0.2452
14.2680,clay,0.500,0.450,-0.4996,4.4377,-0.3429,-0.3011,-0.1361,-1.2530,-10.5082,-9.4462,-10.3111,-9.2464,-0.2455
14.2800,clay,0.500,0.450,-0.4990,4.5245,-0.5288,-0.3039,0.2098,-1.2496,-10.4777,-9.4856,-10.3078,-9.1849,-0.2455
14.2920,clay,0.500,0.450,-0.4981,4.4227,-0.4623,-0.3091,0.0124,-1.4729,-10.5349,-9.4433,-10.3854,-9.2127,-0.2451
14.3040,clay,0.500,0.450,-0.4968,4.5205,-0.4282,-0.3131,-0.3833,-0.9013,-10.5197,-9.4497,-10.2976,-9.2513,-0.2445
14.3160,clay,0.500,0.450,-0.4952,4.5050,-0.5658,-0.3105,-0.3855,-1.5622,-10.4828,-9.5219,-10.4145,-9.1401,-0.2439
14.3280,clay,0.500,0.450,-0.4933,4.5499,-0.4786,-0.3195,0.6765,-1.5162,-10.5252,-9.4807,-10.1992,-9.2215,-0.2427
14.3400,clay,0.500,0.450,-0.4911,4.4575,-0.4402,-0.3212,-0.5463,-2.0155,-10.5483,-9.4318,-10.3403,-9.2085,-0.2419
14.3520,clay,0.500,0.450,-0.4886,4.4609,-0.4979,-0.3204,-0.2902,-1.3878,-10.5529,-9.4581,-10.3797,-9.1705,-0.2412
14.3640,clay,0.500,0.450,-0.4858,4.4825,-0.4792,-0.3147,-0.6153,-2.2544,-10.5431,-9.4689,-10.3472,-9.2025,-0.2403
14.3760,clay,0.500,0.450,-0.4827,4.5067,-0.5672,-0.3173,0.0760,-1.0727,-10.4963,-9.4852,-10.4289,-9.1546,-0.2386
14.3880,clay,0.500,0.450,-0.4793,4.5033,-0.4260,-0.3139,-0.0984,-1.7277,-10.4771,-9.5455,-10.3213,-9.1502,-0.2366
14.4000,clay,0.500,0.450,-0.4755,4.5693,-0.5129,-0.3118,-0.3817,-1.1909,-10.5427,-9.4939,-10.4049,-9.2111,-0.2348
14.4120,clay,0.500,0.450,-0.4715,4.5503,-0.5131,-0.3143,0.0077,-1.1994,-10.5509,-9.4659,-10.2927,-9.2283,-0.2337
14.4240,clay,0.500,0.450,-0.4672,4.5068,-0.4697,-0.3169,0.1712,-1.0332,-10.5331,-9.5009,-10.3047,-9.2114,-0.2319
14.4360,clay,0.500,0.450,-0.4625,4.4716,-0.4595,-0.3188,-0.0560,-0.9331,-10.5479,-9.5203,-10.2844,-9.2263,-0.2296
14.4480,clay,0.500,0.450,-0.4576,4.5780,-0.4330,-0.3164,-0.0278,-0.9855,-10.5292,-9.5414,-10.3391,-9.1866,-0.2269
14.4600,clay,0.500,0.450,-0.4524,4.5150,-0.4090,-0.3168,-0.1496,-1.5313,-10.4911,-9.5475,-10.3654,-9.1912,-0.2243
14.4720,clay,0.500,0.450,-0.4469,4.5143,-0.4523,-0.3142,0.1180,-0.9504,-10.5512,-9.4900,-10.3229,-9.1711,-0.2219
14.4840,clay,0.500,0.450,-0.4411,4.5303,-0.3740,-0.3089,-0.0681,-1.5850,-10.4970,-9.5331,-10.3529,-9.2159,-0.2196
14.4960,clay,0.500,0.450,-0.4351,4.4752,-0.3170,-0.3066,0.1859,-0.9026,-10.5123,-9.5444,-10.3658,-9.2045,-0.2170
14.5080,clay,0.500,0.450,-0.4288,4.4870,-0.4210,-0.2989,-0.1860,-1.3048,-10.4841,-9.5819,-10.3217,-9.1956,-0.2137
14.5200,clay,0.500,0.450,-0.4222,4.5939,-0.4113,-0.2944,0.2979,-1.1047,-10.4452,-9.5753,-10.3244,-9.2460,-0.2104
14.5320,clay,0.500,0.450,-0.4153,4.5186,-0.4302,-0.2922,-0.2039,-0.9699,-10.4672,-9.5715,-10.3161,-9.2570,-0.2070
14.5440,clay,0.500,0.450,-0.4082,4.5286,-0.4635,-0.2883,0.0084,-1.0417,-10.4726,-9.5693,-10.4102,-9.1688,-0.2036
14.5560,clay,0.500,0.450,-0.4008,4.4984,-0.3827,-0.2875,-0.1923,-0.9390,-10.4198,-9.5602,-10.3286,-9.3044,-0.2001
14.5680,clay,0.500,0.450,-0.3931,4.5325,-0.4408,-0.2838,-0.2312,-0.6742,-10.4089,-9.6126,-10.3543,-9.2430,-0.1969
14.5800,clay,0.500,0.450,-0.3853,4.4834,-0.3693,-0.2800,0.0574,-1.2865,-10.3616,-9.6077,-10.3234,-9.2324,-0.1929
14.5920,clay,0.500,0.450,-0.3771,4.4459,-0.3918,-0.2743,-0.3490,-0.8249,-10.3618,-9.6216,-10.3205,-9.3117,-0.1885
14.6040,clay,0.500,0.450,-0.3688,4.4709,-0.4262,-0.2708,0.0427,-0.9569,-10.3629,-9.5879,-10.2599,-9.2876,-0.1843
14.6160,clay,0.500,0.450,-0.3602,4.5345,-0.4183,-0.2662,0.0336,-0.7856,-10.3012,-9.6240,-10.4112,-9.2536,-0.1806
14.6280,clay,0.500,0.450,-0.3513,4.5279,-0.3417,-0.2551,-0.2240,-0.8651,-10.3213,-9.6105,-10.3324,-9.3312,-0.1766
14.6400,clay,0.500,0.450,-0.3423,4.4916,-0.4289,-0.2499,-0.0381,-0.7695,-10.2783,-9.6681,-10.2531,-9.3165,-0.1720
14.6520,clay,0.500,0.450,-0.3330,4.4979,-0.4640,-0.2481,0.4766,-0.6713,-10.2622,-9.6779,-10.2855,-9.2963,-0.1673
14.6640,clay,0.500,0.450,-0.3235,4.4984,-0.3444,-0.2470,0.0620,-0.5062,-10.3027,-9.6150,-10.2497,-9.3560,-0.1628
14.6760,clay,0.500,0.450,-0.3138,4.5639,-0.4018,-0.2429,0.2405,-0.2791,-10.2759,-9.6269,-10.2151,-9.3260,-0.1585
14.6880,clay,0.500,0.450,-0.3040,4.4574,-0.3787,-0.2388,0.1996,-0.4604,-10.2882,-9.6369,-10.1879,-9.4344,-0.1541
14.7000,clay,0.500,0.450,-0.2939,4.4614,-0.3442,-0.2369,-0.1649,-0.4028,-10.1956,-9.7069,-10.2171,-9.3724,-0.1480
14.7120,clay,0.500,0.450,-0.2836,4.4369,-0.3311,-0.2329,0.0237,-0.3060,-10.2305,-9.6917,-10.2809,-9.3257,-0.1427
14.7240,clay,0.500,0.450,-0.2732,4.5943,-0.3800,-0.2297,0.2692,-0.3324,-10.2532,-9.6678,-10.2065,-9.4036,-0.1382
14.7360,clay,0.500,0.450,-0.2626,4.5019,-0.2808,-0.2251,-0.0865,-0.1708,-10.2306,-9.6410,-10.2230,-9.3751,-0.1329
14.7480,clay,0.500,0.450,-0.2518,4.5410,-0.3637,-0.2149,-0.0216,-0.3411,-10.1869,-9.6788,-10.2770,-9.3998,-0.1271
14.7600,clay,0.500,0.450,-0.2409,4.5271,-0.2699,-0.2074,-0.1461,-0.7758,-10.1506,-9.7156,-10.1879,-9.4577,-0.1221
14.7720,clay,0.500,0.450,-0.2298,4.5971,-0.2573,-0.2002,-0.0508,-0.6937,-10.1435,-9.7240,-10.1596,-9.4899,-0.1172
14.7840,clay,0.500,0.450,-0.2186,4.4808,-0.3334,-0.1947,0.0896,-0.8664,-10.1598,-9.7487,-10.1520,-9.4918,-0.1118
14.7960,clay,0.500,0.450,-0.2072,4.5356,-0.2799,-0.1905,-0.2316,0.1888,-10.0950,-9.7406,-10.1667,-9.5387,-0.1062
14.8080,clay,0.500,0.450,-0.1957,4.5294,-0.2020,-0.1783,0.0850,0.0323,-10.0811,-9.7925,-10.1405,-9.5085,-0.0995
14.8200,clay,0.500,0.450,-0.1841,4.5865,-0.3024,-0.1720,0.2300,0.2413,-10.1233,-9.7383,-10.1584,-9.5395,-0.0940
14.8320,clay,0.500,0.450,-0.1723,4.5364,-0.3160,-0.1679,0.1873,0.0580,-10.0940,-9.7898,-10.1136,-9.5506,-0.0887
14.8440,clay,0.500,0.450,-0.1605,4.5114,-0.2731,-0.1610,0.2773,0.1554,-10.1058,-9.7990,-10.1441,-9.4782,-0.0831
14.8560,clay,0.500,0.450,-0.1485,4.5433,-0.2406,-0.1560,-0.0124,-0.0184,-10.0573,-9.8508,-10.0939,-9.5293,-0.0773
14.8680,clay,0.500,0.450,-0.1365,4.5530,-0.1835,-0.1435,-0.3865,0.4254,-10.0806,-9.7882,-10.1686,-9.5741,-0.0718
14.8800,clay,0.500,0.450,-0.1243,4.5531,-0.2156,-0.1357,0.2406,0.0206,-10.0536,-9.8013,-10.0541,-9.6045,-0.0664
14.8920,clay,0.500,0.450,-0.1121,4.6085,-0.1128,-0.1318,0.2239,0.2707,-9.9591,-9.8394,-10.0671,-9.6459,-0.0595
14.9040,clay,0.500,0.450,-0.0999,4.5654,-0.2049,-0.1201,0.1403,0.0203,-9.9274,-9.8772,-10.1253,-9.6553,-0.0527
14.9160,clay,0.500,0.450,-0.0875,4.4763,-0.1010,-0.1157,0.2098,0.2201,-10.0005,-9.8720,-10.0538,-9.6517,-0.0471
14.9280,clay,0.500,0.450,-0.0751,4.6352,-0.1541,-0.1030,0.1739,0.6555,-9.9726,-9.8806,-10.0594,-9.6767,-0.0418
14.9400,clay,0.500,0.450,-0.0627,4.5044,-0.2245,-0.0994,0.4434,0.9742,-9.9523,-9.8744,-10.0706,-9.6698,-0.0351
14.9520,clay,0.500,0.450,-0.0502,4.6054,-0.1614,-0.0905,0.3382,0.8097,-9.9389,-9.9087,-10.0488,-9.6308,-0.0284
14.9640,clay,0.500,0.450,-0.0377,4.6140,-0.1352,-0.0848,0.0670,0.2888,-9.9142,-9.9044,-10.0461,-9.6961,-0.0221
14.9760,clay,0.500,0.450,-0.0251,4.5310,-0.1716,-0.0794,-0.1356,0.7669,-9.9031,-9.9178,-10.0307,-9.7436,-0.0162
14.9880,clay,0.500,0.450,-0.0126,4.5185,-0.1404,-0.0656,-0.0165,0.5561,-9.8493,-9.9476,-10.0134,-9.7439,-0.0103
15.0000,clay,0.500,0.450,0.0000,4.5444,-0.0551,-0.0572,-0.0455,0.3554,-9.8574,-9.9982,-9.9583,-9.7692,-0.0043
15.0120,clay,0.500,0.450,0.0126,4.5475,-0.1578,-0.0471,0.0157,0.8698,-9.8433,-9.9536,-9.9992,-9.7971,0.0019
15.0240,clay,0.500,0.450,0.0251,4.5036,-0.0283,-0.0423,0.1128,0.6942,-9.8163,-9.9835,-9.9435,-9.8009,0.0091
15.0360,clay,0.500,0.450,0.0377,4.5759,0.0347,-0.0343,-0.2259,0.8007,-9.8230,-10.0280,-9.9556,-9.8381,0.0156
15.0480,clay,0.500,0.450,0.0502,4.5698,-0.0542,-0.0195,-0.1037,0.4377,-9.8444,-9.9479,-9.9222,-9.8393,0.0213
15.0600,clay,0.500,0.450,0.0627,4.5560,-0.0446,-0.0089,-0.1120,1.4343,-9.8281,-9.9680,-9.8913,-9.8097,0.0267
15.0720,clay,0.500,0.450,0.0751,4.5822,-0.0147,-0.0062,0.1237,0.7356,-9.7321,-10.0872,-9.9579,-9.7764,0.0322
15.0840,clay,0.500,0.450,0.0875,4.5315,-0.0875,-0.0045,-0.1335,0.6766,-9.7386,-10.1131,-9.9021,-9.8814,0.0393
15.0960,clay,0.500,0.450,0.0999,4.5516,-0.0384,-0.0006,-0.2836,0.8405,-9.7829,-10.0761,-9.8591,-9.8997,0.0458
15.1080,clay,0.500,0.450,0.1121,4.5726,0.0121,0.0167,0.3134,0.8646,-9.7620,-10.1247,-9.8390,-9.8636,0.0523
15.1200,clay,0.500,0.450,0.1243,4.5592,0.0603,0.0221,-0.1613,0.6126,-9.7568,-10.0844,-9.8459,-9.9869,0.0582
15.1320,clay,0.500,0.450,0.1365,4.5991,0.0273,0.0319,0.1981,1.5592,-9.7657,-10.0343,-9.8331,-9.9587,0.0636
15.1440,clay,0.500,0.450,0.1485,4.5875,0.0292,0.0368,0.0443,0.6785,-9.7176,-10.0719,-9.8677,-9.8929,0.0695
15.1560,clay,0.500,0.450,0.1605,4.5253,0.0667,0.0443,0.0853,2.0030,-9.6816,-10.1051,-9.8303,-9.9814,0.0754
15.1680,clay,0.500,0.450,0.1723,4.7070,0.1086,0.0610,-0.1338,1.5729,-9.6709,-10.0881,-9.7709,-9.9872,0.0814
15.1800,clay,0.500,0.450,0.1841,4.5306,0.0428,0.0658,-0.0851,1.8407,-9.6267,-10.1579,-9.7772,-9.9506,0.0868
15.1920,clay,0.500,0.450,0.1957,4.6124,0.0108,0.0694,-0.3133,0.8846,-9.6333,-10.2544,-9.7455,-10.0084,0.0920
15.2040,clay,0.500,0.450,0.2072,4.5661,0.0570,0.0703,-0.2366,1.2734,-9.5704,-10.2693,-9.7304,-10.0235,0.0992
15.2160,clay,0.500,0.450,0.2186,4.5830,0.1886,0.0795,-0.1978,1.3102,-9.5988,-10.1869,-9.7447,-10.0101,0.1051
15.2280,clay,0.500,0.450,0.2298,4.6015,0.0581,0.0939,0.1589,1.1817,-9.6271,-10.2250,-9.7423,-10.0333,0.1103
15.2400,clay,0.500,0.450,0.2409,4.5260,0.2041,0.0979,-0.1866,1.3849,-9.6328,-10.2224,-9.6885,-10.0650,0.1161
15.2520,clay,0.500,0.450,0.2518,4.5761,0.1847,0.1090,-0.2142,1.4201,-9.6715,-10.2069,-9.7105,-10.0519,0.1216
15.2640,clay,0.500,0.450,0.2626,4.6109,0.2216,0.1115,-0.1180,0.9120,-9.6765,-10.2362,-9.6643,-10.0048,0.1275
15.2760,clay,0.500,0.450,0.2732,4.5264,0.1711,0.1169,-0.4800,1.4604,-9.6142,-10.2466,-9.6268,-10.1615,0.1327
15.2880,clay,0.500,0.450,0.2836,4.5645,0.2214,0.1253,-0.2533,0.9966,-9.5804,-10.2099,-9.6300,-10.2006,0.1377
15.3000,clay,0.500,0.450,0.2939,4.6014,0.2477,0.1361,0.1182,1.8898,-9.6023,-10.2150,-9.6468,-10.0376,0.1422
15.3120,clay,0.500,0.450,0.3040,4.4715,0.1678,0.1405,0.0841,1.0075,-9.5784,-10.2693,-9.5857,-10.1515,0.1473
15.3240,clay,0.500,0.450,0.3138,4.5656,0.2083,0.1464,0.2596,1.6349,-9.5064,-10.3012,-9.5717,-10.1920,0.1535
15.3360,clay,0.500,0.450,0.3235,4.5691,0.2255,0.1540,0.0787,1.2179,-9.5751,-10.2640,-9.5714,-10.1567,0.1575
15.3480,clay,0.500,0.450,0.3330,4.4735,0.2260,0.1718,0.0090,1.6474,-9.5471,-10.3040,-9.5616,-10.1515,0.1616
15.3600,clay,0.500,0.450,0.3423,4.5786,0.2446,0.1759,0.1091,1.7632,-9.4452,-10.3153,-9.5776,-10.2157,0.1665
15.3720,clay,0.500,0.450,0.3513,4.5638,0.2442,0.1794,-0.6283,2.9626,-9.5547,-10.2673,-9.5349,-10.2184,0.1704
15.3840,clay,0.500,0.450,0.3602,4.4974,0.2510,0.1801,-0.1262,1.8027,-9.5135,-10.3076,-9.4831,-10.2781,0.1743
15.3960,clay,0.500,0.450,0.3688,4.6433,0.2877,0.1813,-0.3814,1.3747,-9.4543,-10.3901,-9.4927,-10.2152,0.1788
15.4080,clay,0.500,0.450,0.3771,4.5310,0.3217,0.1910,-0.5372,1.9341,-9.5272,-10.3659,-9.4667,-10.2864,0.1825
15.4200,clay,0.500,0.450,0.3853,4.5416,0.2157,0.1992,-0.1586,1.6517,-9.4726,-10.4015,-9.4418,-10.2215,0.1868
15.4320,clay,0.500,0.450,0.3931,4.5670,0.2555,0.2084,0.1732,1.5689,-9.4520,-10.4642,-9.4663,-10.1796,0.1906
15.4440,clay,0.500,0.450,0.4008,4.6244,0.2841,0.2125,-0.2266,1.6776,-9.4783,-10.4371,-9.4773,-10.1855,0.1944
15.4560,clay,0.500,0.450,0.4082,4.5437,0.3141,0.2196,-0.4882,1.7550,-9.4721,-10.4448,-9.4575,-10.3192,0.1981
15.4680,clay,0.500,0.450,0.4153,4.5631,0.3377,0.2283,-0.0931,2.0145,-9.4297,-10.5089,-9.4538,-10.1985,0.2017
15.4800,clay,0.500,0.450,0.4222,4.5727,0.3689,0.2287,-0.2484,2.0698,-9.4701,-10.4896,-9.4537,-10.2827,0.2055
15.4920,clay,0.500,0.450,0.4288,4.5367,0.4287,0.2287,-0.4573,2.1198,-9.4675,-10.5063,-9.4466,-10.2788,0.2089
15.5040,clay,0.500,0.450,0.4351,4.5867,0.4187,0.2321,-0.1617,1.9774,-9.4511,-10.5313,-9.4683,-10.1791,0.2121
15.5160,clay,0.500,0.450,0.4411,4.5717,0.3833,0.2298,0.7076,1.4134,-9.5047,-10.4992,-9.5239,-10.2094,0.2154
15.5280,clay,0.500,0.450,0.4469,4.6232,0.4464,0.2398,0.4726,0.8921,-9.4804,-10.5152,-9.4410,-10.2565,0.2180
15.5400,clay,0.500,0.450,0.4524,4.5446,0.2921,0.2496,-0.1487,1.3308,-9.4748,-10.5295,-9.3992,-10.3564,0.2206
15.5520,clay,0.500,0.450,0.4576,4.5683,0.3380,0.2600,0.0485,1.1541,-9.5164,-10.5180,-9.4075,-10.2943,0.2233
15.5640,clay,0.500,0.450,0.4625,4.4693,0.2693,0.2662,0.0882,1.1317,-9.4533,-10.5378,-9.2764,-10.5701,0.2259
15.5760,clay,0.500,0.450,0.4672,4.6050,0.3704,0.2714,0.2466,1.9868,-9.4461,-10.6040,-9.3256,-10.5067,0.2285
15.5880,clay,0.500,0.450,0.4715,4.6235,0.3706,0.2748,-0.1301,1.9622,-9.4863,-10.5316,-9.3746,-10.4374,0.2307
15.6000,clay,0.500,0.450,0.4755,4.5685,0.3552,0.2776,-0.7655,2.2792,-9.4513,-10.5453,-9.3418,-10.4694,0.2327
15.6120,clay,0.500,0.450,0.4793,4.5860,0.3720,0.2752,0.0310,1.9374,-9.5356,-10.5267,-9.3601,-10.4358,0.2345
15.6240,clay,0.500,0.450,0.4827,4.5181,0.3581,0.2755,-0.6863,2.1171,-9.5409,-10.5414,-9.2822,-10.4380,0.2362
15.6360,clay,0.500,0.450,0.4858,4.6756,0.4254,0.2810,-0.3003,1.7742,-9.5140,-10.5470,-9.2850,-10.4611,0.2375
15.6480,clay,0.500,0.450,0.4886,4.5342,0.4488,0.2881,-0.4901,1.5962,-9.5517,-10.5355,-9.2535,-10.4360,0.2387
15.6600,clay,0.500,0.450,0.4911,4.5125,0.3883,0.2868,0.2030,2.3538,-9.5059,-10.5126,-9.1721,-10.6138,0.2402
15.6720,clay,0.500,0.450,0.4933,4.5533,0.4428,0.2959,-0.0850,1.4709,-9.4676,-10.5401,-9.3095,-10.5069,0.2413
15.6840,clay,0.500,0.450,0.4952,4.5009,0.4554,0.2942,-0.8291,2.1155,-9.4963,-10.5274,-9.1860,-10.5018,0.2420
15.6960,clay,0.500,0.450,0.4968,4.5351,0.4290,0.3010,-0.0997,1.2102,-9.4455,-10.5558,-9.2236,-10.5229,0.2426
15.7080,clay,0.500,0.450,0.4981,4.5905,0.4875,0.3071,-0.7823,1.4281,-9.4244,-10.5788,-9.2496,-10.5509,0.2433
15.7200,clay,0.500,0.450,0.4990,4.5015,0.4223,0.3165,-0.4610,1.4326,-9.4886,-10.5970,-9.2033,-10.4458,0.2440
15.7320,clay,0.500,0.450,0.4996,4.5401,0.4667,0.3166,0.5726,1.7259,-9.4398,-10.5705,-9.1141,-10.5933,0.2446
15.7440,clay,0.500,0.450,0.5000,4.4900,0.4543,0.3159,-0.6197,1.6594,-9.4762,-10.6071,-9.2631,-10.3875,0.2450
15.7560,clay,0.500,0.450,0.5000,4.4449,0.4220,0.3174,-0.6423,1.7157,-9.4649,-10.6174,-9.1485,-10.4754,0.2449
15.7680,clay,0.500,0.450,0.4996,4.6754,0.4459,0.3190,-0.5070,1.3448,-9.4598,-10.6050,-9.1893,-10.4690,0.2446
15.7800,clay,0.500,0.450,0.4990,4.5043,0.4340,0.3198,-0.2139,1.5428,-9.4849,-10.5640,-9.3206,-10.1679,0.2441
15.7920,clay,0.500,0.450,0.4981,4.5311,0.3891,0.3171,-0.7707,1.9255,-9.4615,-10.5627,-9.2982,-10.4294,0.2438
15.8040,clay,0.500,0.450,0.4968,4.5189,0.3613,0.3209,0.0811,1.2932,-9.4059,-10.5867,-9.3697,-10.2298,0.2436
15.8160,clay,0.500,0.450,0.4952,4.6259,0.3990,0.3204,-0.2431,1.7354,-9.4776,-10.5802,-9.2640,-10.3570,0.2433
15.8280,clay,0.500,0.450,0.4933,4.4885,0.4725,0.3202,-0.5038,1.5395,-9.4560,-10.5870,-9.1949,-10.4882,0.2425
15.8400,clay,0.500,0.450,0.4911,4.5040,0.4235,0.3233,-0.8158,1.9569,-9.4667,-10.6174,-9.1865,-10.3742,0.2416
15.8520,clay,0.500,0.450,0.4886,4.5165,0.4256,0.3224,-0.2092,1.1350,-9.4652,-10.5850,-9.1580,-10.3720,0.2402
15.8640,clay,0.500,0.450,0.4858,4.6004,0.4448,0.3216,-0.5811,1.5372,-9.4900,-10.5759,-9.1735,-10.4215,0.2385
15.8760,clay,0.500,0.450,0.4827,4.4409,0.4823,0.3192,-0.1022,0.2398,-9.5118,-10.5572,-9.1526,-10.4035,0.2370
15.8880,clay,0.500,0.450,0.4793,4.5059,0.4648,0.3153,0.0782,1.4515,-9.4778,-10.5853,-9.1854,-10.2903,0.2360
15.9000,clay,0.500,0.450,0.4755,4.6188,0.4262,0.3144,0.0889,1.5032,-9.4450,-10.5629,-9.2097,-10.3747,0.2347
15.9120,clay,0.500,0.450,0.4715,4.6328,0.4052,0.3133,-0.1356,1.5664,-9.5007,-10.5375,-9.2002,-10.3569,0.2330
15.9240,clay,0.500,0.450,0.4672,4.4917,0.4741,0.3144,0.0426,1.3560,-9.4980,-10.5405,-9.1853,-10.2954,0.2305
15.9360,clay,0.500,0.450,0.4625,4.4623,0.4842,0.3119,-0.2085,1.2611,-9.4901,-10.5285,-9.2473,-10.3045,0.2282
15.9480,clay,0.500,0.450,0.4576,4.5007,0.5779,0.3084,0.0776,1.7352,-9.5681,-10.4882,-9.2162,-10.2918,0.2262
15.9600,clay,0.500,0.450,0.4524,4.4590,0.5067,0.3079,-0.0524,1.4644,-9.4824,-10.5174,-9.1964,-10.3424,0.2241
15.9720,clay,0.500,0.450,0.4469,4.5363,0.4088,0.3105,-0.3376,1.0528,-9.4816,-10.5309,-9.2423,-10.2847,0.2216
15.9840,clay,0.500,0.450,0.4411,4.5322,0.4030,0.3057,-0.4566,1.4306,-9.5234,-10.5082,-9.1532,-10.3672,0.2190
15.9960,clay,0.500,0.450,0.4351,4.5243,0.4319,0.3060,0.0011,0.2318,-9.5000,-10.5264,-9.2185,-10.3441,0.2162
16.0080,clay,0.500,0.450,0.4288,4.5162,0.4274,0.3006,-0.4409,0.9633,-9.5364,-10.4875,-9.1927,-10.3067,0.2131
16.0200,clay,0.500,0.450,0.4222,4.5691,0.5007,0.3003,0.1263,0.7612,-9.5222,-10.4785,-9.2362,-10.3275,0.2099
16.0320,clay,0.500,0.450,0.4153,4.4923,0.4466,0.2967,-0.4599,1.0753,-9.5468,-10.4551,-9.2442,-10.3209,0.2067
16.0440,clay,0.500,0.450,0.4082,4.5234,0.3932,0.2921,0.0549,0.5795,-9.5512,-10.4595,-9.2142,-10.2986,0.2032
16.0560,clay,0.500,0.450,0.4008,4.5144,0.4076,0.2893,-0.2627,1.1164,-9.5685,-10.4416,-9.2696,-10.3073,0.2000
16.0680,clay,0.500,0.450,0.3931,4.4584,0.4588,0.2829,-0.0226,0.7888,-9.5452,-10.4549,-9.2561,-10.3139,0.1966
16.0800,clay,0.500,0.450,0.3853,4.4995,0.5291,0.2793,0.1252,0.8329,-9.5747,-10.4346,-9.2456,-10.3514,0.1929
16.0920,clay,0.500,0.450,0.3771,4.5321,0.3833,0.2761,0.2017,1.1014,-9.5828,-10.4339,-9.3060,-10.2562,0.1893
16.1040,clay,0.500,0.450,0.3688,4.4989,0.4750,0.2738,0.4774,0.8379,-9.6187,-10.3881,-9.2738,-10.3067,0.1847
16.1160,clay,0.500,0.450,0.3602,4.5826,0.3443,0.2685,0.0241,1.1389,-9.6126,-10.3791,-9.2925,-10.2465,0.1804
16.1280,clay,0.500,0.450,0.3513,4.5593,0.3941,0.2595,-0.1173,0.9273,-9.6170,-10.3798,-9.3269,-10.2892,0.1766
16.1400,clay,0.500,0.450,0.3423,4.4649,0.3790,0.2595,-0.0403,-0.0311,-9.5830,-10.3830,-9.2927,-10.2840,0.1727
16.1520,clay,0.500,0.450,0.3330,4.5870,0.3584,0.2532,-0.0244,0.7723,-9.6413,-10.3345,-9.2964,-10.3050,0.1687
16.1640,clay,0.500,0.450,0.3235,4.4947,0.4604,0.2543,-0.5840,0.6374,-9.6834,-10.3097,-9.4018,-10.2843,0.1629
16.1760,clay,0.500,0.450,0.3138,4.5845,0.3385,0.2466,0.2851,0.4798,-9.6748,-10.3040,-9.3234,-10.2439,0.1579
16.1880,clay,0.500,0.450,0.3040,4.4690,0.3760,0.2400,0.1148,0.2378,-9.6440,-10.3072,-9.3433,-10.3217,0.1542
16.2000,clay,0.500,0.450,0.2939,4.5626,0.4637,0.2332,0.3762,0.7359,-9.6294,-10.2910,-9.4141,-10.1987,0.1503
16.2120,clay,0.500,0.450,0.2836,4.5612,0.3869,0.2300,0.1499,-0.0333,-9.6289,-10.2931,-9.3734,-10.2718,0.1451
16.2240,clay,0.500,0.450,0.2732,4.4547,0.3299,0.2261,-0.2106,0.3616,-9.6751,-10.2306,-9.4530,-10.2522,0.1398
16.2360,clay,0.500,0.450,0.2626,4.5241,0.2792,0.2235,0.3002,-0.0940,-9.6955,-10.1817,-9.3980,-10.3531,0.1337
16.2480,clay,0.500,0.450,0.2518,4.5139,0.3420,0.2085,-0.1204,0.6253,-9.7282,-10.1807,-9.4000,-10.2548,0.1286
16.2600,clay,0.500,0.450,0.2409,4.4773,0.3634,0.2037,0.1061,1.0937,-9.7396,-10.1404,-9.4989,-10.1939,0.1241
16.2720,clay,0.500,0.450,0.2298,4.6023,0.2538,0.1968,0.1631,0.4464,-9.7106,-10.1755,-9.4646,-10.1831,0.1192
16.2840,clay,0.500,0.450,0.2186,4.5615,0.2654,0.1938,0.1268,0.8003,-9.7083,-10.1377,-9.4458,-10.2003,0.1133
16.2960,clay,0.500,0.450,0.2072,4.5894,0.2237,0.1867,-0.0854,0.5906,-9.7803,-10.1128,-9.5181,-10.1736,0.1062
16.3080,clay,0.500,0.450,0.1957,4.5360,0.2846,0.1776,-0.0833,-0.1275,-9.7233,-10.1413,-9.4913,-10.1585,0.1002
16.3200,clay,0.500,0.450,0.1841,4.4841,0.3741,0.1725,0.0262,-0.3856,-9.7252,-10.1478,-9.4888,-10.1732,0.0953
16.3320,clay,0.500,0.450,0.1723,4.4737,0.3258,0.1649,0.0902,0.0774,-9.7924,-10.0775,-9.5550,-10.1578,0.0906
16.3440,clay,0.500,0.450,0.1605,4.5261,0.2745,0.1636,-0.0507,-0.1426,-9.8063,-10.0887,-9.5424,-10.1257,0.0851
16.3560,clay,0.500,0.450,0.1485,4.5136,0.1915,0.1564,-0.0339,0.3853,-9.7664,-10.1035,-9.4932,-10.1481,0.0790
16.3680,clay,0.500,0.450,0.1365,4.5479,0.2798,0.1475,-0.0543,0.3875,-9.8612,-10.0302,-9.5778,-10.1499,0.0720
16.3800,clay,0.500,0.450,0.1243,4.6527,0.1406,0.1439,-0.4088,-0.6350,-9.8002,-10.0240,-9.6030,-10.1607,0.0655
16.3920,clay,0.500,0.450,0.1121,4.5321,0.1411,0.1352,0.2306,-0.5103,-9.7545,-10.0476,-9.5414,-10.1205,0.0602
16.4040,clay,0.500,0.450,0.0999,4.5525,0.1772,0.1275,0.0024,0.2088,-9.8098,-10.0406,-9.6341,-10.0749,0.0550
16.4160,clay,0.500,0.450,0.0875,4.5096,0.1285,0.1188,0.2218,-0.8333,-9.8753,-9.9853,-9.6489,-10.0922,0.0493
16.4280,clay,0.500,0.450,0.0751,4.5436,0.2613,0.1046,0.1578,-0.7820,-9.8852,-9.9286,-9.6056,-10.0778,0.0424
16.4400,clay,0.500,0.450,0.0627,4.5082,0.1982,0.0960,0.1353,0.0251,-9.9707,-9.9401,-9.7228,-10.0126,0.0356
16.4520,clay,0.500,0.450,0.0502,4.5023,0.1934,0.0897,0.2151,-0.0123,-9.8615,-9.9565,-9.6461,-10.0604,0.0297
16.4640,clay,0.500,0.450,0.0377,4.5206,0.1961,0.0811,0.1866,-0.0066,-9.8355,-9.9633,-9.6806,-10.0546,0.0243
16.4760,clay,0.500,0.450,0.0251,4.6177,0.1007,0.0753,0.1968,-0.7103,-9.9543,-9.9072,-9.7325,-10.0178,0.0176
16.4880,clay,0.500,0.450,0.0126,4.5935,0.1272,0.0619,0.1093,-0.3944,-9.8906,-9.9032,-9.7795,-9.9841,0.0109
16.5000,clay,0.500,0.450,-0.0000,4.5169,0.0564,0.0539,0.0371,-1.3420,-9.9009,-9.9115,-9.6555,-10.0418,0.0050
16.5120,clay,0.500,0.450,-0.0126,4.6133,0.0739,0.0483,0.0756,-0.6423,-9.9710,-9.8997,-9.7759,-9.9639,-0.0002
16.5240,clay,0.500,0.450,-0.0251,4.5847,0.0863,0.0459,-0.1252,-0.7513,-10.0246,-9.8463,-9.8493,-9.9250,-0.0063
16.5360,clay,0.500,0.450,-0.0377,4.5789,0.1196,0.0454,-0.1153,-0.5911,-9.9691,-9.8249,-9.7920,-9.9704,-0.0134
16.5480,clay,0.500,0.450,-0.0502,4.5806,0.0545,0.0301,0.1280,-0.6019,-10.0070,-9.8076,-9.8845,-9.9559,-0.0198
16.5600,clay,0.500,0.450,-0.0627,4.4851,0.0591,0.0222,-0.2211,-0.6637,-9.9694,-9.8398,-9.8105,-9.9324,-0.0255
16.5720,clay,0.500,0.450,-0.0751,4.5381,0.0060,0.0120,0.0039,-1.0772,-9.9509,-9.8093,-9.8097,-9.9343,-0.0317
16.5840,clay,0.500,0.450,-0.0875,4.5713,0.0091,0.0091,0.0931,0.0144,-10.0274,-9.7932,-9.8767,-9.8705,-0.0404
16.5960,clay,0.500,0.450,-0.0999,4.5533,0.0138,-0.0056,0.0100,-0.6720,-9.9838,-9.8905,-9.9573,-9.8657,-0.0447
16.6080,clay,0.500,0.450,-0.1121,4.5686,-0.0032,-0.0176,-0.2544,-1.3326,-9.9334,-9.8692,-9.8377,-9.8781,-0.0495
16.6200,clay,0.500,0.450,-0.1243,4.5513,-0.1162,-0.0253,-0.0846,-1.3961,-10.0056,-9.7905,-9.8754,-9.8682,-0.0562
16.6320,clay,0.500,0.450,-0.1365,4.4910,-0.0887,-0.0308,-0.5358,-1.1958,-10.0865,-9.7461,-9.9558,-9.8122,-0.0624
16.6440,clay,0.500,0.450,-0.1485,4.5886,0.0356,-0.0390,-0.0087,-1.6366,-10.0945,-9.7347,-9.9696,-9.7834,-0.0686
16.6560,clay,0.500,0.450,-0.1605,4.5787,-0.0903,-0.0427,-0.1610,-1.2657,-10.1054,-9.7051,-9.8490,-9.8444,-0.0744
16.6680,clay,0.500,0.450,-0.1723,4.5408,-0.0138,-0.0497,0.2137,-1.0262,-10.1797,-9.7019,-9.8766,-9.8081,-0.0791
16.6800,clay,0.500,0.450,-0.1841,4.5743,-0.0857,-0.0532,-0.1307,-1.0422,-10.1665,-9.6747,-9.9427,-9.8565,-0.0856
16.6920,clay,0.500,0.450,-0.1957,4.5339,-0.0653,-0.0582,0.0768,-1.0955,-10.1428,-9.6773,-9.8783,-9.8000,-0.0924
16.7040,clay,0.500,0.450,-0.2072,4.5415,-0.1727,-0.0669,-0.2114,-0.6891,-10.1322,-9.6650,-9.9812,-9.7775,-0.0984
16.7160,clay,0.500,0.450,-0.2186,4.5732,-0.0123,-0.0775,-0.0392,-1.5958,-10.1672,-9.6208,-10.1172,-9.6966,-0.1035
16.7280,clay,0.500,0.450,-0.2298,4.5193,-0.1965,-0.0888,-0.3654,-0.6849,-10.1684,-9.6148,-9.9370,-9.7456,-0.1094
16.7400,clay,0.500,0.450,-0.2409,4.5578,-0.0478,-0.0940,-0.1627,-1.1439,-10.1252,-9.6804,-10.0647,-9.7165,-0.1153
16.7520,clay,0.500,0.450,-0.2518,4.5155,-0.0700,-0.1039,-0.2040,-0.8336,-10.2099,-9.6004,-10.0620,-9.7241,-0.1208
16.7640,clay,0.500,0.450,-0.2626,4.5327,-0.0882,-0.1128,0.0932,-1.3996,-10.1980,-9.6197,-10.0752,-9.6520,-0.1263
16.7760,clay,0.500,0.450,-0.2732,4.5361,-0.1268,-0.1167,-0.2090,-1.4692,-10.1922,-9.7000,-9.9820,-9.6542,-0.1319
16.7880,clay,0.500,0.450,-0.2836,4.5644,-0.1612,-0.1217,-0.0650,-1.8041,-10.2422,-9.6824,-10.0857,-9.6117,-0.1374
16.8000,clay,0.500,0.450,-0.2939,4.3834,-0.1842,-0.1244,-0.1574,-1.9832,-10.2153,-9.6808,-10.1324,-9.6053,-0.1422
16.8120,clay,0.500,0.450,-0.3040,4.4995,-0.1773,-0.1327,0.0852,-1.6199,-10.1683,-9.6900,-10.0886,-9.6033,-0.1469
16.8240,clay,0.500,0.450,-0.3138,4.4678,-0.1332,-0.1311,-0.1328,-1.3091,-10.1938,-9.6729,-10.0701,-9.6555,-0.1515
16.8360,clay,0.500,0.450,-0.3235,4.5250,-0.1678,-0.1386,0.3094,-1.5688,-10.2481,-9.6317,-10.1850,-9.5697,-0.1565
16.8480,clay,0.500,0.450,-0.3330,4.5634,-0.2277,-0.1532,-0.4286,-1.4121,-10.2517,-9.6283,-10.0958,-9.5065,-0.1616
16.8600,clay,0.500,0.450,-0.3423,4.5219,-0.2029,-0.1653,-0.1757,-1.5487,-10.2328,-9.6067,-10.1453,-9.5045,-0.1668
16.8720,clay,0.500,0.450,-0.3513,4.5357,-0.2338,-0.1719,-0.4878,-0.9175,-10.2883,-9.5900,-10.1432,-9.5565,-0.1711
16.8840,clay,0.500,0.450,-0.3602,4.6164,-0.1479,-0.1800,-0.0433,-1.5342,-10.3048,-9.5820,-10.1421,-9.5013,-0.1752
16.8960,clay,0.500,0.450,-0.3688,4.6615,-0.2561,-0.1823,-0.5494,-1.6326,-10.2517,-9.5623,-10.1742,-9.5414,-0.1792
16.9080,clay,0.500,0.450,-0.3771,4.4935,-0.1718,-0.2005,-0.2960,-1.3954,-10.3163,-9.5250,-10.1321,-9.5074,-0.1831
16.9200,clay,0.500,0.450,-0.3853,4.6078,-0.2783,-0.2006,-0.7336,-2.0593,-10.3606,-9.4945,-10.2018,-9.4643,-0.1880
16.9320,clay,0.500,0.450,-0.3931,4.4650,-0.4073,-0.2033,-0.3327,-2.4947,-10.3393,-9.4435,-10.2442,-9.4603,-0.1924
16.9440,clay,0.500,0.450,-0.4008,4.6066,-0.2588,-0.2033,-0.2670,-1.9476,-10.2786,-9.5573,-10.3679,-9.4096,-0.1957
16.9560,clay,0.500,0.450,-0.4082,4.5569,-0.3586,-0.2048,-0.5131,-1.9319,-10.3219,-9.4998,-10.3242,-9.3750,-0.1988
16.9680,clay,0.500,0.450,-0.4153,4.5175,-0.3698,-0.2067,-0.6175,-2.4731,-10.3270,-9.5169,-10.3629,-9.4018,-0.2022
16.9800,clay,0.500,0.450,-0.4222,4.5124,-0.3465,-0.2120,0.7115,-2.0684,-10.3113,-9.5557,-10.1173,-9.4727,-0.2057
16.9920,clay,0.500,0.450,-0.4288,4.5086,-0.2447,-0.2158,0.3286,-1.3367,-10.3740,-9.5414,-10.2988,-9.3217,-0.2091
17.0040,clay,0.500,0.450,-0.4351,4.5610,-0.3698,-0.2227,-0.4148,-0.7645,-10.4081,-9.5363,-10.2282,-9.4114,-0.2120
17.0160,clay,0.500,0.450,-0.4411,4.5630,-0.2695,-0.2346,0.0082,-1.5600,-10.3826,-9.5219,-10.2369,-9.3996,-0.2148
17.0280,clay,0.500,0.450,-0.4469,4.4420,-0.3169,-0.2515,-0.3125,-1.4812,-10.3911,-9.5102,-10.2058,-9.3042,-0.2178
17.0400,clay,0.500,0.450,-0.4524,4.5053,-0.3659,-0.2582,0.2193,-2.1365,-10.4044,-9.4168,-10.3095,-9.3675,-0.2208
17.0520,clay,0.500,0.450,-0.4576,4.5294,-0.3168,-0.2623,-0.3622,-1.0979,-10.4373,-9.4115,-10.3688,-9.3104,-0.2235
17.0640,clay,0.500,0.450,-0.4625,4.4550,-0.3547,-0.2651,-0.0317,-1.9634,-10.4047,-9.4551,-10.4422,-9.2517,-0.2256
17.0760,clay,0.500,0.450,-0.4672,4.5434,-0.4369,-0.2679,-0.0121,-1.2536,-10.4474,-9.4239,-10.3347,-9.3146,-0.2276
17.0880,clay,0.500,0.450,-0.4715,4.4903,-0.3128,-0.2728,-0.3283,-1.4522,-10.4816,-9.4656,-10.4441,-9.2641,-0.2297
17.1000,clay,0.500,0.450,-0.4755,4.4642,-0.4629,-0.2748,-0.0717,-1.5983,-10.5278,-9.4361,-10.3242,-9.3298,-0.2321
17.1120,clay,0.500,0.450,-0.4793,4.4556,-0.3747,-0.2729,-0.4751,-2.0377,-10.5303,-9.4379,-10.2588,-9.3607,-0.2343
17.1240,clay,0.500,0.450,-0.4827,4.4787,-0.4253,-0.2706,-0.0947,-1.4990,-10.4745,-9.5008,-10.1158,-9.3657,-0.2362
17.1360,clay,0.500,0.450,-0.4858,4.4276,-0.4175,-0.2711,-0.8799,-2.4037,-10.4694,-9.5182,-10.2604,-9.2999,-0.2377
17.1480,clay,0.500,0.450,-0.4886,4.5662,-0.3630,-0.2821,0.1576,-1.3048,-10.4862,-9.5290,-10.2273,-9.3472,-0.2387
17.1600,clay,0.500,0.450,-0.4911,4.4772,-0.3437,-0.2853,-0.5047,-1.5309,-10.4433,-9.5450,-10.1014,-9.3183,-0.2400
17.1720,clay,0.500,0.450,-0.4933,4.4723,-0.3458,-0.2885,-1.0131,-1.7860,-10.4814,-9.4648,-10.1457,-9.3081,-0.2413
17.1840,clay,0.500,0.450,-0.4952,4.5586,-0.3794,-0.2941,-0.1378,-1.1860,-10.5238,-9.4331,-10.4255,-9.2183,-0.2426
17.1960,clay,0.500,0.450,-0.4968,4.5704,-0.5175,-0.2898,-0.6939,-2.1339,-10.4844,-9.4706,-10.4798,-9.1433,-0.2436
17.2080,clay,0.500,0.450,-0.4981,4.4874,-0.5356,-0.2882,-0.5936,-1.9695,-10.4743,-9.4822,-10.4569,-9.2112,-0.2441
17.2200,clay,0.500,0.450,-0.4990,4.5180,-0.3517,-0.2932,0.2033,-1.6111,-10.4869,-9.4868,-10.3856,-9.1827,-0.2447
17.2320,clay,0.500,0.450,-0.4996,4.5017,-0.4054,-0.2938,0.6286,-0.9958,-10.5111,-9.4773,-10.3928,-9.1661,-0.2449
17.2440,clay,0.500,0.450,-0.5000,4.5319,-0.4934,-0.2957,-0.4209,-2.0187,-10.5272,-9.4865,-10.4686,-9.1878,-0.2448
17.2560,clay,0.500,0.450,-0.5000,4.5759,-0.4114,-0.3001,0.4022,-1.2642,-10.4833,-9.5169,-10.3610,-9.2014,-0.2447
17.2680,clay,0.500,0.450,-0.4996,4.4589,-0.4197,-0.3080,0.0960,-0.8422,-10.5441,-9.4425,-10.2950,-9.2288,-0.2452
17.2800,clay,0.500,0.450,-0.4990,4.4241,-0.4662,-0.3103,0.1936,-1.4165,-10.5436,-9.3923,-10.2883,-9.2609,-0.2457
17.2920,clay,0.500,0.450,-0.4981,4.4216,-0.6247,-0.3104,-0.6726,-1.9192,-10.5157,-9.4728,-10.2786,-9.2647,-0.2454
17.3040,clay,0.500,0.450,-0.4968,4.5765,-0.4131,-0.3146,0.2747,-1.0664,-10.5241,-9.4589,-10.2930,-9.2718,-0.2448
17.3160,clay,0.500,0.450,-0.4952,4.4498,-0.5615,-0.3167,-0.3584,-1.9747,-10.5425,-9.4742,-10.2799,-9.1876,-0.2441
17.3280,clay,0.500,0.450,-0.4933,4.4057,-0.4466,-0.3150,0.0700,-1.4216,-10.5367,-9.4792,-10.3536,-9.1714,-0.2432
17.3400,clay,0.500,0.450,-0.4911,4.4988,-0.4489,-0.3156,-0.6428,-1.8350,-10.5159,-9.4662,-10.4690,-9.1723,-0.2421
17.3520,clay,0.500,0.450,-0.4886,4.5743,-0.4274,-0.3141,0.3143,-1.2597,-10.5286,-9.4874,-10.3308,-9.1108,-0.2411
17.3640,clay,0.500,0.450,-0.4858,4.5026,-0.5594,-0.3133,-0.6137,-1.7335,-10.5189,-9.4819,-10.3655,-9.2077,-0.2400
17.3760,clay,0.500,0.450,-0.4827,4.4712,-0.4548,-0.3160,-0.3021,-1.6785,-10.5100,-9.4863,-10.4132,-9.1918,-0.2386
17.3880,clay,0.500,0.450,-0.4793,4.4582,-0.5462,-0.3162,0.1321,-1.3959,-10.5044,-9.5152,-10.3056,-9.1994,-0.2371
17.4000,clay,0.500,0.450,-0.4755,4.5661,-0.4856,-0.3149,-0.1013,-0.6887,-10.5315,-9.4902,-10.4018,-9.2179,-0.2352
17.4120,clay,0.500,0.450,-0.4715,4.5191,-0.3796,-0.3198,-0.3457,-1.3584,-10.5170,-9.5078,-10.3243,-9.2064,-0.2333
17.4240,clay,0.500,0.450,-0.4672,4.5847,-0.4829,-0.3199,-0.1383,-1.2268,-10.5008,-9.5126,-10.3578,-9.1642,-0.2312
17.4360,clay,0.500,0.450,-0.4625,4.5297,-0.4091,-0.3165,-0.0718,-1.1437,-10.5429,-9.4491,-10.3412,-9.2181,-0.2292
17.4480,clay,0.500,0.450,-0.4576,4.5251,-0.3711,-0.3112,0.0358,-0.9378,-10.5280,-9.4918,-10.3819,-9.1586,-0.2272
17.4600,clay,0.500,0.450,-0.4524,4.5462,-0.5085,-0.3084,-0.0017,-1.3111,-10.5236,-9.4813,-10.3939,-9.2015,-0.2250
17.4720,clay,0.500,0.450,-0.4469,4.4155,-0.3841,-0.3097,0.0578,-0.9346,-10.4874,-9.5292,-10.2977,-9.2247,-0.2221
17.4840,clay,0.500,0.450,-0.4411,4.6113,-0.4228,-0.3072,-0.2528,-1.0294,-10.4918,-9.5687,-10.3896,-9.0942,-0.2191
17.4960,clay,0.500,0.450,-0.4351,4.5058,-0.4628,-0.3061,0.0932,-1.2033,-10.4752,-9.5229,-10.3842,-9.2165,-0.2163
17.5080,clay,0.500,0.450,-0.4288,4.5060,-0.4441,-0.2983,-0.1891,-1.0937,-10.4816,-9.5248,-10.3168,-9.2172,-0.2138
17.5200,clay,0.500,0.450,-0.4222,4.5480,-0.4870,-0.2964,-0.0981,-0.2657,-10.4853,-9.5589,-10.3021,-9.1474,-0.2109
17.5320,clay,0.500,0.450,-0.4153,4.4989,-0.4743,-0.2919,-0.3317,-0.8771,-10.4361,-9.5968,-10.2990,-9.2576,-0.2072
17.5440,clay,0.500,0.450,-0.4082,4.4980,-0.2881,-0.2926,0.0842,-1.3987,-10.4130,-9.6377,-10.3367,-9.2170,-0.2033
17.5560,clay,0.500,0.450,-0.4008,4.5646,-0.4871,-0.2879,-0.2153,-1.0426,-10.4197,-9.6260,-10.2746,-9.2606,-0.1995
17.5680,clay,0.500,0.450,-0.3931,4.5122,-0.3693,-0.2813,0.0137,-0.7244,-10.4095,-9.5700,-10.2933,-9.2628,-0.1961
17.5800,clay,0.500,0.450,-0.3853,4.4842,-0.4583,-0.2795,-0.2672,-0.7518,-10.3985,-9.5790,-10.2726,-9.2444,-0.1927
17.5920,clay,0.500,0.450,-0.3771,4.5038,-0.3544,-0.2757,0.0228,-0.5385,-10.3652,-9.6039,-10.3555,-9.2762,-0.1889
17.6040,clay,0.500,0.450,-0.3688,4.4739,-0.4571,-0.2726,-0.0307,-1.3623,-10.3225,-9.6438,-10.2909,-9.2616,-0.1844
17.6160,clay,0.500,0.450,-0.3602,4.4655,-0.3742,-0.2704,0.0017,-0.7893,-10.3312,-9.6545,-10.2988,-9.2816,-0.1801
17.6280,clay,0.500,0.450,-0.3513,4.6243,-0.3928,-0.2614,-0.1681,-0.6412,-10.3599,-9.5922,-10.3176,-9.3198,-0.1760
17.6400,clay,0.500,0.450,-0.3423,4.4727,-0.4170,-0.2592,0.0314,-0.7122,-10.3471,-9.5681,-10.2295,-9.3455,-0.1721
17.6520,clay,0.500,0.450,-0.3330,4.6037,-0.3661,-0.2515,0.0820,-0.7118,-10.2683,-9.6136,-10.2694,-9.3916,-0.1674
17.6640,clay,0.500,0.450,-0.3235,4.5563,-0.3169,-0.2462,0.0021,-1.1484,-10.2347,-9.6664,-10.2603,-9.3922,-0.1629
17.6760,clay,0.500,0.450,-0.3138,4.3639,-0.3782,-0.2402,0.3098,-0.7248,-10.2791,-9.6551,-10.2792,-9.3372,-0.1585
17.6880,clay,0.500,0.450,-0.3040,4.4706,-0.3658,-0.2354,0.2547,-0.0698,-10.2370,-9.6532,-10.2294,-9.3896,-0.1537
17.7000,clay,0.500,0.450,-0.2939,4.5635,-0.3625,-0.2333,0.0075,-0.3620,-10.2292,-9.6623,-10.1850,-9.4036,-0.1479
17.7120,clay,0.500,0.450,-0.2836,4.6203,-0.3186,-0.2315,0.3448,-0.0540,-10.2284,-9.6552,-10.2383,-9.3585,-0.1431
17.7240,clay,0.500,0.450,-0.2732,4.5802,-0.2790,-0.2274,-0.0282,-0.3141,-10.2100,-9.6739,-10.2291,-9.4292,-0.1390
17.7360,clay,0.500,0.450,-0.2626,4.4728,-0.3528,-0.2246,0.0709,-0.2923,-10.2014,-9.7128,-10.1968,-9.4226,-0.1335
17.7480,clay,0.500,0.450,-0.2518,4.5097,-0.2579,-0.2151,0.1115,-0.1273,-10.2096,-9.7022,-10.2698,-9.3271,-0.1276
17.7600,clay,0.500,0.450,-0.2409,4.5573,-0.3659,-0.2105,0.2028,-0.3243,-10.1853,-9.7102,-10.2192,-9.4754,-0.1222
17.7720,clay,0.500,0.450,-0.2298,4.5606,-0.2573,-0.2057,0.0853,0.0340,-10.1971,-9.6991,-10.1904,-9.4282,-0.1170
17.7840,clay,0.500,0.450,-0.2186,4.5490,-0.2903,-0.1996,0.3859,-0.5133,-10.1541,-9.7165,-10.2602,-9.4166,-0.1116
17.7960,clay,0.500,0.450,-0.2072,4.5317,-0.2723,-0.1927,-0.1185,-0.3029,-10.1284,-9.7450,-10.1885,-9.5082,-0.1067
17.8080,clay,0.500,0.450,-0.1957,4.5482,-0.3170,-0.1787,0.1672,-0.4575,-10.1257,-9.7898,-10.1537,-9.5086,-0.1005
17.8200,clay,0.500,0.450,-0.1841,4.6063,-0.2401,-0.1700,-0.0178,-0.4389,-10.1303,-9.8219,-10.1348,-9.5479,-0.0943
17.8320,clay,0.500,0.450,-0.1723,4.5180,-0.2253,-0.1595,0.1759,0.1033,-10.1015,-9.7691,-10.1233,-9.5735,-0.0888
17.8440,clay,0.500,0.450,-0.1605,4.5989,-0.2265,-0.1570,0.4522,0.2596,-10.0657,-9.7733,-10.1198,-9.5557,-0.0830
17.8560,clay,0.500,0.450,-0.1485,4.5039,-0.1832,-0.1511,0.1769,0.0037,-10.0286,-9.8025,-10.1337,-9.5566,-0.0766
17.8680,clay,0.500,0.450,-0.1365,4.5624,-0.1529,-0.1407,0.0069,-0.0492,-10.0017,-9.8354,-10.0943,-9.6047,-0.0705
17.8800,clay,0.500,0.450,-0.1243,4.5091,-0.1174,-0.1359,0.5864,0.3962,-10.0484,-9.8327,-10.0860,-9.5557,-0.0657
17.8920,clay,0.500,0.450,-0.1121,4.5915,-0.2309,-0.1302,0.3762,0.2701,-10.0475,-9.8489,-10.1428,-9.5327,-0.0605
17.9040,clay,0.500,0.450,-0.0999,4.6050,-0.2244,-0.1267,-0.0886,0.4703,-9.9779,-9.8483,-10.0970,-9.6037,-0.0538
17.9160,clay,0.500,0.450,-0.0875,4.4683,-0.1436,-0.1232,-0.1237,0.7766,-9.9704,-9.8526,-10.0342,-9.6931,-0.0469
17.9280,clay,0.500,0.450,-0.0751,4.5378,-0.1296,-0.1050,0.3218,0.3711,-9.9410,-9.8906,-10.0329,-9.6675,-0.0404
17.9400,clay,0.500,0.450,-0.0627,4.4892,-0.1484,-0.0902,-0.0170,0.5771,-9.9388,-9.8878,-10.1012,-9.7124,-0.0349
17.9520,clay,0.500,0.450,-0.0502,4.5325,-0.1548,-0.0902,0.1520,0.3379,-9.9424,-9.9174,-10.0058,-9.7090,-0.0295
17.9640,clay,0.500,0.450,-0.0377,4.5405,-0.1526,-0.0858,-0.0658,0.0866,-9.8642,-10.0152,-10.0590,-9.6749,-0.0223
17.9760,clay,0.500,0.450,-0.0251,4.5385,-0.1633,-0.0814,0.0569,0.8888,-9.8852,-9.9309,-10.0002,-9.7729,-0.0155
17.9880,clay,0.500,0.450,-0.0126,4.5018,-0.0198,-0.0634,0.2061,1.1495,-9.9304,-9.9164,-9.9877,-9.6963,-0.0090
18.0000,clay,0.500,0.450,0.0000,4.5917,-0.1610,-0.0583,0.2286,0.5677,-9.9204,-9.9266,-10.0198,-9.7046,-0.0037
18.0120,clay,0.500,0.450,0.0126,4.5758,-0.1336,-0.0511,-0.0447,0.7696,-9.8621,-9.9313,-9.9869,-9.7731,0.0020
18.0240,clay,0.500,0.450,0.0251,4.4912,0.0136,-0.0452,0.0082,1.0201,-9.8220,-10.0169,-10.0086,-9.7738,0.0085
18.0360,clay,0.500,0.450,0.0377,4.4776,-0.0469,-0.0398,0.1859,-0.0528,-9.8048,-10.0674,-9.9237,-9.8052,0.0148
18.0480,clay,0.500,0.450,0.0502,4.6092,-0.1187,-0.0239,0.1371,0.7916,-9.7861,-10.0583,-9.9571,-9.8605,0.0213
18.0600,clay,0.500,0.450,0.0627,4.6094,0.0104,-0.0166,0.3686,1.3388,-9.8303,-9.9642,-9.9382,-9.8321,0.0273
18.0720,clay,0.500,0.450,0.0751,4.6618,-0.0473,-0.0090,0.3326,0.6457,-9.8275,-10.0294,-9.9150,-9.8258,0.0338
18.0840,clay,0.500,0.450,0.0875,4.6324,-0.0985,0.0003,-0.5025,0.9255,-9.7765,-10.0951,-9.8837,-9.8901,0.0414
18.0960,clay,0.500,0.450,0.0999,4.5631,-0.0123,0.0076,0.1836,1.4996,-9.8243,-9.9753,-9.9138,-9.8651,0.0469
18.1080,clay,0.500,0.450,0.1121,4.5457,-0.0433,0.0171,-0.0631,1.6679,-9.7961,-10.0098,-9.8978,-9.8526,0.0513
18.1200,clay,0.500,0.450,0.1243,4.5945,0.0639,0.0232,0.1854,1.5698,-9.7141,-10.0802,-9.8486,-9.9374,0.0563
18.1320,clay,0.500,0.450,0.1365,4.6010,-0.0163,0.0276,-0.1414,1.1589,-9.6887,-10.1463,-9.8311,-9.9313,0.0628
18.1440,clay,0.500,0.450,0.1485,4.5816,0.0064,0.0319,0.2384,0.5072,-9.6548,-10.1771,-9.8127,-9.9286,0.0698
18.1560,clay,0.500,0.450,0.1605,4.5815,0.1208,0.0391,-0.2593,1.3684,-9.7040,-10.1700,-9.8106,-10.0056,0.0753
18.1680,clay,0.500,0.450,0.1723,4.5615,0.0717,0.0563,-0.0075,0.9072,-9.6948,-10.1458,-9.7606,-9.9900,0.0812
18.1800,clay,0.500,0.450,0.1841,4.5509,0.0716,0.0676,-0.0609,1.3541,-9.7193,-10.1275,-9.7945,-9.9883,0.0877
18.1920,clay,0.500,0.450,0.1957,4.6313,0.0144,0.0722,0.2175,0.8672,-9.7008,-10.1986,-9.7811,-9.9930,0.0942
18.2040,clay,0.500,0.450,0.2072,4.5974,0.0615,0.0788,0.1029,1.6320,-9.6894,-10.1877,-9.7610,-10.0547,0.1002
18.2160,clay,0.500,0.450,0.2186,4.5966,0.0613,0.0824,0.3457,1.3606,-9.6805,-10.1418,-9.6937,-10.0568,0.1049
18.2280,clay,0.500,0.450,0.2298,4.5201,0.0364,0.0919,-0.1639,1.8766,-9.6800,-10.1759,-9.7404,-9.9845,0.1105
18.2400,clay,0.500,0.450,0.2409,4.5865,0.1910,0.0952,-0.0980,1.1600,-9.6401,-10.1902,-9.7407,-10.0718,0.1157
18.2520,clay,0.500,0.450,0.2518,4.7167,0.1120,0.1083,-0.3735,1.5773,-9.5792,-10.1793,-9.7004,-10.0794,0.1210
18.2640,clay,0.500,0.450,0.2626,4.5796,0.1758,0.1130,-0.6289,0.9292,-9.5484,-10.2107,-9.7203,-10.0568,0.1259
18.2760,clay,0.500,0.450,0.2732,4.5503,0.1507,0.1227,-0.2402,1.0950,-9.5750,-10.2645,-9.6576,-10.1113,0.1315
18.2880,clay,0.500,0.450,0.2836,4.5795,0.0912,0.1346,-0.0330,1.2246,-9.5344,-10.3465,-9.6795,-10.0759,0.1361
18.3000,clay,0.500,0.450,0.2939,4.4299,0.1915,0.1391,0.0720,2.0601,-9.5709,-10.3429,-9.6222,-10.0424,0.1409
18.3120,clay,0.500,0.450,0.3040,4.4991,0.2024,0.1426,0.2251,1.1630,-9.5332,-10.4136,-9.6756,-10.0474,0.1466
18.3240,clay,0.500,0.450,0.3138,4.5548,0.1497,0.1409,-0.4112,2.1504,-9.4830,-10.4256,-9.6305,-10.1269,0.1527
18.3360,clay,0.500,0.450,0.3235,4.5333,0.2653,0.1473,-0.3161,1.3704,-9.5058,-10.3952,-9.6478,-10.2047,0.1582
18.3480,clay,0.500,0.450,0.3330,4.5557,0.1915,0.1631,-0.0388,1.7578,-9.5613,-10.3200,-9.6207,-10.0781,0.1623
18.3600,clay,0.500,0.450,0.3423,4.5043,0.2171,0.1700,0.2506,1.1895,-9.5274,-10.3877,-9.5204,-10.2291,0.1661
18.3720,clay,0.500,0.450,0.3513,4.5835,0.2813,0.1783,-0.1498,1.8897,-9.5130,-10.3780,-9.4985,-10.3008,0.1706
18.3840,clay,0.500,0.450,0.3602,4.5370,0.3027,0.1794,-0.1274,1.1376,-9.5295,-10.3797,-9.5914,-10.1446,0.1750
18.3960,clay,0.500,0.450,0.3688,4.5630,0.2450,0.1891,0.0306,1.7584,-9.5490,-10.3952,-9.5549,-10.1986,0.1791
18.4080,clay,0.500,0.450,0.3771,4.5590,0.2438,0.1931,-0.4307,2.0176,-9.5028,-10.4641,-9.4350,-10.2464,0.1837
18.4200,clay,0.500,0.450,0.3853,4.4653,0.2772,0.1962,-0.3883,2.7865,-9.5195,-10.4056,-9.4403,-10.3313,0.1881
18.4320,clay,0.500,0.450,0.3931,4.4753,0.3086,0.1989,0.1804,1.9050,-9.5463,-10.3727,-9.4289,-10.3482,0.1918
18.4440,clay,0.500,0.450,0.4008,4.6038,0.2090,0.1984,-0.3078,1.7987,-9.5313,-10.4282,-9.3596,-10.3321,0.1962
18.4560,clay,0.500,0.450,0.4082,4.5139,0.1851,0.2069,-0.7538,1.8316,-9.5304,-10.4278,-9.4114,-10.3689,0.1992
18.4680,clay,0.500,0.450,0.4153,4.5034,0.3076,0.2232,-0.1834,1.3670,-9.5343,-10.3960,-9.4399,-10.3045,0.2020
18.4800,clay,0.500,0.450,0.4222,4.5331,0.3468,0.2278,-0.2261,1.2161,-9.5344,-10.4707,-9.3307,-10.3187,0.2054
18.4920,clay,0.500,0.450,0.4288,4.5127,0.3186,0.2350,-0.2418,1.1316,-9.5158,-10.4959,-9.4200,-10.2861,0.2092
18.5040,clay,0.500,0.450,0.4351,4.5123,0.3684,0.2433,-0.0931,1.6781,-9.4923,-10.5227,-9.4166,-10.3372,0.2124
18.5160,clay,0.500,0.450,0.4411,4.5998,0.3084,0.2476,-0.2866,0.9133,-9.5151,-10.4750,-9.4113,-10.3253,0.2153
18.5280,clay,0.500,0.450,0.4469,4.5330,0.2780,0.2600,-0.0805,1.5842,-9.4766,-10.4786,-9.4248,-10.3222,0.2179
18.5400,clay,0.500,0.450,0.4524,4.6293,0.2762,0.2603,0.2183,2.1040,-9.4229,-10.5486,-9.4163,-10.2994,0.2203
18.5520,clay,0.500,0.450,0.4576,4.4853,0.3480,0.2620,-0.9555,2.9923,-9.5010,-10.4859,-9.4179,-10.2532,0.2232
18.5640,clay,0.500,0.450,0.4625,4.5460,0.5250,0.2620,0.5302,1.9794,-9.4666,-10.4927,-9.4253,-10.4022,0.2256
18.5760,clay,0.500,0.450,0.4672,4.5725,0.3871,0.2593,-0.4342,2.7170,-9.4679,-10.5028,-9.4340,-10.2726,0.2278
18.5880,clay,0.500,0.450,0.4715,4.5216,0.4431,0.2623,0.3747,1.3662,-9.5018,-10.4987,-9.4342,-10.2252,0.2295
18.6000,clay,0.500,0.450,0.4755,4.5355,0.4603,0.2704,-0.1994,1.3776,-9.4483,-10.5519,-9.3475,-10.3509,0.2315
18.6120,clay,0.500,0.450,0.4793,4.5692,0.5378,0.2776,-0.1385,1.5450,-9.4576,-10.5786,-9.4583,-10.2147,0.2339
18.6240,clay,0.500,0.450,0.4827,4.4781,0.4299,0.2811,0.2391,0.8913,-9.4884,-10.5653,-9.3583,-10.3473,0.2361
18.6360,clay,0.500,0.450,0.4858,4.4630,0.3562,0.2895,-0.2166,1.5221,-9.4613,-10.5913,-9.3562,-10.3602,0.2378
18.6480,clay,0.500,0.450,0.4886,4.5591,0.4037,0.2949,-0.1268,1.4994,-9.5028,-10.5886,-9.2917,-10.3726,0.2394
18.6600,clay,0.500,0.450,0.4911,4.5547,0.4638,0.2928,0.1807,1.3624,-9.4465,-10.5737,-9.3062,-10.4762,0.2405
18.6720,clay,0.500,0.450,0.4933,4.5757,0.5017,0.2977,-0.0598,2.0646,-9.4614,-10.5728,-9.3022,-10.4927,0.2412
18.6840,clay,0.500,0.450,0.4952,4.5732,0.4328,0.2962,-0.6248,1.8097,-9.5283,-10.5613,-9.3182,-10.3555,0.2421
18.6960,clay,0.500,0.450,0.4968,4.4880,0.4319,0.2989,-0.2002,1.6495,-9.4921,-10.5593,-9.2020,-10.5509,0.2428
18.7080,clay,0.500,0.450,0.4981,4.5057,0.4529,0.3040,0.1109,2.4495,-9.5022,-10.5940,-9.3464,-10.2741,0.2435
18.7200,clay,0.500,0.450,0.4990,4.4973,0.4444,0.3082,-0.0845,2.0033,-9.4849,-10.5561,-9.2460,-10.3704,0.2443
18.7320,clay,0.500,0.450,0.4996,4.4987,0.4414,0.3089,-0.2003,1.2360,-9.4494,-10.5428,-9.2849,-10.2915,0.2449
18.7440,clay,0.500,0.450,0.5000,4.5320,0.3536,0.3092,-0.2443,1.7617,-9.4532,-10.5494,-9.2746,-10.3701,0.2450
18.7560,clay,0.500,0.450,0.5000,4.5507,0.3440,0.3092,-0.3290,1.8386,-9.4709,-10.5788,-9.2559,-10.3215,0.2450
18.7680,clay,0.500,0.450,0.4996,4.5125,0.4576,0.3065,0.1276,1.5045,-9.4789,-10.5596,-9.2956,-10.2534,0.2451
18.7800,clay,0.500,0.450,0.4990,4.4574,0.4738,0.3079,0.0607,1.2476,-9.5232,-10.5805,-9.2911,-10.2881,0.2450
18.7920,clay,0.500,0.450,0.4981,4.5441,0.4232,0.3086,-0.6839,1.7611,-9.5136,-10.5679,-9.2112,-10.3033,0.2444
18.8040,clay,0.500,0.450,0.4968,4.5028,0.4457,0.3152,0.3265,1.0773,-9.4800,-10.5759,-9.2198,-10.3927,0.2434
18.8160,clay,0.500,0.450,0.4952,4.5367,0.3558,0.3196,-0.2772,1.9435,-9.4521,-10.5825,-9.2039,-10.3736,0.2429
18.8280,clay,0.500,0.450,0.4933,4.4877,0.4748,0.3235,0.3446,1.4486,-9.4474,-10.5860,-9.2247,-10.3073,0.2424
18.8400,clay,0.500,0.450,0.4911,4.5671,0.4711,0.3246,-0.4666,1.8276,-9.4052,-10.5901,-9.1828,-10.4062,0.2418
18.8520,clay,0.500,0.450,0.4886,4.5517,0.4145,0.3278,0.0439,1.0440,-9.4353,-10.6024,-9.1873,-10.3448,0.2405
18.8640,clay,0.500,0.450,0.4858,4.5151,0.4780,0.3276,-0.4099,1.6326,-9.4316,-10.6049,-9.2695,-10.3724,0.2394
18.8760,clay,0.500,0.450,0.4827,4.5574,0.4140,0.3283,-0.0586,0.9491,-9.4767,-10.6060,-9.1568,-10.4670,0.2381
18.8880,clay,0.500,0.450,0.4793,4.4518,0.3799,0.3245,-0.2460,1.5833,-9.5263,-10.5938,-9.1646,-10.3691,0.2363
18.9000,clay,0.500,0.450,0.4755,4.5037,0.4954,0.3261,-0.1570,1.1041,-9.4607,-10.5896,-9.2391,-10.3755,0.2343
18.9120,clay,0.500,0.450,0.4715,4.5120,0.4567,0.3230,-0.2891,1.4360,-9.4741,-10.5861,-9.1325,-10.5196,0.2326
18.9240,clay,0.500,0.450,0.4672,4.5239,0.4449,0.3232,0.0209,1.3963,-9.4800,-10.5708,-9.1650,-10.4921,0.2310
18.9360,clay,0.500,0.450,0.4625,4.4829,0.5090,0.3202,-0.3904,1.3558,-9.4856,-10.5730,-9.1858,-10.4395,0.2287
18.9480,clay,0.500,0.450,0.4576,4.5902,0.5304,0.3115,0.0763,1.0357,-9.5480,-10.5586,-9.1082,-10.4418,0.2262
18.9600,clay,0.500,0.450,0.4524,4.4928,0.3650,0.3073,-0.1365,1.6773,-9.5238,-10.5156,-9.2294,-10.4012,0.2238
18.9720,clay,0.500,0.450,0.4469,4.4861,0.4560,0.3039,-0.0175,1.0919,-9.5046,-10.5326,-9.2227,-10.3445,0.2216
18.9840,clay,0.500,0.450,0.4411,4.5562,0.3973,0.3018,-0.0659,1.4601,-9.5613,-10.5063,-9.2189,-10.3346,0.2186
18.9960,clay,0.500,0.450,0.4351,4.5597,0.4313,0.3006,-0.0727,0.9002,-9.5504,-10.4720,-9.2280,-10.4404,0.2156
19.0080,clay,0.500,0.450,0.4288,4.4200,0.4330,0.2934,-0.2640,1.1145,-9.5279,-10.4945,-9.1954,-10.3587,0.2129
19.0200,clay,0.500,0.450,0.4222,4.5002,0.4638,0.2924,-0.0879,1.0668,-9.5243,-10.4672,-9.2657,-10.3189,0.2104
19.0320,clay,0.500,0.450,0.4153,4.5502,0.3774,0.2906,-0.2992,1.0375,-9.5542,-10.4421,-9.2565,-10.3580,0.2071
19.0440,clay,0.500,0.450,0.4082,4.6157,0.3919,0.2889,0.0432,0.8276,-9.5834,-10.3918,-9.2146,-10.3857,0.2035
19.0560,clay,0.500,0.450,0.4008,4.5146,0.4518,0.2880,-0.0019,0.8266,-9.5850,-10.4083,-9.2759,-10.3190,0.1996
19.0680,clay,0.500,0.450,0.3931,4.5276,0.4507,0.2816,-0.2791,1.1164,-9.5473,-10.3933,-9.2698,-10.3248,0.1958
19.0800,clay,0.500,0.450,0.3853,4.6095,0.4086,0.2741,-0.0426,1.1841,-9.5233,-10.4113,-9.2552,-10.3383,0.1924
19.0920,clay,0.500,0.450,0.3771,4.5363,0.3265,0.2663,-0.1085,1.1357,-9.5496,-10.3795,-9.3177,-10.3366,0.1891
19.1040,clay,0.500,0.450,0.3688,4.5394,0.3590,0.2633,0.1140,0.1053,-9.5917,-10.3672,-9.2953,-10.2677,0.1856
19.1160,clay,0.500,0.450,0.3602,4.5584,0.3700,0.2594,0.0968,0.9635,-9.6371,-10.2995,-9.2522,-10.2688,0.1811
19.1280,clay,0.500,0.450,0.3513,4.5380,0.4166,0.2564,-0.3017,1.0421,-9.6686,-10.2905,-9.3494,-10.3072,0.1762
19.1400,clay,0.500,0.450,0.3423,4.6412,0.3644,0.2560,-0.1085,0.7020,-9.5715,-10.3276,-9.2945,-10.2989,0.1720
19.1520,clay,0.500,0.450,0.3330,4.4938,0.3905,0.2505,0.0204,0.3441,-9.5573,-10.3508,-9.2934,-10.3440,0.1682
19.1640,clay,0.500,0.450,0.3235,4.4380,0.4156,0.2481,-0.1338,0.7054,-9.6030,-10.3173,-9.3693,-10.2849,0.1641
19.1760,clay,0.500,0.450,0.3138,4.5326,0.3199,0.2457,0.2627,0.2245,-9.6288,-10.3333,-9.2965,-10.3084,0.1595
19.1880,clay,0.500,0.450,0.3040,4.5565,0.3252,0.2395,0.0856,0.0675,-9.6638,-10.2941,-9.3272,-10.2842,0.1544
19.2000,clay,0.500,0.450,0.2939,4.4646,0.3550,0.2370,0.1654,0.5398,-9.6960,-10.2568,-9.3774,-10.2670,0.1494
19.2120,clay,0.500,0.450,0.2836,4.5363,0.3329,0.2327,0.2219,-0.3598,-9.6430,-10.2983,-9.3547,-10.2805,0.1447
19.2240,clay,0.500,0.450,0.2732,4.5197,0.3440,0.2304,0.1267,0.3279,-9.6654,-10.2707,-9.4270,-10.2396,0.1400
19.2360,clay,0.500,0.450,0.2626,4.5373,0.2816,0.2249,0.0493,-0.2424,-9.6866,-10.2433,-9.3963,-10.2407,0.1340
19.2480,clay,0.500,0.450,0.2518,4.5471,0.3172,0.2134,-0.2940,-0.0771,-9.6973,-10.2639,-9.3676,-10.2543,0.1288
19.2600,clay,0.500,0.450,0.2409,4.4737,0.2849,0.2087,0.2339,0.1700,-9.6861,-10.2313,-9.4783,-10.2028,0.1243
19.2720,clay,0.500,0.450,0.2298,4.5065,0.3279,0.2053,-0.2786,-0.1619,-9.7117,-10.2117,-9.4596,-10.2704,0.1194
19.2840,clay,0.500,0.450,0.2186,4.5063,0.2593,0.2014,-0.1903,0.2706,-9.7335,-10.1894,-9.4219,-10.2911,0.1139
19.2960,clay,0.500,0.450,0.2072,4.5437,0.3033,0.1960,-0.2018,0.1523,-9.7697,-10.1690,-9.5012,-10.2315,0.1074
19.3080,clay,0.500,0.450,0.1957,4.5042,0.2740,0.1819,0.0706,0.5557,-9.7506,-10.1201,-9.5022,-10.2046,0.1013
19.3200,clay,0.500,0.450,0.1841,4.5402,0.2110,0.1723,-0.1869,-0.0073,-9.7234,-10.1344,-9.5080,-10.1641,0.0962
19.3320,clay,0.500,0.450,0.1723,4.4904,0.2493,0.1610,-0.1417,0.4851,-9.7912,-10.0710,-9.5754,-10.1818,0.0909
19.3440,clay,0.500,0.450,0.1605,4.5600,0.2567,0.1549,0.2954,-0.1371,-9.8327,-10.0487,-9.5373,-10.1027,0.0849
19.3560,clay,0.500,0.450,0.1485,4.5633,0.2100,0.1484,0.0271,0.4014,-9.8046,-9.9937,-9.5029,-10.1884,0.0784
19.3680,clay,0.500,0.450,0.1365,4.5036,0.2490,0.1407,0.3073,-0.1463,-9.8199,-10.0276,-9.6080,-10.1365,0.0730
19.3800,clay,0.500,0.450,0.1243,4.5172,0.1447,0.1386,0.4413,-0.5602,-9.7914,-10.0150,-9.5988,-10.1100,0.0671
19.3920,clay,0.500,0.450,0.1121,4.5095,0.1911,0.1291,0.2991,-0.6477,-9.7810,-9.9992,-9.5529,-10.1517,0.0606
19.4040,clay,0.500,0.450,0.0999,4.5056,0.1386,0.1282,-0.1229,-0.0047,-9.8259,-9.9911,-9.6324,-10.1045,0.0540
19.4160,clay,0.500,0.450,0.0875,4.5612,0.2128,0.1202,0.1496,-0.9409,-9.8087,-10.0117,-9.6325,-10.0575,0.0482
19.4280,clay,0.500,0.450,0.0751,4.5406,0.1432,0.1063,0.0226,-0.9524,-9.8741,-9.9626,-9.5903,-10.0939,0.0428
19.4400,clay,0.500,0.450,0.0627,4.5925,0.1612,0.1028,-0.2953,-0.3838,-9.9177,-9.9358,-9.6299,-10.0882,0.0372
19.4520,clay,0.500,0.450,0.0502,4.5832,0.2092,0.0999,-0.9243,-0.5804,-9.9064,-9.9267,-9.7077,-10.0295,0.0303
19.4640,clay,0.500,0.450,0.0377,4.5668,0.1208,0.0913,0.2343,0.2295,-9.8490,-9.9006,-9.6838,-10.0316,0.0235
19.4760,clay,0.500,0.450,0.0251,4.5552,0.0926,0.0815,-0.0878,-0.5581,-9.9275,-9.8856,-9.7610,-9.9772,0.0172
19.4880,clay,0.500,0.450,0.0126,4.5777,0.1506,0.0637,0.1852,-0.3194,-9.8704,-9.9038,-9.7690,-9.9933,0.0113
19.5000,clay,0.500,0.450,-0.0000,4.5886,0.1415,0.0579,0.0644,-0.9581,-9.8316,-9.9142,-9.7071,-9.9745,0.0055
19.5120,clay,0.500,0.450,-0.0126,4.4582,0.1176,0.0483,-0.1421,-0.6869,-9.9292,-9.8571,-9.8150,-9.9673,-0.0002
19.5240,clay,0.500,0.450,-0.0251,4.5739,0.0150,0.0391,-0.0555,-1.0139,-9.9988,-9.7933,-9.7974,-9.9662,-0.0064
19.5360,clay,0.500,0.450,-0.0377,4.6001,0.0923,0.0311,0.2904,-0.1972,-10.0425,-9.8238,-9.7285,-9.9718,-0.0130
19.5480,clay,0.500,0.450,-0.0502,4.5725,0.0167,0.0255,-0.2663,-0.5691,-10.0968,-9.7716,-9.7855,-9.9332,-0.0196
19.5600,clay,0.500,0.450,-0.0627,4.5499,0.1189,0.0214,0.0797,-0.5841,-10.0118,-9.7837,-9.7714,-9.8911,-0.0256
19.5720,clay,0.500,0.450,-0.0751,4.4875,0.0274,0.0127,0.2167,-1.3466,-9.9605,-9.8301,-9.8654,-9.8760,-0.0318
19.5840,clay,0.500,0.450,-0.0875,4.6162,0.0234,0.0077,0.2418,-0.1764,-10.0300,-9.8096,-9.8848,-9.8996,-0.0388
19.5960,clay,0.500,0.450,-0.0999,4.5178,-0.0232,0.0007,-0.1536,-0.7594,-10.0334,-9.8665,-9.8464,-9.9338,-0.0446
19.6080,clay,0.500,0.450,-0.1121,4.5851,-0.0198,-0.0131,0.1370,-0.8593,-9.9898,-9.8409,-9.8601,-9.8632,-0.0508
19.6200,clay,0.500,0.450,-0.1243,4.5431,0.0051,-0.0202,0.2123,-1.1775,-10.0178,-9.8001,-9.8915,-9.8358,-0.0565
19.6320,clay,0.500,0.450,-0.1365,4.6779,-0.0076,-0.0300,-0.0977,-0.9085,-10.0503,-9.7296,-9.9242,-9.8483,-0.0627
19.6440,clay,0.500,0.450,-0.1485,4.6184,-0.0514,-0.0389,0.0736,-1.9659,-10.0468,-9.7448,-9.8893,-9.8589,-0.0689
19.6560,clay,0.500,0.450,-0.1605,4.5725,-0.0426,-0.0426,-0.0966,-1.0672,-10.0365,-9.7219,-9.8925,-9.8387,-0.0742
19.6680,clay,0.500,0.450,-0.1723,4.7117,-0.0315,-0.0556,0.0388,-0.6574,-10.2008,-9.6613,-9.9468,-9.7961,-0.0794
19.6800,clay,0.500,0.450,-0.1841,4.5915,-0.0792,-0.0595,-0.3735,-1.4826,-10.1645,-9.7304,-9.9748,-9.7977,-0.0852
19.6920,clay,0.500,0.450,-0.1957,4.5887,-0.0687,-0.0650,-0.1689,-1.7322,-10.2080,-9.6469,-9.8633,-9.8358,-0.0922
19.7040,clay,0.500,0.450,-0.2072,4.5931,-0.1311,-0.0655,-0.3094,-1.0591,-10.2015,-9.6366,-9.9952,-9.7923,-0.0982
19.7160,clay,0.500,0.450,-0.2186,4.6247,-0.0667,-0.0722,0.0607,-2.2449,-10.1703,-9.6341,-10.0046,-9.7973,-0.1035
19.7280,clay,0.500,0.450,-0.2298,4.4943,-0.1050,-0.0828,-0.7511,-1.4749,-10.1397,-9.6154,-10.0413,-9.7573,-0.1089
19.7400,clay,0.500,0.450,-0.2409,4.4449,-0.0936,-0.0882,-0.1575,-1.1210,-10.1628,-9.6493,-10.0276,-9.7234,-0.1151
19.7520,clay,0.500,0.450,-0.2518,4.5418,-0.1296,-0.0974,-0.1855,-1.2399,-10.2512,-9.5689,-10.0708,-9.7237,-0.1218
19.7640,clay,0.500,0.450,-0.2626,4.5070,-0.0654,-0.1062,0.1923,-1.3101,-10.1821,-9.6303,-9.9978,-9.7242,-0.1272
19.7760,clay,0.500,0.450,-0.2732,4.5587,-0.1824,-0.1158,0.2725,-1.4033,-10.1724,-9.6598,-9.9876,-9.6680,-0.1315
19.7880,clay,0.500,0.450,-0.2836,4.4942,-0.1899,-0.1291,-0.0781,-1.1209,-10.2351,-9.6689,-10.1067,-9.6475,-0.1375
19.8000,clay,0.500,0.450,-0.2939,4.5905,-0.2154,-0.1335,-0.2584,-1.6755,-10.2635,-9.6750,-10.0317,-9.6329,-0.1426
19.8120,clay,0.500,0.450,-0.3040,4.5802,-0.2203,-0.1361,-0.0922,-1.6320,-10.1788,-9.7319,-10.0531,-9.6140,-0.1467
19.8240,clay,0.500,0.450,-0.3138,4.6215,-0.1819,-0.1381,-0.4464,-1.1676,-10.2246,-9.6761,-10.1236,-9.5652,-0.1513
19.8360,clay,0.500,0.450,-0.3235,4.5706,-0.1193,-0.1435,0.0836,-1.7408,-10.2631,-9.6172,-10.1744,-9.5875,-0.1560
19.8480,clay,0.500,0.450,-0.3330,4.5820,-0.1882,-0.1518,-0.1645,-2.2271,-10.2480,-9.6239,-10.0440,-9.5735,-0.1604
19.8600,clay,0.500,0.450,-0.3423,4.5012,-0.2119,-0.1583,-0.1510,-1.4151,-10.2421,-9.6140,-10.1125,-9.5085,-0.1662
19.8720,clay,0.500,0.450,-0.3513,4.5169,-0.2652,-0.1657,-0.1912,-1.0459,-10.3054,-9.5594,-10.1501,-9.5299,-0.1715
19.8840,clay,0.500,0.450,-0.3602,4.5830,-0.2973,-0.1749,0.0589,-1.3528,-10.2951,-9.5873,-10.1100,-9.5280,-0.1753
19.8960,clay,0.500,0.450,-0.3688,4.4899,-0.2517,-0.1772,0.2645,-1.7163,-10.2564,-9.5833,-10.1233,-9.4847,-0.1794
19.9080,clay,0.500,0.450,-0.3771,4.5451,-0.2171,-0.1975,0.4450,-1.8468,-10.3071,-9.5251,-10.0987,-9.5233,-0.1835
19.9200,clay,0.500,0.450,-0.3853,4.5249,-0.2472,-0.2008,-0.3455,-1.2048,-10.3461,-9.5013,-10.1614,-9.5277,-0.1879
19.9320,clay,0.500,0.450,-0.3931,4.5929,-0.2845,-0.2096,-0.2120,-1.7658,-10.3175,-9.4795,-10.2553,-9.4990,-0.1920
19.9440,clay,0.500,0.450,-0.4008,4.4808,-0.3128,-0.2095,-0.4295,-1.9591,-10.3031,-9.5076,-10.2953,-9.4248,-0.1953
19.9560,clay,0.500,0.450,-0.4082,4.4754,-0.3005,-0.2167,-0.6048,-1.5496,-10.3400,-9.5037,-10.1703,-9.4809,-0.1985
19.9680,clay,0.500,0.450,-0.4153,4.5149,-0.3029,-0.2190,-0.4765,-1.4594,-10.3994,-9.4905,-10.3350,-9.3936,-0.2017
19.9800,clay,0.500,0.450,-0.4222,4.5344,-0.3684,-0.2216,-0.1280,-1.8004,-10.3717,-9.5194,-10.2456,-9.3961,-0.2056
19.9920,clay,0.500,0.450,-0.4288,4.4684,-0.3193,-0.2230,0.4727,-2.0232,-10.3977,-9.5045,-10.4712,-9.2725,-0.2097
20.0040,clay,0.500,0.450,-0.4351,4.4785,-0.3891,-0.2238,-0.7315,-1.4939,-10.3831,-9.5432,-10.3652,-9.3665,-0.2125
20.0160,clay,0.500,0.450,-0.4411,4.4904,-0.3386,-0.2271,-0.7907,-1.6718,-10.3497,-9.5717,-10.2138,-9.4321,-0.2149
20.0280,clay,0.500,0.450,-0.4469,4.5210,-0.3026,-0.2445,-0.1608,-1.7548,-10.3342,-9.5812,-10.2255,-9.3786,-0.2174
20.0400,clay,0.500,0.450,-0.4524,4.5823,-0.4035,-0.2513,0.0973,-2.0183,-10.3884,-9.5078,-10.2406,-9.4066,-0.2201
20.0520,clay,0.500,0.450,-0.4576,4.5387,-0.4356,-0.2536,-0.8016,-2.3362,-10.4203,-9.4645,-10.2636,-9.4020,-0.2229
20.0640,clay,0.500,0.450,-0.4625,4.5765,-0.4230,-0.2638,0.7254,-1.6475,-10.4687,-9.4623,-10.1423,-9.4430,-0.2256
20.0760,clay,0.500,0.450,-0.4672,4.5139,-0.3044,-0.2637,-0.9994,-1.6913,-10.5062,-9.4294,-10.1427,-9.4425,-0.2280
20.0880,clay,0.500,0.450,-0.4715,4.4729,-0.3296,-0.2753,0.1552,-1.6240,-10.4903,-9.4557,-10.2437,-9.4044,-0.2301
20.1000,clay,0.500,0.450,-0.4755,4.4829,-0.3598,-0.2758,0.6539,-1.3848,-10.4995,-9.4926,-10.2848,-9.3850,-0.2320
20.1120,clay,0.500,0.450,-0.4793,4.5328,-0.3898,-0.2757,-0.7240,-1.8370,-10.4765,-9.4790,-10.3254,-9.3919,-0.2339
20.1240,clay,0.500,0.450,-0.4827,4.4357,-0.4104,-0.2736,-0.2797,-1.9004,-10.5084,-9.4838,-10.1096,-9.3961,-0.2359
20.1360,clay,0.500,0.450,-0.4858,4.5640,-0.5001,-0.2728,-1.1390,-2.6157,-10.5001,-9.4959,-10.3333,-9.3207,-0.2377
20.1480,clay,0.500,0.450,-0.4886,4.5068,-0.4042,-0.2788,0.2584,-1.2854,-10.4960,-9.5195,-10.2215,-9.3655,-0.2389
20.1600,clay,0.500,0.450,-0.4911,4.4613,-0.4052,-0.2803,-0.5450,-1.8457,-10.4970,-9.5386,-10.0891,-9.3451,-0.2402
20.1720,clay,0.500,0.450,-0.4933,4.5387,-0.4104,-0.2821,-0.3001,-1.7862,-10.5309,-9.5163,-10.3181,-9.2474,-0.2413
20.1840,clay,0.500,0.450,-0.4952,4.5661,-0.4513,-0.2884,0.3479,-1.1973,-10.5414,-9.4681,-10.2593,-9.3328,-0.2426
20.1960,clay,0.500,0.450,-0.4968,4.4213,-0.5001,-0.2907,0.1344,-1.4979,-10.5093,-9.5053,-10.2956,-9.2495,-0.2438
20.2080,clay,0.500,0.450,-0.4981,4.5149,-0.3588,-0.2980,-0.1253,-1.7606,-10.5166,-9.4768,-10.3256,-9.2132,-0.2443
20.2200,clay,0.500,0.450,-0.4990,4.5789,-0.4330,-0.2984,-0.7768,-1.9072,-10.5116,-9.4920,-10.3905,-9.2388,-0.2450
20.2320,clay,0.500,0.450,-0.4996,4.5452,-0.4452,-0.2956,-0.1328,-1.4789,-10.5111,-9.4940,-10.2070,-9.2649,-0.2455
20.2440,clay,0.500,0.450,-0.5000,4.4296,-0.5291,-0.2912,0.2996,-2.5349,-10.4953,-9.5087,-10.2333,-9.2889,-0.2456
20.2560,clay,0.500,0.450,-0.5000,4.4892,-0.3891,-0.2940,-0.3300,-1.4528,-10.4463,-9.5611,-10.2841,-9.2271,-0.2454
20.2680,clay,0.500,0.450,-0.4996,4.4771,-0.4510,-0.3028,0.2899,-1.3806,-10.4576,-9.5237,-10.2134,-9.2483,-0.2450
20.2800,clay,0.500,0.450,-0.4990,4.5007,-0.4903,-0.3035,-0.0783,-0.8338,-10.5099,-9.4715,-10.2851,-9.2670,-0.2449
20.2920,clay,0.500,0.450,-0.4981,4.4936,-0.4171,-0.3067,-0.1523,-2.1737,-10.4946,-9.4647,-10.3952,-9.1439,-0.2449
20.3040,clay,0.500,0.450,-0.4968,4.5241,-0.4280,-0.3093,-0.0784,-0.7725,-10.5277,-9.4393,-10.3085,-9.2165,-0.2445
20.3160,clay,0.500,0.450,-0.4952,4.4972,-0.3949,-0.3090,-0.0857,-1.5891,-10.5129,-9.4697,-10.4146,-9.1706,-0.2441
20.3280,clay,0.500,0.450,-0.4933,4.4122,-0.4673,-0.3180,0.3004,-1.2162,-10.5656,-9.4411,-10.2794,-9.1695,-0.2431
20.3400,clay,0.500,0.450,-0.4911,4.4951,-0.4035,-0.3195,-0.1271,-1.7683,-10.5100,-9.4547,-10.3519,-9.2221,-0.2420
20.3520,clay,0.500,0.450,-0.4886,4.5699,-0.4396,-0.3177,-0.5611,-1.8684,-10.5247,-9.4754,-10.3126,-9.2009,-0.2410
20.3640,clay,0.500,0.450,-0.4858,4.4727,-0.4409,-0.3164,-0.6782,-1.8520,-10.5006,-9.4760,-10.3439,-9.2276,-0.2398
20.3760,clay,0.500,0.450,-0.4827,4.5356,-0.5125,-0.3201,0.1976,-1.2743,-10.5332,-9.4462,-10.3233,-9.2270,-0.2385
20.3880,clay,0.500,0.450,-0.4793,4.5734,-0.4918,-0.3188,-0.0109,-1.5627,-10.5227,-9.4902,-10.3145,-9.1962,-0.2370
20.4000,clay,0.500,0.450,-0.4755,4.4987,-0.4774,-0.3173,-0.0018,-1.0597,-10.5161,-9.4714,-10.3551,-9.2379,-0.2352
20.4120,clay,0.500,0.450,-0.4715,4.5078,-0.4701,-0.3178,-0.0456,-1.4149,-10.5308,-9.5136,-10.3534,-9.2011,-0.2333
20.4240,clay,0.500,0.450,-0.4672,4.4717,-0.5451,-0.3181,-0.0426,-0.9436,-10.5108,-9.5358,-10.3311,-9.1929,-0.2313
20.4360,clay,0.500,0.450,-0.4625,4.5147,-0.4852,-0.3171,-0.2578,-1.1476,-10.5781,-9.4681,-10.3032,-9.2251,-0.2291
20.4480,clay,0.500,0.450,-0.4576,4.4017,-0.4815,-0.3168,-0.0170,-1.0594,-10.5289,-9.4806,-10.3475,-9.1919,-0.2272
20.4600,clay,0.500,0.450,-0.4524,4.5392,-0.4238,-0.3162,-0.0360,-1.0862,-10.5307,-9.5034,-10.3681,-9.1467,-0.2250
20.4720,clay,0.500,0.450,-0.4469,4.5993,-0.4415,-0.3152,0.0279,-1.3002,-10.5350,-9.5247,-10.3374,-9.2231,-0.2222
20.4840,clay,0.500,0.450,-0.4411,4.5647,-0.3267,-0.3089,-0.0327,-1.5676,-10.4676,-9.5808,-10.3465,-9.1838,-0.2190
20.4960,clay,0.500,0.450,-0.4351,4.5354,-0.4601,-0.3093,-0.2075,-1.0583,-10.4531,-9.5878,-10.3251,-9.2323,-0.2160
20.5080,clay,0.500,0.450,-0.4288,4.4498,-0.4781,-0.3000,-0.1540,-1.1882,-10.5296,-9.5228,-10.3309,-9.2293,-0.2132
20.5200,clay,0.500,0.450,-0.4222,4.4897,-0.4000,-0.2964,0.0731,-0.5857,-10.5022,-9.5771,-10.3297,-9.2292,-0.2104
20.5320,clay,0.500,0.450,-0.4153,4.5142,-0.5322,-0.2932,-0.0647,-1.1399,-10.4702,-9.5674,-10.2966,-9.2874,-0.2071
20.5440,clay,0.500,0.450,-0.4082,4.5790,-0.3997,-0.2894,-0.0066,-0.9808,-10.4090,-9.6282,-10.3472,-9.2518,-0.2037
20.5560,clay,0.500,0.450,-0.4008,4.4938,-0.4555,-0.2873,-0.0736,-1.2519,-10.4860,-9.5941,-10.3127,-9.2517,-0.2004
20.5680,clay,0.500,0.450,-0.3931,4.4185,-0.4159,-0.2790,0.0175,-0.9208,-10.4147,-9.6111,-10.2885,-9.2764,-0.1964
20.5800,clay,0.500,0.450,-0.3853,4.5847,-0.4421,-0.2774,-0.2577,-0.7469,-10.4094,-9.5941,-10.2743,-9.2636,-0.1923
20.5920,clay,0.500,0.450,-0.3771,4.4804,-0.4049,-0.2740,0.2028,-0.5812,-10.3830,-9.6071,-10.2172,-9.3740,-0.1886
20.6040,clay,0.500,0.450,-0.3688,4.5539,-0.4937,-0.2721,-0.0084,-0.4771,-10.3374,-9.6317,-10.2894,-9.2949,-0.1848
20.6160,clay,0.500,0.450,-0.3602,4.5503,-0.3517,-0.2674,-0.0673,-0.7691,-10.3298,-9.6336,-10.3189,-9.2778,-0.1807
20.6280,clay,0.500,0.450,-0.3513,4.4972,-0.4179,-0.2612,-0.0417,-1.0368,-10.3032,-9.6710,-10.3150,-9.3372,-0.1758
20.6400,clay,0.500,0.450,-0.3423,4.5466,-0.3395,-0.2592,0.2886,-0.3511,-10.3172,-9.5957,-10.2571,-9.3711,-0.1712
20.6520,clay,0.500,0.450,-0.3330,4.5153,-0.3195,-0.2512,-0.4696,-0.4059,-10.2821,-9.6357,-10.2450,-9.3728,-0.1672
20.6640,clay,0.500,0.450,-0.3235,4.5257,-0.4498,-0.2471,-0.7895,-0.9012,-10.2975,-9.6330,-10.2880,-9.4150,-0.1631
20.6760,clay,0.500,0.450,-0.3138,4.5371,-0.2859,-0.2420,0.0197,-0.2921,-10.2070,-9.6778,-10.2696,-9.3891,-0.1584
20.6880,clay,0.500,0.450,-0.3040,4.4843,-0.3099,-0.2309,0.2127,-0.6324,-10.2029,-9.7235,-10.1889,-9.4000,-0.1529
20.7000,clay,0.500,0.450,-0.2939,4.5022,-0.3842,-0.2265,0.3663,-0.3003,-10.2044,-9.6841,-10.2081,-9.4333,-0.1482
20.7120,clay,0.500,0.450,-0.2836,4.4286,-0.3760,-0.2288,0.1270,0.1006,-10.2588,-9.6146,-10.2077,-9.3920,-0.1438
20.7240,clay,0.500,0.450,-0.2732,4.4822,-0.3299,-0.2262,0.0195,-0.4120,-10.2008,-9.6900,-10.2175,-9.3957,-0.1387
20.7360,clay,0.500,0.450,-0.2626,4.6394,-0.2611,-0.2237,-0.1215,-0.4564,-10.2174,-9.7059,-10.1954,-9.4484,-0.1334
20.7480,clay,0.500,0.450,-0.2518,4.4655,-0.2901,-0.2142,-0.1568,-0.3652,-10.1953,-9.7469,-10.2341,-9.3895,-0.1276
20.7600,clay,0.500,0.450,-0.2409,4.5949,-0.3326,-0.2104,0.1839,-0.4774,-10.2391,-9.7172,-10.1893,-9.4345,-0.1227
20.7720,clay,0.500,0.450,-0.2298,4.4300,-0.2938,-0.2065,0.3039,0.0062,-10.1608,-9.7025,-10.2159,-9.4750,-0.1175
20.7840,clay,0.500,0.450,-0.2186,4.4190,-0.2251,-0.2017,0.0514,-0.2818,-10.1652,-9.7051,-10.2541,-9.4551,-0.1113
20.7960,clay,0.500,0.450,-0.2072,4.5039,-0.3860,-0.1947,0.1588,-0.4290,-10.1415,-9.7302,-10.1982,-9.4838,-0.1058
20.8080,clay,0.500,0.450,-0.1957,4.5400,-0.3477,-0.1788,-0.0961,-0.5802,-10.0803,-9.8008,-10.1780,-9.5068,-0.0997
20.8200,clay,0.500,0.450,-0.1841,4.4812,-0.1728,-0.1690,0.1192,0.2751,-10.1372,-9.7571,-10.1674,-9.5184,-0.0953
20.8320,clay,0.500,0.450,-0.1723,4.5105,-0.2533,-0.1599,0.0873,-0.6356,-10.1166,-9.8105,-10.1507,-9.5795,-0.0906
20.8440,clay,0.500,0.450,-0.1605,4.5473,-0.2182,-0.1598,0.4406,0.4373,-9.9862,-9.8410,-10.1027,-9.5862,-0.0826
20.8560,clay,0.500,0.450,-0.1485,4.5855,-0.2529,-0.1536,0.1677,-0.1536,-10.0386,-9.8153,-10.1612,-9.5495,-0.0760
20.8680,clay,0.500,0.450,-0.1365,4.5509,-0.2057,-0.1411,0.1946,0.0297,-10.0577,-9.7633,-10.0525,-9.6287,-0.0709
20.8800,clay,0.500,0.450,-0.1243,4.6064,-0.1120,-0.1382,0.0397,-0.2639,-10.0405,-9.8176,-10.0779,-9.6117,-0.0659
20.8920,clay,0.500,0.450,-0.1121,4.5875,-0.2005,-0.1316,0.1429,0.9493,-10.0258,-9.8893,-10.1343,-9.5399,-0.0596
20.9040,clay,0.500,0.450,-0.0999,4.5550,-0.1775,-0.1272,-0.2797,0.4354,-10.0155,-9.8881,-10.1327,-9.6175,-0.0537
20.9160,clay,0.500,0.450,-0.0875,4.5673,-0.1772,-0.1229,0.0250,0.8388,-9.9578,-9.8608,-10.0226,-9.6638,-0.0473
20.9280,clay,0.500,0.450,-0.0751,4.5465,-0.1538,-0.1051,0.0703,0.2738,-9.9934,-9.8632,-10.0720,-9.6284,-0.0416
20.9400,clay,0.500,0.450,-0.0627,4.6261,-0.1235,-0.0931,0.2756,0.6814,-9.9355,-9.8766,-10.0305,-9.7190,-0.0350
20.9520,clay,0.500,0.450,-0.0502,4.5481,-0.1560,-0.0839,-0.0236,0.4420,-9.8537,-9.9176,-9.9884,-9.7212,-0.0285
20.9640,clay,0.500,0.450,-0.0377,4.5257,-0.1666,-0.0811,0.2615,0.3834,-9.8847,-9.9355,-10.0572,-9.6939,-0.0222
20.9760,clay,0.500,0.450,-0.0251,4.5026,-0.0663,-0.0745,-0.0511,0.9804,-9.8710,-9.9840,-10.0207,-9.7913,-0.0165
20.9880,clay,0.500,0.450,-0.0126,4.5896,-0.1172,-0.0614,0.2953,0.7147,-9.8609,-9.9553,-9.9788,-9.7700,-0.0099
21.0000,clay,0.500,0.450,0.0000,4.5963,-0.0748,-0.0589,0.0437,1.1619,-9.8899,-9.9363,-10.0319,-9.6636,-0.0036
21.0120,clay,0.500,0.450,0.0126,4.5634,-0.1020,-0.0521,-0.0108,0.6861,-9.8367,-9.9566,-9.9570,-9.7959,0.0020
21.0240,clay,0.500,0.450,0.0251,4.5402,-0.0770,-0.0461,0.1373,1.2111,-9.8622,-9.9218,-9.9382,-9.7920,0.0083
21.0360,clay,0.500,0.450,0.0377,4.5291,-0.0800,-0.0371,-0.2641,0.8203,-9.8667,-9.9187,-9.9496,-9.7788,0.0142
21.0480,clay,0.500,0.450,0.0502,4.6284,-0.0424,-0.0240,0.3490,0.9541,-9.7200,-10.0707,-9.8930,-9.8471,0.0207
21.0600,clay,0.500,0.450,0.0627,4.5477,-0.0641,-0.0149,-0.1824,0.6362,-9.7490,-10.0572,-9.8833,-9.8803,0.0272
21.0720,clay,0.500,0.450,0.0751,4.4731,0.0161,-0.0084,-0.0302,1.2355,-9.8084,-10.0056,-9.8994,-9.8224,0.0334
21.0840,clay,0.500,0.450,0.0875,4.5279,-0.0310,-0.0020,0.3336,0.2998,-9.7714,-10.0921,-9.8885,-9.8749,0.0399
21.0960,clay,0.500,0.450,0.0999,4.5602,0.0355,0.0059,0.0089,1.0714,-9.7651,-10.0667,-9.8675,-9.8554,0.0466
21.1080,clay,0.500,0.450,0.1121,4.5303,0.0036,0.0222,-0.2079,1.9459,-9.7649,-10.0113,-9.8827,-9.8166,0.0524
21.1200,clay,0.500,0.450,0.1243,4.6079,0.0098,0.0261,0.1306,1.2778,-9.7838,-10.0432,-9.8703,-9.8405,0.0574
21.1320,clay,0.500,0.450,0.1365,4.5501,0.0829,0.0301,-0.0303,0.7536,-9.7311,-10.0599,-9.7995,-9.9307,0.0636
21.1440,clay,0.500,0.450,0.1485,4.5708,0.0081,0.0330,0.0001,1.3259,-9.6518,-10.0734,-9.8205,-9.9146,0.0722
21.1560,clay,0.500,0.450,0.1605,4.5439,0.0012,0.0422,-0.2183,1.4699,-9.6627,-10.0476,-9.7600,-9.9222,0.0768
21.1680,clay,0.500,0.450,0.1723,4.5713,0.0479,0.0625,-0.0050,0.6222,-9.7386,-10.1097,-9.7375,-10.0150,0.0806
21.1800,clay,0.500,0.450,0.1841,4.5923,0.1111,0.0677,-0.2753,1.1503,-9.6158,-10.1956,-9.7767,-9.9425,0.0864
21.1920,clay,0.500,0.450,0.1957,4.5644,0.0842,0.0738,0.1764,0.8197,-9.5717,-10.1984,-9.7853,-9.9899,0.0934
21.2040,clay,0.500,0.450,0.2072,4.6053,0.0395,0.0786,-0.1915,0.6762,-9.5825,-10.2310,-9.7645,-10.0298,0.0999
21.2160,clay,0.500,0.450,0.2186,4.4253,0.0639,0.0872,0.1446,1.6009,-9.6378,-10.1876,-9.7198,-10.0360,0.1050
21.2280,clay,0.500,0.450,0.2298,4.5562,0.0801,0.0958,-0.0220,2.0943,-9.6584,-10.1638,-9.6961,-10.0140,0.1103
21.2400,clay,0.500,0.450,0.2409,4.4497,0.2107,0.0966,-0.0336,1.3666,-9.6725,-10.2207,-9.6571,-10.1195,0.1161
21.2520,clay,0.500,0.450,0.2518,4.5959,0.0502,0.1023,-0.2334,0.9840,-9.6291,-10.2257,-9.6793,-10.0824,0.1216
21.2640,clay,0.500,0.450,0.2626,4.5453,0.0929,0.1079,0.1454,1.0296,-9.6550,-10.1939,-9.6014,-10.1426,0.1271
21.2760,clay,0.500,0.450,0.2732,4.5423,0.1833,0.1164,0.1838,0.7209,-9.6271,-10.2314,-9.6328,-10.0660,0.1323
21.2880,clay,0.500,0.450,0.2836,4.5132,0.1410,0.1307,0.1282,1.0744,-9.5639,-10.2566,-9.6545,-10.1063,0.1372
21.3000,clay,0.500,0.450,0.2939,4.4967,0.2233,0.1370,-0.1921,1.9693,-9.5643,-10.2517,-9.6318,-10.0903,0.1430
21.3120,clay,0.500,0.450,0.3040,4.6234,0.1545,0.1439,-0.0067,1.4083,-9.5913,-10.2177,-9.5951,-10.1174,0.1478
21.3240,clay,0.500,0.450,0.3138,4.4878,0.2051,0.1474,-0.1425,1.1652,-9.5387,-10.3342,-9.6178,-10.1494,0.1523
21.3360,clay,0.500,0.450,0.3235,4.5232,0.2904,0.1543,-0.0184,2.4089,-9.5373,-10.3256,-9.5982,-10.2204,0.1570
21.3480,clay,0.500,0.450,0.3330,4.4759,0.2758,0.1634,-0.3783,2.2913,-9.5339,-10.2765,-9.4676,-10.2075,0.1618
21.3600,clay,0.500,0.450,0.3423,4.5718,0.1555,0.1708,-0.0022,1.9166,-9.5110,-10.2655,-9.5448,-10.2023,0.1661
21.3720,clay,0.500,0.450,0.3513,4.5247,0.3003,0.1733,0.0781,1.4949,-9.4908,-10.3153,-9.5294,-10.2108,0.1705
21.3840,clay,0.500,0.450,0.3602,4.5071,0.2646,0.1809,-0.2975,1.3438,-9.5309,-10.3141,-9.5398,-10.2215,0.1743
21.3960,clay,0.500,0.450,0.3688,4.5054,0.2523,0.1883,0.0109,1.3534,-9.4552,-10.3640,-9.5360,-10.2192,0.1784
21.4080,clay,0.500,0.450,0.3771,4.5461,0.2781,0.2017,-0.0229,1.8498,-9.4955,-10.4095,-9.5034,-10.2093,0.1825
21.4200,clay,0.500,0.450,0.3853,4.5258,0.3047,0.2039,-0.4591,1.5018,-9.4689,-10.4040,-9.5179,-10.1673,0.1869
21.4320,clay,0.500,0.450,0.3931,4.5922,0.2927,0.2104,-0.3320,1.9500,-9.4569,-10.4484,-9.4936,-10.2334,0.1909
21.4440,clay,0.500,0.450,0.4008,4.4723,0.2285,0.2057,0.1095,1.5514,-9.4950,-10.4605,-9.4756,-10.1888,0.1951
21.4560,clay,0.500,0.450,0.4082,4.5359,0.3263,0.2093,-0.1099,1.8716,-9.4982,-10.4438,-9.4911,-10.2747,0.1984
21.4680,clay,0.500,0.450,0.4153,4.5328,0.3519,0.2116,-0.5315,1.8809,-9.4905,-10.4492,-9.4289,-10.3134,0.2018
21.4800,clay,0.500,0.450,0.4222,4.6444,0.3367,0.2160,0.1618,1.6277,-9.5055,-10.4601,-9.5476,-10.1445,0.2059
21.4920,clay,0.500,0.450,0.4288,4.5615,0.3627,0.2222,-0.4769,1.2713,-9.4780,-10.4851,-9.4720,-10.2686,0.2092
21.5040,clay,0.500,0.450,0.4351,4.6577,0.3021,0.2353,-0.0345,1.6407,-9.4639,-10.5000,-9.3628,-10.4438,0.2118
21.5160,clay,0.500,0.450,0.4411,4.4984,0.3154,0.2453,0.6153,0.7181,-9.5168,-10.5066,-9.2719,-10.4152,0.2150
21.5280,clay,0.500,0.450,0.4469,4.5798,0.3136,0.2555,-0.1316,1.4749,-9.4634,-10.5050,-9.3022,-10.4194,0.2183
21.5400,clay,0.500,0.450,0.4524,4.6029,0.3678,0.2593,0.4969,1.4909,-9.4413,-10.5724,-9.4298,-10.2684,0.2214
21.5520,clay,0.500,0.450,0.4576,4.4995,0.3206,0.2649,-0.1383,1.9480,-9.5100,-10.5483,-9.3933,-10.3185,0.2242
21.5640,clay,0.500,0.450,0.4625,4.5244,0.3419,0.2654,0.9506,1.6980,-9.4788,-10.5072,-9.3749,-10.3354,0.2264
21.5760,clay,0.500,0.450,0.4672,4.5782,0.4006,0.2671,-0.1781,1.9860,-9.4697,-10.5542,-9.3684,-10.3897,0.2283
21.5880,clay,0.500,0.450,0.4715,4.5264,0.3837,0.2676,-0.3053,2.1554,-9.4804,-10.5531,-9.3632,-10.3787,0.2303
21.6000,clay,0.500,0.450,0.4755,4.6670,0.3153,0.2680,-0.7041,2.6938,-9.5089,-10.5407,-9.3250,-10.4983,0.2325
21.6120,clay,0.500,0.450,0.4793,4.5715,0.4309,0.2700,0.1018,1.3292,-9.5527,-10.5278,-9.3482,-10.3722,0.2343
21.6240,clay,0.500,0.450,0.4827,4.4963,0.4058,0.2723,0.1014,1.7586,-9.5617,-10.5417,-9.3845,-10.2149,0.2358
21.6360,clay,0.500,0.450,0.4858,4.5773,0.3400,0.2779,-0.5869,1.6656,-9.5010,-10.5387,-9.4035,-10.2567,0.2369
21.6480,clay,0.500,0.450,0.4886,4.5114,0.3675,0.2932,-0.0804,1.5301,-9.4739,-10.5160,-9.3306,-10.3491,0.2385
21.6600,clay,0.500,0.450,0.4911,4.6019,0.3663,0.2961,-0.3890,2.0759,-9.4697,-10.5220,-9.2515,-10.3837,0.2399
21.6720,clay,0.500,0.450,0.4933,4.5352,0.3752,0.3011,-1.0642,2.1566,-9.4182,-10.5648,-9.2908,-10.4400,0.2410
21.6840,clay,0.500,0.450,0.4952,4.5368,0.4201,0.3067,-0.0534,1.1357,-9.4809,-10.5978,-9.2049,-10.4438,0.2418
21.6960,clay,0.500,0.450,0.4968,4.4809,0.3415,0.3047,-0.4898,1.8162,-9.4563,-10.6028,-9.2231,-10.5054,0.2427
21.7080,clay,0.500,0.450,0.4981,4.5405,0.4057,0.3111,-0.1819,1.7520,-9.4577,-10.5998,-9.2721,-10.4737,0.2436
21.7200,clay,0.500,0.450,0.4990,4.5855,0.4514,0.3160,-0.1264,1.2319,-9.4964,-10.6093,-9.1568,-10.5308,0.2444
21.7320,clay,0.500,0.450,0.4996,4.6329,0.3827,0.3158,0.0571,1.6778,-9.4756,-10.6046,-9.2520,-10.4101,0.2445
21.7440,clay,0.500,0.450,0.5000,4.5387,0.4969,0.3123,-0.3049,2.1099,-9.4931,-10.5824,-9.2488,-10.4508,0.2443
21.7560,clay,0.500,0.450,0.5000,4.5517,0.5818,0.3136,-0.0133,1.7641,-9.5211,-10.5585,-9.2923,-10.3468,0.2444
21.7680,clay,0.500,0.450,0.4996,4.4524,0.4295,0.3128,-0.7345,2.0706,-9.4364,-10.5841,-9.2529,-10.4139,0.2445
21.7800,clay,0.500,0.450,0.4990,4.5344,0.4422,0.3180,0.2361,1.3187,-9.4097,-10.5841,-9.2598,-10.3451,0.2445
21.7920,clay,0.500,0.450,0.4981,4.4501,0.4614,0.3173,-0.5172,1.9907,-9.4923,-10.5643,-9.2156,-10.3978,0.2443
21.8040,clay,0.500,0.450,0.4968,4.4923,0.4645,0.3156,0.1865,1.1552,-9.4741,-10.5997,-9.2266,-10.3896,0.2437
21.8160,clay,0.500,0.450,0.4952,4.5915,0.5072,0.3142,-0.3170,1.9626,-9.4847,-10.6015,-9.2255,-10.2916,0.2431
21.8280,clay,0.500,0.450,0.4933,4.5676,0.4270,0.3183,0.1163,0.8853,-9.4929,-10.6041,-9.1637,-10.3457,0.2422
21.8400,clay,0.500,0.450,0.4911,4.5545,0.5103,0.3189,-0.3736,1.6641,-9.4657,-10.5825,-9.1911,-10.4155,0.2410
21.8520,clay,0.500,0.450,0.4886,4.4937,0.4755,0.3202,-0.5810,1.8986,-9.5118,-10.5828,-9.1753,-10.3409,0.2398
21.8640,clay,0.500,0.450,0.4858,4.5609,0.4159,0.3152,-0.2596,1.5050,-9.4683,-10.5884,-9.1957,-10.3501,0.2386
21.8760,clay,0.500,0.450,0.4827,4.5444,0.4480,0.3160,-0.2908,1.7581,-9.4414,-10.5723,-9.2535,-10.2965,0.2375
21.8880,clay,0.500,0.450,0.4793,4.5341,0.4247,0.3136,-0.1443,1.5326,-9.4927,-10.5783,-9.1371,-10.3474,0.2362
21.9000,clay,0.500,0.450,0.4755,4.5555,0.4921,0.3105,-0.2674,1.5986,-9.4478,-10.5736,-9.2646,-10.3367,0.2347
21.9120,clay,0.500,0.450,0.4715,4.4983,0.5181,0.3088,-0.1017,1.4109,-9.5349,-10.5124,-9.1666,-10.3823,0.2329
21.9240,clay,0.500,0.450,0.4672,4.4169,0.5352,0.3051,-0.0447,1.3625,-9.5294,-10.4902,-9.1575,-10.3636,0.2308
21.9360,clay,0.500,0.450,0.4625,4.5350,0.5518,0.3074,-0.3147,1.9362,-9.5269,-10.5244,-9.2518,-10.3322,0.2285
21.9480,clay,0.500,0.450,0.4576,4.4823,0.4772,0.3082,0.1443,1.0717,-9.4976,-10.5419,-9.1871,-10.3202,0.2262
21.9600,clay,0.500,0.450,0.4524,4.5195,0.5679,0.3037,-0.0381,1.6087,-9.5161,-10.5076,-9.2134,-10.3633,0.2241
21.9720,clay,0.500,0.450,0.4469,4.5124,0.5017,0.3083,0.1394,0.5029,-9.4950,-10.5364,-9.2091,-10.3396,0.2216
21.9840,clay,0.500,0.450,0.4411,4.5683,0.3922,0.3063,0.0902,1.0347,-9.5572,-10.5302,-9.1784,-10.3560,0.2189
21.9960,clay,0.500,0.450,0.4351,4.5210,0.4265,0.3066,0.0848,0.7292,-9.5270,-10.5218,-9.2287,-10.3558,0.2164
22.0080,clay,0.500,0.450,0.4288,4.6003,0.3492,0.3036,-0.2427,0.9241,-9.5209,-10.5363,-9.2149,-10.3514,0.2138
