sim_time,wall_time,seq,x_fa_meas,y_fa_meas,psi_meas,u_meas,v_meas,omega_meas,x_fa_true,y_fa_true,psi_true,u_true,x_fa_comp,y_fa_comp,psi_comp,u_comp,v_comp,omega_comp,ax_state,delta_prev_state,x_ref_0,y_ref_0,psi_ref_0,v_ref_0,delta_dot,Jx,mpc_cost,solver_status,solver_iters,terrain_class_est,terrain_confidence,n_terrain_est,terrain_update_applied,residual_enabled,residual_du_pred,residual_dv_pred,residual_domega_pred,residual_updates,residual_last_loss,residual_last_update_ms,steering,throttle,braking,steering_angle,acceleration,tau_one_way_ms,tau_solve_ms,tau_comp_ms,solve_time_ms,crosstrack_err,heading_err_deg,speed_err,pred1_age_s,pred1_pos_err_m,pred1_psi_err_deg,pred1_u_err_mps,pred1_v_err_mps,pred1_omega_err_radps,actual_Fy_front,actual_Fy_rear,pred_Fy_front,pred_Fy_rear,alpha_f,alpha_r,Fz_f_mean,Fz_r_mean,kappa_diag,kappa_meas_diag,sr_diag,u_safe_diag,speed_fade_diag,force_resid_dFy_f,force_resid_dFy_r,force_resid_updates,force_resid_bias_f,force_resid_bias_r
0.0000,1778833314.647816,0,1.667414,-0.028912,-0.006252,0.1448,-0.0133,0.000614,1.648994,-0.000000,-0.000000,-0.0020,1.673695,-0.029057,-0.006251,0.1399,-0.0001,-0.000002,-0.110991,0.0000,1.673695,0.000000,-0.000000,5.0000,0.000000,2.000000,1826.5636,4,1,clay,1.0000,0.500000,0,0,0.000000,0.000000,0.000000,0,nan,0.00,0.000000,0.0712,0.0000,0.000000,0.2000,17.06,9.52,43.64,6.77,-0.000000,-0.0000,-5.0020,nan,nan,nan,nan,nan,nan,0.0,0.0,-128.32879338318014,4.905651032623908,0.024706,0.028758,6560.1,6060.5,-0.049007,0.000000,0.000000,0.5000,1.0000,,,,,
0.0120,1778833314.655391,1,1.586172,0.003711,-0.000912,-0.0836,0.0001,-0.000359,1.648913,-0.000001,-0.000000,-0.0094,1.590835,0.003621,-0.000912,0.1144,-0.0001,-0.000003,-0.017943,0.0000,1.590835,0.000000,0.000000,5.0000,0.000000,2.000000,1805.7095,4,1,clay,1.0000,0.500000,0,0,0.000000,0.000000,0.000000,0,nan,0.00,0.000000,0.0774,0.0000,0.000000,0.2240,15.46,8.69,39.61,4.03,-0.000001,-0.0000,-5.0094,nan,nan,nan,nan,nan,nan,0.0,0.0,-122.18779707143486,4.553619388095868,0.020092,0.022902,6557.0,6063.6,-0.043627,0.000000,0.000000,0.5000,1.0000,,,,,
0.0240,1778833314.660114,2,1.648453,0.057273,0.007712,-0.0866,-0.0303,0.001704,1.648775,-0.000002,-0.000002,-0.0125,1.651792,0.057184,0.007713,0.0926,-0.0002,-0.000007,-0.007709,0.0000,1.651792,0.000000,0.000000,5.0000,0.000000,2.000000,1812.5224,4,1,clay,1.0000,0.500000,0,0,0.000000,0.000000,0.000000,0,nan,0.00,0.000000,0.0843,0.0000,0.000000,0.2480,13.57,7.99,35.13,4.00,-0.000002,-0.0001,-5.0125,nan,nan,nan,nan,nan,nan,0.0,0.0,-109.96612264993311,22.784383233955268,0.026865,0.031306,6552.1,6068.5,-0.035044,0.000000,0.000000,0.5000,1.0000,,,,,
0.0360,1778833314.669656,3,1.620545,0.088337,-0.005125,-0.0554,-0.0071,0.000962,1.648627,-0.000004,-0.000003,-0.0120,1.622896,0.088223,-0.005124,0.0752,-0.0003,-0.000011,0.006863,0.0000,1.622896,0.000000,0.000000,5.0000,0.000000,2.000000,1822.1542,4,1,clay,1.0000,0.500000,0,0,0.000000,0.000000,0.000000,0,nan,0.00,0.000000,0.0920,0.0000,0.000000,0.2720,11.59,7.40,30.58,4.07,-0.000004,-0.0002,-5.0120,nan,nan,nan,nan,nan,nan,0.0,0.0,-97.55803657425102,31.39984436218589,0.023814,0.028626,6546.0,6074.6,-0.024495,0.000000,0.000000,0.5000,1.0000,,,,,
0.0480,1778833314.681781,4,1.515742,0.023432,0.001132,-0.0824,-0.1089,0.000512,1.648492,-0.000007,-0.000005,-0.0105,1.517406,0.023185,0.001130,0.0613,-0.0011,-0.000043,0.027188,0.0000,1.517406,0.000000,0.000000,5.0000,0.000000,1.652648,864.5513,0,1,clay,1.0000,0.500000,0,0,0.000000,0.000000,0.000000,0,nan,0.00,0.000000,0.1002,0.0000,0.000000,0.2918,9.91,7.80,27.62,10.08,-0.000007,-0.0003,-5.0105,nan,nan,nan,nan,nan,nan,0.0,0.0,-27.806246331310888,117.23813521804078,0.060962,0.065481,6538.9,6081.7,-0.012028,0.000000,0.000000,0.5000,1.0000,,,,,
0.0600,1778833314.693577,5,1.626609,-0.019070,-0.003006,-0.0406,-0.0482,-0.001268,1.648464,-0.000004,-0.000003,0.0012,1.627839,-0.019348,-0.003011,0.0502,-0.0016,-0.000064,0.054315,0.0000,1.627839,0.000000,0.000000,5.0000,0.000000,1.438704,861.0393,0,1,clay,1.0000,0.500000,0,0,0.000000,0.000000,0.000000,0,nan,0.00,0.000000,0.1089,0.0000,0.000000,0.3091,8.47,7.62,24.56,6.58,-0.000004,-0.0002,-4.9988,nan,nan,nan,nan,nan,nan,0.0,0.0,28.223642808565216,160.38114479232087,0.068576,0.070603,6528.6,6092.0,0.005924,0.000000,0.000000,0.5000,1.0000,,,,,
0.0720,1778833314.705611,6,1.616028,0.068456,-0.006747,0.0095,-0.0189,-0.000021,1.648468,0.000002,0.000000,-0.0000,1.616958,0.068205,-0.006751,0.0427,-0.0021,-0.000077,0.060375,0.0000,1.616958,0.000000,0.000000,5.0000,0.000000,1.318464,860.9329,0,1,clay,1.0000,0.500000,0,0,0.000000,0.000000,0.000000,0,nan,0.00,0.000000,0.1180,0.0000,0.000000,0.3249,7.25,7.49,22.00,6.75,0.000002,0.0000,-5.0000,nan,nan,nan,nan,nan,nan,0.0,0.0,30.312364371953237,159.54800866107746,0.062637,0.064247,6524.7,6095.8,0.012602,0.000000,0.000000,0.5000,1.0000,,,,,
0.0840,1778833314.717637,7,1.584714,-0.012409,0.002296,-0.0385,-0.0229,0.001680,1.648453,0.000007,0.000003,-0.0008,1.585395,-0.012632,0.002294,0.0347,-0.0025,-0.000092,0.067680,0.0000,1.585395,0.000000,0.000000,5.0000,0.000000,1.246176,859.3862,0,1,clay,1.0000,0.500000,0,0,0.000000,0.000000,0.000000,0,nan,0.00,0.000000,0.1274,0.0000,0.000000,0.3399,6.22,7.40,19.84,6.90,0.000007,0.0002,-5.0008,nan,nan,nan,nan,nan,nan,0.0,0.0,32.363648105118955,164.88425273567825,0.058359,0.061798,6521.5,6099.1,0.018284,0.000000,0.000000,0.5000,1.0000,,,,,
0.0960,1778833314.729638,8,1.656349,0.075657,0.002001,-0.0140,-0.0197,0.000284,1.648434,0.000013,0.000007,-0.0008,1.656850,0.075453,0.001999,0.0283,-0.0030,-0.000105,0.077178,0.0000,1.656850,0.000000,-0.000000,5.0000,0.000000,1.199530,860.0740,0,1,clay,1.0000,0.500000,0,0,0.000000,0.000000,0.000000,0,nan,0.00,0.000000,0.1373,0.0000,0.000000,0.3543,5.35,7.43,18.12,7.60,0.000013,0.0004,-5.0008,nan,nan,nan,nan,nan,nan,0.0,0.0,34.552359846077536,165.60302156992856,0.054531,0.057667,6518.1,6102.4,0.024122,0.000000,0.000000,0.5000,1.0000,,,,,
0.1080,1778833314.744010,9,1.862902,-0.084197,-0.000261,0.0220,0.0842,0.000755,1.648415,0.000020,0.000011,-0.0007,1.863347,-0.084239,-0.000260,0.0274,-0.0008,-0.000015,0.087704,0.0000,1.863347,-0.000000,-0.000000,5.0000,0.000000,1.160819,860.6081,0,1,clay,1.0000,0.500000,0,0,0.000000,0.000000,0.000000,0,nan,0.00,0.000000,0.1474,0.0000,0.000000,0.3682,4.60,7.40,16.59,7.22,0.000020,0.0006,-5.0007,0.008000,0.149616,0.3300,-0.473875,-0.006334,-0.001770,0.0,0.0,-47.12936549804708,64.3680429801555,0.010977,0.014479,6514.8,6105.8,0.029920,0.000000,0.000000,0.5000,1.0000,,,,,
0.1200,1778833314.753649,10,1.643786,-0.035637,-0.005563,0.0076,0.0559,0.000730,1.648397,0.000028,0.000015,-0.0006,1.644141,-0.035595,-0.005560,0.0239,0.0009,0.000046,0.097736,0.0000,1.644141,0.000000,0.000000,5.0000,0.000000,1.138006,857.9592,0,1,clay,1.0000,0.500000,0,0,0.000000,0.000000,0.000000,0,nan,0.00,0.000000,0.1578,0.0000,0.000000,0.3819,3.96,7.31,15.22,6.78,0.000028,0.0009,-5.0006,0.008000,0.039323,-0.2670,-0.477457,0.005709,0.000471,0.0,0.0,-37.61299688362051,29.64786716812337,-0.013229,-0.009472,6511.7,6108.9,0.035305,0.000000,0.000000,0.5000,1.0000,,,,,
0.1320,1778833314.765593,11,1.718487,0.059057,-0.004229,0.0357,-0.0269,0.002675,1.648380,0.000035,0.000019,-0.0005,1.718852,0.059058,-0.004225,0.0265,-0.0001,0.000032,0.108568,0.0000,1.718852,0.000000,-0.000000,5.0000,0.000000,1.112818,857.6266,0,1,clay,1.0000,0.500000,0,0,0.000000,0.000000,0.000000,0,nan,0.00,0.000000,0.1685,0.0000,0.000000,0.3952,3.42,7.22,14.05,6.74,0.000035,0.0011,-5.0005,0.008000,0.016762,-0.6642,-0.474905,-0.000593,0.004461,0.0,0.0,-48.25241026536125,48.12710443885345,-0.001925,0.004525,6508.5,6112.0,0.040833,0.000000,0.000000,0.5000,1.0000,,,,,
0.1440,1778833314.777576,12,1.742963,0.014584,0.006336,0.0982,-0.0497,0.001215,1.648364,0.000042,0.000022,-0.0004,1.743488,0.014527,0.006339,0.0407,-0.0020,-0.000021,0.118296,0.0000,1.743488,0.000000,-0.000000,5.0000,0.000000,1.091618,856.3290,0,1,clay,1.0000,0.500000,0,0,0.000000,0.000000,0.000000,0,nan,0.00,0.000000,0.1794,0.0000,0.000000,0.4083,2.95,7.16,13.07,6.80,0.000042,0.0013,-5.0004,0.008000,0.101414,0.6653,-0.461447,-0.010097,0.002533,0.0,0.0,-31.556529769010822,93.03489929385594,0.016934,0.023685,6505.7,6114.9,0.045781,0.000000,0.000000,0.5000,1.0000,,,,,
0.1560,1778833314.789547,13,1.593719,-0.058254,-0.000006,-0.0363,-0.0382,-0.001136,1.648349,0.000050,0.000027,-0.0003,1.594117,-0.058350,-0.000005,0.0331,-0.0034,-0.000052,0.127591,0.0000,1.594117,0.000000,0.000000,5.0000,0.000000,1.070760,856.9733,0,1,clay,1.0000,0.500000,0,0,0.000000,0.000000,0.000000,0,nan,0.00,0.000000,0.1906,0.0000,0.000000,0.4212,2.56,7.08,12.20,6.66,0.000050,0.0015,-5.0003,0.008000,0.085528,-0.0648,-0.471074,-0.014460,0.000648,0.0,0.0,0.9233433715355375,127.02262469929198,0.029156,0.033147,6503.0,6117.5,0.050418,0.000000,0.000000,0.5000,1.0000,,,,,
0.1680,1778833314.801537,14,1.690975,-0.013617,-0.010814,0.0391,-0.0137,0.000903,1.648334,0.000058,0.000031,-0.0002,1.691364,-0.013712,-0.010813,0.0346,-0.0036,-0.000053,0.136866,0.0000,1.691364,0.000000,-0.000000,5.0000,0.000000,1.053979,855.4771,0,1,clay,1.0000,0.500000,0,0,0.000000,0.000000,0.000000,0,nan,0.00,0.000000,0.2020,0.0000,0.000000,0.4338,2.22,7.02,11.47,6.67,0.000058,0.0018,-5.0002,0.008000,0.014465,-0.4467,-0.472354,-0.013563,0.000729,0.0,0.0,1.582687117913693,128.9205360663422,0.028245,0.032617,6500.4,6120.1,0.054981,0.000000,0.000000,0.5000,1.0000,,,,,
0.1800,1778833314.813511,15,1.688184,0.007871,0.007166,-0.0136,0.0725,0.000657,1.648320,0.000066,0.000035,-0.0002,1.688483,0.007888,0.007168,0.0282,0.0005,0.000070,0.145678,0.0000,1.688483,0.000000,-0.000000,5.0000,0.000000,1.035921,854.7798,0,1,clay,1.0000,0.500000,0,0,0.000000,0.000000,0.000000,0,nan,0.00,0.000000,0.2135,0.0000,0.000000,0.4462,1.93,6.98,10.84,6.71,0.000066,0.0020,-5.0002,0.008000,0.063434,0.7978,-0.479362,0.003833,0.000745,0.0,0.0,-58.87662858337272,26.786751991476336,-0.005678,-0.001309,6498.0,6122.6,0.059256,0.000000,0.000000,0.5000,1.0000,,,,,
0.1920,1778833314.825576,16,1.564323,-0.019373,-0.000586,0.0332,-0.0384,-0.000747,1.648307,0.000074,0.000039,-0.0001,1.564621,-0.019406,-0.000586,0.0295,-0.0017,-0.000012,0.154063,0.0000,1.564621,0.000000,0.000000,5.0000,0.000000,1.018629,854.4962,0,1,clay,1.0000,0.500000,0,0,0.000000,0.000000,0.000000,0,nan,0.00,0.000000,0.2253,0.0000,0.000000,0.4585,1.70,6.93,10.32,6.67,0.000074,0.0022,-5.0001,0.008000,0.071378,-0.1645,-0.478829,-0.003466,0.000485,0.0,0.0,-42.84336259081739,64.0891165446963,0.010762,0.013331,6495.7,6124.9,0.063283,0.000000,0.000000,0.5000,1.0000,,,,,
0.2040,1778833314.840565,17,1.660468,-0.042047,0.009715,0.0006,-0.0029,0.001166,1.648295,0.000083,0.000044,-0.0000,1.660700,-0.042073,0.009717,0.0242,-0.0016,0.000009,0.162018,0.0000,1.660700,0.000000,-0.000000,5.0000,0.000000,1.002788,854.4851,0,1,clay,1.0000,0.500000,0,0,0.000000,0.000000,0.000000,0,nan,0.00,0.000000,0.2372,0.0000,0.000000,0.4705,1.49,6.92,9.90,6.84,0.000083,0.0025,-5.0000,0.008000,0.126125,0.4427,-0.485077,-0.002443,0.000647,0.0,0.0,-48.04479349586491,60.80708107029237,0.009095,0.012657,6493.5,6127.1,0.067079,0.000000,0.000000,0.5000,1.0000,,,,,
0.2160,1778833314.849724,18,1.641778,-0.085432,-0.000297,0.0289,-0.0304,0.001937,1.648284,0.000093,0.000048,0.0000,1.642014,-0.085486,-0.000295,0.0254,-0.0031,-0.000002,0.169336,0.0000,1.642014,0.000000,0.000000,5.0000,0.000000,0.989457,855.8725,0,1,clay,1.0000,0.500000,0,0,0.000000,0.000000,0.000000,0,nan,0.00,0.000000,0.2493,0.0000,0.000000,0.4824,1.33,6.88,9.55,6.69,0.000093,0.0028,-5.0000,0.008000,0.271571,-0.0020,-0.484909,-0.009437,0.000832,0.0,0.0,-26.724388129135747,99.03682659139042,0.017908,0.023254,6491.5,6129.1,0.070526,0.000000,0.000000,0.5000,1.0000,,,,,
0.2280,1778833314.861553,19,1.645294,-0.022123,0.002482,-0.0563,-0.0574,0.000355,1.648273,0.000103,0.000053,0.0001,1.645479,-0.022227,0.002484,0.0208,-0.0061,-0.000090,0.176659,0.0000,1.645479,0.000000,0.000000,5.0000,0.000000,0.976020,853.4821,0,1,clay,1.0000,0.500000,0,0,0.000000,0.000000,0.000000,0,nan,0.00,0.000000,0.2615,0.0000,0.000000,0.4941,1.18,6.84,9.20,6.63,0.000103,0.0030,-4.9999,0.008000,0.050721,0.4605,-0.490530,-0.020209,0.000698,0.0,0.0,43.18175421865986,181.9957438010099,0.036414,0.041174,6489.5,6131.0,0.073964,0.000000,0.000000,0.5000,1.0000,,,,,
0.2400,1778833314.873551,20,1.625011,-0.088451,0.003365,0.0222,0.0236,0.001442,1.648263,0.000113,0.000057,0.0001,1.625195,-0.088506,0.003367,0.0214,-0.0036,0.000003,0.183632,0.0000,1.625195,0.000000,0.000000,5.0000,0.000000,0.962885,855.3000,0,1,clay,1.0000,0.500000,0,0,0.000000,0.000000,0.000000,0,nan,0.00,0.000000,0.2739,0.0000,0.000000,0.5056,1.05,6.82,8.91,6.69,0.000113,0.0033,-4.9999,0.008000,0.205878,0.4347,-0.491048,-0.010952,0.000840,0.0,0.0,-24.181139059785636,106.9888083851915,0.019342,0.025026,6487.7,6132.9,0.077229,0.000000,0.000000,0.5000,1.0000,,,,,
0.2520,1778833314.885567,21,1.642263,-0.027021,0.001634,0.0111,-0.0839,0.001290,1.648253,0.000124,0.000062,0.0001,1.642427,-0.027151,0.001635,0.0197,-0.0085,-0.000113,0.190377,0.0000,1.642427,0.000000,0.000000,5.0000,0.000000,0.950183,852.9357,0,1,clay,1.0000,0.500000,0,0,0.000000,0.000000,0.000000,0,nan,0.00,0.000000,0.2864,0.0000,0.000000,0.5170,0.93,6.81,8.67,6.72,0.000124,0.0036,-4.9999,0.008000,0.156863,-0.2695,-0.493712,-0.023185,0.000970,0.0,0.0,96.3151667244328,250.2228023040721,0.047241,0.053460,6485.9,6134.7,0.080365,0.000000,0.000000,0.5000,1.0000,,,,,
0.2640,1778833314.897541,22,1.626508,-0.108748,0.001011,0.0304,-0.0183,0.001682,1.648245,0.000135,0.000067,0.0002,1.626689,-0.108869,0.001013,0.0221,-0.0083,-0.000080,0.197757,0.0000,1.626689,0.000000,0.000000,5.0000,0.000000,0.937981,856.0123,0,1,clay,1.0000,0.500000,0,0,0.000000,0.000000,0.000000,0,nan,0.00,0.000000,0.2990,0.0000,0.000000,0.5283,0.83,6.78,8.45,6.63,0.000135,0.0038,-4.9998,0.008000,0.053049,0.0585,-0.492262,-0.020423,0.001145,0.0,0.0,84.56183800615881,244.06860662989027,0.044141,0.051302,6483.9,6136.6,0.083762,0.000000,0.000000,0.5000,1.0000,,,,,
0.2760,1778833314.909539,23,1.689146,-0.111423,-0.005911,0.0652,0.0123,-0.000864,1.648236,0.000147,0.000072,0.0002,1.689394,-0.111509,-0.005909,0.0308,-0.0060,-0.000062,0.204274,0.0000,1.689394,0.000000,-0.000000,5.0000,0.000000,0.931546,856.1646,0,1,clay,1.0000,0.500000,0,0,0.000000,0.000000,0.000000,0,nan,0.00,0.000000,0.3117,0.0000,0.000000,0.5395,0.76,6.77,8.28,6.69,0.000147,0.0041,-4.9998,0.008000,0.109970,0.2812,-0.484543,-0.013168,0.000800,0.0,0.0,24.034507470245288,164.41372462382844,0.031384,0.036063,6482.2,6138.4,0.086761,0.000000,0.000000,0.5000,1.0000,,,,,
0.2880,1778833314.921552,24,1.747509,-0.018223,0.002304,-0.0379,0.0655,-0.000738,1.648229,0.000159,0.000077,0.0002,1.747707,-0.018225,0.002306,0.0252,-0.0003,0.000052,0.210287,0.0000,1.747707,0.000000,-0.000000,5.0000,0.000000,0.915728,851.7467,0,1,clay,1.0000,0.500000,0,0,0.000000,0.000000,0.000000,0,nan,0.00,0.000000,0.3246,0.0000,0.000000,0.5505,0.68,6.75,8.12,6.65,0.000159,0.0044,-4.9998,0.008000,0.028040,-0.2791,-0.491065,-0.001324,0.000390,0.0,0.0,-92.45002364606104,12.971166729618773,0.000404,0.003238,6480.6,6139.9,0.089503,0.000000,0.000000,0.5000,1.0000,,,,,
0.3000,1778833314.938759,25,1.687204,-0.086453,0.004665,0.0469,-0.0916,0.000291,1.648222,0.000172,0.000082,0.0002,1.687436,-0.086545,0.004665,0.0297,-0.0068,-0.000120,0.216546,0.0000,1.687436,0.000000,-0.000000,5.0000,0.000000,0.900268,853.6200,0,1,clay,1.0000,0.500000,0,0,0.000000,0.000000,0.000000,0,nan,0.00,0.000000,0.3375,0.0000,0.000000,0.5613,0.62,6.74,7.99,6.71,0.000172,0.0047,-4.9998,0.008000,0.098667,0.3009,-0.487368,-0.016809,0.000421,0.0,0.0,45.03348845069276,179.33123906899624,0.035593,0.038247,6479.0,6141.6,0.092379,0.000000,0.000000,0.5000,1.0000,,,,,
0.3120,1778833314.946033,26,1.731255,0.035102,0.001500,-0.0362,0.0469,-0.000132,1.648215,0.000186,0.000087,0.0002,1.731444,0.035073,0.001500,0.0244,-0.0021,-0.000013,0.222843,0.0000,1.731444,0.000000,-0.000000,5.0000,0.000000,0.884665,851.3132,0,1,clay,1.0000,0.500000,0,0,0.000000,0.000000,0.000000,0,nan,0.00,0.000000,0.3505,0.0000,0.000000,0.5719,0.65,6.73,8.04,6.64,0.000186,0.0050,-4.9998,0.008000,0.079531,-0.4708,-0.493590,-0.004225,0.000309,0.0,0.0,-71.94220339031767,44.947591386314215,0.010647,0.012621,6477.4,6143.2,0.095193,0.000000,0.000000,0.5000,1.0000,,,,,
0.3240,1778833314.957679,27,1.660263,0.012245,0.006985,0.0267,0.0390,0.002050,1.648209,0.000200,0.000092,0.0002,1.660455,0.012264,0.006988,0.0252,0.0011,0.000123,0.228265,0.0000,1.660455,0.000000,-0.000000,5.0000,0.000000,0.872612,850.7752,0,1,clay,1.0000,0.500000,0,0,0.000000,0.000000,0.000000,0,nan,0.00,0.000000,0.3635,0.0000,0.000000,0.5823,0.60,6.71,7.92,6.60,0.000200,0.0053,-4.9998,0.008000,0.103086,0.4172,-0.493526,0.005978,0.000669,0.0,0.0,-123.88545772962726,-20.13972713177158,-0.007762,-0.003551,6475.9,6144.6,0.097688,0.000000,0.000000,0.5000,1.0000,,,,,
0.3360,1778833314.969562,28,1.561750,-0.041378,0.001324,-0.0505,-0.0643,0.000119,1.648203,0.000215,0.000097,0.0002,1.561904,-0.041427,0.001325,0.0207,-0.0038,-0.000017,0.233199,0.0000,1.561904,0.000000,0.000000,5.0000,0.000000,0.860763,851.1373,0,1,clay,1.0000,0.500000,0,0,0.000000,0.000000,0.000000,0,nan,0.00,0.000000,0.3766,0.0000,0.000000,0.5927,0.56,6.69,7.81,6.59,0.000215,0.0056,-4.9998,0.008000,0.135025,-0.0659,-0.498789,-0.003937,0.000730,0.0,0.0,-45.307029290554,88.01347272054824,0.018557,0.022105,6474.6,6145.9,0.099952,0.000000,0.000000,0.5000,1.0000,,,,,
0.3480,1778833314.981528,29,1.593420,0.014789,-0.000674,-0.0320,-0.0029,-0.000839,1.648197,0.000231,0.000102,0.0002,1.593544,0.014746,-0.000674,0.0170,-0.0033,-0.000044,0.238721,0.0000,1.593544,0.000000,0.000000,5.0000,0.000000,0.850616,850.2918,0,1,clay,1.0000,0.500000,0,0,0.000000,0.000000,0.000000,0,nan,0.00,0.000000,0.3898,0.0000,0.000000,0.6029,0.52,6.68,7.71,6.60,0.000231,0.0059,-4.9998,0.008000,0.131899,-0.2315,-0.503140,-0.005074,0.000294,0.0,0.0,-57.61761367963687,67.27835835167058,0.016593,0.018383,6473.2,6147.4,0.102469,0.000000,0.000000,0.5000,1.0000,,,,,
0.3600,1778833314.993571,30,1.648037,-0.039650,0.006724,-0.0541,0.0666,-0.002022,1.648192,0.000247,0.000108,0.0002,1.648137,-0.039621,0.006723,0.0141,0.0023,0.000030,0.243837,0.0000,1.648137,0.000000,0.000000,5.0000,0.000000,0.840286,850.4902,0,1,clay,1.0000,0.500000,0,0,0.000000,0.000000,0.000000,0,nan,0.00,0.000000,0.4031,0.0000,0.000000,0.6130,0.48,6.68,7.64,6.67,0.000247,0.0062,-4.9998,0.008000,0.045910,0.2922,-0.506761,0.014440,0.000047,0.0,0.0,-145.80532244009555,-59.72700895189917,-0.011160,-0.012300,6471.9,6148.7,0.104793,0.000000,0.000000,0.5000,1.0000,,,,,
0.3720,1778833315.005657,31,1.701128,0.040591,0.010410,-0.0046,0.0003,0.002597,1.648187,0.000264,0.000113,0.0002,1.701210,0.040618,0.010412,0.0118,0.0019,0.000106,0.248266,0.0000,1.701210,0.000000,-0.000000,5.0000,0.000000,0.830711,850.3092,0,1,clay,1.0000,0.500000,0,0,0.000000,0.000000,0.000000,0,nan,0.00,0.000000,0.4163,0.0000,0.000000,0.6229,0.45,6.66,7.57,6.58,0.000264,0.0065,-4.9998,0.008000,0.152229,0.5389,-0.509875,0.013100,0.000467,0.0,0.0,-150.30397136241487,-49.07354111150187,-0.010731,-0.008332,6470.7,6149.9,0.106806,0.000000,0.000000,0.5000,1.0000,,,,,
0.3840,1778833315.017682,32,1.686552,-0.103367,0.006509,-0.0209,0.0212,0.001373,1.648182,0.000282,0.000118,0.0001,1.686619,-0.103324,0.006512,0.0099,0.0031,0.000170,0.252403,0.0000,1.686619,0.000000,-0.000000,5.0000,0.000000,0.819653,852.8481,0,1,clay,1.0000,0.500000,0,0,0.000000,0.000000,0.000000,0,nan,0.00,0.000000,0.4291,0.0000,0.000000,0.6328,0.42,6.66,7.51,6.62,0.000282,0.0068,-4.9999,0.008000,0.053609,0.7119,-0.512443,0.014073,0.000749,0.0,0.0,-163.07872095994296,-71.43368155839798,-0.017693,-0.014004,6469.6,6150.9,0.108689,0.000000,0.000000,0.5000,1.0000,,,,,
0.3960,1778833315.037487,33,1.580073,-0.043004,-0.005710,0.0016,-0.0265,0.000536,1.648187,0.000359,0.000143,0.0030,1.580131,-0.042995,-0.005708,0.0086,0.0005,0.000167,0.256564,0.0000,1.580131,0.000000,0.000000,5.0000,0.000000,0.815860,850.2155,0,1,clay,1.0000,0.500000,0,0,0.000000,0.000000,0.000000,0,nan,0.00,0.000000,0.4415,0.0000,0.000000,0.6426,0.40,6.68,7.49,6.80,0.000359,0.0082,-4.9970,0.008000,0.219059,-0.4596,-0.514289,0.001802,0.000696,124.87053112348167,52.511798306256026,-147.62503067357667,-25.87600707021504,-0.004350,-0.000689,6468.5,6152.0,0.110581,0.000000,0.000000,0.5000,1.0000,,,,,
0.4080,1778833315.044833,34,1.644433,-0.009107,0.007505,-0.0074,0.0206,0.014915,1.648297,0.000634,0.000261,0.0192,1.644488,-0.009061,0.007517,0.0078,0.0018,0.000497,0.289627,0.0000,1.644488,0.000000,0.000000,5.0000,0.000000,0.782604,848.1497,0,1,clay,1.0000,0.500000,0,0,0.000000,0.000000,0.000000,0,nan,0.00,0.000000,0.4536,0.0000,0.000000,0.6520,0.85,6.67,8.37,6.60,0.000634,0.0149,-4.9808,0.008000,0.121319,0.1634,-0.516219,0.011787,0.003467,362.7619926329428,-763.8046566845819,-212.2052335866856,-35.210721784884285,-0.020664,0.001350,6460.3,6160.2,0.124862,0.000000,0.000000,0.5000,1.0000,,,,,
0.4200,1778833315.054021,35,1.599597,0.060274,-0.003488,-0.0297,-0.0254,0.008853,1.648628,0.000839,0.000355,0.0385,1.599645,0.060295,-0.003472,0.0071,-0.0003,0.000601,0.328785,0.0000,1.599645,0.000000,0.000000,5.0000,0.000000,0.730384,847.4786,0,1,clay,1.0000,0.500000,0,0,0.000000,0.000000,0.000000,0,nan,0.00,0.000000,0.4653,0.0000,0.000000,0.6607,0.79,6.71,8.29,6.93,0.000839,0.0203,-4.9615,0.008000,0.183604,-0.2857,-0.517901,0.001440,0.004603,167.66861400099515,330.7568157372016,-251.0848424042254,27.636162416556118,-0.012283,0.016785,6450.3,6170.2,0.142318,0.000000,0.000000,0.5000,1.0000,,,,,
0.4320,1778833315.065716,36,1.744310,0.050501,-0.007571,0.0582,0.0583,0.000227,1.649170,0.000904,0.000374,0.0574,1.744442,0.050576,-0.007558,0.0176,0.0039,0.000612,0.349294,0.0000,1.744442,0.000000,-0.000000,5.0000,0.000000,0.685535,846.5038,0,1,clay,1.0000,0.500000,0,0,0.000000,0.000000,0.000000,0,nan,0.00,0.000000,0.4767,0.0000,0.000000,0.6689,0.72,6.69,8.13,6.63,0.000904,0.0214,-4.9426,0.008000,0.050705,-0.8349,-0.508037,0.009502,0.003460,-240.4712273684636,-28.544446669088757,-302.8829354193446,-114.14270102712595,-0.032620,-0.008897,6445.0,6175.6,0.151600,0.000000,0.000000,0.5000,1.0000,,,,,
0.4440,1778833315.077700,37,1.647989,0.041265,0.001042,0.1392,-0.0005,0.002494,1.649808,0.000988,0.000397,0.0726,1.648311,0.041328,0.001054,0.0417,0.0032,0.000577,0.358772,0.0000,1.648311,0.000000,0.000000,5.0000,0.000000,0.653071,846.0134,0,1,clay,1.0000,0.500000,0,0,0.000000,0.000000,0.000000,0,nan,0.00,0.000000,0.4877,0.0000,0.000000,0.6768,0.65,6.68,7.99,6.61,0.000988,0.0227,-4.9274,0.008000,0.090525,-0.0161,-0.484445,0.012205,0.003403,1033.456998970446,78.7098166334772,-312.7880166627234,-103.65032248588491,-0.027646,-0.005324,6442.5,6178.1,0.155990,0.000000,0.000000,0.5000,1.0000,,,,,
0.4560,1778833315.089712,38,1.630249,-0.046698,-0.008239,0.0540,-0.0377,0.006145,1.650614,0.001209,0.000474,0.0952,1.630590,-0.046681,-0.008225,0.0448,-0.0001,0.000584,0.378622,0.0000,1.630590,0.000000,0.000000,5.0000,0.000000,0.614056,845.8441,0,1,clay,1.0000,0.500000,0,0,0.000000,0.000000,0.000000,0,nan,0.00,0.000000,0.4984,0.0000,0.000000,0.6841,0.60,6.67,7.87,6.61,0.001209,0.0272,-4.9048,0.008000,0.062495,-0.4332,-0.482070,0.002892,0.004028,237.8296301462442,495.5026744899915,-310.0484701731299,-6.057562972068496,-0.011510,0.014351,6437.4,6183.2,0.164904,0.000000,0.000000,0.5000,1.0000,,,,,
0.4680,1778833315.101720,39,1.608499,-0.020882,-0.001073,0.0912,0.0160,0.009489,1.651643,0.001505,0.000573,0.1158,1.608910,-0.020841,-0.001055,0.0544,0.0011,0.000796,0.391706,0.0000,1.608910,0.000000,0.000000,5.0000,0.000000,0.585388,844.6396,0,1,clay,1.0000,0.500000,0,0,0.000000,0.000000,0.000000,0,nan,0.00,0.000000,0.5087,0.0000,0.000000,0.6912,0.55,6.67,7.77,6.67,0.001505,0.0328,-4.8842,0.008000,0.091461,-0.4469,-0.473018,0.000460,0.004955,448.254133510658,-349.5577648756107,-346.26044045318594,-27.76952210413978,-0.021340,0.011641,6434.0,6186.6,0.170846,0.000000,0.000000,0.5000,1.0000,,,,,
0.4800,1778833315.113720,40,1.583863,-0.032670,0.000132,0.2045,-0.0073,0.002713,1.652791,0.001828,0.000669,0.1168,1.584498,-0.032640,0.000148,0.0839,0.0004,0.000722,0.382481,0.0000,1.584498,0.000000,0.000000,5.0000,0.000000,0.577051,845.0961,0,1,clay,1.0000,0.500000,0,0,0.000000,0.000000,0.000000,0,nan,0.00,0.000000,0.5187,0.0000,0.000000,0.6981,0.51,6.67,7.69,6.65,0.001828,0.0383,-4.8832,0.008000,0.182982,-0.5896,-0.443828,-0.001078,0.004510,-157.2315156442819,121.90558307197989,-325.8699342478542,-9.785589971374051,-0.016062,0.014004,6436.2,6184.3,0.166892,0.000000,0.000000,0.5000,1.0000,,,,,
0.4920,1778833315.125838,41,1.645661,-0.036736,0.004736,0.0188,0.0610,0.007747,1.653922,0.002233,0.000783,0.1071,1.646197,-0.036642,0.004754,0.0716,0.0049,0.000946,0.350438,0.0000,1.646197,0.000000,0.000000,5.0000,0.000000,0.600323,846.1984,0,1,clay,1.0000,0.500000,0,0,0.000000,0.000000,0.000000,0,nan,0.00,0.000000,0.5284,0.0000,0.000000,0.7053,0.48,6.70,7.65,6.85,0.002233,0.0448,-4.8929,0.008000,0.112337,-0.1028,-0.456284,0.009288,0.005012,-771.7796024619784,-136.45526995906857,-310.10589869520334,-108.2136093586686,-0.041332,-0.007204,6444.3,6176.2,0.152788,0.000000,0.000000,0.5000,1.0000,,,,,
0.5040,1778833315.138620,42,1.656024,-0.013014,0.005860,0.1026,0.0140,0.012062,1.655054,0.002580,0.000858,0.0962,1.656607,-0.012911,0.005883,0.0780,0.0050,0.001166,0.337886,0.0000,1.656607,0.000000,-0.000000,5.0000,0.000000,0.623494,846.3282,0,1,clay,1.0000,0.500000,0,0,0.000000,0.000000,0.000000,0,nan,0.00,0.000000,0.5379,0.0000,0.000000,0.7128,0.45,6.68,7.59,6.61,0.002580,0.0492,-4.9038,0.008000,0.039790,0.6618,-0.450187,0.012242,0.006428,-449.93572372145127,-796.3127238937195,-291.71664111020203,-83.48216331867545,-0.046174,-0.003248,6447.6,6173.0,0.147173,0.000000,0.000000,0.5000,1.0000,,,,,
0.5160,1778833315.149770,43,1.644148,0.051253,0.002324,0.1052,0.0564,0.005839,1.656000,0.002968,0.000952,0.0613,1.644770,0.051396,0.002348,0.0833,0.0084,0.001242,0.276589,0.0000,1.644770,0.000000,0.000000,5.0000,0.000000,0.688876,849.4594,0,1,clay,1.0000,0.500000,0,0,0.000000,0.000000,0.000000,0,nan,0.00,0.000000,0.5471,0.0000,0.000000,0.7211,0.44,6.67,7.55,6.62,0.002968,0.0546,-4.9387,0.008000,0.078050,-0.3004,-0.447739,0.019459,0.005979,-2179.622660219885,-776.3172004902863,-194.46393546446728,-112.57640357735642,-0.062602,-0.020573,6463.1,6157.5,0.120044,0.000000,0.000000,0.5000,1.0000,,,,,
0.5280,1778833315.161734,44,1.698323,-0.090525,0.002516,0.0638,-0.1495,0.007333,1.656611,0.003253,0.001011,0.0167,1.698913,-0.090547,0.002538,0.0795,-0.0046,0.000956,0.217807,0.0000,1.698913,0.000000,-0.000000,5.0000,0.000000,0.771187,854.1813,0,1,clay,1.0000,0.500000,0,0,0.000000,0.000000,0.000000,0,nan,0.00,0.000000,0.5561,0.0000,0.000000,0.7303,0.41,6.68,7.50,6.69,0.003253,0.0579,-4.9833,0.008000,0.158351,0.3397,-0.455034,-0.011590,0.005998,-1119.7277996157045,172.96689606325526,-94.31729058193571,226.54389428756616,0.002811,0.046109,6478.1,6142.5,0.093889,0.000000,0.000000,0.5000,1.0000,,,,,
0.5400,1778833315.173810,45,1.590509,0.075292,0.002991,0.0010,0.0231,0.009304,1.656795,0.003619,0.001123,-0.0243,1.590983,0.075302,0.003011,0.0641,-0.0020,0.002033,0.161511,0.0000,1.590983,0.000000,0.000000,5.0000,0.000000,0.865242,855.7281,0,1,clay,1.0000,0.500000,0,0,0.000000,0.000000,0.000000,0,nan,0.00,0.000000,0.5649,0.0000,0.000000,0.7407,0.39,6.67,7.45,6.63,0.003619,0.0644,-5.0243,0.008000,0.205415,0.6009,-0.471967,-0.008993,0.006440,-460.633014852373,352.86884112976304,-71.85617169472158,146.35187227153438,-0.012397,0.034426,6492.5,6128.0,0.068772,0.000000,0.000000,0.5000,1.0000,,,,,
0.5520,1778833315.185701,46,1.751379,0.006040,-0.001162,-0.0523,0.0654,0.006764,1.656572,0.003995,0.001224,-0.0572,1.751759,0.006115,-0.001141,0.0516,0.0035,0.002071,0.107734,0.0000,1.751759,-0.000000,-0.000000,5.0000,0.000000,0.965970,857.0662,0,1,clay,1.0000,0.500000,0,0,0.000000,0.000000,0.000000,0,nan,0.00,0.000000,0.5736,0.0000,0.000000,0.7523,0.38,6.67,7.42,6.65,0.003995,0.0701,-5.0572,0.008000,0.064003,-0.1303,-0.485101,0.005314,0.006434,-44.223611932728545,1201.4858257534224,-8.171768382474838,51.875012133584576,-0.039450,0.006947,6506.3,6114.3,0.044731,0.000000,0.000000,0.5000,1.0000,,,,,
0.5640,1778833315.197678,47,1.597465,-0.064915,0.001016,-0.0971,0.0777,0.005960,1.656051,0.004362,0.001304,-0.0762,1.597770,-0.064774,0.001038,0.0415,0.0089,0.002071,0.074443,0.0000,1.597770,0.000000,0.000000,5.0000,0.000000,1.048186,860.0273,0,1,clay,1.0000,0.500000,0,0,0.000000,0.000000,0.000000,0,nan,0.00,0.000000,0.5822,0.0000,0.000000,0.7649,0.37,6.66,7.40,6.62,0.004362,0.0747,-5.0762,0.008000,0.085028,0.5262,-0.496914,0.022003,0.006252,-349.5345183028512,-881.2810521865517,34.32743015599577,19.74143506101798,-0.065493,-0.020532,6514.9,6105.6,0.029712,0.000000,0.000000,0.5000,1.0000,,,,,
0.5760,1778833315.209694,48,1.692550,0.070329,-0.004597,0.0607,0.0468,0.003095,1.655371,0.004700,0.001360,-0.0823,1.692883,0.070489,-0.004577,0.0452,0.0109,0.001884,0.059535,0.0000,1.692883,0.000000,-0.000000,5.0000,0.000000,1.106024,861.2661,0,1,clay,1.0000,0.500000,0,0,0.000000,0.000000,0.000000,0,nan,0.00,0.000000,0.5907,0.0000,0.000000,0.7781,0.36,6.66,7.39,6.69,0.004700,0.0779,-5.0823,0.008000,0.096979,-0.2075,-0.494391,0.025770,0.005443,656.4173520509878,396.512177069034,40.23607159564368,9.142457179325291,-0.072807,-0.032636,6518.8,6101.7,0.022871,0.000000,0.000000,0.5000,1.0000,,,,,
0.5880,1778833315.221673,49,1.566101,-0.042029,-0.000648,-0.1035,-0.0172,0.000141,1.654614,0.004997,0.001385,-0.0823,1.566368,-0.041916,-0.000632,0.0366,0.0074,0.001510,0.066076,0.0000,1.566368,0.000000,0.000000,5.0000,0.000000,1.130800,859.8221,0,1,clay,1.0000,0.500000,0,0,0.000000,0.000000,0.000000,0,nan,0.00,0.000000,0.5991,0.0000,0.000000,0.7917,0.35,6.66,7.36,6.64,0.004997,0.0793,-5.0823,0.008000,0.069061,-0.0497,-0.502135,0.017876,0.004271,-80.46256251454565,-407.2661554404999,34.17747609521719,24.92806146473727,-0.052216,-0.019590,6517.3,6103.3,0.025578,0.000000,0.000000,0.5000,1.0000,,,,,
0.6000,1778833315.236696,50,1.666894,0.056837,0.000538,-0.0329,0.0551,0.001766,1.653821,0.005281,0.001397,-0.0792,1.667110,0.056982,0.000553,0.0297,0.0104,0.001368,0.079593,0.0000,1.667110,0.000000,-0.000000,5.0000,0.000000,1.134581,859.5105,0,1,clay,1.0000,0.500000,0,0,0.000000,0.000000,0.000000,0,nan,0.00,0.000000,0.6075,0.0000,0.000000,0.8053,0.34,6.65,7.33,6.61,0.005281,0.0801,-5.0792,0.008000,0.097110,-0.2470,-0.505921,0.020634,0.003522,-41.22820459259708,475.1956789988826,31.87517098051751,-8.892595767632614,-0.064488,-0.035958,6513.9,6106.7,0.031478,0.000000,0.000000,0.5000,1.0000,,,,,
0.6120,1778833315.245692,51,1.660630,0.093383,0.004547,-0.0332,-0.0459,-0.002618,1.653023,0.005541,0.001393,-0.0744,1.660804,0.093454,0.004557,0.0241,0.0047,0.000911,0.093939,0.0000,1.660804,0.000000,-0.000000,5.0000,0.000000,1.128573,860.5266,0,1,clay,1.0000,0.500000,0,0,0.000000,0.000000,0.000000,0,nan,0.00,0.000000,0.6158,0.0000,0.000000,0.8189,0.33,6.65,7.31,6.61,0.005541,0.0798,-5.0744,0.008000,0.114903,-0.0832,-0.510302,0.006623,0.001928,0.0,-132.0596828775141,-8.614284428922574,22.7565982747506,-0.032680,-0.012968,6510.3,6110.3,0.037813,0.000000,0.000000,0.5000,1.0000,,,,,
0.6240,1778833315.257715,52,1.655087,0.048711,0.003504,-0.0445,0.0281,-0.002854,1.652258,0.005702,0.001348,-0.0647,1.655228,0.048792,0.003511,0.0197,0.0061,0.000606,0.109063,0.0000,1.655228,0.000000,-0.000000,5.0000,0.000000,1.111793,857.6478,0,1,clay,1.0000,0.500000,0,0,0.000000,0.000000,0.000000,0,nan,0.00,0.000000,0.6241,0.0000,0.000000,0.8322,0.33,6.65,7.30,6.64,0.005702,0.0772,-5.0647,0.008000,0.039863,0.0592,-0.508718,0.006436,0.000655,0.0,219.46096064196,-13.367937894133561,-1.7314036160494624,-0.035476,-0.023229,6506.4,6114.1,0.044519,0.000000,0.000000,0.5000,1.0000,,,,,
0.6360,1778833315.269698,53,1.640395,0.063795,-0.002552,-0.0540,0.0015,-0.001735,1.651586,0.005879,0.001309,-0.0568,1.640510,0.063860,-0.002547,0.0163,0.0050,0.000395,0.140115,0.0000,1.640510,0.000000,0.000000,5.0000,0.000000,1.075803,856.3442,0,1,clay,1.0000,0.500000,0,0,0.000000,0.000000,0.000000,0,nan,0.00,0.000000,0.6323,0.0000,0.000000,0.8451,0.32,6.66,7.30,6.72,0.005879,0.0750,-5.0568,0.008000,0.188820,-0.2971,-0.506506,0.016735,0.000300,0.0,168.74738952901134,-45.017246740640175,-14.360320057305714,-0.028129,-0.020466,6498.5,6122.0,0.058291,0.000000,0.000000,0.5000,1.0000,,,,,
0.6480,1778833315.281699,54,1.628254,-0.065588,0.006517,-0.0152,0.0126,-0.004918,1.650932,0.006066,0.001252,-0.0553,1.628348,-0.065527,0.006518,0.0134,0.0050,0.000062,0.148800,0.0000,1.628348,0.000000,0.000000,5.0000,0.000000,1.040206,856.1001,0,1,clay,1.0000,0.500000,0,0,0.000000,0.000000,0.000000,0,nan,0.00,0.000000,0.6404,0.0000,0.000000,0.8576,0.32,6.65,7.30,6.64,0.006066,0.0717,-5.0553,0.008000,0.141738,0.1892,-0.503833,0.014474,-0.001923,0.0,247.40312614913205,-55.43126855022258,-29.598843659102727,-0.024522,-0.024624,6496.3,6124.3,0.062234,0.000000,0.000000,0.5000,1.0000,,,,,
0.6600,1778833315.293692,55,1.731310,0.020210,0.002969,-0.0830,0.0217,-0.005618,1.650272,0.006254,0.001200,-0.0539,1.731386,0.020273,0.002967,0.0111,0.0058,-0.000235,0.158232,0.0000,1.731386,0.000000,-0.000000,5.0000,0.000000,1.017263,854.2771,0,1,clay,1.0000,0.500000,0,0,0.000000,0.000000,0.000000,0,nan,0.00,0.000000,0.6485,0.0000,0.000000,0.8698,0.31,6.65,7.27,6.59,0.006254,0.0688,-5.0539,0.008000,0.071726,0.2236,-0.500839,0.010722,-0.003196,0.0,39.15954043768587,-63.07868323322172,-55.01048923751124,-0.024723,-0.031981,6493.8,6126.8,0.066521,0.000000,0.000000,0.5000,1.0000,,,,,
0.6720,1778833315.305708,56,1.645371,-0.017541,0.001400,-0.0688,-0.0142,-0.004678,1.649635,0.006441,0.001141,-0.0498,1.645434,-0.017507,0.001395,0.0092,0.0035,-0.000459,0.173655,0.0000,1.645434,0.000000,0.000000,5.0000,0.000000,0.991353,853.4479,0,1,clay,1.0000,0.500000,0,0,0.000000,0.000000,0.000000,0,nan,0.00,0.000000,0.6564,0.0000,0.000000,0.8817,0.31,6.64,7.26,6.59,0.006441,0.0654,-5.0498,0.008000,0.046022,0.0089,-0.499433,-0.000162,-0.003867,0.0,-121.27062971643471,-79.21713328245967,-43.84343218111046,-0.011571,-0.023404,6489.9,6130.7,0.073413,0.000000,0.000000,0.5000,1.0000,,,,,
0.6840,1778833315.317762,57,1.674189,-0.043392,0.002338,0.0441,-0.0447,-0.005663,1.649046,0.006634,0.001086,-0.0452,1.674303,-0.043412,0.002330,0.0163,-0.0007,-0.000727,0.186449,0.0000,1.674303,0.000000,-0.000000,5.0000,0.000000,0.966576,853.3355,0,1,clay,1.0000,0.500000,0,0,0.000000,0.000000,0.000000,0,nan,0.00,0.000000,0.6643,0.0000,0.000000,0.8933,0.31,6.63,7.24,6.60,0.006634,0.0622,-5.0452,0.008000,0.133987,0.3854,-0.490952,-0.012490,-0.004444,0.0,-39.09133486474499,-50.7793673746051,-3.1457459532924616,0.011469,-0.005315,6486.6,6134.0,0.079151,0.000000,0.000000,0.5000,1.0000,,,,,
0.6960,1778833315.335083,58,1.615807,0.024734,-0.003386,-0.1086,0.0115,-0.004083,1.648511,0.006837,0.001033,-0.0408,1.615900,0.024725,-0.003395,0.0135,0.0003,-0.000796,0.201245,0.0000,1.615900,0.000000,0.000000,5.0000,0.000000,0.940323,852.1200,0,1,clay,1.0000,0.500000,0,0,0.000000,0.000000,0.000000,0,nan,0.00,0.000000,0.6720,0.0000,0.000000,0.9046,0.30,6.64,7.25,6.71,0.006837,0.0592,-5.0408,0.008000,0.065698,-0.1665,-0.494510,-0.006497,-0.004340,-65.1887456151564,-52.11888019705199,-69.7184363857848,-29.37257492128994,0.007315,-0.011440,6482.8,6137.8,0.085767,0.000000,0.000000,0.5000,1.0000,,,,,
0.7080,1778833315.342323,59,1.594247,0.007936,-0.009192,-0.0411,-0.0040,-0.003845,1.648040,0.007048,0.000987,-0.0352,1.594326,0.007921,-0.009201,0.0113,-0.0000,-0.000878,0.217657,0.0000,1.594326,0.000000,0.000000,5.0000,0.000000,0.911964,851.2305,0,1,clay,1.0000,0.500000,0,0,0.000000,0.000000,0.000000,0,nan,0.00,0.000000,0.6797,0.0000,0.000000,0.9155,0.40,6.63,7.42,6.56,0.007048,0.0565,-5.0352,0.008000,0.132771,-0.5662,-0.498203,-0.010368,-0.004413,0.0,-42.10483118175297,-71.81785294359153,-35.85654201450069,0.009801,-0.010238,6478.6,6142.0,0.093016,0.000000,0.000000,0.5000,1.0000,,,,,
0.7200,1778833315.353708,60,1.661429,0.018986,0.006006,-0.0505,-0.0807,-0.004336,1.647650,0.007264,0.000949,-0.0284,1.661494,0.018893,0.005995,0.0096,-0.0064,-0.001023,0.237342,0.0000,1.661494,0.000000,-0.000000,5.0000,0.000000,0.879630,850.3694,0,1,clay,1.0000,0.500000,0,0,0.000000,0.000000,0.000000,0,nan,0.00,0.000000,0.6873,0.0000,0.000000,0.9261,0.38,6.63,7.38,6.59,0.007264,0.0544,-5.0284,0.008000,0.090057,0.0778,-0.501526,-0.020389,-0.004193,-15.63497132255065,-67.93410322648455,80.1912779590796,76.55703282871039,0.041787,0.020105,6473.6,6147.0,0.101820,0.800000,0.000000,0.5000,1.0000,,,,,
0.7320,1778833315.365689,61,1.645016,-0.000071,-0.002188,-0.0315,-0.0220,-0.002252,1.647361,0.007513,0.000920,-0.0200,1.645069,-0.000169,-0.002199,0.0082,-0.0069,-0.000969,0.258860,0.0000,1.645069,0.000000,0.000000,5.0000,0.000000,0.843229,849.4121,0,1,clay,1.0000,0.500000,0,0,0.000000,0.000000,0.000000,0,nan,0.00,0.000000,0.6947,0.0000,0.000000,0.9362,0.36,6.62,7.35,6.59,0.007513,0.0527,-5.0200,0.008000,0.078097,-0.3300,-0.504561,-0.022930,-0.003695,-8.688285438893066,-40.225269536051975,92.25557296642327,88.93248842557537,0.043590,0.023233,6468.0,6152.5,0.111441,0.800000,0.000000,0.5000,1.0000,,,,,
0.7440,1778833315.377719,62,1.653802,0.047693,-0.005387,-0.0479,-0.0358,-0.002955,1.647193,0.007782,0.000902,-0.0101,1.653846,0.047577,-0.005398,0.0072,-0.0084,-0.000980,0.281378,0.0000,1.653846,0.000000,0.000000,5.0000,0.000000,0.804270,848.8348,0,1,clay,1.0000,0.500000,0,0,0.000000,0.000000,0.000000,0,nan,0.00,0.000000,0.7021,0.0000,0.000000,0.9458,0.35,6.63,7.33,6.68,0.007782,0.0517,-5.0101,0.008000,0.040288,-0.1650,-0.508895,-0.025555,-0.003454,-0.5403386688291093,-9.06190231562202,142.08131841305428,132.5365403107952,0.050810,0.030631,6462.3,6158.3,0.121514,0.800000,0.000000,0.5000,1.0000,,,,,
0.7560,1778833315.389728,63,1.699331,0.063109,0.000530,-0.0084,0.0352,-0.002169,1.647155,0.008067,0.000885,-0.0002,1.699369,0.063048,0.000521,0.0063,-0.0040,-0.000873,0.302227,0.0000,1.699369,0.000000,-0.000000,5.0000,0.000000,0.765919,848.5070,0,1,clay,1.0000,0.500000,0,0,0.000000,0.000000,0.000000,0,nan,0.00,0.000000,0.7093,0.0000,0.000000,0.9550,0.34,6.62,7.31,6.61,0.008067,0.0507,-5.0002,0.008000,0.129498,-0.3434,-0.510753,-0.014790,-0.002942,7.054093256535672,83.64592185483178,-23.98844302462996,-2.4497556975585724,0.028708,0.009643,6456.9,6163.7,0.130848,0.800000,0.000000,0.5000,1.0000,,,,,
0.7680,1778833315.401692,64,1.579305,0.033209,-0.003698,0.0264,0.1202,-0.002428,1.647243,0.008369,0.000857,0.0098,1.579375,0.033270,-0.003704,0.0108,0.0063,-0.000711,0.325976,0.0000,1.579375,0.000000,0.000000,5.0000,0.000000,0.724590,846.9901,0,1,clay,1.0000,0.500000,0,0,0.000000,0.000000,0.000000,0,nan,0.00,0.000000,0.7164,0.0000,0.000000,0.9637,0.34,6.62,7.29,6.62,0.008369,0.0491,-4.9902,0.008000,0.202451,-0.3805,-0.507386,0.009602,-0.002553,13.152618832461348,276.297881165616,-263.37028456985365,-225.9954495949992,-0.021868,-0.040334,6450.8,6169.7,0.141463,0.800000,0.000000,0.5000,1.0000,,,,,
0.7800,1778833315.413795,65,1.664554,-0.022901,0.001996,0.0095,-0.0007,-0.002792,1.647471,0.008685,0.000824,0.0210,1.664626,-0.022854,0.001989,0.0112,0.0050,-0.000728,0.348516,0.0000,1.664626,0.000000,-0.000000,5.0000,0.000000,0.680656,846.1106,0,1,clay,1.0000,0.500000,0,0,0.000000,0.000000,0.000000,0,nan,0.00,0.000000,0.7234,0.0000,0.000000,0.9719,0.34,6.62,7.30,6.60,0.008685,0.0472,-4.9790,0.008000,0.031409,0.0370,-0.508714,0.008703,-0.002331,34.46798080100654,167.57763304576662,-283.70873818175147,-218.83820293519454,-0.015654,-0.034117,6445.0,6175.5,0.151546,0.800000,0.000000,0.5000,1.0000,,,,,
0.7920,1778833315.433451,66,1.702379,-0.009192,0.004640,0.0625,-0.0154,-0.001440,1.647870,0.009003,0.000794,0.0366,1.702528,-0.009170,0.004633,0.0218,0.0028,-0.000680,0.379284,0.0000,1.702528,0.000000,-0.000000,5.0000,0.000000,0.631299,844.9366,0,1,clay,1.0000,0.500000,0,0,0.000000,0.000000,0.000000,0,nan,0.00,0.000000,0.7302,0.0000,0.000000,0.9795,0.33,6.62,7.28,6.62,0.009003,0.0455,-4.9634,0.008000,0.040698,0.1365,-0.499577,0.007573,-0.001792,37.187630138906286,-50.872766165207096,-293.8450867844197,-191.18605484739246,-0.005782,-0.022519,6437.2,6183.4,0.165280,0.800000,0.000000,0.5000,1.0000,,,,,
0.8040,1778833315.440620,67,1.637167,-0.007000,-0.003774,0.0508,0.0948,-0.002281,1.648471,0.009265,0.000769,0.0526,1.637386,-0.006890,-0.003781,0.0285,0.0087,-0.000124,0.408010,0.0000,1.637386,0.000000,0.000000,5.0000,0.000000,0.579674,844.0272,0,1,clay,1.0000,0.500000,0,0,0.000000,0.000000,0.000000,0,nan,0.00,0.000000,0.7369,0.0000,0.000000,0.9864,0.76,6.63,8.15,6.67,0.009265,0.0440,-4.9474,0.008000,0.042599,-0.0172,-0.494924,0.023585,-0.001638,27.3182102813723,-384.64345725696666,-389.4227069356822,-370.5829160345179,-0.039926,-0.056304,6429.9,6190.6,0.177883,0.800000,0.000000,0.5000,1.0000,,,,,
0.8160,1778833315.449749,68,1.648020,-0.012867,0.004901,0.0709,0.0549,-0.002646,1.649271,0.009432,0.000738,0.0691,1.648305,-0.012725,0.004895,0.0375,0.0110,-0.000079,0.436742,0.0000,1.648305,0.000000,0.000000,5.0000,0.000000,0.526697,843.2247,0,1,clay,1.0000,0.500000,0,0,0.000000,0.000000,0.000000,0,nan,0.00,0.000000,0.7434,0.0000,0.000000,0.9928,0.69,6.62,8.00,6.61,0.009432,0.0423,-4.9309,0.008000,0.020507,0.8130,-0.487714,0.029891,-0.001638,-34.74597930845138,-1446.2635179117879,-441.9840852485886,-463.5063987368498,-0.051770,-0.068331,6422.5,6198.0,0.190788,0.800000,0.000000,0.5000,1.0000,,,,,
0.8280,1778833315.461813,69,1.589750,0.038955,0.003286,0.0833,-0.0608,-0.009296,1.650298,0.009454,0.000657,0.0920,1.590108,0.038998,0.003273,0.0473,0.0046,-0.000454,0.476830,0.0000,1.590108,0.000000,0.000000,5.0000,0.000000,0.463616,842.5820,0,1,clay,1.0000,0.500000,0,0,0.000000,0.000000,0.000000,0,nan,0.00,0.000000,0.7497,0.0000,0.000000,0.9983,0.63,6.62,7.88,6.60,0.009454,0.0376,-4.9080,0.008000,0.123463,-0.1494,-0.480145,0.018618,-0.002788,-78.90942823885571,-1530.8247309019007,-398.5250186783554,-319.19295933198725,-0.012529,-0.037798,6412.3,6208.3,0.208704,0.800000,0.000000,0.5000,1.0000,,,,,
0.8400,1778833315.473746,70,1.612249,0.001726,-0.000126,0.0920,0.0513,-0.002884,1.651582,0.009397,0.000578,0.1100,1.612677,0.001806,-0.000137,0.0568,0.0075,-0.000365,0.496175,0.0000,1.612677,0.000000,0.000000,5.0000,0.000000,0.412188,841.7255,0,1,clay,1.0000,0.500000,0,0,0.000000,0.000000,0.000000,0,nan,0.00,0.000000,0.7559,0.0000,0.000000,1.0033,0.58,6.62,7.79,6.61,0.009397,0.0331,-4.8900,0.008000,0.082869,0.1243,-0.472920,0.026694,-0.002685,-147.54421673292322,-2216.6672102483994,-458.0474129452416,-412.1813509182623,-0.028174,-0.052212,6407.2,6213.3,0.217486,0.800000,0.000000,0.5000,1.0000,,,,,
0.8520,1778833315.485703,71,1.535647,0.017610,0.004034,0.1234,-0.0025,-0.002985,1.653126,0.009199,0.000529,0.1380,1.536175,0.017671,0.004023,0.0707,0.0059,-0.000398,0.533553,0.0000,1.536175,0.000000,0.000000,5.0000,0.000000,0.352305,841.0638,0,1,clay,1.0000,0.500000,0,0,0.000000,0.000000,0.000000,0,nan,0.00,0.000000,0.7618,0.0000,0.000000,1.0075,0.54,6.63,7.70,6.68,0.009199,0.0303,-4.8620,0.008000,0.170624,0.5460,-0.461538,0.023913,-0.002489,-457.4277368931843,-1817.8929052516717,-448.0592244857702,-373.26804161085556,-0.019911,-0.043120,6397.6,6222.9,0.234183,0.800000,0.000000,0.5000,1.0000,,,,,
0.8640,1778833315.497749,72,1.830003,0.046163,0.002454,0.1500,-0.1309,-0.006542,1.655038,0.008789,0.000441,0.1680,1.830651,0.046078,0.002439,0.0871,-0.0050,-0.000779,0.569300,0.0000,1.830651,-0.000000,-0.000000,5.0000,0.000000,0.289182,840.8012,0,1,clay,1.0000,0.500000,0,0,0.000000,0.000000,0.000000,0,nan,0.00,0.000000,0.7676,0.0000,0.000000,1.0110,0.50,6.63,7.63,6.63,0.008789,0.0253,-4.8320,0.008000,0.082278,0.1157,-0.447482,-0.008820,-0.003242,-910.3044157460446,-1941.2138321017374,-9.968940086867548,-49.740612350938164,0.038636,0.011557,6388.5,6232.1,0.250180,0.800000,0.000000,0.5000,1.0000,,,,,
0.8760,1778833315.509760,73,1.709011,0.061461,-0.001312,0.2127,-0.0668,0.004201,1.657360,0.008734,0.000568,0.2113,1.709845,0.061329,-0.001322,0.1125,-0.0091,-0.000633,0.603443,0.0000,1.709845,0.000000,-0.000000,5.0000,0.000000,0.225841,840.6020,0,1,clay,1.0000,0.500000,0,0,0.000000,0.000000,0.000000,0,nan,0.00,0.000000,0.7732,0.0000,0.000000,1.0137,0.47,6.63,7.57,6.61,0.008734,0.0325,-4.7887,0.008000,0.084375,0.1411,-0.424701,-0.029522,-0.001844,-244.4339799020447,-2473.9249605684963,208.70062107946296,186.40023170997426,0.054405,0.037957,6379.7,6240.9,0.265475,0.800000,0.000000,0.5000,1.0000,,,,,
0.8880,1778833315.521698,74,1.628479,0.075605,0.006409,0.1307,-0.0486,0.024666,1.660131,0.009004,0.000874,0.2407,1.629343,0.075485,0.006417,0.1171,-0.0110,0.000170,0.636037,0.0000,1.629343,0.000000,0.000000,5.0000,0.000000,0.163758,840.7839,0,1,clay,1.0000,0.500000,0,0,0.000000,0.000000,0.000000,0,nan,0.00,0.000000,0.7785,0.0000,0.000000,1.0156,0.45,6.66,7.56,6.86,0.009004,0.0501,-4.7593,0.008000,0.130449,0.2575,-0.422540,-0.033251,0.003481,-668.2445372117824,-1649.8137721189048,127.05584193810509,492.99788948372026,0.047471,0.065648,6371.3,6249.2,0.280083,0.800000,0.000000,0.5000,1.0000,,,,,
0.9000,1778833315.534322,75,1.661833,-0.028917,0.002535,0.2452,-0.0646,0.030092,1.663230,0.009080,0.001196,0.2717,1.662889,-0.029045,0.002561,0.1430,-0.0138,0.000969,0.667150,0.0000,1.662889,0.000000,-0.000000,5.0000,0.000000,0.099655,839.8251,0,1,clay,1.0000,0.500000,0,0,0.000000,0.000000,0.000000,0,nan,0.00,0.000000,0.7836,0.0000,0.000000,1.0168,0.42,6.65,7.50,6.62,0.009080,0.0685,-4.7283,0.008000,0.092907,-0.1163,-0.399891,-0.038109,0.008762,-505.4477480916172,-1192.6121655426482,106.82320473634235,749.0271730221186,0.044750,0.097638,6363.3,6257.2,0.294028,0.800000,0.000000,0.5000,1.0000,,,,,
0.9120,1778833315.545768,76,1.636211,0.029194,0.002976,0.3454,-0.0564,0.036657,1.666699,0.009216,0.001578,0.3024,1.637563,0.029068,0.003013,0.1834,-0.0157,0.003746,0.696757,0.0000,1.637563,0.000000,0.000000,5.0000,0.000000,0.041146,839.2242,0,1,clay,1.0000,0.500000,0,0,0.000000,0.000000,0.000000,0,nan,0.00,0.000000,0.7885,0.0000,0.000000,1.0173,0.41,6.66,7.48,6.68,0.009216,0.0904,-4.6976,0.008000,0.062258,0.3879,-0.362627,-0.047957,0.013735,-733.2217988703654,-2324.7981270419427,16.408279777686957,865.0661200195722,0.035336,0.124438,6355.7,6264.9,0.307315,0.757170,0.000000,0.5000,1.0000,,,,,
0.9240,1778833315.557707,77,1.604066,0.054768,0.006197,0.3207,0.0076,0.032428,1.670536,0.009240,0.001976,0.3341,1.605617,0.054710,0.006245,0.2112,-0.0121,0.004820,0.725019,0.0000,1.605617,0.000000,0.000000,5.0000,0.000000,-0.014759,839.6008,0,1,clay,1.0000,0.500000,0,0,0.000000,0.000000,0.000000,0,nan,0.00,0.000000,0.7932,0.0000,0.000000,1.0171,0.39,6.65,7.43,6.59,0.009240,0.1132,-4.6659,0.008000,0.115121,0.0751,-0.337909,-0.041274,0.017326,-1161.141706680939,-349.2109431930363,-203.0945522271162,837.6430266311712,0.005555,0.118808,6348.4,6272.1,0.319987,0.771244,0.000000,0.5000,1.0000,,,,,
0.9360,1778833315.569729,78,1.630484,-0.001276,0.012751,0.3656,-0.0923,0.035345,1.674759,0.009210,0.002375,0.3654,1.632258,-0.001363,0.012808,0.2423,-0.0170,0.005716,0.750492,0.0000,1.632258,0.000000,0.000000,5.0000,0.000000,-0.067693,839.0818,0,1,clay,1.0000,0.500000,0,0,0.000000,0.000000,0.000000,0,nan,0.00,0.000000,0.7976,0.0000,0.000000,1.0163,0.38,6.64,7.39,6.61,0.009210,0.1361,-4.6346,0.008000,0.041937,0.5456,-0.310984,-0.046918,0.021268,-1206.3541478202337,1115.8869494273206,-83.76589324057704,946.9911967187926,0.018420,0.154153,6341.9,6278.7,0.331418,0.735928,0.000000,0.5000,1.0000,,,,,
0.9480,1778833315.581732,79,1.716844,-0.000972,0.001053,0.3245,-0.0382,0.026998,1.679408,0.009087,0.002701,0.4004,1.718735,-0.001069,0.001114,0.2594,-0.0167,0.006036,0.776248,0.0000,1.718735,0.000000,-0.000000,5.0000,0.000000,-0.118235,839.0136,0,1,clay,1.0000,0.500000,0,0,0.000000,0.000000,0.000000,0,nan,0.00,0.000000,0.8017,0.0000,0.000000,1.0149,0.36,6.63,7.36,6.58,0.009087,0.1548,-4.5996,0.008000,0.054278,0.0703,-0.295922,-0.049025,0.022283,-1038.795812638179,1318.9552536023937,-91.75116021748937,946.8048151688191,0.012985,0.156655,6335.3,6285.3,0.342963,0.761707,0.000000,0.5000,1.0000,,,,,
0.9600,1778833315.593729,80,1.694963,0.046082,0.006824,0.4617,-0.0057,0.021591,1.684465,0.008877,0.002959,0.4346,1.697142,0.046032,0.006886,0.2998,-0.0139,0.006034,0.800820,0.0000,1.697142,0.000000,-0.000000,5.0000,0.000000,-0.167093,839.4786,0,1,clay,1.0000,0.500000,0,0,0.000000,0.000000,0.000000,0,nan,0.00,0.000000,0.8056,0.0000,0.000000,1.0129,0.35,6.62,7.33,6.58,0.008877,0.1695,-4.5654,0.008000,0.112252,0.1628,-0.259395,-0.040515,0.022311,-1095.0493145098212,2212.3696123307286,-144.18007956261945,897.4522907065639,-0.000626,0.142898,6328.9,6291.6,0.353975,0.654483,0.000000,0.5000,1.0000,,,,,
0.9720,1778833315.605730,81,1.686125,0.077668,0.004353,0.4333,-0.1136,0.016885,1.689974,0.008669,0.003182,0.4719,1.688495,0.077535,0.004411,0.3270,-0.0202,0.005638,0.824249,0.0000,1.688495,0.000000,-0.000000,5.0000,0.000000,-0.213442,840.3859,0,1,clay,1.0000,0.500000,0,0,0.000000,0.000000,0.000000,0,nan,0.00,0.000000,0.8093,0.0000,0.000000,1.0103,0.35,6.63,7.32,6.67,0.008669,0.1823,-4.5281,0.008000,0.197161,0.1141,-0.235996,-0.045066,0.021750,-923.6415987756848,1641.344547618931,110.30313491768553,968.1416147725862,0.033046,0.169532,6322.9,6297.6,0.364476,0.672497,0.000000,0.5000,1.0000,,,,,
0.9840,1778833315.617728,82,1.703632,0.064846,0.013321,0.5605,-0.0830,0.014408,1.695907,0.008462,0.003365,0.5062,1.706341,0.064702,0.013375,0.3735,-0.0229,0.005232,0.846595,0.0000,1.706341,0.000000,-0.000000,5.0000,0.000000,-0.257595,840.3177,0,1,clay,1.0000,0.500000,0,0,0.000000,0.000000,0.000000,0,nan,0.00,0.000000,0.8127,0.0000,0.000000,1.0073,0.34,6.63,7.31,6.64,0.008462,0.1928,-4.4938,0.008000,0.056403,0.8426,-0.193050,-0.047351,0.020277,1193.833785853668,2317.9139199477313,273.3886217466194,984.0320310802115,0.049853,0.177798,6317.2,6303.4,0.374491,0.590844,0.000000,0.5000,1.0000,,,,,
0.9960,1778833315.632766,83,1.704885,-0.026053,0.000803,0.5999,-0.0911,0.013757,1.702256,0.008329,0.003541,0.5414,1.707917,-0.026269,0.000853,0.4187,-0.0257,0.004856,0.867909,0.0000,1.707917,0.000000,-0.000000,5.0000,0.000000,-0.301508,840.0193,0,1,clay,1.0000,0.500000,0,0,0.000000,0.000000,0.000000,0,nan,0.00,0.000000,0.8158,0.0000,0.000000,1.0036,0.33,6.63,7.30,6.63,0.008329,0.2029,-4.4586,0.008000,0.104014,-0.3226,-0.151284,-0.052130,0.018327,-288.00950535405156,1983.5753326735032,439.92457344884457,1003.2849343081796,0.066907,0.187057,6311.7,6308.9,0.384044,0.575810,0.000000,0.5000,1.0000,,,,,
1.0080,1778833315.641756,84,1.763953,-0.023262,0.007278,0.5176,-0.0367,0.015280,1.709006,0.008391,0.003746,0.5753,1.767129,-0.023436,0.007327,0.4392,-0.0236,0.004706,0.888205,0.0000,1.767129,-0.000000,-0.000000,5.0000,0.000000,-0.341163,840.0774,0,1,clay,1.0000,0.500000,0,0,0.000000,0.000000,0.000000,0,nan,0.00,0.000000,0.8187,0.0000,0.000000,0.9995,0.33,6.63,7.28,6.59,0.008391,0.2146,-4.4247,0.008000,0.051524,0.2647,-0.134020,-0.044145,0.017133,440.9996572321574,1900.5934811809946,372.2900978840675,958.8776361143532,0.058761,0.175145,6306.5,6314.1,0.393145,0.642413,0.000000,0.5000,1.0000,,,,,
1.0200,1778833315.653704,85,1.765390,-0.068870,0.002871,0.5854,-0.0484,0.011594,1.716191,0.008540,0.003915,0.6107,1.768773,-0.069053,0.002916,0.4688,-0.0229,0.004365,0.907587,0.0000,1.768773,-0.000000,-0.000000,5.0000,0.000000,-0.379145,841.4411,0,1,clay,1.0000,0.500000,0,0,0.000000,0.000000,0.000000,0,nan,0.00,0.000000,0.8214,0.0000,0.000000,0.9950,0.32,6.63,7.27,6.67,0.008540,0.2243,-4.3893,0.008000,0.124454,-0.0296,-0.107430,-0.039724,0.013997,642.1867717300792,1765.7746589441151,380.08736319046193,927.8645462469581,0.058943,0.167513,6301.5,6319.1,0.401827,0.608196,0.000000,0.5000,1.0000,,,,,
1.0320,1778833315.665685,86,1.676260,0.011520,0.004103,0.6185,-0.0025,0.005750,1.723790,0.008701,0.004022,0.6456,1.679862,0.011382,0.004143,0.4992,-0.0187,0.003838,0.926071,0.0000,1.679862,0.000000,-0.000000,5.0000,0.000000,-0.416735,840.4007,0,1,clay,1.0000,0.500000,0,0,0.000000,0.000000,0.000000,0,nan,0.00,0.000000,0.8238,0.0000,0.000000,0.9900,0.31,6.63,7.26,6.63,0.008701,0.2304,-4.3544,0.008000,0.047773,-0.1503,-0.080007,-0.033178,0.010029,395.257245444523,1543.2491273315009,280.4454552654713,837.3073920003753,0.044983,0.140216,6296.7,6323.8,0.410110,0.603297,0.000000,0.5000,1.0000,,,,,
1.0440,1778833315.677727,87,1.816184,0.005061,0.007632,0.6194,0.0066,0.008174,1.731782,0.009000,0.004134,0.6771,1.819961,0.004981,0.007671,0.5239,-0.0150,0.003426,0.943679,0.0000,1.819961,-0.000000,-0.000000,5.0000,0.000000,-0.469250,839.8690,0,1,clay,1.0000,0.500000,0,0,0.000000,0.000000,0.000000,0,nan,0.00,0.000000,0.8259,0.0000,0.000000,0.9844,0.31,6.63,7.26,6.63,0.009000,0.2369,-4.3229,0.008000,0.134080,-0.3293,-0.058002,-0.018624,0.007949,77.1932171969541,1608.9872539466883,185.723113902471,725.7573965728833,0.027771,0.112372,6292.2,6328.4,0.418004,0.616607,0.000000,0.5170,1.0000,,,,,
1.0560,1778833315.689724,88,1.741486,-0.000815,0.005840,0.6992,0.0209,0.009190,1.740133,0.009442,0.004249,0.7058,1.745517,-0.000848,0.005879,0.5593,-0.0109,0.003202,0.960143,0.0000,1.745517,0.000000,-0.000000,5.0000,0.000000,-0.536578,839.2511,0,1,clay,1.0000,0.500000,0,0,0.000000,0.000000,0.000000,0,nan,0.00,0.000000,0.8277,0.0000,0.000000,0.9779,0.31,6.64,7.26,6.66,0.009442,0.2434,-4.2942,0.008000,0.027271,0.2362,-0.025314,-0.007794,0.006594,140.31927748200172,633.168210400755,103.72207697008679,546.1473360607972,0.008510,0.083177,6287.9,6332.6,0.425441,0.589801,0.000000,0.5523,1.0000,,,,,
1.0680,1778833315.701721,89,1.690367,0.031902,0.008991,0.7238,-0.0419,0.008223,1.748837,0.009923,0.004341,0.7368,1.694640,0.031862,0.009030,0.5926,-0.0130,0.002962,0.975314,0.0000,1.694640,0.000000,-0.000000,5.0000,0.000000,-0.609619,839.0912,0,1,clay,1.0000,0.500000,0,0,0.000000,0.000000,0.000000,0,nan,0.00,0.000000,0.8293,0.0000,0.000000,0.9706,0.31,6.64,7.25,6.64,0.009923,0.2487,-4.2632,0.008000,0.058500,0.0861,0.005422,-0.013010,0.006447,143.1281023334464,1305.5779769895075,157.73461292088072,533.0145748771861,0.015989,0.081731,6284.0,6336.6,0.432355,0.584490,0.000000,0.5855,1.0000,,,,,
1.0800,1778833315.713671,90,1.707909,0.000166,0.015866,0.8065,-0.0201,0.003404,1.757871,0.010467,0.004425,0.7629,1.712487,0.000160,0.015901,0.6355,-0.0129,0.002614,0.989227,0.0000,1.712487,0.000000,-0.000000,5.0000,0.000000,-0.691276,838.8328,0,1,clay,1.0000,0.500000,0,0,0.000000,0.000000,0.000000,0,nan,0.00,0.000000,0.8306,0.0000,0.000000,0.9623,0.30,6.65,7.26,6.71,0.010467,0.2536,-4.2371,0.008000,0.082334,0.6240,0.045849,-0.006542,0.004557,84.09366441140583,632.0254976706034,176.26419900070167,437.62573906372484,0.016533,0.069430,6280.3,6340.2,0.438730,0.568169,0.000000,0.6283,1.0000,,,,,
1.0920,1778833315.731062,91,1.713797,0.028206,-0.000348,0.8553,-0.0009,0.005112,1.767202,0.011044,0.004489,0.7867,1.718700,0.028146,-0.000314,0.6795,-0.0110,0.002497,0.996674,0.0000,1.718700,0.000000,-0.000000,5.0000,0.000000,-0.772544,838.7626,0,1,clay,1.0000,0.500000,0,0,0.000000,0.000000,0.000000,0,nan,0.00,0.000000,0.8316,0.0000,0.000000,0.9530,0.30,6.65,7.26,6.66,0.011044,0.2572,-4.2133,0.008000,0.055599,-0.8162,0.087547,0.001117,0.003833,83.27304995801745,887.431766974537,156.99921230077146,331.5838074802964,0.010372,0.055131,6278.3,6342.3,0.442282,0.573901,0.000000,0.6722,1.0000,,,,,
1.1040,1778833315.738278,92,1.788667,-0.033765,0.001328,0.8077,-0.0006,0.006150,1.776798,0.011636,0.004543,0.8088,1.793891,-0.033800,0.001361,0.7059,-0.0090,0.002389,1.006611,0.0000,1.793891,-0.000000,-0.000000,5.0000,0.000000,-0.843766,839.3593,0,1,clay,1.0000,0.500000,0,0,0.000000,0.000000,0.000000,0,nan,0.00,0.000000,0.8323,0.0000,0.000000,0.9429,0.39,6.64,7.43,6.58,0.011636,0.2603,-4.1912,0.008000,0.031250,-0.0006,0.111632,0.008133,0.003887,-7.15066662116525,142.09430593483592,144.68681570686584,268.5110616462913,0.005513,0.045892,6275.6,6345.0,0.446993,0.618795,0.000000,0.6984,1.0000,,,,,
1.1160,1778833315.749672,93,1.803055,-0.048252,0.006269,0.8081,-0.0007,0.001402,1.786677,0.012209,0.004562,0.8323,1.808409,-0.048250,0.006298,0.7272,-0.0075,0.002065,1.017028,0.0000,1.808409,-0.000000,-0.000000,5.0000,0.000000,-0.905754,840.0101,0,1,clay,1.0000,0.500000,0,0,0.000000,0.000000,0.000000,0,nan,0.00,0.000000,0.8327,0.0000,0.000000,0.9321,0.38,6.64,7.40,6.61,0.012209,0.2614,-4.1677,0.008000,0.027502,-0.0875,0.130830,0.009927,0.002900,-75.65339547418108,302.5443898218658,147.42836327023096,213.6664277949192,0.003908,0.036765,6272.8,6347.7,0.451813,0.636399,0.000000,0.7197,1.0000,,,,,
1.1280,1778833315.761749,94,1.823918,-0.061743,0.008359,0.8497,0.0444,0.001857,1.796786,0.012804,0.004565,0.8506,1.829436,-0.061672,0.008385,0.7524,-0.0015,0.001921,1.024386,0.0000,1.829436,-0.000000,-0.000000,5.0000,0.000000,-0.963238,840.7585,0,1,clay,1.0000,0.500000,0,0,0.000000,0.000000,0.000000,0,nan,0.00,0.000000,0.8328,0.0000,0.000000,0.9205,0.37,6.64,7.38,6.67,0.012804,0.2616,-4.1494,0.008000,0.010196,0.2868,0.154060,0.019437,0.001017,-38.28402113758031,240.42530712790722,93.59854574818777,119.48794362598997,-0.009256,0.017950,6270.8,6349.7,0.455252,0.644877,0.000000,0.7448,1.0000,,,,,
1.1400,1778833315.773654,95,1.836502,-0.032122,0.004758,0.8951,0.0090,0.001739,1.807153,0.013431,0.004570,0.8720,1.842219,-0.032062,0.004781,0.7815,-0.0003,0.001735,1.026163,0.0000,1.842219,-0.000000,-0.000000,5.0000,0.000000,-1.016484,840.7011,0,1,clay,1.0000,0.500000,0,0,0.000000,0.000000,0.000000,0,nan,0.00,0.000000,0.8326,0.0000,0.000000,0.9083,0.36,6.64,7.35,6.61,0.013431,0.2618,-4.1280,0.008000,0.114780,0.0132,0.181300,0.019634,0.002608,-58.81006554204676,268.93066002566763,92.63130146834442,97.5543076283351,-0.010140,0.012413,6270.3,6350.3,0.456215,0.638175,0.000000,0.7739,1.0000,,,,,
1.1520,1778833315.785674,96,1.895352,-0.018707,0.001635,0.9168,-0.0392,-0.002632,1.817789,0.014062,0.004551,0.8957,1.901252,-0.018717,0.001651,0.8092,-0.0045,0.001200,1.034201,0.0000,1.901252,-0.000000,-0.000000,5.0000,0.000000,-1.071804,841.4454,0,1,clay,1.0000,0.500000,0,0,0.000000,0.000000,0.000000,0,nan,0.00,0.000000,0.8321,0.0000,0.000000,0.8954,0.34,6.64,7.32,6.63,0.014062,0.2607,-4.1043,0.008000,0.032633,-0.3655,0.183282,0.007607,0.000602,-88.77538643208136,669.7970212884505,161.48668044069845,128.0052802794221,0.002589,0.018050,6268.2,6352.4,0.459925,0.640931,0.000000,0.8016,1.0000,,,,,
1.1640,1778833315.797682,97,1.815717,-0.032355,0.008521,0.8638,-0.0071,-0.000096,1.828685,0.014753,0.004543,0.9158,1.821690,-0.032327,0.008534,0.8212,-0.0045,0.000964,1.036914,0.0000,1.821690,-0.000000,-0.000000,5.0000,0.000000,-1.112621,841.9362,0,1,clay,1.0000,0.500000,0,0,0.000000,0.000000,0.000000,0,nan,0.00,0.000000,0.8312,0.0000,0.000000,0.8821,0.34,6.63,7.30,6.58,0.014753,0.2603,-4.0842,0.008000,0.034346,0.1330,0.158306,0.003916,-0.000146,-49.64580836810494,358.901366725225,170.15686206759148,120.26984410380362,0.003774,0.015982,6267.4,6353.2,0.461294,0.678556,0.000000,0.8136,1.0000,,,,,
1.1760,1778833315.809687,98,1.748712,0.036387,0.009624,0.9863,-0.0200,0.000803,1.839836,0.015483,0.004553,0.9395,1.754914,0.036407,0.009635,0.8546,-0.0060,0.000828,1.034697,0.0000,1.754914,-0.000000,-0.000000,5.0000,0.000000,-1.156500,842.6560,0,1,clay,1.0000,0.500000,0,0,0.000000,0.000000,0.000000,0,nan,0.00,0.000000,0.8300,0.0000,0.000000,0.8682,0.33,6.62,7.28,6.60,0.015483,0.2609,-4.0605,0.008000,0.007068,0.0170,0.156915,0.004175,0.000496,-131.614179675657,494.886335954856,188.03825225714937,129.46672334660698,0.007212,0.017274,6267.9,6352.7,0.460437,0.634707,0.000000,0.8470,1.0000,,,,,
1.1880,1778833315.829488,99,1.862475,0.075509,-0.001223,0.9226,-0.0349,0.002618,1.851268,0.016234,0.004569,0.9608,1.868787,0.075433,-0.001212,0.8693,-0.0089,0.000798,1.038180,0.0000,1.868787,-0.000000,-0.000000,5.0000,0.000000,-1.193374,843.8520,0,1,clay,1.0000,0.500000,0,0,0.000000,0.000000,0.000000,0,nan,0.00,0.000000,0.8286,0.0000,0.000000,0.8539,0.34,6.63,7.30,6.65,0.016234,0.2618,-4.0392,0.008000,0.114552,-0.9961,0.127285,-0.000784,0.000091,-79.56745118091143,-1189.747972346438,217.29188283707896,157.0014320784406,0.012620,0.022536,6266.9,6353.7,0.462119,0.663228,0.000000,0.8617,1.0000,,,,,
1.2000,1778833315.836726,100,1.819509,0.011578,-0.003104,0.9736,0.0837,0.006935,1.862953,0.017110,0.004646,0.9822,1.826795,0.011609,-0.003087,0.8919,0.0024,0.001152,1.039565,0.0000,1.826795,-0.000000,-0.000000,5.0000,0.000000,-1.230390,843.8286,0,1,clay,1.0000,0.500000,0,0,0.000000,0.000000,0.000000,0,nan,0.00,0.000000,0.8268,0.0000,0.000000,0.8391,0.79,6.62,8.20,6.58,0.017110,0.2662,-4.0178,0.008000,0.036442,-0.1742,0.104211,0.017339,0.001122,-102.25092257182186,161.08812481075756,107.4429560045256,65.12765684897879,-0.010841,0.001980,6266.2,6354.3,0.463331,0.653348,0.000000,0.8833,1.0000,,,,,
1.2120,1778833315.845732,101,1.833904,0.010965,0.004273,1.0383,0.1186,0.004338,1.874879,0.017960,0.004702,1.0019,1.841300,0.011191,0.004292,0.9217,0.0153,0.001503,1.035458,0.0000,1.841300,-0.000000,-0.000000,5.0000,0.000000,-1.267668,844.6423,0,1,clay,1.0000,0.500000,0,0,0.000000,0.000000,0.000000,0,nan,0.00,0.000000,0.8247,0.0000,0.000000,0.8239,0.72,6.62,8.06,6.62,0.017960,0.2694,-3.9981,0.008000,0.054552,0.1532,0.106725,0.037206,0.000155,-96.33636197559039,282.27136374041714,-32.98374270305372,-44.67443936935396,-0.035041,-0.022017,6267.2,6353.3,0.461572,0.643951,0.000000,0.9133,1.0000,,,,,
1.2240,1778833315.857684,102,1.901078,0.024200,0.012649,0.9303,0.0180,0.004645,1.887062,0.018809,0.004749,1.0235,1.908376,0.024476,0.012669,0.9249,0.0145,0.001582,1.040499,0.0000,1.908376,-0.000000,0.000000,5.0000,0.000000,-1.294656,845.2013,0,1,clay,1.0000,0.500000,0,0,0.000000,0.000000,0.000000,0,nan,0.00,0.000000,0.8224,0.0000,0.000000,0.8084,0.66,6.62,7.93,6.60,0.018809,0.2721,-3.9765,0.008000,0.075071,0.3521,0.087708,0.031955,-0.002632,-125.69619135563444,174.83899621837998,-19.403695708729387,-31.32649751228746,-0.033519,-0.019815,6265.9,6354.7,0.463857,0.684452,0.000000,0.9166,1.0000,,,,,
1.2360,1778833315.869719,103,1.919719,0.025932,0.008970,1.0694,0.1005,0.004632,1.899498,0.019649,0.004797,1.0441,1.927144,0.026274,0.008991,0.9544,0.0236,0.001851,1.041150,0.0000,1.927144,-0.000000,0.000000,5.0000,0.000000,-1.330369,846.4762,0,1,clay,1.0000,0.500000,0,0,0.000000,0.000000,0.000000,0,nan,0.00,0.000000,0.8197,0.0000,0.000000,0.7924,0.60,6.61,7.82,6.61,0.019649,0.2748,-3.9559,0.008000,0.088097,0.0225,0.091361,0.041285,-0.003843,-149.39709220492867,432.2424730270355,-120.2903788838008,-105.38030657140447,-0.048231,-0.034412,6265.7,6354.8,0.464174,0.647213,0.000000,0.9462,1.0000,,,,,
1.2480,1778833315.881676,104,1.980427,0.059474,0.010605,0.9870,0.1043,0.002179,1.912201,0.020506,0.004836,1.0706,1.987828,0.059901,0.010626,0.9622,0.0315,0.001876,1.045289,0.0000,1.987828,-0.000000,0.000000,5.0000,0.000000,-1.358624,847.7667,0,1,clay,1.0000,0.500000,0,0,0.000000,0.000000,0.000000,0,nan,0.00,0.000000,0.8168,0.0000,0.000000,0.7761,0.56,6.62,7.73,6.65,0.020506,0.2771,-3.9294,0.008000,0.108982,0.3238,0.069994,0.055406,-0.001370,-171.31919418995622,-365.8806798774652,-209.27567446181814,-180.3606634187663,-0.060403,-0.047910,6264.6,6355.9,0.466073,0.677644,0.000000,0.9541,1.0000,,,,,
1.2600,1778833315.893681,105,1.918789,-0.040516,-0.001525,1.0391,0.0702,0.002303,1.925205,0.021395,0.004881,1.0928,1.926258,-0.040160,-0.001506,0.9786,0.0341,0.001844,1.045884,0.0000,1.926258,-0.000000,0.000000,5.0000,0.000000,-1.386655,848.0253,0,1,clay,1.0000,0.500000,0,0,0.000000,0.000000,0.000000,0,nan,0.00,0.000000,0.8135,0.0000,0.000000,0.7595,0.52,6.62,7.66,6.62,0.021395,0.2797,-3.9072,0.008000,0.066976,-0.1888,0.057968,0.062653,-0.001088,-159.47038326096217,-246.7873131495868,-229.57837927240053,-202.08809032577005,-0.062602,-0.051188,6264.5,6356.1,0.466393,0.667626,0.000000,0.9705,1.0000,,,,,
1.2720,1778833315.905697,106,1.915815,0.034926,0.008082,1.1294,0.0515,0.001961,1.938483,0.022253,0.004913,1.1158,1.923454,0.035349,0.008100,1.0093,0.0342,0.001770,1.048291,0.0000,1.923454,-0.000000,0.000000,5.0000,0.000000,-1.418927,845.3950,0,1,clay,1.0000,0.500000,0,0,0.000000,0.000000,0.000000,0,nan,0.00,0.000000,0.8101,0.0000,0.000000,0.7424,0.49,6.62,7.60,6.61,0.022253,0.2815,-3.8842,0.008000,0.067856,-0.0314,0.076381,0.061171,-0.002537,-175.634027130083,-911.118852764243,-210.23518724472615,-192.356592007342,-0.059494,-0.049322,6263.8,6356.7,0.467513,0.647801,0.000000,1.0013,1.0000,,,,,
1.2840,1778833315.917651,107,1.870091,0.099729,0.015537,1.1708,0.0757,0.002321,1.952028,0.023143,0.004963,1.1371,1.877910,0.100235,0.015555,1.0421,0.0375,0.001786,1.051222,0.0000,1.877910,-0.000000,-0.000000,5.0000,0.000000,-1.440828,834.2826,0,1,clay,1.0000,0.500000,0,0,0.000000,0.000000,0.000000,0,nan,0.00,0.000000,0.8063,0.0000,0.000000,0.7251,0.46,6.67,7.59,6.94,0.023143,0.2844,-3.8629,0.008000,0.069618,0.3334,0.076014,0.074735,0.006427,-151.4998524778049,-583.3006917299514,-230.50311207705914,-211.20888358146192,-0.061294,-0.051923,6263.0,6357.5,0.468876,0.642882,0.000000,1.0341,1.0000,,,,,
1.2960,1778833315.930548,108,2.057783,0.007653,0.004715,1.0434,0.0255,0.007099,1.965806,0.024074,0.005043,1.1563,2.065624,0.008042,0.004736,1.0438,0.0334,0.002056,1.043464,0.0000,2.065624,0.000000,0.000000,5.0000,0.000000,-1.446295,830.8900,0,1,clay,1.0000,0.500000,0,0,0.000000,0.000000,0.000000,0,nan,0.00,0.000000,0.8023,0.0000,0.000000,0.7078,0.44,6.67,7.55,6.69,0.024074,0.2890,-3.8437,0.008000,0.122004,0.3350,0.062807,0.065435,0.001479,-195.41073240878632,-634.4899654962035,-194.65598232909025,-168.01144015025386,-0.056224,-0.044306,6265.0,6355.6,0.465526,0.689746,0.000000,1.0359,1.0000,,,,,
1.3080,1778833315.941680,109,1.952530,0.125260,0.014581,1.1643,-0.0377,0.009664,1.979837,0.025003,0.005130,1.1788,1.960514,0.125630,0.014607,1.0686,0.0226,0.002405,1.046351,0.0000,1.960514,-0.000000,0.000000,5.0000,0.000000,-1.452891,824.1378,0,1,clay,1.0000,0.500000,0,0,0.000000,0.000000,0.000000,0,nan,0.00,0.000000,0.7980,0.0000,0.000000,0.6904,0.42,6.66,7.49,6.59,0.025003,0.2939,-3.8212,0.008000,0.119261,1.0057,0.064890,0.041141,0.002970,-193.776957631868,-1278.0575806480908,-73.49029611048513,-56.396075060450904,-0.040237,-0.025021,6264.2,6356.3,0.466794,0.655650,0.000000,1.0608,1.0000,,,,,
1.3200,1778833315.953682,110,1.969476,0.011980,0.009882,1.1925,0.0583,0.015778,1.994138,0.026045,0.005293,1.2012,1.977594,0.012359,0.009919,1.0941,0.0259,0.003429,1.049107,0.0000,1.977594,-0.000000,0.000000,5.0000,0.000000,-1.460873,811.2947,0,1,clay,1.0000,0.500000,0,0,0.000000,0.000000,0.000000,0,nan,0.00,0.000000,0.7935,0.0000,0.000000,0.6728,0.40,6.65,7.45,6.63,0.026045,0.3033,-3.7988,0.008000,0.036025,0.3117,0.061006,0.035517,0.004706,-200.49802500715603,-197.92295670693426,-124.13692738534039,-57.3743609537362,-0.046531,-0.025281,6263.5,6357.0,0.467998,0.650477,0.000000,1.0863,1.0000,,,,,
1.3320,1778833315.965798,111,1.966138,-0.054142,-0.000746,1.3106,0.1413,0.015950,2.008705,0.027109,0.005480,1.2221,1.974551,-0.053712,-0.000699,1.1375,0.0395,0.004496,1.048323,0.0000,1.974551,-0.000000,0.000000,5.0000,0.000000,-1.466971,794.3236,0,1,clay,1.0000,0.500000,0,0,0.000000,0.000000,0.000000,0,nan,0.00,0.000000,0.7888,0.0000,0.000000,0.6552,0.38,6.65,7.42,6.62,0.027109,0.3140,-3.7779,0.008000,0.088651,-0.7777,0.100734,0.055182,0.006613,-200.6705300913159,37.99800585440832,-284.6730599378806,-142.2995758430429,-0.064575,-0.039121,6263.7,6356.8,0.467660,0.624018,0.000000,1.1297,1.0000,,,,,
1.3440,1778833315.977691,112,2.016101,-0.002733,0.006946,1.2813,0.0651,0.011970,2.023526,0.028142,0.005648,1.2445,2.024686,-0.002224,0.006997,1.1668,0.0407,0.004883,1.049953,0.0000,2.024686,0.000000,0.000000,5.0000,0.000000,-1.473373,782.5811,0,1,clay,1.0000,0.500000,0,0,0.000000,0.000000,0.000000,0,nan,0.00,0.000000,0.7838,0.0000,0.000000,0.6375,0.37,6.65,7.39,6.67,0.028142,0.3236,-3.7555,0.008000,0.033129,-0.1278,0.100546,0.048679,0.005915,-174.26105812771956,-81.61877340530691,-294.20697022849197,-138.40064175724,-0.064797,-0.038206,6263.3,6357.2,0.468376,0.638714,0.000000,1.1590,1.0000,,,,,
1.3560,1778833315.989672,113,2.049932,0.004985,0.005556,1.3937,0.1477,0.016809,2.038605,0.029214,0.005827,1.2654,2.058827,0.005602,0.005615,1.2122,0.0530,0.005851,1.047511,0.0000,2.058827,0.000000,0.000000,5.0000,0.000000,-1.477535,764.8564,0,1,clay,1.0000,0.500000,0,0,0.000000,0.000000,0.000000,0,nan,0.00,0.000000,0.7786,0.0000,0.000000,0.6198,0.36,6.66,7.37,6.68,0.029214,0.3338,-3.7346,0.008000,0.068482,-0.3012,0.137722,0.059380,0.007490,-205.28152905555476,66.80608049457203,-427.37200930426764,-216.27082072826278,-0.078230,-0.048741,6263.9,6356.6,0.467305,0.613998,0.000000,1.2045,1.0000,,,,,
1.3680,1778833316.001696,114,2.094098,-0.027938,0.007153,1.3389,0.0216,0.017227,2.053941,0.030234,0.005990,1.2869,2.103167,-0.027360,0.007219,1.2382,0.0460,0.006434,1.046914,0.0000,2.103167,0.000000,0.000000,5.0000,0.000000,-1.480856,754.8889,0,1,clay,1.0000,0.500000,0,0,0.000000,0.000000,0.000000,0,nan,0.00,0.000000,0.7733,0.0000,0.000000,0.6020,0.35,6.65,7.34,6.62,0.030234,0.3432,-3.7131,0.008000,0.070531,0.4856,0.147280,0.047899,0.010611,-182.32634883279852,-895.3240902170327,-358.4284897620074,-141.1110499607126,-0.069484,-0.037256,6264.1,6356.5,0.467046,0.634117,0.000000,1.2305,1.0000,,,,,
1.3800,1778833316.013682,115,2.154230,0.044515,0.015150,1.3994,0.1012,0.019498,2.069521,0.031338,0.006223,1.3059,2.163516,0.045225,0.015224,1.2709,0.0512,0.007317,1.042057,0.0000,2.163516,0.000000,-0.000000,5.0000,0.000000,-1.480626,742.6066,0,1,clay,1.0000,0.500000,0,0,0.000000,0.000000,0.000000,0,nan,0.00,0.000000,0.7677,0.0000,0.000000,0.5843,0.34,6.64,7.33,6.61,0.031338,0.3566,-3.6941,0.008000,0.129941,0.3938,0.149042,0.060444,0.018391,-132.63544279832385,-809.1228012463679,-418.1275274560712,-163.55729612200628,-0.074798,-0.039660,6265.3,6355.3,0.464904,0.624228,0.000000,1.2632,1.0000,,,,,
1.3920,1778833316.028954,116,2.046745,0.001168,0.001927,1.3549,0.0108,0.021598,2.085343,0.032446,0.006481,1.3264,2.056188,0.001695,0.002009,1.2886,0.0429,0.008042,1.038206,0.0000,2.056188,0.000000,0.000000,5.0000,0.000000,-1.477949,735.0586,0,1,clay,1.0000,0.500000,0,0,0.000000,0.000000,0.000000,0,nan,0.00,0.000000,0.7620,0.0000,0.000000,0.5665,0.35,6.64,7.35,6.61,0.032446,0.3713,-3.6736,0.008000,0.123126,-0.7910,0.133739,0.038747,0.011059,-223.28659733864993,-408.48740497035124,-349.38852448010454,-85.40537886804613,-0.066333,-0.027609,6266.3,6354.3,0.463212,0.641104,0.000000,1.2809,1.0000,,,,,
1.4040,1778833316.037768,117,2.118385,-0.040090,0.004496,1.3735,-0.0282,0.023713,2.101424,0.033602,0.006766,1.3498,2.127932,-0.039632,0.004586,1.3065,0.0310,0.008813,1.039634,0.0000,2.127932,0.000000,0.000000,5.0000,0.000000,-1.478856,728.6562,0,1,clay,1.0000,0.500000,0,0,0.000000,0.000000,0.000000,0,nan,0.00,0.000000,0.7561,0.0000,0.000000,0.5488,0.35,6.65,7.34,6.69,0.033602,0.3877,-3.6502,0.008000,0.073384,-0.0255,0.150689,0.023988,0.011437,-231.14038409739572,190.48507492394128,-244.36183673129128,14.731173609461777,-0.054204,-0.011718,6265.9,6354.6,0.463820,0.639669,0.000000,1.2988,1.0000,,,,,
1.4160,1778833316.049670,118,2.023492,0.007864,0.008983,1.4754,0.0221,0.026446,2.117771,0.034835,0.007078,1.3725,2.033280,0.008359,0.009083,1.3406,0.0283,0.009887,1.035107,0.0000,2.033280,0.000000,0.000000,5.0000,0.000000,-1.477550,715.4478,0,1,clay,1.0000,0.500000,0,0,0.000000,0.000000,0.000000,0,nan,0.00,0.000000,0.7500,0.0000,0.000000,0.5311,0.34,6.64,7.32,6.60,0.034835,0.4055,-3.6275,0.008000,0.129679,-0.3361,0.159742,0.036572,0.021736,-241.04852998854608,31.089173113827712,-234.41241182654625,50.329584497554976,-0.051917,-0.005859,6267.1,6353.5,0.461821,0.616797,0.000000,1.3330,1.0000,,,,,
1.4280,1778833316.061697,119,2.055459,0.017222,0.006493,1.4077,-0.0245,0.025732,2.134385,0.036078,0.007390,1.3935,2.065319,0.017627,0.006600,1.3551,0.0196,0.010579,1.034955,0.0000,2.065319,0.000000,0.000000,5.0000,0.000000,-1.477581,710.1098,0,1,clay,1.0000,0.500000,0,0,0.000000,0.000000,0.000000,0,nan,0.00,0.000000,0.7438,0.0000,0.000000,0.5133,0.33,6.63,7.29,6.61,0.036078,0.4234,-3.6065,0.008000,0.031503,-0.2160,0.148444,0.013874,0.012517,-268.91595265973154,-156.64565544374875,-163.02816796025996,117.27350096222904,-0.043804,0.005155,6267.1,6353.4,0.461733,0.637610,0.000000,1.3475,1.0000,,,,,
1.4400,1778833316.073702,120,2.207463,0.038287,0.008748,1.4284,-0.0130,0.026143,2.151263,0.037251,0.007692,1.4153,2.217422,0.038677,0.008862,1.3707,0.0141,0.011220,1.037116,0.0000,2.217422,0.000000,-0.000000,5.0000,0.000000,-1.480479,704.6910,0,1,clay,1.0000,0.500000,0,0,0.000000,0.000000,0.000000,0,nan,0.00,0.000000,0.7374,0.0000,0.000000,0.4956,0.33,6.64,7.29,6.64,0.037251,0.4407,-3.5847,0.008000,0.147838,0.5155,0.120784,-0.002904,0.012435,-223.4984786395552,107.54952307264188,-121.65333234983208,161.02560918862642,-0.038988,0.012301,6266.6,6354.0,0.462679,0.636112,0.000000,1.3631,1.0000,,,,,
1.4520,1778833316.085762,121,2.182269,0.062451,0.011462,1.4162,0.1184,0.024002,2.168400,0.038421,0.007990,1.4364,2.192298,0.062994,0.011580,1.3809,0.0279,0.011724,1.026897,0.0000,2.192298,0.000000,-0.000000,5.0000,0.000000,-1.473884,700.7593,0,1,clay,1.0000,0.500000,0,0,0.000000,0.000000,0.000000,0,nan,0.00,0.000000,0.7309,0.0000,0.000000,0.4779,0.33,6.63,7.28,6.60,0.038421,0.4578,-3.5636,0.008000,0.071767,0.2279,0.101583,0.021959,0.020471,-239.14715225729336,-396.1489184362607,-260.6144335730472,81.16837966891097,-0.053239,-0.001052,6269.2,6351.4,0.458176,0.643706,0.000000,1.3734,1.0000,,,,,
1.4640,1778833316.097679,122,2.181773,0.055692,0.007010,1.4926,0.0969,0.026126,2.185773,0.039604,0.008309,1.4563,2.191944,0.056270,0.007133,1.4040,0.0362,0.012411,1.027683,0.0000,2.191944,0.000000,-0.000000,5.0000,0.000000,-1.472243,692.2002,0,1,clay,1.0000,0.500000,0,0,0.000000,0.000000,0.000000,0,nan,0.00,0.000000,0.7242,0.0000,0.000000,0.4602,0.32,6.64,7.28,6.71,0.039604,0.4761,-3.5437,0.008000,0.043228,0.0464,0.079506,0.021996,0.017753,-267.21243543421474,-50.63035781587389,-343.6600024463454,37.464429122396325,-0.061384,-0.008074,6269.0,6351.6,0.458489,0.629609,0.000000,1.3965,1.0000,,,,,
1.4760,1778833316.109689,123,2.232864,0.081654,0.008023,1.4721,0.1152,0.030416,2.203417,0.040879,0.008672,1.4799,2.243151,0.082338,0.008156,1.4186,0.0455,0.013399,1.030624,0.0000,2.243151,0.000000,-0.000000,5.0000,0.000000,-1.474737,687.7819,0,1,clay,1.0000,0.500000,0,0,0.000000,0.000000,0.000000,0,nan,0.00,0.000000,0.7174,0.0000,0.000000,0.4425,0.32,6.64,7.27,6.62,0.040879,0.4969,-3.5201,0.008000,0.102659,0.0092,0.068213,0.037984,0.016455,-262.6361013080517,-36.485122638572136,-439.6982083195081,-9.170245670109324,-0.071378,-0.015115,6268.2,6352.3,0.459787,0.636146,0.000000,1.4111,1.0000,,,,,
1.4880,1778833316.127112,124,2.250323,-0.043481,0.001745,1.4655,-0.0290,0.031195,2.221334,0.042165,0.009037,1.5034,2.260698,-0.042960,0.001884,1.4292,0.0327,0.014036,1.033443,0.0000,2.260698,-0.000000,-0.000000,5.0000,0.000000,-1.479457,683.1282,0,1,clay,1.0000,0.500000,0,0,0.000000,0.000000,0.000000,0,nan,0.00,0.000000,0.7105,0.0000,0.000000,0.4248,0.32,6.66,7.30,6.75,0.042165,0.5178,-3.4966,0.008000,0.104973,-0.8142,0.046580,0.027104,0.027777,-317.8929771282711,-198.79754967302384,-337.3859105915285,85.01798693174392,-0.059980,-0.000895,6267.5,6353.0,0.461042,0.638887,0.000000,1.4216,1.0000,,,,,
1.5000,1778833316.134397,125,2.230127,0.055520,0.008723,1.6231,0.0549,0.029084,2.239520,0.043405,0.009395,1.5244,2.241127,0.056154,0.008870,1.4684,0.0341,0.014370,1.035780,0.0000,2.241127,0.000000,-0.000000,5.0000,0.000000,-1.486272,669.3442,0,1,clay,1.0000,0.500000,0,0,0.000000,0.000000,0.000000,0,nan,0.00,0.000000,0.7035,0.0000,0.000000,0.4069,0.43,6.71,7.57,6.99,0.043405,0.5383,-3.4756,0.008000,0.065970,0.3386,0.068209,0.027715,0.019884,-270.91086861725626,-664.5040905306039,-354.31745139660393,83.43452845619741,-0.060474,-0.001388,6266.8,6353.7,0.462244,0.601422,0.000000,1.4606,1.0000,,,,,
1.5120,1778833316.145745,126,2.294393,-0.011990,0.008340,1.4449,0.0470,0.030315,2.257972,0.044656,0.009763,1.5474,2.305389,-0.011353,0.008492,1.4654,0.0341,0.014767,1.038288,0.0000,2.305389,-0.000000,-0.000000,5.0000,0.000000,-1.491873,670.0887,0,1,clay,1.0000,0.500000,0,0,0.000000,0.000000,0.000000,0,nan,0.00,0.000000,0.6964,0.0000,0.000000,0.3890,0.41,6.70,7.52,6.63,0.044656,0.5594,-3.4526,0.008000,0.042322,0.1646,0.047114,0.033137,0.015662,-323.73739639208856,-403.19911387028503,-362.3733041044387,89.13459509826137,-0.061504,-0.000480,6266.2,6354.4,0.463382,0.645287,0.000000,1.4576,1.0000,,,,,
1.5240,1778833316.157667,127,2.285678,0.048513,0.001607,1.5992,0.0702,0.035980,2.276685,0.045980,0.010182,1.5691,2.296808,0.049120,0.001769,1.4928,0.0377,0.015988,1.035123,0.0000,2.296808,-0.000000,-0.000000,5.0000,0.000000,-1.493833,660.4845,0,1,clay,1.0000,0.500000,0,0,0.000000,0.000000,0.000000,0,nan,0.00,0.000000,0.6891,0.0000,0.000000,0.3711,0.39,6.69,7.47,6.68,0.045980,0.5834,-3.4309,0.008000,0.123301,-0.4850,0.040828,0.049140,0.026051,-341.16542623239894,-661.6688814986205,-407.60487425458405,83.32077401488507,-0.065277,-0.001520,6267.0,6353.6,0.461969,0.609792,0.000000,1.4850,1.0000,,,,,
1.5360,1778833316.169615,128,2.366928,0.024949,-0.002395,1.6262,0.0700,0.037445,2.295661,0.047351,0.010622,1.5896,2.378207,0.025550,-0.002223,1.5201,0.0406,0.017161,1.037668,0.0000,2.378207,-0.000000,-0.000000,5.0000,0.000000,-1.498609,650.6581,0,1,clay,1.0000,0.500000,0,0,0.000000,0.000000,0.000000,0,nan,0.00,0.000000,0.6817,0.0000,0.000000,0.3531,0.37,6.69,7.43,6.64,0.047351,0.6086,-3.4104,0.008000,0.166163,-0.5760,0.053757,0.055152,0.023775,-272.70500585699955,-102.72068963930079,-443.61975312429024,80.67267628339643,-0.068248,-0.001968,6266.4,6354.2,0.463075,0.605802,0.000000,1.5123,1.0000,,,,,
1.5480,1778833316.181696,129,2.345519,0.022025,0.008614,1.5473,0.0651,0.034144,2.314894,0.048689,0.011050,1.6122,2.356786,0.022766,0.008789,1.5268,0.0422,0.017668,1.034875,0.0000,2.356786,-0.000000,-0.000000,5.0000,0.000000,-1.499286,648.1550,0,1,clay,1.0000,0.500000,0,0,0.000000,0.000000,0.000000,0,nan,0.00,0.000000,0.6743,0.0000,0.000000,0.3351,0.36,6.67,7.39,6.61,0.048689,0.6331,-3.3878,0.008000,0.022891,-0.0785,0.044650,0.061770,0.024744,-340.01256202719765,-133.25506521104558,-461.32760598360346,77.98196043554496,-0.069985,-0.002437,6267.1,6353.5,0.461833,0.624034,0.000000,1.5191,1.0000,,,,,
1.5600,1778833316.193816,130,2.370217,0.139311,0.016306,1.5378,0.0059,0.029450,2.334401,0.049960,0.011441,1.6348,2.381471,0.140071,0.016479,1.5304,0.0350,0.017458,1.035270,0.0000,2.381471,-0.000000,-0.000000,5.0000,0.000000,-1.500558,650.2380,0,1,clay,1.0000,0.500000,0,0,0.000000,0.000000,0.000000,0,nan,0.00,0.000000,0.6667,0.0000,0.000000,0.3171,0.35,6.66,7.37,6.61,0.049960,0.6555,-3.3652,0.008000,0.080604,0.2036,0.039098,0.042035,0.021468,-308.10198669339724,-85.22616239157492,-398.5644678459505,119.82178050769141,-0.063027,0.003687,6267.0,6353.6,0.461995,0.624481,0.000000,1.5227,1.0000,,,,,
1.5720,1778833316.205678,131,2.375409,0.008100,0.009829,1.6715,0.0316,0.036680,2.354170,0.051304,0.011868,1.6563,2.386843,0.008781,0.010009,1.5592,0.0330,0.018286,1.034297,0.0000,2.386843,-0.000000,-0.000000,5.0000,0.000000,-1.502117,636.7685,0,1,clay,1.0000,0.500000,0,0,0.000000,0.000000,0.000000,0,nan,0.00,0.000000,0.6591,0.0000,0.000000,0.2991,0.35,6.67,7.36,6.70,0.051304,0.6800,-3.3437,0.008000,0.069679,0.0834,0.044767,0.033505,0.022034,-343.91022772522103,280.31473398411237,-391.5770868922589,142.20126827549083,-0.061109,0.006793,6267.2,6353.3,0.461553,0.593217,0.000000,1.5515,1.0000,,,,,
1.5840,1778833316.225471,132,2.424260,0.093467,0.010666,1.7192,0.1111,0.037382,2.374176,0.052688,0.012321,1.6760,2.435914,0.094254,0.010853,1.5916,0.0429,0.019213,1.032539,0.0000,2.435914,-0.000000,0.000000,5.0000,0.000000,-1.503334,626.8532,0,1,clay,1.0000,0.500000,0,0,0.000000,0.000000,0.000000,0,nan,0.00,0.000000,0.6514,0.0000,0.000000,0.2810,0.34,6.68,7.35,6.73,0.052688,0.7060,-3.3240,0.008000,0.039442,0.0671,0.062249,0.040885,0.023024,-353.0552925055812,-54.91659383424178,-475.3897032485395,93.3446245239808,-0.069071,-0.000400,6267.7,6352.9,0.460775,0.584927,0.000000,1.5840,1.0000,,,,,
1.5960,1778833316.232747,133,2.303756,0.045036,0.016344,1.7543,0.0491,0.037918,2.394422,0.054015,0.012736,1.6969,2.317152,0.045986,0.016555,1.6254,0.0405,0.018663,1.024389,0.0000,2.317152,-0.000000,-0.000000,5.0000,0.000000,-1.498996,613.6224,0,1,clay,1.0000,0.500000,0,0,0.000000,0.000000,0.000000,0,nan,0.00,0.000000,0.6435,0.0000,0.000000,0.2631,0.80,6.66,8.26,6.58,0.054015,0.7297,-3.3031,0.008000,0.129377,0.7481,0.084381,0.048094,0.025643,-440.51909852400826,242.5109378160941,-474.3538417695237,109.43064348559489,-0.067662,0.001560,6269.4,6351.2,0.457796,0.575441,0.000000,1.6169,1.0000,,,,,
1.6080,1778833316.241700,134,2.485753,-0.012260,0.008246,1.6526,0.0173,0.030206,2.414933,0.055323,0.013128,1.7194,2.498906,-0.011492,0.008449,1.6322,0.0354,0.018505,1.027372,0.0000,2.498906,-0.000000,0.000000,5.0000,0.000000,-1.499380,610.8959,0,1,clay,1.0000,0.500000,0,0,0.000000,0.000000,0.000000,0,nan,0.00,0.000000,0.6356,0.0000,0.000000,0.2451,0.71,6.66,8.08,6.62,0.055323,0.7522,-3.2806,0.008000,0.123534,-0.1181,0.051800,0.061253,0.048192,-491.71278665332966,593.0318687712436,-424.4206329104455,136.96670912912512,-0.062132,0.005346,6268.7,6351.8,0.458972,0.596263,0.000000,1.6238,1.0000,,,,,
1.6200,1778833316.253659,135,2.416975,0.034966,0.016094,1.7790,-0.0108,0.034954,2.435693,0.056642,0.013532,1.7387,2.430138,0.035755,0.016297,1.6620,0.0273,0.018975,1.023276,0.0000,2.430138,-0.000000,0.000000,5.0000,0.000000,-1.497941,600.7923,0,1,clay,1.0000,0.500000,0,0,0.000000,0.000000,0.000000,0,nan,0.00,0.000000,0.6277,0.0000,0.000000,0.2271,0.65,6.65,7.94,6.62,0.056642,0.7753,-3.2613,0.008000,0.052573,0.3510,0.084592,0.028679,0.024826,-413.1684759620566,-617.5277490511916,-363.3413669202371,190.93788102608102,-0.054458,0.012487,6269.8,6350.8,0.457074,0.568495,0.000000,1.6539,1.0000,,,,,
1.6320,1778833316.265672,136,2.391225,0.034077,0.009137,1.7521,-0.0117,0.035039,2.456690,0.057958,0.013935,1.7581,2.404352,0.034708,0.009340,1.6809,0.0205,0.019338,1.018909,0.0000,2.404352,-0.000000,-0.000000,5.0000,0.000000,-1.494463,594.0286,0,1,clay,1.0000,0.500000,0,0,0.000000,0.000000,0.000000,0,nan,0.00,0.000000,0.6196,0.0000,0.000000,0.2092,0.59,6.66,7.84,6.69,0.057958,0.7984,-3.2419,0.008000,0.058908,0.3305,0.076596,0.023618,0.030846,-459.5694973754481,144.33264978158618,-311.35488390874315,235.67891213673866,-0.048525,0.018240,6271.0,6349.6,0.455066,0.577859,0.000000,1.6729,1.0000,,,,,
1.6440,1778833316.277743,137,2.456843,0.060674,0.016994,1.7607,0.0021,0.029846,2.477928,0.059174,0.014276,1.7797,2.469950,0.061363,0.017190,1.6978,0.0170,0.019085,1.019031,0.0000,2.469950,-0.000000,0.000000,5.0000,0.000000,-1.493879,588.9022,0,1,clay,1.0000,0.500000,0,0,0.000000,0.000000,0.000000,0,nan,0.00,0.000000,0.6115,0.0000,0.000000,0.1912,0.54,6.65,7.74,6.62,0.059174,0.8180,-3.2203,0.008000,0.078773,1.0027,0.066020,0.011001,0.022864,-696.9153466745335,360.9646571813668,-275.5336957488981,251.66540834850554,-0.044425,0.020164,6271.0,6349.6,0.455050,0.572953,0.000000,1.6899,1.0000,,,,,
1.6560,1778833316.289694,138,2.576918,0.070519,0.014820,1.7760,0.0474,0.026403,2.499429,0.060354,0.014595,1.8004,2.590015,0.071197,0.015008,1.7144,0.0207,0.018589,1.016087,0.0000,2.590015,0.000000,0.000000,5.0000,0.000000,-1.492073,583.3741,0,1,clay,1.0000,0.500000,0,0,0.000000,0.000000,0.000000,0,nan,0.00,0.000000,0.6033,0.0000,0.000000,0.1733,0.51,6.65,7.66,6.64,0.060354,0.8362,-3.1996,0.008000,0.078079,0.2443,0.076260,0.016613,0.022584,-579.1157738974049,224.57665537759294,-292.5821217921033,222.8323966665716,-0.045614,0.015846,6271.7,6348.8,0.453694,0.566991,0.000000,1.7065,1.0000,,,,,
1.6680,1778833316.301683,139,2.610344,0.149562,0.012756,1.8072,0.0800,0.029432,2.521150,0.061554,0.014935,1.8188,2.623493,0.150276,0.012942,1.7338,0.0286,0.018588,1.012988,0.0000,2.623493,0.000000,0.000000,5.0000,0.000000,-1.489627,579.5074,0,1,clay,1.0000,0.500000,0,0,0.000000,0.000000,0.000000,0,nan,0.00,0.000000,0.5951,0.0000,0.000000,0.1555,0.48,6.65,7.60,6.63,0.061554,0.8557,-3.1812,0.008000,0.075936,-0.3133,0.092093,0.034639,0.026553,-615.6246444974965,-275.1410007085624,-348.57906254378037,175.10409108757443,-0.050585,0.009300,6272.6,6348.0,0.452282,0.561043,0.000000,1.7260,1.0000,,,,,
1.6800,1778833316.313917,140,2.440068,0.135276,0.015843,1.9188,0.1271,0.027461,2.543100,0.062762,0.015278,1.8375,2.453452,0.136145,0.016025,1.7710,0.0420,0.018516,1.007709,0.0000,2.453452,-0.000000,0.000000,5.0000,0.000000,-1.485840,566.4304,0,1,clay,1.0000,0.500000,0,0,0.000000,0.000000,0.000000,0,nan,0.00,0.000000,0.5868,0.0000,0.000000,0.1376,0.47,6.71,7.65,7.10,0.062762,0.8753,-3.1625,0.008000,0.156954,0.2295,0.100735,0.047635,0.019041,-664.7522161581077,112.32611990299347,-437.39576253558687,89.75690372431674,-0.058653,-0.001460,6273.9,6346.7,0.449927,0.536433,0.000000,1.7633,1.0000,,,,,
1.6920,1778833316.326894,141,2.613468,0.076462,0.014600,1.8320,0.0038,0.023296,2.565294,0.063874,0.015559,1.8590,2.626997,0.077239,0.014775,1.7844,0.0345,0.017643,1.010939,0.0000,2.626997,0.000000,0.000000,5.0000,0.000000,-1.487494,560.1692,0,1,clay,1.0000,0.500000,0,0,0.000000,0.000000,0.000000,0,nan,0.00,0.000000,0.5785,0.0000,0.000000,0.1198,0.45,6.70,7.60,6.66,0.063874,0.8915,-3.1410,0.008000,0.032610,0.1046,0.081788,0.040994,0.026097,-815.9419559159485,287.9095338660582,-372.55645741280466,123.86799568425505,-0.051412,0.002754,6273.1,6347.5,0.451356,0.552914,0.000000,1.7766,1.0000,,,,,
1.7040,1778833316.337725,142,2.661106,-0.012705,0.014731,1.8877,0.0413,0.023862,2.587741,0.065000,0.015855,1.8785,2.674693,-0.011943,0.014898,1.8058,0.0341,0.017195,1.014155,0.0000,2.674693,0.000000,-0.000000,5.0000,0.000000,-1.492312,552.3039,0,1,clay,1.0000,0.500000,0,0,0.000000,0.000000,0.000000,0,nan,0.00,0.000000,0.5701,0.0000,0.000000,0.1019,0.42,6.70,7.54,6.65,0.065000,0.9085,-3.1215,0.008000,0.193995,-0.2114,0.070241,0.034582,0.018244,-495.4076857923564,-119.78416834522788,-361.7924634073643,116.31773783994328,-0.049494,0.002143,6272.3,6348.3,0.452742,0.540181,0.000000,1.7981,1.0000,,,,,
1.7160,1778833316.349695,143,2.580708,0.030211,0.022171,1.8283,0.0162,0.027074,2.610400,0.066150,0.016180,1.8960,2.594251,0.031032,0.022337,1.8116,0.0300,0.017115,1.007051,0.0000,2.594251,0.000000,0.000000,5.0000,0.000000,-1.489141,550.2123,0,1,clay,1.0000,0.500000,0,0,0.000000,0.000000,0.000000,0,nan,0.00,0.000000,0.5595,0.0000,0.000000,0.0840,0.40,6.70,7.51,6.74,0.066150,0.9270,-3.1040,0.008000,0.088119,0.6802,0.069063,0.032811,0.018247,-509.12229466877125,-288.2494433893031,-329.57697115593,143.06638860943363,-0.046145,0.004954,6274.1,6346.5,0.449592,0.556481,0.000000,1.8040,1.0000,,,,,
1.7280,1778833316.361694,144,2.558958,0.113070,0.019333,1.9196,0.0536,0.020628,2.633277,0.067225,0.016454,1.9144,2.572623,0.113861,0.019490,1.8339,0.0324,0.016408,1.003283,0.0000,2.572623,0.000000,0.000000,5.0000,0.000000,-1.485802,544.7117,0,1,clay,1.0000,0.500000,0,0,0.000000,0.000000,0.000000,0,nan,0.00,0.000000,0.5495,0.0000,0.000000,0.0662,0.38,6.70,7.47,6.65,0.067225,0.9427,-3.0856,0.008000,0.078263,0.0652,0.062004,0.049119,0.027146,-718.1052031752705,132.59486514655453,-333.53452697298127,119.1918627303586,-0.045917,0.001999,6275.1,6345.5,0.447900,0.536359,0.000000,1.8264,1.0000,,,,,
1.7400,1778833316.373714,145,2.670577,0.119193,0.021249,1.9296,0.0134,0.020753,2.656391,0.068298,0.016713,1.9350,2.684325,0.119965,0.021399,1.8538,0.0282,0.015806,0.996894,0.0000,2.684325,0.000000,-0.000000,5.0000,0.000000,-1.479730,538.2042,0,1,clay,1.0000,0.500000,0,0,0.000000,0.000000,0.000000,0,nan,0.00,0.000000,0.5399,0.0000,0.000000,0.0484,0.37,6.70,7.44,6.73,0.068298,0.9576,-3.0650,0.008000,0.125347,0.5715,0.063569,0.040026,0.017753,-539.6501247087471,415.4353680157692,-293.6018578595578,138.19147588687227,-0.041506,0.003903,6276.7,6343.9,0.445045,0.530118,0.000000,1.8464,1.0000,,,,,
1.7520,1778833316.385688,146,2.590397,0.012535,0.016962,1.9888,0.0288,0.024870,2.679720,0.069414,0.017012,1.9516,2.604310,0.013240,0.017112,1.8813,0.0272,0.015864,0.988084,0.0000,2.604310,0.000000,0.000000,5.0000,0.000000,-1.470252,526.4784,0,1,clay,1.0000,0.500000,0,0,0.000000,0.000000,0.000000,0,nan,0.00,0.000000,0.5308,0.0000,0.000000,0.0308,0.36,6.69,7.41,6.64,0.069414,0.9747,-3.0484,0.008000,0.074978,-0.1224,0.074228,0.042438,0.019629,-392.7839311119904,-292.7807425223439,-285.4940558212103,146.55452201416594,-0.040040,0.004521,6279.0,6341.6,0.441120,0.517861,0.000000,1.8739,1.0000,,,,,
1.7640,1778833316.397735,147,2.689431,0.029894,0.008776,1.9920,0.0836,0.025658,2.703245,0.070529,0.017314,1.9679,2.703470,0.030548,0.008926,1.9041,0.0347,0.016088,0.978818,0.0000,2.703470,0.000000,-0.000000,5.0000,0.000000,-1.458218,518.6772,0,1,clay,1.0000,0.500000,0,0,0.000000,0.000000,0.000000,0,nan,0.00,0.000000,0.5221,0.0000,0.000000,0.0133,0.35,6.68,7.38,6.63,0.070529,0.9920,-3.0321,0.008000,0.086943,-0.4636,0.080821,0.048352,0.017695,-430.8827443308045,113.04485646435839,-338.9895852423798,103.95311544179307,-0.044588,-0.000453,6281.3,6339.2,0.436981,0.521115,0.000000,1.8968,1.0000,,,,,
1.7760,1778833316.409783,148,2.753825,0.079053,0.007593,2.0036,0.0668,0.021676,2.726984,0.071595,0.017566,1.9863,2.767966,0.079713,0.007739,1.9246,0.0383,0.015776,0.970034,0.0000,2.767966,-0.000000,-0.000000,5.0000,0.000000,-1.445356,512.4613,0,1,clay,1.0000,0.500000,0,0,0.000000,0.000000,0.000000,0,nan,0.00,0.000000,0.5138,0.0000,0.000000,-0.0041,0.34,6.68,7.36,6.64,0.071595,1.0065,-3.0137,0.008000,0.090136,-0.4130,0.082399,0.049434,0.017419,-398.0786960331379,418.7157786391227,-356.43360244876953,78.86045791096296,-0.045791,-0.003365,6283.6,6337.0,0.433046,0.515765,0.000000,1.9175,1.0000,,,,,
1.7880,1778833316.424692,149,2.772422,0.038994,0.015044,2.0472,0.0447,0.025352,2.750941,0.072724,0.017843,2.0042,2.786702,0.039757,0.015191,1.9497,0.0378,0.015966,0.966130,0.0000,2.786702,-0.000000,-0.000000,5.0000,0.000000,-1.436544,503.7198,0,1,clay,1.0000,0.500000,0,0,0.000000,0.000000,0.000000,0,nan,0.00,0.000000,0.5060,0.0000,0.000000,-0.0213,0.33,6.67,7.33,6.62,0.072724,1.0223,-2.9958,0.008000,0.177890,-0.1623,0.070804,0.043271,0.019062,-268.25911584309415,206.49775020818848,-355.0618137471712,83.37492230223745,-0.044920,-0.002812,6284.6,6336.0,0.431268,0.504811,0.000000,1.9426,1.0000,,,,,
1.8000,1778833316.433708,150,2.831684,-0.009543,0.013387,2.0311,0.0005,0.026595,2.775092,0.073908,0.018153,2.0200,2.846042,-0.008860,0.013536,1.9668,0.0306,0.016208,0.960918,0.0000,2.846042,-0.000000,-0.000000,5.0000,0.000000,-1.427872,497.4369,0,1,clay,1.0000,0.500000,0,0,0.000000,0.000000,0.000000,0,nan,0.00,0.000000,0.4985,0.0000,0.000000,-0.0385,0.32,6.67,7.32,6.70,0.073908,1.0401,-2.9800,0.008000,0.099222,-0.1806,0.074272,0.037678,0.020196,-230.14095877597157,182.11679740921315,-308.5320933650943,134.16763067605834,-0.040140,0.002196,6286.0,6334.6,0.428922,0.512884,0.000000,1.9597,1.0000,,,,,
1.8120,1778833316.445713,151,2.828553,0.057072,0.013981,2.0594,0.1654,0.021237,2.799448,0.075074,0.018426,2.0382,2.843065,0.057921,0.014127,1.9861,0.0502,0.015960,0.962950,0.0000,2.843065,-0.000000,-0.000000,5.0000,0.000000,-1.426004,492.0271,0,1,clay,1.0000,0.500000,0,0,0.000000,0.000000,0.000000,0,nan,0.00,0.000000,0.4914,0.0000,0.000000,-0.0556,0.33,6.67,7.32,6.64,0.075074,1.0557,-2.9618,0.008000,0.065803,-0.1511,0.071776,0.060305,0.016864,-276.7806296140207,236.54747142574465,-432.0331547215555,-2.8444796779441788,-0.051512,-0.010872,6285.5,6335.1,0.429796,0.506536,0.000000,1.9790,1.0000,,,,,
1.8240,1778833316.457701,152,2.815148,0.108058,0.021464,2.0510,0.0251,0.023444,2.824033,0.076245,0.018694,2.0573,2.829730,0.108967,0.021608,2.0001,0.0444,0.015851,0.967738,0.0000,2.829730,-0.000000,-0.000000,5.0000,0.000000,-1.430014,489.4085,0,1,clay,1.0000,0.500000,0,0,0.000000,0.000000,0.000000,0,nan,0.00,0.000000,0.4846,0.0000,0.000000,-0.0727,0.32,6.66,7.31,6.63,0.076245,1.0711,-2.9427,0.008000,0.078145,-0.1481,0.080667,0.063832,0.026778,-342.854626802083,421.9853254553681,-394.55605754106887,30.583248614507184,-0.047319,-0.007255,6284.2,6336.3,0.431896,0.504520,0.000000,1.9929,1.0000,,,,,
1.8360,1778833316.469880,153,2.825100,0.173681,0.032545,2.0375,0.0058,0.023569,2.848825,0.077439,0.018979,2.0736,2.839734,0.174689,0.032689,2.0086,0.0368,0.015735,0.960671,0.0000,2.839734,-0.000000,-0.000000,5.0000,0.000000,-1.427004,489.4366,0,1,clay,1.0000,0.500000,0,0,0.000000,0.000000,0.000000,0,nan,0.00,0.000000,0.4781,0.0000,0.000000,-0.0898,0.32,6.66,7.30,6.62,0.077439,1.0874,-2.9264,0.008000,0.085681,0.6540,0.067328,0.048473,0.022002,-278.84138588625444,112.91046122406408,-343.1338113211645,83.10630973314176,-0.042195,-0.002496,6286.0,6334.5,0.428788,0.510508,0.000000,2.0016,1.0000,,,,,
1.8480,1778833316.481755,154,2.894249,0.029216,0.007186,2.0633,-0.0425,0.019697,2.873812,0.078627,0.019237,2.0902,2.908961,0.029731,0.007324,2.0205,0.0231,0.015126,0.954388,0.0000,2.908961,-0.000000,0.000000,5.0000,0.000000,-1.419305,479.3730,0,1,clay,1.0000,0.500000,0,0,0.000000,0.000000,0.000000,0,nan,0.00,0.000000,0.4719,0.0012,0.000000,-0.1069,0.32,6.67,7.30,6.72,0.078627,1.1022,-2.9098,0.008000,0.103059,-0.9049,0.060007,0.033070,0.021031,-261.68727036586745,150.54362517253554,-240.51279702770427,165.88467729347153,-0.032768,0.005317,6287.6,6332.9,0.425994,0.506144,0.000000,2.0135,1.0000,,,,,
1.8600,1778833316.493735,155,2.934018,0.133621,0.009435,2.0766,0.0154,0.018170,2.899038,0.079798,0.019467,2.1106,2.948847,0.134145,0.009567,2.0327,0.0210,0.014503,0.952190,0.0000,2.948847,-0.000000,0.000000,5.0000,0.000000,-1.413488,477.3734,0,1,clay,1.0000,0.500000,0,0,0.000000,0.000000,0.000000,0,nan,0.00,0.000000,0.4658,0.0025,0.000000,-0.1238,0.32,6.67,7.32,6.71,0.079798,1.1154,-2.8894,0.008000,0.180610,-0.5307,0.045611,0.029567,0.018540,-461.69867230259706,378.216703696703,-217.2932124164385,170.94965506859427,-0.030499,0.005762,6288.2,6332.4,0.425008,0.498243,0.000000,2.0257,1.0000,,,,,
1.8720,1778833316.505671,156,2.891438,0.023409,0.026743,2.1254,0.1248,0.020353,2.924482,0.080964,0.019707,2.1288,2.906403,0.024317,0.026874,2.0520,0.0363,0.014449,0.945750,0.0000,2.906403,-0.000000,0.000000,5.0000,0.000000,-1.406303,468.9309,0,1,clay,1.0000,0.500000,0,0,0.000000,0.000000,0.000000,0,nan,0.00,0.000000,0.4599,0.0039,0.000000,-0.1407,0.32,6.67,7.31,6.64,0.080964,1.1291,-2.8712,0.008000,0.014981,0.9286,0.043065,0.047008,0.019824,-344.54848848989303,124.27608442732512,-321.2500538734454,71.0423392863461,-0.039231,-0.003916,6289.8,6330.7,0.422149,0.487407,0.000000,2.0450,1.0000,,,,,
1.8840,1778833316.523044,157,2.969463,0.079835,0.021152,2.1158,0.0260,0.019618,2.950116,0.082160,0.019951,2.1442,2.984503,0.080631,0.021281,2.0656,0.0334,0.014190,0.936231,0.0000,2.984503,-0.000000,0.000000,5.0000,0.000000,-1.393895,463.8894,0,1,clay,1.0000,0.500000,0,0,0.000000,0.000000,0.000000,0,nan,0.00,0.000000,0.4543,0.0055,0.000000,-0.1574,0.32,6.67,7.31,6.72,0.082160,1.1431,-2.8558,0.008000,0.011915,0.6781,0.037065,0.045885,0.023993,-322.577457609966,156.83910960932826,-296.35980907407475,91.0112279798746,-0.036807,-0.002427,6292.3,6328.3,0.417913,0.493652,0.000000,2.0587,1.0000,,,,,
1.8960,1778833316.530308,158,2.939765,0.024891,0.011567,2.2248,-0.0073,0.018040,2.975978,0.083362,0.020175,2.1636,2.955457,0.025492,0.011694,2.0979,0.0257,0.013637,0.940334,0.0000,2.955457,-0.000000,0.000000,5.0000,0.000000,-1.391542,452.5250,0,1,clay,1.0000,0.500000,0,0,0.000000,0.000000,0.000000,0,nan,0.00,0.000000,0.4488,0.0072,0.000000,-0.1741,0.41,6.66,7.48,6.60,0.083362,1.1559,-2.8364,0.008000,0.048327,-0.2991,0.044524,0.031705,0.018455,-361.9532142859806,370.1515630788425,-242.42562110092194,127.7568077036295,-0.031211,0.001607,6291.2,6329.4,0.419805,0.462527,0.000000,2.0908,1.0000,,,,,
1.9080,1778833316.541688,159,2.994527,0.069907,0.019151,2.2293,0.0162,0.021490,3.002050,0.084583,0.020412,2.1807,3.010321,0.070608,0.019279,2.1247,0.0233,0.013811,0.940736,0.0000,3.010321,0.000000,0.000000,5.0000,0.000000,-1.391010,443.7682,0,1,clay,1.0000,0.500000,0,0,0.000000,0.000000,0.000000,0,nan,0.00,0.000000,0.4434,0.0089,0.000000,-0.1908,0.39,6.67,7.46,6.70,0.084583,1.1695,-2.8193,0.008000,0.085324,0.2288,0.054759,0.030329,0.017304,-371.04397764884897,-469.2913597862819,-231.00485631745534,139.50751906847623,-0.029462,0.003154,6291.1,6329.5,0.419948,0.461220,0.000000,2.1176,1.0000,,,,,
1.9200,1778833316.553708,160,3.028061,0.128979,0.015767,2.1491,0.0523,0.020100,3.028331,0.085817,0.020649,2.1976,3.043851,0.129654,0.015894,2.1307,0.0270,0.013771,0.933773,0.0000,3.043851,0.000000,0.000000,5.0000,0.000000,-1.384654,442.5851,0,1,clay,1.0000,0.500000,0,0,0.000000,0.000000,0.000000,0,nan,0.00,0.000000,0.4383,0.0108,0.000000,-0.2074,0.38,6.67,7.42,6.64,0.085817,1.1831,-2.8024,0.008000,0.062177,0.0026,0.041326,0.040989,0.033511,-301.01021793453117,138.65382659594476,-252.56654031765544,119.33899532648982,-0.031373,0.000900,6292.9,6327.7,0.416857,0.483306,0.000000,2.1237,1.0000,,,,,
1.9320,1778833316.565820,161,3.016830,0.080661,0.019040,2.2381,0.0028,0.016269,3.054827,0.087033,0.020847,2.2174,3.032715,0.081340,0.019161,2.1529,0.0223,0.013243,0.940042,0.0000,3.032715,0.000000,0.000000,5.0000,0.000000,-1.387300,434.2766,0,1,clay,1.0000,0.500000,0,0,0.000000,0.000000,0.000000,0,nan,0.00,0.000000,0.4332,0.0128,0.000000,-0.2241,0.36,6.66,7.39,6.63,0.087033,1.1945,-2.7826,0.008000,0.041649,-0.2380,0.049039,0.027820,0.022941,-402.53182809091084,447.8093675861335,-217.7212003553076,134.47026334811898,-0.027632,0.002972,6291.3,6329.3,0.419584,0.457922,0.000000,2.1459,1.0000,,,,,
1.9440,1778833316.577901,162,3.005135,0.059260,0.026892,2.1922,-0.0339,0.014186,3.081543,0.088220,0.021032,2.2343,3.021054,0.059974,0.027005,2.1618,0.0127,0.012470,0.932055,0.0000,3.021054,0.000000,0.000000,5.0000,0.000000,-1.382163,430.5906,0,1,clay,1.0000,0.500000,0,0,0.000000,0.000000,0.000000,0,nan,0.00,0.000000,0.4283,0.0148,0.000000,-0.2407,0.36,6.66,7.38,6.64,0.088220,1.2051,-2.7657,0.008000,0.133007,-0.4223,0.050146,0.021518,0.024572,-425.5870001292647,465.20401995818355,-137.9982346337051,189.97566032959023,-0.021179,0.007609,6293.3,6327.2,0.416058,0.468007,0.000000,2.1548,1.0000,,,,,
1.9560,1778833316.589699,163,3.135399,0.077589,0.019088,2.3122,-0.0397,0.017025,3.108450,0.089428,0.021217,2.2494,3.151508,0.078108,0.019199,2.1921,0.0040,0.012258,0.925645,0.0000,3.151508,0.000000,0.000000,5.0000,0.000000,-1.372763,418.1265,0,1,clay,1.0000,0.500000,0,0,0.000000,0.000000,0.000000,0,nan,0.00,0.000000,0.4236,0.0170,0.000000,-0.2572,0.35,6.67,7.37,6.72,0.089428,1.2157,-2.7506,0.008000,0.048531,0.5874,0.069337,0.015620,0.023182,-343.5110569001508,163.29949717896164,-76.8576784466851,238.3539804444864,-0.015732,0.012141,6295.0,6325.6,0.413200,0.442795,0.000000,2.1853,1.0000,,,,,
1.9680,1778833316.601812,164,3.205485,0.081769,0.016145,2.2527,-0.0813,0.011151,3.135565,0.090636,0.021379,2.2682,3.221684,0.082117,0.016247,2.2052,-0.0096,0.011246,0.923446,0.0000,3.221684,0.000000,-0.000000,5.0000,0.000000,-1.364926,412.3601,0,1,clay,1.0000,0.500000,0,0,0.000000,0.000000,0.000000,0,nan,0.00,0.000000,0.4190,0.0192,0.000000,-0.2735,0.35,6.66,7.36,6.65,0.090636,1.2249,-2.7318,0.008000,0.079395,0.2938,0.070409,0.013245,0.037373,-478.81217597625795,322.70647614745076,28.976677553662867,306.8467211248372,-0.007020,0.018566,6295.5,6325.0,0.412196,0.454678,0.000000,2.1983,1.0000,,,,,
1.9800,1778833316.621482,165,3.262678,0.108016,0.026074,2.2983,0.0108,0.011656,3.162880,0.091808,0.021537,2.2831,3.278964,0.108546,0.026170,2.2244,-0.0060,0.010633,0.908347,0.0000,3.278964,-0.000000,-0.000000,5.0000,0.000000,-1.347241,404.7974,0,1,clay,1.0000,0.500000,0,0,0.000000,0.000000,0.000000,0,nan,0.00,0.000000,0.4145,0.0215,0.000000,-0.2897,0.34,6.66,7.33,6.64,0.091808,1.2340,-2.7169,0.008000,0.167435,-0.1286,0.071138,-0.008060,0.014815,-373.540493933148,80.46496293346007,19.329939452450034,286.29498209531187,-0.008177,0.015636,6299.4,6321.2,0.405490,0.443213,0.000000,2.2177,1.0000,,,,,
1.9920,1778833316.628674,166,3.159999,0.067995,0.016400,2.2345,0.0719,0.014830,3.190371,0.093037,0.021713,2.2984,3.178274,0.068520,0.016505,2.2284,0.0063,0.010091,0.898310,0.0000,3.178274,0.000000,-0.000000,5.0000,0.000000,-1.330129,403.4374,0,1,clay,1.0000,0.500000,0,0,0.000000,0.000000,0.000000,0,nan,0.00,0.000000,0.4102,0.0238,0.000000,-0.3057,0.78,6.65,8.21,6.59,0.093037,1.2440,-2.7016,0.008000,0.038238,-0.3609,0.061727,0.012611,0.019824,-328.3292568606346,171.38778541896917,-62.32703109037154,215.126652185438,-0.014908,0.008535,6301.7,6318.9,0.401525,0.461444,0.000000,2.2209,1.0000,,,,,
2.0040,1778833316.637769,167,3.231302,0.110370,0.026906,2.2473,0.0204,0.014519,3.218068,0.094290,0.021876,2.3167,3.249315,0.111092,0.027007,2.2333,0.0082,0.010035,0.897097,0.0000,3.249315,0.000000,-0.000000,5.0000,0.000000,-1.319096,401.7623,0,1,clay,1.0000,0.500000,0,0,0.000000,0.000000,0.000000,0,nan,0.00,0.000000,0.4059,0.0262,0.000000,-0.3215,0.72,6.65,8.08,6.63,0.094290,1.2534,-2.6833,0.008000,0.102096,0.7934,0.034062,0.014860,0.016427,-428.0216440111285,292.2738820003526,-74.31987466883602,201.1018748524746,-0.015782,0.007248,6302.1,6318.5,0.400849,0.454313,0.000000,2.2260,1.0000,,,,,
2.0160,1778833316.649782,168,3.312919,0.058044,0.017150,2.3569,0.0343,0.016077,3.245967,0.095547,0.022052,2.3325,3.330909,0.058623,0.017251,2.2585,0.0120,0.010240,0.894791,0.0000,3.330909,-0.000000,-0.000000,5.0000,0.000000,-1.309841,389.9240,0,1,clay,1.0000,0.500000,0,0,0.000000,0.000000,0.000000,0,nan,0.00,0.000000,0.4018,0.0287,0.000000,-0.3372,0.67,6.66,7.99,6.70,0.095547,1.2635,-2.6675,0.008000,0.092686,-0.2011,0.032594,0.027996,0.025611,-501.5133010697195,223.9068783773854,-106.17570541291451,174.80103116494445,-0.017736,0.005192,6302.7,6317.9,0.399731,0.425917,0.000000,2.2514,1.0000,,,,,
2.0280,1778833316.661765,169,3.223943,0.047185,0.022670,2.3842,0.0099,0.012706,3.274041,0.096807,0.022223,2.3468,3.241949,0.047849,0.022767,2.2841,0.0113,0.009955,0.887736,0.0000,3.241949,0.000000,-0.000000,5.0000,0.000000,-1.300190,382.5165,0,1,clay,1.0000,0.500000,0,0,0.000000,0.000000,0.000000,0,nan,0.00,0.000000,0.3977,0.0312,0.000000,-0.3528,0.62,6.65,7.90,6.64,0.096807,1.2733,-2.6532,0.008000,0.096466,0.3093,0.052998,0.022936,0.022302,-369.84951992948413,93.22250813204886,-96.54069786656754,175.57198311709175,-0.016702,0.005144,6304.5,6316.0,0.396537,0.422811,0.000000,2.2771,1.0000,,,,,
2.0400,1778833316.673789,170,3.287313,0.074866,0.012318,2.3205,0.0966,0.014717,3.302326,0.098080,0.022382,2.3650,3.305199,0.075452,0.012415,2.2924,0.0242,0.010073,0.883708,0.0000,3.305199,-0.000000,-0.000000,5.0000,0.000000,-1.290411,378.5473,0,1,clay,1.0000,0.500000,0,0,0.000000,0.000000,0.000000,0,nan,0.00,0.000000,0.3938,0.0338,0.000000,-0.3683,0.58,6.65,7.81,6.63,0.098080,1.2824,-2.6350,0.008000,0.042161,-0.4679,0.038620,0.039739,0.021451,-489.12766505963623,296.72244939681474,-187.66802064898715,91.09942281647534,-0.023581,-0.001915,6305.6,6315.0,0.394677,0.433220,0.000000,2.2855,1.0000,,,,,
2.0520,1778833316.685802,171,3.331616,0.112704,0.035166,2.4577,0.0288,0.015184,3.330800,0.099347,0.022550,2.3804,3.349576,0.113699,0.035263,2.3257,0.0241,0.010190,0.882164,0.0000,3.349576,-0.000000,-0.000000,5.0000,0.000000,-1.283459,367.8914,0,1,clay,1.0000,0.500000,0,0,0.000000,0.000000,0.000000,0,nan,0.00,0.000000,0.3900,0.0364,0.000000,-0.3837,0.55,6.65,7.74,6.65,0.099347,1.2920,-2.6196,0.008000,0.104082,0.3961,0.063861,0.042509,0.020611,-365.5439072973609,35.69305599937235,-191.6008211217836,86.33724091050703,-0.023162,-0.001756,6306.0,6314.5,0.393920,0.399518,0.000000,2.3188,1.0000,,,,,
2.0640,1778833316.697777,172,3.331789,0.107961,0.023939,2.3184,0.0071,0.014957,3.359447,0.100658,0.022728,2.3948,3.349655,0.108718,0.024035,2.3255,0.0206,0.010174,0.872433,0.0000,3.349655,-0.000000,-0.000000,5.0000,0.000000,-1.271190,366.9182,0,1,clay,1.0000,0.500000,0,0,0.000000,0.000000,0.000000,0,nan,0.00,0.000000,0.3863,0.0391,0.000000,-0.3990,0.53,6.65,7.70,6.63,0.100658,1.3022,-2.6052,0.008000,0.045299,0.2014,0.034029,0.042779,0.022496,-393.84085176858963,151.79311098841046,-162.94864215999456,117.34628680665978,-0.021264,0.000122,6308.5,6312.0,0.389575,0.434754,0.000000,2.3187,1.0000,,,,,
2.0760,1778833316.709738,173,3.391566,0.016967,0.023703,2.5003,0.1066,0.016328,3.388297,0.101983,0.022903,2.4121,3.409578,0.017834,0.023801,2.3606,0.0335,0.010529,0.878318,0.0000,3.409578,-0.000000,0.000000,5.0000,0.000000,-1.268570,352.5510,0,1,clay,1.0000,0.500000,0,0,0.000000,0.000000,0.000000,0,nan,0.00,0.000000,0.3826,0.0418,0.000000,-0.4142,0.50,6.72,7.72,7.14,0.101983,1.3123,-2.5879,0.008000,0.085984,0.3628,0.056355,0.064802,0.023737,-514.6712277049271,320.3191801697307,-260.3876680531367,20.589064898868003,-0.027791,-0.006374,6307.1,6313.5,0.392102,0.384474,0.000000,2.3539,1.0000,,,,,
2.0880,1778833316.723124,174,3.413756,0.085371,0.014581,2.4564,0.0036,0.019633,3.417346,0.103358,0.023114,2.4281,3.431995,0.086037,0.014684,2.3804,0.0276,0.011070,0.867864,0.0000,3.431995,-0.000000,0.000000,5.0000,0.000000,-1.257874,345.9989,0,1,clay,1.0000,0.500000,0,0,0.000000,0.000000,0.000000,0,nan,0.00,0.000000,0.3791,0.0446,0.000000,-0.4293,0.48,6.71,7.66,6.64,0.103358,1.3244,-2.5719,0.008000,0.092635,-0.7249,0.058497,0.058465,0.027983,-315.28458718065093,107.43118974817486,-228.51835178943347,70.84462158380266,-0.025069,-0.002654,6309.7,6310.9,0.387493,0.394295,0.000000,2.3737,1.0000,,,,,
2.1000,1778833316.733863,175,3.391295,0.123105,0.027210,2.4239,0.0669,0.016161,3.446573,0.104761,0.023324,2.4444,3.409537,0.124046,0.027313,2.3901,0.0329,0.011146,0.871936,0.0000,3.409537,-0.000000,0.000000,5.0000,0.000000,-1.256202,345.0519,0,1,clay,1.0000,0.500000,0,0,0.000000,0.000000,0.000000,0,nan,0.00,0.000000,0.3756,0.0474,0.000000,-0.4443,0.47,6.70,7.64,6.65,0.104761,1.3364,-2.5556,0.008000,0.049719,0.5556,0.065238,0.056009,0.023936,-471.05368323156387,166.12172913868307,-265.32457918863076,30.99970910287324,-0.027657,-0.005324,6308.7,6311.9,0.389241,0.401684,0.000000,2.3834,1.0000,,,,,
2.1120,1778833316.745836,176,3.510213,0.180911,0.021311,2.5429,0.0690,0.018334,3.476017,0.106195,0.023539,2.4620,3.528638,0.181791,0.021417,2.4210,0.0376,0.011536,0.869027,0.0000,3.528638,0.000000,0.000000,5.0000,0.000000,-1.251673,335.1689,0,1,clay,1.0000,0.500000,0,0,0.000000,0.000000,0.000000,0,nan,0.00,0.000000,0.3722,0.0502,0.000000,-0.4594,0.46,6.69,7.62,6.62,0.106195,1.3487,-2.5380,0.008000,0.071928,-0.3839,0.091258,0.065266,0.029923,-434.71914598957903,247.05679709375696,-302.0292258923838,-2.2104405556724913,-0.029885,-0.007255,6309.5,6311.1,0.387938,0.364824,0.000000,2.4143,1.0000,,,,,
2.1240,1778833316.757810,177,3.516148,0.135478,0.023782,2.5261,-0.0179,0.021306,3.505656,0.107685,0.023787,2.4772,3.534626,0.136326,0.023893,2.4426,0.0275,0.012151,0.870279,0.0000,3.534626,0.000000,0.000000,5.0000,0.000000,-1.250651,326.3789,0,1,clay,1.0000,0.500000,0,0,0.000000,0.000000,0.000000,0,nan,0.00,0.000000,0.3689,0.0530,0.000000,-0.4744,0.45,6.69,7.59,6.72,0.107685,1.3629,-2.5228,0.008000,0.081030,0.3155,0.087920,0.046623,0.025942,-350.2430124474052,-22.165401633239725,-249.47625334663857,66.1521387989143,-0.025164,-0.001484,6309.2,6311.4,0.388450,0.371744,0.000000,2.4359,1.0000,,,,,
2.1360,1778833316.769787,178,3.589775,0.034909,0.047727,2.5265,0.0549,0.015584,3.535473,0.109103,0.023985,2.4938,3.608311,0.036228,0.047836,2.4600,0.0310,0.011967,0.863579,0.0000,3.608311,0.000000,0.000000,5.0000,0.000000,-1.244075,317.1709,0,1,clay,1.0000,0.500000,0,0,0.000000,0.000000,0.000000,0,nan,0.00,0.000000,0.3656,0.0559,0.000000,-0.4893,0.44,6.68,7.55,6.63,0.109103,1.3742,-2.5062,0.008000,0.121318,1.3731,0.080564,0.050094,0.025347,-487.9094993334039,217.0621964359656,-267.60752468910255,42.164188542352065,-0.026438,-0.003420,6310.9,6309.7,0.385478,0.368456,0.000000,2.4535,1.0000,,,,,
2.1480,1778833316.781821,179,3.674182,0.084639,0.023650,2.4873,0.0628,0.021392,3.565511,0.110580,0.024205,2.5113,3.692746,0.085553,0.023764,2.4665,0.0350,0.012589,0.861316,0.0000,3.692746,0.000000,-0.000000,5.0000,0.000000,-1.237049,313.7488,0,1,clay,1.0000,0.500000,0,0,0.000000,0.000000,0.000000,0,nan,0.00,0.000000,0.3624,0.0588,0.000000,-0.5041,0.43,6.68,7.54,6.64,0.110580,1.3868,-2.4887,0.008000,0.139886,0.5860,0.079205,0.049912,0.026827,-468.12633586131517,319.4457896053679,-301.07535835526426,21.99924358151884,-0.028883,-0.004815,6311.5,6309.1,0.384446,0.372671,0.000000,2.4600,1.0000,,,,,
2.1600,1778833316.793765,180,3.615104,0.101535,0.023662,2.4254,-0.0295,0.018496,3.595739,0.112088,0.024446,2.5269,3.633560,0.102350,0.023776,2.4598,0.0235,0.012582,0.856414,0.0000,3.633560,0.000000,0.000000,5.0000,0.000000,-1.229542,317.1361,0,1,clay,1.0000,0.500000,0,0,0.000000,0.000000,0.000000,0,nan,0.00,0.000000,0.3593,0.0617,0.000000,-0.5189,0.42,6.68,7.52,6.67,0.112088,1.4007,-2.4731,0.008000,0.041159,-0.7230,0.039409,0.041044,0.033754,-418.5064948509176,-6.286026856002138,-225.23871503774234,105.4606883743655,-0.023359,0.000924,6312.7,6307.8,0.382245,0.390794,0.000000,2.4533,1.0000,,,,,
2.1720,1778833316.805828,181,3.637914,0.150684,0.028761,2.4775,0.0117,0.017797,3.626160,0.113558,0.024663,2.5444,3.656387,0.151570,0.028874,2.4645,0.0208,0.012541,0.854281,0.0000,3.656387,0.000000,-0.000000,5.0000,0.000000,-1.223715,317.1500,0,1,clay,1.0000,0.500000,0,0,0.000000,0.000000,0.000000,0,nan,0.00,0.000000,0.3563,0.0647,0.000000,-0.5336,0.42,6.68,7.51,6.68,0.113558,1.4131,-2.4556,0.008000,0.064848,0.2125,0.045273,0.037779,0.031982,-628.0363807044239,226.1071873292381,-206.99907180297703,122.96217559610108,-0.021956,0.002216,6313.3,6307.3,0.381275,0.374982,0.000000,2.4580,1.0000,,,,,
2.1840,1778833316.820809,182,3.642171,0.138121,0.031461,2.6520,-0.0113,0.019746,3.656774,0.115084,0.024904,2.5595,3.660878,0.139019,0.031577,2.5019,0.0150,0.012814,0.849364,0.0000,3.660878,0.000000,-0.000000,5.0000,0.000000,-1.217270,305.1522,0,1,clay,1.0000,0.500000,0,0,0.000000,0.000000,0.000000,0,nan,0.00,0.000000,0.3533,0.0676,0.000000,-0.5482,0.41,6.68,7.50,6.71,0.115084,1.4269,-2.4405,0.008000,0.109696,0.3786,0.047091,0.017367,0.024119,-434.79947628826966,4.977537172915504,-176.96668837886924,155.2635111909965,-0.019004,0.005254,6314.5,6306.0,0.379075,0.327854,0.000000,2.4955,1.0000,,,,,
2.1960,1778833316.829836,183,3.688828,0.042780,0.024928,2.5679,0.0434,0.019817,3.687566,0.116609,0.025135,2.5740,3.707625,0.043595,0.025046,2.5159,0.0191,0.013072,0.844232,0.0000,3.707625,0.000000,-0.000000,5.0000,0.000000,-1.208788,297.0600,0,1,clay,1.0000,0.500000,0,0,0.000000,0.000000,0.000000,0,nan,0.00,0.000000,0.3503,0.0706,0.000000,-0.5627,0.40,6.68,7.48,6.65,0.116609,1.4402,-2.4260,0.008000,0.054591,0.5235,0.042346,0.032623,0.034167,-511.61683545093894,139.93508256320965,-206.59368254249634,132.70445949217606,-0.021023,0.003477,6315.9,6304.7,0.376783,0.351149,0.000000,2.5095,1.0000,,,,,
2.2080,1778833316.841870,184,3.640973,0.221110,0.026590,2.5751,-0.0253,0.016854,3.718543,0.118124,0.025359,2.5897,3.659864,0.221891,0.026705,2.5286,0.0113,0.012802,0.842252,0.0000,3.659864,0.000000,-0.000000,5.0000,0.000000,-1.203768,300.7707,0,1,clay,1.0000,0.500000,0,0,0.000000,0.000000,0.000000,0,nan,0.00,0.000000,0.3475,0.0736,0.000000,-0.5771,0.41,6.67,7.48,6.65,0.118124,1.4530,-2.4103,0.008000,0.085709,-0.1053,0.044906,0.021398,0.034348,-535.122002848736,233.79525754165593,-153.29431275922562,176.91796819763252,-0.016989,0.006940,6316.4,6304.2,0.375881,0.344147,0.000000,2.5222,1.0000,,,,,
2.2200,1778833316.853791,185,3.814606,0.025899,0.023915,2.6178,0.0627,0.021521,3.749687,0.119684,0.025607,2.6023,3.833606,0.026702,0.024034,2.5470,0.0192,0.013336,0.830788,0.0000,3.833606,-0.000000,-0.000000,5.0000,0.000000,-1.189954,284.9866,0,1,clay,1.0000,0.500000,0,0,0.000000,0.000000,0.000000,0,nan,0.00,0.000000,0.3446,0.0766,0.000000,-0.5914,0.40,6.67,7.47,6.64,0.119684,1.4672,-2.3977,0.008000,0.172366,0.0770,0.032875,0.028568,0.035401,-391.75566431610685,101.33687829897573,-211.20259992829466,136.0073038477275,-0.020990,0.003579,6319.3,6301.3,0.370796,0.335916,0.000000,2.5407,1.0000,,,,,
2.2320,1778833316.865846,186,3.757723,0.139787,0.033434,2.6678,0.1241,0.019102,3.780991,0.121220,0.025825,2.6168,3.776863,0.140911,0.033554,2.5715,0.0355,0.013527,0.827745,0.0000,3.776863,-0.000000,-0.000000,5.0000,0.000000,-1.180984,281.9364,0,1,clay,1.0000,0.500000,0,0,0.000000,0.000000,0.000000,0,nan,0.00,0.000000,0.3419,0.0797,0.000000,-0.6056,0.40,6.67,7.47,6.71,0.121220,1.4796,-2.3832,0.008000,0.022146,0.4770,0.035722,0.053106,0.036686,-598.1092281147507,241.19206135553335,-317.9865466148197,26.46436877989713,-0.028417,-0.004039,6320.1,6300.5,0.369401,0.320297,0.000000,2.5653,1.0000,,,,,
2.2440,1778833316.877754,187,3.854179,0.161824,0.022491,2.5969,-0.0148,0.020177,3.812458,0.122763,0.026052,2.6293,3.873357,0.162665,0.022612,2.5776,0.0263,0.013645,0.820080,0.0000,3.873357,-0.000000,-0.000000,5.0000,0.000000,-1.168729,278.7744,0,1,clay,1.0000,0.500000,0,0,0.000000,0.000000,0.000000,0,nan,0.00,0.000000,0.3391,0.0827,0.000000,-0.6196,0.39,6.67,7.45,6.63,0.122763,1.4927,-2.3707,0.008000,0.108669,-1.5208,0.025045,0.035623,0.031682,-524.7709971191647,133.440122808879,-261.09190625708686,93.69437588351863,-0.024171,0.000458,6322.1,6298.5,0.365983,0.336482,0.000000,2.5714,1.0000,,,,,
2.2560,1778833316.889781,188,3.891738,0.192977,0.021306,2.6499,0.0503,0.018917,3.844074,0.124349,0.026297,2.6425,3.910985,0.193821,0.021427,2.5927,0.0293,0.013668,0.812113,0.0000,3.910985,-0.000000,0.000000,5.0000,0.000000,-1.155494,275.1518,0,1,clay,1.0000,0.500000,0,0,0.000000,0.000000,0.000000,0,nan,0.00,0.000000,0.3365,0.0858,0.000000,-0.6335,0.39,6.66,7.43,6.63,0.124349,1.5067,-2.3575,0.008000,0.107278,-0.2129,0.033949,0.037814,0.032164,-540.791734224408,126.7049916334507,-280.8702878053418,75.57154616903824,-0.025398,-0.000980,6324.1,6296.5,0.362416,0.323441,0.000000,2.5866,1.0000,,,,,
2.2680,1778833316.901808,189,3.935838,0.052857,0.034639,2.5989,-0.0833,0.019833,3.875849,0.125935,0.026540,2.6554,3.955073,0.053801,0.034760,2.5950,0.0102,0.013641,0.800888,0.0000,3.955073,-0.000000,0.000000,5.0000,0.000000,-1.138843,268.4878,0,1,clay,1.0000,0.500000,0,0,0.000000,0.000000,0.000000,0,nan,0.00,0.000000,0.3339,0.0888,0.000000,-0.6472,0.38,6.66,7.42,6.63,0.125935,1.5206,-2.3446,0.008000,0.082171,0.5503,0.043563,0.022325,0.035212,-687.6814121603478,203.93154003753395,-152.5198548114041,207.2893660744527,-0.016601,0.007971,6327.0,6293.6,0.357412,0.330573,0.000000,2.5890,1.0000,,,,,
2.2800,1778833316.919188,190,3.956522,0.084860,0.033129,2.6499,-0.0161,0.020598,3.907764,0.127516,0.026797,2.6659,3.975817,0.085742,0.033251,2.6066,0.0056,0.013820,0.782184,0.0000,3.975817,-0.000000,0.000000,5.0000,0.000000,-1.113490,264.5926,0,1,clay,1.0000,0.500000,0,0,0.000000,0.000000,0.000000,0,nan,0.00,0.000000,0.3313,0.0919,0.000000,-0.6605,0.38,6.68,7.44,6.78,0.127516,1.5353,-2.3341,0.008000,0.094748,0.1719,0.050893,0.021366,0.039224,-556.888009407855,123.47780790991894,-121.32396867249616,249.05373778339964,-0.014575,0.010214,6331.7,6288.8,0.349093,0.319675,0.000000,2.6008,1.0000,,,,,
2.2920,1778833316.926517,191,3.882655,0.090178,0.029058,2.6957,0.0279,0.022053,3.939820,0.129131,0.027062,2.6798,3.902748,0.091045,0.029187,2.6253,0.0089,0.014058,0.792276,0.0000,3.902748,-0.000000,-0.000000,5.0000,0.000000,-1.109579,261.3729,0,1,clay,1.0000,0.500000,0,0,0.000000,0.000000,0.000000,0,nan,0.00,0.000000,0.3287,0.0949,0.000000,-0.6738,0.50,6.68,7.67,6.71,0.129131,1.5505,-2.3202,0.008000,0.066555,-0.2177,0.032258,0.028679,0.041240,-698.3360727664882,139.7590699470582,-155.29541033408202,218.12820272902755,-0.016325,0.008905,6329.2,6291.4,0.353589,0.300867,0.000000,2.6191,1.0000,,,,,
2.3040,1778833316.937809,192,4.034789,0.069246,0.024406,2.5891,0.1587,0.021937,3.972027,0.130745,0.027338,2.6908,4.054738,0.070219,0.024537,2.6193,0.0328,0.014499,0.781860,0.0000,4.054738,0.000000,0.000000,5.0000,0.000000,-1.097101,259.2984,0,1,clay,1.0000,0.500000,0,0,0.000000,0.000000,0.000000,0,nan,0.00,0.000000,0.3262,0.0980,0.000000,-0.6870,0.48,6.67,7.62,6.63,0.130745,1.5664,-2.3092,0.008000,0.077366,-0.1116,0.013015,0.049006,0.034356,-547.0034230735747,51.113726582448436,-318.46840786103576,77.82619061586675,-0.027534,-0.001782,6331.8,6288.7,0.348959,0.324883,0.000000,2.6133,1.0000,,,,,
2.3160,1778833316.949807,193,4.040061,0.183463,0.021734,2.7454,-0.0024,0.025075,4.004387,0.132420,0.027645,2.7050,4.060127,0.184337,0.021871,2.6449,0.0261,0.015158,0.779589,0.0000,4.060127,0.000000,0.000000,5.0000,0.000000,-1.089684,256.3960,0,1,clay,1.0000,0.500000,0,0,0.000000,0.000000,0.000000,0,nan,0.00,0.000000,0.3238,0.1010,0.000000,-0.7001,0.46,6.67,7.60,6.65,0.132420,1.5839,-2.2950,0.008000,0.136372,-0.3582,0.026101,0.069170,0.064644,-595.9281556863564,-153.51281178988006,-285.493222037772,123.80390207394518,-0.024744,0.001895,6332.4,6288.1,0.347899,0.279226,0.000000,2.6389,1.0000,,,,,
2.3280,1778833316.961771,194,4.155024,0.042231,0.022164,2.6523,0.0075,0.021793,4.036923,0.134060,0.027932,2.7195,4.175027,0.043079,0.022301,2.6474,0.0222,0.015225,0.770950,0.0000,4.175027,0.000000,-0.000000,5.0000,0.000000,-1.077651,248.8791,0,1,clay,1.0000,0.500000,0,0,0.000000,0.000000,0.000000,0,nan,0.00,0.000000,0.3214,0.1041,0.000000,-0.7130,0.45,6.66,7.56,6.61,0.134060,1.6004,-2.2805,0.008000,0.067163,-0.1835,0.011434,0.039805,0.039254,-567.1359652942464,116.60437698218412,-259.6819493228537,156.63102894011072,-0.023030,0.003705,6334.6,6285.9,0.344044,0.295328,0.000000,2.6415,1.0000,,,,,
2.3400,1778833316.973789,195,4.080237,0.066476,0.029849,2.6104,0.0599,0.030357,4.069606,0.135764,0.028267,2.7317,4.100103,0.067535,0.029997,2.6413,0.0276,0.016495,0.770637,0.0000,4.100103,0.000000,0.000000,5.0000,0.000000,-1.070704,252.1872,0,1,clay,1.0000,0.500000,0,0,0.000000,0.000000,0.000000,0,nan,0.00,0.000000,0.3190,0.1071,0.000000,-0.7259,0.44,6.66,7.53,6.64,0.135764,1.6196,-2.2683,0.008000,0.100240,-0.2898,-0.018831,0.057433,0.063409,-494.02906175570774,-143.147031412006,-313.31737662817307,137.2885656459485,-0.026564,0.002405,6334.7,6285.8,0.343852,0.305143,0.000000,2.6355,1.0000,,,,,
2.3520,1778833316.985828,196,4.021452,0.124848,0.028401,2.7509,0.0758,0.026316,4.102460,0.137487,0.028600,2.7476,4.041475,0.125946,0.028553,2.6637,0.0346,0.017029,0.773030,0.0000,4.041475,0.000000,0.000000,5.0000,0.000000,-1.070539,249.2088,0,1,clay,1.0000,0.500000,0,0,0.000000,0.000000,0.000000,0,nan,0.00,0.000000,0.3167,0.1102,0.000000,-0.7387,0.44,6.66,7.54,6.70,0.137487,1.6387,-2.2524,0.008000,0.119555,0.2535,-0.001783,0.053769,0.045655,-732.618405095034,264.07851075568726,-365.0252720565552,90.52842156261022,-0.029813,-0.000324,6334.2,6286.4,0.344883,0.258770,0.000000,2.6578,1.0000,,,,,
2.3640,1778833316.998040,197,4.088614,0.180532,0.030622,2.8738,-0.0232,0.025790,4.135476,0.139135,0.028910,2.7585,4.108955,0.181603,0.030776,2.7054,0.0241,0.017326,0.760606,0.0000,4.108955,0.000000,0.000000,5.0000,0.000000,-1.061519,239.4926,0,1,clay,1.0000,0.500000,0,0,0.000000,0.000000,0.000000,0,nan,0.00,0.000000,0.3143,0.1132,0.000000,-0.7514,0.44,6.66,7.53,6.61,0.139135,1.6564,-2.2415,0.008000,0.084892,0.4485,0.025711,0.039818,0.046736,-780.9887197941359,22.483208667183376,-305.53626145564624,158.59321648964382,-0.024952,0.004569,6337.3,6283.3,0.339397,0.223402,0.000000,2.6996,1.0000,,,,,
2.3760,1778833317.017667,198,4.174241,0.187242,0.033961,2.7762,0.1269,0.025678,4.168643,0.140779,0.029225,2.7716,4.194614,0.188515,0.034118,2.7202,0.0401,0.017696,0.761069,0.0000,4.194614,0.000000,-0.000000,5.0000,0.000000,-1.057540,235.2906,0,1,clay,1.0000,0.500000,0,0,0.000000,0.000000,0.000000,0,nan,0.00,0.000000,0.3121,0.1162,0.000000,-0.7641,0.43,6.68,7.53,6.83,0.140779,1.6745,-2.2284,0.008000,0.127626,-0.1239,0.039382,0.066842,0.047201,-712.9143584688084,101.45496809674796,-411.9918450943133,52.85244809454146,-0.031972,-0.002256,6337.2,6283.4,0.339560,0.243299,0.000000,2.7144,1.0000,,,,,
2.3880,1778833317.025062,199,4.224620,0.130954,0.031776,2.7376,-0.0192,0.026916,4.201969,0.142419,0.029530,2.7843,4.247754,0.132243,0.031954,2.7254,0.0285,0.017213,0.750550,0.0000,4.247754,0.000000,-0.000000,5.0000,0.000000,-1.046290,229.8128,0,1,clay,1.0000,0.500000,0,0,0.000000,0.000000,0.000000,0,nan,0.00,0.000000,0.3098,0.1192,0.000000,-0.7767,0.91,6.67,8.49,6.58,0.142419,1.6919,-2.2157,0.008000,0.035746,-0.1637,0.034097,0.057359,0.049653,-717.1285164527723,178.80558314264118,-348.77612531647935,134.16338912558575,-0.027429,0.002824,6339.6,6281.0,0.335369,0.246426,0.000000,2.7189,1.0000,,,,,
2.4000,1778833317.033835,200,4.289073,0.182571,0.035076,2.8169,0.0158,0.028572,4.235438,0.144077,0.029859,2.7984,4.311866,0.183895,0.035255,2.7443,0.0256,0.017858,0.763080,0.0000,4.311866,-0.000000,-0.000000,5.0000,0.000000,-1.051820,227.3769,0,1,clay,1.0000,0.500000,0,0,0.000000,0.000000,0.000000,0,nan,0.00,0.000000,0.3076,0.1223,0.000000,-0.7893,0.83,6.67,8.33,6.71,0.144077,1.7108,-2.2016,0.008000,0.148026,0.2568,0.033410,0.049398,0.047343,-682.5081662482344,145.47647200209772,-336.09035274338265,144.1856548830472,-0.026301,0.004597,6336.5,6284.1,0.340775,0.220179,0.000000,2.7379,1.0000,,,,,
2.4120,1778833317.045789,201,4.262641,0.109385,0.031508,2.7615,-0.0269,0.021312,4.269061,0.145675,0.030148,2.8091,4.285098,0.110515,0.031679,2.7487,0.0164,0.017330,0.761844,0.0000,4.285098,-0.000000,-0.000000,5.0000,0.000000,-1.053800,223.1607,0,1,clay,1.0000,0.500000,0,0,0.000000,0.000000,0.000000,0,nan,0.00,0.000000,0.3054,0.1253,0.000000,-0.8019,0.76,6.67,8.18,6.64,0.145675,1.7273,-2.1909,0.008000,0.060247,0.3163,0.044946,0.023148,0.040454,-652.4809644874817,336.9562516015125,-265.4907923773708,198.30737179572012,-0.021673,0.008170,6336.8,6283.7,0.340185,0.231807,0.000000,2.7425,1.0000,,,,,
2.4240,1778833317.057841,202,4.307873,0.218312,0.029765,2.7928,0.0183,0.024897,4.302831,0.147277,0.030446,2.8211,4.330109,0.219389,0.029934,2.7582,0.0161,0.017447,0.741497,0.0000,4.330109,-0.000000,-0.000000,5.0000,0.000000,-1.037939,224.3396,0,1,clay,1.0000,0.500000,0,0,0.000000,0.000000,0.000000,0,nan,0.00,0.000000,0.3033,0.1283,0.000000,-0.8144,0.70,6.66,8.07,6.62,0.147277,1.7444,-2.1789,0.008000,0.028483,0.3654,0.029386,0.036654,0.054134,-487.60407888064395,209.75937798002207,-266.1638359068922,212.62030625271723,-0.021490,0.008274,6342.0,6278.5,0.331157,0.218684,0.000000,2.7522,1.0000,,,,,
2.4360,1778833317.069884,203,4.444768,0.094427,0.037239,2.7906,0.0232,0.026513,4.336752,0.148912,0.030750,2.8350,4.466793,0.095667,0.037408,2.7656,0.0168,0.017771,0.739339,0.0000,4.466793,-0.000000,0.000000,5.0000,0.000000,-1.027840,215.2115,0,1,clay,1.0000,0.500000,0,0,0.000000,0.000000,0.000000,0,nan,0.00,0.000000,0.3012,0.1313,0.000000,-0.8267,0.66,6.66,7.99,6.67,0.148912,1.7618,-2.1650,0.008000,0.041132,0.7686,0.035173,0.031273,0.045305,-633.6723218339738,259.674481970767,-274.664505898038,210.9381410905666,-0.021871,0.008207,6342.6,6277.9,0.330104,0.211772,0.000000,2.7596,1.0000,,,,,
2.4480,1778833317.081710,204,4.352081,0.122381,0.035432,2.7874,-0.0208,0.025063,4.370828,0.150534,0.031047,2.8451,4.373866,0.123511,0.035600,2.7707,0.0101,0.017807,0.720972,0.0000,4.373866,-0.000000,-0.000000,5.0000,0.000000,-1.006587,215.2939,0,1,clay,1.0000,0.500000,0,0,0.000000,0.000000,0.000000,0,nan,0.00,0.000000,0.2991,0.1343,0.000000,-0.8388,0.61,6.66,7.88,6.64,0.150534,1.7789,-2.1549,0.008000,0.043168,0.2169,0.046622,0.025659,0.050514,-408.826955892849,263.42347698921117,-229.80005081822623,266.21962072378307,-0.018942,0.011060,6347.3,6273.2,0.321912,0.206381,0.000000,2.7650,1.0000,,,,,
2.4600,1778833317.093735,205,4.452587,0.209981,0.036939,2.7977,0.0283,0.028525,4.405059,0.152223,0.031377,2.8609,4.474169,0.211162,0.037110,2.7769,0.0127,0.018375,0.716811,0.0000,4.474169,-0.000000,0.000000,5.0000,0.000000,-0.992117,216.7063,0,1,clay,1.0000,0.500000,0,0,0.000000,0.000000,0.000000,0,nan,0.00,0.000000,0.2970,0.1373,0.000000,-0.8507,0.57,6.66,7.79,6.68,0.152223,1.7978,-2.1391,0.008000,0.161193,0.3829,0.030359,0.024803,0.050088,-401.6342220416324,194.2709496668803,-256.63285894140733,256.0073337274331,-0.020392,0.010325,6348.4,6272.1,0.319961,0.197105,0.000000,2.7713,1.0000,,,,,
2.4720,1778833317.105766,206,4.456876,0.112345,0.039971,2.8300,0.0145,0.025931,4.439443,0.153893,0.031679,2.8734,4.478400,0.113586,0.040140,2.7882,0.0126,0.018460,0.715357,0.0000,4.478400,-0.000000,0.000000,5.0000,0.000000,-0.983762,209.5353,0,1,clay,1.0000,0.500000,0,0,0.000000,0.000000,0.000000,0,nan,0.00,0.000000,0.2950,0.1402,0.000000,-0.8625,0.54,6.70,7.78,6.93,0.153893,1.8151,-2.1266,0.008000,0.113491,0.4275,0.001233,0.030521,0.052674,-296.50571324383253,384.9585135440616,-256.663645448051,255.71045489475412,-0.020257,0.010369,6348.9,6271.7,0.319247,0.181402,0.000000,2.7827,1.0000,,,,,
2.4840,1778833317.118729,207,4.362057,0.065313,0.035065,2.9748,-0.0045,0.028602,4.473978,0.155652,0.032025,2.8844,4.383903,0.066439,0.035238,2.8254,0.0094,0.018899,0.714466,0.0000,4.383903,-0.000000,-0.000000,5.0000,0.000000,-0.980405,200.8950,0,1,clay,1.0000,0.500000,0,0,0.000000,0.000000,0.000000,0,nan,0.00,0.000000,0.2929,0.1432,0.000000,-0.8743,0.52,6.69,7.74,6.62,0.155652,1.8349,-2.1156,0.008000,0.173979,-0.0471,0.023565,0.017569,0.050446,-229.73957743904901,318.260956629253,-245.2704291748789,268.65783963452805,-0.018941,0.011914,6349.1,6271.5,0.318829,0.136755,0.000000,2.8199,1.0000,,,,,
2.4960,1778833317.129874,208,4.544986,0.272670,0.034859,2.9102,-0.0116,0.030143,4.508662,0.157427,0.032360,2.8992,4.566801,0.273764,0.035037,2.8428,0.0056,0.019487,0.704741,0.0000,4.566801,0.000000,0.000000,5.0000,0.000000,-0.973640,204.9103,0,1,clay,1.0000,0.500000,0,0,0.000000,0.000000,0.000000,0,nan,0.00,0.000000,0.2909,0.1461,0.000000,-0.8860,0.50,6.68,7.68,6.61,0.157427,1.8541,-2.1008,0.008000,0.128622,0.0679,0.036932,0.018451,0.052311,-258.7826249428763,169.44522268880934,-229.2394681446967,300.99997442146037,-0.017667,0.013852,6351.6,6269.0,0.314498,0.149846,0.000000,2.8373,1.0000,,,,,
2.5080,1778833317.141798,209,4.485797,0.226621,0.036129,2.8128,0.0976,0.027955,4.543538,0.159219,0.032685,2.9158,4.507453,0.227861,0.036307,2.8380,0.0205,0.019728,0.707394,0.0000,4.507453,0.000000,0.000000,5.0000,0.000000,-0.970679,204.1062,0,1,clay,1.0000,0.500000,0,0,0.000000,0.000000,0.000000,0,nan,0.00,0.000000,0.2890,0.1490,0.000000,-0.8976,0.48,6.69,7.66,6.73,0.159219,1.8727,-2.0842,0.008000,0.103897,-0.0523,0.012008,0.039961,0.055860,-244.58980815975292,40.19632008183089,-331.66447767801196,208.81172550339087,-0.023978,0.007787,6350.9,6269.6,0.315629,0.169318,0.000000,2.8326,1.0000,,,,,
2.5200,1778833317.153767,210,4.573501,0.222927,0.030443,2.9283,0.0700,0.029819,4.578601,0.161042,0.033017,2.9324,4.595206,0.224111,0.030624,2.8567,0.0280,0.020204,0.723641,0.0000,4.595206,0.000000,0.000000,5.0000,0.000000,-0.985432,199.8845,0,1,clay,1.0000,0.500000,0,0,0.000000,0.000000,0.000000,0,nan,0.00,0.000000,0.2870,0.1520,0.000000,-0.9094,0.46,6.68,7.61,6.63,0.161042,1.8917,-2.0676,0.008000,0.100314,-0.1701,0.026196,0.051257,0.054774,-284.21751246100166,1065.0807877884574,-384.88506215350856,145.97396196629057,-0.027183,0.004949,6346.8,6273.7,0.322778,0.125229,0.000000,2.8511,1.0000,,,,,
2.5320,1778833317.165829,211,4.622370,0.209492,0.037474,2.9636,0.0726,0.024632,4.613858,0.162839,0.033320,2.9484,4.644169,0.210879,0.037651,2.8784,0.0345,0.019875,0.719704,0.0000,4.644169,0.000000,0.000000,5.0000,0.000000,-0.992448,194.7133,0,1,clay,1.0000,0.500000,0,0,0.000000,0.000000,0.000000,0,nan,0.00,0.000000,0.2851,0.1549,0.000000,-0.9214,0.46,6.67,7.59,6.64,0.162839,1.9091,-2.0516,0.008000,0.028052,0.3320,0.040518,0.066434,0.062881,-414.06216195986684,729.80708018963,-422.18954512379764,95.9464347853918,-0.029289,0.001904,6347.8,6272.8,0.321080,0.109580,0.000000,2.8729,1.0000,,,,,
2.5440,1778833317.177741,212,4.698012,0.170673,0.032865,2.9126,-0.0601,0.023811,4.649280,0.164659,0.033606,2.9592,4.719765,0.171812,0.033037,2.8860,0.0179,0.019350,0.714691,0.0000,4.719765,0.000000,-0.000000,5.0000,0.000000,-0.993260,189.6655,0,1,clay,1.0000,0.500000,0,0,0.000000,0.000000,0.000000,0,nan,0.00,0.000000,0.2832,0.1578,0.000000,-0.9333,0.44,6.67,7.55,6.62,0.164659,1.9255,-2.0408,0.008000,0.075126,-0.3621,0.041090,0.040031,0.054660,-337.13579055504437,481.4758755919514,-310.66271579338695,197.9037673373448,-0.022069,0.008305,6349.1,6271.5,0.318872,0.125251,0.000000,2.8806,1.0000,,,,,
2.5560,1778833317.189784,213,4.618112,0.138626,0.038635,3.0068,0.0373,0.018262,4.684895,0.166441,0.033849,2.9764,4.639982,0.139900,0.038797,2.9105,0.0206,0.018272,0.730671,0.0000,4.639982,0.000000,0.000000,5.0000,0.000000,-1.009074,185.1176,0,1,clay,1.0000,0.500000,0,0,0.000000,0.000000,0.000000,0,nan,0.00,0.000000,0.2813,0.1607,0.000000,-0.9454,0.43,6.67,7.54,6.69,0.166441,1.9394,-2.0236,0.008000,0.032511,0.0719,0.062208,0.046313,0.054090,-454.1701102985945,365.246042174031,-315.30346582278446,145.38628264699673,-0.022070,0.006237,6345.0,6275.5,0.325922,0.092808,0.000000,2.9050,1.0000,,,,,
2.5680,1778833317.201918,214,4.697347,0.207534,0.038758,2.9538,0.0523,0.017741,4.720647,0.168241,0.034075,2.9870,4.719306,0.208838,0.038910,2.9200,0.0252,0.017304,0.725630,0.0000,4.719306,0.000000,-0.000000,5.0000,0.000000,-1.015335,186.4511,0,1,clay,1.0000,0.500000,0,0,0.000000,0.000000,0.000000,0,nan,0.00,0.000000,0.2794,0.1636,0.000000,-0.9576,0.43,6.68,7.55,6.73,0.168241,1.9524,-2.0130,0.008000,0.057119,-0.0108,0.065847,0.054965,0.057764,-289.5608715932944,354.6167536294448,-333.8972636630517,104.7329843189078,-0.023090,0.003553,6346.3,6274.3,0.323751,0.109716,0.000000,2.9145,1.0000,,,,,
2.5800,1778833317.217279,215,4.733477,0.077274,0.036316,2.9340,-0.0818,0.015749,4.756506,0.170001,0.034275,2.9956,4.755474,0.078359,0.036458,2.9236,0.0068,0.016098,0.702157,0.0000,4.755474,-0.000000,-0.000000,5.0000,0.000000,-0.999279,178.5517,0,1,clay,1.0000,0.500000,0,0,0.000000,0.000000,0.000000,0,nan,0.00,0.000000,0.2776,0.1665,0.000000,-0.9696,0.43,6.68,7.55,6.72,0.170001,1.9638,-2.0044,0.008000,0.056741,-0.3249,0.058479,0.029985,0.052275,-480.0364797684056,41.67839209426293,-198.31595528719316,225.9780151838254,-0.014837,0.010072,6352.2,6268.4,0.313408,0.113552,0.000000,2.9183,1.0000,,,,,
2.5920,1778833317.225792,216,4.777775,0.245298,0.028966,3.0626,0.1619,0.014311,4.792468,0.171776,0.034470,3.0029,4.799947,0.246418,0.029100,2.9513,0.0322,0.015220,0.674805,0.0000,4.799947,-0.000000,-0.000000,5.0000,0.000000,-0.970870,179.8011,0,1,clay,1.0000,0.500000,0,0,0.000000,0.000000,0.000000,0,nan,0.00,0.000000,0.2758,0.1693,0.000000,-0.9812,0.42,6.68,7.52,6.66,0.171776,1.9750,-1.9971,0.008000,0.199245,-0.4676,0.049318,0.055830,0.045506,-180.76156638762188,165.0355217899453,-364.89986519771037,58.46605490020896,-0.023980,-0.000981,6359.2,6261.4,0.301272,0.075303,0.000000,2.9462,1.0000,,,,,
2.6040,1778833317.237775,217,4.848542,0.243167,0.030017,3.0302,0.0513,0.013770,4.828518,0.173544,0.034670,3.0093,4.870791,0.244317,0.030142,2.9674,0.0344,0.014308,0.654135,0.0000,4.870791,-0.000000,-0.000000,5.0000,0.000000,-0.939863,176.5675,0,1,clay,1.0000,0.500000,0,0,0.000000,0.000000,0.000000,0,nan,0.00,0.000000,0.2740,0.1722,0.000000,-0.9925,0.42,6.67,7.50,6.60,0.173544,1.9864,-1.9907,0.008000,0.044266,-0.3993,0.049199,0.081841,0.069803,-251.4515536194368,-35.16943585841828,-375.81582982432974,37.859155623751334,-0.024018,-0.002602,6364.5,6256.1,0.292045,0.080762,0.000000,2.9625,1.0000,,,,,
2.6160,1778833317.249813,218,4.857002,0.171385,0.034934,3.0391,0.0674,0.012249,4.864620,0.175320,0.034868,3.0107,4.879294,0.172668,0.035050,2.9821,0.0389,0.013376,0.635925,0.0000,4.879294,-0.000000,-0.000000,5.0000,0.000000,-0.909695,169.5878,0,1,clay,1.0000,0.500000,0,0,0.000000,0.000000,0.000000,0,nan,0.00,0.000000,0.2722,0.1751,0.000000,-1.0034,0.41,6.67,7.49,6.65,0.175320,1.9978,-1.9893,0.008000,0.097732,-0.1917,0.068518,0.067948,0.052048,-225.4599316899017,-31.70365668015131,-401.8752481696148,-1.3281576443177983,-0.024918,-0.005106,6369.1,6251.4,0.283893,0.078979,0.000000,2.9773,1.0000,,,,,
2.6280,1778833317.261950,219,4.896125,0.149068,0.028717,3.0294,0.0377,0.013075,4.900731,0.177097,0.035068,3.0117,4.918491,0.150193,0.028828,2.9921,0.0376,0.012699,0.622048,0.0000,4.918491,-0.000000,0.000000,5.0000,0.000000,-0.882622,165.9356,0,1,clay,1.0000,0.500000,0,0,0.000000,0.000000,0.000000,0,nan,0.00,0.000000,0.2704,0.1779,0.000000,-1.0140,0.41,6.68,7.50,6.76,0.177097,2.0092,-1.9883,0.008000,0.091115,-0.2250,0.058357,0.059862,0.048134,-376.16062670119845,-35.10535658168442,-390.1458884869072,1.446323286677199,-0.023820,-0.005100,6372.7,6247.9,0.277665,0.083979,0.000000,2.9874,1.0000,,,,,
2.6400,1778833317.273751,220,4.897367,0.205541,0.037673,3.0067,0.0630,0.013075,4.936816,0.178861,0.035247,3.0049,4.919752,0.206885,0.037778,2.9955,0.0408,0.012171,0.584969,0.0000,4.919752,-0.000000,0.000000,5.0000,0.000000,-0.836535,167.6326,0,1,clay,1.0000,0.500000,0,0,0.000000,0.000000,0.000000,0,nan,0.00,0.000000,0.2686,0.1807,0.000000,-1.0240,0.40,6.68,7.49,6.67,0.178861,2.0195,-1.9951,0.008000,0.041155,-0.1126,0.040751,0.059450,0.045801,-96.30225541618364,-176.0020164467569,-422.87384786428964,-17.961852820671353,-0.024608,-0.006737,6382.1,6238.4,0.261204,0.091747,0.000000,2.9911,1.0000,,,,,
2.6520,1778833317.285973,221,5.004868,0.169575,0.035812,2.9752,0.0766,0.014241,4.972830,0.180647,0.035437,2.9975,5.027213,0.170911,0.035915,2.9922,0.0455,0.011921,0.549996,0.0000,5.027213,0.000000,0.000000,5.0000,-1.000000,-0.782793,164.8822,0,1,clay,1.0000,0.500000,0,0,0.000000,0.000000,0.000000,0,nan,0.00,-0.022727,0.2669,0.1835,-0.012000,-1.0334,0.40,6.68,7.48,6.68,0.180647,2.0304,-2.0025,0.008000,0.016884,0.0481,0.030555,0.073482,0.047970,-287.4587608041994,484.4484420685266,-473.758065935382,-51.546657638085804,-0.026296,-0.008826,6391.1,6229.5,0.245608,0.100044,0.000000,2.9880,1.0000,,,,,
2.6640,1778833317.297776,222,5.018615,0.238696,0.035259,2.9790,-0.0053,0.012119,5.008852,0.182412,0.035658,3.0012,5.040942,0.239899,0.035344,2.9904,0.0324,0.007660,0.543654,-0.0195,5.040942,0.000000,0.000000,5.0000,-1.000000,-0.748045,168.5750,0,1,clay,1.0000,0.500000,0,0,0.000000,0.000000,0.000000,0,nan,0.00,-0.045455,0.2652,0.1862,-0.024000,-1.0424,0.40,6.69,7.49,6.72,0.182412,2.0431,-1.9988,0.008000,0.120598,-0.3074,0.002672,0.058616,0.044790,88.19306013432936,-1249.779301292433,-402.64083714547826,16.59278137866167,-0.034126,-0.005433,6392.8,6227.8,0.242629,0.039348,-1.000000,2.9863,1.0000,,,,,
2.6760,1778833317.315316,223,5.115093,0.130151,0.035570,2.9201,0.0068,0.023338,5.044815,0.184353,0.036031,2.9883,5.137316,0.131298,0.035655,2.9773,0.0240,0.006023,0.504816,-0.0315,5.137316,0.000000,0.000000,5.0000,-1.000000,-0.696115,163.3791,0,1,clay,1.0000,0.500000,0,0,0.000000,0.000000,0.000000,0,nan,0.00,-0.068182,0.2635,0.1889,-0.036000,-1.0508,0.40,6.71,7.51,6.87,0.184353,2.0644,-2.0117,0.008000,0.141237,-0.2905,-0.019040,0.051967,0.048745,13.476422727105273,-303.9712038541552,-615.0452982148256,88.10647321079523,-0.044780,-0.002244,6402.7,6217.9,0.225365,0.041035,-1.000000,2.9735,1.0000,,,,,
2.6880,1778833317.322729,224,5.106797,0.160751,0.035929,3.0036,0.0822,0.022360,5.080641,0.186364,0.036396,2.9805,5.129980,0.161999,0.036011,2.9831,0.0286,0.003593,0.482482,-0.0438,5.129980,0.000000,0.000000,5.0000,-1.000000,-0.649137,162.9772,0,1,clay,1.0000,0.500000,0,0,0.000000,0.000000,0.000000,0,nan,0.00,-0.090909,0.2618,0.1916,-0.048000,-1.0586,0.54,6.70,7.77,6.62,0.186364,2.0853,-2.0195,0.008000,0.090631,-0.1225,-0.014466,0.068579,0.050395,-567.725992155399,-127.11276896944537,-859.0693283691438,38.731402611926356,-0.060375,-0.004662,6408.4,6212.2,0.215427,0.003479,-1.000000,2.9793,1.0000,,,,,
2.7000,1778833317.333843,225,5.062816,0.195765,0.043353,3.0032,-0.0579,0.021391,5.116391,0.188299,0.036690,2.9747,5.085863,0.197014,0.043427,2.9875,0.0092,0.001249,0.452293,-0.0557,5.085863,0.000000,0.000000,5.0000,-1.000000,-0.597442,163.3849,0,1,clay,1.0000,0.500000,0,0,0.000000,0.000000,0.000000,0,nan,0.00,-0.113636,0.2601,0.1942,-0.060000,-1.0657,0.52,6.71,7.74,6.76,0.188299,2.1022,-2.0253,0.008000,0.072246,0.7294,-0.034834,0.058326,0.073643,-818.4114510747936,162.1714458431661,-962.6694783588782,195.5347632565242,-0.066085,0.002371,6416.2,6204.4,0.201919,0.003409,-1.000000,2.9839,1.0000,,,,,
2.7120,1778833317.345778,226,5.201409,0.237959,0.033432,3.0366,0.0171,0.020045,5.152006,0.190222,0.036972,2.9631,5.224460,0.238943,0.033497,2.9974,0.0054,-0.001311,0.417345,-0.0677,5.224460,0.000000,-0.000000,5.0000,-1.000000,-0.542941,162.9132,0,1,clay,1.0000,0.500000,0,0,0.000000,0.000000,0.000000,0,nan,0.00,-0.136364,0.2585,0.1967,-0.072000,-1.0722,0.50,6.70,7.69,6.66,0.190222,2.1183,-2.0369,0.008000,0.040138,0.1066,-0.038677,0.038417,0.053643,-837.0482564705916,-231.82166611407297,-1113.7964231447058,216.85482966088884,-0.077703,0.003016,6425.1,6195.5,0.186304,-0.007347,-1.000000,2.9941,1.0000,,,,,
2.7240,1778833317.357961,227,5.233150,0.275007,0.028056,3.0615,0.0345,0.016307,5.187515,0.192041,0.037170,2.9550,5.256213,0.275849,0.028106,3.0102,0.0048,-0.004401,0.396677,-0.0797,5.256213,-0.000000,-0.000000,5.0000,-1.000000,-0.497366,162.5341,0,1,clay,1.0000,0.500000,0,0,0.000000,0.000000,0.000000,0,nan,0.00,-0.159091,0.2568,0.1992,-0.084000,-1.0782,0.48,6.69,7.66,6.64,0.192041,2.1297,-2.0450,0.008000,0.102497,-0.4774,-0.038495,0.034780,0.049281,-1128.153042656516,1124.5248824113944,-1233.6342193340884,195.50175295499113,-0.090107,0.001995,6430.5,6190.1,0.176986,-0.004700,-1.000000,3.0072,1.0000,,,,,
2.7360,1778833317.369763,228,5.255509,0.182016,0.036120,2.9194,0.0158,0.016787,5.222874,0.193762,0.037305,2.9470,5.278277,0.182989,0.036157,2.9928,0.0007,-0.007307,0.344680,-0.0916,5.278277,-0.000000,-0.000000,5.0000,-1.000000,-0.426576,159.2916,0,1,clay,1.0000,0.500000,0,0,0.000000,0.000000,0.000000,0,nan,0.00,-0.181818,0.2552,0.2017,-0.096000,-1.0833,0.46,6.69,7.62,6.69,0.193762,2.1374,-2.0530,0.008000,0.041983,0.3451,-0.064070,0.031467,0.046928,-1422.4587533310216,-393.4704551178802,-1343.4073503090035,216.14801956141477,-0.101436,0.002455,6443.7,6176.8,0.153862,0.028165,-1.000000,2.9902,1.0000,,,,,
2.7480,1778833317.381932,229,5.208166,0.163259,0.034219,3.0323,0.0043,0.010001,5.258087,0.195351,0.037376,2.9342,5.230899,0.164117,0.034235,3.0009,-0.0050,-0.011163,0.330869,-0.1036,5.230899,0.000000,-0.000000,5.0000,-1.000000,-0.375991,156.7474,0,1,clay,1.0000,0.500000,0,0,0.000000,0.000000,0.000000,0,nan,0.00,-0.204545,0.2536,0.2040,-0.108000,-1.0878,0.45,6.69,7.58,6.65,0.195351,2.1415,-2.0658,0.008000,0.061946,-0.2737,-0.055662,0.030445,0.049379,-1513.814940299716,170.9277978660807,-1416.9367629722028,226.09096719715095,-0.111329,0.002800,6447.4,6173.2,0.147519,-0.008013,-1.000000,2.9984,1.0000,,,,,
2.7600,1778833317.393780,230,5.295423,0.116744,0.036760,3.0252,0.0537,0.009794,5.293257,0.196870,0.037444,2.9307,5.318097,0.117664,0.036757,3.0059,-0.0018,-0.014767,0.315735,-0.1156,5.318097,-0.000000,-0.000000,5.0000,-1.000000,-0.337992,154.2086,0,1,clay,1.0000,0.500000,0,0,0.000000,0.000000,0.000000,0,nan,0.00,-0.227273,0.2520,0.2063,-0.120000,-1.0919,0.43,6.68,7.55,6.68,0.196870,2.1454,-2.0693,0.008000,0.077604,-0.0199,-0.043625,0.033335,0.045498,-1663.6498937254637,-2038.3739569307709,-1509.800559068197,148.37853197574427,-0.124808,-0.000130,6451.3,6169.3,0.140662,-0.027657,-1.000000,3.0036,1.0000,,,,,
2.7720,1778833317.413847,231,5.346893,0.140817,0.041822,2.8919,0.0486,0.009154,5.328320,0.198261,0.037492,2.9227,5.369262,0.141832,0.041801,2.9842,-0.0005,-0.018213,0.303847,-0.1275,5.369262,-0.000000,-0.000000,5.0000,-1.000000,-0.305625,158.1230,0,1,clay,1.0000,0.500000,0,0,0.000000,0.000000,0.000000,0,nan,0.00,-0.250000,0.2504,0.2086,-0.132000,-1.0956,0.41,6.72,7.54,6.91,0.198261,2.1481,-2.0773,0.008000,0.114329,0.3272,-0.062806,0.052822,0.057139,-1878.0415256978054,-297.0718713807005,-1591.3389090643655,93.18828040603901,-0.137753,-0.002244,6454.4,6166.2,0.135280,0.013519,-1.000000,2.9819,1.0000,,,,,
2.7840,1778833317.421321,232,5.386288,0.220662,0.034834,2.9345,-0.0119,0.006008,5.363300,0.199458,0.037459,2.9165,5.411698,0.221472,0.034767,2.9752,-0.0143,-0.026345,0.282585,-0.1405,5.411698,-0.000000,0.000000,5.0000,-1.000000,-0.269511,162.1309,0,1,clay,1.0000,0.500000,0,0,0.000000,0.000000,0.000000,0,nan,0.00,-0.272727,0.2488,0.2107,-0.144000,-1.0988,0.92,6.71,8.54,6.67,0.199458,2.1462,-2.0835,0.008000,0.089619,-0.0815,-0.055005,0.049101,0.056359,-2204.526156697143,371.75501173327257,-1650.8834132023408,142.8226941603859,-0.146211,-0.000373,6459.7,6160.8,0.125925,-0.012011,-1.000000,2.9728,1.0000,,,,,
2.7960,1778833317.429772,233,5.399891,0.133082,0.031597,2.9153,0.0387,-0.007826,5.398226,0.200370,0.037331,2.9114,5.424692,0.133745,0.031493,2.9638,-0.0138,-0.031446,0.258715,-0.1524,5.424692,-0.000000,0.000000,5.0000,0.178414,-0.227858,160.4067,0,1,clay,1.0000,0.500000,0,0,0.000000,0.000000,0.000000,0,nan,0.00,-0.268672,0.2472,0.2128,-0.141859,-1.1015,0.83,6.70,8.36,6.62,0.200370,2.1389,-2.0886,0.008000,0.051427,-0.2735,-0.069707,0.056869,0.059744,-2383.64532982251,-97.71250030476335,-1724.9974726961887,45.646807288783094,-0.157219,-0.003707,6465.9,6154.7,0.115229,-0.013430,-1.000000,2.9616,1.0000,,,,,
2.8080,1778833317.441736,234,5.391294,0.176432,0.038129,2.8516,-0.0047,-0.005379,5.433061,0.201222,0.037237,2.9025,5.415448,0.177184,0.038017,2.9423,-0.0163,-0.030901,0.239494,-0.1404,5.415448,-0.000000,0.000000,5.0000,-1.000000,-0.185876,165.2085,0,1,clay,1.0000,0.500000,0,0,0.000000,0.000000,0.000000,0,nan,0.00,-0.291400,0.2457,0.2148,-0.153859,-1.1038,0.76,6.69,8.21,6.64,0.201222,2.1335,-2.0975,0.008000,0.035389,-0.3107,-0.092347,0.065990,0.065988,-2471.730409063235,-430.3349328727029,-1714.9071143010829,53.5800508085953,-0.151724,-0.003307,6470.8,6149.7,0.106572,0.001615,0.178414,2.9403,1.0000,,,,,
2.8200,1778833317.453757,235,5.495092,0.231475,0.035430,2.8874,-0.0846,-0.012130,5.467811,0.201822,0.037049,2.8929,5.518792,0.231925,0.035282,2.9318,-0.0367,-0.037181,0.214980,-0.1619,5.518792,0.000000,0.000000,5.0000,-1.000000,-0.142853,168.7863,0,1,clay,1.0000,0.500000,0,0,0.000000,0.000000,0.000000,0,nan,0.00,-0.314127,0.2442,0.2168,-0.165859,-1.1055,0.70,6.68,8.08,6.66,0.201822,2.1227,-2.1071,0.008000,0.033852,0.1182,-0.108999,0.052129,0.067757,-2000.5208381390646,-160.1394149744342,-1717.480059939524,184.06514098231554,-0.154978,0.001543,6477.1,6143.4,0.095585,-0.019705,-1.000000,2.9301,1.0000,,,,,
2.8320,1778833317.465719,236,5.522510,0.195182,0.035439,2.9166,-0.0615,-0.016240,5.502474,0.202222,0.036808,2.8868,5.545880,0.195474,0.035258,2.9292,-0.0489,-0.042279,0.208391,-0.1738,5.545880,0.000000,0.000000,5.0000,-0.456649,-0.113943,167.4589,0,1,clay,1.0000,0.500000,0,0,0.000000,0.000000,0.000000,0,nan,0.00,-0.324505,0.2426,0.2186,-0.171339,-1.1068,0.65,6.68,7.97,6.65,0.202222,2.1089,-2.1132,0.008000,0.095358,0.4453,-0.122416,0.046010,0.070121,-2319.0634284894463,45.94913724344906,-1753.5069449084872,236.10925883370356,-0.160986,0.003477,6478.9,6141.7,0.092515,-0.037109,-1.000000,2.9275,1.0000,,,,,
2.8440,1778833317.477795,237,5.529823,0.179492,0.043170,2.8069,0.0012,-0.017706,5.537042,0.202491,0.036545,2.8759,5.552768,0.179930,0.042967,2.9056,-0.0470,-0.044906,0.181620,-0.1749,5.552768,0.000000,0.000000,5.0000,-0.144864,-0.072443,170.8425,0,1,clay,1.0000,0.500000,0,0,0.000000,0.000000,0.000000,0,nan,0.00,-0.327798,0.2411,0.2204,-0.173077,-1.1077,0.61,6.68,7.90,6.69,0.202491,2.0939,-2.1241,0.008000,0.049540,0.4437,-0.123154,0.050693,0.065960,-2016.1540139676913,373.7489330141548,-1729.0397802010998,147.426040562808,-0.165578,0.000729,6485.7,6134.8,0.080589,-0.004570,-0.456649,2.9042,1.0000,,,,,
2.8560,1778833317.489735,238,5.602419,0.192050,0.036697,2.8352,0.0716,-0.025695,5.571501,0.202445,0.036138,2.8657,5.625031,0.192405,0.036470,2.8921,-0.0334,-0.047507,0.159480,-0.1742,5.625031,0.000000,0.000000,5.0000,0.012460,-0.030465,173.4034,0,1,clay,1.0000,0.500000,0,0,0.000000,0.000000,0.000000,0,nan,0.00,-0.327515,0.2396,0.2221,-0.172928,-1.1081,0.57,6.67,7.81,6.63,0.202445,2.0705,-2.1343,0.008000,0.074274,0.2050,-0.143144,0.070465,0.065325,-2220.0319011910365,-58.53428720321608,-1744.9612744966971,-93.40817525837407,-0.170465,-0.007145,6491.4,6129.1,0.070666,-0.019076,-0.144864,2.8908,1.0000,,,,,
2.8680,1778833317.501780,239,5.567015,0.247692,0.038087,2.8940,-0.1572,-0.044943,5.605849,0.202115,0.035607,2.8549,5.589454,0.247779,0.037816,2.8925,-0.0596,-0.052294,0.135864,-0.1728,5.589454,0.000000,0.000000,5.0000,-1.000000,0.013414,175.8196,0,1,clay,1.0000,0.500000,0,0,0.000000,0.000000,0.000000,0,nan,0.00,-0.350242,0.2381,0.2237,-0.184928,-1.1079,0.54,6.73,7.81,7.05,0.202115,2.0401,-2.1451,0.008000,0.132013,0.1608,-0.146084,0.038284,0.058022,-2154.334224536882,180.60455499882153,-1693.7840099618734,81.91841525132523,-0.155511,-0.000382,6497.5,6123.1,0.060093,-0.044338,0.012460,2.8914,1.0000,,,,,
2.8800,1778833317.515015,240,5.624887,0.218301,0.040273,2.9409,-0.1056,-0.040682,5.640073,0.201609,0.035054,2.8434,5.647407,0.218241,0.039955,2.9019,-0.0762,-0.059738,0.109464,-0.1927,5.647407,0.000000,0.000000,5.0000,-0.098876,0.057525,172.8822,0,1,clay,1.0000,0.500000,0,0,0.000000,0.000000,0.000000,0,nan,0.00,-0.352489,0.2367,0.2252,-0.186114,-1.1072,0.51,6.72,7.75,6.68,0.201609,2.0085,-2.1566,0.008000,0.079410,0.0168,-0.113602,0.027888,0.059247,-1790.2927473145282,327.56270563935834,-1732.5926177835358,138.08684046614087,-0.159562,0.002101,6504.3,6116.3,0.048286,-0.061392,-1.000000,2.9010,1.0000,,,,,
2.8920,1778833317.525862,241,5.680153,0.275517,0.032021,2.7807,-0.1420,-0.046505,5.674164,0.201026,0.034491,2.8318,5.702349,0.275081,0.031674,2.8784,-0.0919,-0.062585,0.086281,-0.1869,5.702349,0.000000,-0.000000,5.0000,-1.000000,0.103597,179.3035,0,1,clay,1.0000,0.500000,0,0,0.000000,0.000000,0.000000,0,nan,0.00,-0.375216,0.2352,0.2267,-0.198114,-1.1060,0.49,6.71,7.69,6.63,0.201026,1.9762,-2.1682,0.008000,0.057250,-0.0064,-0.125730,0.022078,0.063714,-2261.0143219987385,-415.07834788383275,-1613.8251259913839,227.6994241274815,-0.150967,0.005915,6510.2,6110.3,0.037901,-0.013304,-0.098876,2.8777,1.0000,,,,,
2.9040,1778833317.537803,242,5.667702,0.136903,0.040254,2.8134,-0.0790,-0.051420,5.708134,0.200292,0.033875,2.8213,5.689662,0.136539,0.039864,2.8657,-0.0981,-0.069619,0.056517,-0.2058,5.689662,0.000000,-0.000000,5.0000,1.000000,0.155691,176.7966,0,1,clay,1.0000,0.500000,0,0,0.000000,0.000000,0.000000,0,nan,0.00,-0.352489,0.2337,0.2280,-0.186114,-1.1041,0.47,6.71,7.65,6.72,0.200292,1.9409,-2.1787,0.008000,0.053416,0.6821,-0.124422,0.015527,0.054584,-1474.646213087439,300.86025317801204,-1700.3968527078227,153.1035931844882,-0.158786,0.004191,6517.9,6102.7,0.024604,-0.028274,-1.000000,2.8653,1.0000,,,,,
2.9160,1778833317.549789,243,5.716388,0.135153,0.026819,2.9262,-0.0747,-0.047910,5.741965,0.199306,0.033148,2.8080,5.738343,0.134491,0.026425,2.8774,-0.0954,-0.067318,0.038542,-0.1785,5.738343,0.000000,-0.000000,5.0000,1.000000,0.197710,174.6773,0,1,clay,1.0000,0.500000,0,0,0.000000,0.000000,0.000000,0,nan,0.00,-0.329762,0.2323,0.2293,-0.174114,-1.1017,0.46,6.70,7.61,6.65,0.199306,1.8992,-2.1920,0.008000,0.047164,-0.4646,-0.089203,0.016913,0.054348,-2476.3317068426295,-513.7708830020076,-1656.7128276549774,103.76915406179614,-0.144377,0.002882,6522.5,6098.1,0.016494,-0.073502,1.000000,2.8771,1.0000,,,,,
2.9280,1778833317.561840,244,5.845476,0.173559,0.021302,2.7001,-0.0413,-0.077770,5.775656,0.197934,0.032225,2.7979,5.867098,0.172748,0.020867,2.8430,-0.0884,-0.070381,0.020825,-0.1665,5.867098,-0.000000,-0.000000,5.0000,1.000000,0.237352,181.2866,0,1,clay,1.0000,0.500000,0,0,0.000000,0.000000,0.000000,0,nan,0.00,-0.307034,0.2309,0.2304,-0.162114,-1.0989,0.45,6.70,7.59,6.67,0.197934,1.8463,-2.2021,0.008000,0.067876,-0.5879,-0.110527,0.038732,0.056870,-1837.6317362165203,-216.6431646095873,-1572.846556994884,-108.55053475084262,-0.128813,-0.003883,6527.1,6093.5,0.008532,0.002167,1.000000,2.8428,1.0000,,,,,
2.9400,1778833317.573741,245,5.769503,0.218214,0.032055,2.8245,-0.0433,-0.074487,5.809197,0.196497,0.031328,2.7828,5.791023,0.217627,0.031593,2.8393,-0.0827,-0.071966,-0.000047,-0.1545,5.791023,-0.000000,-0.000000,5.0000,-0.491303,0.279121,184.0396,0,1,clay,1.0000,0.500000,0,0,0.000000,0.000000,0.000000,0,nan,0.00,-0.318200,0.2294,0.2315,-0.168010,-1.0955,0.44,6.69,7.56,6.65,0.196497,1.7950,-2.2172,0.008000,0.073604,0.0587,-0.110716,0.051265,0.055821,-1646.9449961500668,-1260.9395934341146,-1486.6041898368733,-254.08808403483346,-0.114505,-0.008860,6532.4,6088.1,-0.000814,-0.045140,1.000000,2.8393,1.0000,,,,,
2.9520,1778833317.585793,246,5.933645,0.139445,0.030614,2.8278,-0.1479,-0.071287,5.842604,0.194993,0.030482,2.7744,5.955088,0.138640,0.030116,2.8371,-0.0999,-0.077898,0.008866,-0.1717,5.955088,-0.000000,0.000000,5.0000,1.000000,0.290115,181.5661,0,1,clay,1.0000,0.500000,0,0,0.000000,0.000000,0.000000,0,nan,0.00,-0.295473,0.2280,0.2325,-0.156010,-1.0921,0.43,6.69,7.55,6.71,0.194993,1.7465,-2.2256,0.008000,0.098857,-0.4505,-0.086689,0.035460,0.053222,-1602.002488431069,-1162.6960764616276,-1389.0845549678843,-154.76103763321527,-0.111781,-0.005375,6530.3,6090.3,0.002985,-0.057564,-0.491303,2.8371,1.0000,,,,,
2.9640,1778833317.597839,247,5.826390,0.219374,0.029453,2.7649,-0.2166,-0.062061,5.875867,0.193541,0.029710,2.7607,5.847694,0.218371,0.028959,2.8231,-0.1191,-0.075074,-0.002338,-0.1485,5.847694,-0.000000,-0.000000,5.0000,-0.503915,0.310461,186.5899,0,1,clay,1.0000,0.500000,0,0,0.000000,0.000000,0.000000,0,nan,0.00,-0.306926,0.2266,0.2334,-0.162057,-1.0883,0.42,6.68,7.52,6.63,0.193541,1.7023,-2.2393,0.008000,0.092166,-0.1298,-0.084908,0.000291,0.047317,-924.4602577087059,-677.404041923673,-1302.1828388613617,75.10356266538736,-0.088865,0.003222,6533.1,6087.5,-0.001997,-0.023099,1.000000,2.8231,1.0000,,,,,
2.9760,1778833317.612843,248,5.976584,0.110304,0.027283,2.7709,-0.1044,-0.064820,5.909006,0.191897,0.028889,2.7502,5.997753,0.109212,0.026769,2.8129,-0.1218,-0.079131,-0.006783,-0.1658,5.997753,-0.000000,0.000000,5.0000,1.000000,0.322798,185.3717,0,1,clay,1.0000,0.500000,0,0,0.000000,0.000000,0.000000,0,nan,0.00,-0.284198,0.2252,0.2342,-0.150057,-1.0845,0.41,6.68,7.50,6.63,0.191897,1.6552,-2.2498,0.008000,0.165814,-0.3039,-0.093069,0.015971,0.052947,-1845.1551657280147,-899.8655730706091,-1255.1168578943723,42.25094865881033,-0.093452,0.002169,6534.3,6086.3,-0.004025,-0.036962,-0.503915,2.8130,1.0000,,,,,
2.9880,1778833317.621847,249,6.007119,0.149161,0.024216,2.6794,-0.0796,-0.075789,5.941994,0.190114,0.028031,2.7386,6.028032,0.148034,0.023695,2.7869,-0.1140,-0.077438,-0.030937,-0.1426,6.028032,0.000000,0.000000,5.0000,1.000000,0.353284,190.8460,0,1,clay,1.0000,0.500000,0,0,0.000000,0.000000,0.000000,0,nan,0.00,-0.261471,0.2238,0.2349,-0.138057,-1.0802,0.41,6.67,7.49,6.65,0.190114,1.6061,-2.2614,0.008000,0.093789,-0.5595,-0.125648,0.035011,0.059136,-955.9325504975119,-123.63737826935619,-1205.7675719504505,-75.00321140438822,-0.080334,-0.001704,6540.4,6080.2,-0.014728,-0.013273,1.000000,2.7872,1.0000,,,,,
3.0000,1778833317.633894,250,6.002254,0.155523,0.031660,2.7276,-0.1244,-0.075064,5.974827,0.188176,0.027130,2.7271,6.023105,0.154511,0.031131,2.7752,-0.1156,-0.076697,-0.052707,-0.1306,6.023105,0.000000,0.000000,5.0000,0.830223,0.390144,193.5188,0,1,clay,1.0000,0.500000,0,0,0.000000,0.000000,0.000000,0,nan,0.00,-0.242603,0.2225,0.2356,-0.128094,-1.0755,0.41,6.66,7.49,6.60,0.188176,1.5545,-2.2729,0.008000,0.110128,0.3578,-0.111382,0.039975,0.060493,-1346.061358839463,-699.623496579066,-1044.5112709358928,-81.91440510275928,-0.064624,-0.001653,6546.0,6074.6,-0.024442,-0.033366,1.000000,2.7756,1.0000,,,,,
3.0120,1778833317.645821,251,6.003714,0.092874,0.019370,2.7430,-0.1822,-0.083008,6.007527,0.186023,0.026162,2.7146,6.024453,0.091487,0.018827,2.7687,-0.1264,-0.077351,-0.074649,-0.1219,6.024453,0.000000,0.000000,5.0000,1.000000,0.430196,194.0017,0,1,clay,1.0000,0.500000,0,0,0.000000,0.000000,0.000000,0,nan,0.00,-0.219875,0.2211,0.2361,-0.116094,-1.0704,0.41,6.67,7.49,6.70,0.186023,1.4990,-2.2854,0.008000,0.043394,-0.7754,-0.102037,0.033964,0.064806,-1151.9775081671191,-135.06414354367814,-851.4407437229949,-12.687246915468208,-0.046837,0.001482,6551.6,6069.0,-0.034249,-0.038690,0.830223,2.7693,1.0000,,,,,
3.0240,1778833317.657772,252,6.061917,0.111489,0.025208,2.7511,-0.0642,-0.080646,6.040080,0.183816,0.025206,2.7020,6.082601,0.110298,0.024661,2.7650,-0.1147,-0.076255,-0.101491,-0.1086,6.082601,0.000000,0.000000,5.0000,1.000000,0.474042,195.4754,0,1,clay,1.0000,0.500000,0,0,0.000000,0.000000,0.000000,0,nan,0.00,-0.197148,0.2197,0.2366,-0.104094,-1.0647,0.40,6.67,7.47,6.66,0.183816,1.4442,-2.2980,0.008000,0.036980,0.3160,-0.115429,0.046245,0.063724,-1148.4150410873872,-467.9748823478394,-702.1800012022647,-144.89405517212464,-0.037019,-0.003956,6558.5,6062.1,-0.046230,-0.043044,1.000000,2.7658,1.0000,,,,,
3.0360,1778833317.669743,253,6.100959,0.235743,0.022168,2.8129,-0.2003,-0.076317,6.072485,0.181608,0.024321,2.6907,6.121673,0.234383,0.021624,2.7740,-0.1273,-0.074612,-0.123846,-0.0966,6.121673,0.000000,0.000000,5.0000,-1.000000,0.514752,198.1809,0,1,clay,1.0000,0.500000,0,0,0.000000,0.000000,0.000000,0,nan,0.00,-0.219875,0.2184,0.2369,-0.116094,-1.0585,0.39,6.66,7.45,6.65,0.181608,1.3935,-2.3093,0.008000,0.092342,0.4778,-0.070147,0.022774,0.058625,-586.8344038881585,-443.4934691874242,-433.13802667956105,-12.285787570434039,-0.018164,0.001692,6564.2,6056.3,-0.056243,-0.063092,1.000000,2.7749,1.0000,,,,,
3.0480,1778833317.681815,254,6.048562,0.167286,0.020642,2.6189,-0.1100,-0.065509,6.104740,0.179475,0.023483,2.6791,6.069048,0.165887,0.020089,2.7437,-0.1287,-0.078132,-0.131080,-0.1235,6.069048,0.000000,0.000000,5.0000,-0.131039,0.548752,201.2439,0,1,clay,1.0000,0.500000,0,0,0.000000,0.000000,0.000000,0,nan,0.00,-0.222853,0.2171,0.2372,-0.117667,-1.0519,0.39,6.66,7.45,6.66,0.179475,1.3455,-2.3209,0.008000,0.048037,-0.2151,-0.094549,0.033304,0.070975,38.731763116844405,1019.5839924714527,-544.5328865626017,-24.287037677518285,-0.030951,0.001242,6566.1,6054.4,-0.059571,-0.001604,-1.000000,2.7447,1.0000,,,,,
3.0600,1778833317.693833,255,6.184559,0.062858,0.012711,2.6009,-0.0986,-0.058076,6.136869,0.177560,0.022771,2.6694,6.204845,0.061351,0.012174,2.7157,-0.1242,-0.075845,-0.150086,-0.1186,6.204845,0.000000,-0.000000,5.0000,1.000000,0.584054,205.0321,0,1,clay,1.0000,0.500000,0,0,0.000000,0.000000,0.000000,0,nan,0.00,-0.200126,0.2157,0.2374,-0.105667,-1.0449,0.40,6.67,7.47,6.72,0.177560,1.3047,-2.3306,0.008000,0.082758,-0.5509,-0.121128,0.029349,0.054297,-261.279765779699,-309.82448875071583,-565.8363195282375,-31.31174080928929,-0.034710,0.000962,6571.0,6049.6,-0.068076,-0.000187,-0.131039,2.7169,1.0000,,,,,
3.0720,1778833317.711330,256,6.164920,0.178216,0.018594,2.5992,-0.1310,-0.063532,6.168862,0.175610,0.022041,2.6570,6.185058,0.176850,0.018075,2.6929,-0.1227,-0.071398,-0.161354,-0.0982,6.185058,0.000000,-0.000000,5.0000,-0.312016,0.616290,211.6463,0,1,clay,1.0000,0.500000,0,0,0.000000,0.000000,0.000000,0,nan,0.00,-0.207217,0.2144,0.2375,-0.109411,-1.0375,0.40,6.69,7.48,6.79,0.175610,1.2629,-2.3430,0.008000,0.042116,-0.1637,-0.128737,0.043611,0.071037,-910.5922910113445,342.3670198176968,-433.1460891931604,-3.0345993069388584,-0.021564,0.002392,6573.9,6046.6,-0.073169,-0.004373,1.000000,2.6941,1.0000,,,,,
3.0840,1778833317.718673,257,6.123359,0.179315,0.022722,2.6523,-0.1283,-0.072009,6.200713,0.173456,0.021183,2.6436,6.144217,0.177941,0.022170,2.6847,-0.1259,-0.074300,-0.173538,-0.1118,6.144217,0.000000,0.000000,5.0000,-0.481915,0.646619,213.6576,0,1,clay,1.0000,0.500000,0,0,0.000000,0.000000,0.000000,0,nan,0.00,-0.218170,0.2131,0.2375,-0.115194,-1.0298,0.53,6.68,7.74,6.60,0.173456,1.2137,-2.3564,0.008000,0.179075,0.2215,-0.126255,0.029851,0.052230,-910.5939414036294,-981.9258049400555,-438.32777504443925,-3.8929121157031688,-0.023918,0.002312,6577.1,6043.4,-0.078733,-0.027751,-0.312016,2.6860,1.0000,,,,,
3.0960,1778833317.729876,258,6.205924,0.093055,0.018445,2.6576,0.0106,-0.071258,6.232410,0.171251,0.020348,2.6318,6.226570,0.091764,0.017888,2.6791,-0.1057,-0.076025,-0.179765,-0.1189,6.226570,0.000000,-0.000000,5.0000,1.000000,0.667132,212.8181,0,1,clay,1.0000,0.500000,0,0,0.000000,0.000000,0.000000,0,nan,0.00,-0.195443,0.2118,0.2374,-0.103194,-1.0218,0.51,6.67,7.69,6.62,0.171251,1.1659,-2.3682,0.008000,0.108182,0.1429,-0.103307,0.037168,0.036921,-466.52574444956366,-1000.4350742125938,-553.6198853106771,-195.19341460442163,-0.038653,-0.007686,6578.7,6041.8,-0.081570,-0.033161,-0.481915,2.6805,1.0000,,,,,
3.1080,1778833317.741802,259,6.230360,0.096906,0.010597,2.6593,-0.0541,-0.069056,6.263933,0.169114,0.019529,2.6179,6.250849,0.095556,0.010058,2.6750,-0.0949,-0.071818,-0.188482,-0.0955,6.250849,-0.000000,-0.000000,5.0000,1.000000,0.685933,213.7694,0,1,clay,1.0000,0.500000,0,0,0.000000,0.000000,0.000000,0,nan,0.00,-0.172715,0.2105,0.2373,-0.091194,-1.0135,0.49,6.67,7.65,6.68,0.169114,1.1190,-2.3821,0.008000,0.082745,-0.7371,-0.093531,0.054736,0.047654,-41.551787506747985,1090.5567678197303,-478.80482700564824,-248.21854608002792,-0.029521,-0.010833,6581.0,6039.6,-0.085476,-0.039604,1.000000,2.6764,1.0000,,,,,
3.1200,1778833317.753822,260,6.297297,0.203806,0.016380,2.6360,-0.1841,-0.071852,6.295277,0.166946,0.018675,2.6027,6.317640,0.202471,0.015850,2.6670,-0.1078,-0.069544,-0.207506,-0.0836,6.317640,-0.000000,-0.000000,5.0000,-1.000000,0.711630,218.4768,0,1,clay,1.0000,0.500000,0,0,0.000000,0.000000,0.000000,0,nan,0.00,-0.195443,0.2092,0.2370,-0.103194,-1.0050,0.47,6.68,7.63,6.75,0.166946,1.0700,-2.3973,0.008000,0.132140,0.3030,-0.092681,0.018873,0.021818,-427.80338416912656,60.12972896964516,-244.21414478383252,-119.99187447463923,-0.010022,-0.004315,6585.8,6034.7,-0.093928,-0.032047,1.000000,2.6686,1.0000,,,,,
3.1320,1778833317.765855,261,6.335385,0.153250,0.022900,2.5456,-0.0314,-0.073108,6.326467,0.164668,0.017788,2.5899,6.355505,0.152103,0.022352,2.6431,-0.0997,-0.074405,-0.218532,-0.1108,6.355505,-0.000000,-0.000000,5.0000,-0.507883,0.737328,221.6724,0,1,clay,1.0000,0.500000,0,0,0.000000,0.000000,0.000000,0,nan,0.00,-0.206986,0.2080,0.2367,-0.109288,-0.9961,0.46,6.67,7.59,6.64,0.164668,1.0192,-2.4101,0.008000,0.064500,0.3360,-0.110077,0.021365,0.012996,142.9413994736998,1778.0970884079834,-374.1027802080573,-218.51650378272444,-0.026330,-0.010357,6588.7,6031.9,-0.098877,-0.006698,-1.000000,2.6448,1.0000,,,,,
3.1440,1778833317.777780,262,6.434236,0.119506,0.010749,2.5736,-0.1791,-0.064775,6.357489,0.162650,0.017056,2.5771,6.454144,0.118004,0.010205,2.6293,-0.1145,-0.074613,-0.229241,-0.1131,6.454144,-0.000000,0.000000,5.0000,1.000000,0.760063,223.4704,0,1,clay,1.0000,0.500000,0,0,0.000000,0.000000,0.000000,0,nan,0.00,-0.184258,0.2067,0.2362,-0.097288,-0.9870,0.44,6.67,7.55,6.62,0.162650,0.9772,-2.4229,0.008000,0.102317,-0.1956,-0.130572,0.036974,0.046894,529.0032808773096,165.29515520489127,-386.4942464620109,-93.60157694181588,-0.026280,-0.003365,6591.4,6029.1,-0.103680,-0.032382,-0.507883,2.6310,1.0000,,,,,
3.1560,1778833317.789804,263,6.376902,0.218037,0.010936,2.5526,-0.0778,-0.056310,6.388379,0.160693,0.016348,2.5656,6.396633,0.216646,0.010424,2.6142,-0.1056,-0.068615,-0.218752,-0.0897,6.396633,-0.000000,-0.000000,5.0000,-1.000000,0.766829,229.1956,0,1,clay,1.0000,0.500000,0,0,0.000000,0.000000,0.000000,0,nan,0.00,-0.206986,0.2055,0.2357,-0.109288,-0.9778,0.44,6.66,7.54,6.65,0.160693,0.9367,-2.4344,0.008000,0.079136,-0.0768,-0.114779,0.031484,0.033990,-579.6917225023698,-504.11447543554846,-318.25053594064764,-110.68405732457222,-0.017575,-0.004091,6588.8,6031.8,-0.099117,-0.030049,1.000000,2.6158,1.0000,,,,,
3.1680,1778833317.809781,264,6.417415,0.135924,0.001013,2.5184,-0.1029,-0.068675,6.419077,0.158594,0.015530,2.5488,6.436935,0.134300,0.000486,2.5952,-0.1097,-0.073291,-0.234721,-0.1168,6.436935,-0.000000,0.000000,5.0000,1.000000,0.786043,230.7025,0,1,clay,1.0000,0.500000,0,0,0.000000,0.000000,0.000000,0,nan,0.00,-0.184258,0.2042,0.2351,-0.097288,-0.9684,0.43,6.68,7.54,6.78,0.158594,0.8898,-2.4512,0.008000,0.112630,-0.2049,-0.103748,0.010256,0.011883,-349.03206930557894,-568.2415857344054,-376.8606360798892,-109.07176384640056,-0.028751,-0.004400,6592.9,6027.7,-0.106184,-0.019913,-1.000000,2.5970,1.0000,,,,,
3.1800,1778833317.817137,265,6.534113,0.220378,0.011532,2.5156,-0.0157,-0.065342,6.449584,0.156533,0.014741,2.5345,6.556145,0.218944,0.010954,2.5791,-0.0918,-0.068364,-0.246000,-0.0888,6.556145,0.000000,0.000000,5.0000,-1.000000,0.805114,236.5617,0,1,clay,1.0000,0.500000,0,0,0.000000,0.000000,0.000000,0,nan,0.00,-0.206986,0.2030,0.2345,-0.109288,-0.9587,0.93,6.68,8.53,6.66,0.156533,0.8446,-2.4655,0.008000,0.100882,0.0342,-0.095519,0.025455,0.010740,-313.07998502011424,-1308.2998461676996,-334.27588624232294,-200.39180345292516,-0.022955,-0.010766,6596.0,6024.6,-0.111579,-0.021838,1.000000,2.5812,1.0000,,,,,
3.1920,1778833317.825857,266,6.445845,0.185370,0.012078,2.6223,-0.1172,-0.068870,6.479901,0.154412,0.013943,2.5173,6.467519,0.183876,0.011488,2.5869,-0.1015,-0.073938,-0.266010,-0.1177,6.467519,-0.000000,0.000000,5.0000,-0.539760,0.834147,234.8712,0,1,clay,1.0000,0.500000,0,0,0.000000,0.000000,0.000000,0,nan,0.00,-0.219253,0.2017,0.2337,-0.115765,-0.9487,0.84,6.67,8.36,6.64,0.154412,0.7989,-2.4827,0.008000,0.041701,-0.1526,-0.078124,0.035560,0.027141,-492.3843559678241,1238.9988165156406,-369.8977377150199,-157.8082578584923,-0.032603,-0.008691,6601.0,6019.5,-0.120428,-0.065795,-1.000000,2.5892,1.0000,,,,,
3.2040,1778833317.837769,267,6.440764,0.046829,0.011218,2.4661,-0.0883,-0.064151,6.510032,0.152402,0.013183,2.5036,6.461846,0.045342,0.010638,2.5630,-0.1016,-0.074312,-0.280134,-0.1202,6.461846,-0.000000,0.000000,5.0000,1.000000,0.865114,238.3566,0,1,clay,1.0000,0.500000,0,0,0.000000,0.000000,0.000000,0,nan,0.00,-0.196526,0.2005,0.2329,-0.103765,-0.9383,0.77,6.66,8.21,6.62,0.152402,0.7553,-2.4964,0.008000,0.060483,0.0534,-0.095792,0.022493,0.019906,221.0200858272898,1852.5224132215185,-420.48808568629124,-147.01389899599883,-0.039003,-0.008683,6604.6,6015.9,-0.126715,-0.014993,-0.539760,2.5653,1.0000,,,,,
3.2160,1778833317.849910,268,6.527374,0.109482,0.015678,2.4879,-0.0374,-0.057440,6.539987,0.150419,0.012419,2.4886,6.548061,0.108247,0.015136,2.5479,-0.0887,-0.068342,-0.301324,-0.0957,6.548061,0.000000,0.000000,5.0000,1.000000,0.899994,242.1338,0,1,clay,1.0000,0.500000,0,0,0.000000,0.000000,0.000000,0,nan,0.00,-0.173798,0.1993,0.2320,-0.091765,-0.9275,0.72,6.66,8.11,6.66,0.150419,0.7115,-2.5114,0.008000,0.033354,0.7335,-0.105748,0.015531,0.006136,-1246.0221763647728,134.79746727075303,-340.5378087383772,-173.01446569719724,-0.031714,-0.011652,6610.1,6010.5,-0.136142,-0.029215,1.000000,2.5504,1.0000,,,,,
3.2280,1778833317.861744,269,6.588140,0.166734,0.016641,2.5187,-0.0727,-0.079430,6.569770,0.148199,0.011491,2.4723,6.608502,0.165548,0.016100,2.5417,-0.0845,-0.067336,-0.316990,-0.0838,6.608502,0.000000,0.000000,5.0000,-0.722911,0.931670,245.1080,0,1,clay,1.0000,0.500000,0,0,0.000000,0.000000,0.000000,0,nan,0.00,-0.190228,0.1981,0.2310,-0.100440,-0.9163,0.67,6.67,8.00,6.70,0.148199,0.6584,-2.5277,0.008000,0.018427,0.4438,-0.102020,0.041678,0.025878,-1129.5146084947235,-452.8093147198192,-221.67266068622783,-199.39945968280807,-0.018395,-0.014216,6614.1,6006.5,-0.143141,-0.052683,1.000000,2.5442,1.0000,,,,,
3.2400,1778833317.873785,270,6.636238,0.095228,0.010172,2.4912,-0.1658,-0.072142,6.599350,0.145978,0.010595,2.4570,6.656290,0.093762,0.009618,2.5313,-0.1017,-0.071729,-0.327533,-0.1062,6.656290,0.000000,-0.000000,5.0000,1.000000,0.958319,245.8518,0,1,clay,1.0000,0.500000,0,0,0.000000,0.000000,0.000000,0,nan,0.00,-0.167501,0.1969,0.2299,-0.088440,-0.9048,0.62,6.67,7.91,6.65,0.145978,0.6070,-2.5430,0.008000,0.043949,-0.2715,-0.087285,0.015223,0.017846,225.42326649452085,-980.0239898855164,-234.7395671022997,-111.66716967940252,-0.019661,-0.008267,6616.8,6003.8,-0.147872,-0.043972,-0.722911,2.5340,1.0000,,,,,
3.2520,1778833317.885834,271,6.597746,0.211972,0.012225,2.4214,-0.0466,-0.059502,6.628747,0.143947,0.009844,2.4433,6.617430,0.210688,0.011705,2.5095,-0.0894,-0.065785,-0.334521,-0.0806,6.617430,0.000000,0.000000,5.0000,-1.000000,0.982388,254.2842,0,1,clay,1.0000,0.500000,0,0,0.000000,0.000000,0.000000,0,nan,0.00,-0.190228,0.1957,0.2288,-0.100440,-0.8931,0.58,6.67,7.84,6.69,0.143947,0.5640,-2.5567,0.008000,0.165616,0.5432,-0.094152,0.029246,0.018122,102.68215727704273,-681.4994399169506,-170.25870378645672,-139.0733262764133,-0.011847,-0.010971,6618.6,6002.0,-0.151018,-0.021022,1.000000,2.5122,1.0000,,,,,
3.2640,1778833317.897685,272,6.709410,0.094313,0.001478,2.4852,-0.0532,-0.069778,6.657919,0.141899,0.009062,2.4224,6.728871,0.092829,0.000942,2.5042,-0.0885,-0.070810,-0.350972,-0.1082,6.728871,0.000000,-0.000000,5.0000,1.000000,1.007837,252.2176,0,1,clay,1.0000,0.500000,0,0,0.000000,0.000000,0.000000,0,nan,0.00,-0.167501,0.1945,0.2276,-0.088440,-0.8810,0.55,6.71,7.81,6.95,0.141899,0.5192,-2.5776,0.008000,0.115490,-0.1195,-0.085339,0.040512,0.026408,358.6664667899479,-392.4551187918403,-246.33094285317833,-166.56621333982065,-0.025873,-0.013967,6622.8,5997.8,-0.158336,-0.049533,-1.000000,2.5070,1.0000,,,,,
3.2760,1778833317.910875,273,6.659239,0.123787,-0.003823,2.3623,-0.1238,-0.059838,6.686906,0.139977,0.008353,2.4095,6.678448,0.122201,-0.004332,2.4762,-0.0909,-0.064958,-0.359009,-0.0807,6.678448,0.000000,-0.000000,5.0000,1.000000,1.033794,259.3557,0,1,clay,1.0000,0.500000,0,0,0.000000,0.000000,0.000000,0,nan,0.00,-0.144773,0.1933,0.2263,-0.076440,-0.8686,0.52,6.70,7.74,6.61,0.139977,0.4786,-2.5905,0.008000,0.039103,0.1730,-0.092765,0.026432,0.020083,-65.26429467265879,163.52541849945635,-147.62867774202593,-106.2473411425764,-0.010563,-0.009710,6624.9,5995.7,-0.161967,-0.004462,1.000000,2.4790,1.0000,,,,,
3.2880,1778833317.921775,274,6.659284,0.249366,0.010358,2.4694,-0.0171,-0.062178,6.715686,0.137961,0.007608,2.3883,6.678347,0.248196,0.009870,2.4741,-0.0769,-0.061622,-0.388526,-0.0687,6.678347,0.000000,-0.000000,5.0000,-1.000000,1.073443,266.0654,0,1,clay,1.0000,0.500000,0,0,0.000000,0.000000,0.000000,0,nan,0.00,-0.167501,0.1922,0.2249,-0.088440,-0.8557,0.50,6.70,7.70,6.72,0.137961,0.4359,-2.6117,0.008000,0.162270,0.3576,-0.077396,0.039148,0.027344,-529.476555128178,-730.7086075871401,-94.65428334521292,-146.15825052359722,-0.004507,-0.014799,6632.4,5988.2,-0.175061,-0.038953,1.000000,2.4771,1.0000,,,,,
3.3000,1778833317.933777,275,6.732540,0.087958,0.011410,2.3688,-0.1015,-0.064311,6.744294,0.135887,0.006841,2.3827,6.751358,0.086738,0.010909,2.4529,-0.0854,-0.065991,-0.419609,-0.0961,6.751358,-0.000000,-0.000000,5.0000,1.000000,1.122303,266.7803,0,1,clay,1.0000,0.500000,0,0,0.000000,0.000000,0.000000,0,nan,0.00,-0.144773,0.1910,0.2234,-0.076440,-0.8422,0.48,6.69,7.65,6.66,0.135887,0.3920,-2.6173,0.008000,0.077175,0.4192,-0.104177,0.032492,0.022056,232.29268692840742,739.7293178872967,-146.87031610818104,-100.15529888008581,-0.013903,-0.012702,6640.3,5980.3,-0.188904,-0.037747,-1.000000,2.4561,1.0000,,,,,
3.3120,1778833317.945783,276,6.842530,0.198741,-0.004375,2.3395,-0.1321,-0.051883,6.772733,0.134059,0.006210,2.3646,6.861050,0.197230,-0.004841,2.4302,-0.0893,-0.059571,-0.442082,-0.0688,6.861050,-0.000000,-0.000000,5.0000,-1.000000,1.168629,274.7041,0,1,clay,1.0000,0.500000,0,0,0.000000,0.000000,0.000000,0,nan,0.00,-0.167501,0.1898,0.2219,-0.088440,-0.8282,0.46,6.68,7.61,6.61,0.134059,0.3558,-2.6354,0.008000,0.212666,-0.4344,-0.101436,0.015233,0.016724,449.25485374104085,-191.32522549525925,-45.476506175064515,-22.49357067468459,0.001267,-0.006881,6646.1,5974.5,-0.198971,-0.017432,1.000000,2.4336,1.0000,,,,,
3.3240,1778833317.957754,277,6.803902,0.039430,-0.003399,2.2730,-0.0650,-0.057227,6.800981,0.132179,0.005525,2.3459,6.822086,0.037952,-0.003870,2.3990,-0.0894,-0.063145,-0.460844,-0.0960,6.822086,-0.000000,-0.000000,5.0000,1.000000,1.215299,280.6988,0,1,clay,1.0000,0.500000,0,0,0.000000,0.000000,0.000000,0,nan,0.00,-0.144773,0.1887,0.2202,-0.076440,-0.8136,0.45,6.67,7.57,6.64,0.132179,0.3165,-2.6541,0.008000,0.052912,-0.6704,-0.115268,0.001901,0.002380,28.594679228944443,258.1402904335529,-126.9709053697479,-26.524407090138098,-0.012399,-0.008262,6650.9,5969.7,-0.207389,0.013647,-1.000000,2.4025,1.0000,,,,,
3.3360,1778833317.969787,278,6.834596,0.169478,0.002689,2.3886,-0.0485,-0.053866,6.829026,0.130374,0.004874,2.3310,6.852699,0.168220,0.002245,2.3962,-0.0793,-0.057572,-0.470949,-0.0689,6.852699,-0.000000,-0.000000,5.0000,-0.329251,1.248408,283.4987,0,1,clay,1.0000,0.500000,0,0,0.000000,0.000000,0.000000,0,nan,0.00,-0.152256,0.1876,0.2185,-0.080391,-0.7986,0.44,6.68,7.56,6.75,0.130374,0.2793,-2.6690,0.008000,0.034150,-0.3826,-0.110155,0.021742,0.020474,-375.4304472170946,986.3596624916754,-59.71949375067709,-38.73689684367109,-0.004223,-0.010183,6653.6,5967.0,-0.211992,-0.040369,1.000000,2.3998,1.0000,,,,,
3.3480,1778833317.981757,279,6.821981,0.156326,0.002248,2.3256,-0.0557,-0.050809,6.856905,0.128556,0.004227,2.3172,6.839969,0.155092,0.001809,2.3818,-0.0776,-0.058310,-0.480746,-0.0829,6.839969,-0.000000,-0.000000,5.0000,-0.164431,1.277946,287.0528,0,1,clay,1.0000,0.500000,0,0,0.000000,0.000000,0.000000,0,nan,0.00,-0.155994,0.1864,0.2167,-0.082365,-0.7833,0.43,6.68,7.54,6.65,0.128556,0.2422,-2.6828,0.008000,0.119833,-0.0113,-0.113144,0.029466,0.018508,-134.78549174721422,54.0789857464614,-178.9838621059016,-37.817783160196576,-0.010723,-0.010785,6656.1,5964.5,-0.216426,-0.019468,-0.329251,2.3854,1.0000,,,,,
3.3600,1778833317.993857,280,6.866581,0.076475,0.012555,2.2921,-0.1262,-0.048616,6.884587,0.126826,0.003642,2.3003,6.884433,0.075371,0.012127,2.3636,-0.0862,-0.057275,-0.490055,-0.0836,6.884433,-0.000000,-0.000000,5.0000,1.000000,1.302869,289.9409,0,1,clay,1.0000,0.500000,0,0,0.000000,0.000000,0.000000,0,nan,0.00,-0.133266,0.1853,0.2148,-0.070365,-0.7677,0.43,6.67,7.53,6.60,0.126826,0.2087,-2.6997,0.008000,0.117735,0.4256,-0.108702,0.021573,0.028141,185.06071760552362,1481.3130612063576,-189.46480203451497,18.9269641398689,-0.009138,-0.005235,6658.5,5962.1,-0.220632,-0.013117,-0.164431,2.3674,1.0000,,,,,
3.3720,1778833318.008956,281,6.942925,0.220580,0.003364,2.2696,-0.1759,-0.049446,6.912075,0.125181,0.003073,2.2863,6.960546,0.219243,0.002959,2.3448,-0.0972,-0.052635,-0.486140,-0.0629,6.960546,-0.000000,0.000000,5.0000,-1.000000,1.313014,297.0527,0,1,clay,1.0000,0.500000,0,0,0.000000,0.000000,0.000000,0,nan,0.00,-0.155994,0.1842,0.2128,-0.082365,-0.7519,0.42,6.66,7.50,6.64,0.125181,0.1761,-2.7137,0.008000,0.152044,0.5445,-0.120644,-0.007280,0.019010,-533.8555948225084,-823.7352259594812,4.6474119387168145,94.67926997402971,0.010087,0.003277,6657.6,5963.0,-0.218967,-0.018968,1.000000,2.3485,1.0000,,,,,
3.3840,1778833318.017819,282,6.956962,0.002859,0.002772,2.2711,-0.0333,-0.054945,6.939444,0.123401,0.002445,2.2766,6.974454,0.001567,0.002354,2.3295,-0.0904,-0.056874,-0.520000,-0.0899,6.974454,-0.000000,0.000000,5.0000,1.000000,1.349621,299.4414,0,1,clay,1.0000,0.500000,0,0,0.000000,0.000000,0.000000,0,nan,0.00,-0.133266,0.1831,0.2108,-0.070365,-0.7357,0.42,6.67,7.50,6.68,0.123401,0.1401,-2.7234,0.008000,0.103572,0.7792,-0.106771,-0.000463,0.008779,-677.7504833322967,-1881.819054977233,-85.80219833132347,58.1946556667758,-0.007049,-0.002368,6666.1,5954.4,-0.233948,-0.030382,-1.000000,2.3335,1.0000,,,,,
3.3960,1778833318.029956,283,6.992797,0.110657,-0.005787,2.3269,-0.0171,-0.041270,6.966621,0.121802,0.001948,2.2593,7.010270,0.109374,-0.006174,2.3281,-0.0749,-0.050536,-0.540243,-0.0629,7.010270,0.000000,0.000000,5.0000,1.000000,1.386286,300.7755,0,1,clay,1.0000,0.500000,0,0,0.000000,0.000000,0.000000,0,nan,0.00,-0.110539,0.1820,0.2086,-0.058365,-0.7191,0.42,6.67,7.50,6.69,0.121802,0.1116,-2.7407,0.008000,0.139441,-0.5440,-0.103028,0.036791,0.045369,111.85684030163857,-320.1322235169964,-26.332824235605884,36.301672537073046,-0.002706,-0.006345,6671.3,5949.2,-0.243007,-0.058544,1.000000,2.3322,1.0000,,,,,
3.4080,1778833318.041929,284,6.969015,0.114593,0.001204,2.2753,-0.0682,-0.049917,6.993612,0.120212,0.001417,2.2442,6.986387,0.113475,0.000832,2.3172,-0.0713,-0.047476,-0.527878,-0.0509,6.986387,-0.000000,0.000000,5.0000,0.376877,1.397931,302.9150,0,1,clay,1.0000,0.500000,0,0,0.000000,0.000000,0.000000,0,nan,0.00,-0.101974,0.1809,0.2064,-0.053842,-0.7023,0.41,6.67,7.49,6.70,0.120212,0.0812,-2.7558,0.008000,0.052298,-0.1779,-0.089747,0.012329,0.014501,-494.44467887745606,-902.581165343898,11.601539683903624,26.169999229880617,0.008761,-0.006565,6668.3,5952.3,-0.237662,-0.040354,1.000000,2.3212,1.0000,,,,,
3.4200,1778833318.053761,285,7.009103,0.113168,0.003942,2.2475,-0.1075,-0.053458,7.020447,0.118457,0.000793,2.2312,7.026358,0.112057,0.003571,2.3029,-0.0762,-0.047182,-0.529594,-0.0510,7.026358,0.000000,0.000000,5.0000,0.072401,1.406415,305.9917,0,1,clay,1.0000,0.500000,0,0,0.000000,0.000000,0.000000,0,nan,0.00,-0.100328,0.1798,0.2041,-0.052973,-0.6854,0.40,6.66,7.47,6.59,0.118457,0.0455,-2.7688,0.008000,0.114715,0.8445,-0.079027,0.019420,0.024689,-394.7909815959569,-653.5921749470872,-26.685365857567902,47.709125993539416,0.016750,-0.003977,6668.7,5951.8,-0.238455,-0.039815,0.376877,2.3069,1.0000,,,,,
3.4320,1778833318.065789,286,7.078493,0.014378,-0.000094,2.2583,-0.0515,-0.046878,7.047092,0.116772,0.000251,2.2134,7.095618,0.013250,-0.000457,2.2935,-0.0717,-0.046481,-0.534358,-0.0524,7.095618,0.000000,0.000000,5.0000,1.000000,1.415044,307.0653,0,1,clay,1.0000,0.500000,0,0,0.000000,0.000000,0.000000,0,nan,0.00,-0.077601,0.1787,0.2017,-0.040973,-0.6684,0.40,6.65,7.45,6.61,0.116772,0.0144,-2.7866,0.008000,0.016953,0.5781,-0.055351,0.012951,0.013492,349.13530047186003,-285.91855282928736,-112.39310526483555,36.31280463223466,0.014806,-0.005634,6669.9,5950.6,-0.240571,-0.043748,0.072401,2.2975,1.0000,,,,,
3.4440,1778833318.077790,287,7.030847,0.145502,0.001486,2.2375,-0.1186,-0.028254,7.073568,0.115396,-0.000137,2.2025,7.047856,0.144421,0.001163,2.2823,-0.0754,-0.040040,-0.480645,-0.0335,7.047856,0.000000,0.000000,5.0000,-1.000000,1.374759,308.5706,0,1,clay,1.0000,0.500000,0,0,0.000000,0.000000,0.000000,0,nan,0.00,-0.100328,0.1776,0.1992,-0.052973,-0.6519,0.40,6.66,7.45,6.68,0.115396,-0.0078,-2.7975,0.008000,0.061856,0.2864,-0.063208,-0.009759,0.005844,712.3742098713014,-691.2739189888038,79.52299617579922,67.68868516964609,0.027794,0.001387,6656.4,5964.2,-0.216875,-0.053365,1.000000,2.2859,1.0000,,,,,
3.4560,1778833318.089764,288,7.084166,0.146655,0.003606,2.2208,-0.1037,-0.034732,7.099885,0.113969,-0.000587,2.1883,7.101083,0.145569,0.003283,2.2696,-0.0827,-0.042820,-0.498120,-0.0604,7.101083,0.000000,0.000000,5.0000,-1.000000,1.368967,311.9984,0,1,clay,1.0000,0.500000,0,0,0.000000,0.000000,0.000000,0,nan,0.00,-0.123055,0.1765,0.1967,-0.064973,-0.6355,0.39,6.66,7.45,6.71,0.113969,-0.0336,-2.8117,0.008000,0.010158,0.4371,-0.060399,-0.005791,0.018818,-268.7076444652235,1205.5914353700505,-1.8544629293860595,104.99716594766619,0.016307,0.004899,6660.7,5959.9,-0.224458,-0.041805,-1.000000,2.2733,1.0000,,,,,
3.4680,1778833318.107489,289,7.107102,0.135677,0.000393,2.1669,-0.0251,-0.022154,7.126017,0.112698,-0.000939,2.1719,7.123855,0.134635,0.000087,2.2489,-0.0753,-0.042371,-0.501738,-0.0724,7.123855,0.000000,0.000000,5.0000,-0.544344,1.371006,316.9148,0,1,clay,1.0000,0.500000,0,0,0.000000,0.000000,0.000000,0,nan,0.00,-0.135427,0.1755,0.1941,-0.071505,-0.6191,0.39,6.69,7.46,6.80,0.112698,-0.0538,-2.8281,0.008000,0.076509,-0.3441,-0.061933,0.008968,0.020349,664.751919718627,-428.43465808770884,-86.36551480646945,86.63191355555213,-0.003389,0.002892,6661.6,5959.0,-0.226035,-0.014618,-1.000000,2.2527,1.0000,,,,,
3.4800,1778833318.114879,290,7.200644,0.048427,-0.006941,2.1139,-0.0470,-0.020767,7.151990,0.111664,-0.001184,2.1616,7.217979,0.047271,-0.007243,2.2219,-0.0719,-0.040916,-0.496842,-0.0758,7.217979,0.000000,-0.000000,5.0000,1.000000,1.369214,321.0176,0,1,clay,1.0000,0.500000,0,0,0.000000,0.000000,0.000000,0,nan,0.00,-0.112700,0.1744,0.1915,-0.059505,-0.6026,0.56,6.67,7.78,6.59,0.111664,-0.0679,-2.8384,0.008000,0.153520,-0.2657,-0.070317,0.042963,0.047202,353.4574498844229,-489.19798903332463,-166.41823414309494,84.86814155718164,-0.014278,0.003359,6660.5,5960.1,-0.224095,-0.004416,-0.544344,2.2258,1.0000,,,,,
3.4920,1778833318.125868,291,7.194145,0.087430,-0.001992,2.1032,-0.0199,-0.025864,7.177808,0.110554,-0.001511,2.1470,7.211144,0.086498,-0.002262,2.1982,-0.0601,-0.035209,-0.499970,-0.0518,7.211144,0.000000,-0.000000,5.0000,1.000000,1.373608,327.8812,0,1,clay,1.0000,0.500000,0,0,0.000000,0.000000,0.000000,0,nan,0.00,-0.089972,0.1734,0.1888,-0.047505,-0.5861,0.53,6.66,7.72,6.61,0.110554,-0.0866,-2.8530,0.008000,0.104286,0.0769,-0.075446,0.026666,0.026037,-622.308268217702,-119.7125111552399,-70.9602548551163,60.793868104570635,-0.007485,0.000600,6661.3,5959.3,-0.225427,0.000240,1.000000,2.2021,1.0000,,,,,
3.5040,1778833318.137876,292,7.207688,0.122567,-0.007901,2.1165,0.0220,-0.040157,7.203472,0.109124,-0.002010,2.1349,7.224466,0.121669,-0.008165,2.1817,-0.0447,-0.033061,-0.493219,-0.0398,7.224466,0.000000,-0.000000,5.0000,-0.154933,1.371713,332.3411,0,1,clay,1.0000,0.500000,0,0,0.000000,0.000000,0.000000,0,nan,0.00,-0.093494,0.1723,0.1860,-0.049365,-0.5697,0.51,6.67,7.70,6.75,0.109124,-0.1152,-2.8651,0.008000,0.046417,0.1906,-0.088562,0.020076,0.007294,-1601.2632235642623,277.1966027092317,-51.11163889376881,-6.81328047714149,-0.001514,-0.007540,6659.5,5961.0,-0.222436,-0.014835,1.000000,2.1855,1.0000,,,,,
3.5160,1778833318.149722,293,7.172992,0.029612,-0.004949,2.1602,-0.1172,-0.045227,7.228999,0.107563,-0.002529,2.1221,7.189649,0.028640,-0.005229,2.1768,-0.0574,-0.035845,-0.489565,-0.0505,7.189649,0.000000,-0.000000,5.0000,1.000000,1.369223,333.1212,0,1,clay,1.0000,0.500000,0,0,0.000000,0.000000,0.000000,0,nan,0.00,-0.070766,0.1713,0.1832,-0.037365,-0.5533,0.49,6.68,7.65,6.69,0.107563,-0.1449,-2.8779,0.008000,0.082705,-0.0592,-0.083785,0.013399,0.014913,-473.356441312135,-1176.6671785702372,-157.87827230722735,28.220814864972525,0.004581,-0.002551,6658.6,5962.0,-0.220793,-0.031170,-0.154933,2.1806,1.0000,,,,,
3.5280,1778833318.161795,294,7.224574,0.097481,-0.004130,2.0981,-0.0057,-0.035602,7.254378,0.106135,-0.002953,2.1107,7.241023,0.096638,-0.004392,2.1609,-0.0456,-0.031770,-0.489579,-0.0298,7.241023,0.000000,-0.000000,5.0000,0.128152,1.368127,337.0085,0,1,clay,1.0000,0.500000,0,0,0.000000,0.000000,0.000000,0,nan,0.00,-0.067854,0.1703,0.1804,-0.035827,-0.5368,0.46,6.67,7.60,6.62,0.106135,-0.1692,-2.8893,0.008000,0.032139,-0.1709,-0.085315,0.026494,0.014785,-62.901416562538316,-82.25956816744906,0.09016694675297288,-5.438285481545449,0.012043,-0.007003,6658.6,5962.0,-0.220766,-0.015894,1.000000,2.1647,1.0000,,,,,
3.5400,1778833318.173826,295,7.246338,0.117656,-0.001456,2.1400,-0.0037,-0.025348,7.279611,0.104872,-0.003280,2.0979,7.262708,0.116938,-0.001704,2.1561,-0.0391,-0.030674,-0.491650,-0.0349,7.262708,-0.000000,-0.000000,5.0000,-0.818776,1.369400,338.5052,0,1,clay,1.0000,0.500000,0,0,0.000000,0.000000,0.000000,0,nan,0.00,-0.086462,0.1692,0.1775,-0.045652,-0.5204,0.46,6.66,7.57,6.59,0.104872,-0.1879,-2.9021,0.008000,0.142701,0.2091,-0.080191,0.023476,0.006502,329.3884668194932,-405.99008006977294,-148.06162984837408,-20.096119034679376,0.008057,-0.009214,6659.1,5961.5,-0.221664,-0.033132,0.128152,2.1599,1.0000,,,,,
3.5520,1778833318.185917,296,7.286933,0.131358,-0.006461,2.0956,-0.0408,-0.016072,7.304688,0.103821,-0.003485,2.0857,7.303137,0.130569,-0.006695,2.1437,-0.0421,-0.031279,-0.489267,-0.0518,7.303137,-0.000000,-0.000000,5.0000,-0.928153,1.368802,341.2870,0,1,clay,1.0000,0.500000,0,0,0.000000,0.000000,0.000000,0,nan,0.00,-0.107557,0.1682,0.1745,-0.056790,-0.5040,0.45,6.65,7.55,6.61,0.103821,-0.1997,-2.9143,0.008000,0.010850,-0.2074,-0.086799,0.033071,0.015061,544.3219706327488,-572.0142587371744,-107.00405119621594,-0.48652047326886816,-0.004075,-0.006275,6658.5,5962.1,-0.220598,-0.014195,-0.818776,2.1474,1.0000,,,,,
3.5640,1778833318.205851,297,7.341572,0.206843,-0.002434,2.0234,-0.1060,-0.009908,7.329632,0.102987,-0.003563,2.0741,7.357546,0.206051,-0.002653,2.1197,-0.0548,-0.031118,-0.484526,-0.0638,7.357546,-0.000000,-0.000000,5.0000,-1.000000,1.365953,349.3542,0,1,clay,1.0000,0.500000,0,0,0.000000,0.000000,0.000000,0,nan,0.00,-0.130284,0.1672,0.1716,-0.068790,-0.4876,0.44,6.67,7.55,6.78,0.102987,-0.2042,-2.9259,0.008000,0.076834,-0.0822,-0.096320,0.029046,0.025291,208.48147566255366,-167.6950477718524,-133.61420055672158,63.32286669662591,-0.011794,0.002999,6657.3,5963.3,-0.218487,0.003389,-0.928153,2.1234,1.0000,,,,,
3.5760,1778833318.213206,298,7.250024,0.155480,-0.007932,1.9926,-0.0678,-0.002518,7.354450,0.102183,-0.003629,2.0625,7.267976,0.154470,-0.008164,2.0941,-0.0602,-0.031683,-0.457368,-0.0774,7.267976,-0.000000,-0.000000,5.0000,-0.885385,1.346245,354.8048,0,1,clay,1.0000,0.500000,0,0,0.000000,0.000000,0.000000,0,nan,0.00,-0.150406,0.1662,0.1685,-0.079415,-0.4714,0.95,6.66,8.56,6.63,0.102183,-0.2079,-2.9375,0.008000,0.104786,-0.2167,-0.100659,0.023653,0.032055,-630.2488044699558,17.064571991065804,-196.42973475691974,90.1434998709305,-0.025445,0.008302,6650.8,5969.8,-0.207113,0.019578,-1.000000,2.0981,1.0000,,,,,
3.5880,1778833318.221768,299,7.364742,0.184283,-0.003669,2.0407,-0.0103,-0.012613,7.379116,0.101264,-0.003763,2.0499,7.382228,0.183429,-0.003894,2.0831,-0.0556,-0.032641,-0.461835,-0.0868,7.382228,-0.000000,-0.000000,5.0000,-1.000000,1.338101,356.7357,0,1,clay,1.0000,0.500000,0,0,0.000000,0.000000,0.000000,0,nan,0.00,-0.173134,0.1652,0.1655,-0.091415,-0.4554,0.86,6.66,8.38,6.61,0.101264,-0.2156,-2.9501,0.008000,0.169923,0.4392,-0.085240,0.024835,0.026522,-938.7824596461107,989.6987683343225,-260.43343899197913,69.81900900743902,-0.041453,0.005685,6651.8,5968.8,-0.208903,-0.007989,-0.885385,2.0870,1.0000,,,,,
3.6000,1778833318.233713,300,7.408801,-0.018730,-0.009848,2.0452,-0.1213,-0.012940,7.403630,0.100342,-0.003913,2.0386,7.425888,-0.019794,-0.010072,2.0750,-0.0695,-0.034548,-0.463981,-0.0996,7.425888,-0.000000,0.000000,5.0000,1.000000,1.335370,356.6347,0,1,clay,1.0000,0.500000,0,0,0.000000,0.000000,0.000000,0,nan,0.00,-0.150406,0.1642,0.1624,-0.079415,-0.4393,0.79,6.66,8.23,6.66,0.100342,-0.2242,-2.9614,0.008000,0.095696,-0.2329,-0.069287,0.001766,0.023404,-368.8222587507777,1024.3936951800733,-281.0653522992461,133.4061466035557,-0.047487,0.013831,6652.3,5968.3,-0.209728,-0.023250,-1.000000,2.0789,1.0000,,,,,
3.6120,1778833318.245804,301,7.376158,0.090068,-0.004954,2.0138,-0.0473,-0.020556,7.427999,0.099299,-0.004118,2.0268,7.392902,0.089167,-0.005158,2.0625,-0.0626,-0.029673,-0.464718,-0.0713,7.392902,-0.000000,-0.000000,5.0000,1.000000,1.336167,360.3710,0,1,clay,1.0000,0.500000,0,0,0.000000,0.000000,0.000000,0,nan,0.00,-0.127679,0.1632,0.1593,-0.067415,-0.4233,0.73,6.66,8.12,6.71,0.099299,-0.2359,-2.9732,0.008000,0.069358,0.3734,-0.066063,-0.001478,0.026198,-1354.3667153514832,-692.0564598604064,-210.47894828989587,119.31933575001094,-0.036282,0.012359,6652.4,5968.2,-0.209974,-0.016324,1.000000,2.0663,1.0000,,,,,
3.6240,1778833318.257896,302,7.464964,0.173953,0.001885,2.0351,-0.0428,-0.029905,7.452239,0.097916,-0.004509,2.0179,7.481469,0.173207,0.001683,2.0566,-0.0575,-0.028075,-0.450495,-0.0594,7.481469,-0.000000,0.000000,5.0000,-1.000000,1.323473,361.2545,0,1,clay,1.0000,0.500000,0,0,0.000000,0.000000,0.000000,0,nan,0.00,-0.150406,0.1622,0.1562,-0.079415,-0.4074,0.68,6.66,8.01,6.65,0.097916,-0.2583,-2.9821,0.008000,0.168132,0.6130,-0.067600,0.002594,0.017014,-1560.790318968505,-1569.6729548773505,-168.32763707916192,88.12766526345517,-0.024034,0.009221,6648.8,5971.8,-0.203640,-0.042768,1.000000,2.0603,1.0000,,,,,
3.6360,1778833318.269714,303,7.380247,0.070323,0.004832,2.0002,-0.0768,-0.045715,7.476352,0.096305,-0.005011,2.0040,7.396462,0.069515,0.004586,2.0449,-0.0651,-0.035589,-0.462624,-0.0873,7.396462,-0.000000,-0.000000,5.0000,1.000000,1.329957,365.2901,0,1,clay,1.0000,0.500000,0,0,0.000000,0.000000,0.000000,0,nan,0.00,-0.127679,0.1613,0.1530,-0.067415,-0.3915,0.63,6.66,7.91,6.62,0.096305,-0.2871,-2.9960,0.008000,0.078425,0.7105,-0.063286,-0.006195,0.013655,-447.1610558752375,-573.7144694636809,-209.28878944915363,76.42003135952227,-0.030112,0.007354,6651.8,5968.8,-0.208894,-0.017494,-1.000000,2.0486,1.0000,,,,,
3.6480,1778833318.281811,304,7.513017,0.101471,-0.003856,1.9389,-0.0589,-0.026962,7.500305,0.094811,-0.005375,1.9928,7.528891,0.100576,-0.004083,2.0238,-0.0604,-0.030914,-0.455260,-0.0596,7.528891,0.000000,0.000000,5.0000,0.968167,1.326802,368.1762,0,1,clay,1.0000,0.500000,0,0,0.000000,0.000000,0.000000,0,nan,0.00,-0.105675,0.1603,0.1498,-0.055797,-0.3756,0.59,6.66,7.84,6.67,0.094811,-0.3080,-3.0072,0.008000,0.035257,0.0524,-0.079533,-0.010852,0.012225,-419.08373621184376,-655.624588654757,-139.60249651247614,70.18268224915698,-0.017521,0.007219,6649.9,5970.7,-0.205617,0.012221,1.000000,2.0274,1.0000,,,,,
3.6600,1778833318.293787,305,7.602999,0.145235,0.004659,1.9853,-0.0428,-0.021793,7.524136,0.093482,-0.005649,1.9815,7.618721,0.144538,0.004450,2.0156,-0.0554,-0.027739,-0.463063,-0.0483,7.618721,0.000000,0.000000,5.0000,-1.000000,1.330457,370.0225,0,1,clay,1.0000,0.500000,0,0,0.000000,0.000000,0.000000,0,nan,0.00,-0.128402,0.1593,0.1466,-0.067797,-0.3596,0.57,6.69,7.83,6.90,0.093482,-0.3236,-3.0185,0.008000,0.089221,0.8298,-0.075509,-0.004371,0.014827,-462.50401214459873,-571.7065973611856,-98.75781838112975,66.14699622880374,-0.007974,0.006374,6651.9,5968.7,-0.209024,-0.014832,0.968167,2.0193,1.0000,,,,,
3.6720,1778833318.306933,306,7.612316,0.115446,-0.015043,1.9202,-0.0346,-0.018305,7.547820,0.092284,-0.005890,1.9700,7.627825,0.114447,-0.015259,1.9965,-0.0563,-0.031250,-0.453323,-0.0756,7.627825,0.000000,0.000000,5.0000,0.416058,1.326764,374.1559,0,1,clay,1.0000,0.500000,0,0,0.000000,0.000000,0.000000,0,nan,0.00,-0.118947,0.1584,0.1434,-0.062804,-0.3437,0.54,6.70,7.77,6.71,0.092284,-0.3375,-3.0300,0.008000,0.090374,-0.5316,-0.071206,0.012903,0.021300,385.0567395572889,2274.287299245363,-188.92616634338773,53.979842144774054,-0.022687,0.005515,6649.4,5971.2,-0.204722,0.003816,-1.000000,2.0001,1.0000,,,,,
3.6840,1778833318.317810,307,7.510074,0.161338,-0.010760,1.9143,0.0158,-0.020575,7.571353,0.091053,-0.006169,1.9569,7.525359,0.160532,-0.010961,1.9800,-0.0436,-0.028218,-0.443943,-0.0596,7.525359,0.000000,0.000000,5.0000,-1.000000,1.319875,383.0386,0,1,clay,1.0000,0.500000,0,0,0.000000,0.000000,0.000000,0,nan,0.00,-0.141674,0.1574,0.1401,-0.074804,-0.3278,0.51,6.69,7.71,6.68,0.091053,-0.3534,-3.0431,0.008000,0.038219,0.0328,-0.064924,0.028895,0.021180,-1240.5384863701645,-1163.7804084977909,-222.8570227456553,8.418335203626839,-0.024455,-0.000485,6647.0,5973.6,-0.200538,0.010079,0.416058,1.9835,1.0000,,,,,
3.6960,1778833318.329891,308,7.596252,0.082537,-0.015473,1.8292,-0.1106,-0.029918,7.594767,0.089656,-0.006473,1.9490,7.611210,0.081527,-0.015695,1.9502,-0.0580,-0.032841,-0.437019,-0.0825,7.611210,0.000000,0.000000,5.0000,1.000000,1.311837,388.1209,0,1,clay,1.0000,0.500000,0,0,0.000000,0.000000,0.000000,0,nan,0.00,-0.118947,0.1565,0.1369,-0.062804,-0.3121,0.49,6.70,7.67,6.71,0.089656,-0.3709,-3.0510,0.008000,0.089483,-0.4764,-0.083272,0.017517,0.026743,-106.53516154297283,-76.24307349987475,-216.03554245034553,42.08250107211646,-0.027747,0.005492,6645.2,5975.4,-0.197430,0.036403,-1.000000,1.9536,1.0000,,,,,
3.7080,1778833318.341787,309,7.645465,0.046666,-0.004620,1.9566,-0.0348,-0.024423,7.618038,0.088391,-0.006703,1.9363,7.660358,0.045886,-0.004825,1.9509,-0.0510,-0.028358,-0.432350,-0.0552,7.660358,0.000000,-0.000000,5.0000,1.000000,1.302368,385.6836,0,1,clay,1.0000,0.500000,0,0,0.000000,0.000000,0.000000,0,nan,0.00,-0.096219,0.1555,0.1336,-0.050804,-0.2965,0.47,6.70,7.63,6.71,0.088391,-0.3840,-3.0637,0.008000,0.081904,0.5103,-0.074441,0.033553,0.031036,-996.4471004259525,470.02302642744115,-154.1268489158916,28.73725994815163,-0.017571,0.003739,6644.0,5976.6,-0.195318,-0.024101,1.000000,1.9542,1.0000,,,,,
3.7200,1778833318.353915,310,7.661282,0.102473,-0.003708,1.9164,-0.0249,-0.043966,7.641193,0.086732,-0.007190,1.9268,7.676076,0.101732,-0.003924,1.9437,-0.0448,-0.028007,-0.415443,-0.0432,7.676076,0.000000,-0.000000,5.0000,0.198024,1.282587,387.1241,0,1,clay,1.0000,0.500000,0,0,0.000000,0.000000,0.000000,0,nan,0.00,-0.091719,0.1546,0.1303,-0.048428,-0.2811,0.45,6.69,7.60,6.65,0.086732,-0.4119,-3.0732,0.008000,0.067116,0.2531,-0.069141,0.013947,0.002031,-1549.5104825052738,563.7460076374155,-110.64453148335177,-15.63533665659952,-0.004761,-0.001970,6639.7,5980.9,-0.187807,-0.018250,1.000000,1.9469,1.0000,,,,,
3.7320,1778833318.365764,311,7.714318,0.080797,-0.010862,1.8691,-0.0876,-0.038383,7.664235,0.084909,-0.007687,1.9167,7.728916,0.079883,-0.011088,1.9287,-0.0514,-0.029391,-0.413157,-0.0469,7.728916,0.000000,-0.000000,5.0000,1.000000,1.270728,389.9648,0,1,clay,1.0000,0.500000,0,0,0.000000,0.000000,0.000000,0,nan,0.00,-0.068992,0.1537,0.1270,-0.036428,-0.2658,0.44,6.69,7.57,6.69,0.084909,-0.4404,-3.0833,0.008000,0.086850,-0.5579,-0.079749,0.022285,0.022806,-573.1946810642983,-301.0291650682434,-186.01209551788605,-1.0913845444003272,0.003876,0.000604,6639.1,5981.5,-0.186710,0.005343,0.198024,1.9318,1.0000,,,,,
3.7440,1778833318.377797,312,7.643263,0.071061,-0.012202,1.9350,-0.1182,-0.029286,7.687139,0.083289,-0.008040,1.9053,7.657834,0.070076,-0.012415,1.9294,-0.0582,-0.026086,-0.404414,-0.0289,7.657834,0.000000,-0.000000,5.0000,1.000000,1.257772,391.3517,0,1,clay,1.0000,0.500000,0,0,0.000000,0.000000,0.000000,0,nan,0.00,-0.046264,0.1527,0.1237,-0.024428,-0.2507,0.43,6.68,7.54,6.62,0.083289,-0.4607,-3.0947,0.008000,0.044127,-0.7580,-0.066236,0.008198,0.019069,94.40605250714299,-720.4307251535677,8.589120626502549,40.0191871239293,0.022226,0.007317,6636.8,5983.8,-0.182801,-0.028231,1.000000,1.9324,1.0000,,,,,
3.7560,1778833318.389993,313,7.755740,0.072845,-0.008767,1.8326,-0.0552,-0.025738,7.709909,0.081760,-0.008389,1.8950,7.770155,0.071962,-0.008963,1.9101,-0.0540,-0.022877,-0.398039,-0.0169,7.770155,-0.000000,-0.000000,5.0000,0.659147,1.244948,393.8373,0,1,clay,1.0000,0.500000,0,0,0.000000,0.000000,0.000000,0,nan,0.00,-0.031284,0.1518,0.1203,-0.016518,-0.2358,0.43,6.67,7.54,6.62,0.081760,-0.4807,-3.1050,0.008000,0.029263,-0.0912,-0.065159,0.007088,0.017179,-879.564224788174,1471.2052418773148,64.00249883758846,34.32369509294726,0.033077,0.007097,6635.2,5985.4,-0.179939,0.024475,1.000000,1.9131,1.0000,,,,,
3.7680,1778833318.404890,314,7.707920,0.073700,-0.007838,1.8926,-0.0890,-0.035228,7.732555,0.080105,-0.008824,1.8838,7.722268,0.072804,-0.008034,1.9061,-0.0565,-0.022228,-0.398138,-0.0116,7.722268,0.000000,-0.000000,5.0000,0.294794,1.239128,396.7888,0,1,clay,1.0000,0.500000,0,0,0.000000,0.000000,0.000000,0,nan,0.00,-0.024584,0.1509,0.1170,-0.012980,-0.2209,0.43,6.66,7.51,6.60,0.080105,-0.5056,-3.1162,0.008000,0.128300,-0.5451,-0.060160,0.003842,0.019863,-509.0064532574991,492.77894935452053,121.40940236106778,44.155199913465694,0.044642,0.008656,6635.2,5985.4,-0.179929,-0.015363,0.659147,1.9091,1.0000,,,,,
3.7800,1778833318.413861,315,7.702209,-0.028461,-0.018076,1.8250,-0.0038,-0.025686,7.755067,0.078587,-0.009145,1.8730,7.716396,-0.029400,-0.018264,1.8898,-0.0462,-0.021068,-0.396745,-0.0108,7.716396,0.000000,-0.000000,5.0000,1.000000,1.237023,402.9244,0,1,clay,1.0000,0.500000,0,0,0.000000,0.000000,0.000000,0,nan,0.00,-0.001857,0.1500,0.1137,-0.000980,-0.2061,0.42,6.66,7.51,6.69,0.078587,-0.5240,-3.1270,0.008000,0.179868,0.0176,-0.058334,0.009668,0.014515,95.85790755042768,-1970.4067334135882,-19.15007933182106,5.104755053685736,0.041343,0.002936,6634.8,5985.8,-0.179286,0.019509,0.294794,1.8929,1.0000,,,,,
3.7920,1778833318.425831,316,7.798871,0.139771,-0.007306,1.8366,-0.0922,-0.014395,7.777461,0.077348,-0.009349,1.8630,7.812975,0.138997,-0.007465,1.8791,-0.0485,-0.016115,-0.382602,0.0065,7.812975,-0.000000,-0.000000,5.0000,-1.000000,1.221058,403.8915,0,1,clay,1.0000,0.500000,0,0,0.000000,0.000000,0.000000,0,nan,0.00,-0.024584,0.1491,0.1103,-0.012980,-0.1914,0.42,6.66,7.50,6.61,0.077348,-0.5356,-3.1370,0.008000,0.076202,0.3711,-0.053648,0.002881,0.026189,954.327986339302,1880.3932978451853,184.64815207810173,41.016440155169235,0.054907,0.009333,6631.2,5989.4,-0.173031,0.010900,1.000000,1.8820,1.0000,,,,,
3.8040,1778833318.437803,317,7.805055,0.075959,-0.006677,1.8460,-0.1057,-0.018147,7.799754,0.076210,-0.009565,1.8564,7.819059,0.075121,-0.006840,1.8722,-0.0591,-0.019443,-0.374102,-0.0205,7.819059,-0.000000,-0.000000,5.0000,-0.453614,1.206910,403.8530,0,1,clay,1.0000,0.500000,0,0,0.000000,0.000000,0.000000,0,nan,0.00,-0.034893,0.1482,0.1070,-0.018424,-0.1769,0.41,6.65,7.47,6.63,0.076210,-0.5480,-3.1436,0.008000,0.008577,0.7049,-0.031529,-0.003940,0.020291,612.2135508078377,1267.5469165339964,140.30135427112938,78.87613946263222,0.046132,0.015264,6629.0,5991.5,-0.169211,-0.004630,-1.000000,1.8750,1.0000,,,,,
3.8160,1778833318.449765,318,7.850412,0.069785,-0.011210,1.7857,-0.0736,-0.014914,7.821933,0.075225,-0.009693,1.8459,7.864267,0.068893,-0.011365,1.8549,-0.0600,-0.018874,-0.378637,-0.0218,7.864267,-0.000000,-0.000000,5.0000,0.166975,1.203980,408.4926,0,1,clay,1.0000,0.500000,0,0,0.000000,0.000000,0.000000,0,nan,0.00,-0.031098,0.1473,0.1037,-0.016420,-0.1625,0.41,6.65,7.47,6.65,0.075225,-0.5554,-3.1541,0.008000,0.034896,-0.2034,-0.049906,-0.017262,0.010352,-33.554117029162065,298.67728047978403,11.147388076575012,92.92229230960203,0.039821,0.017432,6630.1,5990.4,-0.171162,0.031146,-0.453614,1.8577,1.0000,,,,,
3.8280,1778833318.461774,319,7.778785,0.048942,-0.010144,1.8397,0.0255,-0.000167,7.844021,0.074490,-0.009699,1.8369,7.792588,0.048241,-0.010268,1.8513,-0.0444,-0.015071,-0.390493,-0.0152,7.792588,-0.000000,-0.000000,5.0000,0.814730,1.214065,412.8578,0,1,clay,1.0000,0.500000,0,0,0.000000,0.000000,0.000000,0,nan,0.00,-0.012582,0.1464,0.1003,-0.006643,-0.1479,0.40,6.65,7.45,6.63,0.074490,-0.5557,-3.1631,0.008000,0.101251,-0.1959,-0.047900,0.005996,0.025096,968.7755238612833,-156.69792890309748,-117.47923906072982,53.999778862331254,0.028028,0.011393,6633.1,5987.4,-0.176379,-0.002480,0.166975,1.8542,1.0000,,,,,
3.8400,1778833318.473810,320,7.975613,0.017881,-0.025332,1.6993,-0.0662,-0.006203,7.866011,0.073752,-0.009765,1.8310,7.989145,0.017010,-0.025432,1.8213,-0.0438,-0.010944,-0.385521,-0.0006,7.989145,-0.000000,0.000000,5.0000,1.000000,1.214993,416.1044,0,1,clay,1.0000,0.500000,0,0,0.000000,0.000000,0.000000,0,nan,0.00,0.010146,0.1456,0.0970,0.005357,-0.1333,0.39,6.66,7.44,6.70,0.073752,-0.5595,-3.1690,0.008000,0.073601,-0.6477,-0.063100,0.000272,0.018935,-790.7300899156403,269.88343579333593,80.39986697143328,74.21487593121982,0.037856,0.015235,6631.9,5988.7,-0.174206,0.073732,0.814730,1.8242,1.0000,,,,,
3.8520,1778833318.485821,321,7.989441,0.046814,-0.010885,1.9440,-0.0613,-0.018616,7.887943,0.072745,-0.010001,1.8251,8.003181,0.046150,-0.010978,1.8447,-0.0422,-0.008607,-0.362604,0.0128,8.003181,0.000000,0.000000,5.0000,0.459447,1.192873,405.9611,0,1,clay,1.0000,0.500000,0,0,0.000000,0.000000,0.000000,0,nan,0.00,0.020588,0.1447,0.0937,0.010870,-0.1190,0.39,6.65,7.44,6.63,0.072745,-0.5730,-3.1749,0.008000,0.139235,0.2371,-0.041475,0.000251,0.011946,-962.5588761967447,360.0489214289372,157.46937021265356,71.0947472756028,0.050316,0.015222,6626.1,5994.5,-0.164098,-0.072305,1.000000,1.8474,1.0000,,,,,
3.8640,1778833318.503606,322,7.882710,0.047275,-0.014447,1.8393,-0.1473,-0.022811,7.909797,0.071611,-0.010265,1.8181,7.896412,0.046444,-0.014544,1.8433,-0.0551,-0.008771,-0.337708,0.0143,7.896412,-0.000000,-0.000000,5.0000,0.354834,1.161403,408.9056,0,1,clay,1.0000,0.500000,0,0,0.000000,0.000000,0.000000,0,nan,0.00,0.028652,0.1438,0.0903,0.015128,-0.1051,0.39,6.66,7.44,6.72,0.071611,-0.5882,-3.1819,0.008000,0.079602,-0.1831,-0.024410,-0.020174,0.009436,43.45932755750505,-1719.3134189702664,199.15605481885314,126.58585305956814,0.066383,0.023642,6619.7,6000.8,-0.153026,-0.024061,0.459447,1.8459,1.0000,,,,,
3.8760,1778833318.510917,323,7.877692,0.002231,-0.006721,1.7608,-0.0370,-0.015192,7.931559,0.070713,-0.010377,1.8118,7.891933,0.001542,-0.006814,1.8269,-0.0479,-0.007176,-0.320705,0.0179,7.891933,-0.000000,-0.000000,5.0000,1.000000,1.131268,413.9302,0,1,clay,1.0000,0.500000,0,0,0.000000,0.000000,0.000000,0,nan,0.00,0.051379,0.1433,0.0860,0.027128,-0.0915,0.56,6.66,7.79,6.65,0.070713,-0.5946,-3.1882,0.008000,0.069380,0.2026,-0.036910,-0.013114,0.007209,833.0571376977673,-453.04909545021997,152.9631209598752,95.60905131403854,0.066774,0.020405,6615.5,6005.1,-0.145599,0.011243,0.354834,1.8294,1.0000,,,,,
3.8880,1778833318.521980,324,8.005416,0.084307,-0.001534,1.7846,0.0376,-0.004709,7.953224,0.069970,-0.010454,1.8032,8.019504,0.083890,-0.001598,1.8183,-0.0293,-0.002416,-0.309701,0.0349,8.019504,0.000000,0.000000,5.0000,-1.000000,1.103010,412.4796,0,1,clay,1.0000,0.500000,0,0,0.000000,0.000000,0.000000,0,nan,0.00,0.028652,0.1430,0.0819,0.015128,-0.0783,0.54,6.67,7.75,6.69,0.069970,-0.5990,-3.1968,0.008000,0.160300,1.0793,-0.029443,-0.009627,-0.001902,646.1890597979523,-325.7145337526889,257.9586169188284,29.47136475595083,0.065798,0.011686,6612.6,6008.0,-0.140612,0.008070,1.000000,1.8207,1.0000,,,,,
3.9000,1778833318.533784,325,7.965858,0.093211,-0.008211,1.7459,-0.0478,-0.009877,7.974807,0.069218,-0.010568,1.7967,7.979753,0.092672,-0.008284,1.8040,-0.0337,-0.006258,-0.287926,0.0074,7.979753,-0.000000,0.000000,5.0000,-1.000000,1.071509,417.9662,0,1,clay,1.0000,0.500000,0,0,0.000000,0.000000,0.000000,0,nan,0.00,0.005925,0.1431,0.0779,0.003128,-0.0654,0.52,6.66,7.69,6.62,0.069218,-0.6055,-3.2033,0.008000,0.050847,0.0496,-0.034553,0.000893,0.006470,822.1908537573286,287.5460631902477,217.66412237228656,30.642700400513988,0.053366,0.012811,6607.0,6013.5,-0.130880,0.025237,-1.000000,1.8062,1.0000,,,,,
3.9120,1778833318.545811,326,7.963998,0.014612,-0.016027,1.7815,0.0042,0.008243,7.996319,0.068769,-0.010502,1.7915,7.977777,0.014049,-0.016085,1.7993,-0.0286,-0.006221,-0.273631,-0.0045,7.977777,-0.000000,0.000000,5.0000,0.754126,1.042723,418.2174,0,1,clay,1.0000,0.500000,0,0,0.000000,0.000000,0.000000,0,nan,0.00,0.023064,0.1434,0.0742,0.012178,-0.0529,0.50,6.65,7.65,6.62,0.068769,-0.6017,-3.2085,0.008000,0.065600,-0.4150,-0.033298,0.019503,0.014218,767.5998977167038,550.3111259542175,79.49853919761836,17.780774727737594,0.032193,0.011422,6603.3,6017.2,-0.124441,-0.007127,-1.000000,1.8015,1.0000,,,,,
3.9240,1778833318.557777,327,8.126652,0.091696,-0.012190,1.8353,0.0022,0.013125,8.017761,0.068595,-0.010373,1.7848,8.140407,0.091311,-0.012210,1.8060,-0.0195,-0.000078,-0.259232,0.0179,8.140407,0.000000,0.000000,5.0000,-1.000000,1.010435,409.8136,0,1,clay,1.0000,0.500000,0,0,0.000000,0.000000,0.000000,0,nan,0.00,0.000337,0.1440,0.0706,0.000178,-0.0408,0.48,6.65,7.61,6.66,0.068595,-0.5943,-3.2152,0.008000,0.084149,0.0609,-0.008985,0.028155,0.018738,977.3555105962694,1375.1341906044036,70.59635472828298,15.147737892673689,0.033061,0.011343,6599.6,6020.9,-0.117966,-0.034627,0.754126,1.8080,1.0000,,,,,
3.9360,1778833318.569838,328,8.029482,0.066703,-0.019102,1.8103,0.0571,0.000954,8.039137,0.068302,-0.010352,1.7790,8.043148,0.066313,-0.019128,1.8065,-0.0106,-0.003341,-0.248963,-0.0074,8.043148,0.000000,0.000000,5.0000,-0.756032,0.986468,412.2702,0,1,clay,1.0000,0.500000,0,0,0.000000,0.000000,0.000000,0,nan,0.00,-0.016846,0.1448,0.0672,-0.008895,-0.0289,0.46,6.65,7.56,6.62,0.068302,-0.5931,-3.2210,0.008000,0.058545,-0.4198,-0.003801,0.032056,0.015259,106.13721584373616,-938.1488772645791,-79.04030985265379,-39.03162454434877,0.010748,0.003214,6596.9,6023.6,-0.113301,-0.020467,-1.000000,1.8085,1.0000,,,,,
3.9480,1778833318.581768,329,8.043431,0.054564,-0.010216,1.7536,0.0410,0.006186,8.060425,0.067990,-0.010310,1.7725,8.056955,0.054367,-0.010237,1.7960,-0.0042,-0.003776,-0.235901,-0.0146,8.056955,0.000000,0.000000,5.0000,-0.462771,0.962743,414.7470,0,1,clay,1.0000,0.500000,0,0,0.000000,0.000000,0.000000,0,nan,0.00,-0.027363,0.1459,0.0640,-0.014448,-0.0174,0.44,6.66,7.54,6.72,0.067990,-0.5907,-3.2275,0.008000,0.136462,0.9346,0.015036,0.033493,0.004728,144.38563179357214,81.76794744883193,-212.66419542566894,-63.11792102051129,-0.005792,-0.000666,6593.6,6027.0,-0.107437,0.014113,-0.756032,1.7978,1.0000,,,,,
3.9600,1778833318.601901,330,8.083902,0.029902,-0.007927,1.8078,-0.0057,0.011526,8.081637,0.067831,-0.010182,1.7644,8.097416,0.029747,-0.007937,1.7980,-0.0056,-0.003122,-0.232625,-0.0179,8.097416,0.000000,0.000000,5.0000,0.475643,0.946166,412.1916,0,1,clay,1.0000,0.500000,0,0,0.000000,0.000000,0.000000,0,nan,0.00,-0.016553,0.1472,0.0609,-0.008740,-0.0060,0.43,6.68,7.54,6.82,0.067831,-0.5834,-3.2356,0.008000,0.104034,0.2241,-0.008680,0.037778,0.013337,222.91720775434462,523.9912942597034,-279.0289961364794,-47.68115150838537,-0.013306,0.002199,6592.7,6027.9,-0.105906,-0.017465,-0.462771,1.7998,1.0000,,,,,
3.9720,1778833318.609288,331,8.137630,0.085113,-0.002083,1.7932,-0.0417,0.011145,8.102759,0.067764,-0.010064,1.7578,8.152996,0.085010,-0.002074,1.7965,-0.0093,-0.000134,-0.222973,-0.0047,8.152996,0.000000,0.000000,5.0000,-1.000000,0.927435,410.8634,0,1,clay,1.0000,0.500000,0,0,0.000000,0.000000,0.000000,0,nan,0.00,-0.039281,0.1487,0.0580,-0.020740,0.0051,0.93,6.66,8.53,6.56,0.067764,-0.5766,-3.2422,0.008000,0.074682,0.7642,-0.011062,0.036089,0.011713,-65.67470272958883,1436.6648270348392,-243.46717719195098,-10.810900309840662,-0.005237,0.008316,6590.5,6030.1,-0.102022,-0.010131,0.475643,1.7985,1.0000,,,,,
3.9840,1778833318.617834,332,8.131974,0.141185,-0.014015,1.6930,-0.0172,0.002389,8.123811,0.067515,-0.010061,1.7524,8.146849,0.140853,-0.014024,1.7762,-0.0145,-0.004427,-0.221836,-0.0291,8.146849,0.000000,0.000000,5.0000,-1.000000,0.918687,419.7754,0,1,clay,1.0000,0.500000,0,0,0.000000,0.000000,0.000000,0,nan,0.00,-0.062008,0.1504,0.0552,-0.032740,0.0161,0.85,6.65,8.36,6.60,0.067515,-0.5764,-3.2476,0.008000,0.157649,-0.3715,-0.016727,0.026623,0.007531,-1730.4508071712785,127.92496584672955,-273.79664912201895,-6.718486550395255,-0.016421,0.009104,6590.1,6030.5,-0.101377,0.042417,-1.000000,1.7781,1.0000,,,,,
3.9960,1778833318.629817,333,8.161128,-0.056522,0.003140,1.7607,0.0011,-0.004291,8.144817,0.067224,-0.010044,1.7490,8.175705,-0.056622,0.003112,1.7730,-0.0152,-0.007745,-0.204727,-0.0410,8.175705,0.000000,-0.000000,5.0000,1.000000,0.898349,418.0534,0,1,clay,1.0000,0.500000,0,0,0.000000,0.000000,0.000000,0,nan,0.00,-0.039281,0.1523,0.0526,-0.020740,0.0269,0.78,6.65,8.21,6.63,0.067224,-0.5755,-3.2510,0.008000,0.142581,0.2854,-0.012616,0.025504,0.013615,2.8011284426736154,1307.21268800089,-346.7393238157641,-24.90900013974212,-0.028620,0.006441,6585.7,6034.8,-0.093728,-0.003408,-1.000000,1.7747,1.0000,,,,,
4.0080,1778833318.641726,334,8.152050,0.100431,-0.014974,1.7795,-0.0299,-0.001136,8.165755,0.067048,-0.009979,1.7411,8.166397,0.100085,-0.014987,1.7739,-0.0136,-0.003285,-0.214035,-0.0127,8.166397,0.000000,-0.000000,5.0000,-0.641938,0.894802,418.4783,0,1,clay,1.0000,0.500000,0,0,0.000000,0.000000,0.000000,0,nan,0.00,-0.053870,0.1544,0.0501,-0.028443,0.0376,0.72,6.66,8.09,6.68,0.067048,-0.5717,-3.2589,0.008000,0.015813,-0.3474,0.000430,0.020334,0.010627,-1080.310469285085,280.6756371370454,-267.2541716864913,-13.07188735838426,-0.013968,0.008234,6588.0,6032.6,-0.097712,-0.011764,1.000000,1.7756,1.0000,,,,,
4.0200,1778833318.653828,335,8.202229,0.026511,0.002080,1.7437,0.0534,-0.009627,8.186623,0.066643,-0.010066,1.7374,8.216352,0.026452,0.002043,1.7678,-0.0070,-0.007587,-0.206952,-0.0336,8.216352,0.000000,-0.000000,5.0000,0.487951,0.887352,417.2881,0,1,clay,1.0000,0.500000,0,0,0.000000,0.000000,0.000000,0,nan,0.00,-0.042780,0.1567,0.0477,-0.022588,0.0483,0.66,6.65,7.98,6.63,0.066643,-0.5767,-3.2626,0.008000,0.048559,1.0764,-0.002515,0.029871,0.008975,-926.2433599650409,128.66544365544132,-340.6696659793744,-66.65382626349694,-0.027129,-0.000980,6586.2,6034.4,-0.094532,0.002633,-0.641938,1.7695,1.0000,,,,,
4.0320,1778833318.665788,336,8.265262,0.018484,-0.006769,1.7784,-0.0460,-0.012244,8.207432,0.066078,-0.010217,1.7324,8.279234,0.018243,-0.006810,1.7696,-0.0114,-0.006492,-0.199234,-0.0187,8.279234,-0.000000,-0.000000,5.0000,1.000000,0.875408,413.8180,0,1,clay,1.0000,0.500000,0,0,0.000000,0.000000,0.000000,0,nan,0.00,-0.020053,0.1592,0.0454,-0.010588,0.0588,0.62,6.64,7.89,6.60,0.066078,-0.5854,-3.2676,0.008000,0.088414,0.3122,-0.008909,0.023880,0.013697,-725.1855700514758,146.57725012749825,-309.2787746753381,-51.56465654891989,-0.014371,0.001951,6584.2,6036.4,-0.091062,-0.013857,0.487951,1.7712,1.0000,,,,,
4.0440,1778833318.677827,337,8.135182,-0.018030,-0.015030,1.6437,0.0269,-0.014269,8.228180,0.065352,-0.010437,1.7280,8.148829,-0.018321,-0.015070,1.7450,-0.0031,-0.004549,-0.194425,-0.0028,8.148829,0.000000,0.000000,5.0000,1.000000,0.869852,427.8146,0,1,clay,1.0000,0.500000,0,0,0.000000,0.000000,0.000000,0,nan,0.00,0.002674,0.1618,0.0432,0.001412,0.0692,0.59,6.64,7.81,6.60,0.065352,-0.5980,-3.2720,0.008000,0.118864,0.2540,-0.035127,0.018000,0.006628,-741.0900874634079,-1.0681120557837858,-215.63734537613826,-80.64184349413816,-0.004329,-0.004087,6582.9,6037.6,-0.088868,0.054979,1.000000,1.7465,1.0000,,,,,
4.0560,1778833318.689997,338,8.314263,0.038447,-0.020026,1.6798,0.0088,-0.017118,8.248873,0.064634,-0.010636,1.7230,8.327700,0.038112,-0.020069,1.7320,0.0011,-0.003262,-0.203860,0.0092,8.327700,-0.000000,-0.000000,5.0000,0.800631,0.872069,425.7608,0,1,clay,1.0000,0.500000,0,0,0.000000,0.000000,0.000000,0,nan,0.00,0.020870,0.1646,0.0411,0.011020,0.0797,0.56,6.70,7.82,7.07,0.064634,-0.6094,-3.2770,0.008000,0.078778,-0.5392,-0.038836,0.017051,0.006846,-335.08686182993034,-295.9519413097593,-121.18872399040123,-93.93344889827512,0.008562,-0.007566,6585.3,6035.3,-0.092991,0.026844,1.000000,1.7336,1.0000,,,,,
4.0680,1778833318.702773,339,8.292507,0.125574,-0.009196,1.7869,0.0201,-0.019176,8.269511,0.063935,-0.010833,1.7193,8.306035,0.125411,-0.009243,1.7424,0.0059,-0.002647,-0.187359,0.0172,8.306035,-0.000000,-0.000000,5.0000,-1.000000,0.858232,424.0565,0,1,clay,1.0000,0.500000,0,0,0.000000,0.000000,0.000000,0,nan,0.00,-0.001857,0.1675,0.0391,-0.000980,0.0900,0.53,6.69,7.75,6.61,0.063935,-0.6207,-3.2807,0.008000,0.099506,-0.0542,-0.030797,0.021486,0.003596,718.3940382070577,-404.74894501690727,-48.582686907547895,-113.2641883865771,0.017909,-0.011935,6581.1,6039.4,-0.085714,-0.028418,0.800631,1.7439,1.0000,,,,,
4.0800,1778833318.713823,340,8.253354,0.048612,-0.016136,1.6586,0.0329,-0.013771,8.290113,0.063264,-0.011008,1.7158,8.266642,0.048352,-0.016202,1.7260,0.0061,-0.007221,-0.182683,-0.0087,8.266642,-0.000000,-0.000000,5.0000,-0.404086,0.849657,429.5930,0,1,clay,1.0000,0.500000,0,0,0.000000,0.000000,0.000000,0,nan,0.00,-0.011041,0.1731,0.0373,-0.005830,0.1002,0.50,6.68,7.69,6.65,0.063264,-0.6307,-3.2842,0.008000,0.086719,-0.8049,-0.046827,0.035155,0.006684,297.3073280006116,-18.027409587846023,-147.8543488486266,-125.37001303740742,0.003401,-0.016039,6579.9,6040.7,-0.083578,0.047197,-1.000000,1.7274,1.0000,,,,,
4.0920,1778833318.725883,341,8.392352,0.027768,-0.016121,1.7125,-0.0126,0.007320,8.310670,0.062949,-0.010971,1.7126,8.405543,0.027507,-0.016169,1.7235,0.0024,-0.005735,-0.126786,-0.0089,8.405543,-0.000000,0.000000,5.0000,0.560951,0.793943,422.5422,0,1,clay,1.0000,0.500000,0,0,0.000000,0.000000,0.000000,0,nan,0.00,0.001708,0.1790,0.0355,0.000902,0.1097,0.48,6.68,7.65,6.66,0.062949,-0.6286,-3.2874,0.008000,0.127979,-0.0948,-0.029457,0.033085,0.011610,819.8020565704153,1045.1734612410723,-241.89592026420644,-100.65006205381451,-0.002180,-0.010133,6565.7,6054.8,-0.058852,0.000331,-0.404086,1.7245,1.0000,,,,,
4.1040,1778833318.737792,342,8.217425,0.037505,-0.012451,1.6914,0.0121,0.008506,8.331170,0.062737,-0.010923,1.7072,8.230529,0.037352,-0.012473,1.7172,0.0056,-0.001683,-0.118549,0.0052,8.230529,0.000000,-0.000000,5.0000,0.234232,0.760713,431.6424,0,1,clay,1.0000,0.500000,0,0,0.000000,0.000000,0.000000,0,nan,0.00,0.007032,0.1851,0.0338,0.003713,0.1188,0.47,6.67,7.62,6.59,0.062737,-0.6258,-3.2928,0.008000,0.166409,-0.8473,-0.034407,0.031305,0.013014,273.591423731161,-274.2673990819021,-224.46086231154698,-89.52500273820738,0.000967,-0.007928,6563.5,6057.0,-0.055019,0.018708,0.560951,1.7181,1.0000,,,,,
4.1160,1778833318.749769,343,8.306390,0.020062,-0.006864,1.6847,0.0216,-0.010160,8.351629,0.062297,-0.011040,1.7049,8.319368,0.019996,-0.006891,1.7107,0.0081,-0.002039,-0.117575,0.0055,8.319368,-0.000000,-0.000000,5.0000,0.327097,0.740517,430.2789,0,1,clay,1.0000,0.500000,0,0,0.000000,0.000000,0.000000,0,nan,0.00,0.014466,0.1914,0.0321,0.007638,0.1277,0.46,6.67,7.58,6.67,0.062297,-0.6325,-3.2951,0.008000,0.084232,0.4842,-0.040833,0.033488,0.009053,-1043.5954101279367,-395.9662854725205,-236.55889924768724,-100.32842540005498,0.003158,-0.010818,6563.2,6057.4,-0.054461,0.019574,0.234232,1.7116,1.0000,,,,,
4.1280,1778833318.761776,344,8.344668,0.084834,-0.018561,1.7314,-0.0209,-0.018387,8.372056,0.061624,-0.011257,1.7019,8.357617,0.084562,-0.018599,1.7146,0.0045,-0.002672,-0.108700,0.0101,8.357617,-0.000000,-0.000000,5.0000,-1.000000,0.720607,427.7918,0,1,clay,1.0000,0.500000,0,0,0.000000,0.000000,0.000000,0,nan,0.00,-0.008262,0.1979,0.0306,-0.004362,0.1364,0.44,6.66,7.54,6.60,0.061624,-0.6450,-3.2981,0.008000,0.077145,-1.1370,-0.031617,0.022552,0.009711,-968.6763077920086,129.22494968045817,-151.1916431704663,-96.58122779624557,0.012850,-0.009897,6560.9,6059.7,-0.050464,-0.007721,0.327097,1.7155,1.0000,,,,,
4.1400,1778833318.773798,345,8.402577,0.146335,-0.016255,1.7050,-0.0911,-0.013108,8.392438,0.060957,-0.011426,1.6957,8.415455,0.145930,-0.016313,1.7126,-0.0129,-0.007060,-0.103753,-0.0119,8.415455,-0.000000,0.000000,5.0000,-1.000000,0.705001,427.6160,0,1,clay,1.0000,0.500000,0,0,0.000000,0.000000,0.000000,0,nan,0.00,-0.030989,0.2047,0.0291,-0.016362,0.1448,0.43,6.65,7.51,6.61,0.060957,-0.6547,-3.3043,0.008000,0.141953,-0.5040,-0.036222,0.005225,0.005319,185.2323381320973,-415.53599001087287,-63.66180879531822,-50.66411969606382,0.012491,-0.000233,6559.6,6061.0,-0.048204,0.032418,-1.000000,1.7134,1.0000,,,,,
4.1520,1778833318.785767,346,8.437083,0.097598,-0.007845,1.7382,0.0434,-0.000320,8.412747,0.060570,-0.011429,1.6866,8.449951,0.097366,-0.007903,1.7175,-0.0068,-0.008515,-0.098955,-0.0239,8.449951,-0.000000,0.000000,5.0000,-1.000000,0.691022,422.8145,0,1,clay,1.0000,0.500000,0,0,0.000000,0.000000,0.000000,0,nan,0.00,-0.053716,0.2115,0.0277,-0.028362,0.1531,0.42,6.65,7.49,6.63,0.060570,-0.6549,-3.3134,0.008000,0.165085,0.4400,-0.007298,0.001400,-0.004193,442.7718919707107,-405.69215127742166,-263.4134560629393,-74.32411742620137,-0.007643,-0.005142,6558.4,6062.2,-0.046024,0.024009,-1.000000,1.7182,1.0000,,,,,
4.1640,1778833318.800965,347,8.433616,0.017683,-0.018550,1.5952,0.0331,0.010967,8.433039,0.060459,-0.011313,1.6904,8.446282,0.017371,-0.018597,1.6937,-0.0038,-0.008847,-0.094998,-0.0358,8.446282,-0.000000,0.000000,5.0000,1.000000,0.682326,430.6676,0,1,clay,1.0000,0.500000,0,0,0.000000,0.000000,0.000000,0,nan,0.00,-0.030989,0.2186,0.0264,-0.016362,0.1613,0.42,6.65,7.49,6.70,0.060459,-0.6482,-3.3096,0.008000,0.069245,0.1057,-0.017189,0.011466,0.005452,561.64324816089,1542.564352679521,-386.73758186671307,-73.61481252056163,-0.027011,-0.005848,6557.3,6063.2,-0.044227,0.076044,-1.000000,1.6944,1.0000,,,,,
4.1760,1778833318.809785,348,8.451017,-0.013036,-0.008716,1.6400,-0.1130,0.009362,8.453314,0.060369,-0.011235,1.6897,8.463590,-0.013311,-0.008735,1.6832,-0.0169,-0.003363,-0.092036,-0.0089,8.463590,-0.000000,0.000000,5.0000,1.000000,0.675672,433.6828,0,1,clay,1.0000,0.500000,0,0,0.000000,0.000000,0.000000,0,nan,0.00,-0.008262,0.2258,0.0251,-0.004362,0.1694,0.41,6.64,7.46,6.59,0.060369,-0.6437,-3.3103,0.008000,0.140067,0.0454,-0.039826,-0.009978,0.013390,75.41888045126493,62.463034068895126,-259.4640673381241,12.565154546974227,-0.003994,0.010079,6556.6,6064.0,-0.042887,0.044457,1.000000,1.6839,1.0000,,,,,
4.1880,1778833318.821828,349,8.444716,-0.023795,-0.016774,1.6424,-0.0229,-0.014445,8.473565,0.059975,-0.011338,1.6840,8.457211,-0.024172,-0.016798,1.6749,-0.0151,-0.002380,-0.120257,0.0031,8.457211,-0.000000,0.000000,5.0000,1.000000,0.697374,438.1687,0,1,clay,1.0000,0.500000,0,0,0.000000,0.000000,0.000000,0,nan,0.00,0.014466,0.2331,0.0239,0.007638,0.1778,0.41,6.64,7.45,6.60,0.059975,-0.6496,-3.3160,0.008000,0.069032,0.0086,-0.031861,-0.016361,0.008624,-460.327416008676,-118.6104668798364,-119.34017020876655,-8.181435823149329,0.010965,0.007964,6563.7,6056.9,-0.055324,0.066171,1.000000,1.6759,1.0000,,,,,
4.2000,1778833318.833767,350,8.507802,0.099847,-0.009122,1.6197,-0.0690,-0.025072,8.493793,0.059263,-0.011595,1.6849,8.520196,0.099491,-0.009159,1.6642,-0.0198,-0.002373,-0.107199,0.0151,8.520196,0.000000,0.000000,5.0000,-1.000000,0.696500,439.8429,0,1,clay,1.0000,0.500000,0,0,0.000000,0.000000,0.000000,0,nan,0.00,-0.008262,0.2406,0.0228,-0.004362,0.1862,0.40,6.64,7.44,6.62,0.059263,-0.6644,-3.3151,0.008000,0.103224,0.4367,-0.045864,-0.022306,0.004113,-1266.4743665326587,-1896.4678046940278,75.7338970129042,3.9690075399239646,0.032733,0.009499,6560.4,6060.1,-0.049625,0.059637,1.000000,1.6650,1.0000,,,,,
4.2120,1778833318.845817,351,8.584973,0.102864,-0.006122,1.6913,-0.1425,-0.023219,8.514023,0.058420,-0.011873,1.6872,8.597399,0.102338,-0.006192,1.6694,-0.0405,-0.008416,-0.090341,-0.0118,8.597399,0.000000,0.000000,5.0000,-1.000000,0.679805,433.8784,0,1,clay,1.0000,0.500000,0,0,0.000000,0.000000,0.000000,0,nan,0.00,-0.030989,0.2483,0.0217,-0.016362,0.1943,0.40,6.63,7.44,6.61,0.058420,-0.6803,-3.3128,0.008000,0.194744,0.3735,-0.035241,-0.046269,-0.001164,-447.1738511663588,228.8713547416014,179.5113397880235,76.41027912911395,0.036593,0.019548,6556.2,6064.4,-0.042178,0.016046,-1.000000,1.6701,1.0000,,,,,
4.2240,1778833318.857824,352,8.505367,0.060511,-0.021828,1.6734,-0.0589,-0.012352,8.534262,0.057865,-0.011948,1.6855,8.517784,0.059753,-0.021909,1.6701,-0.0441,-0.011068,-0.075997,-0.0238,8.517784,0.000000,0.000000,5.0000,0.250120,0.660534,435.7762,0,1,clay,1.0000,0.500000,0,0,0.000000,0.000000,0.000000,0,nan,0.00,-0.025304,0.2560,0.0206,-0.013361,0.2022,0.40,6.64,7.45,6.70,0.057865,-0.6846,-3.3145,0.008000,0.043827,-0.8442,-0.028239,-0.051852,-0.003581,920.5175489719425,-182.74109922884668,78.41276243480155,87.12688842432712,0.025747,0.020133,6552.5,6068.1,-0.035789,-0.018090,-1.000000,1.6707,1.0000,,,,,
4.2360,1778833318.869859,353,8.546201,0.056631,-0.024156,1.7450,-0.0490,0.005321,8.554511,0.057616,-0.011867,1.6881,8.558755,0.055886,-0.024214,1.6846,-0.0420,-0.007575,-0.059116,-0.0115,8.558755,0.000000,0.000000,5.0000,0.746651,0.632922,428.1410,0,1,clay,1.0000,0.500000,0,0,0.000000,0.000000,0.000000,0,nan,0.00,-0.008335,0.2639,0.0197,-0.004401,0.2098,0.41,6.64,7.45,6.61,0.057616,-0.6799,-3.3119,0.008000,0.030145,-0.3031,-0.018648,-0.046261,0.002454,917.4636652485133,1283.4989781779893,-36.39350267133959,117.62958381765091,0.024962,0.022766,6548.2,6072.4,-0.028277,-0.009246,0.250120,1.6851,1.0000,,,,,
4.2480,1778833318.881870,354,8.640326,0.033929,-0.009000,1.7305,-0.0199,-0.011375,8.574750,0.057182,-0.011947,1.6861,8.652937,0.033430,-0.009053,1.6934,-0.0351,-0.005664,-0.065137,0.0012,8.652937,0.000000,0.000000,5.0000,0.732333,0.619537,421.0174,0,1,clay,1.0000,0.500000,0,0,0.000000,0.000000,0.000000,0,nan,0.00,0.008309,0.2718,0.0187,0.004387,0.2173,0.41,6.63,7.44,6.57,0.057182,-0.6845,-3.3139,0.008000,0.119514,0.4595,-0.008367,-0.023068,0.009103,-1122.1142210741561,-802.8078796204016,83.91913503064177,81.38518967312274,0.030686,0.018315,6549.7,6070.9,-0.030842,0.003436,0.746651,1.6939,1.0000,,,,,
4.2600,1778833318.899242,355,8.640086,0.027704,-0.007585,1.6232,-0.0175,-0.021392,8.595005,0.056529,-0.012135,1.6888,8.652561,0.027257,-0.007645,1.6798,-0.0292,-0.005255,-0.057962,0.0098,8.652561,0.000000,0.000000,5.0000,0.572494,0.607444,425.6529,0,1,clay,1.0000,0.500000,0,0,0.000000,0.000000,0.000000,0,nan,0.00,0.021320,0.2799,0.0178,0.011257,0.2246,0.40,6.64,7.44,6.69,0.056529,-0.6953,-3.3112,0.008000,0.068753,0.0670,-0.027364,-0.023457,0.006328,-763.1927671309237,-537.6449018484047,163.38761756908175,42.7785440765535,0.038850,0.012693,6547.8,6072.8,-0.027624,0.065714,0.732333,1.6802,1.0000,,,,,
4.2720,1778833318.906464,356,8.550310,0.157053,-0.009131,1.6891,0.0764,-0.019479,8.615301,0.055793,-0.012339,1.6928,8.563163,0.156726,-0.009195,1.6816,-0.0106,-0.004557,-0.039612,0.0156,8.563163,0.000000,0.000000,5.0000,-1.000000,0.586694,431.5112,0,1,clay,1.0000,0.500000,0,0,0.000000,0.000000,0.000000,0,nan,0.00,-0.001407,0.2880,0.0170,-0.000743,0.2316,0.50,6.63,7.63,6.56,0.055793,-0.7070,-3.3072,0.008000,0.158680,0.5930,-0.002254,-0.003281,0.005227,122.1473755030245,5.274971678356337,115.09053653792111,-44.869814612684934,0.033805,-0.002399,6543.2,6077.4,-0.019540,0.023462,0.572494,1.6819,1.0000,,,,,
4.2840,1778833318.917750,357,8.678989,0.101422,-0.016263,1.6473,0.0179,-0.009022,8.635611,0.055296,-0.012384,1.6910,8.691689,0.101024,-0.016336,1.6750,-0.0092,-0.007998,-0.023272,-0.0083,8.691689,0.000000,-0.000000,5.0000,-1.000000,0.559667,425.7803,0,1,clay,1.0000,0.500000,0,0,0.000000,0.000000,0.000000,0,nan,0.00,-0.024134,0.2962,0.0161,-0.012743,0.2383,0.48,6.64,7.60,6.71,0.055296,-0.7096,-3.3090,0.008000,0.127444,-0.4121,0.001269,0.005946,-0.007074,635.7527098484529,672.2213013618302,-5.254048702962237,-60.06420092878775,0.017111,-0.005787,6539.0,6081.6,-0.012240,0.066168,-1.000000,1.6752,1.0000,,,,,
4.2960,1778833318.929760,358,8.692656,0.042779,-0.016071,1.6817,-0.0087,0.005112,8.655941,0.055069,-0.012296,1.6953,8.705347,0.042392,-0.016136,1.6765,-0.0113,-0.008600,-0.000682,-0.0203,8.705347,0.000000,-0.000000,5.0000,0.121853,0.524568,423.1786,0,1,clay,1.0000,0.500000,0,0,0.000000,0.000000,0.000000,0,nan,0.00,-0.021365,0.3045,0.0154,-0.011281,0.2446,0.47,6.64,7.57,6.62,0.055069,-0.7045,-3.3047,0.008000,0.098785,0.0553,0.013581,0.000182,-0.010237,1161.660070046993,-496.027404420077,-191.31060494468153,-38.94426197321506,0.001706,-0.002654,6533.2,6087.4,-0.002173,0.037738,-1.000000,1.6765,1.0000,,,,,
4.3080,1778833318.941859,359,8.574480,0.046482,-0.008905,1.6468,-0.0257,0.005894,8.676304,0.054938,-0.012184,1.6988,8.587110,0.046202,-0.008949,1.6709,-0.0123,-0.005720,0.019818,-0.0104,8.587110,0.000000,0.000000,5.0000,0.080701,0.491373,429.6828,0,1,clay,1.0000,0.500000,0,0,0.000000,0.000000,0.000000,0,nan,0.00,-0.019531,0.3127,0.0146,-0.010312,0.2505,0.46,6.63,7.56,6.62,0.054938,-0.6981,-3.3012,0.008000,0.122388,0.0281,0.017295,0.016670,0.010777,246.79816792827293,410.1770413287049,-222.44529604237223,-3.732367655678587,0.002307,0.002001,6527.9,6092.6,0.006999,0.062666,0.121853,1.6707,1.0000,,,,,
4.3200,1778833318.953772,360,8.709736,0.086781,-0.016049,1.7001,0.0526,-0.006977,8.696732,0.054546,-0.012223,1.7039,8.722354,0.086496,-0.016093,1.6766,-0.0025,-0.005589,0.028311,-0.0097,8.722354,0.000000,-0.000000,5.0000,-1.000000,0.461761,422.3116,0,1,clay,1.0000,0.500000,0,0,0.000000,0.000000,0.000000,0,nan,0.00,-0.042258,0.3210,0.0139,-0.022312,0.2560,0.45,6.63,7.53,6.62,0.054546,-0.7003,-3.2961,0.008000,0.055326,-0.5166,0.016068,0.040949,0.010086,-1189.4285537827288,718.2924014690927,-270.0861621385613,-57.582722660959014,-0.004186,-0.005846,6525.7,6094.8,0.010867,0.031716,0.080701,1.6764,1.0000,,,,,
4.3320,1778833318.965806,361,8.717023,0.050443,-0.013553,1.8614,0.0569,-0.001709,8.717215,0.054098,-0.012262,1.7089,8.729872,0.050237,-0.013604,1.7125,0.0027,-0.008481,0.041215,-0.0298,8.729872,0.000000,-0.000000,5.0000,-0.050190,0.430325,408.9165,0,1,clay,1.0000,0.500000,0,0,0.000000,0.000000,0.000000,0,nan,0.00,-0.043399,0.3290,0.0133,-0.022915,0.2612,0.44,6.64,7.51,6.70,0.054098,-0.7026,-3.2911,0.008000,0.032393,0.5422,0.049687,0.053250,0.011744,60.928171923797464,402.3694585768195,-421.55428457010225,-102.16111527966012,-0.023601,-0.011380,6522.4,6098.2,0.016668,-0.035563,-1.000000,1.7122,1.0000,,,,,
4.3440,1778833318.977786,362,8.680478,0.068720,-0.009084,1.7064,-0.0388,0.009916,8.737727,0.053908,-0.012149,1.7107,8.693299,0.068539,-0.009117,1.7115,-0.0040,-0.006148,0.051392,-0.0233,8.693299,0.000000,-0.000000,5.0000,-0.341498,0.405662,410.5512,0,1,clay,1.0000,0.500000,0,0,0.000000,0.000000,0.000000,0,nan,0.00,-0.051160,0.3367,0.0126,-0.027013,0.2661,0.43,6.64,7.49,6.61,0.053908,-0.6961,-3.2893,0.008000,0.051631,0.9103,0.032377,0.039638,0.009732,404.89223356431455,-65.69929013394125,-372.22253281521,-39.12672996028046,-0.021350,-0.002876,6519.8,6100.8,0.021268,0.048229,-0.050190,1.7111,1.0000,,,,,
4.3560,1778833318.997758,363,8.741093,0.094573,-0.009493,1.7267,0.0014,0.010438,8.758293,0.053754,-0.012054,1.7164,8.753900,0.094400,-0.009516,1.7146,-0.0050,-0.005791,0.059172,-0.0296,8.753900,-0.000000,-0.000000,5.0000,-1.000000,0.383165,407.6836,0,1,clay,1.0000,0.500000,0,0,0.000000,0.000000,0.000000,0,nan,0.00,-0.073887,0.3442,0.0120,-0.039013,0.2707,0.42,6.65,7.48,6.71,0.053754,-0.6906,-3.2836,0.008000,0.105330,0.0072,0.027251,0.032709,0.008763,-119.90958164927562,558.5427902509508,-409.87095413215314,-19.230912026078357,-0.027791,-0.000461,6517.7,6102.8,0.024788,0.042038,-0.341498,1.7141,1.0000,,,,,
4.3680,1778833319.005009,364,8.737712,-0.009711,-0.014118,1.7442,-0.0651,-0.005850,8.778948,0.053407,-0.012078,1.7243,8.752226,-0.010125,-0.014169,1.7206,-0.0185,-0.010586,0.076934,-0.0475,8.752226,-0.000000,-0.000000,5.0000,1.000000,0.354999,404.9883,0,1,clay,1.0000,0.500000,0,0,0.000000,0.000000,0.000000,0,nan,0.00,-0.051160,0.3514,0.0114,-0.027013,0.2749,0.90,6.64,8.43,6.59,0.053407,-0.6920,-3.2757,0.008000,0.088738,-0.3408,0.045975,0.013568,0.004917,-1368.111461647264,-59.505466626296084,-469.6652440559051,39.285787446197844,-0.031267,0.005827,6513.3,6107.3,0.032541,0.025453,-1.000000,1.7199,1.0000,,,,,
4.3800,1778833319.013774,365,8.823312,0.092023,-0.011692,1.7543,-0.0604,-0.006318,8.799687,0.052953,-0.012149,1.7304,8.837603,0.091620,-0.011730,1.7273,-0.0208,-0.006352,0.087231,-0.0187,8.837603,-0.000000,-0.000000,5.0000,-0.352361,0.326130,400.3797,0,1,clay,1.0000,0.500000,0,0,0.000000,0.000000,0.000000,0,nan,0.00,-0.059168,0.3584,0.0109,-0.031241,0.2788,0.82,6.64,8.28,6.64,0.052953,-0.6961,-3.2696,0.008000,0.110605,-0.1170,0.048940,0.001060,0.015419,-435.235031666286,-145.3829593378698,-411.7596350178259,86.10473541992508,-0.012891,0.010242,6510.6,6109.9,0.037218,0.026183,1.000000,1.7266,1.0000,,,,,
4.3920,1778833319.025793,366,8.825060,0.057342,-0.006468,1.7263,0.0448,-0.003720,8.820504,0.052486,-0.012212,1.7385,8.839131,0.057087,-0.006515,1.7273,-0.0135,-0.008680,0.099834,-0.0341,8.839131,-0.000000,-0.000000,5.0000,0.069709,0.299964,399.5058,0,1,clay,1.0000,0.500000,0,0,0.000000,0.000000,0.000000,0,nan,0.00,-0.057584,0.3651,0.0104,-0.030404,0.2824,0.75,6.65,8.16,6.71,0.052486,-0.6997,-3.2615,0.008000,0.051596,0.6112,0.053811,0.008319,0.013102,-240.9574578277946,435.12833992473855,-417.42042295386216,11.611924308717235,-0.024206,0.002529,6507.4,6113.2,0.042907,0.051209,-0.352361,1.7265,1.0000,,,,,
4.4040,1778833319.037764,367,8.866066,0.043025,-0.014261,1.7094,0.0247,-0.006581,8.841417,0.051996,-0.012280,1.7466,8.879922,0.042708,-0.014310,1.7241,-0.0080,-0.008428,0.111334,-0.0298,8.879922,-0.000000,-0.000000,5.0000,0.909348,0.274714,398.9629,0,1,clay,1.0000,0.500000,0,0,0.000000,0.000000,0.000000,0,nan,0.00,-0.036917,0.3716,0.0099,-0.019492,0.2857,0.70,6.64,8.03,6.58,0.051996,-0.7036,-3.2534,0.008000,0.009015,0.1567,0.046799,0.015731,0.012017,-451.9105744689556,527.5015918315581,-434.34872749710325,-31.06878765521178,-0.026312,-0.001989,6504.4,6116.2,0.048093,0.074940,0.069709,1.7232,1.0000,,,,,
4.4160,1778833319.049766,368,8.846229,0.020234,-0.017393,1.7135,-0.0006,-0.007572,8.862432,0.051414,-0.012395,1.7549,8.859894,0.019905,-0.017434,1.7223,-0.0047,-0.005690,0.125204,-0.0123,8.859894,-0.000000,-0.000000,5.0000,1.000000,0.250007,399.8341,0,1,clay,1.0000,0.500000,0,0,0.000000,0.000000,0.000000,0,nan,0.00,-0.014190,0.3779,0.0094,-0.007492,0.2887,0.65,6.64,7.93,6.61,0.051414,-0.7102,-3.2451,0.008000,0.094705,-0.4510,0.048454,0.017702,0.010312,-527.7439903518875,-130.49242590805517,-423.323927164142,-40.832619593989946,-0.014767,-0.002996,6500.8,6119.8,0.054319,0.068413,0.909348,1.7213,1.0000,,,,,
4.4280,1778833319.061792,369,8.932119,0.133177,-0.013322,1.7964,-0.0094,-0.017772,8.883534,0.050675,-0.012572,1.7620,8.945751,0.132897,-0.013367,1.7370,-0.0032,-0.004566,0.142251,0.0004,8.945751,-0.000000,0.000000,5.0000,-1.000000,0.216025,394.7460,0,1,clay,1.0000,0.500000,0,0,0.000000,0.000000,0.000000,0,nan,0.00,-0.036917,0.3839,0.0089,-0.019492,0.2913,0.61,6.63,7.85,6.60,0.050675,-0.7203,-3.2380,0.008000,0.065797,0.1908,0.056377,0.011514,0.010429,-517.3000399238625,-1257.0911968549979,-244.65671663821522,-58.725818912606215,0.000496,-0.004729,6496.4,6124.1,0.061942,0.045521,1.000000,1.7358,1.0000,,,,,
4.4400,1778833319.073781,370,8.829366,0.033479,-0.013807,1.7406,-0.0442,-0.012159,8.904748,0.049911,-0.012744,1.7770,8.842874,0.033091,-0.013874,1.7377,-0.0134,-0.009664,0.126580,-0.0273,8.842874,-0.000000,-0.000000,5.0000,0.419158,0.215384,395.7147,0,1,clay,1.0000,0.500000,0,0,0.000000,0.000000,0.000000,0,nan,0.00,-0.027391,0.3897,0.0085,-0.014462,0.2939,0.57,6.64,7.79,6.71,0.049911,-0.7302,-3.2230,0.008000,0.072966,0.0370,0.020105,-0.000872,0.010260,-513.3049948412432,-187.81042648739844,-260.62015114016003,-23.50225323652323,-0.005975,-0.001208,6500.3,6120.2,0.055148,0.085729,-1.000000,1.7368,1.0000,,,,,
4.4520,1778833319.085758,371,8.893280,0.005839,-0.003599,1.7925,0.0709,-0.003201,8.926056,0.049361,-0.012806,1.7805,8.906775,0.005727,-0.003652,1.7487,0.0009,-0.006682,0.144918,-0.0112,8.906775,-0.000000,0.000000,5.0000,1.000000,0.194931,390.3084,0,1,clay,1.0000,0.500000,0,0,0.000000,0.000000,0.000000,0,nan,0.00,-0.004664,0.3953,0.0081,-0.002462,0.2963,0.54,6.69,7.77,6.97,0.049361,-0.7338,-3.2195,0.008000,0.066358,0.3514,0.030914,0.022688,0.012812,458.6214363870241,269.56567475314563,-365.7257399096442,-105.95581350527831,-0.010915,-0.009425,6495.7,6124.9,0.063252,0.083883,0.419158,1.7475,1.0000,,,,,
4.4640,1778833319.099110,372,8.991069,0.074952,-0.010481,1.8394,0.0515,-0.007406,8.947491,0.048795,-0.012894,1.7910,9.004707,0.074837,-0.010522,1.7665,0.0108,-0.003605,0.158082,0.0053,9.004707,0.000000,0.000000,5.0000,-0.948712,0.165568,383.0219,0,1,clay,1.0000,0.500000,0,0,0.000000,0.000000,0.000000,0,nan,0.00,-0.026225,0.4006,0.0077,-0.013847,0.2982,0.52,6.68,7.71,6.61,0.048795,-0.7388,-3.2090,0.008000,0.067749,-0.0221,0.044839,0.033990,0.014143,-211.82300895694317,61.57599048683346,-292.9749677691824,-159.095206919723,-0.003982,-0.014557,6492.3,6128.3,0.069134,0.055937,1.000000,1.7653,1.0000,,,,,
4.4760,1778833319.109830,373,9.018254,0.121376,-0.007713,1.8375,-0.0515,-0.011519,8.969065,0.048160,-0.013021,1.8035,9.031912,0.121166,-0.007774,1.7806,-0.0028,-0.008433,0.174389,-0.0211,9.031912,0.000000,0.000000,5.0000,-1.000000,0.132770,379.2353,0,1,clay,1.0000,0.500000,0,0,0.000000,0.000000,0.000000,0,nan,0.00,-0.048952,0.4058,0.0073,-0.025847,0.2998,0.50,6.67,7.67,6.63,0.048160,-0.7460,-3.1965,0.008000,0.166563,0.4306,0.051026,0.028135,0.012783,-165.37330312207604,151.07473386718175,-251.77922184542825,-97.43098226194456,-0.007464,-0.008186,6488.1,6132.4,0.076438,0.064173,-0.948712,1.7793,1.0000,,,,,
4.4880,1778833319.121741,374,8.988402,0.102063,-0.012382,1.7403,-0.0240,-0.002017,8.990798,0.047679,-0.013067,1.8155,9.001914,0.101743,-0.012447,1.7732,-0.0091,-0.010377,0.189540,-0.0335,9.001914,0.000000,0.000000,5.0000,-1.000000,0.104388,381.3378,0,1,clay,1.0000,0.500000,0,0,0.000000,0.000000,0.000000,0,nan,0.00,-0.071680,0.4107,0.0070,-0.037847,0.3011,0.48,6.66,7.62,6.61,0.047679,-0.7487,-3.1845,0.008000,0.026858,-0.0010,0.035710,0.022826,0.009130,430.26783578558786,1452.780988618916,-350.13581439366624,-56.48283328190744,-0.017706,-0.004386,6484.2,6136.3,0.083242,0.134094,-1.000000,1.7717,1.0000,,,,,
4.5000,1778833319.133778,375,8.995468,0.002906,-0.006986,1.8334,-0.0865,-0.000681,9.012668,0.047344,-0.013059,1.8267,9.008997,0.002537,-0.007054,1.7852,-0.0238,-0.012350,0.206251,-0.0454,9.008997,0.000000,0.000000,5.0000,1.000000,0.072111,376.9316,0,1,clay,1.0000,0.500000,0,0,0.000000,0.000000,0.000000,0,nan,0.00,-0.048952,0.4154,0.0067,-0.025847,0.3020,0.46,6.67,7.58,6.68,0.047344,-0.7482,-3.1733,0.008000,0.052933,0.0228,0.046349,0.004658,0.014861,69.35406532099765,77.3374523079973,-379.25352289187464,67.22263992411135,-0.021818,0.005751,6479.9,6140.6,0.090718,0.104227,-1.000000,1.7837,1.0000,,,,,
4.5120,1778833319.145918,376,9.013187,0.063267,-0.012442,1.7848,0.0896,-0.002765,9.034671,0.047030,-0.013051,1.8373,9.026671,0.063011,-0.012492,1.7855,-0.0035,-0.007577,0.218572,-0.0183,9.026671,0.000000,0.000000,5.0000,0.325288,0.042955,376.5171,0,1,clay,1.0000,0.500000,0,0,0.000000,0.000000,0.000000,0,nan,0.00,-0.041560,0.4199,0.0063,-0.021943,0.3025,0.45,6.66,7.55,6.60,0.047030,-0.7478,-3.1627,0.008000,0.046487,0.1553,0.048656,0.021054,0.014061,-505.84103533824486,-339.5158095365414,-436.24914534779464,-68.5680313855176,-0.022160,-0.005592,6476.7,6143.8,0.096267,0.136622,1.000000,1.7839,1.0000,,,,,
4.5240,1778833319.157942,377,9.091494,0.067404,-0.010042,1.9417,-0.0468,-0.010059,9.056841,0.046453,-0.013193,1.8540,9.105166,0.067111,-0.010096,1.8163,-0.0104,-0.008032,0.250202,-0.0195,9.105166,0.000000,0.000000,5.0000,-0.217988,-0.008299,366.8557,0,1,clay,1.0000,0.500000,0,0,0.000000,0.000000,0.000000,0,nan,0.00,-0.046514,0.4242,0.0060,-0.024559,0.3024,0.44,6.65,7.53,6.63,0.046453,-0.7559,-3.1460,0.008000,0.078885,0.4561,0.079606,0.003454,0.004541,-716.8094959292637,-130.85084203921767,-337.8625505830579,-10.096054251602425,-0.012314,-0.001270,6468.7,6151.9,0.110331,0.063993,0.325288,1.8144,1.0000,,,,,
4.5360,1778833319.169739,378,9.082946,0.078489,-0.010445,1.8790,-0.0178,-0.016566,9.079215,0.045782,-0.013375,1.8712,9.096646,0.078150,-0.010514,1.8290,-0.0129,-0.010317,0.275389,-0.0262,9.096646,0.000000,0.000000,5.0000,-0.682513,-0.059428,364.0783,0,1,clay,1.0000,0.500000,0,0,0.000000,0.000000,0.000000,0,nan,0.00,-0.062025,0.4283,0.0057,-0.032749,0.3017,0.42,6.65,7.49,6.63,0.045782,-0.7663,-3.1288,0.008000,0.062739,0.1936,0.075747,0.015290,0.018518,-545.6635032132801,364.9979528996238,-393.69322266934216,-14.357914095788331,-0.012163,-0.002128,6462.2,6158.4,0.121622,0.100140,-0.217988,1.8269,1.0000,,,,,
4.5480,1778833319.181859,379,9.162868,0.115034,-0.006981,1.9074,-0.0662,0.003935,9.101756,0.045335,-0.013382,1.8824,9.176654,0.114671,-0.007045,1.8446,-0.0234,-0.011140,0.277128,-0.0379,9.176654,0.000000,-0.000000,5.0000,-1.000000,-0.095043,359.7505,0,1,clay,1.0000,0.500000,0,0,0.000000,0.000000,0.000000,0,nan,0.00,-0.084753,0.4321,0.0055,-0.044749,0.3005,0.41,6.64,7.47,6.61,0.045335,-0.7667,-3.1176,0.008000,0.170316,0.4503,0.092103,0.000878,0.012019,253.840932339659,318.0150545063515,-309.0954649747813,96.47581418673803,-0.016542,0.005958,6461.7,6158.9,0.122558,0.097542,-0.682513,1.8425,1.0000,,,,,
4.5600,1778833319.196865,380,9.153772,0.032313,-0.012596,1.8670,-0.0637,0.000228,9.124424,0.045009,-0.013341,1.8954,9.167550,0.031802,-0.012664,1.8494,-0.0326,-0.013294,0.293205,-0.0522,9.167550,0.000000,-0.000000,5.0000,1.000000,-0.128610,357.7611,0,1,clay,1.0000,0.500000,0,0,0.000000,0.000000,0.000000,0,nan,0.00,-0.062025,0.4357,0.0052,-0.032749,0.2990,0.41,6.66,7.47,6.75,0.045009,-0.7644,-3.1046,0.008000,0.077400,-0.4742,0.084094,-0.020883,0.006641,-46.872350690931995,189.04029829326095,-352.390771908042,181.02406186207807,-0.025077,0.011508,6457.5,6163.0,0.129774,0.142842,-1.000000,1.8472,1.0000,,,,,
4.5720,1778833319.205867,381,9.166173,0.045476,-0.012987,1.9009,0.0421,-0.006167,9.147292,0.044567,-0.013409,1.9123,9.180079,0.045082,-0.013043,1.8600,-0.0179,-0.009171,0.314510,-0.0253,9.180079,0.000000,-0.000000,5.0000,1.000000,-0.167707,355.2776,0,1,clay,1.0000,0.500000,0,0,0.000000,0.000000,0.000000,0,nan,0.00,-0.039298,0.4391,0.0050,-0.020749,0.2970,0.41,6.66,7.48,6.66,0.044567,-0.7683,-3.0877,0.008000,0.031855,-0.1206,0.075283,-0.006755,0.012215,-706.456928965873,154.99398838126274,-338.2724337135606,78.48624827707941,-0.020332,0.003748,6452.1,6168.5,0.139293,0.131477,1.000000,1.8576,1.0000,,,,,
4.5840,1778833319.217729,382,9.077586,0.003266,-0.020612,1.8491,0.0172,-0.017718,9.170356,0.043764,-0.013681,1.9279,9.091448,0.002812,-0.020671,1.8585,-0.0105,-0.008102,0.340400,-0.0133,9.091448,0.000000,0.000000,5.0000,1.000000,-0.206681,357.0297,0,1,clay,1.0000,0.500000,0,0,0.000000,0.000000,0.000000,0,nan,0.00,-0.016571,0.4423,0.0047,-0.008749,0.2945,0.40,6.65,7.46,6.61,0.043764,-0.7839,-3.0721,0.008000,0.175281,-0.6872,0.057903,0.012341,0.016208,-1192.823097776296,-502.5087129676191,-188.03597146959387,8.553262314006844,-0.009578,-0.001928,6445.4,6175.1,0.150852,0.168273,1.000000,1.8560,1.0000,,,,,
4.5960,1778833319.229938,383,9.272737,0.081108,-0.014604,1.9531,-0.0743,-0.026470,9.193612,0.042782,-0.013992,1.9465,9.286710,0.080642,-0.014675,1.8774,-0.0179,-0.007961,0.355743,-0.0013,9.286710,-0.000000,-0.000000,5.0000,-0.692162,-0.253980,351.0068,0,1,clay,1.0000,0.500000,0,0,0.000000,0.000000,0.000000,0,nan,0.00,-0.032302,0.4452,0.0045,-0.017055,0.2914,0.40,6.65,7.44,6.61,0.042782,-0.8017,-3.0535,0.008000,0.094897,-0.0641,0.082634,0.001998,0.011386,-829.5341099514685,-1236.7376726308537,133.6339679643795,63.32818083469202,0.012186,0.001456,6441.5,6179.1,0.157754,0.123929,1.000000,1.8748,1.0000,,,,,
4.6080,1778833319.241976,384,9.164362,0.036798,-0.020508,1.9958,-0.1298,-0.009006,9.217083,0.041899,-0.014178,1.9614,9.178485,0.036083,-0.020589,1.9010,-0.0374,-0.011114,0.377719,-0.0222,9.178485,0.000000,-0.000000,5.0000,0.697607,-0.296797,346.8305,0,1,clay,1.0000,0.500000,0,0,0.000000,0.000000,0.000000,0,nan,0.00,-0.016447,0.4479,0.0043,-0.008684,0.2879,0.40,6.66,7.45,6.73,0.041899,-0.8123,-3.0386,0.008000,0.046094,-0.7001,0.092333,-0.010358,0.011450,529.6765286658467,324.5030069901536,191.30085281914714,235.58394005805656,0.014313,0.012828,6435.8,6184.7,0.167611,0.129627,-0.692162,1.8982,1.0000,,,,,
4.6200,1778833319.253799,385,9.206805,0.066548,-0.017769,2.0173,-0.0156,-0.003303,9.240733,0.041281,-0.014243,1.9780,9.221125,0.065941,-0.017831,1.9241,-0.0306,-0.007267,0.389078,-0.0035,9.221125,0.000000,-0.000000,5.0000,-0.213651,-0.335897,342.0029,0,1,clay,1.0000,0.500000,0,0,0.000000,0.000000,0.000000,0,nan,0.00,-0.021303,0.4504,0.0041,-0.011248,0.2838,0.40,6.65,7.44,6.60,0.041281,-0.8161,-3.0220,0.008000,0.007508,-0.2589,0.113843,-0.020534,0.007394,159.43690180145376,609.3939784644441,266.6225249260352,221.42802033275174,0.018413,0.011225,6432.9,6187.7,0.172769,0.137165,0.697607,1.9212,1.0000,,,,,
4.6320,1778833319.265744,386,9.248433,-0.019617,-0.011719,1.9377,0.0938,-0.003355,9.264586,0.040685,-0.014302,1.9948,9.262731,-0.019966,-0.011777,1.9275,-0.0119,-0.007708,0.411752,-0.0128,9.262731,-0.000000,-0.000000,5.0000,1.000000,-0.379547,341.2571,0,1,clay,1.0000,0.500000,0,0,0.000000,0.000000,0.000000,0,nan,0.00,0.001424,0.4526,0.0039,0.000752,0.2793,0.39,6.65,7.43,6.67,0.040685,-0.8194,-3.0052,0.008000,0.091038,-0.0470,0.083076,0.012590,0.011972,-344.8047811491375,-82.14880946287275,-160.0459836251659,55.147894457489784,0.001677,-0.000973,6427.1,6193.5,0.182905,0.177920,-0.213651,1.9244,1.0000,,,,,
4.6440,1778833319.277772,387,9.306557,-0.090327,-0.017105,2.0595,0.0665,-0.002692,9.288648,0.040060,-0.014387,2.0125,9.321042,-0.090613,-0.017144,1.9538,0.0035,-0.003399,0.437132,0.0082,9.321042,-0.000000,-0.000000,5.0000,1.000000,-0.432343,337.3445,0,1,clay,1.0000,0.500000,0,0,0.000000,0.000000,0.000000,0,nan,0.00,0.024152,0.4546,0.0037,0.012752,0.2741,0.38,6.65,7.42,6.65,0.040060,-0.8243,-2.9875,0.008000,0.165845,-0.3185,0.094037,0.033144,0.018036,-401.5425366711331,-717.8574660653956,97.27205400153807,-24.490624967554695,0.004864,-0.007828,6420.5,6200.0,0.194254,0.140807,1.000000,1.9506,1.0000,,,,,
4.6560,1778833319.295471,388,9.363845,0.020204,-0.021325,1.9685,-0.0129,-0.008826,9.312914,0.039307,-0.014558,2.0283,9.378400,0.019857,-0.021356,1.9573,0.0035,-0.001068,0.443163,0.0202,9.378400,-0.000000,-0.000000,5.0000,0.631296,-0.470135,335.3978,0,1,clay,1.0000,0.500000,0,0,0.000000,0.000000,0.000000,0,nan,0.00,0.038499,0.4564,0.0035,0.020328,0.2685,0.40,6.65,7.44,6.60,0.039307,-0.8341,-2.9716,0.008000,0.089100,-0.7543,0.081750,0.045399,0.028574,-372.9832366943972,150.74679704556434,296.74534080391027,-4.084789372460932,0.018731,-0.006519,6418.9,6201.6,0.197094,0.194067,1.000000,1.9540,1.0000,,,,,
4.6680,1778833319.302617,389,9.370548,0.131476,-0.008895,2.0710,-0.0537,-0.015232,9.337382,0.038411,-0.014772,2.0465,9.385766,0.131233,-0.008930,1.9803,-0.0032,-0.000576,0.466298,0.0252,9.385766,-0.000000,-0.000000,5.0000,-1.000000,-0.514131,333.4353,0,1,clay,1.0000,0.500000,0,0,0.000000,0.000000,0.000000,0,nan,0.00,0.015772,0.4579,0.0033,0.008328,0.2623,0.52,6.65,7.70,6.68,0.038411,-0.8464,-2.9535,0.008000,0.108928,0.2921,0.097918,0.031149,0.016896,-506.1546923675841,345.34405598550603,495.86701514257453,62.38343111035178,0.032731,-0.002485,6413.0,6207.6,0.207485,0.166991,0.631296,1.9767,1.0000,,,,,
4.6800,1778833319.313778,390,9.345754,-0.041434,-0.024478,2.0897,0.0246,-0.014251,9.362063,0.037568,-0.014922,2.0653,9.361037,-0.041916,-0.024534,2.0023,-0.0019,-0.005335,0.487743,0.0007,9.361037,-0.000000,-0.000000,5.0000,1.000000,-0.558746,328.3272,0,1,clay,1.0000,0.500000,0,0,0.000000,0.000000,0.000000,0,nan,0.00,0.038499,0.4592,0.0032,0.020328,0.2556,0.50,6.65,7.65,6.67,0.037568,-0.8550,-2.9346,0.008000,0.083348,-0.6026,0.107115,0.022497,0.006437,-216.6733570520597,-450.73403000032147,352.62786035077,15.87861852956513,0.018041,-0.006720,6407.4,6213.1,0.217092,0.168523,-1.000000,1.9985,1.0000,,,,,
4.6920,1778833319.325811,391,9.401816,-0.020308,-0.013178,1.9947,0.0190,-0.002346,9.386944,0.036990,-0.014937,2.0806,9.417022,-0.020534,-0.013209,2.0016,0.0057,0.000007,0.496214,0.0279,9.417022,-0.000000,0.000000,4.9999,1.000000,-0.592873,327.8367,0,1,clay,1.0000,0.500000,0,0,0.000000,0.000000,0.000000,0,nan,0.00,0.061227,0.4602,0.0030,0.032328,0.2485,0.48,6.66,7.61,6.67,0.036990,-0.8558,-2.9194,0.008000,0.125764,0.4758,0.105246,0.011137,-0.006506,142.5418094127135,350.6920417122344,425.9343305662055,5.909005064861802,0.026686,-0.007649,6405.2,6215.3,0.220973,0.225228,1.000000,1.9978,1.0000,,,,,
4.7040,1778833319.337794,392,9.466472,0.006568,-0.012977,2.0643,0.0161,-0.005579,9.412057,0.036315,-0.015028,2.1001,9.481723,0.006397,-0.012994,2.0147,0.0106,0.002957,0.521824,0.0399,9.481723,-0.000000,0.000000,5.0000,-0.028497,-0.638500,325.8076,0,1,clay,1.0000,0.500000,0,0,0.000000,0.000000,0.000000,0,nan,0.00,0.060579,0.4610,0.0029,0.031986,0.2408,0.46,6.66,7.58,6.69,0.036315,-0.8610,-2.8999,0.008000,0.068728,0.1429,0.097681,0.030287,0.008108,-427.4546476566178,-1105.7247860333857,548.8945540683552,3.8329414934662793,0.036726,-0.008599,6398.7,6221.9,0.232388,0.203721,1.000000,2.0107,1.0000,,,,,
4.7160,1778833319.349776,393,9.332238,0.060675,-0.012290,2.1036,-0.0308,-0.010574,9.437367,0.035573,-0.015126,2.1170,9.347584,0.060456,-0.012313,2.0327,0.0044,0.001570,0.524818,0.0318,9.347584,-0.000000,-0.000000,5.0000,-1.000000,-0.662177,323.4194,0,1,clay,1.0000,0.500000,0,0,0.000000,0.000000,0.000000,0,nan,0.00,0.037852,0.4616,0.0027,0.019986,0.2329,0.45,6.68,7.57,6.77,0.035573,-0.8667,-2.8829,0.008000,0.049678,0.5392,0.089897,0.032689,0.007338,-145.0899858349036,-339.5602981417056,452.49024603325597,47.03021254899802,0.040044,-0.005661,6397.8,6222.7,0.233857,0.203461,-0.028497,2.0287,1.0000,,,,,
4.7280,1778833319.361770,394,9.436279,-0.013794,-0.016828,2.0791,-0.0520,0.009049,9.462923,0.035026,-0.015108,2.1370,9.451684,-0.014147,-0.016843,2.0425,-0.0065,0.000174,0.534344,0.0124,9.451684,-0.000000,0.000000,5.0000,0.431825,-0.689378,321.0796,0,1,clay,1.0000,0.500000,0,0,0.000000,0.000000,0.000000,0,nan,0.00,0.047666,0.4619,0.0026,0.025168,0.2246,0.44,6.68,7.55,6.66,0.035026,-0.8656,-2.8630,0.008000,0.075624,0.0991,0.075382,0.017607,0.007995,862.0785281154708,114.54465226724705,494.46166130813845,152.03128122444812,0.030021,0.001861,6395.4,6225.2,0.238141,0.223018,-1.000000,2.0384,1.0000,,,,,
4.7400,1778833319.373870,395,9.489643,0.038534,-0.006009,2.0960,0.0856,0.007427,9.488692,0.034669,-0.015013,2.1581,9.505100,0.038518,-0.006001,2.0536,0.0108,0.004220,0.533655,0.0284,9.505100,0.000000,0.000000,5.0000,-1.000000,-0.707530,318.8370,0,1,clay,1.0000,0.500000,0,0,0.000000,0.000000,0.000000,0,nan,0.00,0.024939,0.4620,0.0025,0.013168,0.2161,0.43,6.66,7.52,6.59,0.034669,-0.8602,-2.8419,0.008000,0.071820,0.3747,0.080925,0.017620,-0.002540,42.01455944880563,887.4909044903709,372.7176727203887,56.89791440320917,0.024017,-0.005391,6395.5,6225.1,0.237921,0.229767,0.431825,2.0496,1.0000,,,,,
4.7520,1778833319.393586,396,9.385843,0.076211,-0.012130,2.1703,-0.0093,0.009346,9.514679,0.034317,-0.014917,2.1727,9.401403,0.076066,-0.012123,2.0771,0.0047,0.001807,0.546207,0.0057,9.401403,-0.000000,-0.000000,4.9999,-1.000000,-0.726763,315.6283,0,1,clay,1.0000,0.500000,0,0,0.000000,0.000000,0.000000,0,nan,0.00,0.002211,0.4618,0.0024,0.001168,0.2074,0.42,6.68,7.52,6.80,0.034317,-0.8547,-2.8273,0.008000,0.214638,0.3067,0.075410,-0.014112,-0.026694,61.67813824047211,-214.82827803218157,322.8552617852325,110.90983145619555,0.011726,-0.001942,6392.3,6228.3,0.243513,0.215427,-1.000000,2.0729,1.0000,,,,,
4.7640,1778833319.400936,397,9.549132,0.047342,-0.016322,2.2698,-0.0643,0.013070,9.540897,0.034043,-0.014798,2.1928,9.567018,0.046997,-0.016309,2.1158,-0.0083,0.000509,0.563683,-0.0073,9.567018,0.000000,0.000000,5.0000,-0.759988,-0.764145,307.9202,0,1,clay,1.0000,0.500000,0,0,0.000000,0.000000,0.000000,0,nan,0.00,-0.015061,0.4615,0.0023,-0.007952,0.1982,0.89,6.67,8.45,6.62,0.034043,-0.8479,-2.8072,0.008000,0.040206,0.2945,0.109377,-0.016780,-0.014008,-17.70533735801383,128.56258195287285,254.8402229237465,234.62083976514046,0.004013,0.006406,6387.7,6232.9,0.251603,0.188242,-1.000000,2.1110,1.0000,,,,,
4.7760,1778833319.409799,398,9.553751,0.059804,-0.017125,2.2770,-0.0021,0.006287,9.567364,0.033787,-0.014678,2.2139,9.571553,0.059444,-0.017115,2.1480,-0.0090,-0.000846,0.580996,-0.0143,9.571553,0.000000,0.000000,5.0000,-0.887000,-0.803302,302.6392,0,1,clay,1.0000,0.500000,0,0,0.000000,0.000000,0.000000,0,nan,0.00,-0.035220,0.4609,0.0021,-0.018596,0.1886,0.81,6.68,8.31,6.73,0.033787,-0.8410,-2.7861,0.008000,0.075489,-0.4662,0.116261,0.021422,0.026829,-95.78373719736581,850.3593548419288,97.81669241171159,241.3835686357098,-0.006410,0.006246,6383.2,6237.3,0.259331,0.194169,-0.759988,2.1432,1.0000,,,,,
4.7880,1778833319.421764,399,9.557049,0.066475,-0.023035,2.2522,-0.0941,0.018857,9.594058,0.033650,-0.014484,2.2300,9.574740,0.065894,-0.023017,2.1689,-0.0247,-0.001596,0.565571,-0.0258,9.574740,0.000000,0.000000,5.0000,-0.457511,-0.813673,298.1780,0,1,clay,1.0000,0.500000,0,0,0.000000,0.000000,0.000000,0,nan,0.00,-0.045618,0.4601,0.0020,-0.024086,0.1788,0.74,6.68,8.16,6.64,0.033650,-0.8299,-2.7700,0.008000,0.114451,0.1164,0.113202,-0.015310,0.007599,-40.046221411733605,295.3176096047322,49.215025129982706,381.9618546363496,-0.011632,0.016288,6387.1,6233.5,0.252618,0.216781,-0.887000,2.1643,1.0000,,,,,
4.8000,1778833319.433758,400,9.540337,0.021923,-0.019975,2.2500,0.0450,0.011043,9.620984,0.033496,-0.014326,2.2514,9.557908,0.021499,-0.019955,2.1856,-0.0148,-0.001630,0.583980,-0.0278,9.557908,0.000000,0.000000,5.0000,1.000000,-0.836552,295.5423,0,1,clay,1.0000,0.500000,0,0,0.000000,0.000000,0.000000,0,nan,0.00,-0.022891,0.4591,0.0019,-0.012086,0.1688,0.69,6.67,8.05,6.67,0.033496,-0.8208,-2.7486,0.008000,0.088805,-0.3877,0.129637,-0.027366,-0.017971,-268.438185057259,13.945553064798759,-244.54946688714895,309.90134505171477,-0.024067,0.010718,6382.4,6238.2,0.260741,0.228971,-0.457511,2.1809,1.0000,,,,,
4.8120,1778833319.445761,401,9.617984,0.026240,-0.013914,2.2469,0.0094,0.001367,9.648162,0.033183,-0.014284,2.2755,9.635426,0.025983,-0.013885,2.1985,-0.0076,0.001981,0.604773,-0.0041,9.635426,0.000000,0.000000,5.0000,0.817474,-0.871200,293.6899,0,1,clay,1.0000,0.500000,0,0,0.000000,0.000000,0.000000,0,nan,0.00,-0.004312,0.4578,0.0019,-0.002277,0.1583,0.63,6.67,7.94,6.64,0.033183,-0.8184,-2.7245,0.008000,0.068483,-0.0696,0.126797,-0.015420,-0.009231,-592.3954017146559,693.8184555478274,-94.67881553018852,276.0854505465551,-0.013096,0.007966,6377.1,6243.4,0.269963,0.232028,1.000000,2.1936,1.0000,,,,,
4.8240,1778833319.457799,402,9.639982,-0.039242,-0.014841,2.2801,-0.0662,-0.007819,9.675564,0.032566,-0.014389,2.2912,9.657402,-0.039600,-0.014820,2.2152,-0.0148,0.002276,0.611470,0.0042,9.657402,0.000000,-0.000000,5.0000,1.000000,-0.898316,290.9853,0,1,clay,1.0000,0.500000,0,0,0.000000,0.000000,0.000000,0,nan,0.00,0.018415,0.4564,0.0018,0.009723,0.1475,0.60,6.67,7.87,6.67,0.032566,-0.8244,-2.7088,0.008000,0.132390,-0.1538,0.125227,-0.014620,0.000021,-700.1360840475206,-602.5883986109282,173.44606206579144,319.7676403627855,0.003806,0.011005,6375.4,6245.2,0.273015,0.234361,0.817474,2.2104,1.0000,,,,,
4.8360,1778833319.469796,403,9.676349,0.066749,-0.011242,2.1859,-0.0747,-0.007491,9.703221,0.031935,-0.014475,2.3122,9.693599,0.066389,-0.011223,2.2106,-0.0207,0.003748,0.628069,0.0175,9.693599,0.000000,-0.000000,5.0000,-1.000000,-0.928328,292.7305,0,1,clay,1.0000,0.500000,0,0,0.000000,0.000000,0.000000,0,nan,0.00,-0.004312,0.4547,0.0017,-0.002277,0.1364,0.57,6.68,7.82,6.71,0.031935,-0.8293,-2.6878,0.008000,0.087404,0.3199,0.109712,-0.020205,-0.000169,-361.6478759381954,258.4526934194588,410.5468125837064,361.6925538112724,0.022245,0.014329,6371.1,6249.4,0.280414,0.273837,1.000000,2.2056,1.0000,,,,,
4.8480,1778833319.481767,404,9.763653,-0.010216,-0.020427,2.4069,-0.0063,0.000570,9.731151,0.031355,-0.014522,2.3365,9.781066,-0.010748,-0.020425,2.2495,-0.0216,-0.000908,0.632411,-0.0100,9.781066,-0.000000,-0.000000,4.9998,1.000000,-0.954626,285.1437,0,1,clay,1.0000,0.500000,0,0,0.000000,0.000000,0.000000,0,nan,0.00,0.018415,0.4528,0.0016,0.009723,0.1249,0.54,6.72,7.80,6.97,0.031355,-0.8320,-2.6634,0.008000,0.072492,-0.8507,0.137605,-0.022511,-0.000899,258.83806492131237,1044.4102885857728,357.33371842202,337.9121655232442,0.008107,0.011979,6370.0,6250.6,0.282410,0.203585,-1.000000,2.2446,1.0000,,,,,
4.8600,1778833319.494944,405,9.796304,0.113685,-0.010042,2.3961,-0.0124,-0.002233,9.759310,0.030880,-0.014501,2.3542,9.813959,0.113383,-0.010028,2.2790,-0.0153,0.003297,0.647579,0.0175,9.813959,-0.000000,-0.000000,4.9996,-1.000000,-0.985811,281.8168,0,1,clay,1.0000,0.500000,0,0,0.000000,0.000000,0.000000,0,nan,0.00,-0.004312,0.4508,0.0015,-0.002277,0.1131,0.52,6.71,7.75,6.68,0.030880,-0.8309,-2.6455,0.008000,0.191303,0.1089,0.142243,-0.007909,0.010231,-36.14992891710421,147.09986076518976,379.9499290860405,318.43345551729004,0.019346,0.010265,6366.1,6254.5,0.289199,0.226046,1.000000,2.2739,1.0000,,,,,
4.8720,1778833319.505801,406,9.821058,0.073939,-0.013644,2.4471,-0.0204,-0.006121,9.787720,0.030331,-0.014553,2.3769,9.838853,0.073521,-0.013655,2.3126,-0.0194,-0.002140,0.665015,-0.0100,9.838853,-0.000000,-0.000000,4.9995,-1.000000,-1.021104,275.3409,0,1,clay,1.0000,0.500000,0,0,0.000000,0.000000,0.000000,0,nan,0.00,-0.027039,0.4485,0.0014,-0.014277,0.1009,0.50,6.70,7.70,6.65,0.030331,-0.8338,-2.6226,0.008000,0.052694,0.1498,0.135235,-0.000331,0.011727,-202.29291991086848,190.99225030906968,381.1167801469745,303.3821202322898,0.007903,0.008995,6361.6,6258.9,0.296982,0.213672,-1.000000,2.3074,1.0000,,,,,
4.8840,1778833319.517781,407,9.784717,-0.056433,-0.024285,2.4600,-0.0034,0.002168,9.816395,0.029906,-0.014527,2.3973,9.802647,-0.057040,-0.024302,2.3421,-0.0190,-0.004439,0.671296,-0.0219,9.802647,-0.000000,-0.000000,4.9997,1.000000,-1.047187,270.6843,0,1,clay,1.0000,0.500000,0,0,0.000000,0.000000,0.000000,0,nan,0.00,-0.004312,0.4437,0.0014,-0.002277,0.0883,0.48,6.71,7.67,6.72,0.029906,-0.8323,-2.6024,0.008000,0.111175,-0.4059,0.130859,0.010547,0.020582,-45.64734213716021,12.91621822805174,235.30617811431682,288.1228346669115,-0.006177,0.007749,6360.0,6260.6,0.299859,0.215519,-1.000000,2.3370,1.0000,,,,,
4.8960,1778833319.529775,408,9.866974,0.005060,-0.014765,2.5583,-0.0076,0.006593,9.845314,0.029532,-0.014487,2.4174,9.885162,0.004689,-0.014758,2.3850,-0.0131,0.001029,0.677856,0.0054,9.885162,-0.000000,-0.000000,4.9993,0.977071,-1.072509,262.2289,0,1,clay,1.0000,0.500000,0,0,0.000000,0.000000,0.000000,0,nan,0.00,0.017894,0.4392,0.0013,0.009448,0.0754,0.46,6.70,7.62,6.63,0.029532,-0.8301,-2.5819,0.008000,0.092285,0.4820,0.154341,0.021825,0.025696,-259.09681206794846,294.3646676134223,177.02793259422208,287.2972407512491,0.003900,0.007669,6358.3,6262.3,0.302829,0.193579,1.000000,2.3798,1.0000,,,,,
4.9080,1778833319.541759,409,9.831119,0.078367,-0.008482,2.3673,0.0764,-0.013252,9.874464,0.028946,-0.014596,2.4376,9.849188,0.078234,-0.008482,2.3827,0.0041,0.001877,0.689401,0.0169,9.849188,-0.000000,-0.000000,4.9994,-1.000000,-1.095216,264.1059,0,1,clay,1.0000,0.500000,0,0,0.000000,0.000000,0.000000,0,nan,0.00,-0.004833,0.4350,0.0013,-0.002552,0.0623,0.45,6.68,7.58,6.61,0.028946,-0.8363,-2.5618,0.008000,0.083407,0.6667,0.133410,0.023186,0.008308,-420.2196889775741,298.166310893179,266.7815334958873,153.33682805047246,0.009931,-0.001874,6355.3,6265.3,0.307991,0.261289,0.977071,2.3774,1.0000,,,,,
4.9200,1778833319.553852,410,10.002549,-0.012899,-0.010947,2.5298,0.0046,-0.004343,9.903886,0.028324,-0.014696,2.4621,10.020768,-0.013117,-0.010965,2.4123,0.0004,-0.002970,0.704610,-0.0101,10.020768,0.000000,0.000000,5.0000,0.700654,-1.126075,258.5445,0,1,clay,1.0000,0.500000,0,0,0.000000,0.000000,0.000000,0,nan,0.00,0.011091,0.4309,0.0012,0.005856,0.0488,0.44,6.67,7.55,6.63,0.028324,-0.8420,-2.5379,0.008000,0.151477,0.1570,0.147955,0.016473,0.002871,-169.54200978010238,559.8995531065029,298.5182811548634,141.69838782570625,-0.001983,-0.002463,6351.4,6269.1,0.314768,0.216756,-1.000000,2.4069,1.0000,,,,,
4.9320,1778833319.565800,411,9.922157,-0.008103,-0.009058,2.5089,0.0328,0.004310,9.933539,0.027930,-0.014653,2.4792,9.940455,-0.008205,-0.009057,2.4320,0.0085,0.001345,0.713325,0.0111,9.940455,-0.000000,0.000000,4.9994,0.747910,-1.150229,255.5452,0,1,clay,1.0000,0.500000,0,0,0.000000,0.000000,0.000000,0,nan,0.00,0.028089,0.4270,0.0011,0.014831,0.0350,0.43,6.67,7.53,6.64,0.027930,-0.8396,-2.5201,0.008000,0.056227,0.3171,0.150276,0.002233,-0.021704,137.97764203731174,-48.0376290293072,207.8672639641752,116.13940525270138,0.003147,-0.003999,6349.2,6271.4,0.318705,0.230900,0.700654,2.4266,1.0000,,,,,
4.9440,1778833319.577803,412,9.967422,0.030458,-0.013382,2.5400,-0.0040,-0.004178,9.963454,0.027421,-0.014703,2.5006,9.985864,0.030273,-0.013376,2.4541,0.0085,0.002957,0.727289,0.0205,9.985864,-0.000000,0.000000,4.9998,-0.569192,-1.177789,252.4825,0,1,clay,1.0000,0.500000,0,0,0.000000,0.000000,0.000000,0,nan,0.00,0.015153,0.4233,0.0011,0.008001,0.0208,0.43,6.67,7.53,6.69,0.027421,-0.8424,-2.4992,0.008000,0.061751,-0.1452,0.175209,0.030194,0.009941,-262.73398213313055,58.069066480191054,346.21689766811073,118.04975774708757,0.013510,-0.003442,6345.6,6275.0,0.324946,0.227276,0.747910,2.4486,1.0000,,,,,
4.9560,1778833319.592839,413,9.879669,0.012419,-0.014711,2.4539,0.0681,-0.009332,9.993633,0.026787,-0.014809,2.5238,9.898078,0.012254,-0.014724,2.4552,0.0160,-0.000721,0.740581,0.0037,9.898078,-0.000000,-0.000000,4.9993,-0.182859,-1.202542,253.1097,0,1,clay,1.0000,0.500000,0,0,0.000000,0.000000,0.000000,0,nan,0.00,0.010997,0.4198,0.0010,0.005806,0.0064,0.42,6.67,7.50,6.63,0.026787,-0.8485,-2.4755,0.008000,0.129781,0.3326,0.136851,0.035338,0.000134,-229.59951765047188,239.44415204011352,293.6213395666326,26.473216543917673,0.002727,-0.009418,6342.2,6278.4,0.330898,0.255555,-0.569192,2.4496,1.0000,,,,,
4.9680,1778833319.601865,414,10.048302,0.009353,-0.016669,2.6582,-0.0249,-0.004321,10.024065,0.026234,-0.014871,2.5429,10.066987,0.009086,-0.016685,2.4956,0.0090,-0.001098,0.746129,0.0044,10.066987,0.000000,0.000000,5.0000,0.233789,-1.226125,245.9614,0,1,clay,1.0000,0.500000,0,0,0.000000,0.000000,0.000000,0,nan,0.00,0.016310,0.4164,0.0010,0.008612,-0.0083,0.41,6.67,7.50,6.66,0.026234,-0.8520,-2.4571,0.008000,0.100981,-0.3994,0.146245,0.026847,0.002958,163.81379334231244,-22.556129825173088,230.62698224830558,66.13610999090622,0.004096,-0.006108,6340.7,6279.8,0.333424,0.205103,-0.182859,2.4900,1.0000,,,,,
4.9800,1778833319.613782,415,10.081070,0.012054,-0.015504,2.6538,-0.0206,-0.005066,10.054748,0.025727,-0.014923,2.5659,10.099946,0.011771,-0.015519,2.5274,0.0051,-0.000379,0.758439,0.0104,10.099946,0.000000,0.000000,5.0000,0.130577,-1.251632,241.0669,0,1,clay,1.0000,0.500000,0,0,0.000000,0.000000,0.000000,0,nan,0.00,0.019278,0.4132,0.0009,0.010179,-0.0233,0.41,6.66,7.47,6.63,0.025727,-0.8550,-2.4341,0.008000,0.057091,-0.0937,0.142592,0.032883,0.014926,83.86969706058215,539.2741578196319,256.44135562803376,85.86773879068005,0.009450,-0.003947,6337.6,6283.0,0.338927,0.211744,0.233789,2.5217,1.0000,,,,,
4.9920,1778833319.625760,416,10.115998,0.016581,-0.016446,2.6557,-0.0482,-0.008043,10.085683,0.025171,-0.015001,2.5846,10.135015,0.016203,-0.016465,2.5533,-0.0030,-0.000785,0.756477,0.0112,10.135015,0.000000,0.000000,5.0000,-0.021336,-1.265498,236.3844,0,1,clay,1.0000,0.500000,0,0,0.000000,0.000000,0.000000,0,nan,0.00,0.018793,0.4102,0.0009,0.009923,-0.0385,0.40,6.67,7.46,6.70,0.025171,-0.8595,-2.4154,0.008000,0.114038,0.4756,0.138356,-0.003627,-0.015639,-167.8380265683629,-1028.6291302991362,324.6826023176206,130.03610645960225,0.015480,-0.000536,6338.0,6282.5,0.338134,0.217214,0.130577,2.5476,1.0000,,,,,
5.0040,1778833319.637861,417,9.997821,-0.000240,-0.011891,2.5396,-0.0635,-0.008427,10.116844,0.024577,-0.015086,2.6045,10.016795,-0.000616,-0.011915,2.5518,-0.0124,-0.001577,0.768142,0.0098,10.016795,0.000000,0.000000,5.0000,0.289771,-1.281624,237.5590,0,1,clay,1.0000,0.500000,0,0,0.000000,0.000000,0.000000,0,nan,0.00,0.025379,0.4073,0.0008,0.013400,-0.0539,0.39,6.66,7.44,6.64,0.024577,-0.8643,-2.3955,0.008000,0.125786,0.1584,0.093262,-0.021385,-0.020954,-61.71054837331192,-227.98632773281304,392.63204849639527,178.13514716960665,0.020046,0.003297,6335.0,6285.5,0.343323,0.263290,-0.021336,2.5461,1.0000,,,,,
5.0160,1778833319.649754,418,10.139662,-0.011721,-0.021961,2.7249,0.0280,-0.003774,10.148240,0.024061,-0.015117,2.6232,10.158851,-0.012219,-0.021980,2.5864,-0.0041,-0.000288,0.771282,0.0156,10.158851,0.000000,-0.000000,5.0000,1.000000,-1.296522,231.5473,0,1,clay,1.0000,0.500000,0,0,0.000000,0.000000,0.000000,0,nan,0.00,0.048106,0.4046,0.0008,0.025400,-0.0695,0.38,6.66,7.42,6.62,0.024061,-0.8661,-2.3768,0.008000,0.102920,-0.7831,0.129087,0.010655,0.012414,-176.03547829882618,-321.44553680298344,399.64450441996036,122.27394447325244,0.019803,0.000038,6334.2,6286.3,0.344754,0.209685,0.289771,2.5807,1.0000,,,,,
5.0280,1778833319.661768,419,10.059454,0.078557,-0.011316,2.4883,0.0075,-0.000191,10.179879,0.023596,-0.015098,2.6439,10.078471,0.078325,-0.011317,2.5686,0.0016,0.003682,0.778051,0.0328,10.078471,0.000000,0.000000,5.0000,-1.000000,-1.308793,236.0369,0,1,clay,1.0000,0.500000,0,0,0.000000,0.000000,0.000000,0,nan,0.00,0.025379,0.4020,0.0008,0.013400,-0.0852,0.38,6.66,7.42,6.68,0.023596,-0.8650,-2.3561,0.008000,0.223584,-0.0031,0.080088,0.001915,0.000096,-120.96856407989647,-794.6646547239752,514.9401723867519,114.23477860611504,0.030059,-0.000558,6332.5,6288.1,0.347781,0.287076,1.000000,2.5628,1.0000,,,,,
5.0400,1778833319.673821,420,10.235877,-0.023335,-0.015903,2.6789,-0.0528,-0.001107,10.211737,0.023053,-0.015114,2.6623,10.255092,-0.023751,-0.015915,2.5912,-0.0102,-0.000410,0.788676,0.0060,10.255092,-0.000000,-0.000000,4.9997,0.601088,-1.327007,231.6875,0,1,clay,1.0000,0.500000,0,0,0.000000,0.000000,0.000000,0,nan,0.00,0.039040,0.3994,0.0018,0.020613,-0.1011,0.38,6.66,7.42,6.65,0.023053,-0.8660,-2.3374,0.008000,0.054057,-0.4000,0.081908,-0.022990,-0.014067,-79.12304821789468,361.593196762632,518.8926597938494,156.3756008385744,0.021207,0.003363,6329.8,6290.8,0.352520,0.238460,-1.000000,2.5853,1.0000,,,,,
5.0520,1778833319.691132,421,10.256416,0.047851,-0.015000,2.7222,-0.0274,0.010587,10.243836,0.022673,-0.015003,2.6822,10.275862,0.047483,-0.014986,2.6177,-0.0095,0.004537,0.796148,0.0251,10.275862,-0.000000,-0.000000,4.9981,-1.000000,-1.344833,227.7963,0,1,clay,1.0000,0.500000,0,0,0.000000,0.000000,0.000000,0,nan,0.00,0.016312,0.3968,0.0031,0.008613,-0.1172,0.39,6.68,7.46,6.77,0.022673,-0.8596,-2.3159,0.008000,0.031854,-0.1100,0.084970,-0.018808,-0.003867,19.844910603418924,-1356.2245241329992,511.54177160569134,179.64566679710808,0.027628,0.006058,6327.8,6292.7,0.355887,0.228290,0.601088,2.6118,1.0000,,,,,
5.0640,1778833319.698448,422,10.298261,0.005202,-0.016829,2.6433,0.0239,0.012181,10.276158,0.022335,-0.014867,2.7000,10.318341,0.004831,-0.016813,2.6240,-0.0066,0.002220,0.799410,0.0010,10.318341,-0.000000,-0.000000,4.9936,-0.066369,-1.357411,226.5252,0,1,clay,1.0000,0.500000,0,0,0.000000,0.000000,0.000000,0,nan,0.00,0.014804,0.3942,0.0044,0.007817,-0.1335,0.49,6.66,7.65,6.58,0.022335,-0.8518,-2.2936,0.008000,0.154747,-0.1165,0.088619,-0.012894,-0.000326,-56.73897158549322,-196.39147652049076,399.66461209928184,155.14132810658546,0.011053,0.004644,6326.9,6293.7,0.357519,0.262382,-1.000000,2.6179,1.0000,,,,,
5.0760,1778833319.709800,423,10.268361,-0.004115,-0.016849,2.7182,-0.0148,0.011750,10.308708,0.022023,-0.014716,2.7201,10.288455,-0.004470,-0.016819,2.6434,-0.0070,0.004264,0.799407,0.0073,10.288455,-0.000000,-0.000000,4.9969,0.590891,-1.365024,223.3104,0,1,clay,1.0000,0.500000,0,0,0.000000,0.000000,0.000000,0,nan,0.00,0.028233,0.3917,0.0058,0.014907,-0.1499,0.47,6.66,7.61,6.65,0.022023,-0.8431,-2.2768,0.008000,0.049142,-0.0031,0.067082,-0.014838,-0.001038,-126.99981720703886,198.76662845429257,227.52268642590437,171.87531235653128,0.009483,0.006278,6326.9,6293.7,0.357529,0.237882,-0.066369,2.6373,1.0000,,,,,
5.0880,1778833319.721934,424,10.476895,0.058768,-0.012216,2.7202,0.0069,0.009412,10.341491,0.021745,-0.014540,2.7382,10.497045,0.058560,-0.012171,2.6595,-0.0021,0.007301,0.806000,0.0194,10.497045,-0.000000,0.000000,4.9547,-1.000000,-1.375855,220.9523,0,1,clay,1.0000,0.500000,0,0,0.000000,0.000000,0.000000,0,nan,0.00,0.005506,0.3892,0.0074,0.002907,-0.1664,0.46,6.66,7.59,6.67,0.021745,-0.8331,-2.2165,0.008000,0.134091,0.1914,0.050115,-0.011506,-0.001202,-190.68149274234494,-342.27558695100936,337.6976367002875,153.30136870529742,0.014643,0.005699,6325.2,6295.3,0.360451,0.247478,0.590891,2.6534,1.0000,,,,,
5.1000,1778833319.733750,425,10.286703,-0.032344,0.001853,2.8222,-0.1257,0.009391,10.374489,0.021376,-0.014424,2.7569,10.307004,-0.032456,0.001889,2.6922,-0.0254,0.003615,0.815243,-0.0046,10.307004,-0.000000,-0.000000,4.9950,0.412921,-1.390547,216.1353,0,1,clay,1.0000,0.500000,0,0,0.000000,0.000000,0.000000,0,nan,0.00,0.014891,0.3867,0.0091,0.007862,-0.1831,0.44,6.66,7.55,6.64,0.021376,-0.8265,-2.2380,0.008000,0.112525,1.0540,0.057081,-0.032093,-0.000369,-115.32116980500956,285.4738804468485,363.9080220231498,255.52503449059213,0.010673,0.014750,6322.9,6297.7,0.364546,0.222925,-1.000000,2.6860,1.0000,,,,,
5.1120,1778833319.745779,426,10.450138,0.068351,-0.009800,2.7310,0.0244,0.019022,10.407720,0.021147,-0.014212,2.7764,10.470448,0.068121,-0.009740,2.7010,-0.0144,0.007936,0.822938,0.0110,10.470448,-0.000000,0.000000,4.9627,-1.000000,-1.406118,215.3848,0,1,clay,1.0000,0.500000,0,0,0.000000,0.000000,0.000000,0,nan,0.00,-0.007837,0.3843,0.0109,-0.004138,-0.2000,0.44,6.66,7.53,6.70,0.021147,-0.8143,-2.1864,0.008000,0.192754,0.1302,0.066100,-0.020385,-0.000517,-190.6762838061356,-59.37118532944669,246.95080231239558,211.71754657560493,0.010176,0.012439,6320.9,6299.7,0.367980,0.246248,0.412921,2.6947,1.0000,,,,,
5.1240,1778833319.757966,427,10.531415,-0.024895,-0.014742,2.7468,-0.0773,0.016133,10.441170,0.020921,-0.014000,2.7943,10.551842,-0.025324,-0.014686,2.7110,-0.0275,0.004930,0.817461,-0.0117,10.551842,0.000000,0.000000,4.9357,1.000000,-1.409198,212.6472,0,1,clay,1.0000,0.500000,0,0,0.000000,0.000000,0.000000,0,nan,0.00,0.014891,0.3818,0.0127,0.007862,-0.2169,0.44,6.66,7.54,6.62,0.020921,-0.8021,-2.1415,0.008000,0.114145,0.4164,0.041244,-0.044237,-0.009939,-100.83642355777928,158.07850009368485,254.70849213297436,281.5857136372214,0.001410,0.017494,6322.3,6298.3,0.365623,0.250273,-1.000000,2.7048,1.0000,,,,,
5.1360,1778833319.769818,428,10.387506,-0.009945,-0.009682,2.8208,-0.0867,0.019504,10.474841,0.020533,-0.013899,2.8104,10.408043,-0.010289,-0.009599,2.7334,-0.0325,0.010805,0.817365,0.0154,10.408043,-0.000000,0.000000,4.9784,0.812967,-1.412143,209.1347,0,1,clay,1.0000,0.500000,0,0,0.000000,0.000000,0.000000,0,nan,0.00,0.033367,0.3794,0.0147,0.017618,-0.2338,0.43,6.65,7.52,6.63,0.020533,-0.7963,-2.1680,0.008000,0.100785,0.0726,0.080849,-0.033223,0.018823,-538.1177523113706,-100.45126041324363,296.1240911547101,338.49507094660635,0.016245,0.022506,6322.3,6298.3,0.365577,0.209264,1.000000,2.7273,1.0000,,,,,
5.1480,1778833319.789552,429,10.536515,0.064494,-0.004659,2.8093,-0.0683,0.006461,10.508711,0.020010,-0.013844,2.8304,10.557092,0.064228,-0.004575,2.7493,-0.0350,0.012131,0.821836,0.0237,10.557092,0.000000,0.000000,4.9338,-1.000000,-1.417930,207.0540,0,1,clay,1.0000,0.500000,0,0,0.000000,0.000000,0.000000,0,nan,0.00,0.010640,0.3770,0.0168,0.005618,-0.2508,0.42,6.67,7.51,6.75,0.020010,-0.7932,-2.1034,0.008000,0.096118,0.6473,0.073109,-0.049120,0.001904,-368.11340203665026,296.8972546634671,472.06275644637714,344.51749904136165,0.028432,0.023642,6321.2,6299.4,0.367543,0.234504,0.812967,2.7431,1.0000,,,,,
5.1600,1778833319.796874,430,10.493703,0.088397,-0.014111,2.9337,0.0101,0.013457,10.542832,0.019630,-0.013691,2.8510,10.517159,0.087924,-0.014030,2.7871,-0.0294,0.007812,0.828872,-0.0028,10.517159,0.000000,0.000000,4.9481,-1.000000,-1.428223,201.7677,0,1,clay,1.0000,0.500000,0,0,0.000000,0.000000,0.000000,0,nan,0.00,-0.012087,0.3747,0.0189,-0.006382,-0.2680,0.88,6.67,8.43,6.69,0.019630,-0.7845,-2.0972,0.008000,0.062908,0.0241,0.082678,-0.032496,0.008752,95.50099632318002,315.29664498787395,330.632124888788,268.86046187407203,0.012028,0.019712,6319.0,6301.5,0.371254,0.199654,-1.000000,2.7800,1.0000,,,,,
5.1720,1778833319.805820,431,10.658480,-0.008067,-0.013710,2.8781,-0.0168,0.026490,10.577185,0.019486,-0.013393,2.8683,10.681668,-0.008496,-0.013622,2.8059,-0.0293,0.007002,0.825752,-0.0147,10.681668,0.000000,-0.000000,4.8818,0.666732,-1.430322,197.3652,0,1,clay,1.0000,0.500000,0,0,0.000000,0.000000,0.000000,0,nan,0.00,0.003066,0.3723,0.0212,0.001619,-0.2851,0.80,6.66,8.27,6.63,0.019486,-0.7673,-2.0136,0.008000,0.078202,0.1651,0.095033,-0.030488,0.011430,278.2319670842446,56.95912401833891,168.43743927154395,267.6565966475813,-0.003005,0.020079,6319.9,6300.7,0.369819,0.218835,-1.000000,2.7990,1.0000,,,,,
5.1840,1778833319.817790,432,10.624989,-0.016614,-0.010581,2.8899,0.0004,0.028373,10.611722,0.019451,-0.013062,2.8847,10.647931,-0.016855,-0.010462,2.8233,-0.0207,0.012836,0.814547,0.0070,10.647931,0.000000,0.000000,4.8966,1.000000,-1.422620,193.8056,0,1,clay,1.0000,0.500000,0,0,0.000000,0.000000,0.000000,0,nan,0.00,0.025793,0.3700,0.0235,0.013619,-0.3022,0.74,6.66,8.14,6.67,0.019451,-0.7484,-2.0119,0.008000,0.072636,0.3330,0.093248,-0.030566,0.007107,-165.25618039522695,93.76835241241236,86.64520803525905,266.34806658120556,0.001192,0.019396,6322.7,6297.8,0.364791,0.220397,0.666732,2.8166,1.0000,,,,,
5.1960,1778833319.829890,433,10.660603,0.035786,-0.014526,2.9988,-0.0072,0.023076,10.646459,0.019246,-0.012851,2.9017,10.683523,0.035528,-0.014387,2.8584,-0.0147,0.017055,0.807373,0.0216,10.683523,0.000000,-0.000000,4.8810,-0.734229,-1.413163,187.9081,0,1,clay,1.0000,0.500000,0,0,0.000000,0.000000,0.000000,0,nan,0.00,0.009106,0.3677,0.0259,0.004808,-0.3192,0.68,6.66,8.02,6.62,0.019246,-0.7363,-1.9794,0.008000,0.104418,-0.1768,0.111772,-0.013840,0.025193,-464.96904984667754,-945.0086221336662,196.84551225459376,253.4727206820951,0.011272,0.018613,6324.6,6296.0,0.361528,0.188787,1.000000,2.8519,1.0000,,,,,
5.2080,1778833319.841769,434,10.728058,-0.016574,-0.006532,3.0240,-0.0402,0.010539,10.681401,0.018838,-0.012743,2.9185,10.750936,-0.016726,-0.006417,2.8916,-0.0214,0.012175,0.808538,-0.0010,10.750936,-0.000000,-0.000000,4.8514,0.180555,-1.408694,182.3936,0,1,clay,1.0000,0.500000,0,0,0.000000,0.000000,0.000000,0,nan,0.00,0.013209,0.3654,0.0284,0.006975,-0.3361,0.63,6.66,7.92,6.64,0.018838,-0.7301,-1.9329,0.008000,0.152783,-0.5032,0.111436,-0.017245,0.014925,-364.4825387862953,-23.505119865608208,200.78893065704662,243.51343320729706,0.004511,0.018745,6324.4,6296.2,0.361942,0.183170,-0.734229,2.8852,1.0000,,,,,
5.2200,1778833319.853782,435,10.771925,-0.031605,-0.014280,2.9409,0.0192,0.014277,10.716567,0.018518,-0.012560,2.9380,10.794694,-0.031862,-0.014164,2.9024,-0.0128,0.013373,0.813283,0.0084,10.794694,-0.000000,-0.000000,4.8326,1.000000,-1.410189,181.1047,0,1,clay,1.0000,0.500000,0,0,0.000000,0.000000,0.000000,0,nan,0.00,0.035937,0.3631,0.0310,0.018975,-0.3530,0.60,6.66,7.86,6.71,0.018518,-0.7196,-1.8946,0.008000,0.101795,-0.3056,0.112698,0.001121,0.029335,-280.62768771893127,249.9453009782187,59.05885316753704,186.0746991020733,0.003931,0.015407,6323.2,6297.4,0.363979,0.200161,0.180555,2.8960,1.0000,,,,,
5.2320,1778833319.865776,436,10.810366,0.010851,-0.014670,2.8618,0.1044,0.023122,10.751974,0.018277,-0.012322,2.9578,10.832900,0.010806,-0.014532,2.8957,0.0104,0.018127,0.814321,0.0268,10.832900,-0.000000,-0.000000,4.8166,-0.373323,-1.411566,182.1980,0,1,clay,1.0000,0.500000,0,0,0.000000,0.000000,0.000000,0,nan,0.00,0.027452,0.3608,0.0336,0.014495,-0.3699,0.56,6.66,7.79,6.64,0.018277,-0.7060,-1.8588,0.008000,0.043983,-0.0273,0.096569,0.015071,0.014658,-88.8010571090432,191.64698419515526,115.37789369473123,82.52461657563907,0.007052,0.008105,6323.0,6297.6,0.364403,0.221728,1.000000,2.8893,1.0000,,,,,
5.2440,1778833319.877748,437,10.838919,-0.035649,-0.024585,2.9345,-0.0269,0.015260,10.787597,0.018004,-0.012116,2.9760,10.861327,-0.035987,-0.024460,2.9043,0.0027,0.015401,0.804097,0.0116,10.861327,-0.000000,-0.000000,4.8048,1.000000,-1.402961,180.2634,0,1,clay,1.0000,0.500000,0,0,0.000000,0.000000,0.000000,0,nan,0.00,0.050179,0.3586,0.0362,0.026495,-0.3868,0.53,6.69,7.75,6.83,0.018004,-0.6942,-1.8287,0.008000,0.158984,-0.9205,0.082893,0.004225,0.006380,-147.23983839564647,-60.93241864436368,147.09560331436086,121.81807941677457,0.005080,0.010053,6325.6,6295.0,0.359853,0.201262,-0.373323,2.8981,1.0000,,,,,
5.2560,1778833319.890929,438,10.847347,0.023495,-0.001130,3.0596,0.0137,0.020030,10.823449,0.017757,-0.011888,2.9958,10.869929,0.023745,-0.000986,2.9355,0.0088,0.020024,0.799365,0.0342,10.869929,-0.000000,-0.000000,4.8012,-1.000000,-1.394941,175.0784,0,1,clay,1.0000,0.500000,0,0,0.000000,0.000000,0.000000,0,nan,0.00,0.027452,0.3563,0.0390,0.014495,-0.4035,0.51,6.68,7.69,6.64,0.017757,-0.6811,-1.8055,0.008000,0.040914,0.1278,0.097813,0.023688,0.024348,-115.3424819286944,120.65049458581348,252.9958578202269,103.33777208694545,0.015970,0.009378,6326.8,6293.8,0.357719,0.166537,1.000000,2.9293,1.0000,,,,,
5.2680,1778833319.901785,439,10.850089,-0.036164,-0.002216,3.0744,-0.0277,0.021015,10.859520,0.017478,-0.011689,3.0131,10.872732,-0.036017,-0.002085,2.9636,-0.0006,0.015789,0.801273,0.0068,10.872732,-0.000000,-0.000000,4.8001,-0.079945,-1.392505,170.7287,0,1,clay,1.0000,0.500000,0,0,0.000000,0.000000,0.000000,0,nan,0.00,0.025635,0.3541,0.0418,0.013535,-0.4202,0.48,6.68,7.65,6.71,0.017478,-0.6697,-1.7869,0.008000,0.130284,0.6321,0.087468,0.025361,0.037307,-20.34903377784312,569.3408446122046,215.512020431298,121.16466922804204,0.005708,0.011652,6326.3,6294.2,0.358502,0.157844,-1.000000,2.9574,1.0000,,,,,
5.2800,1778833319.913780,440,10.792826,-0.059459,-0.007125,2.9841,-0.0091,0.026949,10.895802,0.017407,-0.011370,3.0295,10.815409,-0.059411,-0.006982,2.9687,-0.0010,0.017663,0.798240,0.0129,10.815409,-0.000000,-0.000000,4.8239,1.000000,-1.389531,170.0217,0,1,clay,1.0000,0.500000,0,0,0.000000,0.000000,0.000000,0,nan,0.00,0.048362,0.3519,0.0446,0.025535,-0.4369,0.46,6.68,7.61,6.65,0.017407,-0.6515,-1.7944,0.008000,0.175341,0.3321,0.074110,0.009853,0.023421,160.70286732483646,501.92609969830215,27.45102890392681,140.78694379636372,0.004249,0.012981,6327.1,6293.4,0.357134,0.186403,-0.079945,2.9626,1.0000,,,,,
5.2920,1778833319.925785,441,10.960150,0.037935,-0.020219,3.0907,0.0728,0.024272,10.932301,0.017362,-0.011072,3.0474,10.982817,0.037834,-0.020057,2.9935,0.0152,0.022205,0.795464,0.0331,10.982817,-0.000000,0.000000,4.7548,-1.000000,-1.384333,166.2358,0,1,clay,1.0000,0.500000,0,0,0.000000,0.000000,0.000000,0,nan,0.00,0.025635,0.3498,0.0475,0.013535,-0.4535,0.45,6.68,7.58,6.68,0.017362,-0.6344,-1.7074,0.008000,0.065030,-0.6326,0.082642,0.010948,0.011874,-190.63561482256125,580.7202449629527,158.4622109557971,66.42871603566408,0.010890,0.008356,6327.8,6292.7,0.355877,0.155716,1.000000,2.9874,1.0000,,,,,
5.3040,1778833319.937779,442,11.022167,0.021186,-0.011608,3.0622,-0.0507,0.012346,10.969032,0.017175,-0.010881,3.0664,11.044881,0.021139,-0.011474,3.0079,0.0008,0.016316,0.797906,0.0060,11.044881,0.000000,0.000000,4.7289,-1.000000,-1.382119,163.9080,0,1,clay,1.0000,0.500000,0,0,0.000000,0.000000,0.000000,0,nan,0.00,0.002908,0.3476,0.0504,0.001535,-0.4701,0.44,6.69,7.56,6.71,0.017175,-0.6234,-1.6625,0.008000,0.054038,0.0615,0.062730,0.002487,0.016567,-336.39360408705136,17.552412911564033,182.71159302037398,103.20208696256643,0.003782,0.011335,6327.2,6293.3,0.356925,0.161312,-1.000000,3.0019,1.0000,,,,,
5.3160,1778833319.949793,443,11.043222,0.020939,-0.020933,3.1843,-0.0375,0.015315,11.005943,0.017012,-0.010651,3.0821,11.066174,0.020590,-0.020814,3.0432,-0.0078,0.012990,0.792274,-0.0060,11.066174,0.000000,0.000000,4.7199,-0.326634,-1.376392,158.3772,0,1,clay,1.0000,0.500000,0,0,0.000000,0.000000,0.000000,0,nan,0.00,-0.004516,0.3455,0.0534,-0.002384,-0.4866,0.43,6.68,7.54,6.65,0.017012,-0.6102,-1.6379,0.008000,0.039813,-0.9014,0.064690,-0.002836,0.015946,-195.20460545750814,270.7190158369667,85.29057066862697,119.99699546485238,-0.005407,0.013089,6328.7,6291.9,0.354426,0.132584,-1.000000,3.0372,1.0000,,,,,
5.3280,1778833319.961751,444,11.012226,-0.053155,-0.019584,3.1263,-0.1054,0.030084,11.043085,0.017052,-0.010314,3.0992,11.035231,-0.053588,-0.019453,3.0604,-0.0242,0.014312,0.784223,-0.0048,11.035231,0.000000,0.000000,4.7329,1.000000,-1.366917,155.6356,0,1,clay,1.0000,0.500000,0,0,0.000000,0.000000,0.000000,0,nan,0.00,0.018212,0.3433,0.0564,0.009616,-0.5030,0.42,6.69,7.54,6.76,0.017052,-0.5910,-1.6338,0.008000,0.074881,-0.3872,0.070702,-0.036145,0.005181,101.44166078021914,566.0813144559002,-57.154387328245576,228.15847189314505,-0.004312,0.020428,6330.7,6289.8,0.350837,0.145413,-0.326634,3.0544,1.0000,,,,,
5.3400,1778833319.973803,445,11.046024,0.057435,-0.011435,3.1080,-0.0036,0.014747,11.080412,0.017041,-0.010043,3.1168,11.069087,0.057244,-0.011297,3.0707,-0.0166,0.017512,0.785779,0.0171,11.069087,0.000000,0.000000,4.7187,-1.000000,-1.363485,154.3995,0,1,clay,1.0000,0.500000,0,0,0.000000,0.000000,0.000000,0,nan,0.00,-0.004516,0.3412,0.0594,-0.002384,-0.5194,0.41,6.68,7.51,6.64,0.017041,-0.5754,-1.6019,0.008000,0.089721,0.0736,0.087639,-0.037808,0.006472,-368.712515847564,1737.5220214895962,76.16882747225142,192.8439424983564,0.006808,0.018235,6330.4,6290.2,0.351488,0.149309,1.000000,3.0648,1.0000,,,,,
5.3520,1778833319.989038,446,11.116110,0.103639,-0.008239,3.1359,-0.0338,0.010099,11.117937,0.016743,-0.009959,3.1324,11.139236,0.103448,-0.008129,3.0846,-0.0228,0.011552,0.795718,-0.0099,11.139236,0.000000,0.000000,4.6889,-1.000000,-1.368858,153.7658,0,1,clay,1.0000,0.500000,0,0,0.000000,0.000000,0.000000,0,nan,0.00,-0.027243,0.3391,0.0625,-0.014384,-0.5358,0.41,6.68,7.50,6.64,0.016743,-0.5706,-1.5565,0.008000,0.148435,0.8411,0.093824,-0.046237,-0.004693,-337.86930423319177,-11.749683474405515,88.90432956780802,166.26566114845903,-0.003527,0.017848,6327.9,6292.7,0.355857,0.137102,-1.000000,3.0786,1.0000,,,,,
5.3640,1778833319.997778,447,11.138515,-0.056442,-0.004346,3.0946,-0.0584,0.020278,11.155666,0.016708,-0.009693,3.1497,11.161607,-0.056611,-0.004244,3.0877,-0.0310,0.009127,0.805305,-0.0219,11.161607,0.000000,-0.000000,4.6793,1.000000,-1.379076,153.0851,0,1,clay,1.0000,0.500000,0,0,0.000000,0.000000,0.000000,0,nan,0.00,-0.004516,0.3370,0.0656,-0.002384,-0.5524,0.40,6.67,7.48,6.65,0.016708,-0.5553,-1.5296,0.008000,0.087716,-0.3072,0.066200,-0.041689,0.010370,177.93803363087736,315.64409558457476,4.3504245492609215,182.32144273485264,-0.013664,0.020224,6325.4,6295.1,0.360096,0.145448,-1.000000,3.0817,1.0000,,,,,
5.3760,1778833320.009784,448,11.178145,0.031083,-0.005290,3.1459,-0.0241,0.032015,11.193577,0.016854,-0.009338,3.1636,11.201277,0.030968,-0.005155,3.1002,-0.0256,0.015750,0.806545,0.0051,11.201277,0.000000,-0.000000,4.6622,-0.548976,-1.386022,151.2405,0,1,clay,1.0000,0.500000,0,0,0.000000,0.000000,0.000000,0,nan,0.00,-0.016992,0.3350,0.0688,-0.008972,-0.5690,0.40,6.67,7.46,6.64,0.016854,-0.5350,-1.4986,0.008000,0.065902,-0.2741,0.050384,-0.037382,0.013455,-136.79015502299256,382.87869277720733,-111.7781326686173,185.21950468905143,-0.003491,0.021171,6325.1,6295.5,0.360667,0.129943,1.000000,3.0941,1.0000,,,,,
5.3880,1778833320.021785,449,11.297819,0.062241,-0.008957,3.1885,0.0992,0.017972,11.231702,0.016835,-0.009098,3.1855,11.321033,0.062185,-0.008835,3.1185,-0.0068,0.012568,0.815662,-0.0131,11.321033,-0.000000,-0.000000,4.6103,-1.000000,-1.395232,149.6660,0,1,clay,1.0000,0.500000,0,0,0.000000,0.000000,0.000000,0,nan,0.00,-0.039720,0.3329,0.0720,-0.020972,-0.5857,0.39,6.68,7.46,6.72,0.016835,-0.5213,-1.4248,0.008000,0.221531,-0.2143,0.063837,-0.024286,-0.001258,-408.3074042274764,1495.9540518929737,-156.23771656479212,40.968925722412465,-0.017810,0.012714,6322.8,6297.8,0.364705,0.113454,-0.548976,3.1124,1.0000,,,,,
5.4000,1778833320.033942,450,11.256917,0.010601,-0.015578,3.1442,0.0068,0.010616,11.270003,0.016667,-0.008967,3.1991,11.280237,0.010357,-0.015480,3.1246,-0.0078,0.007976,0.807787,-0.0284,11.280237,-0.000000,-0.000000,4.6280,0.561265,-1.394069,147.8144,0,1,clay,1.0000,0.500000,0,0,0.000000,0.000000,0.000000,0,nan,0.00,-0.026964,0.3309,0.0752,-0.014237,-0.6025,0.40,6.67,7.46,6.63,0.016667,-0.5138,-1.4290,0.008000,0.036442,0.1294,0.045536,-0.019144,0.006226,-348.3458682507017,446.6326993711539,-102.28950905084157,25.700068391209754,-0.029556,0.010938,6324.8,6295.8,0.361270,0.123721,-1.000000,3.1185,1.0000,,,,,
5.4120,1778833320.045768,451,11.326305,0.033815,-0.012077,3.2114,-0.0457,0.014015,11.308511,0.016549,-0.008792,3.2154,11.349696,0.033609,-0.011975,3.1425,-0.0122,0.010310,0.799588,-0.0101,11.349696,-0.000000,-0.000000,4.5979,-0.124692,-1.385357,144.9076,0,1,clay,1.0000,0.500000,0,0,0.000000,0.000000,0.000000,0,nan,0.00,-0.029797,0.3289,0.0784,-0.015733,-0.6191,0.39,6.66,7.45,6.64,0.016549,-0.5037,-1.3825,0.008000,0.023568,-0.1281,0.048784,-0.009498,0.021261,-450.0032739265256,265.85569364549633,-261.8803711260729,60.5702013784106,-0.019677,0.013069,6326.8,6293.7,0.357634,0.099179,0.561265,3.1365,1.0000,,,,,
5.4240,1778833320.057750,452,11.344526,-0.047628,-0.001259,3.1278,0.0244,0.009270,11.347205,0.016338,-0.008681,3.2303,11.367843,-0.047557,-0.001170,3.1408,-0.0072,0.008191,0.799192,-0.0167,11.367843,-0.000000,-0.000000,4.5900,1.000000,-1.379456,145.0778,0,1,clay,1.0000,0.500000,0,0,0.000000,0.000000,0.000000,0,nan,0.00,-0.007070,0.3268,0.0817,-0.003733,-0.6356,0.38,6.66,7.43,6.65,0.016338,-0.4974,-1.3597,0.008000,0.068241,1.0460,0.012406,0.001975,0.021818,-513.3302922283515,411.06197902461577,-405.5357959131295,17.69626310242134,-0.022540,0.010017,6327.0,6293.6,0.357418,0.119928,-0.124692,3.1348,1.0000,,,,,
5.4360,1778833320.069750,453,11.303871,-0.041632,-0.004023,3.2595,0.0998,0.007772,11.386079,0.016030,-0.008615,3.2439,11.327322,-0.041470,-0.003931,3.1649,0.0137,0.010911,0.792288,0.0037,11.327322,-0.000000,-0.000000,4.6076,1.000000,-1.371927,141.1291,0,1,clay,1.0000,0.500000,0,0,0.000000,0.000000,0.000000,0,nan,0.00,0.015657,0.3248,0.0850,0.008267,-0.6521,0.38,6.67,7.43,6.73,0.016030,-0.4936,-1.3637,0.008000,0.041471,0.8021,0.020183,0.008530,-0.002711,-462.9208708920126,604.3482195383473,-288.6462484925591,-91.49853606549907,-0.016055,0.002715,6328.7,6291.8,0.354341,0.081294,1.000000,3.1590,1.0000,,,,,
5.4480,1778833320.087299,454,11.343091,-0.057847,-0.008827,3.2372,0.0214,-0.001181,11.425115,0.015639,-0.008610,3.2597,11.366680,-0.057795,-0.008744,3.1800,0.0172,0.011438,0.794174,0.0157,11.366680,-0.000000,-0.000000,4.5905,1.000000,-1.368741,139.3356,0,1,clay,1.0000,0.500000,0,0,0.000000,0.000000,0.000000,0,nan,0.00,0.038384,0.3229,0.0883,0.020267,-0.6685,0.38,6.67,7.42,6.64,0.015639,-0.4933,-1.3307,0.008000,0.117537,0.0412,0.024788,0.018423,0.005770,-320.3964625610875,427.76773827625306,-118.47248065162356,-129.16590943225697,-0.002810,0.000753,6328.3,6292.3,0.355154,0.085177,1.000000,3.1741,1.0000,,,,,
5.4600,1778833320.094487,455,11.485891,0.048798,-0.013490,3.2714,0.0093,-0.000644,11.464326,0.015234,-0.008617,3.2717,11.510310,0.048729,-0.013408,3.1990,0.0186,0.012585,0.782291,0.0279,11.510310,0.000000,0.000000,4.5276,-1.000000,-1.354767,136.6504,0,1,clay,1.0000,0.500000,0,0,0.000000,0.000000,0.000000,0,nan,0.00,0.015657,0.3209,0.0917,0.008267,-0.6848,0.49,6.66,7.63,6.61,0.015234,-0.4937,-1.2559,0.008000,0.064302,-0.3733,0.028790,0.052541,0.042922,-114.340297697226,545.1980252491833,99.18018382431285,-134.287299488425,0.010884,-0.000027,6331.2,6289.4,0.350027,0.072014,1.000000,3.1929,1.0000,,,,,
5.4720,1778833320.105777,456,11.569151,-0.029109,-0.001079,3.2210,0.0055,-0.000403,11.503697,0.014890,-0.008600,3.2882,11.593443,-0.028950,-0.001026,3.2042,0.0126,0.006481,0.764285,0.0007,11.593443,0.000000,0.000000,4.4909,-0.425870,-1.328710,134.3218,0,1,clay,1.0000,0.500000,0,0,0.000000,0.000000,0.000000,0,nan,0.00,0.005978,0.3189,0.0950,0.003156,-0.7007,0.46,6.66,7.59,6.65,0.014890,-0.4928,-1.2026,0.008000,0.103342,0.1291,0.030101,0.026446,0.010621,62.49955358824164,393.3543053237172,97.90005257850822,-119.51861851946508,0.000419,-0.000396,6335.8,6284.8,0.341999,0.086809,-1.000000,3.1984,1.0000,,,,,
5.4840,1778833320.117835,457,11.518600,0.085595,-0.011950,3.3376,-0.0465,0.005597,11.543202,0.014679,-0.008509,3.2945,11.543025,0.085394,-0.011902,3.2310,0.0019,0.005539,0.746982,-0.0001,11.543025,0.000000,0.000000,4.5132,-1.000000,-1.302521,130.6669,0,1,clay,1.0000,0.500000,0,0,0.000000,0.000000,0.000000,0,nan,0.00,-0.016749,0.3170,0.0984,-0.008844,-0.7164,0.45,6.65,7.56,6.64,0.014679,-0.4875,-1.2186,0.008000,0.056762,-0.4795,0.044505,0.009364,0.004567,299.8753070896538,720.2719700178018,-11.107680037398339,-57.66338350605619,-0.000863,0.003049,6340.2,6280.3,0.334259,0.060900,-0.425870,3.2253,1.0000,,,,,
5.4960,1778833320.129710,458,11.527169,0.054318,-0.006851,3.2739,0.0720,0.012061,11.582835,0.014640,-0.008335,3.3058,11.551573,0.054317,-0.006809,3.2404,0.0106,0.003018,0.746349,-0.0164,11.551573,0.000000,0.000000,4.5094,-1.000000,-1.286721,128.7218,0,1,clay,1.0000,0.500000,0,0,0.000000,0.000000,0.000000,0,nan,0.00,-0.039476,0.3151,0.1018,-0.020844,-0.7318,0.44,6.66,7.55,6.72,0.014640,-0.4776,-1.2036,0.008000,0.105901,0.0417,0.034672,0.041003,0.034850,132.70770658278778,552.8799207444331,-70.33908153180867,-118.6399283938708,-0.017536,-0.000626,6340.5,6280.1,0.333876,0.073513,-1.000000,3.2347,1.0000,,,,,
5.5080,1778833320.141835,459,11.646695,0.060392,0.001083,3.3282,0.0046,0.016352,11.622573,0.014683,-0.008132,3.3150,11.671237,0.060558,0.001124,3.2583,0.0061,0.001426,0.728961,-0.0284,11.671237,0.000000,-0.000000,4.4561,-1.000000,-1.260670,125.6007,0,1,clay,1.0000,0.500000,0,0,0.000000,0.000000,0.000000,0,nan,0.00,-0.062204,0.3131,0.1052,-0.032844,-0.7469,0.44,6.66,7.53,6.63,0.014683,-0.4659,-1.1411,0.008000,0.076730,0.9033,0.047430,0.029644,0.027530,-23.837023851319827,449.78659683013166,-185.97904072716977,-83.18254545114193,-0.029636,0.000889,6344.9,6275.7,0.326146,0.059887,-1.000000,3.2528,1.0000,,,,,
5.5200,1778833320.153776,460,11.667733,-0.112650,-0.013203,3.2808,-0.0668,0.014052,11.662440,0.014675,-0.007981,3.3244,11.692251,-0.112962,-0.013168,3.2636,-0.0099,-0.000782,0.712669,-0.0404,11.692251,0.000000,-0.000000,4.4467,1.000000,-1.230979,125.0785,0,1,clay,1.0000,0.500000,0,0,0.000000,0.000000,0.000000,0,nan,0.00,-0.039476,0.3112,0.1086,-0.020844,-0.7617,0.43,6.66,7.52,6.67,0.014675,-0.4573,-1.1223,0.008000,0.142982,-0.1294,0.035769,0.013591,0.025697,-558.7869059879462,310.5694757294141,-271.33310850905764,19.742492081439977,-0.037285,0.006110,6349.1,6271.5,0.318855,0.065024,-1.000000,3.2582,1.0000,,,,,
5.5320,1778833320.165774,461,11.759498,0.024259,-0.020481,3.3767,-0.0675,0.006294,11.702415,0.014580,-0.007877,3.3332,11.784112,0.023709,-0.020435,3.2864,-0.0166,0.003239,0.697180,-0.0133,11.784112,-0.000000,-0.000000,4.4048,0.896148,-1.201441,120.1705,0,1,clay,1.0000,0.500000,0,0,0.000000,0.000000,0.000000,0,nan,0.00,-0.019109,0.3093,0.1120,-0.010090,-0.7761,0.42,6.66,7.49,6.63,0.014580,-0.4513,-1.0716,0.008000,0.105467,-1.1534,0.060439,-0.013507,0.010675,-944.2085088038227,-133.50946484386998,-394.06020658506554,86.7739392099615,-0.021011,0.009508,6353.1,6267.5,0.311906,0.033591,1.000000,3.2812,1.0000,,,,,
5.5440,1778833320.185472,462,11.698889,0.030541,-0.009098,3.4635,-0.0264,-0.018202,11.742490,0.014044,-0.008043,3.3402,11.723686,0.030222,-0.009078,3.3212,-0.0163,0.001591,0.623836,-0.0034,11.723686,0.000000,-0.000000,4.4324,-0.294865,-1.123374,111.5377,0,1,clay,1.0000,0.500000,0,0,0.000000,0.000000,0.000000,0,nan,0.00,-0.025811,0.3075,0.1153,-0.013628,-0.7896,0.41,6.69,7.50,6.86,0.014044,-0.4608,-1.0922,0.008000,0.089204,-0.3585,0.072347,-0.033259,-0.006046,-906.2856041930808,-204.45720299719926,-156.22052258635375,114.81099021689522,-0.006992,0.007309,6371.7,6248.9,0.279410,0.006940,0.896148,3.3165,1.0000,,,,,
5.5560,1778833320.192890,463,11.806079,0.045152,-0.008947,3.3034,0.0840,-0.010710,11.782655,0.013481,-0.008175,3.3506,11.834061,0.044895,-0.008954,3.3192,-0.0014,-0.002883,0.619724,-0.0161,11.834061,-0.000000,-0.000000,4.3817,-1.000000,-1.074687,111.9490,0,1,clay,1.0000,0.500000,0,0,0.000000,0.000000,0.000000,0,nan,0.00,-0.048538,0.3056,0.1187,-0.025628,-0.8025,0.88,6.68,8.43,6.62,0.013481,-0.4684,-1.0311,0.008000,0.158686,-0.0772,0.054466,-0.027280,-0.022889,-674.7248993616649,-81.0205702395084,-251.53829091249582,-15.21106442683238,-0.015041,-0.000079,6372.6,6247.9,0.277816,0.056489,-0.294865,3.3139,1.0000,,,,,
5.5680,1778833320.201785,464,11.811423,0.027037,-0.003589,3.3510,-0.0688,0.006963,11.822898,0.013078,-0.008184,3.3555,11.838928,0.026800,-0.003604,3.3261,-0.0167,-0.005923,0.601580,-0.0339,11.838928,-0.000000,-0.000000,4.3795,-0.406925,-1.032306,109.9500,0,1,clay,1.0000,0.500000,0,0,0.000000,0.000000,0.000000,0,nan,0.00,-0.057786,0.3037,0.1220,-0.030511,-0.8149,0.80,6.67,8.27,6.64,0.013078,-0.4689,-1.0240,0.008000,0.028376,0.4905,0.043912,-0.022563,-0.000398,104.66401716941893,402.41661025520034,-265.5448919869412,85.33115357815299,-0.023399,0.004643,6377.4,6243.2,0.269547,0.043879,-1.000000,3.3211,1.0000,,,,,
5.5800,1778833320.213824,465,11.907368,0.002835,-0.002561,3.2696,-0.0296,0.009900,11.863191,0.012899,-0.008055,3.3591,11.934384,0.002611,-0.002568,3.3159,-0.0203,-0.005338,0.582321,-0.0338,11.934384,-0.000000,0.000000,4.3355,0.707025,-0.989958,110.4957,0,1,clay,1.0000,0.500000,0,0,0.000000,0.000000,0.000000,0,nan,0.00,-0.041718,0.3019,0.1253,-0.022027,-0.8268,0.74,6.67,8.15,6.64,0.012899,-0.4615,-0.9764,0.008000,0.030448,-0.1251,0.030481,-0.023453,0.003106,86.85663558239084,-151.95101284509917,-464.5785915563282,138.9096604762009,-0.027900,0.006474,6382.4,6238.2,0.260833,0.069007,-0.406925,3.3111,1.0000,,,,,
5.5920,1778833320.225861,466,11.842035,-0.029811,-0.013007,3.4191,-0.0134,0.006409,11.903548,0.012670,-0.007966,3.3654,11.868836,-0.030273,-0.012999,3.3366,-0.0170,-0.001570,0.563330,-0.0163,11.868836,-0.000000,-0.000000,4.3656,1.000000,-0.952519,106.8773,0,1,clay,1.0000,0.500000,0,0,0.000000,0.000000,0.000000,0,nan,0.00,-0.018990,0.3001,0.1286,-0.010027,-0.8382,0.69,6.66,8.04,6.65,0.012670,-0.4564,-1.0002,0.008000,0.114934,-0.0951,0.026310,0.006464,0.033240,-742.3587719537394,-92.532456572922,-385.9985821918449,150.23387115431012,-0.019749,0.006603,6387.3,6233.3,0.252245,0.019394,0.707025,3.3320,1.0000,,,,,
5.6040,1778833320.237759,467,11.998719,-0.007144,-0.009984,3.4336,0.0314,0.000386,11.943975,0.012231,-0.007989,3.3728,12.025360,-0.007431,-0.009967,3.3561,-0.0063,0.001214,0.552667,-0.0021,12.025360,0.000000,0.000000,4.2945,0.827727,-0.919100,104.1050,0,1,clay,1.0000,0.500000,0,0,0.000000,0.000000,0.000000,0,nan,0.00,-0.000178,0.2983,0.1318,-0.000094,-0.8492,0.64,6.67,7.95,6.69,0.012231,-0.4577,-0.9217,0.008000,0.137273,-0.1992,0.036665,0.011409,0.032596,-22.687742288846152,33.648476909222154,-224.12486116237523,91.20929423711678,-0.010051,0.003517,6390.1,6230.5,0.247364,0.016865,1.000000,3.3517,1.0000,,,,,
5.6160,1778833320.249746,468,11.928868,0.050129,-0.009012,3.4303,0.0393,-0.013623,11.984460,0.011550,-0.008145,3.3766,11.955402,0.049921,-0.009008,3.3712,0.0034,0.001025,0.539564,0.0064,11.955402,-0.000000,0.000000,4.3259,-1.000000,-0.892437,101.9456,0,1,clay,1.0000,0.500000,0,0,0.000000,0.000000,0.000000,0,nan,0.00,-0.022906,0.2965,0.1350,-0.012094,-0.8599,0.60,6.66,7.87,6.64,0.011550,-0.4667,-0.9494,0.008000,0.069258,-0.5889,0.035661,0.035230,0.045032,-1005.7206649763257,-555.1436035870965,-31.248610091541238,6.834344920996202,-0.001126,-0.000775,6393.5,6227.1,0.241433,0.009680,0.827727,3.3669,1.0000,,,,,
5.6280,1778833320.261734,469,11.959290,0.035281,-0.012768,3.3371,0.0751,0.001009,12.024986,0.010898,-0.008245,3.3764,11.985520,0.035038,-0.012779,3.3650,0.0111,-0.003543,0.493542,-0.0199,11.985520,-0.000000,0.000000,4.3123,-0.870080,-0.836798,100.6969,0,1,clay,1.0000,0.500000,0,0,0.000000,0.000000,0.000000,0,nan,0.00,-0.042680,0.2947,0.1382,-0.022535,-0.8700,0.57,6.66,7.80,6.64,0.010898,-0.4724,-0.9359,0.008000,0.164749,0.0274,0.026232,0.005505,-0.011825,-8.426409484876046,-221.78753267749852,-277.7212528808008,-59.108652294746356,-0.017343,-0.004849,6405.2,6215.4,0.220990,0.054008,-1.000000,3.3611,1.0000,,,,,
5.6400,1778833320.273767,470,12.059752,-0.014763,-0.007559,3.3955,0.0302,0.005855,12.065532,0.010499,-0.008187,3.3798,12.085801,-0.014863,-0.007573,3.3715,0.0112,-0.005087,0.481848,-0.0293,12.085801,0.000000,0.000000,4.2677,0.882969,-0.793058,99.3416,0,1,clay,1.0000,0.500000,0,0,0.000000,0.000000,0.000000,0,nan,0.00,-0.022613,0.2929,0.1413,-0.011940,-0.8795,0.54,6.69,7.76,6.86,0.010499,-0.4691,-0.8879,0.008000,0.061145,0.7192,0.011644,0.018359,-0.003336,46.72182331038701,485.5201287173787,-510.5230363307609,-63.04166641752519,-0.029034,-0.005066,6408.3,6212.3,0.215610,0.024096,-0.870080,3.3678,1.0000,,,,,
5.6520,1778833320.286572,471,12.097303,-0.050735,-0.003400,3.3498,-0.0645,0.005192,12.106097,0.010096,-0.008129,3.3818,12.123334,-0.050800,-0.003395,3.3679,0.0009,-0.000355,0.465920,-0.0051,12.123334,0.000000,0.000000,4.2508,1.000000,-0.754423,99.3199,0,1,clay,1.0000,0.500000,0,0,0.000000,0.000000,0.000000,0,nan,0.00,0.000115,0.2911,0.1443,0.000060,-0.8885,0.52,6.68,7.73,6.64,0.010096,-0.4657,-0.8690,0.008000,0.087141,0.3162,-0.019236,0.019581,0.018057,-372.35206920642435,191.99754178770206,-304.2459660390499,59.21750272548995,-0.013950,0.000133,6412.4,6208.1,0.208429,0.030530,0.882969,3.3643,1.0000,,,,,
5.6640,1778833320.297752,472,12.174244,0.017924,-0.010833,3.4888,0.0229,-0.002264,12.146703,0.009511,-0.008191,3.3857,12.200273,0.017714,-0.010822,3.3919,0.0070,0.002014,0.451901,0.0077,12.200273,0.000000,-0.000000,4.2140,-0.335202,-0.720244,95.9405,0,1,clay,1.0000,0.500000,0,0,0.000000,0.000000,0.000000,0,nan,0.00,-0.007504,0.2893,0.1474,-0.003962,-0.8972,0.50,6.69,7.68,6.71,0.009511,-0.4693,-0.8283,0.008000,0.024819,-0.0912,0.007226,0.028259,0.029988,-598.4004395941424,82.34753579703602,-65.70260104314796,21.79550189141088,-0.002651,-0.001423,6416.1,6204.5,0.202089,-0.013526,1.000000,3.3884,1.0000,,,,,
5.6760,1778833320.309793,473,12.238127,-0.001228,-0.006415,3.3708,-0.0322,-0.016827,12.187322,0.008657,-0.008388,3.3861,12.264000,-0.001433,-0.006434,3.3883,-0.0016,-0.002931,0.424768,-0.0065,12.264000,-0.000000,-0.000000,4.1804,-0.235315,-0.675595,95.4674,0,1,clay,1.0000,0.500000,0,0,0.000000,0.000000,0.000000,0,nan,0.00,-0.012852,0.2876,0.1503,-0.006786,-0.9053,0.48,6.67,7.63,6.62,0.008657,-0.4806,-0.7943,0.008000,0.070848,-0.1271,-0.001281,0.032304,0.034811,-525.2851377036214,-354.89752068401117,-47.182088179177704,39.8616831568588,-0.002775,-0.000950,6423.0,6197.6,0.189980,0.018384,-0.335202,3.3850,1.0000,,,,,
5.6880,1778833320.321832,474,12.249963,-0.016608,-0.010223,3.3375,-0.0328,0.002426,12.227961,0.007929,-0.008478,3.3886,12.275668,-0.016950,-0.010239,3.3790,-0.0076,-0.002855,0.424075,-0.0086,12.275668,-0.000000,-0.000000,4.1739,0.655650,-0.650356,96.6968,0,1,clay,1.0000,0.500000,0,0,0.000000,0.000000,0.000000,0,nan,0.00,0.002049,0.2859,0.1532,0.001082,-0.9131,0.47,6.67,7.61,6.64,0.007929,-0.4858,-0.7853,0.008000,0.022287,-0.4080,0.001665,0.020465,0.027647,-101.20868763953774,885.9114026014146,-75.38780095388016,99.02349167015899,-0.004165,0.001352,6423.3,6197.3,0.189515,0.027876,-0.235315,3.3758,1.0000,,,,,
5.7000,1778833320.333803,475,12.271351,0.033244,-0.010388,3.3558,-0.0648,0.005057,12.268569,0.007420,-0.008433,3.3840,12.296948,0.032855,-0.010387,3.3750,-0.0149,0.000738,0.401793,0.0061,12.296948,-0.000000,-0.000000,4.1618,-0.901011,-0.617380,96.9100,0,1,clay,1.0000,0.500000,0,0,0.000000,0.000000,0.000000,0,nan,0.00,-0.018428,0.2841,0.1561,-0.009730,-0.9205,0.46,6.67,7.59,6.65,0.007420,-0.4832,-0.7778,0.008000,0.098138,0.1585,-0.020994,-0.014188,0.003194,421.1324510870697,701.1807577749487,140.9141278542028,205.16616445050724,0.006454,0.005307,6429.0,6191.6,0.179586,0.024693,0.655650,3.3719,1.0000,,,,,
5.7120,1778833320.345788,476,12.391437,0.033201,-0.006528,3.3416,-0.0283,-0.001728,12.309186,0.006868,-0.008442,3.3842,12.416906,0.032861,-0.006542,3.3690,-0.0203,-0.003536,0.387420,-0.0165,12.416906,-0.000000,0.000000,4.0972,-1.000000,-0.582835,97.5088,0,1,clay,1.0000,0.500000,0,0,0.000000,0.000000,0.000000,0,nan,0.00,-0.041155,0.2824,0.1588,-0.021730,-0.9275,0.45,6.67,7.57,6.70,0.006868,-0.4837,-0.7130,0.008000,0.053858,0.1901,-0.045318,-0.021791,-0.000361,84.57110667819586,-71.73720390465041,-75.2719123226654,223.45804305136045,-0.003606,0.005743,6432.7,6187.9,0.173122,0.022241,-0.901011,3.3661,1.0000,,,,,
5.7240,1778833320.357836,477,12.329079,-0.002861,0.002283,3.3860,0.0175,-0.000599,12.349777,0.006351,-0.008431,3.3821,12.354545,-0.002955,0.002258,3.3727,-0.0166,-0.006458,0.362341,-0.0293,12.354545,-0.000000,-0.000000,4.1292,-0.009994,-0.544002,95.9094,0,1,clay,1.0000,0.500000,0,0,0.000000,0.000000,0.000000,0,nan,0.00,-0.041383,0.2807,0.1616,-0.021850,-0.9340,0.44,6.67,7.55,6.66,0.006351,-0.4831,-0.7471,0.008000,0.062147,0.6411,-0.055226,-0.003069,0.016121,75.90720368405493,1410.4618564160764,-380.4634500684572,175.01277159546947,-0.017745,0.003565,6439.1,6181.5,0.161931,0.007037,-1.000000,3.3699,1.0000,,,,,
5.7360,1778833320.369786,478,12.374622,-0.025514,-0.008536,3.3878,0.0412,0.002771,12.390346,0.005900,-0.008406,3.3810,12.400069,-0.025797,-0.008555,3.3759,-0.0068,-0.005035,0.338627,-0.0219,12.400069,-0.000000,-0.000000,4.1053,1.000000,-0.501024,95.0607,0,1,clay,1.0000,0.500000,0,0,0.000000,0.000000,0.000000,0,nan,0.00,-0.018655,0.2790,0.1642,-0.009850,-0.9400,0.44,6.66,7.53,6.62,0.005900,-0.4816,-0.7243,0.008000,0.077420,0.2634,-0.040990,0.012411,0.025431,-246.32311068211573,541.7891467939068,-527.52261014309,103.90894049379165,-0.021256,0.000780,6445.2,6175.4,0.151328,0.002398,-0.009994,3.3734,1.0000,,,,,
5.7480,1778833320.384908,479,12.375630,-0.009142,-0.002499,3.4222,0.1243,-0.013936,12.430870,0.005271,-0.008502,3.3759,12.401066,-0.009093,-0.002522,3.3853,0.0181,-0.003230,0.324992,-0.0023,12.401066,-0.000000,-0.000000,4.1048,0.302155,-0.466164,93.3936,0,1,clay,1.0000,0.500000,0,0,0.000000,0.000000,0.000000,0,nan,0.00,-0.011788,0.2773,0.1668,-0.006224,-0.9456,0.43,6.67,7.52,6.71,0.005271,-0.4871,-0.7289,0.008000,0.048017,0.3199,-0.036909,0.030911,0.016103,-765.5009230054911,-574.6931193568391,-376.4266631671718,-141.40223875417502,-0.015214,-0.007847,6448.7,6171.9,0.145159,-0.006676,1.000000,3.3828,1.0000,,,,,
5.7600,1778833320.393805,480,12.486143,0.027574,-0.011957,3.3796,0.0128,-0.019024,12.471371,0.004437,-0.008706,3.3748,12.511582,0.027341,-0.011999,3.3845,0.0167,-0.005460,0.306094,-0.0040,12.511582,0.000000,0.000000,4.0644,-0.547367,-0.427883,93.6667,0,1,clay,1.0000,0.500000,0,0,0.000000,0.000000,0.000000,0,nan,0.00,-0.024228,0.2756,0.1693,-0.012792,-0.9508,0.43,6.66,7.52,6.65,0.004437,-0.4988,-0.6896,0.008000,0.083600,-0.4885,-0.032330,0.012970,-0.008939,-380.333179358944,-308.6025588334578,-254.09358272554078,-177.69952922815884,-0.009551,-0.008925,6453.6,6167.0,0.136699,0.003522,0.302155,3.3822,1.0000,,,,,
5.7720,1778833320.405805,481,12.473231,0.018227,-0.001753,3.3944,-0.0636,-0.011064,12.511818,0.003629,-0.008863,3.3687,12.498637,0.018107,-0.001810,3.3868,0.0005,-0.008653,0.300101,-0.0169,12.498637,-0.000000,0.000000,4.0673,-0.792288,-0.401754,93.0009,0,1,clay,1.0000,0.500000,0,0,0.000000,0.000000,0.000000,0,nan,0.00,-0.042235,0.2740,0.1718,-0.022300,-0.9556,0.42,6.67,7.51,6.73,0.003629,-0.5078,-0.6986,0.008000,0.066308,0.5081,-0.052534,0.000001,-0.005128,398.7654142064348,-415.18083198169074,-299.43275488933216,-54.392116083896155,-0.010831,-0.004638,6455.2,6165.4,0.133923,-0.003004,-0.547367,3.3845,1.0000,,,,,
5.7840,1778833320.417834,482,12.570020,-0.063414,-0.011855,3.3670,-0.1462,-0.005634,12.552219,0.003017,-0.008912,3.3663,12.595394,-0.064015,-0.011921,3.3833,-0.0271,-0.011082,0.287808,-0.0282,12.595394,0.000000,0.000000,4.0566,1.000000,-0.372997,93.8583,0,1,clay,1.0000,0.500000,0,0,0.000000,0.000000,0.000000,0,nan,0.00,-0.019507,0.2723,0.1742,-0.010300,-0.9601,0.41,6.67,7.50,6.64,0.003017,-0.5106,-0.6903,0.008000,0.067673,-0.2938,-0.049578,-0.018519,0.004379,304.89382586624146,238.47298820921492,-315.7630212728943,203.51795193369824,-0.011836,0.004071,6458.3,6162.3,0.128409,0.000728,-0.792288,3.3812,1.0000,,,,,
5.7960,1778833320.429803,483,12.585345,-0.042214,-0.011019,3.3332,0.0935,0.002676,12.592569,0.002508,-0.008920,3.3619,12.610617,-0.042575,-0.011057,3.3740,-0.0031,-0.005137,0.278052,-0.0028,12.610617,0.000000,0.000000,4.0568,1.000000,-0.349302,94.6863,0,1,clay,1.0000,0.500000,0,0,0.000000,0.000000,0.000000,0,nan,0.00,0.003220,0.2707,0.1765,0.001700,-0.9642,0.41,6.66,7.49,6.64,0.002508,-0.5111,-0.6949,0.008000,0.034905,-0.0283,-0.049581,0.000570,0.000437,-323.41164639090357,271.36129688079177,-209.88951391322576,30.116541795326285,-0.007448,-0.001811,6460.8,6159.7,0.124004,0.006940,1.000000,3.3719,1.0000,,,,,
5.8080,1778833320.441747,484,12.636409,-0.112728,-0.008087,3.3898,-0.0366,-0.020454,12.632870,0.001680,-0.009116,3.3584,12.661627,-0.113065,-0.008134,3.3774,-0.0063,-0.004679,0.270906,0.0092,12.661627,0.000000,-0.000000,4.0596,1.000000,-0.327424,94.9917,0,1,clay,1.0000,0.500000,0,0,0.000000,0.000000,0.000000,0,nan,0.00,0.025947,0.2691,0.1787,0.013700,-0.9682,0.40,6.66,7.46,6.62,0.001680,-0.5223,-0.7013,0.008000,0.140724,0.1275,-0.039824,0.000503,0.002949,-852.1047933374091,-140.72267519170873,128.01473320433377,41.4965115646675,0.007963,-0.001366,6462.7,6157.9,0.120767,-0.012949,1.000000,3.3753,1.0000,,,,,
5.8200,1778833320.453743,485,12.747951,0.023550,-0.003182,3.3335,-0.0640,-0.018245,12.673097,0.000703,-0.009361,3.3507,12.773041,0.023269,-0.003232,3.3691,-0.0130,-0.003475,0.253213,0.0211,12.773041,-0.000000,-0.000000,4.0682,-1.000000,-0.298993,95.7933,0,1,clay,1.0000,0.500000,0,0,0.000000,0.000000,0.000000,0,nan,0.00,0.003220,0.2674,0.1809,0.001700,-0.9718,0.40,6.66,7.45,6.69,0.000703,-0.5363,-0.7175,0.008000,0.007390,0.2128,-0.040500,0.009016,0.021136,-405.77835633451843,-782.7277610532653,380.8081730358445,107.82031081278467,0.024110,0.000780,6467.2,6153.3,0.112880,0.002418,1.000000,3.3672,1.0000,,,,,
5.8320,1778833320.465805,486,12.736423,-0.008618,-0.013684,3.3047,-0.0191,-0.010266,12.713257,-0.000216,-0.009532,3.3445,12.761436,-0.009200,-0.013749,3.3569,-0.0172,-0.008153,0.234910,-0.0058,12.761436,-0.000000,-0.000000,4.0676,0.212557,-0.267038,96.9340,0,1,clay,1.0000,0.500000,0,0,0.000000,0.000000,0.000000,0,nan,0.00,0.008051,0.2658,0.1830,0.004251,-0.9750,0.40,6.66,7.45,6.64,-0.000216,-0.5462,-0.7231,0.008000,0.044704,-0.8764,-0.053762,0.009128,0.021219,667.0430567977222,-2091.647314785816,211.63010055159668,107.12390715162817,0.012173,0.000723,6471.9,6148.7,0.104706,0.009029,-1.000000,3.3551,1.0000,,,,,
5.8440,1778833320.483218,487,12.793470,-0.037571,-0.014095,3.3465,-0.0996,0.000905,12.753342,-0.000786,-0.009500,3.3394,12.818436,-0.038237,-0.014143,3.3551,-0.0292,-0.004936,0.212678,0.0058,12.818436,-0.000000,-0.000000,4.0695,1.000000,-0.228218,97.1252,0,1,clay,1.0000,0.500000,0,0,0.000000,0.000000,0.000000,0,nan,0.00,0.030778,0.2642,0.1851,0.016251,-0.9777,0.39,6.65,7.44,6.62,-0.000786,-0.5443,-0.7301,0.008000,0.056363,-0.2886,-0.056334,-0.025337,0.004293,937.7881856322497,-1224.0336267024963,325.777193576331,285.8035276980727,0.018366,0.006422,6477.6,6143.0,0.094783,-0.007260,0.212557,3.3535,1.0000,,,,,
5.8560,1778833320.490381,488,12.815578,-0.015814,-0.018766,3.2193,-0.0278,0.006595,12.793361,-0.001178,-0.009404,3.3316,12.840930,-0.016537,-0.018782,3.3289,-0.0246,0.000854,0.186169,0.0239,12.840930,-0.000000,-0.000000,4.0697,0.681809,-0.184357,100.8042,0,1,clay,1.0000,0.500000,0,0,0.000000,0.000000,0.000000,0,nan,0.00,0.046274,0.2626,0.1871,0.024432,-0.9799,0.48,6.64,7.61,6.58,-0.001178,-0.5388,-0.7381,0.008000,0.076286,-0.9122,-0.090259,-0.039112,-0.004204,506.73643018390953,162.4618366377772,418.773520239723,321.89454216176284,0.028731,0.007494,6484.4,6136.2,0.082968,0.029598,1.000000,3.3275,1.0000,,,,,
5.8680,1778833320.501805,489,12.913101,-0.006400,-0.006268,3.2556,-0.0186,-0.005845,12.833290,-0.001696,-0.009406,3.3258,12.938214,-0.006768,-0.006278,3.3149,-0.0206,0.002353,0.170037,0.0296,12.938214,-0.000000,0.000000,4.0683,-0.794856,-0.143115,103.0349,0,1,clay,1.0000,0.500000,0,0,0.000000,0.000000,0.000000,0,nan,0.00,0.028209,0.2611,0.1890,0.014894,-0.9816,0.47,6.64,7.58,6.63,-0.001696,-0.5389,-0.7425,0.008000,0.070040,0.3597,-0.101511,-0.024235,0.008344,-650.0194134207153,-788.3333085340344,514.181815540125,292.4217372158471,0.036171,0.006573,6488.5,6132.0,0.075694,0.016007,0.681809,3.3136,1.0000,,,,,
5.8800,1778833320.513900,490,12.830966,-0.034924,-0.008644,3.2694,-0.0471,-0.004546,12.873149,-0.002325,-0.009465,3.3188,12.855933,-0.035402,-0.008666,3.3062,-0.0267,-0.001217,0.146992,0.0089,12.855933,-0.000000,-0.000000,4.0697,0.198895,-0.103351,103.8511,0,1,clay,1.0000,0.500000,0,0,0.000000,0.000000,0.000000,0,nan,0.00,0.032729,0.2595,0.1908,0.017281,-0.9829,0.46,6.65,7.56,6.70,-0.002325,-0.5423,-0.7510,0.008000,0.051515,-0.3420,-0.111776,-0.012420,0.021465,298.6593819825416,-30.822023693525125,460.0213077369764,322.2919823326829,0.027567,0.007618,6494.5,6126.1,0.065380,0.006798,-0.794856,3.3050,1.0000,,,,,
5.8920,1778833320.525806,491,12.927488,-0.061192,-0.006276,3.2417,-0.0308,0.005981,12.912908,-0.002805,-0.009425,3.3102,12.952325,-0.061572,-0.006279,3.2937,-0.0249,0.001884,0.117072,0.0188,12.952325,-0.000000,0.000000,4.0680,1.000000,-0.052418,106.0647,0,1,clay,1.0000,0.500000,0,0,0.000000,0.000000,0.000000,0,nan,0.00,0.055456,0.2579,0.1925,0.029281,-0.9835,0.45,6.65,7.54,6.62,-0.002805,-0.5400,-0.7578,0.008000,0.012926,0.3870,-0.119315,-0.028329,-0.002208,495.15996334935375,899.7359018486885,470.71650982609077,345.8750987666106,0.028790,0.008578,6502.1,6118.4,0.052036,0.015687,0.198895,3.2928,1.0000,,,,,
5.9040,1778833320.537767,492,12.910674,-0.028673,-0.012419,3.3041,-0.1207,0.012399,12.952588,-0.003077,-0.009292,3.3045,12.935418,-0.029259,-0.012390,3.2958,-0.0364,0.007581,0.103896,0.0368,12.935418,-0.000000,0.000000,4.0684,0.275195,-0.014862,105.6227,0,1,clay,1.0000,0.500000,0,0,0.000000,0.000000,0.000000,0,nan,0.00,0.061711,0.2564,0.1942,0.032583,-0.9837,0.43,6.64,7.51,6.63,-0.003077,-0.5324,-0.7639,0.008000,0.041755,-0.0486,-0.106800,-0.056696,-0.006041,596.1698737885979,237.7856396064501,592.3841200983334,548.6401572753377,0.044484,0.015245,6505.6,6115.0,0.046048,-0.006308,1.000000,3.2950,1.0000,,,,,
5.9160,1778833320.549751,493,12.965114,-0.004331,-0.016054,3.3762,-0.1387,0.007534,12.992159,-0.003426,-0.009216,3.2948,12.989870,-0.005108,-0.016016,3.3112,-0.0513,0.008683,0.072559,0.0346,12.989870,-0.000000,0.000000,4.0671,-0.537964,0.034508,103.6014,0,1,clay,1.0000,0.500000,0,0,0.000000,0.000000,0.000000,0,nan,0.00,0.049484,0.2548,0.1957,0.026128,-0.9833,0.42,6.64,7.48,6.62,-0.003426,-0.5280,-0.7723,0.008000,0.117922,-0.4270,-0.093767,-0.088281,-0.021812,-104.22290066490407,108.34245832655961,778.8881817575085,709.0825276719297,0.052188,0.021093,6513.6,6107.0,0.032087,-0.030587,0.275195,3.3107,1.0000,,,,,
5.9280,1778833320.561791,494,13.043289,0.063773,-0.006424,3.2440,-0.0146,0.015181,13.031645,-0.003713,-0.009100,3.2869,13.067905,0.063315,-0.006376,3.2981,-0.0445,0.008475,0.040495,0.0221,13.067905,0.000000,0.000000,4.0663,-1.000000,0.091070,106.9302,0,1,clay,1.0000,0.500000,0,0,0.000000,0.000000,0.000000,0,nan,0.00,0.026757,0.2533,0.1972,0.014128,-0.9822,0.41,6.64,7.46,6.62,-0.003713,-0.5214,-0.7794,0.008000,0.079528,-0.1630,-0.096665,-0.067626,-0.007989,1214.9063130714094,267.29956509456997,674.0049095245664,653.8290481954274,0.041436,0.019454,6521.8,6098.8,0.017766,-0.002756,-0.537964,3.2978,1.0000,,,,,
5.9400,1778833320.581858,495,13.055902,-0.002386,-0.010239,3.2369,-0.0307,0.024437,13.071028,-0.003726,-0.008844,3.2790,13.080408,-0.002890,-0.010177,3.2862,-0.0430,0.008249,0.027944,0.0067,13.080408,0.000000,0.000000,4.0662,-0.617006,0.134107,107.9197,0,1,clay,1.0000,0.500000,0,0,0.000000,0.000000,0.000000,0,nan,0.00,0.012734,0.2518,0.1986,0.006724,-0.9806,0.41,6.66,7.48,6.76,-0.003726,-0.5067,-0.7872,0.008000,0.043700,0.2478,-0.094372,-0.043462,0.015585,767.160542804377,1525.940625753983,452.3102091985869,662.6141594805933,0.026034,0.020013,6525.1,6095.5,0.012038,0.000283,-1.000000,3.2860,1.0000,,,,,
5.9520,1778833320.589183,496,13.137298,0.058354,-0.003155,3.3961,0.0057,0.022575,13.110314,-0.003641,-0.008581,3.2690,13.165364,0.058085,-0.003071,3.3074,-0.0340,0.008768,0.006857,0.0015,13.165364,0.000000,-0.000000,4.0664,-1.000000,0.177769,105.9434,0,1,clay,1.0000,0.500000,0,0,0.000000,0.000000,0.000000,0,nan,0.00,-0.009993,0.2502,0.1999,-0.005276,-0.9784,0.92,6.65,8.48,6.61,-0.003641,-0.4917,-0.7974,0.008000,0.106338,0.6578,-0.069008,-0.040951,0.006648,61.166343276534974,141.99631495863173,191.44228072175915,600.1786704144283,0.013823,0.017957,6530.5,6090.0,0.002525,-0.046649,-0.617006,3.3073,1.0000,,,,,
5.9640,1778833320.597812,497,13.241787,-0.007150,-0.018132,3.2410,-0.0039,0.012676,13.149460,-0.003682,-0.008417,3.2588,13.269181,-0.007802,-0.018062,3.2944,-0.0312,0.005597,-0.016018,-0.0136,13.269181,-0.000000,-0.000000,4.0670,1.000000,0.225571,107.9478,0,1,clay,1.0000,0.500000,0,0,0.000000,0.000000,0.000000,0,nan,0.00,0.012734,0.2487,0.2011,0.006724,-0.9757,0.83,6.66,8.32,6.69,-0.003682,-0.4823,-0.8083,0.008000,0.070386,0.0324,-0.053064,-0.041778,0.000080,-294.0846006788485,1110.37059056634,-131.81612892666163,534.4763727713478,-0.000486,0.016040,6536.4,6084.2,-0.007725,-0.001535,-1.000000,3.2945,1.0000,,,,,
5.9760,1778833320.609962,498,13.212749,-0.013709,-0.008626,3.3107,-0.0134,0.014342,13.188481,-0.003689,-0.008250,3.2473,13.239763,-0.014009,-0.008532,3.2973,-0.0231,0.011363,-0.037548,0.0149,13.239763,0.000000,-0.000000,4.0669,0.538217,0.269047,107.4388,0,1,clay,1.0000,0.500000,0,0,0.000000,0.000000,0.000000,0,nan,0.00,0.024966,0.2472,0.2023,0.013182,-0.9725,0.77,6.65,8.19,6.62,-0.003689,-0.4727,-0.8196,0.008000,0.057002,-0.1480,-0.034269,-0.036704,0.003126,-327.4607452365908,-274.80506559599894,61.396284744420925,500.64280341837156,0.010031,0.015151,6541.9,6078.6,-0.017395,-0.028235,1.000000,3.2976,1.0000,,,,,
5.9880,1778833320.621796,499,13.191630,-0.099831,-0.008204,3.1866,0.0494,0.000931,13.227357,-0.003867,-0.008190,3.2356,13.218071,-0.100009,-0.008121,3.2757,-0.0090,0.010973,-0.051799,0.0175,13.218071,0.000000,-0.000000,4.0668,1.000000,0.305163,111.3077,0,1,clay,1.0000,0.500000,0,0,0.000000,0.000000,0.000000,0,nan,0.00,0.047694,0.2458,0.2033,0.025182,-0.9688,0.71,6.66,8.08,6.70,-0.003867,-0.4693,-0.8312,0.008000,0.058913,0.0334,-0.044724,-0.017538,0.003279,-677.4897384600519,-314.1893450358326,115.31681027019627,307.90879170275764,0.012860,0.009473,6545.6,6074.9,-0.023830,0.003945,0.538217,3.2761,1.0000,,,,,
6.0000,1778833320.633780,500,13.138983,-0.017328,-0.007263,3.1850,0.0423,-0.004704,13.266137,-0.004274,-0.008253,3.2286,13.164961,-0.017394,-0.007186,3.2579,0.0036,0.012360,-0.074283,0.0332,13.164961,0.000000,-0.000000,4.0664,-0.228888,0.340178,113.8423,0,1,clay,1.0000,0.500000,0,0,0.000000,0.000000,0.000000,0,nan,0.00,0.042492,0.2443,0.2042,0.022436,-0.9648,0.66,6.65,7.97,6.63,-0.004274,-0.4728,-0.8378,0.008000,0.150696,-0.0672,-0.046880,-0.012956,-0.005910,-119.71510810108225,-40.689003115461674,303.43689275659733,137.14726927690864,0.022851,0.004688,6551.4,6069.2,-0.033873,0.000673,1.000000,3.2585,1.0000,,,,,
6.0120,1778833320.645807,501,13.395953,-0.105616,-0.013361,3.1995,-0.0306,-0.005914,13.304785,-0.004739,-0.008333,3.2168,13.421569,-0.105918,-0.013309,3.2463,-0.0027,0.008506,-0.095686,0.0206,13.421569,-0.000000,0.000000,4.0671,1.000000,0.388515,117.8469,0,1,clay,1.0000,0.500000,0,0,0.000000,0.000000,0.000000,0,nan,0.00,0.065219,0.2428,0.2050,0.034436,-0.9601,0.62,6.66,7.89,6.66,-0.004739,-0.4774,-0.8503,0.008000,0.148429,-0.0991,-0.059054,-0.019044,-0.009887,324.2922827671447,-192.08321293985694,283.9167350618905,145.97081778048351,0.022936,0.005018,6556.9,6063.7,-0.043434,-0.012615,-0.228888,3.2471,1.0000,,,,,
6.0240,1778833320.657845,502,13.348164,-0.030140,-0.011914,3.2711,-0.0119,0.003091,13.343321,-0.004988,-0.008298,3.2071,13.373609,-0.030374,-0.011848,3.2511,0.0005,0.012419,-0.075879,0.0423,13.373609,-0.000000,-0.000000,4.0671,0.157632,0.393914,115.9447,0,1,clay,1.0000,0.500000,0,0,0.000000,0.000000,0.000000,0,nan,0.00,0.068801,0.2414,0.2058,0.036327,-0.9554,0.59,6.65,7.82,6.64,-0.004988,-0.4754,-0.8601,0.008000,0.031583,0.1853,-0.066763,-0.011334,-0.003586,750.4102561358054,110.50968038743974,503.76716816874716,149.39003295259928,0.035252,0.005061,6552.0,6068.6,-0.034846,-0.035502,1.000000,3.2517,1.0000,,,,,
6.0360,1778833320.669732,503,13.303191,0.012109,-0.004492,3.2451,0.0054,0.004927,13.381720,-0.005112,-0.008222,3.1953,13.328400,0.012086,-0.004427,3.2497,0.0026,0.012099,-0.091873,0.0375,13.328400,-0.000000,-0.000000,4.0671,-1.000000,0.409252,116.4836,0,1,clay,1.0000,0.500000,0,0,0.000000,0.000000,0.000000,0,nan,0.00,0.046074,0.2399,0.2064,0.024327,-0.9505,0.55,6.67,7.78,6.79,-0.005112,-0.4711,-0.8718,0.008000,0.105085,0.0594,-0.051699,0.013494,0.022898,594.5892789099881,1189.1848476439889,515.5567513698948,120.44149342277879,0.036195,0.004261,6556.0,6064.6,-0.041914,-0.030084,0.157632,3.2504,1.0000,,,,,
6.0480,1778833320.682446,504,13.407649,-0.043296,0.000941,3.3026,0.0007,0.013837,13.419984,-0.005114,-0.008108,3.1845,13.432817,-0.043190,0.001004,3.2596,0.0000,0.009456,-0.114082,0.0166,13.432817,-0.000000,0.000000,4.0671,-0.333792,0.441832,115.3283,0,1,clay,1.0000,0.500000,0,0,0.000000,0.000000,0.000000,0,nan,0.00,0.038488,0.2385,0.2070,0.020322,-0.9452,0.52,6.68,7.72,6.69,-0.005114,-0.4646,-0.8826,0.008000,0.034091,0.5898,-0.028476,0.009261,0.019443,1122.0613563638142,239.97387882516227,369.8290406676886,139.40268102094387,0.022869,0.004786,6561.7,6058.9,-0.051766,-0.046868,-1.000000,3.2605,1.0000,,,,,
6.0600,1778833320.693836,505,13.429840,0.131292,-0.010990,3.1774,0.0372,0.018244,13.458101,-0.004917,-0.007903,3.1711,13.454756,0.131177,-0.010914,3.2434,0.0068,0.010910,-0.137041,0.0178,13.454756,-0.000000,0.000000,4.0670,-1.000000,0.476017,122.1862,0,1,clay,1.0000,0.500000,0,0,0.000000,0.000000,0.000000,0,nan,0.00,0.015761,0.2370,0.2075,0.008322,-0.9394,0.50,6.67,7.67,6.63,-0.004917,-0.4528,-0.8960,0.008000,0.101013,-0.5039,-0.063603,0.030250,0.037355,640.1192092218631,601.4863200537903,129.37991104504817,98.51495132056348,0.015189,0.003522,6567.5,6053.0,-0.062007,-0.015285,-0.333792,3.2445,1.0000,,,,,
6.0720,1778833320.705791,506,13.468657,0.040021,-0.007959,3.1117,-0.0336,0.019854,13.496083,-0.004591,-0.007657,3.1612,13.493208,0.039924,-0.007882,3.2176,-0.0026,0.009012,-0.144962,0.0007,13.493208,-0.000000,0.000001,4.0670,-1.000000,0.505821,124.0074,0,1,clay,1.0000,0.500000,0,0,0.000000,0.000000,0.000000,0,nan,0.00,-0.006967,0.2356,0.2078,-0.003678,-0.9334,0.48,6.67,7.63,6.65,-0.004591,-0.4388,-0.9058,0.008000,0.141397,0.5468,-0.073995,0.012574,0.026049,887.4372825247648,-7.768417823966615,3.1836265848403116,207.1287889447496,0.004269,0.006925,6569.6,6051.0,-0.065610,0.005905,-1.000000,3.2188,1.0000,,,,,
6.0840,1778833320.717828,507,13.535629,0.001861,-0.015512,3.1656,0.0188,0.024710,13.533924,-0.004157,-0.007366,3.1478,13.560016,0.001613,-0.015430,3.2072,-0.0015,0.008229,-0.165542,-0.0113,13.560016,0.000000,0.000001,4.0669,0.659195,0.541898,126.2428,0,1,clay,1.0000,0.500000,0,0,0.000000,0.000000,0.000000,0,nan,0.00,0.008015,0.2342,0.2081,0.004232,-0.9269,0.47,6.66,7.60,6.65,-0.004157,-0.4221,-0.9191,0.008000,0.038949,-0.4650,-0.085100,-0.000284,0.012539,412.96152628111236,1834.0862996551473,-244.52147426894476,210.84190793189768,-0.010466,0.007015,6574.9,6045.7,-0.074791,-0.019954,-1.000000,3.2085,1.0000,,,,,
6.0960,1778833320.729796,508,13.563298,0.041811,-0.011518,3.1791,0.0521,0.020779,13.571614,-0.003769,-0.007150,3.1376,13.587561,0.041775,-0.011414,3.2014,0.0103,0.012773,-0.180948,0.0092,13.587561,0.000000,0.000001,4.0669,-0.953096,0.574883,128.3161,0,1,clay,1.0000,0.500000,0,0,0.000000,0.000000,0.000000,0,nan,0.00,-0.013646,0.2328,0.2083,-0.007205,-0.9200,0.46,6.66,7.58,6.67,-0.003769,-0.4097,-0.9293,0.008000,0.144712,-0.2575,-0.067750,-0.010422,-0.007880,-662.4905322138766,82.16277958758963,-210.23603652456728,141.25502122927222,-0.006403,0.004662,6578.8,6041.7,-0.081708,-0.025676,0.659195,3.2028,1.0000,,,,,
6.1080,1778833320.741826,509,13.561741,0.038021,-0.009798,3.0327,0.0285,0.005956,13.609186,-0.003660,-0.007072,3.1259,13.585687,0.037999,-0.009721,3.1684,0.0095,0.007294,-0.196778,-0.0144,13.585687,0.000000,0.000001,4.0669,-0.698781,0.606546,134.2140,0,1,clay,1.0000,0.500000,0,0,0.000000,0.000000,0.000000,0,nan,0.00,-0.029528,0.2314,0.2084,-0.015591,-0.9127,0.45,6.66,7.55,6.64,-0.003660,-0.4053,-0.9410,0.008000,0.090057,-0.2205,-0.080615,-0.006856,-0.007717,-502.08240898188063,188.9404291064236,-326.4856528287958,83.12933272856108,-0.018192,0.002678,6582.9,6037.7,-0.088803,0.010787,-0.953096,3.1699,1.0000,,,,,
6.1200,1778833320.753839,510,13.669504,-0.099564,0.000090,3.1067,0.0222,0.006856,13.646615,-0.003568,-0.006994,3.1140,13.693277,-0.099369,0.000152,3.1561,0.0093,0.004681,-0.200437,-0.0209,13.693277,0.000000,-0.000001,4.0669,1.000000,0.632674,136.9317,0,1,clay,1.0000,0.500000,0,0,0.000000,0.000000,0.000000,0,nan,0.00,-0.006800,0.2300,0.2085,-0.003591,-0.9051,0.44,6.66,7.53,6.66,-0.003568,-0.4005,-0.9529,0.008000,0.077321,0.7190,-0.079134,-0.014998,-0.022589,472.71048251302693,517.0269324373121,-438.1347768230461,49.62184445763462,-0.026517,0.001525,6583.9,6036.7,-0.090517,-0.012015,-0.698781,3.1576,1.0000,,,,,
6.1320,1778833320.765917,511,13.666528,0.090859,-0.009683,3.0531,0.0838,0.011936,13.683911,-0.003367,-0.006853,3.1027,13.690146,0.090954,-0.009606,3.1357,0.0247,0.009108,-0.219762,0.0039,13.690146,0.000000,-0.000001,4.0669,-1.000000,0.657845,143.0246,0,1,clay,1.0000,0.500000,0,0,0.000000,0.000000,0.000000,0,nan,0.00,-0.029528,0.2286,0.2084,-0.015591,-0.8972,0.43,6.65,7.52,6.62,-0.003367,-0.3924,-0.9642,0.008000,0.127194,0.0529,-0.106150,0.002845,-0.015072,-311.92594009262666,-195.4817427347241,-333.59092641912224,-60.916923349509226,-0.018802,-0.002675,6588.8,6031.7,-0.099136,-0.004268,1.000000,3.1374,1.0000,,,,,
6.1440,1778833320.780751,512,13.761860,-0.062382,-0.008228,3.0082,0.0571,0.002506,13.721056,-0.003333,-0.006823,3.0909,13.785194,-0.062272,-0.008178,3.1106,0.0252,0.003149,-0.235046,-0.0231,13.785194,-0.000000,-0.000005,4.0670,1.000000,0.692630,146.5307,0,1,clay,1.0000,0.500000,0,0,0.000000,0.000000,0.000000,0,nan,0.00,-0.006800,0.2272,0.2082,-0.003591,-0.8889,0.42,6.65,7.50,6.64,-0.003333,-0.3907,-0.9761,0.008000,0.132022,-0.2871,-0.128147,0.023936,0.000852,-510.4234712813241,1674.2482076250699,-433.98462999185875,-125.82487378460068,-0.031753,-0.005457,6592.7,6027.8,-0.105960,0.009845,-1.000000,3.1124,1.0000,,,,,
6.1560,1778833320.789983,513,13.756436,-0.086909,-0.009085,3.1155,0.0037,0.003181,13.758045,-0.003316,-0.006770,3.0772,13.779828,-0.086835,-0.009029,3.1111,0.0243,0.006739,-0.247667,0.0039,13.779828,-0.000000,-0.000005,4.0670,1.000000,0.722104,146.7899,0,1,clay,1.0000,0.500000,0,0,0.000000,0.000000,0.000000,0,nan,0.00,0.015927,0.2259,0.2080,0.008409,-0.8802,0.43,6.66,7.52,6.70,-0.003316,-0.3877,-0.9897,0.008000,0.045610,-0.6322,-0.135253,0.020382,0.000569,-211.82481454527314,-3.6813388791076704,-277.38911093874697,-85.15124570060877,-0.017167,-0.004291,6596.0,6024.6,-0.111653,-0.027308,1.000000,3.1130,1.0000,,,,,
6.1680,1778833320.801913,514,13.749452,-0.023968,-0.002674,3.0600,-0.0393,-0.009246,13.794865,-0.003429,-0.006799,3.0638,13.772774,-0.023843,-0.002629,3.1008,0.0157,0.006871,-0.256465,0.0159,13.772774,-0.000000,-0.000005,4.0670,0.909901,0.743923,148.5750,0,1,clay,1.0000,0.500000,0,0,0.000000,0.000000,0.000000,0,nan,0.00,0.036607,0.2245,0.2077,0.019328,-0.8713,0.43,6.65,7.51,6.62,-0.003429,-0.3893,-1.0032,0.008000,0.156845,0.4096,-0.126955,0.036106,0.031490,-1064.9061864870046,-264.367832637481,-61.67155008961697,-19.70623223561246,0.000796,-0.002005,6598.3,6022.3,-0.115636,-0.013803,1.000000,3.1027,1.0000,,,,,
6.1800,1778833320.813783,515,13.860326,-0.011308,-0.007847,3.0267,-0.0090,-0.013256,13.831569,-0.003784,-0.006940,3.0546,13.883448,-0.011349,-0.007816,3.0860,0.0139,0.006618,-0.262830,0.0261,13.883448,-0.000001,-0.000002,4.0670,0.604829,0.764931,152.4171,0,1,clay,1.0000,0.500000,0,0,0.000000,0.000000,0.000000,0,nan,0.00,0.050353,0.2232,0.2072,0.026586,-0.8621,0.42,6.65,7.48,6.62,-0.003784,-0.3974,-1.0124,0.008000,0.067400,-0.0496,-0.115124,0.026679,0.020875,-575.0370876406896,91.80430964930929,107.18921968252079,-28.249815199108312,0.015047,-0.002480,6599.9,6020.6,-0.118509,-0.011333,0.909901,3.0880,1.0000,,,,,
6.1920,1778833320.825816,516,13.836229,-0.016177,-0.007748,3.0270,0.0304,-0.005043,13.868127,-0.004052,-0.007025,3.0414,13.859229,-0.016187,-0.007720,3.0741,0.0186,0.007062,-0.279113,0.0311,13.859229,-0.000001,-0.000004,4.0670,0.267410,0.789624,154.9886,0,1,clay,1.0000,0.500000,0,0,0.000000,0.000000,0.000000,0,nan,0.00,0.056430,0.2218,0.2067,0.029795,-0.8526,0.42,6.64,7.47,6.59,-0.004052,-0.4023,-1.0256,0.008000,0.046603,0.3929,-0.114423,0.024576,0.012419,242.62019333711993,415.0725156709408,171.093067087106,-65.83959015110833,0.021711,-0.004464,6604.1,6016.5,-0.125765,-0.012750,0.604829,3.0762,1.0000,,,,,
6.2040,1778833320.837837,517,14.003823,0.012743,-0.007221,3.0231,0.0334,-0.003331,13.904536,-0.004181,-0.007051,3.0295,14.026683,0.012769,-0.007196,3.0638,0.0221,0.006962,-0.285455,0.0318,14.026683,0.000000,0.000020,4.0669,-0.593099,0.813439,158.7491,0,1,clay,1.0000,0.500000,0,0,0.000000,0.000000,0.000000,0,nan,0.00,0.042951,0.2205,0.2062,0.022678,-0.8429,0.41,6.64,7.46,6.64,-0.004181,-0.4049,-1.0374,0.008000,0.100209,0.1671,-0.117366,0.021410,0.007047,960.3709381643181,176.40216577320246,118.86311665150009,-99.58798450897754,0.024078,-0.006079,6605.7,6014.8,-0.128639,-0.016532,0.267410,3.0659,1.0000,,,,,
6.2160,1778833320.849715,518,14.007883,0.053951,-0.002906,3.0150,0.0070,0.003244,13.940795,-0.004109,-0.006963,3.0172,14.030629,0.054047,-0.002885,3.0538,0.0180,0.005037,-0.297249,0.0183,14.030629,0.000001,0.000020,4.0669,-1.000000,0.836079,161.8467,0,1,clay,1.0000,0.500000,0,0,0.000000,0.000000,0.000000,0,nan,0.00,0.020223,0.2192,0.2055,0.010678,-0.8329,0.40,6.65,7.46,6.71,-0.004109,-0.3998,-1.0497,0.008000,0.106704,0.3486,-0.092605,0.032920,0.021414,230.22303994400755,413.15813311872625,84.20024318213589,-65.01950932288625,0.017281,-0.005011,6608.8,6011.8,-0.133921,-0.018740,-0.593099,3.0561,1.0000,,,,,
6.2280,1778833320.861851,519,13.923271,-0.030434,0.001618,2.9912,0.0105,0.019487,13.976909,-0.003812,-0.006788,3.0036,13.945915,-0.030234,0.001652,3.0412,0.0142,0.004644,-0.307820,0.0032,13.945915,-0.000001,0.000005,4.0670,0.529373,0.856714,162.7189,0,1,clay,1.0000,0.500000,0,0,0.000000,0.000000,0.000000,0,nan,0.00,0.032255,0.2178,0.2047,0.017030,-0.8226,0.40,6.65,7.44,6.66,-0.003812,-0.3898,-1.0633,0.008000,0.108909,0.0572,-0.092548,0.008714,-0.002181,908.9556137423384,-65.70222919743526,-21.664669329378285,-3.074242499803603,0.003665,-0.002609,6611.5,6009.1,-0.138662,-0.003126,-1.000000,3.0435,1.0000,,,,,
6.2400,1778833320.879050,520,13.960317,-0.043242,-0.000409,3.0190,-0.0113,0.023319,14.012877,-0.003313,-0.006512,2.9914,13.982919,-0.043062,-0.000343,3.0364,0.0124,0.010216,-0.315766,0.0210,13.982919,-0.000000,0.000012,4.0670,1.000000,0.875674,164.1952,0,1,clay,1.0000,0.500000,0,0,0.000000,0.000000,0.000000,0,nan,0.00,0.054982,0.2165,0.2039,0.029030,-0.8121,0.39,6.65,7.44,6.64,-0.003313,-0.3740,-1.0755,0.008000,0.141907,0.4747,-0.074987,0.000241,0.001259,195.0690590613439,-689.4313941866582,20.441256034337286,85.495204543016,0.009720,0.001151,6613.5,6007.0,-0.142237,-0.027219,0.529373,3.0388,1.0000,,,,,
6.2520,1778833320.886285,521,13.953510,-0.026667,-0.019628,2.9346,0.0371,0.012808,14.048697,-0.002981,-0.006363,2.9806,13.976426,-0.026845,-0.019541,3.0164,0.0200,0.014242,-0.285459,0.0366,13.976426,-0.000000,0.000011,4.0670,1.000000,0.858406,167.2100,0,1,clay,1.0000,0.500000,0,0,0.000000,0.000000,0.000000,0,nan,0.00,0.077709,0.2152,0.2030,0.041030,-0.8018,0.47,6.64,7.59,6.59,-0.002981,-0.3654,-1.0864,0.008000,0.147019,-0.6741,-0.068506,0.016200,0.013074,-1066.584575255241,2175.085670537365,138.76976452005857,39.57844059626308,0.019408,-0.000041,6605.9,6014.6,-0.128977,-0.007858,1.000000,3.0186,1.0000,,,,,
6.2640,1778833320.897825,522,14.063232,0.033584,-0.007906,3.0222,0.0706,0.000325,14.084380,-0.002938,-0.006356,2.9670,14.086023,0.033761,-0.007819,3.0171,0.0317,0.015859,-0.282280,0.0486,14.086023,0.000002,0.000019,4.0669,-1.000000,0.849226,168.5241,0,1,clay,1.0000,0.500000,0,0,0.000000,0.000000,0.000000,0,nan,0.00,0.054982,0.2139,0.2020,0.029030,-0.7916,0.45,6.65,7.55,6.67,-0.002938,-0.3650,-1.0998,0.008000,0.122887,0.0257,-0.067047,0.005382,-0.012083,-809.283498953095,-1006.3680467484472,244.52846533171984,-65.30558160383433,0.028712,-0.004525,6605.1,6015.5,-0.127499,-0.029659,1.000000,3.0193,1.0000,,,,,
6.2760,1778833320.909892,523,14.077022,-0.085905,-0.010837,2.9380,0.0748,-0.003999,14.119928,-0.002973,-0.006357,2.9570,14.099640,-0.085790,-0.010780,3.0015,0.0356,0.009664,-0.268424,0.0215,14.099640,0.000002,0.000017,4.0669,1.000000,0.835290,170.5163,0,1,clay,1.0000,0.500000,0,0,0.000000,0.000000,0.000000,0,nan,0.00,0.077709,0.2127,0.2010,0.041030,-0.7816,0.44,6.65,7.53,6.65,-0.002973,-0.3651,-1.1099,0.008000,0.064165,-0.5097,-0.071574,0.021070,-0.008670,471.777619490769,880.3527734415551,99.56732407807027,-177.63332477399877,0.014636,-0.008928,6601.6,6019.0,-0.121343,-0.015275,-1.000000,3.0036,1.0000,,,,,
6.2880,1778833320.921797,524,14.137665,-0.047015,-0.014269,3.0139,0.0473,0.017077,14.155322,-0.002779,-0.006212,2.9441,14.160238,-0.046898,-0.014181,3.0034,0.0418,0.016002,-0.286856,0.0485,14.160238,0.000002,-0.000002,4.0669,1.000000,0.843814,171.1641,0,1,clay,1.0000,0.500000,0,0,0.000000,0.000000,0.000000,0,nan,0.00,0.100436,0.2114,0.1999,0.053030,-0.7714,0.43,6.64,7.51,6.64,-0.002779,-0.3527,-1.1228,0.008000,0.065079,-0.4077,-0.054185,0.023596,-0.006484,833.594837242078,-940.7706515475779,193.7887784734593,-149.23386703954446,0.024631,-0.008364,6606.2,6014.4,-0.129428,-0.043366,1.000000,3.0056,1.0000,,,,,
6.3000,1778833320.933769,525,14.216574,-0.034842,0.000425,2.9425,-0.0064,0.016136,14.190563,-0.002405,-0.005988,2.9314,14.239005,-0.034409,0.000535,2.9911,0.0370,0.019959,-0.296542,0.0605,14.239005,0.000001,-0.000049,4.0669,0.028477,0.859643,174.3908,0,1,clay,1.0000,0.500000,0,0,0.000000,0.000000,0.000000,0,nan,0.00,0.101084,0.2101,0.1987,0.053372,-0.7611,0.43,6.64,7.49,6.60,-0.002405,-0.3398,-1.1356,0.008000,0.053508,0.4262,-0.052839,0.011694,-0.007539,381.80458955330386,876.4317338323219,335.67014030427526,-57.0360175582258,0.038501,-0.004577,6608.7,6011.9,-0.133727,-0.023487,1.000000,2.9933,1.0000,,,,,
6.3120,1778833320.945791,526,14.176430,0.007984,-0.005100,2.8752,0.0741,0.015659,14.225650,-0.002079,-0.005794,2.9194,14.198621,0.008361,-0.004984,2.9682,0.0437,0.020087,-0.306891,0.0536,14.198621,0.000002,-0.000022,4.0669,-1.000000,0.874366,179.6801,0,1,clay,1.0000,0.500000,0,0,0.000000,0.000000,0.000000,0,nan,0.00,0.078356,0.2089,0.1975,0.041372,-0.7506,0.42,6.64,7.47,6.62,-0.002079,-0.3287,-1.1475,0.008000,0.156757,0.0802,-0.064755,0.022638,-0.002650,324.7445906181048,-526.7017300125947,124.00344450853407,-97.32670247590468,0.035114,-0.006803,6611.3,6009.3,-0.138340,-0.004202,0.028477,2.9705,1.0000,,,,,
6.3240,1778833320.957825,527,14.353625,0.021417,-0.001673,2.8996,0.0836,0.027514,14.260570,-0.001525,-0.005462,2.9062,14.375696,0.021933,-0.001550,2.9544,0.0478,0.018867,-0.315669,0.0339,14.375696,-0.000008,-0.000038,4.0672,-1.000000,0.895986,184.5131,0,1,clay,1.0000,0.500000,0,0,0.000000,0.000000,0.000000,0,nan,0.00,0.055629,0.2076,0.1962,0.029372,-0.7399,0.42,6.65,7.48,6.70,-0.001525,-0.3097,-1.1610,0.008000,0.038598,0.0406,-0.067348,0.047106,0.017338,867.8711831730104,476.40835300417484,106.50327812030667,-113.56085527562189,0.018243,-0.007903,6613.6,6007.0,-0.142263,-0.017953,-1.000000,2.9568,1.0000,,,,,
6.3360,1778833320.977732,528,14.338199,-0.106090,-0.008985,2.9258,0.0266,0.034002,14.295366,-0.000665,-0.004997,2.8960,14.360226,-0.105750,-0.008847,2.9483,0.0418,0.018971,-0.322549,0.0219,14.360226,-0.000008,-0.000053,4.0672,1.000000,0.915814,185.7409,0,1,clay,1.0000,0.500000,0,0,0.000000,0.000000,0.000000,0,nan,0.00,0.078356,0.2064,0.1949,0.041372,-0.7289,0.41,6.67,7.49,6.78,-0.000665,-0.2831,-1.1712,0.008000,0.118048,-0.6361,-0.059635,0.038037,0.014745,994.6788411495183,318.0321423572661,-14.636046220708678,-35.48581524802147,0.005384,-0.004321,6615.3,6005.2,-0.145371,-0.036491,-1.000000,2.9508,1.0000,,,,,
6.3480,1778833320.985062,529,14.305415,-0.082507,-0.010794,2.9206,0.1613,0.036166,14.330021,0.000339,-0.004492,2.8824,14.330314,-0.081896,-0.010591,2.9421,0.0657,0.026988,-0.330479,0.0498,14.330314,-0.000006,-0.000072,4.0671,1.000000,0.931077,186.6812,0,1,clay,1.0000,0.500000,0,0,0.000000,0.000000,0.000000,0,nan,0.00,0.101084,0.2051,0.1935,0.053372,-0.7177,0.89,6.65,8.44,6.57,0.000339,-0.2541,-1.1847,0.008000,0.046236,-0.6574,-0.059875,0.050793,0.007365,-4.491207922003241,1664.8533222436472,10.216096974647456,-143.62691936179584,0.007608,-0.010033,6617.6,6002.9,-0.149338,-0.034189,1.000000,2.9449,1.0000,,,,,
6.3600,1778833320.993814,530,14.426800,0.024424,-0.002203,2.8543,-0.0218,0.015974,14.364540,0.001024,-0.004205,2.8736,14.451035,0.025124,-0.001999,2.9246,0.0542,0.029022,-0.330437,0.0617,14.451035,-0.000007,0.000087,4.0672,-1.000000,0.940593,192.1734,0,1,clay,1.0000,0.500000,0,0,0.000000,0.000000,0.000000,0,nan,0.00,0.078356,0.2039,0.1920,0.041372,-0.7064,0.81,6.65,8.28,6.62,0.001024,-0.2377,-1.1936,0.008000,0.157781,0.9118,-0.060474,0.022290,-0.004516,-1263.4713460129005,1222.5424916252962,169.75079378162033,-40.38313988589506,0.025736,-0.004892,6617.6,6003.0,-0.149305,-0.020039,1.000000,2.9274,1.0000,,,,,
6.3720,1778833321.005763,531,14.395511,0.010201,-0.011232,2.8799,-0.0192,0.016302,14.398948,0.001458,-0.004013,2.8614,14.419256,0.010519,-0.011057,2.9154,0.0383,0.023160,-0.337633,0.0332,14.419256,-0.000009,0.000024,4.0672,-0.422090,0.952066,193.8432,0,1,clay,1.0000,0.500000,0,0,0.000000,0.000000,0.000000,0,nan,0.00,0.068763,0.2027,0.1905,0.036307,-0.6950,0.75,6.66,8.15,6.72,0.001458,-0.2422,-1.2059,0.008000,0.027961,-0.2865,-0.070709,0.015073,0.004532,18.817465710759564,-615.7782201889943,92.14537196311608,42.690414321530156,0.018565,-0.000836,6619.4,6001.2,-0.152458,-0.032275,-1.000000,2.9182,1.0000,,,,,
6.3840,1778833321.017867,532,14.456125,-0.004183,-0.001421,2.8372,-0.0395,0.026034,14.433194,0.002113,-0.003668,2.8523,14.479500,-0.003742,-0.001242,2.8997,0.0254,0.023299,-0.347805,0.0329,14.479500,-0.000004,0.000156,4.0671,0.038588,0.969681,197.7953,0,1,clay,1.0000,0.500000,0,0,0.000000,0.000000,0.000000,0,nan,0.00,0.069640,0.2014,0.1889,0.036770,-0.6834,0.70,6.66,8.06,6.69,0.002113,-0.2224,-1.2148,0.008000,0.097609,0.4809,-0.072150,-0.010240,-0.006871,1195.2390874908212,1575.4598906574688,11.032529438743111,155.54516038213194,0.017684,0.004925,6622.0,5998.6,-0.156956,-0.026023,-0.422090,2.9025,1.0000,,,,,
6.3960,1778833321.029767,533,14.502855,0.011218,0.006945,2.8205,0.1333,0.037884,14.467314,0.003081,-0.003194,2.8394,14.525836,0.012047,0.007146,2.8836,0.0442,0.026320,-0.375262,0.0371,14.525836,0.000006,0.000271,4.0668,-0.777484,1.003780,203.1101,0,1,clay,1.0000,0.500000,0,0,0.000000,0.000000,0.000000,0,nan,0.00,0.051970,0.2002,0.1873,0.027440,-0.6713,0.65,6.66,7.96,6.63,0.003081,-0.1952,-1.2274,0.008000,0.069834,1.1188,-0.088053,-0.002742,-0.017220,637.7691953216043,411.4324979189869,-105.86971590962857,63.372530853107676,0.008690,-0.000604,6629.0,5991.6,-0.169103,-0.027639,0.038588,2.8866,1.0000,,,,,
6.4080,1778833321.041840,534,14.566637,0.038861,0.001901,2.8629,0.0732,0.035700,14.501271,0.004043,-0.002740,2.8233,14.589351,0.039604,0.002103,2.8789,0.0462,0.024885,-0.396565,0.0213,14.589351,0.000024,0.000254,4.0662,-0.961374,1.041797,206.4087,0,1,clay,1.0000,0.500000,0,0,0.000000,0.000000,0.000000,0,nan,0.00,0.030121,0.1990,0.1856,0.015904,-0.6588,0.61,6.66,7.88,6.64,0.004043,-0.1692,-1.2429,0.008000,0.072142,-0.0361,-0.079395,0.009971,-0.007278,-475.32710085722823,103.73079074669351,-90.25894017023865,63.31989948029951,-0.003970,-0.001304,6634.4,5986.2,-0.178593,-0.030608,-0.777484,2.8821,1.0000,,,,,
6.4200,1778833321.053834,535,14.562722,0.029095,0.001418,2.7832,0.0464,0.028597,14.535067,0.004823,-0.002402,2.8113,14.585087,0.029792,0.001610,2.8599,0.0431,0.022249,-0.387580,0.0084,14.585087,0.000023,0.000262,4.0662,-0.300759,1.055141,209.8156,0,1,clay,1.0000,0.500000,0,0,0.000000,0.000000,0.000000,0,nan,0.00,0.023285,0.1978,0.1838,0.012295,-0.6461,0.58,6.66,7.82,6.65,0.004823,-0.1499,-1.2549,0.008000,0.068807,0.2517,-0.074547,0.014490,0.000531,-675.5212895042316,487.52027403997505,-158.67544094601942,63.94114141159277,-0.015812,-0.000893,6632.2,5988.4,-0.174727,-0.006704,-0.961374,2.8629,1.0000,,,,,
6.4320,1778833321.065835,536,14.600757,-0.014835,-0.004280,2.6753,-0.0324,0.032801,14.568686,0.005634,-0.002021,2.7955,14.622665,-0.014374,-0.004085,2.8235,0.0297,0.022740,-0.399510,0.0100,14.622665,0.000031,0.000155,4.0660,1.000000,1.074829,218.2858,0,1,clay,1.0000,0.500000,0,0,0.000000,0.000000,0.000000,0,nan,0.00,0.046013,0.1966,0.1820,0.024295,-0.6332,0.55,6.70,7.80,6.94,0.005634,-0.1280,-1.2705,0.008000,0.083057,-0.2646,-0.096204,0.004741,0.009635,291.56555276258933,-289.8484205813413,-213.11234921449326,168.73772313930823,-0.014976,0.005324,6635.2,5985.4,-0.180011,0.027414,-0.300759,2.8266,1.0000,,,,,
6.4440,1778833321.078630,537,14.548461,0.037246,0.003488,2.7983,0.0581,0.026819,14.602139,0.006369,-0.001727,2.7844,14.570320,0.037948,0.003697,2.8180,0.0376,0.026687,-0.395006,0.0320,14.570320,0.000019,0.000283,4.0664,-0.465402,1.078402,219.3409,0,1,clay,1.0000,0.500000,0,0,0.000000,0.000000,0.000000,0,nan,0.00,0.035435,0.1955,0.1802,0.018710,-0.6203,0.53,6.69,7.75,6.65,0.006369,-0.1112,-1.2820,0.008000,0.174706,0.5981,-0.094953,-0.003066,-0.006545,-1114.8449179384568,-122.2874598791226,-70.84920759639454,135.13258858509994,-0.004655,0.003461,6634.1,5986.5,-0.178089,-0.020075,1.000000,2.8211,1.0000,,,,,
6.4560,1778833321.089802,538,14.613393,0.010928,0.003010,2.7756,0.0475,0.017628,14.635462,0.006914,-0.001516,2.7714,14.635025,0.011585,0.003196,2.8093,0.0368,0.022578,-0.393070,0.0151,14.635025,0.000033,0.000102,4.0659,0.465993,1.081865,221.3826,0,1,clay,1.0000,0.500000,0,0,0.000000,0.000000,0.000000,0,nan,0.00,0.046026,0.1943,0.1782,0.024302,-0.6073,0.50,6.68,7.69,6.65,0.006914,-0.0413,-1.2945,0.008000,0.085802,0.6247,-0.096745,-0.022805,-0.025404,-674.6847307748517,-108.40655635243093,-167.98051437540425,102.84297493021634,-0.009907,0.001607,6633.6,5987.0,-0.177220,-0.017202,-0.465402,2.8123,1.0000,,,,,
6.4680,1778833321.101808,539,14.638673,0.132270,-0.002451,2.8100,0.0105,0.020942,14.668607,0.007518,-0.001260,2.7577,14.660199,0.132776,-0.002264,2.8089,0.0341,0.024076,-0.384995,0.0279,14.660199,0.000034,-0.000031,4.0659,-1.000000,1.073865,225.1598,0,1,clay,1.0000,0.500000,0,0,0.000000,0.000000,0.000000,0,nan,0.00,0.023299,0.1931,0.1763,0.012302,-0.5944,0.49,6.68,7.65,6.63,0.007518,-0.0266,-1.3082,0.008000,0.143291,-0.1922,-0.079708,-0.002238,0.000663,208.74283264980878,40.82290450170797,-89.21389449508692,121.99654856884845,-0.001801,0.003035,6631.6,5989.0,-0.173648,-0.032325,0.465993,2.8119,1.0000,,,,,
6.4800,1778833321.113780,540,14.792767,-0.024296,0.001105,2.7911,0.1211,0.020470,14.701620,0.008158,-0.001017,2.7453,14.814130,-0.023644,0.001270,2.8050,0.0445,0.019410,-0.376034,0.0047,14.814130,-0.000065,-0.001074,4.0690,1.000000,1.070642,223.3532,0,1,clay,1.0000,0.500000,0,0,0.000000,0.000000,0.000000,0,nan,0.00,0.046026,0.1920,0.1742,0.024302,-0.5816,0.47,6.69,7.62,6.75,0.008158,-0.0127,-1.3237,0.008000,0.090758,0.5641,-0.073802,0.023368,0.004486,442.26700444040966,-192.7208245236783,-189.99986945720406,8.240359811892617,-0.019370,-0.003486,6629.3,5991.3,-0.169642,-0.021448,-1.000000,2.8079,1.0000,,,,,
6.4920,1778833321.125763,541,14.796653,-0.044547,0.000878,2.6534,-0.0076,0.024725,14.734495,0.008891,-0.000734,2.7360,14.817733,-0.043940,0.001060,2.7750,0.0392,0.024023,-0.379825,0.0319,14.817733,-0.000068,-0.001064,4.0691,1.000000,1.072213,230.1570,0,1,clay,1.0000,0.500000,0,0,0.000000,0.000000,0.000000,0,nan,0.00,0.068753,0.1908,0.1722,0.036302,-0.5687,0.45,6.68,7.58,6.63,0.008891,0.0036,-1.3331,0.008000,0.054013,-0.0120,-0.086962,0.019015,0.008615,-177.8713142009081,1003.7470878442991,-76.36994964704186,73.9482703999271,-0.003729,0.000634,6630.2,5990.4,-0.171296,0.016486,1.000000,2.7780,1.0000,,,,,
6.5040,1778833321.137749,542,14.839450,-0.009403,-0.004907,2.6718,0.0529,0.010924,14.767247,0.009384,-0.000595,2.7267,14.860256,-0.008901,-0.004732,2.7546,0.0439,0.024913,-0.372591,0.0439,14.860256,-0.000108,-0.000743,4.0703,1.000000,1.066471,235.3936,0,1,clay,1.0000,0.500000,0,0,0.000000,0.000000,0.000000,0,nan,0.00,0.091481,0.1897,0.1701,0.048302,-0.5559,0.44,6.67,7.54,6.63,0.009384,0.0115,-1.3436,0.008000,0.040872,-0.8414,-0.088686,0.019360,0.009711,-975.3812149355956,-612.7198885293326,1.5610276401865377,27.637389108787772,0.008596,-0.001886,6628.4,5992.2,-0.168086,-0.000468,1.000000,2.7574,1.0000,,,,,
6.5160,1778833321.149809,543,14.837748,0.040060,-0.003240,2.6365,0.0642,0.012842,14.799879,0.009839,-0.000442,2.7131,14.858314,0.040635,-0.003066,2.7312,0.0501,0.026411,-0.375879,0.0558,14.858314,-0.000107,-0.000766,4.0703,-0.346743,1.065115,241.7679,0,1,clay,1.0000,0.500000,0,0,0.000000,0.000000,0.000000,0,nan,0.00,0.083600,0.1885,0.1679,0.044141,-0.5431,0.43,6.66,7.52,6.63,0.009839,0.0202,-1.3572,0.008000,0.040410,-0.4488,-0.105226,0.026050,0.012208,-20.947807797759197,-680.4945341698804,80.14465834800816,-13.728349165076978,0.019774,-0.004528,6629.2,5991.4,-0.169508,0.010352,1.000000,2.7340,1.0000,,,,,
6.5280,1778833321.161880,544,14.767472,0.045701,-0.004678,2.7440,0.1736,0.018278,14.832328,0.010365,-0.000251,2.6995,14.788057,0.046397,-0.004512,2.7330,0.0688,0.024159,-0.385428,0.0415,14.788057,-0.000036,-0.001064,4.0681,-0.954509,1.071067,241.1072,0,1,clay,1.0000,0.500000,0,0,0.000000,0.000000,0.000000,0,nan,0.00,0.061907,0.1874,0.1657,0.032687,-0.5303,0.43,6.66,7.52,6.65,0.010365,0.0312,-1.3686,0.008000,0.103853,-0.4877,-0.085152,0.054006,0.014730,460.59157959909373,1430.3656456595759,-102.97354412446475,-146.92145624274167,0.006818,-0.013723,6631.6,5989.0,-0.173721,-0.022638,-0.346743,2.7359,1.0000,,,,,
6.5400,1778833321.176887,545,14.925467,0.040754,-0.003863,2.6951,-0.0285,0.033236,14.864661,0.011229,0.000118,2.6902,14.945951,0.041329,-0.003693,2.7251,0.0496,0.022749,-0.388040,0.0255,14.945951,-0.000106,0.001050,4.0703,0.091371,1.081279,244.9056,0,1,clay,1.0000,0.500000,0,0,0.000000,0.000000,0.000000,0,nan,0.00,0.063983,0.1863,0.1635,0.033783,-0.5173,0.42,6.67,7.52,6.71,0.011229,0.0524,-1.3800,0.008000,0.053731,-0.1176,-0.055483,0.031089,0.008251,1155.6175480256875,-271.1881461856955,-66.62779961864697,-15.810926065497995,0.000764,-0.005046,6632.3,5988.3,-0.174886,-0.024043,-0.954509,2.7280,1.0000,,,,,
6.5520,1778833321.185782,546,14.940126,0.095000,-0.001328,2.6836,0.0911,0.038563,14.896844,0.012274,0.000570,2.6797,14.960505,0.095719,-0.001134,2.7164,0.0571,0.026224,-0.398887,0.0345,14.960505,-0.000087,0.001507,4.0697,-1.000000,1.094935,249.2340,0,1,clay,1.0000,0.500000,0,0,0.000000,0.000000,0.000000,0,nan,0.00,0.041256,0.1852,0.1613,0.021783,-0.5042,0.41,6.66,7.49,6.61,0.012274,-0.1375,-1.3899,0.008000,0.100254,-0.4408,-0.059095,0.039998,0.015412,795.0095655763813,-390.61517858884906,-171.3865154580142,-22.14235345139879,-0.002891,-0.005876,6635.0,5985.5,-0.179703,-0.018518,0.091371,2.7194,1.0000,,,,,
6.5640,1778833321.197814,547,14.911368,0.059143,-0.001416,2.6499,0.0361,0.023915,14.928914,0.013177,0.000896,2.6695,14.931628,0.059792,-0.001238,2.7032,0.0498,0.022248,-0.371125,0.0143,14.931628,-0.000118,0.000644,4.0706,-0.285282,1.079223,249.4580,0,1,clay,1.0000,0.500000,0,0,0.000000,0.000000,0.000000,0,nan,0.00,0.034772,0.1840,0.1590,0.018360,-0.4912,0.42,6.66,7.49,6.65,0.013177,-0.1188,-1.4011,0.008000,0.039640,-0.3936,-0.063965,0.035757,0.015090,-454.5408931400178,629.2183843830077,-160.14848857806902,-17.72588762924366,-0.013242,-0.004418,6628.0,5992.5,-0.167487,-0.007877,-1.000000,2.7060,1.0000,,,,,
6.5760,1778833321.209863,548,15.050375,-0.005131,0.004321,2.7164,0.0257,0.028499,14.960823,0.014116,0.001244,2.6535,15.070605,-0.004403,0.004502,2.7052,0.0449,0.022561,-0.375072,0.0162,15.070605,0.000323,0.006326,4.0587,1.000000,1.079110,249.7190,0,1,clay,1.0000,0.500000,0,0,0.000000,0.000000,0.000000,0,nan,0.00,0.057500,0.1829,0.1566,0.030360,-0.4783,0.41,6.66,7.48,6.67,0.014116,-0.0989,-1.4051,0.008000,0.181211,0.2394,-0.062378,0.053653,0.041578,1.1217761187734823,-202.75774270520878,-234.5928868635206,21.910125000517567,-0.014949,-0.001919,6629.0,5991.6,-0.169170,-0.033499,-0.285282,2.7080,1.0000,,,,,
6.5880,1778833321.221743,549,15.026734,0.023364,0.002090,2.6000,-0.0558,0.022704,14.992558,0.015046,0.001561,2.6409,15.046766,0.023933,0.002279,2.6843,0.0314,0.025845,-0.367562,0.0378,15.046766,0.000187,0.005092,4.0616,1.000000,1.070457,254.4107,0,1,clay,1.0000,0.500000,0,0,0.000000,0.000000,0.000000,0,nan,0.00,0.080227,0.1818,0.1543,0.042360,-0.4654,0.40,6.65,7.45,6.61,0.015046,-0.0807,-1.4208,0.008000,0.078355,-0.0643,-0.080250,0.004880,0.012580,-430.58798508156934,1410.0184949339684,-33.19980805659249,124.71164031880224,0.004697,0.005253,6627.1,5993.5,-0.165846,0.011356,1.000000,2.6871,1.0000,,,,,
6.6000,1778833321.233739,550,14.988621,0.072731,-0.001467,2.5628,-0.0055,0.010289,15.024194,0.015720,0.001722,2.6334,15.008427,0.073179,-0.001286,2.6603,0.0283,0.026402,-0.359648,0.0498,15.008427,0.000027,0.003323,4.0661,-0.665900,1.056922,260.5279,0,1,clay,1.0000,0.500000,0,0,0.000000,0.000000,0.000000,0,nan,0.00,0.065093,0.1808,0.1519,0.034369,-0.4527,0.39,6.65,7.44,6.66,0.015720,-0.0715,-1.4327,0.008000,0.152199,-0.2824,-0.074012,-0.014566,-0.007607,-1251.8010556697923,-17.939305744978128,80.3405163809393,127.5382640295905,0.020687,0.005955,6625.1,5995.5,-0.162315,0.010503,1.000000,2.6630,1.0000,,,,,
6.6120,1778833321.245784,551,15.014700,0.001746,0.005157,2.5805,0.0287,0.013121,15.055704,0.016292,0.001853,2.6217,15.034362,0.002287,0.005315,2.6444,0.0263,0.021831,-0.359813,0.0294,15.034362,0.000128,0.004490,4.0632,1.000000,1.053405,263.1157,0,1,clay,1.0000,0.500000,0,0,0.000000,0.000000,0.000000,0,nan,0.00,0.087820,0.1797,0.1495,0.046369,-0.4401,0.39,6.65,7.43,6.64,0.016292,-0.0640,-1.4415,0.008000,0.121112,0.4239,-0.070249,-0.016458,-0.011782,142.09908909225967,704.6315736884098,-13.33407690579638,100.17953130672217,0.013160,0.004373,6625.1,5995.5,-0.162340,0.008568,-0.665900,2.6471,1.0000,,,,,
6.6240,1778833321.257773,552,14.996361,0.054746,0.001158,2.6047,0.0361,0.016863,15.087087,0.017014,0.002068,2.6120,15.015932,0.055253,0.001326,2.6361,0.0322,0.025491,-0.367879,0.0538,15.015932,0.000053,0.003648,4.0653,-0.338664,1.055495,266.3644,0,1,clay,1.0000,0.500000,0,0,0.000000,0.000000,0.000000,0,nan,0.00,0.080123,0.1786,0.1470,0.042305,-0.4274,0.38,6.65,7.42,6.62,0.017014,-0.0517,-1.4534,0.008000,0.135217,0.0907,-0.054712,-0.006679,-0.001955,860.2166780244329,146.07748639366173,106.31365087905488,82.04277714189999,0.024594,0.003003,6627.1,5993.5,-0.165883,-0.001308,1.000000,2.6389,1.0000,,,,,
6.6360,1778833321.275062,553,15.137787,0.033753,0.003186,2.5972,-0.0054,0.023149,15.118350,0.017929,0.002388,2.6006,15.157270,0.034248,0.003351,2.6280,0.0252,0.023799,-0.369706,0.0398,15.157270,0.001093,0.011681,4.0523,0.640530,1.063075,269.9087,0,1,clay,1.0000,0.500000,0,0,0.000000,0.000000,0.000000,0,nan,0.00,0.094681,0.1775,0.1446,0.049991,-0.4147,0.38,6.66,7.43,6.76,0.017929,-0.0333,-1.4517,0.008000,0.079544,0.3026,-0.063676,-0.018961,0.000144,550.9495255885769,-320.9384480181973,-17.399193398801444,120.91268634369143,0.022372,0.005734,6627.6,5993.0,-0.166693,-0.007359,-0.338664,2.6308,1.0000,,,,,
6.6480,1778833321.282358,554,15.107538,0.085979,0.002121,2.6679,0.0071,0.029682,15.149468,0.018995,0.002746,2.5897,15.127598,0.086492,0.002312,2.6351,0.0257,0.027794,-0.367782,0.0549,15.127598,0.000777,0.009694,4.0531,-1.000000,1.062619,269.0491,0,1,clay,1.0000,0.500000,0,0,0.000000,0.000000,0.000000,0,nan,0.00,0.071953,0.1765,0.1421,0.037991,-0.4019,0.47,6.67,7.62,6.71,0.016495,-0.9265,-1.4634,0.008000,0.116979,0.2028,-0.048321,-0.012100,0.005073,715.141190825263,1230.0266193121815,142.0028912049522,152.061231832082,0.029972,0.007814,6627.2,5993.4,-0.165961,-0.036203,0.640530,2.6380,1.0000,,,,,
6.6600,1778833321.293783,555,15.171929,0.075341,0.003509,2.5664,-0.0215,0.022802,15.180485,0.020062,0.003047,2.5818,15.191823,0.075790,0.003684,2.6214,0.0154,0.023521,-0.359283,0.0304,15.191823,0.001540,0.014195,4.0542,-0.508609,1.057830,272.4821,0,1,clay,1.0000,0.500000,0,0,0.000000,0.000000,0.000000,0,nan,0.00,0.060394,0.1754,0.1396,0.031888,-0.3892,0.46,6.67,7.58,6.66,0.017562,-0.9092,-1.4723,0.008000,0.067267,0.1158,-0.052415,-0.009566,0.019653,365.66180144768913,-8.502648440620078,67.35918190108397,190.94762690684425,0.020667,0.010794,6625.0,5995.6,-0.162196,0.002249,-1.000000,2.6241,1.0000,,,,,
6.6720,1778833321.305804,556,15.153420,-0.093785,0.000815,2.6093,-0.0053,0.027919,15.211363,0.021157,0.003372,2.5689,15.173206,-0.093412,0.000992,2.6185,0.0120,0.023310,-0.364165,0.0280,15.173206,0.001288,0.012813,4.0527,1.000000,1.063492,272.1849,0,1,clay,1.0000,0.500000,0,0,0.000000,0.000000,0.000000,0,nan,0.00,0.083121,0.1743,0.1370,0.043888,-0.3765,0.44,6.67,7.55,6.65,0.018657,-0.8906,-1.4839,0.008000,0.168891,-0.0099,-0.044810,-0.016504,0.013490,194.60133788429124,1456.5604751622861,-27.52841350852721,219.08996218023395,0.015012,0.012631,6626.2,5994.4,-0.164320,-0.015735,-0.508609,2.6213,1.0000,,,,,
6.6840,1778833321.317788,557,15.223770,-0.025557,-0.004867,2.5209,0.0280,0.027687,15.242120,0.022337,0.003707,2.5606,15.243331,-0.025225,-0.004671,2.5991,0.0192,0.027948,-0.359301,0.0514,15.243331,0.002376,0.018344,4.0648,1.000000,1.061145,277.5767,0,1,clay,1.0000,0.500000,0,0,0.000000,0.000000,0.000000,0,nan,0.00,0.105849,0.1733,0.1345,0.055888,-0.3637,0.43,6.66,7.51,6.62,0.019837,-0.8714,-1.5042,0.008000,0.121214,-0.6660,-0.065834,-0.021075,0.001797,-383.7974801674418,-467.95431887585414,105.3414509287993,197.92530849134113,0.024814,0.011699,6625.0,5995.6,-0.162177,0.015120,1.000000,2.6018,1.0000,,,,,
6.6960,1778833321.329821,558,15.302422,0.079649,0.008513,2.5426,-0.0404,0.025196,15.272806,0.023278,0.003898,2.5560,15.321830,0.080200,0.008720,2.5878,0.0134,0.030686,-0.335555,0.0634,15.321830,0.004079,0.024992,4.1028,-0.494772,1.038093,281.8469,0,1,clay,1.0000,0.500000,0,0,0.000000,0.000000,0.000000,0,nan,0.00,0.094604,0.1723,0.1319,0.049951,-0.3513,0.42,6.66,7.50,6.65,0.020778,-0.8604,-1.5468,0.008000,0.049517,0.2091,-0.057210,-0.026679,0.000496,-539.5122092738716,-2290.9270871083945,245.31418785089588,248.9213140923744,0.040457,0.015712,6619.0,6001.6,-0.151673,-0.001037,1.000000,2.5904,1.0000,,,,,
6.7080,1778833321.341947,559,15.291682,0.064739,-0.000112,2.4666,0.0680,0.026949,15.303409,0.024065,0.004055,2.5460,15.310891,0.065194,0.000089,2.5638,0.0217,0.028342,-0.349795,0.0462,15.310891,0.003810,0.024084,4.0961,0.078070,1.039266,288.2149,0,1,clay,1.0000,0.500000,0,0,0.000000,0.000000,0.000000,0,nan,0.00,0.096378,0.1712,0.1293,0.050888,-0.3388,0.42,6.67,7.50,6.72,0.021565,-0.8514,-1.5501,0.008000,0.022920,-0.0840,-0.057957,-0.001135,0.013581,-58.33297204363987,-462.5786215453485,71.42344693315913,176.592846977357,0.029028,0.011137,6622.5,5998.0,-0.157880,0.025534,-0.494772,2.5664,1.0000,,,,,
6.7200,1778833321.353763,560,15.284794,0.076750,0.011387,2.4394,0.0060,0.035291,15.333946,0.025276,0.004450,2.5423,15.303784,0.077436,0.011602,2.5392,0.0210,0.030374,-0.349519,0.0515,15.303784,0.003641,0.023490,4.0919,-0.989771,1.039967,294.3989,0,1,clay,1.0000,0.500000,0,0,0.000000,0.000000,0.000000,0,nan,0.00,0.073883,0.1702,0.1267,0.039010,-0.3263,0.41,6.66,7.47,6.60,0.022776,-0.8288,-1.5496,0.008000,0.068404,0.2228,-0.066532,-0.009433,0.007184,991.3806630875787,-150.5806312583503,-25.41067095476552,198.92233155535644,0.029117,0.013206,6622.4,5998.1,-0.157756,0.027395,0.078070,2.5418,1.0000,,,,,
6.7320,1778833321.373577,561,15.392692,0.061753,0.007311,2.5829,0.1604,0.041435,15.364390,0.026676,0.004930,2.5344,15.411712,0.062554,0.007531,2.5472,0.0415,0.028909,-0.341406,0.0316,15.411712,0.006654,0.032229,4.1704,0.246950,1.035700,293.4968,0,1,clay,1.0000,0.500000,0,0,0.000000,0.000000,0.000000,0,nan,0.00,0.079496,0.1692,0.1241,0.041974,-0.3139,0.40,6.67,7.48,6.73,0.024176,-0.8013,-1.6360,0.008000,0.113174,0.1968,-0.049513,0.017845,0.010514,473.8037035766274,-112.06957052081088,-59.77470756018616,63.60102499504795,0.004332,0.003815,6620.4,6000.2,-0.154171,-0.029577,-0.989771,2.5498,1.0000,,,,,
6.7440,1778833321.380856,562,15.479178,0.039308,-0.005410,2.5614,0.0252,0.039351,15.394718,0.028109,0.005385,2.5250,15.500603,0.039951,-0.005144,2.5492,0.0409,0.032035,-0.335624,0.0440,15.500603,0.009824,0.038983,4.2480,1.000000,1.030130,293.9879,0,1,clay,1.0000,0.500000,0,0,0.000000,0.000000,0.000000,0,nan,0.00,0.102223,0.1682,0.1215,0.053974,-0.3015,0.87,6.66,8.39,6.63,0.018309,-1.9225,-1.7230,0.008000,0.059166,-0.6384,-0.039015,0.016040,0.010850,-260.93014261377346,698.4797382987094,-120.6777561191403,96.642770772776,0.007366,0.006260,6619.2,6001.4,-0.152031,-0.014986,0.246950,2.5520,1.0000,,,,,
6.7560,1778833321.389830,563,15.487687,-0.091990,0.005098,2.5390,0.0886,0.034880,15.424962,0.029354,0.005731,2.5175,15.508712,-0.091018,0.005380,2.5468,0.0523,0.036242,-0.327957,0.0622,15.508712,0.010142,0.039581,4.2551,1.000000,1.025069,293.8208,0,1,clay,1.0000,0.500000,0,0,0.000000,0.000000,0.000000,0,nan,0.00,0.124950,0.1671,0.1189,0.065974,-0.2892,0.80,6.67,8.26,6.72,0.019554,-1.9027,-1.7376,0.008000,0.209677,0.0004,-0.048855,0.034832,0.021653,-1232.9023709989801,498.2679778273356,25.17852205452752,44.81777266057931,0.015097,0.002849,6617.2,6003.4,-0.148559,-0.004087,1.000000,2.5495,1.0000,,,,,
6.7680,1778833321.401782,564,15.474458,0.054357,0.004105,2.4945,0.0510,0.012954,15.455135,0.030253,0.005921,2.5129,15.495110,0.055289,0.004370,2.5363,0.0555,0.036515,-0.313127,0.0741,15.495110,0.009610,0.038577,4.2431,0.545490,1.002037,296.4508,0,1,clay,1.0000,0.500000,0,0,0.000000,0.000000,0.000000,0,nan,0.00,0.137348,0.1661,0.1163,0.072520,-0.2772,0.73,6.66,8.13,6.62,0.020453,-1.8918,-1.7303,0.008000,0.034466,-0.1107,-0.046571,0.039459,0.018125,-788.503755566343,-454.7390419784224,146.29690789861823,-1.1880983019079707,0.029031,0.000108,6613.4,6007.2,-0.141941,-0.002393,1.000000,2.5389,1.0000,,,,,
6.7800,1778833321.413788,565,15.442364,0.060777,0.015521,2.4978,-0.0485,0.021540,15.485244,0.031127,0.006134,2.5064,15.462647,0.061787,0.015778,2.5283,0.0410,0.036439,-0.316555,0.0769,15.462647,0.008397,0.036148,4.2145,-0.687163,0.994496,297.8501,0,1,clay,1.0000,0.500000,0,0,0.000000,0.000000,0.000000,0,nan,0.00,0.121731,0.1651,0.1136,0.064274,-0.2653,0.68,6.66,8.02,6.61,0.021327,-1.8796,-1.7081,0.008000,0.149177,0.6989,-0.051145,-0.012645,-0.023181,256.64502718295057,-344.0212186114815,258.7173777572681,90.60190744400339,0.043710,0.006609,6614.2,6006.4,-0.143321,0.002110,0.545490,2.5309,1.0000,,,,,
6.7920,1778833321.425825,566,15.508749,0.159120,0.014287,2.4639,-0.0247,0.032083,15.515273,0.032252,0.006493,2.4992,15.528693,0.159996,0.014534,2.5154,0.0293,0.033705,-0.314048,0.0588,15.528693,0.010948,0.041047,4.2723,-1.000000,0.986482,305.6781,0,1,clay,1.0000,0.500000,0,0,0.000000,0.000000,0.000000,0,nan,0.00,0.099003,0.1642,0.1110,0.052274,-0.2534,0.64,6.65,7.93,6.63,0.022452,-1.8590,-1.7732,0.008000,0.179255,0.9261,-0.045230,-0.018002,-0.014191,980.5545177644046,63.306648435043144,209.2253371753836,156.52989631541948,0.038888,0.011469,6613.5,6007.1,-0.142145,0.006616,-0.687163,2.5179,1.0000,,,,,
6.8040,1778833321.437768,567,15.600367,0.006160,0.004825,2.5763,0.0867,0.041983,15.545189,0.033662,0.006989,2.4910,15.620182,0.006930,0.005075,2.5268,0.0370,0.032514,-0.306744,0.0444,15.620182,0.015010,0.047667,4.3458,1.000000,0.982695,299.5015,0,1,clay,1.0000,0.500000,0,0,0.000000,0.000000,0.000000,0,nan,0.00,0.121731,0.1632,0.1083,0.064274,-0.2417,0.59,6.65,7.84,6.66,0.023862,-1.8306,-1.8548,0.008000,0.084853,-0.3989,-0.025038,0.007314,-0.000229,993.6270166869008,876.9444772272509,74.58054086137551,106.11839001011748,0.020145,0.008062,6611.6,6009.0,-0.138853,-0.032239,-1.000000,2.5292,1.0000,,,,,
6.8160,1778833321.449896,568,15.621874,-0.012311,0.003820,2.5001,0.0695,0.046519,15.575033,0.035236,0.007517,2.4861,15.641520,-0.011442,0.004105,2.5213,0.0473,0.039332,-0.293893,0.0721,15.641520,0.016044,0.049188,4.3609,1.000000,0.969612,300.4393,0,1,clay,1.0000,0.500000,0,0,0.000000,0.000000,0.000000,0,nan,0.00,0.144458,0.1622,0.1057,0.076274,-0.2300,0.57,6.66,7.79,6.68,0.025436,-1.8003,-1.8749,0.008000,0.100363,0.0514,-0.005189,0.019878,0.012257,508.55631571428364,-117.6802737356158,136.12066778968608,88.61547773532601,0.027302,0.007285,6608.3,6012.2,-0.133144,-0.010334,1.000000,2.5236,1.0000,,,,,
6.8280,1778833321.461775,569,15.659805,0.118228,0.004788,2.4791,0.0634,0.024439,15.604826,0.036579,0.007891,2.4805,15.679227,0.119151,0.005070,2.5127,0.0537,0.040798,-0.289501,0.0840,15.679227,0.017951,0.051855,4.3853,-1.000000,0.954089,305.7122,0,1,clay,1.0000,0.500000,0,0,0.000000,0.000000,0.000000,0,nan,0.00,0.121731,0.1612,0.1030,0.064274,-0.2186,0.54,6.69,7.76,6.86,0.026779,-1.7789,-1.9048,0.008000,0.106750,-0.5644,0.010743,0.032810,0.019348,-1031.733136870628,-147.68622884558147,243.25536776683953,41.897871196379626,0.038482,0.004228,6607.2,6013.4,-0.131134,-0.010375,1.000000,2.5150,1.0000,,,,,
6.8400,1778833321.474744,570,15.629196,0.117048,0.002730,2.4663,0.0036,0.034809,15.634534,0.037822,0.008242,2.4716,15.648528,0.117838,0.002999,2.5032,0.0428,0.036417,-0.307233,0.0566,15.648528,0.016391,0.049686,4.3657,-1.000000,0.962599,308.5108,0,1,clay,1.0000,0.500000,0,0,0.000000,0.000000,0.000000,0,nan,0.00,0.099003,0.1602,0.1004,0.052274,-0.2070,0.52,6.68,7.71,6.64,0.016022,-2.7814,-1.8941,0.008000,0.057414,-0.4407,-0.007507,0.010961,0.014013,142.13995061492597,-370.69735569499153,153.00848699579163,96.84050306614216,0.029118,0.007737,6611.6,6008.9,-0.138907,0.004258,-1.000000,2.5056,1.0000,,,,,
6.8520,1778833321.485969,571,15.725978,0.068607,0.014540,2.5416,0.0455,0.043122,15.664162,0.039280,0.008713,2.4680,15.745334,0.069631,0.014811,2.5103,0.0417,0.035096,-0.289033,0.0446,15.745334,0.021536,0.056465,4.4188,0.577853,0.955267,305.0137,0,1,clay,1.0000,0.500000,0,0,0.000000,0.000000,0.000000,0,nan,0.00,0.112136,0.1593,0.0977,0.059208,-0.1956,0.52,6.67,7.71,6.64,0.017480,-2.7545,-1.9509,0.008000,0.036099,0.9443,-0.003090,-0.001459,-0.001152,643.1061484389526,-43.100996609381355,33.46573575613449,101.03123709946624,0.015211,0.008396,6607.0,6013.5,-0.130897,-0.036686,-1.000000,2.5125,1.0000,,,,,
6.8640,1778833321.497806,572,15.791444,-0.094244,0.001794,2.4613,0.0295,0.045783,15.693671,0.040826,0.009222,2.4575,15.810625,-0.093436,0.002086,2.5004,0.0431,0.039594,-0.289895,0.0636,15.810625,0.025374,0.060987,4.4393,1.000000,0.957700,308.9445,0,1,clay,1.0000,0.500000,0,0,0.000000,0.000000,0.000000,0,nan,0.00,0.134864,0.1583,0.0951,0.071208,-0.1841,0.50,6.67,7.67,6.66,0.019026,-2.7253,-1.9818,0.008000,0.032132,-0.4131,-0.011354,-0.031451,-0.026871,-305.5360879006059,795.7603095608274,63.66854585302194,130.9540283387007,0.021285,0.010569,6607.2,6013.3,-0.131234,0.000938,0.577853,2.5026,1.0000,,,,,
6.8760,1778833321.509795,573,15.618559,0.030965,0.010293,2.4913,0.2101,0.036631,15.723076,0.042249,0.009641,2.4495,15.637659,0.032199,0.010598,2.4981,0.0739,0.042899,-0.298670,0.0789,15.637659,0.015855,0.048914,4.3582,0.947810,0.956724,307.2160,0,1,clay,1.0000,0.500000,0,0,0.000000,0.000000,0.000000,0,nan,0.00,0.156405,0.1574,0.0924,0.082582,-0.1726,0.49,6.67,7.65,6.69,0.020449,-2.7013,-1.9087,0.008000,0.135260,0.1302,-0.004530,0.006795,-0.020765,-1413.6822652723113,273.6408420907396,62.252916667194796,-54.682831758497144,0.019852,-0.002883,6609.5,6011.1,-0.135108,-0.021048,1.000000,2.5004,1.0000,,,,,
6.8880,1778833321.521732,574,15.766809,0.006174,0.010100,2.4901,0.0760,0.023622,15.752432,0.043461,0.009957,2.4465,15.785812,0.007407,0.010397,2.4964,0.0772,0.043664,-0.270010,0.0898,15.785812,0.023880,0.059264,4.4328,1.000000,0.937180,307.5534,0,1,clay,1.0000,0.500000,0,0,0.000000,0.000000,0.000000,0,nan,0.00,0.179132,0.1564,0.0898,0.094582,-0.1613,0.47,6.67,7.61,6.66,0.021661,-2.6832,-1.9863,0.008000,0.086526,-0.5341,0.001751,0.032145,-0.002405,4.571050797359149,-123.85633155773439,193.27677208232234,-99.47618984390351,0.032337,-0.005085,6602.2,6018.4,-0.122436,-0.030938,0.947810,2.4984,1.0000,,,,,
6.9000,1778833321.533800,575,15.712704,-0.059705,0.005223,2.4908,-0.0365,0.023589,15.781706,0.044568,0.010240,2.4371,15.731641,-0.058707,0.005517,2.4949,0.0626,0.044856,-0.274276,0.1022,15.731641,0.020768,0.055517,4.4130,1.000000,0.931065,307.6711,0,1,clay,1.0000,0.500000,0,0,0.000000,0.000000,0.000000,0,nan,0.00,0.201859,0.1555,0.0871,0.106582,-0.1502,0.46,6.67,7.59,6.65,0.022768,-2.6670,-1.9759,0.008000,0.241265,-0.7266,0.012953,0.032296,0.014680,-110.35675884518002,-181.13581837775746,393.85083522355137,-1.493540895325097,0.053941,0.001849,6603.2,6017.3,-0.124244,-0.026721,1.000000,2.4970,1.0000,,,,,
6.9120,1778833321.545810,576,15.733764,0.023535,0.006463,2.4214,-0.0370,0.032984,15.810890,0.045839,0.010620,2.4309,15.752545,0.024465,0.006767,2.4803,0.0511,0.047483,-0.267388,0.1142,15.752545,0.021945,0.056963,4.4217,0.985584,0.918650,311.8244,0,1,clay,1.0000,0.500000,0,0,0.000000,0.000000,0.000000,0,nan,0.00,0.224259,0.1546,0.0845,0.118409,-0.1391,0.45,6.66,7.56,6.61,0.024039,-2.6452,-1.9908,0.008000,0.139160,-0.1068,-0.013790,0.001151,0.002564,879.4361076197367,9.37732195579008,541.8822275575978,93.43816228555147,0.072394,0.008776,6601.5,6019.1,-0.121174,0.002517,1.000000,2.4823,1.0000,,,,,
6.9240,1778833321.557763,577,15.773981,0.106415,0.014934,2.4355,0.0687,0.037972,15.839996,0.047254,0.011040,2.4233,15.792604,0.107582,0.015254,2.4713,0.0591,0.050832,-0.264109,0.1258,15.792604,0.024285,0.059735,4.4347,-1.000000,0.907726,316.4039,0,1,clay,1.0000,0.500000,0,0,0.000000,0.000000,0.000000,0,nan,0.00,0.201532,0.1536,0.0818,0.106409,-0.1283,0.44,6.66,7.54,6.67,0.025454,-2.6211,-2.0114,0.008000,0.159696,0.3951,-0.018619,-0.017786,-0.021974,1225.171975198509,1691.3882329266153,598.3963868092918,61.315248019995806,0.080633,0.006805,6600.6,6020.0,-0.119672,-0.005024,0.985584,2.4733,1.0000,,,,,
6.9360,1778833321.572711,578,15.821223,0.076806,0.010984,2.4057,0.0134,0.033690,15.869007,0.048776,0.011489,2.4167,15.839688,0.077820,0.011288,2.4582,0.0505,0.046242,-0.262393,0.0989,15.839688,0.027178,0.063012,4.4457,-1.000000,0.903390,319.3216,0,1,clay,1.0000,0.500000,0,0,0.000000,0.000000,0.000000,0,nan,0.00,0.178804,0.1527,0.0792,0.094409,-0.1174,0.42,6.66,7.51,6.62,0.026976,-2.5954,-2.0290,0.008000,0.122511,0.1051,-0.023574,-0.013830,-0.009192,1251.9552970750792,1552.5140171618254,536.4295232216816,90.05641869473044,0.070509,0.008995,6600.1,6020.4,-0.118867,0.004962,-1.000000,2.4602,1.0000,,,,,
6.9480,1778833321.581855,579,15.959912,0.042780,0.013253,2.4831,0.0380,0.056039,15.897946,0.050637,0.012109,2.4117,15.978369,0.043855,0.013573,2.4627,0.0484,0.046567,-0.252834,0.0869,15.978369,0.036606,0.072774,4.4787,0.875464,0.896474,317.9614,0,1,clay,1.0000,0.500000,0,0,0.000000,0.000000,0.000000,0,nan,0.00,0.198701,0.1518,0.0766,0.104914,-0.1067,0.42,6.66,7.50,6.65,0.012437,-3.5639,-2.0670,0.008000,0.105410,0.3789,-0.007806,0.003249,0.009553,1238.7042822815104,-176.84724623580678,436.3855030715803,129.07621262415552,0.055525,0.011780,6597.7,6022.9,-0.114626,-0.031751,-1.000000,2.4646,1.0000,,,,,
6.9600,1778833321.593913,580,15.901964,0.046869,0.019738,2.3374,0.0344,0.059488,15.926805,0.052736,0.012804,2.4034,15.920193,0.048130,0.020096,2.4380,0.0519,0.053318,-0.265591,0.1115,15.920193,0.032486,0.068659,4.4619,0.370914,0.902125,324.8329,0,1,clay,1.0000,0.500000,0,0,0.000000,0.000000,0.000000,0,nan,0.00,0.207131,0.1511,0.0729,0.109365,-0.0958,0.41,6.65,7.48,6.64,0.014536,-3.5241,-2.0585,0.008000,0.100968,0.0812,-0.041374,0.002254,0.013089,908.2081933779377,2168.1237276069514,467.2565125321059,171.19854606648536,0.063002,0.014930,6600.9,6019.6,-0.120230,0.031342,0.875464,2.4400,1.0000,,,,,
6.9720,1778833321.605835,581,15.966239,0.057570,0.015404,2.3571,0.0624,0.035315,15.955607,0.054668,0.013338,2.4013,15.984317,0.058777,0.015756,2.4223,0.0567,0.052888,-0.212965,0.1121,15.984317,0.037041,0.073196,4.4809,0.131756,0.860436,328.0537,0,1,clay,1.0000,0.500000,0,0,0.000000,0.000000,0.000000,0,nan,0.00,0.210126,0.1506,0.0694,0.110946,-0.0855,0.41,6.66,7.47,6.66,0.016468,-3.4935,-2.0796,0.008000,0.168707,0.5362,-0.047430,-0.038529,-0.041254,-196.1827784161183,79.09329000835749,477.85289462654845,114.62273553065978,0.065871,0.011953,6587.6,6033.0,-0.097006,0.021659,0.370914,2.4240,1.0000,,,,,
6.9840,1778833321.617800,582,15.912561,0.048147,0.016669,2.4311,0.0866,0.036971,15.984385,0.056482,0.013803,2.3982,15.930628,0.049431,0.017017,2.4239,0.0641,0.052584,-0.194249,0.1119,15.930628,0.033207,0.069395,4.4644,-0.160558,0.821083,326.3055,0,1,clay,1.0000,0.500000,0,0,0.000000,0.000000,0.000000,0,nan,0.00,0.206477,0.1504,0.0661,0.109020,-0.0756,0.40,6.67,7.47,6.72,0.018282,-3.4669,-2.0663,0.008000,0.025298,0.1021,-0.042926,-0.032245,-0.030524,724.6474505750652,-430.63238543707644,393.0045411493247,48.839528941575125,0.064291,0.007766,6582.8,6037.8,-0.088602,-0.020483,0.131756,2.4253,1.0000,,,,,
6.9960,1778833321.629772,583,16.029807,0.076566,0.021598,2.4270,0.0173,0.044236,16.013071,0.058494,0.014381,2.3901,16.047864,0.077899,0.021948,2.4241,0.0583,0.052419,-0.200344,0.1078,16.047864,0.041845,0.077696,4.5121,-0.648533,0.806384,327.6725,0,1,clay,1.0000,0.500000,0,0,0.000000,0.000000,0.000000,0,nan,0.00,0.191737,0.1503,0.0629,0.101237,-0.0660,0.40,6.66,7.45,6.61,0.020294,-3.4338,-2.1219,0.008000,0.052166,0.3916,-0.043688,-0.031915,-0.021233,1407.9294229763486,672.6204270981506,389.59560150151964,97.65126921006495,0.064398,0.010913,6584.3,6036.3,-0.091162,-0.009201,-0.160558,2.4257,1.0000,,,,,
7.0080,1778833321.641793,584,16.026326,-0.023565,0.026708,2.3161,-0.0052,0.065378,16.041680,0.060840,0.015109,2.3846,16.044183,-0.022185,0.027078,2.4030,0.0485,0.053315,-0.198924,0.0964,16.044183,0.041559,0.077437,4.5099,1.000000,0.801501,332.4757,0,1,clay,1.0000,0.500000,0,0,0.000000,0.000000,0.000000,0,nan,0.00,0.214465,0.1504,0.0599,0.113237,-0.0564,0.39,6.66,7.44,6.64,0.022640,-3.3921,-2.1253,0.008000,0.049593,0.9571,-0.062968,-0.050329,-0.034157,1815.4204644683828,373.2828787335377,461.2517404222072,205.13094996715395,0.056975,0.018289,6583.9,6036.7,-0.090482,0.035460,-0.648533,2.4045,1.0000,,,,,
7.0200,1778833321.653764,585,16.030938,0.095679,0.022082,2.3475,0.1271,0.060674,16.070226,0.063372,0.015867,2.3809,16.048700,0.097160,0.022484,2.3920,0.0671,0.059457,-0.192058,0.1207,16.048700,0.041910,0.077754,4.5126,-1.000000,0.786406,337.3077,0,1,clay,1.0000,0.500000,0,0,0.000000,0.000000,0.000000,0,nan,0.00,0.191737,0.1507,0.0570,0.101237,-0.0469,0.39,6.65,7.43,6.62,0.025172,-3.3486,-2.1317,0.008000,0.064491,0.6054,-0.060109,-0.015473,-0.017748,368.96437649493964,1022.6807956680785,483.3425005571561,119.66477790183177,0.059311,0.012924,6582.1,6038.5,-0.087432,0.016697,1.000000,2.3934,1.0000,,,,,
7.0320,1778833321.671000,586,16.095365,0.074951,0.029882,2.3648,0.1243,0.051959,16.098736,0.065747,0.016488,2.3760,16.113039,0.076630,0.030273,2.3865,0.0745,0.055548,-0.186889,0.0938,16.113039,0.047068,0.082233,4.5548,-0.770734,0.778092,338.1897,0,1,clay,1.0000,0.500000,0,0,0.000000,0.000000,0.000000,0,nan,0.00,0.174221,0.1512,0.0543,0.091988,-0.0376,0.39,6.67,7.44,6.79,0.027547,-3.3130,-2.1788,0.008000,0.075258,0.5468,-0.056953,0.006943,-0.004103,1151.1874709172441,996.804715652585,351.90428183072373,38.05837612279318,0.040894,0.007569,6580.8,6039.8,-0.085095,0.007815,-1.000000,2.3879,1.0000,,,,,
7.0440,1778833321.678333,587,16.126290,0.027921,0.009317,2.4528,0.1668,0.059245,16.127154,0.068282,0.017200,2.3699,16.144540,0.029408,0.009724,2.3990,0.0890,0.055317,-0.190438,0.0861,16.144540,0.049699,0.084397,4.5774,1.000000,0.777743,335.1013,0,1,clay,1.0000,0.500000,0,0,0.000000,0.000000,0.000000,0,nan,0.00,0.196948,0.1518,0.0517,0.103988,-0.0282,0.47,6.66,7.60,6.61,0.009282,-4.2572,-2.2074,0.008000,0.076892,-0.3778,-0.031512,0.027712,-0.004216,1410.768400546201,-103.11207856013857,123.68079124738796,-56.51102949560017,0.022570,0.000784,6581.7,6038.9,-0.086700,-0.023690,-0.770734,2.4004,1.0000,,,,,
7.0560,1778833321.689757,588,16.168688,0.063617,0.016533,2.2773,0.0050,0.062937,16.155513,0.070939,0.017929,2.3642,16.186640,0.065175,0.016966,2.3751,0.0801,0.060880,-0.191265,0.1116,16.186640,0.053321,0.087259,4.6079,1.000000,0.777648,342.4146,0,1,clay,1.0000,0.500000,0,0,0.000000,0.000000,0.000000,0,nan,0.00,0.219675,0.1526,0.0492,0.115988,-0.0189,0.45,6.66,7.56,6.62,0.011939,-4.2154,-2.2437,0.008000,0.055924,-0.0972,-0.060818,0.013838,-0.000873,946.70710995826,1547.8196295182347,281.13444337556234,57.26537557012068,0.038875,0.008992,6581.9,6038.7,-0.087049,0.047349,1.000000,2.3766,1.0000,,,,,
7.0680,1778833321.701776,589,16.201030,0.033821,0.024530,2.2410,0.1127,0.045385,16.183814,0.073475,0.018544,2.3585,16.218686,0.035576,0.024961,2.3487,0.0892,0.062332,-0.213676,0.1235,16.218686,0.056160,0.089414,4.6303,1.000000,0.799423,350.4890,0,1,clay,1.0000,0.500000,0,0,0.000000,0.000000,0.000000,0,nan,0.00,0.242402,0.1536,0.0468,0.127988,-0.0093,0.44,6.65,7.53,6.62,0.014475,-4.1802,-2.2718,0.008000,0.049774,-0.0514,-0.061058,0.017395,-0.007618,24.17885871616376,224.31287080837524,347.8439801145531,-6.488502473418023,0.047686,0.004437,6587.6,6033.0,-0.096931,0.056095,1.000000,2.3504,1.0000,,,,,
7.0800,1778833321.713714,590,16.214349,0.046409,0.016791,2.3692,0.0271,0.050027,16.212090,0.075943,0.019123,2.3583,16.231978,0.047977,0.017229,2.3524,0.0836,0.064691,-0.208356,0.1355,16.231978,0.057357,0.090303,4.6392,1.000000,0.805398,349.7233,0,1,clay,1.0000,0.500000,0,0,0.000000,0.000000,0.000000,0,nan,0.00,0.265130,0.1547,0.0446,0.139988,0.0003,0.43,6.64,7.49,6.60,0.016943,-4.1470,-2.2809,0.008000,0.032566,-0.2437,-0.047017,0.002620,-0.010531,-254.3091651076336,-1144.018085563707,496.7133072098313,46.21819761200942,0.064211,0.008373,6586.2,6034.3,-0.094645,-0.005970,1.000000,2.3540,1.0000,,,,,
7.0920,1778833321.725778,591,16.251641,0.112534,0.015969,2.4223,0.1289,0.046604,16.240309,0.078411,0.019680,2.3527,16.269296,0.114180,0.016410,2.3657,0.0958,0.066842,-0.209846,0.1475,16.269296,0.060783,0.092780,4.6624,-1.000000,0.807620,347.5580,0,1,clay,1.0000,0.500000,0,0,0.000000,0.000000,0.000000,0,nan,0.00,0.242402,0.1559,0.0424,0.127988,0.0100,0.41,6.65,7.48,6.68,0.019411,-4.1151,-2.3096,0.008000,0.090432,-0.3613,-0.037188,0.010245,-0.012560,596.3735974432375,1250.6995160629663,560.2218101912948,-28.82851948000514,0.072263,0.002684,6586.6,6033.9,-0.095311,-0.017880,1.000000,2.3672,1.0000,,,,,
7.1040,1778833321.737791,592,16.197026,0.035050,0.023651,2.4532,0.1067,0.049257,16.268467,0.081034,0.020311,2.3487,16.214771,0.036829,0.024075,2.3823,0.0960,0.062387,-0.211566,0.1205,16.214771,0.055809,0.089152,4.6276,0.112487,0.813537,340.5804,0,1,clay,1.0000,0.500000,0,0,0.000000,0.000000,0.000000,0,nan,0.00,0.244959,0.1573,0.0404,0.129338,0.0198,0.41,6.64,7.46,6.62,0.022034,-4.0789,-2.2789,0.008000,0.111870,-0.2028,-0.020221,0.021493,-0.008800,1159.5460904007496,785.1927836772788,489.62537241123806,-58.349373655226245,0.058748,0.000321,6587.1,6033.5,-0.096075,-0.047192,-1.000000,2.3839,1.0000,,,,,
7.1160,1778833321.749795,593,16.236670,0.102241,0.020745,2.2680,-0.0684,0.068767,16.296554,0.084007,0.021119,2.3443,16.254240,0.103804,0.021193,2.3600,0.0726,0.065726,-0.197363,0.1302,16.254240,0.059390,0.091783,4.6534,-1.000000,0.801843,348.1328,0,1,clay,1.0000,0.500000,0,0,0.000000,0.000000,0.000000,0,nan,0.00,0.222232,0.1589,0.0385,0.117338,0.0294,0.41,6.64,7.46,6.65,0.025007,-4.0326,-2.3091,0.008000,0.114810,-0.6684,-0.021611,-0.010012,-0.012133,1317.8505828280245,-197.01216656699182,400.11729686767166,149.2548524885019,0.069576,0.015498,6583.5,6037.1,-0.089821,0.036596,0.112487,2.3615,1.0000,,,,,
7.1280,1778833321.769560,594,16.262563,0.142429,0.021613,2.3137,0.1455,0.069108,16.324590,0.087157,0.021930,2.3398,16.280053,0.144118,0.022067,2.3508,0.0834,0.064131,-0.192217,0.1099,16.280053,0.061788,0.093490,4.6685,-1.000000,0.790902,351.9369,0,1,clay,1.0000,0.500000,0,0,0.000000,0.000000,0.000000,0,nan,0.00,0.199504,0.1605,0.0366,0.105338,0.0389,0.40,6.66,7.47,6.75,0.028157,-3.9861,-2.3287,0.008000,0.034400,-0.3906,-0.020559,0.000195,-0.009433,1802.9874806368439,1971.1711268426764,406.31518186681865,71.19506443695423,0.047977,0.010294,6582.2,6038.4,-0.087509,0.017540,-1.000000,2.3522,1.0000,,,,,
7.1400,1778833321.776859,595,16.378390,0.120723,0.028627,2.3636,0.0864,0.071143,16.352563,0.090465,0.022764,2.3348,16.398086,0.122792,0.029147,2.3528,0.0838,0.063651,-0.192445,0.0969,16.398086,0.073315,0.101192,4.7248,-0.866684,0.788903,350.4377,0,1,clay,1.0000,0.500000,0,0,0.000000,0.000000,0.000000,0,nan,0.00,0.179807,0.1623,0.0349,0.094938,0.0484,0.87,6.65,8.38,6.58,0.031465,-3.9384,-2.3900,0.008000,0.034195,-0.4126,-0.013362,0.009789,0.005367,698.5532674950466,1057.1896410599593,251.8398762112733,84.58941981789766,0.033070,0.011185,6582.4,6038.2,-0.087902,-0.001748,-1.000000,2.3544,1.0000,,,,,
7.1520,1778833321.785906,596,16.346137,0.060610,0.026866,2.3203,0.1337,0.069828,16.380490,0.093796,0.023588,2.3311,16.365427,0.062683,0.027380,2.3462,0.0904,0.062567,-0.190694,0.0878,16.365427,0.070034,0.099078,4.7107,1.000000,0.787627,351.3224,0,1,clay,1.0000,0.500000,0,0,0.000000,0.000000,0.000000,0,nan,0.00,0.202534,0.1642,0.0332,0.106938,0.0578,0.80,6.66,8.25,6.73,0.009796,-4.8193,-2.3796,0.008000,0.039706,0.6652,-0.032112,0.003873,-0.004946,695.6757297677505,32.14349625190937,48.18687845653946,35.943812964702516,0.016365,0.007865,6581.9,6038.7,-0.087069,0.020067,-0.866684,2.3478,1.0000,,,,,
7.1640,1778833321.797761,597,16.404391,0.171016,0.032939,2.3687,0.0883,0.072087,16.408353,0.097233,0.024422,2.3272,16.423435,0.173246,0.033477,2.3503,0.0951,0.068721,-0.192900,0.1151,16.423435,0.075910,0.102823,4.7354,-1.000000,0.784640,352.8548,0,1,clay,1.0000,0.500000,0,0,0.000000,0.000000,0.000000,0,nan,0.00,0.179807,0.1662,0.0316,0.094938,0.0672,0.73,6.65,8.12,6.59,0.013233,-4.7716,-2.4081,0.008000,0.086324,0.5664,-0.004162,0.005112,-0.007210,213.8583500686559,406.19411562111617,143.1589695697608,55.83739406135223,0.027008,0.009207,6582.4,6038.1,-0.087999,-0.008234,1.000000,2.3519,1.0000,,,,,
7.1760,1778833321.809901,598,16.382927,0.140109,0.026428,2.2662,0.1509,0.062435,16.436184,0.100540,0.025179,2.3247,16.401626,0.142228,0.026940,2.3337,0.1004,0.063604,-0.193655,0.0869,16.401626,0.073675,0.101420,4.7263,-1.000000,0.785846,356.9175,0,1,clay,1.0000,0.500000,0,0,0.000000,0.000000,0.000000,0,nan,0.00,0.157080,0.1683,0.0301,0.082938,0.0767,0.69,6.65,8.03,6.63,0.016540,-4.7282,-2.4016,0.008000,0.106229,-0.2731,0.007905,0.009610,-0.013202,657.2151863610529,424.7315303287162,-30.68539387675122,-20.638376661403612,0.009338,0.003811,6582.6,6038.0,-0.088288,0.040256,-1.000000,2.3353,1.0000,,,,,
7.1880,1778833321.821788,599,16.511665,0.069947,0.015485,2.3374,0.0544,0.072089,16.463984,0.103953,0.026011,2.3232,16.530144,0.071760,0.015988,2.3342,0.0906,0.061880,-0.179882,0.0750,16.530144,0.087288,0.109603,4.7809,1.000000,0.779259,355.4680,0,1,clay,1.0000,0.500000,0,0,0.000000,0.000000,0.000000,0,nan,0.00,0.179807,0.1706,0.0286,0.094938,0.0860,0.64,6.64,7.92,6.63,0.019953,-4.6805,-2.4577,0.008000,0.044750,-0.4706,0.004091,0.000423,-0.014628,772.5436902371491,225.71928095427108,-141.54269231592065,45.852903280814985,-0.000080,0.008777,6579.1,6041.5,-0.082174,-0.009130,-1.000000,2.3357,1.0000,,,,,
7.2000,1778833321.833753,600,16.641905,0.036265,0.027976,2.2803,0.1566,0.072495,16.491763,0.107444,0.026860,2.3210,16.660062,0.038431,0.028500,2.3236,0.1053,0.067559,-0.168020,0.1028,16.660062,0.102118,0.117670,4.8444,1.000000,0.769065,357.3309,0,1,clay,1.0000,0.500000,0,0,0.000000,0.000000,0.000000,0,nan,0.00,0.202534,0.1729,0.0273,0.106938,0.0953,0.60,6.66,7.85,6.74,0.023444,-4.6319,-2.5235,0.008000,0.170342,0.2797,-0.019708,0.011422,-0.009428,-342.2405229695264,1609.7826162773065,-114.27746461778482,-16.95997197975521,0.005114,0.004386,6576.1,6044.5,-0.076883,0.032974,1.000000,2.3250,1.0000,,,,,
7.2120,1778833321.845796,601,16.534213,0.105795,0.026612,2.2834,0.1192,0.060993,16.519519,0.110770,0.027621,2.3186,16.552196,0.107959,0.027137,2.3156,0.1103,0.069534,-0.160829,0.1147,16.552196,0.089730,0.110987,4.7912,0.826457,0.750721,360.3384,0,1,clay,1.0000,0.500000,0,0,0.000000,0.000000,0.000000,0,nan,0.00,0.221317,0.1780,0.0260,0.116856,0.1043,0.56,6.65,7.78,6.62,0.026770,-4.5883,-2.4726,0.008000,0.092702,-0.2121,-0.044216,0.016097,-0.007822,-633.481647444595,-1368.6493883516187,17.96666572862013,-46.295130361802386,0.016231,0.002304,6574.2,6046.4,-0.073656,0.033178,1.000000,2.3169,1.0000,,,,,
7.2240,1778833321.857804,602,16.540656,0.209330,0.032358,2.3202,0.1359,0.057837,16.547272,0.113885,0.028280,2.3185,16.558467,0.211624,0.032878,2.3164,0.1169,0.070654,-0.151603,0.1232,16.558467,0.090430,0.111379,4.7941,-1.000000,0.730058,363.0460,0,1,clay,1.0000,0.500000,0,0,0.000000,0.000000,0.000000,0,nan,0.00,0.198590,0.1833,0.0247,0.104856,0.1130,0.53,6.69,7.75,6.89,0.029885,-4.5505,-2.4756,0.008000,0.097149,0.2631,-0.022680,0.038247,-0.002117,-659.4782393488922,-14.838284308929133,127.42987605760575,-92.85345813398946,0.024744,-0.001234,6571.8,6048.7,-0.069496,0.013271,0.826457,2.3175,1.0000,,,,,
7.2360,1778833321.871614,603,16.631487,0.072161,0.037140,2.2540,0.0521,0.047802,16.575017,0.116892,0.028900,2.3173,16.649203,0.074383,0.037623,2.3041,0.1032,0.063943,-0.140347,0.0971,16.649203,0.100838,0.117004,4.8389,1.000000,0.717674,362.1272,0,1,clay,1.0000,0.500000,0,0,0.000000,0.000000,0.000000,0,nan,0.00,0.221317,0.1888,0.0235,0.116856,0.1216,0.51,6.68,7.71,6.64,0.032892,-4.5150,-2.5216,0.008000,0.151020,0.4962,-0.026305,0.027755,0.001407,206.6553432529508,145.83652652384148,107.24160747489384,-58.92885514098479,0.019407,0.001487,6568.9,6051.6,-0.064456,0.038824,-1.000000,2.3052,1.0000,,,,,
7.2480,1778833321.881796,604,16.560494,0.119527,0.029432,2.2942,0.0909,0.067696,16.602716,0.120090,0.029667,2.3139,16.578088,0.121638,0.029936,2.3020,0.1060,0.069341,-0.136527,0.1245,16.578088,0.092637,0.112604,4.8035,0.150895,0.702199,363.7950,0,1,clay,1.0000,0.500000,0,0,0.000000,0.000000,0.000000,0,nan,0.00,0.224747,0.1944,0.0224,0.118666,0.1301,0.49,6.68,7.66,6.66,0.036090,-4.4711,-2.4896,0.008000,0.077699,-0.3484,-0.030444,0.027959,0.005568,490.29795695444705,-115.02191525158798,207.134180610723,-34.29686739697893,0.031218,0.003281,6567.9,6052.6,-0.062711,0.019819,1.000000,2.3031,1.0000,,,,,
7.2600,1778833321.893795,605,16.655724,0.114641,0.039152,2.3396,0.0522,0.069074,16.630369,0.123377,0.030477,2.3106,16.673275,0.116865,0.039662,2.3091,0.0983,0.069837,-0.133273,0.1198,16.673275,0.103685,0.118479,4.8512,0.168860,0.694387,360.5822,0,1,clay,1.0000,0.500000,0,0,0.000000,0.000000,0.000000,0,nan,0.00,0.228585,0.2002,0.0213,0.120693,0.1384,0.48,6.68,7.63,6.70,0.010377,-5.3089,-2.5406,0.008000,0.062235,0.3160,-0.016998,0.010812,0.001073,1042.2197268647676,-24.51696872060893,161.01496534957533,34.68311329613995,0.036241,0.008154,6567.1,6053.5,-0.061211,0.006008,0.150895,2.3102,1.0000,,,,,
7.2720,1778833321.905778,606,16.603679,0.097753,0.029785,2.3001,0.0478,0.070504,16.657994,0.126753,0.031301,2.3092,16.621169,0.099766,0.030303,2.3073,0.0921,0.071120,-0.124482,0.1220,16.621169,0.097567,0.115276,4.8248,0.777085,0.681469,361.1496,0,1,clay,1.0000,0.500000,0,0,0.000000,0.000000,0.000000,0,nan,0.00,0.246246,0.2061,0.0203,0.130018,0.1466,0.46,6.67,7.59,6.62,0.013753,-5.2617,-2.5156,0.008000,0.116998,-0.6053,-0.022758,0.011305,0.013697,12.996461752768369,620.4878922952278,225.23708702694705,102.11835534016038,0.040760,0.012678,6564.8,6055.7,-0.057294,0.022704,0.168860,2.3082,1.0000,,,,,
7.2840,1778833321.917810,607,16.648516,0.120923,0.036327,2.3237,0.1344,0.071098,16.685603,0.130082,0.032122,2.3087,16.665948,0.123151,0.036861,2.3103,0.1029,0.074647,-0.119668,0.1359,16.665948,0.102815,0.118031,4.8474,-0.214260,0.670248,360.0850,0,1,clay,1.0000,0.500000,0,0,0.000000,0.000000,0.000000,0,nan,0.00,0.241376,0.2122,0.0193,0.127447,0.1546,0.45,6.66,7.56,6.61,0.017082,-5.2147,-2.5387,0.008000,0.049820,0.1734,-0.003126,0.018201,0.014770,-282.5881953640462,-629.8084587608365,384.2772139346917,51.70146895395017,0.044968,0.009132,6563.6,6057.0,-0.055117,0.007626,0.777085,2.3112,1.0000,,,,,
7.2960,1778833321.929775,608,16.798471,0.166754,0.031687,2.3391,0.0911,0.065257,16.713214,0.133346,0.032902,2.3094,16.815894,0.168881,0.032214,2.3157,0.1014,0.073103,-0.116225,0.1258,16.815894,0.121287,0.127060,4.9229,-0.700752,0.662258,358.4589,0,1,clay,1.0000,0.500000,0,0,0.000000,0.000000,0.000000,0,nan,0.00,0.225450,0.2184,0.0184,0.119038,0.1626,0.44,6.66,7.54,6.61,0.020346,-5.1700,-2.6135,0.008000,0.080446,0.5449,0.000342,0.011485,0.002640,-19.688388528391442,1028.745500776197,265.70904157709913,51.822126378776375,0.042757,0.009052,6562.7,6057.9,-0.053551,0.006273,-0.214260,2.3166,1.0000,,,,,
7.3080,1778833321.941798,609,16.773450,0.130085,0.032111,2.3900,0.0082,0.073347,16.740808,0.136756,0.033761,2.3066,16.790914,0.132097,0.032636,2.3300,0.0861,0.071770,-0.111216,0.1138,16.790914,0.118115,0.125582,4.9108,0.487481,0.655000,353.1967,0,1,clay,1.0000,0.500000,0,0,0.000000,0.000000,0.000000,0,nan,0.00,0.236529,0.2248,0.0175,0.124887,0.1704,0.43,6.66,7.53,6.71,0.023756,-5.1207,-2.6042,0.008000,0.134382,-0.1802,0.023987,-0.025653,-0.013722,909.0726355937039,667.1098089521375,376.9633632613487,179.33267780302478,0.040769,0.016981,6561.4,6059.2,-0.051304,-0.007444,-0.700752,2.3308,1.0000,,,,,
7.3200,1778833321.953777,610,16.846514,0.217670,0.039623,2.2448,0.1120,0.072847,16.768373,0.140324,0.034691,2.3063,16.863809,0.219882,0.040161,2.3134,0.0940,0.074727,-0.092558,0.1285,16.863809,0.127476,0.129858,4.9445,-1.000000,0.632386,359.3121,0,1,clay,1.0000,0.500000,0,0,0.000000,0.000000,0.000000,0,nan,0.00,0.213802,0.2312,0.0167,0.112887,0.1780,0.42,6.66,7.51,6.67,0.027324,-5.0674,-2.6381,0.008000,0.103126,0.3170,0.014601,-0.018732,-0.010924,787.791197720419,141.49691581042276,358.4189754154151,148.09249614306188,0.042302,0.014841,6556.6,6063.9,-0.043039,0.046658,0.487481,2.3142,1.0000,,,,,
7.3320,1778833321.968644,611,16.793317,0.122491,0.030231,2.2886,0.0745,0.072530,16.795949,0.143831,0.035544,2.3075,16.810584,0.124500,0.030759,2.3087,0.0889,0.071218,-0.060376,0.1054,16.810584,0.120609,0.126747,4.9203,0.925406,0.595781,358.2822,0,1,clay,1.0000,0.500000,0,0,0.000000,0.000000,0.000000,0,nan,0.00,0.234834,0.2378,0.0159,0.123992,0.1852,0.42,6.66,7.50,6.63,0.030831,-5.0186,-2.6129,0.008000,0.119756,-0.5565,0.008025,-0.000410,0.016138,1025.956093752706,387.89446376023545,297.83372166274114,184.8287091736842,0.030253,0.016140,6548.5,6072.1,-0.028752,0.035151,-1.000000,2.3092,1.0000,,,,,
7.3440,1778833321.977751,612,16.801846,0.189058,0.035376,2.2777,0.0950,0.077262,16.823521,0.147435,0.036444,2.3074,16.819005,0.191216,0.035926,2.3027,0.0950,0.076380,-0.052223,0.1309,16.819005,0.121685,0.127243,4.9243,-1.000000,0.565348,361.3168,0,1,clay,1.0000,0.500000,0,0,0.000000,0.000000,0.000000,0,nan,0.00,0.212106,0.2444,0.0151,0.111992,0.1919,0.41,6.66,7.48,6.65,0.034435,-4.9670,-2.6169,0.008000,0.114957,-0.4951,0.013017,-0.003187,0.006642,669.9490154083292,326.9399988456762,343.73540259969053,189.51429461134987,0.038898,0.016160,6546.3,6074.2,-0.025026,0.033377,0.925406,2.3031,1.0000,,,,,
7.3560,1778833321.989783,613,16.864330,0.139309,0.039042,2.2924,0.1108,0.072957,16.851110,0.150994,0.037305,2.3082,16.881429,0.141527,0.039579,2.3007,0.0951,0.072327,-0.041588,0.1045,16.881429,0.129786,0.130876,4.9517,0.416399,0.544108,359.6047,0,1,clay,1.0000,0.500000,0,0,0.000000,0.000000,0.000000,0,nan,0.00,0.221570,0.2511,0.0144,0.116989,0.1985,0.40,6.65,7.46,6.63,0.037994,-4.9177,-2.6435,0.008000,0.057837,0.1244,0.012658,-0.006842,-0.003072,56.67609240176978,-879.3869259456949,218.39023437254988,164.09049590290093,0.024272,0.014214,6543.6,6077.0,-0.020226,0.029360,-1.000000,2.3010,1.0000,,,,,
7.3680,1778833322.001749,614,16.886041,0.154298,0.039203,2.3996,0.1981,0.065588,16.878708,0.154521,0.038122,2.3104,16.903229,0.156672,0.039741,2.3199,0.1148,0.074271,-0.022558,0.1201,16.903229,0.132670,0.132126,4.9601,0.225098,0.514949,353.1404,0,1,clay,1.0000,0.500000,0,0,0.000000,0.000000,0.000000,0,nan,0.00,0.226686,0.2579,0.0137,0.119690,0.2047,0.39,6.67,7.46,6.74,0.008721,-5.6974,-2.6497,0.008000,0.018641,-0.4265,0.024323,0.019683,-0.002049,155.9401099262774,1109.7540081721995,105.13112484198544,17.429737116921984,0.021693,0.004192,6538.7,6081.9,-0.011748,-0.017106,0.416399,2.3201,1.0000,,,,,
7.3800,1778833322.013727,615,16.881076,0.109106,0.041228,2.3108,0.0866,0.066951,16.906320,0.158058,0.038918,2.3107,16.898266,0.111484,0.041764,2.3182,0.1114,0.074242,-0.017868,0.1214,16.898266,0.132011,0.131842,4.9582,1.000000,0.497108,352.8097,0,1,clay,1.0000,0.500000,0,0,0.000000,0.000000,0.000000,0,nan,0.00,0.249413,0.2647,0.0130,0.131690,0.2106,0.39,6.67,7.45,6.66,0.012258,-5.6518,-2.6475,0.008000,0.034989,0.2184,0.023517,0.014295,-0.006697,693.1068385949688,251.5370528233392,158.6746550174261,44.28844009787191,0.026681,0.005706,6537.5,6083.1,-0.009584,0.014679,0.225098,2.3183,1.0000,,,,,
7.3920,1778833322.025729,616,16.948417,0.108649,0.024046,2.3686,0.0528,0.065938,16.933917,0.161579,0.039695,2.3092,16.965680,0.110684,0.024589,2.3279,0.1062,0.077114,-0.015074,0.1391,16.965680,0.141082,0.135654,4.9794,1.000000,0.485202,349.7304,0,1,clay,1.0000,0.500000,0,0,0.000000,0.000000,0.000000,0,nan,0.00,0.272140,0.2715,0.0124,0.143690,0.2164,0.38,6.66,7.43,6.64,0.015779,-5.6073,-2.6702,0.008000,0.069203,-1.1619,0.029728,-0.000931,-0.008258,58.7359420661773,-501.90536383777487,419.8120859078885,111.80225078688744,0.043887,0.009564,6536.7,6083.8,-0.008288,-0.006633,1.000000,2.3280,1.0000,,,,,
7.4040,1778833322.037746,617,16.977044,0.115290,0.035455,2.2446,0.1151,0.060434,16.961521,0.165096,0.040429,2.3112,16.994157,0.117552,0.035998,2.3118,0.1118,0.078528,-0.007279,0.1511,16.994157,0.144992,0.137237,4.9855,1.000000,0.472707,353.8382,0,1,clay,1.0000,0.500000,0,0,0.000000,0.000000,0.000000,0,nan,0.00,0.294868,0.2785,0.0118,0.155690,0.2221,0.39,6.65,7.43,6.62,0.019296,-5.5652,-2.6743,0.008000,0.108215,-0.2331,0.007817,0.006404,-0.006237,466.64787615140835,-3.2360248425491136,530.698124012246,66.6630129277282,0.054745,0.006780,6534.7,6085.8,-0.004806,0.053308,1.000000,2.3119,1.0000,,,,,
7.4160,1778833322.049742,618,17.061678,0.063780,0.035841,2.2990,0.1615,0.058997,16.989145,0.168561,0.041124,2.3116,17.078731,0.066135,0.036384,2.3094,0.1241,0.080134,0.003200,0.1631,17.078731,0.156874,0.141941,4.9928,1.000000,0.460708,353.2674,0,1,clay,1.0000,0.500000,0,0,0.000000,0.000000,0.000000,0,nan,0.00,0.317595,0.2854,0.0112,0.167690,0.2276,0.38,6.65,7.41,6.64,0.022761,-5.5254,-2.6813,0.008000,0.103418,-0.2276,-0.009430,0.025211,-0.007093,490.10648704635304,129.8885040867715,606.3055854184217,-30.11096521071304,0.062548,0.000386,6532.0,6088.5,-0.000135,0.029585,1.000000,2.3094,1.0000,,,,,
7.4280,1778833322.067109,619,17.016829,0.197572,0.048435,2.3567,0.1082,0.056534,17.016764,0.172007,0.041799,2.3113,17.033892,0.200146,0.048976,2.3186,0.1262,0.081649,0.005292,0.1751,17.033892,0.150524,0.139437,4.9907,-1.000000,0.444836,352.3110,0,1,clay,1.0000,0.500000,0,0,0.000000,0.000000,0.000000,0,nan,0.00,0.294868,0.2924,0.0107,0.155690,0.2330,0.38,6.66,7.41,6.68,0.026207,-5.4868,-2.6794,0.008000,0.093644,0.0459,0.014357,0.030890,0.002104,657.3050469382471,-297.46001331031187,724.5158752685937,-45.07090688659185,0.076362,-0.000655,6531.5,6089.1,0.000831,0.010671,1.000000,2.3185,1.0000,,,,,
7.4400,1778833322.074378,620,17.013474,0.211204,0.037859,2.3290,0.1188,0.064781,17.044396,0.175635,0.042552,2.3135,17.031025,0.213639,0.038402,2.3206,0.1237,0.077696,0.006149,0.1481,17.031025,0.150122,0.139278,4.9905,-1.000000,0.436435,352.1936,0,1,clay,1.0000,0.500000,0,0,0.000000,0.000000,0.000000,0,nan,0.00,0.272140,0.2994,0.0102,0.143690,0.2382,0.47,6.65,7.59,6.60,0.029835,-5.4436,-2.6770,0.008000,0.065322,-0.0013,0.017852,0.028108,-0.003879,1081.8695610483815,-170.15467944968725,702.7458557366331,-52.84716634842974,0.063640,-0.001204,6531.3,6089.3,0.001223,0.026924,-1.000000,2.3206,1.0000,,,,,
7.4520,1778833322.085766,621,17.050081,0.212542,0.049403,2.3569,0.0809,0.083118,17.071998,0.179702,0.043535,2.3118,17.067567,0.215136,0.049956,2.3275,0.1162,0.077471,-0.003892,0.1361,17.067567,0.155283,0.141315,4.9926,-1.000000,0.442280,349.1160,0,1,clay,1.0000,0.500000,0,0,0.000000,0.000000,0.000000,0,nan,0.00,0.249413,0.3064,0.0097,0.131690,0.2435,0.46,6.65,7.56,6.63,0.033902,-5.3872,-2.6808,0.008000,0.008768,0.3345,0.030106,0.017391,-0.002979,1286.5330174693777,1267.0274310754846,596.3142827360596,30.356701346013296,0.051993,0.004119,6533.8,6086.8,-0.003175,0.021503,-1.000000,2.3276,1.0000,,,,,
7.4640,1778833322.097769,622,17.091185,0.161837,0.051541,2.2557,0.1282,0.074516,17.099612,0.183785,0.044452,2.3151,17.108489,0.164466,0.052088,2.3137,0.1170,0.075546,0.008858,0.1242,17.108489,0.161152,0.143617,4.9926,-0.253482,0.437336,351.2793,0,1,clay,1.0000,0.500000,0,0,0.000000,0.000000,0.000000,0,nan,0.00,0.243652,0.3135,0.0092,0.128648,0.2488,0.44,6.64,7.52,6.61,0.037985,-5.3347,-2.6775,0.008000,0.021652,0.2710,0.017126,0.025071,0.002964,1252.1731015493237,1090.6018334106996,420.5082773216931,21.324646527292757,0.036721,0.003272,6530.6,6090.0,0.002441,0.063707,-1.000000,2.3137,1.0000,,,,,
7.4760,1778833322.109812,623,17.163365,0.283805,0.050275,2.3476,0.1048,0.073130,17.127297,0.187853,0.045292,2.3219,17.180684,0.286407,0.050825,2.3205,0.1161,0.076115,0.029988,0.1267,17.180684,0.171744,0.147725,4.9893,-1.000000,0.412023,351.2353,0,1,clay,1.0000,0.500000,0,0,0.000000,0.000000,0.000000,0,nan,0.00,0.220925,0.3206,0.0088,0.116648,0.2537,0.44,6.65,7.53,6.74,0.005653,-6.0982,-2.6674,0.008000,0.099039,0.1781,0.002574,0.007805,-0.005048,103.70796293808394,386.97772483654035,307.38703634766057,53.48522003518734,0.033871,0.004314,6525.2,6095.4,0.011791,0.022249,-0.253482,2.3202,1.0000,,,,,
7.4880,1778833322.121794,624,17.092433,0.266797,0.050628,2.3530,0.1097,0.077429,17.155021,0.191974,0.046149,2.3255,17.109778,0.269389,0.051174,2.3269,0.1130,0.073835,0.050467,0.1091,17.109778,0.161339,0.143689,4.9926,-1.000000,0.381165,349.3059,0,1,clay,1.0000,0.500000,0,0,0.000000,0.000000,0.000000,0,nan,0.00,0.198198,0.3277,0.0084,0.104648,0.2583,0.42,6.65,7.50,6.64,0.009774,-6.0491,-2.6670,0.008000,0.127995,0.0825,0.010198,0.001865,-0.012137,628.1369821160802,378.31321057515055,212.1628857749228,87.4733847708632,0.021099,0.005351,6520.0,6100.6,0.020918,0.017215,-1.000000,2.3266,1.0000,,,,,
7.5000,1778833322.133787,625,17.088460,0.196826,0.041920,2.3848,0.1529,0.081089,17.182735,0.196273,0.047114,2.3248,17.105860,0.199313,0.042467,2.3384,0.1175,0.072620,0.076203,0.0972,17.105860,0.160772,0.143468,4.9926,0.045028,0.344857,343.3140,0,1,clay,1.0000,0.500000,0,0,0.000000,0.000000,0.000000,0,nan,0.00,0.199221,0.3348,0.0080,0.105189,0.2624,0.41,6.65,7.48,6.63,0.014073,-5.9938,-2.6679,0.008000,0.123647,0.5512,0.011440,0.000167,-0.024396,500.5122564888194,836.0837255508237,-64.75505821970629,66.49138643462727,0.004713,0.003112,6513.4,6107.2,0.032388,0.017578,-1.000000,2.3379,1.0000,,,,,
7.5120,1778833322.145752,626,17.235271,0.226686,0.050219,2.3404,0.0968,0.085367,17.210479,0.200700,0.048131,2.3287,17.252615,0.229315,0.050781,2.3390,0.1151,0.075237,0.085530,0.1055,17.252615,0.182600,0.151879,4.9865,-0.043572,0.319068,340.7794,0,1,clay,1.0000,0.500000,0,0,0.000000,0.000000,0.000000,0,nan,0.00,0.198231,0.3418,0.0076,0.104666,0.2663,0.41,6.65,7.47,6.66,0.018500,-5.9356,-2.6577,0.008000,0.077910,0.3649,0.027239,-0.006055,-0.022013,18.70199998561918,256.2041056075087,-133.78533177111785,138.54914146260109,0.005404,0.006569,6511.0,6109.6,0.036628,0.037047,0.045028,2.3383,1.0000,,,,,
7.5240,1778833322.165697,627,17.202641,0.279469,0.047068,2.3048,0.0443,0.079345,17.238280,0.205022,0.049070,2.3326,17.220023,0.281966,0.047636,2.3326,0.1039,0.075378,0.095784,0.1043,17.220023,0.177643,0.149989,4.9873,-1.000000,0.292801,345.1424,0,1,clay,1.0000,0.500000,0,0,0.000000,0.000000,0.000000,0,nan,0.00,0.175503,0.3489,0.0072,0.092666,0.2698,0.42,6.65,7.50,6.65,0.022822,-5.8817,-2.6547,0.008000,0.208688,0.1530,0.022111,-0.039588,-0.038552,-86.68237463946372,-1086.892863373688,-57.3291390745763,265.05449778476043,0.009819,0.012890,6508.3,6112.3,0.041236,0.049624,-0.043572,2.3318,1.0000,,,,,
7.5360,1778833322.172891,628,17.274807,0.105968,0.053202,2.3239,0.0557,0.073196,17.266141,0.209165,0.049944,2.3392,17.294324,0.108782,0.053820,2.3312,0.0936,0.070830,0.104769,0.0842,17.294324,0.189035,0.154272,4.9869,1.000000,0.280693,341.3803,0,1,clay,1.0000,0.500000,0,0,0.000000,0.000000,0.000000,0,nan,0.00,0.198231,0.3558,0.0069,0.104666,0.2731,0.89,6.65,8.43,6.67,0.026965,-5.8317,-2.6478,0.008000,0.131551,-0.2257,0.011193,-0.035907,-0.023456,-642.388569004691,67.93362364603166,-102.58020458381573,333.4523723367785,0.001835,0.016165,6506.1,6114.5,0.045170,0.050611,-1.000000,2.3303,1.0000,,,,,
7.5480,1778833322.181762,629,17.247498,0.289227,0.056183,2.3065,0.0657,0.077914,17.294075,0.213345,0.050843,2.3449,17.266604,0.292058,0.056811,2.3267,0.0942,0.076135,0.124511,0.1129,17.266604,0.184747,0.152688,4.9864,-1.000000,0.245642,346.2519,0,1,clay,1.0000,0.500000,0,0,0.000000,0.000000,0.000000,0,nan,0.00,0.175503,0.3625,0.0065,0.092666,0.2761,0.81,6.65,8.27,6.66,0.031145,-5.7802,-2.6415,0.008000,0.044400,0.5736,0.004485,-0.028862,-0.010923,548.8098177443962,67.00768119061206,93.30278854005346,396.5131486376756,0.015504,0.018671,6501.0,6119.5,0.053951,0.070287,1.000000,2.3257,1.0000,,,,,
7.5600,1778833322.193781,630,17.219475,0.215654,0.052042,2.2911,0.1590,0.077410,17.322066,0.217573,0.051770,2.3496,17.238229,0.218418,0.052643,2.3201,0.1007,0.071394,0.130579,0.0845,17.238229,0.180404,0.151043,4.9867,0.391694,0.226852,346.2285,0,1,clay,1.0000,0.500000,0,0,0.000000,0.000000,0.000000,0,nan,0.00,0.184406,0.3689,0.0062,0.097366,0.2788,0.74,6.65,8.13,6.62,0.035373,-5.7271,-2.6371,0.008000,0.086744,-0.3244,-0.008152,-0.003935,-0.001597,-106.42766450769363,1691.6852279709083,-169.6257189101739,287.7000930302379,-0.002906,0.012875,6499.4,6121.2,0.056773,0.074022,-1.000000,2.3190,1.0000,,,,,
7.5720,1778833322.205763,631,17.317952,0.263384,0.053273,2.3530,0.0503,0.082006,17.350110,0.221886,0.052749,2.3561,17.336480,0.266095,0.053881,2.3267,0.0952,0.074687,0.140487,0.1005,17.336480,0.195642,0.156633,4.9888,-0.347420,0.207652,343.3425,0,1,clay,1.0000,0.500000,0,0,0.000000,0.000000,0.000000,0,nan,0.00,0.176510,0.3751,0.0059,0.093197,0.2813,0.68,6.65,8.02,6.64,0.039686,-5.6710,-2.6327,0.008000,0.066379,-0.3650,0.010960,-0.014931,-0.001114,-98.27097615543033,219.1616713905659,-68.85317059983996,394.25465507609783,0.005474,0.017828,6496.8,6123.7,0.061227,0.059907,0.391694,2.3256,1.0000,,,,,
7.5840,1778833322.217925,632,17.303075,0.207284,0.057708,2.3736,0.1435,0.078802,17.378251,0.226172,0.053687,2.3645,17.321451,0.210112,0.058306,2.3361,0.1019,0.073356,0.158650,0.0904,17.321451,0.193275,0.155798,4.9880,1.000000,0.184134,338.8679,0,1,clay,1.0000,0.500000,0,0,0.000000,0.000000,0.000000,0,nan,0.00,0.199237,0.3811,0.0056,0.105197,0.2835,0.64,6.66,7.94,6.72,0.003972,-6.3914,-2.6235,0.008000,0.157591,-0.0417,0.011420,0.012733,0.019395,58.86762732744201,-186.65114254807895,-219.23330028408583,327.0800461880599,-0.002829,0.013588,6492.2,6128.4,0.069323,0.054981,-0.347420,2.3349,1.0000,,,,,
7.5960,1778833322.229786,633,17.345005,0.332126,0.054655,2.4157,0.0958,0.074426,17.406501,0.230385,0.054569,2.3737,17.363351,0.334906,0.055259,2.3519,0.1050,0.077205,0.173619,0.1131,17.363351,0.199906,0.158107,4.9906,-1.000000,0.153227,337.1457,0,1,clay,1.0000,0.500000,0,0,0.000000,0.000000,0.000000,0,nan,0.00,0.176510,0.3868,0.0054,0.093197,0.2853,0.60,6.65,7.85,6.61,0.008185,-6.3408,-2.6169,0.008000,0.028090,-0.2236,0.018531,0.014563,0.021461,-215.4795835271622,752.4448759242072,59.09860889849226,338.8891568312374,0.010663,0.013466,6488.4,6132.2,0.076021,0.037081,1.000000,2.3505,1.0000,,,,,
7.6080,1778833322.241738,634,17.459564,0.272630,0.053818,2.4556,0.0933,0.073846,17.434869,0.234531,0.055433,2.3837,17.477898,0.275322,0.054397,2.3723,0.0997,0.072314,0.189809,0.0854,17.477898,0.218527,0.164125,4.9988,0.163617,0.129898,325.4370,0,1,clay,1.0000,0.500000,0,0,0.000000,0.000000,0.000000,0,nan,0.00,0.180228,0.3923,0.0051,0.095161,0.2869,0.56,6.65,7.78,6.64,0.012331,-6.2914,-2.6151,0.008000,0.127589,0.2343,0.024844,0.005491,0.014513,4.059365509913931,-1616.1592524571583,-47.93331379746157,354.5716229016824,0.000431,0.013448,6484.2,6136.4,0.083281,0.033897,-1.000000,2.3709,1.0000,,,,,
7.6200,1778833322.253798,635,17.519183,0.264820,0.059613,2.3806,0.1801,0.078231,17.463320,0.238825,0.056378,2.3905,17.537355,0.267721,0.060195,2.3742,0.1140,0.074251,0.186126,0.0964,17.537355,0.228465,0.167103,5.0000,0.705167,0.121727,323.1641,0,1,clay,1.0000,0.500000,0,0,0.000000,0.000000,0.000000,0,nan,0.00,0.196255,0.3976,0.0049,0.103623,0.2884,0.53,6.69,7.76,6.95,0.016625,-6.2372,-2.6095,0.008000,0.034161,0.0749,0.025235,0.019145,0.011399,96.7557467158363,458.1272796803579,-238.2304857654375,221.9647089197999,-0.004335,0.007051,6485.1,6135.5,0.081739,0.070700,0.163617,2.3728,1.0000,,,,,
7.6320,1778833322.266474,636,17.556227,0.264913,0.050524,2.3967,0.0788,0.072782,17.491885,0.243068,0.057262,2.4017,17.574469,0.267619,0.051110,2.3790,0.1107,0.076167,0.209689,0.1091,17.574469,0.234761,0.168960,5.0000,1.000000,0.097239,321.0364,0,1,clay,1.0000,0.500000,0,0,0.000000,0.000000,0.000000,0,nan,0.00,0.218982,0.4026,0.0046,0.115623,0.2895,0.51,6.68,7.71,6.63,0.020868,-6.1866,-2.5983,0.008000,0.115881,-0.2664,0.035262,0.030723,0.027244,68.05562174821239,580.9111124092883,56.52805182967775,283.41315979127603,0.007715,0.009385,6479.1,6141.5,0.092171,0.069563,0.705167,2.3774,1.0000,,,,,
7.6440,1778833322.278009,637,17.378357,0.257960,0.060787,2.4827,0.0672,0.069761,17.520592,0.247244,0.058092,2.4129,17.396657,0.260816,0.061376,2.3995,0.1073,0.078506,0.224209,0.1233,17.396657,0.205247,0.159901,4.9930,-0.636223,0.067480,317.6632,0,1,clay,1.0000,0.500000,0,0,0.000000,0.000000,0.000000,0,nan,0.00,0.204522,0.4074,0.0044,0.107988,0.2903,0.50,6.68,7.69,6.68,0.025044,-6.1390,-2.5801,0.008000,0.187770,-0.0066,0.056131,-0.003584,-0.008802,132.42152811931618,56.33742889087921,317.48703155311125,343.66661217286065,0.024558,0.011703,6475.4,6145.2,0.098667,0.041728,1.000000,2.3978,1.0000,,,,,
7.6560,1778833322.289751,638,17.530468,0.184292,0.055133,2.3736,0.1741,0.066145,17.549424,0.251395,0.058890,2.4225,17.548628,0.187080,0.055697,2.3950,0.1160,0.074158,0.242326,0.1031,17.548628,0.230370,0.167667,5.0000,1.000000,0.043073,315.1783,0,1,clay,1.0000,0.500000,0,0,0.000000,0.000000,0.000000,0,nan,0.00,0.227250,0.4120,0.0042,0.119988,0.2909,0.48,6.68,7.63,6.64,0.029195,-6.0933,-2.5775,0.008000,0.146210,-0.5323,0.053940,0.011220,-0.009024,316.5769431056827,1281.5352247586923,172.44934686865292,201.19168098214323,0.011895,0.004519,6470.7,6149.8,0.106768,0.094408,-0.636223,2.3931,1.0000,,,,,
7.6680,1778833322.301857,639,17.540628,0.271138,0.059905,2.4368,0.0533,0.070972,17.578375,0.255703,0.059752,2.4351,17.558694,0.273945,0.060476,2.4036,0.1103,0.078062,0.267232,0.1276,17.558694,0.232076,0.168171,5.0000,0.041143,0.003842,313.1676,0,1,clay,1.0000,0.500000,0,0,0.000000,0.000000,0.000000,0,nan,0.00,0.228185,0.4164,0.0040,0.120482,0.2909,0.45,6.67,7.57,6.61,0.033503,-6.0439,-2.5649,0.008000,0.074304,0.0070,0.068453,0.025391,0.022943,348.6378161231292,818.1159828891225,406.7880685797299,306.7910307820617,0.029370,0.009110,6464.4,6156.2,0.117849,0.075974,1.000000,2.4016,1.0000,,,,,
7.6800,1778833322.313834,640,17.539140,0.250156,0.069706,2.4509,0.1540,0.066272,17.607474,0.259968,0.060559,2.4482,17.557160,0.253183,0.070266,2.4131,0.1178,0.076593,0.263988,0.1208,17.557160,0.231816,0.168094,5.0000,-0.188812,-0.012192,309.2049,0,1,clay,1.0000,0.500000,0,0,0.000000,0.000000,0.000000,0,nan,0.00,0.223894,0.4205,0.0038,0.118216,0.2908,0.44,6.66,7.53,6.63,0.037768,-5.9977,-2.5518,0.008000,0.057419,0.4788,0.070369,0.027599,0.010524,162.15685857758774,-356.5755903882723,366.37985293460997,203.3705952920287,0.026932,0.004051,6465.1,6155.4,0.116548,0.086386,0.041143,2.4111,1.0000,,,,,
7.6920,1778833322.325756,641,17.634496,0.284603,0.063839,2.4688,0.0835,0.064166,17.636697,0.264233,0.061340,2.4574,17.652574,0.287463,0.064385,2.4244,0.1126,0.074966,0.284076,0.1168,17.652574,0.248242,0.172875,5.0000,-0.246199,-0.037568,304.5265,0,1,clay,1.0000,0.500000,0,0,0.000000,0.000000,0.000000,0,nan,0.00,0.218298,0.4245,0.0036,0.115261,0.2903,0.43,6.66,7.51,6.63,-0.001267,-6.6711,-2.5426,0.008000,0.090021,-0.1033,0.070274,0.017000,0.006846,545.9223477873898,934.337932632375,394.09465021242556,239.08824510650396,0.028305,0.005343,6460.0,6160.6,0.125471,0.087335,-0.188812,2.4223,1.0000,,,,,
7.7040,1778833322.337804,642,17.662373,0.246014,0.063279,2.4471,0.0888,0.073793,17.666035,0.268706,0.062244,2.4671,17.680465,0.248840,0.063827,2.4295,0.1091,0.074765,0.321317,0.1134,17.680465,0.253132,0.174276,5.0000,1.000000,-0.080954,301.8125,0,1,clay,1.0000,0.500000,0,0,0.000000,0.000000,0.000000,0,nan,0.00,0.241025,0.4282,0.0035,0.127261,0.2893,0.43,6.66,7.52,6.70,0.003206,-6.6193,-2.5329,0.008000,0.140798,0.0172,0.057828,0.018855,0.015419,662.4090061527171,396.91112521898896,388.4415008614354,287.1420022890463,0.026478,0.007275,6450.5,6170.0,0.141998,0.107888,-0.246199,2.4271,1.0000,,,,,
7.7160,1778833322.349775,643,17.710754,0.387390,0.067572,2.4150,0.0490,0.078301,17.695517,0.273231,0.063141,2.4801,17.728799,0.390265,0.068142,2.4273,0.1040,0.079468,0.342230,0.1348,17.728799,0.261702,0.176706,5.0000,-1.000000,-0.128203,305.7187,0,1,clay,1.0000,0.500000,0,0,0.000000,0.000000,0.000000,0,nan,0.00,0.218298,0.4317,0.0033,0.115261,0.2878,0.42,6.65,7.49,6.60,0.007731,-6.5679,-2.5199,0.008000,0.077764,0.3405,0.033413,0.012460,0.019577,332.9684984193842,1176.376657625086,574.6754668160199,395.4031583787509,0.041745,0.012642,6445.1,6175.4,0.151375,0.119981,1.000000,2.4247,1.0000,,,,,
7.7280,1778833322.364866,644,17.698052,0.205930,0.061364,2.4849,0.2206,0.065248,17.725173,0.277658,0.063931,2.4952,17.716128,0.208806,0.061909,2.4391,0.1203,0.074334,0.359162,0.1078,17.716128,0.259444,0.176068,5.0000,1.000000,-0.159663,298.3136,0,1,clay,1.0000,0.500000,0,0,0.000000,0.000000,0.000000,0,nan,0.00,0.241025,0.4350,0.0031,0.127261,0.2859,0.41,6.65,7.47,6.65,0.012158,-6.5226,-2.5048,0.008000,0.124336,-0.3585,0.043576,0.018620,0.002627,271.1719792297839,781.6696471889289,398.45034414271873,179.75353305643105,0.020954,0.001478,6440.8,6179.8,0.159006,0.103799,-1.000000,2.4364,1.0000,,,,,
7.7400,1778833322.373759,645,17.649788,0.316981,0.066744,2.5696,0.1045,0.068771,17.755007,0.282124,0.064734,2.5106,17.667993,0.319979,0.067300,2.4650,0.1225,0.078708,0.377720,0.1347,17.667993,0.250940,0.173650,5.0000,-1.000000,-0.200456,293.2014,0,1,clay,1.0000,0.500000,0,0,0.000000,0.000000,0.000000,0,nan,0.00,0.218298,0.4381,0.0030,0.115261,0.2835,0.40,6.66,7.46,6.67,0.016624,-6.4766,-2.4894,0.008000,0.161692,0.4593,0.062189,0.009773,-0.005906,281.5621499885712,-35.77299522623605,536.1440396798915,198.4983530000403,0.035212,0.002201,6436.0,6184.6,0.167303,0.077186,1.000000,2.4622,1.0000,,,,,
7.7520,1778833322.385737,646,17.752881,0.231897,0.059082,2.5401,0.0853,0.067877,17.785005,0.286664,0.065545,2.5247,17.771189,0.234675,0.059619,2.4802,0.1137,0.074001,0.400801,0.1078,17.771189,0.269319,0.178836,4.9998,1.000000,-0.234680,285.3155,0,1,clay,1.0000,0.500000,0,0,0.000000,0.000000,0.000000,0,nan,0.00,0.241025,0.4410,0.0028,0.127261,0.2807,0.39,6.67,7.45,6.72,0.021164,-6.4301,-2.4751,0.008000,0.135738,-0.5813,0.055340,0.007786,-0.002846,654.8688510764125,1134.2933525156743,478.7114688701488,241.06180668787627,0.026393,0.004163,6430.1,6190.5,0.177627,0.097185,-1.000000,2.4773,1.0000,,,,,
7.7640,1778833322.397767,647,17.866723,0.368478,0.066821,2.5520,0.1010,0.070480,17.815159,0.291348,0.066405,2.5396,17.885113,0.371434,0.067375,2.4948,0.1166,0.078627,0.417410,0.1347,17.885113,0.290244,0.184426,4.9995,-0.992499,-0.272132,281.1232,0,1,clay,1.0000,0.500000,0,0,0.000000,0.000000,0.000000,0,nan,0.00,0.218469,0.4436,0.0027,0.115351,0.2774,0.39,6.66,7.43,6.63,0.025848,-6.3809,-2.4600,0.008000,0.165498,0.2125,0.072547,-0.010667,-0.019208,414.99576722137044,322.744070148952,591.3831386546577,255.27871267880855,0.039480,0.004847,6425.8,6194.8,0.185072,0.108953,1.000000,2.4917,1.0000,,,,,
7.7760,1778833322.409754,648,17.808538,0.291047,0.067417,2.5150,0.0868,0.071098,17.845510,0.296096,0.067291,2.5550,17.826921,0.293946,0.067956,2.4995,0.1092,0.074356,0.442318,0.1080,17.826921,0.279473,0.181597,4.9995,0.474557,-0.310594,279.1904,0,1,clay,1.0000,0.500000,0,0,0.000000,0.000000,0.000000,0,nan,0.00,0.229254,0.4460,0.0026,0.121046,0.2737,0.38,6.66,7.42,6.64,0.030596,-6.3301,-2.4444,0.008000,0.023722,-0.0496,0.065919,-0.014159,-0.019630,564.5512207967192,-73.65928188611753,519.7539072451237,288.20039148747156,0.029209,0.006594,6419.4,6201.1,0.196192,0.124244,-0.992499,2.4962,1.0000,,,,,
7.7880,1778833322.421781,649,17.881484,0.345948,0.062804,2.6380,0.1912,0.069975,17.876017,0.300945,0.068177,2.5699,17.900045,0.348909,0.063351,2.5271,0.1259,0.077211,0.461582,0.1246,17.900045,0.293034,0.185143,4.9996,-0.270658,-0.349910,271.2850,0,1,clay,1.0000,0.500000,0,0,0.000000,0.000000,0.000000,0,nan,0.00,0.223103,0.4482,0.0024,0.117798,0.2695,0.38,6.65,7.40,6.63,-0.011055,-6.9714,-2.4297,0.008000,0.099844,-0.8664,0.084182,0.010141,-0.008681,318.5750467592655,551.2345299978881,517.522931402523,160.3061816043168,0.029207,-0.000233,6414.5,6206.1,0.204822,0.093759,0.474557,2.5237,1.0000,,,,,
7.8000,1778833322.433733,650,17.896789,0.256390,0.072992,2.6452,0.1160,0.072415,17.906717,0.305774,0.069017,2.5857,17.915479,0.259538,0.073538,2.5507,0.1240,0.076320,0.474856,0.1158,17.915479,0.295931,0.185881,4.9996,1.000000,-0.377734,262.5814,0,1,clay,1.0000,0.500000,0,0,0.000000,0.000000,0.000000,0,nan,0.00,0.245830,0.4502,0.0023,0.129798,0.2649,0.38,6.65,7.40,6.63,-0.006226,-6.9233,-2.4139,0.008000,0.069912,0.0636,0.094396,0.012720,-0.006166,376.0961381390359,332.5871680422879,452.77844709792276,171.61957372820518,0.026884,0.000404,6411.1,6209.5,0.210810,0.094649,-0.270658,2.5472,1.0000,,,,,
7.8120,1778833322.445812,651,18.040648,0.268552,0.064340,2.5847,0.1811,0.071895,17.937584,0.310732,0.069887,2.5998,18.059426,0.271662,0.064902,2.5581,0.1375,0.080431,0.484312,0.1372,18.059426,0.323504,0.192573,5.0000,1.000000,-0.399715,258.6691,0,1,clay,1.0000,0.500000,0,0,0.000000,0.000000,0.000000,0,nan,0.00,0.268557,0.4520,0.0022,0.141798,0.2601,0.38,6.66,7.42,6.72,-0.001268,-6.8734,-2.4002,0.008000,0.120607,-0.3990,0.092836,0.015945,-0.016916,622.6824568708848,1256.4644747948232,564.8267166634707,88.83326155093043,0.034375,-0.004089,6408.6,6212.0,0.215077,0.122201,1.000000,2.5545,1.0000,,,,,
7.8240,1778833322.503769,652,18.044149,0.308975,0.072284,2.5559,0.0247,0.068081,17.968612,0.315834,0.070787,2.6129,18.062988,0.312127,0.072855,2.5585,0.1228,0.082647,0.506041,0.1492,18.062988,0.324199,0.192735,5.0000,0.940878,-0.432206,258.7509,0,1,clay,1.0000,0.500000,0,0,0.000000,0.000000,0.000000,0,nan,0.00,0.289941,0.4535,0.0021,0.153089,0.2550,0.39,7.08,7.86,9.47,0.003834,-6.8219,-2.3871,0.008000,0.142060,-0.2180,0.093197,0.010657,-0.001039,1296.4552756340418,1098.8447882587184,730.3868493315512,232.41021588369338,0.054749,0.003644,6403.1,6217.5,0.224749,0.149866,1.000000,2.5547,1.0000,,,,,
7.8720,1778833322.514059,653,18.178307,0.384229,0.073801,2.8278,0.1542,0.061539,18.094598,0.336534,0.074181,2.6836,18.200469,0.388041,0.074433,2.6931,0.1453,0.085129,0.549810,0.1609,18.200469,0.351466,0.198808,5.0000,-0.168974,-0.490910,222.7803,0,1,clay,1.0000,0.500000,0,0,0.000000,0.000000,0.000000,0,nan,0.00,0.274580,0.4570,0.0017,0.144978,0.2314,0.62,7.02,8.26,6.69,0.024534,-6.6274,-2.3164,0.008000,0.053841,-0.0823,0.151912,0.002637,-0.034361,29.680732604494153,825.3928519067217,843.3339252701052,24.94442197926233,0.065056,-0.007165,6391.8,6228.7,0.244349,0.081226,0.235219,2.6885,1.0000,,,,,
7.8840,1778833322.521329,654,18.043572,0.230554,0.073810,2.7748,0.0766,0.062254,18.126618,0.341701,0.074949,2.7002,18.068386,0.234692,0.074502,2.7104,0.1347,0.082911,0.557093,0.1434,18.068386,0.325253,0.192979,5.0000,1.000000,-0.524281,219.4118,0,1,clay,1.0000,0.500000,0,0,0.000000,0.000000,0.000000,0,nan,0.00,0.297307,0.4576,0.0016,0.156978,0.2251,1.11,6.97,9.20,6.64,-0.019799,-7.2177,-2.2998,0.008000,0.107683,-0.0906,0.161435,0.015401,-0.010258,390.96125778101555,579.7509293497617,770.1758744044934,87.39968424262605,0.061852,-0.003614,6389.7,6230.8,0.247982,0.113142,-0.675894,2.7052,1.0000,,,,,
7.8960,1778833322.529776,655,18.213247,0.369711,0.084813,2.5963,0.1869,0.067435,18.158847,0.346971,0.075769,2.7190,18.237058,0.374122,0.085504,2.6892,0.1489,0.087307,0.569416,0.1659,18.237058,0.358868,0.200373,5.0000,-0.509266,-0.556918,222.8804,0,1,clay,1.0000,0.500000,0,0,0.000000,0.000000,0.000000,0,nan,0.00,0.285733,0.4579,0.0015,0.150867,0.2184,1.00,6.93,8.93,6.70,-0.014529,-7.1707,-2.2810,0.008000,0.065703,0.7873,0.110841,0.010518,-0.024950,329.75705604453015,90.21558246619168,822.5671343176468,8.046939123205178,0.068268,-0.008105,6386.6,6234.0,0.253495,0.174650,1.000000,2.6841,1.0000,,,,,
7.9080,1778833322.541905,656,18.164810,0.292930,0.076090,2.7375,0.0436,0.063665,18.191306,0.352272,0.076563,2.7372,18.188145,0.296850,0.076744,2.6995,0.1311,0.083121,0.578593,0.1464,18.188145,0.348987,0.198276,5.0000,1.000000,-0.579424,220.7391,0,1,clay,1.0000,0.500000,0,0,0.000000,0.000000,0.000000,0,nan,0.00,0.308460,0.4581,0.0015,0.162867,0.2115,0.91,6.89,8.70,6.67,-0.009228,-7.1253,-2.2628,0.008000,0.010365,-0.2911,0.096222,-0.019730,-0.040143,167.6573789479725,340.74192258069803,815.3676152703365,117.7847187841993,0.069179,-0.001827,6384.2,6236.4,0.257619,0.140786,-0.509266,2.6944,1.0000,,,,,
7.9200,1778833322.601012,657,18.382190,0.303016,0.070534,2.6895,0.0603,0.065986,18.223969,0.357583,0.077356,2.7554,18.405113,0.306697,0.071195,2.6986,0.1264,0.087682,0.591622,0.1714,18.405113,0.393623,0.207500,5.0000,1.000000,-0.600366,218.7753,0,1,clay,1.0000,0.500000,0,0,0.000000,0.000000,0.000000,0,nan,0.00,0.331187,0.4581,0.0014,0.174867,0.2043,0.85,7.28,8.97,9.48,-0.003917,-7.0798,-2.2446,0.008000,0.070100,-0.1381,0.087004,-0.041761,-0.045998,152.62946000955205,155.5218650637599,914.2770306246198,186.26743769041855,0.085090,0.002297,6380.9,6239.7,0.263418,0.163768,1.000000,2.6935,1.0000,,,,,
7.9680,1778833322.611344,658,18.312873,0.439743,0.082877,2.7185,0.0227,0.065983,18.356463,0.379471,0.080748,2.8210,18.337956,0.443801,0.083624,2.7115,0.0986,0.092715,0.617041,0.1842,18.337956,0.379585,0.204647,5.0000,-0.425096,-0.642135,218.5311,0,1,clay,1.0000,0.500000,0,0,0.000000,0.000000,0.000000,0,nan,0.00,0.292542,0.4548,0.0011,0.154462,0.1734,1.04,7.19,9.27,6.71,0.017971,-6.8854,-2.1790,0.044000,0.083684,0.1007,0.096609,-0.074016,-0.041668,-121.54936409739551,373.3975041692498,1125.5561310331766,423.87570592083927,0.112228,0.017467,6374.3,6246.3,0.274926,0.192437,0.250000,2.7057,1.0000,,,,,
7.9800,1778833322.618616,659,18.426530,0.327568,0.085301,2.8189,0.1488,0.072318,18.390106,0.385000,0.081607,2.8392,18.454962,0.332333,0.086127,2.7344,0.1072,0.088181,0.637471,0.1500,18.454962,0.404173,0.209623,5.0000,1.000000,-0.674493,210.0548,0,1,clay,1.0000,0.500000,0,0,0.000000,0.000000,0.000000,0,nan,0.00,0.315269,0.4540,0.0011,0.166462,0.1653,1.67,7.10,10.44,6.61,-0.028800,-7.4448,-2.1608,0.008000,0.115854,0.1349,-0.020444,-0.070493,-0.046733,-32.51981510417495,-408.76643637151244,835.0107559046485,320.64997071686923,0.085663,0.012186,6368.8,6251.8,0.284450,0.167390,-1.700384,2.7276,1.0000,,,,,
7.9920,1778833322.625817,660,18.357559,0.473156,0.086400,2.8485,0.2062,0.068676,18.423967,0.390564,0.082451,2.8563,18.384970,0.478047,0.087218,2.7574,0.1311,0.093848,0.633767,0.1765,18.384970,0.389391,0.206643,5.0000,-1.000000,-0.699359,208.1803,0,1,clay,1.0000,0.500000,0,0,0.000000,0.000000,0.000000,0,nan,0.00,0.292542,0.4530,0.0010,0.154462,0.1570,1.48,7.04,10.00,6.67,-0.023236,-7.3964,-2.1437,0.008000,0.192837,0.2067,-0.015054,-0.060856,-0.066517,-133.4608605602447,-17.42868661701135,934.4019639074311,179.77604012411044,0.089317,0.003498,6369.7,6250.8,0.282830,0.170174,1.000000,2.7510,1.0000,,,,,
8.0040,1778833322.637774,661,18.425240,0.406446,0.080553,2.8742,0.0663,0.070610,18.458019,0.396151,0.083298,2.8732,18.451835,0.410871,0.081312,2.7812,0.1183,0.087226,0.648267,0.1448,18.451835,0.403508,0.209489,5.0000,-0.423925,-0.720455,200.0009,0,1,clay,1.0000,0.500000,0,0,0.000000,0.000000,0.000000,0,nan,0.00,0.282907,0.4518,0.0010,0.149375,0.1483,1.32,6.98,9.61,6.66,-0.017649,-7.3479,-2.1268,0.008000,0.079662,-0.7839,0.028683,-0.064062,-0.049895,-23.402211265436158,165.11014421012243,847.6344035731979,217.89800017068987,0.080324,0.006586,6366.1,6254.5,0.289220,0.169438,-1.000000,2.7749,1.0000,,,,,
8.0160,1778833322.649964,662,18.435518,0.444651,0.080205,2.8845,0.1081,0.074042,18.492272,0.401762,0.084163,2.8900,18.461425,0.448950,0.080942,2.8023,0.1188,0.087137,0.662576,0.1454,18.461425,0.405549,0.209898,5.0000,-0.898977,-0.747284,196.1930,0,1,clay,1.0000,0.500000,0,0,0.000000,0.000000,0.000000,0,nan,0.00,0.262476,0.4504,0.0009,0.138587,0.1393,1.18,6.98,9.34,6.94,-0.012038,-7.2984,-2.1100,0.008000,0.102847,-0.2780,0.038701,-0.058731,-0.057685,1.8062343089174249,3.1617357582582883,863.2155392865416,202.71422670297738,0.074425,0.006549,6362.5,6258.1,0.295526,0.172518,-0.423925,2.7961,1.0000,,,,,
8.0280,1778833322.702325,663,18.481044,0.420471,0.096027,2.9365,0.2006,0.065818,18.526750,0.407274,0.084936,2.9091,18.506491,0.425200,0.096725,2.8294,0.1312,0.083199,0.670977,0.1304,18.506491,0.415195,0.211820,5.0000,-0.456878,-0.767445,188.7461,0,1,clay,1.0000,0.500000,0,0,0.000000,0.000000,0.000000,0,nan,0.00,0.252093,0.4489,0.0009,0.133105,0.1301,1.07,7.27,9.42,8.96,-0.006526,-7.2541,-2.0909,0.008000,0.203262,0.9204,0.065501,-0.039835,-0.058970,137.53416446487125,509.10471733663803,769.0645912319976,76.19783110096358,0.057850,-0.000809,6360.3,6260.3,0.299271,0.161373,-0.898977,2.8233,1.0000,,,,,
8.0760,1778833322.712119,664,18.681293,0.369688,0.092779,3.0035,0.0486,0.077929,18.666579,0.430889,0.088914,2.9778,18.708880,0.374403,0.093548,2.9182,0.1031,0.086442,0.688006,0.1287,18.708880,0.459583,0.219766,5.0000,0.888362,-0.793968,169.1818,0,1,clay,1.0000,0.500000,0,0,0.000000,0.000000,0.000000,0,nan,0.00,0.332853,0.4299,0.0007,0.175746,0.0920,1.15,7.17,9.47,6.62,-0.037911,-7.5807,-2.0222,0.008000,0.142753,-0.0066,0.138323,-0.054206,-0.045921,34.49858750689731,336.5476592863114,852.3225204790748,269.46098919375106,0.064125,0.013827,6355.9,6264.7,0.307024,0.172319,-0.114219,2.9115,1.0000,,,,,
8.0880,1778833322.721771,665,18.683265,0.438245,0.095655,2.9716,0.1610,0.084764,18.702038,0.436882,0.089915,2.9944,18.709943,0.443185,0.096476,2.9297,0.1275,0.101342,0.699733,0.1840,18.709943,0.459821,0.219805,5.0000,-0.038777,-0.823805,167.0052,0,1,clay,1.0000,0.500000,0,0,0.000000,0.000000,0.000000,0,nan,0.00,0.331971,0.4260,0.0007,0.175281,0.0821,1.03,7.11,9.17,6.75,-0.031918,-7.5233,-2.0056,0.008000,0.071426,0.0406,0.125043,-0.046625,-0.048183,203.93272851153844,244.7746777693357,1086.103635054375,191.36691009035434,0.100790,0.010038,6352.9,6267.7,0.312196,0.186666,3.553448,2.9232,1.0000,,,,,
8.1000,1778833322.733799,666,18.630973,0.461537,0.094627,2.9661,0.1143,0.088287,18.737701,0.442989,0.090962,3.0116,18.656953,0.466350,0.095436,2.9378,0.1279,0.101193,0.697787,0.1749,18.656953,0.448036,0.217852,5.0000,-1.000000,-0.839896,166.2441,0,1,clay,1.0000,0.500000,0,0,0.000000,0.000000,0.000000,0,nan,0.00,0.309244,0.4224,0.0006,0.163281,0.0721,0.93,7.04,8.90,6.66,-0.025811,-7.4633,-1.9884,0.008000,0.073335,-0.1132,0.110653,-0.052161,-0.043970,202.5037474572646,78.92580463364379,1055.8513152371092,195.48926577364065,0.098208,0.010485,6353.4,6267.2,0.311361,0.192796,-0.038777,2.9315,1.0000,,,,,
8.1120,1778833322.745826,667,18.766189,0.430921,0.086915,2.9747,0.0897,0.085881,18.773557,0.449119,0.091992,3.0282,18.791637,0.435371,0.087695,2.9460,0.1213,0.097525,0.702938,0.1545,18.791637,0.478196,0.222678,5.0000,1.000000,-0.851809,163.8167,0,1,clay,1.0000,0.500000,0,0,0.000000,0.000000,0.000000,0,nan,0.00,0.331971,0.4189,0.0006,0.175281,0.0618,0.85,6.98,8.69,6.64,-0.019681,-7.4044,-1.9718,0.008000,0.048144,-0.1788,0.093841,-0.042164,-0.034604,12.368860218000364,253.33315102697514,872.6831665590245,217.36101268111256,0.086419,0.012189,6352.1,6268.5,0.313616,0.199935,-1.000000,2.9398,1.0000,,,,,
8.1240,1778833322.800245,668,18.913346,0.426597,0.093663,3.0419,0.0752,0.118386,18.809553,0.455806,0.093379,3.0432,18.938403,0.431240,0.094502,2.9658,0.1220,0.108135,0.720888,0.1838,18.938403,0.511835,0.227976,5.0000,1.000000,-0.875529,160.3155,0,1,clay,1.0000,0.500000,0,0,0.000000,0.000000,0.000000,0,nan,0.00,0.354699,0.4156,0.0006,0.187281,0.0513,0.79,7.26,8.85,8.86,-0.012994,-7.3249,-1.9568,0.008000,0.188370,0.2296,0.091035,-0.041417,-0.021058,504.39496408767917,-60.887831726351294,944.7106245571877,260.83092720563525,0.096502,0.018077,6347.6,6273.0,0.321521,0.185035,1.000000,2.9596,1.0000,,,,,
8.1720,1778833322.809948,669,18.994764,0.556361,0.097798,3.0539,0.0860,0.072279,18.955517,0.481276,0.097690,3.1097,19.021766,0.561377,0.098657,3.0127,0.1232,0.108028,0.753338,0.1964,19.021766,0.531312,0.231091,5.0000,-0.269646,-0.928575,154.5163,0,1,clay,1.0000,0.500000,0,0,0.000000,0.000000,0.000000,0,nan,0.00,0.330185,0.4030,0.0005,0.174338,0.0068,0.91,7.19,9.02,6.75,-0.044924,-7.5965,-1.8903,0.044000,0.223142,-0.4152,0.109269,-0.049595,-0.027051,-661.1957541177403,572.0775522118984,1126.6826103710584,196.01887160349494,0.114965,0.015188,6339.2,6281.4,0.336142,0.191895,0.250000,3.0058,1.0000,,,,,
8.1840,1778833322.817765,670,18.861784,0.451476,0.100973,3.0058,0.0579,0.069936,18.992582,0.487273,0.098523,3.1290,18.888094,0.456312,0.101772,3.0126,0.1125,0.100979,0.767295,0.1719,18.888094,0.500211,0.226131,5.0000,0.521162,-0.962517,154.3091,0,1,clay,1.0000,0.500000,0,0,0.000000,0.000000,0.000000,0,nan,0.00,0.342030,0.4005,0.0005,0.180592,-0.0048,0.84,7.11,8.78,6.65,-0.038927,-7.5488,-1.8710,0.008000,0.137916,-0.0699,0.018809,-0.064460,-0.053238,-615.0416337544729,229.16194722714792,925.255448183935,195.68909192287714,0.105128,0.016219,6335.6,6285.0,0.342422,0.205839,-1.078586,3.0058,1.0000,,,,,
8.1960,1778833322.829767,671,19.029596,0.519927,0.101572,3.1260,0.1416,0.067628,19.029882,0.493254,0.099338,3.1488,19.055434,0.524762,0.102346,3.0358,0.1237,0.101949,0.782283,0.1851,19.055434,0.539256,0.232335,5.0000,-0.030700,-1.001263,151.4969,0,1,clay,1.0000,0.500000,0,0,0.000000,0.000000,0.000000,0,nan,0.00,0.341332,0.3980,0.0004,0.180223,-0.0168,0.77,7.04,8.57,6.63,-0.032946,-7.5021,-1.8512,0.008000,0.036600,-0.2887,0.029413,-0.062756,-0.056002,-371.6243875497205,542.8860611999338,1050.1961641438502,91.68783325498752,0.109306,0.011316,6331.7,6288.8,0.349078,0.175105,0.521162,3.0290,1.0000,,,,,
8.2080,1778833322.841950,672,18.985468,0.570149,0.106945,3.1378,0.0860,0.067820,19.067410,0.499211,0.100143,3.1670,19.010945,0.575001,0.107688,3.0567,0.1211,0.099817,0.776370,0.1800,19.010945,0.528768,0.230687,5.0000,-1.000000,-1.021209,148.9533,0,1,clay,1.0000,0.500000,0,0,0.000000,0.000000,0.000000,0,nan,0.00,0.318605,0.3957,0.0004,0.168223,-0.0291,0.72,6.97,8.40,6.60,-0.026989,-7.4560,-1.8330,0.008000,0.060957,0.0796,0.042555,-0.058724,-0.051419,-196.6781533397761,368.14343450852084,1117.1505709187807,84.9012205169125,0.110835,0.010962,6333.2,6287.4,0.346539,0.173355,-0.030700,3.0501,1.0000,,,,,
8.2200,1778833322.898717,673,19.170597,0.488780,0.098526,3.2106,0.0894,0.061769,19.105129,0.505163,0.100929,3.1836,19.195947,0.493287,0.099222,3.0878,0.1163,0.093816,0.789938,0.1599,19.195947,0.572875,0.237292,5.0000,1.000000,-1.045005,145.2239,0,1,clay,1.0000,0.500000,0,0,0.000000,0.000000,0.000000,0,nan,0.00,0.341332,0.3935,0.0004,0.180223,-0.0416,0.68,7.23,8.58,8.68,-0.021037,-7.4110,-1.8164,0.008000,0.087721,0.0618,0.064842,-0.064741,-0.062876,-296.0753754572882,657.2736947812151,917.1451043099896,36.84122711829022,0.101045,0.009767,6329.8,6290.8,0.352539,0.158536,-1.000000,3.0812,1.0000,,,,,
8.2680,1778833322.908226,674,19.228219,0.533080,0.102291,3.2041,0.1440,0.060355,19.258233,0.528641,0.103699,3.2561,19.255467,0.538203,0.103014,3.1486,0.1441,0.097048,0.815249,0.1890,19.255467,0.587333,0.239278,5.0000,0.244376,-1.090181,138.0638,0,1,clay,1.0000,0.500000,0,0,0.000000,0.000000,0.000000,0,nan,0.00,0.363548,0.3852,0.0003,0.191953,-0.0939,0.78,7.15,8.71,6.72,-0.057359,-7.7578,-1.7439,0.044000,0.044656,-0.1733,0.103470,-0.037875,-0.069808,-11.576882103740104,833.4453559870424,1078.3561498753093,-193.18051857495735,0.109228,-0.001485,6323.2,6297.4,0.364016,0.159409,0.250000,3.1414,1.0000,,,,,
8.2800,1778833322.915500,675,19.390285,0.495243,0.103629,3.2654,0.0949,0.056084,19.297046,0.534596,0.104371,3.2752,19.418775,0.500604,0.104382,3.1729,0.1436,0.099073,0.819011,0.1942,19.418775,0.627628,0.244491,5.0000,1.000000,-1.120104,136.3766,0,1,clay,1.0000,0.500000,0,0,0.000000,0.000000,0.000000,0,nan,0.00,0.386276,0.3834,0.0015,0.203953,-0.1074,0.98,7.06,9.03,6.58,-0.051404,-7.7193,-1.7248,0.008000,0.144202,-0.3341,0.077386,-0.045764,-0.077130,-66.69860749285728,597.7504824268331,1068.6674387913663,-203.54054099827505,0.123877,-0.001131,6322.0,6298.5,0.366012,0.140184,0.977506,3.1654,1.0000,,,,,
8.2920,1778833322.925788,676,19.364569,0.581188,0.100810,3.2728,0.1147,0.051408,19.336069,0.540522,0.104995,3.2912,19.392404,0.586337,0.101536,3.1935,0.1470,0.100736,0.824697,0.2128,19.392404,0.621061,0.243670,5.0000,0.051099,-1.148354,133.0670,0,1,clay,1.0000,0.500000,0,0,0.000000,0.000000,0.000000,0,nan,0.00,0.387437,0.3816,0.0028,0.204567,-0.1212,0.89,7.00,8.78,6.63,-0.045478,-7.6836,-1.7088,0.008000,0.191592,-0.6337,0.096833,-0.039903,-0.076517,6.576668368601506,724.3795209527134,1132.4013746107876,-236.67162757292732,0.137483,-0.002537,6320.6,6300.0,0.368508,0.144176,1.000000,3.1862,1.0000,,,,,
8.3040,1778833322.937743,677,19.366884,0.552604,0.106083,3.3425,-0.0134,0.053580,19.375287,0.546524,0.105633,3.3087,19.394255,0.557562,0.106772,3.2236,0.1246,0.097796,0.828526,0.2050,19.394255,0.621521,0.243728,5.0000,0.871838,-1.167946,129.2641,0,1,clay,1.0000,0.500000,0,0,0.000000,0.000000,0.000000,0,nan,0.00,0.407251,0.3798,0.0041,0.215029,-0.1352,0.81,6.94,8.56,6.63,-0.101476,-8.0981,-1.6913,0.008000,0.033896,-0.3700,0.102371,-0.066573,-0.075255,63.30851029502223,-213.3276345594166,1330.90838879593,-166.18984561713722,0.147124,0.004293,6319.6,6300.9,0.370193,0.125423,0.051099,3.2164,1.0000,,,,,
8.3160,1778833322.997167,678,19.426903,0.551207,0.105391,3.3426,0.0561,0.059741,19.414653,0.552658,0.106332,3.3172,19.454001,0.556061,0.106080,3.2479,0.1221,0.100956,0.823526,0.2224,19.454001,0.636437,0.245576,5.0000,1.000000,-1.177637,126.3168,0,1,clay,1.0000,0.500000,0,0,0.000000,0.000000,0.000000,0,nan,0.00,0.429979,0.3779,0.0056,0.227029,-0.1493,0.76,7.31,8.83,9.38,-0.095342,-8.0581,-1.6828,0.008000,0.142704,-0.7035,0.106513,-0.063090,-0.065346,167.40142922780862,540.2648141761567,1268.0500695054868,-146.4135883789766,0.160025,0.006184,6320.9,6299.7,0.367982,0.088428,0.871838,3.2409,1.0000,,,,,
8.3640,1778833323.007368,679,19.511169,0.526020,0.105469,3.3867,-0.0016,0.069658,19.573501,0.579729,0.110533,3.3733,19.541501,0.531204,0.106295,3.3190,0.0944,0.111453,0.720661,0.2363,19.541501,0.658491,0.248211,5.0000,0.629471,-1.100459,114.0967,0,1,clay,1.0000,0.500000,0,0,0.000000,0.000000,0.000000,0,nan,0.00,0.487203,0.3694,0.0135,0.257243,-0.2021,0.98,7.20,9.16,6.61,-0.068271,-7.8174,-1.6267,0.044000,0.026373,-0.1796,0.145524,-0.123997,-0.085159,-1804.5073822287673,803.1559999740113,1635.8594786823414,212.50838432197156,0.183399,0.020925,6346.7,6273.9,0.323014,0.121155,0.250000,3.3123,1.0000,,,,,
8.3760,1778833323.014565,680,19.580005,0.614428,0.110517,3.4452,0.0876,0.056725,19.613678,0.585792,0.111114,3.3876,19.614326,0.620729,0.111512,3.3457,0.1162,0.124421,0.731961,0.2638,19.614326,0.677030,0.250339,5.0000,-1.000000,-1.076770,110.0117,0,1,clay,1.0000,0.500000,0,0,0.000000,0.000000,0.000000,0,nan,0.00,0.464476,0.3676,0.0152,0.245243,-0.2150,1.61,7.13,10.34,6.69,-0.062208,-7.7841,-1.6124,0.008000,0.020149,-0.1261,0.107910,-0.120438,-0.076911,-2042.3228450496567,720.1575062995184,1602.654481928369,125.95913315594177,0.212022,0.017290,6343.7,6276.9,0.328249,0.103704,2.517885,3.3380,1.0000,,,,,
8.3880,1778833323.021801,681,19.588808,0.608915,0.102564,3.4627,0.0789,0.028105,19.654026,0.591492,0.111520,3.3986,19.622022,0.614580,0.103422,3.3695,0.1128,0.111604,0.729512,0.2353,19.622022,0.678999,0.250560,5.0000,-0.458116,-1.064039,107.5880,0,1,clay,1.0000,0.500000,0,0,0.000000,0.000000,0.000000,0,nan,0.00,0.454064,0.3658,0.0170,0.239746,-0.2278,1.43,7.05,9.91,6.62,-0.120508,-8.1718,-1.6014,0.008000,0.149512,-0.6718,0.107348,-0.116149,-0.089744,-1755.336269790037,496.37166608460933,1478.5355415538274,41.63971956421008,0.201916,0.012065,6344.5,6276.1,0.326855,0.095145,-1.000000,3.3621,1.0000,,,,,
8.4000,1778833323.033824,682,19.653394,0.582285,0.120124,3.3797,0.0223,0.024765,19.694552,0.596920,0.111819,3.4102,19.685290,0.588122,0.120884,3.3725,0.1048,0.104755,0.722398,0.2353,19.685290,0.695252,0.252355,5.0000,0.609520,-1.049591,107.0448,0,1,clay,1.0000,0.500000,0,0,0.000000,0.000000,0.000000,0,nan,0.00,0.467917,0.3639,0.0188,0.247060,-0.2404,1.28,7.01,9.57,6.77,-0.115080,-8.1547,-1.5898,0.008000,0.085863,0.4878,0.089566,-0.129608,-0.102220,-1706.4521961569187,-566.3760679295088,1566.6877501249016,33.05066944776537,0.201286,0.010871,6346.4,6274.1,0.323479,0.112568,-0.458116,3.3655,1.0000,,,,,
8.4120,1778833323.045863,683,19.698773,0.583111,0.108905,3.4393,0.0049,0.025765,19.735217,0.602315,0.112133,3.4215,19.729941,0.588330,0.109614,3.3865,0.0994,0.103648,0.716731,0.2527,19.729941,0.706795,0.253595,5.0000,1.000000,-1.039386,106.1176,0,1,clay,1.0000,0.500000,0,0,0.000000,0.000000,0.000000,0,nan,0.00,0.490644,0.3621,0.0207,0.259060,-0.2529,1.16,7.07,9.39,7.41,-0.109685,-8.1366,-1.5785,0.008000,0.038940,-0.4381,0.073348,-0.124201,-0.103632,-1803.8002265968255,488.1759547540147,1764.6423205445717,37.02441027536119,0.213543,0.010973,6348.0,6272.6,0.320785,0.092475,0.609520,3.3798,1.0000,,,,,
8.4240,1778833323.098575,684,19.717243,0.572701,0.110458,3.4102,0.0243,0.023956,19.776030,0.607625,0.112422,3.4325,19.747969,0.577847,0.111138,3.3922,0.0996,0.103760,0.705768,0.2682,19.747969,0.711472,0.254089,5.0000,1.000000,-1.024197,105.3472,0,1,clay,1.0000,0.500000,0,0,0.000000,0.000000,0.000000,0,nan,0.00,0.513372,0.3602,0.0227,0.271060,-0.2652,1.06,7.32,9.44,8.78,-0.104375,-8.1201,-1.5675,0.008000,0.073047,-0.3276,0.055487,-0.125607,-0.108855,-1663.3013359551196,975.2477888096827,1807.495166361104,31.39284743780891,0.228508,0.009787,6350.8,6269.8,0.315835,0.095379,1.000000,3.3857,1.0000,,,,,
8.4720,1778833323.108177,685,19.948766,0.564510,0.105388,3.3980,-0.0034,-0.019638,19.940771,0.625783,0.112044,3.4701,19.980827,0.569215,0.105880,3.3978,0.0887,0.088063,0.637575,0.2806,19.980827,0.772696,0.259948,5.0000,1.000000,-0.959119,106.0441,0,1,clay,1.0000,0.500000,0,0,0.000000,0.000000,0.000000,0,nan,0.00,0.604281,0.3517,0.0321,0.319060,-0.3112,1.11,7.22,9.44,6.65,-0.152017,-8.4994,-1.5299,0.008000,0.085058,-0.6906,0.000651,-0.132126,-0.144589,-2062.6412276831115,647.6649548114715,2218.7631346613507,-48.48178100984183,0.260505,0.000630,6368.0,6252.5,0.285826,0.087664,0.250000,3.3917,1.0000,,,,,
8.4840,1778833323.117768,686,20.009615,0.696056,0.113869,3.5000,-0.0185,-0.023701,19.982284,0.629771,0.111759,3.4778,20.040747,0.700878,0.114346,3.4185,0.0933,0.094477,0.623728,0.3283,20.040747,0.788677,0.261317,5.0000,-0.417076,-0.921744,98.9423,0,1,clay,1.0000,0.500000,0,0,0.000000,0.000000,0.000000,0,nan,0.00,0.594802,0.3499,0.0341,0.314055,-0.3223,1.00,7.14,9.14,6.69,-0.148029,-8.5157,-1.5222,0.008000,0.066594,-0.5778,-0.006211,-0.158138,-0.166755,-1988.3190999951048,404.4857674646679,2069.9984490098686,-68.94305763769768,0.313790,-0.000744,6371.8,6248.8,0.279302,0.063079,4.000000,3.4127,1.0000,,,,,
8.4960,1778833323.129719,687,20.089846,0.591559,0.098437,3.3986,-0.0103,-0.027809,20.023907,0.633572,0.111387,3.4850,20.120136,0.595604,0.098829,3.4155,0.0848,0.084421,0.613548,0.3103,20.120136,0.809987,0.263190,5.0000,1.000000,-0.887320,104.8504,0,1,clay,1.0000,0.500000,0,0,0.000000,0.000000,0.000000,0,nan,0.00,0.617529,0.3481,0.0362,0.326055,-0.3329,0.90,7.07,8.87,6.64,-0.144228,-8.5370,-1.5150,0.008000,0.160661,-0.9251,-0.032491,-0.149921,-0.155390,-1552.5856041551829,265.0201368296346,2205.379205594927,-96.3751727228256,0.312899,-0.002715,6374.5,6246.1,0.274546,0.090263,-0.417076,3.4099,1.0000,,,,,
8.5080,1778833323.141828,688,20.035230,0.653444,0.107760,3.5058,-0.0956,-0.039201,20.065636,0.637155,0.110930,3.4922,20.064925,0.657464,0.108099,3.4338,0.0709,0.082232,0.603403,0.3348,20.064925,0.795150,0.261880,5.0000,1.000000,-0.863737,98.4553,0,1,clay,1.0000,0.500000,0,0,0.000000,0.000000,0.000000,0,nan,0.00,0.640256,0.3463,0.0383,0.338055,-0.3433,0.83,7.02,8.68,6.73,-0.140645,-8.5632,-1.5078,0.008000,0.018652,-1.3521,-0.016287,-0.169466,-0.163541,-1631.0204887424584,226.7529502923673,2425.0410793445303,-57.85972503260874,0.334051,-0.000561,6377.2,6243.4,0.269845,0.064250,1.000000,3.4285,1.0000,,,,,
8.5200,1778833323.196013,689,20.143480,0.593214,0.115439,3.5234,0.0290,-0.079458,20.107484,0.640200,0.110193,3.4984,20.172776,0.597327,0.115678,3.4522,0.0797,0.074002,0.622645,0.3466,20.172776,0.824206,0.264473,5.0000,1.000000,-0.866509,101.1989,0,1,clay,1.0000,0.500000,0,0,0.000000,0.000000,0.000000,0,nan,0.00,0.662983,0.3444,0.0403,0.350055,-0.3537,0.78,7.25,8.80,8.55,-0.137600,-8.6054,-1.5016,0.008000,0.098573,-0.2601,-0.011361,-0.163248,-0.182265,-1768.039545188878,-733.41446294739,2477.1471150244242,-266.8884277365822,0.349949,-0.009703,6372.4,6248.2,0.278190,0.062625,1.000000,3.4469,1.0000,,,,,
8.5680,1778833323.205467,690,20.245497,0.649308,0.105652,3.4983,-0.1005,-0.034992,20.275648,0.652135,0.107814,3.5229,20.276476,0.652964,0.105889,3.4771,0.0468,0.076611,0.566294,0.3590,20.276476,0.852435,0.267082,5.0000,0.659083,-0.825822,96.6446,0,1,clay,1.0000,0.500000,0,0,0.000000,0.000000,0.000000,0,nan,0.00,0.722900,0.3361,0.0500,0.381691,-0.3933,0.86,7.16,8.89,6.64,-0.193065,-9.0871,-1.4771,0.044000,0.163361,-0.9088,0.009226,-0.214236,-0.193027,-556.3467537736792,271.71506463553214,2712.258892390568,-14.987533571976371,0.378109,0.000823,6386.6,6234.0,0.253474,0.059258,0.250000,3.4720,1.0000,,,,,
8.5800,1778833323.213795,691,20.333109,0.596506,0.105906,3.5211,-0.0810,-0.039833,20.317905,0.655210,0.107350,3.5315,20.363366,0.600078,0.106147,3.4865,0.0471,0.080744,0.563368,0.3875,20.363366,0.876307,0.269120,5.0000,1.000000,-0.798928,100.9837,0,1,clay,1.0000,0.500000,0,0,0.000000,0.000000,0.000000,0,nan,0.00,0.745627,0.3343,0.0521,0.393691,-0.4029,0.79,7.08,8.67,6.67,-0.189990,-9.1137,-1.4685,0.008000,0.035395,-0.5031,0.019928,-0.221812,-0.194136,-916.35873543105,-1219.6062745148313,2418.5906903869627,-5.62605122882573,0.412281,0.001380,6387.5,6233.1,0.251936,0.044226,2.636333,3.4815,1.0000,,,,,
8.5920,1778833323.225783,692,20.335611,0.632236,0.113933,3.5316,-0.0770,-0.042631,20.360241,0.658155,0.106854,3.5362,20.365245,0.635929,0.114158,3.4959,0.0450,0.080447,0.547486,0.4022,20.365245,0.876825,0.269161,5.0000,1.000000,-0.773144,96.2553,0,1,clay,1.0000,0.500000,0,0,0.000000,0.000000,0.000000,0,nan,0.00,0.768355,0.3325,0.0541,0.405691,-0.4122,0.73,7.04,8.50,6.76,-0.187045,-9.1421,-1.4638,0.008000,0.138384,-0.5649,0.010388,-0.224458,-0.194845,-875.3164573394986,-48.12143288604938,2746.9464818429537,1.7520208737516185,0.426323,0.001341,6391.6,6229.0,0.244751,0.052941,1.000000,3.4912,1.0000,,,,,
8.6040,1778833323.237808,693,20.386585,0.636096,0.102535,3.4490,-0.1206,-0.042254,20.402673,0.661050,0.106338,3.5451,20.415681,0.639289,0.102748,3.4876,0.0363,0.080445,0.540856,0.4141,20.415681,0.890768,0.270235,5.0000,0.974377,-0.753843,99.0809,0,1,clay,1.0000,0.500000,0,0,0.000000,0.000000,0.000000,0,nan,0.00,0.790500,0.3308,0.0562,0.417384,-0.4212,0.68,6.98,8.34,6.65,-0.253150,-9.4835,-1.4549,0.008000,0.073430,-0.2713,0.006230,-0.228358,-0.188094,-647.7662731947704,328.0515330722036,2788.920806513052,59.73240653692858,0.442501,0.003771,6393.3,6227.2,0.241675,0.070458,1.000000,3.4831,1.0000,,,,,
8.6160,1778833323.294606,694,20.437861,0.655823,0.108021,3.4426,-0.1124,-0.043787,20.445185,0.663880,0.105815,3.5514,20.466451,0.659056,0.108224,3.4796,0.0310,0.080581,0.531141,0.4254,20.466451,0.904859,0.271237,5.0000,0.663156,-0.735295,98.8907,0,1,clay,1.0000,0.500000,0,0,0.000000,0.000000,0.000000,0,nan,0.00,0.805571,0.3290,0.0583,0.425342,-0.4301,0.65,7.22,8.51,8.56,-0.250320,-9.5135,-1.4486,0.008000,0.067767,-0.4756,-0.018898,-0.234752,-0.195898,-523.225958648684,-1086.4505721834919,2833.332878061533,97.47603446921542,0.457272,0.005139,6395.9,6224.7,0.237272,0.085938,0.974377,3.4752,1.0000,,,,,
8.6640,1778833323.304004,695,20.595890,0.718372,0.105351,3.5286,0.0004,-0.066837,20.615890,0.675256,0.103757,3.5691,20.626292,0.721963,0.105491,3.5056,0.0725,0.077383,0.477027,0.4311,20.626292,0.949560,0.274138,5.0000,-0.127509,-0.687018,93.4528,0,1,clay,1.0000,0.500000,0,0,0.000000,0.000000,0.000000,0,nan,0.00,0.793980,0.3209,0.0676,0.419221,-0.4630,0.76,7.14,8.66,6.68,-0.238944,-9.6314,-1.4309,0.044000,0.102918,-1.0157,-0.013112,-0.199354,-0.206213,-1772.4575833168833,-97.80409494069102,2755.9681872633237,-295.85819326254637,0.460377,-0.013429,6409.5,6211.0,0.213461,0.056008,0.165789,3.5014,1.0000,,,,,
8.6760,1778833323.311247,696,20.656964,0.677197,0.104802,3.6061,0.0559,-0.075133,20.658768,0.677287,0.102846,3.5726,20.688419,0.681005,0.104916,3.5259,0.0890,0.074644,0.466960,0.4181,20.688419,0.967069,0.275274,5.0000,0.291816,-0.651197,95.5011,0,1,clay,1.0000,0.500000,0,0,0.000000,0.000000,0.000000,0,nan,0.00,0.800612,0.3191,0.0696,0.422723,-0.4708,0.93,7.06,8.91,6.62,-0.307213,-9.9444,-1.4274,0.008000,0.046450,-0.5012,-0.012127,-0.162538,-0.211857,-1811.4210851448074,-53.534570877270085,2623.092849364788,-466.65116689201557,0.450822,-0.020892,6412.1,6208.4,0.208907,0.031712,-0.510035,3.5217,1.0000,,,,,
8.6880,1778833323.321829,697,20.725834,0.650890,0.101710,3.5889,-0.0859,-0.071701,20.701713,0.679234,0.101957,3.5775,20.756602,0.654358,0.101789,3.5386,0.0772,0.070877,0.449843,0.4253,20.756602,0.654358,0.586951,5.0000,1.000000,-0.615809,99.5675,0,1,clay,1.0000,0.500000,0,0,0.000000,0.000000,0.000000,0,nan,0.00,0.823339,0.3174,0.0715,0.434723,-0.4782,0.85,7.01,8.71,6.74,-0.305266,-9.9953,-1.4225,0.008000,0.017836,-0.7169,-0.008159,-0.174319,-0.216287,-1723.7748863920297,-953.5884188060866,2859.06422131583,-425.1902094527744,0.459063,-0.018794,6416.6,6204.0,0.201140,0.030123,0.291816,3.5347,1.0000,,,,,
8.7000,1778833323.333754,698,20.768737,0.696545,0.109921,3.5895,-0.1119,-0.070766,20.744711,0.681088,0.101087,3.5813,20.798923,0.700064,0.109986,3.5490,0.0659,0.070747,0.437022,0.4433,20.798923,0.998401,0.277294,5.0000,1.000000,-0.588925,93.9537,0,1,clay,1.0000,0.500000,0,0,0.000000,0.000000,0.000000,0,nan,0.00,0.846066,0.3157,0.0735,0.446723,-0.4853,0.78,6.98,8.54,6.81,-0.303412,-10.0451,-1.4187,0.008000,0.058257,-0.7037,-0.005396,-0.188649,-0.219121,-1528.052267637719,-146.41485326092283,2889.538781749908,-356.22263199369394,0.476192,-0.015608,6420.0,6200.6,0.195291,0.024410,1.000000,3.5453,1.0000,,,,,
8.7120,1778833323.392918,699,20.815640,0.688014,0.092362,3.5711,-0.0549,-0.078106,20.787751,0.682781,0.100166,3.5823,20.845477,0.690931,0.092409,3.5539,0.0663,0.069746,0.422545,0.4552,20.845477,0.690931,0.571434,5.0000,1.000000,-0.562796,98.2515,0,1,clay,1.0000,0.500000,0,0,0.000000,0.000000,0.000000,0,nan,0.00,0.868794,0.3140,0.0754,0.458723,-0.4921,0.73,7.25,8.71,8.78,-0.301719,-10.0979,-1.4177,0.008000,0.054309,-1.0560,0.008569,-0.181372,-0.218211,-1710.9250947799264,-88.78746899172586,2926.153682746963,-388.14704614684433,0.489889,-0.016850,6423.7,6196.9,0.188764,-0.004839,1.000000,3.5503,1.0000,,,,,
8.7600,1778833323.402667,700,20.924418,0.712963,0.095076,3.6066,-0.1436,-0.092650,20.959966,0.689468,0.097063,3.5784,20.956385,0.715749,0.095070,3.5806,0.0373,0.069953,0.302049,0.4677,20.956385,0.715749,0.577492,5.0000,0.717080,-0.446484,95.5965,0,1,clay,1.0000,0.500000,0,0,0.000000,0.000000,0.000000,0,nan,0.00,0.933983,0.3061,0.0837,0.493143,-0.5135,0.86,7.18,8.89,6.77,-0.366532,-10.5139,-1.4216,0.044000,0.113702,-1.2150,0.045098,-0.224992,-0.232632,-2301.4359955576397,-1477.0896112471846,2835.385932210469,-256.7923285634612,0.520379,-0.010545,6454.2,6166.4,0.135594,0.012229,0.250000,3.5779,1.0000,,,,,
8.7720,1778833323.410034,701,21.024121,0.676518,0.091401,3.6314,-0.1414,-0.096253,21.003035,0.690234,0.095899,3.5779,21.059942,0.679718,0.091498,3.5912,0.0534,0.092136,0.296080,0.5003,21.059942,0.679718,0.405020,5.0000,1.000000,-0.373469,97.6562,0,1,clay,1.0000,0.500000,0,0,0.000000,0.000000,0.000000,0,nan,0.00,0.956710,0.3045,0.0854,0.505143,-0.5180,1.42,7.11,9.95,6.75,-0.365766,-10.5805,-1.4221,0.008000,0.113907,-1.2507,0.034936,-0.265107,-0.241917,-2765.105425891177,243.79647997710163,2796.662878266259,-236.70172624256338,0.550000,-0.009723,6455.8,6164.7,0.132705,0.009846,2.868320,3.5882,1.0000,,,,,
8.7840,1778833323.417774,702,21.126977,0.695538,0.086190,3.5850,-0.2687,-0.105617,21.046126,0.690631,0.094627,3.5774,21.161512,0.698054,0.086228,3.5904,0.0244,0.086488,0.285364,0.5148,21.161512,0.698054,0.408723,5.0000,0.651841,-0.317791,104.0092,0,1,clay,1.0000,0.500000,0,0,0.000000,0.000000,0.000000,0,nan,0.00,0.971525,0.3028,0.0871,0.512965,-0.5218,1.27,7.04,9.58,6.66,-0.365369,-10.6534,-1.4226,0.008000,0.099686,-1.5006,0.015023,-0.306014,-0.247180,-2376.302129320246,-1562.2746251157812,3040.126816754353,-49.39874808142599,0.550000,-0.003086,6458.8,6161.8,0.127589,0.023544,1.000000,3.5876,1.0000,,,,,
8.7960,1778833323.429736,703,21.068608,0.616292,0.096663,3.6036,-0.1134,-0.108047,21.089254,0.690891,0.093389,3.5817,21.101907,0.618988,0.096640,3.5934,0.0237,0.078916,0.284354,0.5190,21.101907,0.618988,0.451910,5.0000,1.000000,-0.285549,109.4472,0,1,clay,1.0000,0.500000,0,0,0.000000,0.000000,0.000000,0,nan,0.00,0.994252,0.3012,0.0887,0.524965,-0.5252,1.13,6.98,9.24,6.63,-0.365109,-10.7244,-1.4183,0.008000,0.100540,-0.6998,0.007081,-0.295517,-0.250591,-2616.5657238567087,-439.7272454762567,3117.789602350628,-142.59146864893887,0.550000,-0.006328,6459.2,6161.4,0.126858,0.021533,0.651841,3.5907,1.0000,,,,,
8.8080,1778833323.441791,704,21.204960,0.632473,0.090926,3.5254,-0.1229,-0.108693,21.132421,0.690942,0.092112,3.5830,21.237145,0.634819,0.090860,3.5806,0.0229,0.074115,0.278754,0.5340,21.237145,0.634819,0.463351,5.0000,0.252918,-0.263926,115.3204,0,1,clay,1.0000,0.500000,0,0,0.000000,0.000000,0.000000,0,nan,0.00,1.000000,0.2995,0.0903,0.528000,-0.5284,1.02,6.96,8.99,6.83,-0.437558,-10.9828,-1.4170,0.008000,0.136030,-1.4974,-0.014696,-0.286603,-0.252407,-2133.2581474152403,-1100.3219357464156,3029.627508459066,-205.35168890184295,0.550000,-0.008520,6460.7,6159.8,0.124217,0.044932,1.000000,3.5781,1.0000,,,,,
8.8200,1778833323.494074,705,21.081731,0.672804,0.089651,3.4988,-0.1884,-0.112705,21.175622,0.691218,0.091046,3.5841,21.113374,0.674893,0.089543,3.5646,0.0107,0.068545,0.209448,0.5302,21.113374,0.674893,0.418124,5.0000,-1.000000,-0.194560,107.4210,0,1,clay,1.0000,0.500000,0,0,0.000000,0.000000,0.000000,0,nan,0.00,0.977273,0.2979,0.0919,0.516000,-0.5307,0.97,7.27,9.21,9.03,-0.437282,-11.0438,-1.4159,0.008000,0.135325,-0.5577,-0.033400,-0.295336,-0.252156,-2963.770852355118,-363.22324109659195,2811.3849940114883,-190.72343514488466,0.550000,-0.007130,6478.3,6142.2,0.093516,0.058680,0.252918,3.5627,1.0000,,,,,
8.8680,1778833323.504028,706,21.298739,0.707719,0.075846,3.5612,-0.2557,-0.151845,21.349082,0.687516,0.084449,3.6043,21.332534,0.708679,0.075527,3.5640,-0.0334,0.051555,0.212019,0.5065,21.332534,0.708679,0.428016,5.0000,-1.000000,-0.158347,117.2576,0,1,clay,1.0000,0.500000,0,0,0.000000,0.000000,0.000000,0,nan,0.00,0.886364,0.2903,0.0981,0.468000,-0.5383,1.10,7.19,9.40,6.72,-0.440984,-11.4218,-1.3957,0.008000,0.058252,-1.5022,-0.048827,-0.332922,-0.274012,-2235.580346372937,-496.20652679066984,2806.501742364915,-95.40386602260696,0.550000,-0.004167,6477.8,6142.8,0.094428,0.061538,-0.250000,3.5620,1.0000,,,,,
8.8800,1778833323.513965,707,21.305590,0.644718,0.085547,3.6363,-0.0542,-0.161786,21.392674,0.685919,0.082562,3.6129,21.338591,0.646015,0.085136,3.5784,-0.0214,0.033836,0.226337,0.4588,21.338591,0.646015,0.470915,5.0000,-0.682989,-0.142954,123.8219,0,1,clay,1.0000,0.500000,0,0,0.000000,0.000000,0.000000,0,nan,0.00,0.870841,0.2887,0.0993,0.459804,-0.5400,1.02,7.11,9.14,6.66,-0.515881,-11.6928,-1.3871,0.008000,0.140983,-0.8689,-0.044462,-0.321963,-0.300274,-2055.867705592848,-252.93645855068976,2731.307219506431,-407.2929818380511,0.550000,-0.015375,6474.3,6146.3,0.100581,0.049855,-4.000000,3.5764,1.0000,,,,,
8.8920,1778833323.525851,708,21.535241,0.647676,0.080148,3.5726,-0.1277,-0.165174,21.436389,0.684053,0.080595,3.6218,21.567389,0.648688,0.079671,3.5778,-0.0194,0.023728,0.236046,0.4537,21.567389,0.648688,0.349756,5.0000,0.689451,-0.137739,129.8189,0,1,clay,1.0000,0.500000,0,0,0.000000,0.000000,0.000000,0,nan,0.00,0.886510,0.2872,0.1006,0.468078,-0.5417,0.94,7.04,8.91,6.65,-0.517747,-11.8055,-1.3782,0.008000,0.098928,-0.8439,-0.043275,-0.284343,-0.290409,-1962.7371662488604,-192.87868306538394,2845.2361382107724,-543.9543701044125,0.550000,-0.020767,6471.9,6148.7,0.104790,0.079006,-0.682989,3.5756,1.0000,,,,,
8.9040,1778833323.537920,709,21.439134,0.680890,0.084646,3.6374,-0.2071,-0.166715,21.480244,0.682022,0.078595,3.6332,21.470675,0.681884,0.084134,3.5899,-0.0265,0.020097,0.259208,0.4741,21.470675,0.681884,0.471298,5.0000,1.000000,-0.171068,124.5081,0,1,clay,1.0000,0.500000,0,0,0.000000,0.000000,0.000000,0,nan,0.00,0.909238,0.2856,0.1018,0.480078,-0.5437,0.87,6.99,8.73,6.67,-0.519778,-11.9201,-1.3668,0.008000,0.022625,-1.1394,-0.034206,-0.296707,-0.294823,-2444.253613792386,-271.3198868201937,3227.4161455798335,-529.4928887017268,0.550000,-0.020891,6466.0,6154.6,0.114984,0.068167,0.689451,3.5876,1.0000,,,,,
8.9160,1778833323.592862,710,21.622536,0.656946,0.054585,3.5536,-0.1549,-0.168105,21.524171,0.679733,0.076510,3.6344,21.653423,0.656933,0.054039,3.5833,-0.0245,0.015936,0.262921,0.4887,21.653423,0.656933,0.336528,5.0000,1.000000,-0.160850,144.5106,0,1,clay,1.0000,0.500000,0,0,0.000000,0.000000,0.000000,0,nan,0.00,0.931965,0.2840,0.1029,0.492078,-0.5457,0.81,7.25,8.87,8.74,-0.522067,-12.0396,-1.3656,0.008000,0.038461,-2.5030,-0.027454,-0.293138,-0.296680,-1598.607762301881,-1257.4910010768247,3137.118001370031,-605.8186341348605,0.550000,-0.024032,6465.0,6155.6,0.116740,0.102795,1.000000,3.5810,1.0000,,,,,
8.9640,1778833323.602483,711,21.588508,0.778252,0.069048,3.7086,-0.1512,-0.178864,21.701378,0.668166,0.067419,3.6893,21.621643,0.778729,0.068397,3.6467,-0.0087,0.014353,0.350770,0.5012,21.621643,0.778729,0.426831,5.0000,0.748385,-0.268617,119.4516,0,1,clay,1.0000,0.500000,0,0,0.000000,0.000000,0.000000,0,nan,0.00,1.000000,0.2768,0.1079,0.528000,-0.5586,0.91,7.17,9.00,6.73,-0.607634,-12.6734,-1.3107,0.044000,0.134817,-1.5670,0.057987,-0.275025,-0.302574,-1285.5127645873383,-785.4776732781141,3120.1510595011023,-744.8579220284116,0.550000,-0.032803,6442.8,6177.8,0.155523,0.077211,0.250000,3.6435,1.0000,,,,,
8.9760,1778833323.609802,712,21.831162,0.657023,0.061599,3.7111,-0.2325,-0.169192,21.746010,0.665338,0.065404,3.6990,21.863623,0.657079,0.060935,3.6598,-0.0223,0.011863,0.360314,0.5346,21.863623,0.657079,0.265106,5.0000,0.000000,-0.306066,142.4865,0,1,clay,1.0000,0.500000,0,0,0.000000,0.000000,0.000000,0,nan,0.00,1.000000,0.2753,0.1090,0.528000,-0.5622,0.84,7.08,8.77,6.58,-0.610462,-12.7889,-1.3010,0.008000,0.165497,-1.0934,0.071419,-0.270017,-0.297842,-865.9306716224289,-1984.9529479579576,2946.7759922113783,-675.1428425819636,0.550000,-0.029361,6440.1,6180.5,0.160142,0.080963,2.993538,3.6566,1.0000,,,,,
8.9880,1778833323.621854,713,21.840663,0.691475,0.063366,3.7679,-0.2576,-0.163622,21.790753,0.662494,0.063457,3.7105,21.872558,0.691411,0.062695,3.6814,-0.0410,0.006703,0.370374,0.5280,21.872558,0.691411,0.348778,5.0000,0.000000,-0.339742,145.5500,0,1,clay,1.0000,0.500000,0,0,0.000000,0.000000,0.000000,0,nan,0.00,1.000000,0.2737,0.1100,0.528000,-0.5663,0.78,7.02,8.59,6.66,-0.613306,-12.9004,-1.2895,0.008000,0.146396,-1.4412,0.077068,-0.289851,-0.285846,-1047.8152422236328,-1345.177328441247,2994.610251519689,-572.7640400785618,0.550000,-0.024701,6437.5,6183.1,0.164702,0.067051,0.000000,3.6781,1.0000,,,,,
9.0000,1778833323.633988,714,21.749106,0.636556,0.060521,3.6523,-0.2659,-0.157411,21.835618,0.659542,0.061527,3.7199,21.780483,0.636262,0.059855,3.6763,-0.0568,0.004323,0.373686,0.5280,21.780483,0.636262,0.262333,5.0000,0.000000,-0.352180,145.4874,0,1,clay,1.0000,0.500000,0,0,0.000000,0.000000,0.000000,0,nan,0.00,1.000000,0.2722,0.1110,0.528000,-0.5705,0.75,6.97,8.47,6.70,-0.616258,-13.0110,-1.2801,0.008000,0.180108,-1.2332,0.071777,-0.295069,-0.268423,-823.127754568603,-1942.7740396188378,2968.325783221257,-472.3226118364182,0.550000,-0.020114,6436.6,6184.0,0.166274,0.100338,0.000000,3.6731,1.0000,,,,,
9.0120,1778833323.690656,715,21.757144,0.583932,0.053384,3.6752,-0.2524,-0.156896,21.880577,0.656468,0.059596,3.7215,21.788087,0.583333,0.052724,3.6765,-0.0674,0.002443,0.348752,0.5280,21.788087,0.583333,0.270843,5.0000,0.000000,-0.308147,161.6077,0,1,clay,1.0000,0.500000,0,0,0.000000,0.000000,0.000000,0,nan,0.00,1.000000,0.2707,0.1121,0.528000,-0.5742,0.71,7.24,8.67,8.80,-0.693732,-13.2023,-1.2785,0.008000,0.147032,-1.8770,0.057743,-0.307121,-0.274055,-735.5731446369251,399.8065396298128,2960.09701987845,-404.482463240514,0.550000,-0.017048,6442.9,6177.7,0.155293,0.116624,0.000000,3.6735,1.0000,,,,,
9.0600,1778833323.700375,716,22.093007,0.588011,0.048027,3.8261,-0.3140,-0.140467,22.061772,0.641551,0.050858,3.7724,22.126653,0.587037,0.047439,3.7525,-0.1025,0.017848,0.471073,0.5280,22.126653,0.587037,0.220813,5.0000,0.000000,-0.397192,169.4989,0,1,clay,1.0000,0.500000,0,0,0.000000,0.000000,0.000000,0,nan,0.00,1.000000,0.2638,0.1168,0.528000,-0.5933,0.85,7.15,8.86,6.63,-0.708649,-13.7030,-1.2276,0.044000,0.119677,-0.4357,0.138705,-0.356255,-0.260782,1757.4986910837565,-1059.945860662872,3017.922676386525,4.775977216337424,0.550000,0.001143,6412.0,6208.6,0.209214,0.071526,0.000000,3.7483,1.0000,,,,,
9.0720,1778833323.707585,717,22.023687,0.538789,0.045241,3.7190,-0.1693,-0.128779,22.107325,0.638802,0.049297,3.7834,22.058421,0.537985,0.044704,3.7470,-0.0799,0.028411,0.472976,0.5280,22.058421,0.537985,0.223979,5.0000,0.000000,-0.452451,173.6571,0,1,clay,1.0000,0.500000,0,0,0.000000,0.000000,0.000000,0,nan,0.00,1.000000,0.2624,0.1179,0.528000,-0.5987,1.05,7.07,9.18,6.63,-0.711398,-13.7924,-1.2166,0.008000,0.268997,-1.4090,0.060810,-0.345242,-0.258575,1393.5546178797217,-624.8504003145695,2989.511163300733,-70.02102074345666,0.550000,-0.001702,6411.3,6209.3,0.210460,0.105561,0.000000,3.7426,1.0000,,,,,
9.0840,1778833323.717960,718,22.095970,0.630535,0.053299,3.8804,-0.1913,-0.116454,22.152995,0.636413,0.047903,3.7968,22.130114,0.630167,0.052809,3.7737,-0.0739,0.030259,0.487109,0.5280,22.130114,0.630167,0.280406,5.0000,0.000000,-0.521490,164.9293,0,1,clay,1.0000,0.500000,0,0,0.000000,0.000000,0.000000,0,nan,0.00,1.000000,0.2609,0.1189,0.528000,-0.6050,0.98,7.02,8.98,6.69,-0.788587,-13.9418,-1.2032,0.008000,0.141791,-0.5055,0.073423,-0.325866,-0.251239,1657.4413900210486,-483.0678219369854,2997.0442787144843,-86.61436001696092,0.550000,-0.001758,6407.6,6213.0,0.216881,0.063362,0.000000,3.7693,1.0000,,,,,
9.0960,1778833323.729939,719,22.184075,0.559268,0.054789,3.7678,-0.1795,-0.107713,22.198805,0.634311,0.046643,3.8091,22.217468,0.559101,0.054350,3.7733,-0.0670,0.032997,0.487052,0.5280,22.217468,0.559101,0.236418,5.0000,0.000000,-0.558338,165.8939,0,1,clay,1.0000,0.500000,0,0,0.000000,0.000000,0.000000,0,nan,0.00,1.000000,0.2595,0.1200,0.528000,-0.6117,0.91,6.97,8.79,6.67,-0.790689,-14.0140,-1.1909,0.008000,0.162180,-0.4914,0.050577,-0.301068,-0.236874,1686.3559259032445,-978.0907101446733,2981.7942968698544,-89.65151448298673,0.550000,-0.001654,6407.5,6213.1,0.217087,0.092702,0.000000,3.7690,1.0000,,,,,
9.1080,1778833323.789096,720,22.282499,0.609783,0.051291,3.8426,-0.0618,-0.072402,22.244784,0.632680,0.045572,3.8302,22.315398,0.609917,0.050956,3.7877,-0.0401,0.042439,0.513279,0.5280,22.315398,0.609917,0.228824,5.0000,0.000000,-0.611910,159.0667,0,1,clay,1.0000,0.500000,0,0,0.000000,0.000000,0.000000,0,nan,0.00,1.000000,0.2580,0.1211,0.528000,-0.6190,0.86,7.34,9.05,9.43,-0.792320,-14.0753,-1.1698,0.008000,0.141483,-0.5154,0.069524,-0.258578,-0.220051,1555.2576030136665,-1015.9534331826649,2969.347841720551,-181.6537901863291,0.550000,-0.004499,6400.7,6219.8,0.228772,0.108546,0.000000,3.7832,1.0000,,,,,
9.1560,1778833323.799458,721,22.428032,0.554947,0.046369,3.9148,-0.0609,-0.124686,22.430153,0.624117,0.040017,3.8712,22.464410,0.555717,0.046084,3.8530,0.0304,0.057729,0.559889,0.5280,22.464410,0.555717,0.192144,5.0000,0.000000,-0.681451,148.3631,0,1,clay,1.0000,0.500000,0,0,0.000000,0.000000,0.000000,0,nan,0.00,1.000000,0.2514,0.1267,0.528000,-0.6517,1.06,7.25,9.36,6.77,-0.875883,-14.4139,-1.1288,0.044000,0.275378,-0.3781,0.136316,-0.186571,-0.216644,1838.9116207227512,-1314.9101758915483,3086.957663727275,-552.5034464136263,0.550000,-0.021630,6388.7,6231.9,0.249764,0.063457,0.000000,3.8477,1.0000,,,,,
9.1680,1778833323.806842,722,22.499472,0.716722,0.045397,3.8953,-0.1367,-0.076352,22.476727,0.622611,0.038979,3.8759,22.540654,0.717980,0.045281,3.8629,0.0482,0.085074,0.556911,0.5280,22.540654,0.717980,0.213320,5.0000,0.000000,-0.732312,133.4959,0,1,clay,1.0000,0.500000,0,0,0.000000,0.000000,0.000000,0,nan,0.00,1.000000,0.2500,0.1279,0.528000,-0.6605,1.71,7.16,10.58,6.64,-0.877389,-14.4734,-1.1241,0.008000,0.119284,-0.2193,0.057289,-0.165506,-0.211274,2455.277474519985,-365.92076459019586,3029.6282551101463,-480.1533247518299,0.550000,-0.017090,6389.1,6231.5,0.249108,0.055490,0.000000,3.8569,1.0000,,,,,
9.1800,1778833323.814049,723,22.578600,0.673887,0.037675,3.8742,-0.1398,-0.062979,22.523341,0.621553,0.038172,3.8802,22.618266,0.674830,0.037618,3.8659,0.0405,0.086143,0.548189,0.5280,22.618266,0.674830,0.218514,5.0000,0.000000,-0.697272,146.8853,0,1,clay,1.0000,0.500000,0,0,0.000000,0.000000,0.000000,0,nan,0.00,1.000000,0.2487,0.1292,0.528000,-0.6689,1.56,7.08,10.19,6.60,-0.878447,-14.5196,-1.1198,0.008000,0.190362,-0.5655,0.065940,-0.181899,-0.215757,2849.613222109778,-1090.5976146127864,3018.1398375441154,-380.25228657513725,0.550000,-0.012159,6391.2,6229.3,0.245366,0.059065,0.000000,3.8602,1.0000,,,,,
9.1920,1778833323.825897,724,22.516913,0.645951,0.037521,3.9027,-0.1166,-0.047721,22.570000,0.620982,0.037572,3.8847,22.555082,0.646952,0.037528,3.8738,0.0370,0.088216,0.538529,0.5280,22.555082,0.646952,0.219753,5.0000,0.000000,-0.690221,145.7800,0,1,clay,1.0000,0.500000,0,0,0.000000,0.000000,0.000000,0,nan,0.00,1.000000,0.2473,0.1305,0.528000,-0.6772,1.39,7.03,9.81,6.75,-0.879018,-14.5540,-1.1153,0.008000,0.010074,-1.0494,0.046062,-0.182523,-0.207252,3330.321556997862,1054.9871925554799,3010.4682437025263,-291.15420409126205,0.550000,-0.008030,6393.8,6226.7,0.240817,0.052835,0.000000,3.8685,1.0000,,,,,
9.2040,1778833323.837945,725,22.655983,0.638209,0.038138,3.7771,-0.1344,-0.036049,22.616685,0.620902,0.037174,3.8896,22.692751,0.639273,0.038213,3.8559,0.0313,0.091744,0.531166,0.5280,22.692751,0.639273,0.182688,5.0000,0.000000,-0.669152,140.2391,0,1,clay,1.0000,0.500000,0,0,0.000000,0.000000,0.000000,0,nan,0.00,1.000000,0.2459,0.1318,0.528000,-0.6852,1.26,7.01,9.53,6.92,-0.879098,-14.5768,-1.1104,0.008000,0.086051,-1.1180,0.028779,-0.188410,-0.199371,3129.6755614736785,-313.17188938609127,2993.7618409801826,-171.97863109859426,0.550000,-0.002848,6395.8,6224.8,0.237438,0.078585,0.000000,3.8508,1.0000,,,,,
9.2160,1778833323.890460,726,22.712642,0.562865,0.031948,3.8907,-0.0196,-0.028398,22.663400,0.621215,0.036905,3.8927,22.748574,0.563976,0.032097,3.8632,0.0468,0.096974,0.501878,0.5280,22.748574,0.563976,0.189569,5.0000,0.000000,-0.621583,157.2635,0,1,clay,1.0000,0.500000,0,0,0.000000,0.000000,0.000000,0,nan,0.00,1.000000,0.2445,0.1332,0.528000,-0.6927,1.15,7.32,9.62,9.05,-0.953785,-14.5677,-1.1073,0.008000,0.071634,-1.3322,0.019476,-0.188256,-0.201587,2081.7852463432196,717.2921279704317,2983.499702543191,-170.9167427058972,0.550000,-0.003744,6403.3,6217.3,0.224349,0.049768,0.000000,3.8585,1.0000,,,,,
9.2640,1778833323.900472,727,22.796293,0.639110,0.033270,3.9165,0.0886,0.002281,22.850932,0.624075,0.035978,3.9058,22.834508,0.641869,0.033797,3.8899,0.1379,0.133897,0.300049,0.5280,22.834508,0.641869,0.182969,5.0000,0.000000,-0.447666,122.5775,0,1,clay,1.0000,0.500000,0,0,0.000000,0.000000,0.000000,0,nan,0.00,1.000000,0.2382,0.1393,0.528000,-0.7141,1.26,7.21,9.74,6.63,-0.950925,-14.6208,-1.0942,0.008000,0.074956,-1.0649,-0.022046,-0.146153,-0.192757,3231.4032532683364,-34.107525605262936,2896.498495181609,-383.7802709639414,0.545654,-0.012573,6454.4,6166.1,0.135185,0.036035,0.000000,3.8869,1.0000,,,,,
9.2760,1778833323.910002,728,22.973708,0.660395,0.022244,3.8954,-0.0423,0.018053,22.897780,0.625855,0.036218,3.9075,23.010690,0.662675,0.022812,3.8914,0.1280,0.136708,0.291967,0.5280,23.010690,0.662675,0.177151,5.0000,0.000000,-0.345157,139.3847,0,1,clay,1.0000,0.500000,0,0,0.000000,0.000000,0.000000,0,nan,0.00,1.000000,0.2369,0.1405,0.528000,-0.7183,1.15,7.13,9.44,6.68,-1.023945,-14.5587,-1.0925,0.008000,0.104947,-1.8074,-0.029994,-0.163654,-0.200034,3006.1816736889477,8.829265791127568,2888.578077063822,-205.34697906753337,0.542908,-0.006493,6456.9,6163.6,0.130796,0.037359,0.000000,3.8886,1.0000,,,,,
9.2880,1778833323.921927,729,22.960336,0.529116,0.031881,3.8573,-0.0586,0.031709,22.944639,0.627988,0.036561,3.9100,22.996156,0.531693,0.032500,3.8853,0.1171,0.140784,0.295203,0.5280,22.996156,0.531693,0.165950,5.0000,0.000000,-0.264557,147.3514,0,1,clay,1.0000,0.500000,0,0,0.000000,0.000000,0.000000,0,nan,0.00,1.000000,0.2356,0.1418,0.528000,-0.7215,1.05,7.07,9.18,6.74,-1.021812,-14.5390,-1.0900,0.008000,0.183322,-0.8222,-0.038207,-0.161863,-0.186644,2712.1719338319376,162.84016109147365,2886.1906295981166,5.329061854950595,0.540445,0.000379,6456.4,6164.2,0.131751,0.039350,0.000000,3.8825,1.0000,,,,,
9.3000,1778833323.933913,730,22.941908,0.583260,0.029872,3.8973,-0.0570,0.039742,22.991508,0.630424,0.036973,3.9108,22.976899,0.585745,0.030542,3.8880,0.1085,0.145408,0.285257,0.5280,22.976899,0.585745,0.157597,5.0000,0.000000,-0.227859,127.3377,0,1,clay,1.0000,0.500000,0,0,0.000000,0.000000,0.000000,0,nan,0.00,1.000000,0.2343,0.1430,0.528000,-0.7242,0.97,7.04,8.98,6.82,-1.019376,-14.5154,-1.0892,0.008000,0.095936,-0.9441,-0.042283,-0.166298,-0.176796,3288.529691755716,56.184550229379624,2879.622080682818,193.0021990380087,0.537716,0.006529,6459.1,6161.4,0.127005,0.028320,0.000000,3.8854,1.0000,,,,,
9.3120,1778833323.988739,731,22.936825,0.660580,0.043785,3.9803,-0.0126,0.042121,23.038341,0.633223,0.037519,3.9022,22.971280,0.663613,0.044500,3.9063,0.1091,0.149809,0.283152,0.5280,22.971280,0.663613,0.194817,5.0000,0.000000,-0.255950,123.0608,0,1,clay,1.0000,0.500000,0,0,0.000000,0.000000,0.000000,0,nan,0.00,1.000000,0.2330,0.1442,0.528000,-0.7273,0.91,7.33,9.14,8.96,-1.016577,-14.4841,-1.0978,0.008000,0.141196,-0.2064,-0.005254,-0.158143,-0.168120,2621.565780464557,-1058.4933884224276,2879.4132188792837,278.84723957351594,0.533097,0.009434,6459.7,6160.8,0.125912,0.016503,0.000000,3.9037,1.0000,,,,,
9.3600,1778833323.998596,732,23.211754,0.606816,0.036043,3.8620,0.0281,0.069947,23.225323,0.647726,0.040755,3.9046,23.248195,0.610511,0.037103,3.8853,0.1400,0.181375,0.210917,0.5280,23.248195,0.610511,0.169756,5.0000,0.000000,-0.189826,119.7721,0,1,clay,1.0000,0.500000,0,0,0.000000,0.000000,0.000000,0,nan,0.00,1.000000,0.2270,0.1491,0.528000,-0.7364,1.04,7.22,9.30,6.62,-1.076574,-14.2012,-1.0954,0.044000,0.078037,-0.3295,-0.030078,-0.143719,-0.142719,2538.202368032392,357.4961849802503,2807.884633321935,515.1861645113888,0.513020,0.016373,6477.9,6142.6,0.094191,0.025012,0.000000,3.8833,1.0000,,,,,
9.3720,1778833324.005790,733,23.346327,0.565393,0.036194,3.8993,0.0449,0.078700,23.272016,0.651979,0.041689,3.9005,23.381666,0.569107,0.037266,3.8882,0.1435,0.183660,0.196481,0.5280,23.381666,0.569107,0.150335,5.0000,0.000000,-0.100923,125.0446,0,1,clay,1.0000,0.500000,0,0,0.000000,0.000000,0.000000,0,nan,0.00,1.000000,0.2257,0.1501,0.528000,-0.7376,0.95,7.13,9.03,6.65,-1.072321,-14.1477,-1.0995,0.008000,0.175974,-0.6298,-0.033502,-0.209870,-0.173383,3081.7444309638095,1185.9357878519038,2796.8156593444137,557.6939281845165,0.507451,0.017655,6481.8,6138.8,0.087518,0.008543,0.000000,3.8864,1.0000,,,,,
9.3840,1778833324.017952,734,23.332349,0.662780,0.034053,3.8761,0.0869,0.088484,23.318630,0.656627,0.042737,3.8963,23.366809,0.666522,0.035150,3.8861,0.1535,0.187153,0.184747,0.5280,23.366809,0.666522,0.165611,5.0000,0.000000,-0.065404,128.4407,0,1,clay,1.0000,0.500000,0,0,0.000000,0.000000,0.000000,0,nan,0.00,1.000000,0.2245,0.1511,0.528000,-0.7384,0.88,7.08,8.85,6.80,-1.067673,-14.0876,-1.1037,0.008000,0.079985,-0.1393,-0.036147,-0.177235,-0.162058,2669.0440463846467,606.7576468733791,2783.5072827268737,554.8618633759919,0.500070,0.017448,6484.9,6135.6,0.081969,0.009760,0.000000,3.8844,1.0000,,,,,
9.3960,1778833324.029969,735,23.352957,0.565517,0.039723,3.8913,0.1446,0.092636,23.365181,0.661569,0.043857,3.8917,23.386744,0.569637,0.040848,3.8873,0.1715,0.190850,0.174671,0.5280,23.386744,0.569637,0.153841,5.0000,0.000000,-0.018470,120.2580,0,1,clay,1.0000,0.500000,0,0,0.000000,0.000000,0.000000,0,nan,0.00,1.000000,0.2232,0.1520,0.528000,-0.7386,0.82,7.02,8.66,6.65,-1.062731,-14.0235,-1.1083,0.008000,0.033113,-0.3928,-0.029025,-0.148050,-0.153748,2773.7309155102193,1764.0005742821222,2766.6831415923443,476.5002526562755,0.490941,0.014749,6487.6,6133.0,0.077376,0.003170,0.000000,3.8858,1.0000,,,,,
9.4080,1778833324.087060,736,23.403084,0.530588,0.043404,3.8389,0.0796,0.099041,23.411693,0.666792,0.045025,3.8919,23.436226,0.534877,0.044557,3.8782,0.1750,0.194597,0.170266,0.5280,23.436226,0.534877,0.161844,5.0000,0.000000,0.002176,113.7284,0,1,clay,1.0000,0.500000,0,0,0.000000,0.000000,0.000000,0,nan,0.00,1.000000,0.2220,0.1529,0.528000,-0.7386,0.78,7.29,8.85,8.80,-1.131408,-13.8265,-1.1081,0.008000,0.108000,-0.0962,-0.039790,-0.137272,-0.146251,2483.5273496122472,1739.7121639787147,2757.315794795822,526.5362092776454,0.486203,0.016397,6488.8,6131.8,0.075249,0.027757,0.000000,3.8767,1.0000,,,,,
9.4560,1778833324.096792,737,23.540679,0.736543,0.043540,3.9280,0.1851,0.119002,23.596873,0.691168,0.050828,3.8715,23.576056,0.742066,0.044997,3.9037,0.2373,0.220611,0.202082,0.5280,23.576056,0.742066,0.172714,5.0000,0.000000,-0.047856,107.3164,0,1,clay,1.0000,0.500000,0,0,0.000000,0.000000,0.000000,0,nan,0.00,1.000000,0.2163,0.1564,0.528000,-0.7409,0.92,7.21,9.05,6.80,-1.107032,-13.4940,-1.1285,0.044000,0.181891,-0.9134,-0.032760,-0.075252,-0.124412,2459.416080921458,1217.8891228958253,2783.709890603995,347.41646836573796,0.459877,0.010611,6480.8,6139.8,0.089218,-0.017424,0.000000,3.9018,1.0000,,,,,
9.4680,1778833324.104196,738,23.652504,0.766397,0.054202,3.8832,0.2185,0.122781,23.643006,0.697776,0.052296,3.8656,23.689712,0.772955,0.055820,3.9000,0.2599,0.230985,0.187121,0.5280,23.689712,0.772955,0.183140,5.0000,0.000000,-0.051330,97.5471,0,1,clay,1.0000,0.500000,0,0,0.000000,0.000000,0.000000,0,nan,0.00,1.000000,0.2151,0.1571,0.528000,-0.7415,1.20,7.14,9.54,6.70,-1.173724,-13.2689,-1.1344,0.008000,0.100193,-0.0595,-0.008189,-0.088249,-0.142083,2473.7746435519257,1189.727885225639,2765.206397410323,271.5573102875976,0.452509,0.008134,6484.5,6136.1,0.082824,-0.007492,0.000000,3.8982,1.0000,,,,,
9.4800,1778833324.113961,739,23.713672,0.683137,0.045101,3.8519,0.1774,0.122192,23.689052,0.704587,0.053772,3.8601,23.749768,0.689252,0.046691,3.8910,0.2632,0.230989,0.189990,0.5280,23.749768,0.689252,0.158012,5.0000,0.000000,-0.066423,88.8641,0,1,clay,1.0000,0.500000,0,0,0.000000,0.000000,0.000000,0,nan,0.00,1.000000,0.2139,0.1578,0.528000,-0.7423,1.10,7.06,9.27,6.65,-1.166913,-13.1843,-1.1399,0.008000,0.078682,-0.6034,-0.018612,-0.081770,-0.141097,2315.1160275504644,393.0995683471623,2755.5288597645135,270.79304248920937,0.448517,0.008139,6483.7,6136.8,0.084099,-0.002131,0.000000,3.8892,1.0000,,,,,
9.4920,1778833324.125845,740,23.793111,0.742222,0.054896,3.8049,0.2096,0.122601,23.735011,0.711557,0.055252,3.8539,23.827938,0.748602,0.056453,3.8745,0.2706,0.230448,0.172775,0.5280,23.827938,0.748602,0.191335,5.0000,0.000000,-0.043065,104.2893,0,1,clay,1.0000,0.500000,0,0,0.000000,0.000000,0.000000,0,nan,0.00,1.000000,0.2127,0.1584,0.528000,-0.7428,1.00,7.01,9.01,6.70,-1.159943,-13.0995,-1.1461,0.008000,0.042607,0.0591,-0.031624,-0.077791,-0.142280,2184.6363239808115,1214.3703152653318,2727.0616389119955,219.94907821728825,0.443462,0.006589,6488.1,6132.5,0.076553,0.007974,0.000000,3.8729,1.0000,,,,,
9.5040,1778833324.185386,741,23.845705,0.728733,0.053427,3.8613,0.1464,0.130551,23.780850,0.718860,0.056852,3.8460,23.879724,0.734924,0.054971,3.8720,0.2663,0.231390,0.154250,0.5280,23.879724,0.734924,0.165614,5.0000,0.000000,-0.034670,92.0116,0,1,clay,1.0000,0.500000,0,0,0.000000,0.000000,0.000000,0,nan,0.00,1.000000,0.2115,0.1591,0.528000,-0.7432,0.93,7.27,9.12,8.73,-1.152640,-13.0078,-1.1539,0.008000,0.119932,-0.3727,-0.034084,-0.094740,-0.145467,2400.959408517774,862.2592871976253,2723.154913046982,303.65004953264616,0.442113,0.009151,6492.8,6127.8,0.068275,-0.007010,0.000000,3.8707,1.0000,,,,,
9.5520,1778833324.195033,742,23.867505,0.708982,0.067025,3.8318,0.0967,0.136752,23.963252,0.750198,0.063670,3.8237,23.902851,0.715905,0.068764,3.8526,0.2459,0.245031,0.100072,0.5280,23.902851,0.715905,0.181400,4.9999,0.000000,0.020205,89.3257,0,1,clay,1.0000,0.500000,0,0,0.000000,0.000000,0.000000,0,nan,0.00,1.000000,0.2061,0.1614,0.528000,-0.7422,1.00,7.19,9.20,6.77,-1.193802,-12.4247,-1.1762,0.044000,0.117637,0.1724,-0.043531,-0.127521,-0.137611,1347.712912490982,938.172385837686,2672.9551511727236,709.6709612433799,0.444060,0.022117,6506.5,6114.0,0.044328,-0.002014,0.000000,3.8517,1.0000,,,,,
9.5640,1778833324.202381,743,24.002409,0.754017,0.060184,3.8690,0.1750,0.133655,24.008678,0.758247,0.065303,3.8192,24.042042,0.761803,0.062217,3.8560,0.2667,0.258789,0.092022,0.5280,24.042042,0.761803,0.174534,5.0000,0.000000,0.054830,92.6453,0,1,clay,1.0000,0.500000,0,0,0.000000,0.000000,0.000000,0,nan,0.00,1.000000,0.2049,0.1619,0.528000,-0.7416,1.60,7.13,10.32,6.74,-1.185753,-12.3311,-1.1808,0.008000,0.075239,-0.3939,-0.068850,-0.176055,-0.167063,1906.8931331535136,95.028363198649,2657.873621202849,665.2726515418286,0.440953,0.020505,6508.7,6111.9,0.040538,-0.008137,0.000000,3.8550,1.0000,,,,,
9.5760,1778833324.209699,744,24.013122,0.705235,0.060442,3.8586,0.2186,0.140701,24.054025,0.766527,0.067007,3.8141,24.051046,0.712811,0.062386,3.8565,0.2752,0.256109,0.078838,0.5280,24.051046,0.712811,0.179127,5.0000,0.000000,0.087307,100.4858,0,1,clay,1.0000,0.500000,0,0,0.000000,0.000000,0.000000,0,nan,0.00,1.000000,0.2038,0.1623,0.528000,-0.7405,1.41,7.05,9.86,6.64,-1.177473,-12.2335,-1.1859,0.008000,0.164556,-1.0586,-0.063021,-0.181199,-0.180636,1706.7625393783783,882.4838134243007,2647.4149464204297,581.6249592377383,0.435675,0.017632,6512.1,6108.4,0.034569,-0.007968,0.000000,3.8557,1.0000,,,,,
9.5880,1778833324.221884,745,24.123367,0.887291,0.064501,3.7830,0.2124,0.147857,24.099295,0.775003,0.068760,3.8101,24.159777,0.894836,0.066385,3.8423,0.2811,0.254860,0.069892,0.5280,24.159777,0.894836,0.195913,5.0000,0.000000,0.097436,96.9615,0,1,clay,1.0000,0.500000,0,0,0.000000,0.000000,0.000000,0,nan,0.00,1.000000,0.2027,0.1627,0.528000,-0.7394,1.27,7.01,9.54,6.77,-1.168997,-12.1330,-1.1899,0.008000,0.117545,-0.3030,-0.068382,-0.171666,-0.180199,1651.7376598867315,535.055048224703,2630.749177691305,539.6439499541239,0.430798,0.016301,6514.5,6106.1,0.030490,0.012431,0.000000,3.8416,1.0000,,,,,
9.6000,1778833324.233861,746,24.116014,0.716652,0.073694,3.7912,0.2461,0.146197,24.144496,0.783627,0.070518,3.8059,24.151214,0.724430,0.075531,3.8324,0.2916,0.253800,0.060591,0.5280,24.151214,0.724430,0.193630,5.0000,0.000000,0.118339,101.2014,0,1,clay,1.0000,0.500000,0,0,0.000000,0.000000,0.000000,0,nan,0.00,1.000000,0.2015,0.1631,0.528000,-0.7380,1.15,7.03,9.33,7.13,-1.231873,-11.8015,-1.1941,0.008000,0.151358,-0.3325,-0.059894,-0.160246,-0.179032,1738.0019918149524,777.3071073855398,2604.375880945945,443.66074392685414,0.425334,0.013372,6516.8,6103.7,0.026353,0.012158,0.000000,3.8319,1.0000,,,,,
9.6120,1778833324.287876,747,24.212816,0.754117,0.073184,3.8214,0.2731,0.169818,24.189592,0.792748,0.072528,3.8006,24.247381,0.761958,0.075034,3.8303,0.3053,0.257160,0.049846,0.5280,24.247381,0.761958,0.192277,5.0000,0.000000,0.142908,98.6132,0,1,clay,1.0000,0.500000,0,0,0.000000,0.000000,0.000000,0,nan,0.00,1.000000,0.2004,0.1634,0.528000,-0.7362,1.06,7.32,9.44,8.98,-1.222752,-11.6864,-1.1994,0.008000,0.082799,-0.2822,-0.057619,-0.139193,-0.170335,1568.6874368158142,1350.1379803712102,2633.0782810433457,396.2200942406629,0.417843,0.011655,6519.6,6100.9,0.021531,-0.002880,0.000000,3.8298,1.0000,,,,,
9.6600,1778833324.297764,748,24.296157,0.744022,0.085709,3.8301,0.1851,0.122755,24.369707,0.828610,0.079636,3.7959,24.332369,0.752604,0.087602,3.8302,0.3052,0.255241,0.027586,0.5280,24.332369,0.752604,0.206950,4.9995,0.000000,0.175930,100.1376,0,1,clay,1.0000,0.500000,0,0,0.000000,0.000000,0.000000,0,nan,0.00,1.000000,0.1952,0.1643,0.528000,-0.7278,1.15,7.22,9.51,6.63,-1.186890,-11.2791,-1.2036,0.008000,0.063191,-0.4330,-0.032629,-0.135760,-0.173757,-842.9513585661794,1427.6710881846795,2518.284811588088,300.4040643053007,0.423275,0.009102,6525.3,6095.2,0.011574,0.000965,0.000000,3.8300,1.0000,,,,,
9.6720,1778833324.305744,749,24.408510,0.841501,0.085402,3.8779,0.2079,0.122185,24.414677,0.837080,0.081103,3.7928,24.443543,0.849731,0.087194,3.8393,0.3044,0.250168,0.011308,0.5280,24.443543,0.849731,0.200555,4.9994,0.000000,0.193161,91.5147,0,1,clay,1.0000,0.500000,0,0,0.000000,0.000000,0.000000,0,nan,0.00,1.000000,0.1941,0.1644,0.528000,-0.7255,1.03,7.13,9.19,6.66,-1.248720,-10.9121,-1.2066,0.008000,0.019098,-0.1543,-0.025944,-0.152063,-0.183521,-211.68886845068903,618.2708032678242,2499.011725771316,240.61289117567603,0.423529,0.007371,6529.5,6091.1,0.004273,-0.008945,0.000000,3.8392,1.0000,,,,,
9.6840,1778833324.317921,750,24.459472,0.823118,0.094485,3.7772,0.1176,0.118302,24.459632,0.845497,0.082509,3.7902,24.493442,0.831246,0.096198,3.8273,0.2888,0.245492,0.009412,0.5280,24.493442,0.831246,0.212131,4.9999,0.000000,0.205833,94.6984,0,1,clay,1.0000,0.500000,0,0,0.000000,0.000000,0.000000,0,nan,0.00,1.000000,0.1931,0.1645,0.528000,-0.7230,0.95,7.06,8.97,6.65,-1.240303,-10.8316,-1.2097,0.008000,0.032668,0.3717,-0.037153,-0.171992,-0.188515,-193.37050311139512,1124.8562757001455,2485.4845627172317,346.7200917480862,0.428035,0.010242,6530.0,6090.5,0.003385,0.016757,0.000000,3.8272,1.0000,,,,,
9.6960,1778833324.329873,751,24.455172,0.788446,0.075770,3.8508,0.2302,0.113830,24.504573,0.853831,0.083839,3.7894,24.488504,0.795775,0.077409,3.8319,0.2950,0.241047,0.012499,0.5280,24.488504,0.795775,0.197235,4.9998,0.000000,0.211680,99.9421,0,1,clay,1.0000,0.500000,0,0,0.000000,0.000000,0.000000,0,nan,0.00,1.000000,0.1920,0.1646,0.528000,-0.7205,0.88,7.02,8.78,6.77,-1.231969,-10.7554,-1.2104,0.008000,0.217287,-0.9225,-0.017521,-0.165174,-0.192730,-295.73900267990774,1374.0757369773783,2487.975229758744,205.21803763559458,0.426769,0.006448,6529.3,6091.3,0.004717,-0.002866,0.000000,3.8318,1.0000,,,,,
9.7080,1778833324.384797,752,24.479208,0.870675,0.083622,3.7607,0.3159,0.095800,24.549525,0.862019,0.085057,3.7927,24.511770,0.878229,0.085180,3.8183,0.3146,0.234924,0.030988,0.5280,24.511770,0.878229,0.198364,5.0000,-0.000000,0.195112,91.4044,0,1,clay,1.0000,0.500000,0,0,0.000000,0.000000,0.000000,0,nan,0.00,1.000000,0.1909,0.1647,0.528000,-0.7181,0.82,7.31,8.95,8.94,-1.223781,-10.6856,-1.2073,0.008000,0.068701,-0.9906,-0.020474,-0.147026,-0.200986,-402.830444125018,-324.1204845268217,2482.6707891672213,-143.81536137233832,0.422428,-0.002498,6524.6,6096.0,0.012872,0.026199,0.000000,3.8180,1.0000,,,,,
9.7560,1778833324.394659,753,24.732593,0.785026,0.088081,3.8019,0.1477,0.094111,24.729773,0.892958,0.088918,3.7937,24.767074,0.792831,0.089665,3.8098,0.2924,0.231407,-0.037251,0.5280,24.767074,0.792831,0.193289,4.9988,0.000000,0.249897,92.8547,0,1,clay,1.0000,0.500000,0,0,0.000000,0.000000,0.000000,0,nan,0.00,1.000000,0.1860,0.1643,0.528000,-0.7061,0.95,7.20,9.09,6.61,-1.261742,-10.1699,-1.2051,0.044000,0.132710,-0.7259,-0.025127,-0.190185,-0.217899,1468.4577014887284,-439.9939018828712,2378.8238494816533,-29.1081369474894,0.435822,0.000407,6541.9,6078.7,-0.017240,0.012248,-0.000000,3.8101,1.0000,,,,,
9.7680,1778833324.401866,754,24.695904,0.964560,0.089717,3.8229,0.1827,0.128900,24.774687,0.901599,0.090414,3.7918,24.729493,0.972237,0.091279,3.8122,0.2899,0.231786,-0.040689,0.5280,24.729493,0.972237,0.201171,5.0000,0.000000,0.264464,87.8524,0,1,clay,1.0000,0.500000,0,0,0.000000,0.000000,0.000000,0,nan,0.00,1.000000,0.1850,0.1642,0.528000,-0.7030,0.88,7.12,8.87,6.64,-1.253101,-10.0842,-1.2082,0.008000,0.108187,-1.3412,-0.020357,-0.188993,-0.212785,2166.1898759138458,7.026520543865672,2416.9955272977218,53.461498636038684,0.434077,0.002234,6542.8,6077.7,-0.018954,0.002001,0.000000,3.8126,1.0000,,,,,
9.7800,1778833324.413936,755,24.709273,0.874879,0.081547,3.7594,0.1224,0.135070,24.819527,0.910543,0.092020,3.7880,24.742101,0.882044,0.083097,3.8019,0.2776,0.232780,-0.045894,0.5280,24.742101,0.882044,0.201857,5.0000,0.000000,0.284024,99.0468,0,1,clay,1.0000,0.500000,0,0,0.000000,0.000000,0.000000,0,nan,0.00,1.000000,0.1839,0.1641,0.528000,-0.6995,0.82,7.05,8.69,6.68,-1.244157,-9.9922,-1.2120,0.008000,0.136086,-1.7569,-0.038140,-0.197930,-0.205980,2486.0647497054388,650.8245550950365,2409.661722678966,253.09953414343397,0.434911,0.007325,6544.2,6076.4,-0.021287,0.017030,0.000000,3.8023,1.0000,,,,,
9.7920,1778833324.425934,756,24.968891,0.911524,0.095784,3.8241,0.2204,0.144753,24.864290,0.919840,0.093740,3.7855,25.001048,0.919145,0.097340,3.8061,0.2842,0.235287,-0.053430,0.5280,25.001048,0.919145,0.196028,4.9526,-1.000000,0.297797,84.7400,0,1,clay,1.0000,0.500000,0,0,0.000000,0.000000,0.000000,0,nan,0.00,0.977273,0.1829,0.1639,0.516000,-0.6960,0.78,6.99,8.55,6.68,-1.234860,-9.8936,-1.1671,0.008000,0.103515,-1.4303,-0.021699,-0.175005,-0.194443,2532.9979076542622,291.1095505165779,2413.4132541981685,256.73665587391247,0.430178,0.007274,6546.1,6074.5,-0.024670,-0.003515,0.000000,3.8065,1.0000,,,,,
9.8040,1778833324.482739,757,24.866103,0.910689,0.099970,3.7243,0.2067,0.148828,24.908961,0.929463,0.095579,3.7793,24.897660,0.918369,0.101520,3.7901,0.2832,0.233467,-0.057480,0.5075,24.897660,0.918369,0.219919,4.9804,-0.876574,0.311049,95.8037,0,1,clay,1.0000,0.500000,0,0,0.000000,0.000000,0.000000,0,nan,0.00,0.957351,0.1819,0.1637,0.505481,-0.6922,0.75,7.28,8.77,8.88,-1.292737,-9.4598,-1.2011,0.008000,0.017381,-0.0885,-0.042506,-0.171736,-0.188827,1844.797613657708,386.92858652857393,2370.9411509713136,295.72585108044416,0.414219,0.008322,6547.2,6073.4,-0.026495,0.036667,-1.000000,3.7906,1.0000,,,,,
9.8520,1778833324.492530,758,25.106363,0.931205,0.100793,3.7387,0.3093,0.158260,25.086885,0.970978,0.103969,3.7750,25.139848,0.940190,0.102595,3.7647,0.3389,0.248728,-0.050422,0.4975,25.139848,0.940190,0.203070,4.8974,-0.710721,0.310706,85.2503,0,1,clay,1.0000,0.500000,0,0,0.000000,0.000000,0.000000,0,nan,0.00,0.892740,0.1772,0.1623,0.471366,-0.6773,0.91,7.19,9.00,6.66,-1.251222,-8.9792,-1.1225,0.044000,0.224895,-0.4515,-0.056171,-0.121157,-0.179973,-704.5872376163561,-258.6078433854535,2336.7282997924103,-59.26950689735054,0.380648,-0.000771,6545.4,6075.1,-0.023512,0.014234,-0.219143,3.7652,1.0000,,,,,
9.8640,1778833324.499792,759,25.182319,0.990444,0.100500,3.7964,0.1644,0.154745,25.131344,0.981124,0.105805,3.7720,25.217208,0.999601,0.102363,3.7707,0.3197,0.244339,-0.050324,0.4646,25.217208,0.999601,0.221278,4.8623,-1.000000,0.312633,92.9649,0,1,clay,1.0000,0.500000,0,0,0.000000,0.000000,0.000000,0,nan,0.00,0.870012,0.1762,0.1620,0.459366,-0.6736,1.13,7.10,9.37,6.62,-1.306876,-8.4947,-1.0903,0.008000,0.105967,-0.7050,-0.034832,-0.120377,-0.166056,830.9256082424249,633.7843912926667,2352.665493790456,144.67918969894606,0.349845,0.004516,6545.5,6075.1,-0.023516,-0.000255,-2.842886,3.7712,1.0000,,,,,
9.8760,1778833324.510013,760,25.210588,1.000008,0.105077,3.7184,0.2647,0.152507,25.175726,0.991316,0.107647,3.7660,25.244314,1.009039,0.106866,3.7605,0.3195,0.239067,-0.054393,0.4502,25.244314,1.009039,0.225580,4.8500,1.000000,0.314987,90.9836,0,1,clay,1.0000,0.500000,0,0,0.000000,0.000000,0.000000,0,nan,0.00,0.892740,0.1752,0.1616,0.471366,-0.6698,1.04,7.03,9.11,6.66,-1.296684,-8.3891,-1.0840,0.008000,0.129346,-0.5375,-0.047159,-0.109979,-0.160457,899.1349989084038,308.97127135789594,2263.3760825092913,102.4195991032006,0.335133,0.003444,6546.5,6074.1,-0.025283,0.021098,-1.000000,3.7610,1.0000,,,,,
9.8880,1778833324.521885,761,25.216286,1.025816,0.105584,3.6853,0.2111,0.158016,25.220023,1.001656,0.109516,3.7609,25.249021,1.034638,0.107359,3.7458,0.3185,0.244506,-0.060620,0.4803,25.249021,1.034638,0.224343,4.8479,1.000000,0.317990,85.1305,0,1,clay,1.0000,0.500000,0,0,0.000000,0.000000,0.000000,0,nan,0.00,0.915467,0.1743,0.1612,0.483366,-0.6660,0.95,6.99,8.89,6.74,-1.286344,-8.2820,-1.0869,0.008000,0.110636,-0.0453,-0.050952,-0.105979,-0.153394,1312.60565359744,1837.5429112380025,2320.8757841271286,194.9242271906329,0.347002,0.005836,6548.0,6072.5,-0.028009,0.027849,1.000000,3.7464,1.0000,,,,,
9.9000,1778833324.581647,762,25.278651,1.121554,0.112238,3.7656,0.2615,0.158536,25.264227,1.012139,0.111395,3.7553,25.310737,1.130517,0.114002,3.7495,0.3250,0.247760,-0.071119,0.4921,25.310737,1.130517,0.223435,4.8206,1.000000,0.314571,80.7739,0,1,clay,1.0000,0.500000,0,0,0.000000,0.000000,0.000000,0,nan,0.00,0.938194,0.1733,0.1608,0.495366,-0.6622,0.89,7.34,9.12,9.32,-1.275861,-8.1744,-1.0653,0.008000,0.137759,-0.4945,-0.050636,-0.104888,-0.151578,1324.2286581903595,649.5338343293598,2328.7302492494928,177.17619941955144,0.356799,0.005186,6550.7,6069.9,-0.032633,0.005412,1.000000,3.7501,1.0000,,,,,
9.9480,1778833324.591944,763,25.376321,1.136271,0.119474,3.7810,0.2241,0.164716,25.440374,1.055420,0.119054,3.7427,25.410809,1.146317,0.121474,3.7641,0.3285,0.262841,-0.111060,0.5048,25.410809,1.146317,0.230822,4.7777,-0.252877,0.349878,80.1691,0,1,clay,1.0000,0.500000,0,0,0.000000,0.000000,0.000000,0,nan,0.00,0.915205,0.1688,0.1586,0.483228,-0.6454,1.04,7.25,9.33,6.76,-1.296580,-7.3304,-1.0350,0.044000,0.157128,-0.3090,-0.019166,-0.113418,-0.149061,1558.814117622474,1334.1321109994417,2313.130334263684,397.2849870505755,0.368115,0.010106,6560.8,6059.7,-0.050345,-0.001267,0.250000,3.7652,1.0000,,,,,
9.9600,1778833324.599322,764,25.529104,1.028081,0.115357,3.7361,0.2534,0.168038,25.484224,1.066616,0.121069,3.7381,25.568531,1.039603,0.117711,3.7583,0.3392,0.271012,-0.111576,0.4805,25.568531,1.039603,0.217993,4.7101,1.000000,0.377913,79.8835,0,1,clay,1.0000,0.500000,0,0,0.000000,0.000000,0.000000,0,nan,0.00,0.937933,0.1679,0.1580,0.495228,-0.6409,1.76,7.16,10.68,6.66,-1.285384,-7.2150,-0.9720,0.008000,0.032399,-0.6939,-0.000125,-0.146849,-0.161358,1293.0800326187127,125.18819435732644,2225.282907817858,389.2758432575933,0.353793,0.009899,6561.2,6059.4,-0.050929,0.012863,-1.011507,3.7596,1.0000,,,,,
9.9720,1778833324.606553,765,25.595804,1.098350,0.123885,3.8468,0.0886,0.169423,25.527997,1.077957,0.123097,3.7336,25.634349,1.109726,0.126213,3.7752,0.3186,0.276152,-0.115610,0.5057,25.634349,1.109726,0.242744,4.6812,0.836839,0.393039,83.3704,0,1,clay,1.0000,0.500000,0,0,0.000000,0.000000,0.000000,0,nan,0.00,0.956952,0.1670,0.1575,0.505270,-0.6362,1.67,7.08,10.42,6.63,-1.274043,-7.0988,-0.9476,0.008000,0.014567,-0.1668,0.010727,-0.166202,-0.162227,1539.1175805639466,614.8236012249953,2316.6980467536696,701.8499317212807,0.372965,0.018242,6562.2,6058.3,-0.052799,-0.018775,1.000000,3.7764,1.0000,,,,,
9.9840,1778833324.617870,766,25.614700,1.104152,0.125640,3.7023,0.1636,0.172640,25.571673,1.089490,0.125184,3.7293,25.651509,1.115037,0.127882,3.7609,0.3097,0.276185,-0.116339,0.5137,25.651509,1.115037,0.244617,4.6737,-1.000000,0.404193,84.5666,0,1,clay,1.0000,0.500000,0,0,0.000000,0.000000,0.000000,0,nan,0.00,0.934224,0.1660,0.1569,0.493270,-0.6313,1.49,7.04,10.03,6.79,-1.262510,-6.9792,-0.9444,0.008000,0.015101,-0.2941,0.007028,-0.175598,-0.161798,1474.399033318047,859.9854931626766,2339.483097356904,805.1527339198315,0.383833,0.021527,6562.4,6058.1,-0.053116,0.020422,0.836839,3.7621,1.0000,,,,,
9.9960,1778833324.629883,767,25.730262,1.074748,0.127961,3.6899,0.2492,0.174476,25.615267,1.101182,0.127295,3.7248,25.765664,1.085326,0.130099,3.7470,0.3086,0.267858,-0.117190,0.4835,25.765664,1.085326,0.230063,4.6228,0.132547,0.414189,80.2907,0,1,clay,1.0000,0.500000,0,0,0.000000,0.000000,0.000000,0,nan,0.00,0.937237,0.1651,0.1563,0.494861,-0.6263,1.35,7.03,9.72,6.96,-1.250818,-6.8582,-0.8981,0.008000,0.135630,-0.2205,0.008377,-0.187237,-0.182527,1537.0415311812703,1413.4809208201164,2238.595382467183,748.8075941718259,0.367925,0.019954,6562.6,6057.9,-0.053481,0.021524,-1.000000,3.7481,1.0000,,,,,
10.0080,1778833324.681919,768,25.617059,1.108137,0.134616,3.7643,0.2941,0.166721,25.658824,1.112784,0.129305,3.7242,25.651470,1.118805,0.136695,3.7502,0.3224,0.268012,-0.112164,0.4961,25.651470,1.118805,0.252867,4.6737,-1.000000,0.412383,84.4032,0,1,clay,1.0000,0.500000,0,0,0.000000,0.000000,0.000000,0,nan,0.00,0.914510,0.1642,0.1557,0.482861,-0.6214,1.22,7.33,9.77,9.02,-1.301216,-6.2904,-0.9494,0.008000,0.148609,-0.2385,0.008919,-0.168910,-0.172574,357.9614180514425,-1365.044749868407,2258.787644674882,594.9324620507593,0.365184,0.015608,6561.4,6059.2,-0.051257,0.004415,0.132547,3.7513,1.0000,,,,,
10.0560,1778833324.691822,769,25.818843,1.009275,0.140818,3.7250,0.2896,0.183322,25.832344,1.160836,0.137841,3.7083,25.854714,1.021083,0.143072,3.7373,0.3484,0.273127,-0.113118,0.4729,25.854714,1.021083,0.231212,4.5829,-0.185785,0.421481,76.1680,0,1,clay,1.0000,0.500000,0,0,0.000000,0.000000,0.000000,0,nan,0.00,0.897620,0.1599,0.1525,0.473943,-0.6012,1.31,7.22,9.84,6.61,-1.253164,-5.8013,-0.8746,0.008000,0.260511,-0.3976,-0.014639,-0.126880,-0.145435,1918.5744142775181,1826.4422255545128,2209.922557936611,434.30333488382576,0.340856,0.011096,6561.6,6058.9,-0.051757,0.011587,-0.250000,3.7384,1.0000,,,,,
10.0680,1778833324.701913,770,25.909963,1.169377,0.133418,3.6803,0.1748,0.175554,25.875511,1.173278,0.139949,3.7049,25.944553,1.180286,0.135566,3.7261,0.3305,0.268595,-0.106130,0.4722,25.944553,1.180286,0.252983,4.5425,0.822621,0.412612,86.0718,0,1,clay,1.0000,0.500000,0,0,0.000000,0.000000,0.000000,0,nan,0.00,0.916316,0.1591,0.1517,0.483815,-0.5962,1.19,7.15,9.53,6.79,-1.300522,-5.1753,-0.8376,0.008000,0.024934,-0.6528,-0.020021,-0.153808,-0.152989,1889.177447493742,2208.8655630628386,2195.2273300970946,578.7545746681435,0.335587,0.015475,6559.9,6060.7,-0.048645,0.022208,-0.743138,3.7272,1.0000,,,,,
10.0800,1778833324.713973,771,25.888388,1.183097,0.136746,3.6483,0.2994,0.174391,25.918625,1.185805,0.142032,3.7024,25.921857,1.193917,0.138843,3.7109,0.3418,0.270521,-0.102482,0.4915,25.921857,1.193917,0.254877,4.5527,-1.000000,0.405483,85.8586,0,1,clay,1.0000,0.500000,0,0,0.000000,0.000000,0.000000,0,nan,0.00,0.893589,0.1582,0.1510,0.471815,-0.5913,1.09,7.09,9.27,6.70,-1.287995,-5.0560,-0.8503,0.008000,0.121796,-0.9788,-0.051741,-0.127415,-0.140919,1719.1891708862672,148.53217850686042,2273.6260179581586,462.27032927418617,0.341919,0.012457,6558.9,6061.7,-0.046950,0.030748,0.822621,3.7119,1.0000,,,,,
10.0920,1778833324.725957,772,25.980074,1.187979,0.137909,3.7610,0.2831,0.180174,25.961677,1.198524,0.144183,3.7003,26.012764,1.198551,0.139928,3.7205,0.3396,0.263520,-0.093490,0.4627,26.012764,1.198551,0.256958,4.5116,0.430646,0.393956,85.7384,0,1,clay,1.0000,0.500000,0,0,0.000000,0.000000,0.000000,0,nan,0.00,0.903376,0.1573,0.1503,0.476983,-0.5866,1.00,7.02,9.03,6.66,-1.275276,-4.9328,-0.8113,0.008000,0.060802,-1.0079,-0.027865,-0.117365,-0.139256,1658.4567805799961,1054.6918544411249,2236.1623606106114,420.5121335468797,0.328245,0.011311,6556.6,6064.0,-0.042907,-0.006867,-1.000000,3.7214,1.0000,,,,,
10.1040,1778833324.780606,773,25.910282,1.239956,0.141029,3.7008,0.2422,0.184772,26.004683,1.211392,0.146366,3.7024,25.942194,1.250398,0.143021,3.7166,0.3382,0.266416,-0.089894,0.4808,25.942194,1.250398,0.254093,4.5435,-1.000000,0.380532,82.2846,0,1,clay,1.0000,0.500000,0,0,0.000000,0.000000,0.000000,0,nan,0.00,0.880649,0.1564,0.1495,0.464983,-0.5820,0.94,7.33,9.20,9.04,-1.262408,-4.8077,-0.8411,0.008000,0.220335,-0.9084,-0.017831,-0.113142,-0.133576,622.8720002267783,1347.5846679009621,2372.543135525679,477.35512307296983,0.333335,0.012962,6555.6,6064.9,-0.041239,0.011657,0.430646,3.7174,1.0000,,,,,
10.1520,1778833324.790520,774,26.204210,1.289307,0.146571,3.6775,0.2962,0.188973,26.176640,1.262308,0.154491,3.6865,26.237707,1.300766,0.148724,3.6967,0.3546,0.269383,-0.124102,0.4556,26.237707,1.300766,0.261201,4.4081,-0.465471,0.406913,84.7008,0,1,clay,1.0000,0.500000,0,0,0.000000,0.000000,0.000000,0,nan,0.00,0.838333,0.1524,0.1457,0.442640,-0.5625,1.05,7.22,9.31,6.62,-1.268892,-3.8235,-0.7217,0.044000,0.196378,-0.9697,-0.041095,-0.098524,-0.128177,2706.300781588996,563.6295201962239,2127.5579061440058,396.8874474760556,0.312870,0.010190,6564.3,6056.3,-0.056378,0.004563,-0.250000,3.6979,1.0000,,,,,
10.1640,1778833324.797719,775,26.187707,1.234946,0.160717,3.6669,0.2330,0.195616,26.219264,1.275804,0.156871,3.6813,26.219889,1.246328,0.162776,3.6907,0.3400,0.262994,-0.129694,0.4384,26.219889,1.246328,0.278948,4.4165,-1.000000,0.431444,87.6887,0,1,clay,1.0000,0.500000,0,0,0.000000,0.000000,0.000000,0,nan,0.00,0.815606,0.1515,0.1449,0.430640,-0.5573,0.94,7.14,9.02,6.68,-1.255396,-3.6870,-0.7352,0.008000,0.086949,-0.5540,-0.034074,-0.124395,-0.134564,2700.008052347318,1588.0649906386016,2115.6040185923766,524.7448974296763,0.291423,0.013540,6565.7,6054.8,-0.058900,0.000181,-1.861883,3.6919,1.0000,,,,,
10.1760,1778833324.809878,776,26.278871,1.327321,0.162890,3.7155,0.2091,0.205441,26.261741,1.289631,0.159341,3.6744,26.310340,1.338406,0.164906,3.6952,0.3250,0.260318,-0.134808,0.4218,26.310340,1.338406,0.274434,4.3738,-0.366650,0.444132,83.6391,0,1,clay,1.0000,0.500000,0,0,0.000000,0.000000,0.000000,0,nan,0.00,0.807273,0.1507,0.1441,0.426240,-0.5520,0.88,7.07,8.82,6.66,-1.241569,-3.5456,-0.6994,0.008000,0.033141,0.0266,-0.019065,-0.124314,-0.128365,2559.5369869060596,1545.384931758041,2091.991797213959,711.7534393695366,0.280949,0.018340,6567.1,6053.5,-0.061216,-0.015816,-1.000000,3.6965,1.0000,,,,,
10.1880,1778833324.821945,777,26.266202,1.290448,0.154420,3.6138,0.2667,0.211847,26.304066,1.303740,0.161896,3.6668,26.296993,1.301073,0.156419,3.6792,0.3250,0.261758,-0.142830,0.4230,26.296993,1.301073,0.269977,4.3802,-0.575748,0.461608,87.4989,0,1,clay,1.0000,0.500000,0,0,0.000000,0.000000,0.000000,0,nan,0.00,0.794188,0.1498,0.1432,0.419331,-0.5465,0.82,7.01,8.65,6.66,-1.227460,-3.3991,-0.7133,0.008000,0.033954,-0.6574,-0.020228,-0.130557,-0.128629,2465.5829908011583,797.8181291675703,2031.611637034456,763.7591098534493,0.273510,0.019868,6569.1,6051.4,-0.064773,0.006725,-0.366650,3.6805,1.0000,,,,,
10.2000,1778833324.878551,778,26.357970,1.317611,0.159386,3.6260,0.2678,0.217937,26.346201,1.318123,0.164512,3.6504,26.388048,1.328210,0.161368,3.6686,0.3235,0.261979,-0.150736,0.4144,26.388048,1.328210,0.274181,4.3369,0.062594,0.478101,87.9392,0,1,clay,1.0000,0.500000,0,0,0.000000,0.000000,0.000000,0,nan,0.00,0.795610,0.1490,0.1423,0.420082,-0.5407,0.77,7.37,8.91,9.41,-1.213077,-3.2492,-0.6865,0.008000,0.015443,-0.3950,-0.041277,-0.122267,-0.120583,2817.2733259613055,1963.0723555602583,2001.8483172762194,831.6285687341126,0.263676,0.021588,6571.1,6049.4,-0.068299,0.004844,-0.575748,3.6699,1.0000,,,,,
10.2480,1778833324.888947,779,26.532592,1.314155,0.170764,3.6290,0.2786,0.216304,26.513377,1.377613,0.175066,3.6294,26.565127,1.326358,0.173032,3.6481,0.3374,0.274334,-0.186696,0.4207,26.565127,1.326358,0.288955,4.2548,-0.075211,0.523528,91.8097,0,1,clay,1.0000,0.500000,0,0,0.000000,0.000000,0.000000,0,nan,0.00,0.788773,0.1452,0.1378,0.416472,-0.5156,1.00,7.26,9.25,6.63,-1.208587,-2.0899,-0.6255,0.044000,0.241858,0.0631,-0.057732,-0.113739,-0.111815,2060.6811768772136,883.6823935209231,1899.137278373582,901.5973148529627,0.257409,0.023299,6580.4,6040.2,-0.084409,-0.011454,0.015648,3.6499,1.0000,,,,,
10.2600,1778833324.896228,780,26.583034,1.439596,0.173886,3.6081,0.2824,0.222870,26.554847,1.392787,0.177715,3.6202,26.616970,1.452553,0.176295,3.6398,0.3412,0.277816,-0.199840,0.4157,26.616970,1.452553,0.282038,4.2309,-1.000000,0.552782,87.4676,0,1,clay,1.0000,0.500000,0,0,0.000000,0.000000,0.000000,0,nan,0.00,0.766046,0.1444,0.1369,0.404472,-0.5090,1.27,7.18,9.72,6.74,-1.193413,-1.9381,-0.6108,0.008000,0.011059,-0.1018,-0.042485,-0.113980,-0.103541,2277.585182486013,800.9791322613287,1842.1091026994252,939.3574665079872,0.251457,0.024064,6583.9,6036.7,-0.090502,-0.013515,-0.300844,3.6418,1.0000,,,,,
10.2720,1778833324.906120,781,26.566200,1.435468,0.187368,3.5921,0.2899,0.228582,26.596116,1.408184,0.180436,3.6086,26.598885,1.448470,0.189703,3.6303,0.3378,0.273721,-0.194833,0.3950,26.598885,1.448470,0.294904,4.2394,-1.000000,0.565938,87.9209,0,1,clay,1.0000,0.500000,0,0,0.000000,0.000000,0.000000,0,nan,0.00,0.743319,0.1436,0.1358,0.392472,-0.5022,1.17,7.10,9.44,6.67,-1.178016,-1.7822,-0.6308,0.008000,0.054699,-0.0978,-0.045527,-0.096284,-0.092072,2245.8239953107627,1442.2734727278023,1837.5583914742874,963.005251798286,0.236562,0.024823,6582.6,6037.9,-0.088348,-0.010455,-1.000000,3.6322,1.0000,,,,,
10.2840,1778833324.917843,782,26.671636,1.379803,0.176546,3.5722,0.3310,0.230041,26.637190,1.423798,0.183197,3.5983,26.703302,1.392095,0.178808,3.6187,0.3420,0.270923,-0.203918,0.3833,26.703302,1.392095,0.291796,4.1887,-0.193710,0.587142,93.3379,0,1,clay,1.0000,0.500000,0,0,0.000000,0.000000,0.000000,0,nan,0.00,0.738916,0.1427,0.1348,0.390148,-0.4951,1.05,7.03,9.14,6.64,-1.214702,-1.0159,-0.5904,0.008000,0.092764,-0.8246,-0.061184,-0.073776,-0.080404,2106.0463054936026,1212.5425678300194,1757.9023452263755,916.8232770829977,0.219789,0.023406,6584.9,6035.6,-0.092339,-0.008881,-1.000000,3.6206,1.0000,,,,,
10.2960,1778833324.977117,783,26.610072,1.425434,0.190150,3.6047,0.3137,0.230456,26.678092,1.439558,0.185976,3.5873,26.640770,1.437906,0.192372,3.6155,0.3457,0.272177,-0.216566,0.3884,26.640770,1.437906,0.299461,4.2197,-0.794630,0.605582,90.7971,0,1,clay,1.0000,0.500000,0,0,0.000000,0.000000,0.000000,0,nan,0.00,0.720856,0.1419,0.1337,0.380612,-0.4879,0.98,7.36,9.32,9.22,-1.198942,-0.8567,-0.6324,0.008000,0.039823,0.4329,-0.047419,-0.067449,-0.075703,1877.20768510119,1371.9948314714088,1676.4029146899725,920.6605498589847,0.214761,0.023179,6588.1,6032.4,-0.097952,-0.019740,-0.193710,3.6175,1.0000,,,,,
10.3440,1778833324.987256,784,26.750171,1.524022,0.200122,3.5064,0.3564,0.227195,26.839756,1.504146,0.197215,3.5400,26.781989,1.537768,0.202500,3.5605,0.3717,0.273170,-0.268598,0.3730,26.781989,1.537768,0.328729,4.1453,-0.630847,0.661636,100.8787,0,1,clay,1.0000,0.500000,0,0,0.000000,0.000000,0.000000,0,nan,0.00,0.663507,0.1383,0.1283,0.350331,-0.4561,1.08,7.29,9.45,6.89,-1.134354,-0.2128,-0.6052,0.044000,0.064739,0.7194,-0.090454,-0.035361,-0.071835,1760.2523033425405,1677.3050676749817,1447.1281131605162,686.4570009878744,0.192330,0.016387,6601.4,6019.1,-0.121143,-0.011036,-0.198657,3.5631,1.0000,,,,,
10.3560,1778833324.994745,785,26.864709,1.538472,0.203361,3.4718,0.2652,0.226900,26.879707,1.520514,0.199948,3.5283,26.900311,1.553866,0.206019,3.5424,0.3586,0.268774,-0.279634,0.3436,26.900311,1.553866,0.333185,4.0785,-0.492716,0.704445,104.4902,0,1,clay,1.0000,0.500000,0,0,0.000000,0.000000,0.000000,0,nan,0.00,0.652308,0.1375,0.1271,0.344419,-0.4477,1.71,7.19,10.62,6.62,-1.167486,0.5798,-0.5502,0.008000,0.086583,0.1659,-0.084031,-0.057329,-0.072458,1740.2052118445508,1487.2378617396316,1409.1728604205148,787.8459261167785,0.163888,0.019972,6604.6,6016.0,-0.126600,-0.006972,-2.523390,3.5454,1.0000,,,,,
10.3680,1778833325.001933,786,26.965326,1.559576,0.201489,3.5331,0.3056,0.228014,26.919456,1.537012,0.202692,3.5162,26.999436,1.574200,0.204022,3.5400,0.3543,0.266114,-0.290288,0.3394,26.999436,1.574200,0.331131,4.0394,-0.470633,0.737681,105.1615,0,1,clay,1.0000,0.500000,0,0,0.000000,0.000000,0.000000,0,nan,0.00,0.641612,0.1368,0.1258,0.338771,-0.4388,1.54,7.11,10.18,6.63,-1.150988,0.7370,-0.5232,0.008000,0.034256,-0.1482,-0.076800,-0.060784,-0.071050,1546.8369815381134,1505.9524281597119,1302.8872955481497,821.9609128055567,0.157853,0.020712,6607.3,6013.3,-0.131366,-0.028242,-0.492716,3.5430,1.0000,,,,,
10.3800,1778833325.013948,787,26.924275,1.588220,0.209177,3.4354,0.3791,0.235029,26.959004,1.553681,0.205487,3.5045,26.956776,1.602605,0.211615,3.5192,0.3622,0.264306,-0.300049,0.3341,26.956776,1.602605,0.334822,4.0531,-1.000000,0.763450,106.1551,0,1,clay,1.0000,0.500000,0,0,0.000000,0.000000,0.000000,0,nan,0.00,0.618885,0.1360,0.1246,0.326771,-0.4296,1.39,7.04,9.81,6.66,-1.134319,0.8972,-0.5486,0.008000,0.017329,-0.4525,-0.088618,-0.039485,-0.063105,2010.482659124957,688.6308522599248,1230.8717683757927,734.798514632028,0.146637,0.018041,6609.8,6010.8,-0.135701,-0.003930,-0.470633,3.5222,1.0000,,,,,
10.3920,1778833325.025889,788,27.089321,1.607670,0.208556,3.4709,0.3424,0.234783,26.998354,1.570481,0.208299,3.4930,27.120589,1.621488,0.210893,3.5094,0.3599,0.259891,-0.297798,0.3172,27.120589,1.621488,0.335541,4.0292,-0.524721,0.777420,108.4433,0,1,clay,1.0000,0.500000,0,0,0.000000,0.000000,0.000000,0,nan,0.00,0.606960,0.1352,0.1232,0.320475,-0.4203,1.25,7.04,9.53,7.01,-1.117519,1.0583,-0.5363,0.008000,0.086499,0.1522,-0.086005,-0.033038,-0.057368,1861.671633632562,911.4262491769034,1215.2211382232445,724.5021083855661,0.132448,0.017831,6609.2,6011.3,-0.134701,-0.020753,-1.000000,3.5123,1.0000,,,,,
10.4040,1778833325.078328,789,27.034854,1.556687,0.206720,3.5087,0.3937,0.254721,27.037412,1.587593,0.211291,3.4769,27.065418,1.570288,0.209037,3.5084,0.3690,0.262005,-0.342505,0.3156,27.065418,1.570288,0.338541,4.0296,1.000000,0.825933,111.9862,0,1,clay,1.0000,0.500000,0,0,0.000000,0.000000,0.000000,0,nan,0.00,0.629687,0.1345,0.1219,0.332475,-0.4104,1.14,7.29,9.57,8.73,-1.100407,1.2297,-0.5526,0.008000,0.060341,-0.7373,-0.082278,-0.024674,-0.054780,1922.8826169288172,1459.2542495233824,1083.3289385998364,766.6463603558726,0.120378,0.016676,6620.5,6000.0,-0.154428,-0.039634,-0.524721,3.5116,1.0000,,,,,
10.4520,1778833325.087962,790,27.191369,1.719640,0.216958,3.4183,0.2206,0.232702,27.192102,1.655836,0.222494,3.4262,27.222562,1.733510,0.219378,3.4626,0.3252,0.267024,-0.339377,0.3421,27.222562,1.733510,0.365867,4.0372,-0.374332,0.845798,117.5441,0,1,clay,1.0000,0.500000,0,0,0.000000,0.000000,0.000000,0,nan,0.00,0.595657,0.1310,0.1149,0.314507,-0.3698,1.18,7.19,9.56,6.64,-1.078664,2.5575,-0.6109,0.008000,0.082864,-0.7368,-0.067720,-0.095200,-0.058812,1178.7456784116362,1608.2965518877968,1158.5666939370672,1111.5426417196709,0.146257,0.033633,6619.9,6000.6,-0.153369,-0.031160,0.250000,3.4659,1.0000,,,,,
10.4640,1778833325.098143,791,27.179110,1.693726,0.233226,3.3643,0.2595,0.234449,27.230239,1.673029,0.225288,3.4110,27.209012,1.707507,0.235539,3.4429,0.3136,0.258801,-0.350010,0.3110,27.209012,1.707507,0.352382,4.0360,-1.000000,0.867832,116.4878,0,1,clay,1.0000,0.500000,0,0,0.000000,0.000000,0.000000,0,nan,0.00,0.572929,0.1303,0.1133,0.302507,-0.3594,1.09,7.11,9.29,6.67,-1.061471,2.7176,-0.6250,0.008000,0.052966,0.0189,-0.068164,-0.082461,-0.044758,1364.5597178622284,1041.600255035845,1110.6021927159218,1127.0735751638165,0.128336,0.035203,6622.6,5998.0,-0.158043,-0.021585,-1.497329,3.4462,1.0000,,,,,
10.4760,1778833325.109862,792,27.240313,1.648640,0.226476,3.4839,0.3128,0.233950,27.268163,1.690290,0.228072,3.3978,27.269497,1.661842,0.228702,3.4502,0.3147,0.254267,-0.363744,0.2934,27.269497,1.661842,0.352125,4.0404,0.822564,0.893590,118.9205,0,1,clay,1.0000,0.500000,0,0,0.000000,0.000000,0.000000,0,nan,0.00,0.591624,0.1296,0.1117,0.312377,-0.3487,0.99,7.05,9.03,6.68,-1.044210,2.8771,-0.6426,0.008000,0.116446,-0.2382,-0.057438,-0.071656,-0.041086,1420.348049074017,1074.4585039235526,1029.064355275087,1105.4594532340916,0.114754,0.033208,6626.1,5994.5,-0.164093,-0.055858,-1.000000,3.4535,1.0000,,,,,
10.4880,1778833325.121881,793,27.252376,1.707520,0.234720,3.4143,0.3718,0.230504,27.305894,1.707597,0.230836,3.3850,27.280610,1.720776,0.236903,3.4426,0.3331,0.258452,-0.376404,0.3197,27.280610,1.720776,0.353452,4.0409,-1.000000,0.917998,117.5940,0,1,clay,1.0000,0.500000,0,0,0.000000,0.000000,0.000000,0,nan,0.00,0.568897,0.1288,0.1101,0.300377,-0.3376,0.91,7.02,8.84,6.82,-1.026903,3.0355,-0.6559,0.008000,0.055780,-0.1905,-0.043259,-0.057038,-0.042227,1346.7566970656676,730.8662873386656,1004.1579125862306,957.3342158816441,0.119732,0.028084,6629.3,5991.3,-0.169696,-0.044355,0.822564,3.4459,1.0000,,,,,
10.5000,1778833325.176622,794,27.363318,1.684781,0.231262,3.3451,0.3407,0.233622,27.343396,1.724994,0.233629,3.3690,27.390938,1.697670,0.233383,3.4230,0.3339,0.252387,-0.390653,0.2917,27.390938,1.697670,0.355470,4.0417,0.773837,0.946745,123.3119,0,1,clay,1.0000,0.500000,0,0,0.000000,0.000000,0.000000,0,nan,0.00,0.586484,0.1281,0.1084,0.309663,-0.3263,0.85,7.32,9.02,9.08,-1.009506,3.1955,-0.6727,0.008000,0.120477,-0.3220,-0.053193,-0.042653,-0.036580,1370.6500359448066,826.5170980845164,929.1767226427489,892.6190881284726,0.104449,0.026084,6632.9,5987.6,-0.176020,-0.028969,-1.000000,3.4264,1.0000,,,,,
10.5480,1778833325.186620,795,27.511084,1.807912,0.243724,3.3329,0.2820,0.231346,27.491126,1.795351,0.244839,3.3109,27.539737,1.821745,0.245982,3.3774,0.3281,0.256733,-0.343860,0.3168,27.539737,1.821745,0.387468,4.0388,-0.728043,0.920951,128.9390,0,1,clay,1.0000,0.500000,0,0,0.000000,0.000000,0.000000,0,nan,0.00,0.520298,0.1248,0.1001,0.274717,-0.2821,0.95,7.23,9.13,6.72,-0.982449,4.5788,-0.7278,0.044000,0.147613,0.4862,-0.093498,-0.061077,-0.037458,1386.3794934760522,758.1884733990603,967.8595068686441,941.4524278113686,0.115268,0.029913,6621.3,5999.3,-0.155681,-0.041745,0.193459,3.3806,1.0000,,,,,
10.5600,1778833325.193938,796,27.529373,1.814040,0.231367,3.3307,0.3215,0.234061,27.527506,1.813055,0.247634,3.2938,27.557476,1.827101,0.233522,3.3677,0.3208,0.244722,-0.357849,0.2682,27.557476,1.827101,0.376356,4.0386,1.000000,0.919576,131.1035,0,1,clay,1.0000,0.500000,0,0,0.000000,0.000000,0.000000,0,nan,0.00,0.543025,0.1241,0.0983,0.286717,-0.2710,0.89,7.14,8.92,6.61,-0.964745,4.7390,-0.7448,0.008000,0.069715,-0.8430,-0.057701,-0.034656,-0.026237,1276.7607400329794,978.8672503464336,848.5970886184016,909.951584997,0.078189,0.028700,6624.7,5995.9,-0.161667,-0.050360,-2.912171,3.3710,1.0000,,,,,
10.5720,1778833325.205922,797,27.542792,1.856316,0.245210,3.2330,0.3723,0.232741,27.563642,1.830815,0.250434,3.2772,27.569797,1.869549,0.247333,3.3409,0.3369,0.249563,-0.372610,0.2955,27.569797,1.869549,0.383836,4.0386,-1.000000,0.930449,133.6225,0,1,clay,1.0000,0.500000,0,0,0.000000,0.000000,0.000000,0,nan,0.00,0.520298,0.1234,0.0965,0.274717,-0.2599,0.83,7.07,8.73,6.70,-0.946985,4.8994,-0.7614,0.008000,0.016043,-0.9287,-0.063665,-0.010493,-0.021326,1286.7692541109982,1009.2161042362974,775.0963879146532,785.2584321609475,0.084663,0.024804,6628.4,5992.2,-0.168094,-0.023583,1.000000,3.3443,1.0000,,,,,
10.5840,1778833325.217955,798,27.508706,1.892901,0.249804,3.1925,0.3109,0.231386,27.599549,1.848623,0.253235,3.2620,27.534933,1.905882,0.251862,3.3115,0.3304,0.242943,-0.384297,0.2661,27.534933,1.905882,0.424346,4.0388,-1.000000,0.946392,141.1245,0,1,clay,1.0000,0.500000,0,0,0.000000,0.000000,0.000000,0,nan,0.00,0.497571,0.1227,0.0946,0.262717,-0.2485,0.78,7.02,8.59,6.73,-0.929177,5.0599,-0.7768,0.008000,0.115396,-0.2478,-0.098920,-0.006682,-0.016385,1033.7456413068408,871.1497573309571,705.6618922180458,766.8350889741553,0.071233,0.025114,6631.3,5989.2,-0.173231,-0.015307,-1.000000,3.3149,1.0000,,,,,
10.5960,1778833325.274630,799,27.658279,1.822158,0.265495,3.2292,0.4125,0.235581,27.635209,1.866557,0.256085,3.2481,27.683747,1.835428,0.267512,3.2949,0.3434,0.239990,-0.399634,0.2542,27.683747,1.835428,0.411084,4.0389,-1.000000,0.974514,144.3665,0,1,clay,1.0000,0.500000,0,0,0.000000,0.000000,0.000000,0,nan,0.00,0.474844,0.1220,0.0927,0.250717,-0.2368,0.75,7.44,8.93,9.78,-0.951143,5.9792,-0.7908,0.008000,0.079706,0.1574,-0.106617,-0.001163,-0.023926,1280.3398242907838,724.775717556692,560.687679469224,645.393456359281,0.052408,0.019778,6635.2,5985.4,-0.180011,-0.030429,-1.000000,3.2983,1.0000,,,,,
10.6440,1778833325.285380,800,27.782271,1.970781,0.260922,3.2040,0.3042,0.225516,27.775547,1.938731,0.267574,3.1888,27.810090,1.984988,0.263100,3.2485,0.3287,0.233399,-0.378473,0.2413,27.810090,1.984988,0.429273,4.0395,-0.884856,0.970251,150.7661,0,1,clay,1.0000,0.500000,0,0,0.000000,0.000000,0.000000,0,nan,0.00,0.394402,0.1189,0.0833,0.208244,-0.1903,0.98,7.33,9.29,6.73,-0.878969,6.6375,-0.8507,0.044000,0.143502,0.1318,-0.131825,-0.019605,-0.032502,225.5290931451083,628.1839295403028,401.7132722749189,659.3684617529213,0.043357,0.022458,6630.1,5990.4,-0.171154,-0.038815,-0.250000,3.2521,1.0000,,,,,
10.6560,1778833325.292709,801,27.741520,1.945045,0.264286,3.1702,0.3456,0.226252,27.810218,1.956517,0.270261,3.1732,27.770924,1.960086,0.266529,3.2324,0.3215,0.220268,-0.383327,0.1994,27.770924,1.960086,0.436878,4.0394,-0.583628,0.971807,154.3923,0,1,clay,1.0000,0.500000,0,0,0.000000,0.000000,0.000000,0,nan,0.00,0.381138,0.1183,0.0813,0.201241,-0.1786,1.33,7.22,9.88,6.60,-0.861183,6.7915,-0.8662,0.008000,0.112104,-0.4222,-0.106762,-0.005888,-0.027463,500.33788557674563,773.1162257460901,98.69477195741291,608.163210204149,-0.001350,0.020657,6631.5,5989.1,-0.173534,-0.030369,-3.539425,3.2363,1.0000,,,,,
10.6680,1778833325.301951,802,27.856050,1.951221,0.265820,3.0969,0.3108,0.219523,27.844671,1.974242,0.272910,3.1562,27.884153,1.965630,0.267958,3.2054,0.3177,0.217176,-0.395478,0.1956,27.884153,1.965630,0.441300,4.0395,-0.098999,0.985974,160.6121,0,1,clay,1.0000,0.500000,0,0,0.000000,0.000000,0.000000,0,nan,0.00,0.378888,0.1176,0.0792,0.200053,-0.1668,1.21,7.14,9.55,6.67,-0.843458,6.9433,-0.8833,0.008000,0.026530,0.4484,-0.122619,-0.007863,-0.032232,544.6934957126709,1274.462797768815,16.610931160591193,584.2340391554209,-0.008452,0.020681,6634.5,5986.1,-0.178753,-0.011495,-0.583628,3.2093,1.0000,,,,,
10.6800,1778833325.313873,803,27.927808,1.983776,0.273567,3.2281,0.2879,0.222105,27.878879,1.991992,0.275577,3.1393,27.954955,1.997883,0.275632,3.2091,0.3127,0.217155,-0.403089,0.1991,27.954955,1.997883,0.443075,4.0394,-1.000000,1.000870,159.8752,0,1,clay,1.0000,0.500000,0,0,0.000000,0.000000,0.000000,0,nan,0.00,0.356161,0.1169,0.0772,0.188053,-0.1548,1.09,7.08,9.27,6.73,-0.862208,7.8897,-0.9000,0.008000,0.064910,0.0732,-0.090752,-0.019007,-0.031469,707.4779813275771,908.9121079302968,9.289363320713292,629.2614076630313,-0.007026,0.022183,6636.4,5984.2,-0.182040,-0.055074,-0.098999,3.2129,1.0000,,,,,
10.6920,1778833325.333762,804,27.937831,1.978732,0.284712,3.1364,0.3013,0.218850,27.912903,2.009721,0.278213,3.1314,27.964021,1.992645,0.286693,3.1949,0.3062,0.211558,-0.351662,0.1790,27.964021,1.992645,0.454496,4.0393,-1.000000,0.965607,160.4995,0,1,clay,1.0000,0.500000,0,0,0.000000,0.000000,0.000000,0,nan,0.00,0.333433,0.1163,0.0750,0.176053,-0.1432,1.01,7.07,9.08,7.04,-0.844479,8.0407,-0.9080,0.008000,0.127545,0.4902,-0.074993,0.003713,-0.006924,780.553551748639,851.6779898179863,-43.49035738031917,614.533841569069,-0.018503,0.022374,6623.3,5997.2,-0.159288,-0.037478,-1.000000,3.1981,1.0000,,,,,
10.7040,1778833325.341410,805,27.852247,1.989401,0.278329,3.1019,0.2541,0.211058,27.946708,2.027518,0.280931,3.1149,27.880904,2.004213,0.280449,3.1755,0.2926,0.204514,-0.392312,0.1661,27.880904,2.004213,0.445887,4.0395,-0.589490,0.980344,163.8577,0,1,clay,1.0000,0.500000,0,0,0.000000,0.000000,0.000000,0,nan,0.00,0.320036,0.1156,0.0729,0.168979,-0.1314,1.44,7.02,9.90,6.72,-0.826682,8.1965,-0.9246,0.008000,0.130088,-0.7553,-0.075402,-0.011313,-0.009881,1281.0108354902163,745.2991068953065,-84.33958760700583,644.8025616842222,-0.027019,0.024637,6633.8,5986.8,-0.177464,-0.063394,-1.000000,3.1795,1.0000,,,,,
10.7160,1778833325.349792,806,28.040406,2.062512,0.282455,3.0526,0.2355,0.236673,27.980255,2.045477,0.283761,3.0984,28.067756,2.076736,0.284512,3.1507,0.2807,0.205037,-0.432552,0.1633,28.067756,2.076736,0.440740,4.0392,-1.000000,1.024283,169.6762,0,1,clay,1.0000,0.500000,0,0,0.000000,0.000000,0.000000,0,nan,0.00,0.297309,0.1150,0.0707,0.156979,-0.1191,1.29,6.97,9.54,6.69,-0.808723,8.3586,-0.9408,nan,nan,nan,nan,nan,nan,422.6702555158218,936.3035547801808,-109.74330577567727,762.2577701280812,-0.033148,0.030386,6643.9,5976.7,-0.195139,-0.056659,-0.589490,3.1549,1.0000,,,,,
10.7280,1778833325.361857,807,27.963799,2.084143,0.288666,3.0898,0.2324,0.225322,28.013618,2.063373,0.286532,3.0815,27.990112,2.097912,0.290641,3.1380,0.2681,0.201391,-0.462476,0.1477,27.990112,2.097912,0.440564,4.0393,-1.000000,1.072312,171.3655,0,1,clay,1.0000,0.500000,0,0,0.000000,0.000000,0.000000,0,nan,0.00,0.274581,0.1143,0.0685,0.144979,-0.1062,1.16,6.93,9.25,6.74,-0.790827,8.5174,-0.9578,nan,nan,nan,nan,nan,nan,-557.3303044151872,875.2999643983094,-120.89097384506127,810.7259308816382,-0.042676,0.033998,6651.5,5969.1,-0.208398,-0.065318,-1.000000,3.1423,1.0000,,,,,
10.7400,1778833325.373902,808,28.014383,2.092680,0.286653,3.0852,0.3276,0.214318,28.046843,2.080934,0.289111,3.0643,28.039938,2.106029,0.288547,3.1267,0.2733,0.197071,-0.498980,0.1359,28.039938,2.106029,0.494206,4.0392,-1.000000,1.131146,179.4286,0,1,clay,1.0000,0.500000,0,0,0.000000,0.000000,0.000000,0,nan,0.00,0.251854,0.1138,0.0652,0.132979,-0.0927,1.05,6.90,9.01,6.69,-0.773266,8.6651,-0.9750,nan,nan,nan,nan,nan,nan,-1652.0403103338904,710.2878607617382,-176.34887580091214,719.8205723288099,-0.057330,0.029907,6660.8,5959.8,-0.224599,-0.067269,-1.000000,3.1313,1.0000,,,,,
10.7520,1778833325.385891,809,28.050386,2.068550,0.300063,3.0060,0.1758,0.203623,28.079936,2.098172,0.291553,3.0475,28.075035,2.081608,0.301870,3.1026,0.2523,0.191119,-0.497361,0.1242,28.075035,2.081608,0.457253,4.0392,-1.000000,1.164069,181.4390,0,1,clay,1.0000,0.500000,0,0,0.000000,0.000000,0.000000,0,nan,0.00,0.229127,0.1134,0.0621,0.120979,-0.0787,0.97,6.86,8.80,6.67,-0.756028,8.8050,-0.9917,0.008000,0.088066,0.7806,-0.103617,-0.023153,0.008088,-1533.32715466611,703.0521053026683,-210.95081658334783,786.0722533877749,-0.062363,0.035024,6660.4,5960.1,-0.224013,-0.048523,-1.000000,3.1070,1.0000,,,,,
10.7640,1778833325.397907,810,28.140885,2.136619,0.298572,3.0093,0.3263,0.191043,28.112894,2.115071,0.293837,3.0300,28.164899,2.149323,0.300288,3.0838,0.2593,0.184337,-0.496605,0.1123,28.164899,2.149323,0.498565,4.0392,-1.000000,1.181390,186.9417,0,1,clay,1.0000,0.500000,0,0,0.000000,0.000000,0.000000,0,nan,0.00,0.206399,0.1130,0.0591,0.108979,-0.0645,0.89,6.84,8.62,6.68,-0.739129,8.9359,-1.0092,0.008000,0.080380,0.5738,-0.105932,0.005250,0.018170,-1315.35480259946,1115.202697328605,-301.87994961297596,655.5753858637672,-0.076488,0.028431,6660.3,5960.3,-0.223715,-0.050722,-1.000000,3.0881,1.0000,,,,,
10.7760,1778833325.410029,811,28.055809,2.154400,0.301275,3.0520,0.2584,0.184948,28.145679,2.131756,0.296054,3.0105,28.079436,2.166853,0.302914,3.0768,0.2535,0.177439,-0.506032,0.1004,28.079436,2.166853,0.493736,4.0392,-1.000000,1.196683,186.5250,0,1,clay,1.0000,0.500000,0,0,0.000000,0.000000,0.000000,0,nan,0.00,0.183672,0.1128,0.0563,0.096979,-0.0502,0.85,6.81,8.50,6.65,-0.755244,9.9127,-1.0287,0.008000,0.126246,0.6646,-0.084776,0.006314,0.016394,-1015.246896000275,706.8227379284132,-349.98075885092766,620.1819563187962,-0.085008,0.026602,6662.7,5957.9,-0.227881,-0.067352,-1.000000,3.0811,1.0000,,,,,
10.7880,1778833325.422028,812,28.140238,2.132944,0.295107,3.0202,0.1816,0.173892,28.178303,2.148215,0.298185,2.9947,28.163636,2.144837,0.296666,3.0649,0.2357,0.169576,-0.518266,0.0886,28.163636,2.144837,0.498057,4.0392,-0.410541,1.218425,192.2983,0,1,clay,1.0000,0.500000,0,0,0.000000,0.000000,0.000000,0,nan,0.00,0.174342,0.1127,0.0536,0.092052,-0.0355,0.81,6.84,8.46,7.05,-0.738785,10.0348,-1.0446,0.008000,0.106648,-0.1283,-0.099498,-0.006686,0.013692,-1277.112301594102,1081.445634132701,-367.9896779216572,653.7628624880228,-0.088813,0.028823,6665.8,5954.8,-0.233287,-0.059690,-1.000000,3.0693,1.0000,,,,,
10.8000,1778833325.434779,813,28.184798,2.082542,0.298123,3.0025,0.2383,0.162436,28.210792,2.164393,0.300190,2.9782,28.207919,2.094269,0.299612,3.0520,0.2324,0.163519,-0.526143,0.0886,28.207919,2.094269,0.458374,4.0393,1.000000,1.240064,194.1841,0,1,clay,1.0000,0.500000,0,0,0.000000,0.000000,0.000000,0,nan,0.00,0.197069,0.1127,0.0510,0.104052,-0.0207,0.76,6.82,8.34,6.68,-0.722607,10.1497,-1.0611,0.008000,0.091688,-0.5572,-0.103316,0.002303,0.017128,-1448.446904986573,861.9086034776105,-412.56084600877483,597.6216597901816,-0.089620,0.025833,6667.8,5952.8,-0.236812,-0.057797,-0.410541,3.0564,1.0000,,,,,
10.8120,1778833325.445886,814,28.219168,2.161220,0.302223,2.8880,0.2109,0.153833,28.243171,2.180213,0.302042,2.9613,28.241714,2.172704,0.303654,3.0194,0.2298,0.162278,-0.530123,0.1123,28.241714,2.172704,0.501308,4.0393,-0.915819,1.254492,201.0489,0,1,clay,1.0000,0.500000,0,0,0.000000,0.000000,0.000000,0,nan,0.00,0.176255,0.1128,0.0485,0.093063,-0.0056,0.72,6.80,8.24,6.71,-0.706787,10.2558,-1.0780,0.008000,0.051283,0.0758,-0.112502,0.002957,0.015212,-1691.6619291082795,713.1721132640523,-274.2510789891037,560.7714578970063,-0.073000,0.024384,6668.8,5951.8,-0.238589,-0.021191,1.000000,3.0238,1.0000,,,,,
10.8240,1778833325.457911,815,28.345198,2.196563,0.306276,3.0441,0.1280,0.139239,28.275469,2.195679,0.303739,2.9480,28.367584,2.207726,0.307612,3.0234,0.2065,0.151015,-0.527240,0.0856,28.367584,2.207726,0.498071,4.0393,-1.000000,1.260437,201.1397,0,1,clay,1.0000,0.500000,0,0,0.000000,0.000000,0.000000,0,nan,0.00,0.153528,0.1129,0.0462,0.081063,0.0095,0.68,6.78,8.15,6.66,-0.691321,10.3530,-1.0913,0.008000,0.028010,0.0722,-0.079739,-0.008054,0.016543,-1413.2506675310171,789.1468109329742,-273.1124197933467,602.8033011577284,-0.071892,0.026668,6668.1,5952.5,-0.237320,-0.071635,-0.915819,3.0277,1.0000,,,,,
10.8360,1778833325.469944,816,28.406549,2.166362,0.301616,2.9511,0.2721,0.140086,28.307581,2.211058,0.305453,2.9301,28.428687,2.177250,0.302878,3.0085,0.2120,0.142838,-0.542814,0.0730,28.428687,2.177250,0.505278,4.0393,0.138914,1.280320,207.4477,0,1,clay,1.0000,0.500000,0,0,0.000000,0.000000,0.000000,0,nan,0.00,0.156685,0.1132,0.0440,0.082730,0.0249,0.66,6.77,8.08,6.70,-0.675942,10.4512,-1.1092,0.008000,0.153966,-0.5251,-0.078840,0.011545,0.017242,-268.8067896576249,550.6394032306309,-331.4309240038312,479.72644414721714,-0.084141,0.019515,6672.0,5948.5,-0.244178,-0.042237,-1.000000,3.0129,1.0000,,,,,
10.8480,1778833325.481944,817,28.287817,2.253087,0.313392,2.9304,0.1894,0.136891,28.339515,2.226360,0.307145,2.9169,28.309537,2.263981,0.314603,2.9926,0.2066,0.139747,-0.541329,0.0838,28.309537,2.263981,0.488271,4.0393,-1.000000,1.283956,204.4936,0,1,clay,1.0000,0.500000,0,0,0.000000,0.000000,0.000000,0,nan,0.00,0.133958,0.1135,0.0419,0.070730,0.0403,0.63,6.75,8.00,6.64,-0.660640,10.5482,-1.1224,0.008000,0.034983,0.2944,-0.079879,0.002182,0.011298,-964.5603103512697,725.4395441846688,-328.159024405477,460.62329876387014,-0.077372,0.018701,6671.7,5948.9,-0.243551,-0.039961,0.138914,2.9969,1.0000,,,,,
10.8600,1778833325.493904,818,28.334797,2.254949,0.310406,2.8832,0.1684,0.126392,28.371372,2.241351,0.308683,2.9038,28.356278,2.265454,0.311543,2.9707,0.1937,0.130247,-0.527941,0.0628,28.356278,2.265454,0.488008,4.0393,-1.000000,1.276461,208.7133,0,1,clay,1.0000,0.500000,0,0,0.000000,0.000000,0.000000,0,nan,0.00,0.111230,0.1139,0.0399,0.058730,0.0556,0.61,6.76,7.97,6.78,-0.645649,10.6363,-1.1355,0.008000,0.034284,-0.6059,-0.077927,0.007568,0.015664,-1366.8822509102415,641.8834658690491,-357.8862947832259,444.95193741340245,-0.083290,0.018288,6668.3,5952.3,-0.237618,-0.026998,-1.000000,2.9749,1.0000,,,,,
10.8720,1778833325.505835,819,28.488968,2.205845,0.314504,2.8622,0.1409,0.120561,28.403111,2.256159,0.310155,2.8898,28.510201,2.216133,0.315575,2.9490,0.1792,0.122077,-0.514706,0.0508,28.510201,2.216133,0.510680,4.0393,0.069288,1.266655,217.3825,0,1,clay,1.0000,0.500000,0,0,0.000000,0.000000,0.000000,0,nan,0.00,0.112805,0.1144,0.0380,0.059561,0.0708,0.58,6.74,7.90,6.62,-0.659841,11.5971,-1.1495,0.008000,0.098905,-0.2417,-0.080992,-0.001190,0.016343,-1143.0884650348803,1014.0854189055248,-417.3389623454067,449.123604541954,-0.088154,0.019124,6664.9,5955.7,-0.231726,-0.024233,-1.000000,2.9531,1.0000,,,,,
10.8840,1778833325.518075,820,28.447182,2.378865,0.321815,2.8785,0.1144,0.119109,28.434750,2.270782,0.311558,2.8787,28.468199,2.389064,0.322845,2.9346,0.1665,0.118927,-0.515419,0.0601,28.468199,2.389064,0.531368,4.0393,-1.000000,1.253949,215.8846,0,1,clay,1.0000,0.500000,0,0,0.000000,0.000000,0.000000,0,nan,0.00,0.090078,0.1150,0.0361,0.047561,0.0859,0.58,6.73,7.88,6.70,-0.645218,11.6775,-1.1606,0.008000,0.113622,0.0663,-0.087481,-0.008764,0.018822,-1413.3529240091887,515.8601117442676,-394.41844890109155,481.27617681102356,-0.079470,0.021368,6665.0,5955.5,-0.231988,-0.029883,0.069288,2.9387,1.0000,,,,,
10.8960,1778833325.532988,821,28.443281,2.277231,0.311193,2.9298,0.1885,0.105246,28.466336,2.285093,0.312828,2.8663,28.464261,2.287024,0.312152,2.9328,0.1640,0.109781,-0.521682,0.0397,28.464261,2.287024,0.487575,4.0393,-1.000000,1.256369,217.4576,0,1,clay,1.0000,0.500000,0,0,0.000000,0.000000,0.000000,0,nan,0.00,0.067350,0.1182,0.0344,0.035561,0.1009,0.55,6.73,7.83,6.72,-0.630907,11.7503,-1.1730,0.008000,0.005831,-0.1392,-0.076147,0.003117,0.018085,-1544.163251788956,314.4464963377353,-418.570977206411,409.17358689686796,-0.087992,0.016673,6666.6,5954.0,-0.234676,-0.052963,-1.000000,2.9369,1.0000,,,,,
10.9080,1778833325.541991,822,28.544161,2.344299,0.306930,2.9007,0.2841,0.098246,28.497816,2.299175,0.314041,2.8527,28.565115,2.354013,0.307828,2.9258,0.1779,0.101664,-0.517722,0.0277,28.565115,2.354013,0.538870,4.0392,-1.000000,1.253910,220.2687,0,1,clay,1.0000,0.500000,0,0,0.000000,0.000000,0.000000,0,nan,0.00,0.044623,0.1217,0.0327,0.023561,0.1160,0.55,6.72,7.81,6.64,-0.616825,11.8197,-1.1865,0.008000,0.127502,-0.5176,-0.069417,0.020327,0.006660,-1587.63809180594,251.05178732287288,-557.7805781072241,235.58077832653728,-0.102909,0.005802,6665.6,5955.0,-0.232934,-0.039675,-1.000000,2.9299,1.0000,,,,,
10.9200,1778833325.553934,823,28.495790,2.323263,0.320096,2.8927,0.1076,0.102597,28.529179,2.313144,0.315241,2.8406,28.516562,2.332996,0.320945,2.9187,0.1596,0.095017,-0.512243,0.0158,28.516562,2.332996,0.555886,4.0393,-1.000000,1.247652,221.7887,0,1,clay,1.0000,0.500000,0,0,0.000000,0.000000,0.000000,0,nan,0.00,0.021896,0.1255,0.0312,0.011561,0.1309,0.54,6.71,7.80,6.69,-0.602856,11.8885,-1.1987,0.008000,0.023688,0.0123,-0.043665,0.003449,0.002169,-1024.4084702470689,509.30656467881744,-594.2092120224397,282.90341768029873,-0.106317,0.009177,6664.2,5956.4,-0.230492,-0.040614,-1.000000,2.9227,1.0000,,,,,
10.9320,1778833325.565980,824,28.503340,2.223615,0.308416,2.8240,0.1105,0.098203,28.560445,2.327010,0.316428,2.8326,28.524075,2.232853,0.309217,2.8997,0.1447,0.088394,-0.501005,0.0038,28.524075,2.232853,0.504507,4.0393,1.000000,1.240598,226.9844,0,1,clay,1.0000,0.500000,0,0,0.000000,0.000000,0.000000,0,nan,0.00,0.044623,0.1297,0.0297,0.023561,0.1458,0.53,6.70,7.76,6.63,-0.588990,11.9565,-1.2066,0.008000,0.182358,-0.8191,-0.067065,0.011481,0.014450,-1204.7765125580709,204.66617188688593,-669.5426636291261,308.54821022054944,-0.111630,0.011273,6661.3,5959.3,-0.225496,-0.023904,-1.000000,2.9036,1.0000,,,,,
10.9440,1778833325.577901,825,28.638841,2.359512,0.319109,2.7324,0.1572,0.089977,28.591675,2.340576,0.317468,2.8221,28.659169,2.368820,0.319885,2.8668,0.1469,0.088917,-0.471558,0.0313,28.659169,2.368820,0.549541,4.0392,-1.000000,1.209039,231.2199,0,1,clay,1.0000,0.500000,0,0,0.000000,0.000000,0.000000,0,nan,0.00,0.021896,0.1341,0.0283,0.011561,0.1603,0.52,6.69,7.74,6.64,-0.575424,12.0161,-1.2171,0.008000,0.081325,0.1116,-0.083719,0.006634,0.008173,-1636.3106929313503,146.38621445686147,-606.2414149152592,255.20900329548567,-0.097121,0.008964,6653.8,5966.7,-0.212453,0.006262,1.000000,2.8705,1.0000,,,,,
10.9560,1778833325.589919,826,28.583744,2.481848,0.309807,2.8523,0.0885,0.077076,28.622906,2.353801,0.318357,2.8128,28.604185,2.490737,0.310519,2.8633,0.1296,0.079005,-0.464110,0.0038,28.604185,2.490737,0.589460,4.0392,-1.000000,1.179725,228.4491,0,1,clay,1.0000,0.500000,0,0,0.000000,0.000000,0.000000,0,nan,0.00,-0.000831,0.1387,0.0269,-0.000439,0.1745,0.53,6.69,7.74,6.70,-0.562199,12.0671,-1.2264,0.008000,0.084504,-1.0755,-0.071474,-0.000202,0.009077,-1763.801943710654,219.03478805545362,-645.1341094400475,273.21904359462974,-0.100158,0.010153,6651.9,5968.7,-0.209054,-0.041588,-1.000000,2.8669,1.0000,,,,,
10.9680,1778833325.601895,827,28.685724,2.352064,0.311467,2.7925,0.0588,0.072846,28.654060,2.366834,0.319219,2.8018,28.706077,2.360720,0.312124,2.8490,0.1116,0.071341,-0.458632,-0.0082,28.706077,2.360720,0.550209,4.0392,-0.576357,1.165328,236.3099,0,1,clay,1.0000,0.500000,0,0,0.000000,0.000000,0.000000,0,nan,0.00,-0.013930,0.1436,0.0256,-0.007355,0.1885,0.52,6.69,7.72,6.65,-0.574166,13.0525,-1.2374,0.008000,0.072893,-0.7506,-0.065353,-0.001632,0.016931,-1838.5528082807923,298.3703695353835,-685.6590950136072,309.90526596839135,-0.102870,0.012688,6650.4,5970.1,-0.206528,-0.015914,-1.000000,2.8525,1.0000,,,,,
10.9800,1778833325.613842,828,28.636136,2.447871,0.320536,2.7211,0.0546,0.073120,28.685114,2.379745,0.320086,2.7911,28.656214,2.456451,0.321150,2.8236,0.0974,0.066205,-0.444986,-0.0118,28.656214,2.456451,0.624538,4.0392,-1.000000,1.142602,238.3300,0,1,clay,1.0000,0.500000,0,0,0.000000,0.000000,0.000000,0,nan,0.00,-0.036658,0.1487,0.0244,-0.019355,0.2022,0.51,6.68,7.69,6.63,-0.561255,13.1022,-1.2481,0.008000,0.176998,-0.4152,-0.070420,-0.010324,0.014103,-1024.0624087523458,522.966296344117,-714.6917841773725,338.38468118623786,-0.102420,0.015143,6646.9,5973.6,-0.200440,0.005706,-0.576357,2.8271,1.0000,,,,,
10.9920,1778833325.631265,829,28.705754,2.418149,0.323429,2.7817,0.1349,0.067251,28.716102,2.392542,0.320909,2.7835,28.725730,2.426689,0.323995,2.8149,0.0971,0.059192,-0.436272,-0.0270,28.725730,2.426689,0.534459,4.0392,-1.000000,1.125581,239.6189,0,1,clay,1.0000,0.500000,0,0,0.000000,0.000000,0.000000,0,nan,0.00,-0.059385,0.1541,0.0232,-0.031355,0.2157,0.51,6.68,7.70,6.73,-0.548458,13.1494,-1.2557,0.008000,0.102103,-0.6479,-0.064691,0.010155,0.023991,-1264.019759206641,415.27314374408155,-820.9537563912505,264.9414759256683,-0.112843,0.010876,6644.7,5975.9,-0.196509,-0.024993,-1.000000,2.8183,1.0000,,,,,
11.0040,1778833325.638611,830,28.780522,2.278840,0.313617,2.7740,0.0325,0.060557,28.747077,2.405013,0.321584,2.7743,28.801180,2.287195,0.314146,2.8063,0.0791,0.051419,-0.431661,-0.0393,28.801180,2.287195,0.505388,4.0394,1.000000,1.120427,246.3836,0,1,clay,1.0000,0.500000,0,0,0.000000,0.000000,0.000000,0,nan,0.00,-0.036658,0.1596,0.0221,-0.019355,0.2291,0.62,6.68,7.91,6.67,-0.535987,13.1880,-1.2651,0.008000,0.139026,-0.5451,-0.070910,0.003022,0.029261,-1869.5828979858777,81.90743507845139,-858.8530744496932,308.3373704983345,-0.115884,0.013686,6643.5,5977.0,-0.194528,-0.022941,-1.000000,2.8097,1.0000,,,,,
11.0160,1778833325.649871,831,28.784323,2.312082,0.303013,2.7799,0.0968,0.051920,28.778008,2.417269,0.322190,2.7634,28.804882,2.320115,0.303515,2.8005,0.0825,0.052041,-0.429603,-0.0115,28.804882,2.320115,0.568042,4.0394,1.000000,1.116263,249.4544,0,1,clay,1.0000,0.500000,0,0,0.000000,0.000000,0.000000,0,nan,0.00,-0.013930,0.1653,0.0210,-0.007355,0.2425,0.59,6.67,7.85,6.63,-0.523731,13.2227,-1.2760,0.008000,0.170210,-0.8584,-0.070103,-0.009851,0.015425,-1553.509115754191,-27.0130835495238,-733.7921976943467,256.4114776796861,-0.100040,0.010506,6643.0,5977.6,-0.193573,-0.023837,1.000000,2.8040,1.0000,,,,,
11.0280,1778833325.661933,832,28.895795,2.447071,0.317571,2.8007,0.0595,0.029846,28.808930,2.429195,0.322657,2.7562,28.916188,2.455244,0.318021,2.8000,0.0782,0.048349,-0.419039,0.0005,28.916188,2.455244,0.524399,4.0396,-0.714898,1.099581,244.7279,0,1,clay,1.0000,0.500000,0,0,0.000000,0.000000,0.000000,0,nan,0.00,-0.030178,0.1711,0.0200,-0.015934,0.2557,0.58,6.67,7.82,6.66,-0.511805,13.2495,-1.2834,0.008000,0.112294,-0.7377,-0.064138,-0.003076,0.016844,-1821.1068166478376,-337.4566308813851,-567.5130557562393,214.02594403907707,-0.079842,0.007890,6640.3,5980.3,-0.188878,-0.032901,1.000000,2.8033,1.0000,,,,,
11.0400,1778833325.673973,833,28.848533,2.477720,0.323859,2.8363,0.0885,0.029266,28.839852,2.440824,0.323016,2.7471,28.868877,2.485890,0.324246,2.8065,0.0740,0.039353,-0.409090,-0.0215,28.868877,2.485890,0.619239,4.0396,-1.000000,1.078978,243.6502,0,1,clay,1.0000,0.500000,0,0,0.000000,0.000000,0.000000,0,nan,0.00,-0.052905,0.1771,0.0191,-0.027934,0.2687,0.56,6.66,7.79,6.62,-0.500176,13.2701,-1.2924,0.008000,0.141449,0.3325,-0.039858,-0.004073,0.003793,-1771.6328002347232,-240.89097977700126,-622.3608320858589,143.37631772680174,-0.083565,0.003697,6637.7,5982.8,-0.184413,-0.043967,-0.714898,2.8097,1.0000,,,,,
11.0520,1778833325.685827,834,28.994750,2.441396,0.322175,2.7237,-0.0716,0.042558,28.870658,2.452484,0.323490,2.7386,29.014946,2.449157,0.322523,2.7900,0.0443,0.033604,-0.385456,-0.0357,29.014946,2.449157,0.533651,4.0392,-0.421719,1.051945,247.9053,0,1,clay,1.0000,0.500000,0,0,0.000000,0.000000,0.000000,0,nan,0.00,-0.062490,0.1833,0.0181,-0.032995,0.2813,0.54,6.67,7.75,6.72,-0.488516,13.2972,-1.3006,0.008000,0.085311,-0.3782,-0.026565,-0.030657,0.006328,13.26043296404697,-286.36443230143226,-642.9387526723059,282.8246314627821,-0.082566,0.013000,6631.7,5988.9,-0.173882,-0.009358,-1.000000,2.7931,1.0000,,,,,
11.0640,1778833325.697939,835,28.866198,2.502744,0.330270,2.6792,0.1078,0.046011,28.901360,2.464201,0.324043,2.7345,28.886199,2.510659,0.330600,2.7681,0.0511,0.031336,-0.369023,-0.0363,28.886199,2.510659,0.611857,4.0396,-1.000000,1.019371,249.6071,0,1,clay,1.0000,0.500000,0,0,0.000000,0.000000,0.000000,0,nan,0.00,-0.085217,0.1896,0.0173,-0.044995,0.2935,0.54,6.68,7.76,6.71,-0.497599,14.2901,-1.3051,0.008000,0.099885,0.6789,-0.045881,0.005553,0.028748,-1009.1380127859762,213.99199263712978,-744.0172085547165,195.18496764553782,-0.090033,0.008531,6627.5,5993.1,-0.166541,0.008861,-0.421719,2.7710,1.0000,,,,,
11.0760,1778833325.709861,836,28.928318,2.428943,0.310336,2.7822,0.0128,0.044929,28.932070,2.475644,0.324445,2.7274,28.948475,2.436316,0.310640,2.7703,0.0387,0.026568,-0.374112,-0.0527,28.948475,2.436316,0.530423,4.0395,1.000000,1.010739,250.8641,0,1,clay,1.0000,0.500000,0,0,0.000000,0.000000,0.000000,0,nan,0.00,-0.062490,0.1960,0.0164,-0.032995,0.3057,0.53,6.67,7.73,6.64,-0.486156,14.3132,-1.3121,0.008000,0.058412,-0.5112,-0.029900,0.007133,0.034565,-1868.3450459734445,134.2975018582565,-797.5859034870118,244.5908090264248,-0.096852,0.011338,6628.7,5991.9,-0.168667,-0.036386,-1.000000,2.7732,1.0000,,,,,
11.0880,1778833325.729692,837,28.861911,2.459297,0.324645,2.7305,-0.0494,0.023038,28.962774,2.486825,0.324756,2.7205,28.881895,2.466755,0.324926,2.7621,0.0254,0.027061,-0.358436,-0.0253,28.881895,2.466755,0.637138,4.0396,0.059639,0.989664,252.4176,0,1,clay,1.0000,0.500000,0,0,0.000000,0.000000,0.000000,0,nan,0.00,-0.061134,0.2025,0.0157,-0.032279,0.3175,0.52,6.69,7.73,6.78,-0.474975,14.3310,-1.3191,0.008000,0.119404,-0.1791,-0.014218,-0.007038,0.030786,-1606.8819863335284,-356.01773999435204,-624.0401661771589,310.1195639867246,-0.074067,0.015383,6624.7,5995.9,-0.161706,-0.013534,1.000000,2.7649,1.0000,,,,,
11.1000,1778833325.737083,838,28.991389,2.497749,0.324550,2.6751,0.1019,0.009830,28.993504,2.497686,0.324929,2.7140,29.013749,2.506081,0.324802,2.7445,0.0334,0.019251,-0.349416,-0.0318,29.013749,2.506081,0.618767,4.0392,-1.000000,0.972272,256.7250,0,1,clay,1.0000,0.500000,0,0,0.000000,0.000000,0.000000,0,nan,0.00,-0.083862,0.2091,0.0149,-0.044279,0.3292,1.00,6.68,8.67,6.60,-0.464114,14.3409,-1.3251,0.008000,0.037026,-0.3073,-0.023769,0.009630,0.028358,-1464.7113488925058,-209.9222510936878,-661.266071949063,151.1543382645496,-0.073890,0.006487,6622.6,5997.9,-0.158075,0.007925,0.059639,2.7475,1.0000,,,,,
11.1120,1778833325.745951,839,28.984826,2.497950,0.330682,2.7965,-0.0138,0.009473,29.024229,2.508380,0.325069,2.7120,29.006838,2.506085,0.330870,2.7541,0.0195,0.011223,-0.341692,-0.0528,29.006838,2.506085,0.621124,4.0392,-1.000000,0.954899,254.5332,0,1,clay,1.0000,0.500000,0,0,0.000000,0.000000,0.000000,0,nan,0.00,-0.106589,0.2158,0.0142,-0.056279,0.3407,0.92,6.68,8.52,6.71,-0.453420,14.3489,-1.3273,0.008000,0.133877,0.6528,-0.006100,-0.010446,0.006673,-1595.9502037709794,-221.85349932155248,-683.9341912714476,164.33273903562778,-0.077819,0.007318,6620.6,6000.0,-0.154525,-0.058635,-1.000000,2.7570,1.0000,,,,,
11.1240,1778833325.758026,840,28.996661,2.532996,0.335208,2.6911,-0.0369,0.022557,29.054809,2.519208,0.325347,2.7025,29.018353,2.540947,0.335366,2.7417,0.0049,0.006768,-0.305411,-0.0647,29.018353,2.540947,0.602608,4.0391,-1.000000,0.913282,254.8873,0,1,clay,1.0000,0.500000,0,0,0.000000,0.000000,0.000000,0,nan,0.00,-0.129316,0.2226,0.0135,-0.068279,0.3516,0.87,6.68,8.42,6.66,-0.442592,14.3648,-1.3366,0.008000,0.133460,1.5177,-0.013320,-0.026199,0.004313,-589.1944262288049,400.8146893868247,-798.5335680007436,217.42966897997817,-0.083389,0.011249,6611.3,6009.2,-0.138401,0.003540,-1.000000,2.7443,1.0000,,,,,
11.1360,1778833325.769886,841,29.118807,2.557684,0.333029,2.7131,0.0069,0.020785,29.085364,2.530003,0.325626,2.6989,29.140168,2.565379,0.333158,2.7357,-0.0003,0.002605,-0.296395,-0.0766,29.140168,2.565379,0.589385,4.0382,-1.000000,0.883986,257.3166,0,1,clay,1.0000,0.500000,0,0,0.000000,0.000000,0.000000,0,nan,0.00,-0.152044,0.2294,0.0129,-0.080279,0.3622,0.81,6.67,8.29,6.63,-0.431797,14.3808,-1.3393,0.008000,0.058565,0.5829,-0.019870,-0.009099,0.023805,-508.88148115060204,899.6214738796618,-905.5741829618435,210.65591235861092,-0.093020,0.011114,6608.9,6011.6,-0.134214,-0.007686,-1.000000,2.7382,1.0000,,,,,
11.1480,1778833325.781870,842,29.060969,2.592574,0.310492,2.6174,-0.0787,0.013615,29.115900,2.540640,0.325826,2.6936,29.082087,2.599432,0.310586,2.7125,-0.0187,-0.002325,-0.280335,-0.0885,29.082087,2.599432,0.722991,4.0385,-0.911013,0.854260,261.3984,0,1,clay,1.0000,0.500000,0,0,0.000000,0.000000,0.000000,0,nan,0.00,-0.172748,0.2362,0.0122,-0.091211,0.3725,0.76,6.67,8.18,6.65,-0.421160,14.3923,-1.3450,0.008000,0.069729,-1.0135,-0.050740,-0.022582,0.025812,-987.6347173979334,722.9016352599017,-960.0385094524909,294.53838053097707,-0.096345,0.016305,6604.8,6015.8,-0.126972,0.030362,-1.000000,2.7148,1.0000,,,,,
11.1600,1778833325.793853,843,29.085895,2.623761,0.325849,2.6961,-0.0365,0.003244,29.146487,2.550999,0.325892,2.6904,29.106664,2.630725,0.325902,2.7090,-0.0269,-0.007768,-0.269226,-0.0986,29.106664,2.630725,0.696224,4.0383,-1.000000,0.826291,261.6033,0,1,clay,1.0000,0.500000,0,0,0.000000,0.000000,0.000000,0,nan,0.00,-0.195476,0.2432,0.0117,-0.103211,0.3824,0.71,6.66,8.08,6.62,-0.427301,15.4186,-1.3480,0.008000,0.205462,-0.0020,-0.040292,-0.012337,0.029204,-1764.7804352409876,-195.57290362540476,-1023.3113062651717,289.2834777194269,-0.101949,0.016167,6601.9,6018.7,-0.121922,0.003187,-0.911013,2.7112,1.0000,,,,,
11.1720,1778833325.805915,844,29.158065,2.566943,0.321187,2.6910,-0.0423,-0.006874,29.177123,2.561074,0.325840,2.6868,29.178706,2.573609,0.321189,2.7052,-0.0353,-0.014476,-0.260949,-0.1112,29.178706,2.573609,0.580571,4.0382,0.351047,0.807428,263.2150,0,1,clay,1.0000,0.500000,0,0,0.000000,0.000000,0.000000,0,nan,0.00,-0.187497,0.2501,0.0111,-0.098999,0.3921,0.68,6.67,8.02,6.73,-0.417226,15.4156,-1.3514,0.008000,0.045132,-0.7189,-0.023934,-0.017555,0.028178,-1769.0325282052304,-133.66872671327306,-1082.1028248809055,269.41350842234954,-0.108077,0.015241,6599.7,6020.8,-0.118143,0.002126,-1.000000,2.7073,1.0000,,,,,
11.1840,1778833325.817914,845,29.267424,2.671791,0.326945,2.7680,-0.0028,-0.004551,29.207767,2.571006,0.325773,2.6823,29.288003,2.678560,0.326929,2.7169,-0.0313,-0.014784,-0.261258,-0.0962,29.288003,2.678560,0.648711,4.0405,-1.000000,0.794361,262.0194,0,1,clay,1.0000,0.500000,0,0,0.000000,0.000000,0.000000,0,nan,0.00,-0.210225,0.2571,0.0106,-0.110999,0.4016,0.65,6.70,8.00,6.89,-0.407294,15.4118,-1.3582,0.008000,0.154292,0.7820,-0.013819,-0.013394,0.021474,-1799.4976359173916,-399.8175680181295,-1093.4628544411207,210.56344785972541,-0.102192,0.011882,6599.8,6020.8,-0.118197,-0.019168,0.351047,2.7190,1.0000,,,,,
11.1960,1778833325.870704,846,29.255997,2.571294,0.317056,2.7029,-0.0774,-0.034525,29.238635,2.580064,0.325171,2.6727,29.276643,2.577619,0.316963,2.7134,-0.0458,-0.025391,-0.306731,-0.1190,29.276643,2.577619,0.576929,4.0401,0.462180,0.830105,265.1446,0,1,clay,1.0000,0.500000,0,0,0.000000,0.000000,0.000000,0,nan,0.00,-0.199720,0.2640,0.0101,-0.105452,0.4116,0.62,7.06,8.31,9.10,-0.398236,15.3773,-1.3674,0.008000,0.114835,-0.6059,-0.010381,-0.019666,0.014290,-1129.1233150993612,-374.434497097311,-979.8219632493865,201.54856776950672,-0.104143,0.010904,6611.2,6009.3,-0.138222,0.009301,-1.000000,2.7159,1.0000,,,,,
11.2440,1778833325.880697,847,29.365711,2.584732,0.323116,2.7270,-0.0736,-0.007056,29.362103,2.617103,0.323637,2.6864,29.388353,2.591559,0.322978,2.7192,-0.0647,-0.028113,-0.243751,-0.1014,29.388353,2.591559,0.572776,4.0434,-0.021692,0.795424,263.4443,0,1,clay,1.0000,0.500000,0,0,0.000000,0.000000,0.000000,0,nan,0.00,-0.201692,0.2963,0.0081,-0.106494,0.4498,0.81,7.00,8.62,6.61,-0.361197,15.2894,-1.3570,0.008000,0.077748,-0.5903,0.015241,-0.007599,0.041007,2348.9866884994663,120.30677395858538,-952.6741313306975,299.5000449910856,-0.086690,0.016631,6595.5,6025.0,-0.110810,0.009698,0.115545,2.7213,1.0000,,,,,
11.2560,1778833325.889914,848,29.332799,2.649242,0.331770,2.6584,0.0068,0.000861,29.392780,2.627141,0.323625,2.6912,29.354817,2.656176,0.331638,2.7073,-0.0564,-0.028090,-0.217838,-0.1067,29.354817,2.656176,0.680603,4.0427,-1.000000,0.752038,265.0762,0,1,clay,1.0000,0.500000,0,0,0.000000,0.000000,0.000000,0,nan,0.00,-0.224420,0.3032,0.0077,-0.118494,0.4588,0.76,6.96,8.48,6.73,-0.363059,16.3297,-1.3516,0.008000,0.031976,1.2271,0.024673,0.013650,0.046165,840.4231757487303,-423.371535498987,-977.428585253287,223.7484931827486,-0.091878,0.013092,6588.8,6031.7,-0.099176,0.031060,-0.086768,2.7092,1.0000,,,,,
11.2680,1778833325.901855,849,29.432724,2.600586,0.325661,2.6784,-0.0609,0.003877,29.423455,2.637285,0.323637,2.6933,29.454434,2.607213,0.325522,2.7015,-0.0637,-0.031198,-0.197792,-0.1269,29.454434,2.607213,0.566242,4.0425,0.059350,0.714411,266.8098,0,1,clay,1.0000,0.500000,0,0,0.000000,0.000000,0.000000,0,nan,0.00,-0.223071,0.3101,0.0074,-0.117781,0.4674,0.72,6.92,8.36,6.72,-0.352915,16.3303,-1.3492,0.008000,0.132019,0.0307,0.021132,0.022927,0.059382,1356.1656032184449,60.75673301947825,-1134.4217830109546,266.7262288819028,-0.102766,0.015412,6583.7,6036.9,-0.090120,0.030235,-1.000000,2.7032,1.0000,,,,,
11.2800,1778833325.913989,850,29.357444,2.656735,0.319044,2.6671,0.0032,0.015287,29.454055,2.647716,0.323806,2.6945,29.378917,2.663250,0.318933,2.6946,-0.0550,-0.027496,-0.190546,-0.1173,29.378917,2.663250,0.670200,4.0432,-1.000000,0.685836,266.6925,0,1,clay,1.0000,0.500000,0,0,0.000000,0.000000,0.000000,0,nan,0.00,-0.245798,0.3170,0.0070,-0.129781,0.4756,0.70,6.88,8.28,6.66,-0.342484,16.3400,-1.3487,0.008000,0.079817,-0.0400,0.017136,0.030459,0.057787,1279.6029359853842,-461.8990990662488,-1168.4620587837549,237.86451946882573,-0.107044,0.014105,6581.7,6038.8,-0.086758,0.041110,0.059350,2.6962,1.0000,,,,,
11.2920,1778833325.968608,851,29.518683,2.684450,0.329713,2.7416,0.0443,0.058431,29.484495,2.658793,0.324374,2.6961,29.539898,2.691340,0.329662,2.7031,-0.0464,-0.023876,-0.227438,-0.1380,29.539898,2.691340,0.643634,4.0346,-1.000000,0.701329,268.7053,0,1,clay,1.0000,0.500000,0,0,0.000000,0.000000,0.000000,0,nan,0.00,-0.268525,0.3238,0.0067,-0.141781,0.4840,0.68,7.21,8.57,9.04,-0.331407,16.3726,-1.3384,0.008000,0.081308,0.2442,0.014186,0.051776,0.077688,704.2516826526506,240.892100490615,-1276.1773772548718,264.6754630054354,-0.130979,0.015314,6591.0,6029.6,-0.102920,0.020970,-1.000000,2.7050,1.0000,,,,,
11.3400,1778833325.978535,852,29.593854,2.735577,0.338384,2.7701,0.0017,-0.014433,29.607142,2.701651,0.325380,2.7120,29.617026,2.743173,0.338201,2.7356,-0.0434,-0.038749,-0.146895,-0.1507,29.617026,2.994227,0.030005,4.0253,-1.000000,0.636628,263.4974,0,1,clay,1.0000,0.500000,0,0,0.000000,0.000000,0.000000,0,nan,0.00,-0.359435,0.3548,0.0054,-0.189781,0.5146,0.85,7.12,8.83,6.65,-0.288549,16.4302,-1.3133,0.044000,0.099388,1.3728,0.054116,0.068560,0.066904,-1966.7327277754475,116.94603646080199,-1343.1983253068197,15.288152539111081,-0.138574,0.003006,6570.7,6049.8,-0.067619,0.021744,-0.250000,2.7369,1.0000,,,,,
11.3520,1778833325.985736,853,29.687634,2.687296,0.323077,2.7734,-0.0453,-0.023430,29.638229,2.711442,0.325137,2.7180,29.710463,2.694142,0.322814,2.7429,-0.0601,-0.053409,-0.121566,-0.1985,29.710463,2.694142,0.633872,4.0285,-0.578555,0.582233,259.7467,0,1,clay,1.0000,0.500000,0,0,0.000000,0.000000,0.000000,0,nan,0.00,-0.372584,0.3613,0.0051,-0.196724,0.5216,0.78,7.06,8.62,6.70,-0.286058,17.5403,-1.3105,0.008000,0.042742,0.1668,0.049128,0.071024,0.064611,-1763.7933965804236,186.41098744581103,-1644.1438946597373,11.324230894387782,-0.181371,0.002791,6564.2,6056.4,-0.056116,0.021657,-4.000000,2.7440,1.0000,,,,,
11.3640,1778833325.997889,854,29.605041,2.697656,0.326358,2.8025,-0.1717,-0.024192,29.669462,2.721025,0.324812,2.7231,29.627629,2.704214,0.326068,2.7544,-0.0855,-0.056774,-0.101265,-0.2017,29.627629,2.704214,0.620732,4.0246,-0.512376,0.532844,255.2015,0,1,clay,1.0000,0.500000,0,0,0.000000,0.000000,0.000000,0,nan,0.00,-0.384228,0.3678,0.0049,-0.202873,0.5279,0.74,7.00,8.47,6.63,-0.276475,17.5217,-1.3015,0.008000,0.038245,-0.1416,0.069785,0.040859,0.065314,-1483.0070907234694,-228.21752798315967,-1572.0163229538443,214.97666427486018,-0.175204,0.011398,6558.9,6061.7,-0.046905,0.011014,-0.578555,2.7553,1.0000,,,,,
11.3760,1778833326.009861,855,29.700945,2.774574,0.324275,2.6955,0.0788,-0.030918,29.700818,2.730461,0.324428,2.7300,29.723044,2.781070,0.323956,2.7431,-0.0663,-0.060375,-0.076989,-0.2072,29.723044,2.996956,0.021337,4.0312,-1.000000,0.484304,260.2209,0,1,clay,1.0000,0.500000,0,0,0.000000,0.000000,0.000000,0,nan,0.00,-0.406956,0.3743,0.0047,-0.214873,0.5338,0.70,6.94,8.34,6.64,-0.267039,17.4997,-1.3011,0.008000,0.092638,0.1073,0.061970,0.067236,0.060461,-1018.7387843453231,-45.537449124110196,-1594.1762738293728,-46.397402432861284,-0.187524,-0.000052,6552.6,6068.0,-0.035968,0.053151,-0.512376,2.7437,1.0000,,,,,
11.3880,1778833326.067521,856,29.751818,2.772566,0.328602,2.6953,-0.0867,-0.043036,29.732285,2.739780,0.323987,2.7309,29.773605,2.778869,0.328234,2.7336,-0.0794,-0.067469,-0.092162,-0.2232,29.773605,2.997925,0.016986,4.0493,-1.000000,0.471363,263.9662,0,1,clay,1.0000,0.500000,0,0,0.000000,0.000000,0.000000,0,nan,0.00,-0.429683,0.3807,0.0044,-0.226873,0.5394,0.67,7.32,8.67,9.48,-0.257720,17.4744,-1.3183,0.008000,0.118990,0.7115,0.058796,0.052949,0.056343,-70.59297496634721,133.0352990424622,-1676.5552888626707,-29.51353511850904,-0.191464,0.000891,6556.3,6064.2,-0.042465,0.086636,-1.000000,2.7344,1.0000,,,,,
11.4360,1778833326.077899,857,29.922758,2.755093,0.320273,2.7181,0.0106,-0.023419,29.859048,2.776558,0.321809,2.7581,29.946484,2.761810,0.319822,2.7263,-0.0682,-0.075747,-0.011813,-0.2359,29.946484,2.999779,0.005399,4.1760,-0.211316,0.397141,267.4768,0,1,clay,1.0000,0.500000,0,0,0.000000,0.000000,0.000000,0,nan,0.00,-0.448894,0.4090,0.0036,-0.237016,0.5585,0.86,7.24,8.95,6.77,-0.220942,17.3496,-1.4179,0.044000,0.125182,-0.4012,0.046029,0.080663,0.063768,2078.4001099646916,128.4131481095838,-1664.2396641309442,-221.0219594146173,-0.210104,-0.008646,6536.0,6084.5,-0.007096,0.079766,-0.250000,2.7264,1.0000,,,,,
11.4480,1778833326.085240,858,29.822706,2.736365,0.325252,2.7678,0.0158,-0.004181,29.890631,2.786637,0.321711,2.7664,29.848597,2.743838,0.324752,2.7346,-0.0701,-0.079444,0.019142,-0.2391,29.848597,2.998978,0.011273,4.0959,0.141323,0.329263,264.1949,0,1,clay,1.0000,0.500000,0,0,0.000000,0.000000,0.000000,0,nan,0.00,-0.445682,0.4149,0.0034,-0.235320,0.5624,1.30,7.16,9.77,6.73,-0.213363,18.2638,-1.3295,0.008000,0.104023,-0.5199,0.013543,0.097751,0.081297,1821.3425308610244,296.0595237349244,-1897.1386263393215,-203.09828939444424,-0.224179,-0.008576,6528.1,6092.5,0.006725,0.068696,-0.845265,2.7344,1.0000,,,,,
11.4600,1778833326.093901,859,29.992490,2.855977,0.326030,2.7236,0.0757,-0.000652,29.922220,2.797011,0.321728,2.7739,30.017417,2.863414,0.325587,2.7327,-0.0545,-0.074506,0.036751,-0.2340,30.017417,3.000045,0.002267,4.2348,-1.000000,0.274419,266.2447,0,1,clay,1.0000,0.500000,0,0,0.000000,0.000000,0.000000,0,nan,0.00,-0.468409,0.4208,0.0032,-0.247320,0.5657,1.17,7.09,9.44,6.68,-0.202989,18.2648,-1.4609,0.008000,0.090302,0.4903,0.001606,0.122190,0.087857,1837.6536406987996,131.5767575291859,-1949.1346492803386,-283.5879999588499,-0.230251,-0.012366,6523.5,6097.1,0.014844,0.088312,0.141323,2.7323,1.0000,,,,,
11.4720,1778833326.105897,860,30.030429,2.781980,0.320712,2.8736,0.0157,0.009075,29.953838,2.807672,0.321840,2.7856,30.054919,2.789188,0.320302,2.7602,-0.0564,-0.075054,0.059921,-0.2566,30.054919,3.000106,0.001016,4.2634,-1.000000,0.225911,260.3948,0,1,clay,1.0000,0.500000,0,0,0.000000,0.000000,0.000000,0,nan,0.00,-0.491136,0.4265,0.0031,-0.259320,0.5684,1.08,7.02,9.18,6.65,-0.192328,18.2712,-1.4778,0.008000,0.136282,0.0184,0.015400,0.145111,0.107000,1501.1262103806034,111.18461353231379,-2073.624103545312,-214.38479575924882,-0.245390,-0.009890,6517.4,6103.1,0.025337,0.041916,-1.000000,2.7597,1.0000,,,,,
11.4840,1778833326.165639,861,29.932386,2.785008,0.322371,2.8047,-0.0022,0.012277,29.985543,2.818499,0.321974,2.7934,29.956324,2.792111,0.321994,2.7691,-0.0600,-0.074068,0.082541,-0.2683,29.956324,2.999830,0.004908,4.1844,-0.783700,0.178703,256.4577,0,1,clay,1.0000,0.500000,0,0,0.000000,0.000000,0.000000,0,nan,0.00,-0.508948,0.4322,0.0029,-0.268724,0.5706,0.99,7.32,9.31,8.99,-0.181501,18.2789,-1.3909,0.008000,0.088038,0.2551,0.033020,0.132398,0.107106,1423.2672487164518,4.7178631772173105,-2154.0943642652446,-108.48812576794546,-0.258981,-0.006329,6511.6,6109.0,0.035546,0.008814,-1.000000,2.7684,1.0000,,,,,
11.5320,1778833326.175440,862,30.122615,2.817878,0.320695,2.7892,0.1241,0.031919,30.112316,2.865693,0.324490,2.8356,30.147598,2.825921,0.320417,2.7799,-0.0193,-0.066647,0.135452,-0.2761,30.147598,3.000101,-0.000824,4.3280,-0.418342,0.106776,256.6579,0,1,clay,1.0000,0.500000,0,0,0.000000,0.000000,0.000000,0,nan,0.00,-0.546979,0.4564,0.0024,-0.288805,0.5757,1.06,7.25,9.37,6.83,-0.134307,18.4231,-1.4924,0.044000,0.089788,-0.0454,0.054242,0.200514,0.133259,-2446.1640192665686,659.695340097016,-2229.7293179067706,-318.83254263047104,-0.299381,-0.015476,6498.1,6122.5,0.059062,0.099392,-0.195925,2.7786,1.0000,,,,,
11.5440,1778833326.182820,863,30.164110,2.871670,0.321701,2.8238,-0.0157,0.002290,30.144594,2.876627,0.324484,2.8439,30.192497,2.880426,0.321287,2.7889,-0.0464,-0.081765,0.145071,-0.2933,30.192497,3.000057,-0.001076,4.3575,-1.000000,0.057265,255.3063,0,1,clay,1.0000,0.500000,0,0,0.000000,0.000000,0.000000,0,nan,0.00,-0.569706,0.4614,0.0023,-0.300805,0.5764,1.70,7.15,10.56,6.63,-0.123373,18.6368,-1.5136,0.008000,0.063156,0.5416,0.062268,0.178759,0.129478,-2679.1715595324094,143.32308026124747,-2338.50514623506,-194.56093872009478,-0.312614,-0.011077,6495.5,6125.1,0.063552,0.093487,-1.673370,2.7873,1.0000,,,,,
11.5560,1778833326.189982,864,30.214057,2.929610,0.320865,2.8254,-0.0999,-0.016250,30.177106,2.887081,0.324253,2.8490,30.241506,2.937692,0.320418,2.7963,-0.0702,-0.086884,0.155563,-0.3110,30.241506,3.000007,-0.000875,4.3894,-1.000000,0.019458,255.0467,0,1,clay,1.0000,0.500000,0,0,0.000000,0.000000,0.000000,0,nan,0.00,-0.592433,0.4664,0.0022,-0.312805,0.5766,1.54,7.07,10.14,6.58,-0.112919,18.6236,-1.5405,0.008000,0.153906,0.2325,0.058214,0.158078,0.133368,-2672.62057953319,-22.332367013503074,-2358.9171036322805,4.464468793351031,-0.311245,-0.003913,6492.7,6127.8,0.068428,0.095818,-1.000000,2.7947,1.0000,,,,,
11.5680,1778833326.201915,865,30.190951,2.816676,0.312228,2.8735,0.0501,-0.042622,30.209864,2.897101,0.323799,2.8567,30.217560,2.824193,0.311722,2.8116,-0.0656,-0.093484,0.170104,-0.3226,30.217560,3.000030,-0.001035,4.3738,0.782985,-0.011539,249.9241,0,1,clay,1.0000,0.500000,0,0,0.000000,0.000000,0.000000,0,nan,0.00,-0.574638,0.4712,0.0020,-0.303409,0.5765,1.38,7.00,9.76,6.63,-0.102899,18.5975,-1.5171,0.008000,0.148887,-0.3385,0.073623,0.147040,0.111178,-2824.2519940359416,74.1012515453886,-2380.153469240414,-204.45203152928002,-0.319956,-0.011609,6488.9,6131.6,0.075023,0.082511,-1.000000,2.8100,1.0000,,,,,
11.5800,1778833326.213876,866,30.190578,2.973684,0.328364,2.8326,0.0393,-0.047724,30.242826,2.906838,0.323223,2.8657,30.216180,2.981374,0.327844,2.8161,-0.0557,-0.091410,0.182575,-0.2960,30.216180,3.000032,-0.001041,4.3729,-1.000000,-0.045830,251.9794,0,1,clay,1.0000,0.500000,0,0,0.000000,0.000000,0.000000,0,nan,0.00,-0.597365,0.4759,0.0020,-0.315409,0.5759,1.24,6.98,9.47,6.89,-0.093162,18.5646,-1.5072,0.008000,0.174520,0.8919,0.048134,0.153559,0.106616,-2386.951390984359,94.30699019943933,-2341.078595954297,-358.5453720655338,-0.306641,-0.017657,6485.7,6134.9,0.080662,0.097410,0.782985,2.8143,1.0000,,,,,
11.5920,1778833326.265867,867,30.307783,2.977160,0.316368,2.8656,-0.0220,-0.120267,30.276322,2.915116,0.321731,2.8711,30.333029,2.984029,0.315687,2.8260,-0.0670,-0.109621,0.193922,-0.3247,30.333029,2.999967,-0.000072,4.4502,-1.000000,-0.073035,250.1272,0,1,clay,1.0000,0.500000,0,0,0.000000,0.000000,0.000000,0,nan,0.00,-0.620093,0.4805,0.0019,-0.327409,0.5751,1.13,7.23,9.50,8.65,-0.084884,18.4791,-1.5791,0.008000,0.141234,0.1020,0.046892,0.153578,0.095252,-1768.83518368444,-1296.9933177118173,-2315.590686724361,-589.8243775416665,-0.303369,-0.026762,6482.7,6137.8,0.085811,0.094153,-1.000000,2.8243,1.0000,,,,,
11.6400,1778833326.275317,868,30.449510,2.990491,0.324665,2.9552,-0.0322,-0.052220,30.410211,2.952578,0.319078,2.9133,30.476194,2.997596,0.323858,2.8908,-0.0929,-0.121947,0.255627,-0.3369,30.476194,2.999994,0.000266,4.5466,-1.000000,-0.146334,239.2383,0,1,clay,1.0000,0.500000,0,0,0.000000,0.000000,0.000000,0,nan,0.00,-0.711002,0.4996,0.0015,-0.375409,0.5680,1.15,7.14,9.44,6.62,-0.047422,18.2697,-1.6333,0.008000,0.095161,0.6253,0.094957,0.101280,0.073227,-1050.5656700648394,-219.29075699418055,-2288.845900013907,-467.3919080577839,-0.301847,-0.023029,6467.1,6153.5,0.113176,0.060660,-0.250000,2.8884,1.0000,,,,,
11.6520,1778833326.286125,869,30.520997,3.027597,0.328537,2.9124,-0.0817,-0.051391,30.444004,2.961974,0.318462,2.9232,30.547050,3.034352,0.327683,2.8955,-0.1151,-0.134618,0.265200,-0.3847,30.547050,3.000007,0.000090,4.5935,-1.000000,-0.195660,240.4927,0,1,clay,1.0000,0.500000,0,0,0.000000,0.000000,0.000000,0,nan,0.00,-0.733729,0.5035,0.0014,-0.387409,0.5657,1.07,7.07,9.20,6.68,-0.038026,18.2344,-1.6703,0.008000,0.095600,0.8839,0.089640,0.109560,0.087276,-975.6364003309311,169.0079035294645,-2281.4269520466164,-359.35803290905665,-0.343894,-0.018956,6464.5,6156.1,0.117695,0.076683,-4.000000,2.8930,1.0000,,,,,
11.6640,1778833326.297991,870,30.525153,2.938343,0.325118,3.0066,-0.0592,-0.053969,30.477917,2.971333,0.317839,2.9308,30.550776,2.944807,0.324266,2.9175,-0.1221,-0.137453,0.271721,-0.3964,30.550776,3.000007,0.000082,4.5960,0.816041,-0.227181,232.4237,0,1,clay,1.0000,0.500000,0,0,0.000000,0.000000,0.000000,0,nan,0.00,-0.715183,0.5073,0.0014,-0.377616,0.5630,0.98,7.01,8.97,6.64,-0.028667,18.1987,-1.6651,0.008000,0.068641,0.7671,0.103167,0.120938,0.095928,-1066.4994521523186,349.5969088747609,-2478.3761521385304,-320.23404313996764,-0.352553,-0.017367,6462.7,6157.9,0.120755,0.055192,-1.000000,2.9150,1.0000,,,,,
11.6760,1778833326.309933,871,30.512510,3.032005,0.322044,2.9390,-0.0816,-0.053266,30.511985,2.980535,0.317119,2.9397,30.537603,3.038226,0.321229,2.9221,-0.1242,-0.131882,0.278620,-0.3704,30.537603,3.000006,0.000112,4.5873,-1.000000,-0.252762,233.8979,0,1,clay,1.0000,0.500000,0,0,0.000000,0.000000,0.000000,0,nan,0.00,-0.737910,0.5110,0.0013,-0.389616,0.5599,0.91,6.95,8.77,6.65,-0.019465,18.1575,-1.6476,0.008000,0.143506,1.1270,0.091029,0.115250,0.103795,-1281.3874968283085,347.93821350565,-2422.7246810197803,-245.2334760634719,-0.338527,-0.014610,6460.9,6159.7,0.123906,0.073898,0.816041,2.9197,1.0000,,,,,
11.6880,1778833326.364852,872,30.519081,2.991037,0.313170,2.9026,-0.0974,-0.094905,30.546218,2.989337,0.316167,2.9356,30.543782,2.996690,0.312290,2.9184,-0.1370,-0.142256,0.237028,-0.3983,30.543782,3.000007,0.000097,4.5914,0.722501,-0.229073,231.6407,0,1,clay,1.0000,0.500000,0,0,0.000000,0.000000,0.000000,0,nan,0.00,-0.721489,0.5146,0.0012,-0.380946,0.5572,0.85,7.23,8.93,8.83,-0.010663,18.1029,-1.6558,0.008000,0.068694,-0.3171,0.082040,0.097899,0.092277,-766.3421746895139,-900.0802851562441,-2444.7453288792294,-317.1426320911377,-0.341580,-0.016094,6471.4,6149.2,0.105622,0.089572,-1.000000,2.9164,1.0000,,,,,
11.7360,1778833326.374549,873,30.704604,3.001091,0.308268,2.9203,-0.0925,-0.126677,30.685498,3.020745,0.310295,2.9790,30.730867,3.006359,0.307078,2.9206,-0.1539,-0.165137,0.248729,-0.3744,30.730867,3.000001,-0.000069,4.7118,0.108117,-0.226235,232.1679,0,1,clay,1.0000,0.500000,0,0,0.000000,0.000000,0.000000,0,nan,0.00,-0.711661,0.5296,0.0010,-0.375757,0.5463,0.94,7.15,9.03,6.65,0.020745,17.7818,-1.7328,0.044000,0.106725,0.2030,0.072859,0.093006,0.075629,683.1309658484423,-1873.9309453474682,-2322.206581096426,-623.590859954787,-0.307180,-0.029012,6468.4,6152.1,0.110745,0.095139,0.180625,2.9183,1.0000,,,,,
11.7480,1778833326.381767,874,30.658485,3.063091,0.312192,3.0628,-0.1455,-0.078238,30.720467,3.028933,0.309129,2.9836,30.684249,3.068334,0.311064,2.9484,-0.1634,-0.161599,0.242030,-0.3748,30.684249,3.000005,-0.000076,4.6822,-1.000000,-0.222653,228.4151,0,1,clay,1.0000,0.500000,0,0,0.000000,0.000000,0.000000,0,nan,0.00,-0.734388,0.5327,0.0009,-0.387757,0.5436,0.86,7.06,8.78,6.61,0.028933,17.7150,-1.6986,0.008000,0.101240,0.0303,0.029884,0.096435,0.089104,2400.892323761781,-1551.6711235531493,-2337.14364092221,-479.1071579369487,-0.299131,-0.022404,6470.2,6150.4,0.107751,0.052798,0.432467,2.9463,1.0000,,,,,
11.7600,1778833326.393930,875,30.742073,3.028404,0.307608,2.9794,-0.0965,-0.056784,30.755236,3.037792,0.308369,2.9871,30.767372,3.033463,0.306536,2.9549,-0.1680,-0.160609,0.251110,-0.3964,30.767372,2.999999,-0.000044,4.7350,0.359436,-0.227818,225.9819,0,1,clay,1.0000,0.500000,0,0,0.000000,0.000000,0.000000,0,nan,0.00,-0.726219,0.5358,0.0009,-0.383444,0.5409,0.81,7.00,8.62,6.65,0.037792,17.6715,-1.7479,0.008000,0.112793,-0.3789,0.030654,0.110694,0.105581,2269.693703228686,-752.6994600877741,-2409.267187868119,-361.10154250953065,-0.313853,-0.018063,6467.9,6152.7,0.111728,0.075916,-1.000000,2.9527,1.0000,,,,,
11.7720,1778833326.405952,876,30.840258,3.006232,0.309754,3.0411,-0.0876,-0.042005,30.789912,3.047127,0.307847,2.9913,30.865212,3.011422,0.308771,2.9719,-0.1644,-0.151465,0.252289,-0.3804,30.865212,2.999998,0.000007,4.7965,-0.048227,-0.232237,222.7339,0,1,clay,1.0000,0.500000,0,0,0.000000,0.000000,0.000000,0,nan,0.00,-0.727315,0.5388,0.0009,-0.384022,0.5381,0.77,6.96,8.49,6.72,0.047127,17.6416,-1.8052,0.008000,0.002049,-0.0439,0.025134,0.119380,0.120323,2666.1100307123024,-709.4707633152964,-2389.041753949848,-238.09886239078514,-0.314120,-0.013454,6467.6,6153.0,0.112253,0.050078,0.359436,2.9698,1.0000,,,,,
11.7840,1778833326.462835,877,30.829157,3.009100,0.312927,2.9913,-0.0059,-0.025824,30.824500,3.056940,0.307553,2.9954,30.853749,3.014539,0.312025,2.9761,-0.1510,-0.144551,0.253646,-0.3844,30.853749,2.999998,0.000003,4.7893,-0.584337,-0.236234,222.3822,0,1,clay,1.0000,0.500000,0,0,0.000000,0.000000,0.000000,0,nan,0.00,-0.740595,0.5417,0.0008,-0.391034,0.5353,0.73,7.22,8.69,8.72,0.056940,17.6247,-1.7940,0.008000,0.089823,0.2800,0.023950,0.134989,0.125641,2738.1184763774154,-351.4285162309495,-2393.663878602371,-232.47294907203323,-0.325110,-0.013321,6467.2,6153.3,0.112858,0.073812,-0.048227,2.9739,1.0000,,,,,
11.8320,1778833326.472397,878,30.885105,3.092221,0.307561,2.9744,0.0960,0.020266,30.962438,3.100185,0.307883,3.0272,30.910872,3.098888,0.306889,2.9768,-0.0900,-0.121548,0.297267,-0.3963,30.910872,2.999998,0.000018,4.8250,-0.767542,-0.277108,227.9128,0,1,clay,1.0000,0.500000,0,0,0.000000,0.000000,0.000000,0,nan,0.00,-0.810372,0.5540,0.0007,-0.427876,0.5220,0.85,7.14,8.85,6.65,0.100185,17.6395,-1.7978,0.044000,0.066162,0.5441,0.032030,0.228153,0.175859,2518.588190735052,-119.64006976316017,-2484.794889167948,-304.9515560438043,-0.382078,-0.016907,6456.1,6164.4,0.132186,0.082125,-0.146084,2.9742,1.0000,,,,,
11.8440,1778833326.479609,879,31.055691,3.145433,0.310260,3.0101,-0.0490,0.023142,30.996958,3.111713,0.308179,3.0358,31.082495,3.152287,0.309566,2.9839,-0.1127,-0.128965,0.301761,-0.4350,31.082495,3.000001,0.000001,4.9294,-0.430058,-0.304291,231.2404,0,1,clay,1.0000,0.500000,0,0,0.000000,0.000000,0.000000,0,nan,0.00,-0.820146,0.5566,0.0006,-0.433037,0.5183,1.06,7.06,9.18,6.62,0.111713,17.6565,-1.8936,0.008000,0.096561,1.1285,0.035663,0.224925,0.193776,2508.667395651929,-73.59687798553716,-2382.8169431104043,-61.399817973495686,-0.419879,-0.007852,6454.9,6165.7,0.134371,0.076935,-3.070170,2.9811,1.0000,,,,,
11.8560,1778833326.489897,880,31.070051,3.108935,0.311222,3.1139,0.0092,0.033863,31.031478,3.123561,0.308594,3.0439,31.096304,3.115842,0.310624,3.0096,-0.1094,-0.121057,0.305953,-0.4369,31.096304,3.000001,-0.000000,4.9371,-1.000000,-0.322959,224.0744,0,1,clay,1.0000,0.500000,0,0,0.000000,0.000000,0.000000,0,nan,0.00,-0.842873,0.5591,0.0006,-0.445037,0.5145,0.98,7.01,8.97,6.76,0.123561,17.6802,-1.8932,0.008000,0.092406,0.9349,0.034194,0.234553,0.204461,2538.576301295792,-397.0822546361785,-2526.015673074251,61.19011336070952,-0.430706,-0.003144,6453.8,6166.8,0.136300,0.047303,-0.430058,3.0068,1.0000,,,,,
11.8680,1778833326.501980,881,31.027089,3.218275,0.306596,3.0831,0.0311,0.047200,31.065977,3.135790,0.309128,3.0518,31.052925,3.225107,0.306077,3.0243,-0.1063,-0.115995,0.310593,-0.4539,31.052925,3.000001,0.000006,4.9123,-1.000000,-0.340756,230.4904,0,1,clay,1.0000,0.500000,0,0,0.000000,0.000000,0.000000,0,nan,0.00,-0.865601,0.5615,0.0006,-0.457037,0.5104,0.91,6.97,8.79,6.73,0.135790,17.7108,-1.8604,0.008000,0.140405,0.9237,0.041604,0.245646,0.217714,2498.3224799126338,668.250433056838,-2612.783590587608,157.73442705430887,-0.449978,0.000649,6452.6,6168.0,0.138397,0.061339,-1.000000,3.0216,1.0000,,,,,
11.8800,1778833326.560901,882,31.076347,3.204369,0.310757,3.0541,-0.0291,0.054533,31.100488,3.148335,0.309760,3.0591,31.101697,3.211233,0.310313,3.0304,-0.1132,-0.110499,0.292524,-0.4657,31.101697,3.000001,-0.000001,4.9401,1.000000,-0.333769,229.0017,0,1,clay,1.0000,0.500000,0,0,0.000000,0.000000,0.000000,0,nan,0.00,-0.842873,0.5639,0.0005,-0.445037,0.5064,0.84,7.21,8.90,8.54,0.148335,17.7471,-1.8810,0.008000,0.164623,0.9816,0.030687,0.233692,0.219817,2495.019580829209,-21.04621357191951,-2611.1224519322855,357.7495949263145,-0.464704,0.008341,6457.1,6163.4,0.130463,0.028121,-1.000000,3.0279,1.0000,,,,,
11.9280,1778833326.570279,883,31.170389,3.308608,0.318413,3.1265,0.0239,0.070660,31.239091,3.200262,0.312510,3.0946,31.196924,3.316484,0.318163,3.0789,-0.1024,-0.089691,0.302661,-0.4360,31.196924,3.316484,-0.351515,4.9843,-1.000000,-0.343225,243.5039,0,1,clay,1.0000,0.500000,0,0,0.000000,0.000000,0.000000,0,nan,0.00,-0.933782,0.5724,0.0004,-0.493037,0.4899,0.89,7.15,8.93,6.81,0.200262,17.9057,-1.8897,0.044000,0.239805,1.1943,0.074717,0.236286,0.242387,2895.3648284924107,1830.4677291461628,-2626.358946811997,613.5334337649267,-0.470615,0.019603,6454.6,6166.0,0.134961,0.083961,0.250000,3.0762,1.0000,,,,,
11.9400,1778833326.577686,884,31.316827,3.274860,0.321124,3.0098,0.0767,0.074122,31.273759,3.214025,0.313386,3.1060,31.346090,3.283440,0.320748,3.0664,-0.1190,-0.113936,0.304596,-0.5030,31.346090,3.000000,0.000000,5.0000,-1.000000,-0.346544,235.4098,0,1,clay,1.0000,0.500000,0,0,0.000000,0.000000,0.000000,0,nan,0.00,-0.956510,0.5740,0.0004,-0.505037,0.4857,1.40,7.07,9.86,6.62,0.214025,17.9559,-1.8940,0.008000,0.160060,1.5120,0.056774,0.206966,0.227938,3060.9158468396104,2266.399078393275,-2393.125745891133,599.5751428363778,-0.526049,0.019034,6454.0,6166.6,0.135997,0.116723,-4.000000,3.0633,1.0000,,,,,
11.9520,1778833326.585856,885,31.310263,3.236499,0.317513,3.1249,0.1620,0.073315,31.308484,3.228082,0.314289,3.1183,31.338517,3.245007,0.317199,3.0784,-0.0957,-0.109089,0.331344,-0.5146,31.338517,3.000000,-0.000000,5.0000,-1.000000,-0.372543,228.2259,0,1,clay,1.0000,0.500000,0,0,0.000000,0.000000,0.000000,0,nan,0.00,-0.979237,0.5754,0.0004,-0.517037,0.4813,1.26,7.01,9.53,6.71,0.228082,18.0076,-1.8817,0.008000,0.070411,1.1942,0.061148,0.255270,0.248513,3007.6885692616725,1439.4809174731492,-2650.3144192115496,448.03639430099616,-0.549085,0.012980,6447.2,6173.4,0.147767,0.089683,-1.000000,3.0752,1.0000,,,,,
11.9640,1778833326.598000,886,31.373021,3.289112,0.313312,3.0688,0.0794,0.077591,31.343246,3.242456,0.315235,3.1314,31.400494,3.297386,0.313050,3.0772,-0.0904,-0.105144,0.342641,-0.5264,31.400494,3.297386,-0.325430,5.0000,-0.913577,-0.395643,241.2007,0,1,clay,1.0000,0.500000,0,0,0.000000,0.000000,0.000000,0,nan,0.00,-1.000000,0.5766,0.0004,-0.528000,0.4765,1.16,6.96,9.28,6.67,0.242456,18.0618,-1.8686,0.008000,0.111660,0.8476,0.033821,0.259042,0.249162,2559.7191084176193,1272.2550503056734,-2652.098781883233,461.57845419049136,-0.550000,0.013819,6444.3,6176.3,0.152823,0.113820,-1.000000,3.0740,1.0000,,,,,
11.9760,1778833326.609909,887,31.406064,3.254325,0.322185,3.2049,0.1708,0.085997,31.378039,3.257194,0.316278,3.1412,31.432874,3.262954,0.321982,3.1025,-0.0706,-0.099976,0.343653,-0.5363,31.432874,3.000000,0.000001,5.0000,1.000000,-0.410269,231.2070,0,1,clay,1.0000,0.500000,0,0,0.000000,0.000000,0.000000,0,nan,0.00,-0.977273,0.5776,0.0004,-0.516000,0.4716,1.06,6.97,9.09,7.00,0.257194,18.1213,-1.8588,0.008000,0.065479,1.5875,0.043948,0.287861,0.262684,2733.6918010847844,477.4253117251377,-2615.0237164135874,351.9687261788945,-0.550000,0.009567,6444.0,6176.5,0.153322,0.080679,-0.913577,3.0993,1.0000,,,,,
11.9880,1778833326.662247,888,31.499185,3.299544,0.310751,3.0989,0.0575,0.111275,31.412836,3.272253,0.317444,3.1491,31.525548,3.307864,0.310654,3.1020,-0.0668,-0.085629,0.308404,-0.5071,31.525548,3.307864,-0.338288,4.9987,-1.000000,-0.386882,241.6022,0,1,clay,1.0000,0.500000,0,0,0.000000,0.000000,0.000000,0,nan,0.00,-1.000000,0.5785,0.0003,-0.528000,0.4670,0.97,7.37,9.31,9.62,0.272253,18.1881,-1.8496,0.008000,0.102358,0.6582,0.039586,0.290401,0.271040,2365.270590111475,518.7076473176749,-2683.9188639602894,500.61112414004975,-0.550000,0.016001,6452.9,6167.6,0.137787,0.121330,1.000000,3.0992,1.0000,,,,,
