sim_time,wall_time,seq,x_fa_meas,y_fa_meas,psi_meas,u_meas,v_meas,omega_meas,x_fa_true,y_fa_true,psi_true,u_true,x_fa_comp,y_fa_comp,psi_comp,u_comp,v_comp,omega_comp,ax_state,delta_prev_state,x_ref_0,y_ref_0,psi_ref_0,v_ref_0,delta_dot,Jx,mpc_cost,solver_status,solver_iters,terrain_class_est,terrain_confidence,n_terrain_est,terrain_update_applied,residual_enabled,residual_du_pred,residual_dv_pred,residual_domega_pred,residual_updates,residual_last_loss,residual_last_update_ms,steering,throttle,braking,steering_angle,acceleration,tau_one_way_ms,tau_solve_ms,tau_comp_ms,solve_time_ms,crosstrack_err,heading_err_deg,speed_err,pred1_age_s,pred1_pos_err_m,pred1_psi_err_deg,pred1_u_err_mps,pred1_v_err_mps,pred1_omega_err_radps,actual_Fy_front,actual_Fy_rear,pred_Fy_front,pred_Fy_rear,alpha_f,alpha_r,Fz_f_mean,Fz_r_mean,kappa_diag,kappa_meas_diag,sr_diag,u_safe_diag,speed_fade_diag,force_resid_dFy_f,force_resid_dFy_r,force_resid_updates,force_resid_bias_f,force_resid_bias_r
0.0000,1778909407.192769,0,1.659160,-0.018044,-0.004773,0.0503,0.0519,0.001199,1.648994,-0.000000,-0.000000,-0.0020,1.661271,-0.017615,-0.004759,0.0452,0.0002,0.000009,-0.114243,0.0000,1.661271,0.000000,-0.000000,1.6471,0.000000,2.000000,245.1213,4,1,estimating,0.0000,0.700000,0,0,0.000000,0.000000,0.000000,0,nan,0.00,0.000000,0.0517,0.0000,0.000000,0.2000,17.08,9.29,43.45,5.24,-0.000000,-0.0000,-1.6491,nan,nan,nan,nan,nan,nan,0.0,0.0,-198.54370222033472,-344.12224493279837,-0.107161,-0.099326,6560.9,6059.7,-0.021009,0.000000,0.000000,0.5000,1.0000,,,,,
0.0120,1778909407.198675,1,1.595835,-0.003175,0.004776,0.0531,0.0343,-0.001202,1.648913,-0.000001,-0.000000,-0.0094,1.597798,-0.002760,0.004787,0.0484,0.0004,0.000015,-0.021719,0.0000,1.597798,0.000000,0.000000,1.7205,0.000000,2.000000,222.5409,4,1,estimating,0.0000,0.700000,0,0,0.000000,0.000000,0.000000,0,nan,0.00,0.000000,0.0562,0.0000,0.000000,0.2240,15.27,8.73,39.27,5.59,-0.000001,-0.0000,-1.7299,nan,nan,nan,nan,nan,nan,0.0,0.0,-134.88438147451058,-294.3025178675706,-0.098960,-0.094155,6557.6,6062.9,-0.018640,0.000000,0.000000,0.5000,1.0000,,,,,
0.0240,1778909407.204813,2,1.792780,-0.050605,-0.005367,-0.0407,-0.0137,0.000058,1.648775,-0.000002,-0.000002,-0.0124,1.794195,-0.050309,-0.005358,0.0393,0.0005,0.000019,-0.011611,0.0000,1.794195,-0.000000,-0.000000,1.4512,0.000000,2.000000,204.6482,4,1,estimating,0.0000,0.700000,0,0,0.000000,0.000000,0.000000,0,nan,0.00,0.000000,0.0612,0.0000,0.000000,0.2480,13.32,7.89,34.54,3.13,-0.000002,-0.0001,-1.4636,nan,nan,nan,nan,nan,nan,0.0,0.0,-13.026748906938735,-122.88482740767608,-0.074655,-0.070690,6552.8,6067.7,-0.015147,0.000000,0.000000,0.5000,1.0000,,,,,
0.0360,1778909407.214924,3,1.709487,0.005574,-0.008802,-0.0266,0.0082,-0.000865,1.648627,-0.000004,-0.000003,-0.0120,1.710485,0.005819,-0.008796,0.0322,0.0007,0.000029,0.002130,0.0000,1.710485,0.000000,-0.000000,1.5825,0.000000,2.000000,258.7652,4,1,estimating,0.0000,0.700000,0,0,0.000000,0.000000,0.000000,0,nan,0.00,0.000000,0.0666,0.0000,0.000000,0.2720,11.40,7.14,29.93,2.88,-0.000004,-0.0002,-1.5945,nan,nan,nan,nan,nan,nan,0.0,0.0,11.022387142218747,-70.35032249118998,-0.062883,-0.060783,6547.0,6073.6,-0.010894,0.000000,0.000000,0.5000,1.0000,,,,,
0.0480,1778909407.226934,4,1.716318,0.089826,0.002108,0.0202,-0.0306,-0.001806,1.648492,-0.000007,-0.000005,-0.0106,1.717128,0.089980,0.002110,0.0304,0.0007,0.000028,0.021390,0.0000,1.717128,0.000000,-0.000000,1.5731,0.000000,2.000000,240.5726,4,1,estimating,0.0000,0.700000,0,0,0.000000,0.000000,0.000000,0,nan,0.00,0.000000,0.0726,0.0000,0.000000,0.2960,9.76,6.49,26.02,2.82,-0.000007,-0.0003,-1.5837,nan,nan,nan,nan,nan,nan,0.0,0.0,4.436732159890951,-10.039111571087972,-0.037808,-0.038416,6540.1,6080.5,-0.005875,0.000000,0.000000,0.5000,1.0000,,,,,
0.0600,1778909407.238969,5,1.577860,-0.074450,-0.000336,0.0221,0.0425,0.002381,1.648463,-0.000004,-0.000003,0.0006,1.578540,-0.074262,-0.000331,0.0297,0.0013,0.000054,0.058072,0.0000,1.578540,0.000000,0.000000,1.7413,0.000000,2.000000,251.6478,4,1,estimating,0.0000,0.700000,0,0,0.000000,0.000000,0.000000,0,nan,0.00,0.000000,0.0791,0.0000,0.000000,0.3200,8.38,5.95,22.70,2.85,-0.000004,-0.0002,-1.7407,nan,nan,nan,nan,nan,nan,0.0,0.0,18.831135775562302,-12.509759065086484,-0.048400,-0.045852,6529.0,6091.5,0.002129,0.000000,0.000000,0.5000,1.0000,,,,,
0.0720,1778909407.250916,6,1.622488,0.007876,-0.001629,0.0530,-0.0138,0.000039,1.648468,0.000001,-0.000000,0.0002,1.623181,0.008002,-0.001625,0.0347,0.0013,0.000053,0.075082,0.0000,1.623181,0.000000,0.000000,1.6922,0.000000,2.000000,285.5289,4,1,estimating,0.0000,0.700000,0,0,0.000000,0.000000,0.000000,0,nan,0.00,0.000000,0.0859,0.0000,0.000000,0.3440,7.19,5.49,19.87,2.89,0.000001,-0.0000,-1.6921,nan,nan,nan,nan,nan,nan,0.0,0.0,5.1619635518491265,5.746662006353745,-0.033744,-0.031637,6523.2,6097.3,0.006329,0.000000,0.000000,0.5000,1.0000,,,,,
0.0840,1778909407.263050,7,1.675408,0.005668,-0.005777,0.0579,0.0145,-0.001685,1.648453,0.000006,0.000003,-0.0008,1.676105,0.005781,-0.005775,0.0396,0.0017,0.000064,0.090707,0.0000,1.676105,0.000000,-0.000000,1.6284,0.000000,2.000000,241.7158,4,1,estimating,0.0000,0.700000,0,0,0.000000,0.000000,0.000000,0,nan,0.00,0.000000,0.0932,0.0000,0.000000,0.3680,6.21,5.12,17.54,3.05,0.000006,0.0002,-1.6293,nan,nan,nan,nan,nan,nan,0.0,0.0,4.302429745256418,9.283028289166708,-0.031776,-0.032228,6518.1,6102.5,0.010096,0.000000,0.000000,0.5000,1.0000,,,,,
0.0960,1778909407.274925,8,1.672115,-0.020532,-0.004272,0.0682,0.0145,-0.000322,1.648434,0.000013,0.000007,-0.0008,1.672824,-0.020424,-0.004271,0.0456,0.0022,0.000074,0.108556,0.0000,1.672824,0.000000,-0.000000,1.6326,0.000000,2.000000,237.8032,4,1,estimating,0.0000,0.700000,0,0,0.000000,0.000000,0.000000,0,nan,0.00,0.000000,0.1009,0.0000,0.000000,0.3920,5.35,4.81,15.51,3.07,0.000013,0.0004,-1.6334,nan,nan,nan,nan,nan,nan,0.0,0.0,5.379835918511404,13.706680110757944,-0.031023,-0.031799,6512.5,6108.1,0.014147,0.000000,0.000000,0.5000,1.0000,,,,,
0.1080,1778909407.289365,9,1.581177,0.021461,-0.002072,0.0944,-0.0695,-0.001044,1.648415,0.000020,0.000011,-0.0007,1.581945,0.021452,-0.002073,0.0554,-0.0001,-0.000016,0.127250,0.0000,1.581945,0.000000,0.000000,1.7377,0.000000,2.000000,297.2988,4,1,estimating,0.0000,0.700000,0,0,0.000000,0.000000,0.000000,0,nan,0.00,0.000000,0.1090,0.0000,0.000000,0.4160,4.63,4.66,13.92,3.77,0.000020,0.0006,-1.7383,0.008000,0.135904,0.1447,-0.446165,-0.000785,-0.001912,0.0,0.0,-14.63510324443952,12.052779464261974,0.002516,0.000555,6506.9,6113.7,0.018223,0.000000,0.000000,0.5000,1.0000,,,,,
0.1200,1778909407.298894,10,1.678120,-0.016156,0.004263,-0.0693,-0.0153,0.001369,1.648397,0.000026,0.000014,-0.0006,1.678681,-0.016177,0.004262,0.0451,-0.0007,-0.000024,0.145973,0.0000,1.678681,0.000000,-0.000000,1.6251,0.000000,2.000000,222.0293,4,1,estimating,0.0000,0.700000,0,0,0.000000,0.000000,0.000000,0,nan,0.00,0.000000,0.1174,0.0000,0.000000,0.4400,4.01,4.41,12.43,3.02,0.000026,0.0008,-1.6257,0.008000,0.033248,-0.0243,-0.456584,-0.003599,0.001029,0.0,0.0,-10.0050415199091,18.15584359159611,0.007116,0.007284,6501.4,6119.2,0.022184,0.000000,0.000000,0.5000,1.0000,,,,,
0.1320,1778909407.310937,11,1.600086,0.062772,-0.000540,0.0111,-0.0279,0.001045,1.648380,0.000033,0.000018,-0.0005,1.600518,0.062722,-0.000540,0.0389,-0.0020,-0.000041,0.164514,0.0000,1.600518,0.000000,0.000000,1.7176,0.000000,2.000000,271.2395,4,1,estimating,0.0000,0.700000,0,0,0.000000,0.000000,0.000000,0,nan,0.00,0.000000,0.1262,0.0000,0.000000,0.4640,3.48,4.20,11.17,3.03,0.000033,0.0011,-1.7181,0.008000,0.269141,0.2604,-0.462842,-0.008303,-0.002518,0.0,0.0,2.906454575918744,33.65804475470462,0.015894,0.017365,6496.1,6124.5,0.026070,0.000000,0.000000,0.5000,1.0000,,,,,
0.1440,1778909407.322942,12,1.626653,-0.050707,-0.003566,0.0200,0.0573,0.001540,1.648364,0.000041,0.000023,-0.0004,1.627009,-0.050680,-0.003563,0.0356,0.0012,0.000080,0.182328,0.0000,1.627009,0.000000,0.000000,1.6878,0.000000,2.000000,244.6771,4,1,estimating,0.0000,0.700000,0,0,0.000000,0.000000,0.000000,0,nan,0.00,0.000000,0.1353,0.0000,0.000000,0.4880,3.03,4.05,10.12,3.17,0.000041,0.0013,-1.6883,0.008000,0.145127,0.2892,-0.466385,0.004392,-0.001345,0.0,0.0,-10.295016215465779,21.451554862598897,-0.010305,-0.007150,6491.0,6129.6,0.029752,0.000000,0.000000,0.5000,1.0000,,,,,
0.1560,1778909407.334893,13,1.698303,-0.009004,0.001181,0.0544,-0.0917,-0.002082,1.648349,0.000048,0.000027,-0.0003,1.698664,-0.009084,0.001180,0.0396,-0.0045,-0.000127,0.200687,0.0000,1.698664,0.000000,-0.000000,1.5987,0.000000,2.000000,221.9369,4,1,estimating,0.0000,0.700000,0,0,0.000000,0.000000,0.000000,0,nan,0.00,0.000000,0.1447,0.0000,0.000000,0.5120,2.64,3.87,9.16,2.88,0.000048,0.0015,-1.5991,0.008000,0.120769,-0.0348,-0.464320,-0.014209,0.003201,0.0,0.0,30.712727911239725,63.076385884462184,0.028467,0.028351,6485.9,6134.7,0.033471,0.000000,0.000000,0.5000,1.0000,,,,,
0.1680,1778909407.346832,14,1.650663,0.068236,-0.008579,0.0204,-0.0310,0.000635,1.648334,0.000055,0.000031,-0.0002,1.650962,0.068140,-0.008580,0.0362,-0.0061,-0.000149,0.218598,0.0000,1.650962,0.000000,0.000000,1.6597,0.000000,2.000000,226.0973,4,1,estimating,0.0000,0.700000,0,0,0.000000,0.000000,0.000000,0,nan,0.00,0.000000,0.1544,0.0000,0.000000,0.5360,2.31,3.75,8.37,3.04,0.000055,0.0018,-1.6599,0.008000,0.144134,-0.4860,-0.471364,-0.017461,-0.002243,0.0,0.0,47.39825741305731,86.53107322598896,0.034562,0.035280,6480.9,6139.7,0.037076,0.000000,0.000000,0.5000,1.0000,,,,,
0.1800,1778909407.358966,15,1.585330,-0.036856,-0.001083,0.0256,0.0317,-0.001123,1.648320,0.000063,0.000035,-0.0002,1.585593,-0.036897,-0.001084,0.0345,-0.0030,-0.000097,0.235595,0.0000,1.585593,0.000000,0.000000,1.7338,0.000000,2.000000,247.8386,4,1,estimating,0.0000,0.700000,0,0,0.000000,0.000000,0.000000,0,nan,0.00,0.000000,0.1644,0.0000,0.000000,0.5600,2.04,3.62,7.71,2.92,0.000063,0.0020,-1.7340,0.008000,0.099273,0.0303,-0.474773,-0.007942,-0.000258,0.0,0.0,7.794071542849835,39.97032463671951,0.016295,0.015438,6476.3,6144.3,0.040445,0.000000,0.000000,0.5000,1.0000,,,,,
0.1920,1778909407.371001,16,1.649013,-0.005965,0.005127,-0.0555,-0.0456,0.000698,1.648307,0.000071,0.000039,-0.0001,1.649212,-0.006038,0.005126,0.0282,-0.0062,-0.000075,0.252825,0.0000,1.649212,0.000000,0.000000,1.6618,0.000000,2.000000,228.9146,4,1,estimating,0.0000,0.700000,0,0,0.000000,0.000000,0.000000,0,nan,0.00,0.000000,0.1747,0.0000,0.000000,0.5840,1.82,3.53,7.17,2.99,0.000071,0.0023,-1.6619,0.008000,0.078834,0.6180,-0.482671,-0.015223,-0.001127,0.0,0.0,38.798663717089454,76.57225637237406,0.030339,0.030540,6471.6,6148.9,0.043822,0.000000,0.000000,0.5000,1.0000,,,,,
0.2040,1778909407.385632,17,1.747860,-0.012022,-0.005016,0.0100,0.0009,-0.000615,1.648295,0.000079,0.000044,-0.0000,1.748023,-0.012080,-0.005017,0.0250,-0.0053,-0.000111,0.270520,0.0000,1.748023,0.000000,-0.000000,1.5271,0.000000,2.000000,287.3240,4,1,estimating,0.0000,0.700000,0,0,0.000000,0.000000,0.000000,0,nan,0.00,0.000000,0.1852,0.0000,0.000000,0.6080,1.61,3.45,6.68,2.99,0.000079,0.0025,-1.5271,0.008000,0.025455,-0.0520,-0.487627,-0.012110,-0.001718,0.0,0.0,27.267796388238864,62.19568641663287,0.024516,0.023892,6466.9,6153.7,0.047262,0.000000,0.000000,0.5000,1.0000,,,,,
0.2160,1778909407.394874,18,1.634990,0.057139,-0.003161,-0.0142,-0.0587,0.002159,1.648284,0.000088,0.000048,0.0000,1.635114,0.057046,-0.003161,0.0205,-0.0097,-0.000078,0.286931,0.0000,1.635114,0.000000,0.000000,1.6785,0.000000,2.000000,235.4303,4,1,estimating,0.0000,0.700000,0,0,0.000000,0.000000,0.000000,0,nan,0.00,0.000000,0.1960,0.0000,0.000000,0.6320,1.44,3.35,6.23,2.82,0.000088,0.0028,-1.6784,0.008000,0.035837,-0.0613,-0.493992,-0.021121,0.000525,0.0,0.0,72.32391028884759,126.6032749288785,0.041130,0.043382,6462.5,6158.1,0.050440,0.000000,0.000000,0.5000,1.0000,,,,,
0.2280,1778909407.406885,19,1.638596,0.023089,-0.007539,-0.0334,0.0332,-0.001786,1.648273,0.000097,0.000053,0.0000,1.638690,0.023043,-0.007540,0.0169,-0.0051,-0.000112,0.303615,0.0000,1.638690,0.000000,0.000000,1.6743,0.000000,2.000000,241.8543,4,1,estimating,0.0000,0.700000,0,0,0.000000,0.000000,0.000000,0,nan,0.00,0.000000,0.2070,0.0000,0.000000,0.6560,1.29,3.34,5.91,3.23,0.000097,0.0030,-1.6742,0.008000,0.099524,-0.6733,-0.499490,-0.010602,0.000422,0.0,0.0,26.55819120477723,63.388443913005105,0.021424,0.020961,6458.1,6162.5,0.053653,0.000000,0.000000,0.5000,1.0000,,,,,
0.2400,1778909407.418894,20,1.686719,0.115384,0.006504,0.0191,-0.0040,0.000429,1.648263,0.000106,0.000057,0.0001,1.686814,0.115347,0.006503,0.0177,-0.0046,-0.000077,0.320224,0.0000,1.686814,0.000000,-0.000000,1.6146,0.000000,2.000000,289.2657,4,1,estimating,0.0000,0.700000,0,0,0.000000,0.000000,0.000000,0,nan,0.00,0.000000,0.2182,0.0000,0.000000,0.6800,1.17,3.28,5.61,2.93,0.000106,0.0033,-1.6144,0.008000,0.063011,0.4141,-0.500568,-0.009316,0.001862,0.0,0.0,25.204829808516607,63.788143071055956,0.018545,0.018720,6453.7,6166.8,0.056804,0.000000,0.000000,0.5000,1.0000,,,,,
0.2520,1778909407.430989,21,1.755887,0.033470,0.002664,-0.0744,0.1561,0.001069,1.648254,0.000116,0.000062,0.0001,1.755961,0.033562,0.002665,0.0146,0.0116,0.000280,0.336008,0.0000,1.755961,-0.000000,-0.000000,1.5146,0.000000,2.000000,238.6531,4,1,estimating,0.0000,0.700000,0,0,0.000000,0.000000,0.000000,0,nan,0.00,0.000000,0.2296,0.0000,0.000000,0.7040,1.08,3.22,5.38,2.92,0.000116,0.0036,-1.5144,0.008000,0.114235,0.3429,-0.505424,0.022692,-0.002202,0.0,0.0,45.740360742783295,80.77551149333334,-0.046078,-0.044574,6449.6,6170.9,0.059794,0.000000,0.000000,0.5000,1.0000,,,,,
0.2640,1778909407.442932,22,1.693305,-0.022637,0.005760,-0.1116,0.0492,0.000805,1.648245,0.000126,0.000067,0.0002,1.693363,-0.022526,0.005763,0.0121,0.0146,0.000370,0.352119,0.0000,1.693363,0.000000,-0.000000,1.6059,0.000000,2.000000,290.9544,4,1,estimating,0.0000,0.700000,0,0,0.000000,0.000000,0.000000,0,nan,0.00,0.000000,0.2412,0.0000,0.000000,0.7280,0.99,3.15,5.14,2.76,0.000126,0.0038,-1.6057,0.008000,0.058959,0.2624,-0.509739,0.027832,0.000332,0.0,0.0,31.25448112037128,72.3857340462247,-0.056685,-0.054448,6445.4,6175.1,0.062838,0.000000,0.000000,0.5000,1.0000,,,,,
0.2760,1778909407.454938,23,1.615178,0.018707,0.004168,-0.0964,-0.0670,0.001738,1.648237,0.000136,0.000072,0.0002,1.615224,0.018745,0.004171,0.0101,0.0051,0.000283,0.367327,0.0000,1.615224,0.000000,0.000000,1.7012,0.000000,2.000000,260.4860,4,1,estimating,0.0000,0.700000,0,0,0.000000,0.000000,0.000000,0,nan,0.00,0.000000,0.2531,0.0000,0.000000,0.7520,0.92,3.10,4.94,2.78,0.000136,0.0041,-1.7010,0.008000,0.100688,0.7311,-0.513529,0.009471,0.000730,0.0,0.0,44.217551359989244,86.04554998508723,-0.020884,-0.016855,6441.5,6179.1,0.065713,0.000000,0.000000,0.5000,1.0000,,,,,
0.2880,1778909407.466948,24,1.607998,0.037992,-0.003072,0.0522,-0.0504,0.001591,1.648229,0.000147,0.000077,0.0002,1.608084,0.037987,-0.003070,0.0186,-0.0012,0.000238,0.382337,0.0000,1.608084,0.000000,0.000000,1.7092,0.000000,2.000000,265.2532,4,1,estimating,0.0000,0.700000,0,0,0.000000,0.000000,0.000000,0,nan,0.00,0.000000,0.2651,0.0000,0.000000,0.7760,0.86,3.06,4.78,2.82,0.000147,0.0044,-1.7090,0.008000,0.080709,-0.1221,-0.506733,-0.002126,-0.000628,0.0,0.0,32.51592378069233,75.06409044868295,0.001703,0.006988,6437.6,6183.0,0.068537,0.000000,0.000000,0.5000,1.0000,,,,,
0.3000,1778909407.484330,25,1.567825,0.162656,-0.000419,-0.0100,-0.0288,0.003569,1.648222,0.000159,0.000082,0.0002,1.567893,0.162635,-0.000415,0.0154,-0.0041,0.000373,0.396522,0.0000,1.567893,0.000000,0.000000,1.7526,0.000000,2.000000,265.2110,4,1,estimating,0.0000,0.700000,0,0,0.000000,0.000000,0.000000,0,nan,0.00,0.000000,0.2773,0.0000,0.000000,0.8000,0.81,3.06,4.68,3.08,0.000159,0.0047,-1.7524,0.008000,0.215174,-0.3118,-0.511713,-0.007284,0.002367,0.0,0.0,39.48575596559439,89.42196417087655,0.010310,0.019132,6433.9,6186.7,0.071201,0.000000,0.000000,0.5000,1.0000,,,,,
0.3120,1778909407.490940,26,1.702186,-0.044543,0.000511,-0.0125,0.0652,0.000540,1.648215,0.000170,0.000087,0.0003,1.702241,-0.044514,0.000514,0.0128,0.0038,0.000467,0.411189,0.0000,1.702241,0.000000,-0.000000,1.5939,0.000000,1.500000,85.3692,0,1,estimating,0.0000,0.700000,0,0,0.000000,0.000000,0.000000,0,nan,0.00,0.000000,0.2895,0.0000,0.000000,0.8180,0.76,3.81,5.34,8.09,0.000170,0.0050,-1.5936,0.008000,0.103668,0.3076,-0.516109,0.006745,-0.000405,0.0,0.0,54.86483917197428,96.28286466971343,-0.017255,-0.009449,6430.2,6190.4,0.073932,0.000000,0.000000,0.5000,1.0000,,,,,
0.3240,1778909407.502951,27,1.713271,0.102044,0.004007,-0.0395,0.0080,0.001383,1.648209,0.000183,0.000092,0.0003,1.713323,0.102078,0.004011,0.0110,0.0037,0.000434,0.418233,0.0000,1.713323,0.000000,-0.000000,1.5785,0.000000,1.000000,76.2737,0,1,estimating,0.0000,0.700000,0,0,0.000000,0.000000,0.000000,0,nan,0.00,0.000000,0.3015,0.0000,0.000000,0.8300,0.72,4.05,5.49,5.37,0.000183,0.0053,-1.5782,0.008000,0.051763,0.4168,-0.519868,0.006991,0.002288,0.0,0.0,58.0574090744894,100.0206370554788,-0.017871,-0.009809,6428.0,6192.5,0.075463,0.000000,0.000000,0.5000,1.0000,,,,,
0.3360,1778909407.514935,28,1.637823,0.024667,-0.000461,0.0268,-0.0300,-0.000581,1.648203,0.000196,0.000097,0.0003,1.637895,0.024670,-0.000459,0.0146,-0.0001,0.000254,0.418419,0.0000,1.637895,0.000000,0.000000,1.6752,0.000000,0.572147,66.8971,0,1,estimating,0.0000,0.700000,0,0,0.000000,0.000000,0.000000,0,nan,0.00,0.000000,0.3133,0.0000,0.000000,0.8369,0.69,4.22,5.60,5.21,0.000196,0.0056,-1.6749,0.008000,0.053940,0.3994,-0.518056,-0.000172,-0.000204,0.0,0.0,48.89193971360271,91.82333139321057,-0.002435,0.003325,6427.4,6193.2,0.075949,0.000000,0.000000,0.5000,1.0000,,,,,
0.3480,1778909407.526897,29,1.662579,0.015706,-0.000145,0.0383,-0.0517,-0.001217,1.648198,0.000209,0.000103,0.0003,1.662681,0.015667,-0.000145,0.0196,-0.0051,0.000041,0.413470,0.0000,1.662681,0.000000,-0.000000,1.6453,0.000000,0.346483,63.1469,0,1,estimating,0.0000,0.700000,0,0,0.000000,0.000000,0.000000,0,nan,0.00,0.000000,0.3248,0.0000,0.000000,0.8410,0.66,4.36,5.68,5.15,0.000209,0.0059,-1.6451,0.008000,0.126466,-0.3506,-0.514680,-0.010146,0.005758,0.0,0.0,56.13322425496858,102.86235841022946,0.018800,0.021888,6428.1,6192.5,0.075454,0.000000,0.000000,0.5000,1.0000,,,,,
0.3600,1778909407.538957,30,1.692769,0.031639,-0.001266,0.0536,-0.0422,-0.000389,1.648193,0.000223,0.000108,0.0002,1.692912,0.031573,-0.001266,0.0266,-0.0081,-0.000063,0.406685,0.0000,1.692912,0.000000,-0.000000,1.6065,0.000000,0.229006,62.2437,0,1,estimating,0.0000,0.700000,0,0,0.000000,0.000000,0.000000,0,nan,0.00,0.000000,0.3359,0.0000,0.000000,0.8438,0.64,4.48,5.76,5.17,0.000223,0.0062,-1.6062,0.008000,0.116571,-0.2153,-0.509250,-0.016345,0.002033,0.0,0.0,77.98231387926953,129.9497609162498,0.031717,0.033709,6429.5,6191.1,0.074430,0.000000,0.000000,0.5000,1.0000,,,,,
0.3720,1778909407.551028,31,1.710803,0.004734,-0.001362,0.0438,-0.0265,-0.000856,1.648188,0.000237,0.000113,0.0002,1.710970,0.004658,-0.001363,0.0304,-0.0090,-0.000144,0.399407,0.0000,1.710970,0.000000,-0.000000,1.5818,0.000000,0.170440,61.2476,0,1,estimating,0.0000,0.700000,0,0,0.000000,0.000000,0.000000,0,nan,0.00,0.000000,0.3467,0.0000,0.000000,0.8458,0.62,4.58,5.81,5.13,0.000237,0.0065,-1.5816,0.008000,0.045036,-0.4044,-0.507098,-0.018314,0.000749,0.0,0.0,87.23684966870735,137.75752183227314,0.036364,0.036878,6431.1,6189.4,0.073210,0.000000,0.000000,0.5000,1.0000,,,,,
0.3840,1778909407.563077,32,1.599527,0.002070,-0.000779,0.0531,0.0587,0.000446,1.648183,0.000252,0.000119,0.0002,1.599724,0.002057,-0.000779,0.0352,-0.0017,0.000011,0.392351,0.0000,1.599724,0.000000,0.000000,1.7184,0.000000,0.159614,63.3633,0,1,estimating,0.0000,0.700000,0,0,0.000000,0.000000,0.000000,0,nan,0.00,0.000000,0.3572,0.0000,0.000000,0.8477,0.60,4.67,5.88,5.19,0.000252,0.0068,-1.7182,0.008000,0.071398,-0.2743,-0.503790,-0.003405,0.001775,0.0,0.0,39.445765657840354,82.32694080405594,0.006334,0.007319,6432.9,6187.7,0.071972,0.000000,0.000000,0.5000,1.0000,,,,,
0.3960,1778909407.582870,33,1.543040,-0.020196,0.004088,0.0768,0.0159,-0.001141,1.648182,0.000310,0.000136,0.0014,1.543288,-0.020194,0.004088,0.0437,0.0002,-0.000025,0.384058,0.0000,1.543288,0.000000,0.000000,1.7783,0.000000,0.170167,65.4105,0,1,estimating,0.0000,0.700000,0,0,0.000000,0.000000,0.000000,0,nan,0.00,0.000000,0.3673,0.0000,0.000000,0.8498,0.59,4.78,5.95,5.39,0.000310,0.0078,-1.7768,0.008000,0.132271,0.4129,-0.496797,0.000328,0.000387,56.154892157960845,38.10063688518858,36.748661196727596,81.67734524045574,-0.000335,-0.000999,6434.9,6185.6,0.070456,0.000000,0.000000,0.5000,1.0000,,,,,
0.4080,1778909407.588773,34,1.611677,0.045434,-0.003066,0.0475,0.0372,0.006320,1.648205,0.000506,0.000208,0.0046,1.611958,0.045473,-0.003062,0.0451,0.0034,0.000368,0.381268,0.0000,1.611958,0.000000,0.000000,1.7049,0.000000,0.168256,64.8980,0,1,estimating,0.0000,0.700000,0,0,0.000000,0.000000,0.000000,0,nan,0.00,0.000000,0.3772,0.0000,0.000000,0.8518,0.83,4.83,6.48,5.11,0.000506,0.0119,-1.7003,0.008000,0.117620,-0.1220,-0.497046,0.007460,0.006358,129.00670352757516,73.15834845871314,48.93448971729542,89.05826836796422,-0.018556,-0.011016,6435.7,6184.9,0.069914,0.000000,0.000000,0.5000,1.0000,,,,,
0.4200,1778909407.599154,35,1.594057,-0.033577,-0.012652,0.0225,0.0823,0.009306,1.648441,0.000727,0.000316,0.0296,1.594314,-0.033468,-0.012642,0.0413,0.0100,0.000912,0.404846,0.0000,1.594314,0.000000,0.000000,1.7243,0.000000,0.147872,63.7073,0,1,estimating,0.0000,0.700000,0,0,0.000000,0.000000,0.000000,0,nan,0.00,0.000000,0.3867,0.0000,0.000000,0.8536,0.79,4.88,6.46,5.18,0.000727,0.0181,-1.6948,0.008000,0.158529,-0.7570,-0.502395,0.018139,0.002256,102.78633676739128,144.0182898025596,43.50011062443964,112.2944665149169,-0.052527,-0.034584,6429.7,6190.9,0.074253,0.000000,0.000000,0.5000,1.0000,,,,,
0.4320,1778909407.611146,36,1.697564,-0.034222,-0.007029,0.0606,0.0180,0.004932,1.648836,0.000897,0.000385,0.0455,1.697848,-0.034113,-0.007018,0.0457,0.0097,0.001022,0.424684,0.0000,1.697848,0.000000,-0.000000,1.5998,0.000000,0.104580,61.3356,0,1,estimating,0.0000,0.700000,0,0,0.000000,0.000000,0.000000,0,nan,0.00,0.000000,0.3960,0.0000,0.000000,0.8548,0.75,4.92,6.43,5.16,0.000897,0.0221,-1.5543,0.008000,0.151918,-0.6350,-0.498868,0.017465,0.002541,238.72737513202628,162.34836581721993,45.24288055565691,119.21963742016945,-0.052347,-0.031582,6424.7,6195.9,0.077925,0.000000,0.000000,0.5000,1.0000,,,,,
0.4440,1778909407.623174,37,1.633204,0.020167,-0.006610,0.0645,0.0501,0.002191,1.649400,0.001006,0.000414,0.0638,1.633515,0.020300,-0.006600,0.0499,0.0122,0.001017,0.437900,0.0000,1.633515,0.000000,0.000000,1.6803,0.000000,0.075890,62.8458,0,1,estimating,0.0000,0.700000,0,0,0.000000,0.000000,0.000000,0,nan,0.00,0.000000,0.4050,0.0000,0.000000,0.8557,0.73,5.00,6.46,5.47,0.001006,0.0237,-1.6165,0.008000,0.054878,-0.3539,-0.494711,0.026783,0.002553,771.5268342343034,43.381409966712454,15.208364939780736,118.68901907410404,-0.062914,-0.043393,6421.2,6199.3,0.080407,0.000000,0.000000,0.5000,1.0000,,,,,
0.4560,1778909407.635076,38,1.588899,0.035085,0.002495,0.0235,0.0120,0.004192,1.650074,0.001207,0.000470,0.0777,1.589180,0.035208,0.002506,0.0454,0.0109,0.001058,0.439160,0.0000,1.589180,0.000000,0.000000,1.7299,0.000000,0.068814,64.9025,0,1,estimating,0.0000,0.700000,0,0,0.000000,0.000000,0.000000,0,nan,0.00,0.000000,0.4137,0.0000,0.000000,0.8566,0.69,5.02,6.41,5.12,0.001207,0.0269,-1.6522,0.008000,0.125376,0.1510,-0.498781,0.029021,0.003127,211.82234524111664,-48.9842408861532,31.585429362457873,123.41570247197524,-0.057965,-0.036867,6420.9,6199.7,0.080672,0.000000,0.000000,0.5000,1.0000,,,,,
0.4680,1778909407.647121,39,1.654466,0.024068,-0.001927,0.0648,0.0182,0.009446,1.650844,0.001495,0.000562,0.0903,1.654773,0.024191,-0.001912,0.0496,0.0105,0.001379,0.434614,0.0000,1.654773,0.000000,0.000000,1.6550,0.000000,0.059972,62.6423,0,1,estimating,0.0000,0.700000,0,0,0.000000,0.000000,0.000000,0,nan,0.00,0.000000,0.4222,0.0000,0.000000,0.8573,0.67,5.04,6.38,5.13,0.001495,0.0322,-1.5648,0.008000,0.088692,-0.0375,-0.493798,0.030955,0.004478,441.41597987023306,-92.20461363061258,26.417748660257175,122.74498846881934,-0.059599,-0.030533,6422.0,6198.6,0.079845,0.000000,0.000000,0.5000,1.0000,,,,,
0.4800,1778909407.659063,40,1.671507,-0.004782,0.003590,0.0702,0.0777,0.006299,1.651721,0.001884,0.000681,0.0990,1.671840,-0.004609,0.003607,0.0541,0.0154,0.001568,0.435966,0.0000,1.671840,0.000000,-0.000000,1.6339,0.000000,0.052416,61.7361,0,1,estimating,0.0000,0.700000,0,0,0.000000,0.000000,0.000000,0,nan,0.00,0.000000,0.4304,0.0000,0.000000,0.8579,0.64,5.06,6.34,5.19,0.001884,0.0390,-1.5349,0.008000,0.089860,0.2846,-0.488560,0.042404,0.004840,363.8983689633533,138.06720048191346,-81.82037980990926,109.13142838913356,-0.081911,-0.050510,6421.7,6198.9,0.080104,0.000000,0.000000,0.5000,1.0000,,,,,
0.4920,1778909407.671080,41,1.619966,-0.058353,0.007445,0.0257,0.0283,0.006252,1.652621,0.002331,0.000814,0.0933,1.620266,-0.058182,0.007462,0.0491,0.0150,0.001641,0.425663,0.0000,1.620266,0.000000,0.000000,1.6955,0.000000,0.064489,62.6632,0,1,estimating,0.0000,0.700000,0,0,0.000000,0.000000,0.000000,0,nan,0.00,0.000000,0.4384,0.0000,0.000000,0.8587,0.62,5.12,6.35,5.45,0.002331,0.0466,-1.6023,0.008000,0.067161,0.4712,-0.492828,0.034175,0.005034,-341.24369671979366,-1515.4421498083857,-74.44314205368104,110.4203968244963,-0.080854,-0.047567,6424.2,6196.3,0.078218,0.000000,0.000000,0.5000,1.0000,,,,,
0.5040,1778909407.684337,42,1.650228,-0.038538,-0.012621,0.0840,0.0208,0.014153,1.653559,0.002620,0.000864,0.0974,1.650576,-0.038375,-0.012599,0.0559,0.0139,0.002098,0.355590,0.0000,1.650576,0.000000,0.000000,1.6601,0.000000,0.134932,63.4547,0,1,estimating,0.0000,0.700000,0,0,0.000000,0.000000,0.000000,0,nan,0.00,0.000000,0.4462,0.0000,0.000000,0.8603,0.60,5.14,6.34,5.27,0.002620,0.0495,-1.5627,0.008000,0.059893,-0.9572,-0.484724,0.030063,0.006840,473.6671794086924,-209.71307852081827,-77.94707110642719,95.11575274718246,-0.081954,-0.037074,6442.0,6178.6,0.065318,0.000000,0.000000,0.5000,1.0000,,,,,
0.5160,1778909407.695085,43,1.584932,0.058215,-0.003262,0.1861,0.0241,-0.002827,1.654491,0.002812,0.000850,0.0867,1.585438,0.058366,-0.003245,0.0814,0.0134,0.001582,0.328621,0.0000,1.585438,0.000000,0.000000,1.7339,0.000000,0.211783,69.8797,0,1,estimating,0.0000,0.700000,0,0,0.000000,0.000000,0.000000,0,nan,0.00,0.000000,0.4538,0.0000,0.000000,0.8628,0.58,5.15,6.31,5.19,0.002812,0.0487,-1.6472,0.008000,0.078038,-0.0136,-0.458807,0.025650,0.004560,483.0598552195688,215.80297642298183,-28.92767827964653,84.16880742995653,-0.073688,-0.041084,6449.0,6171.6,0.060277,0.000000,0.000000,0.5000,1.0000,,,,,
0.5280,1778909407.707082,44,1.700991,-0.086948,-0.002273,-0.0010,0.0291,0.000841,1.655395,0.002977,0.000825,0.0738,1.701399,-0.086800,-0.002259,0.0659,0.0134,0.001368,0.314929,0.0000,1.701399,0.000000,-0.000000,1.5950,0.000000,0.245745,64.7804,0,1,estimating,0.0000,0.700000,0,0,0.000000,0.000000,0.000000,0,nan,0.00,0.000000,0.4612,0.0000,0.000000,0.8658,0.56,5.18,6.31,5.33,0.002977,0.0472,-1.5213,0.008000,0.078248,0.5889,-0.476517,0.019046,0.003184,221.94146888898922,-3462.676956220471,-16.709487839285586,77.43684865613858,-0.071209,-0.043843,6452.5,6168.0,0.057670,0.000000,0.000000,0.5000,1.0000,,,,,
0.5400,1778909407.719130,45,1.592789,0.053951,0.010363,0.0636,0.0154,0.007463,1.656037,0.003135,0.000746,0.0324,1.593194,0.054096,0.010379,0.0655,0.0122,0.001519,0.249738,0.0000,1.593194,0.000000,0.000000,1.7256,0.000000,0.347441,71.8900,0,1,estimating,0.0000,0.700000,0,0,0.000000,0.000000,0.000000,0,nan,0.00,0.000000,0.4686,0.0000,0.000000,0.8700,0.56,5.18,6.30,5.18,0.003135,0.0427,-1.6932,0.008000,0.177934,0.9900,-0.478575,0.016779,0.003766,-879.54044433226,1184.4379647185337,-1.5149134273442684,58.88026645433045,-0.067967,-0.036372,6469.1,6151.5,0.045642,0.000000,0.000000,0.5000,1.0000,,,,,
0.5520,1778909407.731003,46,1.667350,0.003023,0.009588,0.0333,0.0731,-0.011880,1.656203,0.003157,0.000617,-0.0191,1.667714,0.003191,0.009595,0.0591,0.0164,0.000719,0.187679,0.0000,1.667714,0.000000,-0.000000,1.6391,0.000000,0.449832,68.7542,0,1,estimating,0.0000,0.700000,0,0,0.000000,0.000000,0.000000,0,nan,0.00,0.000000,0.4759,0.0000,0.000000,0.8754,0.54,5.18,6.25,5.21,0.003157,0.0354,-1.6582,0.008000,0.024446,0.9217,-0.485813,0.023197,0.000479,-1262.978314153761,1800.3918641430073,-30.086671913160288,-13.542204512552374,-0.075712,-0.065398,6485.0,6135.6,0.034115,0.000000,0.000000,0.5000,1.0000,,,,,
0.5640,1778909407.743068,47,1.658066,-0.000129,0.004821,-0.1371,0.0032,-0.018501,1.655882,0.003133,0.000413,-0.0610,1.658359,-0.000010,0.004816,0.0475,0.0135,-0.000390,0.128296,0.0000,1.658359,0.000000,-0.000000,1.6507,0.000000,0.564181,71.4732,0,1,estimating,0.0000,0.700000,0,0,0.000000,0.000000,0.000000,0,nan,0.00,0.000000,0.4831,0.0000,0.000000,0.8821,0.52,5.21,6.25,5.35,0.003133,0.0237,-1.7116,0.008000,0.041330,0.1266,-0.497161,0.018350,-0.003372,4858.528002715093,-938.1598579505035,27.081334855456646,-37.90712089938907,-0.050964,-0.066199,6500.2,6120.4,0.023078,0.000000,0.000000,0.5000,1.0000,,,,,
0.5760,1778909407.755178,48,1.621721,0.103629,-0.001998,-0.0848,-0.0137,-0.020758,1.655255,0.003100,0.000169,-0.0781,1.621959,0.103692,-0.002014,0.0382,0.0096,-0.001431,0.082859,0.0000,1.621959,0.000000,0.000000,1.6936,0.000000,0.675800,79.7983,0,1,estimating,0.0000,0.700000,0,0,0.000000,0.000000,0.000000,0,nan,0.00,0.000000,0.4903,0.0000,0.000000,0.8902,0.53,5.21,6.27,5.23,0.003100,0.0097,-1.7717,0.008000,0.114137,-0.0128,-0.505756,0.010523,-0.007250,1721.345652172905,144.50060999169818,-5.614744908121381,-36.43568958066544,-0.023009,-0.061796,6511.9,6108.7,0.014587,0.000000,0.000000,0.5000,1.0000,,,,,
0.5880,1778909407.767079,49,1.601269,0.016490,0.003732,-0.1357,0.0018,-0.021710,1.654477,0.003076,-0.000089,-0.0879,1.601461,0.016523,0.003706,0.0309,0.0078,-0.002295,0.076681,0.0000,1.601461,0.000000,0.000000,1.7165,0.000000,0.745426,75.7809,0,1,estimating,0.0000,0.700000,0,0,0.000000,0.000000,0.000000,0,nan,0.00,0.000000,0.4976,0.0000,0.000000,0.8992,0.52,5.23,6.28,5.32,0.003076,-0.0051,-1.8044,0.008000,0.122072,-0.0018,-0.513189,0.001823,-0.010582,-2150.4565250017913,891.7819785164511,-18.450140490577354,-50.18090617160368,-0.005865,-0.064864,6513.6,6106.9,0.013324,0.000000,0.000000,0.5000,1.0000,,,,,
0.6000,1778909407.782116,50,1.602370,-0.064190,-0.006794,-0.1093,-0.0189,-0.020787,1.653653,0.003110,-0.000326,-0.0870,1.602525,-0.064200,-0.006827,0.0250,0.0046,-0.002976,0.081834,0.0000,1.602525,0.000000,0.000000,1.7154,0.000000,0.771851,75.3860,0,1,estimating,0.0000,0.700000,0,0,0.000000,0.000000,0.000000,0,nan,0.00,0.000000,0.5050,0.0000,0.000000,0.9084,0.51,5.22,6.25,5.18,0.003110,-0.0187,-1.8024,0.008000,0.068369,-0.8262,-0.518044,-0.004878,-0.013108,-86.6022662055384,-166.160717971547,1.9751648523878345,-26.96794733011434,0.015386,-0.058768,6512.4,6108.1,0.014192,0.000000,0.000000,0.5000,1.0000,,,,,
0.6120,1778909407.791128,51,1.595122,0.012839,-0.001185,-0.0837,0.0445,-0.020184,1.652847,0.003163,-0.000559,-0.0814,1.595247,0.012851,-0.001223,0.0204,0.0076,-0.003394,0.095288,0.0000,1.595247,0.000000,0.000000,1.7233,0.000000,0.774469,74.6192,0,1,estimating,0.0000,0.700000,0,0,0.000000,0.000000,0.000000,0,nan,0.00,0.000000,0.5123,0.0000,0.000000,0.9177,0.51,5.25,6.27,5.40,0.003163,-0.0320,-1.8048,0.008000,0.116822,0.6419,-0.515783,0.003046,-0.015083,1128.0339171981122,247.94413612453945,-9.863855263875877,-107.80480695320628,0.007624,-0.077874,6509.1,6111.5,0.016637,0.000000,0.000000,0.5000,1.0000,,,,,
0.6240,1778909407.803086,52,1.655134,-0.080154,-0.009235,-0.1342,0.0200,-0.020677,1.652068,0.003217,-0.000801,-0.0766,1.655236,-0.080147,-0.009278,0.0166,0.0079,-0.003793,0.106397,0.0000,1.655236,0.000000,-0.000000,1.6545,0.000000,0.753142,75.0339,0,1,estimating,0.0000,0.700000,0,0,0.000000,0.000000,0.000000,0,nan,0.00,0.000000,0.5197,0.0000,0.000000,0.9268,0.51,5.24,6.27,5.24,0.003217,-0.0459,-1.7311,0.008000,0.141359,-0.3523,-0.516914,0.004157,-0.016051,-1839.0128103020506,-710.1308690946987,-5.112002880580633,-142.63371703295365,0.011156,-0.084150,6506.2,6114.3,0.018674,0.000000,0.000000,0.5000,1.0000,,,,,
0.6360,1778909407.815099,53,1.751774,0.000168,0.004406,-0.0564,0.0291,-0.020719,1.651317,0.003245,-0.001050,-0.0705,1.751857,0.000180,0.004360,0.0136,0.0089,-0.004106,0.123865,0.0000,1.751857,-0.000000,-0.000000,1.5211,0.000000,0.716030,69.9878,0,1,estimating,0.0000,0.700000,0,0,0.000000,0.000000,0.000000,0,nan,0.00,0.000000,0.5271,0.0000,0.000000,0.9354,0.50,5.27,6.28,5.39,0.003245,-0.0602,-1.5916,0.008000,0.085519,0.3740,-0.518631,0.006248,-0.017168,322.897421344391,431.9861036933478,-5.858419635918821,-196.9996505029019,0.010522,-0.092714,6501.8,6118.8,0.021913,0.000000,0.000000,0.5000,1.0000,,,,,
0.6480,1778909407.827124,54,1.606588,0.022454,-0.005699,-0.0109,0.1040,-0.021479,1.650611,0.003284,-0.001297,-0.0641,1.606656,0.022532,-0.005747,0.0112,0.0164,-0.004276,0.138961,0.0000,1.606656,0.000000,0.000000,1.7108,0.000000,0.699480,72.8535,0,1,estimating,0.0000,0.700000,0,0,0.000000,0.000000,0.000000,0,nan,0.00,0.000000,0.5345,0.0000,0.000000,0.9438,0.50,5.26,6.26,5.24,0.003284,-0.0743,-1.7749,0.008000,0.049719,-0.9299,-0.514601,0.024001,-0.018233,225.786359898569,-294.95811968575015,-5.571711753927602,-536.4206124617909,-0.018515,-0.128727,6497.9,6122.7,0.024729,0.000000,0.000000,0.5000,1.0000,,,,,
0.6600,1778909407.839088,55,1.593873,-0.055401,-0.007815,-0.0332,-0.0597,-0.017935,1.650003,0.003358,-0.001519,-0.0507,1.593928,-0.055406,-0.007865,0.0094,0.0079,-0.004488,0.168369,0.0000,1.593928,0.000000,0.000000,1.7248,0.000000,0.661801,72.4508,0,1,estimating,0.0000,0.700000,0,0,0.000000,0.000000,0.000000,0,nan,0.00,0.000000,0.5419,0.0000,0.000000,0.9517,0.50,5.30,6.30,5.50,0.003358,-0.0870,-1.7755,0.008000,0.137955,-1.0017,-0.510403,0.000863,-0.018054,32.0786872912361,453.8680992686751,9.585796421227698,-178.93064903210586,0.019222,-0.092887,6490.4,6130.1,0.030157,0.000000,0.000000,0.5000,1.0000,,,,,
0.6720,1778909407.851070,56,1.573394,0.015330,-0.009408,0.0225,-0.0260,-0.019157,1.649485,0.003433,-0.001742,-0.0448,1.573467,0.015285,-0.009460,0.0122,0.0040,-0.004666,0.179354,0.0000,1.573467,0.000000,0.000000,1.7467,0.000000,0.635330,71.5094,0,1,estimating,0.0000,0.700000,0,0,0.000000,0.000000,0.000000,0,nan,0.00,0.000000,0.5493,0.0000,0.000000,0.9593,0.49,5.32,6.31,5.46,0.003433,-0.0998,-1.7915,0.008000,0.135667,-0.8127,-0.501737,-0.004463,-0.017067,0.0,639.4412594576721,54.28339231888084,-73.23271249120549,0.037372,-0.077570,6487.6,6133.0,0.032218,0.000000,0.000000,0.5000,1.0000,,,,,
0.6840,1778909407.863105,57,1.640842,0.085571,0.003301,-0.0489,0.0343,-0.022042,1.649038,0.003501,-0.002003,-0.0363,1.640903,0.085545,0.003247,0.0102,0.0062,-0.004866,0.199687,0.0000,1.640903,0.000000,0.000000,1.6717,0.000000,0.593035,72.5346,0,1,estimating,0.0000,0.700000,0,0,0.000000,0.000000,0.000000,0,nan,0.00,0.000000,0.5567,0.0000,0.000000,0.9664,0.49,5.33,6.31,5.36,0.003501,-0.1148,-1.7080,0.008000,0.036330,0.3127,-0.499340,0.004359,-0.016850,0.0,832.23459704024,36.28714066782281,-145.71591432612422,0.030472,-0.090282,6482.4,6138.2,0.035985,0.000000,0.000000,0.5000,1.0000,,,,,
0.6960,1778909407.882226,58,1.680760,-0.093369,-0.003691,-0.0286,0.0127,-0.023733,1.648654,0.003579,-0.002269,-0.0327,1.680809,-0.093402,-0.003748,0.0086,0.0061,-0.005152,0.214207,0.0000,1.680809,0.000000,-0.000000,1.6224,0.000000,0.550375,68.6055,0,1,estimating,0.0000,0.700000,0,0,0.000000,0.000000,0.000000,0,nan,0.00,0.000000,0.5640,0.0000,0.000000,0.9730,0.49,5.31,6.30,5.23,0.003579,-0.1300,-1.6551,0.008000,0.114320,-0.4107,-0.500454,0.005674,-0.017186,0.0,-86.63503522147738,47.05550377102638,-162.35206647395006,0.034268,-0.093370,6478.7,6141.9,0.038704,0.000000,0.000000,0.5000,1.0000,,,,,
0.7080,1778909407.887976,59,1.584074,0.015882,-0.003613,-0.0014,-0.0066,-0.019815,1.648282,0.003687,-0.002508,-0.0315,1.584117,0.015833,-0.003671,0.0072,0.0042,-0.005195,0.217093,0.0000,1.584117,0.000000,0.000000,1.7354,0.000000,0.537496,69.5355,0,1,estimating,0.0000,0.700000,0,0,0.000000,0.000000,0.000000,0,nan,0.00,0.000000,0.5713,0.0000,0.000000,0.9795,0.62,5.33,6.57,5.39,0.003687,-0.1437,-1.7668,0.008000,0.105632,0.2012,-0.502365,0.005033,-0.016508,0.0,-62.29720669874404,70.42240197092447,-107.59628298410067,0.042377,-0.085878,6477.9,6142.7,0.039259,0.000000,0.000000,0.5000,1.0000,,,,,
0.7200,1778909407.899082,60,1.661861,-0.017543,-0.000337,-0.0127,0.0824,-0.021077,1.647939,0.003804,-0.002750,-0.0269,1.661896,-0.017530,-0.000394,0.0062,0.0105,-0.005170,0.228693,0.0000,1.661896,0.000000,-0.000000,1.6463,0.000000,0.508977,66.7690,0,1,estimating,0.0000,0.700000,0,0,0.000000,0.000000,0.000000,0,nan,0.00,0.000000,0.5785,0.0000,0.000000,0.9856,0.60,5.31,6.52,5.25,0.003804,-0.1575,-1.6732,0.008000,0.034784,0.0702,-0.504837,0.016025,-0.016379,0.0,-192.37027035383008,6.788659390873136,-350.2912553240618,0.015299,-0.114756,6474.9,6145.6,0.041411,0.000000,0.000000,0.5000,1.0000,,,,,
0.7320,1778909407.911118,61,1.689476,-0.064002,-0.001414,-0.0340,0.0103,-0.018371,1.647704,0.003898,-0.002989,-0.0146,1.689506,-0.064000,-0.001471,0.0054,0.0093,-0.005116,0.254475,0.0000,1.689506,0.000000,-0.000000,1.6110,0.000000,0.466088,66.4009,0,1,estimating,0.0000,0.700000,0,0,0.000000,0.000000,0.000000,0,nan,0.00,0.000000,0.5857,0.0000,0.000000,0.9912,0.59,5.29,6.46,5.14,0.003898,-0.1713,-1.6256,0.008000,0.022769,0.4723,-0.506856,0.013148,-0.015708,1.6225052661883874,-699.0276099259017,17.00801056835907,-278.51370670351406,0.019662,-0.108681,6468.4,6152.2,0.046190,0.000000,0.000000,0.5000,1.0000,,,,,
0.7440,1778909407.923085,62,1.701884,-0.014329,0.001284,0.0646,0.0176,-0.015482,1.647601,0.003962,-0.003178,-0.0065,1.701989,-0.014327,0.001229,0.0172,0.0091,-0.004912,0.256321,0.0000,1.701989,0.000000,-0.000000,1.5942,0.000000,0.439436,65.2084,0,1,estimating,0.0000,0.700000,0,0,0.000000,0.000000,0.000000,0,nan,0.00,0.000000,0.5928,0.0000,0.000000,0.9965,0.57,5.29,6.43,5.30,0.003962,-0.1821,-1.6007,0.008000,0.101093,-0.1527,-0.496831,0.011387,-0.014619,50.51681648504972,-3503.6523579760387,15.444088990675837,-239.33409359799163,0.018598,-0.104655,6467.8,6152.8,0.046586,0.000000,0.000000,0.5000,1.0000,,,,,
0.7560,1778909407.935140,63,1.645070,0.067367,-0.007740,0.0569,0.0243,-0.012949,1.647592,0.003991,-0.003307,0.0021,1.645227,0.067377,-0.007792,0.0253,0.0095,-0.004604,0.278505,0.0000,1.645227,0.000000,0.000000,1.6665,0.000000,0.409805,68.0796,0,1,estimating,0.0000,0.700000,0,0,0.000000,0.000000,0.000000,0,nan,0.00,0.000000,0.5998,0.0000,0.000000,1.0014,0.56,5.30,6.42,5.33,0.003991,-0.1895,-1.6645,0.008000,0.045666,-0.0897,-0.490330,0.004608,-0.013334,148.56338854006623,-2780.156179317235,11.734637873275815,-209.03593701462654,0.013565,-0.102336,6462.1,6158.4,0.050699,0.000000,0.000000,0.5000,1.0000,,,,,
0.7680,1778909407.947090,64,1.699973,0.045018,-0.004623,-0.0111,-0.0302,-0.004795,1.647700,0.003988,-0.003401,0.0115,1.700099,0.044995,-0.004667,0.0208,0.0050,-0.004012,0.274746,0.0000,1.700099,0.000000,-0.000000,1.5968,0.000000,0.394464,66.1610,0,1,estimating,0.0000,0.700000,0,0,0.000000,0.000000,0.000000,0,nan,0.00,0.000000,0.6067,0.0000,0.000000,1.0061,0.54,5.28,6.36,5.16,0.003988,-0.1949,-1.5853,0.008000,0.115285,0.2115,-0.497832,0.003176,-0.010629,246.27347908743857,-1502.6677801388055,31.640866012757414,-17.49817216726899,0.025592,-0.074153,6463.0,6157.5,0.050044,0.000000,0.000000,0.5000,1.0000,,,,,
0.7800,1778909407.959149,65,1.584363,0.008207,0.003094,0.0548,-0.0534,-0.002430,1.647959,0.004012,-0.003453,0.0292,1.584534,0.008141,0.003057,0.0279,-0.0007,-0.003448,0.305356,0.0000,1.584534,0.000000,0.000000,1.7349,0.000000,0.369468,66.3733,0,1,estimating,0.0000,0.700000,0,0,0.000000,0.000000,0.000000,0,nan,0.00,0.000000,0.6136,0.0000,0.000000,1.0106,0.54,5.25,6.33,5.13,0.004012,-0.1978,-1.7057,0.008000,0.039597,0.7460,-0.492010,-0.005427,-0.008001,563.7889896600955,-1262.493942446452,81.45871052000604,75.7406721432965,0.042768,-0.040843,6455.3,6165.3,0.055694,0.000000,0.000000,0.5000,1.0000,,,,,
0.7920,1778909407.979000,66,1.650021,-0.109602,-0.008783,0.1374,-0.0047,0.002861,1.648382,0.004047,-0.003446,0.0390,1.650326,-0.109660,-0.008812,0.0493,-0.0010,-0.002641,0.280577,0.0000,1.650326,0.000000,0.000000,1.6604,0.000000,0.368315,68.6662,0,1,estimating,0.0000,0.700000,0,0,0.000000,0.000000,0.000000,0,nan,0.00,0.000000,0.6203,0.0000,0.000000,1.0150,0.53,5.27,6.32,5.36,0.004047,-0.1974,-1.6214,0.008000,0.199415,-0.6614,-0.472476,-0.008349,-0.004802,-1813.1795412044814,696.8964750976766,54.39158360909835,67.53282491825024,0.034571,-0.029217,6461.5,6159.1,0.051170,0.000000,0.000000,0.5000,1.0000,,,,,
0.8040,1778909407.984868,67,1.688939,0.057152,0.006257,0.1341,0.0079,0.003465,1.649021,0.003990,-0.003385,0.0650,1.689381,0.057120,0.006236,0.0664,-0.0001,-0.001939,0.318577,0.0000,1.689381,0.000000,-0.000000,1.6112,0.000000,0.323944,64.7183,0,1,estimating,0.0000,0.700000,0,0,0.000000,0.000000,0.000000,0,nan,0.00,0.000000,0.6270,0.0000,0.000000,1.0189,0.75,5.29,6.79,5.38,0.003990,-0.1940,-1.5461,0.008000,0.156665,0.6028,-0.457162,-0.006404,-0.002044,-4151.711156029128,-2233.695259040622,33.82709127165599,77.55567610974319,0.022690,-0.024332,6451.9,6168.6,0.058127,0.000000,0.000000,0.5000,1.0000,,,,,
0.8160,1778909407.995110,68,1.632251,0.084726,-0.004987,0.1029,-0.0221,0.015554,1.649941,0.004108,-0.003190,0.0824,1.632740,0.084690,-0.004995,0.0742,-0.0019,-0.000773,0.359176,0.0000,1.632740,0.000000,0.000000,1.6812,0.000000,0.271291,67.2122,0,1,estimating,0.0000,0.700000,0,0,0.000000,0.000000,0.000000,0,nan,0.00,0.000000,0.6336,0.0000,0.000000,1.0221,0.71,5.27,6.70,5.15,0.004108,-0.1828,-1.5989,0.008000,0.069512,-0.0457,-0.449962,-0.008707,0.002442,-928.3422707911825,172.8834286502173,35.93423820253297,71.5086320229909,0.017254,-0.000792,6441.6,6179.0,0.065652,0.000000,0.000000,0.5000,1.0000,,,,,
0.8280,1778909408.007142,69,1.618057,0.013559,-0.018854,0.1888,-0.0147,0.013923,1.651060,0.003988,-0.003027,0.1039,1.618691,0.013520,-0.018853,0.0970,-0.0028,0.000087,0.398145,0.0000,1.618691,0.000000,0.000000,1.6973,0.000000,0.207057,63.4067,0,1,estimating,0.0000,0.700000,0,0,0.000000,0.000000,0.000000,0,nan,0.00,0.000000,0.6400,0.0000,0.000000,1.0246,0.69,5.26,6.63,5.23,0.003988,-0.1734,-1.5934,0.008000,0.098792,-1.0280,-0.428469,-0.017010,0.005656,-2837.468405515061,51.82288999990743,43.278792152048325,87.3184181170582,0.011003,0.014245,6431.6,6189.0,0.072887,0.000000,0.000000,0.5000,1.0000,,,,,
0.8400,1778909408.019150,70,1.613833,-0.017006,-0.000630,0.1594,0.0088,0.024087,1.652395,0.003863,-0.002768,0.1223,1.614546,-0.016997,-0.000615,0.1096,-0.0014,0.001345,0.397561,0.0000,1.614546,0.000000,0.000000,1.7020,0.000000,0.172980,62.7841,0,1,estimating,0.0000,0.700000,0,0,0.000000,0.000000,0.000000,0,nan,0.00,0.000000,0.6463,0.0000,0.000000,1.0267,0.66,5.27,6.60,5.34,0.003863,-0.1586,-1.5797,0.008000,0.134157,0.0775,-0.418468,-0.012952,0.010186,469.944016791826,-125.68715471975963,46.64237840169497,101.45618200002795,-0.009376,0.024022,6431.6,6188.9,0.072860,0.000000,0.000000,0.5000,1.0000,,,,,
0.8520,1778909408.031025,71,1.650621,0.009719,0.000049,0.1232,-0.0147,0.029937,1.653914,0.003784,-0.002413,0.1363,1.651347,0.009741,0.000078,0.1126,-0.0024,0.002632,0.378277,0.0000,1.651347,0.000000,0.000000,1.6592,0.000000,0.168414,62.5607,0,1,estimating,0.0000,0.700000,0,0,0.000000,0.000000,0.000000,0,nan,0.00,0.000000,0.6525,0.0000,0.000000,1.0287,0.63,5.33,6.58,5.65,0.003784,-0.1382,-1.5229,0.008000,0.104136,-0.0395,-0.415508,-0.014896,0.014783,-739.9144199739867,-122.6133125383775,49.54373903715316,159.44410533705147,-0.020320,0.044851,6436.5,6184.1,0.069357,0.000000,0.000000,0.5000,1.0000,,,,,
0.8640,1778909408.043098,72,1.584518,0.005717,-0.010112,0.1776,-0.0720,0.025360,1.655641,0.003713,-0.002038,0.1569,1.585331,0.005687,-0.010075,0.1259,-0.0081,0.003345,0.415913,0.0000,1.585331,0.000000,0.000000,1.7341,0.000000,0.137390,63.2569,0,1,estimating,0.0000,0.700000,0,0,0.000000,0.000000,0.000000,0,nan,0.00,0.000000,0.6586,0.0000,0.000000,1.0304,0.60,5.34,6.54,5.38,0.003713,-0.1168,-1.5771,0.008000,0.126627,-0.1066,-0.404672,-0.028130,0.017442,-1904.8398899488775,1029.3870283038818,50.39886195068209,314.3810443078852,-0.004166,0.080657,6426.9,6193.7,0.076284,0.000000,0.000000,0.5000,1.0000,,,,,
0.8760,1778909408.055067,73,1.607036,0.003498,0.003783,0.2456,-0.0336,0.031250,1.657663,0.003617,-0.001735,0.1764,1.608000,0.003484,0.003830,0.1498,-0.0094,0.004284,0.452125,0.0000,1.608000,0.000000,0.000000,1.7093,0.000000,0.081983,61.9610,0,1,estimating,0.0000,0.700000,0,0,0.000000,0.000000,0.000000,0,nan,0.00,0.000000,0.6646,0.0000,0.000000,1.0313,0.58,5.34,6.50,5.36,0.003617,-0.0994,-1.5329,0.008000,0.148857,0.5071,-0.380605,-0.026498,0.020466,-1089.3610892250617,-371.58518119031396,67.64735956669394,392.1239811710744,-0.009635,0.098536,6417.7,6202.9,0.082981,0.000000,0.000000,0.5000,1.0000,,,,,
0.8880,1778909408.067068,74,1.689253,0.000047,-0.002001,0.2575,-0.0375,0.024422,1.659853,0.003511,-0.001467,0.1847,1.690349,0.000021,-0.001949,0.1711,-0.0109,0.004678,0.435158,0.0000,1.690349,0.000000,-0.000000,1.6099,0.000000,0.058906,60.5618,0,1,estimating,0.0000,0.700000,0,0,0.000000,0.000000,0.000000,0,nan,0.00,0.000000,0.6703,0.0000,0.000000,1.0320,0.56,5.36,6.48,5.45,0.003511,-0.0840,-1.4252,0.008000,0.055251,-0.2700,-0.362256,-0.023958,0.021418,775.9379649587381,-413.17739337024796,60.41955603531012,420.01130671412767,-0.008294,0.109969,6421.9,6198.7,0.079928,0.000000,0.000000,0.5000,1.0000,,,,,
0.9000,1778909408.080530,75,1.655848,0.085267,0.002706,0.1905,0.0256,0.017449,1.662141,0.003548,-0.001222,0.1920,1.656975,0.085289,0.002759,0.1755,-0.0065,0.004726,0.443337,0.0000,1.656975,0.000000,-0.000000,1.6524,0.000000,0.041476,65.0954,0,1,estimating,0.0000,0.700000,0,0,0.000000,0.000000,0.000000,0,nan,0.00,0.000000,0.6760,0.0000,0.000000,1.0325,0.56,5.34,6.46,5.22,0.003548,-0.0700,-1.4604,0.008000,0.200905,0.6751,-0.355469,-0.014018,0.020397,678.0010797246248,2707.2365202710002,71.77995491120784,361.10266530664484,-0.027365,0.090417,6419.8,6200.8,0.081459,0.000000,0.000000,0.5000,1.0000,,,,,
0.9120,1778909408.091119,76,1.620280,0.050914,-0.002477,0.1460,0.0167,0.005708,1.664528,0.003468,-0.001094,0.2029,1.621367,0.050947,-0.002431,0.1704,-0.0038,0.004137,0.466904,0.0000,1.621367,0.000000,0.000000,1.6943,0.000000,0.017888,63.3078,0,1,estimating,0.0000,0.700000,0,0,0.000000,0.000000,0.000000,0,nan,0.00,0.000000,0.6815,0.0000,0.000000,1.0328,0.55,5.31,6.41,5.17,0.003468,-0.0627,-1.4914,0.008000,0.119275,-0.4881,-0.364414,-0.008379,0.017841,-1765.1273801013294,213.9562494707211,76.55680255902271,297.95192150633846,-0.032050,0.070310,6413.8,6206.8,0.085814,0.000000,0.000000,0.5000,1.0000,,,,,
0.9240,1778909408.103096,77,1.596486,0.099873,0.003460,0.1923,-0.0092,0.011125,1.667010,0.003430,-0.000973,0.2088,1.597594,0.099908,0.003503,0.1751,-0.0038,0.003908,0.439570,0.0000,1.597594,0.000000,0.000000,1.7208,0.000000,0.036186,67.0802,0,1,estimating,0.0000,0.700000,0,0,0.000000,0.000000,0.000000,0,nan,0.00,0.000000,0.6869,0.0000,0.000000,1.0332,0.54,5.30,6.37,5.21,0.003430,-0.0558,-1.5119,0.008000,0.087686,0.4889,-0.363655,-0.006929,0.015435,1609.921194254094,706.1957691656513,70.9029471964366,274.98319684202835,-0.029144,0.067615,6420.7,6199.9,0.080815,0.000000,0.000000,0.5000,1.0000,,,,,
0.9360,1778909408.115139,78,1.711423,-0.024487,-0.006935,0.2457,-0.0100,0.005092,1.669655,0.003442,-0.000901,0.2263,1.712619,-0.024474,-0.006898,0.1895,-0.0040,0.003405,0.474341,0.0000,1.712619,0.000000,-0.000000,1.5795,0.000000,-0.003904,60.4331,0,1,estimating,0.0000,0.700000,0,0,0.000000,0.000000,0.000000,0,nan,0.00,0.000000,0.6922,0.0000,0.000000,1.0331,0.53,5.27,6.34,5.11,0.003442,-0.0516,-1.3532,0.008000,0.056370,0.6823,-0.353338,-0.006316,0.012643,990.923838050895,-862.2995494137701,80.3042934758619,266.95681081370736,-0.022791,0.061756,6411.9,6208.7,0.087188,0.000000,0.000000,0.5000,1.0000,,,,,
0.9480,1778909408.127106,79,1.642005,0.058039,-0.003949,0.3331,-0.0263,0.003824,1.672415,0.003449,-0.000862,0.2301,1.643372,0.058032,-0.003917,0.2178,-0.0055,0.002908,0.459399,0.0000,1.643372,0.000000,0.000000,1.6687,0.000000,-0.002275,63.1877,0,1,estimating,0.0000,0.700000,0,0,0.000000,0.000000,0.000000,0,nan,0.00,0.000000,0.6973,0.0000,0.000000,1.0331,0.53,5.27,6.32,5.25,0.003449,-0.0494,-1.4386,0.008000,0.078246,-0.1987,-0.324894,-0.010859,0.009707,-2087.0638079476694,1543.3855408808965,71.27707246092645,263.23478417696833,-0.010543,0.062513,6415.6,6204.9,0.084487,0.000000,0.000000,0.5000,1.0000,,,,,
0.9600,1778909408.139051,80,1.742970,0.063846,0.003573,0.2357,-0.0105,0.001365,1.675400,0.003496,-0.000852,0.2559,1.744358,0.063842,0.003599,0.2220,-0.0054,0.002402,0.493146,0.0000,1.744358,0.000000,-0.000000,1.5327,0.000000,-0.046664,62.5384,0,1,estimating,0.0000,0.700000,0,0,0.000000,0.000000,0.000000,0,nan,0.00,0.000000,0.7022,0.0000,0.000000,1.0326,0.51,5.27,6.30,5.31,0.003496,-0.0488,-1.2768,0.008000,0.068115,0.1851,-0.318941,-0.009488,0.006557,-1520.3500034783135,175.10148156161014,83.24665974022699,250.02330721269374,-0.005262,0.055408,6407.1,6213.5,0.090692,0.000000,0.000000,0.5000,1.0000,,,,,
0.9720,1778909408.151083,81,1.657985,-0.019208,-0.004588,0.2453,-0.0024,0.000176,1.678556,0.003574,-0.000849,0.2711,1.659401,-0.019224,-0.004566,0.2273,-0.0046,0.001943,0.522921,0.0000,1.659401,0.000000,-0.000000,1.6494,0.000000,-0.089800,60.4252,0,1,estimating,0.0000,0.700000,0,0,0.000000,0.000000,0.000000,0,nan,0.00,0.000000,0.7071,0.0000,0.000000,1.0315,0.50,5.30,6.31,5.47,0.003574,-0.0487,-1.3783,0.008000,0.033056,0.2952,-0.317594,-0.001900,0.004139,1749.4510792342487,678.2492355305918,96.20280443255899,226.45209080377938,-0.003411,0.045755,6399.5,6221.1,0.096219,0.000000,0.000000,0.5000,1.0000,,,,,
0.9840,1778909408.163046,82,1.693706,-0.024696,0.003411,0.2995,-0.0526,0.001998,1.682021,0.003739,-0.000833,0.2939,1.695218,-0.024742,0.003429,0.2421,-0.0084,0.001589,0.553866,0.0000,1.695218,0.000000,-0.000000,1.6034,0.000000,-0.148752,59.7624,0,1,estimating,0.0000,0.700000,0,0,0.000000,0.000000,0.000000,0,nan,0.00,0.000000,0.7117,0.0000,0.000000,1.0297,0.49,5.30,6.29,5.29,0.003739,-0.0477,-1.3094,0.008000,0.045475,-0.0485,-0.306608,-0.008752,0.002131,3545.975105363786,3323.694155194599,121.09991405049803,295.484064688961,0.016363,0.058528,6391.6,6229.0,0.101959,0.000000,0.000000,0.5000,1.0000,,,,,
0.9960,1778909408.178323,83,1.802652,0.093517,-0.003670,0.3657,0.1304,0.003105,1.685834,0.004042,-0.000787,0.3228,1.804317,0.093584,-0.003653,0.2669,0.0049,0.001651,0.583290,0.0000,1.804317,-0.000000,-0.000000,1.4338,0.000000,-0.226122,66.6525,0,1,estimating,0.0000,0.700000,0,0,0.000000,0.000000,0.000000,0,nan,0.00,0.000000,0.7162,0.0000,0.000000,1.0270,0.49,5.29,6.27,5.22,0.004042,-0.0451,-1.1110,0.008000,0.112740,-0.1254,-0.280319,0.021520,0.001097,5281.039138679773,419.3977038865616,90.14797491114027,171.63987295453109,-0.039176,-0.001171,6384.0,6236.6,0.107438,0.000000,0.000000,0.5000,1.0000,,,,,
1.0080,1778909408.187288,84,1.666706,0.065196,-0.005382,0.2991,0.1069,0.010158,1.689972,0.004458,-0.000698,0.3543,1.668413,0.065348,-0.005361,0.2739,0.0135,0.002037,0.600555,0.0000,1.668413,0.000000,-0.000000,1.6382,0.000000,-0.260550,63.4470,0,1,estimating,0.0000,0.700000,0,0,0.000000,0.000000,0.000000,0,nan,0.00,0.000000,0.7205,0.0000,0.000000,1.0239,0.49,5.29,6.27,5.29,0.004458,-0.0400,-1.2839,0.008000,0.045123,-0.4935,-0.274184,0.035847,0.001853,2152.2670007029774,2964.2113956660555,-65.22137967019461,165.34697472947914,-0.079087,-0.035588,6379.5,6241.0,0.110702,0.404690,0.000000,0.5000,1.0000,,,,,
1.0200,1778909408.199126,85,1.714776,0.088474,0.005260,0.3278,0.0203,0.010325,1.694458,0.004984,-0.000580,0.3903,1.716553,0.088640,0.005283,0.2852,0.0127,0.002218,0.627707,0.0000,1.716553,0.000000,-0.000000,1.5739,0.000000,-0.309128,64.6735,0,1,estimating,0.0000,0.700000,0,0,0.000000,0.000000,0.000000,0,nan,0.00,0.000000,0.7246,0.0000,0.000000,1.0201,0.49,5.29,6.28,5.31,0.004984,-0.0332,-1.1836,0.008000,0.057293,0.4169,-0.265389,0.031388,0.003168,2470.61939974904,480.884813135188,-57.68414172789279,175.91323519331053,-0.077963,-0.029715,6372.6,6248.0,0.115735,0.369806,0.000000,0.5000,1.0000,,,,,
1.0320,1778909408.211198,86,1.680358,0.004169,0.007930,0.4137,0.0486,0.005390,1.699283,0.005492,-0.000486,0.4110,1.682304,0.004358,0.007953,0.3107,0.0145,0.002145,0.599749,0.0000,1.682304,0.000000,-0.000000,1.6204,0.000000,-0.304382,60.9977,0,1,estimating,0.0000,0.700000,0,0,0.000000,0.000000,0.000000,0,nan,0.00,0.000000,0.7285,0.0000,0.000000,1.0165,0.51,5.28,6.29,5.18,0.005492,-0.0278,-1.2094,0.008000,0.101606,0.2313,-0.237037,0.035683,0.003194,-896.8873832041551,494.38604344721114,-104.87804948029031,160.81186941672928,-0.084917,-0.039181,6379.6,6241.0,0.110652,0.358930,0.000000,0.5000,1.0000,,,,,
1.0440,1778909408.223095,87,1.723334,0.022973,-0.003040,0.4980,0.0307,0.008211,1.704451,0.006030,-0.000410,0.4454,1.725504,0.023140,-0.003017,0.3478,0.0145,0.002215,0.626652,0.0000,1.725504,0.000000,-0.000000,1.5610,0.000000,-0.335124,61.5701,0,1,estimating,0.0000,0.700000,0,0,0.000000,0.000000,0.000000,0,nan,0.00,0.000000,0.7322,0.0000,0.000000,1.0125,0.50,5.28,6.28,5.31,0.006030,-0.0235,-1.1156,0.008000,0.061792,0.2015,-0.203538,0.034963,0.003204,-1536.1138211035982,1812.2598575102031,-107.65909795648167,165.5691360704758,-0.085372,-0.038034,6372.8,6247.8,0.115592,0.245236,0.000000,0.5000,1.0000,,,,,
1.0560,1778909408.235110,88,1.631641,-0.061165,-0.000436,0.4431,0.0797,0.012602,1.710035,0.006643,-0.000232,0.4819,1.633934,-0.060945,-0.000408,0.3672,0.0188,0.002576,0.649909,0.0000,1.633934,0.000000,0.000000,1.6798,0.000000,-0.363793,61.5129,0,1,estimating,0.0000,0.700000,0,0,0.000000,0.000000,0.000000,0,nan,0.00,0.000000,0.7357,0.0000,0.000000,1.0081,0.50,5.26,6.26,5.15,0.006643,-0.0133,-1.1979,0.008000,0.133989,0.1828,-0.182837,0.046432,0.005371,-996.4200082452812,45.41017499052168,-293.9731318248084,134.9869893316984,-0.107238,-0.053165,6366.8,6253.7,0.119905,0.367002,0.000000,0.5000,1.0000,,,,,
1.0680,1778909408.247086,89,1.746009,-0.010190,-0.001680,0.5948,0.1057,0.012192,1.716094,0.007298,-0.000052,0.5165,1.748574,-0.009915,-0.001650,0.4122,0.0247,0.002893,0.674724,0.0000,1.748574,0.000000,-0.000000,1.5262,0.000000,-0.418113,61.6988,0,1,estimating,0.0000,0.700000,0,0,0.000000,0.000000,0.000000,0,nan,0.00,0.000000,0.7390,0.0000,0.000000,1.0031,0.50,5.26,6.25,5.25,0.007298,-0.0030,-1.0097,0.008000,0.088467,-0.3163,-0.141364,0.058880,0.006672,-2212.905077973576,2357.1793861110805,-542.019277850793,41.8021965100253,-0.134428,-0.075615,6360.5,6260.0,0.124500,0.231552,0.000000,0.5000,1.0000,,,,,
1.0800,1778909408.259151,90,1.756298,-0.060085,-0.004813,0.4779,-0.0084,0.013012,1.722625,0.007999,0.000112,0.5584,1.758950,-0.059867,-0.004782,0.4259,0.0192,0.003004,0.698149,0.0000,1.758950,-0.000000,-0.000000,1.5098,0.000000,-0.470171,61.8597,0,1,estimating,0.0000,0.700000,0,0,0.000000,0.000000,0.000000,0,nan,0.00,0.000000,0.7421,0.0000,0.000000,0.9974,0.50,5.25,6.25,5.20,0.007999,0.0064,-0.9514,0.008000,0.061925,-0.0253,-0.130806,0.045712,0.007453,-1985.2455565305368,-4064.1339792337326,-342.2464317133376,142.43014168063556,-0.113361,-0.049206,6354.5,6266.1,0.128870,0.388651,0.000000,0.5000,1.0000,,,,,
1.0920,1778909408.276596,91,1.716462,0.000821,0.006326,0.5692,0.0683,0.011630,1.729555,0.008722,0.000270,0.5914,1.719285,0.001094,0.006359,0.4546,0.0217,0.003148,0.720426,0.0000,1.719285,0.000000,-0.000000,1.5700,0.000000,-0.515111,62.3422,0,1,estimating,0.0000,0.700000,0,0,0.000000,0.000000,0.000000,0,nan,0.00,0.000000,0.7450,0.0000,0.000000,0.9913,0.50,5.24,6.24,5.21,0.008722,0.0154,-0.9786,0.008000,0.038723,0.1569,-0.105314,0.054981,0.008554,-100.95275752508736,1987.0472013828771,-437.33119929547945,109.95565315446737,-0.124762,-0.058383,6348.8,6271.8,0.133025,0.362741,0.000000,0.5000,1.0000,,,,,
1.1040,1778909408.283117,92,1.785962,0.016545,0.003393,0.5982,0.0389,0.011931,1.736888,0.009489,0.000412,0.6215,1.788964,0.016805,0.003427,0.4834,0.0210,0.003230,0.741688,0.0000,1.788964,-0.000000,-0.000000,1.4601,0.000000,-0.567468,63.7510,0,1,estimating,0.0000,0.700000,0,0,0.000000,0.000000,0.000000,0,nan,0.00,0.000000,0.7476,0.0000,0.000000,0.9845,0.50,5.27,6.27,5.40,0.009489,0.0236,-0.8386,0.008000,0.103384,0.3942,-0.079583,0.040416,0.008803,-1544.8872752991347,-3.102907335349528,-413.4416241290018,120.09064992529159,-0.122942,-0.054258,6343.3,6277.2,0.136987,0.401316,0.000000,0.5000,1.0000,,,,,
1.1160,1778909408.295090,93,1.719029,0.007318,0.000747,0.6420,0.0832,0.008872,1.744680,0.010304,0.000562,0.6617,1.722240,0.007605,0.000781,0.5151,0.0248,0.003241,0.761772,0.0000,1.722240,0.000000,-0.000000,1.5657,0.000000,-0.620313,62.4469,0,1,estimating,0.0000,0.700000,0,0,0.000000,0.000000,0.000000,0,nan,0.00,0.000000,0.7500,0.0000,0.000000,0.9770,0.50,5.25,6.24,5.15,0.010304,0.0322,-0.9041,0.008000,0.059428,0.3383,-0.049709,0.039094,0.008160,1017.5373870047291,-1326.7124593966175,-493.4838758095725,53.199436078036896,-0.133738,-0.068606,6338.1,6282.4,0.140742,0.367631,0.000000,0.5103,1.0000,,,,,
1.1280,1778909408.307116,94,1.801819,-0.022058,0.003225,0.7056,0.0782,0.008818,1.752930,0.011146,0.000707,0.7018,1.805258,-0.021733,0.003260,0.5530,0.0286,0.003356,0.780774,0.0000,1.805258,-0.000000,-0.000000,1.4322,0.000000,-0.710920,62.6316,0,1,estimating,0.0000,0.700000,0,0,0.000000,0.000000,0.000000,0,nan,0.00,0.000000,0.7522,0.0000,0.000000,0.9685,0.50,5.24,6.24,5.19,0.011146,0.0405,-0.7304,0.008000,0.118042,-0.1306,-0.014630,0.044833,0.007693,72.23994143867628,443.4899763291455,-482.4641124970966,11.978116812282039,-0.132818,-0.073763,6333.3,6287.3,0.144296,0.325365,0.000000,0.5481,1.0000,,,,,
1.1400,1778909408.319055,95,1.770908,-0.104567,-0.004663,0.7725,0.0937,0.010233,1.761597,0.012063,0.000858,0.7403,1.774607,-0.104230,-0.004626,0.5966,0.0338,0.003640,0.798035,0.0000,1.774607,-0.000000,-0.000000,1.4842,0.000000,-0.811530,62.2381,0,1,estimating,0.0000,0.700000,0,0,0.000000,0.000000,0.000000,0,nan,0.00,0.000000,0.7540,0.0000,0.000000,0.9587,0.49,5.23,6.22,5.19,0.012063,0.0491,-0.7440,0.008000,0.117652,-0.7351,0.031599,0.049120,0.006770,-334.66209090175306,-1379.2013489388992,-495.8066239107533,-44.28769752439433,-0.134996,-0.079979,6328.7,6291.8,0.147571,0.305808,0.000000,0.5916,1.0000,,,,,
1.1520,1778909408.331122,96,1.774077,-0.030706,0.000057,0.7142,0.0883,0.015487,1.770707,0.013058,0.001077,0.7746,1.777913,-0.030320,0.000099,0.6204,0.0372,0.004138,0.813635,0.0000,1.777913,-0.000000,-0.000000,1.4787,0.000000,-0.901988,61.8832,0,1,estimating,0.0000,0.700000,0,0,0.000000,0.000000,0.000000,0,nan,0.00,0.000000,0.7556,0.0000,0.000000,0.9479,0.49,5.23,6.21,5.22,0.013058,0.0617,-0.7041,0.008000,0.055453,0.1634,0.052640,0.054543,0.008734,162.25671904177437,-2157.9680947893576,-524.5952643356974,-66.52099614290614,-0.139924,-0.081413,6324.6,6295.9,0.150553,0.411508,0.000000,0.6153,1.0000,,,,,
1.1640,1778909408.343126,97,1.868591,0.079600,-0.000977,0.7963,0.0262,0.014753,1.780270,0.014079,0.001273,0.8069,1.872651,0.079954,-0.000932,0.6555,0.0338,0.004460,0.827838,0.0000,1.872651,-0.000000,-0.000000,1.3165,0.000000,-1.005384,70.0971,0,1,estimating,0.0000,0.700000,0,0,0.000000,0.000000,0.000000,0,nan,0.00,0.000000,0.7568,0.0000,0.000000,0.9359,0.49,5.22,6.21,5.16,0.014079,0.0730,-0.5095,0.008000,0.230678,-0.0473,0.085353,0.041387,0.008440,-1625.7957514504192,-106.47626887238155,-398.02104137345145,41.60218498516326,-0.121644,-0.062461,6320.9,6299.7,0.153270,0.395269,0.000000,0.6503,1.0000,,,,,
1.1760,1778909408.355118,98,1.801359,0.065277,-0.002197,0.8730,0.0052,0.012957,1.790262,0.015136,0.001505,0.8440,1.805690,0.065582,-0.002150,0.6987,0.0289,0.004657,0.840408,0.0000,1.805690,-0.000000,-0.000000,1.4315,0.000000,-1.101110,66.7652,0,1,estimating,0.0000,0.700000,0,0,0.000000,0.000000,0.000000,0,nan,0.00,0.000000,0.7577,0.0000,0.000000,0.9226,0.50,5.21,6.22,5.18,0.015136,0.0862,-0.5874,0.008000,0.072403,-0.0480,0.125960,0.025444,0.009123,-1309.3839986388584,-887.898323598659,-242.82245143480122,129.29246212934098,-0.099357,-0.042560,6317.5,6303.0,0.155700,0.362177,0.000000,0.6934,1.0000,,,,,
1.1880,1778909408.374933,99,1.814212,0.045556,-0.005596,0.9138,0.0418,0.016408,1.800721,0.016140,0.001724,0.8870,1.818800,0.045847,-0.005545,0.7414,0.0289,0.005190,0.851611,0.0000,1.818800,-0.000000,-0.000000,1.4088,0.000000,-1.203346,68.2091,0,1,estimating,0.0000,0.700000,0,0,0.000000,0.000000,0.000000,0,nan,0.00,0.000000,0.7582,0.0000,0.000000,0.9082,0.50,5.23,6.23,5.35,0.016140,0.0988,-0.5218,0.008000,0.103419,-0.0639,0.166276,0.028910,0.009378,-1592.3232560917506,614.3368554054757,-207.03091087347764,151.36250468021626,-0.093316,-0.035947,6314.6,6306.0,0.157867,0.355745,0.000000,0.7361,1.0000,,,,,
1.2000,1778909408.380778,100,1.799827,0.009399,0.000643,0.9232,-0.0470,0.008906,1.811631,0.017062,0.001862,0.9231,1.805025,0.009639,0.000694,0.7780,0.0177,0.004608,0.850713,0.0000,1.805025,-0.000000,-0.000000,1.4326,0.000000,-1.288118,67.3197,0,1,estimating,0.0000,0.700000,0,0,0.000000,0.000000,0.000000,0,nan,0.00,0.000000,0.7584,0.0000,0.000000,0.8927,0.74,5.26,6.73,5.38,0.017062,0.1067,-0.5095,0.008000,0.031002,-0.3455,0.200254,0.008411,0.008914,90.69465754666119,-2676.8971157672927,-5.136633150170596,236.2175185188019,-0.063630,-0.012053,6314.5,6306.1,0.157929,0.379292,0.000000,0.7723,1.0000,,,,,
1.2120,1778909408.391137,101,1.792415,0.003078,0.003450,1.0252,0.0148,0.010738,1.822996,0.017968,0.001982,0.9631,1.797911,0.003320,0.003501,0.8270,0.0165,0.004743,0.859501,0.0000,1.797911,-0.000000,-0.000000,1.4449,0.000000,-1.385144,69.4815,0,1,estimating,0.0000,0.700000,0,0,0.000000,0.000000,0.000000,0,nan,0.00,0.000000,0.7581,0.0000,0.000000,0.8761,0.71,5.26,6.67,5.25,0.017968,0.1136,-0.4818,0.008000,0.049374,-0.0171,0.247074,0.006158,0.008566,-841.6390138251155,1090.6755846816177,36.01069323130314,250.20912818832448,-0.055783,-0.008304,6312.1,6308.4,0.159641,0.337628,0.000000,0.8212,1.0000,,,,,
1.2240,1778909408.403092,102,1.794109,0.042478,0.013648,0.9581,0.0365,0.008061,1.834802,0.018898,0.002118,0.9989,1.799728,0.042784,0.013696,0.8535,0.0179,0.004635,0.866889,0.0000,1.799728,-0.000000,-0.000000,1.4417,0.000000,-1.468100,72.7169,0,1,estimating,0.0000,0.700000,0,0,0.000000,0.000000,0.000000,0,nan,0.00,0.000000,0.7575,0.0000,0.000000,0.8585,0.68,5.26,6.61,5.27,0.018898,0.1214,-0.4428,0.008000,0.037804,0.7186,0.256416,0.004041,0.007743,-649.6473704747762,3057.5297039899206,38.15708476930949,238.76627422775272,-0.054827,-0.011666,6310.1,6310.5,0.161104,0.402938,0.000000,0.8477,1.0000,,,,,
1.2360,1778909408.415051,103,1.863405,0.038844,0.002172,0.9295,0.0753,0.007043,1.846992,0.019823,0.002236,1.0313,1.869082,0.039127,0.002218,0.8693,0.0238,0.004510,0.873220,0.0000,1.869082,-0.000000,-0.000000,1.3224,0.000000,-1.540745,78.7154,0,1,estimating,0.0000,0.700000,0,0,0.000000,0.000000,0.000000,0,nan,0.00,0.000000,0.7564,0.0000,0.000000,0.8400,0.65,5.26,6.56,5.31,0.019823,0.1281,-0.2912,0.008000,0.057064,-0.0816,0.232442,0.009231,0.006997,-248.45461242246444,-174.82573860398136,-16.041685302453644,192.74654222826769,-0.062766,-0.023419,6308.4,6312.2,0.162353,0.454797,0.000000,0.8636,1.0000,,,,,
1.2480,1778909408.427121,104,2.001103,0.046359,-0.003697,1.0533,0.0467,0.010719,1.859648,0.020877,0.002383,1.0698,2.007000,0.046620,-0.003651,0.9061,0.0254,0.004717,0.878565,0.0000,2.007000,0.000000,0.000000,1.1448,0.000000,-1.634563,94.1514,0,1,estimating,0.0000,0.700000,0,0,0.000000,0.000000,0.000000,0,nan,0.00,0.000000,0.7550,0.0000,0.000000,0.8204,0.63,5.26,6.53,5.26,0.020877,0.1365,-0.0750,0.008000,0.222304,0.0324,0.223928,0.004704,0.005714,-268.9181954382352,-1045.5890892479733,-19.827340421196396,187.23663914028955,-0.062252,-0.024221,6306.9,6313.6,0.163417,0.393622,0.000000,0.9003,1.0000,,,,,
1.2600,1778909408.439077,105,1.952263,0.063444,0.005259,1.1216,0.0587,0.014144,1.872693,0.021975,0.002548,1.1031,1.958391,0.063785,0.005309,0.9488,0.0284,0.005256,0.873452,0.0000,1.958391,-0.000000,0.000000,1.1913,0.000000,-1.710693,93.6376,0,1,estimating,0.0000,0.700000,0,0,0.000000,0.000000,0.000000,0,nan,0.00,0.000000,0.7530,0.0000,0.000000,0.7999,0.61,5.26,6.48,5.26,0.021975,0.1460,-0.0881,0.008000,0.143518,0.2719,0.241387,0.005614,0.006569,-195.02957016542737,-344.70001774078014,-46.069439402801834,180.29216252723327,-0.064570,-0.025734,6308.1,6312.5,0.162575,0.387356,0.000000,0.9431,1.0000,,,,,
1.2720,1778909408.451145,106,1.966429,0.041231,0.002413,1.1646,0.1389,0.013271,1.886147,0.023100,0.002745,1.1367,1.972825,0.041660,0.002466,0.9917,0.0413,0.005793,0.876741,0.0000,1.972825,-0.000000,0.000000,1.1751,0.000000,-1.794049,99.0040,0,1,estimating,0.0000,0.700000,0,0,0.000000,0.000000,0.000000,0,nan,0.00,0.000000,0.7507,0.0000,0.000000,0.7783,0.60,5.26,6.46,5.23,0.023100,0.1573,-0.0384,0.008000,0.051226,0.1661,0.247692,0.029310,0.009033,-392.3506498403313,126.343283100277,-179.76886929134872,86.12568436879877,-0.081125,-0.042653,6307.1,6313.4,0.163267,0.382325,0.000000,0.9860,1.0000,,,,,
1.2840,1778909408.463033,107,1.953815,0.000086,-0.003136,1.1617,0.0363,0.014078,1.900044,0.024265,0.002922,1.1717,1.960381,0.000457,-0.003080,1.0257,0.0386,0.006134,0.878994,0.0000,1.960381,-0.000000,0.000000,1.1889,0.000000,-1.865657,105.3490,0,1,estimating,0.0000,0.700000,0,0,0.000000,0.000000,0.000000,0,nan,0.00,0.000000,0.7478,0.0000,0.000000,0.7560,0.58,5.29,6.45,5.50,0.024265,0.1674,-0.0173,0.008000,0.104307,-0.0831,0.237274,0.029007,0.009449,-678.0730744576607,-3690.329070356807,-138.31791802746542,122.27635244768334,-0.074378,-0.035569,6306.4,6314.1,0.163763,0.403680,0.000000,1.0200,1.0000,,,,,
1.2960,1778909408.476515,108,1.914623,0.033152,0.007877,1.1903,0.0451,0.011505,1.914408,0.025411,0.003080,1.2134,1.921406,0.033587,0.007933,1.0587,0.0375,0.006184,0.880313,0.0000,1.921406,-0.000000,0.000000,1.2401,0.000000,-1.925368,112.6728,0,1,estimating,0.0000,0.700000,0,0,0.000000,0.000000,0.000000,0,nan,0.00,0.000000,0.7446,0.0000,0.000000,0.7328,0.57,5.32,6.45,5.46,0.025411,0.1765,-0.0267,0.008000,0.026924,0.7393,0.226398,0.026650,0.009011,-669.9943985024439,1332.2103508298524,-111.99592106814812,135.66504667781348,-0.069756,-0.032461,6306.0,6314.6,0.164094,0.393682,0.000000,1.0530,1.0000,,,,,
1.3080,1778909408.487085,109,1.877856,0.033473,-0.007696,1.2935,0.0796,0.014727,1.929221,0.026578,0.003249,1.2512,1.884954,0.033834,-0.007636,1.1052,0.0415,0.006657,0.880969,0.0000,1.884954,-0.000000,-0.000000,1.2962,0.000000,-1.988029,124.0072,0,1,estimating,0.0000,0.700000,0,0,0.000000,0.000000,0.000000,0,nan,0.00,0.000000,0.7409,0.0000,0.000000,0.7090,0.56,5.31,6.43,5.25,0.026578,0.1862,-0.0451,0.008000,0.021826,-0.5071,0.236418,0.040497,0.008371,-414.187406727129,353.4975315815047,-141.41914412577933,117.30459144123452,-0.071985,-0.034654,6305.7,6314.8,0.164288,0.366901,0.000000,1.0995,1.0000,,,,,
1.3200,1778909408.499079,110,1.951696,0.066045,0.007368,1.2582,-0.0772,0.011462,1.944436,0.027795,0.003411,1.2832,1.958949,0.066369,0.007426,1.1359,0.0233,0.006454,0.880927,0.0000,1.958949,-0.000000,0.000000,1.1906,0.000000,-2.000000,143.9494,0,1,estimating,0.0000,0.700000,0,0,0.000000,0.000000,0.000000,0,nan,0.00,0.000000,0.7367,0.0000,0.000000,0.6850,0.55,5.30,6.39,5.22,0.027795,0.1955,0.0927,0.008000,0.093043,0.1944,0.217285,0.016121,0.009531,-284.08394725263656,680.2516396265248,44.55697602636455,244.64141816078185,-0.046450,-0.010628,6305.6,6314.9,0.164342,0.408032,0.000000,1.1302,1.0000,,,,,
1.3320,1778909408.511003,111,1.979331,0.005258,0.001660,1.2546,0.1125,0.015173,1.960042,0.029098,0.003607,1.3146,1.986679,0.005628,0.001721,1.1599,0.0345,0.006994,0.881103,0.0000,1.986679,-0.000000,0.000000,1.1614,0.000000,-2.000000,153.8295,0,1,estimating,0.0000,0.700000,0,0,0.000000,0.000000,0.000000,0,nan,0.00,0.000000,0.7322,0.0000,0.000000,0.6610,0.53,5.30,6.35,5.31,0.029098,0.2067,0.1532,0.008000,0.102931,-0.7162,0.214135,0.035415,0.016535,-374.09065533473887,-314.3526646703116,-59.42453046452828,179.76090877507272,-0.059553,-0.022906,6305.6,6315.0,0.164370,0.433063,0.000000,1.1543,1.0000,,,,,
1.3440,1778909408.523117,112,1.929227,0.051608,0.006972,1.3659,0.0255,0.015454,1.976044,0.030414,0.003796,1.3492,1.936839,0.052001,0.007036,1.2009,0.0317,0.007361,0.881239,0.0000,1.936839,-0.000000,0.000000,1.2185,0.000000,-2.000000,164.0938,0,1,estimating,0.0000,0.700000,0,0,0.000000,0.000000,0.000000,0,nan,0.00,0.000000,0.7272,0.0000,0.000000,0.6370,0.53,5.30,6.36,5.30,0.030414,0.2175,0.1307,0.008000,0.028319,0.2466,0.238635,0.023606,0.015150,-457.5815891135152,1489.1506079161045,-30.050638328551102,206.03963006506817,-0.054491,-0.017686,6305.6,6315.0,0.164396,0.391400,0.000000,1.1953,1.0000,,,,,
1.3560,1778909408.535052,113,1.892692,0.069782,-0.002475,1.2750,0.0657,0.012316,1.992465,0.031682,0.003942,1.3841,1.900374,0.070124,-0.002412,1.2163,0.0349,0.007364,0.881433,0.0000,1.900374,-0.000000,-0.000000,1.2717,0.000000,-2.000000,166.0472,0,1,estimating,0.0000,0.700000,0,0,0.000000,0.000000,0.000000,0,nan,0.00,0.000000,0.7219,0.0000,0.000000,0.6130,0.52,5.28,6.31,5.18,0.031682,0.2259,0.1124,0.008000,0.205914,0.0403,0.216784,0.030977,0.020416,-761.8337448705834,-182.93399499411072,-53.92834563154961,184.93703470316171,-0.057007,-0.021220,6305.5,6315.0,0.164422,0.443631,0.000000,1.2107,1.0000,,,,,
1.3680,1778909408.547035,114,1.952869,0.043959,0.002965,1.3511,0.0964,0.006447,2.009301,0.032879,0.004051,1.4200,1.960680,0.044384,0.003023,1.2435,0.0420,0.006858,0.881636,0.0000,1.960680,-0.000000,0.000000,1.1886,0.000000,-2.000000,183.7436,0,1,estimating,0.0000,0.700000,0,0,0.000000,0.000000,0.000000,0,nan,0.00,0.000000,0.7162,0.0000,0.000000,0.5890,0.51,5.27,6.29,5.22,0.032879,0.2321,0.2314,0.008000,0.103252,-0.1644,0.201706,0.043802,0.026165,-763.3282201838986,361.46149232826116,-98.09183863935982,127.6266184411032,-0.061606,-0.030073,6305.5,6315.1,0.164448,0.422724,0.000000,1.2379,1.0000,,,,,
1.3800,1778909408.559038,115,2.116198,0.027509,0.007809,1.4551,-0.0072,0.010084,2.026540,0.034086,0.004165,1.4511,2.124239,0.027904,0.007864,1.2855,0.0333,0.006702,0.881822,0.0000,2.124239,0.000000,0.000000,1.1189,0.000000,-2.000000,223.8687,0,1,estimating,0.0000,0.700000,0,0,0.000000,0.000000,0.000000,0,nan,0.00,0.000000,0.7101,0.0000,0.000000,0.5650,0.50,5.26,6.26,5.22,0.034086,0.2387,0.3322,0.008000,0.048315,0.2729,0.200538,0.016062,0.021677,-531.026041649577,835.0136258087058,-10.705993747863886,187.9959088315529,-0.049412,-0.019766,6305.5,6315.1,0.164473,0.400878,0.000000,1.2799,1.0000,,,,,
1.3920,1778909408.574035,116,2.054968,0.047714,0.004150,1.4594,0.0337,0.013646,2.044156,0.035338,0.004300,1.4829,2.063217,0.048073,0.004207,1.3202,0.0319,0.007015,0.881972,0.0000,2.063217,0.000000,0.000000,1.1199,0.000000,-2.000000,230.0064,0,1,estimating,0.0000,0.700000,0,0,0.000000,0.000000,0.000000,0,nan,0.00,0.000000,0.7037,0.0000,0.000000,0.5410,0.50,5.24,6.24,5.13,0.035338,0.2464,0.3630,0.008000,0.043505,0.3791,0.201065,0.010408,0.015471,-490.4651967228571,-522.630325444123,0.8097361786203408,202.1041027859854,-0.046950,-0.017043,6305.4,6315.1,0.164497,0.415046,0.000000,1.3146,1.0000,,,,,
1.4040,1778909408.583050,117,1.942906,0.047976,0.007470,1.5369,0.1012,0.009701,2.062179,0.036610,0.004436,1.5168,1.951356,0.048421,0.007526,1.3632,0.0408,0.007004,0.882200,0.0000,1.951356,-0.000000,0.000000,1.1998,0.000000,-2.000000,231.8121,0,1,estimating,0.0000,0.700000,0,0,0.000000,0.000000,0.000000,0,nan,0.00,0.000000,0.6970,0.0000,0.000000,0.5170,0.48,5.24,6.21,5.20,0.036610,0.2542,0.3170,0.008000,0.084805,-0.0619,0.210963,0.024215,0.016789,-275.7780863957264,394.22026819313726,-62.212810806326544,143.18169397282682,-0.053274,-0.025373,6305.4,6315.2,0.164521,0.388903,0.000000,1.3576,1.0000,,,,,
1.4160,1778909408.595087,118,2.010017,0.173304,-0.000541,1.5742,0.0593,0.012118,2.080591,0.037900,0.004586,1.5491,2.018728,0.173690,-0.000484,1.4051,0.0419,0.007186,0.882330,0.0000,2.018728,0.000000,0.000000,1.1372,0.000000,-2.000000,268.3931,0,1,estimating,0.0000,0.700000,0,0,0.000000,0.000000,0.000000,0,nan,0.00,0.000000,0.6899,0.0000,0.000000,0.4930,0.49,5.23,6.20,5.17,0.037900,0.2628,0.4119,0.008000,0.135954,0.3684,0.206245,0.018889,0.013523,-754.1595611305845,-2016.784159892466,-67.2777365021351,138.8304726414245,-0.052543,-0.025191,6305.4,6315.2,0.164544,0.392315,0.000000,1.3996,1.0000,,,,,
1.4280,1778909408.607090,119,2.130540,0.086053,0.002694,1.6023,0.1264,0.012455,2.099405,0.039192,0.004744,1.5816,2.139482,0.086546,0.002752,1.4443,0.0528,0.007485,0.882468,0.0000,2.139482,0.000000,0.000000,1.1215,0.000000,-2.000000,300.2039,0,1,estimating,0.0000,0.700000,0,0,0.000000,0.000000,0.000000,0,nan,0.00,0.000000,0.6826,0.0000,0.000000,0.4690,0.49,5.23,6.21,5.26,0.039192,0.2718,0.4601,0.008000,0.060023,-0.3081,0.214801,0.049959,0.015553,-632.1173928852099,-1667.5006207150857,-148.7045528276114,66.47927489342953,-0.060850,-0.033889,6305.3,6315.2,0.164567,0.394724,0.000000,1.4388,1.0000,,,,,
1.4400,1778909408.619052,120,2.150605,0.100388,0.009964,1.6112,0.1419,0.013667,2.118575,0.040462,0.004895,1.6114,2.159750,0.101031,0.010025,1.4777,0.0640,0.007887,0.882586,0.0000,2.159750,0.000000,-0.000000,1.1260,0.000000,-2.000000,319.6221,0,1,estimating,0.0000,0.700000,0,0,0.000000,0.000000,0.000000,0,nan,0.00,0.000000,0.6749,0.0000,0.000000,0.4450,0.49,5.23,6.20,5.23,0.040462,0.2804,0.4854,0.008000,0.102013,0.4322,0.224118,0.047590,0.007884,-640.9892317503964,-1.1303998132797233,-229.29802363905782,-9.989027601249944,-0.069427,-0.042282,6305.3,6315.3,0.164589,0.405748,0.000000,1.4722,1.0000,,,,,
1.4520,1778909408.631069,121,2.155433,0.002085,0.002700,1.5103,0.0209,0.011009,2.138134,0.041712,0.005040,1.6428,2.164623,0.002593,0.002759,1.4851,0.0548,0.007682,0.882710,0.0000,2.164623,0.000000,-0.000000,1.1272,0.000000,-2.000000,320.2812,0,1,estimating,0.0000,0.700000,0,0,0.000000,0.000000,0.000000,0,nan,0.00,0.000000,0.6670,0.0000,0.000000,0.4210,0.48,5.22,6.19,5.17,0.041712,0.2888,0.5156,0.008000,0.112907,-0.2906,0.190526,0.051705,0.023200,-809.6422451033425,-149.26940912840195,-159.9749185342724,55.41227328410477,-0.060754,-0.034209,6305.3,6315.3,0.164610,0.453967,0.000000,1.4796,1.0000,,,,,
1.4640,1778909408.643094,122,2.103837,0.065019,0.007385,1.5974,0.0461,0.013562,2.158023,0.042978,0.005198,1.6709,2.113165,0.065548,0.007446,1.5079,0.0513,0.007889,0.882827,0.0000,2.113165,0.000000,0.000000,1.1176,0.000000,-2.000000,324.2079,0,1,estimating,0.0000,0.700000,0,0,0.000000,0.000000,0.000000,0,nan,0.00,0.000000,0.6588,0.0000,0.000000,0.3970,0.49,5.23,6.21,5.25,0.042978,0.2978,0.5533,0.008000,0.082398,0.5191,0.197909,0.046475,0.026412,-640.3591308387845,491.90742334112736,-134.22734668695577,84.15415876181383,-0.056975,-0.030126,6305.2,6315.3,0.164631,0.437084,0.000000,1.5024,1.0000,,,,,
1.4760,1778909408.655088,123,2.110185,0.053499,0.013348,1.7207,0.0347,0.016069,2.178289,0.044287,0.005395,1.7019,2.119796,0.054063,0.013413,1.5501,0.0469,0.008383,0.882909,0.0000,2.119796,0.000000,0.000000,1.1183,0.000000,-2.000000,344.7443,0,1,estimating,0.0000,0.700000,0,0,0.000000,0.000000,0.000000,0,nan,0.00,0.000000,0.6504,0.0000,0.000000,0.3730,0.49,5.23,6.21,5.23,0.044287,0.3091,0.5836,0.008000,0.025379,0.5523,0.212998,0.030760,0.023770,-700.6980526078387,-661.9228858985427,-104.93146897885103,121.8120483477,-0.052249,-0.024542,6305.2,6315.3,0.164652,0.401875,0.000000,1.5446,1.0000,,,,,
1.4880,1778909408.672214,124,2.194492,0.084758,-0.002076,1.6636,0.0315,0.017622,2.198923,0.045579,0.005590,1.7315,2.204235,0.085149,-0.002007,1.5732,0.0427,0.008958,0.883042,0.0000,2.204235,0.000000,-0.000000,1.1383,0.000000,-2.000000,372.9676,0,1,estimating,0.0000,0.700000,0,0,0.000000,0.000000,0.000000,0,nan,0.00,0.000000,0.6417,0.0000,0.000000,0.3490,0.49,5.25,6.22,5.35,0.045579,0.3203,0.5932,0.008000,0.077721,-0.6080,0.193990,0.026805,0.018411,-670.6377632133418,-82.16511170501099,-81.33590437377174,157.18725601990226,-0.048875,-0.019677,6305.2,6315.4,0.164672,0.432151,0.000000,1.5676,1.0000,,,,,
1.5000,1778909408.679086,125,2.303192,-0.023510,0.004465,1.8922,0.0843,0.016786,2.219914,0.046846,0.005790,1.7613,2.313365,-0.023013,0.004539,1.6360,0.0476,0.009486,0.883095,0.0000,2.313365,-0.000000,-0.000000,1.1581,0.000000,-2.000000,419.8938,0,1,estimating,0.0000,0.700000,0,0,0.000000,0.000000,0.000000,0,nan,0.00,0.000000,0.6327,0.0000,0.000000,0.3250,0.49,5.23,6.22,5.18,0.046846,0.3317,0.6032,0.008000,0.132291,-0.0254,0.222074,0.043427,0.029611,-788.3406118139454,-115.73694162085553,-118.99309725999927,130.03678501239528,-0.051069,-0.021863,6305.2,6315.4,0.164692,0.363635,0.000000,1.6305,1.0000,,,,,
1.5120,1778909408.691139,126,2.229434,0.115309,0.012128,1.7772,0.0244,0.015059,2.241248,0.048091,0.005982,1.7904,2.239800,0.115850,0.012202,1.6644,0.0423,0.009572,0.879552,0.0000,2.239800,0.000000,-0.000000,1.1477,0.000000,-2.000000,424.2173,0,1,estimating,0.0000,0.700000,0,0,0.000000,0.000000,0.000000,0,nan,0.00,0.000000,0.6235,0.0000,0.000000,0.3010,0.50,5.24,6.25,5.28,0.048091,0.3428,0.6427,0.008000,0.154218,0.2235,0.207478,0.030144,0.031353,-757.6364727884948,-335.6902060133811,-82.70387354546477,166.24217553618047,-0.046125,-0.017172,6306.1,6314.5,0.164044,0.413710,0.000000,1.6589,1.0000,,,,,
1.5240,1778909408.703112,127,2.301398,0.151243,0.009682,1.7909,0.0343,0.018627,2.262910,0.049310,0.006184,1.8174,2.311954,0.151749,0.009761,1.6900,0.0395,0.010096,0.879703,0.0000,2.311954,-0.000000,-0.000000,1.1580,0.000000,-2.000000,453.5221,0,1,estimating,0.0000,0.700000,0,0,0.000000,0.000000,0.000000,0,nan,0.00,0.000000,0.6141,0.0000,0.000000,0.2770,0.51,5.23,6.25,5.18,0.049310,0.3543,0.6594,0.008000,0.144870,0.5413,0.191092,0.044282,0.053808,-818.576741753547,-376.8440677392638,-69.6600740422358,190.87727607811797,-0.043982,-0.013923,6306.0,6314.6,0.164079,0.417978,0.000000,1.6844,1.0000,,,,,
1.5360,1778909408.715083,128,2.237536,-0.008976,0.011366,1.8777,0.0507,0.020614,2.284948,0.050573,0.006414,1.8495,2.248303,-0.008441,0.011450,1.7274,0.0399,0.010852,0.879912,0.0000,2.248303,0.000000,-0.000000,1.1497,0.000000,-2.000000,451.3525,0,1,estimating,0.0000,0.700000,0,0,0.000000,0.000000,0.000000,0,nan,0.00,0.000000,0.6045,0.0000,0.000000,0.2530,0.51,5.23,6.24,5.21,0.050573,0.3675,0.6999,0.008000,0.112421,0.4506,0.189254,0.028396,0.046831,-856.5898041456296,-678.7445455028467,-80.84916506060921,197.2711499188525,-0.044088,-0.012728,6306.0,6314.6,0.164112,0.392726,0.000000,1.7218,1.0000,,,,,
1.5480,1778909408.727066,129,2.260795,0.145126,0.010102,1.9004,0.0625,0.019821,2.307346,0.051798,0.006640,1.8789,2.271758,0.145670,0.010190,1.7619,0.0420,0.011397,0.880112,0.0000,2.271758,-0.000000,-0.000000,1.1539,0.000000,-2.000000,479.6442,0,1,estimating,0.0000,0.700000,0,0,0.000000,0.000000,0.000000,0,nan,0.00,0.000000,0.5946,0.0000,0.000000,0.2290,0.50,5.22,6.23,5.17,0.051798,0.3804,0.7250,0.008000,0.058322,-0.0408,0.190453,0.033913,0.060355,-857.1794355117769,-513.7756000937114,-101.43743953350067,188.80878234823257,-0.045215,-0.013218,6305.9,6314.6,0.164145,0.391471,0.000000,1.7564,1.0000,,,,,
1.5600,1778909408.739077,130,2.343292,0.159797,0.006815,1.9750,0.0216,0.018343,2.330096,0.052969,0.006840,1.9063,2.354503,0.160275,0.006904,1.8042,0.0374,0.011637,0.880306,0.0000,2.354503,-0.000000,-0.000000,1.1589,0.000000,-2.000000,518.2028,0,1,estimating,0.0000,0.700000,0,0,0.000000,0.000000,0.000000,0,nan,0.00,0.000000,0.5846,0.0000,0.000000,0.2050,0.50,5.22,6.23,5.22,0.052969,0.3919,0.7474,0.008000,0.153176,0.1884,0.225366,-0.001850,0.020673,-711.5673841448967,36.11986874363555,-73.62376558242612,219.66197071485936,-0.041078,-0.009363,6305.9,6314.7,0.164177,0.379703,0.000000,1.7987,1.0000,,,,,
1.5720,1778909408.751037,131,2.396872,0.100574,0.006010,1.8376,0.1138,0.020122,2.353176,0.054198,0.007070,1.9359,2.408107,0.101121,0.006102,1.8117,0.0480,0.012113,0.880501,0.0000,2.408107,-0.000000,0.000000,1.1566,0.000000,-2.000000,528.1572,0,1,estimating,0.0000,0.700000,0,0,0.000000,0.000000,0.000000,0,nan,0.00,0.000000,0.5744,0.0000,0.000000,0.1810,0.50,5.22,6.21,5.20,0.054198,0.4051,0.7793,0.008000,0.135774,-0.1275,0.210071,0.039562,0.047631,-681.9738459277336,-764.1531558723586,-148.52613816578096,155.98622250712472,-0.048601,-0.016030,6305.8,6314.7,0.164208,0.424702,0.000000,1.8062,1.0000,,,,,
1.5840,1778909408.770710,132,2.385912,0.087490,0.008270,1.9701,0.1509,0.021945,2.376641,0.055459,0.007319,1.9690,2.397285,0.088168,0.008366,1.8434,0.0626,0.012859,0.880728,0.0000,2.397285,-0.000000,-0.000000,1.1572,0.000000,-2.000000,541.1530,0,1,estimating,0.0000,0.700000,0,0,0.000000,0.000000,0.000000,0,nan,0.00,0.000000,0.5640,0.0000,0.000000,0.1570,0.48,5.25,6.21,5.43,0.055459,0.4193,0.8117,0.008000,0.113992,-0.3427,0.199507,0.072185,0.062272,-755.0082368816289,216.00358013930264,-247.14715155582346,67.70093674674233,-0.058051,-0.024637,6305.8,6314.8,0.164239,0.384761,0.000000,1.8379,1.0000,,,,,
1.5960,1778909408.776670,133,2.474324,0.078244,0.008970,1.9206,0.0620,0.019972,2.400475,0.056661,0.007548,1.9986,2.486750,0.078967,0.009074,1.8599,0.0593,0.012663,0.879863,0.0000,2.486750,-0.000000,0.000000,1.1508,0.000000,-2.000000,567.0484,0,1,estimating,0.0000,0.700000,0,0,0.000000,0.000000,0.000000,0,nan,0.00,0.000000,0.5534,0.0000,0.000000,0.1330,0.72,5.26,6.70,5.30,0.056661,0.4324,0.8478,0.008000,0.113592,0.5776,0.192472,0.052061,0.040039,-714.7614971372273,37.9180595217145,-235.39655116418277,84.07123222884734,-0.056201,-0.022609,6305.7,6314.8,0.164268,0.406946,0.000000,1.8539,1.0000,,,,,
1.6080,1778909408.786968,134,2.509634,-0.033342,0.006013,1.9540,0.0895,0.019319,2.424662,0.057851,0.007769,2.0276,2.521983,-0.032646,0.006117,1.8791,0.0620,0.012872,0.880243,0.0000,2.521983,0.000000,0.000000,1.1490,0.000000,-2.000000,579.4048,0,1,estimating,0.0000,0.700000,0,0,0.000000,0.000000,0.000000,0,nan,0.00,0.000000,0.5426,0.0000,0.000000,0.1090,0.66,5.27,6.60,5.37,0.057851,0.4451,0.8786,0.008000,0.036982,0.0301,0.148980,0.031106,0.014018,-713.9919798428485,296.87397498952316,-251.7434153090031,67.4649808838363,-0.057264,-0.023877,6305.7,6314.9,0.164297,0.402336,0.000000,1.8733,1.0000,,,,,
1.6200,1778909408.799122,135,2.457846,0.124465,-0.001711,2.0820,0.0622,0.021638,2.449216,0.059075,0.007997,2.0589,2.470420,0.125052,-0.001605,1.9195,0.0600,0.013314,0.880446,0.0000,2.470420,-0.000000,0.000000,1.1520,0.000000,-2.000000,595.6324,0,1,estimating,0.0000,0.700000,0,0,0.000000,0.000000,0.000000,0,nan,0.00,0.000000,0.5296,0.0000,0.000000,0.0850,0.64,5.25,6.54,5.11,0.059075,0.4581,0.9069,0.008000,0.051689,-0.8520,0.161350,0.077889,0.066121,-733.9561775530692,342.92413648445876,-243.40638646231935,84.73146978042745,-0.054976,-0.021400,6305.7,6314.9,0.164326,0.365540,0.000000,1.9137,1.0000,,,,,
1.6320,1778909408.811097,136,2.490578,0.099163,0.003368,2.0668,-0.0453,0.018619,2.474150,0.060272,0.008209,2.0906,2.503215,0.099672,0.003473,1.9491,0.0415,0.013177,0.880729,0.0000,2.503215,0.000000,0.000000,1.1498,0.000000,-2.000000,614.0955,0,1,estimating,0.0000,0.700000,0,0,0.000000,0.000000,0.000000,0,nan,0.00,0.000000,0.5171,0.0000,0.000000,0.0610,0.62,5.24,6.49,5.19,0.060272,0.4703,0.9408,0.008000,0.060557,-0.4241,0.165411,0.041229,0.050866,-864.4151786837145,-14.21831096403804,-125.80336949050334,205.0083004153708,-0.042120,-0.009315,6305.6,6314.9,0.164354,0.371305,0.000000,1.9433,1.0000,,,,,
1.6440,1778909408.823058,137,2.530469,0.017441,0.006514,2.1793,0.0823,0.015829,2.499468,0.061398,0.008393,2.1209,2.543289,0.018018,0.006614,1.9947,0.0467,0.012919,0.880989,0.0000,2.543289,0.000000,0.000001,1.1483,0.000000,-2.000000,640.0596,0,1,estimating,0.0000,0.700000,0,0,0.000000,0.000000,0.000000,0,nan,0.00,0.000000,0.5051,0.0000,0.000000,0.0370,0.60,5.24,6.44,5.23,0.061398,0.4809,0.9727,0.008000,0.111000,-0.3450,0.173650,0.030442,0.028924,-840.3323181512234,-110.13403189775582,-155.57862991548785,162.38973533408526,-0.043639,-0.012713,6305.6,6315.0,0.164381,0.341550,0.000000,1.9890,1.0000,,,,,
1.6560,1778909408.835142,138,2.555650,0.022630,0.013658,2.1432,0.0905,0.017468,2.525127,0.062559,0.008596,2.1506,2.568617,0.023337,0.013757,2.0246,0.0522,0.012888,0.881172,0.0000,2.568617,0.000000,0.000001,1.1478,0.000000,-2.000000,659.1639,0,1,estimating,0.0000,0.700000,0,0,0.000000,0.000000,0.000000,0,nan,0.00,0.000000,0.4935,0.0000,0.000000,0.0130,0.59,5.26,6.44,5.37,0.062559,0.4925,1.0029,0.008000,0.169515,0.1334,0.168921,0.068859,0.065119,-763.5304511549008,219.26348837439883,-189.523197952994,122.70165269439198,-0.046007,-0.015914,6305.6,6315.0,0.164407,0.357041,0.000000,2.0189,1.0000,,,,,
1.6680,1778909408.847116,139,2.528987,0.097485,0.007512,2.1418,0.0866,0.016915,2.551163,0.063717,0.008784,2.1816,2.542106,0.098137,0.007611,2.0483,0.0560,0.012772,0.881317,0.0000,2.542106,0.000000,0.000001,1.1483,0.000000,-2.000000,668.6632,0,1,estimating,0.0000,0.700000,0,0,0.000000,0.000000,0.000000,0,nan,0.00,0.000000,0.4825,0.0000,0.000000,-0.0110,0.58,5.27,6.43,5.36,0.063717,0.5033,1.0333,0.008000,0.069856,-0.0318,0.150395,0.058056,0.046583,-789.9924165138739,283.55874629169324,-212.07036485012458,93.47139393063799,-0.047419,-0.018151,6305.5,6315.0,0.164433,0.357499,0.000000,2.0426,1.0000,,,,,
1.6800,1778909408.859068,140,2.565540,0.182935,0.001406,2.2531,-0.0026,0.015598,2.577582,0.064851,0.008962,2.2127,2.578888,0.183423,0.001502,2.0891,0.0449,0.012451,0.881488,0.0000,2.578888,0.000000,0.000001,1.1477,0.000000,-2.000000,699.7560,0,1,estimating,0.0000,0.700000,0,0,0.000000,0.000000,0.000000,0,nan,0.00,0.000000,0.4719,0.0000,0.000000,-0.0350,0.56,5.32,6.44,5.56,0.064851,0.5135,1.0650,0.008000,0.077688,-0.3384,0.183594,0.056380,0.066049,-803.7317937050206,72.84554074979053,-142.60241853262514,160.29551452336324,-0.039572,-0.011639,6305.5,6315.1,0.164458,0.325279,0.000000,2.0834,1.0000,,,,,
1.6920,1778909408.872506,141,2.610010,0.062166,0.016089,2.2118,0.0792,0.017144,2.604350,0.066040,0.009164,2.2432,2.623528,0.062881,0.016184,2.1139,0.0490,0.012459,0.881604,0.0000,2.623528,0.000000,0.000000,1.1478,0.000000,-2.000000,709.4073,0,1,estimating,0.0000,0.700000,0,0,0.000000,0.000000,0.000000,0,nan,0.00,0.000000,0.4617,0.0000,0.000000,-0.0590,0.55,5.32,6.42,5.37,0.066040,0.5250,1.0954,0.008000,0.045769,0.3688,0.176738,0.027032,0.039689,-672.6223979875399,43.06507222893896,-169.51106366578347,130.43370273641733,-0.041307,-0.013855,6305.5,6315.1,0.164483,0.340431,0.000000,2.1082,1.0000,,,,,
1.7040,1778909408.883091,142,2.564872,0.008432,0.012136,2.2798,0.0614,0.016524,2.631494,0.067244,0.009366,2.2752,2.578591,0.009097,0.012230,2.1471,0.0495,0.012394,0.881748,0.0000,2.578591,0.000000,0.000001,1.1477,0.000000,-2.000000,711.2013,0,1,estimating,0.0000,0.700000,0,0,0.000000,0.000000,0.000000,0,nan,0.00,0.000000,0.4519,0.0000,0.000000,-0.0830,0.54,5.32,6.40,5.30,0.067244,0.5367,1.1275,0.008000,0.134326,0.1029,0.193586,0.033793,0.042453,-836.7676423549929,633.6183373013835,-174.3920651501519,122.75092412426741,-0.040724,-0.014001,6305.4,6315.1,0.164507,0.319365,0.000000,2.1414,1.0000,,,,,
1.7160,1778909408.895102,143,2.663190,0.052221,0.009702,2.4011,0.0823,0.017372,2.659021,0.068437,0.009559,2.3060,2.677197,0.052882,0.009797,2.1974,0.0534,0.012529,0.881907,0.0000,2.677197,0.000000,-0.000000,1.1486,0.000000,-2.000000,747.9574,0,1,estimating,0.0000,0.700000,0,0,0.000000,0.000000,0.000000,0,nan,0.00,0.000000,0.4425,0.0012,0.000000,-0.1070,0.53,5.31,6.38,5.26,0.068437,0.5478,1.1574,0.008000,0.088724,0.1317,0.224543,0.023624,0.027486,-857.8829657769377,-94.20041558520123,-203.9966644308075,92.88696176333738,-0.041790,-0.015674,6305.4,6315.2,0.164530,0.281492,0.000000,2.1917,1.0000,,,,,
1.7280,1778909408.907088,144,2.641492,0.006589,0.007429,2.4663,0.1140,0.017905,2.686900,0.069657,0.009761,2.3350,2.655789,0.007278,0.007525,2.2505,0.0617,0.012771,0.882077,0.0000,2.655789,0.000000,-0.000000,1.1482,0.000000,-2.000000,758.3699,0,1,estimating,0.0000,0.700000,0,0,0.000000,0.000000,0.000000,0,nan,0.00,0.000000,0.4334,0.0026,0.000000,-0.1310,0.53,5.32,6.37,5.37,0.069657,0.5594,1.1868,0.008000,0.127946,0.4413,0.237298,0.054460,0.048441,-720.1114030192782,411.6465352995169,-262.46344440801647,33.25455006455594,-0.045184,-0.019534,6305.4,6315.2,0.164553,0.267988,0.000000,2.2449,1.0000,,,,,
1.7400,1778909408.919077,145,2.747982,0.137289,0.004209,2.3813,0.1112,0.015695,2.715147,0.070842,0.009948,2.3657,2.762440,0.137972,0.004303,2.2769,0.0680,0.012618,0.882207,0.0000,2.762440,-0.000000,-0.000002,1.1502,0.000000,-2.000000,790.7845,0,1,estimating,0.0000,0.700000,0,0,0.000000,0.000000,0.000000,0,nan,0.00,0.000000,0.4248,0.0042,0.000000,-0.1550,0.52,5.30,6.34,5.18,0.070842,0.5701,1.2155,0.008000,0.058521,-0.0333,0.234101,0.093345,0.071829,-897.2310500566196,347.1809484337732,-300.5234050805882,-13.793149781368285,-0.047611,-0.022759,6305.3,6315.2,0.164576,0.289995,0.000000,2.2713,1.0000,,,,,
1.7520,1778909408.931134,146,2.787949,0.024297,0.019165,2.3499,0.0568,0.015486,2.743749,0.071995,0.010119,2.3953,2.802453,0.025167,0.019257,2.2921,0.0642,0.012402,0.882360,0.0000,2.802453,-0.000000,-0.000002,1.1505,0.000000,-2.000000,792.8496,0,1,estimating,0.0000,0.700000,0,0,0.000000,0.000000,0.000000,0,nan,0.00,0.000000,0.4164,0.0060,0.000000,-0.1790,0.52,5.30,6.34,5.29,0.071995,0.5798,1.2447,0.008000,0.045241,0.6451,0.203683,0.046212,0.028706,-971.5316710586861,190.12774128996233,-277.5799132761779,6.585003542194372,-0.045037,-0.020801,6305.3,6315.3,0.164597,0.296368,0.000000,2.2865,1.0000,,,,,
1.7640,1778909408.943069,147,2.725982,0.075463,0.012632,2.4996,0.0684,0.016015,2.772692,0.073159,0.010302,2.4233,2.740718,0.076230,0.012723,2.3334,0.0631,0.012360,0.882506,0.0000,2.740718,0.000000,-0.000001,1.1499,0.000000,-2.000000,796.6812,0,1,estimating,0.0000,0.700000,0,0,0.000000,0.000000,0.000000,0,nan,0.00,0.000000,0.4084,0.0079,0.000000,-0.2030,0.51,5.28,6.31,5.17,0.073159,0.5903,1.2734,0.008000,0.061586,-0.1383,0.215066,0.063696,0.049578,-973.0647088064452,86.58705026490588,-277.0260925004317,7.245199195051683,-0.043484,-0.019891,6305.3,6315.3,0.164619,0.255879,0.000000,2.3277,1.0000,,,,,
1.7760,1778909408.955066,148,2.720062,0.128109,0.020379,2.4686,0.1085,0.016682,2.801978,0.074325,0.010486,2.4529,2.734890,0.129028,0.020470,2.3606,0.0688,0.012460,0.882682,0.0000,2.734890,0.000000,-0.000001,1.1498,0.000000,-2.000000,805.9399,0,1,estimating,0.0000,0.700000,0,0,0.000000,0.000000,0.000000,0,nan,0.00,0.000000,0.4007,0.0101,0.000000,-0.2270,0.51,5.28,6.30,5.30,0.074325,0.6009,1.3032,0.008000,0.033890,0.6584,0.218526,0.092380,0.079346,-1046.2844871034888,-39.004956004751705,-315.7800528094566,-33.442175939734625,-0.045756,-0.022431,6305.2,6315.3,0.164640,0.262473,0.000000,2.3550,1.0000,,,,,
1.7880,1778909408.970053,149,2.745325,0.038717,0.007946,2.5187,0.1381,0.018128,2.831605,0.075546,0.010688,2.4808,2.760312,0.039518,0.008038,2.3923,0.0783,0.012786,0.882834,0.0000,2.760312,-0.000000,-0.000002,1.1502,0.000000,-2.000000,809.9823,0,1,estimating,0.0000,0.700000,0,0,0.000000,0.000000,0.000000,0,nan,0.00,0.000000,0.3934,0.0124,0.000000,-0.2510,0.50,5.25,6.25,5.10,0.075546,0.6124,1.3307,0.008000,0.157264,0.2979,0.209459,0.086591,0.057456,-889.1318385895897,168.97648569276976,-380.1012324212271,-96.50773480556322,-0.049938,-0.026537,6305.2,6315.4,0.164660,0.242276,0.000000,2.3867,1.0000,,,,,
1.8000,1778909408.979134,150,2.853136,0.227606,0.014845,2.5064,-0.0121,0.018236,2.861563,0.076801,0.010909,2.5082,2.868205,0.228395,0.014939,2.4154,0.0613,0.012908,0.882992,0.0000,2.868205,-0.000000,-0.000001,1.1506,0.000000,-2.000000,842.9227,0,1,estimating,0.0000,0.700000,0,0,0.000000,0.000000,0.000000,0,nan,0.00,0.000000,0.3862,0.0148,0.000000,-0.2750,0.50,5.24,6.23,5.12,0.076801,0.6251,1.3576,0.008000,0.155401,-0.1481,0.207761,0.061255,0.050333,-957.1652026578307,163.11127183067305,-286.516390925542,13.523833639727926,-0.041257,-0.017723,6305.2,6315.4,0.164680,0.246687,0.000000,2.4099,1.0000,,,,,
1.8120,1778909408.991143,151,2.909042,0.076950,0.014231,2.5052,0.0960,0.018770,2.891861,0.078011,0.011120,2.5357,2.924213,0.077761,0.014327,2.4339,0.0653,0.013187,0.883108,0.0000,2.924213,-0.000000,0.000001,1.1504,0.000000,-2.000000,840.3469,0,1,estimating,0.0000,0.700000,0,0,0.000000,0.000000,0.000000,0,nan,0.00,0.000000,0.3794,0.0174,0.000000,-0.2990,0.50,5.24,6.25,5.26,0.078011,0.6369,1.3853,0.008000,0.129745,0.0436,0.192998,0.062236,0.045222,-1126.1997325042573,206.65308781609087,-317.10708283074194,-13.257934970120402,-0.043045,-0.019278,6305.2,6315.4,0.164699,0.245089,0.000000,2.4283,1.0000,,,,,
1.8240,1778909409.003076,152,2.877509,0.084919,0.008722,2.5158,-0.0397,0.019823,2.922466,0.079232,0.011342,2.5613,2.892782,0.085521,0.008819,2.4508,0.0462,0.013425,0.883219,0.0000,2.892782,-0.000000,-0.000000,1.1506,0.000000,-2.000000,839.6639,0,1,estimating,0.0000,0.700000,0,0,0.000000,0.000000,0.000000,0,nan,0.00,0.000000,0.3728,0.0201,0.000000,-0.3230,0.50,5.25,6.26,5.34,0.079232,0.6496,1.4108,0.008000,0.029699,-0.1334,0.159670,0.027024,0.032433,-916.013255449318,-128.62055575392316,-208.52980878658215,120.60881653183205,-0.033841,-0.009619,6305.1,6315.4,0.164718,0.241733,0.000000,2.4452,1.0000,,,,,
1.8360,1778909409.015037,153,2.980797,0.032361,0.011416,2.5990,0.0458,0.019105,2.953371,0.080448,0.011579,2.5860,2.996242,0.032998,0.011515,2.4806,0.0449,0.013631,0.883330,0.0000,2.996242,-0.000000,0.000005,1.1500,0.000000,-2.000000,852.0649,0,1,estimating,0.0000,0.700000,0,0,0.000000,0.000000,0.000000,0,nan,0.00,0.000000,0.3665,0.0230,0.000000,-0.3470,0.49,5.27,6.25,5.34,0.080448,0.6631,1.4359,0.008000,0.101198,0.1498,0.136279,0.042990,0.056966,-987.6963247717227,299.9104980507288,-209.2297764093027,127.85520206023241,-0.032920,-0.008689,6305.1,6315.5,0.164737,0.217521,0.000000,2.4750,1.0000,,,,,
1.8480,1778909409.027081,154,3.056693,0.026847,0.014368,2.5972,0.0769,0.022504,2.984589,0.081686,0.011837,2.6105,3.072314,0.027568,0.014472,2.5042,0.0489,0.014303,0.883404,0.0000,3.072314,0.000001,0.000007,1.1499,0.000000,-2.000000,862.9895,0,1,estimating,0.0000,0.700000,0,0,0.000000,0.000000,0.000000,0,nan,0.00,0.000000,0.3604,0.0260,0.000000,-0.3710,0.49,5.27,6.25,5.26,0.081686,0.6779,1.4607,0.008000,0.138046,0.5044,0.133504,0.022250,0.036158,-888.9712236595265,-211.9674119412086,-247.95943058358043,103.49041656165815,-0.035025,-0.009917,6305.1,6315.5,0.164755,0.212403,0.000000,2.4987,1.0000,,,,,
1.8600,1778909409.039087,155,2.961217,0.067940,0.007346,2.6587,0.1612,0.025047,3.016085,0.082959,0.012119,2.6338,2.977032,0.068680,0.007456,2.5352,0.0663,0.015322,0.879367,0.0000,2.977032,-0.000000,0.000004,1.1501,0.000000,-2.000000,858.5682,0,1,estimating,0.0000,0.700000,0,0,0.000000,0.000000,0.000000,0,nan,0.00,0.000000,0.3545,0.0292,0.000000,-0.3950,0.49,5.25,6.23,5.15,0.082959,0.6941,1.4837,0.008000,0.076447,-0.7535,0.149249,0.067546,0.061179,-726.180229879506,147.8239799586347,-371.022457227608,-11.663631838574545,-0.043273,-0.016960,6306.1,6314.5,0.164012,0.198590,0.000000,2.5296,1.0000,,,,,
1.8720,1778909409.051069,156,3.061590,0.127550,0.006107,2.6529,-0.0550,0.024245,3.047866,0.084238,0.012404,2.6585,3.077510,0.128129,0.006221,2.5590,0.0444,0.015825,0.879593,0.0000,3.077510,0.000001,0.000007,1.1499,0.000000,-2.000000,874.7320,0,1,estimating,0.0000,0.700000,0,0,0.000000,0.000000,0.000000,0,nan,0.00,0.000000,0.3489,0.0324,0.000000,-0.4190,0.49,5.24,6.22,5.20,0.084238,0.7104,1.5087,0.008000,0.096493,-0.4499,0.131876,0.053489,0.076780,-894.7242177156353,231.37687421001692,-251.138421767212,149.02577070441802,-0.033342,-0.006243,6306.1,6314.5,0.164047,0.194308,0.000000,2.5535,1.0000,,,,,
1.8840,1778909409.068425,157,3.091187,0.170350,0.013402,2.6277,0.0096,0.022901,3.079923,0.085542,0.012693,2.6802,3.107139,0.171000,0.013518,2.5734,0.0374,0.016102,0.879821,0.0000,3.107139,0.000001,0.000005,1.1499,0.000000,-2.000000,884.2406,0,1,estimating,0.0000,0.700000,0,0,0.000000,0.000000,0.000000,0,nan,0.00,0.000000,0.3434,0.0357,0.000000,-0.4430,0.48,5.29,6.25,5.54,0.085542,0.7270,1.5304,0.008000,0.123468,-0.4763,0.118993,0.025821,0.061377,-569.8058545986478,67.99886314945067,-214.19353818139905,203.92422748513843,-0.030208,-0.002776,6306.0,6314.6,0.164082,0.202901,0.000000,2.5679,1.0000,,,,,
1.8960,1778909409.075041,158,3.139374,0.094733,0.016825,2.7086,0.0656,0.024248,3.112238,0.086874,0.012986,2.7021,3.155586,0.095474,0.016945,2.6006,0.0411,0.016565,0.878035,0.0000,3.155586,0.000001,-0.000000,1.1499,0.000000,-2.000000,882.7893,0,1,estimating,0.0000,0.700000,0,0,0.000000,0.000000,0.000000,0,nan,0.00,0.000000,0.3381,0.0392,0.000000,-0.4670,0.48,5.27,6.23,5.19,0.086874,0.7438,1.5522,0.008000,0.146696,0.4302,0.114567,0.027162,0.062344,-713.6617209036147,513.9963515118088,-250.42267291579412,176.9726051777306,-0.031873,-0.004014,6306.4,6314.1,0.163766,0.178911,0.000000,2.5951,1.0000,,,,,
1.9080,1778909409.087105,159,3.094756,0.168037,0.011018,2.7789,-0.0568,0.024796,3.144843,0.088233,0.013286,2.7270,3.111191,0.168573,0.011140,2.6362,0.0237,0.016946,0.877050,0.0000,3.111191,0.000001,0.000005,1.1499,0.000000,-2.000000,887.7046,0,1,estimating,0.0000,0.700000,0,0,0.000000,0.000000,0.000000,0,nan,0.00,0.000000,0.3331,0.0428,0.000000,-0.4910,0.49,5.26,6.23,5.19,0.088233,0.7623,1.5771,0.008000,0.073713,-0.2986,0.126969,0.044857,0.094897,-606.5536604962803,-29.144099837961164,-153.92064337439544,317.05529779289407,-0.024090,0.004100,6306.7,6313.9,0.163584,0.147907,0.000000,2.6307,1.0000,,,,,
1.9200,1778909409.099062,160,3.204482,0.157094,0.014016,2.6565,0.0453,0.025465,3.177690,0.089650,0.013601,2.7459,3.220899,0.157704,0.014141,2.6411,0.0266,0.017421,0.862947,0.0000,3.220899,0.000000,-0.000013,1.1500,0.000000,-2.000000,893.8178,0,1,estimating,0.0000,0.700000,0,0,0.000000,0.000000,0.000000,0,nan,0.00,0.000000,0.3282,0.0464,0.000000,-0.5150,0.48,5.26,6.22,5.25,0.089650,0.7803,1.5959,0.008000,0.076773,-0.0933,0.113502,0.004307,0.051741,-479.39733545184794,284.72896091954436,-181.23240624614485,298.772233017885,-0.025695,0.003169,6310.3,6310.3,0.160984,0.189899,0.000000,2.6357,1.0000,,,,,
1.9320,1778909409.111078,161,3.197250,0.115711,0.011217,2.8201,0.1181,0.027575,3.210802,0.091090,0.013921,2.7684,3.213893,0.116384,0.011347,2.6768,0.0413,0.018228,0.863521,0.0000,3.213893,0.000001,-0.000011,1.1500,0.000000,-2.000000,892.3550,0,1,estimating,0.0000,0.700000,0,0,0.000000,0.000000,0.000000,0,nan,0.00,0.000000,0.3234,0.0502,0.000000,-0.5390,0.48,5.25,6.22,5.21,0.091090,0.7986,1.6184,0.008000,0.063216,0.0604,0.132261,0.049311,0.064788,-564.8199560425709,589.435674022656,-292.48359155254116,184.23568756832637,-0.032176,-0.002619,6310.1,6310.4,0.161090,0.137332,0.000000,2.6714,1.0000,,,,,
1.9440,1778909409.123034,162,3.259745,0.069823,0.013389,2.7162,0.0578,0.029004,3.244152,0.092540,0.014245,2.7881,3.276378,0.070550,0.013525,2.6854,0.0430,0.019013,0.859808,0.0000,3.276378,-0.000001,-0.000026,1.1500,0.000000,-2.000000,893.3061,0,1,estimating,0.0000,0.700000,0,0,0.000000,0.000000,0.000000,0,nan,0.00,0.000000,0.3189,0.0540,0.000000,-0.5630,0.48,5.24,6.19,5.17,0.092540,0.8172,1.6381,0.008000,0.031408,0.0293,0.111167,0.018615,0.027141,-581.6929068824741,9.053401756727794,-314.0077665533806,180.59267841315992,-0.033373,-0.002701,6311.1,6309.5,0.160399,0.166080,0.000000,2.6801,1.0000,,,,,
1.9560,1778909409.135127,163,3.218222,0.111271,0.016405,2.8077,0.0068,0.028951,3.277750,0.094012,0.014571,2.8114,3.235003,0.112009,0.016544,2.7101,0.0358,0.019612,0.850381,0.0000,3.235003,0.000000,-0.000017,1.1500,0.000000,-2.000000,893.1728,0,1,estimating,0.0000,0.700000,0,0,0.000000,0.000000,0.000000,0,nan,0.00,0.000000,0.3144,0.0579,0.000000,-0.5870,0.48,5.24,6.20,5.26,0.094012,0.8359,1.6614,0.008000,0.127324,0.0288,0.112208,0.026657,0.044061,-748.32802351099,495.75521781766275,-284.2892655375541,242.55364252478867,-0.030457,0.000894,6313.5,6307.1,0.158665,0.133705,0.000000,2.7048,1.0000,,,,,
1.9680,1778909409.147108,164,3.385143,0.128601,0.023354,2.6760,-0.0211,0.027456,3.311589,0.095468,0.014888,2.8291,3.401919,0.129389,0.023496,2.7045,0.0253,0.019790,0.851228,0.0000,3.401919,-0.000003,-0.000002,1.1500,0.000000,-2.000000,907.3444,0,1,estimating,0.0000,0.700000,0,0,0.000000,0.000000,0.000000,0,nan,0.00,0.000000,0.3102,0.0619,0.000000,-0.6110,0.49,5.22,6.20,5.12,0.095468,0.8541,1.6791,0.008000,0.162325,0.8231,0.076113,-0.025108,0.010763,-847.6362367907456,490.7710270772308,-218.70935439157898,335.4746105922954,-0.026239,0.005599,6313.2,6307.3,0.158825,0.169436,0.000000,2.6992,1.0000,,,,,
1.9800,1778909409.166945,165,3.413872,0.099550,0.010132,2.8494,0.0156,0.027210,3.345669,0.096910,0.015205,2.8481,3.430790,0.100104,0.010274,2.7335,0.0230,0.020023,0.842278,0.0000,3.430790,-0.000003,0.000016,1.1500,0.000000,-2.000000,907.4927,0,1,estimating,0.0000,0.700000,0,0,0.000000,0.000000,0.000000,0,nan,0.00,0.000000,0.3060,0.0660,0.000000,-0.6350,0.49,5.25,6.23,5.42,0.096910,0.8723,1.6981,0.008000,0.088648,0.1334,0.081308,0.057054,0.091928,-750.2833952848575,-312.37383169513566,-215.6474147683054,352.1525899328108,-0.025117,0.006658,6315.5,6305.0,0.157173,0.112943,0.000000,2.7283,1.0000,,,,,
1.9920,1778909409.172845,166,3.361662,0.063414,0.011637,2.8823,0.0634,0.024733,3.379973,0.098338,0.015512,2.8669,3.380286,0.064086,0.011789,2.7638,0.0288,0.019427,0.834123,0.0000,3.380286,-0.000003,-0.000012,1.1500,0.000000,-2.000000,900.2472,0,1,estimating,0.0000,0.700000,0,0,0.000000,0.000000,0.000000,0,nan,0.00,0.000000,0.3021,0.0701,0.000000,-0.6590,0.75,5.27,6.76,5.33,0.098338,0.8849,1.7169,0.008000,0.117445,-0.2000,0.096737,-0.026839,-0.009057,-1063.0600765514018,225.51051006170923,-261.73533271553697,288.0247719177019,-0.027248,0.003828,6317.3,6303.3,0.155876,0.088655,0.000000,2.7581,1.0000,,,,,
2.0040,1778909409.183071,167,3.340231,0.009730,0.021554,2.8879,0.0931,0.025684,3.414479,0.099764,0.015826,2.8816,3.358805,0.010652,0.021704,2.7887,0.0388,0.019557,0.824297,0.0000,3.358805,-0.000003,-0.000020,1.1500,0.000000,-2.000000,894.1666,0,1,estimating,0.0000,0.700000,0,0,0.000000,0.000000,0.000000,0,nan,0.00,0.000000,0.2982,0.0743,0.000000,-0.6830,0.70,5.27,6.68,5.28,0.099764,0.9028,1.7315,0.008000,0.122697,0.1692,0.094771,0.042719,0.049295,-726.286345674651,-1154.8910883890223,-331.7862680344484,197.2042547605855,-0.031091,-0.000362,6319.8,6300.7,0.154041,0.090065,0.000000,2.7832,1.0000,,,,,
2.0160,1778909409.195022,168,3.407773,0.081225,0.009068,3.0230,0.0802,0.026083,3.449159,0.101199,0.016144,2.8968,3.426448,0.081954,0.009218,2.8350,0.0448,0.019769,0.813258,0.0000,3.426448,-0.000003,0.000013,1.1500,0.000000,-2.000000,904.4074,0,1,estimating,0.0000,0.700000,0,0,0.000000,0.000000,0.000000,0,nan,0.00,0.000000,0.2944,0.0786,0.000000,-0.7070,0.66,5.26,6.58,5.18,0.101199,0.9210,1.7468,0.008000,0.100892,-0.2158,0.105723,0.021479,0.008375,-864.6206031008741,387.22387995425584,-383.4955873710734,136.00070570564358,-0.032986,-0.002724,6322.7,6297.9,0.151983,0.039223,0.000000,2.8296,1.0000,,,,,
2.0280,1778909409.207034,169,3.458223,-0.016454,0.013206,2.9429,-0.0011,0.024461,3.483994,0.102586,0.016434,2.9076,3.476815,-0.015720,0.013352,2.8567,0.0360,0.019606,0.784812,0.0000,3.476815,-0.000002,0.000054,1.1500,0.000000,-1.973107,898.7977,0,1,estimating,0.0000,0.700000,0,0,0.000000,0.000000,0.000000,0,nan,0.00,0.000000,0.2908,0.0829,0.000000,-0.7307,0.63,5.26,6.52,5.30,0.102586,0.9376,1.7576,0.008000,0.185273,-0.1534,0.124170,0.067474,0.071576,-545.3056914066052,-389.03536608374003,-333.75513081451317,197.7153587225023,-0.028971,0.000730,6329.9,6290.7,0.146723,0.059391,0.000000,2.8515,1.0000,,,,,
2.0400,1778909409.219073,170,3.506070,0.126761,0.020772,2.8372,-0.0123,0.024942,3.518969,0.103990,0.016727,2.9202,3.524532,0.127565,0.020916,2.8537,0.0270,0.019476,0.758588,0.0000,3.524532,0.000002,0.000098,1.1500,0.000000,-1.923283,908.1979,0,1,estimating,0.0000,0.700000,0,0,0.000000,0.000000,0.000000,0,nan,0.00,0.000000,0.2873,0.0872,0.000000,-0.7538,0.61,5.26,6.47,5.22,0.103990,0.9545,1.7702,0.008000,0.024671,0.4355,0.085630,-0.009048,0.009741,-827.9696052946643,237.60518604848005,-277.77123178236354,272.64779907114075,-0.025253,0.004319,6336.6,6283.9,0.141854,0.094498,0.000000,2.8488,1.0000,,,,,
2.0520,1778909409.231110,171,3.532963,0.049856,0.016669,2.8330,-0.0351,0.022523,3.554059,0.105336,0.016986,2.9290,3.551305,0.050498,0.016810,2.8505,0.0158,0.018999,0.735252,0.0000,3.551305,0.000005,0.000106,1.1500,0.000000,-1.860071,900.6884,0,1,estimating,0.0000,0.700000,0,0,0.000000,0.000000,0.000000,0,nan,0.00,0.000000,0.2839,0.0917,0.000000,-0.7761,0.59,5.25,6.44,5.24,0.105336,0.9693,1.7790,0.008000,0.033793,0.0712,0.074320,0.012413,0.043618,-958.5150907747293,178.73392600141625,-205.6620419454678,362.337835891285,-0.020445,0.008489,6342.6,6277.9,0.137491,0.089232,0.000000,2.8457,1.0000,,,,,
2.0640,1778909409.243071,172,3.595638,0.141344,0.026350,2.9561,-0.0085,0.022289,3.589249,0.106617,0.017218,2.9356,3.614011,0.142126,0.026487,2.8718,0.0113,0.018650,0.724431,0.0000,3.614011,0.000011,0.000068,1.1501,0.000000,-1.796944,911.1094,0,1,estimating,0.0000,0.700000,0,0,0.000000,0.000000,0.000000,0,nan,0.00,0.000000,0.2806,0.0961,0.000000,-0.7976,0.58,5.26,6.41,5.27,0.106617,0.9826,1.7855,0.008000,0.091581,0.4494,0.071976,-0.016197,0.013550,-814.1747624237057,-411.3492592518258,-180.62432567599717,390.0823588193363,-0.018187,0.009941,6345.5,6275.1,0.135414,0.056049,0.000000,2.8671,1.0000,,,,,
2.0760,1778909409.255100,173,3.631824,0.144206,0.014492,2.9102,0.0895,0.016975,3.624511,0.107814,0.017411,2.9420,3.650208,0.144846,0.014621,2.8799,0.0242,0.017648,0.699850,0.0000,3.650208,0.000012,0.000010,1.1501,0.000000,-1.725994,910.9456,0,1,estimating,0.0000,0.700000,0,0,0.000000,0.000000,0.000000,0,nan,0.00,0.000000,0.2773,0.1005,0.000000,-0.8184,0.57,5.28,6.41,5.39,0.107814,0.9937,1.7919,0.008000,0.040440,-0.6292,0.085772,0.027279,0.036965,-1016.4065025221881,-35.208502024906466,-254.13061009055522,250.08135679691205,-0.022469,0.003920,6351.8,6268.7,0.130813,0.059868,0.000000,2.8754,1.0000,,,,,
2.0880,1778909409.268126,174,3.648946,0.128440,0.017060,2.9610,-0.0097,0.015117,3.659833,0.108959,0.017581,2.9469,3.667402,0.129071,0.017180,2.8963,0.0179,0.016486,0.677099,0.0000,3.667402,0.000012,-0.000028,1.1501,0.000000,-1.658542,907.7253,0,1,estimating,0.0000,0.700000,0,0,0.000000,0.000000,0.000000,0,nan,0.00,0.000000,0.2742,0.1050,0.000000,-0.8383,0.55,5.25,6.35,5.10,0.108959,1.0220,1.7968,0.008000,0.058607,0.2741,0.074230,0.000584,0.012281,-706.1573872001688,88.06782155497388,-212.31816088606936,279.38649655996215,-0.018982,0.005519,6357.7,6262.9,0.126543,0.046125,0.000000,2.8920,1.0000,,,,,
2.1000,1778909409.279018,175,3.623285,0.158669,0.022637,2.9814,0.0218,0.012294,3.695219,0.110067,0.017730,2.9511,3.641665,0.159384,0.022747,2.9134,0.0181,0.015194,0.649828,0.0000,3.641665,0.000012,0.000026,1.1501,0.000000,-1.605886,904.6511,0,1,estimating,0.0000,0.700000,0,0,0.000000,0.000000,0.000000,0,nan,0.00,0.000000,0.2712,0.1095,0.000000,-0.8575,0.53,5.26,6.33,5.32,0.110067,1.0305,1.8010,0.008000,0.091610,0.5103,0.062132,0.003987,0.015590,-1046.8041200909122,336.19999464948137,-210.05878678616892,245.92986474907025,-0.017969,0.004373,6364.7,6255.8,0.121429,0.028148,0.000000,2.9093,1.0000,,,,,
2.1120,1778909409.291011,176,3.703333,0.104286,0.022258,2.9365,0.0298,0.010583,3.730627,0.111110,0.017856,2.9520,3.721669,0.104987,0.022357,2.9184,0.0196,0.013872,0.611959,0.0000,3.721669,0.000007,-0.000184,1.1500,0.000000,-1.510613,901.5062,0,1,estimating,0.0000,0.700000,0,0,0.000000,0.000000,0.000000,0,nan,0.00,0.000000,0.2682,0.1139,0.000000,-0.8757,0.52,5.28,6.31,5.36,0.111110,1.0378,1.8019,0.008000,0.104018,-0.0804,0.043383,0.002687,0.015755,-751.6602207445483,320.3153397791284,-217.89443918544362,202.4948492397678,-0.017566,0.002740,6374.4,6246.1,0.114396,0.045252,0.000000,2.9146,1.0000,,,,,
2.1240,1778909409.302965,177,3.753895,0.121904,0.014620,2.9701,0.0736,0.011202,3.766048,0.112128,0.017971,2.9534,3.772237,0.122510,0.014712,2.9290,0.0283,0.012941,0.584332,0.0000,3.772237,-0.000007,-0.000360,1.1500,0.000000,-1.417374,904.0293,0,1,estimating,0.0000,0.700000,0,0,0.000000,0.000000,0.000000,0,nan,0.00,0.000000,0.2654,0.1183,0.000000,-0.8927,0.50,5.28,6.28,5.33,0.112128,1.0443,1.8034,0.008000,0.053179,0.1962,0.008952,0.015352,0.020663,-803.3094570242245,433.5549783016138,-268.9141060872796,99.15574264557796,-0.020160,-0.001399,6381.6,6239.0,0.109199,0.027478,0.000000,2.9253,1.0000,,,,,
2.1360,1778909409.315096,178,3.851323,0.148119,0.014856,2.9686,-0.0220,0.005719,3.801478,0.113087,0.018056,2.9518,3.869754,0.148651,0.014937,2.9372,0.0191,0.011271,0.549886,0.0000,3.869754,-0.000042,-0.000225,1.1498,0.000000,-1.301759,910.3746,0,1,estimating,0.0000,0.700000,0,0,0.000000,0.000000,0.000000,0,nan,0.00,0.000000,0.2626,0.1227,0.000000,-0.9083,0.50,5.27,6.27,5.19,0.113087,1.0492,1.8020,0.008000,0.177221,-0.0262,-0.001494,-0.010704,-0.003385,-798.7801196770513,481.04979610924363,-215.20648804107884,148.03280343851566,-0.015362,0.000972,6390.5,6230.1,0.102760,0.025391,0.000000,2.9337,1.0000,,,,,
2.1480,1778909409.327056,179,3.860552,0.136061,0.023966,2.9018,-0.1132,0.007129,3.836877,0.114029,0.018139,2.9512,3.878857,0.136590,0.024038,2.9308,-0.0038,0.010058,0.523924,0.0000,3.878857,-0.000044,-0.000176,1.1498,0.000000,-1.210841,906.9849,0,1,estimating,0.0000,0.700000,0,0,0.000000,0.000000,0.000000,0,nan,0.00,0.000000,0.2599,0.1270,0.000000,-0.9228,0.49,5.26,6.24,5.20,0.114029,1.0540,1.8014,0.008000,0.050938,0.0632,-0.002073,-0.026347,0.001332,-775.8665983521269,66.4493961847852,-76.8492885734934,345.13204106451565,-0.005682,0.009075,6397.2,6223.3,0.097846,0.045726,0.000000,2.9275,1.0000,,,,,
2.1600,1778909409.339045,180,3.916196,0.204320,0.022284,3.0089,0.0493,0.005159,3.872249,0.114941,0.018213,2.9463,3.934537,0.204866,0.022347,2.9463,0.0053,0.008944,0.485134,0.0000,3.934537,-0.000042,0.000263,1.1498,0.000000,-1.109132,913.6288,0,1,estimating,0.0000,0.700000,0,0,0.000000,0.000000,0.000000,0,nan,0.00,0.000000,0.2572,0.1313,0.000000,-0.9361,0.49,5.25,6.23,5.23,0.114941,1.0582,1.7965,0.008000,0.165119,0.2048,0.019246,-0.007458,0.004509,-627.10322413726,-89.8782856608147,-143.5213065564485,229.7434573392386,-0.008337,0.004620,6407.2,6213.4,0.090603,0.003731,0.000000,2.9433,1.0000,,,,,
2.1720,1778909409.351116,181,4.004702,0.052030,0.014628,2.9965,0.0006,0.010463,3.907560,0.115875,0.018316,2.9425,4.023106,0.052429,0.014690,2.9564,0.0044,0.008785,0.447228,0.0000,4.023106,0.000028,0.001350,1.1502,0.000000,-0.982420,907.9201,0,1,estimating,0.0000,0.700000,0,0,0.000000,0.000000,0.000000,0,nan,0.00,0.000000,0.2546,0.1355,0.000000,-0.9479,0.49,5.25,6.23,5.23,0.115875,0.9947,1.7924,0.008000,0.145350,-0.7864,0.009361,-0.003869,0.007288,-637.502853245514,29.610567544350715,-158.20333022459437,230.95823372982483,-0.007834,0.004843,6417.0,6203.6,0.083515,0.008965,0.000000,2.9536,1.0000,,,,,
2.1840,1778909409.365885,182,3.909513,0.137459,0.027724,2.9872,-0.0381,0.005137,3.942827,0.116771,0.018391,2.9374,3.927908,0.138039,0.027779,2.9627,-0.0030,0.007829,0.415675,0.0000,3.927908,-0.000044,0.000198,1.1498,0.000000,-0.921528,900.3566,0,1,estimating,0.0000,0.700000,0,0,0.000000,0.000000,0.000000,0,nan,0.00,0.000000,0.2521,0.1396,0.000000,-0.9590,0.48,5.26,6.22,5.31,0.116771,0.9989,1.7876,0.008000,0.033104,0.6496,0.010164,-0.012452,0.011972,-821.0214431207896,412.5665158299545,-120.89318579330714,284.88559136424027,-0.004346,0.006964,6425.1,6195.4,0.077565,0.005268,0.000000,2.9601,1.0000,,,,,
2.1960,1778909409.375124,183,3.922658,0.107484,0.020603,2.9557,0.0716,0.007197,3.978011,0.117637,0.018468,2.9306,3.941106,0.108013,0.020656,2.9616,0.0097,0.007447,0.382620,0.0000,3.941106,-0.000040,0.000330,1.1498,0.000000,-0.849494,896.7592,0,1,estimating,0.0000,0.700000,0,0,0.000000,0.000000,0.000000,0,nan,0.00,0.000000,0.2497,0.1437,0.000000,-0.9692,0.49,5.25,6.23,5.22,0.117637,1.0034,1.7808,0.008000,0.046193,0.1017,-0.004806,-0.000469,0.006836,-603.4633372846959,-63.071870273047125,-210.61166573205463,146.83407198771292,-0.008939,0.001739,6433.6,6187.0,0.071420,0.015849,0.000000,2.9592,1.0000,,,,,
2.2080,1778909409.387025,184,4.005800,0.237293,0.021667,2.8781,0.0108,0.003271,4.013137,0.118511,0.018542,2.9257,4.024093,0.237827,0.021713,2.9457,0.0097,0.006501,0.350802,0.0000,4.024093,0.000030,0.001358,1.1502,0.000000,-0.757494,913.2663,0,1,estimating,0.0000,0.700000,0,0,0.000000,0.000000,0.000000,0,nan,0.00,0.000000,0.2473,0.1476,0.000000,-0.9783,0.48,5.24,6.20,5.13,0.118511,1.0076,1.7756,0.008000,0.099071,-0.1489,-0.034875,0.002797,0.009306,-895.0286680811237,474.4882367301974,-215.4988392952847,131.80296792858874,-0.008297,0.001070,6441.8,6178.8,0.065483,0.029789,0.000000,2.9435,1.0000,,,,,
2.2200,1778909409.399124,185,4.133877,0.143320,0.026947,2.9514,-0.0071,0.006176,4.048171,0.119326,0.018604,2.9174,4.152151,0.143927,0.026991,2.9471,0.0066,0.006162,0.317311,0.0000,4.152151,0.000171,0.000078,1.1509,0.000000,-0.628613,915.5515,0,1,estimating,0.0000,0.700000,0,0,0.000000,0.000000,0.000000,0,nan,0.00,0.000000,0.2450,0.1514,0.000000,-0.9858,0.49,5.23,6.21,5.23,0.119326,1.0111,1.7665,0.008000,0.123666,0.1835,-0.034562,-0.009086,0.000731,-637.9250868808645,-220.921298988927,-211.26900970062925,155.80852243306887,-0.006870,0.002020,6450.4,6170.1,0.059218,0.005519,0.000000,2.9451,1.0000,,,,,
2.2320,1778909409.411106,186,4.102161,0.046565,0.019799,2.8966,-0.0154,0.006538,4.083118,0.120175,0.018680,2.9108,4.120401,0.047012,0.019841,2.9375,0.0027,0.005928,0.293981,0.0000,4.120401,0.000156,0.000829,1.1508,0.000000,-0.543960,906.2951,0,1,estimating,0.0000,0.700000,0,0,0.000000,0.000000,0.000000,0,nan,0.00,0.000000,0.2427,0.1552,0.000000,-0.9923,0.49,5.23,6.20,5.17,0.120175,1.0155,1.7600,0.008000,0.092849,0.2173,-0.051739,-0.026158,-0.010803,-897.1803070557071,-20.300988665597743,-196.86636899927169,194.07853108106497,-0.005230,0.003386,6456.5,6164.0,0.054781,0.016278,0.000000,2.9357,1.0000,,,,,
2.2440,1778909409.423010,187,4.100077,0.077970,0.025455,2.8375,0.0222,0.003993,4.117955,0.120949,0.018728,2.9001,4.118104,0.078529,0.025493,2.9183,0.0059,0.005394,0.258721,0.0000,4.118104,0.000154,0.000872,1.1508,0.000000,-0.466779,905.2979,0,1,estimating,0.0000,0.700000,0,0,0.000000,0.000000,0.000000,0,nan,0.00,0.000000,0.2405,0.1588,0.000000,-0.9979,0.48,5.22,6.18,5.20,0.120949,1.0182,1.7493,0.008000,0.101055,0.5381,-0.075472,-0.019858,-0.012042,-957.6632377644407,-127.21080388719452,-225.17555618698714,152.66874143933865,-0.006142,0.001726,6465.6,6155.0,0.048197,0.035437,0.000000,2.9167,1.0000,,,,,
2.2560,1778909409.435093,188,4.107269,0.106224,0.020311,2.8463,0.0587,0.005536,4.152687,0.121732,0.018786,2.8917,4.125225,0.106745,0.020347,2.9045,0.0147,0.005222,0.234343,0.0000,4.125225,0.000160,0.000733,1.1508,0.000000,-0.400292,907.2948,0,1,estimating,0.0000,0.700000,0,0,0.000000,0.000000,0.000000,0,nan,0.00,0.000000,0.2383,0.1623,0.000000,-1.0027,0.48,5.21,6.17,5.12,0.121732,1.2806,1.7409,0.008000,0.075233,-0.2712,-0.080149,-0.000513,-0.009967,-631.8604868831796,-139.3836131388258,-281.8838145258322,57.73825328062948,-0.009475,-0.001882,6471.9,6148.7,0.043626,0.026583,0.000000,2.9031,1.0000,,,,,
2.2680,1778909409.447103,189,4.186110,0.099907,0.026087,2.8885,0.0628,0.002710,4.187306,0.122467,0.018821,2.8815,4.204022,0.100576,0.026119,2.9015,0.0225,0.004671,0.201397,0.0000,4.204022,0.000131,-0.001762,1.1507,0.000000,-0.305501,914.2046,0,1,estimating,0.0000,0.700000,0,0,0.000000,0.000000,0.000000,0,nan,0.00,0.000000,0.2362,0.1656,0.000000,-1.0064,0.49,5.21,6.18,5.21,0.122467,1.2826,1.7308,0.008000,0.121340,0.1630,-0.094597,0.005107,-0.011099,-1164.0863521145852,285.960210025754,-329.6527998309276,-37.62561466775601,-0.012130,-0.005403,6480.3,6140.2,0.037491,0.005348,0.000000,2.9002,1.0000,,,,,
2.2800,1778909409.464360,190,4.231586,0.012528,0.018211,2.9266,-0.0659,0.005673,4.221795,0.123174,0.018872,2.8711,4.249610,0.012954,0.018243,2.9064,0.0070,0.004552,0.172349,0.0000,4.249610,0.000002,-0.004009,1.1500,0.000000,-0.206725,916.5338,0,1,estimating,0.0000,0.700000,0,0,0.000000,0.000000,0.000000,0,nan,0.00,0.000000,0.2341,0.1688,0.000000,-1.0089,0.50,5.23,6.23,5.39,0.123174,1.2855,1.7211,0.008000,0.098553,0.1514,-0.095754,-0.024331,-0.024245,-591.4519020876544,-33.58796199025062,-255.56006257788334,125.43687023863225,-0.005977,0.000687,6487.8,6132.7,0.032043,-0.010313,0.000000,2.9053,1.0000,,,,,
2.2920,1778909409.471048,191,4.238922,0.174254,0.022354,2.8509,0.0086,0.006318,4.256155,0.123881,0.018920,2.8595,4.256923,0.174756,0.022387,2.8957,0.0071,0.004613,0.144136,0.0000,4.256923,-0.000029,-0.004392,1.1499,0.000000,-0.134010,923.6211,0,1,estimating,0.0000,0.700000,0,0,0.000000,0.000000,0.000000,0,nan,0.00,0.000000,0.2320,0.1719,0.000000,-1.0105,0.49,5.23,6.22,5.22,0.123881,1.2883,1.7097,0.008000,0.030856,-0.3557,-0.109440,-0.015843,-0.016460,-658.2707052574045,402.8619155897384,-265.29992735779626,127.25643891754825,-0.006082,0.000706,6495.1,6125.4,0.026743,0.011047,0.000000,2.8948,1.0000,,,,,
2.3040,1778909409.483084,192,4.265827,0.115622,0.017814,2.8345,-0.0028,0.005513,4.290373,0.124566,0.018973,2.8473,4.283746,0.116028,0.017846,2.8838,0.0052,0.004534,0.112608,0.0000,4.283746,-0.000161,-0.005313,1.1492,0.000000,-0.050379,923.0696,0,1,estimating,0.0000,0.700000,0,0,0.000000,0.000000,0.000000,0,nan,0.00,0.000000,0.2301,0.1749,0.000000,-1.0111,0.49,5.23,6.22,5.25,0.124566,1.2913,1.6981,0.008000,0.028631,-0.2055,-0.116768,-0.021564,-0.016063,-720.7934453389914,-603.3749692994643,-262.2536174155705,147.06754383588574,-0.005327,0.001392,6503.2,6117.3,0.020862,0.012230,0.000000,2.8831,1.0000,,,,,
2.3160,1778909409.495071,193,4.312871,0.078612,0.014285,2.7782,-0.0583,0.005900,4.324442,0.125252,0.019040,2.8345,4.330672,0.078880,0.014317,2.8634,-0.0057,0.004473,0.089374,0.0000,4.330672,-0.000414,-0.005096,1.1479,0.000000,0.035584,929.1961,0,1,estimating,0.0000,0.700000,0,0,0.000000,0.000000,0.000000,0,nan,0.00,0.000000,0.2281,0.1777,0.000000,-1.0107,0.49,5.22,6.21,5.16,0.125252,1.2951,1.6866,0.008000,0.167712,-0.4628,-0.117982,-0.032292,-0.013252,-686.3669333432457,240.24876278694535,-202.28084472997114,263.9802929964123,-0.001020,0.005754,6509.3,6111.3,0.016493,0.024605,0.000000,2.8628,1.0000,,,,,
2.3280,1778909409.507123,194,4.339929,0.045901,0.012836,2.8750,0.0858,0.004603,4.358357,0.125899,0.019095,2.8218,4.357758,0.046245,0.012867,2.8656,0.0099,0.004367,0.060646,0.0000,4.357758,-0.000538,-0.003911,1.1473,0.000000,0.120420,931.4825,0,1,estimating,0.0000,0.700000,0,0,0.000000,0.000000,0.000000,0,nan,0.00,0.000000,0.2262,0.1803,0.000000,-1.0092,0.50,5.22,6.22,5.22,0.125899,1.2983,1.6745,0.008000,0.151602,-0.8463,-0.113596,-0.016219,-0.016194,-765.3513793520304,-73.4311028110792,-297.7455317962533,94.4978323921597,-0.007112,-0.000627,6516.7,6103.9,0.011112,-0.012752,0.000000,2.8652,1.0000,,,,,
2.3400,1778909409.519048,195,4.390354,0.108158,0.010662,2.7953,0.0627,0.005316,4.392105,0.126533,0.019149,2.8071,4.408069,0.108520,0.010693,2.8518,0.0186,0.004363,0.030655,0.0000,4.408069,-0.000639,0.000348,1.1468,0.000000,0.207478,941.3293,0,1,estimating,0.0000,0.700000,0,0,0.000000,0.000000,0.000000,0,nan,0.00,0.000000,0.2243,0.1828,0.000000,-1.0067,0.49,5.21,6.20,5.13,0.126533,0.3324,1.6604,0.008000,0.059123,-0.5599,-0.115271,-0.008616,-0.019703,-527.181544266301,-153.8278214172077,-348.14824186379525,2.849033438521843,-0.010589,-0.004144,6524.4,6096.2,0.005500,0.008065,0.000000,2.8517,1.0000,,,,,
2.3520,1778909409.531090,196,4.363956,0.233599,0.022801,2.8846,0.0299,0.006552,4.425673,0.127156,0.019208,2.7926,4.381674,0.234188,0.022833,2.8581,0.0200,0.004521,0.003042,0.0000,4.381674,-0.000613,-0.002220,1.1469,0.000000,0.265008,941.9916,0,1,estimating,0.0000,0.700000,0,0,0.000000,0.000000,0.000000,0,nan,0.00,0.000000,0.2225,0.1852,0.000000,-1.0036,0.50,5.22,6.21,5.27,0.127156,0.3357,1.6457,0.008000,0.153169,-0.1851,-0.086136,-0.011016,-0.022385,-774.1432156988606,-149.81888084990737,-360.28430476232745,-11.299160002647625,-0.011255,-0.004604,6531.5,6089.0,0.000323,-0.026831,0.000000,2.8580,1.0000,,,,,
2.3640,1778909409.543065,197,4.419391,0.230428,0.018913,2.6721,-0.0134,0.006259,4.459082,0.127754,0.019263,2.7799,4.436896,0.230903,0.018945,2.8219,0.0139,0.004548,-0.018853,0.0000,4.436896,-0.000578,0.003994,1.1471,0.000000,0.338093,952.8149,0,1,estimating,0.0000,0.700000,0,0,0.000000,0.000000,0.000000,0,nan,0.00,0.000000,0.2207,0.1873,0.000000,-0.9995,0.49,5.22,6.21,5.26,0.127754,0.3389,1.6328,0.008000,0.115553,-0.1121,-0.105911,-0.019867,-0.020937,-642.1478141366027,148.98622248624451,-329.3242084948123,59.87925533702003,-0.008961,-0.002111,6537.2,6083.4,-0.003769,0.044572,0.000000,2.8220,1.0000,,,,,
2.3760,1778909409.562772,198,4.563603,0.144811,0.031302,2.7083,0.0577,0.004453,4.492337,0.128328,0.019305,2.7669,4.580976,0.145544,0.031333,2.7998,0.0209,0.004370,-0.037644,0.0000,4.580976,0.001552,0.018982,1.1579,0.000000,0.446229,972.0004,0,1,estimating,0.0000,0.700000,0,0,0.000000,0.000000,0.000000,0,nan,0.00,0.000000,0.2189,0.1894,0.000000,-0.9941,0.49,5.29,6.27,5.65,0.128328,0.3413,1.6090,0.008000,0.077335,0.2702,-0.121600,-0.016277,-0.023528,-493.32891744051665,516.9937526267165,-364.8233007012694,-14.329402765384955,-0.011761,-0.005177,6542.0,6078.5,-0.007309,0.026473,0.000000,2.8000,1.0000,,,,,
2.3880,1778909409.568883,199,4.438425,0.208528,0.020179,2.7388,0.0001,0.000133,4.525445,0.128850,0.019317,2.7552,4.457326,0.209074,0.020206,2.7878,0.0166,0.003461,-0.053624,0.0000,4.457326,-0.000466,0.007110,1.1476,0.000000,0.476059,957.6170,0,1,estimating,0.0000,0.700000,0,0,0.000000,0.000000,0.000000,0,nan,0.00,0.000000,0.2172,0.1912,0.000000,-0.9884,0.75,5.27,6.76,5.16,0.128850,0.3420,1.6075,0.008000,0.214560,0.0849,-0.135473,-0.014393,-0.021820,-458.4613401558926,313.57459123549404,-336.14449151241024,12.480771200485577,-0.009548,-0.004185,6546.3,6074.3,-0.010418,0.013662,0.000000,2.7882,1.0000,,,,,
2.4000,1778909409.579089,200,4.575728,0.167803,0.014886,2.7644,-0.0189,0.000374,4.558418,0.129369,0.019315,2.7438,4.594346,0.168189,0.014908,2.7831,0.0103,0.002836,-0.066351,0.0000,4.594346,0.001795,0.017146,1.1591,0.000000,0.551469,978.9530,0,1,estimating,0.0000,0.700000,0,0,0.000000,0.000000,0.000000,0,nan,0.00,0.000000,0.2154,0.1929,0.000000,-0.9818,0.71,5.25,6.67,5.16,0.129369,0.3419,1.5846,0.008000,0.032918,-0.4562,-0.126549,-0.024750,-0.025882,-438.5758054223842,335.34547707040963,-294.3033813389187,66.21545843289876,-0.006439,-0.002021,6549.6,6071.0,-0.012788,-0.002629,0.000000,2.7836,1.0000,,,,,
2.4120,1778909409.591096,201,4.601472,0.081734,0.013162,2.7096,-0.0208,-0.004710,4.591239,0.129812,0.019267,2.7309,4.619783,0.082029,0.013174,2.7687,0.0049,0.001590,-0.081351,0.0000,4.619783,0.002167,0.011705,1.1610,0.000000,0.621490,984.2785,0,1,estimating,0.0000,0.700000,0,0,0.000000,0.000000,0.000000,0,nan,0.00,0.000000,0.2138,0.1945,0.000000,-0.9744,0.68,5.24,6.61,5.20,0.129812,0.3391,1.5698,0.008000,0.050167,-0.2944,-0.125850,-0.026307,-0.022056,-185.45736475618423,9.810218108289746,-248.7180656070401,98.0599836337451,-0.003243,-0.000749,6553.5,6067.1,-0.015631,0.016939,0.000000,2.7693,1.0000,,,,,
2.4240,1778909409.603101,202,4.639442,0.142654,0.013057,2.6018,-0.0045,-0.005931,4.623908,0.130266,0.019204,2.7181,4.657376,0.142915,0.013060,2.7362,0.0032,0.000421,-0.101751,0.0000,4.657376,0.002385,-0.001012,1.1621,0.000000,0.688761,996.2734,0,1,estimating,0.0000,0.700000,0,0,0.000000,0.000000,0.000000,0,nan,0.00,0.000000,0.2121,0.1958,0.000000,-0.9661,0.66,5.23,6.55,5.18,0.130266,0.3356,1.5559,0.008000,0.063627,-0.0978,-0.135491,-0.026984,-0.025530,-174.83952856178246,412.8623829926275,-224.81618565735624,93.95055001291209,-0.001659,-0.001009,6558.8,6061.8,-0.019461,0.052140,0.000000,2.7368,1.0000,,,,,
2.4360,1778909409.615096,203,4.585618,0.198568,0.025286,2.7077,-0.0381,-0.006278,4.656396,0.130698,0.019119,2.7027,4.603375,0.198984,0.025282,2.7304,-0.0038,-0.000605,-0.122287,0.0000,4.603375,0.001942,0.015507,1.1599,0.000000,0.723716,987.0116,0,1,estimating,0.0000,0.700000,0,0,0.000000,0.000000,0.000000,0,nan,0.00,0.000000,0.2105,0.1970,0.000000,-0.9574,0.63,5.23,6.50,5.23,0.130698,3.9117,1.5428,0.008000,0.158226,0.6866,-0.140424,-0.045175,-0.033389,-53.09029351111292,438.94290110318,-168.16667162240842,142.5950837804802,0.002070,0.001127,6564.1,6056.5,-0.023312,0.008597,0.000000,2.7312,1.0000,,,,,
2.4480,1778909409.627069,204,4.609729,0.136820,0.016291,2.6744,-0.0303,-0.009356,4.688705,0.131116,0.019019,2.6878,4.627287,0.137027,0.016277,2.7193,-0.0081,-0.001872,-0.144441,0.0000,4.627287,0.002247,0.009612,1.1614,0.000000,0.776501,991.6194,0,1,estimating,0.0000,0.700000,0,0,0.000000,0.000000,0.000000,0,nan,0.00,0.000000,0.2089,0.1981,0.000000,-0.9481,0.61,5.23,6.45,5.18,0.131116,3.9060,1.5263,0.008000,0.086530,0.2958,-0.134701,-0.054872,-0.036827,232.89629164088865,-115.7519099718437,-123.29228422936852,159.58441485122955,0.004892,0.001930,6569.7,6050.8,-0.027422,0.020533,0.000000,2.7202,1.0000,,,,,
2.4600,1778909409.639079,205,4.638113,0.097161,0.011698,2.6842,-0.0007,-0.011031,4.720842,0.131538,0.018900,2.6727,4.655522,0.097282,0.011675,2.7122,-0.0067,-0.003110,-0.165728,0.0000,4.655522,0.002387,-0.000254,1.1622,0.000000,0.838567,998.9284,0,1,estimating,0.0000,0.700000,0,0,0.000000,0.000000,0.000000,0,nan,0.00,0.000000,0.2073,0.1990,0.000000,-0.9380,0.60,5.22,6.42,5.21,0.131538,3.8992,1.5106,0.008000,0.149150,-0.6639,-0.145112,-0.052926,-0.037518,14.857970064943629,436.76264856679734,-114.84879418828245,121.21996351261308,0.005261,0.000268,6575.2,6045.4,-0.031394,0.013804,0.000000,2.7132,1.0000,,,,,
2.4720,1778909409.651083,206,4.763626,0.165278,0.026012,2.6325,0.0792,-0.016827,4.752790,0.131942,0.018755,2.6570,4.780850,0.165722,0.025976,2.6965,0.0079,-0.004869,-0.172474,0.0000,4.780850,-0.002030,-0.072996,1.1397,0.000000,0.913221,1025.1845,0,1,estimating,0.0000,0.700000,0,0,0.000000,0.000000,0.000000,0,nan,0.00,0.000000,0.2058,0.1997,0.000000,-0.9271,0.58,5.26,6.43,5.47,0.131942,3.8909,1.5173,0.008000,0.085600,0.3788,-0.122418,-0.026405,-0.030652,450.9343832652261,366.4640493870123,-185.44029359545743,-50.49790512599726,0.000506,-0.007530,6577.0,6043.6,-0.032703,0.031952,0.000000,2.6976,1.0000,,,,,
2.4840,1778909409.664252,207,4.769250,0.145647,0.017413,2.6829,-0.0785,-0.013347,4.784543,0.132400,0.018607,2.6393,4.786480,0.145830,0.017369,2.6935,-0.0067,-0.005932,-0.195301,0.0000,4.786480,-0.002446,-0.074576,1.1376,0.000000,0.978234,1029.3382,0,1,estimating,0.0000,0.700000,0,0,0.000000,0.000000,0.000000,0,nan,0.00,0.000000,0.2043,0.2002,0.000000,-0.9153,0.57,5.23,6.36,5.04,0.132400,3.8824,1.5018,0.008000,0.092162,-0.8226,-0.101259,-0.048627,-0.036255,-42.04956326317563,257.4117360083728,-76.10326864895411,69.49412019159907,0.007572,-0.002081,6582.9,6037.7,-0.036990,0.009503,0.000000,2.6948,1.0000,,,,,
2.4960,1778909409.675111,208,4.738158,0.141503,0.016263,2.5894,0.1291,-0.015825,4.816099,0.132808,0.018438,2.6225,4.755132,0.141807,0.016212,2.6730,0.0161,-0.006950,-0.209460,0.0000,4.755132,-0.000298,-0.059862,1.1485,0.000000,1.019646,1025.5797,0,1,estimating,0.0000,0.700000,0,0,0.000000,0.000000,0.000000,0,nan,0.00,0.000000,0.2028,0.2006,0.000000,-0.9031,0.56,5.22,6.34,5.19,0.132808,3.8727,1.4740,0.008000,0.075441,-0.2457,-0.108081,-0.025524,-0.042569,64.52915916602274,-270.6297480814887,-206.08553653136985,-161.90788033218055,-0.001363,-0.012989,6586.6,6034.0,-0.039662,0.041315,0.000000,2.6744,1.0000,,,,,
2.5080,1778909409.687072,209,4.924454,0.140028,0.015563,2.6343,0.0331,-0.014339,4.847430,0.133270,0.018274,2.6011,4.941299,0.140326,0.015506,2.6651,0.0186,-0.007653,-0.244240,0.0000,4.941299,-0.007793,0.064374,1.1104,0.000000,1.132763,1070.5593,0,1,estimating,0.0000,0.700000,0,0,0.000000,0.000000,0.000000,0,nan,0.00,0.000000,0.2013,0.2008,0.000000,-0.8895,0.55,5.21,6.31,5.17,0.133270,3.8633,1.4907,0.008000,0.061846,0.0213,-0.109872,-0.014984,-0.036397,870.0003389953815,-290.78696251675245,-205.64758438739426,-193.28623500110072,-0.001849,-0.014687,6595.4,6025.1,-0.046101,0.026413,0.000000,2.6666,1.0000,,,,,
2.5200,1778909409.699049,210,4.905370,0.129708,0.017769,2.6118,0.0335,-0.020217,4.878497,0.133743,0.018079,2.5782,4.922053,0.130037,0.017702,2.6542,0.0206,-0.009072,-0.275690,0.0000,4.922053,-0.008673,0.027946,1.1059,0.000000,1.221272,1068.7106,0,1,estimating,0.0000,0.700000,0,0,0.000000,0.000000,0.000000,0,nan,0.00,0.000000,0.1998,0.2009,0.000000,-0.8748,0.54,5.21,6.28,5.17,0.133743,-9.8661,1.4723,0.008000,0.044167,0.2542,-0.104568,-0.014101,-0.042339,-118.68904726746405,736.35359796254,-195.59942093649494,-232.98033067378458,-0.001587,-0.016846,6603.6,6017.0,-0.052008,0.032434,0.000000,2.6560,1.0000,,,,,
2.5320,1778909409.711128,211,4.994424,0.151993,0.013773,2.5746,0.1296,-0.024554,4.909337,0.134190,0.017825,2.5587,5.010964,0.152353,0.013694,2.6384,0.0383,-0.010739,-0.291461,0.0000,5.010964,0.002468,0.235964,1.1637,1.000000,1.309585,1094.0695,0,1,estimating,0.0000,0.700000,0,0,0.000000,0.000000,0.000000,0,nan,0.00,0.022727,0.1984,0.2008,0.012000,-0.8591,0.53,5.21,6.27,5.22,0.134190,-9.8807,1.3950,0.008000,0.063664,0.0385,-0.085745,0.007470,-0.043507,755.2412916898529,996.5944911018821,-278.5683542141893,-426.45594458152175,-0.007923,-0.026241,6607.7,6012.9,-0.055007,0.036537,0.000000,2.6402,1.0000,,,,,
2.5440,1778909409.723011,212,4.965783,0.088555,0.004473,2.5844,0.0091,-0.025570,4.939939,0.134724,0.017546,2.5358,4.982172,0.088724,0.004392,2.6275,0.0352,-0.009400,-0.312958,0.0182,4.982172,-0.003288,0.158741,1.1333,-1.000000,1.374704,1092.9084,0,1,estimating,0.0000,0.700000,0,0,0.000000,0.000000,0.000000,0,nan,0.00,0.000000,0.1970,0.2005,0.000000,-0.8426,0.51,5.21,6.24,5.24,0.134724,-9.8967,1.4025,0.008000,0.147204,-1.1888,-0.088735,0.004412,-0.043977,13.626916288387605,1753.8564741755608,-76.26748988861146,-392.8696984634881,0.007912,-0.025136,6613.3,6007.3,-0.059054,0.036617,1.000000,2.6294,1.0000,,,,,
2.5560,1778909409.735131,213,5.058878,0.092920,0.017344,2.5673,0.0817,-0.033273,4.970376,0.135238,0.017287,2.5163,5.075216,0.093295,0.017235,2.6154,0.0392,-0.015312,-0.315341,-0.0062,5.075216,0.022924,0.368506,1.2788,1.000000,1.443169,1118.1478,0,1,estimating,0.0000,0.700000,0,0,0.000000,0.000000,0.000000,0,nan,0.00,0.022727,0.1956,0.2000,0.012000,-0.8253,0.52,5.23,6.26,5.32,0.135238,-9.9115,1.2375,0.008000,0.166492,0.0718,-0.087412,0.015888,-0.045507,1002.3012699711048,1127.094321097301,-310.49967721484813,-505.23122414708587,-0.005433,-0.030604,6614.0,6006.6,-0.059570,0.026241,-1.000000,2.6174,1.0000,,,,,
2.5680,1778909409.747048,214,4.990872,0.226541,0.016885,2.4495,-0.0088,0.032974,5.000524,0.136209,0.017600,2.4956,5.006999,0.226958,0.016842,2.5831,0.0333,-0.004097,-0.290772,0.0182,5.006999,0.001537,0.225553,1.1585,1.000000,1.421067,1102.5023,0,1,estimating,0.0000,0.700000,0,0,0.000000,0.000000,0.000000,0,nan,0.00,0.045455,0.1942,0.1993,0.024000,-0.8083,0.51,5.22,6.24,5.18,0.136209,-9.8936,1.3371,0.008000,0.142481,0.3163,-0.110692,0.003856,-0.036482,669.6785868582812,-3267.2949672520517,-154.30799676719172,-270.40635718259864,0.004291,-0.020116,6607.9,6012.7,-0.055129,0.042056,1.000000,2.5849,1.0000,,,,,
2.5800,1778909409.762270,215,5.022052,0.186489,0.021892,2.4336,0.0148,0.016262,5.030332,0.137079,0.017867,2.4627,5.037953,0.187021,0.021884,2.5536,0.0319,0.001936,-0.324881,0.0302,5.037953,0.009908,0.299747,1.2054,1.000000,1.455981,1114.1511,0,1,estimating,0.0000,0.700000,0,0,0.000000,0.000000,0.000000,0,nan,0.00,0.068182,0.1928,0.1985,0.036000,-0.7908,0.50,5.25,6.25,5.38,0.137079,-9.8783,1.2572,0.008000,0.031443,-0.2061,-0.123631,-0.008148,-0.034978,-2068.343275829691,978.7497658651255,31.92627951490506,-162.18815019336168,0.014627,-0.015428,6616.5,6004.1,-0.061373,0.031045,1.000000,2.5556,1.0000,,,,,
2.5920,1778909409.771177,216,5.078083,0.182289,0.019069,2.4577,0.0803,-0.003413,5.059773,0.137617,0.017864,2.4367,5.093899,0.182851,0.019070,2.5345,0.0421,0.004498,-0.337320,0.0422,5.093899,0.030435,0.395152,1.3210,1.000000,1.503321,1133.0759,0,1,estimating,0.0000,0.700000,0,0,0.000000,0.000000,0.000000,0,nan,0.00,0.090909,0.1915,0.1976,0.048000,-0.7727,0.50,5.26,6.25,5.32,0.137617,-9.8785,1.1157,0.008000,0.040076,0.1314,-0.137292,0.010064,-0.029944,-922.3970456449795,-587.4571910008508,168.70511971935184,-221.74879675030385,0.022670,-0.019108,6619.7,6000.9,-0.063704,0.012424,1.000000,2.5367,1.0000,,,,,
2.6040,1778909409.783040,217,5.087077,0.205963,0.023193,2.4512,0.0972,-0.008951,5.088881,0.138051,0.017773,2.4081,5.102770,0.206662,0.023197,2.5178,0.0536,0.006212,-0.365968,0.0542,5.102770,0.034193,0.406083,1.3420,1.000000,1.560020,1139.9643,0,1,estimating,0.0000,0.700000,0,0,0.000000,0.000000,0.000000,0,nan,0.00,0.113636,0.1902,0.1964,0.060000,-0.7540,0.49,5.26,6.24,5.28,0.138051,-9.8837,1.0661,0.008000,0.087762,0.4399,-0.131933,0.007868,-0.037235,-743.3919739848694,268.9733565974093,299.5739173658694,-306.09768569373307,0.030810,-0.024149,6627.0,5993.5,-0.069025,-0.000534,1.000000,2.5201,1.0000,,,,,
2.6160,1778909409.795047,218,5.114252,0.096480,0.013262,2.2725,0.0227,-0.009635,5.117629,0.138546,0.017715,2.3809,5.129641,0.096997,0.013269,2.4698,0.0508,0.007865,-0.390658,0.0662,5.129641,0.046201,0.432750,1.4088,1.000000,1.631484,1162.2559,0,1,estimating,0.0000,0.700000,0,0,0.000000,0.000000,0.000000,0,nan,0.00,0.136364,0.1889,0.1951,0.072000,-0.7345,0.49,5.27,6.24,5.32,0.138546,-9.8870,0.9721,0.008000,0.105393,-0.0847,-0.168413,0.001260,-0.037038,-437.35002607447313,-461.94478298788727,497.0429052741637,-257.2155276600039,0.045296,-0.022915,6633.4,5987.2,-0.073629,0.058145,1.000000,2.4722,1.0000,,,,,
2.6280,1778909409.807082,219,5.171680,0.108940,0.019545,2.3581,-0.0581,0.005889,5.146088,0.139154,0.017737,2.3614,5.186959,0.109474,0.019571,2.4475,0.0356,0.011792,-0.410042,0.0782,5.186959,0.073845,0.459301,1.5589,1.000000,1.708574,1183.6785,0,1,estimating,0.0000,0.700000,0,0,0.000000,0.000000,0.000000,0,nan,0.00,0.159091,0.1876,0.1937,0.084000,-0.7139,0.49,5.25,6.22,5.12,0.034454,-24.7379,0.8026,0.008000,0.030731,0.1575,-0.176550,-0.019692,-0.034783,-104.44774160502493,-2833.192649490159,717.5667001044508,-85.21991548365774,0.063884,-0.013263,6638.4,5982.2,-0.077279,-0.000679,1.000000,2.4501,1.0000,,,,,
2.6400,1778909409.819097,220,5.210940,0.053889,0.018681,2.4054,0.0591,0.005060,5.174217,0.139882,0.017787,2.3312,5.226110,0.054477,0.018725,2.4387,0.0432,0.015326,-0.440665,0.0902,5.226110,0.093174,0.454828,1.6596,1.000000,1.797765,1202.3486,0,1,estimating,0.0000,0.700000,0,0,0.000000,0.000000,0.000000,0,nan,0.00,0.181818,0.1863,0.1921,0.096000,-0.6924,0.49,5.23,6.20,5.13,0.035182,-24.7351,0.6716,0.008000,0.122196,0.3473,-0.167765,-0.023497,-0.036692,1071.4278875897435,576.2936615374597,792.7212868539204,-102.66883490699027,0.072110,-0.014732,6646.3,5974.3,-0.082992,-0.022083,1.000000,2.4415,1.0000,,,,,
2.6520,1778909409.831105,221,5.230558,0.137643,0.018118,2.2286,-0.0109,0.014628,5.202051,0.140765,0.017875,2.3144,5.245459,0.138214,0.018185,2.3975,0.0381,0.019885,-0.445495,0.1022,5.245459,0.102537,0.445840,1.7066,1.000000,1.849017,1214.4069,0,1,estimating,0.0000,0.700000,0,0,0.000000,0.000000,0.000000,0,nan,0.00,0.204545,0.1850,0.1903,0.108000,-0.6702,0.49,5.25,6.24,5.40,0.036065,-24.7301,0.6078,0.008000,0.047954,0.8403,-0.195886,-0.034829,-0.037224,1230.1175512743966,-2362.446340565518,895.313562878917,-11.679167537709674,0.085244,-0.009193,6647.6,5973.0,-0.083981,0.023987,1.000000,2.4003,1.0000,,,,,
2.6640,1778909409.843085,222,5.222613,0.108541,0.017837,2.3068,-0.0135,0.014469,5.229605,0.141848,0.018045,2.2918,5.237446,0.109108,0.017926,2.3792,0.0340,0.024038,-0.473482,0.1142,5.237446,0.098686,0.450115,1.6874,1.000000,1.905557,1218.2640,0,1,estimating,0.0000,0.700000,0,0,0.000000,0.000000,0.000000,0,nan,0.00,0.227273,0.1838,0.1883,0.120000,-0.6473,0.49,5.27,6.25,5.36,0.037148,-24.7203,0.6044,0.008000,0.114337,0.1222,-0.201694,-0.039632,-0.028342,1007.0599455152864,1720.739891428291,982.459889524929,59.11391919322959,0.098485,-0.004363,6654.8,5965.8,-0.089193,-0.016004,1.000000,2.3822,1.0000,,,,,
2.6760,1778909409.860611,223,5.278584,0.122112,0.017902,2.3153,0.0523,0.025510,5.256886,0.143165,0.018335,2.2678,5.293345,0.122773,0.018022,2.3661,0.0420,0.029415,-0.491118,0.1262,5.293345,0.124587,0.418100,1.8110,1.000000,1.968272,1240.4592,0,1,estimating,0.0000,0.700000,0,0,0.000000,0.000000,0.000000,0,nan,0.00,0.250000,0.1826,0.1862,0.132000,-0.6237,0.48,5.33,6.29,5.64,0.038465,-24.7037,0.4568,0.008000,0.112664,0.0842,-0.184746,-0.033252,-0.029130,20.807884106876372,-253.0665708988554,1012.6870448377862,61.567447765039276,0.104690,-0.004252,6659.3,5961.2,-0.092502,-0.023905,1.000000,2.3692,1.0000,,,,,
2.6880,1778909409.867121,224,5.312478,0.115157,0.026778,2.1828,0.0981,0.034548,5.283896,0.144639,0.018676,2.2466,5.327102,0.116095,0.026933,2.3299,0.0564,0.035546,-0.506422,0.1383,5.327102,0.139261,0.402597,1.8755,1.000000,2.000000,1260.1769,0,1,estimating,0.0000,0.700000,0,0,0.000000,0.000000,0.000000,0,nan,0.00,0.272727,0.1813,0.1839,0.144000,-0.5997,0.48,5.31,6.26,5.20,0.039939,-24.6842,0.3711,0.008000,0.083228,0.2693,-0.187926,-0.022449,-0.029553,1317.9604259448251,2071.5000769083645,998.7850437269295,32.49164515303218,0.106764,-0.006722,6663.3,5957.2,-0.095404,0.006385,1.000000,2.3332,1.0000,,,,,
2.7000,1778909409.879099,225,5.283941,0.171761,0.016776,2.2140,0.0604,0.040027,5.310636,0.146360,0.019106,2.2266,5.298413,0.172638,0.016967,2.3069,0.0621,0.041517,-0.504417,0.1503,5.298413,0.126831,0.415547,1.8211,1.000000,2.000000,1255.9196,0,1,estimating,0.0000,0.700000,0,0,0.000000,0.000000,0.000000,0,nan,0.00,0.295455,0.1801,0.1814,0.156000,-0.5757,0.48,5.31,6.28,5.33,0.041660,-24.6595,0.4055,0.008000,0.066644,-0.1572,-0.190723,-0.027882,-0.030565,975.3744545816559,-328.9859481504909,1031.558683477409,56.856417270968876,0.113043,-0.004808,6662.9,5957.7,-0.095070,-0.014050,1.000000,2.3101,1.0000,,,,,
2.7120,1778909409.891066,226,5.391656,0.078383,0.013658,2.2311,0.0552,0.043379,5.337137,0.148253,0.019592,2.2080,5.406045,0.079289,0.013882,2.2915,0.0663,0.047258,-0.512406,0.1623,5.406045,0.171706,0.380684,2.0048,1.000000,2.000000,1305.8339,0,1,estimating,0.0000,0.700000,0,0,0.000000,0.000000,0.000000,0,nan,0.00,0.318182,0.1789,0.1788,0.168000,-0.5517,0.49,5.29,6.26,5.15,0.043553,-24.6317,0.2032,0.008000,0.145340,-0.5822,-0.186438,-0.035587,-0.031307,916.1408152855571,-166.78923311124527,1067.7310286967652,87.64343169073197,0.120395,-0.002304,6664.9,5955.7,-0.096541,-0.022140,1.000000,2.2948,1.0000,,,,,
2.7240,1778909409.903070,227,5.353061,0.117250,0.024322,2.1388,0.0473,0.048260,5.363404,0.150264,0.020120,2.1843,5.367203,0.118363,0.024578,2.2612,0.0686,0.052808,-0.530085,0.1743,5.367203,0.155995,0.388900,1.9443,1.000000,2.000000,1293.4676,0,1,estimating,0.0000,0.700000,0,0,0.000000,0.000000,0.000000,0,nan,0.00,0.340909,0.1778,0.1761,0.180000,-0.5277,0.49,5.30,6.27,5.35,0.045564,-24.6014,0.2400,0.008000,0.025869,0.5882,-0.166085,-0.035203,-0.027367,507.74342773394255,-739.0035466716199,1089.5014069568647,127.86266392979044,0.128297,0.001122,6669.4,5951.2,-0.099784,-0.012090,1.000000,2.2646,1.0000,,,,,
2.7360,1778909409.915011,228,5.418566,0.220480,0.018108,2.1447,0.0229,0.050219,5.389356,0.152509,0.020754,2.1577,5.432545,0.221529,0.018394,2.2379,0.0670,0.057958,-0.552100,0.1862,5.432545,0.182264,0.377988,2.0437,1.000000,2.000000,1326.9731,0,1,estimating,0.0000,0.700000,0,0,0.000000,0.000000,0.000000,0,nan,0.00,0.363636,0.1766,0.1732,0.192000,-0.5037,0.48,5.28,6.23,5.18,-0.056591,-20.5990,0.1139,0.008000,0.101612,-0.1514,-0.165129,-0.031997,-0.023137,1581.5926170466573,649.4235636005155,1124.6960922282049,185.83982824685754,0.138775,0.006352,6674.9,5945.6,-0.103829,-0.011676,1.000000,2.2414,1.0000,,,,,
2.7480,1778909409.927122,229,5.415354,0.117212,0.027255,2.1302,-0.0239,0.066921,5.415034,0.155043,0.021501,2.1388,5.429198,0.118389,0.027584,2.2165,0.0585,0.064795,-0.540457,0.1983,5.429198,0.180935,0.378197,2.0389,1.000000,2.000000,1331.3820,0,1,estimating,0.0000,0.700000,0,0,0.000000,0.000000,0.000000,0,nan,0.00,0.386364,0.1754,0.1702,0.204000,-0.4797,0.49,5.26,6.24,5.16,-0.054057,-20.5562,0.0999,0.008000,0.074899,0.4010,-0.174752,-0.051456,-0.021534,2124.932693219458,-1602.0977848783364,1199.0040566308041,301.87598519627227,0.151223,0.017225,6672.0,5948.6,-0.101689,-0.010929,1.000000,2.2199,1.0000,,,,,
2.7600,1778909409.939129,230,5.472570,0.149804,0.021177,2.1794,0.1011,0.069543,5.440479,0.157778,0.022311,2.1184,5.486379,0.151047,0.021545,2.2086,0.0724,0.071300,-0.541803,0.2103,5.486379,0.203647,0.379837,2.1197,1.000000,2.000000,1355.1011,0,1,estimating,0.0000,0.700000,0,0,0.000000,0.000000,0.000000,0,nan,0.00,0.409091,0.1743,0.1671,0.216000,-0.4557,0.50,5.27,6.26,5.30,-0.051322,-20.5098,-0.0013,0.008000,0.012495,0.0575,-0.140882,-0.035399,-0.017054,1361.9379863929353,-400.51415905585145,1201.6227857022589,280.7035491445931,0.152485,0.015491,6672.3,5948.2,-0.101939,-0.038625,1.000000,2.2120,1.0000,,,,,
2.7720,1778909409.958799,231,5.429284,0.110076,0.022502,2.0679,0.1061,0.075472,5.465684,0.160736,0.023197,2.0976,5.442911,0.111471,0.022908,2.1806,0.0847,0.077590,-0.557011,0.2223,5.442911,0.186377,0.377580,2.0586,1.000000,2.000000,1350.6744,0,1,estimating,0.0000,0.700000,0,0,0.000000,0.000000,0.000000,0,nan,0.00,0.431818,0.1731,0.1639,0.228000,-0.4317,0.49,5.27,6.26,5.30,-0.048364,-20.4590,0.0391,0.008000,0.047130,0.1244,-0.147711,-0.021914,-0.013456,1031.1921287186844,-159.54858650218466,1181.075144907133,266.034162775372,0.153915,0.014684,6676.2,5944.4,-0.104735,-0.005266,1.000000,2.1841,1.0000,,,,,
2.7840,1778909409.964648,232,5.547628,0.022941,0.019117,2.0700,0.1344,0.081492,5.490600,0.163900,0.024169,2.0749,5.562156,0.024578,0.019603,2.1581,0.1017,0.085711,-0.580199,0.2347,5.562156,0.234401,0.390682,2.2267,1.000000,2.000000,1411.3441,0,1,estimating,0.0000,0.700000,0,0,0.000000,0.000000,0.000000,0,nan,0.00,0.454545,0.1720,0.1605,0.240000,-0.4077,0.73,5.28,6.75,5.34,-0.045200,-20.4033,-0.1518,0.008000,0.114390,-0.1058,-0.154984,-0.013441,-0.012724,1485.5856361724243,-379.8828996860623,1149.7230342136645,238.3079415997935,0.153837,0.012399,6682.3,5938.3,-0.109176,-0.015495,1.000000,2.1620,1.0000,,,,,
2.7960,1778909409.975160,233,5.551765,0.149251,0.031509,2.1046,0.0789,0.088152,5.515249,0.167300,0.025226,2.0528,5.566124,0.151140,0.032034,2.1469,0.1052,0.092043,-0.593449,0.2467,5.566124,0.236036,0.391122,2.2324,1.000000,2.000000,1413.6202,0,1,estimating,0.0000,0.700000,0,0,0.000000,0.000000,0.000000,0,nan,0.00,0.477273,0.1709,0.1571,0.252000,-0.3837,0.71,5.27,6.70,5.22,-0.041800,-20.3428,-0.1796,0.008000,0.017479,0.0585,-0.128363,-0.022331,-0.012615,963.1401417819194,273.1397687238091,1171.5364003251689,278.77445897273344,0.160204,0.016504,6685.7,5934.9,-0.111601,-0.031046,1.000000,2.1509,1.0000,,,,,
2.8080,1778909409.987041,234,5.552680,0.231790,0.025318,1.9972,0.0221,0.094605,5.539687,0.170867,0.026341,2.0366,5.566677,0.233575,0.025876,2.1172,0.0989,0.097907,-0.589611,0.2586,5.566677,0.236265,0.391182,2.2332,1.000000,2.000000,1422.2716,0,1,estimating,0.0000,0.700000,0,0,0.000000,0.000000,0.000000,0,nan,0.00,0.500000,0.1698,0.1535,0.264000,-0.3597,0.68,5.27,6.62,5.25,-0.038233,-20.2789,-0.1966,0.008000,0.048548,0.2406,-0.135270,-0.037609,-0.011426,1664.3622244190972,67.59846971913998,1216.1747685727569,368.4419754150438,0.171014,0.026226,6684.6,5935.9,-0.110865,0.013589,1.000000,2.1212,1.0000,,,,,
2.8200,1778909409.999023,235,5.578546,0.273770,0.029024,2.0271,0.1226,0.101485,5.563911,0.174651,0.027538,2.0186,5.592268,0.275725,0.029617,2.0991,0.1103,0.104156,-0.582421,0.2706,5.592268,0.246858,0.393656,2.2696,1.000000,2.000000,1439.7726,0,1,estimating,0.0000,0.700000,0,0,0.000000,0.000000,0.000000,0,nan,0.00,0.522727,0.1687,0.1498,0.276000,-0.3357,0.64,5.28,6.57,5.37,-0.034449,-20.2103,-0.2511,0.008000,0.185912,0.5968,-0.137325,-0.033583,-0.013361,1798.953476525397,739.163018558595,1218.7563433676114,361.36755580802213,0.172081,0.026015,6682.8,5937.8,-0.109518,-0.009172,1.000000,2.1030,1.0000,,,,,
2.8320,1778909410.011066,236,5.654943,0.214405,0.025646,2.0167,0.1423,0.103562,5.587906,0.178638,0.028788,2.0005,5.668498,0.216446,0.026274,2.0824,0.1232,0.109996,-0.578378,0.2825,5.668498,0.278728,0.397438,2.3777,1.000000,2.000000,1476.8602,0,1,estimating,0.0000,0.700000,0,0,0.000000,0.000000,0.000000,0,nan,0.00,0.545455,0.1676,0.1461,0.288000,-0.3117,0.62,5.29,6.53,5.30,-0.030462,-20.1387,-0.3773,0.008000,0.097555,-0.2414,-0.121968,-0.023832,-0.012338,1563.4084998040926,102.76101867061789,1215.9635768643477,340.57334366245414,0.172928,0.024367,6681.7,5938.8,-0.108763,-0.008624,1.000000,2.0863,1.0000,,,,,
2.8440,1778909410.023104,237,5.542359,0.166439,0.029406,2.0367,0.1203,0.109425,5.611665,0.182878,0.030113,1.9816,5.555793,0.168627,0.030069,2.0728,0.1305,0.115941,-0.585181,0.2945,5.555793,0.231783,0.389946,2.2177,1.000000,2.000000,1431.8536,0,1,estimating,0.0000,0.700000,0,0,0.000000,0.000000,0.000000,0,nan,0.00,0.568182,0.1666,0.1423,0.300000,-0.2877,0.61,5.26,6.48,5.13,-0.026222,-20.0628,-0.2361,0.008000,0.136366,0.2989,-0.106036,-0.060890,-0.059817,2097.784546226777,746.3328774599918,1229.9057993029182,353.58069591173376,0.177190,0.025954,6683.5,5937.1,-0.110006,-0.022322,1.000000,2.0767,1.0000,,,,,
2.8560,1778909410.035075,238,5.649339,0.186812,0.028231,1.9835,0.2141,0.114893,5.635214,0.187343,0.031508,1.9660,5.662538,0.189163,0.028925,2.0549,0.1515,0.121724,-0.570470,0.3064,5.662538,0.276226,0.397335,2.3694,1.000000,2.000000,1482.4298,0,1,estimating,0.0000,0.700000,0,0,0.000000,0.000000,0.000000,0,nan,0.00,0.590909,0.1655,0.1384,0.312000,-0.2637,0.59,5.27,6.45,5.30,-0.125557,-20.8840,-0.4033,0.008000,0.046166,-0.3341,-0.103785,0.008713,-0.005304,1394.471005861858,2608.6382000987446,1206.558790854545,286.57755727508516,0.172840,0.019450,6679.7,5940.9,-0.107280,-0.002081,1.000000,2.0586,1.0000,,,,,
2.8680,1778909410.047138,239,5.661490,0.218689,0.031950,1.8180,0.1338,0.118812,5.658578,0.191995,0.032933,1.9527,5.674367,0.221155,0.032676,2.0084,0.1558,0.126806,-0.558643,0.3184,5.674367,0.281192,0.397508,2.3860,1.000000,2.000000,1503.4010,0,1,estimating,0.0000,0.700000,0,0,0.000000,0.000000,0.000000,0,nan,0.00,0.613636,0.1645,0.1344,0.324000,-0.2397,0.59,5.29,6.47,5.43,-0.120905,-20.8024,-0.4333,0.008000,0.063386,0.1876,-0.142365,-0.008849,-0.021743,1933.3930669485692,-707.3480386155736,1200.019040054608,304.82474956843424,0.176275,0.022712,6676.7,5943.9,-0.105103,0.074916,1.000000,2.0121,1.0000,,,,,
2.8800,1778909410.060082,240,5.757423,0.108177,0.036959,2.0533,0.0804,0.115791,5.681764,0.196772,0.034341,1.9409,5.770317,0.110711,0.037711,2.0166,0.1517,0.131608,-0.527362,0.3304,5.770317,0.321370,0.394399,2.5166,1.000000,2.000000,1542.7874,0,1,estimating,0.0000,0.700000,0,0,0.000000,0.000000,0.000000,0,nan,0.00,0.636364,0.1634,0.1303,0.336000,-0.2157,0.57,5.29,6.42,5.24,-0.116128,-20.7217,-0.5756,0.008000,0.101203,0.3605,-0.104868,-0.012056,-0.006742,75.184461898167,3359.0601632846483,1303.9696119131381,369.0309015742877,0.189739,0.029497,6668.8,5951.8,-0.099347,-0.053284,1.000000,2.0200,1.0000,,,,,
2.8920,1778909410.071065,241,5.756860,0.266142,0.047754,1.9290,0.1559,0.125368,5.704768,0.201740,0.035808,1.9230,5.769536,0.268900,0.048534,1.9991,0.1604,0.136742,-0.518722,0.3424,5.769536,0.321045,0.394443,2.5155,1.000000,2.000000,1543.8840,0,1,estimating,0.0000,0.700000,0,0,0.000000,0.000000,0.000000,0,nan,0.00,0.659091,0.1624,0.1262,0.348000,-0.1917,0.55,5.28,6.39,5.24,-0.111160,-20.6376,-0.5925,0.008000,0.214468,1.1219,-0.097638,-0.033720,-0.030181,1630.513776980034,2236.3086121035612,1313.9111160901311,364.85298163168204,0.192728,0.029637,6666.6,5954.0,-0.097744,0.012483,1.000000,2.0024,1.0000,,,,,
2.9040,1778909410.082972,242,5.747746,0.275623,0.032468,1.9374,0.0362,0.129779,5.727582,0.206955,0.037361,1.9111,5.760274,0.278122,0.033271,1.9866,0.1486,0.141603,-0.505069,0.3543,5.760274,0.317187,0.394970,2.5033,1.000000,2.000000,1545.7319,0,1,estimating,0.0000,0.700000,0,0,0.000000,0.000000,0.000000,0,nan,0.00,0.681818,0.1613,0.1220,0.360000,-0.1677,0.53,5.30,6.36,5.43,-0.105945,-20.5487,-0.5922,0.008000,0.097874,-0.5025,-0.097729,-0.037663,-0.010446,1834.192754272724,-307.0125810315561,1393.0036001462627,466.87655007399593,0.208216,0.042091,6663.1,5957.5,-0.095213,-0.006938,1.000000,1.9898,1.0000,,,,,
2.9160,1778909410.095127,243,5.688276,0.268206,0.032901,1.8268,0.1006,0.130050,5.750211,0.212360,0.038921,1.8963,5.700644,0.270756,0.033733,1.9550,0.1500,0.145916,-0.505636,0.3664,5.700644,0.292225,0.397432,2.4225,1.000000,2.000000,1529.2230,0,1,estimating,0.0000,0.700000,0,0,0.000000,0.000000,0.000000,0,nan,0.00,0.704545,0.1603,0.1177,0.372000,-0.1437,0.53,5.30,6.36,5.29,-0.100540,-20.4593,-0.5262,0.008000,0.089611,-0.1585,-0.099983,-0.053726,-0.032289,2107.681777703083,1539.925946867615,1398.8596529125502,487.1714925246215,0.215304,0.046504,6663.2,5957.3,-0.095325,0.052424,1.000000,1.9583,1.0000,,,,,
2.9280,1778909410.107108,244,5.762311,0.278269,0.042833,1.9698,0.2276,0.131010,5.772679,0.217949,0.040486,1.8857,5.774657,0.281129,0.043691,1.9574,0.1718,0.150663,-0.483661,0.3784,5.774657,0.323176,0.394160,2.5222,1.000000,2.000000,1558.7314,0,1,estimating,0.0000,0.700000,0,0,0.000000,0.000000,0.000000,0,nan,0.00,0.727273,0.1593,0.1134,0.384000,-0.1197,0.53,5.29,6.35,5.22,-0.094951,-20.3696,-0.6366,0.008000,0.050036,0.1604,-0.080357,-0.020731,-0.012477,1216.963435797455,344.0491157341862,1410.2734101344479,415.7033820079033,0.212904,0.037102,6657.7,5962.9,-0.091284,-0.027577,1.000000,1.9605,1.0000,,,,,
2.9400,1778909410.119033,245,5.833264,0.175182,0.041234,1.9151,0.2171,0.134991,5.794972,0.223755,0.042095,1.8722,5.845484,0.178149,0.042112,1.9487,0.1879,0.155052,-0.474189,0.3903,5.845484,0.352490,0.390877,2.6125,1.000000,2.000000,1595.9748,0,1,estimating,0.0000,0.700000,0,0,0.000000,0.000000,0.000000,0,nan,0.00,0.750000,0.1584,0.1080,0.396000,-0.0957,0.52,5.28,6.32,5.27,-0.089145,-20.2774,-0.7403,0.008000,0.087730,0.2269,-0.072892,-0.033505,-0.038832,1686.9413035890227,-122.62554553841653,1410.7687281218377,364.77191361693855,0.212861,0.031413,6655.3,5965.3,-0.089529,-0.004321,1.000000,1.9517,1.0000,,,,,
2.9520,1778909410.131088,246,5.856489,0.129690,0.046816,1.7983,0.1559,0.135872,5.817101,0.229774,0.043756,1.8590,5.868491,0.132764,0.047714,1.9190,0.1913,0.158600,-0.477537,0.4023,5.868491,0.361960,0.390062,2.6408,1.000000,2.000000,1616.3062,0,1,estimating,0.0000,0.700000,0,0,0.000000,0.000000,0.000000,0,nan,0.00,0.772727,0.1576,0.1028,0.408000,-0.0717,0.52,5.28,6.32,5.29,-0.083126,-20.1823,-0.7818,0.008000,0.121612,0.2952,-0.092275,-0.035466,-0.036790,1702.8137995428422,-556.9282806872454,1409.6113841170504,371.48488704740686,0.218849,0.033404,6656.1,5964.5,-0.090142,0.054176,1.000000,1.9220,1.0000,,,,,
2.9640,1778909410.143058,247,5.803781,0.229464,0.043688,1.9379,0.3385,0.139405,5.839055,0.235994,0.045419,1.8464,5.815776,0.232753,0.044609,1.9221,0.2238,0.163298,-0.467014,0.4143,5.815776,0.340227,0.392112,2.5752,1.000000,2.000000,1588.5655,0,1,estimating,0.0000,0.700000,0,0,0.000000,0.000000,0.000000,0,nan,0.00,0.795455,0.1569,0.0978,0.420000,-0.0477,0.51,5.29,6.31,5.29,-0.076906,-20.0869,-0.7287,0.008000,0.063297,0.1484,-0.072766,-0.015626,-0.041335,1783.0490217945935,2174.2270728398844,1384.5075668504353,230.69242027639484,0.210115,0.016821,6653.4,5967.1,-0.088202,-0.025197,1.000000,1.9251,1.0000,,,,,
2.9760,1778909410.158379,248,5.859873,0.268958,0.048814,1.8159,0.1656,0.139244,5.860859,0.242441,0.047139,1.8359,5.871695,0.272310,0.049752,1.9011,0.2226,0.166576,-0.455424,0.4263,5.871695,0.363277,0.389958,2.6448,1.000000,2.000000,1622.4746,0,1,estimating,0.0000,0.700000,0,0,0.000000,0.000000,0.000000,0,nan,0.00,0.818182,0.1564,0.0931,0.432000,-0.0237,0.50,5.26,6.27,5.14,-0.070459,-19.9884,-0.8089,0.008000,0.015177,0.1981,-0.048603,-0.027495,-0.048216,1357.27691312852,-2093.220875995661,1418.3477401510281,262.6405492721772,0.219838,0.021072,6650.5,5970.1,-0.086067,0.031437,1.000000,1.9040,1.0000,,,,,
2.9880,1778909410.167112,249,5.874525,0.237064,0.045261,1.8820,0.1551,0.151940,5.882518,0.249112,0.048929,1.8251,5.886296,0.240387,0.046225,1.8969,0.2205,0.171535,-0.443773,0.4383,5.886296,0.369274,0.389517,2.6625,1.000000,2.000000,1630.2436,0,1,estimating,0.0000,0.700000,0,0,0.000000,0.000000,0.000000,0,nan,0.00,0.840909,0.1559,0.0887,0.444000,0.0003,0.50,5.26,6.27,5.22,-0.166688,-19.4089,-0.8375,0.008000,0.126672,-0.3215,-0.064172,-0.012070,-0.025623,2437.294687236476,935.88820795417,1474.456279934831,317.6127976056914,0.230336,0.027679,6647.5,5973.0,-0.083917,-0.007107,1.000000,1.8997,1.0000,,,,,
3.0000,1778909410.179132,250,5.877725,0.288356,0.048126,1.8194,0.2704,0.146591,5.904024,0.255984,0.050729,1.8167,5.889380,0.291851,0.049110,1.8814,0.2374,0.175272,-0.427921,0.4503,5.889380,0.370540,0.389430,2.6663,-1.000000,2.000000,1636.7692,0,1,estimating,0.0000,0.700000,0,0,0.000000,0.000000,0.000000,0,nan,0.00,0.818182,0.1555,0.0844,0.432000,0.0243,0.51,5.25,6.27,5.21,-0.159816,-19.3059,-0.8495,0.008000,0.093941,-0.8068,-0.063043,-0.025448,-0.057132,2207.549597710331,-291.7082875099346,1467.0471135878431,252.28020623792386,0.229359,0.020467,6643.5,5977.1,-0.081002,0.016380,1.000000,1.8841,1.0000,,,,,
3.0120,1778909410.191082,251,5.981728,0.322715,0.051945,1.8111,0.2825,0.154234,5.925398,0.263055,0.052547,1.8034,5.993257,0.326342,0.052935,1.8674,0.2478,0.173942,-0.411523,0.4257,5.993257,0.413046,0.387807,2.7888,-1.000000,2.000000,1692.0083,0,1,estimating,0.0000,0.700000,0,0,0.000000,0.000000,0.000000,0,nan,0.00,0.795455,0.1552,0.0804,0.420000,0.0483,0.51,5.23,6.25,5.13,-0.152745,-19.2017,-0.9854,0.008000,0.023637,0.2586,-0.066074,0.027844,-0.023017,2566.204408261675,539.148815028976,1115.259015590771,200.06416996693915,0.204223,0.014678,6639.4,5981.2,-0.077982,0.008709,-1.000000,1.8700,1.0000,,,,,
3.0240,1778909410.203070,252,5.935512,0.258251,0.051303,1.7998,0.2829,0.163732,5.946559,0.270508,0.054544,1.7881,5.946912,0.261948,0.052304,1.8539,0.2567,0.174570,-0.398949,0.4138,5.946912,0.394105,0.388218,2.7348,0.721468,2.000000,1673.0468,0,1,estimating,0.0000,0.700000,0,0,0.000000,0.000000,0.000000,0,nan,0.00,0.811852,0.1550,0.0765,0.428658,0.0723,0.50,5.21,6.22,5.11,-0.145292,-19.0873,-0.9467,0.008000,0.070311,0.1706,-0.048043,0.023390,-0.043308,3004.0726810484603,-245.24244825829044,1031.2285482312498,171.18406602104756,0.179737,0.011600,6636.2,5984.4,-0.075661,0.028364,-1.000000,1.8564,1.0000,,,,,
3.0360,1778909410.215030,253,5.912876,0.256174,0.060301,1.8911,0.2349,0.172012,5.967539,0.278281,0.056619,1.7789,5.924221,0.260030,0.061332,1.8607,0.2608,0.180915,-0.380118,0.4331,5.924221,0.384820,0.388603,2.7080,1.000000,2.000000,1654.9416,0,1,estimating,0.0000,0.700000,0,0,0.000000,0.000000,0.000000,0,nan,0.00,0.834579,0.1549,0.0728,0.440658,0.0963,0.50,5.21,6.21,5.20,-0.137519,-18.9684,-0.9291,0.008000,0.093089,0.0884,-0.045894,0.014953,-0.033283,478.0562425710141,2013.7177978549441,1245.585834795314,201.19693714780894,0.183928,0.015453,6631.4,5989.2,-0.072186,-0.000645,0.721468,1.8631,1.0000,,,,,
3.0480,1778909410.227091,254,6.045524,0.243552,0.054136,1.7942,0.2038,0.169830,5.988402,0.286160,0.058668,1.7685,6.056809,0.247357,0.055194,1.8474,0.2591,0.185501,-0.383050,0.4469,6.056809,0.438999,0.387553,2.8613,1.000000,2.000000,1727.9896,0,1,estimating,0.0000,0.700000,0,0,0.000000,0.000000,0.000000,0,nan,0.00,0.857306,0.1579,0.0693,0.452658,0.1203,0.50,5.20,6.20,5.14,-0.129640,-18.8510,-1.0928,0.008000,0.015377,-0.1995,-0.051472,0.020143,-0.009969,-1216.5990272845986,-4306.6836831497985,1309.2442529028422,251.79932158365517,0.193344,0.021595,6632.1,5988.4,-0.072726,0.042893,1.000000,1.8498,1.0000,,,,,
3.0600,1778909410.239063,255,5.985623,0.331219,0.062971,1.7249,0.2509,0.166919,6.009185,0.294061,0.060688,1.7684,5.996694,0.335170,0.064045,1.8234,0.2652,0.188749,-0.357919,0.4589,5.996694,0.414449,0.387797,2.7927,-0.306883,2.000000,1706.3337,0,1,estimating,0.0000,0.700000,0,0,0.000000,0.000000,0.000000,0,nan,0.00,0.850331,0.1615,0.0660,0.448975,0.1443,0.50,5.22,6.21,5.30,-0.121739,-18.7352,-1.0243,0.008000,0.162038,-0.0345,-0.045600,-0.044914,-0.090150,-233.86724968731835,-2822.3134873160934,1326.8761542895395,243.82007248939695,0.197257,0.021288,6625.7,5994.8,-0.068099,0.043899,1.000000,1.8256,1.0000,,,,,
3.0720,1778909410.256417,256,5.995044,0.303278,0.066333,1.7323,0.2864,0.171539,6.029887,0.302060,0.062755,1.7591,6.005986,0.307334,0.067417,1.8053,0.2727,0.188894,-0.358341,0.4471,6.005986,0.418245,0.387778,2.8034,-0.476684,2.000000,1717.2641,0,1,estimating,0.0000,0.700000,0,0,0.000000,0.000000,0.000000,0,nan,0.00,0.839498,0.1656,0.0628,0.443255,0.1683,0.49,5.28,6.25,5.62,-0.113740,-18.6168,-1.0443,0.008000,0.017378,0.3091,-0.067863,-0.053857,-0.077829,1596.427889204066,46.46448773976954,956.1779692737761,213.60287639364148,0.182841,0.018061,6625.9,5994.7,-0.068177,0.040560,-0.306883,1.8076,1.0000,,,,,
3.0840,1778909410.263139,257,6.021375,0.273112,0.056612,1.8075,0.3126,0.176182,6.050397,0.310257,0.064854,1.7446,6.032428,0.277190,0.057718,1.8053,0.2834,0.190308,-0.352433,0.4403,6.032428,0.429044,0.387688,2.8336,-0.094562,2.000000,1730.9887,0,1,estimating,0.0000,0.700000,0,0,0.000000,0.000000,0.000000,0,nan,0.00,0.837349,0.1702,0.0598,0.442120,0.1923,0.48,5.30,6.27,5.47,-0.105543,-18.4965,-1.0890,0.008000,0.068850,-0.5613,-0.047968,0.009592,-0.027572,3043.0527406424276,1788.3116857047,937.5738915014034,174.08440470579615,0.167126,0.013332,6624.4,5996.2,-0.067106,-0.018365,-0.476684,1.8075,1.0000,,,,,
3.0960,1778909410.275070,258,6.091387,0.312516,0.064971,1.7421,0.2428,0.179620,6.070702,0.318730,0.067068,1.7290,6.102380,0.316715,0.066099,1.7924,0.2816,0.192230,-0.381318,0.4415,6.102380,0.457591,0.387169,2.9124,1.000000,2.000000,1775.1192,0,1,estimating,0.0000,0.700000,0,0,0.000000,0.000000,0.000000,0,nan,0.00,0.860076,0.1753,0.0570,0.454120,0.2163,0.48,5.28,6.25,5.18,-0.097070,-18.3697,-1.1833,0.008000,0.022568,0.0912,-0.057622,0.013112,-0.026302,2981.8471196129026,446.38950696642587,792.7935666292991,208.96794552446318,0.162471,0.017743,6631.7,5988.9,-0.072430,0.036206,-0.094562,1.7949,1.0000,,,,,
3.1080,1778909410.287081,259,6.040025,0.300590,0.075596,1.6676,0.3594,0.199844,6.090805,0.327616,0.069444,1.7188,6.050779,0.305072,0.076762,1.7680,0.3007,0.198971,-0.355192,0.4604,6.050779,0.436537,0.387591,2.8545,-0.800066,2.000000,1754.5932,0,1,estimating,0.0000,0.700000,0,0,0.000000,0.000000,0.000000,0,nan,0.00,0.841893,0.1808,0.0542,0.444519,0.2403,0.48,5.29,6.26,5.30,-0.088184,-18.2335,-1.1356,0.008000,0.062684,0.5133,-0.068395,0.013413,-0.031815,-60.75469557211272,337.966581058913,1057.0214938305662,161.73696532078134,0.154505,0.012559,6625.1,5995.5,-0.067620,0.050438,1.000000,1.7702,1.0000,,,,,
3.1200,1778909410.299054,260,6.136703,0.299525,0.074074,1.7375,0.3495,0.191451,6.110754,0.336561,0.071758,1.7070,6.147420,0.304083,0.075251,1.7616,0.3099,0.198572,-0.354814,0.4395,6.147420,0.475942,0.386620,2.9621,0.360797,2.000000,1808.0110,0,1,estimating,0.0000,0.700000,0,0,0.000000,0.000000,0.000000,0,nan,0.00,0.850092,0.1868,0.0516,0.448849,0.2643,0.48,5.29,6.26,5.31,-0.079239,-18.1009,-1.2551,0.008000,0.097867,0.2146,-0.062331,0.026996,-0.020280,1211.4418649103789,3117.8440470027863,784.2654165929594,124.34096469486511,0.133153,0.007715,6625.0,5995.6,-0.067551,0.040766,-0.800066,1.7639,1.0000,,,,,
3.1320,1778909410.311050,261,6.063407,0.354634,0.071594,1.6381,0.2640,0.194996,6.130553,0.345713,0.074076,1.6983,6.073984,0.359164,0.072791,1.7373,0.3071,0.201604,-0.347229,0.4511,6.073984,0.446008,0.387429,2.8806,-1.000000,2.000000,1781.4053,0,1,estimating,0.0000,0.700000,0,0,0.000000,0.000000,0.000000,0,nan,0.00,0.827365,0.1932,0.0491,0.436849,0.2883,0.48,5.26,6.23,5.11,-0.171887,-17.8012,-1.1823,0.008000,0.072247,0.1050,-0.074434,0.024310,-0.009591,1395.0664372133117,561.1613019576307,727.6668914075349,168.98544629015782,0.132711,0.014018,6623.1,5997.5,-0.066156,0.087632,0.360797,1.7396,1.0000,,,,,
3.1440,1778909410.323008,262,6.159893,0.324182,0.076481,1.7086,0.3437,0.196537,6.150226,0.355034,0.076452,1.6898,6.170333,0.328795,0.077677,1.7315,0.3135,0.200595,-0.325705,0.4306,6.170333,0.485266,0.386276,2.9871,0.292917,2.000000,1830.9291,0,1,estimating,0.0000,0.700000,0,0,0.000000,0.000000,0.000000,0,nan,0.00,0.834022,0.2001,0.0468,0.440364,0.3123,0.47,5.26,6.21,5.23,-0.162566,-17.6651,-1.2973,0.008000,0.053342,-0.1686,-0.089160,0.027079,-0.018182,2951.236026857345,-499.2469442337431,664.9737115853613,139.21629677323233,0.110867,0.010466,6617.6,6003.0,-0.062182,0.040930,-1.000000,1.7336,1.0000,,,,,
3.1560,1778909410.335091,263,6.173585,0.379241,0.077461,1.6500,0.2290,0.210242,6.169728,0.364663,0.078973,1.6796,6.183928,0.383837,0.078686,1.7152,0.3042,0.204714,-0.338065,0.4422,6.183928,0.490794,0.386050,3.0018,-1.000000,2.000000,1848.1766,0,1,estimating,0.0000,0.700000,0,0,0.000000,0.000000,0.000000,0,nan,0.00,0.811295,0.2073,0.0445,0.428364,0.3363,0.48,5.24,6.20,5.16,-0.152937,-17.5206,-1.3223,0.008000,0.092619,0.2130,-0.091682,0.015902,-0.014679,733.8152989152218,423.9989483573768,596.3820601449286,232.13216639630596,0.113759,0.023201,6620.7,5999.8,-0.064456,0.077266,0.292917,1.7174,1.0000,,,,,
3.1680,1778909410.354851,264,6.224954,0.379347,0.078914,1.7333,0.3327,0.207691,6.189151,0.374365,0.081485,1.6740,6.235277,0.384010,0.080146,1.7183,0.3094,0.204463,-0.348099,0.4222,6.235277,0.511635,0.385061,3.0569,-0.615746,2.000000,1875.1083,0,1,estimating,0.0000,0.700000,0,0,0.000000,0.000000,0.000000,0,nan,0.00,0.797301,0.2149,0.0424,0.420975,0.3603,0.48,5.28,6.24,5.52,-0.143235,-17.3767,-1.3828,0.008000,0.055355,-0.2295,-0.067105,0.020119,-0.014744,1299.292121900019,299.5667899363025,538.2055360165987,217.2216936171081,0.094064,0.021177,6623.3,5997.3,-0.066295,0.031805,-1.000000,1.7205,1.0000,,,,,
3.1800,1778909410.360903,265,6.164277,0.426369,0.095587,1.6895,0.3676,0.208748,6.208459,0.384159,0.083988,1.6668,6.175443,0.431777,0.096953,1.7122,0.3213,0.206266,-0.329733,0.4168,6.175443,0.487344,0.386193,2.9926,-1.000000,2.000000,1843.9486,0,1,estimating,0.0000,0.700000,0,0,0.000000,0.000000,0.000000,0,nan,0.00,0.774574,0.2228,0.0404,0.408975,0.3843,0.75,5.28,6.78,5.23,-0.133441,-17.2333,-1.3258,0.008000,0.052781,0.5317,-0.054990,0.025933,-0.015676,651.4233741926041,1188.28321607229,396.11881190833503,175.83195075553184,0.075307,0.015914,6618.9,6001.7,-0.063135,0.055641,-0.615746,1.7145,1.0000,,,,,
3.1920,1778909410.371061,266,6.334138,0.380319,0.088164,1.7447,0.2860,0.219023,6.227637,0.394051,0.086539,1.6587,6.345233,0.385570,0.089528,1.7181,0.3157,0.206637,-0.320511,0.4023,6.345233,0.556042,0.382570,3.1712,1.000000,2.000000,1929.7273,0,1,estimating,0.0000,0.700000,0,0,0.000000,0.000000,0.000000,0,nan,0.00,0.797301,0.2311,0.0384,0.420975,0.4083,0.71,5.28,6.70,5.30,-0.123549,-17.0871,-1.5125,0.008000,0.129273,0.6540,-0.049740,0.020497,-0.004855,818.872815928076,2076.6320899971115,301.2901412289698,225.856595336046,0.062650,0.022723,6616.5,6004.0,-0.061406,0.012513,-1.000000,1.7203,1.0000,,,,,
3.2040,1778909410.383032,267,6.208854,0.403980,0.086492,1.6702,0.3638,0.223229,6.246689,0.404122,0.089198,1.6554,6.219750,0.409279,0.087875,1.7086,0.3283,0.213014,-0.304503,0.4276,6.219750,0.505340,0.385384,3.0403,-1.000000,2.000000,1866.4248,0,1,estimating,0.0000,0.700000,0,0,0.000000,0.000000,0.000000,0,nan,0.00,0.774574,0.2398,0.0366,0.408975,0.4323,0.67,5.28,6.61,5.24,-0.113478,-16.9348,-1.3849,0.008000,0.070543,0.0671,-0.043686,0.033464,-0.002958,-1477.389283521683,-1455.8809653090748,413.0727008294512,206.01765633813167,0.063020,0.020431,6612.4,6008.1,-0.058432,0.047166,1.000000,1.7106,1.0000,,,,,
3.2160,1778909410.395087,268,6.255383,0.410896,0.098361,1.6741,0.3815,0.214900,6.265728,0.414018,0.091760,1.6537,6.266071,0.416337,0.099731,1.7017,0.3350,0.210594,-0.280883,0.4024,6.266071,0.524104,0.384373,3.0894,-1.000000,2.000000,1890.5472,0,1,estimating,0.0000,0.700000,0,0,0.000000,0.000000,0.000000,0,nan,0.00,0.751846,0.2487,0.0348,0.396975,0.4563,0.64,5.28,6.57,5.30,-0.103582,-16.7880,-1.4357,0.008000,0.045098,0.0975,-0.028896,0.028824,-0.009798,-1099.2623074886774,-383.74228468899867,95.65306173028696,163.01519458390914,0.041326,0.014926,6606.4,6014.1,-0.054068,0.050773,-1.000000,1.7036,1.0000,,,,,
3.2280,1778909410.407060,269,6.338784,0.359385,0.091327,1.6462,0.3126,0.203521,6.284733,0.423722,0.094220,1.6506,6.349366,0.364660,0.092675,1.6907,0.3300,0.207435,-0.259109,0.3905,6.349366,0.557704,0.382476,3.1754,1.000000,2.000000,1938.0505,0,1,estimating,0.0000,0.700000,0,0,0.000000,0.000000,0.000000,0,nan,0.00,0.774574,0.2580,0.0332,0.408975,0.4803,0.62,5.25,6.49,5.10,-0.093878,-16.6470,-1.5249,0.008000,0.028860,-0.2166,-0.033707,0.024510,-0.004048,1055.5009488303829,735.2775641179223,-38.69354547731329,171.49455018785574,0.029047,0.016139,6600.9,6019.7,-0.050047,0.067891,-1.000000,1.6925,1.0000,,,,,
3.2400,1778909410.419078,270,6.396658,0.405164,0.102616,1.6652,0.2915,0.202784,6.303653,0.433415,0.096649,1.6431,6.407047,0.410485,0.103957,1.6856,0.3281,0.210279,-0.240054,0.4154,6.407047,0.580864,0.381154,3.2336,0.703652,2.000000,1968.9430,0,1,estimating,0.0000,0.700000,0,0,0.000000,0.000000,0.000000,0,nan,0.00,0.790566,0.2675,0.0316,0.417419,0.5043,0.60,5.25,6.45,5.23,-0.084185,-16.5079,-1.5905,0.008000,0.156687,0.5537,-0.015442,0.018673,-0.009453,-1171.6331720665544,1568.339829089699,237.31971950303284,193.2895692379176,0.043779,0.019367,6596.0,6024.5,-0.046519,0.052960,1.000000,1.6872,1.0000,,,,,
3.2520,1778909410.431099,271,6.305211,0.501890,0.097714,1.6245,0.2241,0.193308,6.322553,0.442924,0.098980,1.6462,6.315509,0.507009,0.099038,1.6737,0.3144,0.209317,-0.206188,0.4219,6.315509,0.544069,0.383249,3.1407,-1.000000,2.000000,1927.8777,0,1,estimating,0.0000,0.700000,0,0,0.000000,0.000000,0.000000,0,nan,0.00,0.767838,0.2773,0.0300,0.405419,0.5283,0.59,5.27,6.44,5.37,-0.074676,-16.3743,-1.4945,0.008000,0.101934,-0.0013,-0.023893,-0.001586,-0.007508,-2491.388189752785,-61.312814505300594,417.87558029194247,255.96462365319096,0.061234,0.028006,6587.4,6033.1,-0.040279,0.071486,0.703652,1.6750,1.0000,,,,,
3.2640,1778909410.443060,272,6.356132,0.411232,0.094980,1.5830,0.3091,0.193568,6.341444,0.452303,0.101282,1.6433,6.366313,0.416266,0.096279,1.6560,0.3120,0.204122,-0.184488,0.3990,6.366313,0.564518,0.382088,3.1926,-0.307020,2.000000,1958.0120,0,1,estimating,0.0000,0.700000,0,0,0.000000,0.000000,0.000000,0,nan,0.00,0.760861,0.2874,0.0286,0.401734,0.5523,0.57,5.28,6.42,5.35,-0.065297,-16.2424,-1.5493,0.008000,0.049352,-0.2394,-0.024207,0.008672,-0.010717,324.2648497642459,583.4865437721078,170.99259214190036,232.65853526558158,0.046317,0.025366,6581.9,6038.6,-0.036284,0.072229,-1.000000,1.6572,1.0000,,,,,
3.2760,1778909410.456112,273,6.366119,0.426456,0.107713,1.7383,0.2376,0.196891,6.360198,0.461804,0.103674,1.6337,6.376317,0.431539,0.109005,1.6715,0.3023,0.203730,-0.217396,0.3998,6.376317,0.568537,0.381859,3.2027,-0.590169,2.000000,1957.3212,0,1,estimating,0.0000,0.700000,0,0,0.000000,0.000000,0.000000,0,nan,0.00,0.747448,0.2978,0.0272,0.394652,0.5763,0.56,5.27,6.38,5.21,-0.055796,-16.1054,-1.5690,0.008000,0.049547,0.4080,-0.010535,-0.002792,-0.005239,2680.6245822961073,1156.6645124121837,208.0420222150241,280.50700507371414,0.052943,0.031701,6590.3,6030.3,-0.042330,0.001188,-0.307020,1.6729,1.0000,,,,,
3.2880,1778909410.467171,274,6.415080,0.438910,0.107506,1.6314,0.3087,0.209552,6.378823,0.471543,0.106137,1.6260,6.425222,0.444005,0.108801,1.6637,0.3036,0.203135,-0.171820,0.3909,6.425222,0.588144,0.380736,3.2517,-0.255830,2.000000,1983.5724,0,1,estimating,0.0000,0.700000,0,0,0.000000,0.000000,0.000000,0,nan,0.00,0.741634,0.3084,0.0259,0.391582,0.6003,0.56,5.26,6.38,5.24,-0.146457,-15.6340,-1.6257,0.008000,0.105826,-0.5772,-0.014326,-0.005602,-0.003133,2281.1508155150495,-325.86565356238907,124.69188388397126,275.5074974674344,0.040811,0.031428,6578.7,6041.9,-0.033947,0.080647,-0.590169,1.6649,1.0000,,,,,
3.3000,1778909410.479076,275,6.393373,0.504430,0.112218,1.5896,0.3296,0.206823,6.397347,0.481474,0.108645,1.6208,6.403349,0.509579,0.113509,1.6493,0.3084,0.202916,-0.160716,0.3900,6.403349,0.579382,0.381239,3.2299,-1.000000,1.999462,1980.5996,0,1,estimating,0.0000,0.700000,0,0,0.000000,0.000000,0.000000,0,nan,0.00,0.718906,0.3192,0.0247,0.379582,0.6243,0.55,5.26,6.36,5.23,-0.136526,-15.4903,-1.6091,0.008000,0.123578,0.1161,-0.035762,0.008299,0.000400,134.23641463873332,-742.0677134630836,16.630997276706893,250.43934931460825,0.030339,0.028364,6575.9,6044.7,-0.031895,0.098213,-0.255830,1.6503,1.0000,,,,,
3.3120,1778909410.491086,276,6.427987,0.504128,0.111630,1.6853,0.2668,0.202549,6.415901,0.491242,0.111074,1.6247,6.437991,0.509205,0.112910,1.6563,0.3009,0.200322,-0.114323,0.3732,6.437991,0.593253,0.380442,3.2644,-1.000000,1.964721,1991.1583,0,1,estimating,0.0000,0.700000,0,0,0.000000,0.000000,0.000000,0,nan,0.00,0.696179,0.3303,0.0235,0.367582,0.6479,0.54,5.27,6.36,5.35,-0.126758,-15.3511,-1.6396,0.008000,0.045944,0.1406,-0.021024,-0.011220,-0.008475,-2906.885287406037,-2090.3498738089293,-51.24412709506835,277.660230376299,0.023184,0.032046,6564.1,6056.4,-0.023356,0.029564,-1.000000,1.6571,1.0000,,,,,
3.3240,1778909410.503121,277,6.408031,0.509990,0.117712,1.5355,0.3038,0.207708,6.434392,0.500983,0.113547,1.6225,6.417882,0.515117,0.118989,1.6329,0.2996,0.197778,-0.094341,0.3612,6.417882,0.585205,0.380905,3.2444,-1.000000,1.920716,1990.6244,0,1,estimating,0.0000,0.700000,0,0,0.000000,0.000000,0.000000,0,nan,0.00,0.673452,0.3415,0.0224,0.355582,0.6709,0.54,5.26,6.35,5.20,-0.117017,-15.2094,-1.6219,0.008000,0.022947,-0.1764,-0.040017,-0.006636,0.002671,-1989.351338098841,-2434.074578864483,-251.89327649139125,275.79529567015487,0.004640,0.032272,6559.0,6061.5,-0.019647,0.161084,-1.000000,1.6336,1.0000,,,,,
3.3360,1778909410.515057,278,6.486080,0.483736,0.109982,1.5993,0.2427,0.198692,6.452837,0.510752,0.116009,1.6183,6.495891,0.488670,0.111238,1.6264,0.2890,0.194489,-0.076861,0.3493,6.495891,0.616363,0.379104,3.3212,-0.091716,1.905055,2034.2143,0,1,estimating,0.0000,0.700000,0,0,0.000000,0.000000,0.000000,0,nan,0.00,0.671367,0.3530,0.0213,0.354482,0.6938,0.53,5.28,6.35,5.37,-0.107248,-15.0683,-1.7028,0.008000,0.045414,-0.1969,-0.037890,-0.016238,-0.000196,552.626895668795,-1234.51691209089,-312.0662238900601,312.735773250163,-0.002348,0.037645,6554.5,6066.1,-0.016370,0.105091,-1.000000,1.6269,1.0000,,,,,
3.3480,1778909410.527048,279,6.448829,0.514923,0.118889,1.5137,0.3413,0.207683,6.471233,0.520683,0.118505,1.6209,6.458450,0.519990,0.120148,1.6047,0.2973,0.194770,-0.038750,0.3539,6.458450,0.601429,0.379970,3.2845,-1.000000,1.844962,2022.9026,0,1,estimating,0.0000,0.700000,0,0,0.000000,0.000000,0.000000,0,nan,0.00,0.648640,0.3646,0.0203,0.342482,0.7159,0.52,5.29,6.34,5.33,-0.097317,-14.9253,-1.6636,0.008000,0.120790,-0.3493,-0.056574,-0.006148,-0.003493,-79.96144682267527,-4243.590325054631,-246.5683609526439,271.01024703791666,-0.014614,0.032417,6544.8,6075.7,-0.009343,0.141340,-0.091716,1.6050,1.0000,,,,,
3.3600,1778909410.539136,280,6.603854,0.574482,0.115937,1.5638,0.2926,0.196902,6.489726,0.530409,0.120895,1.6312,6.613467,0.579487,0.117182,1.5968,0.2938,0.190790,-0.028194,0.3361,6.613467,0.663014,0.376319,3.4334,-1.000000,1.843945,2112.8323,0,1,estimating,0.0000,0.700000,0,0,0.000000,0.000000,0.000000,0,nan,0.00,0.625913,0.3763,0.0193,0.330482,0.7380,0.53,5.27,6.33,5.20,-0.087591,-14.7884,-1.8023,0.008000,0.128913,-0.2311,-0.056015,0.005729,-0.001063,-2400.161339825048,1265.9645475530504,-470.68092140306544,264.3088114448566,-0.026755,0.031593,6542.1,6078.5,-0.007337,0.105770,-1.000000,1.5970,1.0000,,,,,
3.3720,1778909410.554137,281,6.481846,0.504220,0.124181,1.6405,0.2585,0.195595,6.508301,0.539913,0.123239,1.6341,6.491440,0.509223,0.125408,1.6054,0.2862,0.187994,0.002223,0.3242,6.491440,0.614590,0.379207,3.3168,-0.643744,1.784514,2036.1586,0,1,estimating,0.0000,0.700000,0,0,0.000000,0.000000,0.000000,0,nan,0.00,0.611282,0.3882,0.0184,0.322757,0.7595,0.52,5.28,6.32,5.29,-0.078087,-14.6540,-1.6828,0.008000,0.044011,0.4291,-0.032107,0.002750,0.003932,-468.85644771633565,1624.0640390142541,-494.20508321354,286.9771816896729,-0.031943,0.034477,6534.4,6086.2,-0.001734,0.073951,-1.000000,1.6055,1.0000,,,,,
3.3840,1778909410.563132,282,6.472955,0.520888,0.118998,1.6097,0.2925,0.195583,6.526883,0.549412,0.125572,1.6372,6.482562,0.525817,0.120213,1.6064,0.2857,0.186194,0.032129,0.3187,6.482562,0.611051,0.379412,3.3082,-0.616460,1.718592,2029.6140,0,1,estimating,0.0000,0.700000,0,0,0.000000,0.000000,0.000000,0,nan,0.00,0.597272,0.4002,0.0175,0.315359,0.7801,0.51,5.26,6.29,5.19,-0.068588,-14.5204,-1.6710,0.008000,0.063299,-0.5947,-0.043480,0.010504,0.002807,-934.1712472883105,-210.97770939976886,-480.5364510349798,278.46329364974815,-0.039008,0.032817,6526.7,6093.9,0.003840,0.096836,-0.643744,1.6063,1.0000,,,,,
3.3960,1778909410.575097,283,6.620408,0.625470,0.128720,1.6426,0.2413,0.189560,6.545535,0.558838,0.127850,1.6459,6.629986,0.630401,0.129916,1.6137,0.2772,0.183717,0.064461,0.3115,6.629986,0.669538,0.375917,3.4489,-1.000000,1.686650,2106.2976,0,1,estimating,0.0000,0.700000,0,0,0.000000,0.000000,0.000000,0,nan,0.00,0.574544,0.4123,0.0167,0.303359,0.8003,0.51,5.25,6.27,5.19,-0.059162,-14.3899,-1.8030,0.008000,0.107453,-0.0226,-0.033266,0.002253,0.003607,-814.5873538523558,-156.07155156608022,-458.4921231330909,309.41820391935096,-0.038157,0.036264,6518.4,6102.2,0.009869,0.070863,-0.616460,1.6133,1.0000,,,,,
3.4080,1778909410.587025,284,6.498099,0.579557,0.133135,1.5576,0.2639,0.184780,6.564272,0.568117,0.130061,1.6503,6.507551,0.584437,0.134303,1.6031,0.2721,0.179251,0.092957,0.2971,6.507551,0.621007,0.378833,3.3325,-1.000000,1.611726,2042.3399,0,1,estimating,0.0000,0.700000,0,0,0.000000,0.000000,0.000000,0,nan,0.00,0.551817,0.4244,0.0159,0.291359,0.8197,0.50,5.24,6.24,5.19,-0.049883,-14.2632,-1.6822,0.008000,0.062962,-0.0382,-0.030652,-0.000609,0.005256,-940.5974717013275,-410.39928507831326,-582.9451043102712,309.67561304489243,-0.048400,0.035703,6511.1,6109.5,0.015156,0.135663,-1.000000,1.6025,1.0000,,,,,
3.4200,1778909410.599026,285,6.584316,0.550976,0.128438,1.6710,0.2033,0.178300,6.583122,0.577289,0.132203,1.6611,6.593849,0.555682,0.129578,1.6165,0.2590,0.175276,0.119284,0.2851,6.593849,0.655257,0.376792,3.4149,0.659531,1.572004,2077.8228,0,1,estimating,0.0000,0.700000,0,0,0.000000,0.000000,0.000000,0,nan,0.00,0.566806,0.4366,0.0151,0.299274,0.8385,0.49,5.24,6.22,5.22,-0.040711,-14.1405,-1.7538,0.008000,0.040150,-0.2581,-0.029108,-0.006504,0.006744,-457.55571776441434,2578.362318117532,-566.4039092106897,352.46945691971393,-0.047036,0.040696,6504.3,6116.3,0.020091,0.066534,-1.000000,1.6158,1.0000,,,,,
3.4320,1778909410.611160,286,6.530240,0.690250,0.143023,1.6092,0.3419,0.170504,6.602045,0.586373,0.134242,1.6673,6.539721,0.695181,0.144154,1.6154,0.2734,0.175220,0.138249,0.3034,6.539721,0.633798,0.378080,3.3634,-1.000000,1.506486,2057.2446,0,1,estimating,0.0000,0.700000,0,0,0.000000,0.000000,0.000000,0,nan,0.00,0.544079,0.4488,0.0144,0.287274,0.8566,0.50,5.23,6.24,5.18,-0.031627,-14.0237,-1.6961,0.008000,0.103804,0.2439,-0.008976,0.012665,0.007388,-2227.3186787472137,347.39039492845353,-510.7691088264809,257.14077704723724,-0.044144,0.026802,6499.4,6121.1,0.023618,0.120833,0.659531,1.6145,1.0000,,,,,
3.4440,1778909410.623076,287,6.656655,0.691748,0.135708,1.6318,0.2804,0.158450,6.621141,0.595221,0.136176,1.6811,6.666183,0.696537,0.136799,1.6190,0.2708,0.168549,0.185339,0.2810,6.666183,0.683806,0.375028,3.4826,-1.000000,1.462966,2117.2742,0,1,estimating,0.0000,0.700000,0,0,0.000000,0.000000,0.000000,0,nan,0.00,0.521352,0.4610,0.0137,0.275274,0.8742,0.50,5.22,6.23,5.19,-0.022779,-13.9128,-1.8015,0.008000,0.125623,0.2877,-0.000851,0.019254,0.002040,-2051.5536346239037,1559.3519241204147,-575.2275924483542,223.05645425119826,-0.050756,0.020422,6487.4,6133.2,0.032356,0.100477,-1.000000,1.6179,1.0000,,,,,
3.4560,1778909410.635116,288,6.515372,0.584185,0.140350,1.7218,0.1983,0.159886,6.640331,0.604008,0.138115,1.6849,6.525027,0.588903,0.141414,1.6393,0.2568,0.164049,0.213052,0.2690,6.525027,0.627959,0.378426,3.3493,-1.000000,1.379921,2024.4531,0,1,estimating,0.0000,0.700000,0,0,0.000000,0.000000,0.000000,0,nan,0.00,0.498625,0.4732,0.0130,0.263274,0.8907,0.51,5.22,6.24,5.21,-0.112692,-13.4537,-1.6644,0.008000,0.096287,0.0415,0.037129,0.000385,0.000581,526.5928401815274,379.4608787562074,-533.6213498445106,265.91842466203644,-0.046654,0.025122,6480.3,6140.2,0.037502,0.082426,-1.000000,1.6380,1.0000,,,,,
3.4680,1778909410.652301,289,6.619572,0.535800,0.141854,1.6790,0.3579,0.163840,6.659564,0.612886,0.140075,1.6924,6.629225,0.540589,0.142896,1.6473,0.2697,0.160739,0.232318,0.2571,6.629225,0.669238,0.375936,3.4482,1.000000,1.348028,2070.1417,0,1,estimating,0.0000,0.700000,0,0,0.000000,0.000000,0.000000,0,nan,0.00,0.521352,0.4854,0.0124,0.275274,0.9069,0.50,5.24,6.24,5.35,-0.103814,-13.3414,-1.7558,0.008000,0.189631,0.3205,0.051915,0.022022,0.001360,-20.86394910134902,469.5948703018109,-708.5193008662,170.27771827811569,-0.064877,0.011002,6475.3,6145.3,0.041146,0.129143,-1.000000,1.6459,1.0000,,,,,
3.4800,1778909410.659188,290,6.611044,0.664868,0.147726,1.7092,0.2401,0.159842,6.678915,0.621847,0.142016,1.7067,6.620823,0.669720,0.148771,1.6598,0.2668,0.162433,0.271183,0.2815,6.620823,0.665920,0.376140,3.4403,-1.000000,1.280008,2062.9826,0,1,estimating,0.0000,0.700000,0,0,0.000000,0.000000,0.000000,0,nan,0.00,0.498625,0.4975,0.0118,0.263274,0.9223,0.51,5.23,6.25,5.14,-0.094853,-13.2302,-1.7337,0.008000,0.083914,0.2016,0.052519,0.018058,-0.001522,-726.9071143283091,-705.0612960616403,-484.3188866316476,195.14457378129438,-0.043731,0.012664,6465.4,6155.1,0.048318,0.088654,1.000000,1.6582,1.0000,,,,,
3.4920,1778909410.671099,291,6.720574,0.703515,0.142290,1.7685,0.2264,0.154159,6.698447,0.630683,0.143881,1.7224,6.730503,0.708223,0.143306,1.6813,0.2568,0.157339,0.288111,0.2570,6.730503,0.709067,0.373419,3.5417,-1.000000,1.256491,2105.6415,0,1,estimating,0.0000,0.700000,0,0,0.000000,0.000000,0.000000,0,nan,0.00,0.475897,0.5096,0.0112,0.251274,0.9373,0.51,5.22,6.25,5.21,-0.086017,-13.1233,-1.8193,0.008000,0.132093,0.1981,0.069878,0.009984,-0.003083,-1044.8765552288532,-990.8191967358149,-488.3524288039856,216.64580306413114,-0.044038,0.014349,6461.0,6159.5,0.051513,0.067389,-1.000000,1.6795,1.0000,,,,,
3.5040,1778909410.683079,292,6.671411,0.675513,0.147178,1.7327,0.2840,0.151406,6.718191,0.639382,0.145690,1.7373,6.681377,0.680255,0.148171,1.6918,0.2580,0.153371,0.323958,0.2450,6.681377,0.689784,0.374652,3.4966,-1.000000,1.197639,2071.2940,0,1,estimating,0.0000,0.700000,0,0,0.000000,0.000000,0.000000,0,nan,0.00,0.453170,0.5216,0.0107,0.239274,0.9517,0.51,5.23,6.25,5.28,-0.077318,-13.0197,-1.7594,0.008000,0.115766,-0.0636,0.069696,0.025668,0.001669,-769.9680042011082,-525.9384492227543,-564.5090731638734,192.6235186893039,-0.053462,0.008614,6451.9,6168.7,0.058133,0.094028,-1.000000,1.6898,1.0000,,,,,
3.5160,1778909410.695098,293,6.717790,0.742056,0.156729,1.7647,0.2671,0.147896,6.738060,0.648092,0.147469,1.7498,6.727824,0.746872,0.157701,1.7065,0.2561,0.149403,0.356789,0.2330,6.727824,0.708017,0.373487,3.5392,-1.000000,1.141407,2087.4277,0,1,estimating,0.0000,0.700000,0,0,0.000000,0.000000,0.000000,0,nan,0.00,0.430443,0.5335,0.0102,0.227274,0.9654,0.51,5.22,6.24,5.15,-0.068608,-12.9177,-1.7894,0.008000,0.100086,0.2579,0.091933,0.031125,0.003421,259.79199720666696,832.8986698144125,-624.4494650531578,184.89349560446192,-0.060046,0.005254,6443.5,6177.1,0.064236,0.101082,-1.000000,1.7043,1.0000,,,,,
3.5280,1778909410.707000,294,6.703632,0.614611,0.138863,1.7993,0.2737,0.147275,6.758095,0.656907,0.149242,1.7657,6.713805,0.619204,0.139809,1.7251,0.2555,0.145977,0.387009,0.2211,6.713805,0.702520,0.373840,3.5264,1.000000,1.085098,2061.7227,0,1,estimating,0.0000,0.700000,0,0,0.000000,0.000000,0.000000,0,nan,0.00,0.453170,0.5454,0.0097,0.239274,0.9784,0.50,5.21,6.21,5.18,-0.059793,-12.8161,-1.7607,0.008000,0.046112,-0.4722,0.094266,0.032514,-0.007447,414.13660858259095,508.9132851291656,-700.3836444047108,175.01785872080228,-0.067220,0.001724,6435.8,6184.8,0.069866,0.093238,-1.000000,1.7227,1.0000,,,,,
3.5400,1778909410.719105,295,6.712182,0.692265,0.162465,1.8034,0.2996,0.144143,6.778331,0.665763,0.150968,1.7889,6.722337,0.697152,0.163408,1.7410,0.2638,0.147996,0.434487,0.2455,6.722337,0.705866,0.373625,3.5342,-1.000000,1.003800,2056.8118,0,1,estimating,0.0000,0.700000,0,0,0.000000,0.000000,0.000000,0,nan,0.00,0.430443,0.5571,0.0092,0.227274,0.9905,0.50,5.22,6.22,5.25,-0.050937,-12.7173,-1.7453,0.008000,0.083372,0.0452,0.109134,0.043344,0.007424,-895.5870809886177,276.49835375091504,-524.1302748812458,157.0481536008895,-0.053409,-0.004554,6423.6,6196.9,0.078661,0.084388,1.000000,1.7383,1.0000,,,,,
3.5520,1778909410.731019,296,6.806946,0.704350,0.153393,1.8831,0.2739,0.133434,6.798839,0.674439,0.152561,1.8064,6.817305,0.709107,0.154305,1.7693,0.2612,0.142454,0.480238,0.2211,6.817305,0.742963,0.371139,3.6197,-0.765629,0.938212,2082.4078,0,1,estimating,0.0000,0.700000,0,0,0.000000,0.000000,0.000000,0,nan,0.00,0.413042,0.5687,0.0088,0.218086,1.0017,0.49,5.22,6.21,5.25,-0.042261,-12.6260,-1.8133,0.008000,0.068743,-0.0149,0.128805,0.046820,0.010126,-1387.3694241908902,1067.8189294113772,-555.9456558338518,151.0915215511983,-0.057250,-0.008636,6411.9,6208.6,0.087170,0.067761,-1.000000,1.7663,1.0000,,,,,
3.5640,1778909410.750837,297,6.875152,0.714576,0.161365,1.8704,0.2334,0.131157,6.819569,0.683122,0.154161,1.8227,6.885624,0.719356,0.162254,1.7896,0.2537,0.138668,0.506878,0.2133,6.885624,0.769476,0.369188,3.6799,-0.331216,0.892582,2100.0114,0,1,estimating,0.0000,0.700000,0,0,0.000000,0.000000,0.000000,0,nan,0.00,0.405515,0.5802,0.0084,0.214112,1.0124,0.49,5.26,6.24,5.45,-0.033578,-12.5343,-1.8572,0.008000,0.201826,0.2032,0.125883,0.040041,-0.001494,718.7166830883715,756.9916103320676,-501.9164841256166,167.53031671240376,-0.055959,-0.007888,6405.1,6215.5,0.092143,0.098582,-0.765629,1.7865,1.0000,,,,,
3.5760,1778909410.756799,298,6.849139,0.785517,0.165538,1.8000,0.2462,0.137337,6.840460,0.691932,0.155786,1.8412,6.860530,0.790711,0.166489,1.7926,0.2490,0.136230,0.524124,0.2119,6.860530,0.759756,0.369921,3.6579,-1.000000,0.841028,2090.4077,0,1,estimating,0.0000,0.700000,0,0,0.000000,0.000000,0.000000,0,nan,0.00,0.382787,0.5915,0.0080,0.202112,1.0225,0.75,5.27,6.76,5.34,-0.024768,-12.4412,-1.8167,0.008000,0.181287,0.3764,0.118516,0.015645,-0.013620,84.21311840555114,440.4520447965664,-329.3643797941306,176.30553487533,-0.055815,-0.007595,6400.8,6219.8,0.095277,0.146241,-0.331216,1.7891,1.0000,,,,,
3.5880,1778909410.767105,299,6.772028,0.658449,0.152659,1.9340,0.2491,0.134137,6.861605,0.700787,0.157388,1.8643,6.783582,0.663430,0.153583,1.8209,0.2450,0.132724,0.560799,0.1954,6.783582,0.729821,0.372050,3.5896,1.000000,0.764282,2029.7930,0,1,estimating,0.0000,0.700000,0,0,0.000000,0.000000,0.000000,0,nan,0.00,0.405515,0.6027,0.0076,0.214112,1.0317,0.71,5.27,6.69,5.25,-0.015913,-12.3494,-1.7253,0.008000,0.087987,-0.7079,0.130175,0.025378,-0.005035,347.2631594897369,410.6900616786021,-577.0709591077741,183.01985111769287,-0.060649,-0.008149,6391.4,6229.2,0.102095,0.091305,-1.000000,1.8171,1.0000,,,,,
3.6000,1778909410.779122,300,6.861509,0.793074,0.161347,1.9214,0.2103,0.134210,6.882982,0.709694,0.158986,1.8840,6.873055,0.798092,0.162265,1.8412,0.2414,0.135716,0.591444,0.2207,6.873055,0.764610,0.369557,3.6689,-1.000000,0.703450,2064.4101,0,1,estimating,0.0000,0.700000,0,0,0.000000,0.000000,0.000000,0,nan,0.00,0.382787,0.6137,0.0072,0.202112,1.0401,0.68,5.26,6.63,5.23,-0.103806,-11.8384,-1.7849,0.008000,0.030054,0.1321,0.127195,0.030171,0.004791,-533.5486963010604,585.4099539153863,-349.52116134130097,223.71116814312563,-0.039515,-0.004487,6383.5,6237.1,0.107833,0.110629,1.000000,1.8373,1.0000,,,,,
3.6120,1778909410.791058,301,6.912660,0.734770,0.157605,1.9286,0.3270,0.126314,6.904642,0.718523,0.160511,1.9076,6.924214,0.739751,0.158488,1.8591,0.2504,0.130744,0.624289,0.1955,6.924214,0.784381,0.368023,3.7135,0.204862,0.653700,2071.6428,0,1,estimating,0.0000,0.700000,0,0,0.000000,0.000000,0.000000,0,nan,0.00,0.387443,0.6245,0.0069,0.204570,1.0480,0.65,5.27,6.57,5.30,-0.094977,-11.7510,-1.8059,0.008000,0.074208,-0.3382,0.130775,0.042661,0.003279,-769.0052457761068,-288.5259596832128,-485.8075448585141,145.89727349905837,-0.054282,-0.015180,6375.0,6245.5,0.113957,0.122213,-1.000000,1.8550,1.0000,,,,,
3.6240,1778909410.803062,302,6.906972,0.729212,0.164524,1.8908,0.2473,0.128249,6.926565,0.727398,0.162057,1.9305,6.918462,0.734218,0.165395,1.8662,0.2490,0.130847,0.657762,0.2059,6.918462,0.782163,0.368200,3.7085,0.142091,0.592147,2063.1628,0,1,estimating,0.0000,0.700000,0,0,0.000000,0.000000,0.000000,0,nan,0.00,0.390673,0.6351,0.0065,0.206275,1.0551,0.63,5.26,6.52,5.25,-0.086102,-11.6624,-1.7780,0.008000,0.095044,-0.4651,0.119714,0.050911,0.016213,-522.887702670803,0.32929519578704003,-227.5264845041208,154.86984566151278,-0.047535,-0.015125,6366.5,6254.1,0.120178,0.156095,0.204862,1.8619,1.0000,,,,,
3.6360,1778909410.815043,303,7.023505,0.690808,0.156851,1.9736,0.2405,0.131035,6.948758,0.736299,0.163615,1.9534,7.035070,0.695677,0.157711,1.8880,0.2465,0.130879,0.693479,0.2072,7.035070,0.826902,0.364442,3.8082,1.000000,0.548942,2099.8782,0,1,estimating,0.0000,0.700000,0,0,0.000000,0.000000,0.000000,0,nan,0.00,0.413400,0.6456,0.0062,0.218275,1.0617,0.60,5.24,6.43,5.09,-0.077201,-11.5731,-1.8549,0.008000,0.145856,0.1400,0.119742,0.020251,-0.013061,-499.1047177060113,-1511.226870078195,-123.35145101721494,170.67340822228454,-0.040124,-0.013759,6357.3,6263.3,0.126826,0.132555,0.142091,1.8835,1.0000,,,,,
3.6480,1778909410.827089,304,6.939635,0.759032,0.164667,1.9735,0.2192,0.126720,6.971222,0.745196,0.165157,1.9771,6.951182,0.763937,0.165520,1.9056,0.2436,0.132884,0.727971,0.2247,6.951182,0.794767,0.367183,3.7368,-0.330326,0.467230,2054.0027,0,1,estimating,0.0000,0.700000,0,0,0.000000,0.000000,0.000000,0,nan,0.00,0.405892,0.6558,0.0059,0.214311,1.0673,0.59,5.25,6.42,5.33,-0.068304,-11.4848,-1.7597,0.008000,0.055889,-0.7758,0.116500,0.016930,-0.004735,-442.5493584556946,158.6608405547725,-116.91956340242339,200.23365375061272,-0.020898,-0.011260,6348.5,6272.1,0.133226,0.147011,1.000000,1.9009,1.0000,,,,,
3.6600,1778909410.839058,305,6.968656,0.804234,0.158515,1.9730,0.2149,0.125938,6.993975,0.754107,0.166671,2.0015,6.980297,0.809007,0.159355,1.9197,0.2368,0.130467,0.760466,0.2122,6.980297,0.805950,0.366251,3.7618,-1.000000,0.394084,2060.7236,0,1,estimating,0.0000,0.700000,0,0,0.000000,0.000000,0.000000,0,nan,0.00,0.383165,0.6658,0.0056,0.202311,1.0720,0.57,5.27,6.41,5.39,-0.059393,-11.3980,-1.7603,0.008000,0.025371,-0.5749,0.097579,0.013494,0.000163,-196.12505266229272,1169.1613082462898,51.53679597128992,227.06580418824745,-0.018597,-0.008983,6340.1,6280.4,0.139300,0.164480,-0.330326,1.9149,1.0000,,,,,
3.6720,1778909410.852532,306,7.071636,0.802456,0.166104,2.0452,0.2654,0.134700,7.016958,0.763205,0.168263,2.0255,7.083376,0.807346,0.166937,1.9451,0.2383,0.128646,0.785027,0.1959,7.083376,0.845285,0.362823,3.8487,-0.615589,0.348782,2089.8591,0,1,estimating,0.0000,0.700000,0,0,0.000000,0.000000,0.000000,0,nan,0.00,0.369174,0.6756,0.0054,0.194924,1.0762,0.55,5.28,6.38,5.32,-0.050295,-11.3068,-1.8232,0.008000,0.018608,-0.5739,0.099832,0.021721,0.001618,830.6982212374958,572.9421334945964,-138.8638481444073,209.4112739378877,-0.030107,-0.010660,6333.8,6286.8,0.143903,0.148052,-1.000000,1.9401,1.0000,,,,,
3.6840,1778909410.863061,307,7.009419,0.806800,0.169815,2.0745,0.2672,0.139537,7.040086,0.772610,0.169979,2.0417,7.021263,0.811773,0.170651,1.9713,0.2409,0.128958,0.815009,0.1910,7.021263,0.821631,0.364901,3.7966,-1.000000,0.278247,2047.3898,0,1,estimating,0.0000,0.700000,0,0,0.000000,0.000000,0.000000,0,nan,0.00,0.346447,0.6852,0.0051,0.182924,1.0795,0.54,5.30,6.37,5.39,-0.040890,-11.2085,-1.7549,0.008000,0.062851,-0.5899,0.121113,0.041470,0.019018,1163.5494968449038,98.235605670845,-195.81495127718682,202.00385118057352,-0.037349,-0.011311,6326.1,6294.4,0.149472,0.155751,-0.615589,1.9661,1.0000,,,,,
3.6960,1778909410.875087,308,7.080069,0.662729,0.174869,2.0150,0.2511,0.143459,7.063458,0.782198,0.171734,2.0629,7.091961,0.667774,0.175707,1.9809,0.2386,0.127851,0.835051,0.1766,7.091961,0.848543,0.362534,3.8559,1.000000,0.241428,2066.2354,0,1,estimating,0.0000,0.700000,0,0,0.000000,0.000000,0.000000,0,nan,0.00,0.369174,0.6945,0.0049,0.194924,1.0824,0.53,5.29,6.36,5.27,-0.031302,-11.1080,-1.7930,0.008000,0.143870,0.4592,0.098640,0.023277,-0.000445,490.597419378971,-132.72014114137102,-385.1884439852423,220.99966345705363,-0.049629,-0.009661,6320.9,6299.6,0.153239,0.205043,-1.000000,1.9756,1.0000,,,,,
3.7080,1778909410.887069,309,7.122455,0.792097,0.178859,2.0479,0.2624,0.139754,7.087104,0.791860,0.173464,2.0902,7.134360,0.797233,0.179709,1.9950,0.2440,0.132235,0.862641,0.2013,7.134360,0.864590,0.361097,3.8910,0.957693,0.192217,2079.2405,0,1,estimating,0.0000,0.700000,0,0,0.000000,0.000000,0.000000,0,nan,0.00,0.390940,0.7036,0.0046,0.206416,1.0847,0.52,5.29,6.33,5.25,-0.021640,-11.0088,-1.8007,0.008000,0.110366,0.1732,0.089221,0.041330,0.013086,-296.34020194891025,810.4846140577248,-292.4292822186086,217.02023054300577,-0.037632,-0.010030,6313.9,6306.7,0.158357,0.198348,1.000000,1.9896,1.0000,,,,,
3.7200,1778909410.899073,310,7.074323,0.727076,0.171185,2.1363,0.1789,0.133059,7.111107,0.801426,0.175084,2.1181,7.086417,0.732069,0.172038,2.0236,0.2347,0.134325,0.888927,0.2125,7.086417,0.846439,0.362721,3.8512,1.000000,0.130637,2038.8696,0,1,estimating,0.0000,0.700000,0,0,0.000000,0.000000,0.000000,0,nan,0.00,0.413668,0.7125,0.0044,0.218416,1.0863,0.52,5.27,6.30,5.19,-0.012074,-10.9160,-1.7332,0.008000,0.091076,-0.0216,0.096477,0.015974,0.010662,-861.2535777482129,-1563.8519109809374,-10.22139405630977,292.9653165616928,-0.015662,-0.003324,6307.2,6313.4,0.163249,0.173120,0.957693,2.0180,1.0000,,,,,
3.7320,1778909410.911075,311,7.164876,0.847059,0.181919,2.1016,0.1762,0.134907,7.135422,0.810962,0.176699,2.1451,7.176970,0.852127,0.182775,2.0399,0.2271,0.136673,0.913790,0.2247,7.176970,0.880646,0.359639,3.9259,-1.000000,0.080192,2072.0230,0,1,estimating,0.0000,0.700000,0,0,0.000000,0.000000,0.000000,0,nan,0.00,0.390940,0.7211,0.0042,0.206416,1.0873,0.51,5.27,6.29,5.25,-0.097038,-10.3367,-1.7808,0.008000,0.079091,0.1971,0.102192,0.004188,0.010496,-551.1855481337057,-1306.802050181761,267.5162932126914,364.90568355218295,0.003900,0.002508,6300.8,6319.8,0.167894,0.201700,1.000000,2.0342,1.0000,,,,,
3.7440,1778909410.923097,312,7.141086,0.764141,0.172946,2.1362,0.1667,0.134790,7.160068,0.820565,0.178342,2.1737,7.153362,0.769031,0.173791,2.0598,0.2145,0.133288,0.937546,0.2001,7.153362,0.871759,0.360448,3.9066,1.000000,0.027795,2046.8189,0,1,estimating,0.0000,0.700000,0,0,0.000000,0.000000,0.000000,0,nan,0.00,0.413668,0.7295,0.0040,0.218416,1.0876,0.51,5.26,6.28,5.22,-0.087435,-10.2426,-1.7329,0.008000,0.073529,0.1230,0.096557,-0.020298,-0.006330,171.69315096833674,685.1766010073089,319.71437751408655,437.80182774579106,-0.000536,0.007997,6294.7,6325.9,0.172321,0.194077,-1.000000,2.0539,1.0000,,,,,
3.7560,1778909410.935147,313,7.165922,0.796450,0.174426,2.1416,0.2138,0.142494,7.185000,0.830407,0.180039,2.2020,7.178294,0.801416,0.175290,2.0769,0.2178,0.138071,0.960112,0.2247,7.178294,0.881144,0.359594,3.9270,0.794753,-0.024055,2048.3201,0,1,estimating,0.0000,0.700000,0,0,0.000000,0.000000,0.000000,0,nan,0.00,0.431730,0.7376,0.0038,0.227953,1.0873,0.52,5.27,6.30,5.33,-0.077593,-10.1454,-1.7250,0.008000,0.055591,-0.2511,0.092476,-0.002204,0.012121,462.68246526162415,1059.2252846485742,412.5853056492358,457.3046979580244,0.012256,0.009174,6288.9,6331.7,0.176531,0.202459,1.000000,2.0709,1.0000,,,,,
3.7680,1778909410.949853,314,7.246566,0.836847,0.183209,2.2164,0.2122,0.139138,7.210261,0.840392,0.181732,2.2318,7.259029,0.841958,0.184081,2.1052,0.2194,0.140573,0.981537,0.2329,7.259029,0.911367,0.356793,3.9924,-0.651072,-0.066883,2066.6349,0,1,estimating,0.0000,0.700000,0,0,0.000000,0.000000,0.000000,0,nan,0.00,0.416933,0.7454,0.0036,0.220141,1.0865,0.50,5.22,6.22,4.95,-0.067608,-10.0484,-1.7606,0.008000,0.095782,0.6192,0.103253,0.003901,0.016893,-39.01304458383294,556.3911197173679,652.4823636602473,465.75398402962685,0.024417,0.009659,6283.4,6337.2,0.180531,0.189911,0.794753,2.0990,1.0000,,,,,
3.7800,1778909410.959099,315,7.223169,0.842186,0.190554,2.2051,0.1738,0.136599,7.235873,0.850429,0.183382,2.2637,7.235628,0.847310,0.191411,2.1258,0.2109,0.138392,1.002011,0.2161,7.235628,0.902634,0.357610,3.9736,-1.000000,-0.117541,2045.5175,0,1,estimating,0.0000,0.700000,0,0,0.000000,0.000000,0.000000,0,nan,0.00,0.394206,0.7530,0.0035,0.208141,1.0851,0.50,5.22,6.22,5.21,-0.057571,-9.9538,-1.7098,0.008000,0.060714,0.6160,0.095948,-0.006790,0.015574,-19.67654664080044,356.0860406834245,686.9362785310269,516.3579191996726,0.022189,0.013159,6278.1,6342.5,0.184345,0.204486,-0.651072,2.1196,1.0000,,,,,
3.7920,1778909410.971056,316,7.247077,0.849987,0.185194,2.3079,0.1908,0.144076,7.261763,0.860714,0.185106,2.2894,7.259765,0.855055,0.186051,2.1624,0.2065,0.137492,1.021357,0.2019,7.259765,0.911642,0.356767,3.9930,-0.678899,-0.168559,2035.3326,0,1,estimating,0.0000,0.700000,0,0,0.000000,0.000000,0.000000,0,nan,0.00,0.378776,0.7604,0.0033,0.199994,1.0831,0.49,5.21,6.20,5.15,-0.047286,-9.8551,-1.7036,0.008000,0.055394,0.0944,0.103219,-0.007894,0.021154,1533.5654907919745,667.3783482716622,579.7463784640571,558.8135911249492,0.013866,0.015404,6273.1,6347.4,0.187961,0.187638,-1.000000,2.1560,1.0000,,,,,
3.8040,1778909410.983108,317,7.254752,0.921655,0.181740,2.3171,0.1896,0.151221,7.287913,0.871304,0.186923,2.3163,7.267648,0.926712,0.182607,2.1937,0.2034,0.138428,1.039641,0.1958,7.267648,0.914578,0.356491,3.9993,-1.000000,-0.223222,2024.9705,0,1,estimating,0.0000,0.700000,0,0,0.000000,0.000000,0.000000,0,nan,0.00,0.356049,0.7674,0.0031,0.187994,1.0804,0.50,5.19,6.19,5.10,-0.036696,-9.7510,-1.6830,0.008000,0.177467,-0.3869,0.122787,-0.036969,-0.007706,582.1563385635087,47.67689381555084,469.1231456163766,611.2674733281524,0.007881,0.018333,6268.4,6352.2,0.191381,0.202140,-0.678899,2.1872,1.0000,,,,,
3.8160,1778909410.995001,318,7.380702,0.758627,0.198219,2.3192,0.1191,0.153115,7.314353,0.882075,0.188764,2.3433,7.393602,0.763808,0.199087,2.2193,0.1881,0.137986,1.056835,0.1818,7.393602,0.961162,0.351969,4.0987,1.000000,-0.246793,2051.9692,0,1,estimating,0.0000,0.700000,0,0,0.000000,0.000000,0.000000,0,nan,0.00,0.378776,0.7742,0.0030,0.199994,1.0774,0.49,5.21,6.19,5.31,-0.025925,-9.6455,-1.7554,0.008000,0.132398,0.3029,0.131423,-0.031267,0.020108,468.50197540739964,220.19253697968352,407.62286508973216,758.1986406428958,0.003315,0.027079,6264.0,6356.6,0.194604,0.215113,-1.000000,2.2127,1.0000,,,,,
3.8280,1778909411.007128,319,7.334210,0.961582,0.191540,2.4399,0.3060,0.148601,7.341094,0.893004,0.190606,2.3706,7.347454,0.966929,0.192431,2.2632,0.2116,0.143146,1.052910,0.2062,7.347454,0.944170,0.353648,4.0626,-1.000000,-0.283470,2015.8116,0,1,estimating,0.0000,0.700000,0,0,0.000000,0.000000,0.000000,0,nan,0.00,0.356049,0.7807,0.0028,0.187994,1.0740,0.50,5.22,6.21,5.27,-0.014996,-9.5399,-1.6920,0.008000,0.160883,0.3478,0.144216,-0.020468,-0.000672,-44.7590752820943,-26.062683912586692,363.85627314139543,595.3796274023449,0.008122,0.016955,6264.9,6355.6,0.193910,0.190641,1.000000,2.2567,1.0000,,,,,
3.8400,1778909411.019106,320,7.380401,0.885310,0.187876,2.3843,0.2153,0.147718,7.368178,0.903935,0.192384,2.4006,7.393831,0.890634,0.188763,2.2880,0.2098,0.140523,1.069176,0.1818,7.393831,0.961246,0.351961,4.0989,0.080064,-0.311826,2012.0407,0,1,estimating,0.0000,0.700000,0,0,0.000000,0.000000,0.000000,0,nan,0.00,0.357869,0.7870,0.0027,0.188955,1.0703,0.50,5.21,6.20,5.18,-0.004065,-9.4381,-1.6983,0.008000,0.048852,-0.4908,0.150116,0.002049,0.017451,9.049309504952646,402.8758062689315,295.13005589069394,588.7471796284013,-0.002854,0.016673,6260.8,6359.8,0.196944,0.217065,-1.000000,2.2814,1.0000,,,,,
3.8520,1778909411.031120,321,7.447360,0.901730,0.192844,2.4493,0.2138,0.154259,7.395559,0.915062,0.194231,2.4287,7.460970,0.907194,0.193745,2.3206,0.2117,0.143214,1.084775,0.1895,7.460970,0.985809,0.349471,4.1509,0.394342,-0.341223,2015.1986,0,1,estimating,0.0000,0.700000,0,0,0.000000,0.000000,0.000000,0,nan,0.00,0.366831,0.7929,0.0026,0.193687,1.0662,0.50,5.20,6.20,5.12,-0.084938,-8.8102,-1.7222,0.008000,0.112869,0.3279,0.160345,0.000766,0.009477,432.622631526153,-56.63655404202933,301.66534771803316,606.5019144914927,-0.000789,0.017426,6256.8,6363.8,0.199845,0.200866,0.080064,2.3139,1.0000,,,,,
3.8640,1778909411.048286,322,7.433769,0.848071,0.189704,2.4465,0.1721,0.157371,7.423253,0.926381,0.196115,2.4588,7.447476,0.853477,0.190615,2.3464,0.2066,0.146173,1.099667,0.1961,7.447476,0.980887,0.349976,4.1405,1.000000,-0.375402,1991.5284,0,1,estimating,0.0000,0.700000,0,0,0.000000,0.000000,0.000000,0,nan,0.00,0.389558,0.7985,0.0024,0.205687,1.0617,0.49,5.22,6.20,5.34,-0.073619,-8.7022,-1.6817,0.008000,0.067034,0.0348,0.166637,-0.012554,0.004967,243.36358708807882,304.732240216756,459.3117709263201,688.8729970838781,0.007698,0.021906,6252.9,6367.6,0.202615,0.210594,0.394342,2.3396,1.0000,,,,,
3.8760,1778909411.055038,323,7.406537,0.924347,0.202093,2.4628,0.2139,0.155579,7.451286,0.937775,0.197962,2.4882,7.420341,0.930009,0.203022,2.3703,0.2112,0.150188,1.113760,0.2119,7.420341,0.970967,0.350984,4.1195,-1.000000,-0.420647,1969.4178,0,1,estimating,0.0000,0.700000,0,0,0.000000,0.000000,0.000000,0,nan,0.00,0.366831,0.8037,0.0023,0.193687,1.0567,0.49,5.22,6.20,5.25,-0.062225,-8.5964,-1.6314,0.008000,0.051351,0.2266,0.160049,-0.009132,0.007663,34.802489324644824,472.21101917475767,579.2336998909583,685.445165871256,0.019829,0.021744,6249.3,6371.2,0.205247,0.211380,1.000000,2.3634,1.0000,,,,,
3.8880,1778909411.067100,324,7.523635,0.928685,0.196977,2.4553,0.2854,0.154993,7.479660,0.949200,0.199769,2.5167,7.537592,0.934384,0.197905,2.3882,0.2213,0.147749,1.126918,0.1875,7.537592,1.013606,0.346558,4.2094,-0.437813,-0.444684,1996.9438,0,1,estimating,0.0000,0.700000,0,0,0.000000,0.000000,0.000000,0,nan,0.00,0.356881,0.8084,0.0022,0.188433,1.0513,0.49,5.20,6.19,5.09,-0.050800,-8.4929,-1.6927,0.008000,0.087505,-0.4740,0.155196,0.017867,0.016986,114.09486487549731,187.84426187891862,373.47638643263133,570.6357136988527,0.002292,0.015741,6245.9,6374.7,0.207719,0.223002,-1.000000,2.3812,1.0000,,,,,
3.9000,1778909411.079124,325,7.470850,1.008303,0.194029,2.5435,0.2532,0.163321,7.508286,0.960937,0.201711,2.5417,7.484987,1.014044,0.194968,2.4197,0.2265,0.149388,1.138972,0.1857,7.484987,0.994549,0.348567,4.1694,-1.000000,-0.487108,1962.8011,0,1,estimating,0.0000,0.700000,0,0,0.000000,0.000000,0.000000,0,nan,0.00,0.334153,0.8128,0.0021,0.176433,1.0455,0.50,5.21,6.20,5.21,-0.039063,-8.3816,-1.6277,0.008000,0.071825,-0.3306,0.148113,0.027785,0.020604,1047.099028778589,455.7128483494367,213.99475359267555,550.9613333775376,-0.004547,0.014609,6242.8,6377.7,0.209963,0.197497,-0.437813,2.4126,1.0000,,,,,
3.9120,1778909411.091005,326,7.515141,1.045948,0.203080,2.5928,0.2445,0.166404,7.537201,0.972911,0.203692,2.5714,7.529386,1.051866,0.204022,2.4546,0.2273,0.149182,1.150783,0.1703,7.529386,1.010641,0.346874,4.2032,-1.000000,-0.524329,1954.5151,0,1,estimating,0.0000,0.700000,0,0,0.000000,0.000000,0.000000,0,nan,0.00,0.311426,0.8169,0.0020,0.164433,1.0392,0.49,5.21,6.18,5.22,-0.027089,-8.2681,-1.6318,0.008000,0.054648,0.3799,0.149885,0.044596,0.036042,657.3624129639693,1024.1125251693684,19.22873795639817,551.4216309871923,-0.016768,0.014767,6239.8,6380.8,0.212181,0.195143,-1.000000,2.4475,1.0000,,,,,
3.9240,1778909411.103065,327,7.521563,1.024049,0.208665,2.5739,0.2943,0.164606,7.566395,0.985038,0.205679,2.5979,7.535910,1.030147,0.209611,2.4791,0.2361,0.148596,1.154907,0.1583,7.535910,1.012999,0.346623,4.2081,-1.000000,-0.550487,1937.6953,0,1,estimating,0.0000,0.700000,0,0,0.000000,0.000000,0.000000,0,nan,0.00,0.288699,0.8206,0.0019,0.152433,1.0326,0.49,5.22,6.19,5.27,-0.014962,-8.1542,-1.6102,0.008000,0.194276,-0.2418,0.147024,0.040102,0.008594,438.5123492739491,688.2932233874174,-237.80102991466924,466.9540619841865,-0.032757,0.010776,6238.7,6381.9,0.212982,0.211301,-1.000000,2.4720,1.0000,,,,,
3.9360,1778909411.115058,328,7.516479,0.997202,0.203321,2.6070,0.2027,0.162541,7.595902,0.997275,0.207646,2.6270,7.531042,1.003211,0.204266,2.5053,0.2276,0.147329,1.165679,0.1462,7.531042,1.011240,0.346811,4.2045,-1.000000,-0.579368,1915.6730,0,1,estimating,0.0000,0.700000,0,0,0.000000,0.000000,0.000000,0,nan,0.00,0.265971,0.8239,0.0018,0.140433,1.0256,0.49,5.23,6.20,5.30,-0.002725,-8.0415,-1.5774,0.008000,0.071752,-0.1962,0.129586,0.043833,0.035082,124.5489776534476,890.8870770915063,-356.5927470352792,535.2757225417315,-0.040340,0.014417,6235.9,6384.7,0.214993,0.204362,-1.000000,2.4981,1.0000,,,,,
3.9480,1778909411.127094,329,7.660529,1.044211,0.212260,2.6079,0.2702,0.164368,7.625710,1.009637,0.209614,2.6542,7.675213,1.050431,0.213209,2.5267,0.2315,0.146181,1.175828,0.1342,7.675213,1.062885,0.341080,4.3123,-1.000000,-0.593563,1946.0045,0,1,estimating,0.0000,0.700000,0,0,0.000000,0.000000,0.000000,0,nan,0.00,0.243244,0.8269,0.0017,0.128433,1.0185,0.49,5.24,6.22,5.32,-0.079663,-7.3541,-1.6581,0.008000,0.084624,0.5412,0.124413,0.044076,0.028020,134.14854458449628,773.7584664457149,-560.2726426860145,488.4763405260832,-0.054036,0.012355,6233.3,6387.3,0.216895,0.213116,-1.000000,2.5194,1.0000,,,,,
3.9600,1778909411.146854,330,7.740804,1.046315,0.223231,2.6006,0.1864,0.165203,7.655793,1.022133,0.211592,2.6797,7.755533,1.052651,0.224178,2.5425,0.2203,0.144809,1.185672,0.1222,7.755533,1.091244,0.337731,4.3712,-1.000000,-0.602901,1957.8626,0,1,estimating,0.0000,0.700000,0,0,0.000000,0.000000,0.000000,0,nan,0.00,0.220517,0.8295,0.0016,0.116433,1.0113,0.49,5.24,6.21,5.23,-0.067167,-7.2407,-1.6916,0.008000,0.079421,0.8689,0.105977,0.027903,0.022956,-76.59065228418976,591.8723972333131,-671.0689651678027,585.9018667267529,-0.061426,0.017226,6230.8,6389.8,0.218722,0.225628,-1.000000,2.5351,1.0000,,,,,
3.9720,1778909411.152619,331,7.686157,1.056657,0.219781,2.7707,0.2452,0.162160,7.686186,1.034706,0.213535,2.7077,7.702320,1.063478,0.220792,2.5887,0.2200,0.142182,1.194922,0.1098,7.702320,1.072489,0.339963,4.3323,-1.000000,-0.632623,1907.8092,0,1,estimating,0.0000,0.700000,0,0,0.000000,0.000000,0.000000,0,nan,0.00,0.197790,0.8319,0.0016,0.104433,1.0037,0.72,5.27,6.71,5.45,-0.054594,-7.1294,-1.6246,0.008000,0.116888,0.8336,0.124375,0.019303,0.006638,-146.11934584788673,776.8806901231641,-835.398088541857,555.0390718575064,-0.071331,0.016042,6228.3,6392.2,0.220485,0.185534,-1.000000,2.5807,1.0000,,,,,
3.9840,1778909411.163066,332,7.741519,0.958864,0.208812,2.7926,0.2314,0.158745,7.716869,1.047349,0.215469,2.7322,7.757901,0.965491,0.209806,2.6297,0.2179,0.140125,1.203136,0.0978,7.757901,1.092075,0.337631,4.3729,1.000000,-0.653429,1888.0050,0,1,estimating,0.0000,0.700000,0,0,0.000000,0.000000,0.000000,0,nan,0.00,0.220517,0.8339,0.0015,0.116433,0.9958,0.68,5.27,6.62,5.24,-0.041951,-7.0186,-1.6408,0.008000,0.116599,-0.5288,0.140035,0.031885,0.022873,161.59744664826826,896.9765513425832,-980.8276212894607,538.0889140763359,-0.080025,0.015683,6226.2,6394.4,0.222026,0.183719,-1.000000,2.6217,1.0000,,,,,
3.9960,1778909411.175036,333,7.749359,0.988584,0.217545,2.7179,0.1254,0.167736,7.747823,1.060134,0.217415,2.7590,7.765635,0.995223,0.218548,2.6483,0.2038,0.145300,1.211624,0.1230,7.765635,1.094789,0.337301,4.3786,1.000000,-0.677633,1876.4926,0,1,estimating,0.0000,0.700000,0,0,0.000000,0.000000,0.000000,0,nan,0.00,0.243244,0.8356,0.0014,0.128433,0.9877,0.64,5.28,6.56,5.33,-0.029166,-6.9071,-1.6196,0.008000,0.039695,0.2788,0.139454,0.006856,0.024820,-474.17834851821794,413.95035668080834,-824.2821073709611,724.2500299612066,-0.059898,0.024379,6224.0,6396.5,0.223604,0.210986,1.000000,2.6403,1.0000,,,,,
4.0080,1778909411.187056,334,7.709395,1.052223,0.219829,2.7445,0.2403,0.137201,7.779152,1.072698,0.219157,2.7841,7.725667,1.058893,0.220808,2.6683,0.2110,0.144569,1.197489,0.1349,7.725667,1.080734,0.338990,4.3494,-0.059343,-0.687300,1852.6121,0,1,estimating,0.0000,0.700000,0,0,0.000000,0.000000,0.000000,0,nan,0.00,0.241896,0.8371,0.0014,0.127721,0.9795,0.62,5.28,6.51,5.31,-0.016602,-6.8073,-1.5653,0.008000,0.054269,0.5685,0.126924,0.026645,0.038526,-1054.8151686792892,685.4689274696634,-628.3979460450921,599.8828770984816,-0.045771,0.019089,6227.6,6393.0,0.221028,0.213954,1.000000,2.6605,1.0000,,,,,
4.0200,1778909411.199069,335,7.871523,1.006449,0.220259,2.7245,0.2544,0.138203,7.810802,1.085145,0.220808,2.8110,7.887771,1.013111,0.221210,2.6807,0.2165,0.141241,1.205760,0.1273,7.887771,1.137256,0.331875,4.4662,1.000000,-0.682121,1884.1461,0,1,estimating,0.0000,0.700000,0,0,0.000000,0.000000,0.000000,0,nan,0.00,0.264623,0.8382,0.0013,0.139721,0.9713,0.59,5.28,6.47,5.31,-0.004155,-6.7127,-1.6552,0.008000,0.179295,0.0755,0.103196,0.042961,0.044593,-852.2543367839553,463.6392080934992,-575.772449073504,483.96591192076215,-0.046138,0.014004,6225.5,6395.1,0.222555,0.215581,-0.059343,2.6729,1.0000,,,,,
4.0320,1778909411.211085,336,7.780136,1.082461,0.230205,2.8061,0.2115,0.137839,7.842781,1.097662,0.222462,2.8393,7.796405,1.089274,0.231146,2.7065,0.2174,0.142458,1.213988,0.1462,7.796405,1.105557,0.335973,4.4008,-1.000000,-0.706015,1843.2226,0,1,estimating,0.0000,0.700000,0,0,0.000000,0.000000,0.000000,0,nan,0.00,0.241896,0.8391,0.0012,0.127721,0.9628,0.58,5.26,6.41,5.14,0.008362,-6.6179,-1.5615,0.008000,0.046886,0.3286,0.104076,0.036031,0.040631,-630.8065866912686,508.9715492598283,-416.6416086004016,453.6512389635252,-0.029840,0.012910,6223.4,6397.2,0.224058,0.195758,1.000000,2.6987,1.0000,,,,,
4.0440,1778909411.223044,337,7.791225,1.140191,0.232546,2.8592,0.1167,0.136132,7.875049,1.110253,0.224117,2.8642,7.807565,1.146860,0.233453,2.7375,0.1966,0.136962,1.221577,0.1213,7.807565,1.109452,0.335485,4.4088,-1.000000,-0.733293,1825.0821,0,1,estimating,0.0000,0.700000,0,0,0.000000,0.000000,0.000000,0,nan,0.00,0.219168,0.8397,0.0012,0.115721,0.9540,0.56,5.25,6.37,5.21,-0.065347,-5.8670,-1.5446,0.008000,0.047765,0.7762,0.107845,0.017385,0.034437,-599.3425684644128,289.3127510552847,-281.59777948584497,571.130177821287,-0.031076,0.018515,6221.5,6399.1,0.225475,0.191798,-1.000000,2.7297,1.0000,,,,,
4.0560,1778909411.235106,338,7.914830,1.083595,0.230632,2.9285,0.2401,0.144495,7.907548,1.123094,0.225868,2.8836,7.931359,1.090288,0.231526,2.7760,0.2012,0.134654,1.222757,0.1094,7.931359,1.152228,0.329837,4.4971,-0.615693,-0.739864,1821.1905,0,1,estimating,0.0000,0.700000,0,0,0.000000,0.000000,0.000000,0,nan,0.00,0.205175,0.8401,0.0011,0.108333,0.9451,0.55,5.27,6.37,5.36,-0.052506,-5.7667,-1.6135,0.008000,0.065670,0.1607,0.123943,0.029858,0.042079,725.8894460633562,786.8745053755134,-475.5277059174051,491.55029888393847,-0.043167,0.015200,6221.1,6399.4,0.225721,0.179047,-1.000000,2.7682,1.0000,,,,,
4.0680,1778909411.248617,339,7.949267,1.229774,0.229321,2.9328,0.2023,0.147062,7.940245,1.136168,0.227677,2.9106,7.966056,1.236495,0.230215,2.8079,0.1991,0.133763,1.229795,0.1044,7.966056,1.164074,0.328176,4.5215,-1.000000,-0.759076,1811.6663,0,1,estimating,0.0000,0.700000,0,0,0.000000,0.000000,0.000000,0,nan,0.00,0.182448,0.8402,0.0011,0.096333,0.9360,0.55,5.24,6.35,5.08,-0.039432,-5.6631,-1.6109,0.008000,0.088454,-0.5350,0.139031,0.036474,0.043853,-71.74670640491291,678.1271629129869,-588.1265185310482,490.05744211693326,-0.048303,0.015510,6219.3,6401.2,0.227025,0.191437,-0.615693,2.8001,1.0000,,,,,
4.0800,1778909411.259082,340,7.929388,1.184063,0.226559,2.9398,0.2716,0.137624,7.973268,1.149147,0.229351,2.9361,7.946229,1.190765,0.227429,2.8348,0.2077,0.130203,1.213748,0.0900,7.946229,1.157312,0.329129,4.5076,-1.000000,-0.757703,1781.1821,0,1,estimating,0.0000,0.700000,0,0,0.000000,0.000000,0.000000,0,nan,0.00,0.159721,0.8401,0.0010,0.084333,0.9269,0.54,5.26,6.34,5.34,-0.026453,-5.5672,-1.5715,0.008000,0.025752,-0.4842,0.118924,0.054171,0.047965,-558.3299249621518,499.0497602623935,-782.8092539977645,358.05162457865663,-0.062075,0.009898,6223.4,6397.2,0.224090,0.188548,-1.000000,2.8271,1.0000,,,,,
4.0920,1778909411.271091,341,7.997744,1.084062,0.224980,2.9955,0.1581,0.136429,8.006605,1.162142,0.230995,2.9616,8.014826,1.090686,0.225834,2.8674,0.1953,0.126788,1.220847,0.0780,8.014826,1.180615,0.325789,4.5556,1.000000,-0.758898,1765.7799,0,1,estimating,0.0000,0.700000,0,0,0.000000,0.000000,0.000000,0,nan,0.00,0.182448,0.8398,0.0010,0.096333,0.9178,0.54,5.28,6.35,5.39,-0.013458,-5.4729,-1.5940,0.008000,0.022369,0.0666,0.109680,0.023461,0.022451,-684.5850852876204,599.1002511600173,-878.8862404552347,418.87725071626215,-0.067263,0.012972,6221.6,6399.0,0.225395,0.174696,-1.000000,2.8597,1.0000,,,,,
4.1040,1778909411.283070,342,8.019137,1.246651,0.232845,2.9580,0.1845,0.139094,8.040216,1.175181,0.232630,2.9848,8.036300,1.253436,0.233706,2.8865,0.1948,0.129997,1.227747,0.1027,8.036300,1.187857,0.324740,4.5704,-1.000000,-0.774910,1762.8490,0,1,estimating,0.0000,0.700000,0,0,0.000000,0.000000,0.000000,0,nan,0.00,0.159721,0.8392,0.0009,0.084333,0.9085,0.53,5.26,6.32,5.19,-0.000419,-5.3793,-1.5856,0.008000,0.151638,-0.0134,0.109260,0.024714,0.021050,-763.6621201589874,695.7952207744372,-810.8726157839073,435.29525223786646,-0.052255,0.013967,6219.8,6400.7,0.226666,0.190901,1.000000,2.8787,1.0000,,,,,
4.1160,1778909411.295028,343,8.084901,1.138591,0.228887,2.9662,0.2265,0.128156,8.074137,1.188178,0.234178,3.0098,8.102080,1.145262,0.229717,2.9034,0.1955,0.124434,1.234242,0.0780,8.102080,1.209886,0.321580,4.6157,0.445299,-0.780497,1757.5452,0,1,estimating,0.0000,0.700000,0,0,0.000000,0.000000,0.000000,0,nan,0.00,0.169841,0.8384,0.0009,0.089676,0.8991,0.51,5.26,6.29,5.24,0.012578,-5.2906,-1.6059,0.008000,0.110721,-0.3655,0.107587,0.041145,0.035495,-753.6463385842751,666.5464145777381,-831.2052192941417,350.64832940960673,-0.063382,0.010698,6218.2,6402.4,0.227872,0.194031,-1.000000,2.8957,1.0000,,,,,
4.1280,1778909411.307070,344,8.146349,1.126277,0.238102,3.0168,0.1556,0.121720,8.108336,1.201188,0.235683,3.0333,8.163586,1.133052,0.238917,2.9269,0.1887,0.123930,1.240561,0.0925,8.163586,1.230277,0.318698,4.6576,1.000000,-0.787096,1750.2841,0,1,estimating,0.0000,0.700000,0,0,0.000000,0.000000,0.000000,0,nan,0.00,0.192568,0.8375,0.0008,0.101676,0.8897,0.51,5.25,6.27,5.19,0.025588,-5.2044,-1.6244,0.008000,0.013324,0.1586,0.117814,0.011733,0.011939,-783.1804415580066,553.3246943266109,-800.7400739141556,372.940668057235,-0.051583,0.012035,6216.6,6404.0,0.229039,0.183518,0.445299,2.9191,1.0000,,,,,
4.1400,1778909411.318986,345,8.160693,1.211076,0.228154,3.0245,0.2212,0.115177,8.142843,1.214155,0.237106,3.0588,8.177996,1.217674,0.228951,2.9473,0.1953,0.123773,1.246672,0.1079,8.177996,1.235027,0.318033,4.6674,-0.584356,-0.801187,1739.4650,0,1,estimating,0.0000,0.700000,0,0,0.000000,0.000000,0.000000,0,nan,0.00,0.179288,0.8363,0.0008,0.094664,0.8801,0.49,5.25,6.23,5.24,-0.044445,-4.4499,-1.6086,0.008000,0.112260,-0.9876,0.111586,0.033816,0.028478,-847.5896625636585,553.7842801023176,-628.764178605104,271.53919074389137,-0.037942,0.008035,6215.0,6405.6,0.230164,0.182611,1.000000,2.9395,1.0000,,,,,
4.1520,1778909411.331090,346,8.250723,1.216450,0.240333,3.1152,0.2108,0.118604,8.177621,1.227132,0.238510,3.0810,8.268125,1.223270,0.241108,2.9813,0.1949,0.119671,1.252401,0.0910,8.268125,1.264493,0.313949,4.7280,-1.000000,-0.812856,1729.3555,0,1,estimating,0.0000,0.700000,0,0,0.000000,0.000000,0.000000,0,nan,0.00,0.156560,0.8350,0.0008,0.082664,0.8703,0.49,5.24,6.21,5.20,-0.031468,-4.3694,-1.6471,0.008000,0.189543,-0.3905,0.113797,0.058731,0.040516,-446.2951704322479,490.8095551024759,-573.1263612550665,210.17247335436005,-0.042527,0.005875,6213.5,6407.0,0.231232,0.161434,-0.584356,2.9735,1.0000,,,,,
4.1640,1778909411.346206,347,8.240980,1.198737,0.240188,3.1593,0.2005,0.123155,8.212635,1.240316,0.239997,3.1037,8.258623,1.205582,0.240949,3.0173,0.1921,0.116375,1.257349,0.0764,8.258623,1.261406,0.314381,4.7217,-0.418891,-0.829242,1695.4887,0,1,dirt,0.7256,0.809756,1,0,0.000000,0.000000,0.000000,0,nan,0.00,0.147040,0.8334,0.0007,0.077637,0.8604,0.49,5.23,6.22,5.19,-0.018284,-4.2842,-1.6180,0.008000,0.049300,-0.2752,0.111190,0.045072,0.025671,60.545167928909734,513.8689486119805,-698.3182242582325,184.62278965725696,-0.052037,0.005320,6212.3,6408.3,0.232156,0.156013,-1.000000,3.0095,1.0000,,,,,
4.1760,1778909411.355155,348,8.271058,1.192486,0.241975,3.1183,0.2189,0.125166,8.247893,1.253650,0.241511,3.1274,8.288786,1.199390,0.242730,3.0384,0.1943,0.115486,1.257785,0.0750,8.288786,1.271191,0.312994,4.7417,0.442613,-0.838797,1683.9920,0,1,dirt,0.7256,0.809756,0,0,0.000000,0.000000,0.000000,0,nan,0.00,0.157099,0.8317,0.0007,0.082948,0.8503,0.49,5.22,6.21,5.17,-0.004950,-4.1975,-1.6143,0.008000,0.153660,-0.0926,0.099626,0.073091,0.053056,-311.947355497632,498.7527058446278,-965.271615140922,176.80472318367165,-0.056791,0.003945,6212.1,6408.4,0.232253,0.172021,-0.418891,3.0305,1.0000,,,,,
4.1880,1778909411.367088,349,8.266344,1.225307,0.234940,3.1430,0.1786,0.117672,8.283415,1.267049,0.242991,3.1503,8.284229,1.232071,0.235688,3.0601,0.1912,0.115729,1.260456,0.0857,8.284229,1.269715,0.313207,4.7387,-0.008548,-0.851571,1665.7163,0,1,dirt,0.7256,0.809756,0,0,0.000000,0.000000,0.000000,0,nan,0.00,0.156905,0.8298,0.0006,0.082846,0.8401,0.49,5.22,6.20,5.19,0.008449,-4.1127,-1.5885,0.008000,0.087787,-0.3157,0.096106,0.058106,0.042685,-523.2027946713325,779.4904715456252,-875.092792654528,184.48910042549034,-0.047805,0.004584,6211.4,6409.1,0.232754,0.171872,0.442613,3.0523,1.0000,,,,,
4.2000,1778909411.379108,350,8.299962,1.240336,0.246088,3.1959,0.1658,0.113187,8.319241,1.280346,0.244359,3.1736,8.317955,1.247282,0.246822,3.0880,0.1852,0.113701,1.265264,0.0828,8.317955,1.280608,0.311606,4.7611,-1.000000,-0.866402,1649.2434,0,1,dirt,0.7256,0.809756,0,0,0.000000,0.000000,0.000000,0,nan,0.00,0.134178,0.8277,0.0006,0.070846,0.8297,0.50,5.22,6.21,5.23,0.021746,-4.0343,-1.5875,0.008000,0.049127,0.4340,0.090550,0.044060,0.025877,-747.3454504618331,455.17976199702156,-873.6323975964604,193.01879045366627,-0.043325,0.005398,6210.2,6410.4,0.233653,0.162143,-0.008548,3.0801,1.0000,,,,,
4.2120,1778909411.391083,351,8.420244,1.312152,0.242875,3.1639,0.2320,0.119088,8.355324,1.293758,0.245766,3.1969,8.438363,1.319082,0.243597,3.1042,0.1890,0.110217,1.265300,0.0646,8.438363,1.318987,0.305375,4.8401,-1.000000,-0.868345,1659.8548,0,1,dirt,0.7256,0.809756,0,0,0.000000,0.000000,0.000000,0,nan,0.00,0.111451,0.8255,0.0006,0.058846,0.8193,0.50,5.20,6.19,5.08,0.035158,-3.9537,-1.6431,0.008000,0.121968,-0.2195,0.087013,0.082074,0.059901,-500.03847970466495,-89.66090765840829,-915.5883421885749,115.12145516670756,-0.056581,0.002548,6210.2,6410.4,0.233677,0.179643,-1.000000,3.0963,1.0000,,,,,
4.2240,1778909411.403083,352,8.382599,1.316020,0.252288,3.2266,0.1405,0.124513,8.391596,1.307420,0.247275,3.2173,8.400752,1.323052,0.253002,3.1294,0.1766,0.108336,1.263828,0.0527,8.400752,1.307089,0.307408,4.8155,-1.000000,-0.876426,1631.9340,0,1,dirt,0.7256,0.809756,0,0,0.000000,0.000000,0.000000,0,nan,0.00,0.088723,0.8231,0.0006,0.046846,0.8088,0.49,5.20,6.19,5.23,-0.030880,-3.1280,-1.5983,0.008000,0.066902,0.5803,0.094673,0.044833,0.029789,-156.8000528838903,574.9559638196292,-1065.1061421424374,206.4091283562188,-0.064028,0.006523,6210.5,6410.0,0.233404,0.160936,-1.000000,3.1215,1.0000,,,,,
4.2360,1778909411.415119,353,8.466078,1.271212,0.246956,3.2104,0.1672,0.121576,8.428138,1.321079,0.248718,3.2384,8.484414,1.278139,0.247662,3.1466,0.1706,0.105851,1.268283,0.0406,8.484414,1.333439,0.302779,4.8699,0.081508,-0.878770,1629.6985,0,1,dirt,0.7256,0.809756,0,0,0.000000,0.000000,0.000000,0,nan,0.00,0.090576,0.8206,0.0005,0.047824,0.7982,0.50,5.20,6.20,5.22,-0.017221,-3.0454,-1.6315,0.008000,0.041606,-0.2494,0.087776,0.038869,0.025924,-571.9028161299293,555.2630971816325,-1260.953700766819,229.52315997673722,-0.073868,0.007731,6209.4,6411.2,0.234234,0.171644,-1.000000,3.1387,1.0000,,,,,
4.2480,1778909411.427143,354,8.563893,1.352016,0.251177,3.2454,0.1962,0.112358,8.464952,1.334726,0.250116,3.2662,8.582383,1.359077,0.251877,3.1673,0.1734,0.105280,1.272631,0.0483,8.582383,1.363737,0.297113,4.9326,-1.000000,-0.881470,1631.4201,0,1,dirt,0.7256,0.809756,0,0,0.000000,0.000000,0.000000,0,nan,0.00,0.067849,0.8179,0.0005,0.035824,0.7876,0.51,5.22,6.23,5.29,-0.003574,-2.9653,-1.6665,0.008000,0.111796,0.5643,0.087425,0.041314,0.027488,-940.1855401285915,598.2109538188724,-1397.5842485855849,174.7035696474728,-0.071772,0.005939,6208.3,6412.3,0.235040,0.160459,0.081508,3.1594,1.0000,,,,,
4.2600,1778909411.444580,355,8.433948,1.330639,0.252315,3.1903,0.2007,0.109507,8.502052,1.348291,0.251420,3.2827,8.452513,1.337719,0.252996,3.1733,0.1729,0.100532,1.274308,0.0296,8.452513,1.323442,0.304590,4.8493,-1.000000,-0.896207,1604.2337,0,1,dirt,0.7256,0.809756,0,0,0.000000,0.000000,0.000000,0,nan,0.00,0.045121,0.8150,0.0005,0.023824,0.7769,0.51,5.22,6.23,5.20,0.009991,-2.8906,-1.5665,0.008000,0.114484,-0.0435,0.058805,0.050461,0.032825,-1035.2905819174275,319.37441219116107,-1454.8786706337169,121.5847283177105,-0.083277,0.003951,6207.9,6412.7,0.235354,0.181432,-1.000000,3.1654,1.0000,,,,,
4.2720,1778909411.451057,356,8.443952,1.281590,0.244579,3.3441,0.1042,0.109296,8.539403,1.361925,0.252738,3.3042,8.462666,1.288399,0.245238,3.2078,0.1563,0.097043,1.263112,0.0176,8.462666,1.326630,0.304020,4.8558,0.997967,-0.896927,1572.4723,0,1,dirt,0.7256,0.809756,0,0,0.000000,0.000000,0.000000,0,nan,0.00,0.067802,0.8121,0.0005,0.035800,0.7661,0.48,5.20,6.17,5.12,0.023625,-2.8150,-1.5516,0.008000,0.103831,-0.4588,0.056923,0.037066,0.033164,-1035.8613187386088,571.5803249683318,-1560.8642925127688,222.71943703799346,-0.088006,0.008144,6210.7,6409.9,0.233304,0.144386,-1.000000,3.2000,1.0000,,,,,
4.2840,1778909411.463056,357,8.552939,1.298150,0.253380,3.3169,0.1194,0.106227,8.577002,1.375550,0.254020,3.3260,8.571671,1.305082,0.254037,3.2304,0.1505,0.099212,1.264870,0.0419,8.571671,1.360454,0.297725,4.9258,1.000000,-0.893446,1571.0005,0,1,dirt,0.5382,0.884703,1,0,0.000000,0.000000,0.000000,0,nan,0.00,0.090530,0.8090,0.0004,0.047800,0.7554,0.48,5.21,6.17,5.28,0.037250,-2.7416,-1.5998,0.008000,0.024198,-0.0514,0.058444,0.025676,0.034085,-834.6516050748368,-625.5996496603541,-1346.9554731239523,269.8247034346597,-0.071051,0.010256,6210.2,6410.3,0.233624,0.153365,0.997967,3.2226,1.0000,,,,,
4.2960,1778909411.475024,358,8.532879,1.435999,0.258834,3.3612,0.2247,0.101839,8.614900,1.389001,0.255147,3.3459,8.551707,1.443139,0.259485,3.2572,0.1634,0.099837,1.257902,0.0540,8.551707,1.354316,0.298871,4.9131,-1.000000,-0.895105,1552.2169,0,1,dirt,0.5382,0.884703,0,0,0.000000,0.000000,0.000000,0,nan,0.00,0.067802,0.8058,0.0004,0.035800,0.7447,0.47,5.23,6.17,5.31,0.050701,-2.6770,-1.5672,0.008000,0.104167,0.6631,0.063240,0.037277,0.028786,-1276.4869107837721,349.3412438153142,-1250.188343283125,145.42978805206786,-0.060604,0.005188,6212.0,6408.6,0.232338,0.146163,1.000000,3.2494,1.0000,,,,,
4.3080,1778909411.487155,359,8.644676,1.468219,0.255733,3.3704,0.1200,0.091491,8.653086,1.402345,0.256191,3.3693,8.663827,1.475267,0.256355,3.2807,0.1508,0.093031,1.262285,0.0296,8.663827,1.388469,0.292535,4.9841,-1.000000,-0.897862,1548.2841,0,1,dirt,0.5382,0.884703,0,0,0.000000,0.000000,0.000000,0,nan,0.00,0.045075,0.8024,0.0004,0.023800,0.7339,0.49,5.23,6.20,5.25,-0.011855,-1.8128,-1.6149,0.008000,0.115794,-0.1409,0.058356,0.036028,0.032342,-1176.5506301950704,577.7289465233149,-1280.0894778423365,165.39229577252877,-0.066696,0.006301,6210.9,6409.7,0.233153,0.150425,-1.000000,3.2728,1.0000,,,,,
4.3200,1778909411.499043,360,8.684235,1.400811,0.252127,3.3267,0.1241,0.097866,8.691468,1.415849,0.257339,3.3854,8.703480,1.407721,0.252731,3.2911,0.1418,0.089103,1.257347,0.0176,8.703480,1.400364,0.290351,5.0090,-1.000000,-0.891140,1540.7519,0,1,dirt,0.5382,0.884703,0,0,0.000000,0.000000,0.000000,0,nan,0.00,0.022348,0.7990,0.0004,0.011800,0.7232,0.48,5.24,6.20,5.30,0.001649,-1.7470,-1.6236,0.008000,0.054451,-0.1427,0.052548,0.037950,0.044192,-752.2101172619944,753.0146683116185,-1448.6151061132991,199.30572067715872,-0.075071,0.007607,6212.1,6408.4,0.232247,0.165660,-1.000000,3.2833,1.0000,,,,,
4.3320,1778909411.511103,361,8.694571,1.537563,0.260223,3.3822,0.1324,0.096907,8.730036,1.429451,0.258510,3.4024,8.713950,1.544622,0.260811,3.3102,0.1355,0.085329,1.251984,0.0056,8.713950,1.403489,0.289779,5.0156,-1.000000,-0.887180,1532.5781,0,1,dirt,0.5382,0.884703,0,0,0.000000,0.000000,0.000000,0,nan,0.00,-0.000380,0.7954,0.0004,-0.000200,0.7125,0.49,5.23,6.21,5.19,0.015251,-1.6799,-1.6132,0.008000,0.102398,-0.2070,0.046653,0.048057,0.052306,-687.4641423966715,220.5667917621649,-1635.473532778296,207.37373367096166,-0.084242,0.008047,6213.5,6407.1,0.231257,0.149829,-1.000000,3.3024,1.0000,,,,,
4.3440,1778909411.523131,362,8.861301,1.433191,0.265260,3.4644,0.1379,0.089384,8.768817,1.443048,0.259641,3.4202,8.880874,1.440350,0.265825,3.3416,0.1310,0.080765,1.251791,-0.0064,8.880874,1.452432,0.280519,5.1185,-0.987408,-0.874481,1519.1809,0,1,dirt,0.5382,0.884703,0,0,0.000000,0.000000,0.000000,0,nan,0.00,-0.022821,0.7918,0.0003,-0.012049,0.7020,0.49,5.23,6.22,5.21,0.028848,-1.6152,-1.6983,0.008000,0.092166,0.4018,0.060325,0.044451,0.045811,-1076.512993662514,780.1151710041653,-1820.994970769776,174.91302120938497,-0.093167,0.007289,6213.6,6407.0,0.231218,0.129715,-1.000000,3.3338,1.0000,,,,,
4.3560,1778909411.543012,363,8.803284,1.428562,0.249910,3.3760,0.0925,0.093746,8.807815,1.456612,0.260721,3.4377,8.823048,1.435342,0.250460,3.3497,0.1192,0.077202,1.241846,-0.0182,8.823048,1.435668,0.283815,5.0831,0.773232,-0.859550,1502.6537,0,1,dirt,0.5382,0.884703,0,0,0.000000,0.000000,0.000000,0,nan,0.00,-0.005247,0.7880,0.0003,-0.002770,0.6917,0.50,5.25,6.25,5.40,0.042412,-1.5533,-1.6454,0.008000,0.088134,-0.7159,0.047381,0.040766,0.054118,-1128.372556822177,587.7507326856465,-1957.3410281828542,247.12464669859997,-0.100826,0.009786,6216.1,6404.5,0.229375,0.155146,-0.987408,3.3419,1.0000,,,,,
4.3680,1778909411.549261,364,8.927010,1.373081,0.256556,3.4555,0.1790,0.078830,8.847055,1.470082,0.261711,3.4561,8.948902,1.380762,0.257140,3.3724,0.1275,0.075410,1.239540,0.0025,8.948902,1.471885,0.276505,5.1598,1.000000,-0.838874,1495.4623,0,1,dirt,0.5382,0.884703,0,0,0.000000,0.000000,0.000000,0,nan,0.00,0.017480,0.7842,0.0003,0.009230,0.6817,0.81,5.29,6.91,5.52,0.055882,-1.4965,-1.7037,0.008000,0.191507,-0.3721,0.063174,0.052249,0.055708,-1197.805371556283,219.04591608526894,-1813.3603172019448,114.81972029875654,-0.091379,0.005290,6216.6,6404.0,0.229035,0.136368,0.773232,3.3639,1.0000,,,,,
4.3800,1778909411.559110,365,8.858504,1.537604,0.261494,3.5090,0.1354,0.060737,8.886583,1.483324,0.262531,3.4741,8.880374,1.545328,0.262043,3.4004,0.1285,0.073131,1.236236,0.0160,8.880374,1.452288,0.280548,5.1182,-1.000000,-0.836637,1467.8170,0,1,dirt,0.5382,0.884703,0,0,0.000000,0.000000,0.000000,0,nan,0.00,-0.005247,0.7804,0.0003,-0.002770,0.6716,0.76,5.28,6.80,5.22,-0.002976,-0.6223,-1.6442,0.008000,0.168881,0.3754,0.057897,0.062277,0.053534,-1680.5632235635953,425.167407160058,-1568.4034584648189,27.39707221264524,-0.074870,0.002429,6217.4,6403.1,0.228393,0.123250,1.000000,3.3920,1.0000,,,,,
4.3920,1778909411.571033,366,8.963054,1.519961,0.267966,3.4850,0.1116,0.057305,8.926400,1.496356,0.263228,3.4917,8.984681,1.527613,0.268458,3.4183,0.1196,0.064514,1.236380,-0.0095,8.984681,1.481997,0.274335,5.1814,-1.000000,-0.832376,1461.3329,0,1,dirt,0.5382,0.884703,0,0,0.000000,0.000000,0.000000,0,nan,0.00,-0.027974,0.7764,0.0003,-0.014770,0.6616,0.71,5.28,6.70,5.27,0.010056,-0.5824,-1.6898,0.008000,0.135136,0.2296,0.053122,0.046305,0.031970,-1705.7288009790605,265.15305667939185,-1635.8279117101904,-14.330907927669017,-0.081748,0.001170,6217.4,6403.1,0.228400,0.122542,-1.000000,3.4100,1.0000,,,,,
4.4040,1778909411.583043,367,8.957735,1.486859,0.261166,3.4302,0.1134,0.064944,8.966415,1.509476,0.264009,3.5089,8.979184,1.494195,0.261624,3.4219,0.1134,0.059445,1.202185,-0.0214,8.979184,1.480449,0.274671,5.1781,-0.283845,-0.795564,1454.4044,0,1,dirt,0.5146,0.894144,1,0,0.000000,0.000000,0.000000,0,nan,0.00,-0.034425,0.7724,0.0003,-0.018177,0.6521,0.67,5.28,6.62,5.29,0.023176,-0.5376,-1.6693,0.008000,0.122244,-0.4757,0.030953,0.053973,0.050937,-1285.0010407716231,-831.5324567590285,-1775.5675788149847,-11.0765891707752,-0.090669,0.000807,6226.1,6394.4,0.222093,0.149842,-1.000000,3.4139,1.0000,,,,,
4.4160,1778909411.595072,368,8.988328,1.443668,0.263422,3.5154,0.1618,0.069444,9.006583,1.522676,0.264838,3.5237,9.009707,1.451041,0.263864,3.4415,0.1184,0.057962,1.205638,-0.0200,9.009707,1.489019,0.272794,5.1965,1.000000,-0.776542,1437.5802,0,1,dirt,0.5146,0.894144,0,0,0.000000,0.000000,0.000000,0,nan,0.00,-0.011698,0.7684,0.0003,-0.006177,0.6428,0.64,5.29,6.57,5.31,0.036376,-0.4901,-1.6727,0.008000,0.144292,-0.1281,0.026652,0.068249,0.053995,-1219.2554940508023,537.1901385225332,-2064.15804221836,-90.97955704428566,-0.094359,-0.001782,6225.3,6395.2,0.222676,0.126946,-0.283845,3.4336,1.0000,,,,,
4.4280,1778909411.607083,369,9.005461,1.585032,0.266185,3.5506,-0.0217,0.057952,9.046942,1.535809,0.265589,3.5367,9.026879,1.592264,0.266613,3.4640,0.0942,0.058423,1.187120,0.0003,9.026879,1.493813,0.271731,5.2067,-1.000000,-0.751624,1423.8009,0,1,dirt,0.5146,0.894144,0,0,0.000000,0.000000,0.000000,0,nan,0.00,-0.034425,0.7643,0.0002,-0.018177,0.6338,0.62,5.27,6.50,5.15,0.049509,-0.4471,-1.6701,0.008000,0.068396,0.2603,0.039414,0.038116,0.047388,-1293.7058633457032,475.7645895184019,-1524.2112041901826,103.94929805616009,-0.071193,0.005333,6230.0,6390.5,0.219241,0.121081,1.000000,3.4562,1.0000,,,,,
4.4400,1778909411.619072,370,9.128945,1.587905,0.269506,3.4900,0.0446,0.046925,9.087574,1.548679,0.266158,3.5548,9.150210,1.595004,0.269889,3.4705,0.0800,0.050525,1.191894,-0.0246,9.150210,1.527665,0.264004,5.2799,-1.000000,-0.736198,1430.3577,0,1,dirt,0.5146,0.894144,0,0,0.000000,0.000000,0.000000,0,nan,0.00,-0.057153,0.7602,0.0002,-0.030177,0.6249,0.60,5.26,6.45,5.21,0.062379,-0.4145,-1.7250,0.008000,0.122896,0.0093,0.027355,0.051281,0.068948,-1399.136329585947,492.2312846146861,-1554.2781475912627,123.000211166159,-0.077184,0.006285,6228.9,6391.7,0.220081,0.134759,-1.000000,3.4627,1.0000,,,,,
4.4520,1778909411.631085,371,9.070965,1.504760,0.272456,3.5640,0.0283,0.053128,9.128417,1.561590,0.266757,3.5744,9.092225,1.511788,0.272811,3.4900,0.0664,0.045797,1.187412,-0.0366,9.092225,1.511877,0.267657,5.2456,0.310163,-0.729229,1402.6368,0,1,dirt,0.5146,0.894144,0,0,0.000000,0.000000,0.000000,0,nan,0.00,-0.050104,0.7561,0.0002,-0.026455,0.6162,0.58,5.28,6.44,5.40,0.007290,0.5226,-1.6712,0.008000,0.134450,-0.0829,0.015600,0.029983,0.054921,-1420.3315035537046,983.4579471221866,-1683.132618257497,182.13011099816936,-0.083775,0.008514,6230.1,6390.5,0.219232,0.115604,-1.000000,3.4823,1.0000,,,,,
4.4640,1778909411.644361,372,9.210177,1.571351,0.260072,3.5963,0.0732,0.062358,9.169369,1.574637,0.267442,3.5864,9.231663,1.578148,0.260429,3.5121,0.0663,0.047022,1.195501,-0.0245,9.231663,1.549457,0.258813,5.3276,0.010133,-0.720698,1395.1136,0,1,dirt,0.5146,0.894144,0,0,0.000000,0.000000,0.000000,0,nan,0.00,-0.049873,0.7520,0.0002,-0.026333,0.6075,0.57,5.27,6.41,5.23,0.020337,0.5619,-1.7412,0.008000,0.075043,0.1084,0.030519,0.046069,0.068945,-1334.2435751371659,421.2447821721668,-1719.6256612314965,178.5755315817211,-0.078928,0.008667,6228.0,6392.5,0.220712,0.107103,0.310163,3.5044,1.0000,,,,,
4.4760,1778909411.655284,373,9.193939,1.674143,0.271450,3.6335,0.1045,0.046797,9.210584,1.587456,0.267950,3.6002,9.215402,1.681190,0.271786,3.5369,0.0704,0.044195,1.177801,-0.0263,9.215402,1.545143,0.259855,5.3181,-1.000000,-0.707475,1375.6099,0,1,dirt,0.5146,0.894144,0,0,0.000000,0.000000,0.000000,0,nan,0.00,-0.072601,0.7478,0.0002,-0.038333,0.5990,0.56,5.26,6.37,5.18,0.033156,0.5910,-1.7179,0.008000,0.198333,0.3878,0.032987,0.021448,0.036984,-1606.9376053993537,629.1983096579856,-1834.4896072571482,83.45417773777906,-0.078161,0.005596,6232.5,6388.0,0.217443,0.101605,0.010133,3.5294,1.0000,,,,,
4.4880,1778909411.667062,374,9.237553,1.642418,0.270772,3.6148,0.0875,0.031440,9.252053,1.600045,0.268329,3.6158,9.259005,1.649364,0.271063,3.5533,0.0682,0.036552,1.169017,-0.0447,9.259005,1.556670,0.257055,5.3435,-1.000000,-0.692188,1361.2274,0,1,dirt,0.5146,0.894144,0,0,0.000000,0.000000,0.000000,0,nan,0.00,-0.095328,0.7436,0.0002,-0.050333,0.5907,0.54,5.24,6.33,5.16,0.045745,0.6127,-1.7277,0.008000,0.038044,0.0811,0.021861,0.055591,0.070554,-1623.808134931027,297.2320550862709,-1762.2754221034395,-8.24829284390973,-0.087442,0.002649,6234.8,6385.8,0.215807,0.106050,-1.000000,3.5459,1.0000,,,,,
4.5000,1778909411.679105,375,9.309937,1.604582,0.270707,3.6186,-0.0318,0.034112,9.293707,1.612602,0.268715,3.6285,9.331448,1.611338,0.270965,3.5673,0.0458,0.030769,1.160403,-0.0567,9.331448,1.575532,0.252360,5.3854,-0.142075,-0.668325,1351.4274,0,1,dirt,0.5146,0.894144,0,0,0.000000,0.000000,0.000000,0,nan,0.00,-0.098557,0.7394,0.0002,-0.052038,0.5827,0.54,5.21,6.28,4.99,0.058302,0.6348,-1.7569,0.008000,0.035166,-0.2408,0.018043,0.024891,0.055284,-1373.0116977674038,408.3557584197088,-1824.3701800748725,113.32642910385857,-0.091016,0.007025,6237.0,6383.6,0.214202,0.111617,-1.000000,3.5600,1.0000,,,,,
4.5120,1778909411.691079,376,9.329535,1.590658,0.269621,3.7308,0.0806,0.033718,9.335508,1.625168,0.269103,3.6417,9.351059,1.597376,0.269859,3.6003,0.0493,0.028470,1.150338,-0.0529,9.351059,1.580575,0.251079,5.3966,0.883520,-0.644313,1319.1713,0,1,dirt,0.5146,0.894144,0,0,0.000000,0.000000,0.000000,0,nan,0.00,-0.078477,0.7353,0.0002,-0.041436,0.5750,0.53,5.19,6.25,5.12,0.070868,0.6571,-1.7549,0.008000,0.028016,0.1176,0.050943,0.036370,0.058308,-1638.0642822424834,447.74765662959055,-2099.535043983502,29.06368082370318,-0.091777,0.004376,6239.6,6381.0,0.212316,0.084416,-0.142075,3.5931,1.0000,,,,,
4.5240,1778909411.703022,377,9.301239,1.545472,0.269989,3.6437,0.0903,0.023531,9.377536,1.637532,0.269340,3.6558,9.322681,1.552178,0.270207,3.6100,0.0561,0.027572,1.139495,-0.0359,9.322681,1.573269,0.252931,5.3803,1.000000,-0.621147,1305.7820,0,1,dirt,0.5926,0.862978,1,0,0.000000,0.000000,0.000000,0,nan,0.00,-0.055750,0.7311,0.0002,-0.029436,0.5675,0.52,5.19,6.22,5.15,0.019532,1.6105,-1.7245,0.008000,0.038464,0.0188,0.040809,0.037678,0.052990,-1918.0251153460263,399.1137801523534,-1734.6819927262445,-75.84137450830623,-0.080259,0.000828,6242.4,6378.2,0.210289,0.105775,0.883520,3.6029,1.0000,,,,,
4.5360,1778909411.715048,378,9.394767,1.687923,0.275711,3.7009,0.0131,0.007959,9.419832,1.649606,0.269403,3.6703,9.416230,1.694655,0.275898,3.6289,0.0485,0.024544,1.139734,-0.0232,9.416230,1.597143,0.246798,5.4339,-1.000000,-0.602337,1300.2467,0,1,dirt,0.5926,0.862978,0,0,0.000000,0.000000,0.000000,0,nan,0.00,-0.078477,0.7270,0.0002,-0.041436,0.5603,0.51,5.20,6.21,5.26,0.031606,1.6142,-1.7636,0.008000,0.041031,0.1865,0.039146,0.052842,0.060581,-2143.2221563929643,152.06659558231036,-1430.159873390569,-89.7346264999184,-0.061962,0.000692,6242.4,6378.2,0.210304,0.089838,1.000000,3.6218,1.0000,,,,,
4.5480,1778909411.727143,379,9.489169,1.578887,0.262415,3.6439,0.0391,-0.004684,9.462344,1.661467,0.269363,3.6833,9.510852,1.585245,0.262547,3.6332,0.0416,0.014342,1.138314,-0.0477,9.510852,1.620666,0.240506,5.4875,1.000000,-0.582798,1298.3771,0,1,dirt,0.5926,0.862978,0,0,0.000000,0.000000,0.000000,0,nan,0.00,-0.055750,0.7229,0.0001,-0.029436,0.5533,0.51,5.18,6.21,5.10,0.043467,1.6119,-1.8042,0.008000,0.124387,-0.7177,0.036444,0.049274,0.048631,-1653.8097026680239,268.5110025433197,-1422.76102145502,-163.2533766404004,-0.069326,-0.001957,6242.7,6377.8,0.210024,0.106371,-1.000000,3.6261,1.0000,,,,,
4.5600,1778909411.742215,380,9.577832,1.663532,0.268418,3.6595,0.0459,0.003102,9.504995,1.673375,0.269386,3.6943,9.599425,1.669974,0.268533,3.6394,0.0434,0.014095,1.102069,-0.0232,9.599425,1.642111,0.234592,5.5369,-0.574227,-0.527128,1299.5590,0,1,dirt,0.5926,0.862978,0,0,0.000000,0.000000,0.000000,0,nan,0.00,-0.068800,0.7188,0.0001,-0.036326,0.5470,0.51,5.17,6.19,5.12,0.055375,1.6132,-1.8425,0.008000,0.159575,-0.5141,0.023835,0.060041,0.052034,-1419.934914139823,234.92479392448502,-1287.8899097229662,-205.42226301485198,-0.054596,-0.003736,6252.0,6368.6,0.203333,0.103829,1.000000,3.6326,1.0000,,,,,
4.5720,1778909411.751123,381,9.529227,1.664015,0.267466,3.6388,0.0054,-0.002502,9.547805,1.685242,0.269386,3.7069,9.550828,1.670315,0.267546,3.6405,0.0329,0.007592,1.095527,-0.0399,9.550828,1.630413,0.237835,5.5098,-0.249564,-0.497556,1295.9592,0,1,dirt,0.5926,0.862978,0,0,0.000000,0.000000,0.000000,0,nan,0.00,-0.074472,0.7148,0.0001,-0.039321,0.5410,0.51,5.18,6.19,5.18,0.067242,1.6132,-1.8029,0.008000,0.041989,0.1338,0.002126,0.048656,0.043946,-1274.1723102755213,144.78933150832813,-1244.62262558893,-199.04454223331518,-0.056689,-0.003530,6253.7,6366.9,0.202066,0.111515,-0.574227,3.6338,1.0000,,,,,
4.5840,1778909411.763068,382,9.556225,1.604077,0.266677,3.7698,-0.0386,-0.001892,9.590768,1.697104,0.269390,3.7186,9.577996,1.610266,0.266733,3.6668,0.0181,0.003954,1.090764,-0.0409,9.577996,1.636973,0.236021,5.5250,1.000000,-0.476790,1269.6159,0,1,dirt,0.5926,0.862978,0,0,0.000000,0.000000,0.000000,0,nan,0.00,-0.051745,0.7108,0.0001,-0.027321,0.5353,0.50,5.18,6.19,5.22,0.079104,1.6134,-1.8064,0.008000,0.185765,-0.5459,0.005387,0.043934,0.055470,-978.3432276017006,313.4852675650318,-1387.857665445194,-138.95846573259843,-0.053425,-0.000956,6255.0,6365.6,0.201156,0.080997,-0.249564,3.6601,1.0000,,,,,
4.5960,1778909411.775094,383,9.625610,1.653879,0.265520,3.7048,-0.0877,-0.003010,9.633890,1.708884,0.269327,3.7292,9.647484,1.659925,0.265566,3.6754,0.0008,0.004295,1.077356,-0.0211,9.647484,1.653515,0.231388,5.5635,0.578091,-0.444829,1266.3911,0,1,dirt,0.5926,0.862978,0,0,0.000000,0.000000,0.000000,0,nan,0.00,-0.038606,0.7068,0.0001,-0.020384,0.5299,0.50,5.18,6.18,5.20,0.031584,2.5645,-1.8343,0.008000,0.106404,-0.5270,-0.001501,0.015596,0.046982,-1310.9516804644677,607.2394311091102,-902.912633342894,-12.787854505179794,-0.033788,0.003587,6258.4,6362.2,0.198666,0.094189,1.000000,3.6687,1.0000,,,,,
4.6080,1778909411.787140,384,9.702109,1.703084,0.259337,3.7449,0.0264,-0.020201,9.677231,1.720446,0.269128,3.7420,9.724165,1.709012,0.259354,3.6901,0.0055,0.000477,1.065747,-0.0168,9.724165,1.671376,0.226283,5.6060,-0.748819,-0.411873,1258.3021,0,1,dirt,0.5926,0.862978,0,0,0.000000,0.000000,0.000000,0,nan,0.00,-0.055625,0.7030,0.0001,-0.029370,0.5250,0.50,5.20,6.21,5.30,0.043146,2.5531,-1.8639,0.008000,0.032188,-0.8425,0.000104,0.041728,0.055054,-1459.7813324021304,-351.4716098108198,-728.0773850971167,-120.44995204108811,-0.025277,-0.000322,6261.4,6359.2,0.196496,0.082887,0.578091,3.6835,1.0000,,,,,
4.6200,1778909411.799076,385,9.815416,1.740297,0.265944,3.7540,-0.0414,-0.018249,9.720736,1.731930,0.268911,3.7531,9.837596,1.746292,0.265927,3.7037,-0.0058,-0.005906,1.055540,-0.0340,9.837596,1.697035,0.218569,5.6683,-1.000000,-0.377960,1252.8207,0,1,dirt,0.5926,0.862978,0,0,0.000000,0.000000,0.000000,0,nan,0.00,-0.078352,0.6992,0.0001,-0.041370,0.5205,0.50,5.20,6.21,5.19,0.054630,2.5406,-1.9153,0.008000,0.125790,-0.3874,-0.018163,0.028916,0.050090,-1098.7540725412669,-290.1850820477104,-711.0034742729158,-107.07100883837077,-0.029611,0.000277,6264.0,6356.6,0.194583,0.084476,-0.748819,3.6971,1.0000,,,,,
4.6320,1778909411.811110,386,9.754947,1.806368,0.271398,3.7473,-0.0661,-0.004859,9.764307,1.743580,0.268831,3.7600,9.777195,1.812403,0.271367,3.7133,-0.0196,-0.009390,1.041667,-0.0476,9.777195,1.683486,0.222742,5.6352,-1.000000,-0.356309,1244.1711,0,1,dirt,0.5926,0.862978,0,0,0.000000,0.000000,0.000000,0,nan,0.00,-0.101079,0.6955,0.0001,-0.053370,0.5162,0.51,5.21,6.22,5.28,0.066280,2.5361,-1.8752,0.008000,0.171911,-0.0897,-0.017063,-0.005551,0.027600,-74.28170509445513,-39.936770506957316,-843.2762523651052,-27.76234447363443,-0.037710,0.003239,6267.6,6353.0,0.191993,0.093783,-1.000000,3.7069,1.0000,,,,,
4.6440,1778909411.823121,387,9.869564,1.751362,0.271730,3.7288,0.0864,0.001423,9.807920,1.755493,0.268905,3.7703,9.891868,1.757522,0.271693,3.7175,-0.0045,-0.011461,1.029922,-0.0596,9.891868,1.708980,0.214677,5.6979,-1.000000,-0.323990,1242.9490,0,1,dirt,0.7215,0.811404,1,0,0.000000,0.000000,0.000000,0,nan,0.00,-0.123807,0.6918,0.0001,-0.065370,0.5123,0.51,5.22,6.24,5.27,0.078193,2.5403,-1.9276,0.008000,0.117933,-0.3794,-0.031774,0.039602,0.053462,126.61047779483033,-886.8630516643985,-1138.3340237114542,-168.2184703548555,-0.055047,-0.001771,6270.6,6350.0,0.189810,0.102614,-1.000000,3.7111,1.0000,,,,,
4.6560,1778909411.840673,388,9.805011,1.750982,0.269489,3.8118,-0.0458,0.008775,9.851613,1.767386,0.268937,3.7800,9.827482,1.757067,0.269455,3.7366,-0.0159,-0.012534,0.959456,-0.0716,9.827482,1.694785,0.219280,5.6628,-0.840854,-0.244534,1219.9665,0,1,dirt,0.7215,0.811404,0,0,0.000000,0.000000,0.000000,0,nan,0.00,-0.142917,0.6883,0.0001,-0.075460,0.5094,0.51,5.30,6.31,5.74,0.090086,2.5422,-1.8828,0.008000,0.085393,0.3156,-0.016419,0.014491,0.039496,-1422.5348272294164,-27.228107229008067,-1231.765056998389,-58.9004226656421,-0.065063,0.001735,6288.5,6332.1,0.176814,0.082426,-1.000000,3.7306,1.0000,,,,,
4.6680,1778909411.847446,389,9.896545,1.755360,0.256139,3.8526,-0.0837,-0.015033,9.895545,1.779067,0.268820,3.7924,9.919741,1.761165,0.256077,3.7603,-0.0318,-0.017461,0.957037,-0.0808,9.919741,1.715027,0.212625,5.7129,0.542002,-0.192997,1200.3199,0,1,dirt,0.7215,0.811404,0,0,0.000000,0.000000,0.000000,0,nan,0.00,-0.130599,0.6849,0.0001,-0.068956,0.5071,0.53,5.34,6.40,5.57,0.046967,3.5699,-1.9204,0.008000,0.054972,-0.7909,0.004618,0.003494,0.040381,-2030.2338231775996,124.90950427037143,-1324.944066464438,13.454433327466774,-0.069666,0.004380,6289.2,6331.4,0.176284,0.067489,-0.840854,3.7542,1.0000,,,,,
4.6800,1778909411.859064,390,10.025801,1.784338,0.262953,3.8477,-0.0071,-0.021918,9.939700,1.790508,0.268568,3.8050,10.049141,1.790342,0.262875,3.7784,-0.0276,-0.018421,0.955541,-0.0655,10.049141,1.742297,0.202711,5.7804,-0.779254,-0.155108,1189.9436,0,1,dirt,0.7215,0.811404,0,0,0.000000,0.000000,0.000000,0,nan,0.00,-0.148309,0.6815,0.0001,-0.078307,0.5052,0.52,5.31,6.35,5.15,0.058408,3.5555,-1.9754,0.008000,0.125806,-0.3067,0.022223,0.006096,0.033352,-1960.6364212168078,179.7578344612702,-1367.8551105294387,-56.88872004931374,-0.062150,0.001957,6289.7,6330.9,0.175949,0.069164,0.542002,3.7723,1.0000,,,,,
4.6920,1778909411.871132,391,9.991069,1.853854,0.271385,3.8700,-0.0732,-0.029301,9.984064,1.801772,0.268235,3.8187,10.014405,1.859937,0.271272,3.7973,-0.0399,-0.024984,0.957893,-0.0833,10.014405,1.735109,0.205395,5.7626,-1.000000,-0.143951,1173.9478,0,1,dirt,0.7215,0.811404,0,0,0.000000,0.000000,0.000000,0,nan,0.00,-0.171036,0.6783,0.0001,-0.090307,0.5035,0.52,5.33,6.37,5.43,0.069672,3.5364,-1.9439,0.008000,0.156556,0.2439,0.015302,0.002208,0.029395,-1708.3661591961759,-242.18325707104162,-1302.6855396450578,-32.69466725588403,-0.066726,0.002752,6289.1,6331.4,0.176337,0.060887,-0.779254,3.7912,1.0000,,,,,
4.7040,1778909411.883081,392,10.076693,1.852465,0.270118,3.8351,-0.0022,-0.022278,10.028528,1.813117,0.267984,3.8262,10.100113,1.858525,0.269983,3.8057,-0.0378,-0.029517,0.941224,-0.0967,10.100113,1.752670,0.198822,5.8063,-1.000000,-0.116195,1169.2567,0,1,dirt,0.7215,0.811404,0,0,0.000000,0.000000,0.000000,0,nan,0.00,-0.193764,0.6753,0.0001,-0.102307,0.5021,0.52,5.32,6.35,5.24,0.081017,3.5220,-1.9801,0.008000,0.121172,0.2362,0.016553,0.004626,0.013691,-1121.758975140655,23.917543936550828,-1470.1093992391945,-107.18273271160149,-0.079067,0.000389,6293.4,6327.2,0.173258,0.074864,-1.000000,3.7997,1.0000,,,,,
4.7160,1778909411.895084,393,10.065415,1.682563,0.255249,3.8204,-0.0336,-0.019607,10.073100,1.824468,0.267750,3.8352,10.088894,1.688222,0.255099,3.8096,-0.0418,-0.033072,0.935854,-0.1087,10.088894,1.750405,0.199673,5.8006,1.000000,-0.096685,1162.5872,0,1,dirt,0.7215,0.811404,0,0,0.000000,0.000000,0.000000,0,nan,0.00,-0.171036,0.6723,0.0001,-0.090307,0.5009,0.51,5.29,6.32,5.16,0.092368,3.5087,-1.9654,0.008000,0.122566,-0.2379,0.007036,-0.000716,0.011826,-1105.4084104572842,95.52428842745144,-1637.4044003068523,-111.30661024942083,-0.089955,0.000315,6294.8,6325.8,0.172238,0.078184,-1.000000,3.8037,1.0000,,,,,
4.7280,1778909411.907114,394,10.081016,1.869117,0.272023,3.8047,-0.0745,-0.034805,10.117813,1.835641,0.267415,3.8426,10.104339,1.875084,0.271861,3.8098,-0.0469,-0.032563,0.934609,-0.0840,10.104339,1.753521,0.198502,5.8085,-1.000000,-0.082093,1165.8395,0,1,dirt,0.7215,0.811404,0,0,0.000000,0.000000,0.000000,0,nan,0.00,-0.193764,0.6695,0.0001,-0.102307,0.4999,0.51,5.28,6.31,5.22,0.103541,3.4894,-1.9659,0.008000,0.117473,0.3831,-0.005361,0.008251,0.025257,-2058.074753269361,65.10211332618553,-1547.3755166568294,-78.32434358363066,-0.073735,0.001019,6295.1,6325.4,0.171986,0.085380,1.000000,3.8039,1.0000,,,,,
4.7400,1778909411.919111,395,10.204098,1.921270,0.263711,3.8351,-0.0998,-0.042165,10.162734,1.846494,0.266920,3.8526,10.227528,1.926908,0.263512,3.8158,-0.0617,-0.040231,0.932375,-0.1086,10.227528,1.777712,0.189363,5.8739,-1.000000,-0.063917,1166.3790,0,1,dirt,0.7215,0.811404,0,0,0.000000,0.000000,0.000000,0,nan,0.00,-0.216491,0.6667,0.0001,-0.114307,0.4992,0.52,5.27,6.30,5.19,0.064494,4.5369,-2.0213,0.008000,0.069349,-0.3848,-0.007571,0.014087,0.035375,-1986.5320971581739,-45.01926896526135,-1504.7025364537085,-34.935477845493836,-0.080486,0.002228,6295.7,6324.9,0.171558,0.077364,-1.000000,3.8099,1.0000,,,,,
4.7520,1778909411.938807,396,10.291711,1.812428,0.264591,3.8583,-0.0578,-0.045358,10.207817,1.857197,0.266369,3.8630,10.315145,1.818017,0.264359,3.8252,-0.0657,-0.046253,0.941508,-0.1206,10.315145,1.794216,0.182981,5.9248,0.376326,-0.059121,1157.8897,0,1,dirt,0.7215,0.811404,0,0,0.000000,0.000000,0.000000,0,nan,0.00,-0.207938,0.6641,0.0001,-0.109791,0.4984,0.52,5.32,6.35,5.62,0.075197,4.5054,-2.0618,0.008000,0.059252,-0.3412,-0.001236,0.004968,0.031531,-1734.9119697920828,-312.65335440070555,-1670.7320634977527,-78.37434067412863,-0.090162,0.000795,6293.4,6327.1,0.173216,0.072443,-1.000000,3.8193,1.0000,,,,,
4.7640,1778909411.945288,397,10.307691,1.925971,0.265128,3.9184,-0.0670,-0.042955,10.253015,1.867868,0.265841,3.8698,10.333873,1.932176,0.264850,3.8450,-0.0686,-0.048636,0.935889,-0.1072,10.333873,1.797668,0.181598,5.9358,-1.000000,-0.050179,1142.2257,0,1,dirt,0.8412,0.763530,1,0,0.000000,0.000000,0.000000,0,nan,0.00,-0.230665,0.6616,0.0001,-0.121791,0.4978,0.84,5.33,7.01,5.37,0.085868,4.4751,-2.0660,0.008000,0.139629,-0.1761,0.005933,0.014746,0.037253,-1788.6175073316429,11.593360451822491,-1731.608558771784,-98.34876050526242,-0.083589,0.000316,6294.8,6325.7,0.172185,0.061553,0.376326,3.8385,1.0000,,,,,
4.7760,1778909411.955060,398,10.286267,1.962101,0.262265,3.9022,-0.0401,-0.051499,10.298389,1.878299,0.265192,3.8809,10.312156,1.968107,0.261954,3.8573,-0.0695,-0.055471,0.938371,-0.1287,10.312156,1.793662,0.183201,5.9230,-1.000000,-0.053859,1131.0748,0,1,dirt,0.8412,0.763530,0,0,0.000000,0.000000,0.000000,0,nan,0.00,-0.253393,0.6592,0.0001,-0.133791,0.4972,0.78,5.32,6.88,5.24,0.096299,4.4379,-2.0421,0.008000,0.111581,0.4546,-0.005205,0.034097,0.046529,-2026.1688055985035,-234.4612688876001,-1707.9213643231244,-165.02558949664086,-0.094589,-0.002153,6294.2,6326.3,0.172629,0.062210,-1.000000,3.8508,1.0000,,,,,
4.7880,1778909411.967070,399,10.323952,1.885072,0.257827,3.8933,-0.0801,-0.056846,10.343913,1.888625,0.264512,3.8889,10.349574,1.890794,0.257486,3.8654,-0.0767,-0.061379,0.929338,-0.1406,10.349574,1.800542,0.180432,5.9449,-0.437965,-0.046632,1121.9092,0,1,dirt,0.8412,0.763530,0,0,0.000000,0.000000,0.000000,0,nan,0.00,-0.263346,0.6569,0.0001,-0.139047,0.4966,0.74,5.29,6.76,5.12,0.106625,4.3990,-2.0559,0.008000,0.091679,-0.1836,-0.014942,0.023628,0.040075,-1690.986861214033,9.247011401076861,-1848.1612986737766,-174.28811362123278,-0.103346,-0.002587,6296.5,6324.0,0.170972,0.065761,-1.000000,3.8590,1.0000,,,,,
4.8000,1778909411.979088,400,10.317481,1.916352,0.260500,3.9629,-0.0634,-0.054316,10.389557,1.898906,0.263852,3.8979,10.342854,1.922051,0.260143,3.8852,-0.0783,-0.064298,0.911595,-0.1420,10.342854,1.799314,0.180932,5.9410,-1.000000,-0.027762,1103.2547,0,1,dirt,0.8412,0.763530,0,0,0.000000,0.000000,0.000000,0,nan,0.00,-0.286074,0.6547,0.0001,-0.151047,0.4963,0.70,5.29,6.69,5.28,0.071806,5.4354,-2.0431,0.008000,0.075202,-0.4741,-0.013960,0.034752,0.047407,-1403.9533718606403,374.57195438384207,-2071.7494879378237,-207.16274499591816,-0.107143,-0.003542,6301.0,6319.5,0.167699,0.050430,-0.437965,3.8791,1.0000,,,,,
4.8120,1778909411.991148,401,10.488444,1.901443,0.259906,3.9226,-0.0959,-0.062040,10.435308,1.909081,0.263155,3.9046,10.513742,1.907001,0.259518,3.8936,-0.0875,-0.070409,0.912197,-0.1577,10.513742,1.829437,0.167916,6.0185,-0.241133,-0.003398,1100.1226,0,1,dirt,0.8412,0.763530,0,0,0.000000,0.000000,0.000000,0,nan,0.00,-0.291554,0.6527,0.0001,-0.153941,0.4963,0.68,5.26,6.63,5.14,0.081981,5.3955,-2.1139,0.008000,0.053986,-0.4083,-0.012260,0.028510,0.047697,-1758.2380502005408,-30.985449790981534,-2044.1686249478666,-197.9539124217137,-0.115686,-0.003357,6300.9,6319.7,0.167786,0.063641,-1.000000,3.8876,1.0000,,,,,
4.8240,1778909412.003048,402,10.545315,1.888456,0.267506,3.9281,-0.0506,-0.062784,10.481214,1.919060,0.262377,3.9125,10.570286,1.894129,0.267104,3.9013,-0.0848,-0.072886,0.902477,-0.1555,10.570286,1.838893,0.163468,6.0294,-0.033572,0.022884,1094.5841,0,1,dirt,0.8412,0.763530,0,0,0.000000,0.000000,0.000000,0,nan,0.00,-0.292317,0.6507,0.0000,-0.154343,0.4965,0.65,5.24,6.54,5.12,0.091960,5.3509,-2.1169,0.008000,0.142021,0.9004,-0.007835,0.034675,0.047597,-2156.4095224165762,-143.9497022132822,-2302.9538535216157,-264.2037919603274,-0.118004,-0.005521,6303.4,6317.2,0.165969,0.058666,-0.241133,3.8954,1.0000,,,,,
4.8360,1778909412.015126,403,10.556370,2.028599,0.259330,3.9644,-0.1938,-0.071370,10.527265,1.928778,0.261489,3.9176,10.581285,2.033848,0.258907,3.9145,-0.1075,-0.076299,0.887763,-0.1546,10.581285,1.840702,0.162594,6.0307,-1.000000,0.051112,1086.9203,0,1,dirt,0.8412,0.763530,0,0,0.000000,0.000000,0.000000,0,nan,0.00,-0.315044,0.6488,0.0000,-0.166343,0.4972,0.63,5.23,6.49,5.19,0.101678,5.3000,-2.1132,0.008000,0.101931,-0.5314,0.005491,0.031570,0.066508,-2044.307631112396,-678.6621309081102,-2194.267176320577,-115.96226476988105,-0.110249,-0.000878,6307.2,6313.4,0.163231,0.049666,-0.033572,3.9088,1.0000,,,,,
4.8480,1778909412.027037,404,10.527528,1.903958,0.249601,3.9609,-0.0275,-0.078425,10.573444,1.938284,0.260534,3.9245,10.552323,1.908937,0.249144,3.9246,-0.0996,-0.083251,0.887763,-0.1728,10.552323,1.835917,0.164889,6.0268,1.000000,0.055736,1073.9703,0,1,dirt,0.8412,0.763530,0,0,0.000000,0.000000,0.000000,0,nan,0.00,-0.292317,0.6470,0.0000,-0.154343,0.4978,0.60,5.25,6.46,5.35,0.111184,5.2453,-2.1022,0.008000,0.131368,-0.5665,0.009804,0.038002,0.050814,-2193.162166627937,-137.12534200362006,-2190.7707648770274,-274.07865175753045,-0.123350,-0.005968,6307.2,6313.3,0.163198,0.054213,-1.000000,3.9189,1.0000,,,,,
4.8600,1778909412.040100,405,10.513988,1.979805,0.260251,3.9594,-0.1510,-0.084102,10.619713,1.947669,0.259590,3.9281,10.538712,1.984938,0.259777,3.9324,-0.1091,-0.083484,0.888477,-0.1479,10.538712,1.833645,0.165960,6.0243,-1.000000,0.057143,1067.5587,0,1,dirt,0.8412,0.763530,0,0,0.000000,0.000000,0.000000,0,nan,0.00,-0.315044,0.6454,0.0000,-0.166343,0.4985,0.58,5.23,6.40,5.13,0.120569,5.1912,-2.0962,0.008000,0.189653,0.0296,0.007336,0.030251,0.054215,-2226.248693269698,-544.9996243552357,-2014.5496813961195,-226.45858034013202,-0.105711,-0.004444,6307.0,6313.5,0.163324,0.056444,1.000000,3.9267,1.0000,,,,,
4.8720,1778909412.051090,406,10.695844,2.012417,0.261763,3.9009,-0.1470,-0.086214,10.666106,1.956833,0.258587,3.9347,10.720417,2.017418,0.261256,3.9273,-0.1222,-0.090907,0.876218,-0.1727,10.720417,1.862726,0.151317,6.0337,-1.000000,0.087886,1076.7585,0,1,dirt,0.8412,0.763530,0,0,0.000000,0.000000,0.000000,0,nan,0.00,-0.337772,0.6438,0.0000,-0.178343,0.4996,0.57,5.23,6.38,5.22,0.089633,6.2867,-2.0990,0.008000,0.014497,0.1018,-0.016895,0.021907,0.051739,-2189.5876238621313,-116.0014771575469,-2044.6803302438348,-198.24334188851483,-0.113059,-0.003604,6310.2,6310.4,0.161068,0.080942,-1.000000,3.9217,1.0000,,,,,
4.8840,1778909412.063030,407,10.656771,1.977973,0.260037,3.9900,-0.0486,-0.080312,10.712590,1.965973,0.257631,3.9425,10.681285,1.982944,0.259511,3.9402,-0.1151,-0.095276,0.837219,-0.1847,10.681285,1.856695,0.154532,6.0345,-1.000000,0.134214,1064.3493,0,1,dirt,0.9458,0.721662,1,0,0.000000,0.000000,0.000000,0,nan,0.00,-0.360499,0.6424,0.0000,-0.190343,0.5012,0.55,5.21,6.32,5.10,0.098773,6.2319,-2.0920,0.008000,0.081385,0.2080,-0.016188,0.035283,0.054266,-1607.048228993633,651.4875154898676,-2228.526365635355,-317.1602230511529,-0.126836,-0.007255,6320.1,6300.5,0.153861,0.054383,-1.000000,3.9349,1.0000,,,,,
4.8960,1778909412.075094,408,10.705925,1.925033,0.257022,3.9080,-0.0824,-0.079267,10.759202,1.974999,0.256631,3.9504,10.730313,1.929874,0.256481,3.9350,-0.1156,-0.099061,0.830480,-0.1967,10.730313,1.864231,0.150499,6.0335,0.526315,0.171050,1068.2445,0,1,dirt,0.9458,0.721662,0,0,0.000000,0.000000,0.000000,0,nan,0.00,-0.348537,0.6410,0.0000,-0.184028,0.5032,0.55,5.22,6.32,5.25,0.107799,6.1746,-2.0831,0.008000,0.052152,0.3251,-0.028570,0.044643,0.058895,-2169.8869619704988,-156.0173577051537,-2340.7785169693893,-347.9182813823978,-0.138481,-0.008471,6321.9,6298.7,0.152569,0.073540,-1.000000,3.9297,1.0000,,,,,
4.9080,1778909412.087041,409,10.722867,2.010151,0.260285,4.0115,-0.2226,-0.103241,10.805961,1.983734,0.255479,3.9550,10.747313,2.014895,0.259716,3.9507,-0.1367,-0.101838,0.827873,-0.1807,10.747313,1.866797,0.149088,6.0330,-1.000000,0.194492,1055.7655,0,1,dirt,0.9458,0.721662,0,0,0.000000,0.000000,0.000000,0,nan,0.00,-0.371264,0.6399,0.0000,-0.196028,0.5056,0.54,5.21,6.29,5.18,0.116534,6.1086,-2.0780,0.008000,0.005536,0.3765,-0.030862,0.028535,0.063280,-2503.370558140376,173.8888843513007,-2241.010021256607,-228.8675611576126,-0.123420,-0.004539,6322.6,6298.0,0.152047,0.046194,0.526315,3.9455,1.0000,,,,,
4.9200,1778909412.099043,410,10.791959,2.022693,0.256575,3.9656,-0.1965,-0.110368,10.852893,1.992019,0.254113,3.9622,10.816387,2.027164,0.255964,3.9546,-0.1539,-0.110447,0.826566,-0.2023,10.816387,1.876970,0.143389,6.0321,-1.000000,0.211754,1053.8805,0,1,dirt,0.9458,0.721662,0,0,0.000000,0.000000,0.000000,0,nan,0.00,-0.393992,0.6388,0.0000,-0.208028,0.5081,0.53,5.22,6.27,5.25,0.124819,6.0303,-2.0699,0.008000,0.109091,0.2348,-0.035428,0.026683,0.068626,-2511.7625063928326,2026.8785955519093,-2287.4919637994476,-191.5064238556326,-0.128994,-0.003272,6322.9,6297.6,0.151780,0.057733,-1.000000,3.9494,1.0000,,,,,
4.9320,1778909412.111075,411,10.931160,2.018582,0.255001,4.0909,-0.1400,-0.105821,10.899937,2.000206,0.252790,3.9685,10.955763,2.022988,0.254357,3.9820,-0.1577,-0.116450,0.826136,-0.2143,10.955763,1.896294,0.132223,6.0327,-1.000000,0.227121,1031.0963,0,1,dirt,0.9458,0.721662,0,0,0.000000,0.000000,0.000000,0,nan,0.00,-0.416719,0.6378,0.0000,-0.220028,0.5108,0.52,5.21,6.25,5.14,0.098106,7.1056,-2.0642,0.008000,0.045770,-0.2759,-0.014760,0.024414,0.064247,-2903.8670694605757,734.2316167581353,-2446.625999317978,-237.52046607883852,-0.139352,-0.004610,6323.1,6297.5,0.151682,0.029448,-1.000000,3.9768,1.0000,,,,,
4.9440,1778909412.123122,412,10.961595,2.017125,0.249347,3.9653,-0.0945,-0.108778,10.947078,2.008287,0.251484,3.9731,10.986192,2.021374,0.248674,3.9797,-0.1531,-0.122091,0.811955,-0.2263,10.986192,1.900305,0.129845,6.0329,-0.438025,0.250801,1034.0743,0,1,dirt,0.9458,0.721662,0,0,0.000000,0.000000,0.000000,0,nan,0.00,-0.426674,0.6370,0.0000,-0.225284,0.5138,0.53,5.21,6.26,5.20,0.106187,7.0307,-2.0598,0.008000,0.094879,-0.1106,-0.028727,0.042114,0.060905,-1886.935206102853,-290.9919303624763,-2619.6918359801075,-346.3500548646391,-0.151594,-0.008172,6326.7,6293.9,0.149056,0.060695,-1.000000,3.9746,1.0000,,,,,
4.9560,1778909412.179105,413,11.071920,2.031707,0.254216,4.0292,-0.0845,-0.108062,10.994301,2.016198,0.250139,3.9757,11.096489,2.036093,0.253525,3.9902,-0.1464,-0.125249,0.807281,-0.2280,11.096489,1.914221,0.121095,6.0332,-1.000000,0.275415,1027.2092,0,1,dirt,0.9458,0.721662,0,0,0.000000,0.000000,0.000000,0,nan,0.00,-0.449401,0.6363,0.0000,-0.237284,0.5171,0.52,5.30,6.34,5.85,0.114098,6.9536,-2.0575,0.008000,0.142106,0.7676,-0.028197,0.045574,0.060981,-2695.6381988657436,-631.1398134966339,-2833.2704625459464,-446.1205200573214,-0.157794,-0.011438,6327.9,6292.6,0.148170,0.041933,-0.438025,3.9852,1.0000,,,,,
4.9920,1778909412.185989,414,11.228921,2.036066,0.236171,3.8663,-0.2785,-0.138726,11.136924,2.037753,0.245309,3.9963,11.253911,2.039430,0.235350,3.9407,-0.2102,-0.143610,0.823579,-0.2437,11.253911,1.932324,0.107700,6.0330,0.339767,0.292492,1075.6100,0,1,dirt,0.9458,0.721662,0,0,0.000000,0.000000,0.000000,0,nan,0.00,-0.426235,0.6350,0.0000,-0.225052,0.5277,0.53,5.40,6.46,5.93,0.105853,7.8647,-2.0367,0.008000,0.161377,-0.7914,-0.088547,-0.001712,0.059220,-2954.4241790741225,-298.6115391616031,-2709.731428911674,-170.71298405329344,-0.144623,-0.002327,6323.8,6296.7,0.151133,0.085922,-0.333333,3.9354,1.0000,,,,,
5.0040,1778909412.192918,415,11.070685,1.994698,0.247775,4.0473,-0.2139,-0.145163,11.184716,2.044449,0.243585,3.9994,11.101569,1.999098,0.246711,3.9635,-0.2167,-0.150527,0.822622,-0.2224,11.101569,1.914838,0.120680,6.0332,1.000000,0.282455,1051.8925,0,1,dirt,0.9458,0.721662,0,0,0.000000,0.000000,0.000000,0,nan,0.00,-0.403508,0.6348,0.0000,-0.213052,0.5311,1.22,5.39,7.83,5.36,0.112549,7.7659,-2.0338,0.008000,0.048080,0.0688,-0.060924,0.000370,0.062095,-2525.4356154175744,-573.1306204822522,-2312.0294021098425,-217.47364197013766,-0.129043,-0.003536,6324.2,6296.3,0.150858,0.047728,1.019300,3.9571,1.0000,,,,,
5.0160,1778909412.199119,416,11.209210,2.022770,0.238402,4.1229,-0.1415,-0.147453,11.232618,2.050884,0.241786,4.0068,11.244212,2.027467,0.237167,3.9963,-0.2077,-0.153967,0.813739,-0.2043,11.244212,1.931271,0.108556,6.0330,0.922325,0.297506,1023.4035,0,1,dirt,0.9458,0.721662,0,0,0.000000,0.000000,0.000000,0,nan,0.00,-0.382546,0.6346,0.0000,-0.201984,0.5346,1.70,5.37,8.78,5.27,0.118984,7.6629,-2.0261,0.008000,0.097004,-0.6377,-0.044364,0.020690,0.056413,-2839.04728090324,-1867.3098873780166,-2187.0907978220066,-360.37529279225464,-0.118037,-0.008191,6326.5,6294.0,0.149189,0.026122,1.000000,3.9892,1.0000,,,,,
5.0280,1778909412.207137,417,11.292588,2.046147,0.235445,4.0010,-0.1383,-0.160307,11.280662,2.057051,0.239905,4.0123,11.326111,2.050576,0.234231,3.9983,-0.1967,-0.155333,0.808845,-0.1942,11.326111,1.939899,0.101400,6.0329,-0.742819,0.314648,1023.9233,0,1,dirt,0.9972,0.698889,1,0,0.000000,0.000000,0.000000,0,nan,0.00,-0.399428,0.6346,0.0000,-0.210898,0.5384,1.52,5.37,8.41,5.34,0.125151,7.5551,-2.0206,0.008000,0.098420,-0.5428,-0.045780,0.042802,0.061362,-2831.140015419348,-908.9423607277065,-2048.956047880979,-502.8501213937772,-0.106377,-0.013181,6327.8,6292.8,0.148285,0.057465,0.922325,3.9915,1.0000,,,,,
5.0400,1778909412.219108,418,11.328424,1.977821,0.232231,3.9843,-0.1610,-0.163675,11.328846,2.062954,0.237953,4.0189,11.360764,1.981905,0.231004,3.9966,-0.1975,-0.163516,0.804971,-0.2169,11.360764,1.943373,0.098428,6.0329,1.000000,0.327952,1026.3127,0,1,dirt,0.9972,0.698889,0,0,0.000000,0.000000,0.000000,0,nan,0.00,-0.376701,0.6346,0.0000,-0.198898,0.5423,1.37,5.34,8.09,5.19,0.131054,7.4432,-2.0140,0.008000,0.114289,-0.6005,-0.074508,0.054076,0.064938,-2464.016407576719,-1121.470247028722,-2174.9690910456484,-579.3955457806421,-0.113385,-0.016391,6328.8,6291.8,0.147564,0.061967,-0.742819,3.9901,1.0000,,,,,
5.0520,1778909412.276166,419,11.378355,2.090135,0.233280,4.0354,-0.2477,-0.178145,11.377146,2.068508,0.235873,4.0228,11.409584,2.093974,0.232065,4.0050,-0.2054,-0.164158,0.790869,-0.1911,11.409584,1.948091,0.094296,6.0330,-1.000000,0.354566,1020.5861,0,1,dirt,0.9972,0.698889,0,0,0.000000,0.000000,0.000000,0,nan,0.00,-0.399428,0.6347,0.0000,-0.210898,0.5466,1.24,5.44,7.92,6.02,0.112208,8.5401,-2.0102,0.008000,0.004951,-0.1825,-0.062002,0.041265,0.062608,-2925.7774776865335,-1281.9695542586269,-1882.819217859587,-569.9119883723249,-0.094836,-0.015937,6332.3,6288.2,0.144969,0.050449,1.000000,3.9988,1.0000,,,,,
5.0880,1778909412.283238,420,11.520503,2.054355,0.223420,4.0773,-0.3141,-0.169667,11.522753,2.083477,0.229334,4.0367,11.551885,2.057378,0.222127,4.0377,-0.2575,-0.177436,0.776755,-0.2186,11.551885,1.960705,0.082544,6.0330,-0.337297,0.383181,994.5453,0,1,dirt,0.9972,0.698889,0,0,0.000000,0.000000,0.000000,0,nan,0.00,-0.422426,0.6362,0.0000,-0.223041,0.5604,1.15,5.53,7.83,6.00,0.127177,8.1654,-1.9963,0.032000,0.056386,-1.0073,-0.039233,-0.016032,0.053920,-1863.3810290250558,-233.9514406922724,-1998.3942335231402,-327.5423188964751,-0.090578,-0.006683,6335.9,6284.6,0.142339,0.045045,-0.333333,4.0317,1.0000,,,,,
5.1000,1778909412.290204,421,11.571192,2.131137,0.228066,4.0428,-0.2449,-0.167405,11.571372,2.088515,0.227322,4.0436,11.607935,2.134736,0.226505,4.0409,-0.2638,-0.185154,0.777657,-0.2261,11.607935,1.965209,0.077811,6.0330,-1.000000,0.401066,994.1863,0,1,dirt,0.9972,0.698889,0,0,0.000000,0.000000,0.000000,0,nan,0.00,-0.445153,0.6368,0.0000,-0.235041,0.5652,1.77,5.49,9.03,5.28,0.132215,8.0501,-1.9894,0.008000,0.087222,0.4055,0.010822,0.026869,0.071683,-1709.2359225686669,-769.6014936937008,-1986.350506274695,-345.36188284140013,-0.101642,-0.007361,6335.9,6284.7,0.142371,0.049785,-1.011891,4.0338,1.0000,,,,,
5.1120,1778909412.296339,422,11.701266,2.070481,0.218761,4.1090,-0.2645,-0.170612,11.620078,2.093379,0.225292,4.0477,11.742837,2.073997,0.216942,4.0562,-0.2750,-0.195025,0.771157,-0.2452,11.742837,1.974929,0.065936,6.0330,-1.000000,0.418052,982.7197,0,1,dirt,0.9972,0.698889,0,0,0.000000,0.000000,0.000000,0,nan,0.00,-0.467881,0.6374,0.0000,-0.247041,0.5702,2.36,5.47,10.19,5.39,0.137079,7.9338,-1.9853,0.008000,0.204504,-0.7390,0.002614,0.014867,0.061548,-1795.6993422868236,-1439.522507289478,-2152.6931635281867,-345.12280439399694,-0.111996,-0.007211,6337.7,6282.9,0.141062,0.038103,-1.000000,4.0484,1.0000,,,,,
5.1240,1778909412.303077,423,11.634921,2.089772,0.215692,4.0473,-0.3100,-0.168202,11.668900,2.098072,0.223253,4.0562,11.674087,2.092811,0.213959,4.0555,-0.2874,-0.197950,0.762593,-0.2566,11.674087,1.970177,0.072074,6.0329,-0.311386,0.430677,982.6425,0,1,dirt,0.9972,0.698889,0,0,0.000000,0.000000,0.000000,0,nan,0.00,-0.474957,0.6381,0.0000,-0.250778,0.5754,2.07,5.44,9.57,5.25,0.122672,9.0509,-1.9767,0.008000,0.015004,-0.3483,-0.029523,-0.006649,0.060048,-1867.591668802605,-1891.9408971141145,-2265.5418458425643,-274.0885264299216,-0.120351,-0.004738,6339.9,6280.7,0.139502,0.052427,-1.000000,4.0482,1.0000,,,,,
5.1360,1778909412.315051,424,11.707900,2.107687,0.213119,4.0700,-0.1536,-0.166819,11.717820,2.102628,0.221225,4.0628,11.744993,2.110650,0.211476,4.0593,-0.2685,-0.196976,0.766121,-0.2536,11.744993,1.975072,0.065740,6.0330,-0.760139,0.439078,979.7401,0,1,dirt,0.9972,0.698889,0,0,0.000000,0.000000,0.000000,0,nan,0.00,-0.492233,0.6390,0.0000,-0.259899,0.5807,1.83,5.41,9.07,5.27,0.127228,8.9347,-1.9702,0.008000,0.019109,-0.3196,-0.026767,0.001216,0.051235,-1506.7490632028691,-490.49672874647626,-2537.465346374999,-424.48025525297584,-0.128747,-0.010098,6338.9,6281.6,0.140169,0.052429,-0.311386,4.0524,1.0000,,,,,
5.1480,1778909412.374274,425,11.807667,2.086877,0.214089,4.0526,-0.2808,-0.170263,11.766796,2.107105,0.219189,4.0635,11.842980,2.089634,0.212509,4.0588,-0.2772,-0.199692,0.738804,-0.2665,11.842980,1.981090,0.057011,6.0331,-0.664173,0.475814,984.0560,0,1,dirt,0.9972,0.698889,0,0,0.000000,0.000000,0.000000,0,nan,0.00,-0.507328,0.6399,0.0000,-0.267869,0.5864,1.62,5.49,8.73,5.90,0.131705,8.8181,-1.9696,0.008000,0.074722,-0.0323,-0.024666,-0.006448,0.057226,-1477.12598789002,-283.66713994049996,-2497.9190031860676,-386.8656629507476,-0.135282,-0.008631,6345.8,6274.7,0.135166,0.023016,-0.760139,4.0524,1.0000,,,,,
5.1840,1778909412.381207,426,11.901010,2.180419,0.211430,4.0590,-0.2564,-0.113480,11.913819,2.122123,0.214271,4.0829,11.935344,2.183215,0.210047,4.0612,-0.2825,-0.184326,0.714914,-0.2735,11.935344,1.985994,0.049131,6.0332,-1.000000,0.527279,986.6402,0,1,dirt,0.9972,0.698889,0,0,0.000000,0.000000,0.000000,0,nan,0.00,-0.575510,0.6440,0.0000,-0.303869,0.6053,1.46,5.58,8.50,6.07,0.133123,9.7662,-1.9503,0.032000,0.098942,-0.2417,-0.028921,-0.008411,0.075092,-1098.659467910277,116.90700942388708,-2748.8986092308182,-65.22623874549976,-0.150505,0.001431,6351.9,6268.6,0.130735,0.066374,-0.221391,4.0552,1.0000,,,,,
5.2080,1778909412.388242,427,12.069928,2.135172,0.212672,4.0688,-0.2568,-0.204299,12.012233,2.130384,0.210026,4.0822,12.104815,2.137690,0.211074,4.0657,-0.2936,-0.210361,0.711249,-0.3124,12.104815,1.993141,0.035065,6.0324,-1.000000,0.560005,987.0979,0,1,dirt,0.9603,0.684126,1,0,0.000000,0.000000,0.000000,0,nan,0.00,-0.620965,0.6471,0.0000,-0.327869,0.6188,1.48,5.52,8.47,5.23,0.141384,9.5230,-1.9502,0.008000,0.066122,0.2682,-0.059028,0.038813,0.088563,-4541.794323758126,-2408.5206110554905,-3059.2490287308974,-341.12490123769965,-0.178435,-0.006411,6353.0,6267.6,0.129971,0.053206,-1.500000,4.0596,1.0000,,,,,
5.2200,1778909412.399073,428,12.064123,2.158053,0.205306,4.1001,-0.2704,-0.210000,12.061668,2.133465,0.207513,4.0826,12.097717,2.160060,0.203687,4.0731,-0.3006,-0.222093,0.697607,-0.3361,12.097717,1.992890,0.035675,6.0324,-1.000000,0.592274,979.3065,0,1,dirt,0.9603,0.684126,0,0,0.000000,0.000000,0.000000,0,nan,0.00,-0.643692,0.6486,0.0000,-0.339869,0.6259,1.33,5.49,8.15,5.33,0.144465,9.3790,-1.9498,0.008000,0.102780,0.4507,-0.065898,0.041807,0.084426,-4541.568561690604,-2812.790370180519,-3275.119333256838,-409.28245027264984,-0.198321,-0.009372,6356.5,6264.1,0.127447,0.045809,-2.000000,4.0675,1.0000,,,,,
5.2320,1778909412.411064,429,12.074878,2.188847,0.205933,4.0998,-0.2934,-0.218567,12.111203,2.136008,0.204888,4.0838,12.107398,2.190649,0.204301,4.0791,-0.3082,-0.230773,0.685967,-0.3478,12.107398,1.993231,0.034843,6.0324,-1.000000,0.616953,974.9269,0,1,dirt,0.9603,0.684126,0,0,0.000000,0.000000,0.000000,0,nan,0.00,-0.666419,0.6503,0.0000,-0.351869,0.6333,1.20,5.45,7.86,5.23,0.147008,9.2286,-1.9485,0.008000,0.069188,0.6744,-0.058014,0.053433,0.089702,-4582.2525363983195,-1372.426224699473,-3347.0447356638965,-460.9976175616649,-0.205302,-0.011352,6359.4,6261.1,0.125288,0.043973,-1.000000,4.0737,1.0000,,,,,
5.2440,1778909412.423037,430,12.137606,2.094313,0.204975,4.0980,-0.3114,-0.218688,12.160795,2.138157,0.202217,4.0829,12.169070,2.095873,0.203343,4.0835,-0.3176,-0.238041,0.668740,-0.3595,12.169070,1.995215,0.029428,6.0323,0.035006,0.643721,974.5573,0,1,dirt,0.9603,0.684126,0,0,0.000000,0.000000,0.000000,0,nan,0.00,-0.665623,0.6521,0.0000,-0.351449,0.6410,1.09,5.45,7.62,5.43,0.140857,10.3237,-1.9494,0.008000,0.047850,0.7561,-0.057522,0.034813,0.082480,-4147.594230945459,-1975.4493444989398,-3419.668648412873,-483.3400734571843,-0.212416,-0.012105,6363.8,6256.8,0.122115,0.044709,-1.000000,4.0784,1.0000,,,,,
5.2560,1778909412.475182,431,12.147732,2.123693,0.197833,4.1735,-0.3261,-0.218554,12.210431,2.140203,0.199639,4.0869,12.178650,2.124907,0.196205,4.1019,-0.3249,-0.240884,0.680746,-0.3512,12.178650,1.995493,0.028570,6.0323,0.944298,0.647568,957.0239,0,1,dirt,0.9603,0.684126,0,0,0.000000,0.000000,0.000000,0,nan,0.00,-0.644162,0.6540,0.0000,-0.340118,0.6488,1.00,5.54,7.54,6.04,0.142903,10.1760,-1.9453,0.008000,0.105101,0.3033,-0.035873,0.033123,0.081207,-3404.2781880609236,29.102197785427734,-3267.235964395449,-476.04300900176554,-0.207901,-0.011958,6360.8,6259.8,0.124306,0.026861,0.035006,4.0968,1.0000,,,,,
5.2920,1778909412.482316,432,12.318813,2.214420,0.189717,3.9869,-0.3354,-0.259998,12.359662,2.143222,0.190819,4.0803,12.349491,2.214912,0.187919,4.0557,-0.3406,-0.259059,0.660956,-0.3331,12.349491,1.999037,0.012952,6.0352,-0.674483,0.692803,1003.5435,0,1,dirt,0.9603,0.684126,0,0,0.000000,0.000000,0.000000,0,nan,0.00,-0.690150,0.6613,0.0000,-0.364399,0.6737,0.96,5.62,7.53,6.06,0.145922,9.6706,-1.9549,0.008000,0.026220,-0.1087,-0.081890,0.022586,0.049595,-4530.922508029556,-1771.6669992162385,-2834.031638172005,-615.7649859359931,-0.179072,-0.018286,6365.8,6254.8,0.120661,0.070128,0.314766,4.0508,1.0000,,,,,
5.3040,1778909412.489243,433,12.520388,2.082192,0.184519,4.0244,-0.3412,-0.256128,12.409488,2.143408,0.187757,4.0799,12.556592,2.082271,0.182282,4.0514,-0.3604,-0.278664,0.650152,-0.3703,12.556592,1.999866,-0.004758,6.0283,0.908024,0.726363,1016.6247,0,1,dirt,0.9603,0.684126,0,0,0.000000,0.000000,0.000000,0,nan,0.00,-0.669513,0.6636,0.0000,-0.353503,0.6825,1.59,5.62,8.80,5.61,0.143408,10.7577,-1.9484,nan,nan,nan,nan,nan,nan,-3912.2137492007346,-2613.9267928701192,-3167.9648764767753,-644.9492227654601,-0.198906,-0.019380,6368.9,6251.7,0.118442,0.061649,-2.023448,4.0457,1.0000,,,,,
5.3160,1778909412.495699,434,12.473979,2.058354,0.170573,3.9582,-0.3752,-0.257641,12.459355,2.143178,0.184611,4.0794,12.509386,2.057805,0.168357,4.0343,-0.3656,-0.277142,0.646026,-0.3457,12.509386,1.999996,-0.000780,6.0323,1.000000,0.752046,1031.1248,0,1,dirt,0.9603,0.684126,0,0,0.000000,0.000000,0.000000,0,nan,0.00,-0.646785,0.6660,0.0000,-0.341503,0.6915,1.51,5.58,8.59,5.36,0.143178,10.5774,-1.9530,0.008000,0.111386,-1.1153,-0.108026,0.014093,0.065204,-3881.578741722649,-892.0651236934714,-2751.6745695602413,-635.1395916738038,-0.182198,-0.018825,6369.9,6250.6,0.117650,0.076199,0.908024,4.0288,1.0000,,,,,
5.3280,1778909412.507125,435,12.523024,2.055197,0.165929,4.0706,-0.4285,-0.277611,12.509259,2.142484,0.181321,4.0787,12.557193,2.054318,0.163754,4.0421,-0.3789,-0.279299,0.638471,-0.3332,12.557193,1.999863,-0.004810,6.0283,1.000000,0.778579,1024.4290,0,1,dirt,0.9603,0.684126,0,0,0.000000,0.000000,0.000000,0,nan,0.00,-0.624058,0.6685,0.0000,-0.329503,0.7008,1.37,5.52,8.25,5.17,0.142484,10.3889,-1.9496,0.008000,0.123974,-0.8909,-0.106053,0.006837,0.066627,-3933.480788990155,-678.3667756430073,-2520.3353585452173,-572.6653507595277,-0.162458,-0.017354,6371.9,6248.7,0.116265,0.049213,1.000000,4.0369,1.0000,,,,,
5.3400,1778909412.519085,436,12.502925,2.084878,0.173218,4.1977,-0.4467,-0.288147,12.559200,2.141333,0.177897,4.0777,12.536050,2.084111,0.171080,4.0730,-0.3926,-0.282525,0.626228,-0.3215,12.536050,1.999946,-0.003016,6.0302,1.000000,0.798116,996.6887,0,1,dirt,0.9603,0.684126,0,0,0.000000,0.000000,0.000000,0,nan,0.00,-0.601331,0.6712,0.0000,-0.317503,0.7104,1.23,5.45,7.92,5.11,0.141333,10.1928,-1.9525,0.008000,0.123894,-0.4587,-0.079738,-0.006339,0.066439,-4066.6486173589533,-308.9374381779825,-2314.447214578069,-506.63698517157803,-0.143741,-0.016066,6374.9,6245.6,0.114019,0.021833,1.000000,4.0680,1.0000,,,,,
5.3520,1778909412.573560,437,12.555981,2.083529,0.164433,4.0974,-0.3385,-0.308339,12.609176,2.139597,0.174247,4.0733,12.587905,2.082474,0.162315,4.0782,-0.3843,-0.287400,0.598408,-0.3098,12.587905,1.999675,-0.007449,6.0257,1.000000,0.835932,995.2489,0,1,dirt,0.9941,0.697632,1,0,0.000000,0.000000,0.000000,0,nan,0.00,-0.578604,0.6740,0.0000,-0.305503,0.7204,1.12,5.52,7.75,5.91,0.139597,9.9836,-1.9523,0.008000,0.038409,-0.8655,-0.076717,0.011472,0.067804,-4112.339113908083,-2046.0367231341565,-2123.9975489623193,-619.6602681412692,-0.129004,-0.021890,6382.0,6238.6,0.108918,0.045767,1.000000,4.0737,1.0000,,,,,
5.3880,1778909412.580529,438,12.735478,2.111875,0.160721,4.1979,-0.4799,-0.300569,12.759016,2.132522,0.163299,4.0691,12.767545,2.110269,0.158524,4.1301,-0.4267,-0.298056,0.584729,-0.2979,12.767545,1.996899,-0.023666,6.0378,0.427364,0.858470,957.9268,0,1,dirt,0.9941,0.697632,0,0,0.000000,0.000000,0.000000,0,nan,0.00,-0.549465,0.6843,0.0000,-0.290118,0.7513,1.04,5.62,7.71,6.19,0.135222,10.6188,-1.9687,0.032000,0.142319,-0.6529,-0.044271,-0.039368,0.046768,-3002.779329081862,-1873.6208700888458,-1977.0808646398607,-545.7402505884775,-0.101593,-0.015994,6385.5,6235.1,0.106361,0.024179,0.333333,4.1257,1.0000,,,,,
5.4000,1778909412.587660,439,12.760571,2.188375,0.162480,4.1313,-0.3805,-0.309771,12.808950,2.129553,0.159596,4.0674,12.798504,2.186516,0.159838,4.1319,-0.4210,-0.302065,0.574013,-0.2863,12.798504,1.996122,-0.026505,6.0483,-1.000000,0.882763,958.2641,0,1,dirt,0.9941,0.697632,0,0,0.000000,0.000000,0.000000,0,nan,0.00,-0.572192,0.6875,0.0000,-0.302118,0.7619,1.69,5.61,8.98,5.50,0.132253,10.4067,-1.9809,0.008000,0.028561,0.0268,0.004974,-0.025478,0.053546,-3219.619231735844,-1933.6237645146375,-1609.6689015429793,-630.7406502725158,-0.085325,-0.019879,6388.6,6232.0,0.104140,0.039392,1.282091,4.1268,1.0000,,,,,
5.4120,1778909412.594094,440,12.766961,2.187153,0.157397,4.0177,-0.3030,-0.315562,12.858899,2.126209,0.155807,4.0670,12.806735,2.184982,0.154536,4.1110,-0.4096,-0.312600,0.564016,-0.3116,12.806735,1.995901,-0.027252,6.0514,-1.000000,0.908155,976.6810,0,1,dirt,0.9941,0.697632,0,0,0.000000,0.000000,0.000000,0,nan,0.00,-0.594920,0.6908,0.0000,-0.314118,0.7728,1.94,5.60,9.48,5.60,0.128909,10.1896,-1.9844,0.008000,0.230992,0.1708,-0.010716,0.014953,0.075178,-3502.1824795800767,-1032.6035423943513,-1836.1223460139622,-801.7688480482774,-0.098627,-0.027248,6391.2,6229.3,0.102183,0.065497,-1.000000,4.1057,1.0000,,,,,
5.4240,1778909412.603127,441,12.780165,2.178558,0.150169,4.0147,-0.4142,-0.317345,12.908844,2.122593,0.152005,4.0676,12.817907,2.176056,0.147391,4.0931,-0.4164,-0.318773,0.559607,-0.3232,12.817907,1.995591,-0.028261,6.0559,-1.000000,0.929970,992.1783,0,1,dirt,0.9941,0.697632,0,0,0.000000,0.000000,0.000000,0,nan,0.00,-0.617647,0.6942,0.0000,-0.326118,0.7840,1.71,5.57,9.00,5.35,0.133593,11.2198,-1.9883,0.008000,0.193341,0.5458,-0.010846,-0.016805,0.024538,-2932.0540789456068,-1274.7390520898948,-1943.9815203315752,-819.7638604288262,-0.106483,-0.028133,6392.3,6228.2,0.101402,0.067816,-1.000000,4.0881,1.0000,,,,,
5.4360,1778909412.615328,442,13.001963,2.081937,0.147168,4.0716,-0.4459,-0.315987,12.958753,2.118757,0.148211,4.0638,13.037990,2.079280,0.144475,4.0895,-0.4276,-0.324152,0.541406,-0.3347,13.037990,1.987275,-0.046919,6.1254,1.000000,0.962607,1006.7272,0,1,dirt,0.9941,0.697632,0,0,0.000000,0.000000,0.000000,0,nan,0.00,-0.594920,0.6978,0.0000,-0.314118,0.7955,1.53,5.52,8.58,5.24,0.129757,11.0025,-2.0616,0.008000,0.053672,0.6500,-0.021106,-0.037993,0.016386,-2670.6324021237347,-1221.832766622037,-2034.973633926465,-797.2832548333031,-0.114337,-0.027167,6396.9,6223.7,0.098089,0.057368,-1.000000,4.0849,1.0000,,,,,
5.4480,1778909412.671706,443,12.981555,2.149190,0.144753,4.0385,-0.4072,-0.343214,13.008633,2.114474,0.144257,4.0589,13.015976,2.146508,0.142137,4.0804,-0.4224,-0.324254,0.543880,-0.3059,13.015976,1.988289,-0.045115,6.1242,-0.199965,0.983711,1012.1797,0,1,dirt,0.9941,0.697632,0,0,0.000000,0.000000,0.000000,0,nan,0.00,-0.599464,0.7015,0.0000,-0.316517,0.8073,1.37,5.55,8.29,5.75,0.125474,10.7759,-2.0653,0.008000,0.084002,0.1103,-0.059681,-0.026041,0.018243,-3238.376797142794,-2172.9523626226055,-1737.4663191521736,-820.6288409121146,-0.098454,-0.030470,6396.2,6224.3,0.098557,0.071334,1.000000,4.0759,1.0000,,,,,
5.4840,1778909412.678465,444,13.156554,1.981033,0.135673,3.9557,-0.4479,-0.316606,13.158149,2.100020,0.132387,4.0581,13.189745,1.977868,0.133093,4.0298,-0.4402,-0.328009,0.520849,-0.3181,13.189745,1.979175,-0.059884,6.1168,1.000000,1.027358,1070.9123,0,1,dirt,0.9941,0.697632,0,0,0.000000,0.000000,0.000000,0,nan,0.00,-0.531283,0.7149,0.0000,-0.280517,0.8443,1.25,5.61,8.12,5.97,0.124620,11.3258,-2.0587,0.032000,0.174197,0.1202,-0.112498,-0.037474,0.031172,-2378.1729126572163,-2056.8850553032285,-1802.8236121143268,-825.9220365032609,-0.092372,-0.027629,6402.1,6218.5,0.094325,0.088752,-0.066655,4.0256,1.0000,,,,,
5.4960,1778909412.685351,445,13.230947,2.029138,0.120426,3.9909,-0.4218,-0.311096,13.207893,2.095092,0.128656,4.0566,13.268812,2.025032,0.117518,4.0236,-0.4317,-0.317836,0.515638,-0.2713,13.268812,1.974154,-0.066988,6.1268,1.000000,1.067670,1074.3160,0,1,dirt,0.9941,0.697632,0,0,0.000000,0.000000,0.000000,0,nan,0.00,-0.508555,0.7190,0.0000,-0.268517,0.8571,1.81,5.58,9.19,5.36,0.119692,11.1120,-2.0701,0.008000,0.070563,-0.4751,-0.169700,-0.023017,0.028333,-2690.9271274521025,-2218.940187081188,-1172.6035741960063,-830.4627769505537,-0.056027,-0.027608,6403.8,6216.8,0.093082,0.082496,3.000000,4.0189,1.0000,,,,,
5.5080,1778909412.691651,446,13.290117,2.049736,0.116112,4.0965,-0.5103,-0.312269,13.257623,2.089861,0.124886,4.0567,13.331942,2.044922,0.112926,4.0391,-0.4440,-0.315005,0.519488,-0.2584,13.331942,1.969740,-0.072603,6.1507,1.000000,1.082070,1061.2348,0,1,dirt,0.9941,0.697632,0,0,0.000000,0.000000,0.000000,0,nan,0.00,-0.485828,0.7233,0.0000,-0.256517,0.8701,2.29,5.53,10.12,5.29,0.114461,10.8960,-2.0940,0.008000,0.132971,-0.7746,-0.155391,-0.056820,0.017199,-2526.356558233596,-2024.6346074957269,-1002.3429541187325,-723.8116594622995,-0.040730,-0.023304,6403.2,6217.4,0.093539,0.055946,1.000000,4.0339,1.0000,,,,,
5.5200,1778909412.699074,447,13.341423,2.117921,0.111336,4.0705,-0.5041,-0.310431,13.307344,2.084448,0.121148,4.0585,13.380852,2.113148,0.108355,4.0460,-0.4516,-0.311400,0.523364,-0.2470,13.380852,1.966078,-0.076850,6.1739,-1.000000,1.086235,1055.3720,0,1,dirt,0.8765,0.749391,1,0,0.000000,0.000000,0.000000,0,nan,0.00,-0.508555,0.7277,0.0000,-0.268517,0.8832,2.01,5.46,9.49,5.04,0.109048,10.6818,-2.1155,0.008000,0.121489,-0.6841,-0.126381,-0.065182,0.039950,-2370.771246744413,-1788.9457713294096,-740.0231545513357,-655.5552080986641,-0.026229,-0.020025,6402.0,6218.5,0.094343,0.066220,1.000000,4.0410,1.0000,,,,,
5.5320,1778909412.711095,448,13.361464,2.081179,0.119435,4.0975,-0.4841,-0.309764,13.357078,2.078856,0.117413,4.0612,13.398883,2.076870,0.116594,4.0565,-0.4628,-0.317568,0.515634,-0.2776,13.398883,1.964675,-0.078393,6.1826,-1.000000,1.087326,1049.3190,0,1,dirt,0.8765,0.749391,0,0,0.000000,0.000000,0.000000,0,nan,0.00,-0.531283,0.7322,0.0000,-0.280517,0.8962,1.79,5.43,9.01,5.28,0.103456,10.4678,-2.1214,0.008000,0.140283,0.2247,-0.097113,-0.062768,0.047356,-2548.3420936036464,-724.601415960288,-862.8791266761137,-657.0066880039565,-0.037463,-0.018268,6403.9,6216.7,0.093019,0.057238,-1.000000,4.0519,1.0000,,,,,
5.5440,1778909412.769936,449,13.421965,2.061324,0.113862,4.1301,-0.4174,-0.307281,13.406830,2.073143,0.113716,4.0670,13.457692,2.057077,0.111149,4.0715,-0.4588,-0.320113,0.521428,-0.2891,13.457692,1.959909,-0.083341,6.2075,-0.377480,1.077559,1038.9266,0,1,dirt,0.8765,0.749391,0,0,0.000000,0.000000,0.000000,0,nan,0.00,-0.539862,0.7368,0.0000,-0.285047,0.9091,1.59,5.50,8.67,5.88,0.116843,11.4900,-2.1405,0.008000,0.038228,0.1032,-0.076587,-0.048864,0.051099,-2378.794270167575,-1345.4383763621124,-1133.1146713941807,-691.9219785574471,-0.052382,-0.019802,6402.3,6218.3,0.094169,0.052668,-1.000000,4.0671,1.0000,,,,,
5.5800,1778909412.776837,450,13.457785,2.037469,0.103738,4.1047,-0.4221,-0.313538,13.556167,2.055092,0.102692,4.0731,13.492553,2.033077,0.101092,4.0872,-0.4489,-0.321515,0.526009,-0.2882,13.492553,1.956946,-0.086212,6.2178,0.370352,1.062370,1026.9675,0,1,dirt,0.8765,0.749391,0,0,0.000000,0.000000,0.000000,0,nan,0.00,-0.514610,0.7529,0.0000,-0.271714,0.9474,1.43,5.58,8.43,6.01,0.098792,10.8583,-2.1446,0.032000,0.077960,-0.3422,-0.051925,-0.046261,0.042345,-2755.909997660175,-1719.9598708900612,-1374.0829302635882,-761.786619863261,-0.059975,-0.023129,6401.0,6219.5,0.095076,0.056132,-0.125827,4.0828,1.0000,,,,,
5.6040,1778909412.783821,451,13.700263,2.062256,0.096586,4.0386,-0.4760,-0.312604,13.655761,2.041783,0.095153,4.0769,13.734818,2.057561,0.093960,4.0728,-0.4555,-0.317196,0.516701,-0.2686,13.734818,1.933537,-0.106707,6.2169,-0.889236,1.071110,1048.1142,0,1,dirt,0.8765,0.749391,0,0,0.000000,0.000000,0.000000,0,nan,0.00,-0.555030,0.7634,0.0000,-0.293056,0.9731,1.38,5.52,8.29,5.21,0.109883,11.6423,-2.1401,0.008000,0.085648,0.6217,-0.006665,-0.081894,-0.002283,-2474.578348816738,-719.4587482916877,-1122.2870400723677,-706.7983227391626,-0.042906,-0.020322,6403.4,6217.2,0.093391,0.070654,0.555528,4.0685,1.0000,,,,,
5.6160,1778909412.794993,452,13.740684,2.036265,0.085104,4.1500,-0.4184,-0.308048,13.705533,2.034911,0.091438,4.0765,13.773887,2.031385,0.082566,4.0883,-0.4561,-0.323402,0.512444,-0.3002,13.773887,1.929284,-0.110144,6.2252,0.092952,1.070554,1036.3855,0,1,dirt,0.8765,0.749391,0,0,0.000000,0.000000,0.000000,0,nan,0.00,-0.552918,0.7685,0.0000,-0.291941,0.9859,1.24,5.47,7.94,5.14,0.103011,11.4294,-2.1487,0.008000,0.039873,0.2108,-0.006810,-0.066309,0.004205,-2509.760135710705,-1479.4515381095578,-1372.7864364554737,-726.9916135088749,-0.066827,-0.021444,6404.4,6216.2,0.092663,0.044708,-1.778472,4.0843,1.0000,,,,,
5.6280,1778909412.807144,453,13.683514,2.023494,0.081351,4.0862,-0.4851,-0.316453,13.755294,2.027742,0.087657,4.0759,13.715612,2.018600,0.078894,4.0885,-0.4617,-0.322626,0.500081,-0.2912,13.715612,1.935577,-0.105024,6.2152,1.000000,1.081920,1036.0655,0,1,dirt,0.8765,0.749391,0,0,0.000000,0.000000,0.000000,0,nan,0.00,-0.530190,0.7736,0.0000,-0.279941,0.9989,1.13,5.44,7.71,5.29,0.095842,11.2128,-2.1393,0.008000,0.116587,0.2369,-0.013640,-0.067022,0.003284,-2289.9976755245575,-907.4315446960064,-1485.9941916895891,-686.7903368912945,-0.063523,-0.019933,6407.4,6213.1,0.090442,0.060701,0.092952,4.0846,1.0000,,,,,
5.6400,1778909412.819075,454,13.775853,2.014961,0.085242,4.0401,-0.4438,-0.318645,13.805043,2.020309,0.083832,4.0784,13.807013,2.010355,0.082860,4.0798,-0.4565,-0.319472,0.503460,-0.2724,13.807013,1.925572,-0.113012,6.2369,0.280160,1.088173,1046.1358,0,1,dirt,0.8765,0.749391,0,0,0.000000,0.000000,0.000000,0,nan,0.00,-0.523823,0.7788,0.0000,-0.276579,1.0120,1.04,5.44,7.52,5.42,0.088409,10.9937,-2.1586,0.008000,0.039389,0.0232,-0.032089,-0.044206,0.020966,-2626.6053794629183,-1063.0613534585111,-1208.149133710607,-712.3166245115951,-0.050976,-0.020895,6406.5,6214.0,0.091090,0.069898,1.000000,4.0760,1.0000,,,,,
5.6520,1778909412.871749,455,13.789856,2.063200,0.083200,4.0754,-0.4804,-0.249059,13.854820,2.014004,0.080833,4.0890,13.820411,2.058715,0.080947,4.0795,-0.4616,-0.309233,0.489180,-0.2745,13.820411,1.924044,-0.114159,6.2427,-1.000000,1.108038,1047.1197,0,1,dirt,0.8765,0.749391,0,0,0.000000,0.000000,0.000000,0,nan,0.00,-0.546550,0.7842,0.0000,-0.288579,1.0253,0.97,5.53,7.47,6.03,0.082104,10.8218,-2.1537,0.008000,0.101013,0.2327,-0.047754,-0.046617,0.042197,-582.5640785046483,92.44059624302156,-1325.1317272516176,-603.6665505031373,-0.050886,-0.014251,6410.1,6210.5,0.088483,0.068752,0.280160,4.0759,1.0000,,,,,
5.6880,1778909412.878969,456,14.022709,2.019850,0.070723,4.1304,-0.4010,-0.355297,14.003994,1.989881,0.068993,4.0767,14.053690,2.014829,0.068281,4.1022,-0.4444,-0.331819,0.479605,-0.2960,14.053690,1.895034,-0.132966,6.3625,-0.500958,1.116029,1038.6968,0,1,dirt,0.8765,0.749391,0,0,0.000000,0.000000,0.000000,0,nan,0.00,-0.580707,0.8024,0.0000,-0.306613,1.0654,0.96,5.65,7.57,6.33,0.087781,11.3313,-2.2858,0.008000,0.120930,0.1021,-0.041084,-0.031697,0.018414,-4141.855557164339,-1339.0516989716393,-1285.546826864097,-814.5211274700562,-0.061077,-0.029290,6412.6,6208.0,0.086680,0.048103,-0.333333,4.0987,1.0000,,,,,
5.7000,1778909412.886314,457,14.097690,1.962260,0.060653,4.0432,-0.4146,-0.363454,14.053610,1.980728,0.064660,4.0729,14.134956,1.955662,0.057614,4.0922,-0.4475,-0.343691,0.472595,-0.3111,14.134956,1.883897,-0.139440,6.3893,1.000000,1.125257,1051.7186,0,1,dirt,0.7351,0.805942,1,0,0.000000,0.000000,0.000000,0,nan,0.00,-0.557979,0.8079,0.0000,-0.294613,1.0790,1.68,5.61,8.96,5.37,0.078628,11.0830,-2.3163,nan,nan,nan,nan,nan,nan,-3550.65157580712,-1494.6550328461421,-1448.9009762156074,-908.8176867797079,-0.076527,-0.033457,6414.8,6205.7,0.085063,0.067460,-1.502874,4.0879,1.0000,,,,,
5.7120,1778909412.892663,458,13.966394,1.933284,0.058999,3.9091,-0.4823,-0.365942,14.103141,1.971159,0.060254,4.0682,14.003663,1.926437,0.055905,4.0575,-0.4511,-0.342894,0.461497,-0.2855,14.003663,1.901625,-0.129057,6.3414,1.000000,1.154035,1080.2973,0,1,dirt,0.7351,0.805942,0,0,0.000000,0.000000,0.000000,0,nan,0.00,-0.535252,0.8136,0.0000,-0.282613,1.0928,1.74,5.57,9.04,5.37,0.069059,10.8305,-2.2732,0.008000,0.194870,-0.1857,-0.071106,-0.037825,-0.005692,-3487.4273864841016,-1365.7338642250422,-1325.9352105158541,-1014.4950162871055,-0.057767,-0.034042,6417.7,6202.9,0.082990,0.099837,1.000000,4.0533,1.0000,,,,,
5.7240,1778909412.903127,459,14.184199,1.955554,0.057292,4.1336,-0.4402,-0.373752,14.152593,1.961186,0.055764,4.0654,14.219939,1.948913,0.054297,4.0728,-0.4478,-0.345099,0.454677,-0.2739,14.219939,1.871670,-0.146373,6.4145,0.909274,1.171648,1071.6969,0,1,dirt,0.7351,0.805942,0,0,0.000000,0.000000,0.000000,0,nan,0.00,-0.514587,0.8193,0.0000,-0.271702,1.1069,1.55,5.53,8.63,5.30,0.093986,11.7243,-2.3491,0.008000,0.013793,0.4049,-0.070710,-0.029306,0.004985,-3778.161553792747,-1772.7281920675455,-1091.920993190571,-1005.5233880289265,-0.044068,-0.036788,6419.4,6201.2,0.081774,0.043336,1.000000,4.0689,1.0000,,,,,
5.7360,1778909412.915088,460,14.235757,1.967391,0.042260,4.1155,-0.5987,-0.377161,14.201971,1.950826,0.051208,4.0617,14.270027,1.960225,0.039352,4.0816,-0.4721,-0.347639,0.445732,-0.2641,14.270027,1.864179,-0.150527,6.4315,0.525797,1.185166,1065.8610,0,1,dirt,0.7351,0.805942,0,0,0.000000,0.000000,0.000000,0,nan,0.00,-0.502637,0.8251,0.0000,-0.265392,1.1211,1.40,5.49,8.28,5.23,0.083626,11.4633,-2.3698,0.008000,0.105632,-0.2505,-0.060597,-0.060406,-0.008524,-3525.0298328003637,-1554.5677892123995,-678.1217227956085,-882.9255579383017,-0.024269,-0.031780,6421.6,6199.0,0.080177,0.049009,0.909274,4.0779,1.0000,,,,,
5.7480,1778909412.969811,461,14.286810,1.952214,0.048963,4.0311,-0.5183,-0.373261,14.251290,1.940211,0.046669,4.0633,14.319754,1.945436,0.046140,4.0724,-0.4791,-0.349886,0.450757,-0.2612,14.319754,1.856533,-0.154617,6.4513,-0.463032,1.188037,1076.3319,0,1,dirt,0.7351,0.805942,0,0,0.000000,0.000000,0.000000,0,nan,0.00,-0.513160,0.8310,0.0000,-0.270949,1.1353,1.26,5.54,8.06,5.84,0.073011,11.2032,-2.3880,0.008000,0.065134,-0.1117,-0.061274,-0.079483,-0.022642,-3091.798663205599,-1146.9446298141636,-459.33671835628246,-908.1499735107391,-0.013734,-0.031374,6420.2,6200.4,0.081149,0.067598,0.525797,4.0688,1.0000,,,,,
5.7840,1778909412.976675,462,14.401611,1.894717,0.031755,4.0824,-0.5384,-0.380096,14.398867,1.907001,0.033129,4.0571,14.433800,1.887209,0.028908,4.0779,-0.5030,-0.360890,0.433904,-0.2746,14.433800,1.838218,-0.163792,6.5056,0.622006,1.199390,1077.9273,0,1,dirt,0.7351,0.805942,0,0,0.000000,0.000000,0.000000,0,nan,0.00,-0.470751,0.8510,0.0000,-0.248556,1.1785,1.15,5.60,7.90,5.95,0.079901,11.5804,-2.4486,0.032000,0.195480,-1.0468,-0.053868,-0.094790,-0.034185,-2714.2441090586126,-1155.4056270205165,-333.9563180752419,-831.7860167723102,-0.010228,-0.029636,6424.4,6196.1,0.078082,0.059011,-0.154344,4.0745,1.0000,,,,,
5.7960,1778909412.983544,463,14.365327,1.953119,0.023707,3.9872,-0.5273,-0.386984,14.447916,1.895345,0.028499,4.0547,14.402276,1.944144,0.020427,4.0615,-0.4994,-0.355328,0.432430,-0.2429,14.402276,1.843388,-0.161284,6.4895,-0.335417,1.218002,1088.3950,0,1,dirt,0.7351,0.805942,0,0,0.000000,0.000000,0.000000,0,nan,0.00,-0.478374,0.8571,0.0000,-0.252581,1.1931,1.72,5.55,9.00,5.28,0.068245,11.3151,-2.4348,0.008000,0.104530,-0.6527,-0.092570,-0.111034,-0.017938,-2743.2202042772947,-1524.0331014194303,492.3457945188478,-858.5951085280788,0.015724,-0.030391,6425.2,6195.4,0.077527,0.080192,1.866017,4.0576,1.0000,,,,,
5.8080,1778909412.989770,464,14.488564,1.877597,0.021561,4.0485,-0.5178,-0.387842,14.496888,1.883443,0.023853,4.0533,14.526965,1.868095,0.018113,4.0598,-0.5028,-0.359979,0.428534,-0.2557,14.526965,1.822470,-0.171075,6.5568,1.000000,1.224808,1095.9633,0,1,dirt,0.7351,0.805942,0,0,0.000000,0.000000,0.000000,0,nan,0.00,-0.455647,0.8633,0.0000,-0.240581,1.2078,1.93,5.52,9.39,5.35,0.056343,11.0489,-2.5035,0.008000,0.060724,-0.0965,-0.083555,-0.106548,-0.008901,-3171.772286488828,-729.1954088150405,488.4339905035282,-862.8515681120625,0.013482,-0.031435,6426.3,6194.2,0.076698,0.067608,-0.335417,4.0559,1.0000,,,,,
5.8200,1778909412.999157,465,14.562814,1.816437,0.017472,4.0330,-0.4916,-0.390772,14.545779,1.871273,0.019189,4.0502,14.599277,1.807284,0.014183,4.0552,-0.4951,-0.357841,0.422245,-0.2316,14.599277,1.809771,-0.176596,6.5972,1.000000,1.232859,1104.1977,0,1,dirt,0.7351,0.805942,0,0,0.000000,0.000000,0.000000,0,nan,0.00,-0.432919,0.8695,0.0000,-0.228581,1.2226,1.72,5.49,8.93,5.33,0.044173,10.7816,-2.5470,0.008000,0.151990,-0.2374,-0.052177,-0.123259,-0.048643,-3096.5896395746117,-1427.809212720604,774.2104857975513,-915.880461380948,0.026147,-0.033795,6427.8,6192.8,0.075632,0.071079,1.000000,4.0514,1.0000,,,,,
5.8320,1778909413.011140,466,14.585627,1.872443,0.019045,4.0288,-0.4520,-0.392077,14.594578,1.858805,0.014483,4.0477,14.620519,1.863815,0.015885,4.0506,-0.4832,-0.357472,0.418844,-0.2200,14.620519,1.805963,-0.178196,6.6083,-0.319416,1.245559,1106.4050,0,1,dirt,0.7351,0.805942,0,0,0.000000,0.000000,0.000000,0,nan,0.00,-0.440179,0.8758,0.0000,-0.232414,1.2376,1.54,5.48,8.56,5.40,0.031705,10.5120,-2.5606,0.008000,0.046331,-0.0425,-0.071180,-0.106838,-0.037162,-3355.1880960522467,-1499.4219169750631,1035.195853950509,-1005.1811841026387,0.037067,-0.037705,6428.6,6192.0,0.075080,0.070004,1.000000,4.0471,1.0000,,,,,
5.8440,1778909413.067982,467,14.629240,1.802968,0.009500,4.0394,-0.5341,-0.391488,14.643311,1.846278,0.009884,4.0492,14.662616,1.794263,0.006440,4.0490,-0.4924,-0.362634,0.418613,-0.2350,14.662616,1.798312,-0.181338,6.6283,1.000000,1.246717,1111.8128,0,1,dirt,0.6251,0.849955,1,0,0.000000,0.000000,0.000000,0,nan,0.00,-0.417452,0.8818,0.0000,-0.220414,1.2525,1.37,5.53,8.28,5.82,0.064278,11.3228,-2.5791,0.008000,0.088219,0.2815,-0.080571,-0.105843,-0.044724,-1706.7827385065693,-548.6838052344946,1264.0050851682292,-984.7242712776258,0.035847,-0.036874,6428.5,6192.0,0.075097,0.065812,-0.319416,4.0456,1.0000,,,,,
5.8800,1778909413.074830,468,14.784329,1.765302,-0.006498,3.9715,-0.5043,-0.393726,14.788845,1.807829,-0.003664,4.0305,14.816242,1.756348,-0.009478,4.0177,-0.4886,-0.362058,0.395654,-0.2125,14.816242,1.769250,-0.192570,6.6641,0.750532,1.278217,1144.3888,0,1,dirt,0.6251,0.849955,0,0,0.000000,0.000000,0.000000,0,nan,0.00,-0.366279,0.8988,0.0000,-0.193395,1.2985,1.22,5.61,8.04,6.03,0.025829,10.5465,-2.6336,0.032000,0.109267,-1.0112,-0.102948,-0.103578,-0.049287,-4041.816650958458,-1514.5177432617954,1514.606136806412,-1112.0245804304386,0.051698,-0.039175,6434.3,6186.3,0.070934,0.084177,0.333333,4.0145,1.0000,,,,,
5.8920,1778909413.081843,469,14.867664,1.916074,-0.007353,4.0516,-0.4772,-0.395104,14.837068,1.794152,-0.008398,4.0234,14.904319,1.905914,-0.010732,4.0252,-0.4751,-0.352584,0.387794,-0.1865,14.904319,1.751777,-0.199158,6.6642,-1.000000,1.304990,1135.4101,0,1,dirt,0.6251,0.849955,0,0,0.000000,0.000000,0.000000,0,nan,0.00,-0.389006,0.9036,0.0000,-0.205395,1.3142,1.76,5.57,9.10,5.36,0.012152,10.2753,-2.6408,0.008000,0.126929,-0.0099,-0.099569,-0.082851,-0.040150,-3502.578235095463,-2030.7337394460692,1699.9266396555763,-1128.6773624364757,0.077648,-0.041061,6436.7,6183.9,0.069168,0.063863,2.251596,4.0217,1.0000,,,,,
5.9040,1778909413.088179,470,14.978673,1.804137,-0.019970,4.0817,-0.3906,-0.396149,14.885165,1.780140,-0.013139,4.0201,15.019699,1.792378,-0.023777,4.0371,-0.4607,-0.356668,0.380834,-0.2156,15.019699,1.727957,-0.208043,6.6770,-1.000000,1.309225,1128.1704,0,1,dirt,0.6251,0.849955,0,0,0.000000,0.000000,0.000000,0,nan,0.00,-0.411734,0.9083,0.0000,-0.217395,1.3299,2.33,5.54,10.20,5.37,0.048040,11.0795,-2.6569,0.008000,0.173403,-0.2787,-0.071423,-0.091592,-0.078954,-4177.043609150796,-2284.938461281813,1667.4587662192414,-1243.4504255446172,0.060627,-0.046748,6438.9,6181.7,0.067580,0.054703,-1.000000,4.0333,1.0000,,,,,
5.9160,1778909413.095070,471,14.881001,1.747996,-0.025125,4.0070,-0.4153,-0.390459,14.933120,1.765900,-0.017823,4.0127,14.919518,1.736777,-0.028736,4.0316,-0.4543,-0.361714,0.354813,-0.2270,14.919518,1.748700,-0.200313,6.6643,1.000000,1.340564,1138.3238,0,1,dirt,0.6251,0.849955,0,0,0.000000,0.000000,0.000000,0,nan,0.00,-0.389006,0.9127,0.0000,-0.205395,1.3460,2.05,5.48,9.57,5.16,0.033800,10.8111,-2.6515,0.008000,0.057014,-0.4148,-0.074479,-0.066863,-0.062836,-3687.230760491239,-2039.7713813790858,1382.914367919373,-1346.2040153552039,0.046187,-0.049841,6445.3,6175.3,0.062931,0.074628,-1.000000,4.0282,1.0000,,,,,
5.9280,1778909413.107136,472,15.095697,1.737262,-0.023278,3.9999,-0.5029,-0.393249,14.980960,1.751353,-0.022517,4.0085,15.132148,1.726688,-0.026684,4.0258,-0.4554,-0.357190,0.343566,-0.1963,15.132148,1.703722,-0.216416,6.7234,-0.395202,1.364231,1144.4488,0,1,dirt,0.6251,0.849955,0,0,0.000000,0.000000,0.000000,0,nan,0.00,-0.397988,0.9169,0.0000,-0.210138,1.3624,1.82,5.44,9.08,5.19,0.019253,10.5422,-2.7149,0.008000,0.094771,-0.0961,-0.074672,-0.128714,-0.123020,-3629.5652889384824,-1666.925268052451,1505.9615267565105,-1310.7541545158406,0.060427,-0.048382,6448.1,6172.5,0.060933,0.073773,1.000000,4.0227,1.0000,,,,,
5.9400,1778909413.166303,473,15.079882,1.776497,-0.026063,4.0082,-0.5104,-0.395649,15.028675,1.736491,-0.027238,4.0071,15.114502,1.766233,-0.029328,4.0228,-0.4653,-0.362472,0.339695,-0.2136,15.114502,1.707589,-0.215141,6.7146,-1.000000,1.384175,1145.8410,0,1,dirt,0.6251,0.849955,0,0,0.000000,0.000000,0.000000,0,nan,0.00,-0.420715,0.9209,0.0000,-0.222138,1.3790,1.62,5.49,8.73,5.79,0.004391,10.2717,-2.7074,0.008000,0.054648,-0.3552,-0.072570,-0.117266,-0.098398,-3779.0234857544815,-1919.0512608602455,1745.9772402515464,-1273.5025393866836,0.057897,-0.047022,6448.9,6171.6,0.060293,0.070059,-0.395202,4.0199,1.0000,,,,,
5.9760,1778909413.173121,474,15.053572,1.615554,-0.041922,3.9510,-0.4815,-0.393685,15.171114,1.690321,-0.041336,3.9906,15.086539,1.605087,-0.045094,3.9937,-0.4695,-0.367375,0.312507,-0.2305,15.086539,1.713670,-0.213091,6.7015,1.000000,1.424274,1183.9205,0,1,dirt,0.6251,0.849955,0,0,0.000000,0.000000,0.000000,0,nan,0.00,-0.352534,0.9322,0.0000,-0.186138,1.4303,1.44,5.58,8.46,6.11,0.013021,10.4984,-2.7109,0.032000,0.075732,-0.6932,-0.099743,-0.105273,-0.085279,-3765.9890329820364,-1754.1031394502927,1562.565132892932,-1307.4114300604856,0.048187,-0.047587,6455.8,6164.8,0.055341,0.084651,-0.333333,3.9911,1.0000,,,,,
6.0000,1778909413.180210,475,15.222878,1.626908,-0.044436,3.9658,-0.5968,-0.407820,15.265358,1.657530,-0.051192,3.9844,15.256183,1.615983,-0.047637,3.9855,-0.4915,-0.359082,0.313940,-0.1777,15.256183,1.675886,-0.224977,6.7895,1.000000,1.445254,1188.5515,0,1,dirt,0.6251,0.849955,0,0,0.000000,0.000000,0.000000,0,nan,0.00,-0.307079,0.9388,0.0000,-0.162138,1.4649,1.45,5.53,8.43,5.25,-0.019770,9.9337,-2.8050,0.008000,0.189625,0.0891,-0.081081,-0.152009,-0.115231,-3418.035605303641,-1752.5688369635723,1875.464500844028,-1105.3609519213528,0.095308,-0.040376,6455.5,6165.0,0.055513,0.081288,1.500000,3.9829,1.0000,,,,,
6.0120,1778909413.191052,476,15.304935,1.628846,-0.052400,3.8890,-0.5649,-0.411861,15.312298,1.640700,-0.056133,3.9804,15.336638,1.618079,-0.055469,3.9673,-0.4946,-0.356231,0.317707,-0.1540,15.336638,1.657247,-0.230330,6.8275,0.573583,1.457441,1204.0323,0,1,dirt,0.6251,0.849955,0,0,0.000000,0.000000,0.000000,0,nan,0.00,-0.294043,0.9417,0.0000,-0.155255,1.4824,1.30,5.48,8.08,5.19,-0.036600,9.6506,-2.8471,0.008000,0.126352,0.4036,-0.110497,-0.166054,-0.100976,-3821.908982617909,-1639.426601591937,2074.537433031473,-1097.9190784447376,0.123655,-0.039491,6454.5,6166.1,0.056266,0.102374,2.000000,3.9647,1.0000,,,,,
6.0240,1778909413.203104,477,15.388678,1.563182,-0.062404,3.8859,-0.5701,-0.418246,15.359098,1.623452,-0.061167,3.9766,15.419033,1.552402,-0.065389,3.9519,-0.5017,-0.358902,0.313693,-0.1508,15.419033,1.637688,-0.235823,6.8632,1.000000,1.466560,1221.8501,0,1,dirt,0.5399,0.884057,1,0,0.000000,0.000000,0.000000,0,nan,0.00,-0.271316,0.9445,0.0000,-0.143255,1.5000,1.18,5.44,7.80,5.19,-0.053848,9.3622,-2.8866,0.008000,0.091257,0.1434,-0.117589,-0.211207,-0.137017,-3291.0434144594647,-1280.3977713299857,2497.444129387837,-1070.5829644226405,0.134798,-0.039058,6455.4,6165.1,0.055586,0.104740,0.573583,3.9495,1.0000,,,,,
6.0360,1778909413.215084,478,15.414700,1.616709,-0.067747,3.9154,-0.4453,-0.427194,15.405765,1.605827,-0.066283,3.9750,15.443997,1.606213,-0.070660,3.9452,-0.4840,-0.360202,0.313164,-0.1357,15.443997,1.631667,-0.237490,6.8740,-0.063813,1.477820,1223.0754,0,1,dirt,0.5399,0.884057,0,0,0.000000,0.000000,0.000000,0,nan,0.00,-0.272766,0.9472,0.0000,-0.144020,1.5178,1.08,5.44,7.59,5.43,-0.012173,10.0237,-2.8990,0.008000,0.116442,-0.3062,-0.117297,-0.207457,-0.164499,-3410.6811320525617,-1578.1271542057607,2347.523869038167,-1230.4823584248852,0.144868,-0.045514,6455.5,6165.1,0.055542,0.096786,1.000000,3.9429,1.0000,,,,,
6.0480,1778909413.267713,479,15.481133,1.405433,-0.087683,3.9714,-0.5031,-0.461887,15.452196,1.587736,-0.071592,3.9600,15.509480,1.394537,-0.090596,3.9508,-0.4832,-0.370911,0.326584,-0.1445,15.509480,1.615664,-0.241865,6.9034,1.000000,1.453562,1232.0328,0,1,dirt,0.5399,0.884057,0,0,0.000000,0.000000,0.000000,0,nan,0.00,-0.250039,0.9497,0.0000,-0.132020,1.5352,0.98,5.51,7.47,5.91,-0.030264,9.7196,-2.9434,0.008000,0.246916,-1.2667,-0.108390,-0.156965,-0.128676,-2538.669754439901,109.34459647186696,3207.661115077704,-1203.4415657795416,0.146890,-0.050667,6452.0,6168.5,0.058049,0.104546,-0.063813,3.9484,1.0000,,,,,
6.0840,1778909413.274637,480,15.723062,1.533964,-0.082322,3.9491,-0.4689,-0.483215,15.590711,1.529450,-0.089090,3.9679,15.751235,1.523185,-0.085377,3.9510,-0.4623,-0.389019,0.326537,-0.1247,15.751235,1.553974,-0.257714,7.0000,-0.379284,1.439592,1215.3269,0,1,dirt,0.5399,0.884057,0,0,0.000000,0.000000,0.000000,0,nan,0.00,-0.275899,0.9569,0.0000,-0.145675,1.5870,0.91,5.56,7.39,5.88,-0.088550,8.7170,-3.0321,0.008000,0.248240,-0.0281,-0.076215,-0.177209,-0.195540,-2116.648121035356,-1856.6646191623784,3395.6801168691377,-1489.1350638792087,0.164357,-0.067215,6452.0,6168.6,0.058089,0.098027,0.333333,3.9487,1.0000,,,,,
6.0960,1778909413.281459,481,15.534477,1.515639,-0.086242,4.0391,-0.4638,-0.439985,15.636844,1.510468,-0.094340,3.9746,15.567680,1.502922,-0.089805,3.9689,-0.4564,-0.385006,0.319132,-0.1489,15.567680,1.601187,-0.245734,6.9311,1.000000,1.437108,1206.1365,0,1,dirt,0.5399,0.884057,0,0,0.000000,0.000000,0.000000,0,nan,0.00,-0.253172,0.9590,0.0000,-0.133675,1.6043,1.53,5.55,8.60,5.44,-0.043832,9.3561,-2.9566,nan,nan,nan,nan,nan,nan,327.0238924592416,-1811.2216808859662,2647.865442370503,-1614.0602902790238,0.147631,-0.068005,6454.3,6166.3,0.056406,0.077253,-1.137853,3.9662,1.0000,,,,,
6.1080,1778909413.287800,482,15.692017,1.530041,-0.098091,4.0586,-0.4926,-0.427694,15.682987,1.491581,-0.099475,3.9837,15.724676,1.517204,-0.101557,3.9869,-0.4532,-0.378869,0.344172,-0.1252,15.724676,1.560950,-0.256002,6.9941,0.484329,1.399851,1181.7638,0,1,dirt,0.5399,0.884057,0,0,0.000000,0.000000,0.000000,0,nan,0.00,-0.242164,0.9610,0.0000,-0.127863,1.6211,1.46,5.52,8.45,5.37,-0.062719,9.0619,-3.0104,0.008000,0.058677,-0.8334,-0.032843,-0.185815,-0.231414,-1456.3446285832977,-1575.2972320161643,2481.754860895668,-1608.3690232696742,0.157320,-0.066165,6447.9,6172.7,0.061053,0.062427,1.000000,3.9841,1.0000,,,,,
6.1200,1778909413.299146,483,15.739113,1.392869,-0.106095,4.0127,-0.5497,-0.425211,15.729148,1.472601,-0.104573,3.9906,15.770574,1.380164,-0.109423,3.9925,-0.4638,-0.377667,0.360297,-0.1239,15.770574,1.548865,-0.258957,7.0000,1.000000,1.351416,1185.0389,0,1,dirt,0.5399,0.884057,0,0,0.000000,0.000000,0.000000,0,nan,0.00,-0.219437,0.9628,0.0000,-0.115863,1.6373,1.33,5.49,8.15,5.34,-0.081699,8.7698,-3.0094,0.008000,0.098252,-0.8596,-0.009422,-0.251012,-0.303329,-1309.6488228866735,-1966.8706475621696,3046.6513060463667,-1545.248875436589,0.164257,-0.061868,6443.6,6176.9,0.064153,0.068701,0.484329,3.9896,1.0000,,,,,
6.1320,1778909413.311114,484,15.734880,1.455702,-0.105555,3.9165,-0.5304,-0.421140,15.775296,1.453531,-0.109622,3.9955,15.765207,1.443459,-0.108743,3.9784,-0.4666,-0.373034,0.372928,-0.1080,15.765207,1.550285,-0.258612,7.0000,1.000000,1.324781,1190.4220,0,1,dirt,0.5399,0.884057,0,0,0.000000,0.000000,0.000000,0,nan,0.00,-0.196710,0.9646,0.0000,-0.103863,1.6532,1.21,5.44,7.86,5.12,-0.100769,8.4806,-3.0045,0.008000,0.078780,-0.2450,-0.007799,-0.179611,-0.212968,-1117.88774289054,-1722.232371609491,2665.981075954104,-1533.5889827974493,0.177306,-0.059284,6440.2,6180.3,0.066615,0.092998,1.000000,3.9755,1.0000,,,,,
6.1440,1778909413.365726,485,15.766090,1.414679,-0.118606,4.1020,-0.6194,-0.415660,15.821478,1.434520,-0.114529,4.0049,15.795347,1.402364,-0.121654,4.0028,-0.4850,-0.369794,0.374286,-0.0962,15.795347,1.542281,-0.260542,7.0000,1.000000,1.295926,1170.1983,0,1,dirt,0.5399,0.884057,0,0,0.000000,0.000000,0.000000,0,nan,0.00,-0.173983,0.9663,0.0000,-0.091863,1.6687,1.10,5.50,7.69,5.86,-0.119780,8.1994,-2.9951,0.008000,0.085872,-0.6833,0.023423,-0.259344,-0.274235,-1490.1252126856743,-2217.6050539103358,2836.1522595739134,-1340.568021026069,0.191225,-0.051928,6439.7,6180.8,0.066972,0.049897,1.000000,3.9999,1.0000,,,,,
6.1800,1778909413.372610,486,15.990278,1.323844,-0.124632,3.9855,-0.4420,-0.379267,15.960283,1.379547,-0.127577,4.0139,16.018864,1.312128,-0.127462,3.9962,-0.4509,-0.350262,0.317602,-0.0844,16.018864,1.480998,-0.274552,6.9991,1.000000,1.324804,1178.3157,0,1,dirt,0.5399,0.884057,0,0,0.000000,0.000000,0.000000,0,nan,0.00,-0.105801,0.9712,0.0000,-0.055863,1.7164,0.98,5.59,7.55,6.07,-0.106753,8.3546,-2.9852,0.032000,0.121458,0.1750,0.010472,-0.274947,-0.313513,-3976.4225050463074,-2210.0235353259263,3341.361108188527,-1467.18890167263,0.187290,-0.051829,6454.0,6166.6,0.056627,0.077856,0.333333,3.9939,1.0000,,,,,
6.1920,1778909413.379593,487,16.089497,1.379038,-0.136402,4.0809,-0.4274,-0.401381,16.006275,1.360161,-0.132380,4.0074,16.122876,1.365274,-0.139606,4.0134,-0.4244,-0.330503,0.314673,-0.0472,16.122876,1.451351,-0.280736,6.9978,-1.000000,1.335973,1155.0005,0,1,dirt,0.5430,0.917212,1,0,0.000000,0.000000,0.000000,0,nan,0.00,-0.128528,0.9726,0.0000,-0.067863,1.7325,1.56,5.53,8.65,5.20,-0.126139,8.0794,-2.9904,0.008000,0.043654,-0.6946,0.027036,-0.251297,-0.259291,-3821.170882113972,-2024.6406919917777,2653.264406749662,-1437.1278614922135,0.218692,-0.054086,6455.2,6165.4,0.055745,0.051838,3.000000,4.0107,1.0000,,,,,
6.2040,1778909413.385769,488,16.001620,1.348915,-0.141395,3.9060,-0.4583,-0.414359,16.052071,1.340226,-0.137353,4.0032,16.036351,1.334337,-0.144770,3.9933,-0.4236,-0.333853,0.311210,-0.0770,16.036351,1.476063,-0.275616,6.9985,1.000000,1.354156,1180.1818,0,1,dirt,0.5430,0.917212,0,0,0.000000,0.000000,0.000000,0,nan,0.00,-0.105801,0.9739,0.0000,-0.055863,1.7487,1.80,5.50,9.11,5.36,-0.146074,7.7944,-2.9953,0.008000,0.051518,-0.7500,-0.010325,-0.199585,-0.226088,-4025.138181891489,-1809.3034997751838,3044.933149145604,-1536.7458682637262,0.207507,-0.055943,6456.2,6164.3,0.054988,0.092213,-1.000000,3.9905,1.0000,,,,,
6.2160,1778909413.395098,489,16.051712,1.294604,-0.147032,4.0122,-0.5600,-0.421828,16.097678,1.319848,-0.142422,3.9988,16.084776,1.280368,-0.150264,3.9973,-0.4348,-0.333165,0.304043,-0.0472,16.084776,1.462291,-0.278511,6.9977,1.000000,1.364996,1178.1122,0,1,dirt,0.5430,0.917212,0,0,0.000000,0.000000,0.000000,0,nan,0.00,-0.083073,0.9751,0.0000,-0.043863,1.7651,1.60,5.47,8.68,5.30,-0.166452,7.5040,-2.9989,0.008000,0.096403,-0.4348,-0.026661,-0.271500,-0.295696,-3742.4666805917814,-2232.048596327544,3152.902708429855,-1422.7382533045827,0.223912,-0.052863,6458.0,6162.6,0.053744,0.069828,1.000000,3.9947,1.0000,,,,,
6.2280,1778909413.407117,490,16.237549,1.217156,-0.140550,4.0055,-0.5000,-0.428284,16.143121,1.299083,-0.147535,3.9957,16.269369,1.203658,-0.143673,3.9992,-0.4355,-0.335423,0.296980,-0.0355,16.269369,1.408455,-0.288873,7.0000,1.000000,1.363679,1175.1600,0,1,dirt,0.5430,0.917212,0,0,0.000000,0.000000,0.000000,0,nan,0.00,-0.060346,0.9763,0.0000,-0.031863,1.7815,1.44,5.44,8.32,5.24,-0.115117,8.0383,-3.0043,0.008000,0.084657,0.3804,-0.031771,-0.257155,-0.265207,-3926.0033320481116,-2053.885494477059,3323.2316230492665,-1426.0622820415456,0.237318,-0.053828,6459.6,6160.9,0.052516,0.069367,1.000000,3.9968,1.0000,,,,,
6.2400,1778909413.463917,491,16.176358,1.217101,-0.140876,3.9489,-0.4507,-0.428578,16.188399,1.277934,-0.152702,3.9955,16.206886,1.204162,-0.143897,3.9898,-0.4273,-0.336951,0.293635,-0.0238,16.206886,1.426909,-0.285480,6.9992,0.898405,1.374490,1187.0652,0,1,dirt,0.5430,0.917212,0,0,0.000000,0.000000,0.000000,0,nan,0.00,-0.039928,0.9775,0.0000,-0.021082,1.7980,1.30,5.50,8.10,5.86,-0.136266,7.7423,-3.0038,0.008000,0.083370,0.2963,-0.028153,-0.279876,-0.322299,-1640.114398102594,494.8379337006721,3447.843819625757,-1512.645936164687,0.248998,-0.057166,6460.4,6160.2,0.051984,0.105302,1.000000,3.9875,1.0000,,,,,
6.2760,1778909413.470830,492,16.252049,1.137439,-0.181361,4.0023,-0.5542,-0.518375,16.322449,1.208815,-0.170928,3.9837,16.281283,1.122915,-0.184608,3.9962,-0.4512,-0.369802,0.330212,-0.0140,16.281283,1.404910,-0.289520,7.0000,1.000000,1.333800,1183.5054,0,1,dirt,0.5430,0.917212,0,0,0.000000,0.000000,0.000000,0,nan,0.00,0.028254,0.9807,0.0000,0.014918,1.8460,1.18,5.62,7.98,6.32,-0.205385,6.6980,-3.0163,0.032000,0.132572,-1.3022,-0.046503,-0.354972,-0.398870,-932.0693188262628,-3014.895122989695,4896.839446574555,-1386.1294029831408,0.281445,-0.067886,6451.1,6169.5,0.058740,0.078365,0.299468,3.9937,1.0000,,,,,
6.2880,1778909413.478168,493,16.334518,1.171980,-0.182835,4.0469,-0.4030,-0.508019,16.366877,1.185222,-0.177074,3.9913,16.368935,1.155211,-0.186599,4.0073,-0.4126,-0.352634,0.366106,0.0241,16.368935,1.378569,-0.294361,7.0000,1.000000,1.269779,1160.5471,0,1,dirt,0.5430,0.917212,0,0,0.000000,0.000000,0.000000,0,nan,0.00,0.050981,0.9816,0.0000,0.026918,1.8612,1.80,5.63,9.23,5.69,-0.228978,6.3459,-3.0087,0.008000,0.066592,-1.1658,-0.024002,-0.309540,-0.373824,1271.4662494613497,-3183.7498283896866,3351.714493280997,-1582.4140493383725,0.315204,-0.077026,6442.4,6178.2,0.065066,0.070385,3.000000,4.0040,1.0000,,,,,
6.3000,1778909413.484714,494,16.446628,1.199603,-0.172443,3.9616,-0.3484,-0.484314,16.411436,1.161833,-0.182997,4.0074,16.485996,1.181391,-0.176651,3.9998,-0.3748,-0.336403,0.386895,0.0374,16.485996,1.342654,-0.301055,7.0000,-1.000000,1.214238,1157.1767,0,1,dirt,0.5430,0.917212,0,0,0.000000,0.000000,0.000000,0,nan,0.00,0.028254,0.9825,0.0000,0.014918,1.8758,2.43,5.59,10.45,5.36,-0.176467,6.8109,-2.9926,0.008000,0.061260,0.0122,-0.049111,-0.318048,-0.426058,2537.465035824135,-2903.33254668919,4811.80156312386,-1860.2127457620704,0.322477,-0.085377,6437.4,6183.2,0.068700,0.082202,1.000000,3.9958,1.0000,,,,,
6.3120,1778909413.491041,495,16.490411,1.123375,-0.185067,4.0622,-0.3788,-0.463950,16.456112,1.138932,-0.188590,4.0147,16.527204,1.105836,-0.189066,4.0126,-0.3721,-0.349714,0.404380,0.0051,16.527204,1.329805,-0.303445,6.9999,-0.372767,1.155631,1149.2576,0,1,dirt,0.5430,0.917212,0,0,0.000000,0.000000,0.000000,0,nan,0.00,0.019782,0.9834,0.0000,0.010445,1.8896,2.12,5.55,9.79,5.32,-0.199368,6.4904,-2.9853,0.008000,0.095217,-0.3960,-0.015736,-0.176051,-0.281793,2859.1511091032044,-3210.3085177567955,4699.316268377037,-1944.850318721615,0.305211,-0.088561,6432.6,6188.0,0.072171,0.052313,-1.000000,4.0086,1.0000,,,,,
6.3240,1778909413.503062,496,16.470851,1.117743,-0.198023,4.0506,-0.4326,-0.435899,16.500942,1.116695,-0.193807,4.0229,16.505510,1.100733,-0.201784,4.0206,-0.3738,-0.350837,0.414508,0.0070,16.505510,1.336583,-0.302195,7.0000,1.000000,1.113423,1142.7291,0,1,dirt,0.5430,0.917212,0,0,0.000000,0.000000,0.000000,0,nan,0.00,0.042509,0.9842,0.0000,0.022445,1.9000,1.87,5.50,9.24,5.22,-0.221605,6.1915,-2.9771,0.008000,0.009763,-0.8275,-0.010921,-0.236791,-0.361418,4527.571834933039,-2843.3705193880623,4300.505400073011,-2004.7193361159993,0.297059,-0.086299,6429.7,6190.9,0.074252,0.049699,-0.372767,4.0168,1.0000,,,,,
6.3360,1778909413.562647,497,16.470378,1.066327,-0.200372,3.9958,-0.2665,-0.417028,16.545938,1.095083,-0.198672,4.0305,16.503261,1.050516,-0.203871,4.0166,-0.3423,-0.343476,0.442059,0.0313,16.503261,1.337284,-0.302064,7.0000,1.000000,1.062677,1149.2098,0,1,sand,0.6188,0.947520,1,0,0.000000,0.000000,0.000000,0,nan,0.00,0.065237,0.9849,0.0000,0.034445,1.9000,1.66,5.56,8.87,5.87,-0.243217,5.9128,-2.9694,0.008000,0.179548,-1.3268,-0.016189,-0.248128,-0.396073,3688.191873907701,-2829.8410772464877,4169.253521187291,-2166.5653696193126,0.298070,-0.091107,6422.5,6198.1,0.079489,0.012939,1.000000,4.0127,1.0000,,,,,
6.3720,1778909413.569552,498,16.643159,1.061922,-0.203624,4.0774,-0.2366,-0.243316,16.681432,1.037121,-0.209232,4.0139,16.675399,1.048130,-0.206336,4.0438,-0.2793,-0.274934,0.480398,0.0429,16.675399,1.282748,-0.311283,6.9999,-0.054456,0.978830,1112.1655,0,1,sand,0.6188,0.947520,0,0,0.000000,0.000000,0.000000,0,nan,0.00,0.061524,0.9871,0.0000,0.032484,1.9000,1.47,5.63,8.57,6.02,-0.221479,6.0469,-2.9860,0.032000,0.058184,-1.4915,0.020620,-0.235488,-0.375903,4809.756884728161,-2099.3493623350723,3343.31803529341,-2060.939375368345,0.258619,-0.071214,6412.6,6208.0,0.086683,0.051881,0.333333,4.0398,1.0000,,,,,
6.3960,1778909413.576566,499,16.774501,0.980633,-0.215278,4.0217,-0.2194,-0.194939,16.772683,1.002778,-0.214020,4.0250,16.807594,0.967084,-0.217629,4.0381,-0.2470,-0.231453,0.482596,0.0320,16.807594,1.239765,-0.317372,7.0000,-0.030973,0.922815,1117.6830,0,1,sand,0.6188,0.947520,0,0,0.000000,0.000000,0.000000,0,nan,0.00,0.060116,0.9883,0.0000,0.031741,1.9000,1.55,5.57,8.67,5.27,-0.255822,5.7726,-2.9750,0.008000,0.032285,0.3773,-0.009987,-0.102418,-0.199641,4815.357875141704,-1647.5499188117058,3110.8457899629225,-1739.7421777245877,0.226885,-0.057354,6411.9,6208.7,0.087178,0.066080,-0.081683,4.0339,1.0000,,,,,
6.4080,1778909413.587079,500,16.883247,0.940724,-0.219340,4.0039,-0.2468,-0.150134,16.818716,0.986701,-0.215880,4.0347,16.914929,0.928038,-0.221375,4.0322,-0.2408,-0.210245,0.488450,0.0315,16.914929,1.204212,-0.322390,7.0000,0.016941,0.883079,1120.3178,0,1,sand,0.6188,0.947520,0,0,0.000000,0.000000,0.000000,0,nan,0.00,0.060501,0.9889,0.0000,0.031944,1.9000,1.39,5.51,8.30,5.18,-0.271899,5.6661,-2.9653,0.008000,0.084060,-0.5185,-0.010343,-0.125070,-0.191682,3055.2605503246696,-1140.8984597302217,3088.407634157494,-1496.3284430943208,0.212119,-0.046806,6410.2,6210.3,0.088407,0.069495,-0.061946,4.0281,1.0000,,,,,
6.4200,1778909413.599107,501,16.860268,1.018522,-0.221407,4.0279,-0.1611,-0.141758,16.864887,0.970941,-0.217571,4.0440,16.890824,1.006717,-0.223183,4.0321,-0.2210,-0.191378,0.509558,0.0321,16.890824,1.212249,-0.321244,7.0000,-1.000000,0.847773,1113.1621,0,1,sand,0.6188,0.947520,0,0,0.000000,0.000000,0.000000,0,nan,0.00,0.037774,0.9894,0.0000,0.019944,1.9000,1.26,5.47,8.00,5.25,-0.287659,5.5691,-2.9560,0.008000,0.089708,0.1507,-0.024921,-0.171857,-0.235502,406.46210395096966,-1233.8989190511686,3035.6983260880925,-1384.1958693545666,0.196111,-0.041651,6404.7,6215.8,0.092401,0.062753,0.016941,4.0281,1.0000,,,,,
6.4320,1778909413.611065,502,16.850849,0.872415,-0.219758,4.0661,-0.2583,-0.130451,16.911161,0.955252,-0.219161,4.0508,16.880488,0.861258,-0.221332,4.0394,-0.2254,-0.178532,0.517330,0.0122,16.880488,0.861258,0.158107,7.0000,1.000000,0.808782,1119.2541,0,1,sand,0.6188,0.947520,0,0,0.000000,0.000000,0.000000,0,nan,0.00,0.060501,0.9899,0.0000,0.031944,1.9000,1.15,5.47,7.76,5.43,-0.220348,6.1510,-2.9492,0.008000,0.063417,0.9803,-0.026588,-0.203082,-0.230695,-1857.0389058488654,-735.0755579474156,2742.4479037138185,-1152.8765918659508,0.174412,-0.031839,6402.6,6217.9,0.093925,0.051719,-1.000000,4.0354,1.0000,,,,,
6.4440,1778909413.664145,503,17.034510,0.897558,-0.220068,4.0229,-0.1410,-0.161169,16.957242,0.938919,-0.221096,4.0429,17.063378,0.887040,-0.221498,4.0370,-0.2012,-0.164328,0.532764,0.0395,17.063378,1.154029,-0.329587,7.0000,-0.709802,0.767386,1108.4224,0,1,sand,0.6188,0.947520,0,0,0.000000,0.000000,0.000000,0,nan,0.00,0.044369,0.9904,0.0000,0.023427,1.9000,1.04,5.53,7.61,5.86,-0.236681,6.0401,-2.9571,0.008000,0.159037,1.0400,-0.027770,-0.188437,-0.221570,-3193.6574939770826,-787.5600454055234,2685.3614519141533,-1161.2440838695566,0.175682,-0.032141,6398.6,6222.0,0.096851,-0.025302,1.000000,4.0330,1.0000,,,,,
6.4800,1778909413.671016,504,17.072723,0.974785,-0.227967,3.9307,-0.2339,-0.250867,17.092334,0.884997,-0.229449,3.9504,17.100595,0.964153,-0.229479,3.9932,-0.2026,-0.180059,0.416040,0.0182,17.100595,1.141261,-0.331336,7.0000,-0.928411,0.881314,1147.1066,0,1,sand,0.6188,0.947520,0,0,0.000000,0.000000,0.000000,0,nan,0.00,-0.018932,0.9918,0.0000,-0.009996,1.9000,0.94,5.59,7.47,5.93,-0.290603,5.5615,-3.0496,0.008000,0.081275,0.3359,-0.101700,-0.150381,-0.181035,-2984.2444060929483,-1671.2702286284232,2832.2702035494294,-1383.1691252665228,0.173800,-0.039310,6428.0,6192.5,0.075464,-0.084372,-0.236601,3.9902,1.0000,,,,,
6.4920,1778909413.677783,505,17.167241,0.938191,-0.239504,4.0344,-0.2684,-0.259724,17.136347,0.866281,-0.232536,3.9131,17.199458,0.925326,-0.241310,4.0018,-0.2113,-0.186868,0.357699,-0.0180,17.199458,1.107002,-0.335793,7.0000,-1.000000,0.987686,1141.0598,0,1,sand,0.6188,0.947520,0,0,0.000000,0.000000,0.000000,0,nan,0.00,-0.041659,0.9922,0.0000,-0.021996,1.9000,1.50,5.54,8.54,5.29,-0.223019,6.0408,-3.0869,nan,nan,nan,nan,nan,nan,-2900.2022787798933,-994.5475206140446,2398.4087086864174,-1405.500865035288,0.143726,-0.040124,6443.3,6177.3,0.064389,-0.121095,-2.785233,3.9987,1.0000,,,,,
6.5040,1778909413.683958,506,17.251109,0.892423,-0.234704,3.9060,-0.2881,-0.262193,17.179818,0.847369,-0.235680,3.8770,17.282754,0.879759,-0.236539,3.9833,-0.2222,-0.194461,0.300926,-0.0305,17.282754,1.077763,-0.339342,7.0000,-0.106552,1.100280,1162.0518,0,1,sand,0.6188,0.947520,0,0,0.000000,0.000000,0.000000,0,nan,0.00,-0.044081,0.9926,0.0000,-0.023275,1.9000,1.46,5.49,8.42,5.21,-0.241931,5.8606,-3.1230,0.008000,0.096090,0.3478,-0.105579,-0.219706,-0.259563,-2341.944349206557,-936.3301692553873,2469.655284679479,-1400.375427603449,0.136499,-0.040277,6457.9,6162.7,0.053802,-0.101616,-1.000000,3.9808,1.0000,,,,,
6.5160,1778909413.695084,507,17.249220,0.849320,-0.237157,3.8895,-0.2476,-0.259948,17.222800,0.828376,-0.238800,3.8389,17.279407,0.837082,-0.238949,3.9651,-0.2218,-0.198042,0.246604,-0.0241,17.279407,1.078945,-0.339202,7.0000,1.000000,1.218547,1187.4210,0,1,sand,0.6776,0.971042,1,0,0.000000,0.000000,0.000000,0,nan,0.00,-0.021353,0.9929,0.0000,-0.011275,1.9000,1.32,5.46,8.09,5.25,-0.260924,5.6819,-3.1611,0.008000,0.079852,0.3004,-0.117901,-0.249212,-0.298192,-2363.8071065464233,-753.7508080534602,2624.0266524325,-1435.8028952399318,0.137123,-0.042225,6471.8,6148.8,0.043705,-0.115349,-0.106552,3.9631,1.0000,,,,,
6.5280,1778909413.707048,508,17.162882,0.750087,-0.244869,3.8378,-0.2357,-0.260856,17.265252,0.809323,-0.241912,3.7992,17.191701,0.738129,-0.246608,3.9404,-0.2162,-0.197560,0.194979,-0.0034,17.191701,0.738129,0.171490,7.0000,1.000000,1.340921,1229.5668,0,1,sand,0.6776,0.971042,0,0,0.000000,0.000000,0.000000,0,nan,0.00,0.001374,0.9933,0.0000,0.000725,1.9000,1.19,5.43,7.81,5.29,-0.279977,5.5035,-3.2008,0.008000,0.159141,-0.1460,-0.144232,-0.193146,-0.232973,-2111.496840322362,-677.4645058810964,2458.7552886411577,-1493.1756884062474,0.150576,-0.044576,6485.0,6135.6,0.034101,-0.122848,1.000000,3.9389,1.0000,,,,,
6.5400,1778909413.762090,509,17.291694,0.702565,-0.242775,3.7324,-0.2904,-0.267518,17.307173,0.790132,-0.245095,3.7612,17.319371,0.691016,-0.244480,3.9000,-0.2215,-0.198575,0.146057,0.0083,17.319371,0.691016,0.177335,7.0000,1.000000,1.460006,1267.6732,0,1,sand,0.6776,0.971042,0,0,0.000000,0.000000,0.000000,0,nan,0.00,0.024101,0.9936,0.0000,0.012725,1.9000,1.09,5.48,7.65,5.77,-0.299168,5.3212,-3.2388,0.008000,0.035610,-0.2057,-0.192242,-0.253633,-0.309107,-3045.2047116561735,-1031.1114492111228,2562.801868630598,-1477.0988434450132,0.167753,-0.044589,6497.6,6123.0,0.024985,-0.040589,1.000000,3.8989,1.0000,,,,,
6.5760,1778909413.768921,510,17.461766,0.736947,-0.252269,3.7825,-0.2760,-0.297665,17.430288,0.730200,-0.255505,3.7051,17.488456,0.725196,-0.254064,3.8510,-0.2262,-0.211200,0.115971,0.0202,17.488456,1.004185,-0.347558,7.0000,0.743187,1.564931,1303.5534,0,1,sand,0.6776,0.971042,0,0,0.000000,0.000000,0.000000,0,nan,0.00,0.074773,0.9945,0.0000,0.039480,1.9000,1.00,5.56,7.55,5.98,-0.269800,5.2994,-3.2949,0.032000,0.022725,-0.8215,-0.240097,-0.252454,-0.305898,-3918.975985729349,-1035.4818734038022,2910.463626005154,-1616.1550879862177,0.191613,-0.051529,6505.4,6115.2,0.019320,0.003012,0.333333,3.8502,1.0000,,,,,
6.5880,1778909413.775736,511,17.477787,0.763143,-0.254735,3.7115,-0.3643,-0.311019,17.470707,0.709480,-0.259186,3.6933,17.508610,0.749353,-0.256811,3.8243,-0.2304,-0.201042,0.114386,0.0460,17.508610,0.996875,-0.348325,7.0000,-0.021418,1.632955,1324.7978,0,1,sand,0.6776,0.971042,0,0,0.000000,0.000000,0.000000,0,nan,0.00,0.074286,0.9948,0.0000,0.039223,1.9000,1.58,5.56,8.71,5.58,-0.290520,5.0886,-3.3067,0.008000,0.062695,-0.4154,-0.211516,-0.213110,-0.249362,-4152.853868394215,-811.755666086074,2653.5987676706973,-1587.099908213269,0.227598,-0.050310,6506.4,6114.1,0.018529,0.032006,2.229560,3.8233,1.0000,,,,,
6.6000,1778909413.782129,512,17.537395,0.651906,-0.259474,3.6692,-0.3071,-0.317777,17.510860,0.688364,-0.262979,3.6832,17.569911,0.637025,-0.261727,3.7945,-0.2316,-0.202853,0.112817,0.0390,17.569911,0.637025,0.130138,7.0000,1.000000,1.671108,1359.5780,0,1,sand,0.6776,0.971042,0,0,0.000000,0.000000,0.000000,0,nan,0.00,0.097013,0.9950,0.0000,0.051223,1.9000,1.87,5.52,9.25,5.27,-0.311636,4.8712,-3.3168,0.008000,0.134013,0.0300,-0.244057,-0.225415,-0.276307,-4475.8599814361005,-970.6023052705916,2921.3988153686537,-1633.433968105135,0.232987,-0.052919,6507.2,6113.3,0.017957,0.056465,-0.021418,3.7935,1.0000,,,,,
6.6120,1778909413.791195,513,17.560577,0.589828,-0.268144,3.6843,-0.3272,-0.328331,17.550762,0.666826,-0.266892,3.6772,17.591099,0.575341,-0.270344,3.7733,-0.2363,-0.207800,0.116882,0.0600,17.591099,0.575341,0.199032,7.0000,1.000000,1.691116,1385.8069,0,1,sand,0.6776,0.971042,0,0,0.000000,0.000000,0.000000,0,nan,0.00,0.119741,0.9953,0.0000,0.063223,1.9000,1.65,5.48,8.79,5.29,-0.333174,4.6470,-3.3228,0.008000,0.174121,-0.6967,-0.241027,-0.207637,-0.255577,-4005.0859183238153,-962.0249599458484,2972.9440198250527,-1671.7503076449293,0.251267,-0.054901,6506.1,6114.5,0.018784,0.064215,1.000000,3.7724,1.0000,,,,,
6.6240,1778909413.803071,514,17.602399,0.627047,-0.283698,3.6706,-0.3895,-0.333140,17.590468,0.644960,-0.270884,3.6722,17.631149,0.612566,-0.285857,3.7536,-0.2514,-0.213513,0.121486,0.0717,17.631149,0.612566,0.125236,7.0000,1.000000,1.705380,1397.2923,0,1,sand,0.6776,0.971042,0,0,0.000000,0.000000,0.000000,0,nan,0.00,0.142468,0.9955,0.0000,0.075223,1.9000,1.48,5.44,8.40,5.22,-0.355040,4.4183,-3.3278,0.008000,0.080757,-1.4292,-0.237060,-0.274674,-0.330417,-3811.811940304674,-860.1131216125184,3060.3919832845922,-1648.980372684859,0.271966,-0.053777,6504.8,6115.8,0.019718,0.079837,1.000000,3.7527,1.0000,,,,,
6.6360,1778909413.861167,515,17.689784,0.612925,-0.266655,3.6477,-0.2638,-0.340233,17.629964,0.622725,-0.274992,3.6626,17.717478,0.599524,-0.268782,3.7334,-0.2421,-0.218882,0.131446,0.0833,17.717478,0.599524,0.108556,7.0000,1.000000,1.705156,1410.0231,0,1,sand,0.6776,0.971042,0,0,0.000000,0.000000,0.000000,0,nan,0.00,0.165195,0.9957,0.0000,0.087223,1.9000,1.33,5.54,8.20,6.11,-0.285275,4.7049,-3.3374,0.008000,0.131417,-0.0167,-0.227489,-0.304065,-0.326738,-224.96420825349708,281.32913423613843,3117.560649640734,-1766.9641442104148,0.285607,-0.060048,6502.2,6118.4,0.021631,0.117967,1.000000,3.7324,1.0000,,,,,
6.6720,1778909413.868504,516,17.702273,0.617440,-0.289653,3.7020,-0.3258,-0.352703,17.747124,0.553450,-0.288072,3.6614,17.729261,0.603312,-0.291881,3.7208,-0.2474,-0.230359,0.143573,0.0953,17.729261,0.603312,0.087826,7.0000,0.642323,1.697428,1421.0870,0,1,sand,0.6776,0.971042,0,0,0.000000,0.000000,0.000000,0,nan,0.00,0.208990,0.9963,0.0000,0.110347,1.9000,1.25,5.68,8.18,6.46,-0.354550,3.9555,-3.3386,0.032000,0.074935,-1.4505,-0.194920,-0.258582,-0.324888,-3003.9361586409323,-1782.7875285674088,3242.1371829028994,-1877.7543395587054,0.308040,-0.066141,6499.1,6121.5,0.023882,0.104980,0.333333,3.7197,1.0000,,,,,
6.6960,1778909413.876060,517,17.880099,0.503662,-0.296802,3.6332,-0.3303,-0.337005,17.824980,0.506918,-0.296184,3.6675,17.907295,0.489131,-0.299061,3.6930,-0.2457,-0.225039,0.175737,0.1156,17.907295,0.489131,0.148915,7.0000,1.000000,1.653658,1444.3386,0,1,sand,0.7147,0.985888,1,0,0.000000,0.000000,0.000000,0,nan,0.00,0.254445,0.9967,0.0000,0.134347,1.9000,1.26,5.65,8.17,5.50,-0.401082,3.4907,-3.3325,0.008000,0.096942,-1.1394,-0.144090,-0.250908,-0.326737,-3314.875356694364,-1457.4417670758883,3342.5809212017566,-1888.8271355623933,0.335476,-0.066575,6491.0,6129.6,0.029759,0.123955,0.963485,3.6916,1.0000,,,,,
6.7080,1778909413.887087,518,17.914569,0.479267,-0.301912,3.6911,-0.3686,-0.350585,17.863749,0.483182,-0.300335,3.6708,17.940808,0.464986,-0.304114,3.6930,-0.2504,-0.224672,0.192009,0.1423,17.940808,0.464986,0.161488,7.0000,1.000000,1.611503,1443.6226,0,1,sand,0.7147,0.985888,0,0,0.000000,0.000000,0.000000,0,nan,0.00,0.277172,0.9968,0.0000,0.146347,1.9000,1.14,5.60,7.88,5.30,-0.424818,3.2529,-3.3292,0.008000,0.009273,-1.1401,-0.114240,-0.290198,-0.354811,-3270.152846672997,-2026.667088381892,3167.005772110928,-1896.6869205511775,0.363548,-0.065763,6486.7,6133.9,0.032897,0.109354,2.000000,3.6915,1.0000,,,,,
6.7200,1778909413.899039,519,17.862631,0.440797,-0.308721,3.7401,-0.4117,-0.344236,17.902451,0.459217,-0.304482,3.6760,17.887929,0.426664,-0.310866,3.7025,-0.2644,-0.226747,0.213435,0.1540,17.887929,0.426664,-0.026672,7.0000,1.000000,1.565137,1437.5871,0,1,sand,0.7147,0.985888,0,0,0.000000,0.000000,0.000000,0,nan,0.00,0.299899,0.9970,0.0000,0.158347,1.9000,1.04,5.56,7.63,5.32,-0.354283,3.5023,-3.3240,0.008000,0.079104,-1.0083,-0.084098,-0.296228,-0.325593,-2613.8549027868144,-1831.7919330478142,3564.635570132689,-1838.2483962510123,0.379885,-0.062129,6481.0,6139.5,0.036977,0.100693,1.000000,3.7009,1.0000,,,,,
6.7320,1778909413.958205,520,18.000305,0.412303,-0.312317,3.7452,-0.4452,-0.334717,17.941156,0.435206,-0.308532,3.6793,18.024874,0.398326,-0.314402,3.7112,-0.2812,-0.226633,0.229802,0.1658,18.024874,0.398326,-0.048497,7.0000,1.000000,1.510066,1421.1972,0,1,sand,0.7147,0.985888,0,0,0.000000,0.000000,0.000000,0,nan,0.00,0.322626,0.9971,0.0000,0.170347,1.9000,0.95,5.63,7.53,6.05,-0.378294,3.2703,-3.3207,0.008000,0.045823,-0.2927,-0.056293,-0.296497,-0.339202,-2742.5996900890696,-1522.692673076689,3671.690274763299,-1739.9529095360544,0.396203,-0.056607,6476.7,6143.8,0.040113,0.057269,1.000000,3.7095,1.0000,,,,,
6.7680,1778909413.965343,521,18.188310,0.265110,-0.321655,3.8042,-0.3567,-0.329248,18.057464,0.363385,-0.319729,3.6905,18.212919,0.250953,-0.323703,3.7510,-0.2766,-0.222662,0.254974,0.1778,18.212919,0.250953,-0.006475,7.0000,1.000000,1.418561,1383.2626,0,1,sand,0.7147,0.985888,0,0,0.000000,0.000000,0.000000,0,nan,0.00,0.390808,0.9975,0.0000,0.206347,1.9000,0.89,5.69,7.48,6.05,-0.450115,2.6288,-3.3095,0.032000,0.220131,-1.7753,0.002616,-0.298776,-0.320394,-4047.8442451365977,-1913.0023217499454,3765.5421066513245,-1730.0504705305282,0.403861,-0.055542,6470.2,6150.3,0.044829,0.092245,0.333333,3.7491,1.0000,,,,,
6.7920,1778909413.972376,522,18.156060,0.321151,-0.326520,3.7232,-0.4452,-0.339680,18.134183,0.313395,-0.327811,3.6963,18.181303,0.306335,-0.328601,3.7428,-0.2901,-0.212403,0.278681,0.2140,18.181303,0.306335,-0.040099,7.0000,1.000000,1.357554,1385.5361,0,1,sand,0.7147,0.985888,0,0,0.000000,0.000000,0.000000,0,nan,0.00,0.436263,0.9978,0.0000,0.230347,1.9000,0.98,5.62,7.59,5.20,-0.403305,2.5838,-3.3037,0.020000,0.145837,-0.6649,0.005585,-0.321176,-0.335540,-3270.8776609916267,-2169.853274229931,3916.2420860155985,-1607.550027685249,0.448111,-0.049344,6464.1,6156.4,0.049250,0.112372,1.500000,3.7407,1.0000,,,,,
6.8040,1778909413.983044,523,18.135764,0.159188,-0.338259,3.7136,-0.4751,-0.330952,18.172461,0.288083,-0.331780,3.7023,18.159996,0.144472,-0.340262,3.7377,-0.3026,-0.209484,0.303150,0.2378,18.159996,0.144472,-0.093528,7.0000,1.000000,1.293784,1407.3419,0,1,sand,0.7147,0.985888,0,0,0.000000,0.000000,0.000000,0,nan,0.00,0.458990,0.9979,0.0000,0.242347,1.9000,0.90,5.58,7.38,5.34,-0.428617,2.3564,-3.2977,0.008000,0.194972,-0.9565,0.024891,-0.354906,-0.339213,-3572.6800259663696,-2182.915249259283,3974.4251054154724,-1509.0877333215556,0.476336,-0.044540,6457.7,6162.8,0.053895,0.111575,2.000000,3.7355,1.0000,,,,,
6.8160,1778909413.995029,524,18.157799,0.289504,-0.344371,3.6910,-0.4657,-0.326451,18.210646,0.262531,-0.335708,3.7057,18.181272,0.274965,-0.346315,3.7291,-0.3128,-0.208173,0.314152,0.2496,18.181272,0.274965,-0.029255,7.0000,1.000000,1.259992,1402.8539,0,1,sand,0.7147,0.985888,0,0,0.000000,0.000000,0.000000,0,nan,0.00,0.481717,0.9980,0.0000,0.254347,1.9000,0.83,5.53,7.20,5.28,-0.454169,2.1313,-3.2943,0.008000,0.116490,-1.0193,0.014668,-0.373073,-0.348220,-3673.2488057529317,-1501.5489369768616,4649.8928491783845,-1426.632546810618,0.491219,-0.040791,6454.8,6165.8,0.056048,0.117249,1.000000,3.7269,1.0000,,,,,
6.8280,1778909414.007174,525,18.235626,0.277610,-0.339670,3.6636,-0.4593,-0.332949,18.248697,0.236619,-0.339697,3.7092,18.258643,0.263427,-0.341576,3.7169,-0.3193,-0.207364,0.325138,0.2615,18.258643,0.263427,-0.038823,7.0000,1.000000,1.229771,1407.5118,0,1,sand,0.7147,0.985888,0,0,0.000000,0.000000,0.000000,0,nan,0.00,0.504445,0.9981,0.0000,0.266347,1.9000,0.79,5.53,7.11,5.49,-0.480081,1.9028,-3.2908,0.008000,0.027950,-0.3512,-0.009242,-0.380067,-0.342507,-4135.060648122799,-1774.2366332256747,4900.294694771621,-1381.1311751403282,0.506085,-0.038720,6451.9,6168.7,0.058144,0.119964,1.000000,3.7146,1.0000,,,,,
6.8400,1778909414.059818,526,18.285463,0.123413,-0.360161,3.6420,-0.4425,-0.391911,18.286310,0.209764,-0.344173,3.7024,18.307712,0.108896,-0.362107,3.7029,-0.3211,-0.215279,0.338320,0.2734,18.307712,0.108896,-0.120193,7.0000,1.000000,1.194258,1438.7778,0,1,sand,0.7147,0.985888,0,0,0.000000,0.000000,0.000000,0,nan,0.00,0.527172,0.9982,0.0000,0.278347,1.9000,0.74,5.57,7.06,5.84,-0.506936,1.6463,-3.2976,0.008000,0.122444,-1.3233,-0.033589,-0.379883,-0.361394,-3044.245895704298,-1935.5940020315124,5610.815708146674,-1457.0886245887818,0.524457,-0.043221,6448.5,6172.1,0.060632,0.132070,1.000000,3.7006,1.0000,,,,,
6.8640,1778909414.066721,527,18.378399,0.095217,-0.347816,3.7558,-0.3157,-0.347414,18.361529,0.155804,-0.352829,3.7215,18.403207,0.079947,-0.349895,3.7211,-0.2768,-0.202280,0.340219,0.2860,18.403207,0.079947,-0.115169,7.0000,1.000000,1.158282,1409.1672,0,1,sand,0.7701,1.008041,1,0,0.000000,0.000000,0.000000,0,nan,0.00,0.572626,0.9984,0.0000,0.302347,1.9000,1.05,5.64,7.73,5.99,-0.560896,1.1503,-3.2785,nan,nan,nan,nan,nan,nan,-2608.0493836808027,-1223.6704026457287,5513.278983683414,-1687.851294595403,0.526452,-0.053278,6448.1,6172.4,0.060881,0.111230,0.500000,3.7185,1.0000,,,,,
6.8880,1778909414.073651,528,18.388347,0.082786,-0.355739,3.8541,-0.6031,-0.334587,18.436891,0.101752,-0.360902,3.7363,18.417033,0.064619,-0.357993,3.7657,-0.3148,-0.175655,0.374591,0.3112,18.417033,0.064619,-0.120930,7.0000,1.000000,1.087159,1363.9218,0,1,sand,0.7701,1.008041,0,0,0.000000,0.000000,0.000000,0,nan,0.00,0.618081,0.9985,0.0000,0.326347,1.9000,1.60,5.59,8.78,5.34,-0.516248,1.0412,-3.2637,0.020000,0.159725,-0.5598,-0.014008,-0.418715,-0.356100,-3137.518374370397,-1029.6034580141552,5698.784410417191,-1267.2823801280704,0.550000,-0.032902,6439.7,6180.9,0.067007,0.080787,1.000000,3.7625,1.0000,,,,,
6.9000,1778909414.079867,529,18.438757,0.105043,-0.366403,3.7717,-0.5733,-0.334874,18.474524,0.074367,-0.364941,3.7448,18.466623,0.086789,-0.368603,3.7675,-0.3325,-0.173319,0.385140,0.3350,18.466623,0.086789,-0.148428,7.0000,1.000000,1.036595,1355.6537,0,1,sand,0.7701,1.008041,0,0,0.000000,0.000000,0.000000,0,nan,0.00,0.640808,0.9986,0.0000,0.338347,1.9000,1.53,5.56,8.61,5.37,-0.543633,0.8098,-3.2552,0.008000,0.078566,-0.9489,-0.006419,-0.446549,-0.373176,-3051.0149072347267,-1147.4260137087945,4822.1192795295665,-1101.2329637633754,0.550000,-0.026473,6436.8,6183.8,0.069098,0.098173,2.000000,3.7642,1.0000,,,,,
6.9120,1778909414.091113,530,18.455311,-0.039531,-0.357843,3.8321,-0.4431,-0.345050,18.512045,0.046631,-0.369079,3.7503,18.482327,-0.056875,-0.359983,3.7806,-0.3298,-0.178055,0.393689,0.3467,18.482327,-0.056875,-0.178354,7.0000,1.000000,0.987305,1352.2959,0,1,sand,0.7701,1.008041,0,0,0.000000,0.000000,0.000000,0,nan,0.00,0.663535,0.9986,0.0000,0.350347,1.9000,1.37,5.53,8.28,5.36,-0.571369,0.5728,-3.2497,0.008000,0.035230,0.1930,0.009393,-0.435114,-0.358439,-3036.816552986051,-1360.1585837802954,5810.145726580409,-1157.8513469498348,0.550000,-0.028782,6434.4,6186.1,0.070816,0.084150,1.000000,3.7774,1.0000,,,,,
6.9240,1778909414.103053,531,18.583567,-0.066994,-0.380507,3.8313,-0.5821,-0.349883,18.549484,0.018615,-0.373270,3.7572,18.609161,-0.084523,-0.382606,3.7910,-0.3529,-0.184684,0.406138,0.3583,18.609161,-0.084523,-0.113267,7.0000,1.000000,0.935872,1344.8219,0,1,sand,0.7701,1.008041,0,0,0.000000,0.000000,0.000000,0,nan,0.00,0.686263,0.9987,0.0000,0.362347,1.9000,1.23,5.49,7.95,5.29,-0.599385,0.3326,-3.2428,0.008000,0.171972,-0.7663,0.027321,-0.477890,-0.405834,-2979.917012032507,-1368.5945044076605,5869.249098510917,-1021.3589632810169,0.550000,-0.023961,6431.1,6189.5,0.073237,0.086457,1.000000,3.7878,1.0000,,,,,
6.9360,1778909414.157743,532,18.590744,-0.005342,-0.383094,3.7529,-0.5301,-0.350315,18.586612,-0.010106,-0.377829,3.7610,18.615341,-0.022438,-0.385155,3.7843,-0.3639,-0.191140,0.423918,0.3701,18.615341,-0.022438,-0.142916,7.0000,1.000000,0.897777,1340.9646,0,1,sand,0.7701,1.008041,0,0,0.000000,0.000000,0.000000,0,nan,0.00,0.708990,0.9988,0.0000,0.374347,1.9000,1.12,5.54,7.77,5.80,-0.628106,0.0714,-3.2390,0.008000,0.083929,-1.1907,0.031660,-0.446765,-0.340279,-2336.3836845256264,-1408.0984175523772,5871.00323909459,-996.0703973850391,0.550000,-0.022866,6426.4,6194.1,0.076629,0.117192,1.000000,3.7811,1.0000,,,,,
6.9720,1778909414.164606,533,18.664821,-0.147628,-0.396184,3.8410,-0.5179,-0.341970,18.698262,-0.096401,-0.390738,3.7863,18.688870,-0.164841,-0.398211,3.8097,-0.3725,-0.193466,0.465508,0.3819,18.688870,-0.164841,-0.208510,7.0000,1.000000,0.813724,1319.9787,0,1,sand,0.7701,1.008041,0,0,0.000000,0.000000,0.000000,0,nan,0.00,0.777172,0.9990,0.0000,0.410347,1.9000,1.02,5.62,7.65,6.07,-0.614001,-0.3581,-3.2137,0.008000,0.079450,-1.4932,0.051088,-0.563759,-0.469623,-1712.8116082582235,-1138.787871430441,5792.911312218161,-929.5141906425366,0.550000,-0.020527,6415.8,6204.8,0.084356,0.095682,0.333333,3.8062,1.0000,,,,,
6.9840,1778909414.171612,534,18.735474,-0.128523,-0.393263,3.7936,-0.4372,-0.341570,18.735590,-0.125199,-0.394851,3.7969,18.763789,-0.148186,-0.395515,3.8080,-0.3363,-0.167552,0.482355,0.4192,18.763789,-0.148186,-0.125595,7.0000,1.000000,0.749926,1317.4966,0,1,sand,0.7701,1.008041,0,0,0.000000,0.000000,0.000000,0,nan,0.00,0.799899,0.9990,0.0000,0.422347,1.9000,1.62,5.59,8.82,5.42,-0.642799,-0.5938,-3.2031,nan,nan,nan,nan,nan,nan,-2294.9683045420225,-1034.7348150728005,4288.781946223906,-1033.8021679552548,0.550000,-0.024019,6411.6,6208.9,0.087380,0.103571,3.000000,3.8037,1.0000,,,,,
6.9960,1778909414.177874,535,18.822478,-0.164636,-0.401983,3.7507,-0.5098,-0.345006,18.772873,-0.154258,-0.399030,3.8054,18.852029,-0.185481,-0.404314,3.7980,-0.3306,-0.159302,0.487868,0.4317,18.852029,-0.185481,-0.132059,7.0000,1.000000,0.706259,1325.9289,0,1,sand,0.7701,1.008041,0,0,0.000000,0.000000,0.000000,0,nan,0.00,0.822626,0.9991,0.0000,0.434347,1.9000,1.86,5.55,9.28,5.33,-0.671858,-0.8332,-3.1946,0.008000,0.085525,-1.5140,-0.009716,-0.533905,-0.465655,-2021.7833487613002,-738.5280639669169,5978.967368370103,-1019.4146296924289,0.550000,-0.023495,6410.2,6210.4,0.088434,0.113340,1.000000,3.7935,1.0000,,,,,
7.0080,1778909414.187105,536,18.838026,-0.234445,-0.407107,3.8750,-0.4885,-0.347658,18.810154,-0.183505,-0.403226,3.8161,18.866130,-0.254559,-0.409370,3.8136,-0.3372,-0.168509,0.494780,0.4432,18.866130,-0.254559,-0.214376,7.0000,1.000000,0.665752,1310.0924,0,1,sand,0.7701,1.008041,0,0,0.000000,0.000000,0.000000,0,nan,0.00,0.845354,0.9991,0.0000,0.446347,1.9000,1.66,5.50,8.81,5.19,-0.701105,-1.0736,-3.1839,0.008000,0.135739,-1.2131,0.003203,-0.506071,-0.446308,-2007.3708787857458,-965.9340244864784,6058.6233950408405,-1030.2951075731912,0.550000,-0.024238,6408.2,6212.3,0.089838,0.082505,1.000000,3.8093,1.0000,,,,,
7.0200,1778909414.199111,537,18.872406,-0.131185,-0.406729,3.7403,-0.4178,-0.346544,18.847470,-0.212840,-0.407371,3.8253,18.899182,-0.150309,-0.408922,3.8002,-0.3302,-0.175280,0.506104,0.4548,18.899182,-0.150309,-0.159845,7.0000,1.000000,0.643083,1318.5897,0,1,sand,0.8439,1.037552,1,0,0.000000,0.000000,0.000000,0,nan,0.00,0.868081,0.9991,0.0000,0.458347,1.9000,1.49,5.45,8.42,5.16,-0.730440,-1.3111,-3.1747,0.008000,0.129992,-1.6582,-0.024085,-0.476895,-0.423098,-1755.983111136697,-796.2973135186324,6024.061112105318,-1155.2591061830447,0.550000,-0.028508,6405.2,6215.3,0.092035,0.114318,1.000000,3.7959,1.0000,,,,,
7.0320,1778909414.255757,538,18.879285,-0.275372,-0.412762,3.8366,-0.3834,-0.355853,18.884734,-0.242413,-0.411580,3.8316,18.904894,-0.293808,-0.414901,3.8078,-0.3191,-0.182746,0.502769,0.4665,18.904894,-0.293808,-0.212654,7.0000,1.000000,0.625818,1325.6013,0,1,sand,0.8439,1.037552,0,0,0.000000,0.000000,0.000000,0,nan,0.00,0.890808,0.9992,0.0000,0.470347,1.9000,1.33,5.50,8.16,5.78,-0.658213,-1.3100,-3.1684,0.008000,0.058766,-0.6696,-0.027884,-0.549379,-0.539427,-1874.3071259636074,-1501.4811847603437,5893.8736041014345,-1322.620690356035,0.550000,-0.034371,6406.0,6214.6,0.091500,0.097474,1.000000,3.8038,1.0000,,,,,
7.0560,1778909414.262596,539,18.947072,-0.328438,-0.418860,3.8302,-0.5376,-0.343833,18.959202,-0.302055,-0.419983,3.8511,18.974120,-0.348266,-0.421086,3.8172,-0.3333,-0.174345,0.569462,0.4789,18.974120,-0.348266,-0.211655,7.0000,1.000000,0.540852,1314.7935,0,1,sand,0.8439,1.037552,0,0,0.000000,0.000000,0.000000,0,nan,0.00,0.936263,0.9993,0.0000,0.494347,1.9000,1.55,5.59,8.69,6.13,-0.717855,-1.7915,-3.1489,0.020000,0.102869,-0.8360,-0.014346,-0.568869,-0.556392,-793.3925113142757,-1236.6657333878688,6051.127775076233,-1148.1686067809947,0.550000,-0.027426,6389.1,6231.5,0.103734,0.095242,0.500000,3.8124,1.0000,,,,,
7.0800,1778909414.269764,540,19.060672,-0.411650,-0.428887,3.8694,-0.4352,-0.344539,19.033822,-0.361919,-0.428122,3.8685,19.091473,-0.434115,-0.431291,3.8366,-0.2970,-0.150428,0.589978,0.5041,19.091473,-0.434115,-0.277696,7.0000,1.000000,0.451925,1286.1704,0,1,sand,0.8439,1.037552,0,0,0.000000,0.000000,0.000000,0,nan,0.00,0.981717,0.9993,0.0000,0.518347,1.9000,2.08,5.54,9.70,5.26,-0.777719,-2.2579,-3.1315,0.008000,0.060078,-0.6492,-0.025349,-0.578501,-0.591402,-1995.9770008401315,-1281.414414588518,5978.677325242295,-1249.7970144749304,0.550000,-0.031438,6383.9,6236.7,0.107527,0.086437,1.000000,3.8309,1.0000,,,,,
7.0920,1778909414.275910,541,19.004057,-0.395443,-0.438146,3.8795,-0.5104,-0.344800,19.071057,-0.392200,-0.432260,3.8756,19.037645,-0.420213,-0.440681,3.8466,-0.2879,-0.133721,0.591595,0.5290,19.037645,-0.420213,-0.285489,7.0000,0.804440,0.408235,1279.5232,0,1,sand,0.8439,1.037552,0,0,0.000000,0.000000,0.000000,0,nan,0.00,1.000000,0.9994,0.0000,0.528000,1.9000,2.55,5.54,10.65,5.51,-0.808000,-2.4950,-3.1244,0.008000,0.097306,-1.4826,-0.015933,-0.589004,-0.602321,-1657.19741847561,-1181.9339958029036,5049.4351711770705,-1192.7222758598114,0.550000,-0.029264,6383.4,6237.2,0.107908,0.084614,2.000000,3.8403,1.0000,,,,,
7.1040,1778909414.283056,542,19.071945,-0.357365,-0.437716,3.8982,-0.4818,-0.340978,19.108321,-0.422558,-0.436333,3.8837,19.103595,-0.380838,-0.440156,3.8573,-0.2999,-0.145097,0.582695,0.5361,19.103595,-0.380838,-0.237620,7.0000,0.000000,0.383745,1266.1554,0,1,sand,0.8439,1.037552,0,0,0.000000,0.000000,0.000000,0,nan,0.00,1.000000,0.9994,0.0000,0.528000,1.9000,2.24,5.49,9.97,5.22,-0.838358,-2.7283,-3.1163,0.008000,0.109916,-1.0011,0.004724,-0.568525,-0.584355,-1599.7338365949122,-1313.3516472740707,6146.523303549002,-1177.3237710692206,0.550000,-0.028603,6385.4,6235.1,0.106405,0.082987,0.804440,3.8515,1.0000,,,,,
7.1160,1778909414.295121,543,19.133314,-0.443609,-0.441194,3.9198,-0.3985,-0.335363,19.145587,-0.452974,-0.440344,3.8901,19.163221,-0.465863,-0.443526,3.8702,-0.2956,-0.153213,0.582244,0.5280,19.163221,-0.465863,-0.290489,7.0000,0.000000,0.365200,1273.7894,0,1,sand,0.8439,1.037552,0,0,0.000000,0.000000,0.000000,0,nan,0.00,1.000000,0.9994,0.0000,0.528000,1.9000,1.98,5.46,9.42,5.26,-0.765874,-2.7619,-3.1099,0.008000,0.060216,-0.8579,0.001629,-0.647142,-0.674998,-1518.0348761606224,-1569.0673961324765,5497.232056876504,-1260.9682491292629,0.550000,-0.031730,6385.4,6235.1,0.106407,0.081516,0.000000,3.8647,1.0000,,,,,
7.1280,1778909414.354189,544,19.157105,-0.482396,-0.445623,3.8849,-0.5376,-0.331485,19.182830,-0.483484,-0.444324,3.8935,19.185325,-0.503838,-0.447866,3.8736,-0.3176,-0.161851,0.559197,0.5280,19.185325,-0.503838,-0.289258,7.0000,-1.000000,0.368943,1260.9462,0,1,sand,0.8439,1.037552,0,0,0.000000,0.000000,0.000000,0,nan,0.00,0.977273,0.9995,0.0000,0.516000,1.9000,1.76,5.51,9.03,5.84,-0.796384,-2.9899,-3.1065,0.008000,0.141637,-1.0985,0.017842,-0.382088,-0.428745,-1634.4735138807123,-1421.3419128940886,5456.83358373989,-1141.115107399127,0.550000,-0.027012,6391.2,6229.4,0.102234,0.052924,0.000000,3.8686,1.0000,,,,,
7.1640,1778909414.361063,545,19.311351,-0.552038,-0.451594,3.9120,-0.3477,-0.364201,19.293328,-0.577496,-0.457451,3.9114,19.338575,-0.572599,-0.453839,3.8916,-0.2739,-0.173252,0.562542,0.5074,19.338575,-0.572599,-0.294864,7.0000,-1.000000,0.349079,1239.6220,0,1,sand,0.8439,1.037552,0,0,0.000000,0.000000,0.000000,0,nan,0.00,0.909091,0.9995,0.0000,0.480000,1.9000,1.55,5.59,8.68,6.03,-0.890396,-3.7420,-3.0886,0.008000,0.016588,-0.7491,0.012586,-0.535394,-0.571148,195.35503228937458,-1970.70696672654,5467.113475955464,-1556.9927564995123,0.550000,-0.045194,6390.3,6230.3,0.102867,0.088753,-0.333333,3.8868,1.0000,,,,,
7.1880,1778909414.368107,546,19.398856,-0.662369,-0.473614,3.9546,-0.3858,-0.286910,19.367865,-0.638840,-0.464868,3.9248,19.426072,-0.683349,-0.475694,3.9137,-0.2603,-0.153806,0.574484,0.4714,19.426072,-0.683349,-0.302732,7.0000,-1.000000,0.318262,1238.3665,0,1,sand,0.8439,1.037552,0,0,0.000000,0.000000,0.000000,0,nan,0.00,0.863636,0.9996,0.0000,0.456000,1.9000,1.52,5.55,8.60,5.30,-0.951740,-4.1670,-3.0752,0.008000,0.026551,-1.5630,0.013183,-0.575653,-0.606016,2009.4980244917328,-2052.8161897451373,5590.303100103743,-1454.1933507009724,0.550000,-0.039037,6387.2,6233.3,0.105092,0.074197,-1.500000,3.9088,1.0000,,,,,
7.2000,1778909414.379047,547,19.376160,-0.595358,-0.467148,3.8475,-0.4384,-0.270964,19.405537,-0.668908,-0.468136,3.9331,19.402276,-0.615211,-0.469084,3.9017,-0.2710,-0.151441,0.577002,0.4477,19.402276,-0.615211,-0.306962,7.0000,-1.000000,0.304280,1232.0340,0,1,sand,0.9432,1.077292,1,0,0.000000,0.000000,0.000000,0,nan,0.00,0.840909,0.9996,0.0000,0.444000,1.9000,1.36,5.51,8.23,5.27,-0.878008,-4.2051,-3.0669,0.008000,0.036181,-0.7503,-0.008807,-0.544133,-0.599291,1376.7717151083602,-1472.4676621201938,5650.015775931278,-1282.6721498675101,0.550000,-0.032809,6386.5,6234.1,0.105626,0.088970,-2.000000,3.8969,1.0000,,,,,
7.2120,1778909414.391065,548,19.476698,-0.729876,-0.468390,3.9408,-0.3121,-0.256728,19.443366,-0.698810,-0.471258,3.9409,19.501976,-0.748816,-0.470183,3.9100,-0.2567,-0.145650,0.582385,0.4360,19.501976,-0.748816,-0.338056,7.0000,1.000000,0.275931,1229.2459,0,1,sand,0.9432,1.077292,0,0,0.000000,0.000000,0.000000,0,nan,0.00,0.863636,0.9996,0.0000,0.456000,1.9000,1.23,5.46,7.92,5.22,-0.907910,-4.3839,-3.0591,0.008000,0.145531,-0.7864,-0.010187,-0.608095,-0.680910,570.5720516499119,-1730.259116740568,5138.637894812225,-1297.976772667882,0.550000,-0.032674,6385.1,6235.5,0.106654,0.060879,-1.000000,3.9054,1.0000,,,,,
7.2240,1778909414.403052,549,19.448220,-0.686098,-0.474531,4.0214,-0.3050,-0.256605,19.481259,-0.728705,-0.474329,3.9473,19.472759,-0.704432,-0.476209,3.9323,-0.2442,-0.141330,0.576866,0.4637,19.472759,-0.704432,-0.303775,7.0000,1.000000,0.265611,1209.9966,0,1,sand,0.9432,1.077292,0,0,0.000000,0.000000,0.000000,0,nan,0.00,0.886364,0.9996,0.0000,0.468000,1.9000,1.11,5.45,7.68,5.40,-0.937805,-4.5599,-3.0527,0.008000,0.040572,-0.8986,-0.000571,-0.019123,-0.077736,-312.3428786235355,-1371.8124625210473,5358.569120816172,-1308.9581343765853,0.550000,-0.032776,6386.4,6234.2,0.105695,0.034977,1.000000,3.9279,1.0000,,,,,
7.2360,1778909414.455943,550,19.513373,-0.676059,-0.471453,3.9059,-0.3445,-0.255915,19.519043,-0.758832,-0.477500,3.9496,19.537334,-0.693724,-0.473044,3.9279,-0.2411,-0.137883,0.577517,0.4755,19.537334,-0.693724,-0.307724,7.0000,1.000000,0.252858,1204.3376,0,1,sand,0.9432,1.077292,0,0,0.000000,0.000000,0.000000,0,nan,0.00,0.909091,0.9997,0.0000,0.480000,1.9000,1.01,5.51,7.54,5.86,-0.967932,-4.7416,-3.0504,0.008000,0.047550,-0.4241,-0.005936,-0.385323,-0.400432,-250.190925999122,-2197.506746286509,5324.489588788776,-1252.0742538089842,0.550000,-0.031039,6386.2,6234.4,0.105839,0.067128,1.000000,3.9236,1.0000,,,,,
7.2720,1778909414.462855,551,19.599373,-0.941333,-0.487129,3.9562,-0.3734,-0.233877,19.632633,-0.848958,-0.486384,3.9617,19.622771,-0.958851,-0.488539,3.9413,-0.2429,-0.120446,0.558111,0.4873,19.622771,-0.958851,-0.370946,7.0000,1.000000,0.241774,1196.0442,0,1,sand,0.9432,1.077292,0,0,0.000000,0.000000,0.000000,0,nan,0.00,0.977273,0.9997,0.0000,0.516000,1.9000,0.91,5.58,7.40,5.96,-0.953658,-5.1635,-3.0383,0.008000,0.162305,-0.9147,-0.010606,-0.501041,-0.470665,-43.277345215938624,-704.2080617310371,5010.408043305562,-924.9987292454671,0.550000,-0.020778,6391.1,6229.5,0.102295,0.052205,0.333333,3.9372,1.0000,,,,,
7.2840,1778909414.469703,552,19.655646,-0.820869,-0.487252,3.9621,-0.2913,-0.225349,19.670664,-0.878762,-0.489081,3.9643,19.683136,-0.840845,-0.488726,3.9468,-0.2061,-0.089429,0.559461,0.5245,19.683136,-0.840845,-0.355342,7.0000,1.000000,0.235616,1185.8567,0,1,sand,0.9432,1.077292,0,0,0.000000,0.000000,0.000000,0,nan,0.00,1.000000,0.9997,0.0000,0.528000,1.9000,1.47,5.57,8.52,5.50,-0.983462,-5.3180,-3.0357,nan,nan,nan,nan,nan,nan,-454.23722924617584,-469.584134716837,3715.756794899922,-931.6547542840121,0.550000,-0.021340,6390.8,6229.8,0.102505,0.050607,3.000000,3.9421,1.0000,,,,,
7.2960,1778909414.476159,553,19.740112,-0.942624,-0.492107,4.0097,-0.3361,-0.227389,19.708652,-0.908660,-0.491807,3.9660,19.767666,-0.962692,-0.493533,3.9598,-0.2018,-0.083914,0.551831,0.5365,19.767666,-0.962692,-0.348545,7.0000,0.000000,0.247564,1228.4282,0,1,sand,0.9432,1.077292,0,0,0.000000,0.000000,0.000000,0,nan,0.00,1.000000,0.9997,0.0000,0.528000,1.9000,1.48,5.59,8.56,5.72,-1.013360,-5.4742,-3.0340,0.008000,0.036637,-0.0591,-0.016026,-0.390113,-0.356850,-791.154409038427,-588.9574791184308,5168.660520078725,-888.8088805050461,0.550000,-0.019722,6392.7,6227.8,0.101111,0.037252,1.000000,3.9551,1.0000,,,,,
7.3080,1778909414.487099,554,19.866454,-0.889452,-0.491929,3.9526,-0.2910,-0.232463,19.746563,-0.938713,-0.494587,3.9698,19.893172,-0.908788,-0.493298,3.9592,-0.1952,-0.084925,0.547659,0.5280,19.893172,-0.908788,-0.363033,7.0000,-1.000000,0.255437,1179.3151,0,1,sand,0.9432,1.077292,0,0,0.000000,0.000000,0.000000,0,nan,0.00,0.977273,0.9997,0.0000,0.516000,1.9000,1.33,5.54,8.21,5.24,-1.043413,-5.6335,-3.0302,0.008000,0.150209,-0.4412,-0.004715,-0.441846,-0.439982,-1188.926555642336,-580.7969119524435,4788.763197123727,-935.2508804308884,0.550000,-0.021107,6393.8,6226.8,0.100338,0.050486,0.000000,3.9547,1.0000,,,,,
7.3200,1778909414.499114,555,19.867230,-1.049666,-0.493155,3.9165,-0.3070,-0.229165,19.784439,-0.968832,-0.497357,3.9712,19.892937,-1.068276,-0.494469,3.9516,-0.1940,-0.086872,0.537667,0.5080,19.892937,-1.068276,-0.377562,7.0000,-1.000000,0.256589,1184.7823,0,1,sand,0.9432,1.077292,0,0,0.000000,0.000000,0.000000,0,nan,0.00,0.954545,0.9998,0.0000,0.504000,1.9000,1.21,5.50,7.93,5.28,-1.073532,-5.7922,-3.0288,0.008000,0.090068,-0.4817,-0.020986,-0.327904,-0.290695,-535.4126994464557,-1062.7896070067764,4930.032952793501,-929.4570184571418,0.550000,-0.021202,6396.3,6224.2,0.098502,0.059607,-1.000000,3.9473,1.0000,,,,,
7.3320,1778909414.553709,556,19.772805,-1.007942,-0.497023,3.9395,-0.3338,-0.218927,19.822368,-0.998863,-0.500016,3.9737,19.797608,-1.026032,-0.498278,3.9498,-0.1982,-0.087412,0.527487,0.4963,19.797608,-1.026032,-0.381563,7.0000,1.000000,0.264325,1194.8729,0,1,sand,0.9432,1.077292,0,0,0.000000,0.000000,0.000000,0,nan,0.00,0.977273,0.9998,0.0000,0.516000,1.9000,1.10,5.55,7.76,5.82,-1.103563,-5.9445,-3.0263,0.008000,0.086282,-0.3828,-0.044196,-0.473651,-0.479223,-286.3192803070041,-397.55164873002445,4869.693797360926,-848.6602771286002,0.550000,-0.019082,6398.9,6221.7,0.096640,0.056112,-1.000000,3.9458,1.0000,,,,,
7.3680,1778909414.560589,557,19.917498,-1.133799,-0.514958,4.0744,-0.3125,-0.222677,19.936001,-1.089292,-0.508010,3.9797,19.941820,-1.151998,-0.516144,4.0034,-0.1922,-0.083943,0.499887,0.5235,19.941820,-1.151998,-0.394141,7.0000,0.333333,0.281039,1150.0520,0,1,sand,0.9550,1.100000,1,0,0.000000,0.000000,0.000000,0,nan,0.00,1.000000,0.9998,0.0000,0.528000,1.9000,0.99,5.62,7.61,6.05,-1.089292,-6.3731,-3.0203,0.032000,0.227209,-1.6115,0.013939,-0.463234,-0.458248,-733.4744426321199,-439.68891613626806,4879.144559704856,-837.8960536749059,0.550000,-0.018064,6405.9,6214.7,0.091563,0.020555,0.333333,3.9996,1.0000,,,,,
7.3800,1778909414.567548,558,19.988776,-1.140735,-0.498862,3.9737,-0.3577,-0.223277,19.973778,-1.119610,-0.510686,3.9808,20.017424,-1.161193,-0.500123,3.9989,-0.1764,-0.059705,0.491696,0.5309,20.017424,-1.161193,-0.380316,7.0000,0.000000,0.303936,1162.3493,0,1,sand,0.9550,1.100000,0,0,0.000000,0.000000,0.000000,0,nan,0.00,1.000000,0.9998,0.0000,0.528000,1.9000,1.56,5.58,8.71,5.37,-1.119610,-6.5264,-3.0191,0.008000,0.056482,0.0987,-0.002538,-0.478231,-0.470227,-828.194586174297,-534.0702143877202,4991.453430951709,-751.9533186405245,0.550000,-0.015745,6408.1,6212.5,0.089970,0.042382,1.000000,3.9946,1.0000,,,,,
7.3920,1778909414.573753,559,20.002172,-1.138302,-0.504987,3.9513,-0.3596,-0.223449,20.011490,-1.150003,-0.513363,3.9805,20.031959,-1.159792,-0.506261,3.9906,-0.1742,-0.051366,0.483125,0.5280,20.031959,-1.159792,-0.386986,7.0000,-1.000000,0.393760,1203.9880,0,1,sand,0.9550,1.100000,0,0,0.000000,0.000000,0.000000,0,nan,0.00,0.977273,0.9998,0.0000,0.516000,1.9000,1.78,5.57,9.13,5.46,-1.150003,-6.6798,-3.0195,0.008000,0.082823,-0.4193,-0.016540,-0.588394,-0.589843,-1043.445008398438,-566.0867913027139,4576.267202389,-681.7654251262566,0.550000,-0.013805,6410.3,6210.2,0.088335,0.047263,0.000000,3.9862,1.0000,,,,,
7.4040,1778909414.583076,560,19.989490,-1.143364,-0.512982,3.9647,-0.4459,-0.222382,20.049113,-1.180468,-0.516037,3.9778,20.017592,-1.164306,-0.514229,3.9862,-0.2014,-0.059657,0.473116,0.5073,20.017592,-1.164306,-0.393722,7.0000,-1.000000,0.396280,1181.4791,0,1,sand,0.9550,1.100000,0,0,0.000000,0.000000,0.000000,0,nan,0.00,0.954545,0.9998,0.0000,0.504000,1.9000,1.58,5.52,8.68,5.24,-1.180468,-6.8330,-3.0221,0.008000,0.116383,-0.6336,-0.032973,-0.114655,-0.102994,-1289.9675177394042,-657.4278993038722,4701.32893654235,-468.78287071515746,0.550000,-0.007944,6413.0,6207.5,0.086374,0.043644,-1.000000,3.9821,1.0000,,,,,
7.4160,1778909414.595105,561,20.118505,-1.233408,-0.515320,4.1073,-0.3310,-0.223290,20.086634,-1.211033,-0.518728,3.9765,20.145538,-1.253642,-0.516535,4.0102,-0.2031,-0.065371,0.464693,0.4956,20.145538,-1.253642,-0.393000,6.9999,1.000000,0.375981,1153.0890,0,1,sand,0.9550,1.100000,0,0,0.000000,0.000000,0.000000,0,nan,0.00,0.977273,0.9998,0.0000,0.516000,1.9000,1.42,5.47,8.31,5.22,-1.211033,-6.9872,-3.0234,0.008000,0.152649,-0.7752,-0.007646,-0.408529,-0.348641,-1317.7156900575005,-396.4200686248049,4721.588308290373,-515.7576601582803,0.550000,-0.008812,6415.1,6205.4,0.084847,0.008738,-1.000000,4.0063,1.0000,,,,,
7.4280,1778909414.651906,562,20.112599,-1.298654,-0.528577,3.9367,-0.3102,-0.255875,20.123913,-1.241906,-0.521605,3.9742,20.138184,-1.318437,-0.529809,3.9966,-0.2016,-0.075869,0.477949,0.5240,20.138184,-1.318437,-0.426471,6.9999,1.000000,0.368001,1167.8574,0,1,sand,0.9550,1.100000,0,0,0.000000,0.000000,0.000000,0,nan,0.00,1.000000,0.9998,0.0000,0.528000,1.9000,1.28,5.55,8.10,5.95,-1.241906,-7.1520,-3.0257,0.008000,0.112896,-1.4565,-0.012496,-0.566785,-0.536766,-1640.91228154657,-1423.452152741023,5072.65708668194,-706.8547624577034,0.550000,-0.013291,6411.7,6208.9,0.087339,0.033702,1.000000,3.9928,1.0000,,,,,
7.4640,1778909414.658904,563,20.164666,-1.377060,-0.530844,3.9981,-0.3095,-0.206019,20.235565,-1.334316,-0.529731,3.9694,20.189871,-1.396352,-0.531979,3.9983,-0.1897,-0.067798,0.410694,0.5359,20.189871,-1.396352,-0.424072,6.9999,0.000000,0.417980,1168.7197,0,1,sand,0.9550,1.100000,0,0,0.000000,0.000000,0.000000,0,nan,0.00,1.000000,0.9999,0.0000,0.528000,1.9000,1.17,5.62,7.96,6.04,-1.229616,-7.6471,-3.0306,0.032000,0.137851,-1.3651,-0.007531,-0.431514,-0.463672,751.8053030063552,-620.0442528724259,4590.689846003427,-607.1946912181107,0.550000,-0.012186,6428.7,6191.9,0.074993,0.029635,0.333333,3.9951,1.0000,,,,,
7.4760,1778909414.665918,564,20.298876,-1.332900,-0.531267,4.0552,-0.2879,-0.195738,20.273018,-1.364601,-0.532070,3.9691,20.328392,-1.354967,-0.532426,4.0104,-0.1591,-0.039196,0.407577,0.5280,20.328392,-1.354967,-0.406307,7.0000,0.000000,0.445074,1155.1107,0,1,sand,0.9550,1.100000,0,0,0.000000,0.000000,0.000000,0,nan,0.00,1.000000,0.9999,0.0000,0.528000,1.9000,1.76,5.59,9.11,5.42,-1.259901,-7.7811,-3.0309,0.008000,0.051486,-0.3855,-0.046653,-0.563172,-0.550108,322.0400643935612,-750.2407094920244,4408.662150130451,-596.0138620706562,0.550000,-0.012051,6429.7,6190.9,0.074251,0.011303,0.000000,4.0067,1.0000,,,,,
7.4880,1778909414.672291,565,20.319690,-1.343565,-0.534026,3.9574,-0.2739,-0.204165,20.310382,-1.394947,-0.534440,3.9658,20.352962,-1.368077,-0.535191,4.0012,-0.1298,-0.015000,0.397230,0.5280,20.352962,-1.368077,-0.435237,7.0000,0.000000,0.456476,1139.5056,0,1,sand,0.9550,1.100000,0,0,0.000000,0.000000,0.000000,0,nan,0.00,1.000000,0.9999,0.0000,0.528000,1.9000,2.35,5.55,10.24,5.32,-1.290247,-7.9169,-3.0342,0.008000,0.046310,-1.6004,-0.050895,-0.294852,-0.330852,-925.5364491858317,-379.16329709589115,4406.664473159049,-646.2344227482693,0.550000,-0.013374,6432.5,6188.0,0.072209,0.033359,0.000000,3.9972,1.0000,,,,,
7.5000,1778909414.678965,566,20.333807,-1.511009,-0.537486,3.9344,-0.2340,-0.198815,20.347641,-1.425352,-0.536835,3.9625,20.364813,-1.533978,-0.538604,3.9887,-0.1271,-0.023383,0.389979,0.5280,20.364813,-1.533978,-0.446869,7.0000,0.000000,0.480090,1163.4364,0,1,sand,0.9550,1.100000,0,0,0.000000,0.000000,0.000000,0,nan,0.00,1.000000,0.9999,0.0000,0.528000,1.9000,2.04,5.49,9.58,5.18,-1.320652,-8.0541,-3.0375,0.008000,0.139705,-1.4948,-0.053932,-0.349980,-0.310755,-197.18351534653505,-679.5587427659914,4378.762636078,-728.6252291140565,0.550000,-0.015956,6434.3,6186.2,0.070908,0.037154,0.000000,3.9850,1.0000,,,,,
7.5120,1778909414.691031,567,20.436547,-1.426784,-0.545922,3.9843,-0.2191,-0.189914,20.384911,-1.455647,-0.539130,3.9597,20.465686,-1.448650,-0.546985,3.9883,-0.1222,-0.028726,0.377133,0.5280,20.465686,-1.448650,-0.444027,7.0000,0.000000,0.493761,1154.9011,0,1,sand,0.8726,1.100000,1,0,0.000000,0.000000,0.000000,0,nan,0.00,1.000000,0.9999,0.0000,0.528000,1.9000,1.80,5.47,9.07,5.34,-1.246547,-8.2727,-3.0403,0.008000,0.095386,-1.4740,-0.048617,-0.379984,-0.375959,150.50645039958295,-306.2593112499652,4347.768940880591,-792.7409339868873,0.550000,-0.017990,6437.6,6183.0,0.068551,0.022725,0.000000,3.9849,1.0000,,,,,
7.5240,1778909414.750459,568,20.464898,-1.513665,-0.545091,4.0760,-0.2726,-0.184965,20.422158,-1.485870,-0.541351,3.9569,20.492875,-1.534618,-0.546105,4.0056,-0.1273,-0.032576,0.360731,0.5280,20.492875,-1.534618,-0.437488,7.0000,0.000000,0.521408,1172.9769,0,1,sand,0.8726,1.100000,0,0,0.000000,0.000000,0.000000,0,nan,0.00,1.000000,0.9999,0.0000,0.528000,1.9000,1.61,5.52,8.74,5.78,-1.276770,-8.4000,-3.0431,0.008000,0.038042,-1.2616,-0.054126,-0.455381,-0.470187,-42.650309298251386,-577.1754504208168,4331.892664444262,-747.3138622793635,0.550000,-0.016550,6441.7,6178.9,0.065549,-0.002267,0.000000,4.0025,1.0000,,,,,
7.5600,1778909414.757294,569,20.514966,-1.523106,-0.538843,3.9337,-0.3115,-0.163183,20.534774,-1.574730,-0.546684,3.9496,20.541780,-1.542917,-0.539719,3.9762,-0.1445,-0.025500,0.300054,0.5280,20.541780,-1.542917,-0.431199,6.9997,0.000000,0.628848,1195.7488,0,1,sand,0.8726,1.100000,0,0,0.000000,0.000000,0.000000,0,nan,0.00,1.000000,0.9999,0.0000,0.528000,1.9000,1.41,5.60,8.43,6.04,-1.365630,-8.7055,-3.0501,0.032000,0.054065,-0.0829,-0.070732,-0.401082,-0.408762,-2605.0833328754657,-145.3037297336076,4217.887286196259,-356.1643305455217,0.550000,-0.006253,6457.1,6163.5,0.054379,0.017617,0.000000,3.9737,1.0000,,,,,
7.5840,1778909414.764351,570,20.620312,-1.582014,-0.551777,3.8721,-0.1526,-0.197809,20.608282,-1.635524,-0.551282,3.9278,20.647406,-1.602128,-0.552673,3.9430,-0.0987,-0.022024,0.262830,0.5280,20.647406,-1.602128,-0.442072,6.9989,0.000000,0.693288,1214.4452,0,1,sand,0.8726,1.100000,0,0,0.000000,0.000000,0.000000,0,nan,0.00,1.000000,0.9999,0.0000,0.528000,1.9000,1.47,5.55,8.48,5.26,-1.426424,-8.9690,-3.0712,0.008000,0.042195,-0.8842,-0.110416,-0.382836,-0.430834,-3746.1029069611395,-21.39734442847282,4231.767694016255,-847.7707647915306,0.550000,-0.019522,6466.8,6153.8,0.047348,0.040702,0.000000,3.9407,1.0000,,,,,
7.5960,1778909414.775050,571,20.705740,-1.718958,-0.557103,3.9524,-0.2985,-0.214112,20.644478,-1.666502,-0.553855,3.9202,20.731517,-1.738569,-0.558029,3.9450,-0.1145,-0.033527,0.248705,0.5280,20.731517,-1.738569,-0.461941,6.9996,0.000000,0.751715,1214.3869,0,1,sand,0.8726,1.100000,0,0,0.000000,0.000000,0.000000,0,nan,0.00,1.000000,0.9999,0.0000,0.528000,1.9000,1.32,5.52,8.15,5.38,-1.353602,-9.2656,-3.0794,0.008000,0.134658,-1.1695,-0.097943,-0.443917,-0.474003,-3505.3995545297366,-1073.1473925125401,4260.407108565005,-848.2382664118293,0.550000,-0.019041,6470.4,6150.1,0.044694,0.023338,0.000000,3.9430,1.0000,,,,,
7.6080,1778909414.787033,572,20.655757,-1.713464,-0.557583,3.8404,-0.2659,-0.217272,20.680431,-1.697714,-0.556486,3.9165,20.680423,-1.732419,-0.558531,3.9252,-0.1215,-0.042971,0.263742,0.5280,20.680423,-1.732419,-0.460984,6.9990,0.000000,0.760631,1208.8597,0,1,sand,0.8726,1.100000,0,0,0.000000,0.000000,0.000000,0,nan,0.00,1.000000,0.9999,0.0000,0.528000,1.9000,1.18,5.47,7.84,5.18,-1.384814,-9.4163,-3.0826,0.008000,0.058373,-0.9534,-0.104597,-0.387467,-0.427702,-3124.607138422535,-33.68468083197547,4266.117980825738,-894.5640371164327,0.550000,-0.020632,6466.7,6153.9,0.047411,0.052326,0.000000,3.9231,1.0000,,,,,
7.6200,1778909414.799087,573,20.737181,-1.718628,-0.550067,3.9302,-0.3223,-0.217526,20.716229,-1.729028,-0.559096,3.9099,20.761090,-1.736947,-0.551033,3.9264,-0.1378,-0.051909,0.257383,0.5280,20.761090,-1.736947,-0.455301,7.0000,0.000000,0.780702,1239.7462,0,1,sand,0.8726,1.100000,0,0,0.000000,0.000000,0.000000,0,nan,0.00,1.000000,0.9999,0.0000,0.528000,1.9000,1.08,5.46,7.62,5.42,-1.416128,-9.5659,-3.0901,0.008000,0.077399,-0.0120,-0.101481,-0.474613,-0.487161,-2625.811751012446,-985.3374822781732,4271.931556522419,-848.3980858113283,0.550000,-0.019073,6468.3,6152.3,0.046265,0.029746,0.000000,3.9245,1.0000,,,,,
7.6320,1778909414.852474,574,20.718574,-1.674148,-0.561351,3.8684,-0.3169,-0.240438,20.751653,-1.760750,-0.561943,3.9039,20.741498,-1.692372,-0.562359,3.9155,-0.1501,-0.062739,0.259091,0.5280,20.741498,-1.692372,-0.468992,6.9998,0.000000,0.809433,1253.3825,0,1,sand,0.8726,1.100000,0,0,0.000000,0.000000,0.000000,0,nan,0.00,1.000000,0.9999,0.0000,0.528000,1.9000,0.99,5.55,7.52,6.05,-1.447850,-9.7290,-3.0959,0.008000,0.135846,-0.6869,-0.128053,-0.391572,-0.422302,-2778.714916077668,-474.41473244215103,4323.985873957521,-895.4801720197742,0.550000,-0.020074,6467.8,6152.7,0.046579,0.048099,0.000000,3.9136,1.0000,,,,,
7.6680,1778909414.859676,575,20.855136,-1.925470,-0.573561,3.8909,-0.3171,-0.243682,20.856769,-1.857165,-0.570798,3.9027,20.877439,-1.944030,-0.574667,3.9061,-0.1667,-0.077416,0.274655,0.5280,20.877439,-1.944030,-0.486828,7.0000,0.000000,0.835334,1266.9142,0,1,sand,0.8726,1.100000,0,0,0.000000,0.000000,0.000000,0,nan,0.00,1.000000,0.9999,0.0000,0.528000,1.9000,0.91,5.64,7.47,6.17,-1.544265,-10.2363,-3.0973,0.008000,0.163663,-1.7929,-0.102091,-0.420009,-0.435027,-1743.4164201433496,-453.74266879403467,4357.1057931449595,-971.5877693206222,0.550000,-0.022345,6463.9,6156.6,0.049411,0.056138,0.000000,3.9041,1.0000,,,,,
7.6800,1778909414.866836,576,20.841498,-1.927933,-0.582397,3.9483,-0.2778,-0.248207,20.891627,-1.889554,-0.573752,3.9053,20.867931,-1.949983,-0.583628,3.9151,-0.1396,-0.055048,0.284733,0.5280,20.867931,-1.949983,-0.495634,7.0000,0.000000,0.826322,1253.7939,0,1,sand,0.8726,1.100000,0,0,0.000000,0.000000,0.000000,0,nan,0.00,1.000000,0.9999,0.0000,0.528000,1.9000,1.55,5.63,8.73,5.58,-1.473754,-10.6018,-3.0947,nan,nan,nan,nan,nan,nan,-2219.773792321859,-192.93127830863767,4396.616497409361,-1069.3931689725719,0.550000,-0.025219,6461.7,6158.9,0.051020,0.047485,0.000000,3.9127,1.0000,,,,,
7.6920,1778909414.873343,577,20.870308,-1.917719,-0.570045,3.8790,-0.2871,-0.255403,20.926325,-1.922199,-0.576803,3.9071,20.897921,-1.940182,-0.571336,3.9087,-0.1336,-0.053424,0.287880,0.5280,20.897921,-1.940182,-0.484159,7.0000,0.000000,0.808884,1247.4068,0,1,sand,0.8177,1.100000,1,0,0.000000,0.000000,0.000000,0,nan,0.00,1.000000,0.9999,0.0000,0.528000,1.9000,1.71,5.62,9.04,5.53,-1.506399,-10.7767,-3.0929,0.008000,0.143698,-0.8692,-0.063086,-0.503741,-0.523213,-2264.3258299582267,-571.9478291702782,4409.6531122016,-1147.4760370138367,0.550000,-0.027772,6461.0,6159.6,0.051565,0.068071,0.000000,3.9062,1.0000,,,,,
7.7040,1778909414.883168,578,20.932175,-1.969660,-0.582879,4.0088,-0.3298,-0.257220,20.960901,-1.955033,-0.579903,3.9099,20.958427,-1.991820,-0.584188,3.9285,-0.1473,-0.064952,0.283049,0.5280,20.958427,-1.991820,-0.496209,7.0000,0.000000,0.820618,1239.9947,0,1,sand,0.8177,1.100000,0,0,0.000000,0.000000,0.000000,0,nan,0.00,1.000000,1.0000,0.0000,0.528000,1.9000,1.53,5.58,8.65,5.37,-1.539233,-10.9542,-3.0901,0.008000,0.125571,-1.2317,-0.043849,-0.441183,-0.485701,-2146.2065179145075,-747.2841848815162,4440.506095092774,-1157.0547293302395,0.550000,-0.027695,6462.1,6158.5,0.050760,0.042568,0.000000,3.9260,1.0000,,,,,
7.7160,1778909414.895132,579,21.131169,-1.915042,-0.577666,3.8877,-0.3086,-0.260297,20.995388,-1.988009,-0.583003,3.9121,21.156380,-1.936291,-0.578985,3.9210,-0.1554,-0.075320,0.288490,0.5280,21.156380,-1.936291,-0.480891,6.9724,0.000000,0.806704,1241.1627,0,1,sand,0.8177,1.100000,0,0,0.000000,0.000000,0.000000,0,nan,0.00,1.000000,1.0000,0.0000,0.528000,1.9000,1.38,5.54,8.31,5.32,-1.572209,-11.1318,-3.0604,0.008000,0.134621,-0.8501,-0.032971,-0.512040,-0.544445,-1997.942042594693,-320.50467275123754,4431.087637479598,-1192.8732130170665,0.550000,-0.029102,6460.6,6159.9,0.051793,0.078705,0.000000,3.9186,1.0000,,,,,
7.7280,1778909414.949902,580,21.004799,-1.924591,-0.579663,3.8689,-0.2564,-0.339554,21.029127,-2.021972,-0.586817,3.9149,21.028876,-1.945265,-0.581098,3.9117,-0.1540,-0.096978,0.335515,0.5280,21.028876,-1.945265,-0.496790,6.9968,0.000000,0.764489,1238.7922,0,1,sand,0.8177,1.100000,0,0,0.000000,0.000000,0.000000,0,nan,0.00,1.000000,1.0000,0.0000,0.528000,1.9000,1.25,5.62,8.13,6.06,-1.606172,-11.3504,-3.0819,0.008000,0.086329,-1.3430,-0.043192,-0.392222,-0.471997,-2259.243447770254,-1227.054054471349,4762.040074070686,-1519.0181509019121,0.550000,-0.039552,6448.6,6171.9,0.060507,0.099478,0.000000,3.9090,1.0000,,,,,
7.7640,1778909414.957043,581,21.173503,-1.987119,-0.587139,3.9306,-0.2074,-0.236760,21.131641,-2.122499,-0.596517,3.9313,21.197217,-2.007276,-0.588472,3.9210,-0.1227,-0.088640,0.381638,0.5280,21.197217,-2.007276,-0.504777,6.9619,0.000000,0.694573,1226.3706,0,1,sand,0.8177,1.100000,0,0,0.000000,0.000000,0.000000,0,nan,0.00,1.000000,1.0000,0.0000,0.528000,1.9000,1.13,5.69,7.96,6.11,-1.604899,-12.1484,-3.0306,0.032000,0.130786,-1.0603,-0.023418,-0.353558,-0.416067,2264.7527596696427,-787.3391037886095,4487.423273499673,-1564.4825589610423,0.550000,-0.044002,6436.8,6183.7,0.069074,0.070606,0.000000,3.9180,1.0000,,,,,
7.7760,1778909414.964130,582,21.198839,-2.159004,-0.601059,3.9921,-0.2581,-0.225714,21.166531,-2.155204,-0.599155,3.9413,21.226211,-2.182468,-0.602444,3.9360,-0.1014,-0.060171,0.395827,0.5280,21.226211,-2.182468,-0.525379,6.9540,0.000000,0.623940,1183.0592,0,1,sand,0.8177,1.100000,0,0,0.000000,0.000000,0.000000,0,nan,0.00,1.000000,1.0000,0.0000,0.528000,1.9000,1.71,5.64,9.06,5.35,-1.637604,-12.2995,-3.0126,0.008000,0.023682,-1.0686,-0.001208,-0.429697,-0.493438,986.9212301379066,-1278.1872245396687,4478.567204010932,-1500.9220211781958,0.550000,-0.041637,6433.3,6187.2,0.071628,0.050410,0.000000,3.9324,1.0000,,,,,
7.7880,1778909414.970313,583,21.317979,-2.192785,-0.610047,3.9853,-0.2457,-0.206305,21.201622,-2.187765,-0.601651,3.9494,21.346983,-2.217742,-0.611391,3.9465,-0.0894,-0.042809,0.410285,0.5280,21.346983,-2.217742,-0.535277,6.9179,0.000000,0.715093,1396.8335,0,1,sand,0.8177,1.100000,0,0,0.000000,0.000000,0.000000,0,nan,0.00,1.000000,1.0000,0.0000,0.528000,1.9000,2.01,5.61,9.63,5.46,-1.670165,-12.4425,-2.9685,0.008000,0.136027,-1.1983,-0.000984,-0.420793,-0.498180,-486.7848758866047,-1292.9000193080265,4427.533891380293,-1404.4840195593783,0.550000,-0.038735,6429.6,6191.0,0.074343,0.053818,0.000000,3.9426,1.0000,,,,,
7.8000,1778909414.979154,584,21.187710,-2.214967,-0.603324,3.9539,-0.2335,-0.204016,21.236764,-2.220390,-0.604116,3.9558,21.215419,-2.238455,-0.604587,3.9486,-0.0936,-0.046364,0.417696,0.5280,21.215419,-2.238455,-0.525095,6.9570,-1.000000,0.624686,1255.5548,0,1,sand,0.8177,1.100000,0,0,0.000000,0.000000,0.000000,0,nan,0.00,0.977273,1.0000,0.0000,0.516000,1.9000,1.77,5.55,9.10,5.21,-1.702790,-12.5838,-3.0012,0.008000,0.052729,-1.5267,0.007283,-0.409005,-0.479383,-701.5123153068062,-1311.8568637227581,4422.850576516576,-1352.8043245600647,0.550000,-0.036871,6427.8,6192.7,0.075609,0.063011,0.000000,3.9448,1.0000,,,,,
7.8120,1778909414.991053,585,21.238277,-2.235118,-0.606739,3.9524,-0.1699,-0.199985,21.271945,-2.253025,-0.606504,3.9599,21.264614,-2.257431,-0.607924,3.9499,-0.0864,-0.048753,0.421505,0.5073,21.264614,-2.257431,-0.528556,6.9429,1.000000,0.682298,1290.6346,0,1,sand,0.8177,1.100000,0,0,0.000000,0.000000,0.000000,0,nan,0.00,1.000000,1.0000,0.0000,0.528000,1.9000,1.57,5.52,8.67,5.31,-1.735425,-12.7206,-2.9830,0.008000,0.034941,-0.9199,-0.010487,-0.399108,-0.479544,-460.1828353367599,-1116.7116556014028,4536.112805363171,-1380.3653179201206,0.550000,-0.038150,6426.6,6194.0,0.076514,0.066003,-1.000000,3.9463,1.0000,,,,,
7.8240,1778909415.047523,586,21.338097,-2.185793,-0.610517,4.0445,-0.2635,-0.193657,21.307363,-2.285387,-0.608601,3.9614,21.363338,-2.207378,-0.611636,3.9688,-0.0975,-0.051003,0.427173,0.5363,21.363338,-2.207378,-0.536690,6.9128,0.000000,0.729688,1227.6497,0,1,sand,0.8177,1.100000,0,0,0.000000,0.000000,0.000000,0,nan,0.00,1.000000,1.0000,0.0000,0.528000,1.9000,1.41,5.57,8.39,5.88,-1.767787,-12.8407,-2.9513,0.008000,0.131225,-1.3751,0.015453,-0.393844,-0.465973,1582.6875085842898,-156.16390853461047,4814.965974973893,-1272.0424242435306,0.550000,-0.033914,6425.2,6195.3,0.077511,0.048006,1.000000,3.9653,1.0000,,,,,
7.8480,1778909415.054435,587,21.351659,-2.387125,-0.612020,4.0173,-0.2333,-0.107674,21.379529,-2.348701,-0.611604,3.9867,21.378683,-2.409492,-0.612862,3.9865,-0.0849,-0.010690,0.501571,0.5280,21.378683,-2.409492,-0.542049,6.9079,0.000000,0.801660,1201.5456,0,1,sand,0.7800,1.100000,1,0,0.000000,0.000000,0.000000,0,nan,0.00,1.000000,1.0000,0.0000,0.528000,1.9000,1.60,5.64,8.84,5.99,-1.730701,-13.3230,-2.9212,0.020000,0.202044,-1.2161,0.036939,-0.412109,-0.437088,-355.1019496840868,456.1389014964972,4300.035631223525,-758.1980319782778,0.550000,-0.018814,6406.6,6214.0,0.091061,0.055852,0.000000,3.9822,1.0000,,,,,
7.8720,1778909415.061453,588,21.499185,-2.464958,-0.614501,3.9582,-0.2529,-0.200878,21.451004,-2.413261,-0.615352,3.9717,21.529228,-2.489825,-0.615399,3.9791,-0.0722,0.002802,0.481106,0.5280,21.529228,-2.489825,-0.543685,6.8599,0.000000,0.685370,1222.8926,0,1,sand,0.7800,1.100000,0,0,0.000000,0.000000,0.000000,0,nan,0.00,1.000000,1.0000,0.0000,0.528000,1.9000,2.07,5.57,9.72,5.23,-1.795261,-13.5377,-2.8882,0.008000,0.218394,-0.9835,0.015200,-0.426592,-0.438709,-4254.7413511369095,172.919294648824,4486.279798388435,-864.907065805641,0.550000,-0.020116,6412.1,6208.5,0.087033,0.062424,0.000000,3.9744,1.0000,,,,,
7.8840,1778909415.067646,589,21.416704,-2.401139,-0.612386,4.0161,-0.2074,-0.217766,21.485742,-2.446668,-0.617970,3.9728,21.449504,-2.427911,-0.613326,3.9876,-0.0521,0.013823,0.484105,0.5280,21.449504,-2.427911,-0.542886,6.8853,-1.000000,0.646336,1183.8850,0,1,sand,0.7800,1.100000,0,0,0.000000,0.000000,0.000000,0,nan,0.00,0.977273,1.0000,0.0000,0.516000,1.9000,2.51,5.54,10.56,5.35,-1.828668,-13.6877,-2.9126,0.008000,0.124716,-0.2249,0.006935,-0.504965,-0.538363,-4611.0257971870205,-1551.4192968791328,4564.194614081931,-1022.2179873215503,0.550000,-0.024196,6411.2,6209.4,0.087691,0.045151,0.000000,3.9825,1.0000,,,,,
7.8960,1778909415.075093,590,21.540094,-2.482576,-0.623071,4.0025,-0.2999,-0.228546,21.520111,-2.480555,-0.620767,3.9688,21.570451,-2.508392,-0.624082,3.9912,-0.0756,-0.005194,0.487553,0.5060,21.570451,-2.508392,-0.552690,6.8468,-1.000000,0.660807,1190.6962,0,1,sand,0.7800,1.100000,0,0,0.000000,0.000000,0.000000,0,nan,0.00,0.954545,1.0000,0.0000,0.504000,1.9000,2.21,5.48,9.89,5.11,-1.862555,-13.8479,-2.8780,0.008000,0.123836,-0.4239,-0.001232,-0.165930,-0.199064,-4238.000307724871,-1455.2373621079314,4749.859553486664,-1027.3964178880801,0.550000,-0.023897,6410.1,6210.4,0.088477,0.042109,-1.000000,3.9863,1.0000,,,,,
7.9080,1778909415.087182,591,21.583040,-2.544079,-0.620512,3.9269,-0.3294,-0.250603,21.554081,-2.514837,-0.623713,3.9632,21.611445,-2.568665,-0.621607,3.9792,-0.1006,-0.025081,0.463136,0.4946,21.611445,-2.568665,-0.558504,6.8339,1.000000,0.664980,1163.6666,0,1,sand,0.7800,1.100000,0,0,0.000000,0.000000,0.000000,0,nan,0.00,0.977273,1.0000,0.0000,0.516000,1.9000,1.96,5.43,9.36,5.15,-1.896837,-14.0167,-2.8708,0.008000,0.085371,-0.6468,-0.015539,-0.376562,-0.360308,-4532.204465280802,-1514.932249151137,4788.81908218264,-1055.237452404644,0.550000,-0.024142,6416.2,6204.3,0.084027,0.058798,-1.000000,3.9748,1.0000,,,,,
7.9200,1778909415.145789,592,21.608417,-2.511481,-0.625474,4.0045,-0.3505,-0.253064,21.587716,-2.549434,-0.626757,3.9586,21.635037,-2.535241,-0.626629,3.9845,-0.1251,-0.042341,0.445477,0.5249,21.635037,-2.535241,-0.555103,6.8265,1.000000,0.627120,1178.1745,0,1,sand,0.7800,1.100000,0,0,0.000000,0.000000,0.000000,0,nan,0.00,1.000000,1.0000,0.0000,0.528000,1.9000,1.74,5.49,8.97,5.82,-1.931434,-14.1911,-2.8679,0.008000,0.032660,-0.7262,-0.011502,-0.445700,-0.422394,-4490.054226089118,-1230.787719440511,5022.460476412731,-1041.4311946155694,0.550000,-0.023430,6420.6,6199.9,0.080833,0.004994,1.000000,3.9806,1.0000,,,,,
7.9440,1778909415.152670,593,21.693323,-2.625656,-0.635496,3.9168,-0.3120,-0.309610,21.653187,-2.620452,-0.633918,3.9376,21.720359,-2.650890,-0.636922,3.9640,-0.1304,-0.061610,0.444167,0.5373,21.720359,-2.650890,-0.572626,6.7998,0.000000,0.591350,1149.0321,0,1,sand,0.7800,1.100000,0,0,0.000000,0.000000,0.000000,0,nan,0.00,1.000000,1.0000,0.0000,0.528000,1.9000,1.89,5.59,9.37,6.15,-1.903752,-14.9549,-2.8621,0.020000,0.176470,-1.0749,-0.051658,-0.471910,-0.481859,-3136.3857137871173,-741.980134823712,5247.721645074801,-1374.1148446765842,0.550000,-0.033689,6421.0,6199.6,0.080612,0.084626,0.500000,3.9599,1.0000,,,,,
7.9800,1778909415.159855,594,21.808858,-2.678019,-0.642189,3.9242,-0.3864,-0.362335,21.748127,-2.730737,-0.646567,3.9494,21.834540,-2.703811,-0.644025,3.9477,-0.1741,-0.108788,0.306109,0.5280,21.834540,-2.703811,-0.579326,6.7638,0.000000,0.804293,1267.0986,0,1,sand,0.7800,1.100000,0,0,0.000000,0.000000,0.000000,0,nan,0.00,1.000000,1.0000,0.0000,0.528000,1.9000,1.77,5.60,9.14,5.65,-2.014037,-15.6796,-2.8143,0.008000,0.062751,-1.5510,-0.082210,-0.387252,-0.421250,-177.49988073101787,-2614.3404163964733,4758.651241826799,-1619.362062652469,0.550000,-0.044344,6455.8,6164.8,0.055301,0.071864,0.000000,3.9450,1.0000,,,,,
7.9920,1778909415.171087,595,21.790972,-2.799419,-0.651953,3.9363,-0.2726,-0.359743,21.779483,-2.767955,-0.650894,3.9599,21.815239,-2.824481,-0.653843,3.9461,-0.1711,-0.126161,0.329193,0.5280,21.815239,-2.824481,-0.594244,6.7699,0.000000,1.117973,1345.2679,0,1,sand,0.7800,1.100000,0,0,0.000000,0.000000,0.000000,0,nan,0.00,1.000000,1.0000,0.0000,0.528000,1.9000,1.58,5.53,8.68,5.15,-2.051255,-15.9275,-2.8099,0.008000,0.140616,-2.2924,-0.092702,-0.448826,-0.468458,1087.4881801131003,-2456.000388374214,4776.650236113665,-1806.242215946388,0.550000,-0.052549,6450.4,6170.2,0.059245,0.072385,0.000000,3.9433,1.0000,,,,,
8.0040,1778909415.183109,596,21.746353,-2.750978,-0.655301,4.0270,-0.2576,-0.349576,21.811001,-2.805044,-0.655041,3.9667,21.769531,-2.775159,-0.657200,3.9624,-0.1670,-0.140028,0.349547,0.5280,21.769531,-2.775159,-0.598812,6.7843,0.000000,1.094937,1193.4096,0,1,sand,0.7800,1.100000,0,0,0.000000,0.000000,0.000000,0,nan,0.00,1.000000,1.0000,0.0000,0.528000,1.9000,1.42,5.46,8.30,5.10,-2.088344,-16.1651,-2.8176,0.008000,0.143557,-1.7589,-0.080447,-0.490270,-0.546926,2743.029199749006,-3025.061309126869,4774.645841274426,-1942.739019477258,0.550000,-0.058785,6445.8,6174.8,0.062562,0.047987,0.000000,3.9595,1.0000,,,,,
8.0160,1778909415.195158,597,21.838945,-2.887499,-0.664286,3.9559,-0.2393,-0.320522,21.842955,-2.841718,-0.658829,3.9790,21.861027,-2.910906,-0.666140,3.9619,-0.1602,-0.146447,0.394457,0.5280,21.861027,-2.910906,-0.612671,6.7553,0.000000,1.342540,1456.7850,0,1,sand,0.7584,1.100000,1,0,0.000000,0.000000,0.000000,0,nan,0.00,1.000000,1.0000,0.0000,0.528000,1.9000,1.29,5.47,8.04,5.49,-2.125018,-16.3822,-2.7764,0.008000,0.115888,-2.3016,-0.066693,-0.395514,-0.471219,3510.1616015169557,-2425.7187869256677,4773.659666841111,-2051.2549068391754,0.550000,-0.062471,6434.3,6186.3,0.070922,0.061652,0.000000,3.9588,1.0000,,,,,
8.0280,1778909415.247724,598,21.942351,-2.754508,-0.657254,3.9969,-0.2711,-0.265582,21.875432,-2.877808,-0.662195,3.9846,21.964066,-2.777032,-0.659000,3.9693,-0.1591,-0.142140,0.410490,0.5280,21.964066,-2.777032,-0.594228,6.7225,-1.000000,1.151081,1256.4557,0,1,sand,0.7584,1.100000,0,0,0.000000,0.000000,0.000000,0,nan,0.00,0.977273,1.0000,0.0000,0.516000,1.9000,1.17,5.56,7.90,6.09,-2.064308,-16.9931,-2.7379,0.008000,0.030372,-1.5121,-0.062913,-0.501167,-0.582758,3956.6425936173337,-2135.0274211060214,4642.8624530956895,-1960.4235258205356,0.550000,-0.059204,6430.7,6189.9,0.073562,0.052180,0.000000,3.9662,1.0000,,,,,
8.0640,1778909415.254902,599,21.886437,-3.024184,-0.674050,3.9785,-0.1471,-0.175867,21.975872,-2.981682,-0.669504,3.9742,21.908138,-3.045861,-0.675364,3.9744,-0.1013,-0.092170,0.406039,0.5083,21.908138,-3.045861,-0.625952,6.7404,-1.000000,1.073766,1137.3005,0,1,sand,0.7584,1.100000,0,0,0.000000,0.000000,0.000000,0,nan,0.00,0.909091,1.0000,0.0000,0.480000,1.9000,1.06,5.65,7.76,6.16,-2.168182,-17.4119,-2.7662,0.020000,0.183179,-1.7743,-0.037079,-0.374952,-0.488342,5633.7711367444945,-1610.224148635697,4349.186310656007,-1637.745148419847,0.550000,-0.050545,6431.4,6189.2,0.073046,0.056224,-0.333333,3.9713,1.0000,,,,,
8.0760,1778909415.261978,600,22.016116,-3.129145,-0.664296,3.9721,-0.1965,-0.153325,22.010274,-3.015041,-0.671203,3.9735,22.041971,-3.153649,-0.665552,3.9750,-0.0743,-0.052130,0.403796,0.4711,22.041971,-3.153649,-0.614674,6.6976,-1.000000,1.067614,1198.4329,0,1,sand,0.7584,1.100000,0,0,0.000000,0.000000,0.000000,0,nan,0.00,0.886364,1.0000,0.0000,0.468000,1.9000,1.64,5.64,8.92,5.59,-2.201541,-17.5092,-2.7242,nan,nan,nan,nan,nan,nan,5799.356556621749,-1760.872638417578,4647.1544080441545,-1481.4963837574987,0.550000,-0.043958,6432.1,6188.4,0.072495,0.056809,-3.000000,3.9715,1.0000,,,,,
8.0880,1778909415.268522,601,21.981610,-3.097263,-0.670610,3.9376,-0.1072,-0.101992,22.045159,-3.047782,-0.672545,3.9743,22.007751,-3.121603,-0.671656,3.9685,-0.0540,-0.031358,0.409574,0.4590,22.007751,-3.121603,-0.621260,6.7085,-1.000000,1.099537,1189.8539,0,1,sand,0.7584,1.100000,0,0,0.000000,0.000000,0.000000,0,nan,0.00,0.863636,1.0000,0.0000,0.456000,1.9000,1.67,5.63,8.97,5.59,-2.234282,-17.5861,-2.7342,0.008000,0.195928,-0.8999,-0.013429,-0.361164,-0.440386,4869.923394338111,-1626.5932561639563,4287.366850318635,-1359.8950897617751,0.550000,-0.038787,6430.7,6189.9,0.073558,0.063114,-1.000000,3.9649,1.0000,,,,,
8.1000,1778909415.279062,602,21.972646,-3.059855,-0.669952,3.9856,-0.1739,-0.077444,22.080527,-3.079938,-0.673564,3.9757,21.997897,-3.082951,-0.670791,3.9724,-0.0564,-0.019487,0.413720,0.4474,21.997897,-3.082951,-0.621163,6.7117,-1.000000,1.100718,1171.3247,0,1,sand,0.7584,1.100000,0,0,0.000000,0.000000,0.000000,0,nan,0.00,0.840909,1.0000,0.0000,0.444000,1.9000,1.48,5.61,8.58,5.49,-2.266438,-17.6445,-2.7360,0.008000,0.137416,-0.2002,-0.010132,-0.383756,-0.452170,5283.819891158673,-1161.6884492648928,4276.751156434468,-1109.7763363050444,0.550000,-0.029230,6429.6,6191.0,0.074344,0.051345,-1.000000,3.9689,1.0000,,,,,
8.1120,1778909415.291084,603,22.137884,-3.156934,-0.673517,3.9685,-0.1242,-0.055423,22.116352,-3.111531,-0.674270,3.9758,22.162316,-3.179014,-0.674178,3.9723,-0.0519,-0.008281,0.418867,0.4357,22.162316,-3.179014,-0.623863,6.6591,-1.000000,1.142015,1199.6687,0,1,sand,0.7584,1.100000,0,0,0.000000,0.000000,0.000000,0,nan,0.00,0.818182,1.0000,0.0000,0.432000,1.9000,1.33,5.57,8.24,5.36,-2.298031,-17.6850,-2.6833,0.008000,0.135062,-0.1326,-0.028495,-0.447909,-0.519954,5161.976428193677,-994.5823641440735,4276.92465308995,-885.4022344227876,0.550000,-0.022136,6428.2,6192.4,0.075353,0.055846,-1.000000,3.9688,1.0000,,,,,
8.1240,1778909415.345946,604,22.164937,-3.166157,-0.677739,4.0162,0.0093,-0.040672,22.152610,-3.142576,-0.674679,3.9738,22.188754,-3.187244,-0.678248,3.9813,-0.0267,0.001962,0.415881,0.4240,22.188754,-3.187244,-0.628169,6.6506,-0.333333,1.248266,1189.6474,0,1,sand,0.7584,1.100000,0,0,0.000000,0.000000,0.000000,0,nan,0.00,0.810606,1.0000,0.0000,0.428000,1.9000,1.20,5.69,8.10,6.35,-2.234576,-18.1955,-2.6769,0.008000,0.026468,0.1745,-0.023370,0.013547,-0.075920,4895.625756442807,-848.9625890171203,4200.189951353823,-875.3452131483574,0.522337,-0.021643,6429.0,6191.6,0.074803,0.062180,-1.000000,3.9780,1.0000,,,,,
8.1600,1778909415.353409,605,22.231880,-3.269207,-0.679613,3.9242,-0.0150,0.036914,22.264221,-3.232012,-0.673932,3.9785,22.256237,-3.289241,-0.679613,3.9586,0.0194,0.058066,0.395026,0.4253,22.256237,-3.289241,-0.627645,6.6289,0.000000,1.303766,1213.2561,0,1,sand,0.7584,1.100000,0,0,0.000000,0.000000,0.000000,0,nan,0.00,0.810606,1.0000,0.0000,0.428000,1.9000,1.14,5.76,8.04,6.13,-2.324012,-18.1527,-2.6504,0.032000,0.219941,-0.3666,-0.054889,-0.163356,-0.184901,5139.694262458968,-413.75337823003264,4059.9877390049696,-175.57573949328162,0.476297,-0.004388,6434.4,6186.1,0.070815,0.080360,-0.111111,3.9555,1.0000,,,,,
8.1720,1778909415.360461,606,22.235892,-3.220357,-0.669466,4.0555,0.0391,0.044893,22.302115,-3.261106,-0.673414,3.9809,22.265044,-3.242931,-0.669209,3.9787,0.0574,0.091488,0.424426,0.4280,22.265044,-3.242931,-0.618277,6.6261,0.000000,1.134763,1104.9625,0,1,sand,0.7584,1.100000,0,0,0.000000,0.000000,0.000000,0,nan,0.00,0.810606,1.0000,0.0000,0.428000,1.9000,1.76,5.72,9.24,5.53,-2.353106,-18.1230,-2.6451,0.008000,0.099069,0.8661,-0.040166,-0.258344,-0.271787,3974.271782999167,-381.3239928301446,4070.4528359996852,-65.12164366687801,0.461391,-0.001689,6427.5,6193.0,0.075829,0.050914,0.000000,3.9748,1.0000,,,,,
8.1840,1778909415.366854,607,22.302969,-3.254159,-0.671342,4.0047,-0.0100,0.051483,22.340281,-3.289925,-0.672768,3.9849,22.334633,-3.278177,-0.670861,3.9848,0.0747,0.113642,0.425522,0.4280,22.334633,-3.278177,-0.619821,6.6036,0.000000,1.122626,1101.9619,0,1,sand,0.7541,1.100000,1,0,0.000000,0.000000,0.000000,0,nan,0.00,0.810606,1.0000,0.0000,0.428000,1.9000,2.13,5.68,9.94,5.45,-2.381925,-18.0860,-2.6188,0.008000,0.161731,-0.0331,-0.034784,-0.178100,-0.182878,4658.113709743972,-571.8237943289091,4058.162951213391,148.33700655230075,0.451393,0.003403,6427.1,6193.5,0.076171,0.059848,0.000000,3.9806,1.0000,,,,,
8.1960,1778909415.375091,608,22.392075,-3.365518,-0.678161,3.9831,-0.0058,0.063521,22.378802,-3.318349,-0.671922,3.9881,22.422008,-3.388269,-0.677601,3.9851,0.0761,0.119929,0.433268,0.4280,22.422008,-3.388269,-0.630816,6.5753,0.000000,1.153103,1057.2986,0,1,sand,0.7541,1.100000,0,0,0.000000,0.000000,0.000000,0,nan,0.00,0.810606,1.0000,0.0000,0.428000,1.9000,1.88,5.62,9.37,5.27,-2.318349,-18.5595,-2.5873,0.008000,0.080887,-0.1931,-0.028394,-0.220771,-0.213569,4654.510944616285,-286.10820577944,4047.8967460715035,334.94556854121396,0.442226,0.008302,6424.9,6195.6,0.077730,0.062944,0.000000,3.9811,1.0000,,,,,
8.2080,1778909415.387135,609,22.412889,-3.334078,-0.670666,3.9533,0.1299,0.095180,22.417711,-3.346326,-0.670853,3.9893,22.441764,-3.355105,-0.670003,3.9796,0.0996,0.129676,0.433626,0.4280,22.441764,-3.355105,-0.618042,6.5689,-0.000000,1.222325,1045.6423,0,1,sand,0.7541,1.100000,0,0,0.000000,0.000000,0.000000,0,nan,0.00,0.810606,1.0000,0.0000,0.428000,1.9000,1.68,5.57,8.93,5.32,-2.346326,-18.4982,-2.5797,0.008000,0.109460,0.1188,-0.038076,-0.162291,-0.174823,4133.0118453771265,656.7227801394437,4016.0644271441784,285.16525092673913,0.425783,0.008298,6424.8,6195.8,0.077841,0.069364,0.000000,3.9757,1.0000,,,,,
8.2200,1778909415.443796,610,22.425023,-3.345439,-0.664985,3.9600,0.0261,0.103083,22.456934,-3.373939,-0.669635,3.9936,22.452857,-3.365201,-0.664241,3.9767,0.1011,0.138640,0.467693,0.4280,22.452857,-3.365201,-0.617686,6.5653,0.000000,1.115288,954.7029,0,1,sand,0.7541,1.100000,0,0,0.000000,0.000000,0.000000,0,nan,0.00,0.810606,1.0000,0.0000,0.428000,1.9000,1.50,5.65,8.65,6.06,-2.373939,-18.4284,-2.5717,0.008000,0.097031,0.5742,-0.041455,-0.163587,-0.165456,3104.7142444733317,-367.8732736324013,4010.8007200209377,490.57358968988194,0.416941,0.014009,6416.2,6204.4,0.084080,0.093841,-0.000000,3.9727,1.0000,,,,,
8.2560,1778909415.450905,611,22.505669,-3.481265,-0.660041,4.0460,0.1029,0.118944,22.575866,-3.455741,-0.665734,3.9994,22.533508,-3.499912,-0.659054,4.0072,0.1370,0.165217,0.464353,0.4280,22.533508,-3.499912,-0.610714,6.5392,-0.000000,1.106845,956.7717,0,1,sand,0.7541,1.100000,0,0,0.000000,0.000000,0.000000,0,nan,0.00,0.810606,1.0000,0.0000,0.428000,1.9000,1.35,5.70,8.40,6.00,-2.455741,-18.2050,-2.5398,0.032000,0.043081,1.0319,-0.019491,-0.128707,-0.130519,4459.09233643391,863.6872272302201,3953.6234343756673,635.4415190573345,0.391061,0.018573,6416.7,6203.8,0.083682,0.047533,0.000000,4.0034,1.0000,,,,,
8.2680,1778909415.457818,612,22.540371,-3.534960,-0.665042,4.1146,0.1655,0.147412,22.616132,-3.482172,-0.664047,4.0000,22.572272,-3.555889,-0.663739,4.0293,0.1692,0.188301,0.472698,0.4280,22.572272,-3.555889,-0.620027,6.5267,1.000000,1.049086,919.8311,0,1,sand,0.7541,1.100000,0,0,0.000000,0.000000,0.000000,0,nan,0.00,0.833333,1.0000,0.0000,0.440000,1.9000,1.87,5.67,9.41,5.51,-2.482172,-18.1083,-2.5266,0.008000,0.031346,0.5022,0.026808,-0.134956,-0.145315,4914.4684511599635,929.9445619621765,3895.064098088928,628.9848212882317,0.379144,0.019053,6414.9,6205.7,0.085007,0.028160,-0.000000,4.0249,1.0000,,,,,
8.2800,1778909415.464265,613,22.753776,-3.449886,-0.669640,3.9631,0.1000,0.157728,22.656735,-3.508145,-0.662192,3.9967,22.789497,-3.472938,-0.667967,4.0177,0.1908,0.214898,0.461921,0.4505,22.789497,-3.472938,-0.616424,6.4554,1.000000,1.084047,1045.8646,0,1,sand,0.7541,1.100000,0,0,0.000000,0.000000,0.000000,0,nan,0.00,0.856061,1.0000,0.0000,0.452000,1.9000,2.43,5.65,10.52,5.56,-2.418845,-18.5768,-2.4587,0.008000,0.165913,-0.5489,-0.008216,-0.148089,-0.148111,4609.841346566599,824.3314100835229,4000.5194766034583,778.1040341466894,0.383569,0.023587,6417.8,6202.8,0.082914,0.069412,1.000000,4.0129,1.0000,,,,,
8.2920,1778909415.471071,614,22.609580,-3.506836,-0.665448,4.0111,0.1244,0.165642,22.697601,-3.533728,-0.660228,3.9964,22.643482,-3.528233,-0.663770,4.0172,0.1963,0.222510,0.465048,0.4619,22.643482,-3.528233,-0.615824,6.5035,1.000000,1.022255,1050.0019,0,1,sand,0.7541,1.100000,0,0,0.000000,0.000000,0.000000,0,nan,0.00,0.878788,1.0000,0.0000,0.464000,1.9000,2.14,5.61,9.89,5.37,-2.444428,-18.4642,-2.5071,0.008000,0.053377,-0.3410,-0.014764,-0.145337,-0.144318,4821.261292927162,1697.1773476868125,4008.795094475151,876.4292924393633,0.387799,0.026675,6416.9,6203.6,0.083541,0.058790,1.000000,4.0126,1.0000,,,,,
8.3040,1778909415.483150,615,22.708273,-3.591845,-0.658617,4.0110,0.1276,0.170987,22.738744,-3.558908,-0.658169,3.9946,22.740646,-3.611732,-0.656940,4.0166,0.2013,0.229665,0.466439,0.4734,22.740646,-3.611732,-0.612958,6.4716,1.000000,0.958879,981.4526,0,1,sand,0.7541,1.100000,0,0,0.000000,0.000000,0.000000,0,nan,0.00,0.901515,1.0000,0.0000,0.476000,1.9000,1.90,5.54,9.34,5.12,-2.469608,-18.3462,-2.4770,0.008000,0.048936,0.4006,-0.016184,-0.135577,-0.134848,4605.961587916493,1449.0628295843185,4026.8079458900897,964.4771459535306,0.392973,0.029449,6416.3,6204.3,0.084009,0.057514,1.000000,4.0123,1.0000,,,,,
8.3160,1778909415.542477,616,22.648299,-3.671199,-0.661865,3.9341,0.2325,0.180196,22.780154,-3.583672,-0.655997,3.9921,22.678938,-3.689745,-0.660203,4.0012,0.2223,0.236346,0.457173,0.4849,22.678938,-3.689745,-0.614464,6.4919,1.000000,1.053696,1098.0826,0,1,sand,0.7541,1.100000,0,0,0.000000,0.000000,0.000000,0,nan,0.00,0.924242,1.0000,0.0000,0.488000,1.9000,1.68,5.61,8.97,6.02,-2.494372,-18.2218,-2.4999,0.008000,0.155324,-0.2767,-0.025782,-0.125116,-0.132612,4875.227587221239,2154.0279665044513,4014.7790536437715,894.7441962989017,0.393437,0.027493,6418.3,6202.2,0.082505,0.073438,1.000000,3.9971,1.0000,,,,,
8.3520,1778909415.549535,617,22.953278,-3.675233,-0.650663,3.9675,0.2896,0.207310,22.906007,-3.655577,-0.648921,3.9891,22.983567,-3.691997,-0.648821,3.9886,0.2842,0.260562,0.450341,0.4966,22.983567,-3.691997,-0.604343,6.3914,1.000000,0.989805,965.0766,0,1,sand,0.7715,1.100000,1,0,0.000000,0.000000,0.000000,0,nan,0.00,0.992424,1.0000,0.0000,0.524000,1.9000,1.49,5.68,8.67,6.10,-2.479977,-18.4724,-2.4023,0.032000,0.189973,-0.0164,-0.038698,-0.051637,-0.104022,3958.6696417364783,1417.2177177610279,4028.60970438184,721.7788020204703,0.375105,0.022831,6420.2,6200.4,0.081152,0.067247,0.333333,3.9847,1.0000,,,,,
8.3760,1778909415.556691,618,23.012655,-3.675609,-0.644670,3.9907,0.2119,0.216243,22.991220,-3.701596,-0.643733,3.9894,23.044201,-3.692355,-0.642585,3.9905,0.3018,0.286012,0.444595,0.5328,23.044201,-3.692355,-0.598319,6.3724,0.166667,1.069682,1010.5099,0,1,sand,0.7715,1.100000,0,0,0.000000,0.000000,0.000000,0,nan,0.00,1.000000,1.0000,0.0000,0.528000,1.9000,1.58,5.67,8.83,5.59,-2.525996,-18.1752,-2.3829,0.008000,0.131232,0.0137,-0.089928,-0.078764,-0.107393,4626.186936211818,1323.536995184022,3800.7806633621813,905.1217262070872,0.402763,0.028237,6421.6,6199.0,0.080150,0.059552,1.500000,3.9866,1.0000,,,,,
8.3880,1778909415.567148,619,23.022210,-3.780863,-0.636572,4.0205,0.2759,0.227674,23.034197,-3.724052,-0.641007,3.9891,23.052853,-3.796609,-0.634512,3.9970,0.3114,0.289696,0.450010,0.5294,23.052853,-3.796609,-0.588404,6.3697,-0.391122,1.074211,883.4335,0,1,sand,0.7715,1.100000,0,0,0.000000,0.000000,0.000000,0,nan,0.00,0.991111,1.0000,0.0000,0.523307,1.9000,1.42,5.63,8.47,5.41,-2.548452,-18.0190,-2.3806,0.008000,0.153557,0.5675,-0.070739,-0.097915,-0.133143,3948.807623102811,1994.3570580432531,4065.3802931218943,903.0794892607124,0.399664,0.028219,6420.3,6200.3,0.081082,0.052428,0.333333,3.9932,1.0000,,,,,
8.4000,1778909415.579238,620,22.987846,-3.711532,-0.637094,4.0017,0.2603,0.234233,23.077407,-3.746168,-0.638203,3.9880,23.017576,-3.726697,-0.635058,3.9985,0.3148,0.291726,0.444022,0.5201,23.017576,-3.726697,-0.589988,6.3807,0.391122,1.157477,787.0283,0,1,sand,0.7715,1.100000,0,0,0.000000,0.000000,0.000000,0,nan,0.00,1.000000,1.0000,0.0000,0.528000,1.9000,1.30,5.58,8.19,5.32,-2.570568,-17.8583,-2.3926,0.008000,0.022132,0.2535,-0.068811,-0.059686,-0.096289,4197.0828426659245,1477.4031099100157,3681.110489920487,948.010741593695,0.389399,0.029529,6421.8,6198.8,0.080028,0.057471,-0.391122,3.9948,1.0000,,,,,
8.4120,1778909415.591151,621,23.184542,-3.811322,-0.627594,3.9167,0.2918,0.240926,23.120836,-3.767901,-0.635309,3.9870,23.213402,-3.825481,-0.625575,3.9832,0.3255,0.297234,0.446034,0.5311,23.213402,-3.825481,-0.579482,6.3169,0.000000,0.956838,1129.9830,0,1,sand,0.7715,1.100000,0,0,0.000000,0.000000,0.000000,0,nan,0.00,1.000000,1.0000,0.0000,0.528000,1.9000,1.19,6.89,9.26,14.27,-2.592301,-17.6925,-2.3299,0.008000,0.090978,0.3655,-0.083541,-0.076558,-0.116744,4239.072389477911,1921.1367369303343,4027.024541277222,952.9881420675267,0.387030,0.029734,6421.3,6199.2,0.080331,0.075223,0.391122,3.9797,1.0000,,,,,
8.4240,1778909415.645189,622,23.227199,-3.868475,-0.623199,3.9910,0.3454,0.248737,23.164424,-3.789374,-0.632415,3.9896,23.260286,-3.884071,-0.620792,3.9860,0.3547,0.313782,0.452741,0.5280,23.260286,-3.884071,-0.578479,6.2991,0.000000,1.456838,1810.5070,0,1,sand,0.7715,1.100000,0,0,0.000000,0.000000,0.000000,0,nan,0.00,1.000000,1.0000,0.0000,0.528000,1.9000,1.07,6.74,8.89,5.92,-2.530774,-18.1996,-2.3096,0.008000,0.196001,0.7660,-0.064984,-0.039748,-0.084135,2307.5129164747455,1302.9161590999477,3686.5605770341776,885.9709061009715,0.378690,0.027841,6419.5,6201.1,0.081670,0.059547,0.000000,3.9819,1.0000,,,,,
8.4600,1778909415.652160,623,23.327982,-3.756375,-0.633627,3.9970,0.2546,0.254943,23.295927,-3.852726,-0.623746,3.9821,23.359739,-3.771592,-0.631203,3.9920,0.3501,0.323316,0.439285,0.5280,23.359739,-3.771592,-0.581905,6.2593,-1.000000,1.956838,1396.8526,0,1,sand,0.7715,1.100000,0,0,0.000000,0.000000,0.000000,0,nan,0.00,0.931818,1.0000,0.0000,0.492000,1.9000,0.97,6.64,8.57,6.04,-2.594126,-17.7030,-2.2772,0.008000,0.122053,-0.6224,-0.045373,-0.114970,-0.119912,4839.553847183794,1391.3941023008415,3646.820568692993,1142.5145419781836,0.372591,0.035157,6423.9,6196.6,0.078460,0.067156,0.000000,3.9882,1.0000,,,,,
8.4720,1778909415.659147,624,23.317889,-3.887181,-0.619107,3.9909,0.3897,0.265603,23.340250,-3.872950,-0.620572,3.9828,23.353893,-3.903458,-0.616345,3.9930,0.3714,0.325545,0.451595,0.4823,23.353893,-3.903458,-0.574154,6.2615,1.000000,1.571470,773.6537,0,1,sand,0.7715,1.100000,0,0,0.000000,0.000000,0.000000,0,nan,0.00,0.954545,1.0000,0.0000,0.504000,1.9000,1.54,6.43,9.51,5.24,-2.614350,-17.5211,-2.2788,nan,nan,nan,nan,nan,nan,4225.432147742166,1751.0590952313273,3255.226336494117,1021.0859217187719,0.327721,0.031465,6422.4,6198.2,0.079551,0.059800,-3.000000,3.9887,1.0000,,,,,
8.4840,1778909415.665365,625,23.433955,-3.829431,-0.614143,3.9705,0.3945,0.274323,23.384802,-3.892779,-0.617304,3.9836,23.470792,-3.845440,-0.611242,3.9896,0.3975,0.338818,0.450873,0.5139,23.470792,-3.845440,-0.565911,6.2245,1.000000,1.386121,854.2447,0,1,sand,0.7715,1.100000,0,0,0.000000,0.000000,0.000000,0,nan,0.00,0.977273,1.0000,0.0000,0.516000,1.9000,1.72,6.25,9.69,5.23,-2.554479,-18.0731,-2.2409,0.008000,0.048447,-0.0091,-0.049793,-0.029743,-0.062491,4420.558981279683,1769.665086012173,3530.2792798297774,934.5345802503779,0.331541,0.029007,6421.7,6198.9,0.080064,0.072188,1.000000,3.9852,1.0000,,,,,
8.4960,1778909415.675107,626,23.420923,-4.014288,-0.617922,4.0385,0.4219,0.277949,23.429628,-3.912242,-0.613940,3.9876,23.455874,-4.029376,-0.615137,3.9998,0.4156,0.342812,0.462307,0.5253,23.455874,-4.029376,-0.571488,6.2279,1.000000,1.438752,701.9603,0,1,sand,0.7715,1.100000,0,0,0.000000,0.000000,0.000000,0,nan,0.00,1.000000,1.0000,0.0000,0.528000,1.9000,1.53,6.10,9.17,5.28,-2.573942,-17.8804,-2.2403,0.008000,0.042831,-0.7093,-0.046466,-0.059237,-0.108946,4333.914846353097,980.980213278853,3546.4560130579116,817.4921288042283,0.335972,0.025906,6418.2,6202.4,0.082643,0.051194,1.000000,3.9955,1.0000,,,,,
8.5080,1778909415.687361,627,23.379679,-3.993383,-0.605258,4.0194,0.4471,0.289442,23.474690,-3.931335,-0.610503,3.9864,23.413349,-4.007130,-0.602549,4.0041,0.4350,0.348189,0.454717,0.5369,23.413349,-4.007130,-0.558857,6.2401,-1.000000,1.526966,605.9293,0,1,sand,0.8009,1.100000,1,0,0.000000,0.000000,0.000000,0,nan,0.00,0.977273,1.0000,0.0000,0.516000,1.9000,1.39,5.98,8.75,5.28,-2.593035,-17.6834,-2.2537,0.008000,0.091993,0.0359,-0.042721,-0.018208,-0.082386,4395.004331923078,1746.739529685206,3550.610567213649,715.0637965952028,0.339712,0.023171,6420.0,6200.5,0.081274,0.056610,1.000000,4.0002,1.0000,,,,,
8.5200,1778909415.741753,628,23.427433,-3.989756,-0.599088,3.9983,0.3785,0.302808,23.519982,-3.949964,-0.606935,3.9839,23.459723,-4.002655,-0.596472,4.0037,0.4311,0.345686,0.463229,0.5075,23.459723,-4.002655,-0.552944,6.2270,-1.000000,1.315418,747.7066,0,1,sand,0.8009,1.100000,0,0,0.000000,0.000000,0.000000,0,nan,0.00,0.954545,1.0000,0.0000,0.504000,1.9000,1.25,5.95,8.46,5.80,-2.611664,-17.4790,-2.2431,0.008000,0.155701,-0.1855,-0.028056,-0.029983,-0.086174,4492.920505710251,1380.4465854093078,3354.37549806901,810.6369675092196,0.323095,0.025414,6417.9,6202.6,0.082805,0.059633,-1.000000,3.9998,1.0000,,,,,
8.5560,1778909415.748608,629,23.768056,-4.011231,-0.593427,4.0127,0.5178,0.321470,23.657235,-4.003443,-0.595606,3.9866,23.799796,-4.022945,-0.590754,4.0090,0.4857,0.358626,0.474823,0.4958,23.799796,-4.022945,-0.548355,6.1923,0.666667,1.152875,877.7898,0,1,sand,0.8009,1.100000,0,0,0.000000,0.000000,0.000000,0,nan,0.00,1.000000,1.0000,0.0000,0.528000,1.9000,1.13,5.96,8.21,6.01,-2.589243,-17.6342,-2.2057,0.032000,0.138210,-0.2300,-0.026033,0.018476,-0.073662,4247.4548493467455,2026.280856467713,3383.197494288685,514.721859844569,0.286446,0.018059,6414.4,6206.1,0.085335,0.056308,-0.333333,4.0052,1.0000,,,,,
8.5680,1778909415.755589,630,23.606718,-4.055049,-0.601008,4.0223,0.5036,0.332912,23.703458,-4.020489,-0.591654,3.9881,23.642960,-4.068268,-0.597820,4.0129,0.5153,0.382484,0.474971,0.5342,23.642960,-4.068268,-0.554198,6.2155,0.000000,1.496726,1481.0708,0,1,sand,0.8009,1.100000,0,0,0.000000,0.000000,0.000000,0,nan,0.00,1.000000,1.0000,0.0000,0.528000,1.9000,1.68,5.88,9.24,5.42,-2.606289,-17.4078,-2.2274,0.008000,0.172807,-0.1224,-0.027391,0.062762,-0.035392,4267.899101409894,1941.0142284579908,3130.6560753662648,513.6262184423861,0.303789,0.017706,6414.4,6206.2,0.085371,0.055188,2.000000,4.0085,1.0000,,,,,
8.5800,1778909415.761844,631,23.719610,-4.068161,-0.586852,4.0025,0.5093,0.337617,23.749901,-4.037166,-0.587628,3.9909,23.757543,-4.081125,-0.583467,4.0120,0.5288,0.390080,0.493527,0.5280,23.757543,-4.081125,-0.539867,6.2049,0.000000,1.267776,968.0629,0,1,sand,0.8009,1.100000,0,0,0.000000,0.000000,0.000000,0,nan,0.00,1.000000,1.0000,0.0000,0.528000,1.9000,1.90,5.79,9.58,5.30,-2.622966,-17.1771,-2.2139,0.008000,0.013249,-0.1754,-0.030855,0.029168,-0.071224,3842.779917508764,2007.0298226365692,3680.6822708073296,505.85015531659576,0.297627,0.017550,6410.6,6209.9,0.088097,0.058989,0.000000,4.0073,1.0000,,,,,
8.5920,1778909415.771138,632,23.793784,-4.103901,-0.590082,4.0079,0.4182,0.340213,23.796532,-4.053511,-0.583550,3.9926,23.829700,-4.116330,-0.586838,4.0119,0.5192,0.391264,0.493569,0.5280,23.829700,-4.116330,-0.543044,6.1813,-1.000000,1.042605,1189.5936,0,1,sand,0.8009,1.100000,0,0,0.000000,0.000000,0.000000,0,nan,0.00,0.977273,1.0000,0.0000,0.516000,1.9000,1.69,5.71,9.09,5.23,-2.639311,-16.9435,-2.1887,0.008000,0.120690,-0.7289,-0.027219,-0.029395,-0.111335,4108.090207004498,1651.753083672664,3717.6174214747825,705.5217410751084,0.296703,0.022033,6409.9,6210.7,0.088629,0.058893,0.000000,4.0074,1.0000,,,,,
8.6040,1778909415.783086,633,23.804552,-4.019581,-0.578921,4.0751,0.4741,0.344650,23.843376,-4.069495,-0.579408,3.9953,23.838979,-4.031061,-0.575820,4.0247,0.5166,0.388444,0.485760,0.5073,23.838979,-4.031061,-0.533360,6.1776,-1.000000,0.871898,1082.1253,0,1,sand,0.8009,1.100000,0,0,0.000000,0.000000,0.000000,0,nan,0.00,0.954545,1.0000,0.0000,0.504000,1.9000,1.51,6.64,9.66,11.90,-2.655295,-16.7061,-2.1824,0.008000,0.166243,0.1109,-0.025464,-0.057778,-0.130190,3540.1095894744285,2730.6978785007145,3406.761679942512,779.4820907153478,0.281812,0.023239,6411.3,6209.3,0.087657,0.042883,-1.000000,4.0205,1.0000,,,,,
8.6160,1778909415.840684,634,23.898794,-3.983728,-0.570865,4.0003,0.5418,0.348945,23.890408,-4.085172,-0.575260,3.9996,23.935890,-3.995506,-0.567489,4.0211,0.5327,0.393703,0.479310,0.4946,23.935890,-3.995506,-0.521289,6.1393,-1.000000,0.994683,879.8686,0,1,sand,0.8009,1.100000,0,0,0.000000,0.000000,0.000000,0,nan,0.00,0.931818,1.0000,0.0000,0.492000,1.9000,1.36,6.57,9.29,6.21,-2.598872,-17.2958,-2.1397,0.008000,0.196016,-0.1796,-0.032973,-0.001060,-0.064762,3081.706714164906,2955.159756038922,3352.8950269532406,696.22639985005,0.263288,0.021389,6412.6,6207.9,0.086645,0.061269,-1.000000,4.0166,1.0000,,,,,
8.6520,1778909415.848023,635,24.005436,-4.247077,-0.557650,4.0440,0.4493,0.365921,24.032671,-4.130229,-0.562425,4.0057,24.041651,-4.257991,-0.554266,4.0323,0.5204,0.401822,0.463869,0.4829,24.041651,-4.257991,-0.508718,6.1180,1.000000,1.155994,691.4631,0,1,sand,0.8009,1.100000,0,0,0.000000,0.000000,0.000000,0,nan,0.00,1.000000,1.0000,0.0000,0.528000,1.9000,1.24,6.53,9.02,6.28,-2.643929,-16.5604,-2.1122,0.032000,0.188036,0.2438,-0.021891,-0.087332,-0.152177,3240.451175981197,2019.0539508383986,3487.783257773327,1159.0466310622699,0.247420,0.030690,6416.8,6203.8,0.083647,0.058005,-0.333333,4.0281,1.0000,,,,,
8.6760,1778909415.855367,636,24.147264,-4.141459,-0.551885,4.0343,0.5709,0.372926,24.128415,-4.158619,-0.553516,4.0133,24.182951,-4.151449,-0.548457,4.0344,0.5618,0.421329,0.489231,0.5368,24.182951,-4.151449,-0.505109,6.1226,-1.000000,1.190675,694.9068,0,1,sand,0.8009,1.100000,0,0,0.000000,0.000000,0.000000,0,nan,0.00,0.954545,1.0000,0.0000,0.504000,1.9000,1.16,6.34,8.65,5.26,-2.604319,-16.9527,-2.1093,0.008000,0.124289,0.4404,-0.030275,-0.079445,-0.137881,3452.350243560618,2932.0141226710366,3276.953195017337,966.5806497872021,0.271481,0.026076,6410.7,6209.9,0.088090,0.062344,1.500000,4.0301,1.0000,,,,,
8.6880,1778909415.867062,637,24.197564,-4.139756,-0.539311,4.0101,0.4203,0.379005,24.176574,-4.172319,-0.549007,4.0171,24.231655,-4.149007,-0.536045,4.0303,0.5379,0.413600,0.491014,0.4956,24.231655,-4.149007,-0.492688,6.1204,-1.000000,1.163395,809.7024,0,1,sand,0.8310,1.100000,1,0,0.000000,0.000000,0.000000,0,nan,0.00,0.931818,1.0000,0.0000,0.492000,1.9000,1.05,6.17,8.27,5.20,-2.618019,-16.6943,-2.1034,0.008000,0.078574,0.2950,-0.035169,-0.120658,-0.133295,3461.036126084168,2518.14679090145,3286.3716423680526,1232.982199906744,0.248731,0.031975,6410.2,6210.4,0.088448,0.067232,-2.000000,4.0262,1.0000,,,,,
8.7000,1778909415.880530,638,24.205862,-4.121193,-0.547356,4.0564,0.5266,0.377824,24.224889,-4.185734,-0.544486,4.0205,24.238582,-4.130313,-0.544214,4.0360,0.5407,0.411859,0.486800,0.4839,24.238582,-4.130313,-0.501370,6.1196,-1.000000,1.197320,716.1739,0,1,sand,0.8310,1.100000,0,0,0.000000,0.000000,0.000000,0,nan,0.00,0.909091,1.0000,0.0000,0.480000,1.9000,0.97,6.05,7.98,5.36,-2.631434,-16.4353,-2.0991,0.008000,0.124972,0.0204,-0.029210,-0.052744,-0.073248,3721.499442611132,2794.178974963872,3278.759801598164,1222.8158677438419,0.233592,0.031465,6411.1,6209.5,0.087788,0.058882,-1.000000,4.0321,1.0000,,,,,
8.7120,1778909415.937789,639,24.305537,-4.203170,-0.541539,3.9496,0.5546,0.376946,24.273347,-4.198843,-0.539957,4.0241,24.337188,-4.211683,-0.538495,4.0200,0.5474,0.409651,0.498699,0.4722,24.337188,-4.211683,-0.494449,6.0924,-1.000000,1.109591,839.2539,0,1,sand,0.8310,1.100000,0,0,0.000000,0.000000,0.000000,0,nan,0.00,0.886364,1.0000,0.0000,0.468000,1.9000,0.90,6.04,7.83,5.98,-2.644543,-16.1758,-2.0683,0.008000,0.082656,-0.2615,-0.057206,-0.040252,-0.087906,3202.910598363097,3265.803420375762,3136.5008694965345,1113.2861865905456,0.216594,0.029795,6408.0,6212.5,0.089983,0.083812,-1.000000,4.0161,1.0000,,,,,
8.7480,1778909415.944871,640,24.500286,-4.210242,-0.521521,4.0578,0.6155,0.366660,24.419383,-4.236114,-0.526197,4.0320,24.531815,-4.217767,-0.518536,4.0375,0.5862,0.407514,0.520490,0.4603,24.531815,-4.217767,-0.474979,6.0273,-1.000000,1.018681,861.0423,0,1,sand,0.8310,1.100000,0,0,0.000000,0.000000,0.000000,0,nan,0.00,0.818182,1.0000,0.0000,0.432000,1.9000,0.84,6.06,7.73,6.22,-2.618114,-16.3274,-1.9953,0.032000,0.188848,0.3780,-0.035443,-0.076028,-0.163278,2798.3053935946937,2868.299970919491,3148.7385415867398,598.9116532802072,0.194436,0.018407,6402.3,6218.2,0.094145,0.066083,-0.333333,4.0336,1.0000,,,,,
8.7720,1778909415.952127,641,24.455592,-4.255111,-0.514083,4.0088,0.6241,0.363947,24.517294,-4.260553,-0.517483,4.0496,24.487772,-4.262433,-0.511077,4.0298,0.5999,0.398890,0.545619,0.4241,24.487772,-4.262433,-0.466443,6.0360,-1.000000,0.977397,884.4547,0,1,sand,0.8310,1.100000,0,0,0.000000,0.000000,0.000000,0,nan,0.00,0.772727,1.0000,0.0000,0.408000,1.9000,0.90,5.94,7.73,5.26,-2.642553,-15.8281,-1.9864,0.020000,0.117314,0.0001,-0.053107,0.014501,-0.075733,2127.9315078367167,1415.088107322178,2556.0749553565465,301.9240725108396,0.152549,0.012295,6395.8,6224.8,0.098867,0.074475,-1.500000,4.0255,1.0000,,,,,
8.7840,1778909415.963067,642,24.458284,-4.256040,-0.516850,4.0940,0.4867,0.362927,24.566428,-4.272486,-0.513104,4.0534,24.489429,-4.263436,-0.513968,4.0429,0.5789,0.391883,0.550226,0.4004,24.489429,-4.263436,-0.469507,6.0356,-1.000000,0.957684,788.2563,0,1,sand,0.8310,1.100000,0,0,0.000000,0.000000,0.000000,0,nan,0.00,0.750000,1.0000,0.0000,0.396000,1.9000,0.83,5.83,7.50,5.20,-2.654486,-15.5772,-1.9822,0.008000,0.133471,-0.6031,-0.044519,0.064287,-0.004428,2394.5238039836804,1474.001973208091,2336.2852980720595,490.9235626837381,0.133426,0.016284,6394.5,6226.1,0.099818,0.055727,-2.000000,4.0388,1.0000,,,,,
8.7960,1778909415.975061,643,24.655569,-4.292684,-0.506314,4.0541,0.5218,0.369990,24.615699,-4.284155,-0.508635,4.0591,24.685865,-4.299619,-0.503522,4.0458,0.5697,0.389189,0.550724,0.3886,24.685865,-4.299619,-0.459025,6.0281,1.000000,0.980702,947.8434,0,1,sand,0.8310,1.100000,0,0,0.000000,0.000000,0.000000,0,nan,0.00,0.772727,1.0000,0.0000,0.408000,1.9000,0.78,5.73,7.29,5.17,-2.666155,-15.3211,-1.9690,0.008000,0.043924,-0.6663,-0.037686,-0.032885,-0.119333,2510.5275927125863,1115.9224143636288,2324.8685194314285,594.3671932152198,0.122792,0.018413,6394.3,6226.3,0.099977,0.064392,-1.000000,4.0417,1.0000,,,,,
8.8080,1778909415.987095,644,24.650151,-4.341859,-0.505030,4.0702,0.6064,0.370772,24.665099,-4.295601,-0.504149,4.0640,24.679804,-4.348503,-0.502287,4.0512,0.5831,0.394221,0.550615,0.4152,24.679804,-4.348503,-0.457007,6.0276,1.000000,0.919062,865.2687,0,1,sand,0.8310,1.100000,0,0,0.000000,0.000000,0.000000,0,nan,0.00,0.795455,1.0000,0.0000,0.420000,1.9000,0.74,5.65,7.13,5.21,-2.618301,-16.0188,-1.9636,0.008000,0.104352,-0.1147,-0.037410,0.010394,-0.067414,2705.1560917639945,1380.519945666102,2245.822405113029,498.06857044102594,0.132290,0.016134,6394.3,6226.3,0.099958,0.060993,1.000000,4.0472,1.0000,,,,,
8.8200,1778909416.040139,645,24.760794,-4.428999,-0.491641,4.0616,0.4884,0.399190,24.714700,-4.306379,-0.499346,4.0661,24.789880,-4.435125,-0.488911,4.0538,0.5724,0.401461,0.544136,0.4270,24.789880,-4.435125,-0.442403,6.0348,1.000000,0.998711,897.0776,0,1,sand,0.8310,1.100000,0,0,0.000000,0.000000,0.000000,0,nan,0.00,0.818182,1.0000,0.0000,0.432000,1.9000,0.70,5.69,7.08,5.92,-2.629079,-15.7436,-1.9686,0.008000,0.115052,0.3374,-0.019822,-0.066024,-0.141241,2729.5063330361004,-44.807339748605955,2361.9284411404105,864.1526146118579,0.145385,0.022260,6395.8,6224.8,0.098875,0.053191,1.000000,4.0500,1.0000,,,,,
8.8560,1778909416.047119,646,24.840211,-4.338232,-0.491798,4.0647,0.5350,0.340167,24.863271,-4.339817,-0.486418,4.0887,24.869081,-4.344476,-0.489163,4.0609,0.5704,0.392916,0.669691,0.4390,24.869081,-4.344476,-0.444480,6.0354,-1.000000,0.805234,1042.6843,0,1,sand,0.8310,1.100000,0,0,0.000000,0.000000,0.000000,0,nan,0.00,0.750000,1.0000,0.0000,0.396000,1.9000,0.65,6.82,8.13,13.22,-2.662517,-15.0029,-1.9467,0.008000,0.107478,-0.8029,-0.033397,-0.066065,-0.104143,206.1016406378684,2190.6245580168775,3286.8687900322134,461.0452923387365,0.163926,0.017705,6364.1,6256.4,0.121870,0.059829,0.333333,4.0562,1.0000,,,,,
8.8800,1778909416.061239,647,24.900802,-4.427813,-0.483452,4.0633,0.6469,0.324734,24.962232,-4.362737,-0.478516,4.1004,24.936793,-4.435184,-0.480281,4.0642,0.5958,0.379672,0.659685,0.3873,24.936793,-4.435184,-0.434225,6.0343,-0.144704,0.848532,807.9465,0,1,sand,0.8579,1.100000,1,0,0.000000,0.000000,0.000000,0,nan,0.00,0.743423,1.0000,0.0000,0.392527,1.9000,0.94,6.61,8.49,5.44,-2.630637,-15.5846,-1.9339,0.008000,0.075637,-0.7027,-0.025867,0.000806,-0.107987,989.2777325597067,2062.70032664284,2283.876235900829,-99.95674405822434,0.124356,0.004610,6366.7,6253.9,0.120028,0.057954,-1.500000,4.0585,1.0000,,,,,
8.8920,1778909416.071126,648,25.044115,-4.372379,-0.471056,4.0362,0.4450,0.327026,25.011769,-4.374096,-0.474600,4.1028,25.078633,-4.379253,-0.468046,4.0595,0.5728,0.375194,0.637069,0.3913,25.078633,-4.379253,-0.423125,6.0323,1.000000,0.985512,686.7682,0,1,sand,0.8579,1.100000,0,0,0.000000,0.000000,0.000000,0,nan,0.00,0.766150,1.0000,0.0000,0.404527,1.9000,0.87,6.39,8.13,5.12,-2.641996,-15.3602,-1.9295,0.008000,0.143537,0.2134,-0.043799,0.001205,-0.087552,1643.903062260947,865.6923623463967,2646.71553885441,90.67287965738933,0.127906,0.009158,6372.4,6248.1,0.115853,0.069154,-0.289408,4.0542,1.0000,,,,,
8.9040,1778909416.083099,649,24.953971,-4.308000,-0.470668,4.0643,0.4260,0.326352,25.061347,-4.385303,-0.470688,4.1046,24.987044,-4.314769,-0.467792,4.0612,0.5545,0.375523,0.629895,0.4125,24.987044,-4.314769,-0.423690,6.0332,-0.287685,0.999395,778.1595,0,1,sand,0.8579,1.100000,0,0,0.000000,0.000000,0.000000,0,nan,0.00,0.759612,1.0000,0.0000,0.401075,1.9000,0.82,6.22,7.85,5.27,-2.653203,-15.1361,-1.9286,0.008000,0.166039,-0.3475,-0.044730,-0.021200,-0.099136,1842.7808352346287,2403.4781225697125,2391.611449826071,283.3445642087496,0.146828,0.013666,6374.4,6246.1,0.114383,0.061375,1.000000,4.0561,1.0000,,,,,
8.9160,1778909416.137925,650,25.146084,-4.354935,-0.456846,4.1617,0.5243,0.328120,25.111031,-4.396188,-0.466664,4.1011,25.178201,-4.361145,-0.454098,4.0813,0.5515,0.370661,0.620216,0.3988,25.178201,-4.361145,-0.409822,6.0326,-1.000000,0.918819,835.2520,0,1,sand,0.8579,1.100000,0,0,0.000000,0.000000,0.000000,0,nan,0.00,0.736884,1.0000,0.0000,0.389075,1.9000,0.76,6.17,7.68,5.84,-2.664088,-14.9056,-1.9315,0.008000,0.098022,0.3448,-0.029688,-0.024202,-0.093603,1229.3746845006958,1268.1633160835615,2821.4038333697818,253.5928381833193,0.145589,0.012695,6376.9,6243.7,0.112634,0.042207,-0.287685,4.0766,1.0000,,,,,
8.9520,1778909416.144838,651,25.362064,-4.434093,-0.445979,4.0599,0.4339,0.322303,25.260298,-4.428065,-0.454695,4.1160,25.393386,-4.440167,-0.443348,4.0745,0.5133,0.360746,0.652382,0.3815,25.393386,-4.440167,-0.398116,6.0331,-0.452732,0.898789,856.0426,0,1,sand,0.8579,1.100000,0,0,0.000000,0.000000,0.000000,0,nan,0.00,0.706016,1.0000,0.0000,0.372777,1.9000,0.71,6.14,7.56,6.03,-2.646065,-15.2956,-1.9171,0.032000,0.178555,0.1596,-0.038683,-0.072929,-0.119397,371.0394392078378,1203.5686170022732,2763.6176927275415,517.0649378243897,0.144504,0.019413,6368.5,6252.1,0.118691,0.060346,-0.333333,4.0696,1.0000,,,,,
8.9640,1778909416.151751,652,25.288650,-4.411078,-0.450807,4.0923,0.4538,0.319101,25.310055,-4.438782,-0.450866,4.1213,25.325076,-4.418407,-0.447763,4.0798,0.5079,0.359114,0.664586,0.3688,25.325076,-4.418407,-0.402831,6.0332,1.000000,0.870123,812.4175,0,1,sand,0.8579,1.100000,0,0,0.000000,0.000000,0.000000,0,nan,0.00,0.728743,1.0000,0.0000,0.384777,1.9000,1.34,6.05,8.73,5.50,-2.656782,-15.0762,-1.9119,0.008000,0.019247,-0.0536,-0.053854,-0.058715,-0.112677,374.52462716476373,744.9253818361187,2367.2083080311586,537.5722425095428,0.130854,0.019987,6365.7,6254.9,0.120757,0.054710,-1.358197,4.0740,1.0000,,,,,
8.9760,1778909416.158147,653,25.330487,-4.486176,-0.439173,4.0984,0.5545,0.316077,25.359814,-4.449473,-0.447058,4.1238,25.369367,-4.493366,-0.435928,4.0848,0.5270,0.364622,0.651599,0.3942,25.369367,-4.493366,-0.389775,6.0332,0.036981,0.866520,805.2496,0,1,sand,0.8579,1.100000,0,0,0.000000,0.000000,0.000000,0,nan,0.00,0.729584,1.0000,0.0000,0.385220,1.9000,1.66,5.93,9.26,5.26,-2.667473,-14.8581,-1.9094,nan,nan,nan,nan,nan,nan,940.8040503130949,1493.5238848538052,2334.1671567512694,345.6094378307532,0.140767,0.015422,6369.0,6251.6,0.118328,0.054068,1.000000,4.0787,1.0000,,,,,
8.9880,1778909416.167129,654,25.411962,-4.492680,-0.446821,4.0343,0.4781,0.323792,25.409632,-4.459952,-0.443157,4.1237,25.448763,-4.499823,-0.443753,4.0758,0.5215,0.361153,0.648016,0.3855,25.448763,-4.499823,-0.397674,6.0331,1.000000,0.926168,777.2448,0,1,sand,0.8579,1.100000,0,0,0.000000,0.000000,0.000000,0,nan,0.00,0.752311,1.0000,0.0000,0.397220,1.9000,1.49,5.82,8.80,5.22,-2.632852,-15.7088,-1.9093,0.008000,0.063748,-0.2582,-0.060058,-0.126705,-0.178453,1157.5292860323614,1080.2161060389772,3162.9871505642104,374.813994442575,0.141683,0.016043,6369.8,6250.8,0.117750,0.069526,0.036981,4.0701,1.0000,,,,,
9.0000,1778909416.179119,655,25.450944,-4.485000,-0.438336,4.1625,0.4557,0.323078,25.459468,-4.470320,-0.439275,4.1247,25.486268,-4.491619,-0.435399,4.0935,0.5182,0.363951,0.650261,0.4057,25.486268,-4.491619,-0.389643,6.0330,0.981389,0.970364,741.1853,0,1,sand,0.8579,1.100000,0,0,0.000000,0.000000,0.000000,0,nan,0.00,0.774615,1.0000,0.0000,0.408997,1.9000,1.34,5.71,8.39,5.06,-2.643220,-15.4864,-1.9083,0.008000,0.050927,-0.4474,-0.035180,-0.067781,-0.092292,813.7469003170037,2125.1156536502294,2481.1451714631207,442.23784581239937,0.156534,0.017447,6369.3,6251.3,0.118133,0.043107,1.000000,4.0880,1.0000,,,,,
9.0120,1778909416.236101,656,25.478410,-4.423659,-0.438884,4.0704,0.3584,0.318659,25.509295,-4.480678,-0.435452,4.1290,25.512071,-4.430167,-0.436080,4.0898,0.4978,0.364135,0.641603,0.4170,25.512071,-4.430167,-0.391377,6.0330,-1.000000,0.975515,754.7621,0,1,sand,0.8579,1.100000,0,0,0.000000,0.000000,0.000000,0,nan,0.00,0.751888,1.0000,0.0000,0.396997,1.9000,1.21,5.73,8.16,5.85,-2.653578,-15.2674,-1.9040,0.008000,0.081555,-0.4952,-0.039562,-0.086235,-0.132378,-50.62814256439742,-795.5443090221321,2674.691879036005,666.1717398913981,0.174265,0.022902,6371.5,6249.1,0.116538,0.089756,0.981389,4.0846,1.0000,,,,,
9.0480,1778909416.242986,657,25.634436,-4.558004,-0.427123,4.1433,0.4857,0.316444,25.658640,-4.512260,-0.424500,4.1334,25.667571,-4.564064,-0.424426,4.1139,0.5021,0.356076,0.602750,0.3890,25.667571,-4.564064,-0.377960,6.0330,1.000000,1.094955,715.6548,0,1,sand,0.8765,1.100000,1,0,0.000000,0.000000,0.000000,0,nan,0.00,0.820070,1.0000,0.0000,0.432997,1.9000,1.11,5.78,8.00,6.05,-2.645060,-15.7928,-1.8996,0.032000,0.126382,-0.5782,-0.034213,-0.063259,-0.097924,2870.614232337995,1070.1033610831817,2915.8468276068515,507.4571427255507,0.162367,0.018853,6381.3,6239.3,0.109419,0.050807,-0.333333,4.1091,1.0000,,,,,
9.0600,1778909416.250018,658,25.737764,-4.554335,-0.420278,4.0804,0.4142,0.328825,25.708585,-4.522091,-0.420600,4.1313,25.776205,-4.560944,-0.417059,4.1091,0.5088,0.374969,0.599615,0.4422,25.776205,-4.560944,-0.370730,6.0330,1.000000,1.169332,695.6363,0,1,sand,0.8765,1.100000,0,0,0.000000,0.000000,0.000000,0,nan,0.00,0.842797,1.0000,0.0000,0.444997,1.9000,1.72,5.73,9.16,5.46,-2.654891,-15.5693,-1.9017,0.008000,0.079956,-0.7451,-0.036156,-0.031124,-0.083180,3104.9285603785293,914.9291262171726,2706.814371973574,661.3743189063075,0.200033,0.022192,6382.7,6237.9,0.108415,0.063901,3.000000,4.1036,1.0000,,,,,
9.0720,1778909416.256303,659,25.752137,-4.565045,-0.421621,4.1772,0.4792,0.336809,25.758645,-4.531530,-0.416585,4.1311,25.795614,-4.572397,-0.417918,4.1240,0.5214,0.387120,0.606009,0.4554,25.795614,-4.572397,-0.371607,6.0330,1.000000,1.195415,717.1810,0,1,sand,0.8765,1.100000,0,0,0.000000,0.000000,0.000000,0,nan,0.00,0.865525,1.0000,0.0000,0.456997,1.9000,2.32,5.68,10.31,5.39,-2.664330,-15.3393,-1.9019,0.008000,0.068064,-0.5598,-0.028434,-0.032777,-0.083846,2738.241743528023,1028.7072684804975,3045.677306027128,691.5693195757915,0.210940,0.022367,6381.6,6239.0,0.109216,0.045214,1.000000,4.1178,1.0000,,,,,
9.0840,1778909416.262968,660,25.808201,-4.542012,-0.409499,4.1709,0.4221,0.343471,25.808823,-4.540626,-0.412476,4.1331,25.849128,-4.548476,-0.405997,4.1339,0.5144,0.390098,0.604739,0.4667,25.849128,-4.548476,-0.360171,6.0330,0.970808,1.138431,735.5585,0,1,sand,0.8765,1.100000,0,0,0.000000,0.000000,0.000000,0,nan,0.00,0.887588,1.0000,0.0000,0.468647,1.9000,2.02,5.66,9.69,5.54,-2.673426,-15.1039,-1.8999,0.008000,0.032015,-0.5749,-0.021843,-0.061788,-0.096201,2686.346485470287,761.0768547942637,3198.243569245412,849.9998725366378,0.224057,0.025720,6381.8,6238.8,0.109075,0.046213,1.000000,4.1281,1.0000,,,,,
9.0960,1778909416.275016,661,25.874601,-4.528204,-0.412747,4.1703,0.5238,0.345881,25.859085,-4.549490,-0.408333,4.1358,25.913556,-4.534348,-0.409393,4.1418,0.5262,0.393435,0.609581,0.4776,25.913556,-4.534348,-0.364032,6.0330,-1.000000,1.106835,763.9570,0,1,sand,0.8765,1.100000,0,0,0.000000,0.000000,0.000000,0,nan,0.00,0.864861,1.0000,0.0000,0.456647,1.9000,1.78,5.58,9.15,5.17,-2.682290,-14.8665,-1.8972,0.008000,0.049107,-0.2928,-0.004372,-0.041520,-0.084746,2239.020035692429,794.992771609793,3322.870680410366,770.3878865912483,0.231926,0.023849,6380.2,6240.3,0.110171,0.048390,0.970808,4.1363,1.0000,,,,,
9.1080,1778909416.334395,662,25.851832,-4.569505,-0.407449,4.1702,0.3587,0.351674,25.909421,-4.558120,-0.404137,4.1381,25.888856,-4.575374,-0.404267,4.1481,0.4994,0.387744,0.608917,0.4479,25.888856,-4.575374,-0.358199,6.0330,1.000000,1.083725,741.2301,0,1,sand,0.8765,1.100000,0,0,0.000000,0.000000,0.000000,0,nan,0.00,0.887588,1.0000,0.0000,0.468647,1.9000,1.59,5.62,8.80,5.83,-2.656020,-15.7771,-1.8949,0.008000,0.052407,-0.4839,-0.015684,-0.075558,-0.099679,2219.5768348880647,858.6132942485203,3253.447789574943,1073.3418059899086,0.223777,0.030519,6380.2,6240.4,0.110195,0.049623,-1.000000,4.1428,1.0000,,,,,
9.1440,1778909416.341334,663,26.098153,-4.626219,-0.399832,4.1750,0.3969,0.362458,26.060931,-4.582393,-0.391127,4.1437,26.134174,-4.631677,-0.396650,4.1612,0.4842,0.400784,0.580728,0.4771,26.134174,-4.631677,-0.350093,6.0330,1.000000,1.093271,794.0769,0,1,sand,0.8765,1.100000,0,0,0.000000,0.000000,0.000000,0,nan,0.00,0.955770,1.0000,0.0000,0.504647,1.9000,1.44,5.68,8.55,6.03,-2.680293,-15.0317,-1.8893,0.032000,0.207729,-0.0095,0.002383,-0.082498,-0.073790,2127.4167371896374,1114.7691967993924,4221.854199454476,1509.7199730442896,0.237298,0.040087,6387.2,6233.3,0.105103,0.047307,0.333333,4.1563,1.0000,,,,,
9.1680,1778909416.348422,664,26.153504,-4.583716,-0.384362,4.1551,0.4452,0.370140,26.162226,-4.597397,-0.382270,4.1450,26.190316,-4.588452,-0.381019,4.1609,0.4994,0.417409,0.575757,0.5133,26.190316,-4.588452,-0.335119,6.0330,-1.000000,1.068345,811.2148,0,1,sand,0.8765,1.100000,0,0,0.000000,0.000000,0.000000,0,nan,0.00,0.910316,1.0000,0.0000,0.480647,1.9000,1.48,5.61,8.57,5.23,-2.665497,-15.7120,-1.8880,0.008000,0.060956,-0.2750,-0.013094,-0.100959,-0.094170,2217.280105082998,1133.30306072693,3317.2082269525745,1593.456567925965,0.269156,0.041698,6388.5,6232.0,0.104145,0.052611,1.500000,4.1559,1.0000,,,,,
9.1800,1778909416.359073,665,26.276411,-4.566415,-0.378925,4.1868,0.5235,0.371593,26.212915,-4.604597,-0.377816,4.1453,26.311756,-4.570718,-0.375743,4.1666,0.5045,0.409234,0.571979,0.4724,26.311756,-4.570718,-0.330305,6.0330,-1.000000,1.082065,802.4525,0,1,sand,0.8765,1.100000,0,0,0.000000,0.000000,0.000000,0,nan,0.00,0.887588,1.0000,0.0000,0.468647,1.9000,1.33,5.56,8.22,5.27,-2.672697,-15.4568,-1.8876,0.008000,0.090077,0.0162,-0.022745,-0.086402,-0.080536,2190.0159506831833,1564.3040297338812,3312.584451653191,1492.672976074124,0.240289,0.038768,6389.3,6231.2,0.103561,0.045678,-2.000000,4.1619,1.0000,,,,,
9.1920,1778909416.371091,666,26.326217,-4.697971,-0.370341,4.0784,0.4798,0.369511,26.263609,-4.611628,-0.373371,4.1446,26.360211,-4.701767,-0.367278,4.1502,0.5049,0.406110,0.565696,0.4607,26.360211,-4.701767,-0.319446,6.0330,-1.000000,1.118842,806.5254,0,1,sand,0.8765,1.100000,0,0,0.000000,0.000000,0.000000,0,nan,0.00,0.864861,1.0000,0.0000,0.456647,1.9000,1.21,5.51,7.93,5.24,-2.679728,-15.2021,-1.8884,0.008000,0.104283,-0.1922,-0.048644,-0.098537,-0.107512,2182.9200001815316,1475.1420232451974,3253.5079088989005,1447.4048708373816,0.225260,0.038465,6390.9,6229.7,0.102444,0.072690,-1.000000,4.1457,1.0000,,,,,
9.2040,1778909416.383106,667,26.213232,-4.531639,-0.366895,4.1209,0.4417,0.369565,26.314321,-4.618437,-0.368914,4.1436,26.246091,-4.535229,-0.363936,4.1452,0.4983,0.403197,0.559727,0.4489,26.246091,-4.535229,-0.318701,6.0330,-1.000000,1.109742,822.5672,0,1,sand,0.8928,1.100000,1,0,0.000000,0.000000,0.000000,0,nan,0.00,0.842134,1.0000,0.0000,0.444647,1.9000,1.10,5.49,7.69,5.36,-2.686537,-14.9468,-1.8894,0.008000,0.141502,0.1808,-0.061871,-0.097128,-0.086160,2022.8479367448667,1669.0224917271476,3148.81019124861,1520.1980862200512,0.212945,0.039927,6392.4,6228.2,0.101345,0.061092,-1.000000,4.1409,1.0000,,,,,
9.2160,1778909416.435771,668,26.364843,-4.569308,-0.372954,4.0774,0.4274,0.373743,26.365029,-4.625040,-0.364429,4.1400,26.396691,-4.573010,-0.370075,4.1328,0.4899,0.400916,0.559487,0.4371,26.396691,-4.573010,-0.324286,6.0330,-1.000000,1.138744,831.4929,0,1,sand,0.8928,1.100000,0,0,0.000000,0.000000,0.000000,0,nan,0.00,0.819407,1.0000,0.0000,0.432647,1.9000,1.01,5.53,7.55,5.75,-2.693140,-14.6898,-1.8930,0.008000,0.083541,-0.4275,-0.080384,-0.071544,-0.069660,2113.8293432744686,624.6410678508507,3040.9001516678964,1609.5059326163282,0.200550,0.042193,6392.4,6228.2,0.101357,0.079982,-1.000000,4.1286,1.0000,,,,,
9.2520,1778909416.442532,669,26.598167,-4.602419,-0.356577,4.1455,0.3908,0.365489,26.517438,-4.643234,-0.350667,4.1481,26.629534,-4.605750,-0.353755,4.1398,0.4652,0.397911,0.559696,0.4253,26.629534,-4.605750,-0.307563,6.0329,-0.833440,1.176988,822.4894,0,1,sand,0.8928,1.100000,0,0,0.000000,0.000000,0.000000,0,nan,0.00,0.762581,1.0000,0.0000,0.402643,1.9000,0.93,5.57,7.42,5.77,-2.686934,-15.1172,-1.8848,0.008000,0.094057,-0.0004,-0.083574,-0.115752,-0.099844,234.87329083250594,2062.276565072597,3201.75261189724,1817.5599002310278,0.194228,0.048136,6392.4,6228.2,0.101380,0.064218,-0.333333,4.1357,1.0000,,,,,
9.2640,1778909416.449166,670,26.499345,-4.702125,-0.352073,4.1684,0.3532,0.360106,26.568182,-4.649429,-0.346371,4.1528,26.535676,-4.705970,-0.348827,4.1469,0.4518,0.393749,0.573350,0.3955,26.535676,-4.705970,-0.300908,6.0330,1.000000,1.184811,807.3385,0,1,sand,0.8928,1.100000,0,0,0.000000,0.000000,0.000000,0,nan,0.00,0.785308,1.0000,0.0000,0.414643,1.9000,1.49,5.55,8.54,5.49,-2.693129,-14.8711,-1.8801,nan,nan,nan,nan,nan,nan,609.9462411157297,2039.765936232941,2619.398677402121,1898.1671199348445,0.168034,0.051000,6389.3,6231.3,0.103587,0.051741,-2.500320,4.1420,1.0000,,,,,
9.2760,1778909416.455617,671,26.641094,-4.677949,-0.347843,4.1350,0.3465,0.349007,26.618917,-4.655658,-0.342183,4.1559,26.676611,-4.681643,-0.344672,4.1454,0.4449,0.396136,0.572756,0.4230,26.676611,-4.681643,-0.297221,6.0329,1.000000,1.188857,811.7630,0,1,sand,0.8928,1.100000,0,0,0.000000,0.000000,0.000000,0,nan,0.00,0.808036,1.0000,0.0000,0.426643,1.9000,1.41,5.50,8.31,5.20,-2.699358,-14.6311,-1.8770,0.008000,0.047454,-0.4907,-0.077754,-0.142671,-0.094335,1017.9547616880595,1993.0229977189317,2743.7467215858533,1909.6250456514267,0.183832,0.052811,6389.4,6231.1,0.103506,0.056755,1.000000,4.1407,1.0000,,,,,
9.2880,1778909416.467122,672,26.714051,-4.677236,-0.343002,4.1589,0.3846,0.349808,26.669657,-4.661754,-0.338009,4.1553,26.748250,-4.680661,-0.339959,4.1487,0.4437,0.396312,0.560876,0.4347,26.748250,-4.680661,-0.292569,6.0330,-0.355762,1.216445,813.5749,0,1,sand,0.8928,1.100000,0,0,0.000000,0.000000,0.000000,0,nan,0.00,0.799950,1.0000,0.0000,0.422374,1.9000,1.27,5.47,8.02,5.30,-2.686354,-15.6259,-1.8777,0.008000,0.067135,-0.4688,-0.079594,-0.141473,-0.090103,1580.8244834408188,1640.2679667688758,2884.358953589852,1912.6792548351646,0.197405,0.052504,6392.3,6228.2,0.101385,0.052523,1.000000,4.1442,1.0000,,,,,
9.3000,1778909416.479095,673,26.696894,-4.632152,-0.328361,4.1087,0.4433,0.345114,26.720398,-4.667697,-0.333863,4.1552,26.729985,-4.634961,-0.325448,4.1416,0.4483,0.390581,0.553191,0.4196,26.729985,-4.634961,-0.278657,6.0330,-0.053450,1.221955,816.2145,0,1,sand,0.8928,1.100000,0,0,0.000000,0.000000,0.000000,0,nan,0.00,0.798735,1.0000,0.0000,0.421732,1.9000,1.16,5.45,7.77,5.34,-2.692297,-15.3884,-1.8778,0.008000,0.144847,-0.0970,-0.069455,-0.111922,-0.069055,1737.8551032635514,1949.8756583211282,3133.689805101402,1781.9320183158407,0.191612,0.049264,6394.3,6226.3,0.099989,0.065286,-0.355762,4.1373,1.0000,,,,,
9.3120,1778909416.533808,674,26.777321,-4.673188,-0.331091,4.1389,0.4088,0.340405,26.771138,-4.673605,-0.329812,4.1652,26.809391,-4.676037,-0.328291,4.1419,0.4480,0.387341,0.571476,0.4213,26.809391,-4.676037,-0.280858,6.0331,-1.000000,1.228784,815.3078,0,1,sand,0.8928,1.100000,0,0,0.000000,0.000000,0.000000,0,nan,0.00,0.776008,1.0000,0.0000,0.409732,1.9000,1.05,5.51,7.61,5.86,-2.698205,-15.1563,-1.8679,0.008000,0.141161,-0.4283,-0.063544,-0.124851,-0.093434,608.7340383804133,903.759906995501,3555.644621568431,1721.2783787431235,0.191917,0.047811,6389.6,6231.0,0.103397,0.060845,-0.053450,4.1376,1.0000,,,,,
9.3480,1778909416.540713,675,26.931917,-4.811645,-0.319280,4.1538,0.4256,0.326848,26.923102,-4.691946,-0.318547,4.1599,26.963587,-4.814187,-0.316606,4.1484,0.4518,0.374440,0.545013,0.4023,26.963587,-4.814187,-0.266862,6.0331,1.000000,1.291199,812.0013,0,1,sand,0.8928,1.100000,0,0,0.000000,0.000000,0.000000,0,nan,0.00,0.844190,1.0000,0.0000,0.445732,1.9000,0.97,5.61,7.54,6.14,-2.702946,-15.7408,-1.8732,0.032000,0.222046,0.6133,-0.044367,-0.099742,-0.085611,3165.834507563333,2167.579111626259,3069.964948733844,1461.9836987217986,0.182363,0.041185,6396.3,6224.3,0.098545,0.055994,-0.333333,4.1444,1.0000,,,,,
9.3600,1778909416.547740,676,26.983395,-4.641039,-0.311384,4.1181,0.2894,0.334125,26.973887,-4.697210,-0.314562,4.1574,27.020616,-4.643733,-0.308177,4.1439,0.4480,0.390325,0.531520,0.4545,27.020616,-4.643733,-0.261260,6.0329,1.000000,1.276138,827.8395,0,1,sand,0.8928,1.100000,0,0,0.000000,0.000000,0.000000,0,nan,0.00,0.866917,1.0000,0.0000,0.457732,1.9000,1.58,5.58,8.73,5.40,-2.708210,-15.5125,-1.8755,0.008000,0.073045,0.1478,-0.056471,-0.120375,-0.097151,3580.973580392621,2204.0254195927255,2837.2903969453932,1663.6718707242007,0.224193,0.046410,6400.2,6220.3,0.095666,0.064894,3.000000,4.1393,1.0000,,,,,
9.3720,1778909416.554060,677,27.047428,-4.789657,-0.323503,4.1298,0.3568,0.338437,27.024747,-4.702052,-0.310497,4.1564,27.086707,-4.792956,-0.320089,4.1422,0.4487,0.395969,0.521873,0.4670,27.086707,-4.792956,-0.270668,6.0325,1.000000,1.323087,820.5571,0,1,sand,0.9094,1.100000,1,0,0.000000,0.000000,0.000000,0,nan,0.00,0.889644,1.0000,0.0000,0.469732,1.9000,1.84,5.54,9.22,5.36,-2.713052,-15.2795,-1.8760,0.008000,0.094849,-0.8051,-0.066770,-0.092875,-0.064655,3578.6478975953464,2239.7688384378794,3302.9514326022068,1728.5438053697235,0.237718,0.047800,6402.8,6217.8,0.093800,0.061382,1.000000,4.1375,1.0000,,,,,
9.3840,1778909416.563092,678,27.034386,-4.696751,-0.313426,4.1995,0.2885,0.343089,27.075668,-4.706509,-0.306382,4.1571,27.071838,-4.699679,-0.310170,4.1540,0.4326,0.397369,0.526131,0.4785,27.071838,-4.699679,-0.262421,6.0326,-1.000000,1.343640,816.2249,0,1,sand,0.9094,1.100000,0,0,0.000000,0.000000,0.000000,0,nan,0.00,0.866917,1.0000,0.0000,0.457732,1.9000,1.63,5.51,8.77,5.33,-2.717509,-15.0438,-1.8754,0.008000,0.073131,-0.4795,-0.053237,-0.124495,-0.083522,3562.006311229583,1991.0716288453564,3489.933138896913,1905.994266590622,0.254346,0.052310,6401.7,6218.9,0.094613,0.045627,1.000000,4.1495,1.0000,,,,,
9.3960,1778909416.575124,679,27.181948,-4.739119,-0.297019,4.1367,0.3857,0.342570,27.126641,-4.710684,-0.302269,4.1576,27.217879,-4.741376,-0.293924,4.1514,0.4285,0.389941,0.527546,0.4493,27.217879,-4.741376,-0.245337,6.0325,-1.000000,1.368473,814.3173,0,1,sand,0.9094,1.100000,0,0,0.000000,0.000000,0.000000,0,nan,0.00,0.844190,1.0000,0.0000,0.445732,1.9000,1.47,5.47,8.40,5.23,-2.713384,-16.0562,-1.8749,0.008000,0.022078,0.1896,-0.057761,-0.123496,-0.087370,3160.931696298686,2104.8977693699285,3315.4287319647246,1862.4039016393976,0.241174,0.051528,6401.2,6219.3,0.094929,0.056044,-1.000000,4.1470,1.0000,,,,,
9.4080,1778909416.632013,680,27.220020,-4.684193,-0.292053,4.0635,0.4353,0.347964,27.177649,-4.714598,-0.298144,4.1569,27.254445,-4.686098,-0.289090,4.1350,0.4348,0.386028,0.520360,0.4376,27.254445,-4.686098,-0.241241,6.0331,-1.000000,1.367905,832.0403,0,1,sand,0.9094,1.100000,0,0,0.000000,0.000000,0.000000,0,nan,0.00,0.821463,1.0000,0.0000,0.433732,1.9000,1.32,5.54,8.18,5.91,-2.717298,-15.8199,-1.8762,0.008000,0.065569,-0.3245,-0.066078,-0.105715,-0.076297,1068.3345558112144,-429.273806749733,3200.8393515568378,1786.164481690291,0.224905,0.049181,6403.0,6217.6,0.093652,0.094587,-1.000000,4.1308,1.0000,,,,,
9.4440,1778909416.638962,681,27.251500,-4.745595,-0.286538,4.1728,0.4563,0.372610,27.330915,-4.723467,-0.284842,4.1505,27.285457,-4.746989,-0.283560,4.1526,0.4587,0.392789,0.526058,0.4258,27.285457,-4.746989,-0.234828,6.0337,-0.687102,1.382515,817.2907,0,1,sand,0.9094,1.100000,0,0,0.000000,0.000000,0.000000,0,nan,0.00,0.774615,1.0000,0.0000,0.408997,1.9000,1.21,5.60,8.01,5.98,-2.726167,-15.0578,-1.8832,0.032000,0.039453,0.1729,-0.050651,-0.059239,-0.047281,180.46042487557628,2620.7531676456438,3254.1226221230086,1812.1182008050791,0.202069,0.046678,6401.5,6219.1,0.094743,0.057007,-0.333333,4.1484,1.0000,,,,,
9.4560,1778909416.645825,682,27.490341,-4.772972,-0.282889,4.1343,0.2907,0.358028,27.381941,-4.726424,-0.280684,4.1545,27.529319,-4.774619,-0.279469,4.1505,0.4380,0.391091,0.529889,0.4027,27.529319,-4.774619,-0.230101,6.0307,1.000000,1.409291,822.0926,0,1,sand,0.9094,1.100000,0,0,0.000000,0.000000,0.000000,0,nan,0.00,0.797342,1.0000,0.0000,0.420997,1.9000,1.77,5.58,9.12,5.46,-2.726424,-16.0820,-1.8763,0.008000,0.122291,-0.2135,-0.057231,-0.088288,-0.051906,-2308.4804990978346,2060.466676039556,2764.138127504478,1947.714191501434,0.182390,0.052641,6401.0,6219.6,0.095123,0.061149,-2.061306,4.1457,1.0000,,,,,
9.4680,1778909416.652225,683,27.448157,-4.700242,-0.279622,4.2257,0.3972,0.309681,27.432840,-4.729942,-0.276876,4.1609,27.492130,-4.701954,-0.275805,4.1667,0.4511,0.395228,0.547591,0.4313,27.492130,-4.701954,-0.227879,6.0335,-0.460627,1.372058,814.3240,0,1,sand,0.9094,1.100000,0,0,0.000000,0.000000,0.000000,0,nan,0.00,0.786873,1.0000,0.0000,0.415469,1.9000,2.34,5.55,10.24,5.38,-2.729942,-15.8638,-1.8725,0.008000,0.032533,-0.6003,-0.035888,-0.132443,-0.114566,-1730.0613668220005,2096.757197319952,2904.236546608047,1687.3328315198028,0.198096,0.048440,6397.0,6223.6,0.098040,0.034707,1.000000,4.1612,1.0000,,,,,
9.4800,1778909416.659144,684,27.533594,-4.632878,-0.270258,4.2366,0.2600,0.298468,27.483662,-4.733809,-0.273285,4.1657,27.575128,-4.634563,-0.266762,4.1812,0.4227,0.381827,0.564178,0.4110,27.575128,-4.634563,-0.220062,6.0267,-0.460528,1.341948,803.5355,0,1,sand,0.9094,1.100000,0,0,0.000000,0.000000,0.000000,0,nan,0.00,0.776407,1.0000,0.0000,0.409943,1.9000,2.07,5.51,9.65,5.27,-2.733809,-15.6581,-1.8610,0.008000,0.189374,0.5864,-0.018641,-0.130967,-0.088488,-548.2229142521992,1838.9015243279366,3153.028700526381,1726.9256383018437,0.202502,0.050506,6392.5,6228.1,0.101306,0.030956,-0.460627,4.1758,1.0000,,,,,
9.4920,1778909416.671156,685,27.459104,-4.796597,-0.275298,4.1609,0.3535,0.283179,27.534428,-4.737931,-0.269872,4.1685,27.498435,-4.798587,-0.272083,4.1780,0.4167,0.370127,0.566308,0.4057,27.498435,-4.798587,-0.222610,6.0331,1.000000,1.352092,797.4951,0,1,sand,0.9094,1.100000,0,0,0.000000,0.000000,0.000000,0,nan,0.00,0.799134,1.0000,0.0000,0.421943,1.9000,1.84,5.45,9.14,5.11,-2.737931,-15.4625,-1.8646,0.008000,0.082484,-0.2787,-0.033769,-0.074741,-0.044584,-448.88866594747566,1910.7151176818852,3135.0709406334313,1573.960245000912,0.201196,0.046809,6391.7,6228.9,0.101874,0.049939,-0.460528,4.1729,1.0000,,,,,
9.5040,1778909416.730687,686,27.611762,-4.789559,-0.260648,4.1270,0.3041,0.275803,27.585168,-4.742113,-0.266543,4.1702,27.648934,-4.791070,-0.257667,4.1689,0.4089,0.365360,0.570564,0.4307,27.648934,-4.791070,-0.208059,6.0226,1.000000,1.350851,803.8711,0,1,sand,0.9094,1.100000,0,0,0.000000,0.000000,0.000000,0,nan,0.00,0.821861,1.0000,0.0000,0.433943,1.9000,1.63,5.51,8.78,5.89,-2.742113,-15.2718,-1.8524,0.008000,0.044137,-0.3276,-0.040161,-0.136236,-0.112100,876.1652653556657,2179.2421316012783,3104.243948880095,1521.664650337536,0.219022,0.045601,6390.5,6230.1,0.102759,0.023542,1.000000,4.1640,1.0000,,,,,
9.5400,1778909416.737602,687,27.803801,-4.695847,-0.257464,4.1050,0.3648,0.227423,27.737108,-4.756227,-0.257909,4.1837,27.839439,-4.697521,-0.254858,4.1443,0.4154,0.337322,0.596244,0.4424,27.839439,-4.697521,-0.206387,6.0649,-0.259692,1.338540,829.1422,0,1,sand,0.9284,1.100000,1,0,0.000000,0.000000,0.000000,0,nan,0.00,0.804155,1.0000,0.0000,0.424594,1.9000,1.46,5.59,8.51,6.05,-2.758927,-16.0396,-1.8812,0.032000,0.122746,-0.3997,-0.047773,-0.137212,-0.152592,838.7268475676234,136.78085395969077,3583.9129771143594,946.799308701107,0.242447,0.029091,6383.8,6236.7,0.107555,0.068414,0.333333,4.1393,1.0000,,,,,
9.5640,1778909416.744672,688,27.808771,-4.726373,-0.255920,4.1156,0.3645,0.250250,27.838557,-4.764654,-0.252013,4.1708,27.845438,-4.728139,-0.253314,4.1360,0.4156,0.327341,0.513895,0.4223,27.845438,-4.728139,-0.204208,6.0675,1.000000,1.426698,848.0279,0,1,sand,0.9284,1.100000,0,0,0.000000,0.000000,0.000000,0,nan,0.00,0.849609,1.0000,0.0000,0.448594,1.9000,1.55,5.55,8.65,5.30,-2.767354,-15.7018,-1.8967,0.008000,0.161267,-0.8915,-0.071863,-0.111644,-0.136165,3879.177912090139,1247.2939969415502,3203.455088210827,766.0641763873045,0.235726,0.024651,6404.8,6215.8,0.092365,0.048975,-0.389539,4.1316,1.0000,,,,,
9.5760,1778909416.755106,689,27.936207,-4.816191,-0.253151,4.1263,0.4126,0.270977,27.889262,-4.767929,-0.248720,4.1620,27.971357,-4.817652,-0.250631,4.1343,0.4295,0.333212,0.458149,0.4569,27.971357,-4.817652,-0.199786,6.1161,1.000000,1.539717,857.5334,0,1,sand,0.9284,1.100000,0,0,0.000000,0.000000,0.000000,0,nan,0.00,0.872337,1.0000,0.0000,0.460594,1.9000,1.39,5.50,8.28,5.24,-2.778929,-16.7612,-1.9542,0.008000,0.105448,-0.9665,-0.090910,-0.141194,-0.177193,3921.508990134463,1528.0244554597116,2980.8083590870756,675.0132109842319,0.257219,0.022254,6418.9,6201.6,0.082069,0.046469,2.000000,4.1306,1.0000,,,,,
9.5880,1778909416.767034,690,27.960444,-4.793791,-0.238556,4.1780,0.4193,0.286869,27.940022,-4.770691,-0.245318,4.1560,27.994273,-4.794606,-0.236112,4.1433,0.4385,0.336690,0.450784,0.4686,27.994273,-4.794606,-0.185706,6.1212,-0.831350,1.595158,854.3236,0,1,sand,0.9284,1.100000,0,0,0.000000,0.000000,0.000000,0,nan,0.00,0.853442,1.0000,0.0000,0.450618,1.9000,1.24,5.46,7.95,5.24,-2.781691,-16.5663,-1.9653,0.008000,0.155153,-0.5716,-0.097849,-0.090499,-0.138095,4414.697293109295,1692.9723199275068,3322.298953402093,637.524009937181,0.266210,0.021224,6420.9,6199.6,0.080638,0.035569,1.000000,4.1397,1.0000,,,,,
9.6000,1778909416.779086,691,27.971717,-4.773467,-0.242086,4.1827,0.3413,0.296374,27.990809,-4.772917,-0.241795,4.1501,28.004480,-4.774446,-0.239714,4.1514,0.4262,0.334124,0.442841,0.4442,28.004480,-4.774446,-0.189747,6.1228,1.000000,1.622016,847.1451,0,1,sand,0.9284,1.100000,0,0,0.000000,0.000000,0.000000,0,nan,0.00,0.876170,1.0000,0.0000,0.462618,1.9000,1.13,5.46,7.71,5.40,-2.783917,-16.3645,-1.9728,0.008000,0.059268,-0.4020,-0.086606,-0.084420,-0.122335,4810.352755913678,1493.680341748169,3247.655839371375,795.9839045919766,0.256685,0.024789,6422.9,6197.6,0.079172,0.038668,-0.831350,4.1481,1.0000,,,,,
9.6120,1778909416.831778,692,28.041284,-4.699992,-0.243689,4.1728,0.3808,0.305267,28.041547,-4.774584,-0.238095,4.1411,28.073253,-4.700913,-0.241332,4.1557,0.4305,0.341813,0.390704,0.4701,28.073253,-4.700913,-0.192592,6.1248,1.000000,1.673674,862.6865,0,1,sand,0.9284,1.100000,0,0,0.000000,0.000000,0.000000,0,nan,0.00,0.898897,1.0000,0.0000,0.474618,1.9000,1.03,5.56,7.63,6.18,-2.785584,-16.1524,-1.9837,0.008000,0.107989,-1.2925,-0.073125,-0.079842,-0.117580,3768.009209982135,542.3340549295887,3336.335536731047,894.8273740399195,0.266552,0.026532,6436.1,6184.5,0.069606,0.048649,1.000000,4.1529,1.0000,,,,,
9.6480,1778909416.839102,693,28.213051,-4.795377,-0.227241,4.1281,0.4048,0.334516,28.194236,-4.776110,-0.225870,4.1369,28.245175,-4.795408,-0.224715,4.1456,0.4446,0.362191,0.416115,0.4822,28.245175,-4.795408,-0.173910,6.1212,-0.999958,1.704647,864.9428,0,1,sand,0.9284,1.100000,0,0,0.000000,0.000000,0.000000,0,nan,0.00,0.830718,1.0000,0.0000,0.438619,1.9000,1.00,5.70,7.69,6.44,-2.800710,-16.6819,-1.9843,0.008000,0.099858,-0.3504,-0.061398,-0.068466,-0.091336,1283.1783748534137,1528.0780906171765,4065.636768003476,1175.304320576433,0.267132,0.032324,6429.8,6190.8,0.074197,0.066287,0.333333,4.1425,1.0000,,,,,
9.6600,1778909416.846679,694,28.216983,-4.705479,-0.223733,4.1820,0.3440,0.311422,28.245125,-4.776660,-0.222105,4.1475,28.255842,-4.705445,-0.220677,4.1541,0.4368,0.360942,0.448462,0.4295,28.255842,-4.705445,-0.171511,6.1234,1.000000,1.674448,857.7029,0,1,sand,0.9284,1.100000,0,0,0.000000,0.000000,0.000000,0,nan,0.00,0.853445,1.0000,0.0000,0.450619,1.9000,1.72,5.70,9.13,5.73,-2.801260,-16.4662,-1.9759,nan,nan,nan,nan,nan,nan,-970.6412479839644,1405.0635744212027,2950.9058647033407,1223.7007844065888,0.232934,0.034795,6422.3,6198.2,0.079610,0.046688,-2.999874,4.1501,1.0000,,,,,
9.6720,1778909416.853386,695,28.227868,-4.829839,-0.226171,4.1998,0.3948,0.299389,28.296008,-4.777398,-0.218496,4.1543,28.268202,-4.829820,-0.222982,4.1641,0.4474,0.368298,0.464893,0.4601,28.268202,-4.829820,-0.171755,6.1266,1.000000,1.650526,847.8914,0,1,sand,0.9284,1.100000,0,0,0.000000,0.000000,0.000000,0,nan,0.00,0.876173,1.0000,0.0000,0.462619,1.9000,1.87,5.67,9.41,5.46,-2.801998,-16.2594,-1.9723,0.008000,0.097944,-0.3204,-0.027649,-0.079256,-0.099932,-149.436392715024,1457.184362865648,3274.5928959532025,1147.1067282180043,0.245135,0.033431,6418.2,6202.3,0.082584,0.036427,1.000000,4.1597,1.0000,,,,,
9.6840,1778909416.863209,696,28.396325,-4.771146,-0.216492,4.1828,0.3338,0.297734,28.346918,-4.778186,-0.214961,4.1591,28.434771,-4.770855,-0.213462,4.1685,0.4395,0.367959,0.478820,0.4716,28.434771,-4.770855,-0.162979,6.1986,1.000000,1.623214,851.0427,0,1,sand,0.9284,1.100000,0,0,0.000000,0.000000,0.000000,0,nan,0.00,0.898900,1.0000,0.0000,0.474619,1.9000,1.67,5.59,8.92,5.14,-2.802786,-16.0569,-2.0396,0.008000,0.056264,0.0468,-0.015936,-0.094299,-0.099247,1002.734973336871,1439.3120112768152,3352.1112919039733,1201.9674189981047,0.259974,0.035062,6414.5,6206.1,0.085322,0.038777,1.000000,4.1642,1.0000,,,,,
9.6960,1778909416.875082,697,28.405750,-4.791393,-0.206201,4.1386,0.3267,0.293124,28.397856,-4.778882,-0.211435,4.1620,28.442293,-4.790826,-0.203329,4.1635,0.4317,0.366732,0.497023,0.4832,28.442293,-4.790826,-0.152419,6.2017,-1.000000,1.595358,850.3723,0,1,sand,0.9460,1.100000,1,0,0.000000,0.000000,0.000000,0,nan,0.00,0.876173,1.0000,0.0000,0.462619,1.9000,1.49,5.54,8.53,5.30,-2.822582,-17.0888,-2.0397,0.008000,0.015468,-0.2153,-0.029114,-0.122268,-0.121409,896.1984166364005,1502.6095194466607,3391.6023879934355,1237.4608737196663,0.274506,0.036412,6409.6,6210.9,0.088844,0.051797,1.000000,4.1593,1.0000,,,,,
9.7080,1778909416.930199,698,28.395711,-4.759678,-0.207060,4.1369,0.4421,0.307428,28.448807,-4.779316,-0.207831,4.1574,28.430766,-4.759104,-0.204324,4.1586,0.4376,0.359915,0.452815,0.4544,28.430766,-4.759104,-0.153932,6.1970,1.000000,1.621337,855.5926,0,1,sand,0.9460,1.100000,0,0,0.000000,0.000000,0.000000,0,nan,0.00,0.898900,1.0000,0.0000,0.474619,1.9000,1.34,5.60,8.28,5.89,-2.823016,-16.8823,-2.0396,0.008000,0.041258,-0.0435,-0.040795,-0.100682,-0.114626,576.2249400204524,-60.34056420801846,3254.1398487790916,1149.0818574242967,0.258358,0.033275,6420.6,6200.0,0.080859,0.059370,-1.000000,4.1549,1.0000,,,,,
9.7440,1778909416.937142,699,28.594976,-4.801265,-0.199109,4.1358,0.3199,0.321701,28.601928,-4.778498,-0.196207,4.1639,28.629342,-4.800475,-0.196349,4.1512,0.4193,0.370374,0.535586,0.4827,28.629342,-4.800475,-0.144715,6.2190,0.098192,1.576295,863.3687,0,1,sand,0.9460,1.100000,0,0,0.000000,0.000000,0.000000,0,nan,0.00,0.905595,1.0000,0.0000,0.478154,1.9000,1.24,5.62,8.11,5.74,-2.822198,-16.2163,-2.0551,0.032000,0.134021,0.4607,-0.047906,-0.126442,-0.106737,-2941.9124215859974,2016.2961162745864,4199.412822984163,1501.5928413003069,0.272721,0.042575,6399.6,6220.9,0.096083,0.055240,0.333333,4.1469,1.0000,,,,,
9.7560,1778909416.943794,700,28.592224,-4.797708,-0.190782,4.0866,0.3591,0.287656,28.652790,-4.778957,-0.192907,4.1661,28.631259,-4.796404,-0.187638,4.1403,0.4285,0.374016,0.555009,0.4791,28.631259,-4.796404,-0.135940,6.2188,1.000000,1.515520,866.9067,0,1,sand,0.9460,1.100000,0,0,0.000000,0.000000,0.000000,0,nan,0.00,0.928322,1.0000,0.0000,0.490154,1.9000,1.79,5.63,9.22,5.70,-2.847057,-17.2432,-2.0527,0.008000,0.080659,-0.1310,-0.051954,-0.111960,-0.089291,-3131.6470831990464,2018.2895549032785,3836.3232944348933,1363.6821785501502,0.277117,0.040632,6395.1,6225.5,0.099397,0.068312,0.294577,4.1352,1.0000,,,,,
9.7680,1778909416.950315,701,28.688562,-4.790988,-0.190993,4.1469,0.2519,0.242713,28.703544,-4.779962,-0.189909,4.1707,28.730009,-4.789847,-0.187715,4.1430,0.4203,0.373419,0.572126,0.4999,28.730009,-4.789847,-0.135928,6.2164,1.000000,1.473444,870.7798,0,1,sand,0.9460,1.100000,0,0,0.000000,0.000000,0.000000,0,nan,0.00,0.951049,1.0000,0.0000,0.502154,1.9000,2.08,5.58,9.73,5.28,-2.848062,-17.0714,-2.0457,0.008000,0.093312,-0.3673,-0.061489,-0.147339,-0.126649,-3701.0249292474027,2258.4435561137243,3463.1617822491776,1330.9660156315563,0.298411,0.040365,6390.8,6229.7,0.102488,0.051397,1.000000,4.1375,1.0000,,,,,
9.7800,1778909416.959215,702,28.734628,-4.811972,-0.185900,4.1735,0.2199,0.227852,28.754248,-4.781428,-0.187140,4.1752,28.773827,-4.811070,-0.182905,4.1498,0.4001,0.363239,0.579261,0.5114,28.773827,-4.811070,-0.130722,6.2252,1.000000,1.459110,862.6869,0,1,sand,0.9460,1.100000,0,0,0.000000,0.000000,0.000000,0,nan,0.00,0.973777,1.0000,0.0000,0.514154,1.9000,1.84,5.54,9.22,5.35,-2.849528,-16.9128,-2.0500,0.008000,0.037878,0.0145,-0.066092,-0.192469,-0.157883,-2886.3335282308544,1953.4758879176327,3598.3043969879313,1336.073197213529,0.320663,0.040411,6388.7,6231.8,0.104018,0.042827,1.000000,4.1445,1.0000,,,,,
9.7920,1778909416.971033,703,28.733800,-4.754431,-0.185544,4.0948,0.2190,0.213474,28.804906,-4.783269,-0.184557,4.1786,28.770944,-4.753864,-0.182801,4.1400,0.3833,0.352544,0.589718,0.5230,28.770944,-4.753864,-0.131507,6.2243,-1.000000,1.421588,870.8395,0,1,sand,0.9460,1.100000,0,0,0.000000,0.000000,0.000000,0,nan,0.00,0.951049,1.0000,0.0000,0.502154,1.9000,1.63,5.48,8.74,5.12,-2.851369,-16.7648,-2.0457,0.008000,0.130787,-0.5087,-0.081485,-0.198205,-0.158496,-2695.1468320802624,1672.4347332654902,3748.9122890291465,1314.1513687754584,0.341389,0.039489,6385.9,6234.7,0.106087,0.060076,1.000000,4.1349,1.0000,,,,,
9.8040,1778909417.027901,704,28.764584,-4.783351,-0.181065,4.2550,0.3706,0.202104,28.855460,-4.785789,-0.182390,4.1909,28.800153,-4.782813,-0.178579,4.1631,0.3878,0.333884,0.597655,0.4938,28.800153,-4.782813,-0.126983,6.2342,1.000000,1.381759,850.2182,0,1,sand,0.9460,1.100000,0,0,0.000000,0.000000,0.000000,0,nan,0.00,0.973777,1.0000,0.0000,0.514154,1.9000,1.45,5.54,8.44,5.85,-2.853889,-16.6406,-2.0433,0.008000,0.106811,-0.8256,-0.055066,-0.170079,-0.161519,-1801.6462283031901,900.186948308791,3532.199691975978,1020.4109751771881,0.331647,0.030503,6383.6,6236.9,0.107715,0.025465,-1.000000,4.1581,1.0000,,,,,
9.8280,1778909417.034781,705,28.909780,-4.723562,-0.176746,4.2167,0.2364,0.176371,28.956504,-4.791560,-0.178483,4.1826,28.947342,-4.723263,-0.174286,4.1820,0.3769,0.323753,0.564039,0.5230,28.947342,-4.723263,-0.123560,6.3118,0.092085,1.401839,852.2489,0,1,sand,0.9460,1.100000,0,0,0.000000,0.000000,0.000000,0,nan,0.00,0.977962,1.0000,0.0000,0.516364,1.9000,1.65,5.60,8.90,5.99,-2.889460,-17.6046,-2.1291,0.020000,0.054796,-0.4821,-0.026780,-0.206543,-0.198313,2230.7424510689307,1360.2044901887823,4297.261833168084,873.0421637230313,0.359423,0.025565,6392.2,6228.4,0.101481,0.032975,0.500000,4.1771,1.0000,,,,,
9.8520,1778909417.041704,706,29.094938,-4.842425,-0.178429,4.1651,0.3436,0.195502,29.057690,-4.795670,-0.173970,4.1796,29.136677,-4.842009,-0.175741,4.1787,0.4022,0.324019,0.563968,0.5173,29.136677,-4.842009,-0.122365,6.3898,0.484830,1.440015,869.9935,0,1,sand,0.9460,1.100000,0,0,0.000000,0.000000,0.000000,0,nan,0.00,1.000000,1.0000,0.0000,0.528000,1.9000,2.11,5.54,9.76,5.19,-2.893570,-17.3460,-2.2102,0.008000,0.070896,-1.0953,-0.031538,-0.189003,-0.220835,2033.5368821183624,1411.1838205792874,3885.9515654432316,505.029969876851,0.361224,0.016553,6392.6,6227.9,0.101181,0.046400,0.092085,4.1732,1.0000,,,,,
9.8640,1778909417.047870,707,29.126574,-4.739972,-0.173549,4.1820,0.2083,0.197514,29.108342,-4.797257,-0.171593,4.1821,29.172073,-4.739356,-0.170585,4.1810,0.3986,0.333645,0.575389,0.5332,29.172073,-4.739356,-0.118914,6.4001,-0.329094,1.422010,868.1943,0,1,sand,0.9694,1.100000,1,0,0.000000,0.000000,0.000000,0,nan,0.00,0.992521,1.0000,0.0000,0.524051,1.9000,2.58,5.52,10.68,5.41,-2.895157,-17.2098,-2.2180,0.008000,0.076451,-1.3357,-0.020885,-0.212218,-0.222306,1180.5327232880522,1349.8452193443015,3987.343962706116,611.0571086797335,0.378797,0.019333,6390.2,6230.4,0.102979,0.040994,0.969661,4.1749,1.0000,,,,,
9.8760,1778909417.055194,708,29.206403,-4.666937,-0.164984,4.2197,0.2956,0.200864,29.159030,-4.798676,-0.169192,4.1838,29.249246,-4.666141,-0.162265,4.1893,0.3918,0.323032,0.580839,0.5207,29.249246,-4.666141,-0.111730,6.4241,-0.764750,1.403737,870.8538,0,1,sand,0.9694,1.100000,0,0,0.000000,0.000000,0.000000,0,nan,0.00,0.975140,1.0000,0.0000,0.514874,1.9000,2.27,5.45,10.00,5.05,-2.931476,-18.2232,-2.2403,0.008000,0.112259,-0.8371,-0.016672,-0.196770,-0.215341,329.8917189891639,882.9053453612835,3772.6837249096097,541.8589557312883,0.375697,0.017766,6388.5,6232.1,0.104183,0.035099,-0.329094,4.1836,1.0000,,,,,
9.8880,1778909417.067148,709,29.225344,-4.845909,-0.171950,4.0841,0.3540,0.193075,29.209728,-4.800124,-0.166850,4.1866,29.265524,-4.845462,-0.169464,4.1698,0.3943,0.311112,0.585819,0.5076,29.265524,-4.845462,-0.115520,6.4299,1.000000,1.437794,881.0982,0,1,sand,0.9694,1.100000,0,0,0.000000,0.000000,0.000000,0,nan,0.00,0.997867,1.0000,0.0000,0.526874,1.9000,2.02,5.41,9.44,5.18,-2.932924,-18.0890,-2.2432,0.008000,0.060687,-1.4535,-0.043372,-0.214911,-0.265132,-373.21179093306716,759.7725456240177,3711.8386233829865,386.4660235702815,0.364193,0.013278,6387.0,6233.6,0.105283,0.062427,-0.764750,4.1643,1.0000,,,,,
9.9000,1778909417.126601,710,29.248738,-4.711122,-0.166579,4.1445,0.1537,0.187250,29.260418,-4.801707,-0.164614,4.1889,29.286716,-4.710780,-0.164257,4.1658,0.3702,0.308776,0.600007,0.5359,29.286716,-4.710780,-0.112549,6.4378,-1.000000,1.406020,878.3799,0,1,sand,0.9694,1.100000,0,0,0.000000,0.000000,0.000000,0,nan,0.00,0.975140,1.0000,0.0000,0.514874,1.9000,1.79,5.49,9.06,5.94,-2.934507,-17.9609,-2.2490,0.008000,0.058005,-1.0905,-0.038487,-0.217660,-0.234999,-675.116633718274,580.1296429292507,4024.384407191985,597.6973977612246,0.384263,0.018452,6383.3,6237.3,0.107965,0.048409,1.000000,4.1605,1.0000,,,,,
9.9360,1778909417.133700,711,29.297890,-4.787120,-0.150815,4.2348,0.3001,0.192586,29.412424,-4.806715,-0.158147,4.1869,29.335036,-4.786295,-0.148630,4.1964,0.3729,0.296991,0.552982,0.5061,29.335036,-4.786295,-0.095847,6.4579,0.364615,1.437595,868.0992,0,1,sand,0.9694,1.100000,0,0,0.000000,0.000000,0.000000,0,nan,0.00,1.000000,1.0000,0.0000,0.528000,1.9000,1.62,5.60,8.84,6.20,-2.979615,-18.7434,-2.2710,0.008000,0.110920,-0.5102,-0.046835,-0.184818,-0.222015,1504.3498632958385,630.1946752067902,3765.7495627243243,383.96434987980535,0.372381,0.013551,6395.0,6225.5,0.099436,0.035539,-0.333333,4.1916,1.0000,,,,,
9.9600,1778909417.140931,712,29.536344,-4.817683,-0.143810,4.1212,0.3148,0.190454,29.513808,-4.809053,-0.153527,4.1891,29.574678,-4.816384,-0.141528,4.1739,0.3897,0.303260,0.574222,0.5313,29.574678,-4.816384,-0.087135,6.5838,0.000000,1.482732,890.9503,0,1,sand,0.9694,1.100000,0,0,0.000000,0.000000,0.000000,0,nan,0.00,1.000000,1.0000,0.0000,0.528000,1.9000,1.73,5.55,9.01,5.31,-2.981953,-18.4787,-2.3947,0.008000,0.029679,-0.0270,-0.066317,-0.219066,-0.268256,-71.75409765606992,829.7430708076438,4401.990934018922,256.6513677040206,0.383453,0.010037,6389.8,6230.7,0.103206,0.054368,0.546922,4.1688,1.0000,,,,,
9.9720,1778909417.151049,713,29.531754,-4.868523,-0.157265,4.2246,0.2747,0.188129,29.564478,-4.810266,-0.151292,4.1890,29.568358,-4.867897,-0.155126,4.1845,0.3819,0.297169,0.574316,0.5280,29.568358,-4.867897,-0.099962,6.5803,0.000000,1.521941,886.2905,0,1,sand,0.9694,1.100000,0,0,0.000000,0.000000,0.000000,0,nan,0.00,1.000000,1.0000,0.0000,0.528000,1.9000,1.53,5.52,8.59,5.33,-2.983166,-18.3506,-2.3913,0.008000,0.164797,-1.1484,-0.058956,-0.219186,-0.257689,634.8973970075019,293.7913911171295,3923.7510440711694,260.60523692600555,0.385294,0.010243,6389.8,6230.8,0.103265,0.029635,0.000000,4.1796,1.0000,,,,,
9.9840,1778909417.163026,714,29.522783,-4.810353,-0.149601,4.1713,0.2599,0.190614,29.615155,-4.811307,-0.148990,4.1889,29.557827,-4.809581,-0.147574,4.1827,0.3731,0.292678,0.575565,0.5280,29.557827,-4.809581,-0.093455,6.5744,0.000000,1.522633,888.1276,0,1,sand,0.9694,1.100000,0,0,0.000000,0.000000,0.000000,0,nan,0.00,1.000000,1.0000,0.0000,0.528000,1.9000,1.37,5.46,8.21,5.14,-2.984207,-18.2187,-2.3855,0.008000,0.227251,-1.1253,-0.069461,-0.219646,-0.259199,1244.3914087933385,575.9320424260037,3929.248924475439,303.86855165506597,0.386919,0.011314,6389.4,6231.2,0.103533,0.045066,0.000000,4.1780,1.0000,,,,,
9.9960,1778909417.175062,715,29.679155,-4.810023,-0.141555,4.1739,0.3038,0.199247,29.665855,-4.812078,-0.146582,4.1890,29.712811,-4.809008,-0.139615,4.1817,0.3732,0.290039,0.573884,0.5280,29.712811,-4.809008,-0.084937,6.6474,0.000000,1.516893,892.7724,0,1,sand,0.9694,1.100000,0,0,0.000000,0.000000,0.000000,0,nan,0.00,1.000000,1.0000,0.0000,0.528000,1.9000,1.24,5.46,7.93,5.41,-3.030078,-19.1550,-2.4584,0.008000,0.023195,-0.1835,-0.051211,-0.218920,-0.254050,1478.6685375382306,383.5121992863378,3906.7244095970473,269.24402960491943,0.385629,0.010828,6389.7,6230.9,0.103314,0.044830,0.000000,4.1772,1.0000,,,,,
10.0080,1778909417.227717,716,29.672696,-4.825644,-0.143596,4.2599,0.2128,0.229518,29.716610,-4.812403,-0.143956,4.1865,29.705519,-4.824799,-0.141675,4.1974,0.3579,0.293084,0.554613,0.5280,29.705519,-4.824799,-0.086942,6.6450,0.000000,1.537302,884.2061,0,1,sand,0.9694,1.100000,0,0,0.000000,0.000000,0.000000,0,nan,0.00,1.000000,1.0000,0.0000,0.528000,1.9000,1.13,5.53,7.79,5.94,-3.030403,-19.0045,-2.4584,0.008000,0.137498,-0.5854,-0.032609,-0.208430,-0.237007,1570.803741498459,40.87821248280193,3829.8549348982933,465.282479812875,0.387085,0.016979,6394.5,6226.1,0.099840,0.026232,0.000000,4.1932,1.0000,,,,,
10.0440,1778909417.234702,717,29.851032,-4.781840,-0.132614,4.0942,0.3387,0.187453,29.868865,-4.813509,-0.136582,4.1946,29.883327,-4.780479,-0.130750,4.1560,0.3817,0.287443,0.557241,0.5280,29.883327,-4.780479,-0.075599,6.6643,0.000000,1.569988,922.9061,0,1,sand,0.9895,1.095801,1,0,0.000000,0.000000,0.000000,0,nan,0.00,1.000000,1.0000,0.0000,0.528000,1.9000,1.07,5.56,7.70,5.76,-3.031509,-18.5820,-2.4697,0.008000,0.089529,-0.7840,-0.099929,-0.190509,-0.250034,-1775.9352097132696,687.8505135493492,3908.2731927749173,185.51674087546363,0.381498,0.008117,6393.8,6226.7,0.100309,0.062486,0.000000,4.1517,1.0000,,,,,
10.0560,1778909417.241364,718,29.762081,-4.739967,-0.140997,4.1614,0.1553,0.174109,29.919545,-4.814484,-0.134488,4.1965,29.799484,-4.738835,-0.138810,4.1586,0.3688,0.296801,0.567259,0.5280,29.799484,-4.738835,-0.084733,6.6633,0.000000,1.534681,910.0440,0,1,sand,0.9895,1.095801,0,0,0.000000,0.000000,0.000000,0,nan,0.00,1.000000,1.0000,0.0000,0.528000,1.9000,1.66,5.53,8.84,5.37,-3.082384,-19.5379,-2.4667,nan,nan,nan,nan,nan,nan,-1270.050182149553,1194.89343329324,3957.7929834832034,401.54358900789475,0.389783,0.013174,6391.8,6228.7,0.101756,0.045014,0.000000,4.1536,1.0000,,,,,
10.0680,1778909417.247724,719,29.993107,-4.758198,-0.140789,4.2065,0.2209,0.166826,29.970222,-4.815575,-0.132471,4.1987,30.029804,-4.757255,-0.138694,4.1687,0.3584,0.291235,0.570415,0.5280,30.029804,-4.757255,-0.083481,6.6799,0.000000,1.550439,919.4450,0,1,sand,0.9895,1.095801,0,0,0.000000,0.000000,0.000000,0,nan,0.00,1.000000,1.0000,0.0000,0.528000,1.9000,1.58,5.50,8.65,5.30,-3.083475,-19.4223,-2.4813,0.008000,0.031913,-1.6952,-0.067477,-0.214575,-0.231770,-439.4288575085664,1317.6364018384265,3984.0416979285646,426.4777338197555,0.394277,0.013583,6390.9,6229.7,0.102446,0.032426,0.000000,4.1638,1.0000,,,,,
10.0800,1778909417.259056,720,29.995588,-4.848809,-0.134486,4.1735,0.2189,0.160413,30.020885,-4.816733,-0.130525,4.1994,30.030724,-4.847858,-0.132534,4.1705,0.3473,0.283291,0.576464,0.5280,30.030724,-4.847858,-0.075777,6.6802,0.000000,1.568167,916.8614,0,1,sand,0.9895,1.095801,0,0,0.000000,0.000000,0.000000,0,nan,0.00,1.000000,1.0000,0.0000,0.528000,1.9000,1.41,5.47,8.30,5.33,-3.084633,-19.3109,-2.4808,0.008000,0.001144,-0.5201,-0.076180,-0.227247,-0.260357,-133.37394897536694,1408.6287906375755,4008.727447378394,436.20908802985025,0.398249,0.013514,6389.2,6231.3,0.103638,0.042818,0.000000,4.1657,1.0000,,,,,
10.0920,1778909417.271126,721,30.099674,-4.916159,-0.137941,4.2839,0.2711,0.154488,30.071552,-4.817944,-0.128649,4.2003,30.133778,-4.915450,-0.136106,4.1932,0.3474,0.276282,0.578254,0.5280,30.133778,-4.915450,-0.078021,6.7243,0.000000,1.655892,935.5536,0,1,sand,0.9895,1.095801,0,0,0.000000,0.000000,0.000000,0,nan,0.00,1.000000,1.0000,0.0000,0.528000,1.9000,1.28,5.46,8.02,5.37,-3.085844,-19.2033,-2.5240,0.008000,0.171941,-1.1250,-0.051642,-0.223967,-0.254835,-323.3664585211666,1110.3832050292692,4022.723913914132,319.72721685980855,0.400146,0.010511,6388.7,6231.9,0.104022,0.017173,0.000000,4.1886,1.0000,,,,,
10.1040,1778909417.325847,722,30.018281,-4.787461,-0.127389,4.1064,0.2105,0.165152,30.122242,-4.818961,-0.126671,4.1996,30.051186,-4.786532,-0.125639,4.1773,0.3367,0.271570,0.598524,0.5280,30.051186,-4.786532,-0.069974,6.6871,0.000000,1.635745,913.5356,0,1,sand,0.9895,1.095801,0,0,0.000000,0.000000,0.000000,0,nan,0.00,1.000000,1.0000,0.0000,0.528000,1.9000,1.17,5.53,7.86,5.94,-3.086861,-19.0900,-2.4875,0.008000,0.121072,-0.9613,-0.066390,-0.228596,-0.259049,834.1808028785218,1389.6268309934283,4027.7336688300397,371.088811576328,0.402624,0.011835,6383.7,6236.9,0.107696,0.057989,0.000000,4.1727,1.0000,,,,,
10.1400,1778909417.332809,723,30.277190,-4.824459,-0.125044,4.2001,0.3418,0.131167,30.274282,-4.822322,-0.121183,4.2045,30.309694,-4.823406,-0.123448,4.1887,0.3708,0.256145,0.593317,0.5280,30.309694,-4.823406,-0.066160,6.8153,0.000000,1.612842,919.5764,0,1,sand,0.9895,1.095801,0,0,0.000000,0.000000,0.000000,0,nan,0.00,1.000000,1.0000,0.0000,0.528000,1.9000,1.07,5.58,7.73,5.88,-3.145022,-19.8101,-2.6108,0.032000,0.144890,-0.7264,-0.068711,-0.163662,-0.254768,-1555.5044488058054,550.8596615038426,4053.9517640124486,-271.6676849742431,0.400520,-0.004906,6384.9,6235.7,0.106802,0.043048,0.000000,4.1842,1.0000,,,,,
10.1520,1778909417.339569,724,30.370637,-4.842772,-0.119083,4.1801,0.2646,0.121267,30.324929,-4.824072,-0.119731,4.2083,30.408232,-4.841284,-0.117224,4.1887,0.3791,0.264690,0.604249,0.5280,30.408232,-4.841284,-0.059194,6.8586,0.000000,1.607611,928.9213,0,1,sand,0.9895,1.095801,0,0,0.000000,0.000000,0.000000,0,nan,0.00,1.000000,1.0000,0.0000,0.528000,1.9000,1.65,5.58,8.87,5.53,-3.146772,-19.7269,-2.6503,0.008000,0.111226,-0.9785,-0.028309,-0.193063,-0.279683,-1444.7623327684742,579.7415877291519,4071.894596242698,-329.99505998475587,0.404071,-0.006612,6382.6,6238.0,0.108488,0.049389,0.000000,4.1834,1.0000,,,,,
10.1640,1778909417.345932,725,30.405741,-4.744276,-0.120364,4.1829,0.1581,0.114531,30.375584,-4.826000,-0.118370,4.2118,30.445298,-4.742991,-0.118435,4.1890,0.3629,0.264711,0.619326,0.5280,30.445298,-4.742991,-0.061938,6.8745,0.000000,1.571470,924.4102,0,1,sand,0.9895,1.095801,0,0,0.000000,0.000000,0.000000,0,nan,0.00,1.000000,1.0000,0.0000,0.528000,1.9000,1.89,5.57,9.34,5.56,-3.208000,-20.6036,-2.6627,0.008000,0.183948,-0.6436,-0.032015,-0.204767,-0.278453,-882.104575800603,1025.6298230069824,4096.2841597628285,-199.8228681608344,0.412305,-0.003589,6378.9,6241.6,0.111130,0.045862,0.000000,4.1833,1.0000,,,,,
10.1760,1778909417.355125,726,30.450604,-4.727327,-0.112282,4.1952,0.1538,0.110740,30.426267,-4.827969,-0.117033,4.2153,30.488383,-4.726101,-0.110511,4.1911,0.3410,0.255083,0.627355,0.5280,30.488383,-4.726101,-0.054163,6.8936,0.000000,1.561933,932.8997,0,1,sand,0.9895,1.095801,0,0,0.000000,0.000000,0.000000,0,nan,0.00,1.000000,1.0000,0.0000,0.528000,1.9000,1.68,5.53,8.89,5.32,-3.209969,-20.5270,-2.6784,0.008000,0.007794,-0.1554,-0.040195,-0.227426,-0.292939,-125.46883642918482,887.0682427083921,4114.720869718377,-98.92060436497432,0.419489,-0.001254,6376.6,6243.9,0.112789,0.040022,0.000000,4.1856,1.0000,,,,,
10.1880,1778909417.367040,727,30.506767,-4.796466,-0.112627,4.2576,0.2372,0.105156,30.476976,-4.829949,-0.115743,4.2174,30.542944,-4.795451,-0.111003,4.2049,0.3367,0.245737,0.637522,0.5280,30.542944,-4.795451,-0.053369,6.9193,0.000000,1.538224,920.5166,0,1,sand,0.9193,1.067731,1,0,0.000000,0.000000,0.000000,0,nan,0.00,1.000000,1.0000,0.0000,0.528000,1.9000,1.50,5.51,8.50,5.35,-3.211949,-20.4531,-2.7019,0.008000,0.058146,-0.4826,-0.028581,-0.209254,-0.277840,65.946390273926,1049.432794468096,4126.879186122576,-194.7141660421414,0.422184,-0.003655,6373.9,6246.7,0.114790,0.029049,0.000000,4.1995,1.0000,,,,,
10.2000,1778909417.423793,728,30.552259,-4.822186,-0.107991,4.2464,0.1098,0.128817,30.527783,-4.831770,-0.114366,4.2345,30.587079,-4.821296,-0.106451,4.2140,0.3111,0.241473,0.667019,0.5280,30.587079,-4.821296,-0.048296,6.9403,0.000000,1.484827,905.7951,0,1,sand,0.9193,1.067731,0,0,0.000000,0.000000,0.000000,0,nan,0.00,1.000000,1.0000,0.0000,0.528000,1.9000,1.35,5.58,8.27,5.98,-3.213770,-20.3742,-2.7058,0.008000,0.072869,0.0279,-0.042412,-0.237150,-0.289668,1269.167777815831,407.65500373940495,4151.700440658729,13.765569645294065,0.428371,0.002132,6366.2,6254.3,0.120345,0.030167,0.000000,4.2086,1.0000,,,,,
10.2360,1778909417.430870,729,30.677096,-4.799435,-0.104921,4.2954,0.2081,0.081952,30.679932,-4.837541,-0.110743,4.2188,30.711586,-4.798748,-0.103558,4.2504,0.3082,0.224083,0.684707,0.5280,30.711586,-4.798748,-0.045670,6.9904,0.000000,1.459086,902.3964,0,1,sand,0.9193,1.067731,0,0,0.000000,0.000000,0.000000,0,nan,0.00,1.000000,1.0000,0.0000,0.528000,1.9000,1.24,5.66,8.14,6.11,-3.283241,-21.1065,-2.7715,0.032000,0.204507,-0.3690,0.007784,-0.232083,-0.299459,-3039.134661596548,928.2144747905626,4199.836788252038,-269.0898148420154,0.437234,-0.005483,6361.6,6259.0,0.123716,0.018661,0.000000,4.2449,1.0000,,,,,
10.2480,1778909417.437876,730,30.796327,-4.868878,-0.112421,4.0965,0.1754,0.053352,30.730560,-4.840353,-0.110024,4.2198,30.836003,-4.868358,-0.110854,4.2226,0.3164,0.231184,0.692439,0.5280,30.836003,-4.868358,-0.050742,7.0000,0.000000,1.466299,948.5660,0,1,sand,0.9193,1.067731,0,0,0.000000,0.000000,0.000000,0,nan,0.00,1.000000,1.0000,0.0000,0.528000,1.9000,1.84,5.65,9.32,5.59,-3.286053,-21.0653,-2.7802,0.008000,0.093252,-0.8358,-0.031805,-0.257217,-0.315853,-2947.6149393136047,657.2042512626371,4215.414245266953,-377.4564889802465,0.442357,-0.008318,6360.1,6260.5,0.124835,0.061630,0.000000,4.2162,1.0000,,,,,
10.2600,1778909417.444305,731,30.787698,-4.800150,-0.107977,4.2310,0.1760,0.042546,30.781144,-4.843536,-0.109462,4.2202,30.832276,-4.799380,-0.106236,4.2264,0.3245,0.237073,0.708594,0.5280,30.832276,-4.799380,-0.047403,7.0000,0.000000,1.441623,903.0685,0,1,sand,0.9193,1.067731,0,0,0.000000,0.000000,0.000000,0,nan,0.00,1.000000,1.0000,0.0000,0.528000,1.9000,2.41,5.60,10.43,5.37,-3.289236,-21.0331,-2.7798,0.008000,0.047809,-0.9868,-0.030041,-0.268295,-0.337026,-2524.0896613588225,778.0718835872898,4233.644102560796,-505.1551375176819,0.447801,-0.011440,6356.4,6264.2,0.127485,0.030114,0.000000,4.2191,1.0000,,,,,
10.2720,1778909417.450918,732,30.836388,-4.802656,-0.104177,4.2453,0.1308,0.040212,30.831708,-4.846967,-0.108972,4.2201,30.878123,-4.802140,-0.102671,4.2311,0.3060,0.221781,0.714452,0.5280,30.878123,-4.802140,-0.043634,7.0000,0.000000,1.398265,867.0809,0,1,sand,0.9193,1.067731,0,0,0.000000,0.000000,0.000000,0,nan,0.00,1.000000,1.0000,0.0000,0.528000,1.9000,2.10,5.58,9.78,5.43,-3.292667,-21.0051,-2.7799,0.008000,0.094655,-0.6997,-0.026807,-0.277167,-0.343005,-1792.649203666944,-20.082263933959325,4250.950273169351,-530.1438894941552,0.454467,-0.012059,6354.6,6266.0,0.128787,0.028599,0.000000,4.2241,1.0000,,,,,
10.2840,1778909417.463058,733,30.976525,-4.915576,-0.113230,4.2964,0.1878,0.039319,30.882248,-4.850520,-0.108520,4.2194,31.016193,-4.915636,-0.111898,4.2446,0.3009,0.209511,0.706298,0.5280,31.016193,-4.915636,-0.050336,6.9992,-1.000000,1.336219,868.5758,0,1,sand,0.9193,1.067731,0,0,0.000000,0.000000,0.000000,0,nan,0.00,0.977273,1.0000,0.0000,0.516000,1.9000,1.86,5.82,9.54,7.22,-3.364220,-21.8820,-2.7798,0.008000,0.226181,-1.6173,-0.015739,-0.279148,-0.363910,-1281.6520243379277,382.69663654001533,4256.020314123956,-654.6248264984309,0.457470,-0.015198,6356.4,6264.2,0.127497,0.017530,0.000000,4.2381,1.0000,,,,,
10.2960,1778909417.522914,734,30.942165,-4.932863,-0.102478,4.2234,0.0500,0.034503,30.932786,-4.854215,-0.108147,4.2198,30.981168,-4.932890,-0.101254,4.2417,0.2720,0.197229,0.708787,0.5068,30.981168,-4.932890,-0.039588,7.0000,-1.000000,1.836219,1400.8302,0,1,sand,0.9193,1.067731,0,0,0.000000,0.000000,0.000000,0,nan,0.00,0.954545,1.0000,0.0000,0.504000,1.9000,1.67,5.83,9.17,5.89,-3.367915,-21.8606,-2.7802,0.008000,0.165371,-0.9195,-0.033368,-0.285989,-0.338706,-1609.0075256192704,516.6010742845648,4191.647742585625,-522.2760825343953,0.454271,-0.011854,6355.6,6265.0,0.128095,0.004361,-1.000000,4.2353,1.0000,,,,,
10.3320,1778909417.529965,735,31.006482,-4.861791,-0.110794,4.2174,0.0697,-0.036062,31.084207,-4.868817,-0.108988,4.2306,31.044304,-4.863040,-0.109963,4.2350,0.2342,0.158176,0.812497,0.4951,31.044304,-4.863040,-0.049030,6.9983,0.666667,1.695432,1118.3989,0,1,sand,0.9193,1.067731,0,0,0.000000,0.000000,0.000000,0,nan,0.00,1.000000,1.0000,0.0000,0.528000,1.9000,1.54,5.90,8.99,6.30,-3.382517,-21.9088,-2.7677,0.032000,0.065214,-1.6324,-0.052931,-0.288144,-0.371908,499.57971610718613,-318.2055313186833,4237.147936835496,-816.097393599239,0.466801,-0.019910,6330.3,6290.2,0.146406,0.037501,-0.333333,4.2278,1.0000,,,,,
10.3560,1778909417.537219,736,31.211809,-4.873044,-0.104636,4.1896,0.0636,0.032097,31.185316,-4.877145,-0.108726,4.2193,31.251213,-4.874048,-0.103673,4.2225,0.2306,0.175099,0.766009,0.5342,31.251213,-4.874048,-0.041282,7.0000,0.000000,2.000000,1155.7513,0,1,sand,0.9193,1.067731,0,0,0.000000,0.000000,0.000000,0,nan,0.00,1.000000,1.0000,0.0000,0.528000,1.9000,1.71,5.80,9.21,5.21,-3.462945,-22.7210,-2.7807,0.008000,0.058463,-0.9683,-0.076438,-0.367647,-0.436151,3941.9209022485684,291.91711005817206,4743.561395484494,-611.0832661970098,0.493966,-0.014166,6342.0,6278.6,0.137964,0.040325,1.000000,4.2154,1.0000,,,,,
10.3680,1778909417.547125,737,31.307047,-4.903439,-0.112403,4.1802,0.1649,0.059522,31.235881,-4.880178,-0.108088,4.2155,31.344439,-4.904581,-0.111471,4.2153,0.2343,0.172801,0.765295,0.5280,31.344439,-4.904581,-0.047895,7.0000,0.000000,2.000000,1943.8215,0,1,sand,0.7946,1.017827,1,0,0.000000,0.000000,0.000000,0,nan,0.00,1.000000,1.0000,0.0000,0.528000,1.9000,1.53,5.70,8.75,5.12,-3.465978,-22.6845,-2.7845,0.008000,0.136854,-1.7117,-0.088668,-0.372165,-0.398065,3794.5578268475997,176.13309092905058,4351.623981464881,-616.0680046375743,0.488575,-0.014348,6342.6,6277.9,0.137481,0.044995,0.000000,4.2086,1.0000,,,,,
10.3800,1778909417.559051,738,31.249703,-4.850104,-0.101500,4.2335,0.0735,0.081393,31.286460,-4.882573,-0.107209,4.2103,31.285375,-4.850824,-0.100567,4.2197,0.2218,0.174388,0.759314,0.5280,31.285375,-4.850824,-0.038363,7.0000,0.000000,1.707503,1383.9206,0,1,sand,0.7946,1.017827,0,0,0.000000,0.000000,0.000000,0,nan,0.00,1.000000,1.0000,0.0000,0.528000,1.9000,1.37,5.64,8.37,5.30,-3.468373,-22.6341,-2.7897,0.008000,0.090351,-1.2036,-0.089106,-0.388172,-0.445054,4405.967060229807,-216.09786847484622,4411.772855714346,-407.70928039050114,0.486916,-0.008545,6343.9,6276.6,0.136535,0.035400,0.000000,4.2134,1.0000,,,,,
10.3920,1778909417.571054,739,31.254513,-4.906989,-0.113529,4.2807,0.1205,0.096785,31.337053,-4.884336,-0.106084,4.2063,31.288899,-4.908012,-0.112575,4.2324,0.2197,0.178328,0.747743,0.5280,31.288899,-4.908012,-0.049492,7.0000,-1.000000,1.526695,967.7600,0,1,sand,0.7946,1.017827,0,0,0.000000,0.000000,0.000000,0,nan,0.00,0.977273,1.0000,0.0000,0.516000,1.9000,1.23,5.59,8.06,5.33,-3.470136,-22.5697,-2.7937,0.008000,0.190705,-1.2939,-0.088822,-0.257037,-0.290613,4003.2494139496293,-74.71340464364937,4391.965390060628,-261.4593940125775,0.482406,-0.004811,6346.1,6274.5,0.134964,0.023434,0.000000,4.2264,1.0000,,,,,
10.4040,1778909417.624079,740,31.416231,-4.939529,-0.100608,4.2219,0.1885,0.114155,31.387624,-4.885438,-0.104650,4.2010,31.449446,-4.939919,-0.099634,4.2312,0.2259,0.180027,0.721186,0.5082,31.449446,-4.939919,-0.035138,7.0000,-1.000000,1.487414,967.5586,0,1,sand,0.7946,1.017827,0,0,0.000000,0.000000,0.000000,0,nan,0.00,0.954545,1.0000,0.0000,0.504000,1.9000,1.12,5.67,7.91,6.13,-3.547138,-23.2918,-2.7990,0.008000,0.023002,-1.0931,-0.087029,-0.269473,-0.333071,3024.901114318379,631.5690859046093,4263.036615322954,-222.84931010384616,0.462285,-0.003580,6352.4,6268.2,0.130428,0.039334,-1.000000,4.2256,1.0000,,,,,
10.4400,1778909417.631285,741,31.518810,-4.848319,-0.096660,4.2157,0.2191,0.170654,31.539638,-4.884522,-0.098461,4.2003,31.552129,-4.847815,-0.095383,4.2272,0.2576,0.212907,0.739278,0.4962,31.552129,-4.847815,-0.031845,6.9999,0.666667,1.413512,961.5187,0,1,sand,0.7946,1.017827,0,0,0.000000,0.000000,0.000000,0,nan,0.00,1.000000,1.0000,0.0000,0.528000,1.9000,1.08,5.71,7.87,5.90,-3.546222,-22.9372,-2.7995,0.008000,0.048384,-0.1441,-0.094768,-0.216555,-0.264125,-1964.8611717092635,-439.32231073377864,4070.5204279155046,56.459450157165236,0.424195,0.005109,6347.7,6272.9,0.133808,0.031738,-0.333333,4.2214,1.0000,,,,,
10.4520,1778909417.638211,742,31.609044,-4.883101,-0.092016,4.1498,0.1413,0.147377,31.590258,-4.884515,-0.096653,4.1998,31.647925,-4.881966,-0.090345,4.2143,0.2761,0.243024,0.743689,0.5341,31.647925,-4.881966,-0.025498,6.9999,0.000000,1.388681,976.4423,0,1,sand,0.7946,1.017827,0,0,0.000000,0.000000,0.000000,0,nan,0.00,1.000000,1.0000,0.0000,0.528000,1.9000,1.73,5.65,9.11,5.30,-3.546215,-22.8337,-2.8001,nan,nan,nan,nan,nan,nan,-4076.4242219953667,-116.9833525562093,3880.1124529253702,272.54639311307676,0.446175,0.009220,6346.9,6273.7,0.134380,0.058731,2.000000,4.2076,1.0000,,,,,
10.4640,1778909417.644444,743,31.658941,-4.904755,-0.096879,4.1499,0.1045,0.128440,31.640831,-4.885152,-0.095124,4.2004,31.697513,-4.903881,-0.095205,4.2031,0.2653,0.243164,0.740287,0.5280,31.697513,-4.903881,-0.029491,6.9999,0.000000,1.463149,1029.1771,0,1,sand,0.7946,1.017827,0,0,0.000000,0.000000,0.000000,0,nan,0.00,1.000000,1.0000,0.0000,0.528000,1.9000,1.74,5.59,9.07,5.30,-3.626552,-23.4853,-2.7996,0.008000,0.041639,-0.6140,-0.102673,-0.207386,-0.243218,-3259.55122661954,-410.6651821092188,4258.901702386922,446.49221838912433,0.447606,0.012760,6347.7,6272.9,0.133808,0.049605,0.000000,4.1964,1.0000,,,,,
10.4760,1778909417.655085,744,31.718518,-4.812463,-0.092035,4.2051,0.1043,0.110220,31.691376,-4.886329,-0.093813,4.2039,31.755311,-4.811606,-0.090474,4.2045,0.2528,0.236817,0.745666,0.5280,31.755311,-4.811606,-0.026058,7.0000,0.000000,1.439305,966.6061,0,1,sand,0.7946,1.017827,0,0,0.000000,0.000000,0.000000,0,nan,0.00,1.000000,1.0000,0.0000,0.528000,1.9000,1.55,5.55,8.65,5.27,-3.627729,-23.4102,-2.7961,0.008000,0.102636,0.1235,-0.093741,-0.171331,-0.186396,-3461.350706895301,-420.08902495051916,4276.236115752047,526.1689363402577,0.450306,0.014162,6346.4,6274.2,0.134785,0.031931,0.000000,4.1981,1.0000,,,,,
10.4880,1778909417.667086,745,31.776503,-4.858292,-0.090363,4.2521,0.0065,0.091547,31.741893,-4.887969,-0.092676,4.2048,31.811810,-4.857732,-0.088924,4.2147,0.2256,0.228450,0.746780,0.5280,31.811810,-4.857732,-0.023529,7.0000,0.000000,1.545478,1040.5034,0,1,sand,0.7946,1.017827,0,0,0.000000,0.000000,0.000000,0,nan,0.00,1.000000,1.0000,0.0000,0.528000,1.9000,1.40,5.51,8.30,5.32,-3.629369,-23.3450,-2.7952,0.008000,0.067703,-0.4145,-0.087144,-0.015700,0.011280,-2902.0373570771126,393.292598739177,4309.772536133193,714.0580096844722,0.458480,0.018288,6345.9,6274.7,0.135125,0.026117,0.000000,4.2085,1.0000,,,,,
10.5000,1778909417.721621,746,31.823346,-4.937888,-0.092554,4.2317,0.1425,0.076888,31.792381,-4.889982,-0.091731,4.2093,31.857311,-4.937509,-0.091237,4.2187,0.2266,0.219085,0.717132,0.5280,31.857311,-4.937509,-0.024236,7.0000,-1.000000,1.516168,988.6253,0,1,sand,0.7946,1.017827,0,0,0.000000,0.000000,0.000000,0,nan,0.00,0.977273,1.0000,0.0000,0.516000,1.9000,1.25,5.59,8.09,6.05,-3.631382,-23.2908,-2.7907,0.008000,0.113365,0.1254,-0.094204,-0.194523,-0.178962,-2207.412855548843,3031.4761809163774,4300.823985903096,551.571920799237,0.459838,0.014224,6353.5,6267.1,0.129602,0.027056,0.000000,4.2130,1.0000,,,,,
10.5360,1778909417.728702,747,32.016548,-4.935050,-0.099937,4.1659,0.1130,0.038409,31.943769,-4.898602,-0.090234,4.2112,32.049783,-4.935300,-0.098861,4.1990,0.2193,0.190990,0.732929,0.5081,32.049783,-4.935300,-0.030366,7.0000,-1.000000,1.526613,1067.2960,0,1,sand,0.6610,0.964383,1,0,0.000000,0.000000,0.000000,0,nan,0.00,0.909091,1.0000,0.0000,0.480000,1.9000,1.15,5.65,7.95,6.01,-3.723002,-23.8780,-2.7888,0.032000,0.140916,-1.0488,-0.109970,-0.228305,-0.268255,3878.9474804505085,133.10852711519613,4238.579782694483,99.32233779421848,0.458799,0.003584,6349.4,6271.2,0.132586,0.042540,-0.333333,4.1933,1.0000,,,,,
10.5480,1778909417.735616,748,31.953991,-4.898762,-0.087047,4.1577,0.1487,0.091003,31.994270,-4.900642,-0.089317,4.2036,31.992364,-4.898392,-0.085754,4.1927,0.2296,0.198050,0.700173,0.4709,31.992364,-4.898392,-0.018233,7.0000,-1.000000,1.539725,987.7897,0,1,sand,0.6610,0.964383,0,0,0.000000,0.000000,0.000000,0,nan,0.00,0.886364,1.0000,0.0000,0.468000,1.9000,1.73,5.64,9.10,5.53,-3.725042,-23.8255,-2.7964,0.008000,0.074305,-0.7422,-0.114699,-0.237505,-0.276901,4275.886248032801,207.62299384557286,4241.918777110052,45.554424523067624,0.420238,0.003210,6358.2,6262.4,0.126201,0.044756,-3.000000,4.1864,1.0000,,,,,
10.5600,1778909417.742088,749,32.148055,-4.874655,-0.079702,4.2391,0.0709,0.103535,32.044759,-4.902062,-0.088170,4.1989,32.188504,-4.873981,-0.078295,4.2031,0.2225,0.203178,0.684964,0.4584,32.188504,-4.873981,-0.010170,7.0000,-1.000000,1.520448,1024.0722,0,1,sand,0.6610,0.964383,0,0,0.000000,0.000000,0.000000,0,nan,0.00,0.863636,1.0000,0.0000,0.456000,1.9000,1.98,5.60,9.55,5.39,-3.726462,-23.7598,-2.8011,0.008000,0.076759,-0.7826,-0.092090,-0.234414,-0.249303,4604.901732021994,-1468.9523243205665,4066.187599295575,211.46527082327717,0.409057,0.007474,6362.2,6258.3,0.123249,0.027150,-1.000000,4.1966,1.0000,,,,,
10.5720,1778909417.751122,750,32.142563,-4.923508,-0.080157,4.1051,0.1050,0.109237,32.095242,-4.902882,-0.086858,4.1960,32.180827,-4.922933,-0.078824,4.1850,0.2128,0.198150,0.681821,0.4469,32.180827,-4.922933,-0.009614,7.0000,-1.000000,1.599173,1012.0292,0,1,sand,0.6610,0.964383,0,0,0.000000,0.000000,0.000000,0,nan,0.00,0.840909,1.0000,0.0000,0.444000,1.9000,1.76,5.56,9.07,5.33,-3.727282,-23.6846,-2.8040,0.008000,0.048506,-0.5311,-0.098241,-0.179812,-0.186136,4380.927568162497,1553.3084423563257,4004.260775499695,304.00306012158154,0.395360,0.009836,6362.8,6257.8,0.122839,0.057525,-1.000000,4.1789,1.0000,,,,,
10.5840,1778909417.763050,751,32.136269,-4.881302,-0.080831,4.2006,0.1621,0.121090,32.145733,-4.903150,-0.085409,4.1925,32.172767,-4.880718,-0.079550,4.1889,0.2140,0.195247,0.675309,0.4353,32.172767,-4.880718,-0.011180,7.0000,-1.000000,1.615263,1034.7488,0,1,sand,0.6610,0.964383,0,0,0.000000,0.000000,0.000000,0,nan,0.00,0.818182,1.0000,0.0000,0.432000,1.9000,1.56,5.50,8.62,5.18,-3.813850,-24.2576,-2.8075,0.008000,0.103949,-0.8044,-0.095997,-0.212817,-0.228217,4374.612277564677,808.3269881139518,3920.960005297144,295.84390938206263,0.378756,0.010001,6364.5,6256.1,0.121636,0.033235,-1.000000,4.1831,1.0000,,,,,
10.5960,1778909417.820163,752,32.173197,-4.882998,-0.080703,4.2622,0.1677,0.128386,32.196218,-4.902953,-0.083851,4.1929,32.208158,-4.882381,-0.079464,4.2039,0.2151,0.193267,0.669021,0.4237,32.208158,-4.882381,-0.011074,7.0000,-0.333333,1.631902,1007.7992,0,1,sand,0.6610,0.964383,0,0,0.000000,0.000000,0.000000,0,nan,0.00,0.810606,1.0000,0.0000,0.428000,1.9000,1.39,5.58,8.37,6.05,-3.813653,-24.1684,-2.8071,0.008000,0.079301,-0.8379,-0.090986,-0.091736,-0.109792,2929.7367895068446,-2020.811688608726,3844.017282688583,302.43140308836604,0.362455,0.010421,6365.9,6254.6,0.120572,0.051578,-1.000000,4.1984,1.0000,,,,,
10.6320,1778909417.827235,753,32.369255,-4.837970,-0.075997,4.2495,0.1480,0.138379,32.347720,-4.901068,-0.079168,4.1881,32.403694,-4.837007,-0.074681,4.2252,0.2195,0.203638,0.671867,0.4253,32.403694,-4.837007,-0.006180,7.0000,0.000000,1.658753,1063.4985,0,1,sand,0.6610,0.964383,0,0,0.000000,0.000000,0.000000,0,nan,0.00,0.810606,1.0000,0.0000,0.428000,1.9000,1.27,5.64,8.18,5.98,-3.811768,-23.9001,-2.8119,0.032000,0.118387,-0.3821,-0.070629,-0.152843,-0.164400,3615.2377862246985,369.1151897488735,3885.380958216919,468.87614284694956,0.351306,0.014803,6365.2,6255.4,0.121120,0.024939,-0.111111,4.2198,1.0000,,,,,
10.6440,1778909417.834092,754,32.329356,-4.943673,-0.067740,4.1540,0.2230,0.151640,32.398218,-4.899627,-0.077312,4.1840,32.368691,-4.941859,-0.066123,4.2132,0.2450,0.220125,0.669614,0.4280,32.368691,-4.941859,0.004084,7.0000,0.000000,1.620465,1020.6163,0,1,sand,0.6610,0.964383,0,0,0.000000,0.000000,0.000000,0,nan,0.00,0.810606,1.0000,0.0000,0.428000,1.9000,1.82,5.65,9.30,5.69,-3.899627,-24.3685,-2.8160,0.008000,0.145459,0.6888,-0.065273,-0.193862,-0.224492,4254.783838889323,473.38432286099885,3904.5620672950886,403.9162880753412,0.344661,0.013636,6366.3,6254.3,0.120306,0.044831,0.000000,4.2071,1.0000,,,,,
10.6560,1778909417.840705,755,32.376552,-4.847085,-0.072012,4.1420,0.2437,0.168587,32.448698,-4.897546,-0.075210,4.1793,32.421263,-4.844730,-0.070024,4.2014,0.2710,0.237976,0.664653,0.4280,32.421263,-4.844730,-0.000937,7.0000,0.000000,1.603821,1038.6648,0,1,sand,0.6610,0.964383,0,0,0.000000,0.000000,0.000000,0,nan,0.00,0.810606,1.0000,0.0000,0.428000,1.9000,2.47,5.69,10.62,5.90,-3.897546,-24.2480,-2.8207,0.008000,0.050636,-0.3474,-0.068283,-0.193910,-0.241184,4085.727649449467,701.4313107878183,3834.538055778516,352.9986297379819,0.337048,0.013081,6368.0,6252.6,0.119075,0.047243,0.000000,4.1945,1.0000,,,,,
10.6680,1778909417.847534,756,32.393886,-4.816993,-0.064188,4.1403,0.2343,0.197660,32.499148,-4.894907,-0.072917,4.1755,32.436566,-4.814165,-0.062197,4.1906,0.2772,0.243425,0.663173,0.4280,32.436566,-4.814165,0.006571,7.0000,0.000000,1.513887,990.5030,0,1,sand,0.6610,0.964383,0,0,0.000000,0.000000,0.000000,0,nan,0.00,0.810606,1.0000,0.0000,0.428000,1.9000,2.22,5.67,10.12,5.60,-3.894907,-24.1167,-2.8245,0.008000,0.221320,-0.3559,-0.087606,-0.187038,-0.233343,4345.928448875388,1076.0723810445052,3729.4361823667646,393.9168985679592,0.329183,0.015363,6368.1,6252.4,0.118969,0.047394,0.000000,4.1840,1.0000,,,,,
10.6800,1778909417.859118,757,32.535198,-4.799998,-0.073748,4.2060,0.2940,0.207515,32.549589,-4.891725,-0.070470,4.1719,32.575771,-4.797413,-0.071780,4.1945,0.2911,0.248350,0.660818,0.4280,32.575771,-4.797413,-0.002376,7.0000,0.000000,1.459066,1014.2820,0,1,dirt,0.5410,0.916387,1,0,0.000000,0.000000,0.000000,0,nan,0.00,0.810606,1.0000,0.0000,0.428000,1.9000,1.97,5.65,9.58,5.49,-3.891725,-23.9765,-2.8281,0.008000,0.123784,-0.8445,-0.064957,-0.150990,-0.205981,4059.3881457490306,326.5689916322028,3658.18474618373,367.21733629270636,0.319694,0.015180,6368.3,6252.3,0.118848,0.032786,0.000000,4.1883,1.0000,,,,,
10.6920,1778909417.926572,758,32.601663,-4.822334,-0.062784,4.2087,0.1989,0.206698,32.600012,-4.888209,-0.067988,4.1710,32.640211,-4.819398,-0.060857,4.1981,0.2859,0.251740,0.653656,0.4280,32.640211,-4.819398,0.009216,7.0000,0.000000,1.472130,1000.7862,0,1,dirt,0.5410,0.916387,0,0,0.000000,0.000000,0.000000,0,nan,0.00,0.810606,1.0000,0.0000,0.428000,1.9000,1.74,5.75,9.23,6.35,-3.888209,-23.8342,-2.8290,0.008000,0.040005,-0.1581,-0.064198,-0.132251,-0.177464,4054.925451551745,494.48175679279814,3627.1349700888786,514.9233019814253,0.316474,0.019353,6369.8,6250.8,0.117757,-0.002141,0.000000,4.1922,1.0000,,,,,
10.7280,1778909417.934081,759,32.810799,-4.763164,-0.065391,4.0830,0.2045,0.241531,32.751087,-4.874531,-0.059587,4.1636,32.847811,-4.760030,-0.063291,4.1523,0.2829,0.273149,0.658530,0.4280,32.847811,-4.760030,0.007912,7.0000,-0.000000,1.449780,1021.9687,0,1,dirt,0.5410,0.916387,0,0,0.000000,0.000000,0.000000,0,nan,0.00,0.810606,1.0000,0.0000,0.428000,1.9000,1.55,5.84,8.94,6.32,-3.966531,-23.8749,-2.8364,0.032000,0.205028,-0.3010,-0.124274,-0.107545,-0.120313,4132.9022667170275,2325.156172663883,3512.911283801774,977.4498041328898,0.303333,0.032391,6368.5,6252.1,0.118706,0.068541,0.000000,4.1465,1.0000,,,,,
10.7520,1778909417.941518,760,32.883860,-4.945244,-0.050938,4.2141,0.2910,0.244182,32.851772,-4.863551,-0.053748,4.1632,32.922829,-4.940922,-0.048598,4.1745,0.3107,0.288210,0.663110,0.4280,32.922829,-4.940922,0.025777,7.0000,0.000000,1.476071,1042.6720,0,1,dirt,0.5410,0.916387,0,0,0.000000,0.000000,0.000000,0,nan,0.00,0.810606,1.0000,0.0000,0.428000,1.9000,1.72,5.85,9.29,5.91,-3.955551,-23.5403,-2.8368,0.008000,0.097037,-0.3912,-0.111739,-0.102183,-0.118433,2891.2964685528414,1534.7831112950628,3488.337278003071,950.887570872605,0.291717,0.031596,6367.4,6253.1,0.119471,0.036734,-0.000000,4.1684,1.0000,,,,,
10.7640,1778909417.948461,761,32.893249,-4.821730,-0.050986,4.2191,0.2741,0.242774,32.902119,-4.857685,-0.050844,4.1649,32.937186,-4.816586,-0.048255,4.1851,0.3265,0.300749,0.667381,0.4280,32.937186,-4.816586,0.023879,7.0000,0.000000,1.419579,994.4036,0,1,dirt,0.5410,0.916387,0,0,0.000000,0.000000,0.000000,0,nan,0.00,0.810606,1.0000,0.0000,0.428000,1.9000,2.29,5.76,10.34,5.23,-4.044185,-23.8610,-2.8351,0.008000,0.049190,-0.2727,-0.089631,-0.120085,-0.133349,2227.855467962266,1630.6404100945479,3483.56919594906,966.2760816859588,0.287980,0.031942,6366.9,6253.7,0.119899,0.031884,0.000000,4.1783,1.0000,,,,,
10.7760,1778909417.954915,762,32.935364,-4.801274,-0.047381,4.2302,0.3522,0.242232,32.952444,-4.851588,-0.047935,4.1636,32.976530,-4.796130,-0.044813,4.1947,0.3401,0.299828,0.659139,0.4280,32.976530,-4.796130,0.027048,7.0000,1.000000,1.410241,1017.4047,0,1,dirt,0.5410,0.916387,0,0,0.000000,0.000000,0.000000,0,nan,0.00,0.833333,1.0000,0.0000,0.440000,1.9000,2.00,5.71,9.71,5.45,-4.038088,-23.6943,-2.8364,0.008000,0.080711,-0.5459,-0.068634,-0.114012,-0.143844,2767.062812536411,1813.1517041021584,3468.1298006725374,839.1726765287204,0.281557,0.028553,6368.5,6252.0,0.118668,0.030752,0.000000,4.1883,1.0000,,,,,
10.7880,1778909417.967076,763,32.970508,-4.776705,-0.046704,4.1073,0.2753,0.246588,33.002742,-4.845146,-0.044969,4.1613,33.009431,-4.771706,-0.044227,4.1786,0.3429,0.304548,0.653621,0.4493,33.009431,-4.771706,0.027694,7.0000,-1.000000,1.377383,1000.1099,0,1,dirt,0.5410,0.916387,0,0,0.000000,0.000000,0.000000,0,nan,0.00,0.810606,1.0000,0.0000,0.428000,1.9000,1.77,5.74,9.28,5.88,-4.031646,-23.5244,-2.8387,0.008000,0.034486,0.0138,-0.087991,-0.127639,-0.149757,2400.9031188787853,2613.223453373199,3400.46601758743,888.2754343685976,0.290729,0.029887,6369.7,6250.8,0.117799,0.060359,1.000000,4.1726,1.0000,,,,,
10.8000,1778909418.020096,764,33.073912,-4.785300,-0.036992,4.2603,0.3925,0.309926,33.052988,-4.837096,-0.041112,4.1596,33.111372,-4.779833,-0.034526,4.1951,0.3560,0.308491,0.624103,0.4191,33.111372,-4.779833,0.037873,7.0000,1.000000,1.486429,1026.3751,0,1,dirt,0.5410,0.916387,0,0,0.000000,0.000000,0.000000,0,nan,0.00,0.833333,1.0000,0.0000,0.440000,1.9000,1.57,5.75,8.90,5.86,-4.023596,-23.3034,-2.8404,0.008000,0.013358,-0.0750,-0.073892,-0.102724,-0.135953,2936.83718189479,4386.142401068555,3485.9645807927905,987.6937183170927,0.267656,0.030337,6377.0,6243.6,0.112522,0.025181,-1.000000,4.1896,1.0000,,,,,
10.8360,1778909418.026997,765,33.239353,-4.840974,-0.029516,4.1387,0.2254,0.196833,33.203915,-4.817631,-0.033038,4.1759,33.275383,-4.835834,-0.027267,4.1741,0.3359,0.296644,0.675705,0.4486,33.275383,-4.835834,0.047519,7.0000,1.000000,1.465055,1022.9519,0,1,dirt,0.5410,0.916387,0,0,0.000000,0.000000,0.000000,0,nan,0.00,0.901515,1.0000,0.0000,0.476000,1.9000,1.42,5.78,8.62,5.92,-4.100931,-23.2589,-2.8241,0.008000,0.129169,0.3701,-0.049841,-0.131355,-0.157472,-4464.190217762361,906.7801541748267,3759.927499952948,887.472579904354,0.292443,0.028870,6364.1,6256.5,0.121911,0.047629,0.333333,4.1683,1.0000,,,,,
10.8480,1778909418.033868,766,33.239755,-4.869002,-0.031366,4.1949,0.3032,0.146295,33.254230,-4.812751,-0.031155,4.1788,33.280524,-4.863143,-0.028853,4.1799,0.3620,0.304715,0.675201,0.4857,33.280524,-4.863143,0.046358,7.0000,1.000000,1.432905,1008.6879,0,1,dirt,0.5410,0.916387,0,0,0.000000,0.000000,0.000000,0,nan,0.00,0.924242,1.0000,0.0000,0.488000,1.9000,1.97,5.72,9.66,5.40,-4.096051,-23.1510,-2.8212,nan,nan,nan,nan,nan,nan,-4152.519960473882,369.9257253016144,3238.952171163812,661.0851973167481,0.332407,0.020793,6364.6,6256.0,0.121551,0.035056,3.000000,4.1735,1.0000,,,,,
10.8600,1778909418.040125,767,33.339757,-4.865862,-0.029992,4.1766,0.3190,0.134751,33.304567,-4.808417,-0.029504,4.1826,33.379625,-4.860165,-0.027645,4.1805,0.3719,0.295563,0.683568,0.4975,33.379625,-4.860165,0.048186,7.0000,1.000000,1.422593,1028.5540,0,1,dirt,0.5794,0.868236,1,0,0.000000,0.000000,0.000000,0,nan,0.00,0.946970,1.0000,0.0000,0.500000,1.9000,1.89,5.66,9.44,5.34,-4.091717,-23.0564,-2.8174,0.008000,0.018954,-0.5853,-0.066780,-0.132631,-0.196749,-3381.636046209759,319.2316337666415,3891.060015478185,366.16199227274865,0.347596,0.012652,6362.3,6258.3,0.123204,0.040400,1.000000,4.1741,1.0000,,,,,
10.8720,1778909418.051062,768,33.386420,-4.817123,-0.036203,4.1552,0.2613,0.119934,33.354916,-4.804490,-0.028031,4.1863,33.424274,-4.812179,-0.034095,4.1766,0.3678,0.283232,0.697474,0.5090,33.424274,-4.812179,0.041354,7.0000,1.000000,1.299358,1013.8010,0,1,dirt,0.5794,0.868236,0,0,0.000000,0.000000,0.000000,0,nan,0.00,0.969697,1.0000,0.0000,0.512000,1.9000,1.68,5.59,8.95,5.16,-4.087790,-22.9720,-2.8137,0.008000,0.066204,-1.0326,-0.081464,-0.147970,-0.217213,-3098.3463950353057,1141.6464102230964,3993.993234964316,170.87259069859473,0.365739,0.007597,6358.6,6262.0,0.125904,0.044797,1.000000,4.1704,1.0000,,,,,
10.8840,1778909418.063076,769,33.359650,-4.869915,-0.034676,4.1641,0.2426,0.111350,33.405279,-4.800937,-0.026722,4.1885,33.395683,-4.865382,-0.032775,4.1751,0.3613,0.271676,0.695668,0.5206,33.395683,-4.865382,0.043407,7.0000,1.000000,1.292083,1000.8164,0,1,dirt,0.5794,0.868236,0,0,0.000000,0.000000,0.000000,0,nan,0.00,0.992424,1.0000,0.0000,0.524000,1.9000,1.50,5.53,8.54,5.20,-4.182937,-23.2505,-2.8115,0.008000,0.142386,-1.1371,-0.091403,-0.153105,-0.221340,-2937.3563228814282,618.0573781774503,4107.092284808885,25.38954902200355,0.384239,0.003699,6358.6,6261.9,0.125879,0.044124,1.000000,4.1692,1.0000,,,,,
10.8960,1778909418.117952,770,33.480954,-4.831411,-0.018164,4.1471,0.2064,0.097933,33.455685,-4.797630,-0.025498,4.1927,33.515361,-4.826761,-0.016445,4.1707,0.3499,0.260249,0.714876,0.5322,33.515361,-4.826761,0.059807,7.0000,0.333333,1.282513,981.8561,0,1,dirt,0.5794,0.868236,0,0,0.000000,0.000000,0.000000,0,nan,0.00,1.000000,1.0000,0.0000,0.528000,1.9000,1.35,5.61,8.31,6.03,-4.179630,-23.1803,-2.8073,0.008000,0.133308,-0.2516,-0.079077,-0.207571,-0.284865,-2133.841066387269,578.0701204992247,4244.693624261034,-63.26702281039726,0.404035,0.001173,6353.6,6266.9,0.129508,0.049379,1.000000,4.1649,1.0000,,,,,
10.9320,1778909418.125045,771,33.553625,-4.718954,-0.023462,4.1688,0.1631,0.065958,33.606968,-4.789040,-0.022519,4.1998,33.587703,-4.715267,-0.022030,4.1724,0.3151,0.230457,0.719710,0.5307,33.587703,-4.715267,0.052839,7.0000,0.000000,1.165623,962.9872,0,1,dirt,0.5794,0.868236,0,0,0.000000,0.000000,0.000000,0,nan,0.00,1.000000,1.0000,0.0000,0.528000,1.9000,1.27,5.69,8.24,6.18,-4.171040,-23.0096,-2.8002,0.032000,0.021420,-1.1336,-0.090964,-0.198260,-0.242904,-2265.060684488598,349.05498233160404,4434.401551282781,-275.9153353478754,0.431305,-0.004378,6352.3,6268.2,0.130431,0.045583,0.111111,4.1665,1.0000,,,,,
10.9440,1778909418.132144,772,33.618959,-4.711363,-0.017561,4.1410,0.2307,0.060550,33.657452,-4.786805,-0.021815,4.2037,33.658633,-4.706739,-0.015897,4.1684,0.3318,0.238206,0.718881,0.5280,33.658633,-4.706739,0.059327,7.0000,0.000000,1.131946,944.2525,0,1,dirt,0.5794,0.868236,0,0,0.000000,0.000000,0.000000,0,nan,0.00,1.000000,1.0000,0.0000,0.528000,1.9000,1.91,5.65,9.47,5.43,-4.269205,-23.2795,-2.7963,0.008000,0.094278,-1.1436,-0.080031,-0.180323,-0.267791,-2152.0512131998485,-113.75076706583434,4355.157801606496,-464.45708308309776,0.434737,-0.009453,6352.7,6267.9,0.130164,0.051234,0.000000,4.1616,1.0000,,,,,
10.9560,1778909418.138440,773,33.646867,-4.850238,-0.021878,4.2094,0.1057,0.054891,33.707956,-4.784801,-0.021188,4.2040,33.688896,-4.845790,-0.020170,4.1779,0.3187,0.237256,0.711208,0.5280,33.688896,-4.845790,0.057559,7.0000,0.000000,1.262995,983.6423,0,1,dirt,0.5794,0.868236,0,0,0.000000,0.000000,0.000000,0,nan,0.00,1.000000,1.0000,0.0000,0.528000,1.9000,2.20,5.61,10.00,5.37,-4.267201,-23.2435,-2.7960,0.008000,0.080816,-1.3463,-0.076610,-0.231752,-0.295147,-1648.1418909083063,-425.4669205188886,4392.678064764035,-420.29842338360766,0.443972,-0.008159,6354.7,6265.8,0.128700,0.039536,0.000000,4.1709,1.0000,,,,,
10.9680,1778909418.147142,774,33.768332,-4.863169,-0.024010,4.1746,0.0834,0.045739,33.758482,-4.782941,-0.020599,4.2062,33.807982,-4.859476,-0.022516,4.1783,0.2934,0.222758,0.711688,0.5280,33.807982,-4.859476,0.056321,7.0000,0.000000,1.210824,988.7038,0,1,dirt,0.5794,0.868236,0,0,0.000000,0.000000,0.000000,0,nan,0.00,1.000000,1.0000,0.0000,0.528000,1.9000,1.93,5.55,9.41,5.19,-4.265341,-23.2098,-2.7938,0.008000,0.082149,-1.4852,-0.077269,-0.270042,-0.317267,-1353.7237841828469,-60.29783577228238,4433.900343374024,-372.30980026860715,0.452980,-0.006820,6354.8,6265.8,0.128678,0.047129,0.000000,4.1716,1.0000,,,,,
10.9800,1778909418.159124,775,33.782060,-4.757994,-0.017208,4.1902,0.0877,0.053349,33.809014,-4.781089,-0.019960,4.2053,33.819700,-4.754533,-0.015871,4.1815,0.2731,0.211709,0.705285,0.5280,33.819700,-4.754533,0.061100,7.0000,0.000000,1.240752,979.6010,0,1,dirt,0.5794,0.868236,0,0,0.000000,0.000000,0.000000,0,nan,0.00,1.000000,1.0000,0.0000,0.528000,1.9000,1.72,5.52,8.96,5.33,-4.263489,-23.1732,-2.7947,0.008000,0.065031,-0.6552,-0.071210,-0.322999,-0.364292,-680.2629510963648,-1095.7419925348536,4464.577820887725,-315.619609964626,0.459539,-0.005336,6356.1,6264.5,0.127699,0.043654,0.000000,4.1752,1.0000,,,,,
10.9920,1778909418.215928,776,33.863977,-4.753752,-0.018884,4.1041,0.2466,0.059061,33.859513,-4.779175,-0.019226,4.2033,33.899769,-4.750484,-0.017664,4.1673,0.2833,0.203182,0.688190,0.5280,33.899769,-4.750484,0.060083,7.0000,-1.000000,1.092945,786.4904,0,1,dirt,0.5794,0.868236,0,0,0.000000,0.000000,0.000000,0,nan,0.00,0.977273,1.0000,0.0000,0.516000,1.9000,1.53,5.89,8.96,8.02,-4.261575,-23.1311,-2.7967,0.008000,0.065982,-0.7607,-0.083254,-0.380352,-0.434143,773.9607852576667,131.76051027239964,4423.3745123891895,-527.5534460139608,0.456794,-0.011094,6360.4,6260.2,0.124600,0.087631,0.000000,4.1614,1.0000,,,,,
11.0280,1778909418.224983,777,33.999153,-4.785772,-0.017683,4.1638,0.1443,0.069374,34.010969,-4.771825,-0.016138,4.2012,34.037823,-4.782286,-0.016364,4.1688,0.2753,0.205067,0.691806,0.5067,34.037823,-4.782286,0.062886,7.0000,-1.000000,1.592945,2072.2320,0,1,dirt,0.7081,0.816764,1,0,0.000000,0.000000,0.000000,0,nan,0.00,0.909091,1.0000,0.0000,0.480000,1.9000,1.69,5.85,9.22,5.59,-4.356025,-23.1964,-2.7988,0.032000,0.070829,-1.5620,-0.079816,-0.448890,-0.466514,-3160.840542115573,750.5881479560251,4360.561360383494,-451.15468343897334,0.449017,-0.009035,6359.3,6261.2,0.125360,0.052506,-0.333333,4.1624,1.0000,,,,,
11.0520,1778909418.231488,778,34.150355,-4.766323,-0.009740,4.1762,0.1609,0.035678,34.111872,-4.768621,-0.015004,4.2019,34.187854,-4.762968,-0.008622,4.1731,0.2627,0.182067,0.695783,0.4710,34.187854,-4.762968,0.071200,7.0000,-1.000000,1.318059,861.7963,0,1,dirt,0.7081,0.816764,0,0,0.000000,0.000000,0.000000,0,nan,0.00,0.863636,1.0000,0.0000,0.456000,1.9000,1.57,5.78,8.92,5.38,-4.352821,-23.1314,-2.7981,0.008000,0.143418,-1.0120,-0.073379,-0.456312,-0.414762,-3834.186583195362,-838.2976515652255,4430.760317881546,-625.6451532900777,0.417856,-0.013874,6359.4,6261.2,0.125322,0.041688,-1.500000,4.1669,1.0000,,,,,
11.0640,1778909418.243101,779,34.186134,-4.774455,-0.016672,4.2347,0.0738,0.026527,34.162318,-4.767774,-0.014694,4.2013,34.222145,-4.771840,-0.015704,4.1859,0.2379,0.165790,0.688378,0.4474,34.222145,-4.771840,0.064374,7.0000,-1.000000,1.818059,1688.7770,0,1,dirt,0.7081,0.816764,0,0,0.000000,0.000000,0.000000,0,nan,0.00,0.840909,1.0000,0.0000,0.444000,1.9000,1.41,5.70,8.52,5.24,-4.454874,-23.3098,-2.7987,0.008000,0.076735,-1.1589,-0.069048,-0.385721,-0.470541,-4029.1092675382124,-1470.609086316121,4368.36273912644,-582.6761675059761,0.400662,-0.012470,6360.5,6260.1,0.124508,0.032302,-2.000000,4.1800,1.0000,,,,,
11.0760,1778909418.255040,780,34.112522,-4.753955,-0.019307,4.2264,-0.0039,0.020506,34.212766,-4.767309,-0.014492,4.2031,34.147071,-4.751924,-0.018461,4.1947,0.2061,0.153243,0.701595,0.4358,34.147071,-4.751924,0.060607,7.0000,1.000000,1.559156,939.5838,0,1,dirt,0.7081,0.816764,0,0,0.000000,0.000000,0.000000,0,nan,0.00,0.863636,1.0000,0.0000,0.456000,1.9000,1.27,5.64,8.18,5.34,-4.454409,-23.2983,-2.7969,0.008000,0.127029,-1.0924,-0.060454,-0.471267,-0.459773,-3131.044546163386,26.929911098678872,4224.000613805524,-432.64000298085637,0.398127,-0.008234,6358.1,6262.5,0.126270,0.031302,-1.000000,4.1890,1.0000,,,,,
11.0880,1778909418.314180,781,34.349706,-4.802057,-0.018689,4.1823,0.0567,0.013770,34.263208,-4.767048,-0.014317,4.2016,34.382977,-4.800233,-0.017917,4.1931,0.1976,0.149692,0.688762,0.4639,34.382977,-4.800233,0.063703,7.0000,-1.000000,1.243236,816.5875,0,1,dirt,0.7081,0.816764,0,0,0.000000,0.000000,0.000000,0,nan,0.00,0.840909,1.0000,0.0000,0.444000,1.9000,1.14,5.98,8.27,7.88,-4.454148,-23.2883,-2.7984,0.008000,0.149644,-1.3745,-0.064325,-0.452364,-0.480559,-2904.9785007383484,-1493.7502040514667,4340.260837794153,-431.36942451014096,0.415356,-0.008175,6360.7,6259.9,0.124389,0.006070,1.000000,4.1877,1.0000,,,,,
11.1240,1778909418.323110,782,34.369520,-4.733863,-0.017166,4.2125,0.0161,-0.045514,34.414633,-4.769408,-0.015267,4.2105,34.405842,-4.732520,-0.016585,4.2041,0.1685,0.124252,0.705481,0.4354,34.405842,-4.732520,0.063815,7.0000,-1.000000,1.743236,1693.6703,0,1,dirt,0.7081,0.816764,0,0,0.000000,0.000000,0.000000,0,nan,0.00,0.772727,1.0000,0.0000,0.408000,1.9000,1.33,5.94,8.60,5.73,-4.560308,-23.4919,-2.7895,0.032000,0.063660,-1.1356,-0.038022,-0.290041,-0.336720,-802.5890768057636,-2981.8285435220178,4332.9971069703315,-633.7913789192446,0.426043,-0.014101,6356.0,6264.5,0.127762,0.037485,-0.333333,4.1981,1.0000,,,,,
11.1480,1778909418.329713,783,34.462434,-4.666691,-0.014349,4.2833,-0.0545,-0.012624,34.515776,-4.771839,-0.016079,4.2120,34.500957,-4.665636,-0.013804,4.2322,0.1296,0.115049,0.716567,0.3989,34.500957,-4.665636,0.065590,7.0000,1.000000,1.503228,1237.0893,0,1,dirt,0.7081,0.816764,0,0,0.000000,0.000000,0.000000,0,nan,0.00,0.818182,1.0000,0.0000,0.432000,1.9000,1.58,5.88,9.04,5.52,-4.562739,-23.5384,-2.7880,0.020000,0.062652,-1.0595,-0.012252,-0.368713,-0.400263,3395.5735508139987,-1381.1043426908295,4346.521275048617,-387.85345834087366,0.401668,-0.006942,6354.5,6266.1,0.128857,0.013162,-1.500000,4.2257,1.0000,,,,,
11.1600,1778909418.339093,784,34.577423,-4.763082,-0.010467,4.1950,-0.0229,0.018123,34.566334,-4.772072,-0.015932,4.2084,34.614211,-4.761924,-0.009902,4.2256,0.1251,0.122555,0.680208,0.4407,34.614211,-4.761924,0.072015,7.0000,1.000000,2.000000,1746.4630,0,1,dirt,0.7081,0.816764,0,0,0.000000,0.000000,0.000000,0,nan,0.00,0.840909,1.0000,0.0000,0.444000,1.9000,1.42,5.79,8.62,5.30,-4.562972,-23.5300,-2.7916,0.008000,0.059210,-1.1489,-0.022888,-0.406830,-0.408674,3697.3446339243537,-2739.0350844627496,3872.7244535374575,-238.10558803466665,0.426612,-0.003135,6363.0,6257.5,0.122682,0.038571,2.000000,4.2198,1.0000,,,,,
11.1720,1778909418.351078,785,34.564749,-4.774749,-0.011962,4.1529,0.0481,0.051642,34.616804,-4.771441,-0.015349,4.2028,34.599874,-4.773551,-0.011357,4.2125,0.1286,0.128586,0.687606,0.4523,34.599874,-4.773551,0.070920,7.0000,1.000000,2.000000,2411.4249,0,1,dirt,0.7081,0.816764,0,0,0.000000,0.000000,0.000000,0,nan,0.00,0.863636,1.0000,0.0000,0.456000,1.9000,1.27,5.71,8.26,5.26,-4.562341,-23.4966,-2.7972,0.008000,0.091043,-0.7355,-0.047899,-0.395826,-0.409092,4456.881166921449,411.0148813080709,4463.5997241556215,-143.93986595044007,0.433646,-0.000687,6362.1,6258.5,0.123382,0.039610,1.000000,4.2068,1.0000,,,,,
11.1840,1778909418.363129,786,34.694946,-4.724382,-0.005295,4.2190,0.1040,0.070584,34.667227,-4.770086,-0.014456,4.1989,34.728817,-4.722764,-0.004634,4.2147,0.1414,0.136901,0.698302,0.4640,34.728817,-4.722764,0.077566,7.0000,-1.000000,2.000000,1486.7032,0,1,dirt,0.7081,0.816764,0,0,0.000000,0.000000,0.000000,0,nan,0.00,0.840909,1.0000,0.0000,0.444000,1.9000,1.16,5.66,7.99,5.40,-4.665386,-23.5325,-2.8011,0.008000,0.126695,-0.1237,-0.055675,-0.218613,-0.213496,4425.414420235827,95.67454618422698,4515.7203773178135,-109.1874995803247,0.437702,0.000208,6359.2,6261.4,0.125460,0.030159,1.000000,4.2092,1.0000,,,,,
11.1960,1778909418.415723,787,34.707261,-4.699745,-0.012074,4.2226,0.0581,0.087138,34.717611,-4.768042,-0.013304,4.1940,34.740114,-4.698313,-0.011378,4.2171,0.1369,0.138562,0.695975,0.4362,34.740114,-4.698313,0.070530,7.0000,-1.000000,1.663125,1074.5487,0,1,dirt,0.8340,0.766386,1,0,0.000000,0.000000,0.000000,0,nan,0.00,0.818182,1.0000,0.0000,0.432000,1.9000,1.06,5.73,7.86,6.11,-4.663342,-23.4666,-2.8060,0.008000,0.115381,-0.5228,-0.050182,-0.256955,-0.261571,5273.390777979708,-1053.6840607507656,4359.808268740095,49.85017641221506,0.420206,0.004341,6359.7,6260.9,0.125124,0.027129,-1.000000,4.2118,1.0000,,,,,
11.2320,1778909418.422887,788,34.930910,-4.792079,-0.010892,4.2104,0.1280,0.153725,34.868560,-4.758084,-0.008445,4.1860,34.963430,-4.789858,-0.009878,4.2166,0.1640,0.174272,0.702063,0.4243,34.963430,-4.789858,0.075184,7.0000,1.000000,1.540403,1172.3849,0,1,dirt,0.8340,0.766386,0,0,0.000000,0.000000,0.000000,0,nan,0.00,0.886364,1.0000,0.0000,0.468000,1.9000,0.99,5.74,7.72,5.82,-4.653384,-23.1881,-2.8140,0.008000,0.136605,-0.3857,-0.063489,-0.201278,-0.220158,4226.692547768927,147.0186511237739,4032.9119476273277,414.8001543198612,0.381143,0.015917,6357.4,6263.1,0.126750,0.031366,-0.333333,4.2112,1.0000,,,,,
11.2440,1778909418.429685,789,34.958649,-4.801356,-0.009746,4.1970,0.2103,0.167247,34.918816,-4.753616,-0.006413,4.1843,34.996113,-4.798054,-0.008340,4.2146,0.2093,0.211142,0.701932,0.4769,34.996113,-4.798054,0.077112,7.0000,1.000000,1.241163,1106.4102,0,1,dirt,0.8340,0.766386,0,0,0.000000,0.000000,0.000000,0,nan,0.00,0.909091,1.0000,0.0000,0.480000,1.9000,1.57,5.71,8.85,5.49,-4.753616,-23.1012,-2.8157,nan,nan,nan,nan,nan,nan,4153.951884244092,132.1642350863051,3505.932563492045,410.6798590060688,0.405083,0.016319,6357.7,6262.9,0.126567,0.033486,3.000000,4.2084,1.0000,,,,,
11.2560,1778909418.436071,790,35.008340,-4.780104,-0.004041,4.1821,0.1197,0.176728,34.969039,-4.748639,-0.004219,4.1827,35.045283,-4.776402,-0.002530,4.2094,0.2134,0.224600,0.693436,0.4888,35.045283,-4.776402,0.082924,7.0000,1.000000,1.254392,1137.6937,0,1,dirt,0.8340,0.766386,0,0,0.000000,0.000000,0.000000,0,nan,0.00,0.931818,1.0000,0.0000,0.492000,1.9000,1.54,5.66,8.73,5.39,-4.748639,-22.9755,-2.8172,0.008000,0.162805,-0.0998,-0.100484,-0.120089,-0.140145,3974.6388118349623,672.6342984204022,4390.482055067643,584.3234798097192,0.410766,0.021568,6359.1,6261.5,0.125518,0.036079,1.000000,4.2033,1.0000,,,,,
11.2680,1778909418.447066,791,35.054204,-4.714687,-0.004703,4.1818,0.1541,0.198869,35.019219,-4.743166,-0.001873,4.1798,35.089572,-4.710913,-0.003139,4.2049,0.2198,0.236351,0.689845,0.5004,35.089572,-4.710913,0.081604,6.9999,1.000000,1.212351,1086.0247,0,1,dirt,0.8340,0.766386,0,0,0.000000,0.000000,0.000000,0,nan,0.00,0.954545,1.0000,0.0000,0.504000,1.9000,1.38,5.62,8.37,5.37,-4.743166,-22.8411,-2.8201,0.008000,0.025756,-0.4043,-0.094486,-0.097764,-0.092819,3793.1493812121366,198.8448037032233,4441.073395310417,711.674450064965,0.414471,0.025969,6359.9,6260.6,0.124921,0.040918,1.000000,4.1992,1.0000,,,,,
11.2800,1778909418.459054,792,35.067012,-4.795272,0.003489,4.1643,0.1627,0.208135,35.069357,-4.737243,0.000607,4.1773,35.100954,-4.791133,0.005098,4.1979,0.2266,0.247547,0.684293,0.5121,35.100954,-4.791133,0.091313,6.9999,1.000000,1.226242,1104.1904,0,1,dirt,0.8340,0.766386,0,0,0.000000,0.000000,0.000000,0,nan,0.00,0.977273,1.0000,0.0000,0.516000,1.9000,1.24,5.57,8.05,5.30,-4.737243,-22.6990,-2.8226,0.008000,0.067510,0.1139,-0.088830,-0.096119,-0.080674,3997.366121178832,439.3498559236515,4504.070394375378,839.798647887583,0.418640,0.029882,6361.2,6259.4,0.124036,0.043367,1.000000,4.1924,1.0000,,,,,
11.2920,1778909418.514279,793,35.109076,-4.778318,0.000224,4.1862,0.1575,0.219459,35.119434,-4.730853,0.003235,4.1696,35.141866,-4.774227,0.001877,4.1965,0.2314,0.258709,0.685296,0.5238,35.141866,-4.774227,0.088169,6.9999,1.000000,1.088106,1026.0018,0,1,dirt,0.8340,0.766386,0,0,0.000000,0.000000,0.000000,0,nan,0.00,1.000000,1.0000,0.0000,0.528000,1.9000,1.13,5.60,7.85,5.76,-4.730853,-22.5484,-2.8303,0.008000,0.098668,-0.5060,-0.093343,-0.076676,-0.048921,3257.9765890777626,865.7759339755575,4596.963353708536,981.97169207002,0.423820,0.034148,6360.8,6259.7,0.124262,0.033263,1.000000,4.1912,1.0000,,,,,
11.3280,1778909418.521189,794,35.333292,-4.656769,0.016516,4.0810,0.1792,0.240690,35.269429,-4.708951,0.011937,4.1675,35.364841,-4.651752,0.018358,4.1501,0.2488,0.285890,0.664417,0.5356,35.364841,-4.651752,0.104801,7.0000,0.000000,1.050564,1069.8463,0,1,dirt,0.8340,0.766386,0,0,0.000000,0.000000,0.000000,0,nan,0.00,1.000000,1.0000,0.0000,0.528000,1.9000,1.01,5.69,7.72,6.24,-4.813651,-22.0203,-2.8325,0.032000,0.170953,0.8043,-0.141659,-0.131164,-0.101794,2621.6073819595154,1197.3835631931329,4819.348743207193,1286.8245655922979,0.417288,0.043493,6365.8,6254.8,0.120659,0.071416,0.333333,4.1451,1.0000,,,,,
11.3400,1778909418.528481,795,35.291783,-4.581053,0.015596,4.1537,0.1255,0.230767,35.319352,-4.701285,0.014740,4.1688,35.328821,-4.574975,0.017877,4.1526,0.2588,0.304215,0.660897,0.5280,35.328821,-4.574975,0.102694,7.0000,0.000000,1.048050,1056.6954,0,1,dirt,0.8340,0.766386,0,0,0.000000,0.000000,0.000000,0,nan,0.00,1.000000,1.0000,0.0000,0.528000,1.9000,1.63,5.69,8.94,5.65,-4.805985,-21.8597,-2.8312,0.008000,0.193360,0.4610,-0.140004,-0.104737,-0.073647,2229.573132116369,1796.6627241792198,4478.521166316899,1417.9461460841617,0.415843,0.047597,6367.0,6253.6,0.119809,0.053471,0.000000,4.1468,1.0000,,,,,
11.3520,1778909418.534998,796,35.262937,-4.660083,0.012937,4.0964,0.2106,0.225976,35.369233,-4.693532,0.017473,4.1668,35.303190,-4.653277,0.015504,4.1433,0.2786,0.315710,0.649172,0.5280,35.303190,-4.653277,0.101715,7.0000,0.000000,1.075605,1028.3394,0,1,dirt,0.8340,0.766386,0,0,0.000000,0.000000,0.000000,0,nan,0.00,1.000000,1.0000,0.0000,0.528000,1.9000,2.03,5.64,9.70,5.36,-4.798232,-21.7032,-2.8332,0.008000,0.178076,0.0093,-0.147800,-0.174450,-0.142444,2107.579364058658,1035.041114888931,4385.932323993458,1379.4178131693495,0.410799,0.046683,6370.1,6250.4,0.117504,0.066060,0.000000,4.1370,1.0000,,,,,
11.3640,1778909418.543112,797,35.386108,-4.659389,0.029849,4.1778,0.2656,0.224759,35.419063,-4.685599,0.020191,4.1631,35.424192,-4.652140,0.032286,4.1508,0.2907,0.313661,0.646323,0.5280,35.424192,-4.652140,0.118910,7.0000,0.000000,1.280695,1066.2501,0,1,dirt,0.9420,0.723196,1,0,0.000000,0.000000,0.000000,0,nan,0.00,1.000000,1.0000,0.0000,0.528000,1.9000,1.80,5.57,9.16,5.17,-4.894699,-21.4603,-2.8369,0.008000,0.101269,0.5683,-0.133818,-0.200181,-0.194886,2414.5717187326222,2176.242006322027,4296.760054610056,1269.6940360752842,0.404734,0.043110,6370.8,6249.8,0.117032,0.046805,0.000000,4.1449,1.0000,,,,,
11.3760,1778909418.555109,798,35.464230,-4.652552,0.023600,4.1178,0.2727,0.227158,35.468845,-4.677367,0.022932,4.1620,35.500443,-4.645754,0.025923,4.1453,0.3014,0.311828,0.645008,0.5280,35.500443,-4.645754,0.113199,7.0000,0.000000,1.157140,974.4422,0,1,dirt,0.9420,0.723196,0,0,0.000000,0.000000,0.000000,0,nan,0.00,1.000000,1.0000,0.0000,0.528000,1.9000,1.61,5.51,8.72,5.18,-4.886467,-21.3032,-2.8380,0.008000,0.047122,0.1779,-0.134251,-0.255145,-0.253437,2686.0953182548305,1994.0933699574691,4381.304496953111,1139.1129745467802,0.399010,0.040210,6371.5,6249.1,0.116548,0.059158,0.000000,4.1397,1.0000,,,,,
11.3880,1778909418.611929,799,35.583113,-4.625259,0.029098,4.2576,0.2446,0.197638,35.518599,-4.669066,0.025542,4.1695,35.617819,-4.618589,0.031275,4.1682,0.3052,0.305826,0.686694,0.5280,35.617819,-4.618589,0.118358,6.9991,0.000000,1.583096,1064.4134,0,1,dirt,0.9420,0.723196,0,0,0.000000,0.000000,0.000000,0,nan,0.00,1.000000,1.0000,0.0000,0.528000,1.9000,1.43,5.59,8.46,6.05,-4.878166,-21.1537,-2.8296,0.008000,0.119004,-0.0432,-0.103859,-0.309997,-0.303147,-735.9842485679942,989.5379701271312,4395.278919560785,1033.5464195790087,0.398682,0.036583,6360.5,6260.1,0.124500,0.030080,0.000000,4.1625,1.0000,,,,,
11.4240,1778909418.619069,800,35.640560,-4.710555,0.031002,4.1748,0.1777,0.201500,35.667932,-4.644918,0.032454,4.1578,35.674564,-4.704118,0.033098,4.1725,0.2926,0.301190,0.594803,0.5280,35.674564,-4.704118,0.121926,6.9990,0.000000,1.225493,1045.8155,0,1,dirt,0.9420,0.723196,0,0,0.000000,0.000000,0.000000,0,nan,0.00,1.000000,1.0000,0.0000,0.528000,1.9000,1.30,5.65,8.26,5.98,-4.957818,-20.6085,-2.8412,0.032000,0.077073,0.1865,-0.097411,-0.397485,-0.379272,4604.029219953027,2968.446339188242,4358.416930486981,1080.6237327659728,0.403049,0.037971,6384.6,6235.9,0.106996,0.040248,0.000000,4.1677,1.0000,,,,,
11.4360,1778909418.625984,801,35.706780,-4.662944,0.037053,4.1856,0.2382,0.210816,35.717488,-4.636023,0.035032,4.1491,35.745529,-4.655121,0.039509,4.1765,0.3126,0.313557,0.577744,0.5280,35.745529,-4.655121,0.127794,6.9999,0.000000,1.298194,970.2827,0,1,dirt,0.9420,0.723196,0,0,0.000000,0.000000,0.000000,0,nan,0.00,1.000000,1.0000,0.0000,0.528000,1.9000,1.85,5.62,9.32,5.47,-4.948923,-20.4608,-2.8508,0.008000,0.114898,-0.5669,-0.045427,-0.330636,-0.284335,4475.207184525695,1598.3072737225966,4312.586810402372,1023.6571912048588,0.400845,0.036262,6388.6,6232.0,0.104139,0.036562,0.000000,4.1711,1.0000,,,,,
11.4480,1778909418.632283,802,35.668634,-4.628899,0.030123,4.1603,0.2162,0.229369,35.766929,-4.626576,0.037754,4.1455,35.712065,-4.620178,0.032976,4.1750,0.3267,0.327682,0.573369,0.5280,35.712065,-4.620178,0.120579,6.9993,0.000000,1.148879,1024.2425,0,1,dirt,0.9420,0.723196,0,0,0.000000,0.000000,0.000000,0,nan,0.00,1.000000,1.0000,0.0000,0.528000,1.9000,2.42,5.59,10.44,5.43,-4.939476,-20.3048,-2.8538,0.008000,0.155404,-1.0414,-0.049686,-0.322387,-0.317328,4431.624308127151,2472.0517852095936,4280.402851275683,1064.4733249891249,0.398577,0.037416,6390.2,6230.4,0.102942,0.042838,0.000000,4.1690,1.0000,,,,,
11.4600,1778909418.638896,803,35.916929,-4.564802,0.047082,4.1719,0.3482,0.239993,35.816292,-4.616575,0.040590,4.1409,35.957458,-4.555712,0.049768,4.1751,0.3434,0.325623,0.567170,0.5280,35.957458,-4.555712,0.137654,7.0000,0.000000,1.220179,989.0263,0,1,dirt,0.9420,0.723196,0,0,0.000000,0.000000,0.000000,0,nan,0.00,1.000000,1.0000,0.0000,0.528000,1.9000,2.11,5.56,9.78,5.38,-4.929475,-20.1423,-2.8591,0.008000,0.198550,0.0004,-0.038627,-0.316969,-0.313284,4252.459452193945,2798.78266606603,4164.375682832502,918.2746213732066,0.390028,0.033050,6391.2,6229.4,0.102230,0.038210,0.000000,4.1696,1.0000,,,,,
11.4720,1778909418.651163,804,35.818728,-4.578131,0.043068,4.1544,0.2641,0.246618,35.865552,-4.606046,0.043526,4.1365,35.857215,-4.569596,0.045640,4.1717,0.3434,0.325188,0.553106,0.5280,35.857215,-4.569596,0.133220,7.0000,0.000000,1.025472,1021.9181,0,1,dirt,0.9420,0.723196,0,0,0.000000,0.000000,0.000000,0,nan,0.00,1.000000,1.0000,0.0000,0.528000,1.9000,1.88,5.52,9.27,5.26,-4.918946,-19.9741,-2.8635,0.008000,0.026218,-1.1794,-0.048821,-0.304981,-0.293610,4469.988247767634,1016.3494919803265,4106.778462004811,956.1196609167165,0.386379,0.033979,6394.8,6225.8,0.099626,0.045826,0.000000,4.1666,1.0000,,,,,
11.4840,1778909418.710134,805,35.944996,-4.645365,0.051239,4.1202,0.2533,0.251368,35.914727,-4.595051,0.046563,4.1336,35.981431,-4.636926,0.053705,4.1623,0.3409,0.324891,0.535809,0.5280,35.981431,-4.636926,0.143326,7.0000,0.000000,1.052141,1034.8581,0,1,dirt,0.9420,0.723196,0,0,0.000000,0.000000,0.000000,0,nan,0.00,1.000000,1.0000,0.0000,0.528000,1.9000,1.67,5.57,8.91,5.88,-5.010851,-19.6039,-2.8664,0.008000,0.094886,-0.3361,-0.052136,-0.316425,-0.301904,4589.281389452426,2842.4466678201507,4057.2983695552207,1018.2898423220469,0.383358,0.035666,6398.6,6222.0,0.096865,0.060160,0.000000,4.1576,1.0000,,,,,
11.5200,1778909418.717067,806,36.009562,-4.475339,0.055875,4.1056,0.4567,0.296763,36.061323,-4.557733,0.057094,4.1229,36.044492,-4.465997,0.058464,4.1407,0.4164,0.344646,0.571103,0.5280,36.044492,-4.465997,0.145938,6.9947,0.000000,1.103097,987.3160,0,1,dirt,0.9420,0.723196,0,0,0.000000,0.000000,0.000000,0,nan,0.00,1.000000,1.0000,0.0000,0.528000,1.9000,1.49,5.70,8.68,6.41,-4.973533,-19.0005,-2.8718,0.032000,0.056414,-0.3427,-0.101019,-0.231370,-0.271919,3919.0798895947746,2604.961809712637,3884.926269816763,718.928445246395,0.350675,0.025954,6389.6,6231.0,0.103370,0.070375,0.000000,4.1358,1.0000,,,,,
11.5440,1778909418.724490,807,36.150324,-4.536810,0.063299,4.1595,0.3411,0.262374,36.158931,-4.532059,0.063615,4.1255,36.186092,-4.526900,0.065974,4.1484,0.4209,0.348027,0.562659,0.5280,36.186092,-4.526900,0.155144,6.9649,0.000000,0.962317,1001.4397,0,1,dirt,0.9673,0.686912,1,0,0.000000,0.000000,0.000000,0,nan,0.00,1.000000,1.0000,0.0000,0.528000,1.9000,1.53,5.63,8.70,5.26,-5.049659,-18.3847,-2.8394,0.008000,0.023332,-0.4335,-0.090742,-0.322794,-0.380028,-357.4820331147416,2987.1832410120405,3765.4564233443343,671.1567011184525,0.349637,0.025897,6391.9,6228.6,0.101695,0.049772,0.000000,4.1435,1.0000,,,,,
11.5560,1778909418.735090,808,36.159826,-4.499208,0.069799,4.1014,0.3787,0.243213,36.207791,-4.519688,0.066524,4.1331,36.193925,-4.489518,0.072320,4.1400,0.4250,0.342196,0.561988,0.5280,36.193925,-4.489518,0.160943,6.9628,-1.000000,1.144340,1001.9046,0,1,dirt,0.9673,0.686912,0,0,0.000000,0.000000,0.000000,0,nan,0.00,0.977273,1.0000,0.0000,0.516000,1.9000,1.38,5.58,8.33,5.27,-5.037288,-18.2180,-2.8297,0.008000,0.037267,0.2323,-0.096935,-0.251696,-0.268310,-380.9090762923615,2113.2808245968295,4389.293524777586,595.5397797983296,0.348425,0.022656,6391.7,6228.9,0.101865,0.052451,0.000000,4.1354,1.0000,,,,,
11.5680,1778909418.747122,809,36.315641,-4.473750,0.073306,4.2172,0.3680,0.226208,36.256673,-4.507488,0.069291,4.1336,36.348561,-4.464400,0.075664,4.1557,0.4228,0.330857,0.558488,0.5079,36.348561,-4.464400,0.164502,6.9174,1.000000,0.981369,969.9807,0,1,dirt,0.9673,0.686912,0,0,0.000000,0.000000,0.000000,0,nan,0.00,1.000000,1.0000,0.0000,0.528000,1.9000,1.25,5.54,8.03,5.32,-5.025088,-18.0595,-2.7838,0.008000,0.060814,-0.5170,-0.080594,-0.238361,-0.298550,69.4311177737506,527.7756778107611,4164.35621343042,463.5197029595464,0.338107,0.019071,6392.9,6227.7,0.101007,0.026061,-1.000000,4.1512,1.0000,,,,,
11.5800,1778909418.759298,810,36.319088,-4.401467,0.078547,4.1543,0.3357,0.218363,36.305565,-4.495437,0.071933,4.1346,36.350960,-4.392303,0.080798,4.1560,0.4233,0.328826,0.539067,0.5358,36.350960,-4.392303,0.168306,6.9166,0.000000,1.066772,960.5635,0,1,dirt,0.9673,0.686912,0,0,0.000000,0.000000,0.000000,0,nan,0.00,1.000000,1.0000,0.0000,0.528000,1.9000,1.14,5.54,7.82,5.54,-5.013037,-17.9081,-2.7821,0.008000,0.078354,0.0222,-0.075237,-0.247751,-0.298225,432.2178277215533,1299.0659951420193,4275.249449171668,392.81825318715926,0.352969,0.017125,6397.4,6223.2,0.097722,0.041020,1.000000,4.1518,1.0000,,,,,
11.5920,1778909418.811493,811,36.351164,-4.485934,0.073757,4.1988,0.3781,0.206399,36.354483,-4.483461,0.074454,4.1428,36.382352,-4.477204,0.075892,4.1653,0.4263,0.320250,0.576997,0.5280,36.382352,-4.477204,0.164969,6.9068,0.000000,0.923829,966.5237,0,1,dirt,0.9673,0.686912,0,0,0.000000,0.000000,0.000000,0,nan,0.00,1.000000,1.0000,0.0000,0.528000,1.9000,1.04,5.58,7.67,5.85,-5.001061,-17.7636,-2.7640,0.008000,0.060689,-0.7126,-0.055029,-0.237848,-0.307198,1344.4238381238508,4025.6449082812837,4480.617726048794,239.13192694639847,0.354577,0.012601,6387.9,6232.7,0.104613,0.020930,0.000000,4.1609,1.0000,,,,,
11.6280,1778909418.818381,812,36.523197,-4.429405,0.085407,4.1415,0.3766,0.156954,36.501365,-4.448950,0.080870,4.1464,36.553647,-4.420792,0.087271,4.1569,0.4348,0.291897,0.552100,0.5280,36.553647,-4.420792,0.176434,6.8521,0.000000,1.136702,942.2144,0,1,dirt,0.9673,0.686912,0,0,0.000000,0.000000,0.000000,0,nan,0.00,1.000000,1.0000,0.0000,0.528000,1.9000,0.95,5.64,7.53,5.93,-5.066950,-17.0859,-2.7057,0.008000,0.108944,-0.4310,-0.045039,-0.284120,-0.361437,1041.5655765892188,2305.87686510615,4661.322253808676,-267.2595457207341,0.364259,-0.003587,6393.9,6226.7,0.100260,0.045484,0.000000,4.1528,1.0000,,,,,
11.6400,1778909418.825176,813,36.553174,-4.469166,0.087525,4.1147,0.3468,0.175512,36.550331,-4.437342,0.082876,4.1424,36.588330,-4.459075,0.089698,4.1499,0.4428,0.299937,0.528656,0.5280,36.588330,-4.459075,0.179825,6.8412,0.000000,0.996898,990.3947,0,1,dirt,0.9673,0.686912,0,0,0.000000,0.000000,0.000000,0,nan,0.00,1.000000,1.0000,0.0000,0.528000,1.9000,1.51,5.58,8.60,5.27,-5.055342,-16.9709,-2.6988,nan,nan,nan,nan,nan,nan,3851.6333102695517,1771.7933032044834,4667.530562409804,-320.7930130143203,0.366689,-0.005086,6400.6,6220.0,0.095409,0.041106,0.000000,4.1454,1.0000,,,,,
11.6520,1778909418.831362,814,36.640538,-4.334460,0.090007,4.0642,0.3478,0.190263,36.599078,-4.425076,0.085127,4.1300,36.674424,-4.324687,0.092086,4.1338,0.4382,0.295687,0.499367,0.5280,36.674424,-4.324687,0.180764,6.8142,0.000000,1.030182,921.6990,0,1,dirt,0.9673,0.686912,0,0,0.000000,0.000000,0.000000,0,nan,0.00,1.000000,1.0000,0.0000,0.528000,1.9000,1.40,5.56,8.36,5.43,-5.043076,-16.8420,-2.6842,0.008000,0.081437,-0.6171,-0.074986,-0.290251,-0.369436,3414.1934607323533,369.5763206020549,4640.662621666237,-328.4766224220234,0.367167,-0.005177,6407.6,6212.9,0.090296,0.048341,0.000000,4.1297,1.0000,,,,,
11.6640,1778909418.843151,815,36.680276,-4.477683,0.091512,4.1220,0.4269,0.199315,36.647683,-4.412250,0.087543,4.1261,36.712998,-4.468111,0.093514,4.1321,0.4477,0.293250,0.492423,0.5280,36.712998,-4.468111,0.184886,6.8021,0.000000,1.008730,1011.0544,0,1,dirt,0.9673,0.686912,0,0,0.000000,0.000000,0.000000,0,nan,0.00,1.000000,1.0000,0.0000,0.528000,1.9000,1.27,5.55,8.10,5.52,-5.128950,-16.3501,-2.6760,0.008000,0.139202,-0.8610,-0.068053,-0.276188,-0.349369,4624.839606803879,1955.3675355304936,4559.914907603863,-417.99694666800383,0.363713,-0.008220,6409.4,6211.2,0.089021,0.038207,0.000000,4.1282,1.0000,,,,,
11.6760,1778909418.855091,816,36.797203,-4.502811,0.089119,4.0042,0.4411,0.210548,36.696172,-4.398894,0.090101,4.1213,36.828788,-4.493512,0.091068,4.1080,0.4575,0.292613,0.487289,0.5280,36.828788,-4.493512,0.184198,6.7656,0.000000,1.210156,972.7621,0,1,dirt,0.9673,0.686912,0,0,0.000000,0.000000,0.000000,0,nan,0.00,1.000000,1.0000,0.0000,0.528000,1.9000,1.16,5.52,7.83,5.35,-5.115594,-16.2036,-2.6443,0.008000,0.169338,-1.1248,-0.107334,-0.245800,-0.336788,4206.2892047868445,1202.64006261725,4465.317615242433,-480.82621573959943,0.358546,-0.010500,6410.6,6210.0,0.088153,0.068240,0.000000,4.1042,1.0000,,,,,
11.6880,1778909418.910423,817,36.744299,-4.355179,0.095167,3.9895,0.3922,0.236174,36.744529,-4.384949,0.092852,4.1167,36.774658,-4.345946,0.097091,4.0856,0.4564,0.295397,0.472395,0.5280,36.774658,-4.345946,0.187678,6.7827,0.000000,1.103243,978.2960,0,1,dirt,0.8927,0.657095,1,0,0.000000,0.000000,0.000000,0,nan,0.00,1.000000,1.0000,0.0000,0.528000,1.9000,1.05,5.61,7.70,6.09,-5.101649,-16.0459,-2.6660,0.008000,0.092097,-1.0608,-0.127912,-0.260781,-0.348698,4695.010323124632,656.209744427562,4376.424990518759,-407.7213820146262,0.354592,-0.007974,6414.7,6205.9,0.085178,0.070474,0.000000,4.0820,1.0000,,,,,
11.7240,1778909418.917718,818,36.913194,-4.378335,0.101563,4.2052,0.4566,0.275049,36.888708,-4.339707,0.102210,4.1006,36.943492,-4.368455,0.103660,4.1369,0.4821,0.318302,0.446596,0.5280,36.943492,-4.368455,0.194453,6.7291,0.000000,1.258659,936.7107,0,1,dirt,0.8927,0.657095,0,0,0.000000,0.000000,0.000000,0,nan,0.00,1.000000,1.0000,0.0000,0.528000,1.9000,0.96,5.72,7.65,6.36,-5.153207,-15.0917,-2.6285,0.032000,0.122916,-0.3641,-0.089403,-0.307951,-0.396063,4142.74601344445,-934.9322978733323,6340.261063439872,499.2650237046029,0.339096,-0.003217,6421.0,6199.6,0.080600,0.020212,0.000000,4.1336,1.0000,,,,,
11.7360,1778909418.925188,819,36.949276,-4.265699,0.103189,4.0748,0.4920,0.286418,36.936487,-4.323473,0.105710,4.0988,36.985088,-4.253508,0.105822,4.1263,0.5063,0.339579,0.462449,0.5280,36.985088,-4.253508,0.195093,6.7158,0.000000,1.060556,900.3892,0,1,dirt,0.8927,0.657095,0,0,0.000000,0.000000,0.000000,0,nan,0.00,1.000000,1.0000,0.0000,0.528000,1.9000,1.61,5.67,8.89,5.37,-5.136973,-14.8911,-2.6170,0.008000,0.031690,-0.7604,-0.089891,-0.256954,-0.283785,3813.8616966420113,-795.3164648369027,6253.301197098142,538.4183214647958,0.331440,-0.002721,6417.7,6202.9,0.082973,0.053069,0.000000,4.1222,1.0000,,,,,
11.7480,1778909418.931648,820,36.948684,-4.250488,0.119279,4.0450,0.5280,0.312778,36.984095,-4.306726,0.109391,4.0935,36.987822,-4.235935,0.122346,4.1117,0.5295,0.357891,0.454674,0.5280,36.987822,-4.235935,0.211223,6.7149,0.000000,1.175897,923.7778,0,1,dirt,0.8927,0.657095,0,0,0.000000,0.000000,0.000000,0,nan,0.00,1.000000,1.0000,0.0000,0.528000,1.9000,2.11,5.65,9.86,5.53,-5.120226,-14.6803,-2.6214,0.008000,0.092237,-0.0237,-0.095549,-0.206201,-0.311763,4442.168772088779,406.71817007829884,6112.828566191973,782.3123378659384,0.321456,-0.001892,6419.5,6201.1,0.081687,0.058034,0.000000,4.1073,1.0000,,,,,
11.7600,1778909418.939092,821,37.065821,-4.339629,0.112232,4.0862,0.5020,0.328353,37.031554,-4.289431,0.113255,4.0894,37.102988,-4.325881,0.115230,4.1074,0.5343,0.363777,0.450929,0.5280,37.102988,-4.325881,0.206626,6.6781,-1.000000,1.050973,942.3119,0,1,dirt,0.8927,0.657095,0,0,0.000000,0.000000,0.000000,0,nan,0.00,0.977273,1.0000,0.0000,0.516000,1.9000,1.86,5.57,9.30,5.16,-5.102931,-14.4589,-2.5887,0.008000,0.144240,-0.5399,-0.080592,-0.212156,-0.266522,3411.1095901613908,406.0018948605559,6132.151368203942,1101.604977726122,0.313839,0.001264,6420.6,6200.0,0.080898,0.047765,0.000000,4.1032,1.0000,,,,,
11.7720,1778909418.951071,822,37.075776,-4.210884,0.119045,4.0629,0.4668,0.338653,37.078863,-4.271649,0.117276,4.0854,37.110840,-4.197550,0.121948,4.0992,0.5274,0.364756,0.434140,0.5071,37.110840,-4.197550,0.211206,6.6756,-1.000000,1.234874,953.2197,0,1,dirt,0.8927,0.657095,0,0,0.000000,0.000000,0.000000,0,nan,0.00,0.954545,1.0000,0.0000,0.504000,1.9000,1.66,5.53,8.84,5.29,-5.085149,-14.2284,-2.5902,0.008000,0.134176,-0.2174,-0.085999,-0.203392,-0.277965,3843.5751534458514,578.1677767345304,5694.439931531608,1399.99930837479,0.296314,0.006314,6424.4,6196.2,0.078120,0.054095,-1.000000,4.0954,1.0000,,,,,
11.7840,1778909419.007529,823,37.065160,-4.257871,0.123089,4.1574,0.3982,0.347790,37.126016,-4.253374,0.121459,4.0812,37.098700,-4.245009,0.125925,4.1110,0.5109,0.368031,0.433006,0.4955,37.098700,-4.245009,0.215562,6.6795,-1.000000,1.040449,1009.4187,0,1,dirt,0.8927,0.657095,0,0,0.000000,0.000000,0.000000,0,nan,0.00,0.931818,1.0000,0.0000,0.492000,1.9000,1.48,5.60,8.56,5.98,-5.161374,-13.5017,-2.5983,0.008000,0.197550,0.1581,-0.049328,-0.233591,-0.251442,3674.770444773956,757.3954522582479,5775.338884020713,1950.0648473069882,0.283242,0.014322,6425.0,6195.6,0.077702,0.030831,-1.000000,4.1074,1.0000,,,,,
11.8200,1778909419.014566,824,37.303166,-4.245878,0.138012,4.0756,0.5139,0.370566,37.266481,-4.195856,0.134686,4.0680,37.335262,-4.232452,0.140960,4.0973,0.5298,0.387170,0.396111,0.4838,37.335262,-4.232452,0.231696,6.6034,-1.000000,1.004667,1002.0303,0,1,dirt,0.8927,0.657095,0,0,0.000000,0.000000,0.000000,0,nan,0.00,0.863636,1.0000,0.0000,0.456000,1.9000,1.31,5.69,8.31,6.22,-5.103856,-12.7438,-2.5354,0.032000,0.133149,0.6521,-0.038713,-0.199073,-0.235575,3113.0220840040993,1523.0234805355362,5853.452626372011,2386.929420254913,0.252867,0.020561,6433.8,6186.8,0.071272,0.053435,-0.333333,4.0941,1.0000,,,,,
11.8320,1778909419.021771,825,37.297106,-4.186883,0.135023,4.0953,0.5763,0.372605,37.312982,-4.176011,0.139162,4.0636,37.333897,-4.171349,0.138460,4.0979,0.5439,0.390715,0.388925,0.4466,37.333897,-4.171349,0.228209,6.6038,-1.000000,0.993641,936.3996,0,1,dirt,0.8927,0.657095,0,0,0.000000,0.000000,0.000000,0,nan,0.00,0.840909,1.0000,0.0000,0.444000,1.9000,1.86,5.66,9.39,5.51,-5.084011,-12.4874,-2.5403,0.008000,0.063398,-0.0268,-0.087242,-0.268075,-0.213880,3737.2264834588905,2113.629395959922,5252.341215559402,2371.0801723151594,0.209233,0.019441,6435.9,6184.7,0.069783,0.046892,-3.000000,4.0943,1.0000,,,,,
11.8440,1778909419.028099,826,37.406765,-4.223382,0.145310,4.0742,0.5540,0.382183,37.359317,-4.155792,0.143718,4.0589,37.447418,-4.205428,0.149221,4.0943,0.5546,0.398453,0.376579,0.4335,37.447418,-4.205428,0.239990,6.5671,-1.000000,1.314570,949.9383,0,1,dirt,0.8927,0.657095,0,0,0.000000,0.000000,0.000000,0,nan,0.00,0.818182,1.0000,0.0000,0.432000,1.9000,2.40,5.62,10.43,5.39,-5.063792,-12.2264,-2.5082,0.008000,0.119510,0.3169,-0.082094,-0.260013,-0.214712,3440.489424360459,802.2068378760614,5172.955005977325,2482.7511443359062,0.191167,0.020382,6439.2,6181.3,0.067339,0.056092,-1.000000,4.0904,1.0000,,,,,
11.8560,1778909419.035059,827,37.460602,-4.157898,0.145892,4.0567,0.5457,0.386390,37.405508,-4.135208,0.148354,4.0578,37.498731,-4.140922,0.149602,4.0876,0.5550,0.398012,0.383730,0.4222,37.498731,-4.140922,0.239711,6.5505,-1.000000,1.106516,966.1090,0,1,dirt,0.8303,0.632113,1,0,0.000000,0.000000,0.000000,0,nan,0.00,0.795455,1.0000,0.0000,0.420000,1.9000,2.11,5.54,9.76,5.10,-5.135208,-11.4387,-2.4927,0.008000,0.112049,-0.7015,-0.073257,-0.249585,-0.184845,3521.911422735415,1476.0574194421724,5021.412059580096,2575.0791056225657,0.174149,0.021896,6438.1,6182.5,0.068188,0.057279,-1.000000,4.0839,1.0000,,,,,
11.8680,1778909419.047096,828,37.449681,-4.028698,0.160443,4.0521,0.5199,0.397593,37.451550,-4.114226,0.153101,4.0561,37.485329,-4.012136,0.163981,4.0812,0.5504,0.398793,0.376283,0.4107,37.485329,-4.012136,0.251553,6.5548,0.666667,1.212618,942.3035,0,1,dirt,0.8303,0.632113,0,0,0.000000,0.000000,0.000000,0,nan,0.00,0.810606,1.0000,0.0000,0.428000,1.9000,1.87,5.51,9.25,5.33,-5.114226,-11.1668,-2.4987,0.008000,0.148107,0.5062,-0.074710,-0.254113,-0.192322,3342.7358628224074,529.388412316928,5564.07617715132,4000.2557477259516,0.158396,0.025257,6439.3,6181.3,0.067310,0.061678,-1.000000,4.0777,1.0000,,,,,
11.8800,1778909419.106182,829,37.576494,-4.064703,0.149841,4.0409,0.4593,0.408824,37.497450,-4.092884,0.157941,4.0535,37.610571,-4.049246,0.153294,4.0738,0.5432,0.408511,0.364985,0.4339,37.610571,-4.049246,0.242683,6.5142,0.000000,1.090338,920.6625,0,1,dirt,0.8303,0.632113,0,0,0.000000,0.000000,0.000000,0,nan,0.00,0.810606,1.0000,0.0000,0.428000,1.9000,1.67,5.56,8.90,5.86,-5.092884,-10.8894,-2.4608,0.008000,0.075540,-0.4917,-0.072009,-0.197328,-0.098382,3142.1425640954676,452.4715357262093,5669.969101068742,4215.07969918507,0.165125,0.031780,6442.2,6178.3,0.065148,0.066324,0.666667,4.0706,1.0000,,,,,
11.9160,1778909419.113143,830,37.688494,-4.038793,0.169818,4.1116,0.5408,0.425131,37.634146,-4.026560,0.173049,4.0504,37.721089,-4.022856,0.173309,4.0908,0.5543,0.424670,0.365782,0.4280,37.721089,-4.022856,0.261923,6.4781,0.000000,1.247465,911.5938,0,1,dirt,0.8303,0.632113,0,0,0.000000,0.000000,0.000000,0,nan,0.00,0.810606,1.0000,0.0000,0.428000,1.9000,1.48,5.63,8.58,6.00,-5.115860,-9.4491,-2.4276,0.032000,0.199643,0.4062,-0.066572,-0.170291,-0.107469,1644.787961749536,273.295094100588,6098.716683210318,4388.537106542628,0.154499,0.037408,6441.7,6178.9,0.065559,0.051135,0.000000,4.0878,1.0000,,,,,
11.9400,1778909419.120133,831,37.880305,-3.967858,0.186171,4.0631,0.5529,0.424094,37.724652,-3.981018,0.183217,4.0461,37.912697,-3.951112,0.189755,4.0826,0.5638,0.432468,0.339150,0.4280,37.912697,-3.951112,0.277877,6.4144,1.000000,1.091494,935.2268,0,1,dirt,0.8303,0.632113,0,0,0.000000,0.000000,0.000000,0,nan,0.00,0.856061,1.0000,0.0000,0.452000,1.9000,1.47,5.56,8.50,5.19,-5.070318,-8.8665,-2.3683,0.008000,0.157364,0.4950,-0.057070,-0.148506,-0.023028,2753.3657576607366,2763.1543499909726,5960.523127161566,4423.012655664309,0.147974,0.038978,6448.8,6171.8,0.060405,0.057642,0.000000,4.0798,1.0000,,,,,
11.9520,1778909419.131113,832,37.841914,-3.926360,0.181505,3.9882,0.4789,0.424782,37.769664,-3.957867,0.188316,4.0419,37.872898,-3.910450,0.184995,4.0647,0.5601,0.441604,0.325524,0.4602,37.872898,-3.910450,0.272744,6.4276,1.000000,1.279408,960.7644,0,1,dirt,0.8303,0.632113,0,0,0.000000,0.000000,0.000000,0,nan,0.00,0.878788,1.0000,0.0000,0.464000,1.9000,1.32,5.54,8.19,5.43,-5.047167,-8.5744,-2.3857,0.008000,0.100766,-0.4332,-0.069930,-0.132383,-0.031031,2863.522579099321,2406.8156402177656,4631.474225650198,4549.001862335971,0.171595,0.043332,6451.8,6168.8,0.058215,0.077328,2.000000,4.0620,1.0000,,,,,
11.9640,1778909419.143079,833,37.779958,-3.867919,0.187054,4.0114,0.4799,0.424451,37.814537,-3.934479,0.193394,4.0425,37.809729,-3.852405,0.190455,4.0548,0.5544,0.445900,0.329672,0.4719,37.809729,-3.852405,0.276914,6.4486,1.000000,1.191839,921.2254,0,1,dirt,0.8303,0.632113,0,0,0.000000,0.000000,0.000000,0,nan,0.00,0.901515,1.0000,0.0000,0.476000,1.9000,1.19,5.50,7.89,5.27,-5.023779,-8.2834,-2.4061,0.008000,0.142104,-0.1346,-0.073741,-0.142403,-0.024165,2661.729990674067,2535.165026736645,5417.084124270765,4647.347516325053,0.183559,0.046741,6451.0,6169.5,0.058760,0.071385,1.000000,4.0522,1.0000,,,,,
11.9760,1778909419.155096,834,37.817360,-3.947943,0.187200,4.0265,0.5092,0.422368,37.859291,-3.910872,0.198455,4.0423,37.846110,-3.932905,0.190512,4.0497,0.5551,0.449470,0.328051,0.4837,37.846110,-3.932905,0.278632,6.4365,1.000000,1.305193,919.5390,0,1,dirt,0.8303,0.632113,0,0,0.000000,0.000000,0.000000,0,nan,0.00,0.924242,1.0000,0.0000,0.488000,1.9000,1.09,5.49,7.66,5.44,-5.000172,-7.9934,-2.3942,0.008000,0.130190,-0.9546,-0.071548,-0.206873,0.009899,2519.235740938774,2579.855642249867,5648.590095647793,4680.472112467355,0.194576,0.047901,6451.2,6169.4,0.058647,0.071961,1.000000,4.0473,1.0000,,,,,
11.9880,1778909419.207506,835,37.970270,-3.933371,0.205116,4.0670,0.4700,0.416620,37.903960,-3.887099,0.203459,4.0441,37.998024,-3.918263,0.208353,4.0535,0.5494,0.452013,0.331000,0.4955,37.998024,-3.918263,0.296385,6.3868,1.000000,1.067028,959.2251,0,1,dirt,0.8303,0.632113,0,0,0.000000,0.000000,0.000000,0,nan,0.00,0.946970,1.0000,0.0000,0.500000,1.9000,0.99,5.55,7.52,5.85,-5.062699,-7.0506,-2.3427,0.008000,0.069572,0.6286,-0.059199,-0.223242,-0.016264,2343.309470015875,1714.9021534930985,5965.224010168139,4749.226883233498,0.208434,0.050144,6450.6,6170.0,0.059078,0.062855,1.000000,4.0511,1.0000,,,,,
