sim_time,wall_time,seq,x_fa_meas,y_fa_meas,psi_meas,u_meas,v_meas,omega_meas,x_fa_true,y_fa_true,psi_true,u_true,x_fa_comp,y_fa_comp,psi_comp,u_comp,v_comp,omega_comp,ax_state,delta_prev_state,x_ref_0,y_ref_0,psi_ref_0,v_ref_0,delta_dot,Jx,mpc_cost,solver_status,solver_iters,terrain_class_est,terrain_confidence,n_terrain_est,terrain_update_applied,residual_enabled,residual_du_pred,residual_dv_pred,residual_domega_pred,residual_updates,residual_last_loss,residual_last_update_ms,steering,throttle,braking,steering_angle,acceleration,tau_one_way_ms,tau_solve_ms,tau_comp_ms,solve_time_ms,crosstrack_err,heading_err_deg,speed_err,pred1_age_s,pred1_pos_err_m,pred1_psi_err_deg,pred1_u_err_mps,pred1_v_err_mps,pred1_omega_err_radps,actual_Fy_front,actual_Fy_rear,pred_Fy_front,pred_Fy_rear,alpha_f,alpha_r,Fz_f_mean,Fz_r_mean,kappa_diag,kappa_meas_diag,sr_diag,u_safe_diag,speed_fade_diag,force_resid_dFy_f,force_resid_dFy_r,force_resid_updates,force_resid_bias_f,force_resid_bias_r
0.0000,1778655553.007723,0,1.626404,-0.048809,0.002258,-0.0488,0.0338,0.000868,1.648994,-0.000000,-0.000000,-0.0020,1.626291,-0.048523,0.002268,-0.0050,0.0001,0.000006,-0.112356,0.0000,1.626291,0.000000,0.000000,5.0000,0.000000,2.000000,1826.0315,4,1,sand,1.0000,1.100000,0,0,0.000000,0.000000,0.000000,0,nan,0.00,0.000000,0.0724,0.0000,0.000000,0.2000,17.40,8.87,43.67,2.46,-0.000000,-0.0000,-5.0020,nan,nan,nan,nan,nan,nan,0.0,0.0,-7251.566075192975,-6369.80695030588,-0.070288,-0.064583,6560.4,6060.1,-0.019838,0.000000,0.000000,0.5000,1.0000,,,,,
0.0120,1778655553.014128,1,1.593255,0.024118,-0.002282,-0.0580,-0.0084,-0.001970,1.648913,-0.000001,-0.000000,-0.0094,1.593201,0.024332,-0.002276,-0.0023,0.0002,0.000009,-0.022269,0.0000,1.593201,0.000000,0.000000,5.0000,0.000000,1.575655,877.4484,2,3,sand,1.0000,1.100000,0,0,0.000000,0.000000,0.000000,0,nan,0.00,0.000000,0.0785,0.0000,0.000000,0.2189,14.85,8.01,37.71,3.15,-0.000001,-0.0000,-5.0094,nan,nan,nan,nan,nan,nan,0.0,0.0,-5989.040224634614,-5375.722842919575,-0.052269,-0.050172,6557.1,6063.4,-0.017551,0.000000,0.000000,0.5000,1.0000,,,,,
0.0240,1778655553.026208,2,1.725431,0.018157,0.002563,0.0547,0.0787,-0.001407,1.648775,-0.000002,-0.000001,-0.0124,1.725747,0.018452,0.002569,0.0087,0.0006,0.000024,-0.030903,0.0000,1.725747,0.000000,-0.000000,5.0000,0.000000,1.383136,873.6947,2,3,sand,1.0000,1.100000,0,0,0.000000,0.000000,0.000000,0,nan,0.00,0.000000,0.0852,0.0000,0.000000,0.2355,12.69,7.12,32.50,2.09,-0.000002,-0.0001,-5.0124,nan,nan,nan,nan,nan,nan,0.0,0.0,-7338.785948307481,-6799.204935497315,-0.071655,-0.071757,6553.6,6066.9,-0.015103,0.000000,0.000000,0.5000,1.0000,,,,,
0.0360,1778655553.038201,3,1.631800,0.036562,0.002374,0.0588,0.0235,0.000513,1.648627,-0.000004,-0.000003,-0.0121,1.632350,0.036834,0.002380,0.0185,0.0009,0.000039,-0.028518,0.0000,1.632350,0.000000,0.000000,5.0000,0.000000,1.290599,872.8215,2,3,sand,1.0000,1.100000,0,0,0.000000,0.000000,0.000000,0,nan,0.00,0.000000,0.0924,0.0000,0.000000,0.2510,10.86,6.32,28.04,1.79,-0.000004,-0.0002,-5.0121,nan,nan,nan,nan,nan,nan,0.0,0.0,-7072.745284310181,-6523.132036269318,-0.067183,-0.066612,6549.3,6071.3,-0.012078,0.000000,0.000000,0.5000,1.0000,,,,,
0.0480,1778655553.050357,4,1.696910,-0.012332,-0.001537,0.0742,-0.0082,-0.000167,1.648492,-0.000007,-0.000005,-0.0105,1.697656,-0.012131,-0.001532,0.0296,0.0012,0.000047,-0.015597,0.0000,1.697656,0.000000,-0.000000,5.0000,0.000000,1.234504,871.4479,2,3,sand,1.0000,1.100000,0,0,0.000000,0.000000,0.000000,0,nan,0.00,0.000000,0.1000,0.0000,0.000000,0.2658,9.29,5.65,24.23,1.80,-0.000007,-0.0003,-5.0105,nan,nan,nan,nan,nan,nan,0.0,0.0,-5882.725576865567,-5443.012053315613,-0.050922,-0.050674,6544.1,6076.5,-0.008429,0.000000,0.000000,0.5000,1.0000,,,,,
0.0600,1778655553.062400,5,1.660499,-0.000284,-0.000555,-0.0262,-0.0148,-0.000234,1.648461,-0.000004,-0.000003,0.0005,1.661027,-0.000148,-0.000552,0.0245,0.0012,0.000047,0.010857,0.0000,1.661027,0.000000,-0.000000,5.0000,0.000000,1.183892,869.7257,2,3,sand,1.0000,1.100000,0,0,0.000000,0.000000,0.000000,0,nan,0.00,0.000000,0.1081,0.0000,0.000000,0.2800,7.97,5.06,21.00,1.77,-0.000004,-0.0002,-4.9995,nan,nan,nan,nan,nan,nan,0.0,0.0,-4382.663722782355,-4089.7085869099624,-0.035201,-0.035299,6536.0,6084.6,-0.002787,0.000000,0.000000,0.5000,1.0000,,,,,
0.0720,1778655553.074378,6,1.729133,0.002815,-0.000552,-0.0232,0.0055,-0.000784,1.648468,0.000002,-0.000000,0.0001,1.729504,0.002928,-0.000551,0.0199,0.0015,0.000055,0.016522,0.0000,1.729504,0.000000,-0.000000,5.0000,0.000000,1.154848,869.2887,2,3,sand,1.0000,1.100000,0,0,0.000000,0.000000,0.000000,0,nan,0.00,0.000000,0.1165,0.0000,0.000000,0.2939,6.84,4.56,18.24,1.73,0.000002,-0.0000,-4.9999,nan,nan,nan,nan,nan,nan,0.0,0.0,-3816.7723900931114,-3669.1078932517985,-0.030050,-0.031131,6533.4,6087.2,-0.001000,0.000000,0.000000,0.5000,1.0000,,,,,
0.0840,1778655553.086392,7,1.668840,-0.021635,-0.002913,-0.0017,0.0231,-0.000768,1.648453,0.000007,0.000003,-0.0008,1.669103,-0.021517,-0.002911,0.0162,0.0022,0.000071,0.024579,0.0000,1.669103,0.000000,-0.000000,5.0000,0.000000,1.133932,868.8861,2,3,sand,1.0000,1.100000,0,0,0.000000,0.000000,0.000000,0,nan,0.00,0.000000,0.1254,0.0000,0.000000,0.3075,5.88,4.23,15.99,2.35,0.000007,0.0001,-5.0008,nan,nan,nan,nan,nan,nan,0.0,0.0,-4111.552462233053,-4021.0873502168574,-0.032717,-0.034568,6530.5,6090.1,0.001011,0.000000,0.000000,0.5000,1.0000,,,,,
0.0960,1778655553.098342,8,1.586314,0.076569,-0.004897,-0.0617,0.0493,-0.000840,1.648434,0.000015,0.000008,-0.0008,1.586502,0.076725,-0.004896,0.0133,0.0039,0.000120,0.035539,0.0000,1.586502,0.000000,0.000000,5.0000,0.000000,1.116409,869.5115,2,3,sand,1.0000,1.100000,0,0,0.000000,0.000000,0.000000,0,nan,0.00,0.000000,0.1345,0.0000,0.000000,0.3209,5.07,4.23,14.37,4.22,0.000015,0.0004,-5.0008,nan,nan,nan,nan,nan,nan,0.0,0.0,-5343.962840278273,-5205.933020949694,-0.044942,-0.047505,6527.1,6093.5,0.003397,0.000000,0.000000,0.5000,1.0000,,,,,
0.1080,1778655553.110402,9,1.666429,0.042749,0.010777,0.0055,0.0314,-0.000045,1.648415,0.000022,0.000011,-0.0007,1.666579,0.042913,0.010779,0.0120,0.0049,0.000150,0.046514,0.0000,1.666579,0.000000,-0.000000,5.0000,0.000000,1.096627,868.0215,2,3,sand,1.0000,1.100000,0,0,0.000000,0.000000,0.000000,0,nan,0.00,0.000000,0.1440,0.0000,0.000000,0.3340,4.39,3.93,12.72,2.23,0.000022,0.0006,-5.0007,0.008000,0.091691,0.4821,-0.488558,0.024702,-0.001277,0.0,0.0,-5645.754117846308,-5447.031558956825,-0.048339,-0.050462,6523.9,6096.7,0.005647,0.000000,0.000000,0.5000,1.0000,,,,,
0.1200,1778655553.122412,10,1.596259,0.080493,0.004563,-0.0673,0.0128,0.000164,1.648397,0.000028,0.000014,-0.0006,1.596369,0.080633,0.004565,0.0098,0.0053,0.000137,0.057232,0.0000,1.596369,0.000000,0.000000,5.0000,0.000000,1.079377,868.4861,2,3,sand,1.0000,1.100000,0,0,0.000000,0.000000,0.000000,0,nan,0.00,0.000000,0.1539,0.0000,0.000000,0.3470,3.82,3.72,11.37,2.54,0.000028,0.0008,-5.0006,0.008000,0.073364,0.3919,-0.496424,0.022216,-0.000203,0.0,0.0,-5251.486865679091,-5042.775298810541,-0.044039,-0.045543,6520.7,6099.9,0.007864,0.000000,0.000000,0.5000,1.0000,,,,,
0.1320,1778655553.134413,11,1.654540,0.042611,-0.006093,-0.0550,-0.0483,0.000691,1.648380,0.000035,0.000018,-0.0005,1.654621,0.042662,-0.006093,0.0081,0.0024,0.000065,0.067498,0.0000,1.654621,0.000000,0.000000,5.0000,0.000000,1.059779,866.6807,2,3,sand,1.0000,1.100000,0,0,0.000000,0.000000,0.000000,0,nan,0.00,0.000000,0.1639,0.0000,0.000000,0.3597,3.33,3.41,10.06,1.63,0.000035,0.0011,-5.0005,0.008000,0.123628,-0.4964,-0.496384,0.008170,-0.000057,0.0,0.0,-2272.2307680291756,-2166.7663507142943,-0.017281,-0.017612,6517.7,6102.9,0.009941,0.000000,0.000000,0.5000,1.0000,,,,,
0.1440,1778655553.146393,12,1.639274,0.082324,-0.000236,-0.0553,0.0517,0.001959,1.648364,0.000043,0.000023,-0.0004,1.639332,0.082422,-0.000234,0.0067,0.0054,0.000190,0.077368,0.0000,1.639332,0.000000,0.000000,5.0000,0.000000,1.043554,867.3472,2,3,sand,1.0000,1.100000,0,0,0.000000,0.000000,0.000000,0,nan,0.00,0.000000,0.1743,0.0000,0.000000,0.3722,2.91,3.20,9.02,2.04,0.000043,0.0013,-5.0004,0.008000,0.062541,-0.1501,-0.497600,0.016142,0.000330,0.0,0.0,-4356.095841089799,-3858.043664131832,-0.035154,-0.032920,6514.8,6105.7,0.011934,0.000000,0.000000,0.5000,1.0000,,,,,
0.1560,1778655553.158217,13,1.653407,0.003566,-0.009859,-0.0243,0.0696,0.000134,1.648349,0.000051,0.000027,-0.0003,1.653452,0.003711,-0.009856,0.0055,0.0098,0.000301,0.087399,0.0000,1.653452,0.000000,0.000000,5.0000,0.000000,1.024088,865.1825,2,3,sand,1.0000,1.100000,0,0,0.000000,0.000000,0.000000,0,nan,0.00,0.000000,0.1849,0.0000,0.000000,0.3845,2.53,2.97,8.04,1.67,0.000051,0.0015,-5.0003,0.008000,0.095665,-0.4774,-0.499773,0.026063,0.000237,0.0,0.0,-6200.261157168563,-5670.312067164629,-0.055328,-0.053360,6512.0,6108.5,0.013907,0.000000,0.000000,0.5000,1.0000,,,,,
0.1680,1778655553.170246,14,1.655669,0.038664,-0.004064,0.0389,0.0231,0.000214,1.648334,0.000058,0.000031,-0.0002,1.655757,0.038795,-0.004061,0.0121,0.0107,0.000213,0.097130,0.0000,1.655757,0.000000,-0.000000,5.0000,0.000000,1.006735,864.9984,2,3,sand,1.0000,1.100000,0,0,0.000000,0.000000,0.000000,0,nan,0.00,0.000000,0.1958,0.0000,0.000000,0.3966,2.22,2.78,7.22,1.72,0.000058,0.0018,-5.0002,0.008000,0.067757,-0.2015,-0.495570,0.025249,0.000238,0.0,0.0,-6065.228204064389,-5552.808836451919,-0.053700,-0.051840,6509.3,6111.3,0.015809,0.000000,0.000000,0.5000,1.0000,,,,,
0.1800,1778655553.182161,15,1.623561,-0.024916,-0.003632,0.0602,0.0120,-0.000364,1.648320,0.000067,0.000035,-0.0002,1.623704,-0.024807,-0.003630,0.0216,0.0104,0.000214,0.106463,0.0000,1.623704,0.000000,0.000000,5.0000,0.000000,0.989407,864.2490,2,3,sand,1.0000,1.100000,0,0,0.000000,0.000000,0.000000,0,nan,0.00,0.000000,0.2068,0.0000,0.000000,0.4085,1.95,2.66,6.56,1.97,0.000067,0.0020,-5.0002,0.008000,0.158703,-0.1768,-0.486556,0.022193,0.000114,0.0,0.0,-5557.037413525885,-5135.081700063804,-0.047719,-0.046682,6506.7,6113.9,0.017610,0.000000,0.000000,0.5000,1.0000,,,,,
0.1920,1778655553.194218,16,1.674222,-0.080189,-0.001854,-0.0383,-0.0108,0.002017,1.648307,0.000075,0.000039,-0.0001,1.674327,-0.080113,-0.001852,0.0175,0.0080,0.000286,0.114792,0.0000,1.674327,0.000000,-0.000000,5.0000,0.000000,0.975344,865.1105,2,3,sand,1.0000,1.100000,0,0,0.000000,0.000000,0.000000,0,nan,0.00,0.000000,0.2181,0.0000,0.000000,0.4202,1.71,2.59,6.02,2.21,0.000075,0.0022,-5.0001,0.008000,0.074130,0.0600,-0.491297,0.014764,0.000381,0.0,0.0,-4378.559574605122,-3773.7106191914545,-0.035552,-0.032138,6504.4,6116.1,0.019204,0.000000,0.000000,0.5000,1.0000,,,,,
0.2040,1778655553.206266,17,1.708455,-0.076684,0.002063,-0.0134,0.0124,0.001125,1.648295,0.000085,0.000044,-0.0000,1.708533,-0.076614,0.002066,0.0143,0.0080,0.000329,0.123759,0.0000,1.708533,0.000000,-0.000000,5.0000,0.000000,0.960344,864.4818,2,3,sand,1.0000,1.100000,0,0,0.000000,0.000000,0.000000,0,nan,0.00,0.000000,0.2295,0.0000,0.000000,0.4317,1.52,2.49,5.53,1.93,0.000085,0.0025,-5.0000,0.008000,0.169414,0.3985,-0.495563,0.012596,0.000764,0.0,0.0,-4228.24051487401,-3548.4506870203513,-0.034178,-0.029989,6502.0,6118.6,0.020881,0.000000,0.000000,0.5000,1.0000,,,,,
0.2160,1778655553.218269,18,1.570966,0.037573,-0.007002,0.0514,0.0248,-0.000053,1.648284,0.000094,0.000048,0.0000,1.571077,0.037644,-0.007000,0.0216,0.0093,0.000322,0.131590,0.0000,1.571077,0.000000,0.000000,5.0000,0.000000,0.945127,863.1482,2,3,sand,1.0000,1.100000,0,0,0.000000,0.000000,0.000000,0,nan,0.00,0.000000,0.2411,0.0000,0.000000,0.4430,1.36,2.43,5.14,2.05,0.000094,0.0028,-5.0000,0.008000,0.146159,-1.0192,-0.489249,0.013310,0.000571,0.0,0.0,-4531.224018097736,-3940.8169665829764,-0.037127,-0.033817,6499.9,6120.7,0.022351,0.000000,0.000000,0.5000,1.0000,,,,,
0.2280,1778655553.230280,19,1.615400,0.054887,-0.001122,0.0655,0.0487,-0.000484,1.648273,0.000104,0.000053,0.0001,1.615546,0.054976,-0.001121,0.0302,0.0130,0.000332,0.139353,0.0000,1.615546,0.000000,0.000000,5.0000,0.000000,0.931559,863.1671,2,3,sand,1.0000,1.100000,0,0,0.000000,0.000000,0.000000,0,nan,0.00,0.000000,0.2528,0.0000,0.000000,0.4542,1.23,2.37,4.82,2.03,0.000104,0.0030,-4.9999,0.008000,0.041110,-0.3260,-0.481600,0.019042,0.000537,0.0,0.0,-5597.2716141031015,-5104.310680230555,-0.048474,-0.046424,6497.8,6122.7,0.023790,0.000000,0.000000,0.5000,1.0000,,,,,
0.2400,1778655553.242263,20,1.681726,-0.101993,0.011840,-0.0442,0.0200,-0.000137,1.648263,0.000114,0.000057,0.0001,1.681836,-0.101909,0.011841,0.0245,0.0130,0.000303,0.146762,0.0000,1.681836,0.000000,-0.000000,5.0000,0.000000,0.919692,864.1920,2,3,sand,1.0000,1.100000,0,0,0.000000,0.000000,0.000000,0,nan,0.00,0.000000,0.2647,0.0000,0.000000,0.4653,1.11,2.48,4.70,3.10,0.000114,0.0033,-4.9999,0.008000,0.146462,1.0274,-0.488242,0.020951,0.000352,0.0,0.0,-5440.269343846626,-5004.207998799664,-0.046755,-0.045277,6495.9,6124.7,0.025158,0.000000,0.000000,0.5000,1.0000,,,,,
0.2520,1778655553.254315,21,1.674294,-0.054341,-0.002136,-0.0084,-0.0285,0.000270,1.648253,0.000125,0.000062,0.0001,1.674382,-0.054294,-0.002135,0.0199,0.0075,0.000209,0.154119,0.0000,1.674382,0.000000,-0.000000,5.0000,0.000000,0.905575,862.3232,2,3,sand,1.0000,1.100000,0,0,0.000000,0.000000,0.000000,0,nan,0.00,0.000000,0.2768,0.0000,0.000000,0.4761,1.02,2.44,4.48,2.25,0.000125,0.0036,-4.9999,0.008000,0.138163,-0.1093,-0.493756,0.008374,0.000475,0.0,0.0,-3397.2955482292177,-3036.67434925606,-0.026844,-0.025306,6494.0,6126.6,0.026479,0.000000,0.000000,0.5000,1.0000,,,,,
0.2640,1778655553.266252,22,1.632270,0.039340,-0.004347,0.0532,0.0427,0.001592,1.648245,0.000136,0.000067,0.0002,1.632382,0.039405,-0.004345,0.0265,0.0110,0.000363,0.161345,0.0000,1.632382,0.000000,0.000000,5.0000,0.000000,0.892228,861.7000,2,3,sand,1.0000,1.100000,0,0,0.000000,0.000000,0.000000,0,nan,0.00,0.000000,0.2889,0.0000,0.000000,0.4868,0.93,2.49,4.35,2.78,0.000136,0.0038,-4.9998,0.008000,0.079930,0.3140,-0.488087,0.009764,0.000217,0.0,0.0,-4712.03461523467,-4134.97894307236,-0.039135,-0.035864,6492.1,6128.5,0.027799,0.000000,0.000000,0.5000,1.0000,,,,,
0.2760,1778655553.277947,23,1.629878,-0.020237,0.003270,0.0633,0.0270,-0.000569,1.648236,0.000148,0.000072,0.0002,1.630016,-0.020169,0.003272,0.0337,0.0122,0.000308,0.168547,0.0000,1.630016,0.000000,0.000000,5.0000,0.000000,0.878792,861.0376,2,3,sand,1.0000,1.100000,0,0,0.000000,0.000000,0.000000,0,nan,0.00,0.000000,0.3012,0.0000,0.000000,0.4974,0.82,2.45,4.09,2.18,0.000148,0.0041,-4.9998,0.008000,0.097178,0.4193,-0.481704,0.010767,0.000313,0.0,0.0,-4951.42220780709,-4501.91737915839,-0.041656,-0.039744,6490.2,6130.4,0.029108,0.000000,0.000000,0.5000,1.0000,,,,,
0.2880,1778655553.290249,24,1.597411,-0.018637,0.007974,-0.0142,0.0254,-0.000273,1.648229,0.000160,0.000077,0.0002,1.597518,-0.018568,0.007975,0.0273,0.0131,0.000278,0.174337,0.0000,1.597518,0.000000,0.000000,5.0000,0.000000,0.867176,860.7498,2,3,sand,1.0000,1.100000,0,0,0.000000,0.000000,0.000000,0,nan,0.00,0.000000,0.3136,0.0000,0.000000,0.5078,0.76,2.41,3.93,2.20,0.000160,0.0044,-4.9998,0.008000,0.077175,0.6633,-0.488946,0.011724,-0.000172,0.0,0.0,-5098.362120481482,-4711.879936123179,-0.043267,-0.042073,6488.7,6131.9,0.030166,0.000000,0.000000,0.5000,1.0000,,,,,
0.3000,1778655553.302268,25,1.704914,0.033874,-0.002531,0.0409,-0.0143,0.001427,1.648222,0.000173,0.000082,0.0002,1.705028,0.033920,-0.002530,0.0301,0.0090,0.000308,0.180829,0.0000,1.705028,0.000000,-0.000000,5.0000,0.000000,0.856183,860.6647,2,3,sand,1.0000,1.100000,0,0,0.000000,0.000000,0.000000,0,nan,0.00,0.000000,0.3260,0.0000,0.000000,0.5181,0.71,2.48,3.90,2.90,0.000173,0.0047,-4.9998,0.008000,0.114995,-0.0415,-0.486959,0.006691,-0.000391,0.0,0.0,-3765.8575352731305,-3265.0164819557235,-0.030258,-0.027471,6487.0,6133.6,0.031341,0.000000,0.000000,0.5000,1.0000,,,,,
0.3120,1778655553.314228,26,1.634747,-0.024994,-0.002452,0.0118,-0.0948,-0.001361,1.648215,0.000187,0.000087,0.0002,1.634847,-0.025014,-0.002452,0.0267,-0.0042,-0.000034,0.185996,0.0000,1.634847,0.000000,0.000000,5.0000,0.000000,0.846063,860.3006,2,3,sand,1.0000,1.100000,0,0,0.000000,0.000000,0.000000,0,nan,0.00,0.000000,0.3386,0.0000,0.000000,0.5282,0.66,2.39,3.71,1.87,0.000187,0.0050,-4.9998,0.008000,0.134465,-0.2617,-0.491192,-0.014419,-0.000748,0.0,0.0,1711.014934287404,1679.7890518198574,0.013125,0.013634,6485.7,6134.9,0.032264,0.000000,0.000000,0.5000,1.0000,,,,,
0.3240,1778655553.326043,27,1.689824,-0.007270,0.003515,-0.0425,-0.0424,-0.000634,1.648209,0.000201,0.000092,0.0002,1.689900,-0.007309,0.003515,0.0216,-0.0087,-0.000155,0.190869,0.0000,1.689900,0.000000,-0.000000,5.0000,0.000000,0.836676,859.9329,2,3,sand,1.0000,1.100000,0,0,0.000000,0.000000,0.000000,0,nan,0.00,0.000000,0.3512,0.0000,0.000000,0.5382,0.60,2.36,3.56,2.21,0.000201,0.0053,-4.9998,0.008000,0.081751,0.6012,-0.496929,-0.021770,-0.000092,0.0,0.0,3435.0740893482002,3207.4915615141967,0.027370,0.026971,6484.4,6136.2,0.033165,0.000000,0.000000,0.5000,1.0000,,,,,
0.3360,1778655553.338386,28,1.659408,0.129402,-0.003027,-0.0363,-0.0477,-0.000419,1.648203,0.000216,0.000097,0.0002,1.659468,0.129343,-0.003028,0.0176,-0.0130,-0.000247,0.196110,0.0000,1.659468,0.000000,-0.000000,5.0000,0.000000,0.831263,863.2524,2,3,sand,1.0000,1.100000,0,0,0.000000,0.000000,0.000000,0,nan,0.00,0.000000,0.3639,0.0000,0.000000,0.5482,0.58,2.49,3.65,3.18,0.000216,0.0056,-4.9998,0.008000,0.073541,-0.1103,-0.501693,-0.031499,-0.000033,0.0,0.0,4840.280780531605,4503.787208319928,0.040760,0.039904,6483.0,6137.5,0.034104,0.000000,0.000000,0.5000,1.0000,,,,,
0.3480,1778655553.350248,29,1.576906,0.018733,0.002438,-0.0176,-0.0283,-0.000707,1.648197,0.000231,0.000102,0.0002,1.576957,0.018669,0.002437,0.0143,-0.0139,-0.000309,0.201187,0.0000,1.576957,0.000000,0.000000,5.0000,0.000000,0.820281,859.5130,2,3,sand,1.0000,1.100000,0,0,0.000000,0.000000,0.000000,0,nan,0.00,0.000000,0.3767,0.0000,0.000000,0.5581,0.56,2.45,3.56,2.23,0.000231,0.0059,-4.9998,0.008000,0.195847,-0.5418,-0.505646,-0.034075,-0.001236,0.0,0.0,5161.633349798565,4749.003279756511,0.044236,0.042644,6481.8,6138.8,0.034993,0.000000,0.000000,0.5000,1.0000,,,,,
0.3600,1778655553.362299,30,1.742782,-0.003268,-0.002064,-0.0527,0.0375,0.000393,1.648192,0.000247,0.000108,0.0002,1.742822,-0.003299,-0.002065,0.0117,-0.0066,-0.000148,0.205764,0.0000,1.742822,0.000000,-0.000000,5.0000,0.000000,0.810914,859.2472,2,3,sand,1.0000,1.100000,0,0,0.000000,0.000000,0.000000,0,nan,0.00,0.000000,0.3896,0.0000,0.000000,0.5678,0.54,2.38,3.46,2.00,0.000247,0.0062,-4.9998,0.008000,0.053292,0.0020,-0.508949,-0.017338,-0.000775,0.0,0.0,2671.0372885892193,2440.970761214073,0.020929,0.020145,6480.6,6140.0,0.035818,0.000000,0.000000,0.5000,1.0000,,,,,
0.3720,1778655553.374215,31,1.655136,-0.000691,0.010831,0.0874,-0.0258,-0.000836,1.648187,0.000264,0.000113,0.0002,1.655226,-0.000728,0.010830,0.0265,-0.0087,-0.000237,0.210548,0.0000,1.655226,0.000000,-0.000000,5.0000,0.000000,0.802116,859.0596,2,3,sand,1.0000,1.100000,0,0,0.000000,0.000000,0.000000,0,nan,0.00,0.000000,0.4023,0.0000,0.000000,0.5774,0.52,2.31,3.36,1.93,0.000264,0.0065,-4.9998,0.008000,0.049736,0.8681,-0.494811,-0.022757,-0.000252,0.0,0.0,3420.4582858344997,3057.7559701996715,0.027361,0.025661,6479.3,6141.2,0.036684,0.000000,0.000000,0.5000,1.0000,,,,,
0.3840,1778655553.386225,32,1.702139,-0.046541,0.001443,0.0876,0.0566,0.001131,1.648182,0.000282,0.000118,0.0001,1.702266,-0.046540,0.001443,0.0385,0.0002,0.000007,0.215291,0.0000,1.702266,0.000000,-0.000000,5.0000,0.000000,0.794240,859.2948,2,3,sand,1.0000,1.100000,0,0,0.000000,0.000000,0.000000,0,nan,0.00,0.000000,0.4146,0.0000,0.000000,0.5870,0.50,2.27,3.28,2.03,0.000282,0.0068,-4.9999,0.008000,0.034900,-0.1067,-0.483496,-0.010642,-0.000374,0.0,0.0,-70.1972404801733,-57.41682071921867,-0.000535,-0.000462,6478.1,6142.4,0.037541,0.000000,0.000000,0.5000,1.0000,,,,,
0.3960,1778655553.398344,33,1.687188,-0.030067,0.000127,0.0419,0.0027,-0.000192,1.648178,0.000301,0.000124,0.0001,1.687315,-0.030066,0.000127,0.0393,0.0005,-0.000006,0.219175,0.0000,1.687315,0.000000,-0.000000,5.0000,0.000000,0.786640,858.8468,2,3,sand,1.0000,1.100000,0,0,0.000000,0.000000,0.000000,0,nan,0.00,0.000000,0.4266,0.0000,0.000000,0.5964,0.49,2.41,3.40,3.22,0.000301,0.0071,-4.9999,0.008000,0.040860,-0.4513,-0.483215,-0.010839,-0.000337,0.0,0.0,-180.20962238911684,-193.9780078636491,-0.001376,-0.001562,6477.1,6143.5,0.038240,0.000000,0.000000,0.5000,1.0000,,,,,
0.4080,1778655553.410362,34,1.634118,-0.041557,-0.001489,-0.0434,0.0359,0.000823,1.648173,0.000320,0.000129,0.0001,1.634225,-0.041536,-0.001489,0.0318,0.0050,0.000131,0.223444,0.0000,1.634225,0.000000,0.000000,5.0000,0.000000,0.779333,858.8375,2,3,sand,1.0000,1.100000,0,0,0.000000,0.000000,0.000000,0,nan,0.00,0.000000,0.4382,0.0000,0.000000,0.6057,0.48,2.37,3.33,2.09,0.000320,0.0074,-4.9999,0.008000,0.143823,0.0585,-0.491271,-0.000055,0.000196,0.0,0.0,-1997.5221791672193,-1788.273824983983,-0.015510,-0.014608,6476.1,6144.5,0.038982,0.000000,0.000000,0.5000,1.0000,,,,,
0.4200,1778655553.422503,35,1.668499,0.040312,-0.009109,0.0139,-0.0598,0.000492,1.648169,0.000341,0.000135,0.0000,1.668592,0.040297,-0.009109,0.0285,-0.0036,0.000041,0.227396,0.0000,1.668592,0.000000,-0.000000,5.0000,0.000000,0.772253,858.6263,2,3,sand,1.0000,1.100000,0,0,0.000000,0.000000,0.000000,0,nan,0.00,0.000000,0.4495,0.0000,0.000000,0.6150,0.48,2.28,3.23,1.82,0.000341,0.0077,-5.0000,0.008000,0.068097,-0.3818,-0.495060,-0.002128,-0.000047,0.0,0.0,1343.7988558866084,1439.5955680187392,0.010351,0.011707,6475.0,6145.5,0.039693,0.000000,0.000000,0.5000,1.0000,,,,,
0.4320,1778655553.434380,36,1.677030,-0.086446,0.001042,0.0316,0.0032,-0.000958,1.648179,0.000327,0.000146,0.0032,1.677123,-0.086456,0.001042,0.0292,-0.0026,-0.000044,0.230077,0.0000,1.677123,0.000000,-0.000000,5.0000,0.000000,0.768150,859.8546,2,3,sand,1.0000,1.100000,0,0,0.000000,0.000000,0.000000,0,nan,0.00,0.000000,0.4605,0.0000,0.000000,0.6242,0.46,2.43,3.35,3.25,0.000327,0.0084,-4.9968,0.008000,0.101234,-0.1410,-0.494761,0.003720,0.000049,-39.59683645238772,-109.06280416516796,1000.0372333212742,933.2350200870188,0.007683,0.007552,6474.3,6146.2,0.040185,0.000000,0.000000,0.5000,1.0000,,,,,
0.4440,1778655553.446357,37,1.610780,0.008285,0.002070,0.0335,0.0404,0.002501,1.648290,0.000292,0.000165,0.0100,1.610880,0.008300,0.002071,0.0303,0.0031,0.000253,0.245039,0.0000,1.610880,0.000000,0.000000,5.0000,0.000000,0.750574,857.5941,2,3,sand,1.0000,1.100000,0,0,0.000000,0.000000,0.000000,0,nan,0.00,0.000000,0.4712,0.0000,0.000000,0.6332,0.45,2.37,3.27,2.06,0.000292,0.0094,-4.9900,0.008000,0.155701,0.2959,-0.494286,0.017264,0.001966,-375.43869392576926,-419.5216812966737,-1419.4600574849483,-973.4663911937864,-0.010989,-0.007898,6470.6,6150.0,0.042814,0.000000,0.000000,0.5000,1.0000,,,,,
0.4560,1778655553.458415,38,1.605387,0.006111,0.008652,-0.0243,0.0140,0.001369,1.648547,0.000254,0.000188,0.0232,1.605466,0.006131,0.008653,0.0247,0.0044,0.000352,0.274824,0.0000,1.605466,0.000000,0.000000,5.0000,0.000000,0.715146,856.4719,2,3,sand,1.0000,1.100000,0,0,0.000000,0.000000,0.000000,0,nan,0.00,0.000000,0.4816,0.0000,0.000000,0.6418,0.44,2.28,3.16,1.77,0.000254,0.0108,-4.9768,0.008000,0.025367,0.3581,-0.500445,0.018780,0.001076,-298.92826715952833,-280.0430768768765,-1923.6016592999122,-1327.8313843749177,-0.015111,-0.010868,6463.0,6157.6,0.048092,0.000000,0.000000,0.5000,1.0000,,,,,
0.4680,1778655553.470456,39,1.650039,0.010945,-0.007855,-0.0021,0.0661,0.001899,1.648966,0.000240,0.000217,0.0397,1.650101,0.010995,-0.007852,0.0201,0.0122,0.000576,0.305568,0.0000,1.650101,0.000000,0.000000,5.0000,0.000000,0.670480,855.3611,2,3,sand,1.0000,1.100000,0,0,0.000000,0.000000,0.000000,0,nan,0.00,0.000000,0.4917,0.0000,0.000000,0.6499,0.44,2.27,3.14,2.20,0.000240,0.0124,-4.9603,0.008000,0.144725,-0.3311,-0.505457,0.023721,0.000935,-115.26714049915608,-326.3010208170217,-4539.034743073876,-3777.2766348406753,-0.038934,-0.033092,6455.2,6165.4,0.053552,0.000000,0.000000,0.5000,1.0000,,,,,
0.4800,1778655553.482365,40,1.651455,0.051041,0.000635,0.0176,-0.0246,0.004083,1.649509,0.000245,0.000259,0.0519,1.651516,0.051072,0.000638,0.0199,0.0067,0.000793,0.320804,0.0000,1.651516,0.000000,0.000000,5.0000,0.000000,0.636146,855.3435,2,3,sand,1.0000,1.100000,0,0,0.000000,0.000000,0.000000,0,nan,0.00,0.000000,0.5015,0.0000,0.000000,0.6575,0.43,2.27,3.12,2.25,0.000245,0.0148,-4.9481,0.008000,0.075721,-0.5827,-0.506202,0.017357,0.001772,270.6669854786851,-394.4592667546949,-2995.691793890317,-1742.681878031322,-0.024420,-0.014489,6451.3,6169.3,0.056271,0.000000,0.000000,0.5000,1.0000,,,,,
0.4920,1778655553.494430,41,1.656090,-0.026238,-0.003189,0.0588,0.0027,0.004994,1.650157,0.000254,0.000321,0.0658,1.656175,-0.026208,-0.003184,0.0276,0.0057,0.001097,0.338055,0.0000,1.656175,0.000000,-0.000000,5.0000,0.000000,0.603660,854.2963,2,3,sand,1.0000,1.100000,0,0,0.000000,0.000000,0.000000,0,nan,0.00,0.000000,0.5110,0.0000,0.000000,0.6647,0.43,2.18,3.04,1.72,0.000254,0.0184,-4.9342,0.008000,0.099451,-0.2665,-0.498906,0.007814,0.001657,290.76859144395894,-432.0271548991095,-2909.100916550574,-1136.2134612555694,-0.023800,-0.009409,6446.9,6173.7,0.059336,0.000000,0.000000,0.5000,1.0000,,,,,
0.5040,1778655553.506443,42,1.625074,0.012418,-0.004084,0.1539,0.0124,0.004689,1.650937,0.000211,0.000376,0.0810,1.625231,0.012450,-0.004078,0.0523,0.0063,0.001356,0.358162,0.0000,1.625231,0.000000,0.000000,5.0000,0.000000,0.569965,853.5379,2,3,sand,1.0000,1.100000,0,0,0.000000,0.000000,0.000000,0,nan,0.00,0.000000,0.5203,0.0000,0.000000,0.6716,0.43,2.21,3.07,2.39,0.000211,0.0215,-4.9190,0.008000,0.121131,-0.2419,-0.474621,0.008456,0.002321,-949.6792712273782,-416.9032134200206,-3230.616058722925,-1114.7142621618254,-0.026874,-0.009278,6441.7,6178.8,0.062913,0.000000,0.000000,0.5000,1.0000,,,,,
0.5160,1778655553.518507,43,1.635352,0.135946,0.003734,0.0475,0.0163,0.004866,1.651846,0.000176,0.000437,0.0949,1.635509,0.135985,0.003741,0.0516,0.0072,0.001559,0.361116,0.0000,1.635509,0.000000,0.000000,5.0000,0.000000,0.555675,857.5364,2,3,sand,1.0000,1.100000,0,0,0.000000,0.000000,0.000000,0,nan,0.00,0.000000,0.5292,0.0000,0.000000,0.6782,0.43,2.27,3.13,2.55,0.000176,0.0251,-4.9051,0.008000,0.183984,0.2976,-0.475731,0.005877,0.002493,2001.8170747340828,361.433283203648,-3663.98548479547,-1264.8725293141106,-0.030960,-0.010554,6441.0,6179.6,0.063449,0.000000,0.000000,0.5000,1.0000,,,,,
0.5280,1778655553.530418,44,1.737097,-0.036047,-0.004877,0.0206,0.0458,0.007490,1.652808,0.000273,0.000520,0.0945,1.737239,-0.035988,-0.004868,0.0458,0.0119,0.002008,0.360222,0.0000,1.737239,0.000000,-0.000000,5.0000,0.000000,0.545594,853.6469,2,3,sand,1.0000,1.100000,0,0,0.000000,0.000000,0.000000,0,nan,0.00,0.000000,0.5379,0.0000,0.000000,0.6848,0.42,2.27,3.12,2.32,0.000273,0.0298,-4.9055,0.008000,0.077448,0.2430,-0.481874,0.020839,0.004298,-464.1493611271326,354.7076272682152,-5203.175455443978,-2495.300150138341,-0.047292,-0.021287,6441.2,6179.4,0.063295,0.000000,0.000000,0.5000,1.0000,,,,,
0.5400,1778655553.542385,45,1.775181,-0.033522,-0.000006,0.0874,0.0940,-0.003397,1.653764,0.000229,0.000519,0.0837,1.775347,-0.033429,0.000000,0.0540,0.0219,0.001480,0.335473,0.0000,1.775347,-0.000000,-0.000000,5.0000,0.000000,0.563270,854.3353,2,3,sand,1.0000,1.100000,0,0,0.000000,0.000000,0.000000,0,nan,0.00,0.000000,0.5464,0.0000,0.000000,0.6916,0.41,2.28,3.11,2.30,0.000229,0.0297,-4.9163,0.008000,0.070727,-0.0617,-0.473868,0.033481,0.001584,-359.90566217253945,-241.9967087048226,-6954.593985486791,-5658.322756868547,-0.072315,-0.055728,6447.4,6173.1,0.058932,0.000000,0.000000,0.5000,1.0000,,,,,
0.5520,1778655553.554462,46,1.629470,-0.127459,-0.000884,0.0666,0.0336,-0.006077,1.654660,0.000124,0.000476,0.0753,1.629645,-0.127371,-0.000881,0.0566,0.0221,0.000698,0.313025,0.0000,1.629645,0.000000,0.000000,5.0000,0.000000,0.595179,858.2719,2,3,sand,1.0000,1.100000,0,0,0.000000,0.000000,0.000000,0,nan,0.00,0.000000,0.5546,0.0000,0.000000,0.6987,0.42,2.42,3.26,3.23,0.000124,0.0273,-4.9247,0.008000,0.140073,-0.1703,-0.472638,0.029948,0.000807,393.5913162932329,114.02463319346691,-6736.0290980478385,-6101.214552977735,-0.067573,-0.061932,6453.1,6167.4,0.054958,0.000000,0.000000,0.5000,1.0000,,,,,
0.5640,1778655553.566480,47,1.674702,0.020308,-0.003719,0.0418,0.1405,0.002094,1.655615,0.000037,0.000440,0.0798,1.674877,0.020457,-0.003716,0.0539,0.0356,0.000994,0.303903,0.0000,1.674877,0.000000,-0.000000,5.0000,0.000000,0.615615,855.3994,2,3,sand,1.0000,1.100000,0,0,0.000000,0.000000,0.000000,0,nan,0.00,0.000000,0.5626,0.0000,0.000000,0.7061,0.42,2.36,3.21,2.03,0.000037,0.0252,-4.9202,0.008000,0.022172,-0.7103,-0.478109,0.049957,0.001043,875.299455121818,-7733.089470121364,-8419.477238274114,-7863.888513164246,-0.109829,-0.102666,6455.5,6165.1,0.053314,0.000000,0.000000,0.5000,1.0000,,,,,
0.5760,1778655553.578546,48,1.616406,-0.005773,0.001541,-0.0327,0.0145,0.001096,1.656170,-0.000109,0.000347,0.0164,1.616545,-0.005645,0.001544,0.0435,0.0307,0.000925,0.243147,0.0000,1.616545,0.000000,0.000000,5.0000,0.000000,0.680255,857.6216,2,3,sand,1.0000,1.100000,0,0,0.000000,0.000000,0.000000,0,nan,0.00,0.000000,0.5704,0.0000,0.000000,0.7142,0.43,2.29,3.16,1.86,-0.000109,0.0199,-4.9836,0.008000,0.087136,0.5353,-0.491208,0.035923,0.000752,6592.480360836697,135.74906896233188,-8127.042932809798,-7472.558726523794,-0.094948,-0.087765,6470.9,6149.7,0.042579,0.000000,0.000000,0.5000,1.0000,,,,,
0.5880,1778655553.590476,49,1.588471,0.017614,-0.006192,-0.0614,-0.0614,-0.007913,1.656230,-0.000334,0.000242,-0.0212,1.588582,0.017678,-0.006193,0.0350,0.0169,-0.000070,0.184701,0.0000,1.588582,0.000000,0.000000,5.0000,0.000000,0.764164,860.3132,2,3,sand,1.0000,1.100000,0,0,0.000000,0.000000,0.000000,0,nan,0.00,0.000000,0.5781,0.0000,0.000000,0.7234,0.44,2.24,3.13,1.97,-0.000334,0.0139,-5.0212,0.008000,0.119731,-0.3939,-0.500825,0.020404,-0.000443,-4534.555681939108,3093.830202739897,-5520.903674902274,-5558.448142929913,-0.048098,-0.052360,6485.7,6134.8,0.032229,0.000000,0.000000,0.5000,1.0000,,,,,
0.6000,1778655553.602413,50,1.612799,-0.045385,0.000880,0.0298,-0.0397,-0.005347,1.655829,-0.000459,0.000188,-0.0568,1.612904,-0.045357,0.000877,0.0339,0.0085,-0.000617,0.128656,0.0000,1.612904,0.000000,0.000000,5.0000,0.000000,0.855105,863.3957,2,3,sand,1.0000,1.100000,0,0,0.000000,0.000000,0.000000,0,nan,0.00,0.000000,0.5857,0.0000,0.000000,0.7337,0.43,2.32,3.19,2.76,-0.000459,0.0107,-5.0568,0.008000,0.097195,0.2264,-0.503275,0.007542,-0.002733,1288.6837717440367,1594.2748016645455,-2609.4017378407248,-3591.373531662619,-0.020139,-0.030413,6500.0,6120.6,0.022296,0.000000,0.000000,0.5000,1.0000,,,,,
0.6120,1778655553.614484,51,1.620511,-0.051967,-0.005188,-0.0583,0.0503,-0.003021,1.655158,-0.000544,0.000142,-0.0711,1.620598,-0.051922,-0.005192,0.0274,0.0133,-0.000666,0.102992,0.0000,1.620598,0.000000,0.000000,5.0000,0.000000,0.921524,864.8473,2,3,sand,1.0000,1.100000,0,0,0.000000,0.000000,0.000000,0,nan,0.00,0.000000,0.5932,0.0000,0.000000,0.7447,0.44,2.25,3.12,1.88,-0.000544,0.0082,-5.0711,0.008000,0.086172,-0.0701,-0.511611,0.014994,-0.002570,1504.799812511672,-1319.824070626014,-4200.52623497768,-5074.1803478298725,-0.033830,-0.045962,6506.6,6114.0,0.017703,0.000000,0.000000,0.5000,1.0000,,,,,
0.6240,1778655553.626390,52,1.768204,-0.025654,-0.009820,-0.1033,-0.0723,-0.007436,1.654389,-0.000684,0.000066,-0.0737,1.768272,-0.025660,-0.009827,0.0221,0.0013,-0.001353,0.098975,0.0000,1.768272,-0.000000,-0.000000,5.0000,0.000000,0.956166,864.6512,2,3,sand,1.0000,1.100000,0,0,0.000000,0.000000,0.000000,0,nan,0.00,0.000000,0.6007,0.0000,0.000000,0.7562,0.43,2.16,3.02,1.63,-0.000684,0.0038,-5.0737,0.008000,0.181537,-0.7812,-0.517071,-0.001975,-0.002113,2077.4441826203306,1507.248503370984,704.4761428217895,-1736.6012192596545,0.005283,-0.014021,6507.6,6112.9,0.016969,0.000000,0.000000,0.5000,1.0000,,,,,
0.6360,1778655553.638404,53,1.560862,0.026458,-0.000538,-0.1935,-0.0456,-0.004766,1.653567,-0.000802,-0.000016,-0.0740,1.560915,0.026428,-0.000545,0.0179,-0.0050,-0.001641,0.099342,0.0000,1.560915,0.000000,0.000000,5.0000,0.000000,0.972067,864.5731,2,3,sand,1.0000,1.100000,0,0,0.000000,0.000000,0.000000,0,nan,0.00,0.000000,0.6080,0.0000,0.000000,0.7679,0.43,2.10,2.95,1.77,-0.000802,-0.0009,-5.0740,0.008000,0.236351,0.2368,-0.521154,-0.017200,-0.005230,-1390.0888291473268,-1495.0459848025494,3188.727804408034,400.8276559693863,0.024852,0.003196,6507.5,6113.0,0.017032,0.000000,0.000000,0.5000,1.0000,,,,,
0.6480,1778655553.650401,54,1.570696,0.000910,-0.005835,-0.0360,0.0696,-0.005797,1.652741,-0.000914,-0.000090,-0.0699,1.570738,0.000916,-0.005843,0.0145,0.0053,-0.001773,0.113957,0.0000,1.570738,0.000000,0.000000,5.0000,0.000000,0.966135,863.7011,2,3,sand,1.0000,1.100000,0,0,0.000000,0.000000,0.000000,0,nan,0.00,0.000000,0.6153,0.0000,0.000000,0.7795,0.42,2.05,2.89,1.77,-0.000914,-0.0051,-5.0699,0.008000,0.258416,-0.3429,-0.522173,-0.010636,-0.005254,-621.796361957521,583.6576268559734,-444.8032619122472,-3360.297285842986,-0.003338,-0.028208,6503.8,6116.7,0.019616,0.000000,0.000000,0.5000,1.0000,,,,,
0.6600,1778655553.662465,55,1.608695,0.079608,0.005906,-0.0723,-0.0836,-0.006502,1.651937,-0.001016,-0.000166,-0.0651,1.608729,0.079569,0.005897,0.0118,-0.0070,-0.002207,0.129160,0.0000,1.608729,0.000000,0.000000,5.0000,0.000000,0.951187,864.3752,2,3,sand,1.0000,1.100000,0,0,0.000000,0.000000,0.000000,0,nan,0.00,0.000000,0.6226,0.0000,0.000000,0.7909,0.43,2.21,3.07,3.14,-0.001016,-0.0095,-5.0651,0.008000,0.217193,0.3818,-0.522835,-0.029855,-0.006565,-81.4110760656049,-74.70070547334092,4168.331020675271,662.8404993397659,0.033660,0.005299,6500.0,6120.6,0.022309,0.000000,0.000000,0.5000,1.0000,,,,,
0.6720,1778655553.674421,56,1.574600,0.036806,-0.004489,-0.0168,0.0523,-0.006789,1.651179,-0.001108,-0.000241,-0.0587,1.574629,0.036795,-0.004499,0.0097,0.0014,-0.002249,0.144013,0.0000,1.574629,0.000000,0.000000,5.0000,0.000000,0.929314,862.4853,2,3,sand,1.0000,1.100000,0,0,0.000000,0.000000,0.000000,0,nan,0.00,0.000000,0.6298,0.0000,0.000000,0.8020,0.42,2.29,3.14,2.70,-0.001108,-0.0138,-5.0587,0.008000,0.152468,-0.0495,-0.524240,-0.028117,-0.005504,43.95402922130407,270.95074356765554,1459.7286488484935,-2493.358303808156,0.011083,-0.020474,6496.2,6124.3,0.024912,0.000000,0.000000,0.5000,1.0000,,,,,
0.6840,1778655553.686381,57,1.584322,-0.047438,-0.007486,-0.0587,-0.0009,-0.007571,1.650520,-0.001210,-0.000325,-0.0460,1.584346,-0.047453,-0.007498,0.0080,0.0009,-0.002473,0.185233,0.0000,1.584346,0.000000,0.000000,5.0000,0.000000,0.881750,860.8786,2,3,sand,1.0000,1.100000,0,0,0.000000,0.000000,0.000000,0,nan,0.00,0.000000,0.6369,0.0000,0.000000,0.8126,0.42,2.25,3.09,2.01,-0.001210,-0.0186,-5.0460,0.008000,0.094873,-0.5225,-0.520273,-0.025184,-0.006113,0.0,531.9727668697528,1817.6416768007618,-2563.137749101045,0.013962,-0.021162,6485.8,6134.8,0.032192,0.000000,0.000000,0.5000,1.0000,,,,,
0.6960,1778655553.698411,58,1.634358,0.048796,-0.000500,0.0220,-0.0193,-0.007836,1.649969,-0.001323,-0.000426,-0.0394,1.634390,0.048769,-0.000513,0.0109,-0.0018,-0.002769,0.204282,0.0000,1.634390,0.000000,0.000000,5.0000,0.000000,0.841860,859.9101,2,3,sand,1.0000,1.100000,0,0,0.000000,0.000000,0.000000,0,nan,0.00,0.000000,0.6439,0.0000,0.000000,0.8227,0.42,2.24,3.07,2.21,-0.001323,-0.0244,-5.0394,0.008000,0.030295,0.3268,-0.512039,-0.017313,-0.005639,0.0,-179.84016433566745,2984.1733565951554,-1814.2124701550113,0.023551,-0.014789,6480.9,6139.6,0.035589,0.000000,0.000000,0.5000,1.0000,,,,,
0.7080,1778655553.710300,59,1.629508,-0.006642,0.000717,-0.0985,0.0338,-0.009769,1.649481,-0.001435,-0.000535,-0.0347,1.629534,-0.006653,0.000703,0.0089,0.0030,-0.003085,0.216077,0.0000,1.629534,0.000000,0.000000,5.0000,0.000000,0.811733,858.8503,2,3,sand,1.0000,1.100000,0,0,0.000000,0.000000,0.000000,0,nan,0.00,0.000000,0.6508,0.0000,0.000000,0.8325,0.41,2.24,3.06,2.26,-0.001435,-0.0306,-5.0347,0.008000,0.051046,-0.0065,-0.508874,-0.003516,-0.006396,0.0,541.8975473160925,1550.620979654133,-3669.6552960704003,0.011944,-0.031456,6477.9,6142.7,0.037696,0.000000,0.000000,0.5000,1.0000,,,,,
0.7200,1778655553.722344,60,1.612652,0.036748,-0.001210,-0.0028,-0.0385,-0.010444,1.649031,-0.001563,-0.000649,-0.0324,1.612673,0.036713,-0.001225,0.0073,-0.0027,-0.003517,0.221334,0.0000,1.612673,0.000000,0.000000,5.0000,0.000000,0.792987,858.8547,2,3,sand,1.0000,1.100000,0,0,0.000000,0.000000,0.000000,0,nan,0.00,0.000000,0.6576,0.0000,0.000000,0.8420,0.41,2.19,3.00,1.92,-0.001563,-0.0372,-5.0324,0.008000,0.105494,0.2312,-0.508240,-0.016421,-0.007093,0.40140998953136947,178.12843993454345,3813.812820269365,-2114.2144979575496,0.030979,-0.017367,6476.5,6144.0,0.038641,0.000000,0.000000,0.5000,1.0000,,,,,
0.7320,1778655553.734375,61,1.610306,0.116222,-0.003101,-0.0495,0.0714,-0.010269,1.648618,-0.001710,-0.000769,-0.0295,1.610323,0.116222,-0.003118,0.0061,0.0073,-0.003712,0.231503,0.0000,1.610323,0.000000,0.000000,5.0000,0.000000,0.778293,861.1494,2,3,sand,1.0000,1.100000,0,0,0.000000,0.000000,0.000000,0,nan,0.00,0.000000,0.6644,0.0000,0.000000,0.8513,0.40,2.34,3.14,3.19,-0.001710,-0.0441,-5.0295,0.008000,0.252606,0.3923,-0.509301,0.009248,-0.006972,41.15561729595931,44.782013317126115,481.25504259793627,-5216.29655066365,0.003687,-0.048399,6473.9,6146.6,0.040455,0.800000,0.000000,0.5000,1.0000,,,,,
0.7440,1778655553.746386,62,1.545770,-0.030454,-0.003844,-0.0550,-0.0331,-0.012052,1.648268,-0.001888,-0.000920,-0.0234,1.545785,-0.030479,-0.003863,0.0051,0.0014,-0.004032,0.246839,0.0000,1.545785,0.000000,0.000000,5.0000,0.000000,0.753978,857.7528,2,3,sand,1.0000,1.100000,0,0,0.000000,0.000000,0.000000,0,nan,0.00,0.000000,0.6710,0.0000,0.000000,0.8604,0.40,2.41,3.21,2.79,-0.001888,-0.0527,-5.0234,0.008000,0.086476,-0.1798,-0.510458,0.006896,-0.007153,0.0,-44.255778004785554,2916.9179549981623,-3929.8341731787236,0.023215,-0.034207,6470.1,6150.5,0.043150,0.800000,0.000000,0.5000,1.0000,,,,,
0.7560,1778655553.758402,63,1.558489,-0.041875,0.000364,0.0359,0.0295,-0.014979,1.648033,-0.002091,-0.001093,-0.0137,1.558524,-0.041891,0.000342,0.0113,0.0049,-0.004475,0.268118,0.0000,1.558524,0.000000,0.000000,5.0000,0.000000,0.723281,857.0706,2,3,sand,1.0000,1.100000,0,0,0.000000,0.000000,0.000000,0,nan,0.00,0.000000,0.6776,0.0000,0.000000,0.8690,0.40,2.38,3.18,2.18,-0.002091,-0.0626,-5.0137,0.008000,0.076115,0.3652,-0.505788,0.002607,-0.008468,40.382078265229936,-11.025260552757938,2105.414285818493,-5223.2241715059,0.016560,-0.048869,6464.7,6155.9,0.046911,0.800000,0.000000,0.5000,1.0000,,,,,
0.7680,1778655553.770376,64,1.620210,-0.019788,-0.003839,-0.0453,0.0152,-0.015431,1.647936,-0.002307,-0.001269,-0.0017,1.620239,-0.019803,-0.003863,0.0094,0.0059,-0.004992,0.297634,0.0000,1.620239,0.000000,0.000000,5.0000,0.000000,0.681567,855.6966,2,3,sand,1.0000,1.100000,0,0,0.000000,0.000000,0.000000,0,nan,0.00,0.000000,0.6840,0.0000,0.000000,0.8772,0.40,2.29,3.09,1.80,-0.002307,-0.0727,-5.0017,0.008000,0.106148,-0.5448,-0.509254,0.015801,-0.008531,84.42152938877464,-27.139072759547375,2142.2214693625506,-5688.515821391474,0.017002,-0.055461,6457.2,6163.4,0.052144,0.800000,0.000000,0.5000,1.0000,,,,,
0.7800,1778655553.782388,65,1.572568,-0.032978,-0.005479,0.0329,-0.0484,-0.015341,1.648030,-0.002573,-0.001468,0.0146,1.572610,-0.033024,-0.005504,0.0142,-0.0016,-0.005626,0.330550,0.0000,1.572610,0.000000,0.000000,5.0000,0.000000,0.632123,854.7504,2,3,sand,1.0000,1.100000,0,0,0.000000,0.000000,0.000000,0,nan,0.00,0.000000,0.6903,0.0000,0.000000,0.8848,0.39,2.25,3.03,2.06,-0.002573,-0.0841,-4.9854,0.008000,0.087218,-0.0436,-0.505890,-0.003174,-0.009750,101.27699462445874,-318.0562218447708,4779.526589196982,-4054.01733976611,0.041878,-0.036176,6448.8,6171.8,0.057993,0.800000,0.000000,0.5000,1.0000,,,,,
0.7920,1778655553.794352,66,1.620196,0.012199,0.000389,0.0390,0.0100,-0.017030,1.648337,-0.002871,-0.001665,0.0318,1.620253,0.012156,0.000362,0.0192,-0.0000,-0.006149,0.362619,0.0000,1.620253,0.000000,0.000000,5.0000,0.000000,0.579302,853.4534,2,3,sand,1.0000,1.100000,0,0,0.000000,0.000000,0.000000,0,nan,0.00,0.000000,0.6965,0.0000,0.000000,0.8918,0.38,2.17,2.94,1.72,-0.002871,-0.0954,-4.9682,0.008000,0.062153,0.4638,-0.504777,-0.001197,-0.011490,139.1329577433777,-282.92180611740383,4593.461222495167,-4742.561809729635,0.040407,-0.044288,6440.6,6179.9,0.063687,0.800000,0.000000,0.5000,1.0000,,,,,
0.8040,1778655553.806311,67,1.541006,-0.035664,0.007106,0.0998,0.0686,-0.017082,1.648899,-0.003166,-0.001861,0.0537,1.541106,-0.035675,0.007078,0.0351,0.0092,-0.006642,0.403688,0.0000,1.541106,0.000000,0.000000,5.0000,0.000000,0.517239,852.5085,2,3,sand,1.0000,1.100000,0,0,0.000000,0.000000,0.000000,0,nan,0.00,0.000000,0.7026,0.0000,0.000000,0.8980,0.36,2.14,2.86,1.98,-0.003166,-0.1066,-4.9463,0.008000,0.167073,0.4520,-0.490681,0.015374,-0.011058,256.6589295838835,-276.649489786598,2017.5341801253571,-6589.3045523866085,0.016590,-0.073454,6430.2,6190.4,0.070980,0.800000,0.000000,0.5000,1.0000,,,,,
0.8160,1778655553.818300,68,1.622104,0.042542,0.004313,0.1565,-0.0466,-0.017641,1.649740,-0.003432,-0.002050,0.0768,1.622269,0.042500,0.004283,0.0589,0.0011,-0.007208,0.444454,0.0000,1.622269,0.000000,0.000000,5.0000,0.000000,0.450873,851.5994,2,3,sand,1.0000,1.100000,0,0,0.000000,0.000000,0.000000,0,nan,0.00,0.000000,0.7085,0.0000,0.000000,0.9034,0.35,2.14,2.84,2.14,-0.003432,-0.1175,-4.9232,0.008000,0.076625,0.2228,-0.467986,-0.000924,-0.012217,998.9513768910421,-131.16022697534612,4608.497218648548,-5280.952865259252,0.042253,-0.052944,6419.8,6200.8,0.078213,0.800000,0.000000,0.5000,1.0000,,,,,
0.8280,1778655553.830436,69,1.657891,0.080638,-0.003222,0.0838,-0.0455,0.000319,1.650879,-0.003733,-0.002158,0.0975,1.658072,0.080581,-0.003246,0.0641,-0.0053,-0.005830,0.479376,0.0000,1.658072,0.000000,-0.000000,5.0000,0.000000,0.388621,851.6851,2,3,sand,1.0000,1.100000,0,0,0.000000,0.000000,0.000000,0,nan,0.00,0.000000,0.7142,0.0000,0.000000,0.9080,0.36,2.16,2.88,2.26,-0.003733,-0.1236,-4.9025,0.008000,0.045192,-0.0953,-0.463355,-0.004778,-0.008583,-382.0507862582417,-3862.0595414958357,5270.25490866554,-2773.6099203409244,0.051473,-0.024901,6410.9,6209.7,0.084411,0.800000,0.000000,0.5000,1.0000,,,,,
0.8400,1778655553.842447,70,1.642721,0.002733,-0.002479,0.1069,-0.0707,0.004006,1.652245,-0.004020,-0.002130,0.1179,1.642929,0.002656,-0.002497,0.0728,-0.0138,-0.004403,0.517092,0.0000,1.642929,0.000000,0.000000,5.0000,0.000000,0.323723,849.6748,2,3,sand,1.0000,1.100000,0,0,0.000000,0.000000,0.000000,0,nan,0.00,0.000000,0.7198,0.0000,0.000000,0.9119,0.37,2.24,2.97,2.66,-0.004020,-0.1220,-4.8821,0.008000,0.114940,0.0584,-0.455743,-0.024827,-0.004569,-1163.515581251079,-3334.42870512659,6120.261933749632,1127.4772462728927,0.066364,0.009950,6401.3,6219.3,0.091099,0.800000,0.000000,0.5000,1.0000,,,,,
0.8520,1778655553.854415,71,1.595589,0.018485,-0.006572,0.0059,-0.1121,0.015558,1.653959,-0.004214,-0.001984,0.1516,1.595766,0.018376,-0.006581,0.0603,-0.0260,-0.002222,0.552229,0.0000,1.595766,0.000000,0.000000,5.0000,0.000000,0.261133,849.1272,2,3,sand,1.0000,1.100000,0,0,0.000000,0.000000,0.000000,0,nan,0.00,0.000000,0.7251,0.0000,0.000000,0.9151,0.37,2.27,3.02,2.48,-0.004214,-0.1137,-4.8484,0.008000,0.049595,-0.1353,-0.469813,-0.039253,-0.001433,-951.3625282820065,-432.798021691847,6923.922317038983,5580.4731750978635,0.087174,0.061629,6392.4,6228.2,0.097331,0.800000,0.000000,0.5000,1.0000,,,,,
0.8640,1778655553.866412,72,1.649689,-0.046031,-0.000007,0.2255,0.0340,0.019428,1.656076,-0.004152,-0.001679,0.1871,1.649968,-0.046090,-0.000006,0.0927,-0.0162,0.000085,0.586730,0.0000,1.649968,0.000000,0.000000,5.0000,0.000000,0.200553,849.0971,2,3,sand,1.0000,1.100000,0,0,0.000000,0.000000,0.000000,0,nan,0.00,0.000000,0.7303,0.0000,0.000000,0.9175,0.38,2.25,3.02,2.11,-0.004152,-0.0962,-4.8129,0.008000,0.039908,0.0018,-0.439491,-0.028482,0.003208,-261.19298276064734,35.97928024564203,4502.249793140208,4698.060639920999,0.045313,0.049420,6383.6,6237.0,0.103453,0.800000,0.000000,0.5000,1.0000,,,,,
0.8760,1778655553.878392,73,1.595413,-0.072150,-0.003838,0.3004,-0.0217,0.039764,1.658821,-0.003623,-0.001146,0.2449,1.595813,-0.072183,-0.003821,0.1334,-0.0159,0.003727,0.619689,0.0000,1.595813,0.000000,0.000000,5.0000,0.000000,0.142448,849.4078,2,3,sand,1.0000,1.100000,0,0,0.000000,0.000000,0.000000,0,nan,0.00,0.000000,0.7353,0.0000,0.000000,0.9192,0.39,2.27,3.04,2.42,-0.003623,-0.0657,-4.7551,0.008000,0.092454,0.0262,-0.401684,-0.028687,0.011273,-18.617666732259636,3800.858048296302,2186.371522808283,5998.208718806156,0.020432,0.074443,6375.2,6245.4,0.109305,0.667156,0.000000,0.5000,1.0000,,,,,
0.8880,1778655553.890342,74,1.637410,-0.008375,0.000522,0.2641,-0.0498,0.031050,1.662126,-0.003239,-0.000720,0.2770,1.637891,-0.008404,0.000549,0.1590,-0.0193,0.005776,0.597502,0.0000,1.637891,0.000000,0.000000,5.0000,0.000000,0.134309,848.3788,2,3,sand,1.0000,1.100000,0,0,0.000000,0.000000,0.000000,0,nan,0.00,0.000000,0.7400,0.0000,0.000000,0.9208,0.38,2.32,3.08,2.56,-0.003239,-0.0412,-4.7230,0.008000,0.028931,0.3725,-0.379065,-0.027855,0.015772,1112.4605777906115,-1053.2589224220023,1821.5511754556437,6942.600950951029,0.016606,0.099631,6380.8,6239.8,0.105418,0.740577,0.000000,0.5000,1.0000,,,,,
0.9000,1778655553.902425,75,1.581798,-0.010350,-0.000054,0.3323,0.0312,0.019895,1.665874,-0.003199,-0.000486,0.3247,1.582394,-0.010346,-0.000024,0.1930,-0.0113,0.006438,0.629598,0.0000,1.582394,0.000000,0.000000,5.0000,0.000000,0.101246,848.1165,2,3,sand,1.0000,1.100000,0,0,0.000000,0.000000,0.000000,0,nan,0.00,0.000000,0.7446,0.0000,0.000000,0.9220,0.40,2.35,3.15,2.57,-0.003199,-0.0279,-4.6753,0.008000,0.092923,0.0072,-0.348114,-0.016921,0.018154,-4442.086823460689,4287.155976719619,-1186.037382147439,6242.971460260207,-0.010951,0.081519,6372.6,6247.9,0.111088,0.599993,0.000000,0.5000,1.0000,,,,,
0.9120,1778655553.914420,76,1.700787,-0.055867,-0.005697,0.4281,0.0036,0.003132,1.670040,-0.003579,-0.000453,0.3581,1.701535,-0.055864,-0.005671,0.2389,-0.0086,0.005435,0.638903,0.0000,1.701535,0.000000,-0.000000,5.0000,0.000000,0.077663,848.6855,2,3,sand,1.0000,1.100000,0,0,0.000000,0.000000,0.000000,0,nan,0.00,0.000000,0.7490,0.0000,0.000000,0.9229,0.39,2.37,3.16,2.48,-0.003579,-0.0260,-4.6419,0.008000,0.109523,-0.7001,-0.306022,-0.020990,0.015569,-3741.0214085621533,3773.170716636474,-1302.8293535394178,5550.496606204828,-0.012137,0.066486,6370.2,6250.3,0.112748,0.498755,0.000000,0.5000,1.0000,,,,,
0.9240,1778655553.926411,77,1.655720,0.026994,-0.002524,0.3966,-0.0430,-0.012589,1.674660,-0.004274,-0.000606,0.3942,1.656571,0.026967,-0.002508,0.2700,-0.0126,0.003155,0.669306,0.0000,1.656571,0.000000,-0.000000,5.0000,0.000000,0.038465,847.9794,2,3,sand,1.0000,1.100000,0,0,0.000000,0.000000,0.000000,0,nan,0.00,0.000000,0.7532,0.0000,0.000000,0.9234,0.40,2.33,3.13,2.11,-0.004274,-0.0347,-4.6058,0.008000,0.023950,-0.3531,-0.278863,-0.019033,0.012350,-2659.0224915847202,2885.7664962998356,1522.5354895174316,5194.710771201489,0.014599,0.061915,6362.5,6258.0,0.118129,0.523823,0.000000,0.5000,1.0000,,,,,
0.9360,1778655553.938417,78,1.610434,-0.013270,0.000750,0.3844,-0.0382,-0.027061,1.679648,-0.005210,-0.000923,0.4304,1.611346,-0.013327,0.000751,0.2926,-0.0152,0.000052,0.698481,0.0000,1.611346,0.000000,0.000000,5.0000,0.000000,-0.006682,847.8057,2,3,sand,1.0000,1.100000,0,0,0.000000,0.000000,0.000000,0,nan,0.00,0.000000,0.7571,0.0000,0.000000,0.9233,0.40,2.29,3.09,2.05,-0.005210,-0.0529,-4.5696,0.008000,0.136136,0.2603,-0.259479,-0.017214,0.005461,-796.7794461545247,-1611.7534088791485,3973.0976182614745,4170.100168106718,0.043213,0.046838,6355.1,6265.5,0.123302,0.535401,0.000000,0.5000,1.0000,,,,,
0.9480,1778655553.950467,79,1.785877,-0.097599,0.002988,0.4808,-0.0070,-0.020895,1.685083,-0.006122,-0.001238,0.4602,1.786891,-0.097658,0.002980,0.3295,-0.0133,-0.001877,0.726425,0.0000,1.786891,-0.000000,-0.000000,5.0000,0.000000,-0.051934,849.7177,2,3,sand,1.0000,1.100000,0,0,0.000000,0.000000,0.000000,0,nan,0.00,0.000000,0.7609,0.0000,0.000000,0.9227,0.40,2.30,3.09,2.35,-0.006122,-0.0709,-4.5398,0.008000,0.133463,0.3357,-0.226075,-0.009239,-0.000970,-1128.2376828239533,-846.0849828444937,4351.17745887155,2526.439419932296,0.050427,0.026684,6348.0,6272.6,0.128261,0.456798,0.000000,0.5000,1.0000,,,,,
0.9600,1778655553.962395,80,1.682113,-0.002207,-0.007087,0.4323,-0.0542,-0.012748,1.691003,-0.006792,-0.001451,0.5023,1.683190,-0.002301,-0.007099,0.3498,-0.0179,-0.002772,0.732411,0.0000,1.683190,0.000000,-0.000000,5.0000,0.000000,-0.080295,847.7146,2,3,sand,1.0000,1.100000,0,0,0.000000,0.000000,0.000000,0,nan,0.00,0.000000,0.7645,0.0000,0.000000,0.9217,0.40,2.31,3.10,2.35,-0.006792,-0.0831,-4.4977,0.008000,0.037863,-0.0173,-0.208947,-0.006395,-0.003679,-261.04686321920997,6047.957839197743,5339.849662652159,3120.644515985653,0.069443,0.034071,6346.4,6274.1,0.129343,0.488835,0.000000,0.5000,1.0000,,,,,
0.9720,1778655553.974419,81,1.678912,0.031164,-0.010834,0.5284,-0.0073,-0.011488,1.697359,-0.007232,-0.001599,0.5469,1.680101,0.031070,-0.010849,0.3849,-0.0154,-0.003290,0.758743,0.0000,1.680101,0.000000,-0.000000,5.0000,0.000000,-0.117463,847.9146,2,3,sand,1.0000,1.100000,0,0,0.000000,0.000000,0.000000,0,nan,0.00,0.000000,0.7678,0.0000,0.000000,0.9203,0.40,2.31,3.10,2.29,-0.007232,-0.0916,-4.4531,0.008000,0.082225,-0.6225,-0.177092,-0.011427,-0.007420,-1019.6911947091788,614.0388486042309,5032.577814651343,2107.6914014527724,0.065893,0.022696,6339.8,6280.8,0.134007,0.362969,0.000000,0.5000,1.0000,,,,,
0.9840,1778655553.986408,82,1.712494,-0.017227,-0.002084,0.6599,0.0450,-0.008976,1.704127,-0.007512,-0.001765,0.5750,1.713851,-0.017279,-0.002099,0.4385,-0.0065,-0.003389,0.710634,0.0000,1.713851,0.000000,-0.000000,5.0000,0.000000,-0.091350,847.7502,2,3,sand,1.0000,1.100000,0,0,0.000000,0.000000,0.000000,0,nan,0.00,0.000000,0.7710,0.0000,0.000000,0.9192,0.40,2.31,3.11,2.34,-0.007512,-0.1011,-4.4250,0.008000,0.084686,0.0785,-0.126417,0.000854,-0.010621,1995.1101895312602,2168.451304602673,3786.9009061849392,-507.73441351036246,0.041301,-0.005058,6351.9,6268.7,0.125534,0.326822,0.000000,0.5000,1.0000,,,,,
0.9960,1778655553.998389,83,1.749627,-0.067497,0.007586,0.6492,-0.0539,-0.013877,1.711357,-0.007591,-0.001865,0.6173,1.751120,-0.067562,0.007567,0.4798,-0.0124,-0.004079,0.737511,0.0000,1.751120,-0.000000,-0.000000,5.0000,0.000000,-0.102740,848.6179,2,3,sand,1.0000,1.100000,0,0,0.000000,0.000000,0.000000,0,nan,0.00,0.000000,0.7740,0.0000,0.000000,0.9180,0.40,2.34,3.14,2.48,-0.007591,-0.1069,-4.3827,0.008000,0.082653,0.3747,-0.082937,-0.003609,-0.011918,1356.929554588636,-1115.6705953634892,4991.044556626664,743.467641890625,0.062669,0.007607,6345.1,6275.4,0.130265,0.316823,0.000000,0.5000,1.0000,,,,,
1.0080,1778655554.010409,84,1.630405,-0.007819,-0.002398,0.5699,-0.0113,0.007107,1.719027,-0.007363,-0.001825,0.6621,1.631965,-0.007886,-0.002410,0.4978,-0.0114,-0.002650,0.763508,0.0000,1.631965,0.000000,0.000000,5.0000,0.000000,-0.132573,847.7773,2,3,sand,1.0000,1.100000,0,0,0.000000,0.000000,0.000000,0,nan,0.00,0.000000,0.7768,0.0000,0.000000,0.9164,0.40,2.35,3.15,2.39,-0.007363,-0.1046,-4.3379,0.008000,0.005807,-0.1671,-0.068088,-0.008492,-0.009105,1132.1889476052934,-337.7237889150795,4189.358768596637,1431.8212223686241,0.050558,0.015213,6338.5,6282.0,0.134862,0.392812,0.000000,0.5000,1.0000,,,,,
1.0200,1778655554.022455,85,1.726772,0.060749,0.003270,0.6682,0.0097,0.002626,1.727204,-0.007055,-0.001757,0.7021,1.728442,0.060710,0.003261,0.5313,-0.0081,-0.001953,0.788488,0.0000,1.728442,0.000000,-0.000000,5.0000,0.000000,-0.191402,847.0806,2,3,sand,1.0000,1.100000,0,0,0.000000,0.000000,0.000000,0,nan,0.00,0.000000,0.7794,0.0000,0.000000,0.9141,0.40,2.33,3.13,2.24,-0.007055,-0.1006,-4.2979,0.008000,0.120146,0.4837,-0.035459,-0.006564,-0.008094,513.9788572937297,2020.339034364916,2919.2742875473537,895.3222328137989,0.033487,0.009690,6332.2,6288.4,0.139289,0.302911,0.000000,0.5288,1.0000,,,,,
1.0320,1778655554.034383,86,1.687988,-0.037788,-0.005247,0.7653,0.0112,0.013270,1.735816,-0.006506,-0.001598,0.7369,1.689790,-0.037818,-0.005248,0.5771,-0.0052,-0.000323,0.812105,0.0000,1.689790,0.000000,-0.000000,5.0000,0.000000,-0.273904,845.0096,2,3,sand,1.0000,1.100000,0,0,0.000000,0.000000,0.000000,0,nan,0.00,0.000000,0.7818,0.0000,0.000000,0.9108,0.40,2.33,3.13,2.34,-0.006506,-0.0916,-4.2631,0.008000,0.067514,-0.1705,0.007465,0.002498,-0.001597,-31.4914628379249,-4650.560730078799,1252.2326542664696,991.1911146151065,0.013973,0.011062,6326.1,6294.4,0.143491,0.255727,0.000000,0.5746,1.0000,,,,,
1.0440,1778655554.046391,87,1.707010,0.045651,0.005151,0.7645,-0.0217,0.013845,1.744992,-0.005858,-0.001407,0.7767,1.708926,0.045642,0.005156,0.6140,-0.0073,0.001135,0.834121,0.0000,1.708926,0.000000,-0.000000,5.0000,0.000000,-0.359269,844.1550,2,3,sand,1.0000,1.100000,0,0,0.000000,0.000000,0.000000,0,nan,0.00,0.000000,0.7840,0.0000,0.000000,0.9065,0.40,2.32,3.12,2.28,-0.005858,-0.0806,-4.2233,0.008000,0.073566,0.2514,0.041539,0.000652,0.002025,-1738.2271802249102,2967.9658693155925,916.1058084302475,1928.9620382101923,0.010487,0.022751,6320.5,6300.1,0.147423,0.290261,0.000000,0.6114,1.0000,,,,,
1.0560,1778655554.058378,88,1.782868,-0.027844,0.001830,0.7427,0.0047,0.019584,1.754592,-0.005093,-0.001176,0.8143,1.784863,-0.027839,0.001844,0.6394,-0.0052,0.003033,0.854606,0.0000,1.784863,-0.000000,-0.000000,5.0000,0.000000,-0.436624,843.5150,2,3,sand,1.0000,1.100000,0,0,0.000000,0.000000,0.000000,0,nan,0.00,0.000000,0.7859,0.0000,0.000000,0.9013,0.40,2.32,3.12,2.29,-0.005093,-0.0674,-4.1857,0.008000,0.091413,-0.0604,0.064390,0.000531,0.004900,458.165926138286,5216.6997384719125,-236.73103105062106,2145.3538644687706,-0.002778,0.026370,6315.3,6305.3,0.151087,0.348639,0.000000,0.6368,1.0000,,,,,
1.0680,1778655554.070368,89,1.827294,-0.022306,-0.004878,0.8520,0.0131,0.016762,1.764580,-0.004327,-0.000972,0.8501,1.829410,-0.022296,-0.004860,0.6811,-0.0024,0.004421,0.873729,0.0000,1.829410,-0.000000,-0.000000,5.0000,0.000000,-0.520549,843.0189,2,3,sand,1.0000,1.100000,0,0,0.000000,0.000000,0.000000,0,nan,0.00,0.000000,0.7876,0.0000,0.000000,0.8950,0.40,2.31,3.11,2.27,-0.004327,-0.0557,-4.1499,0.008000,0.092176,0.1404,0.105582,0.009386,0.009218,1025.206472281218,1035.4843781388765,-1097.3796375487445,1937.3431923099222,-0.013454,0.024398,6310.3,6310.2,0.154505,0.306566,0.000000,0.6784,1.0000,,,,,
1.0800,1778655554.082359,90,1.762310,-0.038228,-0.001334,0.8313,0.0382,0.026030,1.774977,-0.003452,-0.000684,0.8833,1.764518,-0.038174,-0.001307,0.7107,0.0037,0.006655,0.867549,0.0000,1.764518,-0.000000,-0.000000,5.0000,0.000000,-0.575656,842.4017,2,3,sand,1.0000,1.100000,0,0,0.000000,0.000000,0.000000,0,nan,0.00,0.000000,0.7890,0.0000,0.000000,0.8881,0.40,2.30,3.10,2.25,-0.003452,-0.0392,-4.1167,0.008000,0.072654,0.5618,0.132720,0.016136,0.013597,704.1145288547604,-2034.612594739583,-2510.4489444583114,1668.0969801312526,-0.032159,0.020579,6311.8,6308.7,0.153460,0.366544,0.000000,0.7080,1.0000,,,,,
1.0920,1778655554.094338,91,1.737503,0.012761,0.005085,0.8862,-0.0034,0.019674,1.785773,-0.002666,-0.000424,0.9128,1.739812,0.012832,0.005116,0.7452,0.0026,0.007788,0.854455,0.0000,1.739812,0.000000,-0.000000,5.0000,0.000000,-0.614628,841.3384,2,3,sand,1.0000,1.100000,0,0,0.000000,0.000000,0.000000,0,nan,0.00,0.000000,0.7902,0.0000,0.000000,0.8807,0.40,2.29,3.10,2.25,-0.002666,-0.0243,-4.0872,0.008000,0.043159,0.4266,0.171889,0.007300,0.014262,-522.7358316917141,-474.5232567327989,-2554.38370592557,2076.3659126960997,-0.032017,0.025466,6315.1,6305.4,0.151178,0.383285,0.000000,0.7425,1.0000,,,,,
1.1040,1778655554.106340,92,1.823221,-0.106088,0.004835,1.0520,0.0351,0.014691,1.796919,-0.001922,-0.000212,0.9475,1.825714,-0.105997,0.004868,0.8051,0.0075,0.008346,0.871596,0.0000,1.825714,-0.000000,-0.000000,5.0000,0.000000,-0.690611,843.3402,2,3,sand,1.0000,1.100000,0,0,0.000000,0.000000,0.000000,0,nan,0.00,0.000000,0.7911,0.0000,0.000000,0.8724,0.40,2.37,3.18,2.81,-0.001922,-0.0121,-4.0525,0.008000,0.041678,-0.1396,0.229170,0.016942,0.014313,-1311.1296783140594,198.56203138471415,-2873.972872360324,1348.2387252198262,-0.038000,0.016590,6310.8,6309.8,0.154225,0.294108,0.000000,0.8024,1.0000,,,,,
1.1160,1778655554.118321,93,1.804809,0.063049,-0.003026,1.0373,-0.0089,0.017696,1.808501,-0.001193,-0.000017,0.9832,1.807508,0.063115,-0.002989,0.8507,0.0047,0.008983,0.887274,0.0000,1.807508,-0.000000,-0.000000,5.0000,0.000000,-0.774220,842.9947,2,3,sand,1.0000,1.100000,0,0,0.000000,0.000000,0.000000,0,nan,0.00,0.000000,0.7917,0.0000,0.000000,0.8632,0.40,2.44,3.25,2.82,-0.001193,-0.0010,-4.0168,0.008000,0.139347,-0.0232,0.272177,0.013636,0.015335,-333.7770479869879,-602.563961658831,-2503.6078945579566,1687.0355099114247,-0.033406,0.021596,6306.7,6313.9,0.157044,0.340866,0.000000,0.8479,1.0000,,,,,
1.1280,1778655554.130286,94,1.842353,-0.107184,-0.007499,1.0769,0.0344,0.011912,1.820509,-0.000460,0.000159,1.0167,1.845243,-0.107116,-0.007463,0.8951,0.0092,0.008881,0.899206,0.0000,1.845243,-0.000000,-0.000000,5.0000,0.000000,-0.855996,845.2150,2,3,sand,1.0000,1.100000,0,0,0.000000,0.000000,0.000000,0,nan,0.00,0.000000,0.7921,0.0000,0.000000,0.8529,0.40,2.53,3.32,3.02,-0.000460,0.0091,-3.9833,0.008000,0.176340,-0.6022,0.283007,0.018433,0.016796,-418.55149129618667,1612.0377198937863,-2679.806541632616,1050.4372836248415,-0.037181,0.013498,6303.6,6317.0,0.159205,0.340138,0.000000,0.8922,1.0000,,,,,
1.1400,1778655554.142365,95,1.863865,-0.035142,0.000490,1.0218,-0.0295,0.017186,1.832869,0.000375,0.000370,1.0478,1.866917,-0.035068,0.000528,0.9203,0.0029,0.009264,0.912232,0.0000,1.866917,-0.000000,-0.000000,5.0000,0.000000,-0.925224,844.5528,2,3,sand,1.0000,1.100000,0,0,0.000000,0.000000,0.000000,0,nan,0.00,0.000000,0.7921,0.0000,0.000000,0.8418,0.40,2.53,3.33,2.56,0.000375,0.0212,-3.9522,0.008000,0.112390,0.3226,0.260320,0.002848,0.012209,-211.9637585597011,-475.3389741972197,-2083.779618883679,1705.291691410227,-0.028726,0.023002,6300.2,6320.3,0.161565,0.406046,0.000000,0.9173,1.0000,,,,,
1.1520,1778655554.154408,96,1.861516,-0.069918,-0.000718,1.1087,0.0737,0.019306,1.845634,0.001267,0.000604,1.0806,1.864692,-0.069803,-0.000676,0.9574,0.0138,0.010136,0.924243,0.0000,1.864692,-0.000000,-0.000000,5.0000,0.000000,-0.995190,846.5389,2,3,sand,1.0000,1.100000,0,0,0.000000,0.000000,0.000000,0,nan,0.00,0.000000,0.7919,0.0000,0.000000,0.8298,0.40,2.52,3.31,2.44,0.001267,0.0346,-3.9194,0.008000,0.144247,-0.3283,0.258764,0.023394,0.018368,-211.4738483521211,2575.2008574736806,-2882.9294431671333,712.3843537254709,-0.043428,0.009579,6297.1,6323.4,0.163727,0.366888,0.000000,0.9543,1.0000,,,,,
1.1640,1778655554.166300,97,1.837571,-0.003056,-0.003538,1.1679,0.0357,0.016773,1.858806,0.002157,0.000831,1.1144,1.840867,-0.002938,-0.003495,0.9988,0.0169,0.010541,0.935162,0.0000,1.840867,-0.000000,-0.000000,5.0000,0.000000,-1.068272,847.6500,2,3,sand,1.0000,1.100000,0,0,0.000000,0.000000,0.000000,0,nan,0.00,0.000000,0.7913,0.0000,0.000000,0.8170,0.39,2.52,3.31,2.52,0.002157,0.0476,-3.8856,0.008000,0.028933,-0.3216,0.272953,0.019922,0.013579,-186.38322031835514,-1025.01242279896,-2923.5007629972847,440.0506520300737,-0.045686,0.006043,6294.3,6326.3,0.165693,0.363351,0.000000,0.9957,1.0000,,,,,
1.1760,1778655554.178361,98,1.818749,-0.012896,-0.000869,1.1279,-0.0161,0.017734,1.872365,0.002970,0.000995,1.1481,1.822135,-0.012788,-0.000825,1.0244,0.0112,0.010871,0.944934,0.0000,1.822135,-0.000000,-0.000000,5.0000,0.000000,-1.114066,838.2451,2,3,sand,1.0000,1.100000,0,0,0.000000,0.000000,0.000000,0,nan,0.00,0.000000,0.7904,0.0000,0.000000,0.8037,0.40,2.53,3.32,2.58,0.002970,0.0570,-3.8519,0.008000,0.083573,0.2121,0.255365,0.011505,0.013753,-552.1047235016016,-1099.505321041141,-2473.249188318774,953.373699059602,-0.038237,0.013538,6291.8,6328.8,0.167461,0.403607,0.000000,1.0213,1.0000,,,,,
1.1880,1778655554.190325,99,1.868044,0.011467,-0.002835,1.1694,-0.0054,0.010045,1.886307,0.003742,0.001122,1.1801,1.871537,0.011553,-0.002794,1.0531,0.0082,0.010162,0.954014,0.0000,1.871537,-0.000000,-0.000000,5.0000,0.000000,-1.145776,827.1103,2,3,sand,1.0000,1.100000,0,0,0.000000,0.000000,0.000000,0,nan,0.00,0.000000,0.7892,0.0000,0.000000,0.7899,0.40,2.56,3.36,2.74,0.003742,0.0643,-3.8199,0.008000,0.056176,-0.1126,0.255355,0.004784,0.011365,-479.40562396011205,453.8502492297082,-2071.53721527199,1014.492273047711,-0.031955,0.014777,6289.4,6331.1,0.169094,0.409253,0.000000,1.0499,1.0000,,,,,
1.2000,1778655554.202352,100,1.988726,0.009492,0.002460,1.2005,0.0952,0.012659,1.900649,0.004555,0.001249,1.2140,1.992349,0.009646,0.002500,1.0823,0.0219,0.010041,0.962531,0.0000,1.992349,-0.000000,0.000000,5.0000,0.000000,-1.170351,815.8480,2,3,sand,1.0000,1.100000,0,0,0.000000,0.000000,0.000000,0,nan,0.00,0.000000,0.7878,0.0000,0.000000,0.7759,0.40,2.58,3.37,2.68,0.004555,0.0716,-3.7860,0.008000,0.170277,-0.1601,0.251557,0.028109,0.015668,-312.93907037001736,1085.6598298773893,-2723.1327239750412,-108.98280348117775,-0.045745,-0.001601,6287.2,6333.3,0.170623,0.414717,0.000000,1.0791,1.0000,,,,,
1.2120,1778655554.214303,101,1.886399,-0.059960,0.007458,1.2756,-0.0279,0.011129,1.915386,0.005392,0.001375,1.2454,1.890165,-0.059821,0.007498,1.1204,0.0133,0.009644,0.970599,0.0000,1.890165,-0.000000,-0.000000,5.0000,0.000000,-1.191436,801.5449,2,3,sand,1.0000,1.100000,0,0,0.000000,0.000000,0.000000,0,nan,0.00,0.000000,0.7860,0.0000,0.000000,0.7616,0.39,2.60,3.39,2.75,0.005392,0.0788,-3.7546,0.008000,0.049183,0.0953,0.228292,0.000685,0.003804,-142.67294853897454,1091.0268311343025,-2079.593929175197,456.23092024930884,-0.033888,0.006878,6285.2,6335.4,0.172064,0.398926,0.000000,1.1171,1.0000,,,,,
1.2240,1778655554.226356,102,1.906734,0.023404,0.001716,1.3000,-0.0755,0.006978,1.930517,0.006267,0.001499,1.2783,1.910650,0.023462,0.001752,1.1558,-0.0014,0.008699,0.978226,0.0000,1.910650,-0.000000,0.000000,5.0000,0.000000,-1.210817,787.6191,2,3,sand,1.0000,1.100000,0,0,0.000000,0.000000,0.000000,0,nan,0.00,0.000000,0.7839,0.0000,0.000000,0.7470,0.39,2.64,3.43,2.83,0.006267,0.0859,-3.7217,0.008000,0.040061,0.2802,0.216970,0.006556,0.018404,-256.65619369990674,304.1979292162225,-995.3444244922805,1269.7119936712772,-0.015693,0.020050,6283.2,6337.4,0.173429,0.396626,0.000000,1.1525,1.0000,,,,,
1.2360,1778655554.238295,103,2.012103,0.032875,0.010280,1.3055,0.1206,0.011206,1.946040,0.007175,0.001627,1.3087,2.016151,0.033042,0.010316,1.1855,0.0184,0.008717,0.985446,0.0000,2.016151,0.000000,0.000000,5.0000,0.000000,-1.228454,776.5745,2,3,sand,1.0000,1.100000,0,0,0.000000,0.000000,0.000000,0,nan,0.00,0.000000,0.7816,0.0000,0.000000,0.7323,0.39,2.67,3.46,2.87,0.007175,0.0932,-3.6913,0.008000,0.155493,0.9520,0.201367,0.002536,-0.000279,-230.26739898951882,607.7259067514713,-2039.5157001886646,-53.63210518747931,-0.034993,-0.000844,6281.4,6339.2,0.174721,0.413683,0.000000,1.1821,1.0000,,,,,
1.2480,1778655554.250335,104,1.938982,-0.049163,0.002457,1.4485,0.0377,0.008128,1.961917,0.008079,0.001739,1.3398,1.943260,-0.049019,0.002491,1.2371,0.0210,0.008259,0.992276,0.0000,1.943260,-0.000000,0.000000,5.0000,0.000000,-1.246107,757.0326,2,3,sand,1.0000,1.100000,0,0,0.000000,0.000000,0.000000,0,nan,0.00,0.000000,0.7790,0.0000,0.000000,0.7173,0.40,2.69,3.48,2.80,0.008079,0.0996,-3.6602,0.008000,0.028871,0.0809,0.226758,0.018948,0.007412,-341.66088415669833,650.0754567766123,-1991.6255009727643,-272.1062920481006,-0.034982,-0.004386,6279.6,6341.0,0.175947,0.369182,0.000000,1.2337,1.0000,,,,,
1.2600,1778655554.262357,105,1.983639,-0.047151,-0.002528,1.3241,0.0807,0.006176,1.978195,0.008993,0.001833,1.3743,1.988018,-0.046997,-0.002497,1.2547,0.0301,0.007610,0.998747,0.0000,1.988018,-0.000000,0.000000,5.0000,0.000000,-1.261466,750.6914,2,3,sand,1.0000,1.100000,0,0,0.000000,0.000000,0.000000,0,nan,0.00,0.000000,0.7761,0.0000,0.000000,0.7022,0.40,2.72,3.52,2.87,0.008993,0.1050,-3.6257,0.008000,0.027376,-0.1553,0.206320,0.021986,0.002049,-373.38049350489433,554.9981320669137,-2255.49028354643,-858.3439403603942,-0.041806,-0.014334,6277.9,6342.6,0.177107,0.430689,0.000000,1.2512,1.0000,,,,,
1.2720,1778655554.274324,106,2.032919,0.026861,-0.000081,1.4296,0.0513,0.005539,1.994891,0.009900,0.001908,1.4083,2.037452,0.027032,-0.000052,1.2893,0.0327,0.006997,1.004898,0.0000,2.037452,0.000000,0.000000,5.0000,0.000000,-1.276606,737.7043,2,3,sand,1.0000,1.100000,0,0,0.000000,0.000000,0.000000,0,nan,0.00,0.000000,0.7730,0.0000,0.000000,0.6869,0.40,2.73,3.53,2.77,0.009900,0.1093,-3.5917,0.008000,0.092298,0.1773,0.198774,0.036006,0.008631,-328.70440054029325,925.8895305147983,-2205.590480085902,-1020.3691530244018,-0.041862,-0.017553,6276.4,6344.2,0.178209,0.403728,0.000000,1.2857,1.0000,,,,,
1.2840,1778655554.286332,107,1.929965,0.019337,-0.001506,1.3733,0.0645,0.004507,2.011983,0.010803,0.001961,1.4423,1.934571,0.019514,-0.001480,1.3063,0.0370,0.006356,1.010748,0.0000,1.934571,-0.000000,0.000000,5.0000,0.000000,-1.290152,731.5975,2,3,sand,1.0000,1.100000,0,0,0.000000,0.000000,0.000000,0,nan,0.00,0.000000,0.7697,0.0000,0.000000,0.6714,0.40,2.74,3.54,2.80,0.010803,0.1124,-3.5577,0.008000,0.030956,-0.0613,0.189341,0.040190,0.006711,-387.65387670128064,-70.03708073965515,-2239.736781980071,-1256.9522534868802,-0.043957,-0.022403,6274.9,6345.7,0.179253,0.437311,0.000000,1.3027,1.0000,,,,,
1.2960,1778655554.298296,108,2.074247,-0.039352,-0.004533,1.4774,0.1229,0.002069,2.029501,0.011705,0.002007,1.4780,2.078977,-0.039145,-0.004510,1.3401,0.0501,0.005581,1.016313,0.0000,2.078977,0.000000,0.000000,5.0000,0.000000,-1.303675,719.3722,2,3,sand,1.0000,1.100000,0,0,0.000000,0.000000,0.000000,0,nan,0.00,0.000000,0.7661,0.0000,0.000000,0.6558,0.40,2.74,3.54,2.76,0.011705,0.1150,-3.5220,0.008000,0.105953,-0.1087,0.193701,0.060135,0.008328,-432.644054529524,-223.9460487050427,-2510.8065445188645,-1830.3747492488353,-0.052801,-0.034885,6273.4,6347.1,0.180245,0.407448,0.000000,1.3365,1.0000,,,,,
1.3080,1778655554.310418,109,2.069297,-0.066817,0.017170,1.5873,0.0150,-0.000689,2.047386,0.012573,0.002034,1.5048,2.074205,-0.066538,0.017188,1.3887,0.0431,0.004457,1.021583,0.0000,2.074205,0.000000,0.000000,5.0000,0.000000,-1.317651,701.9175,2,3,sand,1.0000,1.100000,0,0,0.000000,0.000000,0.000000,0,nan,0.00,0.000000,0.7623,0.0000,0.000000,0.6399,0.40,2.74,3.54,2.76,0.012573,0.1165,-3.4952,0.008000,0.085639,0.8324,0.212328,0.050854,0.007223,-425.8407286307214,-306.491145948944,-2102.1293765416494,-1540.4340752798803,-0.043041,-0.029407,6272.1,6348.5,0.181185,0.385693,0.000000,1.3850,1.0000,,,,,
1.3200,1778655554.322332,110,2.020747,-0.057193,0.002067,1.5034,0.0970,0.007743,2.065627,0.013511,0.002110,1.5366,2.025735,-0.056957,0.002087,1.4116,0.0510,0.004810,1.026576,0.0000,2.025735,0.000000,0.000000,5.0000,0.000000,-1.330370,693.7023,2,3,sand,1.0000,1.100000,0,0,0.000000,0.000000,0.000000,0,nan,0.00,0.000000,0.7583,0.0000,0.000000,0.6240,0.40,2.77,3.56,2.90,0.013511,0.1209,-3.4634,0.008000,0.013932,-0.3552,0.196458,0.047411,-0.001214,-402.36105041111335,215.90648306402022,-2274.95026683175,-1746.6891612473105,-0.049163,-0.034844,6270.8,6349.8,0.182075,0.423631,0.000000,1.4079,1.0000,,,,,
1.3320,1778655554.334392,111,2.148204,0.020221,0.007293,1.5040,0.0496,0.009471,2.084259,0.014484,0.002202,1.5679,2.153296,0.020483,0.007315,1.4302,0.0494,0.005285,1.031265,0.0000,2.153296,0.000000,0.000000,5.0000,0.000000,-1.342077,686.9362,2,3,sand,1.0000,1.100000,0,0,0.000000,0.000000,0.000000,0,nan,0.00,0.000000,0.7540,0.0000,0.000000,0.6079,0.40,2.80,3.60,3.00,0.014484,0.1261,-3.4321,0.008000,0.117317,0.3211,0.178925,0.063273,0.010217,-345.06732471528505,651.4856482091756,-2180.240560122982,-1597.8093545538645,-0.047908,-0.032273,6269.6,6351.0,0.182917,0.435842,0.000000,1.4265,1.0000,,,,,
1.3440,1778655554.346384,112,2.123705,0.025346,0.006695,1.6365,0.0890,0.005597,2.103270,0.015460,0.002282,1.6005,2.129008,0.025629,0.006716,1.4709,0.0547,0.005168,1.035685,0.0000,2.129008,0.000000,0.000000,5.0000,0.000000,-1.354213,672.4953,2,3,sand,1.0000,1.100000,0,0,0.000000,0.000000,0.000000,0,nan,0.00,0.000000,0.7496,0.0000,0.000000,0.5916,0.40,2.82,3.63,2.95,0.015460,0.1308,-3.3995,0.008000,0.018003,-0.1944,0.189273,0.071339,0.012599,-505.9138946030854,671.0272722357687,-2214.4735511110603,-1706.9446565410844,-0.050465,-0.035775,6268.5,6352.1,0.183716,0.395557,0.000000,1.4672,1.0000,,,,,
1.3560,1778655554.358345,113,2.126624,-0.007911,0.003235,1.6740,-0.0649,0.007001,2.122658,0.016411,0.002344,1.6307,2.132099,-0.007729,0.003257,1.5110,0.0334,0.005135,1.039892,0.0000,2.132099,0.000000,0.000000,5.0000,0.000000,-1.366150,658.2808,2,3,sand,1.0000,1.100000,0,0,0.000000,0.000000,0.000000,0,nan,0.00,0.000000,0.7449,0.0000,0.000000,0.5752,0.40,2.84,3.65,2.94,0.016411,0.1343,-3.3693,0.008000,0.066810,0.0013,0.177078,0.026363,-0.000420,-597.0943172920444,220.59134983549495,-1525.264391376779,-901.4967129626167,-0.032736,-0.018223,6267.4,6353.2,0.184471,0.397384,0.000000,1.5072,1.0000,,,,,
1.3680,1778655554.370335,114,2.109841,-0.020281,-0.006199,1.6711,0.1203,0.002695,2.142402,0.017341,0.002392,1.6593,2.115466,-0.020100,-0.006180,1.5428,0.0471,0.004663,1.043853,0.0000,2.115466,0.000000,0.000000,5.0000,0.000000,-1.377387,647.3336,2,3,sand,1.0000,1.100000,0,0,0.000000,0.000000,0.000000,0,nan,0.00,0.000000,0.7401,0.0000,0.000000,0.5587,0.40,2.86,3.66,2.93,0.017341,0.1371,-3.3407,0.008000,0.025298,-0.2551,0.190678,0.040526,-0.001660,-564.6286114779249,-2062.4090043091155,-1820.1397156070775,-1355.7179911263452,-0.041511,-0.028937,6266.3,6354.2,0.185183,0.409113,0.000000,1.5389,1.0000,,,,,
1.3800,1778655554.382321,115,2.136406,0.038796,0.001085,1.7374,0.0695,0.011173,2.162535,0.018352,0.002493,1.6915,2.142190,0.039034,0.001107,1.5812,0.0498,0.005473,1.047602,0.0000,2.142190,0.000000,0.000000,5.0000,0.000000,-1.388509,634.2379,2,3,sand,1.0000,1.100000,0,0,0.000000,0.000000,0.000000,0,nan,0.00,0.000000,0.7351,0.0000,0.000000,0.5420,0.40,2.89,3.69,3.06,0.018352,0.1428,-3.3085,0.008000,0.036479,0.0716,0.193972,0.060854,0.011047,-405.0628586275699,282.45378613711176,-1842.8183061482637,-1326.604612286769,-0.043366,-0.028953,6265.4,6355.2,0.185855,0.389928,0.000000,1.5773,1.0000,,,,,
1.3920,1778655554.394317,116,2.201823,-0.029713,-0.002752,1.6475,0.0133,0.011321,2.183034,0.019430,0.002626,1.7224,2.207659,-0.029522,-0.002726,1.5948,0.0424,0.006089,1.051149,0.0000,2.207659,0.000000,-0.000000,5.0000,0.000000,-1.397819,629.6386,2,3,sand,1.0000,1.100000,0,0,0.000000,0.000000,0.000000,0,nan,0.00,0.000000,0.7299,0.0000,0.000000,0.5253,0.39,2.87,3.65,2.80,0.019430,0.1504,-3.2776,0.008000,0.141044,-0.0711,0.190050,0.049908,0.010631,-364.8824470065988,462.93930037128007,-1636.4523878059042,-1026.462488505831,-0.038494,-0.022422,6264.5,6356.1,0.186489,0.430738,0.000000,1.5909,1.0000,,,,,
1.4040,1778655554.406307,117,2.131631,-0.070828,-0.001122,1.8284,0.0709,0.009643,2.203879,0.020481,0.002743,1.7497,2.137614,-0.070612,-0.001095,1.6407,0.0463,0.006434,1.052088,0.0000,2.137614,0.000000,0.000000,5.0000,0.000000,-1.405834,614.2883,2,3,sand,1.0000,1.100000,0,0,0.000000,0.000000,0.000000,0,nan,0.00,0.000000,0.7245,0.0000,0.000000,0.5084,0.39,2.87,3.64,2.82,0.020481,0.1572,-3.2503,0.008000,0.093029,0.1560,0.201678,0.038145,0.001260,-402.90992784015674,504.0319200740058,-1691.283140175828,-1087.5095809152356,-0.040368,-0.024011,6264.2,6356.3,0.186657,0.384066,0.000000,1.6369,1.0000,,,,,
1.4160,1778655554.418416,118,2.207433,-0.006980,0.001311,1.7035,0.0618,0.007890,2.225096,0.021496,0.002838,1.7830,2.213483,-0.006742,0.001337,1.6537,0.0478,0.006415,1.055319,0.0000,2.213483,0.000000,-0.000000,5.0000,0.000000,-1.413531,609.5331,2,3,sand,1.0000,1.100000,0,0,0.000000,0.000000,0.000000,0,nan,0.00,0.000000,0.7189,0.0000,0.000000,0.4914,0.40,2.86,3.66,2.83,0.021496,0.1626,-3.2170,0.008000,0.054322,-0.9517,0.165541,0.038529,-0.000103,-647.2320301790693,-503.70240045899317,-1676.9007556268439,-1100.18858632164,-0.041021,-0.024881,6263.4,6357.2,0.187236,0.426277,0.000000,1.6498,1.0000,,,,,
1.4280,1778655554.430420,119,2.202449,0.040543,0.005721,1.8261,0.0804,0.011783,2.246705,0.022561,0.002967,1.8132,2.208666,0.040831,0.005750,1.6878,0.0522,0.007007,1.058367,0.0000,2.208666,0.000000,-0.000000,5.0000,0.000000,-1.422107,598.3903,2,3,sand,1.0000,1.100000,0,0,0.000000,0.000000,0.000000,0,nan,0.00,0.000000,0.7132,0.0000,0.000000,0.4744,0.41,2.85,3.68,2.80,0.022561,0.1700,-3.1868,0.008000,0.097770,0.1613,0.176310,0.041180,-0.000393,-413.1993422170897,-766.0139168321527,-1729.5411143866093,-1144.547935712445,-0.043801,-0.026584,6262.6,6358.0,0.187785,0.392857,0.000000,1.6839,1.0000,,,,,
1.4400,1778655554.442437,120,2.276153,-0.006668,-0.000695,1.8857,0.0499,0.014785,2.268682,0.023714,0.003146,1.8459,2.282529,-0.006420,-0.000662,1.7269,0.0507,0.007923,1.061262,0.0000,2.282529,-0.000000,-0.000000,5.0000,0.000000,-1.431235,585.2078,2,3,sand,1.0000,1.100000,0,0,0.000000,0.000000,0.000000,0,nan,0.00,0.000000,0.7073,0.0000,0.000000,0.4572,0.42,2.83,3.67,2.69,0.023714,0.1802,-3.1541,0.008000,0.038810,-0.4491,0.196325,0.060447,0.014744,-465.51168023209823,271.9247563119778,-1661.7348200057029,-1009.2483503511625,-0.042770,-0.023720,6261.9,6358.7,0.188304,0.381257,0.000000,1.7230,1.0000,,,,,
1.4520,1778655554.454338,121,2.317998,0.003267,-0.003228,1.9027,0.0435,0.014789,2.291035,0.024885,0.003332,1.8756,2.324463,0.003493,-0.003192,1.7617,0.0484,0.008683,1.064024,0.0000,2.324463,-0.000000,-0.000000,5.0000,0.000000,-1.440258,573.8499,2,3,sand,1.0000,1.100000,0,0,0.000000,0.000000,0.000000,0,nan,0.00,0.000000,0.7013,0.0000,0.000000,0.4399,0.42,2.82,3.67,2.81,0.024885,0.1909,-3.1244,0.008000,0.044546,-0.5574,0.190035,0.058201,0.016398,-393.8774785356983,343.96530776764325,-1579.1029433642454,-872.425198696568,-0.041187,-0.020755,6261.2,6359.4,0.188792,0.382643,0.000000,1.7578,1.0000,,,,,
1.4640,1778655554.466433,122,2.287273,0.056934,0.006953,1.9227,0.0517,0.012828,2.313786,0.026032,0.003505,1.9111,2.293865,0.057227,0.006990,1.7936,0.0479,0.009003,1.066572,0.0000,2.293865,-0.000000,-0.000000,5.0000,0.000000,-1.449028,563.9888,2,3,sand,1.0000,1.100000,0,0,0.000000,0.000000,0.000000,0,nan,0.00,0.000000,0.6951,0.0000,0.000000,0.4225,0.43,2.80,3.65,2.64,0.026032,0.2008,-3.0889,0.008000,0.062375,0.2006,0.181541,0.050390,0.010557,-578.9408642818971,-482.0495719638758,-1523.870095528307,-812.1872230028868,-0.040420,-0.019659,6260.5,6360.1,0.189250,0.377145,0.000000,1.7897,1.0000,,,,,
1.4760,1778655554.478463,123,2.315294,-0.040951,0.001265,1.9761,0.0641,0.014199,2.336920,0.027173,0.003678,1.9396,2.321995,-0.040687,0.001304,1.8297,0.0497,0.009503,1.068989,0.0000,2.321995,-0.000000,-0.000000,5.0000,0.000000,-1.457397,552.1275,2,3,sand,1.0000,1.100000,0,0,0.000000,0.000000,0.000000,0,nan,0.00,0.000000,0.6887,0.0000,0.000000,0.4050,0.44,2.73,3.60,2.38,0.027173,0.2107,-3.0604,0.008000,0.046654,0.3992,0.185512,0.045038,0.007238,-557.3097558321523,-1367.7635275524558,-1515.5316258195876,-800.5365161689388,-0.041145,-0.019768,6259.9,6360.7,0.189678,0.369419,0.000000,1.8258,1.0000,,,,,
1.4880,1778655554.490304,124,2.355207,0.029749,0.001156,2.0472,0.0712,0.018733,2.360427,0.028390,0.003910,1.9714,2.361918,0.030025,0.001199,1.8725,0.0525,0.010663,1.071346,0.0000,2.361918,-0.000000,-0.000000,5.0000,0.000000,-1.466318,538.5221,2,3,sand,1.0000,1.100000,0,0,0.000000,0.000000,0.000000,0,nan,0.00,0.000000,0.6823,0.0000,0.000000,0.3874,0.43,2.59,3.44,1.75,0.028390,0.2240,-3.0286,0.008000,0.050939,0.0241,0.189615,0.066164,0.020872,-473.8985471137187,73.06897213248669,-1561.8717169786767,-793.0961731736913,-0.042873,-0.019629,6259.3,6361.2,0.190080,0.352262,0.000000,1.8686,1.0000,,,,,
1.5000,1778655554.502393,125,2.384163,-0.051186,0.007137,2.0308,0.0673,0.018596,2.384331,0.029593,0.004134,2.0056,2.390678,-0.050872,0.007181,1.9037,0.0543,0.011649,1.073666,0.0000,2.390678,-0.000000,-0.000000,5.0000,0.000000,-1.474409,528.8915,2,3,sand,1.0000,1.100000,0,0,0.000000,0.000000,0.000000,0,nan,0.00,0.000000,0.6757,0.0000,0.000000,0.3697,0.42,2.44,3.28,1.59,0.029593,0.2369,-2.9944,0.008000,0.027323,0.5308,0.207109,0.048120,0.008405,-640.7355082696376,294.4758278310887,-1590.3653205148441,-776.1344033257568,-0.043870,-0.019187,6258.8,6361.8,0.190453,0.358182,0.000000,1.9000,1.0000,,,,,
1.5120,1778655554.514349,126,2.400574,0.028186,-0.002393,2.1065,0.0599,0.018069,2.408622,0.030769,0.004341,2.0376,2.406912,0.028430,-0.002348,1.9435,0.0546,0.012412,1.075850,0.0000,2.406912,-0.000000,0.000000,5.0000,0.000000,-1.482917,516.4436,2,3,sand,1.0000,1.100000,0,0,0.000000,0.000000,0.000000,0,nan,0.00,0.000000,0.6689,0.0000,0.000000,0.3519,0.41,2.37,3.20,2.00,0.030769,0.2487,-2.9624,0.008000,0.132659,-0.1428,0.201078,0.035625,0.001208,-571.385973046967,110.47443505133262,-1579.3341722699997,-732.0379610702363,-0.043488,-0.018045,6258.3,6362.3,0.190801,0.339921,0.000000,1.9400,1.0000,,,,,
1.5240,1778655554.526466,127,2.368829,0.089564,0.003923,2.1112,0.0859,0.016787,2.433287,0.031963,0.004553,2.0665,2.375180,0.089861,0.003968,1.9766,0.0592,0.012791,1.077718,0.0000,2.375180,-0.000000,-0.000000,5.0000,0.000000,-1.490916,507.2236,2,3,sand,1.0000,1.100000,0,0,0.000000,0.000000,0.000000,0,nan,0.00,0.000000,0.6621,0.0000,0.000000,0.3341,0.42,2.32,3.17,2.04,0.031963,0.2609,-2.9335,0.008000,0.094773,0.1342,0.221013,0.060020,0.014579,-588.710911603537,102.47233595176004,-1636.603188328591,-804.3626070198492,-0.045521,-0.019918,6257.8,6362.7,0.191124,0.347255,0.000000,1.9731,1.0000,,,,,
1.5360,1778655554.538401,128,2.472347,-0.058183,0.005519,2.1657,0.0287,0.019990,2.458333,0.033188,0.004783,2.1006,2.478749,-0.057895,0.005566,2.0138,0.0529,0.013577,1.079431,0.0000,2.478749,-0.000000,0.000000,5.0000,0.000000,-1.498191,495.2594,2,3,sand,1.0000,1.100000,0,0,0.000000,0.000000,0.000000,0,nan,0.00,0.000000,0.6551,0.0000,0.000000,0.3161,0.43,2.27,3.13,1.96,0.033188,0.2740,-2.8994,0.008000,0.134975,0.0115,0.223857,0.067413,0.025468,-703.4223919584811,144.74419622708177,-1531.8208110432713,-622.110685024372,-0.041858,-0.015240,6257.4,6363.2,0.191422,0.329484,0.000000,2.0104,1.0000,,,,,
1.5480,1778655554.550390,129,2.542831,0.034311,0.011940,2.1402,0.0922,0.018302,2.483780,0.034359,0.004999,2.1323,2.549191,0.034656,0.011988,2.0389,0.0590,0.014008,1.081060,0.0000,2.549191,0.000000,0.000000,5.0000,0.000000,-1.505034,487.7277,2,3,sand,1.0000,1.100000,0,0,0.000000,0.000000,0.000000,0,nan,0.00,0.000000,0.6480,0.0000,0.000000,0.2980,0.43,2.24,3.10,2.09,0.034359,0.2864,-2.8677,0.008000,0.090885,0.7038,0.209662,0.058498,0.015406,-723.432362752594,-779.8756813458858,-1618.056832394623,-727.5681100340339,-0.044865,-0.017926,6257.0,6363.6,0.191698,0.341024,0.000000,2.0355,1.0000,,,,,
1.5600,1778655554.562384,130,2.540098,0.009746,0.005531,2.1383,0.1007,0.018782,2.509587,0.035502,0.005220,2.1609,2.546458,0.010070,0.005579,2.0588,0.0654,0.014426,1.082532,0.0000,2.546458,0.000000,0.000000,5.0000,0.000000,-1.510729,481.6696,2,3,sand,1.0000,1.100000,0,0,0.000000,0.000000,0.000000,0,nan,0.00,0.000000,0.6407,0.0000,0.000000,0.2799,0.43,2.14,2.99,1.58,0.035502,0.2991,-2.8391,0.008000,0.034658,0.4861,0.194542,0.067722,0.017185,-690.8297895171966,-1468.026265304272,-1706.9717913444401,-837.179319226809,-0.048116,-0.020774,6256.6,6363.9,0.191953,0.354720,0.000000,2.0554,1.0000,,,,,
1.5720,1778655554.574372,131,2.608324,0.059442,0.004391,2.1800,0.1223,0.020323,2.535746,0.036671,0.005451,2.1921,2.614558,0.059781,0.004440,2.0828,0.0746,0.015093,1.084007,0.0000,2.614558,0.000000,0.000000,5.0000,0.000000,-1.516471,475.0632,2,3,sand,1.0000,1.100000,0,0,0.000000,0.000000,0.000000,0,nan,0.00,0.000000,0.6334,0.0000,0.000000,0.2617,0.43,2.13,2.98,2.06,0.036671,0.3123,-2.8079,0.008000,0.130014,-0.1107,0.186495,0.097257,0.031017,-856.9141235730459,-150.29632007692175,-1825.4297219156306,-984.3919225892965,-0.052730,-0.024706,6256.3,6364.3,0.192191,0.342731,0.000000,2.0795,1.0000,,,,,
1.5840,1778655554.586443,132,2.576509,0.022162,0.002278,2.1872,0.1099,0.018926,2.562300,0.037807,0.005673,2.2253,2.582836,0.022507,0.002328,2.1036,0.0796,0.015327,1.085216,0.0000,2.582836,0.000000,0.000000,5.0000,0.000000,-1.521446,468.5923,2,3,sand,1.0000,1.100000,0,0,0.000000,0.000000,0.000000,0,nan,0.00,0.000000,0.6259,0.0000,0.000000,0.2434,0.44,2.05,2.93,1.57,0.037807,0.3250,-2.7747,0.008000,0.088400,0.0069,0.171066,0.070500,0.009841,-954.1083159162056,-648.9392426604279,-1880.1820529956858,-1063.2311374763924,-0.054991,-0.026871,6256.0,6364.6,0.192411,0.340044,0.000000,2.1004,1.0000,,,,,
1.5960,1778655554.598395,133,2.575177,0.020122,0.007790,2.2489,0.0299,0.017739,2.589185,0.038917,0.005903,2.2507,2.581391,0.020461,0.007839,2.1323,0.0698,0.015367,1.086502,0.0000,2.581391,0.000000,0.000000,5.0000,0.000000,-1.526785,460.2992,2,3,sand,1.0000,1.100000,0,0,0.000000,0.000000,0.000000,0,nan,0.00,0.000000,0.6184,0.0000,0.000000,0.2251,0.44,1.98,2.85,1.58,0.038917,0.3382,-2.7493,0.008000,0.023858,0.3877,0.156827,0.081668,0.024777,-760.347338649814,-95.60463709295827,-1731.1645202364602,-858.8310565104445,-0.049040,-0.021340,6255.7,6364.9,0.192616,0.336164,0.000000,2.1291,1.0000,,,,,
1.6080,1778655554.610376,134,2.625233,0.083038,0.004663,2.3288,0.1152,0.020239,2.616405,0.040050,0.006146,2.2786,2.631378,0.083372,0.004711,2.1709,0.0770,0.015887,1.087686,0.0000,2.631378,0.000000,0.000000,5.0000,0.000000,-1.533116,449.9854,2,3,sand,1.0000,1.100000,0,0,0.000000,0.000000,0.000000,0,nan,0.00,0.000000,0.6107,0.0000,0.000000,0.2067,0.43,1.98,2.84,1.99,0.040050,0.3521,-2.7214,0.008000,0.133530,-0.2009,0.164061,0.065079,0.009216,-749.3679877753286,327.5562105587273,-1806.709004654361,-961.9812494076045,-0.051987,-0.024094,6255.4,6365.2,0.192805,0.315659,0.000000,2.1678,1.0000,,,,,
1.6200,1778655554.622347,135,2.614979,0.013861,0.013612,2.3355,0.0636,0.017438,2.643988,0.041141,0.006373,2.3097,2.621185,0.014238,0.013660,2.2033,0.0736,0.015769,1.088658,0.0000,2.621185,0.000000,0.000000,5.0000,0.000000,-1.538752,440.0073,2,3,sand,1.0000,1.100000,0,0,0.000000,0.000000,0.000000,0,nan,0.00,0.000000,0.6029,0.0000,0.000000,0.1882,0.42,1.91,2.75,1.52,0.041141,0.3651,-2.6903,0.008000,0.018028,0.9178,0.156542,0.083671,0.024095,-824.192233516645,-826.3380340322899,-1739.0250680365314,-888.3514350398077,-0.049345,-0.022120,6255.2,6365.4,0.192977,0.313675,0.000000,2.2002,1.0000,,,,,
1.6320,1778655554.634285,136,2.621015,0.087796,0.001568,2.4036,0.0640,0.022941,2.671888,0.042233,0.006614,2.3343,2.627138,0.088086,0.001616,2.2426,0.0711,0.016664,1.089660,0.0000,2.627138,0.000000,0.000000,5.0000,0.000000,-1.545059,429.8029,2,3,sand,1.0000,1.100000,0,0,0.000000,0.000000,0.000000,0,nan,0.00,0.000000,0.5951,0.0000,0.000000,0.1697,0.41,1.91,2.73,1.90,0.042233,0.3790,-2.6657,0.008000,0.043083,-0.0798,0.162669,0.101601,0.039805,-671.9924766943785,703.565493519638,-1697.5624137608104,-795.226180950598,-0.047782,-0.019671,6254.9,6365.6,0.193132,0.302107,0.000000,2.2396,1.0000,,,,,
1.6440,1778655554.646337,137,2.639882,-0.001426,0.006492,2.3578,0.0419,0.021916,2.700120,0.043337,0.006866,2.3623,2.646041,-0.001122,0.006542,2.2654,0.0649,0.017150,1.090448,0.0000,2.646041,0.000000,0.000000,5.0000,0.000000,-1.549819,422.5799,2,3,sand,1.0000,1.100000,0,0,0.000000,0.000000,0.000000,0,nan,0.00,0.000000,0.5871,0.0000,0.000000,0.1511,0.41,1.85,2.66,1.52,0.043337,0.3934,-2.6377,0.008000,0.067441,-0.0167,0.148174,0.047648,0.008006,-846.4712610823216,157.14060492939802,-1613.206679782905,-655.6545396010401,-0.044713,-0.016083,6254.7,6365.8,0.193272,0.319736,0.000000,2.2625,1.0000,,,,,
1.6560,1778655554.658351,138,2.667863,0.011844,0.004271,2.4000,0.1602,0.019562,2.728695,0.044389,0.007094,2.3913,2.673972,0.012173,0.004320,2.2920,0.0813,0.017257,1.091231,0.0000,2.673972,0.000000,-0.000000,5.0000,0.000000,-1.554515,415.3223,2,3,sand,1.0000,1.100000,0,0,0.000000,0.000000,0.000000,0,nan,0.00,0.000000,0.5791,0.0000,0.000000,0.1325,0.41,1.87,2.69,2.01,0.044389,0.4064,-2.6087,0.008000,0.094132,-0.4220,0.149608,0.097985,0.030933,-949.7914305503924,-900.9125782527481,-1801.6785345065202,-941.3296068598444,-0.051796,-0.023534,6254.6,6366.0,0.193397,0.308210,0.000000,2.2891,1.0000,,,,,
1.6680,1778655554.670452,139,2.743896,0.033988,0.011138,2.4613,0.0826,0.022875,2.757598,0.045457,0.007343,2.4185,2.750161,0.034365,0.011189,2.3254,0.0804,0.017809,1.091815,0.0000,2.750161,-0.000000,-0.000000,5.0000,0.000000,-1.559548,406.4336,2,3,sand,1.0000,1.100000,0,0,0.000000,0.000000,0.000000,0,nan,0.00,0.000000,0.5710,0.0000,0.000000,0.1137,0.41,1.88,2.70,1.91,0.045457,0.4207,-2.5815,0.008000,0.024055,0.3095,0.162963,0.085677,0.024415,-773.4558121795984,273.100592218489,-1783.6150341467433,-896.3615142099937,-0.051083,-0.022330,6254.4,6366.2,0.193511,0.296056,0.000000,2.3224,1.0000,,,,,
1.6800,1778655554.682433,140,2.781784,0.071585,0.009294,2.4550,0.0331,0.021291,2.786838,0.046537,0.007594,2.4463,2.788158,0.071927,0.009346,2.3511,0.0708,0.017966,1.092342,0.0000,2.788158,-0.000000,-0.000000,5.0000,0.000000,-1.564232,399.9997,2,3,sand,1.0000,1.100000,0,0,0.000000,0.000000,0.000000,0,nan,0.00,0.000000,0.5604,0.0000,0.000000,0.0950,0.42,1.92,2.76,2.16,0.046537,0.4351,-2.5537,0.008000,0.047158,0.3060,0.164498,0.089395,0.035410,-771.1605712844312,158.7808743804485,-1656.449668705446,-712.9396141588785,-0.046273,-0.017543,6254.3,6366.3,0.193611,0.299412,0.000000,2.3481,1.0000,,,,,
1.6920,1778655554.694365,141,2.779984,0.069564,0.014296,2.5269,0.0813,0.022420,2.816416,0.047593,0.007831,2.4751,2.786567,0.069950,0.014350,2.3857,0.0717,0.018291,1.092752,0.0000,2.786567,-0.000000,-0.000000,5.0000,0.000000,-1.569093,390.8021,2,3,sand,1.0000,1.100000,0,0,0.000000,0.000000,0.000000,0,nan,0.00,0.000000,0.5503,0.0000,0.000000,0.0761,0.42,1.95,2.79,2.12,0.047593,0.4487,-2.5249,0.008000,0.046926,0.6805,0.178138,0.076971,0.027044,-721.7526947160466,249.3245094585531,-1656.4869207199072,-708.769057351499,-0.046276,-0.017435,6254.1,6366.4,0.193699,0.277590,0.000000,2.3827,1.0000,,,,,
1.7040,1778655554.706378,142,2.826720,0.014607,0.000677,2.5656,0.0468,0.021146,2.846329,0.048714,0.008102,2.5038,2.833492,0.014891,0.000732,2.4212,0.0663,0.018332,1.092903,0.0000,2.833492,-0.000000,-0.000000,5.0000,0.000000,-1.573257,380.7769,2,3,sand,1.0000,1.100000,0,0,0.000000,0.000000,0.000000,0,nan,0.00,0.000000,0.5407,0.0000,0.000000,0.0573,0.42,1.89,2.74,1.57,0.048714,0.4642,-2.4962,0.008000,0.028836,-0.4105,0.184790,0.073673,0.028216,-686.9212702464858,539.8656265813953,-1570.3353008065549,-601.2751194453133,-0.043212,-0.014706,6254.1,6366.5,0.193738,0.271040,0.000000,2.4181,1.0000,,,,,
1.7160,1778655554.718441,143,2.921436,-0.023774,0.010859,2.5754,0.1091,0.023924,2.876579,0.049816,0.008363,2.5310,2.928185,-0.023403,0.010915,2.4516,0.0732,0.018929,1.093335,0.0000,2.928185,-0.000000,0.000000,5.0000,0.000000,-1.577393,372.8969,2,3,sand,1.0000,1.100000,0,0,0.000000,0.000000,0.000000,0,nan,0.00,0.000000,0.5315,0.0000,0.000000,0.0383,0.43,1.84,2.71,1.56,0.049816,0.4791,-2.4690,0.008000,0.128406,0.3959,0.176582,0.098118,0.042057,-681.0906205578991,316.013799976874,-1650.013026128809,-695.8767830054444,-0.046042,-0.017105,6254.0,6366.6,0.193805,0.269339,0.000000,2.4485,1.0000,,,,,
1.7280,1778655554.730410,144,2.876929,0.031640,0.002256,2.7106,-0.0048,0.021730,2.907177,0.050905,0.008612,2.5604,2.883703,0.031906,0.002310,2.5022,0.0583,0.019018,1.093717,0.0000,2.883703,-0.000000,-0.000000,5.0000,0.000000,-1.583095,360.0590,2,3,sand,1.0000,1.100000,0,0,0.000000,0.000000,0.000000,0,nan,0.00,0.000000,0.5228,0.0000,0.000000,0.0193,0.43,1.89,2.75,2.13,0.050905,0.4935,-2.4396,0.008000,0.032352,-0.6542,0.194785,0.064175,0.029270,-713.0213901407902,423.1316308440114,-1435.9146168288505,-422.9000590420228,-0.038692,-0.010267,6253.9,6366.7,0.193861,0.228155,0.000000,2.4993,1.0000,,,,,
1.7400,1778655554.742361,145,2.908006,0.057806,0.010120,2.6055,0.0146,0.020946,2.938124,0.052006,0.008864,2.5890,2.914943,0.058106,0.010176,2.5228,0.0496,0.018877,1.093879,0.0000,2.914943,-0.000000,0.000000,5.0000,0.000000,-1.587447,355.2099,2,3,sand,1.0000,1.100000,0,0,0.000000,0.000000,0.000000,0,nan,0.00,0.000000,0.5145,0.0000,0.000000,0.0003,0.43,1.92,2.79,2.11,0.052006,0.5079,-2.4110,0.008000,0.060146,0.5322,0.175997,0.073714,0.042723,-779.0045581335114,226.1657468719755,-1307.9724180483772,-272.3753640330218,-0.034635,-0.006585,6253.8,6366.7,0.193904,0.260395,0.000000,2.5198,1.0000,,,,,
1.7520,1778655554.754371,146,3.019838,0.062762,0.005756,2.5983,0.0826,0.014635,2.969422,0.053038,0.009079,2.6189,3.026921,0.063046,0.005809,2.5381,0.0549,0.017724,1.093991,0.0000,3.026921,0.000000,0.000000,5.0000,0.000000,-1.590541,351.4312,2,3,sand,1.0000,1.100000,0,0,0.000000,0.000000,0.000000,0,nan,0.00,0.000000,0.5066,0.0000,0.000000,-0.0188,0.44,1.95,2.82,2.13,0.053038,0.5202,-2.3811,0.008000,0.153726,-0.0689,0.168263,0.053373,0.022144,-898.3491953529657,-335.6426756828974,-1346.884463885176,-398.8673183421968,-0.035847,-0.009676,6253.8,6366.8,0.193938,0.257160,0.000000,2.5350,1.0000,,,,,
1.7640,1778655554.767978,147,2.984282,0.040765,0.007708,2.5522,0.0613,0.021261,3.001057,0.054103,0.009316,2.6461,2.991437,0.041067,0.007762,2.5414,0.0553,0.017904,1.094091,0.0000,2.991437,-0.000000,0.000000,5.0000,0.000000,-1.592205,350.3590,2,3,sand,1.0000,1.100000,0,0,0.000000,0.000000,0.000000,0,nan,0.00,0.000000,0.4991,0.0000,0.000000,-0.0379,0.43,1.97,2.83,2.05,0.054103,0.5338,-2.3539,0.008000,0.079464,0.1776,0.144970,0.054765,0.025024,-643.6558525522026,438.7359931418552,-1355.7955209070715,-399.8357272298677,-0.036127,-0.009700,6253.8,6366.8,0.193964,0.277470,0.000000,2.5383,1.0000,,,,,
1.7760,1778655554.778569,148,3.009296,0.016797,0.008494,2.6640,-0.0509,0.020182,3.033041,0.055170,0.009548,2.6761,3.016631,0.017051,0.008548,2.5658,0.0354,0.017810,1.094142,0.0000,3.016631,0.000000,0.000000,5.0000,0.000000,-1.594432,344.1381,2,3,sand,1.0000,1.100000,0,0,0.000000,0.000000,0.000000,0,nan,0.00,0.000000,0.4919,0.0000,0.000000,-0.0570,0.45,1.91,2.80,1.56,0.055170,0.5471,-2.3239,0.008000,0.031521,-0.1459,0.135887,0.043448,0.032434,-756.7211198867848,516.9565770323409,-1064.991284647465,-53.79485997751777,-0.027446,-0.001297,6253.7,6366.8,0.193986,0.242785,0.000000,2.5627,1.0000,,,,,
1.7880,1778655554.790625,149,3.052580,-0.067036,0.006020,2.7133,0.0944,0.020376,3.065373,0.056239,0.009774,2.7041,3.059930,-0.066772,0.006074,2.5949,0.0457,0.017898,1.092073,0.0000,3.059930,0.000000,0.000000,5.0000,0.000000,-1.595186,337.1220,2,3,sand,1.0000,1.100000,0,0,0.000000,0.000000,0.000000,0,nan,0.00,0.000000,0.4851,0.0000,0.000000,-0.0762,0.46,1.96,2.88,2.24,0.056239,0.5600,-2.2959,0.008000,0.144171,-0.1524,0.139334,0.067095,0.040837,-589.8826046419382,386.8060085536761,-1199.6561772746454,-227.0006489630426,-0.031354,-0.005484,6254.3,6366.3,0.193614,0.225568,0.000000,2.5918,1.0000,,,,,
1.8000,1778655554.802461,150,3.093377,-0.031208,0.010895,2.7223,-0.0160,0.021324,3.098058,0.057367,0.010024,2.7349,3.100880,-0.030938,0.010950,2.6202,0.0339,0.018034,1.092157,0.0000,3.100880,0.000000,0.000000,5.0000,0.000000,-1.597297,330.6991,2,3,sand,1.0000,1.100000,0,0,0.000000,0.000000,0.000000,0,nan,0.00,0.000000,0.4786,0.0000,0.000000,-0.0953,0.45,1.90,2.81,1.56,0.057367,0.5743,-2.2651,0.008000,0.122924,-0.1570,0.129926,0.055633,0.042263,-625.3063479224342,266.5244780069211,-1027.0163007869128,-20.67003836334279,-0.026370,-0.000498,6254.2,6366.3,0.193638,0.225574,0.000000,2.6171,1.0000,,,,,
1.8120,1778655554.814368,151,3.094862,0.098074,0.006901,2.7172,0.1100,0.021317,3.131082,0.058497,0.010268,2.7635,3.102152,0.098346,0.006954,2.6395,0.0474,0.018306,1.092421,0.0000,3.102152,0.000000,0.000000,5.0000,0.000000,-1.600393,327.1409,2,3,sand,1.0000,1.100000,0,0,0.000000,0.000000,0.000000,0,nan,0.00,0.000000,0.4724,0.0013,0.000000,-0.1146,0.43,1.95,2.81,2.21,0.058497,0.5883,-2.2365,0.008000,0.080659,0.3345,0.113879,0.046988,0.025039,-672.507161184087,200.80747602868948,-1210.4187853927422,-240.12524024135791,-0.031674,-0.005802,6254.2,6366.4,0.193657,0.223264,0.000000,2.6365,1.0000,,,,,
1.8240,1778655554.826432,152,3.221015,0.023402,0.006190,2.6940,0.0492,0.020182,3.164434,0.059679,0.010530,2.7893,3.228393,0.023670,0.006244,2.6507,0.0471,0.018215,1.092449,0.0000,3.228393,0.000000,-0.000000,5.0000,0.000000,-1.602127,323.4647,2,3,sand,1.0000,1.100000,0,0,0.000000,0.000000,0.000000,0,nan,0.00,0.000000,0.4663,0.0027,0.000000,-0.1338,0.42,1.89,2.73,1.57,0.059679,0.6033,-2.2107,0.008000,0.057620,-0.3155,0.094602,0.036510,0.018483,-519.527071717629,427.91126078593607,-1200.6033386194965,-237.38778616859233,-0.031383,-0.005736,6254.2,6366.4,0.193670,0.235710,0.000000,2.6476,1.0000,,,,,
1.8360,1778655554.838469,153,3.195600,0.065241,0.012848,2.8175,0.0127,0.021708,3.198121,0.060856,0.010776,2.8188,3.202899,0.065534,0.012902,2.6835,0.0404,0.018468,1.092592,0.0000,3.202899,0.000000,-0.000000,5.0000,0.000000,-1.605460,316.2185,2,3,sand,1.0000,1.100000,0,0,0.000000,0.000000,0.000000,0,nan,0.00,0.000000,0.4604,0.0043,0.000000,-0.1530,0.42,1.92,2.76,2.13,0.060856,0.6174,-2.1812,0.008000,0.064137,0.6018,0.076811,0.047040,0.030162,-598.7223690385108,255.02635334653718,-1098.8997799382523,-116.38617519197835,-0.028413,-0.002807,6254.2,6366.4,0.193678,0.192818,0.000000,2.6805,1.0000,,,,,
1.8480,1778655554.850417,154,3.236756,0.001304,0.003968,2.8529,0.0548,0.018124,3.232136,0.062000,0.010987,2.8447,3.244188,0.001537,0.004020,2.7168,0.0425,0.018032,1.092567,0.0000,3.244188,0.000000,-0.000000,5.0000,0.000000,-1.608699,307.8575,2,3,sand,1.0000,1.100000,0,0,0.000000,0.000000,0.000000,0,nan,0.00,0.000000,0.4547,0.0060,0.000000,-0.1723,0.41,1.87,2.68,1.53,0.062000,0.6295,-2.1553,0.008000,0.087726,-0.3234,0.089569,0.063303,0.039018,-689.0031197722257,638.0506847131836,-1105.227383606839,-162.95767941111396,-0.028595,-0.003933,6254.2,6366.4,0.193679,0.182028,0.000000,2.7139,1.0000,,,,,
1.8600,1778655554.862467,155,3.254480,0.066197,0.015811,2.8825,0.0394,0.015732,3.266471,0.063100,0.011173,2.8725,3.261812,0.066505,0.015859,2.7494,0.0415,0.017326,1.092636,0.0000,3.261812,-0.000000,-0.000000,5.0000,0.000000,-1.612830,301.0302,2,3,sand,1.0000,1.100000,0,0,0.000000,0.000000,0.000000,0,nan,0.00,0.000000,0.4492,0.0078,0.000000,-0.1917,0.40,1.90,2.71,2.13,0.063100,0.6402,-2.1275,0.008000,0.031465,0.6061,0.106990,0.060813,0.038012,-747.636216668381,366.0915600947193,-1060.8239458766855,-166.26493710980267,-0.027325,-0.004013,6254.2,6366.4,0.193674,0.172970,0.000000,2.7465,1.0000,,,,,
1.8720,1778655554.874409,156,3.213219,0.094202,0.006053,2.9043,0.0551,0.014811,3.301124,0.064226,0.011357,2.8976,3.220673,0.094442,0.006100,2.7800,0.0435,0.016553,1.092525,0.0000,3.220673,0.000000,-0.000000,5.0000,0.000000,-1.616621,294.4700,2,3,sand,1.0000,1.100000,0,0,0.000000,0.000000,0.000000,0,nan,0.00,0.000000,0.4438,0.0098,0.000000,-0.2111,0.39,1.96,2.74,2.29,0.064226,0.6507,-2.1024,0.008000,0.062320,-0.0824,0.134161,0.056305,0.032231,-714.4280849189074,299.26392748331546,-1059.1440612008025,-218.45489791990403,-0.027277,-0.005276,6254.2,6366.4,0.193660,0.161544,0.000000,2.7770,1.0000,,,,,
1.8840,1778655554.886467,157,3.282742,0.089929,0.003230,2.9323,0.0091,0.015576,3.336048,0.065342,0.011534,2.9210,3.290452,0.090132,0.003276,2.8101,0.0367,0.016010,1.092293,0.0000,3.290452,-0.000000,-0.000000,5.0000,0.000000,-1.619976,287.6074,2,3,sand,1.0000,1.100000,0,0,0.000000,0.000000,0.000000,0,nan,0.00,0.000000,0.4386,0.0118,0.000000,-0.2305,0.39,2.01,2.79,2.26,0.065342,0.6608,-2.0790,0.008000,0.069445,-0.3086,0.139852,0.044573,0.025691,-812.773022521945,468.8974834390132,-945.4535693530041,-124.40931574577115,-0.024101,-0.003001,6254.2,6366.3,0.193639,0.160237,0.000000,2.8071,1.0000,,,,,
1.8960,1778655554.898359,158,3.258473,0.091818,0.008708,2.9389,0.0216,0.012747,3.371278,0.066446,0.011695,2.9460,3.266292,0.092052,0.008752,2.8356,0.0335,0.015117,1.092103,0.0000,3.266292,-0.000000,-0.000000,5.0000,0.000000,-1.623111,282.0759,2,3,sand,1.0000,1.100000,0,0,0.000000,0.000000,0.000000,0,nan,0.00,0.000000,0.4336,0.0140,0.000000,-0.2500,0.38,2.05,2.80,2.26,0.066446,0.6701,-2.0540,0.008000,0.164405,0.0550,0.136459,0.006777,0.000645,-691.7430062151054,514.0948301649521,-872.892538315501,-98.80699878559673,-0.022122,-0.002383,6254.3,6366.3,0.193611,0.150090,0.000000,2.8326,1.0000,,,,,
1.9080,1778655554.910427,159,3.405127,0.039754,0.015641,3.0149,0.1250,0.013657,3.406762,0.067575,0.011862,2.9659,3.413094,0.040090,0.015684,2.8709,0.0498,0.014603,1.087411,0.0000,3.413094,-0.000000,0.000000,5.0000,0.000000,-1.622336,273.3843,2,3,sand,1.0000,1.100000,0,0,0.000000,0.000000,0.000000,0,nan,0.00,0.000000,0.4287,0.0164,0.000000,-0.2695,0.37,2.06,2.79,2.14,0.067575,0.6796,-2.0341,0.008000,0.074126,0.2181,0.146438,0.042035,0.011733,-681.3680315071379,270.22775316800966,-1068.030436408602,-361.50536603127694,-0.027524,-0.008762,6255.4,6365.1,0.192789,0.135496,0.000000,2.8679,1.0000,,,,,
1.9200,1778655554.922567,160,3.455690,0.054767,0.003678,3.0135,0.0553,0.012819,3.442509,0.068692,0.012018,2.9891,3.463873,0.055010,0.003720,2.8991,0.0502,0.013995,1.087266,0.0000,3.463873,-0.000000,0.000000,5.0000,0.000000,-1.623539,267.3852,2,3,sand,1.0000,1.100000,0,0,0.000000,0.000000,0.000000,0,nan,0.00,0.000000,0.4239,0.0188,0.000000,-0.2890,0.38,2.07,2.84,2.15,0.068692,0.6886,-2.0109,0.008000,0.095143,-0.1217,0.155339,0.083958,0.044172,-799.3047464925859,355.82508479215187,-1050.9246672723239,-380.4765739637231,-0.027038,-0.009227,6255.5,6365.1,0.192776,0.132197,0.000000,2.8961,1.0000,,,,,
1.9320,1778655554.934519,161,3.408417,0.090446,0.015258,2.9580,0.0766,0.011770,3.478513,0.069816,0.012171,3.0076,3.416705,0.090797,0.015298,2.9111,0.0544,0.013336,1.072406,0.0000,3.416705,-0.000000,0.000000,5.0000,0.000000,-1.611729,264.3885,2,3,sand,1.0000,1.100000,0,0,0.000000,0.000000,0.000000,0,nan,0.00,0.000000,0.4193,0.0213,0.000000,-0.3083,0.39,2.11,2.89,2.32,0.069816,0.6973,-1.9924,0.008000,0.110188,0.5148,0.156171,0.062645,0.023883,-596.6009806153816,171.07004874239203,-1087.5456151666149,-459.2098190557258,-0.028062,-0.011173,6259.2,6361.4,0.190161,0.152733,0.000000,2.9081,1.0000,,,,,
1.9440,1778655554.946488,162,3.566459,0.102459,0.011688,3.0023,0.0050,0.012902,3.514748,0.070956,0.012329,3.0293,3.574897,0.102754,0.011728,2.9294,0.0448,0.012964,1.070555,0.0000,3.574897,0.000000,0.000000,5.0000,0.000000,-1.605574,260.5705,2,3,sand,1.0000,1.100000,0,0,0.000000,0.000000,0.000000,0,nan,0.00,0.000000,0.4148,0.0239,0.000000,-0.3276,0.39,2.10,2.88,2.07,0.070956,0.7064,-1.9707,0.008000,0.096348,-0.0228,0.141597,0.071610,0.037194,-598.6036794282795,280.18329897180615,-949.1631334251647,-322.99152406038854,-0.024180,-0.007826,6259.7,6360.9,0.189837,0.139020,0.000000,2.9263,1.0000,,,,,
1.9560,1778655554.958617,163,3.542950,0.121401,0.015154,3.0300,0.0623,0.012288,3.551212,0.072103,0.012485,3.0458,3.551499,0.121735,0.015192,2.9495,0.0474,0.012593,1.064698,0.0000,3.551499,0.000000,0.000000,5.0000,0.000000,-1.598815,256.4401,2,3,sand,1.0000,1.100000,0,0,0.000000,0.000000,0.000000,0,nan,0.00,0.000000,0.4104,0.0266,0.000000,-0.3468,0.40,2.09,2.88,1.99,0.072103,0.7153,-1.9542,0.008000,0.117941,0.6111,0.128308,0.046623,0.016170,-459.45660259281567,-133.60053984430365,-1011.6389980059799,-386.0180339152688,-0.024743,-0.008980,6261.2,6359.4,0.188805,0.133217,0.000000,2.9464,1.0000,,,,,
1.9680,1778655554.970575,164,3.547217,0.093406,0.016510,3.0088,0.0622,0.015317,3.587895,0.073286,0.012660,3.0656,3.555769,0.093758,0.016549,2.9615,0.0496,0.012823,1.054573,0.0000,3.555769,0.000000,0.000000,5.0000,0.000000,-1.586937,252.5546,2,3,sand,1.0000,1.100000,0,0,0.000000,0.000000,0.000000,0,nan,0.00,0.000000,0.4062,0.0294,0.000000,-0.3658,0.40,2.07,2.87,1.95,0.073286,0.7253,-1.9344,0.008000,0.024203,0.0915,0.107820,0.078275,0.038797,-518.5038950228862,119.14329496190794,-1119.8191259491527,-441.69641696966306,-0.025540,-0.009572,6263.7,6356.8,0.187011,0.144946,0.000000,2.9584,1.0000,,,,,
1.9800,1778655554.982621,165,3.663509,0.066951,0.011644,3.2144,0.1096,0.015918,3.624798,0.074466,0.012828,3.0834,3.672228,0.067296,0.011684,3.0110,0.0600,0.013144,1.046024,0.0000,3.672228,0.000000,-0.000000,5.0000,0.000000,-1.576424,241.3353,2,3,sand,1.0000,1.100000,0,0,0.000000,0.000000,0.000000,0,nan,0.00,0.000000,0.4020,0.0322,0.000000,-0.3847,0.42,2.08,2.91,2.14,0.074466,0.7350,-1.9166,0.008000,0.161994,0.3861,0.126842,0.093723,0.043080,-442.2627974258599,76.009332453264,-1323.2453730886614,-624.2265032850967,-0.028940,-0.012896,6265.9,6354.7,0.185498,0.081781,0.000000,3.0080,1.0000,,,,,
1.9920,1778655554.994546,166,3.715931,0.023020,0.021956,3.0506,0.1091,0.015180,3.661895,0.075662,0.013002,3.0993,3.724722,0.023483,0.021997,3.0193,0.0683,0.013256,1.033953,0.0000,3.724722,0.000000,-0.000000,5.0000,0.000000,-1.560901,238.4150,2,3,sand,1.0000,1.100000,0,0,0.000000,0.000000,0.000000,0,nan,0.00,0.000000,0.3980,0.0351,0.000000,-0.4035,0.42,2.01,2.85,1.61,0.075662,0.7450,-1.9007,0.008000,0.154207,1.1346,0.105011,0.101362,0.041381,-535.8400046210968,247.31139847172074,-1538.2456921414955,-807.3490753906401,-0.031824,-0.015707,6269.0,6351.6,0.183366,0.136816,0.000000,3.0162,1.0000,,,,,
2.0040,1778655555.006665,167,3.715680,0.062866,0.013691,3.0223,0.0070,0.013010,3.699207,0.076873,0.013174,3.1168,3.724326,0.063213,0.013730,3.0204,0.0564,0.012955,1.030994,0.0000,3.724326,0.000000,-0.000000,5.0000,0.000000,-1.551009,238.2693,2,3,sand,1.0000,1.100000,0,0,0.000000,0.000000,0.000000,0,nan,0.00,0.000000,0.3941,0.0381,0.000000,-0.4221,0.43,2.02,2.88,2.12,0.076873,0.7548,-1.8832,0.008000,0.163252,0.3589,0.080696,0.092733,0.043854,-445.75844824512546,73.45449890101236,-1368.5730693815829,-614.3959368227667,-0.027436,-0.011687,6269.7,6350.8,0.182822,0.140057,0.000000,3.0174,1.0000,,,,,
2.0160,1778655555.018595,168,3.695071,0.160719,0.014709,3.1312,0.0651,0.014708,3.736697,0.078135,0.013360,3.1308,3.703865,0.161082,0.014749,3.0424,0.0573,0.013008,1.021082,0.0000,3.703865,0.000000,-0.000000,5.0000,0.000000,-1.539221,235.4402,2,3,sand,1.0000,1.100000,0,0,0.000000,0.000000,0.000000,0,nan,0.00,0.000000,0.3902,0.0412,0.000000,-0.4405,0.43,2.06,2.92,2.23,0.078135,0.7655,-1.8692,0.008000,0.116230,-0.0190,0.067897,0.075874,0.032691,-267.4017897986493,342.00120870532555,-1441.6008720566215,-654.719116393481,-0.027601,-0.011901,6272.2,6348.3,0.181074,0.116828,0.000000,3.0394,1.0000,,,,,
2.0280,1778655555.030583,169,3.781824,-0.007852,0.015686,3.1292,0.1074,0.016660,3.774373,0.079409,0.013545,3.1472,3.790788,-0.007447,0.015727,3.0598,0.0658,0.013397,1.003066,0.0000,3.790788,-0.000000,-0.000000,5.0000,0.000000,-1.517568,227.9383,2,3,sand,1.0000,1.100000,0,0,0.000000,0.000000,0.000000,0,nan,0.00,0.000000,0.3865,0.0443,0.000000,-0.4587,0.44,1.99,2.86,1.60,0.079409,0.7761,-1.8528,0.008000,0.068248,0.7221,0.057062,0.084074,0.032748,-286.45721496985624,370.2777917430809,-1703.1616401954618,-856.1797444779476,-0.030608,-0.014539,6276.8,6343.8,0.177898,0.115932,0.000000,3.0568,1.0000,,,,,
2.0400,1778655555.042619,170,3.809675,0.049136,0.017170,3.1989,0.0268,0.016297,3.812216,0.080722,0.013740,3.1603,3.818560,0.049527,0.017211,3.0872,0.0580,0.013659,0.987620,0.0000,3.818560,-0.000000,-0.000000,5.0000,0.000000,-1.495214,221.8687,2,3,sand,1.0000,1.100000,0,0,0.000000,0.000000,0.000000,0,nan,0.00,0.000000,0.3828,0.0474,0.000000,-0.4767,0.45,1.99,2.89,2.02,0.080722,0.7873,-1.8397,0.008000,0.106309,0.1982,0.074017,0.095086,0.047938,-272.9155366769501,214.99214643005064,-1650.7529135390828,-722.2376634091218,-0.027776,-0.011555,6280.7,6339.8,0.175146,0.101154,0.000000,3.0843,1.0000,,,,,
2.0520,1778655555.054662,171,3.877785,0.140409,0.023020,3.2404,0.0607,0.017329,3.850251,0.082074,0.013942,3.1766,3.886840,0.140860,0.023063,3.1174,0.0578,0.014034,0.977172,0.0000,3.886840,-0.000000,-0.000000,5.0000,0.000000,-1.477535,217.3224,2,3,sand,1.0000,1.100000,0,0,0.000000,0.000000,0.000000,0,nan,0.00,0.000000,0.3792,0.0506,0.000000,-0.4944,0.46,2.03,2.94,2.23,0.082074,0.7988,-1.8234,0.008000,0.037672,0.7485,0.086108,0.099782,0.050641,-330.3294851827107,143.0738335123392,-1701.440924637743,-721.1746837644328,-0.027666,-0.011157,6283.4,6337.2,0.173297,0.085671,0.000000,3.1145,1.0000,,,,,
2.0640,1778655555.066607,172,3.848724,0.147178,0.005417,3.2767,-0.0506,0.017042,3.888455,0.083416,0.014129,3.1894,3.857955,0.147411,0.005461,3.1487,0.0374,0.014241,0.965632,0.0000,3.857955,-0.000000,-0.000000,5.0000,0.000000,-1.460103,210.3736,2,3,sand,1.0000,1.100000,0,0,0.000000,0.000000,0.000000,0,nan,0.00,0.000000,0.3758,0.0539,0.000000,-0.5119,0.45,2.06,2.96,2.24,0.083416,0.8096,-1.8106,0.008000,0.025308,-0.4344,0.097968,0.086597,0.057733,-311.5917577991642,-10.42203091268874,-1343.208343769698,-269.76826928426715,-0.020651,-0.004006,6286.3,6334.2,0.171257,0.077660,0.000000,3.1459,1.0000,,,,,
2.0760,1778655555.078644,173,3.884328,0.143568,0.020074,3.1207,0.0319,0.017442,3.926831,0.084779,0.014311,3.2046,3.893693,0.143940,0.020120,3.1439,0.0359,0.014482,0.956093,0.0000,3.893693,-0.000000,-0.000000,5.0000,0.000000,-1.443216,210.8015,2,3,sand,1.0000,1.100000,0,0,0.000000,0.000000,0.000000,0,nan,0.00,0.000000,0.3723,0.0572,0.000000,-0.5293,0.46,2.09,3.02,2.29,0.084779,0.8199,-1.7954,0.008000,0.055326,0.3078,0.082004,0.077030,0.051537,-375.8114477033794,291.4510814582496,-1360.8959254370138,-232.71655787848968,-0.020360,-0.003367,6288.7,6331.8,0.169576,0.119959,0.000000,3.1410,1.0000,,,,,
2.0880,1778655555.090653,174,3.886956,0.074128,0.018591,3.1745,0.0822,0.015427,3.965359,0.086136,0.014490,3.2182,3.896495,0.074516,0.018637,3.1504,0.0439,0.014351,0.953384,0.0000,3.896495,-0.000000,-0.000000,5.0000,0.000000,-1.432969,207.8002,2,3,sand,1.0000,1.100000,0,0,0.000000,0.000000,0.000000,0,nan,0.00,0.000000,0.3690,0.0605,0.000000,-0.5465,0.47,2.02,2.96,1.63,0.086136,0.8302,-1.7818,0.008000,0.091438,0.4694,0.039761,0.072057,0.042423,-369.12808899954234,595.6634012308582,-1534.1924420466967,-427.0122544682859,-0.022952,-0.006146,6289.4,6331.2,0.169102,0.106030,0.000000,3.1475,1.0000,,,,,
2.1000,1778655555.102542,175,4.095028,0.122609,0.019267,3.2065,-0.0054,0.014740,4.004025,0.087497,0.014662,3.2278,4.104336,0.122963,0.019311,3.1617,0.0345,0.014156,0.933967,0.0000,4.104336,0.000000,0.000000,5.0000,0.000000,-1.411228,205.4494,2,3,sand,1.0000,1.100000,0,0,0.000000,0.000000,0.000000,0,nan,0.00,0.000000,0.3658,0.0638,0.000000,-0.5634,0.46,2.06,2.98,2.24,0.087497,0.8401,-1.7722,0.008000,0.111557,-0.1128,0.044072,0.050036,0.033707,-545.5455616426707,56.143305813493726,-1385.2448513827521,-223.48318313019013,-0.019549,-0.003062,6294.4,6326.2,0.165646,0.096416,0.000000,3.1589,1.0000,,,,,
2.1120,1778655555.114510,176,4.092774,0.010013,0.017387,3.2243,0.0690,0.014435,4.042839,0.088833,0.014825,3.2399,4.102150,0.010369,0.017430,3.1743,0.0404,0.013940,0.914833,0.0000,4.102150,0.000000,0.000000,5.0000,0.000000,-1.384058,200.1867,2,3,sand,1.0000,1.100000,0,0,0.000000,0.000000,0.000000,0,nan,0.00,0.000000,0.3626,0.0672,0.000000,-0.5800,0.45,1.98,2.88,1.54,0.088833,0.8494,-1.7601,0.008000,0.083073,0.2870,0.055846,0.069917,0.042015,-634.5787341937211,206.85614258794016,-1569.7434107322315,-392.63694582023965,-0.021316,-0.005166,6299.2,6321.3,0.162259,0.092898,0.000000,3.1716,1.0000,,,,,
2.1240,1778655555.126511,177,4.091636,0.098865,0.016145,3.3019,0.0175,0.012715,4.081771,0.090172,0.014981,3.2503,4.100790,0.099184,0.016186,3.1993,0.0358,0.013502,0.894374,0.0000,4.100790,0.000000,0.000000,5.0000,0.000000,-1.354294,195.3064,2,3,sand,1.0000,1.100000,0,0,0.000000,0.000000,0.000000,0,nan,0.00,0.000000,0.3594,0.0705,0.000000,-0.5963,0.44,1.98,2.87,2.00,0.090172,0.8583,-1.7497,0.008000,0.099064,0.2564,0.059976,0.102609,0.069973,-579.8868793807193,374.4481185002431,-1492.8696615549313,-306.9149687696506,-0.019340,-0.003876,6304.5,6316.1,0.158610,0.071195,0.000000,3.1968,1.0000,,,,,
2.1360,1778655555.138507,178,4.066810,0.105192,0.015616,3.2019,0.0050,0.013942,4.120827,0.091493,0.015131,3.2593,4.075924,0.105485,0.015656,3.2003,0.0298,0.013316,0.869530,0.0000,4.075924,0.000000,0.000000,5.0000,0.000000,-1.317647,193.6402,2,3,sand,1.0000,1.100000,0,0,0.000000,0.000000,0.000000,0,nan,0.00,0.000000,0.3564,0.0739,0.000000,-0.6121,0.43,1.97,2.84,1.92,0.091493,0.8669,-1.7407,0.008000,0.110650,-0.0070,0.045296,0.030193,0.020439,-689.3778743496196,-95.10324095851911,-1399.6393176052977,-164.4703418127802,-0.017241,-0.001987,6310.8,6309.8,0.154205,0.095228,0.000000,3.1978,1.0000,,,,,
2.1480,1778655555.150678,179,4.130184,0.081316,0.022192,3.3500,-0.0439,0.014440,4.159997,0.092824,0.015285,3.2685,4.139408,0.081632,0.022232,3.2297,0.0160,0.013236,0.849128,0.0000,4.139408,0.000000,0.000000,5.0000,0.000000,-1.283672,186.7247,2,3,sand,1.0000,1.100000,0,0,0.000000,0.000000,0.000000,0,nan,0.00,0.000000,0.3534,0.0773,0.000000,-0.6275,0.44,1.91,2.80,1.57,0.092824,0.8758,-1.7315,0.008000,0.028077,0.3613,0.048789,0.043533,0.039693,-758.2569972571027,212.51014534844415,-1061.6102124924255,215.5227956868386,-0.012527,0.002522,6316.0,6304.6,0.150587,0.051808,0.000000,3.2272,1.0000,,,,,
2.1600,1778655555.162546,180,4.265374,0.033638,0.012824,3.3688,0.0537,0.012348,4.199270,0.094134,0.015437,3.2771,4.274465,0.033881,0.012862,3.2570,0.0228,0.012882,0.828603,0.0000,4.274465,-0.000000,-0.000000,5.0000,0.000000,-1.250437,179.9911,2,3,sand,1.0000,1.100000,0,0,0.000000,0.000000,0.000000,0,nan,0.00,0.000000,0.3505,0.0807,0.000000,-0.6425,0.44,1.86,2.74,1.59,0.094134,0.8845,-1.7229,0.008000,0.123982,-0.4008,0.046938,0.091741,0.069728,-716.2585166276427,-346.98815530093896,-1253.163555573616,6.961135913864572,-0.014380,0.000079,6321.2,6299.4,0.146931,0.042544,0.000000,3.2546,1.0000,,,,,
2.1720,1778655555.174587,181,4.187663,0.058891,0.012872,3.2684,0.0729,0.015130,4.238635,0.095443,0.015607,3.2842,4.196633,0.059157,0.012910,3.2595,0.0318,0.013074,0.812524,0.0000,4.196633,0.000000,-0.000000,5.0000,0.000000,-1.220307,178.7779,2,3,sand,1.0000,1.100000,0,0,0.000000,0.000000,0.000000,0,nan,0.00,0.000000,0.3476,0.0841,0.000000,-0.6571,0.44,1.82,2.71,1.57,0.095443,0.8942,-1.7158,0.008000,0.083108,0.6024,0.019292,0.099088,0.065584,-852.467787716779,144.35726580060737,-1537.5034379709825,-245.81729012086402,-0.017352,-0.002734,6325.3,6295.2,0.144067,0.071345,0.000000,3.2573,1.0000,,,,,
2.1840,1778655555.186538,182,4.312184,0.110241,0.016249,3.2439,0.1289,0.012299,4.278084,0.096713,0.015763,3.2906,4.320976,0.110579,0.016285,3.2569,0.0493,0.012763,0.795987,0.0000,4.320976,-0.000000,-0.000000,5.0000,0.000000,-1.190870,179.2383,2,3,sand,1.0000,1.100000,0,0,0.000000,0.000000,0.000000,0,nan,0.00,0.000000,0.3447,0.0875,0.000000,-0.6714,0.44,1.84,2.73,1.98,0.096713,0.9032,-1.7094,0.008000,0.104226,-0.0227,0.022438,0.125688,0.070676,-718.512073569455,-146.31539414094584,-2038.8278012589758,-787.7599320851506,-0.022831,-0.008620,6329.5,6291.0,0.141121,0.072373,0.000000,3.2547,1.0000,,,,,
2.1960,1778655555.198529,183,4.316175,0.067553,0.007689,3.2870,0.0041,0.012579,4.317603,0.097990,0.015939,3.2972,4.325051,0.067792,0.007724,3.2630,0.0405,0.012488,0.765282,0.0000,4.325051,-0.000000,-0.000000,5.0000,0.000000,-1.149288,175.5792,2,3,sand,1.0000,1.100000,0,0,0.000000,0.000000,0.000000,0,nan,0.00,0.000000,0.3420,0.0909,0.000000,-0.6852,0.44,1.80,2.68,1.54,0.097990,0.9132,-1.7028,0.008000,0.100447,-0.5103,0.022390,0.085384,0.048331,-877.1193141419913,142.65430184964657,-1851.4286926466796,-560.1667679647447,-0.019808,-0.005904,6337.3,6283.2,0.135690,0.059415,0.000000,3.2610,1.0000,,,,,
2.2080,1778655555.210544,184,4.344400,-0.022253,0.012125,3.3125,-0.0376,0.011148,4.357184,0.099187,0.016076,3.3009,4.353128,-0.022023,0.012159,3.2729,0.0258,0.012031,0.740349,0.0000,4.353128,-0.000000,-0.000000,5.0000,0.000000,-1.107525,172.0417,2,3,sand,1.0000,1.100000,0,0,0.000000,0.000000,0.000000,0,nan,0.00,0.000000,0.3392,0.0943,0.000000,-0.6985,0.44,1.77,2.64,1.62,0.099187,0.9211,-1.6991,0.008000,0.164313,-0.2295,0.022913,0.093898,0.063959,-785.1739410625427,213.23541397795987,-1433.803934959585,-135.97024623036006,-0.014752,-0.001394,6343.7,6276.9,0.131257,0.049944,0.000000,3.2709,1.0000,,,,,
2.2200,1778655555.222606,185,4.464885,0.012265,0.011700,3.3125,0.1226,0.011602,4.396807,0.100354,0.016216,3.3041,4.473581,0.012537,0.011733,3.2809,0.0433,0.011790,0.711384,0.0000,4.473581,-0.000000,0.000000,5.0000,0.000000,-1.061928,169.2121,2,3,sand,1.0000,1.100000,0,0,0.000000,0.000000,0.000000,0,nan,0.00,0.000000,0.3366,0.0977,0.000000,-0.7112,0.44,1.73,2.62,1.52,0.100354,0.9291,-1.6959,0.008000,0.041133,-0.2940,0.020138,0.059636,0.025831,-710.8431924597728,-312.8204286692512,-1996.3689001466241,-718.1642706999435,-0.020194,-0.007188,6351.1,6269.5,0.126120,0.051084,0.000000,3.2790,1.0000,,,,,
2.2320,1778655555.234571,186,4.438379,0.029747,0.001152,3.3825,-0.0187,0.009347,4.436477,0.101447,0.016326,3.3085,4.447035,0.029891,0.001182,3.3008,0.0315,0.011158,0.687673,0.0000,4.447035,-0.000000,0.000000,5.0000,0.000000,-1.020002,164.5922,2,3,sand,1.0000,1.100000,0,0,0.000000,0.000000,0.000000,0,nan,0.00,0.000000,0.3339,0.1010,0.000000,-0.7235,0.44,1.70,2.59,1.52,0.101447,0.9354,-1.6915,0.008000,0.069009,-0.7040,0.016992,0.089816,0.054955,-782.3383811311071,187.11789620670686,-1629.4637342507046,-380.7280254575698,-0.015961,-0.003725,6357.1,6263.5,0.121907,0.027470,0.000000,3.2990,1.0000,,,,,
2.2440,1778655555.246593,187,4.463137,0.091930,0.012621,3.2779,-0.0205,0.008157,4.476216,0.102526,0.016427,3.3151,4.471698,0.092141,0.012649,3.2967,0.0216,0.010431,0.666970,0.0000,4.471698,-0.000000,0.000000,5.0000,0.000000,-0.981122,165.1136,2,3,sand,1.0000,1.100000,0,0,0.000000,0.000000,0.000000,0,nan,0.00,0.000000,0.3314,0.1043,0.000000,-0.7352,0.45,1.69,2.59,1.62,0.102526,0.9412,-1.6849,0.008000,0.063894,-0.0043,0.014293,0.083850,0.056272,-808.948855151611,484.9164455159423,-1302.6191469479195,-102.49070500584075,-0.012448,-0.000986,6362.4,6258.2,0.118228,0.055726,0.000000,3.2949,1.0000,,,,,
2.2560,1778655555.258574,188,4.521800,0.100360,0.014267,3.3956,0.0998,0.005129,4.516023,0.103530,0.016476,3.3188,4.530343,0.100617,0.014292,3.3161,0.0359,0.009362,0.650568,0.0000,4.530343,0.000000,0.000000,5.0000,0.000000,-0.948993,161.1963,2,3,sand,1.0000,1.100000,0,0,0.000000,0.000000,0.000000,0,nan,0.00,0.000000,0.3288,0.1075,0.000000,-0.7466,0.44,1.68,2.57,1.63,0.103530,0.9440,-1.6812,0.008000,0.058562,-0.3006,0.006235,0.094509,0.050718,-671.8946012745005,490.97065271862266,-1715.0583207472173,-641.5619657846818,-0.016287,-0.006109,6366.6,6254.0,0.115311,0.021817,0.000000,3.3144,1.0000,,,,,
2.2680,1778655555.270522,189,4.503768,0.063753,0.012524,3.3761,0.0449,-0.001205,4.555913,0.104485,0.016484,3.3274,4.512297,0.063989,0.012544,3.3280,0.0372,0.007360,0.641584,0.0000,4.512297,0.000000,0.000000,5.0000,0.000000,-0.926396,158.1201,2,3,sand,1.0000,1.100000,0,0,0.000000,0.000000,0.000000,0,nan,0.00,0.000000,0.3263,0.1108,0.000000,-0.7577,0.44,1.66,2.55,1.57,0.104485,0.9445,-1.6726,0.008000,0.104339,0.0488,-0.007220,0.065232,0.027411,-706.0577985503095,392.1459266763867,-1655.7076376284585,-806.4922679290934,-0.015588,-0.007641,6368.9,6251.7,0.113708,0.026777,0.000000,3.3264,1.0000,,,,,
2.2800,1778655555.282544,190,4.590958,0.087800,0.009471,3.3311,-0.0259,-0.004691,4.595851,0.105373,0.016441,3.3291,4.599410,0.087968,0.009484,3.3288,0.0253,0.005104,0.618004,0.0000,4.599410,0.000000,0.000000,5.0000,0.000000,-0.894183,157.2853,2,3,sand,1.0000,1.100000,0,0,0.000000,0.000000,0.000000,0,nan,0.00,0.000000,0.3239,0.1140,0.000000,-0.7685,0.44,1.65,2.53,1.57,0.105373,0.9420,-1.6709,0.008000,0.070724,-0.0901,-0.007429,0.065087,0.034119,-371.553250707228,1501.264215622881,-1158.854926886368,-550.1248595486586,-0.010625,-0.005118,6374.9,6245.7,0.109530,0.041747,0.000000,3.3273,1.0000,,,,,
2.2920,1778655555.294559,191,4.659700,0.103831,0.016674,3.2892,0.0585,-0.009419,4.635832,0.106241,0.016357,3.3347,4.668077,0.104061,0.016680,3.3214,0.0312,0.002477,0.603089,0.0000,4.668077,0.000000,-0.000000,5.0000,0.000000,-0.864970,158.3045,2,3,sand,1.0000,1.100000,0,0,0.000000,0.000000,0.000000,0,nan,0.00,0.000000,0.3214,0.1171,0.000000,-0.7789,0.44,1.65,2.52,1.63,0.106241,0.9372,-1.6653,0.008000,0.010044,0.2078,-0.010618,0.097530,0.050674,-581.8828825877196,-1066.7519912648638,-1225.152988998556,-917.7040957181102,-0.011121,-0.008483,6378.7,6241.9,0.106880,0.046698,0.000000,3.3199,1.0000,,,,,
2.3040,1778655555.306553,192,4.726653,0.123708,0.019888,3.3708,0.0158,-0.011779,4.675865,0.107038,0.016220,3.3362,4.735027,0.123946,0.019888,3.3313,0.0281,-0.000075,0.599969,0.0000,4.735027,0.000000,-0.000000,5.0000,0.000000,-0.848894,156.9700,2,3,sand,1.0000,1.100000,0,0,0.000000,0.000000,0.000000,0,nan,0.00,0.000000,0.3191,0.1202,0.000000,-0.7890,0.43,1.65,2.52,1.67,0.107038,0.9294,-1.6638,0.008000,0.092181,0.8091,-0.004090,0.068841,0.029088,-237.4814019563098,-268.03781244171637,-971.5987706766185,-965.5083978984476,-0.008772,-0.008912,6379.5,6241.1,0.106315,0.023727,0.000000,3.3297,1.0000,,,,,
2.3160,1778655555.318654,193,4.782612,0.128445,0.017138,3.3329,0.0329,-0.015711,4.715926,0.107831,0.016052,3.3379,4.791109,0.128653,0.017130,3.3318,0.0287,-0.002817,0.575723,0.0000,4.791109,-0.000000,-0.000000,5.0000,0.000000,-0.819146,155.9854,2,3,sand,1.0000,1.100000,0,0,0.000000,0.000000,0.000000,0,nan,0.00,0.000000,0.3167,0.1233,0.000000,-0.7989,0.45,1.67,2.57,1.76,0.107831,0.9197,-1.6621,0.008000,0.175202,0.2651,-0.011059,0.026364,-0.004478,-415.60368547637233,82.03509690181625,-848.9085340215104,-1168.642925427875,-0.007531,-0.010658,6385.6,6235.0,0.102032,0.036866,0.000000,3.3303,1.0000,,,,,
2.3280,1778655555.330584,194,4.806189,0.052172,0.015607,3.2485,-0.0070,-0.019948,4.755978,0.108593,0.015850,3.3349,4.814725,0.052338,0.015591,3.3159,0.0219,-0.005781,0.555500,0.0000,4.814725,-0.000000,-0.000000,5.0000,0.000000,-0.785808,156.5478,2,3,sand,1.0000,1.100000,0,0,0.000000,0.000000,0.000000,0,nan,0.00,0.000000,0.3144,0.1264,0.000000,-0.8083,0.45,1.64,2.55,1.53,0.108593,0.9081,-1.6651,0.008000,0.036436,0.2595,-0.032196,0.036722,0.005090,-129.0436015196791,180.24058577541587,-439.3887991055605,-1133.6352522615036,-0.003837,-0.010218,6390.8,6229.8,0.098451,0.070822,0.000000,3.3145,1.0000,,,,,
2.3400,1778655555.342626,195,4.887616,0.088469,0.014190,3.2837,0.0533,-0.022532,4.796000,0.109368,0.015628,3.3324,4.896056,0.088624,0.014167,3.3099,0.0275,-0.008615,0.520777,0.0000,4.896056,-0.000000,-0.000000,5.0000,0.000000,-0.737970,156.8693,2,3,sand,1.0000,1.100000,0,0,0.000000,0.000000,0.000000,0,nan,0.00,0.000000,0.3121,0.1293,0.000000,-0.8172,0.45,1.64,2.54,1.58,0.109368,0.8954,-1.6676,0.008000,0.122669,0.7883,-0.055947,0.044930,0.002804,-400.7812220734886,-81.72549894982512,-481.5265675302954,-1530.4806600766585,-0.004121,-0.013628,6399.6,6221.0,0.092302,0.059544,0.000000,3.3085,1.0000,,,,,
2.3520,1778655555.354584,196,4.815163,0.128478,0.018909,3.3879,0.0597,-0.020571,4.835986,0.110158,0.015421,3.3246,4.823568,0.128678,0.018881,3.3251,0.0332,-0.010564,0.492052,0.0000,4.823568,-0.000000,-0.000000,5.0000,0.000000,-0.690191,154.1716,2,3,sand,1.0000,1.100000,0,0,0.000000,0.000000,0.000000,0,nan,0.00,0.000000,0.3099,0.1323,0.000000,-0.8254,0.45,1.65,2.54,1.72,0.110158,0.8836,-1.6754,0.008000,0.041931,0.5296,-0.034554,0.093944,0.029166,278.98932108382155,-112.1524146608275,-578.1659722335662,-1862.562217687864,-0.004875,-0.016460,6406.9,6213.7,0.087206,0.029848,0.000000,3.3239,1.0000,,,,,
2.3640,1778655555.366569,197,4.858985,0.105278,0.017327,3.4237,0.0437,-0.021434,4.875902,0.110977,0.015221,3.3177,4.867531,0.105465,0.017294,3.3444,0.0349,-0.012277,0.477563,0.0000,4.867531,-0.000000,-0.000000,5.0000,0.000000,-0.655578,149.8471,2,3,sand,1.0000,1.100000,0,0,0.000000,0.000000,0.000000,0,nan,0.00,0.000000,0.3077,0.1352,0.000000,-0.8333,0.45,1.65,2.56,1.69,0.110977,0.8721,-1.6823,0.008000,0.010667,0.3626,-0.033193,0.100618,0.031448,64.99083589834873,-506.353376648719,-533.334932614362,-2025.8557533372993,-0.004463,-0.017848,6410.6,6210.0,0.084630,0.017987,0.000000,3.3432,1.0000,,,,,
2.3760,1778655555.378656,198,4.916441,0.154013,0.011166,3.3250,0.0362,-0.022256,4.915735,0.111815,0.015020,3.3063,4.925005,0.154141,0.011129,3.3408,0.0348,-0.013806,0.443522,0.0000,4.925005,-0.000000,0.000000,5.0000,0.000000,-0.607700,150.5587,2,3,sand,1.0000,1.100000,0,0,0.000000,0.000000,0.000000,0,nan,0.00,0.000000,0.3055,0.1380,0.000000,-0.8406,0.46,1.72,2.63,2.09,0.111815,0.8606,-1.6937,0.008000,0.114199,0.0523,-0.047833,0.079958,0.015839,296.23113128311445,-109.92974980389414,-442.98378513813,-2147.8675730800073,-0.003646,-0.018710,6419.2,6201.3,0.078605,0.048941,0.000000,3.3397,1.0000,,,,,
2.3880,1778655555.390629,199,4.961745,0.048177,0.015788,3.2828,0.0486,-0.023232,4.955456,0.112679,0.014809,3.2961,4.970541,0.048349,0.015745,3.3298,0.0370,-0.015159,0.416111,0.0000,4.970541,-0.000000,0.000000,5.0000,0.000000,-0.559771,149.7274,2,3,sand,1.0000,1.100000,0,0,0.000000,0.000000,0.000000,0,nan,0.00,0.000000,0.3033,0.1407,0.000000,-0.8473,0.46,1.70,2.62,1.57,0.112679,0.8485,-1.7039,0.008000,0.043840,0.5281,-0.057487,0.093987,0.021402,234.97021366533136,630.7121502362043,-445.6656381089892,-2340.6380222004796,-0.003624,-0.020273,6426.2,6194.4,0.073752,0.060431,0.000000,3.3287,1.0000,,,,,
2.4000,1778655555.402656,200,4.967163,0.121728,0.019456,3.2688,0.0193,-0.002900,4.995082,0.113668,0.014769,3.2828,4.975896,0.121932,0.019421,3.3180,0.0334,-0.012727,0.338955,0.0000,4.975896,-0.000000,0.000000,5.0000,0.000000,-0.466130,151.4679,2,3,sand,1.0000,1.100000,0,0,0.000000,0.000000,0.000000,0,nan,0.00,0.000000,0.3012,0.1434,0.000000,-0.8529,0.47,1.70,2.63,1.71,0.113668,0.8462,-1.7172,0.008000,0.042299,0.3701,-0.060321,0.103891,0.033566,-53.30860048007969,-7914.1315864698245,-479.4318886226128,-2117.3395009214464,-0.003789,-0.017821,6445.8,6174.8,0.060106,0.045650,0.000000,3.3171,1.0000,,,,,
2.4120,1778655555.414684,201,4.983643,0.088295,0.010871,3.2026,0.0205,0.034153,5.034401,0.114938,0.015202,3.2517,4.992335,0.088454,0.010859,3.2956,0.0307,-0.004253,0.264821,0.0000,4.992335,-0.000000,0.000000,5.0000,0.000000,-0.353055,153.4652,2,3,sand,1.0000,1.100000,0,0,0.000000,0.000000,0.000000,0,nan,0.00,0.000000,0.2991,0.1460,0.000000,-0.8572,0.47,1.68,2.62,1.57,0.114938,0.8710,-1.7483,0.008000,0.092530,-0.2643,-0.092077,0.114277,0.051777,-570.8627022041984,-4477.680824460124,-964.3798730763456,-1494.6961047021077,-0.007477,-0.012246,6464.6,6156.0,0.046974,0.064724,0.000000,3.2949,1.0000,,,,,
2.4240,1778655555.426507,202,5.028867,0.125769,0.017148,3.1955,-0.0372,0.038577,5.073376,0.116215,0.015710,3.2253,5.037358,0.125976,0.017157,3.2762,0.0179,0.003329,0.193824,0.0000,5.037358,0.000000,0.000000,5.0000,-1.000000,-0.233814,157.0787,2,3,sand,1.0000,1.100000,0,0,0.000000,0.000000,0.000000,0,nan,0.00,-0.022727,0.2970,0.1486,-0.012000,-0.8600,0.46,1.67,2.58,1.62,0.116215,0.9001,-1.7747,0.008000,0.098380,0.2592,-0.109615,0.101609,0.060528,-543.9776834725204,-2474.181505986917,-982.7168578236808,-477.88104101070496,-0.007497,-0.003840,6482.6,6137.9,0.034383,0.048924,0.000000,3.2757,1.0000,,,,,
2.4360,1778655555.438625,203,5.150101,0.106268,0.019022,3.2494,-0.0805,0.041727,5.112056,0.117557,0.016254,3.2070,5.158580,0.106468,0.019047,3.2710,-0.0015,0.008809,0.144849,-0.0146,5.158580,0.000000,-0.000000,5.0000,-1.000000,-0.132617,157.1425,2,3,sand,1.0000,1.100000,0,0,0.000000,0.000000,0.000000,0,nan,0.00,-0.045455,0.2950,0.1510,-0.024000,-0.8615,0.46,1.67,2.59,1.67,0.117557,0.9313,-1.7930,0.008000,0.055073,0.3331,-0.096968,0.040509,0.039251,-760.280816050424,408.587598051261,-2241.430609647934,734.5444133157406,-0.017225,0.005882,6495.1,6125.4,0.025682,0.024894,-1.000000,3.2706,1.0000,,,,,
2.4480,1778655555.450572,204,5.050349,0.094996,0.013307,3.1303,-0.0090,0.053504,5.150455,0.118971,0.016839,3.1871,5.058736,0.095171,0.013351,3.2438,-0.0041,0.015209,0.135879,-0.0266,5.058736,0.000000,0.000000,5.0000,-1.000000,-0.075096,161.4632,2,3,sand,1.0000,1.100000,0,0,0.000000,0.000000,0.000000,0,nan,0.00,-0.068182,0.2930,0.1533,-0.036000,-0.8624,0.46,1.66,2.57,1.58,0.118971,0.9648,-1.8129,0.008000,0.179590,0.1476,-0.114822,0.057595,0.060064,-807.9589862653265,518.3812456129308,-4069.8686349134327,1339.260778088083,-0.032798,0.010777,6497.5,6123.1,0.024051,0.058506,-1.000000,3.2434,1.0000,,,,,
2.4600,1778655555.462649,205,5.201996,0.147069,0.021369,3.1728,-0.0996,0.057054,5.188573,0.120467,0.017489,3.1663,5.210310,0.147287,0.021430,3.2300,-0.0230,0.020772,0.105868,-0.0386,5.210310,0.000000,-0.000000,5.0000,-1.000000,-0.019647,165.0945,2,3,sand,1.0000,1.100000,0,0,0.000000,0.000000,0.000000,0,nan,0.00,-0.090909,0.2910,0.1555,-0.048000,-0.8627,0.46,1.70,2.62,1.98,0.120467,1.0020,-1.8337,0.008000,0.050209,0.4168,-0.141130,0.063955,0.084465,-1039.4169468445814,-386.81495953286867,-5084.580220479422,2505.943628062102,-0.042600,0.020540,6505.1,6115.5,0.018726,0.036348,-1.000000,3.2298,1.0000,,,,,
2.4720,1778655555.474640,206,5.271101,0.097612,0.016195,3.1569,0.0225,0.046744,5.226494,0.121856,0.017998,3.1550,5.279569,0.097824,0.016265,3.2159,-0.0160,0.023112,0.076666,-0.0506,5.279569,-0.000000,-0.000000,5.0000,-1.000000,0.033944,166.6369,2,3,sand,1.0000,1.100000,0,0,0.000000,0.000000,0.000000,0,nan,0.00,-0.113636,0.2890,0.1576,-0.060000,-0.8623,0.46,1.69,2.62,1.63,0.121856,1.0312,-1.8450,0.008000,0.066779,0.1748,-0.173260,0.058993,0.079563,-1614.776643759658,6295.430555210594,-6490.531615737534,2456.5553088801275,-0.059179,0.020094,6512.5,6108.0,0.013545,0.030473,-1.000000,3.2157,1.0000,,,,,
2.4840,1778655555.486537,207,5.271890,0.118515,0.028270,3.1815,0.0350,0.028554,5.264249,0.123026,0.018325,3.1411,5.280254,0.118844,0.028338,3.2093,-0.0082,0.021795,0.079076,-0.0626,5.280254,-0.000000,-0.000000,5.0000,-1.000000,0.057266,168.2492,2,3,sand,1.0000,1.100000,0,0,0.000000,0.000000,0.000000,0,nan,0.00,-0.136364,0.2871,0.1595,-0.072000,-0.8616,0.46,1.72,2.64,1.90,0.123026,1.0499,-1.8589,0.008000,0.026969,1.2849,-0.173095,0.089889,0.093469,-2440.6424759582915,-53.526523116312774,-7419.908715399882,2102.275499146792,-0.073887,0.017072,6512.0,6108.6,0.013946,0.016251,-1.000000,3.2091,1.0000,,,,,
2.4960,1778655555.498650,208,5.303839,0.068808,0.026705,3.1400,-0.0854,0.025717,5.301866,0.123976,0.018538,3.1335,5.312332,0.069081,0.026770,3.1958,-0.0243,0.019750,0.058149,-0.0747,5.312332,-0.000000,-0.000000,5.0000,-0.035304,0.088115,170.0853,2,3,sand,1.0000,1.100000,0,0,0.000000,0.000000,0.000000,0,nan,0.00,-0.137166,0.2851,0.1614,-0.072424,-0.8605,0.47,1.71,2.64,1.63,0.123976,1.0622,-1.8665,0.008000,0.021257,0.7702,-0.172908,0.019540,0.056430,-2310.3244110091878,1085.594617335876,-7775.539642441287,2636.897876481321,-0.080557,0.021655,6517.3,6103.3,0.010240,0.019384,-1.000000,3.1957,1.0000,,,,,
2.5080,1778655555.510616,209,5.378892,0.115572,0.019998,3.0942,0.0158,0.016909,5.339349,0.124681,0.018657,3.1192,5.387300,0.115794,0.020057,3.1760,-0.0178,0.017708,-0.003034,-0.0725,5.387300,-0.000000,-0.000000,5.0000,-1.000000,0.159806,175.0008,2,3,sand,1.0000,1.100000,0,0,0.000000,0.000000,0.000000,0,nan,0.00,-0.159893,0.2832,0.1632,-0.084424,-0.8586,0.47,1.69,2.62,1.55,0.124681,1.0690,-1.8808,0.008000,0.069424,0.3047,-0.173505,0.070671,0.082623,-2416.5151448083693,-3630.281150197502,-7871.027040220941,2253.1345071185056,-0.081973,0.018370,6532.8,6087.8,-0.000577,0.023393,-0.035304,3.1760,1.0000,,,,,
2.5200,1778655555.522634,210,5.397543,0.127986,0.012702,3.1347,-0.0432,0.008234,5.376708,0.125109,0.018682,3.1118,5.405889,0.128112,0.012750,3.1679,-0.0244,0.013289,-0.043169,-0.0871,5.405889,-0.000000,0.000000,5.0000,-0.682227,0.230847,177.1978,2,3,sand,1.0000,1.100000,0,0,0.000000,0.000000,0.000000,0,nan,0.00,-0.175398,0.2813,0.1648,-0.092610,-0.8558,0.47,1.67,2.62,1.56,0.125109,1.0704,-1.8882,0.008000,0.086845,0.2940,-0.152313,0.039929,0.062050,-2864.954763092171,1176.5533673756495,-8232.601162030582,2245.462158421768,-0.090306,0.018351,6543.0,6077.6,-0.007696,0.000411,-1.000000,3.1680,1.0000,,,,,
2.5320,1778655555.534640,211,5.369253,0.102178,0.019994,3.0571,0.0833,0.000701,5.413935,0.125281,0.018608,3.1017,5.377524,0.102394,0.020030,3.1464,-0.0063,0.008702,-0.065446,-0.0944,5.377524,-0.000000,-0.000000,5.0000,0.193845,0.285724,181.2380,2,3,sand,1.0000,1.100000,0,0,0.000000,0.000000,0.000000,0,nan,0.00,-0.170993,0.2795,0.1664,-0.090284,-0.8524,0.48,1.68,2.65,1.77,0.125281,1.0662,-1.8983,0.008000,0.016498,0.4200,-0.147844,0.085882,0.073819,-2840.0628786265147,1381.870481121663,-8649.558384986472,1222.0753471181222,-0.102581,0.009849,6548.7,6071.9,-0.011662,0.026411,-0.682227,3.1466,1.0000,,,,,
2.5440,1778655555.546593,212,5.455130,0.112561,0.008705,3.0888,-0.1571,-0.010066,5.451030,0.125131,0.018397,3.0883,5.463384,0.112583,0.008727,3.1351,-0.0351,0.003880,-0.086192,-0.0898,5.463384,-0.000000,0.000000,5.0000,0.353676,0.331471,183.8480,2,3,sand,1.0000,1.100000,0,0,0.000000,0.000000,0.000000,0,nan,0.00,-0.162955,0.2776,0.1678,-0.086040,-0.8484,0.47,1.68,2.63,1.67,0.125131,1.0541,-1.9117,0.008000,0.034241,-0.3391,-0.149409,0.056038,0.067686,-3611.550502650865,151.4435925759135,-8122.623439269203,2031.7501503286562,-0.087667,0.016605,6554.0,6066.6,-0.015351,0.005298,0.193845,3.1354,1.0000,,,,,
2.5560,1778655555.558605,213,5.565912,0.106913,0.016579,3.1299,-0.0373,-0.023823,5.487980,0.124477,0.017958,3.0744,5.574129,0.106969,0.016584,3.1340,-0.0361,-0.002173,-0.102763,-0.0851,5.574129,0.000000,0.000000,5.0000,0.014141,0.368176,184.3161,2,3,sand,1.0000,1.100000,0,0,0.000000,0.000000,0.000000,0,nan,0.00,-0.162633,0.2758,0.1691,-0.085870,-0.8440,0.47,1.67,2.61,1.61,0.124477,1.0289,-1.9256,0.008000,0.183157,0.4214,-0.122676,0.051066,0.057832,-3506.986971416835,976.6755284974965,-7739.833025795361,1621.3218961754067,-0.079280,0.013187,6558.2,6062.4,-0.018297,-0.013920,0.353676,3.1343,1.0000,,,,,
2.5680,1778655555.570538,214,5.480110,0.059592,0.021350,3.0689,-0.1263,-0.040354,5.524808,0.123467,0.017398,3.0661,5.488224,0.059603,0.021332,3.1214,-0.0536,-0.010288,-0.116605,-0.0858,5.488224,-0.000000,0.000000,5.0000,1.000000,0.398650,186.5475,2,3,sand,1.0000,1.100000,0,0,0.000000,0.000000,0.000000,0,nan,0.00,-0.139906,0.2740,0.1703,-0.073870,-0.8392,0.46,1.65,2.58,1.56,0.123467,0.9968,-1.9339,0.008000,0.092148,0.3487,-0.118863,0.075262,0.075670,-3057.51811531426,-494.51052755969613,-7147.383002365757,1743.18939954594,-0.068583,0.014231,6561.7,6058.8,-0.020757,-0.000486,0.014141,3.1217,1.0000,,,,,
2.5800,1778655555.582741,215,5.564160,-0.010436,0.013458,3.0207,-0.0758,-0.049833,5.561481,0.122239,0.016777,3.0502,5.572259,-0.010534,0.013420,3.1018,-0.0574,-0.017345,-0.136248,-0.0713,5.572259,0.000000,0.000000,5.0000,1.000000,0.432317,190.7525,2,3,sand,1.0000,1.100000,0,0,0.000000,0.000000,0.000000,0,nan,0.00,-0.117179,0.2722,0.1713,-0.061870,-0.8340,0.48,1.66,2.62,1.72,0.122239,0.9612,-1.9498,0.008000,0.104396,0.1227,-0.121561,0.046506,0.051168,-2601.239948740605,684.7525554951817,-5800.7075300635115,1346.5181529208958,-0.050164,0.010964,6566.7,6053.8,-0.024240,0.013982,1.000000,3.1021,1.0000,,,,,
2.5920,1778655555.594754,216,5.626776,0.192684,0.018096,3.0419,-0.0913,-0.066338,5.597979,0.120622,0.015993,3.0352,5.634916,0.192566,0.018032,3.0901,-0.0631,-0.025806,-0.150272,-0.0592,5.634916,0.000000,0.000000,5.0000,-1.000000,0.462134,196.0827,2,3,sand,1.0000,1.100000,0,0,0.000000,0.000000,0.000000,0,nan,0.00,-0.139906,0.2704,0.1723,-0.073870,-0.8285,0.48,1.71,2.68,1.98,0.120622,0.9163,-1.9648,0.008000,0.088308,-0.2243,-0.126985,0.066721,0.058863,-1930.448448309582,-408.9682334309239,-3837.325809258461,922.5475940811851,-0.030348,0.007496,6570.3,6050.3,-0.026733,0.001926,1.000000,3.0905,1.0000,,,,,
2.6040,1778655555.606693,217,5.666070,0.185090,0.012942,3.0147,0.0003,-0.066187,5.634316,0.118904,0.015201,3.0200,5.674374,0.184918,0.012853,3.0754,-0.0530,-0.034789,-0.165695,-0.0766,5.674374,0.000000,-0.000000,5.0000,-1.000000,0.491214,198.9939,2,3,sand,1.0000,1.100000,0,0,0.000000,0.000000,0.000000,0,nan,0.00,-0.162633,0.2687,0.1731,-0.085870,-0.8226,0.49,1.78,2.77,2.16,0.118904,0.8710,-1.9800,0.008000,0.129471,-0.4840,-0.126298,0.058651,0.036494,370.1945118586267,-931.6182176138145,-5019.721741820713,-130.7886684465397,-0.041713,-0.001062,6574.2,6046.3,-0.029475,0.003871,-1.000000,3.0758,1.0000,,,,,
2.6160,1778655555.618662,218,5.652332,0.220106,0.019216,3.0868,-0.0742,-0.052320,5.670547,0.117515,0.014590,3.0125,5.660863,0.219948,0.019113,3.0776,-0.0585,-0.039731,-0.128020,-0.0886,5.660863,0.000000,-0.000000,5.0000,-1.000000,0.470582,198.8075,2,3,sand,1.0000,1.100000,0,0,0.000000,0.000000,0.000000,0,nan,0.00,-0.185361,0.2669,0.1739,-0.097870,-0.8170,0.50,1.87,2.86,2.37,0.117515,0.8360,-1.9875,0.008000,0.129507,0.3151,-0.098597,0.072150,0.044322,519.2262303559905,416.88546936108105,-5794.7365906966825,-224.9585518291869,-0.050057,-0.001815,6564.7,6055.8,-0.022844,-0.023300,-1.000000,3.0779,1.0000,,,,,
2.6280,1778655555.630641,219,5.653278,0.137878,0.015015,2.9790,-0.1156,-0.047659,5.706619,0.116255,0.014025,3.0010,5.662017,0.137630,0.014899,3.0584,-0.0709,-0.043201,-0.141063,-0.1007,5.662017,0.000000,-0.000000,5.0000,-0.431362,0.473442,200.6123,2,3,sand,1.0000,1.100000,0,0,0.000000,0.000000,0.000000,0,nan,0.00,-0.195164,0.2652,0.1745,-0.103047,-0.8113,0.49,1.82,2.81,1.58,0.116255,0.8035,-1.9990,0.008000,0.074835,0.5275,-0.105974,0.070647,0.048373,-569.8376834652656,-128.1271634134389,-6324.341962956787,85.47461193372,-0.056697,0.000691,6568.0,6052.5,-0.025143,0.012130,-1.000000,3.0588,1.0000,,,,,
2.6400,1778655555.642633,220,5.716750,0.229474,0.023865,3.0266,-0.0267,-0.058295,5.742555,0.114826,0.013379,2.9891,5.725355,0.229307,0.023740,3.0521,-0.0639,-0.047107,-0.151374,-0.1043,5.725355,0.000000,-0.000000,5.0000,-1.000000,0.484940,204.7619,2,3,sand,1.0000,1.100000,0,0,0.000000,0.000000,0.000000,0,nan,0.00,-0.217892,0.2635,0.1750,-0.115047,-0.8055,0.50,1.87,2.87,2.15,0.114826,0.7665,-2.0109,0.008000,0.143991,0.6080,-0.088713,0.073247,0.041670,-3039.6417503827624,-503.07769411834533,-6716.983184623211,-501.6789052921823,-0.062198,-0.004066,6570.6,6049.9,-0.026962,-0.007079,-0.431362,3.0526,1.0000,,,,,
2.6520,1778655555.654620,221,5.728312,0.119979,0.004211,2.9638,-0.0047,-0.060645,5.778356,0.113140,0.012630,2.9751,5.737011,0.119646,0.004072,3.0349,-0.0552,-0.051684,-0.175769,-0.1179,5.737011,0.000000,-0.000000,5.0000,1.000000,0.513379,206.0330,2,3,sand,1.0000,1.100000,0,0,0.000000,0.000000,0.000000,0,nan,0.00,-0.195164,0.2618,0.1755,-0.103047,-0.7993,0.50,1.85,2.84,1.70,0.113140,0.7237,-2.0249,0.008000,0.054922,0.1212,-0.092821,0.078654,0.033538,-2065.9424389732994,86.81156776337525,-7504.380450934988,-1174.513850058024,-0.075463,-0.009609,6576.8,6043.7,-0.031279,0.009977,-1.000000,3.0354,1.0000,,,,,
2.6640,1778655555.666672,222,5.846402,0.125145,0.007037,2.9440,-0.0943,-0.064092,5.813993,0.111244,0.011810,2.9629,5.855022,0.124802,0.006891,3.0171,-0.0623,-0.053466,-0.189358,-0.1002,5.855022,-0.000000,-0.000000,5.0000,0.731938,0.540324,210.0648,2,3,sand,1.0000,1.100000,0,0,0.000000,0.000000,0.000000,0,nan,0.00,-0.178529,0.2601,0.1759,-0.094264,-0.7928,0.50,1.82,2.83,1.68,0.111244,0.6767,-2.0371,0.008000,0.053634,-0.1612,-0.107930,0.069494,0.029845,-3056.054167785833,-76.40615123207817,-6418.868692638894,-1070.2163375160424,-0.058351,-0.008769,6580.3,6040.3,-0.033692,0.019480,1.000000,3.0177,1.0000,,,,,
2.6760,1778655555.678599,223,5.844889,0.098005,0.006482,2.9089,-0.1742,-0.078475,5.849514,0.108854,0.010771,2.9542,5.853329,0.097577,0.006323,2.9961,-0.0829,-0.057729,-0.190765,-0.0922,5.853329,-0.000000,-0.000000,5.0000,1.000000,0.555498,214.0593,2,3,sand,1.0000,1.100000,0,0,0.000000,0.000000,0.000000,0,nan,0.00,-0.155802,0.2585,0.1761,-0.082264,-0.7862,0.50,1.79,2.78,1.58,0.108854,0.6171,-2.0458,0.008000,0.067676,-0.5223,-0.115068,0.024879,0.009480,-1836.827047830192,641.7142343114892,-4706.435717148839,-554.7353949745002,-0.038670,-0.004530,6580.7,6039.9,-0.033950,0.020086,0.731938,2.9966,1.0000,,,,,
2.6880,1778655555.690613,224,5.848586,0.152329,0.014599,2.9555,-0.0616,-0.094534,5.884894,0.106191,0.009655,2.9411,5.856855,0.151958,0.014425,2.9881,-0.0784,-0.063399,-0.203419,-0.0795,5.856855,-0.000000,-0.000000,5.0000,-1.000000,0.574779,217.0501,2,3,sand,1.0000,1.100000,0,0,0.000000,0.000000,0.000000,0,nan,0.00,-0.178529,0.2568,0.1763,-0.094264,-0.7793,0.49,1.75,2.73,1.56,0.106191,0.5532,-2.0589,0.008000,0.172142,0.2316,-0.101648,-0.026572,-0.032506,-1381.258342735627,-866.9583554444966,-3034.7851196099305,-1231.6169557099051,-0.023592,-0.010138,6583.9,6036.7,-0.036187,0.007978,1.000000,2.9887,1.0000,,,,,
2.7000,1778655555.702616,225,5.878697,0.049401,0.015933,2.9687,-0.1909,-0.081877,5.920142,0.103615,0.008644,2.9321,5.886831,0.048968,0.015750,2.9842,-0.1006,-0.068171,-0.209952,-0.0970,5.886831,-0.000000,-0.000000,5.0000,1.000000,0.589771,216.7652,2,3,sand,1.0000,1.100000,0,0,0.000000,0.000000,0.000000,0,nan,0.00,-0.155802,0.2552,0.1764,-0.082264,-0.7722,0.49,1.72,2.70,1.57,0.103615,0.4953,-2.0679,0.008000,0.136967,0.3789,-0.092552,0.058740,0.031539,1093.6843460174198,-212.13034929803212,-3328.2232673033436,-595.1642119152804,-0.026100,-0.004880,6585.5,6035.0,-0.037345,-0.003575,-1.000000,2.9848,1.0000,,,,,
2.7120,1778655555.714613,226,5.939169,0.129777,0.018558,2.8921,-0.0935,-0.068909,5.955275,0.101350,0.007798,2.9217,5.947174,0.129373,0.018377,2.9662,-0.0984,-0.067245,-0.224802,-0.0796,5.947174,-0.000000,0.000000,5.0000,-0.892155,0.611618,221.8626,2,3,sand,1.0000,1.100000,0,0,0.000000,0.000000,0.000000,0,nan,0.00,-0.176078,0.2536,0.1764,-0.092969,-0.7648,0.49,1.71,2.68,1.60,0.101350,0.4468,-2.0783,0.008000,0.052161,0.8410,-0.094387,0.061631,0.032750,276.28585797126414,-962.1830660812537,-1802.2101363467013,-673.207720610344,-0.013719,-0.005540,6589.3,6031.3,-0.039972,0.027306,1.000000,2.9669,1.0000,,,,,
2.7240,1778655555.726647,227,5.956378,0.053642,0.004389,2.7926,-0.1010,-0.067997,5.990272,0.099104,0.006987,2.9109,5.964262,0.053119,0.004207,2.9325,-0.1001,-0.068607,-0.226860,-0.0954,5.964262,-0.000000,0.000000,5.0000,1.000000,0.625852,228.3301,2,3,sand,1.0000,1.100000,0,0,0.000000,0.000000,0.000000,0,nan,0.00,-0.153351,0.2520,0.1763,-0.080969,-0.7573,0.49,1.69,2.67,1.57,0.099104,0.4003,-2.0891,0.008000,0.139303,-0.2379,-0.133996,0.091355,0.052019,-580.1547390639319,-518.8158758586985,-2986.5108541257,-670.7948332265091,-0.023270,-0.005523,6589.8,6030.7,-0.040345,0.056312,-0.892155,2.9331,1.0000,,,,,
2.7360,1778655555.738624,228,6.020489,0.091295,-0.003141,2.9467,-0.0800,-0.066750,6.025140,0.096833,0.006180,2.9012,6.028328,0.090730,-0.003320,2.9351,-0.0956,-0.067248,-0.235852,-0.0783,6.028328,0.000000,0.000000,5.0000,1.000000,0.640815,228.2568,2,3,sand,1.0000,1.100000,0,0,0.000000,0.000000,0.000000,0,nan,0.00,-0.130624,0.2504,0.1762,-0.068969,-0.7496,0.49,1.66,2.65,1.54,0.096833,0.3541,-2.0988,0.008000,0.057766,-0.5369,-0.110885,0.055808,0.026321,-1241.1308927118248,-275.621171679197,-1648.078118857926,-810.8299403318574,-0.012541,-0.006697,6592.1,6028.4,-0.041937,0.002111,1.000000,2.9358,1.0000,,,,,
2.7480,1778655555.750593,229,6.151415,0.035049,0.011184,2.9301,-0.1210,-0.086059,6.059911,0.094187,0.005227,2.8943,6.159165,0.034577,0.010999,2.9341,-0.0994,-0.069508,-0.231463,-0.0663,6.159165,0.000000,-0.000000,5.0000,1.000000,0.643808,227.9554,2,3,sand,1.0000,1.100000,0,0,0.000000,0.000000,0.000000,0,nan,0.00,-0.107897,0.2488,0.1759,-0.056969,-0.7419,0.49,1.65,2.63,1.59,0.094187,0.2995,-2.1057,0.008000,0.204695,-0.0588,-0.104747,0.106553,0.058929,-2141.354254509028,-885.0001768760883,427.5262033029625,-862.6612068650353,0.003219,-0.007120,6591.0,6029.6,-0.041166,-0.002936,1.000000,2.9347,1.0000,,,,,
2.7600,1778655555.762601,230,6.072641,0.116861,0.000566,2.8358,-0.1897,-0.086085,6.094579,0.091297,0.004208,2.8853,6.080287,0.116257,0.000376,2.9149,-0.1149,-0.071130,-0.236672,-0.0543,6.080287,0.000000,0.000000,5.0000,-0.901290,0.651388,232.9881,2,3,sand,1.0000,1.100000,0,0,0.000000,0.000000,0.000000,0,nan,0.00,-0.128380,0.2473,0.1756,-0.067785,-0.7341,0.49,1.65,2.62,1.62,0.091297,0.2411,-2.1147,0.008000,0.039854,0.2802,-0.104313,0.025083,0.015082,-960.3488416922728,-715.6957947030326,2980.0275783628604,-358.7321083831568,0.023253,-0.002956,6592.3,6028.2,-0.042085,0.025955,1.000000,2.9155,1.0000,,,,,
2.7720,1778655555.774653,231,6.140648,0.070485,-0.004373,2.8589,-0.0806,-0.062439,6.129151,0.088585,0.003363,2.8773,6.148250,0.069869,-0.004558,2.9039,-0.1092,-0.070339,-0.266004,-0.0701,6.148250,0.000000,0.000000,5.0000,1.000000,0.682224,235.8628,2,3,sand,1.0000,1.100000,0,0,0.000000,0.000000,0.000000,0,nan,0.00,-0.105653,0.2457,0.1752,-0.055785,-0.7259,0.48,1.65,2.62,1.63,0.088585,0.1927,-2.1227,0.008000,0.034318,-0.1822,-0.096328,0.025806,0.012928,1351.0689167286828,-154.326201415146,1200.791971391278,-497.7401770977163,0.009139,-0.004134,6599.8,6020.8,-0.047267,0.038192,-0.901290,2.9046,1.0000,,,,,
2.7840,1778655555.786673,232,6.192278,0.070534,-0.001049,2.8135,-0.1085,-0.059484,6.163629,0.086233,0.002685,2.8671,6.199878,0.069953,-0.001228,2.8861,-0.1078,-0.066924,-0.312581,-0.0532,6.199878,0.000000,-0.000000,5.0000,0.612902,0.740269,241.4666,2,3,sand,1.0000,1.100000,0,0,0.000000,0.000000,0.000000,0,nan,0.00,-0.091724,0.2442,0.1748,-0.048430,-0.7170,0.49,1.63,2.62,1.58,0.086233,0.1539,-2.1329,0.008000,0.040581,-0.0193,-0.092836,0.006050,0.002270,978.1612409922219,-2845.6412439218548,2577.5208758739195,-344.02048859602803,0.020235,-0.002894,6611.6,6009.0,-0.055506,0.035417,1.000000,2.8869,1.0000,,,,,
2.7960,1778655555.798554,233,6.239834,0.088072,-0.000669,2.8290,-0.1030,-0.052112,6.197975,0.083949,0.002048,2.8585,6.247284,0.087522,-0.000836,2.8749,-0.1060,-0.063380,-0.310717,-0.0468,6.247284,0.000000,-0.000000,5.0000,-0.376477,0.766749,244.0360,2,3,sand,1.0000,1.100000,0,0,0.000000,0.000000,0.000000,0,nan,0.00,-0.100280,0.2426,0.1742,-0.052948,-0.7078,0.48,1.62,2.58,1.55,0.083949,0.1173,-2.1415,0.008000,0.094085,-0.3727,-0.094901,0.034412,0.022595,-668.1782174867303,-937.1076465444667,3213.5302148835285,-167.18911163673374,0.025618,-0.001405,6611.1,6009.4,-0.055199,0.026619,0.612902,2.8757,1.0000,,,,,
2.8080,1778655555.810662,234,6.325913,0.144143,0.007727,2.8091,-0.1279,-0.050131,6.232198,0.081586,0.001404,2.8469,6.333318,0.143657,0.007567,2.8620,-0.1100,-0.061152,-0.315298,-0.0539,6.333318,-0.000000,-0.000000,5.0000,-1.000000,0.784420,248.1401,2,3,sand,1.0000,1.100000,0,0,0.000000,0.000000,0.000000,0,nan,0.00,-0.123007,0.2411,0.1736,-0.064948,-0.6984,0.48,1.62,2.58,1.61,0.081586,0.0804,-2.1531,0.008000,0.179892,-0.1042,-0.103341,-0.013467,-0.001443,264.3370168319607,-272.2592002416616,2674.27529053415,203.5607943118831,0.021054,0.001713,6612.3,6008.3,-0.056019,0.033436,-0.376477,2.8628,1.0000,,,,,
2.8200,1778655555.822554,235,6.288441,0.134855,-0.001234,2.8278,-0.0760,-0.035152,6.266294,0.079524,0.000945,2.8377,6.295780,0.134341,-0.001382,2.8553,-0.1044,-0.057452,-0.312236,-0.0675,6.295780,-0.000000,-0.000000,5.0000,-1.000000,0.790431,249.2438,2,3,sand,1.0000,1.100000,0,0,0.000000,0.000000,0.000000,0,nan,0.00,-0.145734,0.2396,0.1729,-0.076948,-0.6889,0.48,1.62,2.57,1.59,0.079524,0.0542,-2.1623,0.008000,0.052569,-0.6588,-0.090765,0.028372,0.024753,1604.0067375699962,-1013.902291798013,499.64112176712007,293.2835006173161,0.003821,0.002467,6611.5,6009.0,-0.055484,0.020755,-1.000000,2.8561,1.0000,,,,,
2.8320,1778655555.834669,236,6.348245,0.034804,-0.002074,2.8430,-0.1448,-0.030433,6.300276,0.077725,0.000609,2.8289,6.355606,0.034279,-0.002211,2.8527,-0.1126,-0.053832,-0.312583,-0.0795,6.355606,-0.000000,-0.000000,5.0000,1.000000,0.793411,248.8922,2,3,sand,1.0000,1.100000,0,0,0.000000,0.000000,0.000000,0,nan,0.00,-0.123007,0.2381,0.1721,-0.064948,-0.6794,0.48,1.61,2.57,1.57,0.077725,0.0349,-2.1711,0.008000,0.091738,-0.0298,-0.059430,-0.022035,0.004472,333.34909707839574,-941.0426994111383,-1087.9069310256575,980.5055199272668,-0.008352,0.008282,6611.6,6008.9,-0.055550,0.010801,-1.000000,2.8535,1.0000,,,,,
2.8440,1778655555.846623,237,6.336910,0.054634,-0.006554,2.7631,-0.0440,-0.030101,6.334149,0.075880,0.000203,2.8176,6.344148,0.054136,-0.006678,2.8352,-0.0988,-0.048655,-0.313606,-0.0624,6.344148,-0.000000,-0.000000,5.0000,1.000000,0.796859,252.8258,2,3,sand,1.0000,1.100000,0,0,0.000000,0.000000,0.000000,0,nan,0.00,-0.100280,0.2367,0.1713,-0.052948,-0.6698,0.47,1.61,2.55,1.59,0.075880,0.0116,-2.1824,0.008000,0.022183,0.1596,-0.078704,-0.003884,0.011579,-2050.3799560561424,-1694.2747943944714,-393.20043184792803,736.4052976467184,-0.003007,0.006210,6611.9,6008.7,-0.055728,0.033302,1.000000,2.8360,1.0000,,,,,
2.8560,1778655555.858520,238,6.354498,0.074940,0.004358,2.9188,-0.1783,-0.043729,6.367880,0.073667,-0.000398,2.8055,6.361713,0.074495,0.004239,2.8512,-0.1124,-0.046952,-0.324680,-0.0504,6.361713,-0.000000,-0.000000,5.0000,0.049402,0.807589,249.7690,2,3,sand,1.0000,1.100000,0,0,0.000000,0.000000,0.000000,0,nan,0.00,-0.099157,0.2352,0.1704,-0.052355,-0.6602,0.46,1.60,2.52,1.56,0.073667,-0.0228,-2.1945,0.008000,0.110483,-0.1218,-0.062073,-0.046805,-0.004007,-2250.4449045724728,-1397.3814327109321,1742.395016278329,1408.9786830513394,0.013516,0.012007,6614.7,6005.9,-0.057681,-0.017590,1.000000,2.8521,1.0000,,,,,
2.8680,1778655555.870547,239,6.417069,0.113953,-0.006904,2.7650,-0.1484,-0.055590,6.401491,0.071177,-0.001083,2.7967,6.424178,0.113408,-0.007026,2.8344,-0.1186,-0.048467,-0.325419,-0.0522,6.424178,-0.000000,0.000000,5.0000,-0.882525,0.814674,254.1277,2,3,sand,1.0000,1.100000,0,0,0.000000,0.000000,0.000000,0,nan,0.00,-0.119214,0.2337,0.1694,-0.062945,-0.6504,0.46,1.61,2.52,1.65,0.071177,-0.0621,-2.2033,0.008000,0.049955,-0.0658,-0.059308,-0.023735,0.011756,-1242.6293092163162,-301.234222789073,2262.1901704121765,1566.5504855572876,0.017703,0.013384,6614.9,6005.7,-0.057814,0.025395,0.049402,2.8352,1.0000,,,,,
2.8800,1778655555.882516,240,6.390304,0.000500,-0.007169,2.7870,-0.0617,-0.035939,6.434985,0.068800,-0.001642,2.7876,6.397360,-0.000010,-0.007286,2.8251,-0.1086,-0.047195,-0.315365,-0.0652,6.397360,-0.000000,-0.000000,5.0000,1.000000,0.809082,255.2767,2,3,sand,1.0000,1.100000,0,0,0.000000,0.000000,0.000000,0,nan,0.00,-0.096487,0.2323,0.1683,-0.050945,-0.6407,0.45,1.60,2.49,1.56,0.068800,-0.0941,-2.2124,0.008000,0.069068,0.1405,-0.054814,-0.031585,0.002806,931.4765680938671,278.1149209653124,247.25169216132522,1279.3258839634348,0.001891,0.010851,6612.3,6008.2,-0.056040,0.014569,-0.882525,2.8259,1.0000,,,,,
2.8920,1778655555.894487,241,6.449826,-0.026161,-0.005239,2.7254,-0.1225,-0.041633,6.468323,0.066606,-0.002131,2.7748,6.456788,-0.026652,-0.005351,2.8056,-0.1098,-0.045148,-0.324922,-0.0485,6.456788,-0.000000,0.000000,5.0000,1.000000,0.816376,260.1351,2,3,sand,1.0000,1.100000,0,0,0.000000,0.000000,0.000000,0,nan,0.00,-0.073760,0.2309,0.1673,-0.038945,-0.6309,0.44,1.59,2.48,1.56,0.066606,-0.1221,-2.2252,0.008000,0.088059,0.0320,-0.052128,-0.042272,-0.001466,-406.6576521377991,-1727.6321368775502,1891.7079714562167,1448.846651736874,0.014708,0.012355,6614.8,6005.8,-0.057723,0.037495,1.000000,2.8064,1.0000,,,,,
2.9040,1778655555.906535,242,6.549434,-0.008585,0.006248,2.7792,-0.1062,-0.044250,6.501526,0.064246,-0.002708,2.7616,6.556343,-0.008987,0.006139,2.8003,-0.1078,-0.043940,-0.337723,-0.0365,6.556343,0.000000,0.000000,5.0000,1.000000,0.831825,261.6139,2,3,sand,1.0000,1.100000,0,0,0.000000,0.000000,0.000000,0,nan,0.00,-0.051033,0.2294,0.1661,-0.026945,-0.6209,0.44,1.59,2.46,1.54,0.064246,-0.1551,-2.2384,0.008000,0.080732,0.6830,-0.046518,-0.035316,0.002053,-1124.2339649031956,-306.05982994879014,3269.457763414412,1412.8173619170186,0.026291,0.012093,6618.0,6002.6,-0.059984,0.012185,1.000000,2.8012,1.0000,,,,,
2.9160,1778655555.918571,243,6.524593,0.086683,-0.005902,2.7095,-0.1285,-0.055920,6.534599,0.061621,-0.003404,2.7523,6.531414,0.086187,-0.006015,2.7826,-0.1101,-0.044801,-0.331818,-0.0245,6.531414,0.000000,0.000000,5.0000,-1.000000,0.835015,265.9059,2,3,sand,1.0000,1.100000,0,0,0.000000,0.000000,0.000000,0,nan,0.00,-0.073760,0.2280,0.1649,-0.038945,-0.6109,0.43,1.58,2.45,1.54,0.061621,-0.1950,-2.2477,0.008000,0.100079,-0.3697,-0.051001,0.001344,0.023117,-549.5846662672478,-164.77174430933428,4822.912389624167,1416.843328269784,0.041099,0.012104,6616.5,6004.1,-0.058946,0.027447,1.000000,2.7834,1.0000,,,,,
2.9280,1778655555.930642,244,6.559561,0.056525,-0.002432,2.7510,-0.0718,-0.036573,6.567563,0.059146,-0.003958,2.7405,6.566418,0.056074,-0.002542,2.7763,-0.1033,-0.044116,-0.353090,-0.0414,6.566418,0.000000,0.000000,5.0000,0.073723,0.856144,267.9494,2,3,sand,1.0000,1.100000,0,0,0.000000,0.000000,0.000000,0,nan,0.00,-0.072084,0.2266,0.1636,-0.038061,-0.6006,0.45,1.59,2.48,1.63,0.059146,-0.2268,-2.2595,0.008000,0.058176,0.3295,-0.050848,0.006406,0.023089,1742.4148234243107,-3077.282584985521,3122.5382687243336,1215.2967323440573,0.025115,0.010431,6621.9,5998.7,-0.062706,0.009982,-1.000000,2.7771,1.0000,,,,,
2.9400,1778655555.942650,245,6.654903,0.192177,-0.001855,2.8225,-0.1103,-0.031459,6.600373,0.057102,-0.004323,2.7290,6.661851,0.191734,-0.001959,2.7850,-0.1039,-0.041552,-0.361866,-0.0379,6.661851,0.000000,-0.000000,5.0000,-1.000000,0.874505,269.1278,2,3,sand,1.0000,1.100000,0,0,0.000000,0.000000,0.000000,0,nan,0.00,-0.094812,0.2252,0.1623,-0.050061,-0.5901,0.45,1.58,2.49,1.56,0.057102,-0.2477,-2.2710,0.008000,0.174248,0.2586,-0.039525,-0.040868,-0.001826,1420.4824014909093,2255.3582235361264,3052.868596434045,1426.1035618043363,0.024572,0.012314,6624.1,5996.4,-0.064268,-0.013404,0.073723,2.7859,1.0000,,,,,
2.9520,1778655555.954588,246,6.646885,0.052943,-0.009016,2.6971,-0.1002,-0.022695,6.633069,0.055313,-0.004610,2.7217,6.653759,0.052467,-0.009113,2.7678,-0.1037,-0.039211,-0.363135,-0.0525,6.653759,0.000000,0.000000,5.0000,0.960508,0.884522,270.4170,2,3,sand,1.0000,1.100000,0,0,0.000000,0.000000,0.000000,0,nan,0.00,-0.072982,0.2238,0.1609,-0.038534,-0.5795,0.45,1.59,2.49,1.62,0.055313,-0.2641,-2.2783,0.008000,0.025468,0.0914,-0.039148,-0.042741,0.000098,1439.048607014811,-2707.57434862666,1320.0740885007351,1648.1138189831524,0.010290,0.014287,6624.5,5996.1,-0.064499,0.023095,-1.000000,2.7687,1.0000,,,,,
2.9640,1778655555.966520,247,6.697994,0.068034,-0.002545,2.6544,-0.0600,-0.019729,6.665627,0.053651,-0.004879,2.7105,6.704793,0.067643,-0.002632,2.7456,-0.0942,-0.034700,-0.378857,-0.0362,6.704793,0.000000,-0.000000,5.0000,-0.180913,0.904955,276.3924,2,3,sand,1.0000,1.100000,0,0,0.000000,0.000000,0.000000,0,nan,0.00,-0.077094,0.2225,0.1595,-0.040705,-0.5686,0.44,1.58,2.47,1.57,0.053651,-0.2795,-2.2895,0.008000,0.053318,-0.1295,-0.076212,-0.022311,0.010029,-458.78918413230065,-1396.6260703489643,2141.2244577105776,1546.54133227528,0.016971,0.013464,6628.5,5992.1,-0.067278,0.033079,0.960508,2.7466,1.0000,,,,,
2.9760,1778655555.978616,248,6.777156,0.066311,-0.002453,2.6966,-0.0963,-0.035092,6.698069,0.051715,-0.005312,2.7002,6.783944,0.065919,-0.002539,2.7359,-0.0944,-0.035003,-0.387948,-0.0412,6.783944,-0.000000,-0.000000,5.0000,-0.141134,0.923507,279.1104,2,3,sand,1.0000,1.100000,0,0,0.000000,0.000000,0.000000,0,nan,0.00,-0.080301,0.2211,0.1580,-0.042399,-0.5575,0.45,1.59,2.48,1.61,0.051715,-0.3043,-2.2998,0.008000,0.075912,0.5662,-0.069000,-0.008228,0.018104,-943.0421407690064,384.2370959109194,1891.256759361909,1541.3895450834934,0.014968,0.013466,6630.8,5989.8,-0.068892,0.014554,-0.180913,2.7369,1.0000,,,,,
2.9880,1778655555.990598,249,6.589626,0.011068,-0.008372,2.5785,-0.1431,-0.032136,6.730405,0.049734,-0.005736,2.6906,6.596333,0.010616,-0.008458,2.7052,-0.1029,-0.034621,-0.413253,-0.0427,6.596333,0.000000,0.000000,5.0000,1.000000,0.956974,287.3904,2,3,sand,1.0000,1.100000,0,0,0.000000,0.000000,0.000000,0,nan,0.00,-0.057574,0.2198,0.1565,-0.030399,-0.5461,0.45,1.59,2.48,1.59,0.049734,-0.3287,-2.3094,0.008000,0.091605,0.0770,-0.091343,-0.069723,-0.012001,264.0518763580993,-3495.6767690034703,2107.3227682096312,1943.8702995068672,0.016882,0.017290,6637.2,5983.4,-0.073368,0.059895,-0.141134,2.7063,1.0000,,,,,
3.0000,1778655556.002644,250,6.731769,0.070751,-0.008833,2.7563,-0.0477,-0.029014,6.762604,0.047895,-0.006108,2.6804,6.738471,0.070332,-0.008915,2.7150,-0.0914,-0.032540,-0.389918,-0.0279,6.738471,0.000000,-0.000000,5.0000,-0.388818,0.951168,284.2441,2,3,sand,1.0000,1.100000,0,0,0.000000,0.000000,0.000000,0,nan,0.00,-0.066411,0.2184,0.1549,-0.035065,-0.5346,0.44,1.58,2.46,1.56,0.047895,-0.3500,-2.3196,0.008000,0.105042,-0.1296,-0.061270,-0.080777,-0.024633,724.4871695273041,2067.209781139779,2954.6515514677453,1572.8326370287498,0.023933,0.013759,6631.3,5989.3,-0.069261,-0.012134,1.000000,2.7159,1.0000,,,,,
3.0120,1778655556.014605,251,6.901100,-0.018965,-0.007672,2.6780,-0.1321,-0.029433,6.794691,0.046060,-0.006495,2.6710,6.907813,-0.019393,-0.007753,2.7076,-0.0987,-0.032393,-0.409934,-0.0360,6.907813,-0.000000,0.000000,5.0000,1.000000,0.967048,286.8712,2,3,sand,1.0000,1.100000,0,0,0.000000,0.000000,0.000000,0,nan,0.00,-0.043683,0.2171,0.1533,-0.023065,-0.5230,0.45,1.58,2.48,1.58,0.046060,-0.3721,-2.3290,0.008000,0.066372,-0.6942,-0.062103,-0.078668,-0.018116,546.7423406484943,-596.8974677321669,2672.265204284098,1911.6989831961528,0.021640,0.016968,6636.4,5984.2,-0.072794,0.010553,-0.388818,2.7086,1.0000,,,,,
3.0240,1778655556.026677,252,6.865385,0.023278,-0.013806,2.6755,-0.0420,-0.031360,6.826637,0.044313,-0.006853,2.6573,6.872172,0.022835,-0.013885,2.7011,-0.0867,-0.030964,-0.433301,-0.0206,6.872172,-0.000000,-0.000000,5.0000,1.000000,0.996193,289.4116,2,3,sand,1.0000,1.100000,0,0,0.000000,0.000000,0.000000,0,nan,0.00,-0.020956,0.2157,0.1516,-0.011065,-0.5111,0.47,1.58,2.51,1.54,0.044313,-0.3926,-2.3427,0.008000,0.074813,-0.2438,-0.051387,-0.033054,0.002540,456.1493942001882,1007.9059877415325,3508.6554132163437,1449.1678138616116,0.029362,0.012888,6642.3,5978.3,-0.076933,0.010169,1.000000,2.7022,1.0000,,,,,
3.0360,1778655556.038632,253,6.826767,0.051049,-0.015577,2.5849,-0.1167,-0.031872,6.858452,0.042481,-0.007277,2.6493,6.833492,0.050586,-0.015655,2.6784,-0.0906,-0.029841,-0.427090,-0.0086,6.833492,-0.000000,-0.000000,5.0000,-0.325503,1.005746,294.7017,2,3,sand,1.0000,1.100000,0,0,0.000000,0.000000,0.000000,0,nan,0.00,-0.028354,0.2144,0.1498,-0.014971,-0.4990,0.47,1.59,2.52,1.63,0.042481,-0.4169,-2.3507,0.008000,0.017582,-0.5551,-0.065733,-0.041666,0.000686,77.11144326280271,190.98587398621294,4918.339165879813,1681.8607665573452,0.043654,0.014975,6640.8,5979.8,-0.075849,0.032443,1.000000,2.6795,1.0000,,,,,
3.0480,1778655556.050588,254,6.898155,0.075985,-0.005621,2.6407,0.0271,-0.029280,6.890166,0.040720,-0.007664,2.6400,6.904868,0.075648,-0.005698,2.6709,-0.0686,-0.029732,-0.423913,-0.0158,6.904868,-0.000000,-0.000000,5.0000,-1.000000,1.007931,296.6501,2,3,sand,1.0000,1.100000,0,0,0.000000,0.000000,0.000000,0,nan,0.00,-0.051081,0.2131,0.1480,-0.026971,-0.4869,0.46,1.58,2.51,1.56,0.040720,-0.4391,-2.3600,0.008000,0.099646,0.1986,-0.081200,0.050839,0.040855,1597.079315537251,3494.3792900801773,3663.8356965450257,742.9874178940704,0.030712,0.006527,6640.0,5980.6,-0.075292,0.003483,-0.325503,2.6720,1.0000,,,,,
3.0600,1778655556.062590,255,6.993996,0.006444,-0.001819,2.5641,-0.0230,-0.016905,6.921735,0.039333,-0.007909,2.6274,7.000653,0.006163,-0.001891,2.6501,-0.0607,-0.028225,-0.411739,-0.0295,7.000653,0.000000,0.000000,5.0000,1.000000,0.999022,300.7814,2,3,sand,1.0000,1.100000,0,0,0.000000,0.000000,0.000000,0,nan,0.00,-0.028354,0.2118,0.1462,-0.014971,-0.4749,0.47,1.58,2.51,1.57,0.039333,-0.4532,-2.3726,0.008000,0.072311,0.6072,-0.084818,-0.008135,0.003918,2240.5070376892227,46.58640496697194,1735.3944446790535,558.6465898179539,0.013810,0.004876,6636.9,5983.7,-0.073143,0.035507,-1.000000,2.6511,1.0000,,,,,
3.0720,1778655556.074579,256,6.953724,0.054609,-0.004480,2.5294,-0.0585,-0.014360,6.953179,0.038157,-0.008083,2.6159,6.960268,0.054329,-0.004543,2.6265,-0.0589,-0.024482,-0.421565,-0.0125,6.960268,-0.000000,0.000000,5.0000,-0.797978,1.005268,307.2305,2,3,sand,1.0000,1.100000,0,0,0.000000,0.000000,0.000000,0,nan,0.00,-0.046490,0.2105,0.1443,-0.024547,-0.4629,0.46,1.58,2.49,1.57,0.038157,-0.4631,-2.3841,0.008000,0.023837,0.0874,-0.084737,-0.005385,0.007618,642.5292774144638,-2466.550610248623,2955.1391570563674,737.4744406667842,0.024207,0.006472,6639.4,5981.2,-0.074871,0.037860,1.000000,2.6275,1.0000,,,,,
3.0840,1778655556.086540,257,6.984011,0.007204,-0.009831,2.6376,0.0495,-0.014680,6.984478,0.037055,-0.008232,2.6046,6.990522,0.006948,-0.009889,2.6285,-0.0396,-0.023474,-0.406958,-0.0265,6.990522,-0.000000,0.000000,5.0000,1.000000,0.994719,305.8937,2,3,sand,1.0000,1.100000,0,0,0.000000,0.000000,0.000000,0,nan,0.00,-0.023763,0.2092,0.1424,-0.012547,-0.4509,0.45,1.58,2.48,1.61,0.037055,-0.4717,-2.3954,0.008000,0.084777,-0.2179,-0.072269,0.018109,0.010969,1495.772553436545,-467.75508230409184,649.9520119536487,-31.921059926472804,0.005108,-0.000278,6635.7,5984.9,-0.072292,-0.002763,-0.797978,2.6295,1.0000,,,,,
3.0960,1778655556.098533,258,7.023475,0.041282,-0.005100,2.6180,-0.0888,-0.009435,7.015636,0.036015,-0.008387,2.5930,7.029953,0.041049,-0.005151,2.6263,-0.0474,-0.019821,-0.409550,-0.0101,7.029953,0.000000,0.000000,5.0000,-0.455538,0.992315,306.6279,2,3,sand,1.0000,1.100000,0,0,0.000000,0.000000,0.000000,0,nan,0.00,-0.034116,0.2080,0.1404,-0.018013,-0.4390,0.44,1.61,2.50,1.80,0.036015,-0.4806,-2.4070,0.008000,0.163729,0.2931,-0.041408,-0.022524,-0.004389,-719.2617166594753,-221.9100284750043,2366.8777911935576,588.181848963897,0.019034,0.005130,6636.3,5984.3,-0.072743,-0.002565,1.000000,2.6273,1.0000,,,,,
3.1080,1778655556.110556,259,7.061718,-0.011297,-0.013741,2.5406,-0.0645,-0.015310,7.046651,0.034888,-0.008587,2.5801,7.068209,-0.011593,-0.013789,2.6095,-0.0507,-0.019427,-0.414156,-0.0191,7.068209,0.000000,0.000000,5.0000,1.000000,0.996333,311.0371,2,3,sand,1.0000,1.100000,0,0,0.000000,0.000000,0.000000,0,nan,0.00,-0.011388,0.2067,0.1384,-0.006013,-0.4271,0.44,1.60,2.48,1.55,0.034888,-0.4920,-2.4199,0.008000,0.086848,-0.1098,-0.070254,-0.004168,0.009100,330.85767939907237,-136.8467838163083,1782.445896957723,800.4078154705466,0.014206,0.007005,6637.5,5983.1,-0.073559,0.021246,-0.455538,2.6105,1.0000,,,,,
3.1200,1778655556.122587,260,7.024864,0.032967,-0.010678,2.5515,-0.0297,-0.019256,7.077501,0.033815,-0.008795,2.5676,7.031291,0.032708,-0.010725,2.5981,-0.0455,-0.018138,-0.398190,-0.0035,7.031291,0.000000,0.000000,5.0000,-0.244774,0.984447,313.0771,2,3,sand,1.0000,1.100000,0,0,0.000000,0.000000,0.000000,0,nan,0.00,-0.016951,0.2055,0.1363,-0.008950,-0.4153,0.43,1.60,2.47,1.57,0.033815,-0.5039,-2.4324,0.008000,0.162821,-0.1249,-0.072352,-0.039546,-0.014248,175.70362817353322,463.342165765765,3021.014087083388,626.3396448801,0.024584,0.005439,6633.4,5987.1,-0.070740,0.018210,1.000000,2.5991,1.0000,,,,,
3.1320,1778655556.134553,261,7.152772,0.152129,-0.005651,2.5446,-0.0643,-0.014382,7.108216,0.032770,-0.009008,2.5556,7.159168,0.151897,-0.005696,2.5876,-0.0488,-0.017580,-0.395130,-0.0096,7.159168,0.000000,-0.000000,5.0000,-1.000000,0.977451,317.6718,2,3,sand,1.0000,1.100000,0,0,0.000000,0.000000,0.000000,0,nan,0.00,-0.039679,0.2042,0.1343,-0.020950,-0.4035,0.44,1.60,2.47,1.59,0.032770,-0.5161,-2.4444,0.008000,0.139051,0.5382,-0.074225,-0.034741,-0.008221,1756.3611962823907,1852.1172543563794,2766.520522710092,848.4778985709443,0.022341,0.007371,6632.6,5987.9,-0.070194,0.011635,-0.244774,2.5885,1.0000,,,,,
3.1440,1778655556.146728,262,7.166315,0.042362,0.000645,2.4948,0.0110,-0.005126,7.138797,0.032031,-0.009076,2.5443,7.172718,0.042205,0.000605,2.5694,-0.0385,-0.016274,-0.383718,-0.0234,7.172718,0.000000,-0.000000,5.0000,-0.573438,0.964165,319.7052,2,3,sand,1.0000,1.100000,0,0,0.000000,0.000000,0.000000,0,nan,0.00,-0.052711,0.2030,0.1322,-0.027832,-0.3920,0.45,1.60,2.49,1.62,0.032031,-0.5200,-2.4557,0.008000,0.067130,1.0168,-0.070345,-0.016938,-0.002169,1690.5987740449402,3695.3256122095363,545.6450211035288,521.6031044235773,0.004254,0.004501,6629.8,5990.8,-0.068179,0.021436,-1.000000,2.5704,1.0000,,,,,
3.1560,1778655556.158635,263,7.077100,0.054630,-0.012247,2.6067,0.0052,0.000121,7.169237,0.031572,-0.009075,2.5321,7.083561,0.054420,-0.012281,2.5764,-0.0309,-0.014005,-0.388238,-0.0293,7.083561,0.000000,0.000000,5.0000,-0.118514,0.961623,318.2017,2,3,sand,1.0000,1.100000,0,0,0.000000,0.000000,0.000000,0,nan,0.00,-0.055405,0.2017,0.1300,-0.029254,-0.3804,0.45,1.60,2.50,1.58,0.031572,-0.5200,-2.4679,0.008000,0.093338,-0.2181,-0.056149,0.014488,0.014385,1675.687723194035,3185.47639388674,-1017.1092095174065,375.49794245428257,-0.007965,0.003244,6630.9,5989.7,-0.068974,-0.021483,-0.573438,2.5774,1.0000,,,,,
3.1680,1778655556.170621,264,7.165044,-0.063445,-0.009110,2.6698,0.0015,-0.004144,7.199524,0.031183,-0.009085,2.5193,7.171545,-0.063614,-0.009140,2.5943,-0.0251,-0.012552,-0.386948,-0.0296,7.171545,0.000000,-0.000000,5.0000,1.000000,0.958163,314.1092,2,3,sand,1.0000,1.100000,0,0,0.000000,0.000000,0.000000,0,nan,0.00,-0.032678,0.2005,0.1279,-0.017254,-0.3689,0.45,1.59,2.50,1.58,0.031183,-0.5205,-2.4807,0.008000,0.117510,-0.3364,-0.018573,-0.004180,0.002491,-201.0081342897272,-321.6558809050782,-1644.7433405829927,226.43669166714113,-0.012965,0.001954,6630.6,5990.0,-0.068745,-0.052965,-0.118514,2.5953,1.0000,,,,,
3.1800,1778655556.182628,265,7.187263,-0.025716,-0.003344,2.4827,0.0051,-0.011083,7.229621,0.030595,-0.009220,2.5035,7.193709,-0.025829,-0.003372,2.5725,-0.0187,-0.011362,-0.404566,-0.0147,7.193709,0.000000,-0.000000,5.0000,1.000000,0.973837,319.8782,2,3,sand,1.0000,1.100000,0,0,0.000000,0.000000,0.000000,0,nan,0.00,-0.009950,0.1993,0.1257,-0.005254,-0.3572,0.46,1.60,2.51,1.62,0.030595,-0.5283,-2.4965,0.008000,0.079041,0.1831,-0.015859,0.013938,0.008929,-1870.5461566851286,-450.7199001204449,-390.6888253277588,-25.382198278726026,-0.003064,-0.000221,6635.0,5985.5,-0.071854,0.017710,1.000000,2.5735,1.0000,,,,,
3.1920,1778655556.194640,266,7.264248,0.035197,-0.012487,2.5147,-0.0013,-0.031374,7.259566,0.029609,-0.009566,2.4922,7.270708,0.035020,-0.012523,2.5611,-0.0146,-0.013786,-0.403042,-0.0027,7.270708,-0.000000,-0.000000,5.0000,-0.325462,0.980633,322.7362,2,3,sand,1.0000,1.100000,0,0,0.000000,0.000000,0.000000,0,nan,0.00,-0.017347,0.1981,0.1235,-0.009159,-0.3455,0.46,1.59,2.51,1.54,0.029609,-0.5481,-2.5078,0.008000,0.036756,-0.0944,-0.030632,-0.001745,-0.004934,-956.5249631872418,-538.9796118129669,1281.776871573502,-475.3983259319527,0.010111,-0.004133,6634.7,5985.9,-0.071595,-0.002368,1.000000,2.5621,1.0000,,,,,
3.2040,1778655556.206633,267,7.309769,0.011839,-0.009114,2.4621,-0.0536,-0.025130,7.289375,0.028622,-0.009873,2.4784,7.316168,0.011658,-0.009156,2.5417,-0.0220,-0.015984,-0.404107,-0.0100,7.316168,-0.000000,-0.000000,5.0000,0.370297,0.985959,327.6624,2,3,sand,1.0000,1.100000,0,0,0.000000,0.000000,0.000000,0,nan,0.00,-0.008931,0.1969,0.1213,-0.004716,-0.3336,0.46,1.60,2.53,1.64,0.028622,-0.5657,-2.5216,0.008000,0.029388,-0.1420,-0.047503,0.001375,-0.001915,1108.1961603397144,1520.5177089560216,1323.4821145098867,-293.4518719479749,0.010449,-0.002550,6634.9,5985.6,-0.071785,0.020875,-0.325462,2.5428,1.0000,,,,,
3.2160,1778655556.218677,268,7.400793,0.075291,-0.004245,2.4514,-0.0525,-0.020889,7.319020,0.027881,-0.010095,2.4669,7.407168,0.075126,-0.004288,2.5241,-0.0270,-0.016183,-0.407236,-0.0038,7.407168,-0.000000,0.000000,5.0000,-1.000000,0.992645,332.9158,2,3,sand,1.0000,1.100000,0,0,0.000000,0.000000,0.000000,0,nan,0.00,-0.031659,0.1957,0.1190,-0.016716,-0.3217,0.46,1.59,2.52,1.54,0.027881,-0.5784,-2.5331,0.008000,0.117516,0.5487,-0.047944,-0.030360,-0.016861,2866.732240384751,322.4147433333551,2219.2691884535957,-90.1515650482915,0.017780,-0.000784,6635.7,5984.8,-0.072341,0.025920,0.370297,2.5251,1.0000,,,,,
3.2280,1778655556.230676,269,7.366430,-0.005769,-0.017505,2.4725,0.0776,0.006524,7.348556,0.027551,-0.010148,2.4580,7.372812,-0.005955,-0.017538,2.5139,-0.0088,-0.013131,-0.409874,-0.0193,7.372812,-0.000000,-0.000000,5.0000,1.000000,0.998568,335.2692,2,3,sand,1.0000,1.100000,0,0,0.000000,0.000000,0.000000,0,nan,0.00,-0.008931,0.1945,0.1167,-0.004716,-0.3097,0.48,1.59,2.54,1.58,0.027551,-0.5814,-2.5420,0.008000,0.083668,-0.3413,-0.048287,0.004696,-0.003973,2275.40120767142,-2956.2927945691827,-669.6335254325103,-658.5139270266086,-0.005268,-0.005747,6636.4,5984.2,-0.072812,-0.000931,-1.000000,2.5149,1.0000,,,,,
3.2400,1778655556.242657,270,7.392883,-0.032865,-0.009433,2.3955,-0.0614,0.001658,7.378002,0.027415,-0.010163,2.4569,7.399246,-0.033010,-0.009458,2.4908,-0.0174,-0.009371,-0.401254,-0.0022,7.399246,-0.000000,-0.000000,5.0000,1.000000,0.994976,340.9023,2,3,sand,1.0000,1.100000,0,0,0.000000,0.000000,0.000000,0,nan,0.00,0.013796,0.1933,0.1144,0.007284,-0.2978,0.48,1.59,2.56,1.62,0.027415,-0.5823,-2.5431,0.008000,0.170170,0.0411,-0.061135,0.058942,0.032549,-977.2916592853047,1467.1069365739781,1163.7240894839938,35.69900896621677,0.009164,0.000310,6634.2,5986.3,-0.071296,0.025288,1.000000,2.4918,1.0000,,,,,
3.2520,1778655556.254634,271,7.365177,0.051632,-0.010327,2.4242,0.1223,-0.027794,7.407298,0.026850,-0.010427,2.4406,7.371521,0.051538,-0.010358,2.4777,0.0091,-0.011260,-0.373915,0.0098,7.371521,-0.000000,-0.000000,5.0000,-1.000000,0.969320,343.1892,2,3,sand,1.0000,1.100000,0,0,0.000000,0.000000,0.000000,0,nan,0.00,-0.008931,0.1922,0.1121,-0.004716,-0.2862,0.48,1.59,2.56,1.57,0.026850,-0.5974,-2.5594,0.008000,0.064857,-0.5061,-0.057175,0.044130,0.006504,-2243.6442375521146,-2243.339788920676,1586.4765388988671,-1497.5218431823246,0.012447,-0.013004,6627.3,5993.3,-0.066468,0.015886,1.000000,2.4787,1.0000,,,,,
3.2640,1778655556.266615,272,7.369140,0.062257,-0.005815,2.4164,-0.0467,-0.023027,7.436489,0.026301,-0.010648,2.4282,7.375435,0.062155,-0.005853,2.4656,-0.0021,-0.014138,-0.393285,-0.0073,7.375435,-0.000000,-0.000000,5.0000,-1.000000,0.975599,347.2987,2,3,sand,1.0000,1.100000,0,0,0.000000,0.000000,0.000000,0,nan,0.00,-0.031659,0.1910,0.1098,-0.016716,-0.2745,0.48,1.59,2.56,1.61,0.026301,-0.6101,-2.5718,0.008000,0.034989,0.4953,-0.075770,0.034921,0.005124,1205.4182888235773,-1059.094003818716,767.5622014890733,-1144.2175951494044,0.006009,-0.009964,6632.2,5988.4,-0.069875,0.019169,-1.000000,2.4667,1.0000,,,,,
3.2760,1778655556.278584,273,7.418823,0.037519,-0.014860,2.4764,0.0052,-0.005782,7.465552,0.026220,-0.010632,2.4179,7.425118,0.037367,-0.014894,2.4675,-0.0018,-0.013514,-0.400372,-0.0193,7.425118,-0.000000,0.000000,5.0000,-0.040786,0.984835,346.9568,2,3,sand,1.0000,1.100000,0,0,0.000000,0.000000,0.000000,0,nan,0.00,-0.032586,0.1898,0.1074,-0.017205,-0.2626,0.48,1.58,2.54,1.55,0.026220,-0.6092,-2.5821,0.008000,0.101546,-0.3831,-0.091890,-0.019358,-0.021842,2384.1618820709477,1531.4996277359505,-987.5623599718201,-1056.2834987715619,-0.007762,-0.009215,6634.0,5986.6,-0.071129,-0.007878,-1.000000,2.4685,1.0000,,,,,
3.2880,1778655556.290589,274,7.459779,0.026614,-0.010462,2.3697,0.1067,0.009368,7.494523,0.026458,-0.010520,2.4111,7.466001,0.026559,-0.010486,2.4484,0.0177,-0.009474,-0.393004,-0.0173,7.466001,-0.000000,0.000000,5.0000,0.241331,0.983646,351.6242,2,3,sand,1.0000,1.100000,0,0,0.000000,0.000000,0.000000,0,nan,0.00,-0.027101,0.1887,0.1050,-0.014309,-0.2508,0.48,1.58,2.53,1.54,0.026458,-0.6028,-2.5889,0.008000,0.053977,-0.4199,-0.087492,0.014665,-0.009990,1126.8272533360384,369.3678933931991,-2439.6915719084354,-1670.5338028366562,-0.019541,-0.014657,6632.1,5988.4,-0.069830,0.033434,-0.040786,2.4494,1.0000,,,,,
3.3000,1778655556.302577,275,7.501016,0.004556,-0.013045,2.3923,0.1105,0.015642,7.523389,0.026852,-0.010358,2.4011,7.507166,0.004548,-0.013057,2.4374,0.0343,-0.004921,-0.387456,-0.0137,7.507166,0.000000,0.000000,5.0000,0.964641,0.978682,354.2942,2,3,sand,1.0000,1.100000,0,0,0.000000,0.000000,0.000000,0,nan,0.00,-0.005177,0.1876,0.1026,-0.002734,-0.2391,0.47,1.57,2.52,1.53,0.026852,-0.5934,-2.5989,0.008000,0.034372,0.0146,-0.087347,0.049496,0.004232,179.0129443594486,-359.26077322000947,-3297.478937166187,-2097.8713970499653,-0.026949,-0.018522,6630.7,5989.8,-0.068847,0.021176,0.241331,2.4384,1.0000,,,,,
3.3120,1778655556.314553,276,7.572364,-0.025049,-0.018550,2.4950,0.0414,0.000890,7.552141,0.027103,-0.010294,2.3928,7.578487,-0.025082,-0.018558,2.4484,0.0360,-0.002974,-0.375812,-0.0003,7.578487,0.000000,0.000000,5.0000,1.000000,0.965039,350.9615,2,3,sand,1.0000,1.100000,0,0,0.000000,0.000000,0.000000,0,nan,0.00,0.017550,0.1864,0.1002,0.009266,-0.2275,0.47,1.57,2.50,1.57,0.027103,-0.5898,-2.6072,0.008000,0.032777,-0.5104,-0.056945,0.045041,0.003268,-2331.3395709345605,-1218.6297253120465,-2056.618750163122,-2052.3500653006026,-0.016261,-0.018018,6627.8,5992.8,-0.066785,-0.023765,0.964641,2.4493,1.0000,,,,,
3.3240,1778655556.326575,277,7.616439,0.000554,-0.011417,2.3342,-0.0669,-0.013010,7.580797,0.026902,-0.010440,2.3850,7.622478,0.000512,-0.011428,2.4261,0.0177,-0.003666,-0.375154,0.0118,7.622478,0.000000,0.000000,5.0000,0.101994,0.959439,356.7407,2,3,sand,1.0000,1.100000,0,0,0.000000,0.000000,0.000000,0,nan,0.00,0.019868,0.1853,0.0978,0.010490,-0.2160,0.46,1.57,2.49,1.56,0.026902,-0.5982,-2.6150,0.008000,0.078046,-0.2825,-0.061249,0.054591,0.015450,-1689.11271017566,619.1767952609785,674.1093111079323,-1281.7245650362936,0.005246,-0.011101,6627.6,5993.0,-0.066661,0.035174,1.000000,2.4270,1.0000,,,,,
3.3360,1778655556.338604,278,7.626899,0.009536,-0.008441,2.3482,-0.0117,-0.017185,7.609359,0.026536,-0.010615,2.3782,7.632892,0.009489,-0.008458,2.4108,0.0123,-0.005716,-0.375409,0.0107,7.632892,0.000000,0.000000,5.0000,-0.452544,0.957987,360.8602,2,3,sand,1.0000,1.100000,0,0,0.000000,0.000000,0.000000,0,nan,0.00,0.009583,0.1842,0.0954,0.005060,-0.2045,0.46,1.57,2.48,1.56,0.026536,-0.6082,-2.6218,0.008000,0.020470,0.5215,-0.066094,0.010661,-0.005053,-525.6488849842581,-503.6236044155096,1324.7214762196834,-1204.7926820671546,0.010365,-0.010426,6627.6,5992.9,-0.066703,0.026606,0.101994,2.4118,1.0000,,,,,
3.3480,1778655556.350622,279,7.581382,0.045245,-0.010670,2.3769,0.1194,-0.002222,7.637824,0.026334,-0.010682,2.3697,7.587381,0.045238,-0.010684,2.4041,0.0313,-0.005267,-0.373111,0.0039,7.587381,0.000000,0.000000,5.0000,-1.000000,0.955712,362.7546,2,3,sand,1.0000,1.100000,0,0,0.000000,0.000000,0.000000,0,nan,0.00,-0.013144,0.1831,0.0929,-0.006940,-0.1930,0.46,1.57,2.49,1.56,0.026334,-0.6121,-2.6303,0.008000,0.101415,-0.1291,-0.050585,0.013911,-0.013327,1758.206015324779,1791.3487543433184,-561.3213137248771,-2089.757885087358,-0.004363,-0.018342,6627.1,5993.5,-0.066298,0.015056,-0.452544,2.4050,1.0000,,,,,
3.3600,1778655556.362715,280,7.694912,-0.010683,-0.017687,2.2884,0.0110,0.010084,7.666212,0.026513,-0.010589,2.3634,7.700888,-0.010733,-0.017695,2.3815,0.0263,-0.003511,-0.372064,-0.0094,7.700888,0.000000,-0.000000,5.0000,1.000000,0.954945,368.7749,2,3,sand,1.0000,1.100000,0,0,0.000000,0.000000,0.000000,0,nan,0.00,0.009583,0.1820,0.0905,0.005060,-0.1816,0.47,1.58,2.52,1.64,0.026513,-0.6067,-2.6366,0.008000,0.096307,-0.3697,-0.062746,0.042044,0.005952,1576.295019805551,697.8885238644077,-2125.830716560753,-1658.1904848824554,-0.016810,-0.014426,6626.8,5993.8,-0.066115,0.044348,-1.000000,2.3825,1.0000,,,,,
3.3720,1778655556.374555,281,7.666089,0.089564,-0.004280,2.4283,0.0260,0.015032,7.694523,0.026822,-0.010483,2.3572,7.672061,0.089610,-0.004279,2.3904,0.0269,0.000827,-0.379433,0.0076,7.672061,0.000000,-0.000000,5.0000,-1.000000,0.961110,367.4735,2,3,sand,1.0000,1.100000,0,0,0.000000,0.000000,0.000000,0,nan,0.00,-0.013144,0.1809,0.0880,-0.006940,-0.1700,0.46,1.60,2.52,1.76,0.026822,-0.6006,-2.6428,0.008000,0.057423,0.1975,-0.039856,0.058616,0.017284,-519.1328853458219,337.9020473099929,-886.388590216387,-1338.390826326086,-0.006916,-0.011620,6628.7,5991.9,-0.067414,-0.011215,1.000000,2.3913,1.0000,,,,,
3.3840,1778655556.386575,282,7.745060,0.032669,-0.017856,2.3194,0.0159,-0.008767,7.722791,0.026707,-0.010610,2.3563,7.751060,0.032617,-0.017861,2.3765,0.0236,-0.001939,-0.361660,-0.0095,7.751060,-0.000000,-0.000000,5.0000,-0.250431,0.948445,369.7283,2,3,sand,1.0000,1.100000,0,0,0.000000,0.000000,0.000000,0,nan,0.00,-0.018836,0.1798,0.0856,-0.009945,-0.1587,0.46,1.61,2.53,1.62,0.026707,-0.6079,-2.6437,0.008000,0.075167,-0.0957,-0.054994,0.046280,0.011308,-240.67309909050252,1080.9997892358474,-2131.9004000393616,-1383.1501544716446,-0.016808,-0.011936,6624.2,5996.4,-0.064283,0.043379,-1.000000,2.3774,1.0000,,,,,
3.3960,1778655556.398603,283,7.757270,0.061293,-0.010510,2.3148,0.0354,0.008324,7.750956,0.026904,-0.010503,2.3435,7.763237,0.061297,-0.010511,2.3643,0.0251,-0.000438,-0.387542,-0.0106,7.763237,-0.000000,-0.000000,5.0000,-1.000000,0.966932,374.4742,2,3,sand,1.0000,1.100000,0,0,0.000000,0.000000,0.000000,0,nan,0.00,-0.041563,0.1787,0.0831,-0.021945,-0.1471,0.46,1.61,2.53,1.62,0.026904,-0.6018,-2.6565,0.008000,0.062659,0.0591,-0.048740,0.044024,0.010213,2188.0462902659788,419.6585052498509,-2724.7531158970355,-1310.2755488024382,-0.021925,-0.011407,6630.7,5989.9,-0.068847,0.033085,-0.250431,2.3653,1.0000,,,,,
3.4080,1778655556.410547,284,7.785589,0.057997,-0.010863,2.3873,-0.0175,0.028944,7.779053,0.027549,-0.010200,2.3384,7.791566,0.057995,-0.010852,2.3686,0.0160,0.003292,-0.381497,-0.0245,7.791566,-0.000000,-0.000000,5.0000,-0.739192,0.969892,372.9777,2,3,sand,1.0000,1.100000,0,0,0.000000,0.000000,0.000000,0,nan,0.00,-0.058363,0.1776,0.0806,-0.030816,-0.1354,0.46,1.62,2.53,1.66,0.027549,-0.5844,-2.6616,0.008000,0.067175,0.1393,-0.033993,0.021337,0.008801,1059.4397825547296,399.4246990504187,-4052.033922263579,-430.7263546057641,-0.033925,-0.003712,6629.2,5991.4,-0.067788,-0.005015,-1.000000,2.3695,1.0000,,,,,
3.4200,1778655556.422604,285,7.773720,0.029552,-0.005672,2.3850,0.0343,0.025018,7.807080,0.028337,-0.009877,2.3321,7.779708,0.029600,-0.005653,2.3716,0.0181,0.005819,-0.370512,-0.0327,7.779708,-0.000000,-0.000000,5.0000,0.402696,0.960968,371.4423,2,3,sand,1.0000,1.100000,0,0,0.000000,0.000000,0.000000,0,nan,0.00,-0.049211,0.1766,0.0781,-0.025983,-0.1239,0.45,1.63,2.54,1.73,0.028337,-0.5659,-2.6679,0.008000,0.072580,0.6688,-0.043092,-0.000117,0.002191,158.9835590481686,513.221250824755,-5260.917805773568,-267.79700307177086,-0.046510,-0.002297,6626.4,5994.1,-0.065850,-0.004761,-0.739192,2.3725,1.0000,,,,,
3.4320,1778655556.434530,286,7.852374,0.055693,-0.005032,2.2818,-0.0161,0.022084,7.835018,0.029053,-0.009602,2.3242,7.858332,0.055737,-0.005007,2.3541,0.0116,0.008434,-0.362131,-0.0250,7.858332,-0.000000,-0.000000,5.0000,-0.547916,0.950337,376.0746,2,3,sand,1.0000,1.100000,0,0,0.000000,0.000000,0.000000,0,nan,0.00,-0.061663,0.1755,0.0756,-0.032558,-0.1125,0.45,1.65,2.54,1.72,0.029053,-0.5501,-2.6758,0.008000,0.056461,0.3272,-0.038409,0.002215,0.009385,-2515.0404822026703,-556.168607030557,-4708.498634146657,299.5147977287347,-0.040299,0.002562,6624.3,5996.3,-0.064367,0.035483,0.402696,2.3550,1.0000,,,,,
3.4440,1778655556.446569,287,7.811843,0.094553,-0.011470,2.2942,0.0141,0.015750,7.862873,0.029462,-0.009446,2.3181,7.817791,0.094560,-0.011443,2.3423,0.0110,0.008383,-0.352059,-0.0339,7.817791,-0.000000,-0.000000,5.0000,-1.000000,0.937138,379.3384,2,3,sand,1.0000,1.100000,0,0,0.000000,0.000000,0.000000,0,nan,0.00,-0.084391,0.1744,0.0731,-0.044558,-0.1012,0.45,1.66,2.55,1.72,0.029462,-0.5412,-2.6819,0.008000,0.104949,-0.1900,-0.034875,0.008619,0.013610,-2789.666349920174,-1492.525803076055,-5364.952959645684,367.49069868434935,-0.047401,0.003133,6621.7,5998.8,-0.062585,0.031538,-0.547916,2.3432,1.0000,,,,,
3.4560,1778655556.458607,288,7.991533,0.042340,-0.005651,2.3607,-0.0881,0.001673,7.890661,0.029481,-0.009439,2.3118,7.997528,0.042321,-0.005631,2.3457,-0.0086,0.005352,-0.336328,-0.0471,7.997528,-0.000000,0.000000,5.0000,0.543419,0.916087,377.1983,2,3,sand,1.0000,1.100000,0,0,0.000000,0.000000,0.000000,0,nan,0.00,-0.072040,0.1737,0.0696,-0.038037,-0.0902,0.45,1.70,2.60,1.92,0.029481,-0.5408,-2.6882,0.008000,0.165487,0.3363,-0.024971,0.007286,0.017144,-2692.7818162033154,543.7920392249694,-5561.611240856467,1175.484902646087,-0.049462,0.010027,6617.7,6002.8,-0.059805,0.000842,-1.000000,2.3466,1.0000,,,,,
3.4680,1778655556.470546,289,7.952882,0.111511,-0.012209,2.3360,-0.0639,-0.011055,7.918360,0.029258,-0.009511,2.3060,7.958949,0.111409,-0.012198,2.3437,-0.0185,0.002334,-0.331501,-0.0366,7.958949,-0.000000,0.000000,5.0000,-1.000000,0.902277,378.3928,2,3,sand,1.0000,1.100000,0,0,0.000000,0.000000,0.000000,0,nan,0.00,-0.094767,0.1731,0.0662,-0.050037,-0.0794,0.45,1.72,2.62,1.88,0.029258,-0.5449,-2.6940,0.008000,0.125250,0.2865,-0.004552,-0.025707,0.005851,-2668.0405610108096,128.29889077992902,-4246.346251823261,1383.346153099644,-0.035263,0.011812,6616.5,6004.0,-0.058949,0.010005,0.543419,2.3445,1.0000,,,,,
3.4800,1778655556.482589,290,7.995477,0.021775,-0.007476,2.2713,0.0654,-0.017033,7.946002,0.028766,-0.009697,2.3011,8.001587,0.021720,-0.007477,2.3295,-0.0048,-0.002864,-0.326834,-0.0527,8.001587,0.000000,0.000000,5.0000,1.000000,0.891890,381.2345,2,3,sand,1.0000,1.100000,0,0,0.000000,0.000000,0.000000,0,nan,0.00,-0.072040,0.1729,0.0631,-0.038037,-0.0687,0.45,1.70,2.60,1.58,0.028766,-0.5556,-2.6989,0.008000,0.105799,-0.0690,-0.026885,0.033000,0.015551,-944.3938928670764,826.5567052356496,-5698.682939165496,205.30348954866415,-0.050965,0.001734,6615.3,6005.2,-0.058123,0.031103,-1.000000,2.3304,1.0000,,,,,
3.4920,1778655556.494609,291,7.979708,0.019283,-0.003166,2.3120,-0.0304,-0.024831,7.973554,0.028083,-0.009973,2.2943,7.985786,0.019223,-0.003178,2.3260,-0.0090,-0.006088,-0.325466,-0.0354,7.985786,-0.000000,0.000000,5.0000,1.000000,0.885966,382.0507,2,3,sand,1.0000,1.100000,0,0,0.000000,0.000000,0.000000,0,nan,0.00,-0.049313,0.1729,0.0600,-0.026037,-0.0581,0.46,1.68,2.59,1.58,0.028083,-0.5714,-2.7057,0.008000,0.010545,0.8815,-0.018246,0.004067,0.000448,-2376.885474777453,497.3326615237238,-4013.5058654704203,46.969519679935324,-0.032971,0.000397,6615.0,6005.6,-0.057876,0.016015,1.000000,2.3268,1.0000,,,,,
3.5040,1778655556.506575,292,7.980223,0.099706,-0.008617,2.3173,-0.0649,-0.032229,8.001045,0.027072,-0.010365,2.2904,7.986234,0.099568,-0.008641,2.3241,-0.0186,-0.009943,-0.325099,-0.0235,7.986234,-0.000000,0.000000,5.0000,-1.000000,0.883342,383.3522,2,3,sand,1.0000,1.100000,0,0,0.000000,0.000000,0.000000,0,nan,0.00,-0.072040,0.1731,0.0572,-0.038037,-0.0475,0.45,1.71,2.61,1.87,0.027072,-0.5939,-2.7096,0.008000,0.048625,0.2044,-0.005403,0.009845,0.001187,-2205.3087421440296,-550.7508018671284,-1585.1488612752,134.76061758707348,-0.012272,0.001138,6614.9,6005.7,-0.057804,0.003888,1.000000,2.3250,1.0000,,,,,
3.5160,1778655556.518526,293,8.057776,0.059323,-0.015241,2.2294,-0.0424,-0.035829,8.028473,0.026028,-0.010737,2.2839,8.063753,0.059110,-0.015280,2.3056,-0.0241,-0.015761,-0.323850,-0.0406,8.063753,0.000000,0.000000,5.0000,0.082348,0.881837,387.9423,2,3,sand,1.0000,1.100000,0,0,0.000000,0.000000,0.000000,0,nan,0.00,-0.070169,0.1736,0.0544,-0.037049,-0.0369,0.44,1.77,2.65,2.12,0.026028,-0.6152,-2.7161,0.008000,0.032615,-0.1369,-0.028793,0.011434,-0.001964,521.3872246209286,890.1778831988338,-2360.2265781707983,-77.36782633249568,-0.018499,-0.000653,6614.6,6006.0,-0.057583,0.050237,-1.000000,2.3065,1.0000,,,,,
3.5280,1778655556.530589,294,8.064422,0.046886,-0.009779,2.2506,-0.1087,-0.018296,8.055821,0.025130,-0.010999,2.2780,8.070528,0.046655,-0.009820,2.2948,-0.0395,-0.016327,-0.316038,-0.0368,8.070528,0.000000,0.000000,5.0000,0.382346,0.874635,390.5314,2,3,sand,1.0000,1.100000,0,0,0.000000,0.000000,0.000000,0,nan,0.00,-0.061479,0.1742,0.0518,-0.032461,-0.0264,0.44,1.74,2.62,1.53,0.025130,-0.6302,-2.7220,0.008000,0.054506,-0.1404,-0.043678,-0.010752,-0.006234,292.3792606494735,-449.35079272529896,-1247.3502221992685,711.2316815668538,-0.009599,0.006002,6612.6,6008.0,-0.056214,0.031479,0.082348,2.2957,1.0000,,,,,
3.5400,1778655556.542617,295,8.104804,0.031053,-0.008748,2.1688,-0.0114,-0.013461,8.083125,0.024374,-0.011185,2.2744,8.110757,0.030848,-0.008788,2.2703,-0.0340,-0.015591,-0.301353,-0.0315,8.110757,0.000000,0.000000,5.0000,0.698670,0.859348,396.7791,2,3,sand,1.0000,1.100000,0,0,0.000000,0.000000,0.000000,0,nan,0.00,-0.045600,0.1751,0.0493,-0.024077,-0.0161,0.44,1.71,2.60,1.58,0.024374,-0.6408,-2.7256,0.008000,0.021633,-0.0955,-0.051490,0.001886,-0.003310,-273.295813713347,-335.65844770162255,-951.786476027411,465.7647622703514,-0.007281,0.003907,6608.9,6011.7,-0.053612,0.065418,0.382346,2.2711,1.0000,,,,,
3.5520,1778655556.554576,296,8.098451,0.101127,-0.004143,2.2897,0.0428,-0.020588,8.110368,0.023586,-0.011410,2.2684,8.104354,0.100987,-0.004184,2.2739,-0.0195,-0.015786,-0.294010,-0.0223,8.104354,0.000000,0.000000,5.0000,-1.000000,0.845526,396.2604,2,3,sand,1.0000,1.100000,0,0,0.000000,0.000000,0.000000,0,nan,0.00,-0.068327,0.1762,0.0469,-0.036077,-0.0060,0.44,1.74,2.62,1.87,0.023586,-0.6538,-2.7316,0.008000,0.051550,0.5953,-0.037089,0.035416,0.005999,-703.1995561137453,-640.5219332779305,-610.6191389161766,-417.1957105735565,-0.004654,-0.003491,6607.0,6013.6,-0.052304,0.015155,0.698670,2.2747,1.0000,,,,,
3.5640,1778655556.566575,297,8.230351,-0.030642,-0.009412,2.2867,0.0121,-0.025008,8.137553,0.022653,-0.011672,2.2644,8.236282,-0.030809,-0.009459,2.2763,-0.0150,-0.018562,-0.282364,-0.0387,8.236282,0.000000,-0.000000,5.0000,1.000000,0.828015,394.5976,2,3,sand,1.0000,1.100000,0,0,0.000000,0.000000,0.000000,0,nan,0.00,-0.045600,0.1774,0.0447,-0.024077,0.0040,0.43,1.81,2.68,2.21,0.022653,-0.6687,-2.7356,0.008000,0.063902,-0.0736,-0.039648,0.029329,-0.003494,-923.6865162140621,-971.7961543955787,-2329.5731546676575,-893.8971900401743,-0.018076,-0.007478,6604.0,6016.5,-0.050243,0.009088,-1.000000,2.2770,1.0000,,,,,
3.5760,1778655556.578566,298,8.163114,-0.000422,-0.007123,2.2243,0.0458,-0.016817,8.164673,0.021660,-0.011913,2.2578,8.169184,-0.000546,-0.007169,2.2661,-0.0033,-0.017109,-0.279376,-0.0214,8.169184,0.000000,-0.000000,5.0000,1.000000,0.817598,397.0463,2,3,sand,1.0000,1.100000,0,0,0.000000,0.000000,0.000000,0,nan,0.00,-0.022873,0.1789,0.0425,-0.012077,0.0138,0.44,1.77,2.64,1.56,0.021660,-0.6826,-2.7422,0.008000,0.101516,0.5016,-0.048216,0.061779,0.008912,-440.0469571086944,-151.85818934378335,-1452.845568305596,-1476.3330966017088,-0.011116,-0.012422,6603.3,6017.3,-0.049718,0.051154,1.000000,2.2668,1.0000,,,,,
3.5880,1778655556.590535,299,8.193104,-0.042672,-0.017953,2.2585,0.0208,-0.041214,8.191741,0.020377,-0.012314,2.2554,8.199072,-0.042862,-0.018008,2.2645,0.0017,-0.020042,-0.268590,-0.0094,8.199072,0.000000,-0.000000,5.0000,1.000000,0.802933,397.4035,2,3,sand,1.0000,1.100000,0,0,0.000000,0.000000,0.000000,0,nan,0.00,-0.000146,0.1805,0.0405,-0.000077,0.0234,0.43,1.74,2.61,1.59,0.020377,-0.7055,-2.7446,0.008000,0.068848,-0.4772,-0.036073,0.037681,-0.011253,-1518.062408045631,-385.8331439071519,292.61276390996335,-2101.0860118141086,0.002217,-0.017817,6600.5,6020.0,-0.047803,0.017963,1.000000,2.2652,1.0000,,,,,
3.6000,1778655556.602630,300,8.155372,-0.018660,-0.015591,2.2383,0.0335,-0.037722,8.218742,0.018884,-0.012781,2.2494,8.161272,-0.018827,-0.015652,2.2593,0.0082,-0.021630,-0.275291,0.0025,8.161272,0.000000,-0.000000,5.0000,1.000000,0.802418,398.8454,2,3,sand,1.0000,1.100000,0,0,0.000000,0.000000,0.000000,0,nan,0.00,0.022582,0.1823,0.0386,0.011923,0.0331,0.43,1.71,2.58,1.55,0.018884,-0.7323,-2.7506,0.008000,0.069321,-0.6157,-0.037842,0.035427,-0.016722,-731.3459376769462,-536.1436226180546,1790.872836281099,-2648.184414285137,0.013751,-0.022791,6602.2,6018.4,-0.048976,0.026784,1.000000,2.2600,1.0000,,,,,
3.6120,1778655556.614662,301,8.237936,-0.071668,-0.019750,2.2454,0.0969,-0.030129,8.245678,0.017466,-0.013157,2.2437,8.243772,-0.071815,-0.019811,2.2565,0.0250,-0.021428,-0.273342,0.0145,8.243772,0.000000,-0.000000,5.0000,1.000000,0.800625,400.1268,2,3,sand,1.0000,1.100000,0,0,0.000000,0.000000,0.000000,0,nan,0.00,0.045309,0.1842,0.0367,0.023923,0.0427,0.44,1.70,2.57,1.60,0.017466,-0.7538,-2.7563,0.008000,0.160554,-0.4523,-0.038862,0.078528,-0.005321,907.7336872271483,-526.7234074123086,2435.3141420969414,-3517.6418191844837,0.018900,-0.031116,6601.7,6018.9,-0.048628,0.025698,1.000000,2.2572,1.0000,,,,,
3.6240,1778655556.626548,302,8.209601,0.008674,-0.009079,2.3057,-0.0605,-0.025207,8.272559,0.016221,-0.013465,2.2400,8.215431,0.008551,-0.009138,2.2658,0.0104,-0.020337,-0.284708,0.0265,8.215431,0.000000,-0.000000,5.0000,-0.891331,0.809583,397.3303,2,3,sand,1.0000,1.100000,0,0,0.000000,0.000000,0.000000,0,nan,0.00,0.025051,0.1862,0.0349,0.013227,0.0524,0.44,1.67,2.55,1.53,0.016221,-0.7715,-2.7600,0.008000,0.091668,0.5025,-0.011080,0.050441,-0.009051,409.0699935429039,919.0623417409864,4582.1244298799875,-2718.599576249769,0.038119,-0.023507,6604.6,6016.0,-0.050632,-0.007845,1.000000,2.2666,1.0000,,,,,
3.6360,1778655556.638512,303,8.303096,0.043098,-0.015925,2.2391,0.0158,-0.020805,8.299378,0.015172,-0.013675,2.2337,8.308825,0.042941,-0.015983,2.2606,0.0106,-0.020661,-0.273452,0.0110,8.308825,-0.000000,-0.000000,5.0000,-1.000000,0.803999,398.6245,2,3,sand,1.0000,1.100000,0,0,0.000000,0.000000,0.000000,0,nan,0.00,0.002324,0.1884,0.0333,0.001227,0.0620,0.43,1.66,2.52,1.55,0.015172,-0.7835,-2.7663,0.008000,0.007796,-0.2209,-0.006326,0.046968,-0.009013,1239.7720854302875,-362.3029255534491,3304.6619469332118,-2714.69009006552,0.026191,-0.023393,6601.7,6018.8,-0.048643,0.024758,-0.891331,2.2613,1.0000,,,,,
3.6480,1778655556.650568,304,8.370017,-0.011653,-0.007702,2.2534,0.0017,0.016592,8.326164,0.014619,-0.013615,2.2326,8.375673,-0.011739,-0.007741,2.2591,0.0081,-0.014714,-0.240116,-0.0013,8.375673,-0.000000,-0.000000,5.0000,0.477217,0.771053,397.6378,2,3,sand,1.0000,1.100000,0,0,0.000000,0.000000,0.000000,0,nan,0.00,0.013170,0.1908,0.0317,0.006954,0.0713,0.42,1.65,2.50,1.61,0.014619,-0.7801,-2.7674,0.008000,0.048430,0.1568,0.015266,0.035933,-0.001682,1913.404886243808,-328.15811064369177,1224.4768534370155,-1976.80005921433,0.009281,-0.016596,6593.3,6027.3,-0.042750,0.012044,-1.000000,2.2597,1.0000,,,,,
3.6600,1778655556.662568,305,8.439539,-0.032181,-0.010851,2.2841,0.0429,0.010022,8.352944,0.014341,-0.013492,2.2313,8.445201,-0.032247,-0.010877,2.2639,0.0149,-0.009519,-0.229857,0.0081,8.445201,-0.000000,0.000000,5.0000,1.000000,0.745905,396.0129,2,3,sand,1.0000,1.100000,0,0,0.000000,0.000000,0.000000,0,nan,0.00,0.035897,0.1932,0.0302,0.018954,0.0802,0.43,1.64,2.49,1.57,0.014341,-0.7730,-2.7687,0.008000,0.163510,-0.1881,0.015694,0.069580,0.008584,-214.1910674552439,425.8260789529979,1112.2745975413316,-1861.348731821348,0.008408,-0.015555,6590.7,6029.9,-0.040924,-0.012688,0.477217,2.2645,1.0000,,,,,
3.6720,1778655556.674634,306,8.308348,0.007514,-0.011945,2.1637,-0.0572,-0.013724,8.379665,0.013679,-0.013612,2.2266,8.313981,0.007410,-0.011971,2.2444,0.0027,-0.008821,-0.211718,0.0215,8.313981,-0.000000,-0.000000,5.0000,-0.552391,0.718655,400.8102,2,3,sand,1.0000,1.100000,0,0,0.000000,0.000000,0.000000,0,nan,0.00,0.023343,0.1958,0.0287,0.012325,0.0889,0.44,1.62,2.50,1.55,0.013679,-0.7799,-2.7734,0.008000,0.159713,-0.1332,-0.007233,0.005399,0.003484,-2036.2376635397268,-1169.5116086241342,3425.933470179489,-1182.6471167592015,0.026950,-0.009748,6586.1,6034.5,-0.037711,0.045626,1.000000,2.2450,1.0000,,,,,
3.6840,1778655556.686516,307,8.387588,0.021346,-0.008131,2.1567,0.0553,-0.006585,8.406345,0.013003,-0.013673,2.2224,8.393126,0.021291,-0.008155,2.2274,0.0118,-0.008603,-0.203486,0.0110,8.393126,-0.000000,-0.000000,5.0000,-1.000000,0.699402,405.4693,2,3,sand,1.0000,1.100000,0,0,0.000000,0.000000,0.000000,0,nan,0.00,0.000616,0.1985,0.0273,0.000325,0.0973,0.43,1.61,2.47,1.53,0.013003,-0.7834,-2.7776,0.008000,0.026013,-0.0274,-0.014335,0.020910,0.006388,1778.915280672192,30.06201775073555,1961.9353890909201,-1655.5656370048264,0.014927,-0.013706,6583.9,6036.6,-0.036243,0.046237,-0.552391,2.2279,1.0000,,,,,
3.6960,1778655556.698533,308,8.312579,0.025367,-0.015128,2.2768,0.0406,0.002960,8.432986,0.012668,-0.013563,2.2208,8.318097,0.025294,-0.015147,2.2368,0.0161,-0.007286,-0.207155,-0.0021,8.318097,-0.000000,-0.000000,5.0000,-0.468851,0.693017,402.8381,2,3,sand,1.0000,1.100000,0,0,0.000000,0.000000,0.000000,0,nan,0.00,-0.010040,0.2040,0.0260,-0.005301,0.1056,0.43,1.60,2.46,1.58,0.012668,-0.7771,-2.7792,0.008000,0.131002,0.0896,-0.004296,-0.003638,-0.005476,1991.8645599554068,703.1914887327622,-200.58363873903957,-1698.2129105770541,-0.001504,-0.014079,6584.9,6035.7,-0.036880,-0.031469,-1.000000,2.2374,1.0000,,,,,
3.7080,1778655556.710558,309,8.450496,-0.012351,-0.014231,2.2094,-0.0023,0.017034,8.459576,0.012620,-0.013350,2.2131,8.455978,-0.012411,-0.014239,2.2314,0.0122,-0.003418,-0.224472,-0.0065,8.455978,-0.000000,0.000000,5.0000,1.000000,0.706102,405.0308,2,3,sand,1.0000,1.100000,0,0,0.000000,0.000000,0.000000,0,nan,0.00,0.012687,0.2096,0.0248,0.006699,0.1140,0.43,1.59,2.45,1.54,0.012620,-0.7649,-2.7869,0.008000,0.064872,0.0237,-0.003822,-0.002259,0.002751,844.9234137350827,2152.86487784204,-1181.5931954634832,-1048.5553371887,-0.008930,-0.008655,6589.2,6031.3,-0.039933,0.026156,-0.468851,2.2319,1.0000,,,,,
3.7200,1778655556.722595,310,8.397971,0.011884,-0.015649,2.2270,-0.0088,-0.004476,8.486127,0.012334,-0.013329,2.2119,8.403446,0.011809,-0.015657,2.2305,0.0092,-0.002476,-0.221228,0.0092,8.403446,-0.000000,-0.000000,5.0000,-0.060173,0.709393,405.1471,2,3,sand,1.0000,1.100000,0,0,0.000000,0.000000,0.000000,0,nan,0.00,0.011320,0.2155,0.0236,0.005977,0.1226,0.43,1.59,2.45,1.54,0.012334,-0.7637,-2.7881,0.008000,0.105979,0.0813,-0.002144,-0.037883,-0.015973,-2033.0343888252432,-1092.8893796484099,684.9101280260958,-835.7641462072929,0.005155,-0.006881,6588.4,6032.1,-0.039366,0.015294,1.000000,2.2310,1.0000,,,,,
3.7320,1778655556.734640,311,8.474537,0.034155,-0.009788,2.1803,-0.0050,-0.003789,8.512643,0.011852,-0.013367,2.2071,8.480008,0.034105,-0.009796,2.2206,0.0065,-0.002677,-0.219678,0.0058,8.480008,-0.000000,0.000000,5.0000,-1.000000,0.710244,408.0400,2,3,sand,1.0000,1.100000,0,0,0.000000,0.000000,0.000000,0,nan,0.00,-0.011408,0.2215,0.0224,-0.006023,0.1311,0.44,1.76,2.63,2.73,0.011852,-0.7659,-2.7929,0.008000,0.041919,-0.0874,-0.020234,-0.007209,0.003387,-1027.0241123782916,2298.2128306914087,755.6375334374009,-693.4452396890516,0.005689,-0.005701,6588.0,6032.5,-0.039095,0.039355,-0.060173,2.2212,1.0000,,,,,
3.7440,1778655556.746561,312,8.389567,0.068861,-0.012753,2.1454,-0.0270,0.003620,8.539074,0.011546,-0.013281,2.2010,8.395386,0.068776,-0.012759,2.2060,-0.0006,-0.002579,-0.212963,-0.0087,8.395386,-0.000000,-0.000000,5.0000,-1.000000,0.705521,412.3417,2,3,sand,1.0000,1.100000,0,0,0.000000,0.000000,0.000000,0,nan,0.00,-0.034135,0.2277,0.0214,-0.018023,0.1395,0.44,1.76,2.64,1.79,0.011546,-0.7610,-2.7990,0.008000,0.147207,0.2056,-0.030725,0.006837,0.015926,2561.16711098248,1056.919378852301,-585.21179080835,-210.0346302083306,-0.004398,-0.001721,6586.4,6034.2,-0.037931,0.048284,-1.000000,2.2065,1.0000,,,,,
3.7560,1778655556.758554,313,8.578327,0.082920,-0.003956,2.1537,-0.0105,0.013667,8.565490,0.011594,-0.013040,2.1988,8.584123,0.082889,-0.003957,2.1958,-0.0034,-0.000979,-0.204229,-0.0207,8.584123,0.000000,0.000000,5.0000,-1.000000,0.696121,415.2748,2,3,sand,1.0000,1.100000,0,0,0.000000,0.000000,0.000000,0,nan,0.00,-0.056862,0.2341,0.0203,-0.030023,0.1479,0.44,1.80,2.67,2.00,0.011594,-0.7471,-2.8012,0.008000,0.097309,0.1872,-0.042679,-0.008828,0.011771,1004.615146435873,-136.78620966151237,-2311.888054944308,194.87572891636913,-0.017695,0.001594,6584.2,6036.4,-0.036387,0.047183,-1.000000,2.1963,1.0000,,,,,
3.7680,1778655556.770683,314,8.605077,0.064641,-0.012322,2.1758,0.0220,0.030074,8.591894,0.011911,-0.012703,2.1987,8.610975,0.064592,-0.012309,2.1918,-0.0001,0.002797,-0.198710,-0.0327,8.610975,0.000000,0.000000,5.0000,-0.528111,0.687003,416.0003,2,3,sand,1.0000,1.100000,0,0,0.000000,0.000000,0.000000,0,nan,0.00,-0.068865,0.2406,0.0194,-0.036361,0.1561,0.45,1.80,2.70,1.83,0.011911,-0.7278,-2.8013,0.008000,0.115132,-0.1673,-0.052300,-0.019989,0.008264,880.2165267164592,1115.7012784151877,-4420.819035076621,475.2305620280778,-0.035927,0.003885,6582.8,6037.8,-0.035415,0.031775,-1.000000,2.1923,1.0000,,,,,
3.7800,1778655556.782583,315,8.609657,-0.011498,-0.008393,2.1835,-0.0780,0.021061,8.618262,0.012196,-0.012436,2.1941,8.615572,-0.011556,-0.008374,2.1901,-0.0150,0.004653,-0.191896,-0.0378,8.615572,0.000000,0.000000,5.0000,1.000000,0.676404,416.0816,2,3,sand,1.0000,1.100000,0,0,0.000000,0.000000,0.000000,0,nan,0.00,-0.046137,0.2472,0.0184,-0.024361,0.1643,0.45,1.77,2.66,1.56,0.012196,-0.7125,-2.8059,0.008000,0.074586,0.1530,-0.036234,-0.025489,0.017022,-1432.2564996337242,406.1596645391488,-4556.430290689801,1599.9628023896594,-0.037202,0.013203,6581.0,6039.5,-0.034209,0.038383,-0.528111,2.1906,1.0000,,,,,
3.7920,1778655556.794522,316,8.682193,0.027383,-0.019520,2.2135,-0.0181,-0.010442,8.644577,0.012008,-0.012429,2.1927,8.687996,0.027249,-0.019510,2.1946,-0.0148,0.002680,-0.183874,-0.0217,8.687996,0.000000,-0.000000,5.0000,0.983486,0.663955,414.5333,2,3,sand,1.0000,1.100000,0,0,0.000000,0.000000,0.000000,0,nan,0.00,-0.023785,0.2540,0.0176,-0.012559,0.1722,0.44,1.73,2.61,1.54,0.012008,-0.7122,-2.8073,0.008000,0.067670,-0.6529,-0.015485,-0.012813,0.018388,-1412.450686776151,-3432.5919786591185,-2846.448490120384,1297.8647492392238,-0.021974,0.010650,6579.0,6041.6,-0.032781,0.015009,1.000000,2.1950,1.0000,,,,,
3.8040,1778655556.806560,317,8.630108,-0.024559,-0.005352,2.2533,-0.0560,-0.015117,8.670866,0.011362,-0.012615,2.1905,8.635876,-0.024643,-0.005350,2.2058,-0.0214,0.000262,-0.177087,-0.0100,8.635876,0.000000,0.000000,5.0000,1.000000,0.651048,410.9399,2,3,sand,1.0000,1.100000,0,0,0.000000,0.000000,0.000000,0,nan,0.00,-0.001058,0.2609,0.0167,-0.000559,0.1800,0.44,1.77,2.65,1.97,0.011362,-0.7228,-2.8095,0.008000,0.100344,0.5803,-0.013278,-0.016283,0.011125,-2864.2438681344065,-952.4170871132194,-483.68055009125203,1364.5988937530706,-0.003618,0.011192,6577.3,6043.3,-0.031573,-0.001729,0.983486,2.2063,1.0000,,,,,
3.8160,1778655556.818530,318,8.637738,-0.047365,-0.013923,2.2152,-0.0038,-0.023225,8.697138,0.010438,-0.012903,2.1876,8.643569,-0.047506,-0.013932,2.2076,-0.0172,-0.002817,-0.156462,0.0021,8.643569,0.000000,0.000000,5.0000,1.000000,0.625968,410.0268,2,3,sand,1.0000,1.100000,0,0,0.000000,0.000000,0.000000,0,nan,0.00,0.021669,0.2679,0.0159,0.011441,0.1875,0.44,1.81,2.68,2.02,0.010438,-0.7393,-2.8124,0.008000,0.052596,-0.0152,-0.004434,-0.026344,0.004108,-1001.792457158588,-1108.029448988149,1361.3328863563243,723.3474004436791,0.010225,0.005875,6572.0,6048.5,-0.027929,0.015876,1.000000,2.2080,1.0000,,,,,
3.8280,1778655556.830642,319,8.764291,0.012621,-0.008212,2.2435,0.0144,-0.014515,8.723363,0.009610,-0.013108,2.1837,8.770215,0.012523,-0.008224,2.2145,-0.0103,-0.003602,-0.156352,0.0141,8.770215,-0.000000,-0.000000,5.0000,-0.560829,0.613729,407.8058,2,3,sand,1.0000,1.100000,0,0,0.000000,0.000000,0.000000,0,nan,0.00,0.008923,0.2749,0.0151,0.004711,0.1949,0.43,1.81,2.68,1.81,0.009610,-0.7510,-2.8163,0.008000,0.138820,0.4002,0.003030,-0.018238,0.001141,639.0246505264955,-972.8464140332698,2719.6907073905872,160.39958243593398,0.020875,0.001300,6572.0,6048.6,-0.027901,0.008106,1.000000,2.2149,1.0000,,,,,
3.8400,1778655556.842623,320,8.778760,-0.017051,-0.013639,2.0664,0.0063,-0.006369,8.749584,0.009006,-0.013215,2.1859,8.784625,-0.017174,-0.013652,2.1858,-0.0077,-0.004521,-0.142971,0.0032,8.784625,-0.000000,-0.000000,5.0000,0.756471,0.597439,415.7988,2,3,sand,1.0000,1.100000,0,0,0.000000,0.000000,0.000000,0,nan,0.00,0.026116,0.2821,0.0144,0.013789,0.2021,0.44,1.77,2.65,1.58,0.009006,-0.7572,-2.8141,0.008000,0.091131,-0.1907,-0.016062,-0.001188,-0.005449,3033.90825143615,307.4093930905203,1694.658349200906,-56.356022374846006,0.012763,-0.000456,6568.6,6052.0,-0.025534,0.074641,-0.560829,2.1862,1.0000,,,,,
3.8520,1778655556.854499,321,8.796359,-0.045320,-0.006981,2.1125,-0.1050,-0.003993,8.775777,0.008671,-0.013259,2.1812,8.802076,-0.045446,-0.006993,2.1716,-0.0241,-0.003365,-0.132707,0.0158,8.802076,-0.000000,-0.000000,5.0000,1.000000,0.581374,419.7828,2,3,sand,1.0000,1.100000,0,0,0.000000,0.000000,0.000000,0,nan,0.00,0.048843,0.2893,0.0137,0.025789,0.2091,0.43,1.74,2.60,1.55,0.008671,-0.7597,-2.8188,0.008000,0.210066,0.4370,-0.016285,-0.000074,-0.004643,-100.97125874817982,-343.17438559686474,3831.281790471165,1033.2647310890527,0.030250,0.008381,6566.0,6054.6,-0.023708,0.065064,0.756471,2.1719,1.0000,,,,,
3.8640,1778655556.866519,322,8.801105,-0.044456,-0.012461,2.1867,0.0003,-0.005120,8.801960,0.008290,-0.013336,2.1822,8.806742,-0.044594,-0.012471,2.1744,-0.0183,-0.002284,-0.130959,0.0284,8.806742,-0.000000,-0.000000,5.0000,0.903035,0.571974,418.8860,2,3,sand,1.0000,1.100000,0,0,0.000000,0.000000,0.000000,0,nan,0.00,0.069366,0.2966,0.0131,0.036625,0.2159,0.43,1.72,2.57,1.59,0.008290,-0.7641,-2.8178,0.008000,0.118223,-0.3268,-0.004045,0.021116,0.003588,-497.25282173479894,-1124.5117413546036,4840.36725484607,735.0274658937569,0.039748,0.005947,6565.5,6055.1,-0.023388,0.029007,1.000000,2.1748,1.0000,,,,,
3.8760,1778655556.878604,323,8.796494,-0.006811,-0.020649,2.2620,0.0235,-0.009474,8.828156,0.007804,-0.013452,2.1818,8.802137,-0.006973,-0.020659,2.1914,-0.0093,-0.002068,-0.103814,0.0390,8.802137,-0.000000,-0.000000,5.0000,-0.495186,0.541744,413.1690,2,3,sand,1.0000,1.100000,0,0,0.000000,0.000000,0.000000,0,nan,0.00,0.058112,0.3040,0.0124,0.030683,0.2224,0.43,1.69,2.55,1.55,0.007804,-0.7707,-2.8182,0.008000,0.069638,-0.3358,0.016306,0.024431,-0.000748,-199.71041375750272,-737.5120029611372,5539.486314620056,155.6798403336942,0.047052,0.001252,6558.6,6061.9,-0.018590,0.001099,0.903035,2.1917,1.0000,,,,,
3.8880,1778655556.890584,324,8.860788,0.057633,-0.009097,2.1821,0.0704,0.000029,8.854342,0.007355,-0.013529,2.1820,8.866365,0.057579,-0.009105,2.1896,0.0051,-0.001698,-0.094812,0.0294,8.866365,-0.000000,-0.000000,5.0000,-1.000000,0.519681,413.8990,2,3,sand,1.0000,1.100000,0,0,0.000000,0.000000,0.000000,0,nan,0.00,0.035385,0.3114,0.0118,0.018683,0.2287,0.43,1.73,2.58,1.93,0.007355,-0.7751,-2.8180,0.008000,0.078299,0.0027,0.015531,0.012657,-0.014985,1587.248660098432,-216.55803896976136,4130.127275845788,-646.9673584782067,0.032874,-0.005206,6556.3,6064.2,-0.016984,0.032606,-0.495186,2.1898,1.0000,,,,,
3.9000,1778655556.902594,325,8.999968,0.045622,-0.013641,2.1635,0.0796,0.016190,8.880521,0.007387,-0.013357,2.1779,9.005638,0.045592,-0.013641,2.1846,0.0179,0.000837,-0.050678,0.0161,9.005638,0.000000,0.000000,5.0000,-1.000000,0.469442,414.2606,2,3,sand,1.0000,1.100000,0,0,0.000000,0.000000,0.000000,0,nan,0.00,0.012658,0.3188,0.0113,0.006683,0.2343,0.43,1.73,2.60,1.76,0.007387,-0.7653,-2.8221,0.008000,0.096884,0.3912,0.005241,0.030590,-0.008867,2612.400200099944,-353.8840931665262,1484.8352567706781,-1096.1772807717018,0.011114,-0.008812,6545.1,6075.4,-0.009186,0.053125,-1.000000,2.1847,1.0000,,,,,
3.9120,1778655556.914518,326,8.949810,0.011243,-0.013056,2.1758,-0.0012,0.028499,8.906742,0.007819,-0.013027,2.1816,8.955463,0.011225,-0.013044,2.1829,0.0136,0.004698,-0.035114,0.0041,8.955463,-0.000000,0.000000,5.0000,-0.251592,0.431624,414.1403,2,3,sand,1.0000,1.100000,0,0,0.000000,0.000000,0.000000,0,nan,0.00,0.006940,0.3263,0.0107,0.003664,0.2395,0.43,1.72,2.58,1.66,0.007819,-0.7464,-2.8184,0.008000,0.100751,-0.4737,-0.008404,0.007076,0.009604,687.4652976016688,-1348.3954290852005,-450.0088449557491,-336.1740382089061,-0.003343,-0.002687,6541.2,6079.4,-0.006414,0.054542,-1.000000,2.1830,1.0000,,,,,
3.9240,1778655556.926645,327,8.899736,0.024078,-0.001850,2.1203,0.1171,0.030201,8.932976,0.008434,-0.012651,2.1847,8.905343,0.024191,-0.001826,2.1708,0.0319,0.008818,-0.022818,0.0030,8.905343,-0.000000,0.000000,5.0000,-0.929390,0.403244,417.4244,2,3,sand,1.0000,1.100000,0,0,0.000000,0.000000,0.000000,0,nan,0.00,-0.014183,0.3336,0.0102,-0.007489,0.2443,0.43,1.70,2.56,1.58,0.008434,-0.7249,-2.8153,0.008000,0.078595,0.5898,-0.024245,0.007828,0.010446,63.41433671269942,1433.2866607386138,-2522.3230717517445,-999.9195850415919,-0.019191,-0.008015,6538.0,6082.5,-0.004225,0.066414,-0.251592,2.1709,1.0000,,,,,
3.9360,1778655556.938599,328,8.974774,-0.084757,-0.016405,2.1628,0.0377,0.030252,8.959236,0.009048,-0.012295,2.1894,8.980321,-0.084713,-0.016373,2.1693,0.0316,0.011238,-0.001780,-0.0099,8.980321,-0.000000,0.000000,5.0000,1.000000,0.370840,418.4125,2,3,sand,1.0000,1.100000,0,0,0.000000,0.000000,0.000000,0,nan,0.00,0.008544,0.3407,0.0097,0.004511,0.2488,0.43,1.75,2.61,2.06,0.009048,-0.7044,-2.8106,0.008000,0.097668,-0.4916,-0.032620,0.030596,0.022936,-356.1720453081259,-245.0743727733577,-4208.427345676747,-653.4351493897049,-0.033593,-0.005219,6532.7,6087.9,-0.000496,0.043535,-0.929390,2.1693,1.0000,,,,,
3.9480,1778655556.950620,329,8.973132,0.047498,-0.001213,2.2785,0.1363,0.010984,8.985526,0.009432,-0.012065,2.1911,8.978908,0.047683,-0.001180,2.1905,0.0509,0.012055,0.007892,0.0071,8.978908,-0.000000,0.000000,5.0000,-1.000000,0.345487,411.4064,2,3,sand,1.0000,1.100000,0,0,0.000000,0.000000,0.000000,0,nan,0.00,-0.014183,0.3475,0.0093,-0.007489,0.2529,0.44,1.82,2.71,2.23,0.009432,-0.6913,-2.8089,0.008000,0.071249,0.6522,0.015965,0.040910,0.021875,-2498.783549845272,-1150.2496685203375,-3799.6008565207417,-1799.991616599264,-0.029915,-0.014549,6530.2,6090.4,0.001221,-0.005973,1.000000,2.1904,1.0000,,,,,
3.9600,1778655556.962525,330,9.045681,0.087747,-0.023085,2.2328,0.0587,0.015793,9.011831,0.009575,-0.011911,2.1913,9.051624,0.087806,-0.023052,2.1987,0.0504,0.011149,0.023924,-0.0102,9.051624,0.000000,0.000000,5.0000,-1.000000,0.318742,409.3094,2,3,sand,1.0000,1.100000,0,0,0.000000,0.000000,0.000000,0,nan,0.00,-0.036910,0.3541,0.0088,-0.019489,0.2567,0.44,1.81,2.69,1.73,0.009575,-0.6825,-2.8087,0.008000,0.132395,-1.0336,0.037450,0.026868,0.014188,836.0969992272746,2061.362654006245,-5115.148635198886,-1792.2173312336784,-0.042524,-0.014477,6526.1,6094.4,0.004059,0.023776,-1.000000,2.1986,1.0000,,,,,
3.9720,1778655556.974569,331,9.022185,-0.002532,-0.019839,2.2403,0.0231,0.022314,9.038189,0.009913,-0.011658,2.1983,9.028112,-0.002468,-0.019803,2.2068,0.0438,0.011520,0.050451,-0.0222,9.028112,0.000000,0.000000,5.0000,1.000000,0.281220,405.9891,2,3,sand,1.0000,1.100000,0,0,0.000000,0.000000,0.000000,0,nan,0.00,-0.014183,0.3605,0.0084,-0.007489,0.2601,0.44,1.80,2.67,1.73,0.009913,-0.6680,-2.8017,0.008000,0.038029,-0.5633,0.042510,0.011711,0.010537,276.2838107144492,967.9348615999318,-6014.022386344215,-1286.3986620163057,-0.052785,-0.010317,6519.4,6101.2,0.008757,0.017495,-1.000000,2.2067,1.0000,,,,,
3.9840,1778655556.986614,332,9.019892,0.039843,-0.008138,2.2107,-0.0100,0.022492,9.064599,0.010227,-0.011466,2.2034,9.025814,0.039957,-0.008097,2.2076,0.0343,0.013994,0.051437,-0.0048,9.025814,0.000000,0.000000,5.0000,-0.634063,0.262581,405.7170,2,3,sand,1.0000,1.100000,0,0,0.000000,0.000000,0.000000,0,nan,0.00,-0.028593,0.3666,0.0080,-0.015097,0.2633,0.44,1.76,2.64,1.53,0.010227,-0.6569,-2.7966,0.008000,0.045375,0.5951,0.023760,0.006062,0.015166,-1342.6838136744175,748.1210506501379,-4513.663166267039,-510.32320206827427,-0.036595,-0.004068,6519.1,6101.4,0.008948,0.047011,1.000000,2.2075,1.0000,,,,,
3.9960,1778655556.998633,333,9.028925,0.034467,-0.000096,2.2693,0.0600,-0.000670,9.091035,0.010128,-0.011467,2.2053,9.034806,0.034621,-0.000065,2.2196,0.0376,0.010267,0.052555,-0.0168,9.034806,0.000000,0.000000,5.0000,-0.628715,0.251995,402.1797,2,3,sand,1.0000,1.100000,0,0,0.000000,0.000000,0.000000,0,nan,0.00,-0.042882,0.3726,0.0076,-0.022642,0.2663,0.45,1.73,2.62,1.54,0.010128,-0.6570,-2.7947,0.008000,0.059454,0.5410,0.036749,0.047833,0.011209,-2216.941773441825,600.060795151154,-5205.454161913269,-1073.8657858136287,-0.043580,-0.008593,6518.8,6101.7,0.009156,0.013679,-0.634063,2.2194,1.0000,,,,,
4.0080,1778655557.010564,334,9.086182,-0.005035,-0.012482,2.1910,0.0593,0.009872,9.117543,0.010016,-0.011406,2.2116,9.091981,-0.004951,-0.012453,2.2141,0.0402,0.009065,0.068319,-0.0243,9.091981,0.000000,0.000000,5.0000,1.000000,0.233062,403.6111,2,3,sand,1.0000,1.100000,0,0,0.000000,0.000000,0.000000,0,nan,0.00,-0.020155,0.3783,0.0072,-0.010642,0.2691,0.45,1.70,2.59,1.54,0.010016,-0.6535,-2.7884,0.008000,0.145492,0.0892,0.032065,0.049705,0.005848,730.0076994640136,779.974833001153,-5959.23011403847,-1328.030765092139,-0.052226,-0.010656,6514.8,6105.7,0.011946,0.046688,-0.628715,2.2139,1.0000,,,,,
4.0200,1778655557.022629,335,9.190526,-0.011798,-0.005403,2.2238,0.0210,0.003050,9.144123,0.009978,-0.011334,2.2160,9.196261,-0.011688,-0.005378,2.2161,0.0370,0.008695,0.091270,-0.0081,9.196261,0.000000,-0.000000,5.0000,1.000000,0.203186,402.7799,2,3,sand,1.0000,1.100000,0,0,0.000000,0.000000,0.000000,0,nan,0.00,0.002572,0.3838,0.0069,0.001358,0.2715,0.45,1.67,2.56,1.54,0.009978,-0.6494,-2.7840,0.008000,0.027038,0.4266,0.034307,0.036061,0.002019,-1506.6641067650048,-823.0842809833064,-4511.315309413254,-1242.2314037986782,-0.036737,-0.009963,6509.0,6111.6,0.016008,0.046531,1.000000,2.2159,1.0000,,,,,
4.0320,1778655557.034701,336,9.203349,-0.021668,-0.014366,2.2244,-0.0677,-0.011624,9.170762,0.009585,-0.011431,2.2238,9.209075,-0.021676,-0.014350,2.2178,0.0185,0.005907,0.106909,0.0039,9.209075,0.000000,-0.000000,5.0000,1.000000,0.174646,402.2438,2,3,sand,1.0000,1.100000,0,0,0.000000,0.000000,0.000000,0,nan,0.00,0.025299,0.3891,0.0066,0.013358,0.2736,0.45,1.70,2.61,1.85,0.009585,-0.6549,-2.7762,0.008000,0.092384,-0.6822,0.046962,0.025996,-0.006747,-1570.3579251010858,-154.3197199391866,-1605.6449268650183,-483.4366398046142,-0.012153,-0.003858,6505.0,6115.5,0.018783,0.041452,1.000000,2.2175,1.0000,,,,,
4.0440,1778655557.046643,337,9.243490,0.031211,-0.011917,2.1708,-0.0018,-0.015689,9.197496,0.008987,-0.011608,2.2313,9.249261,0.031194,-0.011910,2.2088,0.0155,0.003217,0.121275,0.0160,9.249261,0.000000,-0.000000,5.0000,-1.000000,0.148769,404.8297,2,3,sand,1.0000,1.100000,0,0,0.000000,0.000000,0.000000,0,nan,0.00,0.002572,0.3942,0.0062,0.001358,0.2754,0.46,1.71,2.62,1.74,0.008987,-0.6651,-2.7687,0.008000,0.120494,0.1079,0.037485,-0.022989,-0.003549,-1057.6506527383171,-171.08735461205924,633.7292320048456,-665.0958993524724,0.004765,-0.005316,6501.4,6119.2,0.021332,0.067335,1.000000,2.2085,1.0000,,,,,
4.0560,1778655557.058770,338,9.156513,-0.068359,-0.011930,2.2486,0.0128,-0.011983,9.224309,0.008435,-0.011722,2.2356,9.162393,-0.068392,-0.011931,2.2165,0.0139,-0.000435,0.116652,-0.0013,9.162393,0.000000,-0.000000,5.0000,1.000000,0.140122,402.9421,2,3,sand,1.0000,1.100000,0,0,0.000000,0.000000,0.000000,0,nan,0.00,0.025299,0.3990,0.0059,0.013358,0.2771,0.47,1.75,2.69,1.97,0.008435,-0.6716,-2.7644,0.008000,0.121230,-0.5557,0.023261,0.029653,-0.008437,1513.7859130747574,99.27983688519089,-664.5293329017226,-896.525686789857,-0.004995,-0.007175,6502.5,6118.0,0.020526,0.051991,-1.000000,2.2162,1.0000,,,,,
4.0680,1778655557.070644,339,9.291570,-0.066415,-0.008768,2.2680,-0.0477,0.000870,9.251177,0.008142,-0.011723,2.2426,9.297548,-0.066457,-0.008767,2.2266,0.0038,0.001084,0.141504,0.0160,9.297548,-0.000000,-0.000000,5.0000,1.000000,0.112976,399.8075,2,3,sand,1.0000,1.100000,0,0,0.000000,0.000000,0.000000,0,nan,0.00,0.048027,0.4037,0.0057,0.025358,0.2784,0.47,1.72,2.66,1.55,0.008142,-0.6717,-2.7574,0.008000,0.146058,0.9267,0.023558,0.033186,0.001470,2093.6515153910846,455.2324514879333,1614.9258009958698,-185.81208270027332,0.012284,-0.001484,6496.2,6124.3,0.024917,0.046871,1.000000,2.2262,1.0000,,,,,
4.0800,1778655557.082636,340,9.329742,0.067467,0.002913,2.1817,0.0853,-0.007572,9.278180,0.007841,-0.011774,2.2548,9.335673,0.067534,0.002913,2.2180,0.0196,0.000972,0.146388,0.0280,9.335673,-0.000000,-0.000000,5.0000,-1.000000,0.096374,402.6226,2,3,sand,1.0000,1.100000,0,0,0.000000,0.000000,0.000000,0,nan,0.00,0.025299,0.4082,0.0054,0.013358,0.2796,0.48,1.77,2.72,2.04,0.007841,-0.6746,-2.7452,0.008000,0.109350,1.3130,0.004334,0.019127,-0.016235,-1062.1459828135687,-562.2005221073363,2350.130492178051,-1215.348593262423,0.018099,-0.009773,6495.0,6125.6,0.025793,0.078509,1.000000,2.2176,1.0000,,,,,
4.0920,1778655557.094647,341,9.286461,-0.030874,-0.008446,2.2049,-0.0366,0.001074,9.305272,0.007576,-0.011771,2.2596,9.292521,-0.030905,-0.008447,2.2156,0.0085,0.000116,0.152959,0.0106,9.292521,-0.000000,-0.000000,5.0000,0.607026,0.082580,402.6265,2,3,sand,1.0000,1.100000,0,0,0.000000,0.000000,0.000000,0,nan,0.00,0.039095,0.4125,0.0051,0.020642,0.2806,0.48,1.78,2.75,1.85,0.007576,-0.6744,-2.7404,0.008000,0.077672,0.0403,0.001082,0.022703,-0.009083,977.537165356415,-214.97344889313013,1387.3215150079677,-566.4148379182499,0.010544,-0.004534,6493.3,6127.3,0.026960,0.087226,-1.000000,2.2152,1.0000,,,,,
4.1040,1778655557.106636,342,9.377077,0.018982,-0.008688,2.3413,-0.0827,0.007425,9.332464,0.007540,-0.011675,2.2710,9.383255,0.018911,-0.008684,2.2400,-0.0070,0.002377,0.165958,0.0223,9.383255,-0.000000,-0.000000,5.0000,-1.000000,0.062956,395.6220,2,3,sand,1.0000,1.100000,0,0,0.000000,0.000000,0.000000,0,nan,0.00,0.016368,0.4166,0.0049,0.008642,0.2813,0.49,1.75,2.73,1.57,0.007540,-0.6690,-2.7290,0.008000,0.120613,-0.4079,0.013472,0.013410,-0.001801,1043.4944708015537,452.44771046675373,3119.0568290617357,577.6604671274195,0.024525,0.004630,6490.0,6130.6,0.029261,0.029443,0.607026,2.2396,1.0000,,,,,
4.1160,1778655557.118627,343,9.373621,-0.050861,-0.006734,2.2436,0.0519,0.011896,9.359816,0.007746,-0.011456,2.2860,9.379760,-0.050883,-0.006726,2.2409,0.0028,0.003000,0.184230,0.0059,9.379760,-0.000000,-0.000000,5.0000,1.000000,0.036930,395.4958,2,3,sand,1.0000,1.100000,0,0,0.000000,0.000000,0.000000,0,nan,0.00,0.039095,0.4205,0.0047,0.020642,0.2818,0.50,1.74,2.73,1.67,0.007746,-0.6564,-2.7140,0.008000,0.073659,0.3514,0.018237,0.006506,-0.008981,204.2349657085099,-719.094362525391,743.6013970719277,125.40301012692458,0.005652,0.001005,6485.4,6135.2,0.032497,0.081032,-1.000000,2.2403,1.0000,,,,,
4.1280,1778655557.130720,344,9.409086,0.070872,-0.011850,2.2692,0.0978,0.016104,9.387285,0.008111,-0.011189,2.2939,9.415291,0.070883,-0.011834,2.2465,0.0211,0.006644,0.204040,0.0234,9.415291,-0.000000,0.000000,5.0000,-1.000000,0.006600,394.3800,2,3,sand,1.0000,1.100000,0,0,0.000000,0.000000,0.000000,0,nan,0.00,0.016368,0.4243,0.0044,0.008642,0.2819,0.51,1.74,2.77,1.76,0.008111,-0.6411,-2.7061,0.008000,0.083012,-0.3777,0.019708,0.016710,-0.007673,-517.4488045278626,-301.80456811610384,993.5659385377005,-652.3275161246864,0.007594,-0.005252,6480.3,6140.2,0.036007,0.068736,1.000000,2.2459,1.0000,,,,,
4.1400,1778655557.142844,345,9.486698,0.024485,-0.013779,2.3651,0.0507,0.008935,9.414913,0.008282,-0.011047,2.3084,9.493070,0.024496,-0.013762,2.2697,0.0253,0.005910,0.243785,0.0058,9.493070,-0.000000,0.000000,5.0000,-0.857514,-0.045279,387.3955,2,3,sand,1.0000,1.100000,0,0,0.000000,0.000000,0.000000,0,nan,0.00,-0.003121,0.4278,0.0042,-0.001648,0.2813,0.53,1.72,2.79,1.61,0.008282,-0.6330,-2.6916,0.008000,0.071583,-0.0346,0.039659,0.008564,0.004579,-878.1417539660081,960.1416038416235,-948.5086499361161,-889.7224760939,-0.007312,-0.007215,6470.2,6150.3,0.043039,0.032546,-1.000000,2.2690,1.0000,,,,,
4.1520,1778655557.154895,346,9.458382,-0.028226,-0.015382,2.3330,-0.1120,0.010586,9.442716,0.008386,-0.010925,2.3209,9.464866,-0.028298,-0.015364,2.2821,-0.0004,0.005645,0.262108,-0.0041,9.464866,-0.000000,0.000000,5.0000,1.000000,-0.087331,384.0197,2,3,sand,1.0000,1.100000,0,0,0.000000,0.000000,0.000000,0,nan,0.00,0.019606,0.4312,0.0040,0.010352,0.2803,0.56,1.69,2.81,1.53,0.008386,-0.6260,-2.6791,0.008000,0.058383,-0.1966,0.059737,-0.000758,0.000422,-833.8822947181656,507.67055430873256,-823.6921699262372,646.566041812961,-0.006373,0.005251,6465.6,6155.0,0.046301,0.056073,-0.857514,2.2814,1.0000,,,,,
4.1640,1778655557.166731,347,9.557909,0.033180,-0.009694,2.3393,-0.0007,0.007311,9.470681,0.008415,-0.010842,2.3354,9.564385,0.033150,-0.009674,2.2934,0.0007,0.007103,0.274891,0.0132,9.564385,0.000000,0.000000,5.0000,-1.000000,-0.119148,380.9432,2,3,sand,1.0000,1.100000,0,0,0.000000,0.000000,0.000000,0,nan,0.00,-0.003121,0.4343,0.0038,-0.001648,0.2788,0.57,1.67,2.80,1.54,0.008415,-0.6212,-2.6646,0.008000,0.198759,0.0022,0.063674,-0.033877,0.003093,-1712.7145350430028,-576.4371031088286,726.6376329157754,654.7347867524794,0.005638,0.005330,6462.3,6158.3,0.048578,0.062652,1.000000,2.2926,1.0000,,,,,
4.1760,1778655557.178672,348,9.455323,0.019567,-0.003681,2.3975,-0.0406,0.001749,9.498814,0.008324,-0.010807,2.3479,9.461800,0.019545,-0.003666,2.3137,-0.0078,0.004832,0.303342,-0.0044,9.461800,-0.000000,0.000000,5.0000,-0.613154,-0.161450,375.3926,2,3,sand,1.0000,1.100000,0,0,0.000000,0.000000,0.000000,0,nan,0.00,-0.017056,0.4373,0.0036,-0.009006,0.2769,0.56,1.65,2.78,1.53,0.008324,-0.6192,-2.6521,0.008000,0.103797,0.1450,0.071550,-0.048322,-0.002634,-376.78026215612334,889.3494652282186,-288.34369783162725,963.7998927227206,-0.002251,0.007909,6455.1,6165.5,0.053617,0.053324,-1.000000,2.3129,1.0000,,,,,
4.1880,1778655557.190661,349,9.513377,-0.064133,-0.012152,2.4187,-0.0586,0.021557,9.527101,0.008478,-0.010623,2.3627,9.519850,-0.064226,-0.012130,2.3343,-0.0174,0.006805,0.329171,-0.0107,9.519850,0.000000,0.000000,5.0000,1.000000,-0.206020,370.4790,2,3,sand,1.0000,1.100000,0,0,0.000000,0.000000,0.000000,0,nan,0.00,0.005671,0.4400,0.0035,0.002994,0.2744,0.56,1.67,2.80,1.82,0.008478,-0.6087,-2.6373,0.008000,0.137106,-0.8002,0.100235,-0.001945,0.005643,753.6179520283551,-848.5796879783521,-946.3890840097904,1709.2055251790944,-0.007473,0.014240,6448.5,6172.1,0.058197,0.045812,-0.613154,2.3334,1.0000,,,,,
4.2000,1778655557.202699,350,9.543371,0.080716,-0.011814,2.3896,-0.0084,0.015790,9.555565,0.008715,-0.010428,2.3784,9.549935,0.080639,-0.011787,2.3452,-0.0145,0.009267,0.350527,0.0058,9.549935,0.000000,0.000000,5.0000,-1.000000,-0.246735,367.9440,2,3,sand,1.0000,1.100000,0,0,0.000000,0.000000,0.000000,0,nan,0.00,-0.017056,0.4425,0.0033,-0.009006,0.2715,0.56,1.68,2.81,1.74,0.008715,-0.5975,-2.6216,0.008000,0.112691,-0.2776,0.112975,-0.038043,0.011822,-552.0940684594533,1031.2076358783286,358.3567851187982,1712.9801280673266,0.002841,0.014352,6443.0,6177.5,0.061991,0.063310,1.000000,2.3443,1.0000,,,,,
4.2120,1778655557.214790,351,9.481083,0.005279,-0.015884,2.3770,0.0203,0.003641,9.584215,0.008719,-0.010381,2.3929,9.487744,0.005183,-0.015862,2.3517,-0.0093,0.006765,0.371908,-0.0118,9.487744,-0.000000,0.000000,5.0000,0.653288,-0.286207,365.8795,2,3,sand,1.0000,1.100000,0,0,0.000000,0.000000,0.000000,0,nan,0.00,-0.002209,0.4449,0.0031,-0.001166,0.2680,0.57,1.68,2.83,1.68,0.008719,-0.5948,-2.6071,0.008000,0.127667,-0.4387,0.093657,-0.015952,0.007775,-1281.618120422088,46.89556634004134,-1400.7760175890066,1240.106394521579,-0.011279,0.010383,6437.6,6183.0,0.065787,0.071300,-1.000000,2.3506,1.0000,,,,,
4.2240,1778655557.226824,352,9.565223,0.077883,-0.013281,2.3949,0.0918,0.012361,9.613046,0.008879,-0.010221,2.4083,9.571957,0.077863,-0.013255,2.3603,0.0097,0.008340,0.395976,0.0007,9.571957,0.000000,0.000000,5.0000,-1.000000,-0.326762,364.4921,2,3,sand,1.0000,1.100000,0,0,0.000000,0.000000,0.000000,0,nan,0.00,-0.024936,0.4470,0.0030,-0.013166,0.2641,0.58,1.68,2.85,1.67,0.008879,-0.5856,-2.5917,0.008000,0.131096,-0.4776,0.099718,-0.017217,0.006064,93.89488369704554,-767.6002107869834,-1491.7088085514602,304.014810071856,-0.012138,0.002546,6431.5,6189.1,0.070058,0.076165,0.653288,2.3592,1.0000,,,,,
4.2360,1778655557.238911,353,9.667660,-0.029263,-0.011668,2.4252,-0.0250,0.008982,9.642078,0.009027,-0.010061,2.4224,9.674463,-0.029297,-0.011644,2.3731,0.0021,0.006834,0.416246,-0.0160,9.674463,0.000000,-0.000000,5.0000,1.000000,-0.365183,360.8659,2,3,sand,1.0000,1.100000,0,0,0.000000,0.000000,0.000000,0,nan,0.00,-0.002209,0.4489,0.0028,-0.001166,0.2597,0.59,1.68,2.87,1.70,0.009027,-0.5764,-2.5776,0.008000,0.099132,0.0585,0.105011,0.016257,0.004645,-502.80488675285415,1218.6673163727241,-2521.389871473593,632.0620189165546,-0.021092,0.005337,6426.3,6194.3,0.073658,0.076838,-1.000000,2.3720,1.0000,,,,,
4.2480,1778655557.250537,354,9.745157,-0.038612,-0.015196,2.5378,0.0250,0.000502,9.671280,0.009049,-0.010004,2.4395,9.751968,-0.038662,-0.015176,2.4052,0.0072,0.006785,0.421015,0.0017,9.751968,-0.000000,-0.000000,5.0000,1.000000,-0.389266,352.2569,2,3,sand,1.0000,1.100000,0,0,0.000000,0.000000,0.000000,0,nan,0.00,0.020519,0.4506,0.0027,0.010834,0.2551,0.57,1.68,2.83,1.65,0.009049,-0.5732,-2.5605,0.008000,0.064798,-0.0757,0.110218,0.008782,0.001876,-1165.4390677367435,99.85951836211007,-1165.585447592663,273.13093466625793,-0.009546,0.002307,6425.1,6195.5,0.074517,0.038275,1.000000,2.4041,1.0000,,,,,
4.2600,1778655557.262610,355,9.788595,0.107508,-0.006720,2.3715,0.0323,-0.009931,9.700648,0.008867,-0.010041,2.4530,9.795357,0.107518,-0.006707,2.3990,0.0126,0.004956,0.447809,0.0137,9.795357,-0.000000,-0.000000,5.0000,-1.000000,-0.424064,355.6813,2,3,sand,1.0000,1.100000,0,0,0.000000,0.000000,0.000000,0,nan,0.00,-0.002209,0.4521,0.0026,-0.001166,0.2500,0.57,1.67,2.81,1.63,0.008867,-0.5753,-2.5470,0.008000,0.165529,0.4331,0.089855,-0.004986,-0.001598,-1251.394669773475,432.9421497247215,330.91260189852966,-247.85894310864097,0.002727,-0.002113,6418.3,6202.3,0.079259,0.116132,1.000000,2.3978,1.0000,,,,,
4.2720,1778655557.274553,356,9.709706,-0.044822,-0.016832,2.4284,0.0505,-0.005465,9.730222,0.008532,-0.010128,2.4714,9.716416,-0.044872,-0.016825,2.4049,0.0183,0.001940,0.453929,-0.0040,9.716416,0.000000,-0.000000,5.0000,1.000000,-0.447103,353.1863,2,3,sand,1.0000,1.100000,0,0,0.000000,0.000000,0.000000,0,nan,0.00,0.020519,0.4534,0.0025,0.010834,0.2446,0.56,1.66,2.78,1.58,0.008532,-0.5803,-2.5286,0.008000,0.113688,-0.3973,0.083426,0.023272,-0.003182,-688.333284994996,357.9404006060688,-1327.5116765578723,-761.0576354339706,-0.011055,-0.006521,6416.7,6203.9,0.080355,0.086429,-1.000000,2.4037,1.0000,,,,,
4.2840,1778655557.286514,357,9.749837,0.075307,-0.000839,2.5351,0.0339,0.002549,9.759947,0.008396,-0.010092,2.4850,9.756510,0.075375,-0.000831,2.4304,0.0220,0.003334,0.472448,0.0136,9.756510,-0.000000,-0.000000,5.0000,-1.000000,-0.475838,347.2416,2,3,sand,1.0000,1.100000,0,0,0.000000,0.000000,0.000000,0,nan,0.00,-0.002209,0.4544,0.0023,-0.001166,0.2389,0.54,1.65,2.73,1.57,0.008396,-0.5782,-2.5150,0.008000,0.080503,0.1966,0.085841,0.032734,0.001180,373.6795633674349,-0.15598171063970767,-9.466999696720285,-874.4143758102819,-0.000079,-0.007554,6412.0,6208.6,0.083632,0.062440,1.000000,2.4291,1.0000,,,,,
4.2960,1778655557.298672,358,9.810263,-0.038846,-0.017192,2.5006,0.0252,0.002146,9.789907,0.008334,-0.010013,2.5028,9.816974,-0.038891,-0.017186,2.4443,0.0213,0.001924,0.496426,-0.0039,9.816974,-0.000000,-0.000000,5.0000,1.000000,-0.512088,343.6689,2,3,sand,1.0000,1.100000,0,0,0.000000,0.000000,0.000000,0,nan,0.00,0.020519,0.4553,0.0022,0.010834,0.2328,0.55,1.63,2.73,1.53,0.008334,-0.5737,-2.4972,0.008000,0.060129,-0.3874,0.076765,-0.005274,-0.010265,968.6035393451787,-352.61910558609225,-1430.0862393086331,-889.156168135523,-0.012182,-0.007762,6405.9,6214.7,0.087880,0.089110,-1.000000,2.4429,1.0000,,,,,
4.3080,1778655557.310614,359,9.844445,-0.025564,-0.009901,2.5213,0.0894,-0.003415,9.820059,0.008266,-0.009983,2.5209,9.851153,-0.025527,-0.009896,2.4595,0.0345,0.002327,0.523200,0.0136,9.851153,-0.000000,-0.000000,5.0000,0.726393,-0.554247,340.1843,2,3,sand,1.0000,1.100000,0,0,0.000000,0.000000,0.000000,0,nan,0.00,0.037028,0.4560,0.0021,0.019551,0.2261,0.55,1.62,2.72,1.56,0.008266,-0.5720,-2.4791,0.008000,0.114264,0.1984,0.079034,0.064100,0.009160,-1041.2270062622797,747.9282014084474,-537.168359609151,-1538.9071438273086,-0.004603,-0.013717,6399.1,6221.5,0.092623,0.086056,1.000000,2.4581,1.0000,,,,,
4.3200,1778655557.322603,360,9.835962,0.026179,-0.007818,2.5858,-0.0325,-0.004827,9.850446,0.008042,-0.010027,2.5390,9.842758,0.026193,-0.007815,2.4843,0.0229,0.002027,0.542287,0.0215,9.842758,-0.000000,-0.000000,5.0000,-1.000000,-0.592759,334.3825,2,3,sand,1.0000,1.100000,0,0,0.000000,0.000000,0.000000,0,nan,0.00,0.014300,0.4564,0.0020,0.007551,0.2190,0.56,1.61,2.73,1.56,0.008042,-0.5745,-2.4610,0.008000,0.114082,0.4633,0.095406,0.024101,-0.002961,-817.1216415551751,-579.5873870313003,1188.616428992534,-1013.9701105832496,0.010359,-0.009060,6394.2,6226.3,0.096014,0.067552,0.726393,2.4828,1.0000,,,,,
4.3320,1778655557.334521,361,9.831369,0.024674,-0.004196,2.5154,-0.0242,0.001978,9.881062,0.007886,-0.010013,2.5581,9.838147,0.024686,-0.004194,2.4905,0.0132,0.001000,0.501455,0.0048,9.838147,-0.000000,-0.000000,5.0000,-1.000000,-0.574142,331.5001,2,3,sand,1.0000,1.100000,0,0,0.000000,0.000000,0.000000,0,nan,0.00,-0.008427,0.4567,0.0019,-0.004449,0.2121,0.56,1.61,2.73,1.64,0.007886,-0.5737,-2.4419,0.008000,0.050272,0.6090,0.090846,0.042252,0.010910,590.5590907254973,1453.5592439801687,212.0449259822549,-589.125421768342,0.001794,-0.005143,6404.6,6216.0,0.088822,0.099635,-1.000000,2.4891,1.0000,,,,,
4.3440,1778655557.346386,362,10.001912,0.051111,-0.010163,2.5789,-0.0322,0.009177,9.911835,0.008002,-0.009872,2.5699,10.008631,0.051062,-0.010158,2.5078,0.0039,0.001375,0.495140,-0.0071,10.008631,0.000000,0.000000,5.0000,-1.000000,-0.559889,326.8891,2,3,sand,1.0000,1.100000,0,0,0.000000,0.000000,0.000000,0,nan,0.00,-0.031154,0.4567,0.0018,-0.016449,0.2054,0.53,1.63,2.69,1.71,0.008002,-0.5656,-2.4301,0.008000,0.119927,0.0502,0.093560,-0.005063,-0.004323,1242.6932064047699,1360.900027308203,-909.7736952883066,-48.2367784359684,-0.007700,-0.000419,6406.2,6214.4,0.087693,0.096273,-1.000000,2.5065,1.0000,,,,,
4.3560,1778655557.358366,363,9.933861,-0.014952,-0.013893,2.5923,0.0817,0.021007,9.942838,0.008451,-0.009566,2.5903,9.940592,-0.014977,-0.013881,2.5245,0.0169,0.003552,0.514093,-0.0191,9.940592,-0.000000,0.000000,5.0000,1.000000,-0.571661,322.9940,2,3,sand,1.0000,1.100000,0,0,0.000000,0.000000,0.000000,0,nan,0.00,-0.008427,0.4566,0.0017,-0.004449,0.1985,0.52,1.62,2.66,1.57,0.008451,-0.5481,-2.4097,0.008000,0.064790,-0.0138,0.077700,-0.006489,-0.007649,704.0874831066823,-579.1666340953534,-3114.313057651646,-438.8827493755244,-0.027889,-0.003850,6401.4,6219.2,0.091032,0.094492,-1.000000,2.5231,1.0000,,,,,
4.3680,1778655557.370353,364,9.942613,-0.045451,-0.019242,2.6655,0.0271,0.005329,9.974087,0.008752,-0.009393,2.6119,9.949321,-0.045505,-0.019229,2.5521,0.0195,0.004809,0.539831,-0.0018,9.949321,-0.000000,0.000000,5.0000,1.000000,-0.602099,316.8890,2,3,sand,1.0000,1.100000,0,0,0.000000,0.000000,0.000000,0,nan,0.00,0.014300,0.4563,0.0017,0.007551,0.1913,0.50,1.64,2.65,1.78,0.008752,-0.5382,-2.3881,0.008000,0.173344,-0.5974,0.108978,0.060033,0.024674,-1713.3332489228178,561.3417131789843,-1850.5123645252024,-499.00663295621473,-0.016273,-0.004435,6394.9,6225.7,0.095578,0.066746,1.000000,2.5507,1.0000,,,,,
4.3800,1778655557.382516,365,9.934676,-0.017046,-0.017240,2.5997,0.0199,-0.006002,10.005607,0.008701,-0.009416,2.6347,9.941503,-0.017093,-0.017230,2.5616,0.0202,0.003879,0.561950,0.0102,9.941503,-0.000000,0.000000,5.0000,0.872867,-0.637069,314.9587,2,3,sand,1.0000,1.100000,0,0,0.000000,0.000000,0.000000,0,nan,0.00,0.034138,0.4559,0.0016,0.018025,0.1836,0.51,1.64,2.66,1.62,0.008701,-0.5395,-2.3653,0.008000,0.036329,-0.1104,0.112037,-0.006158,-0.009389,-1383.4403122665776,-686.1249589855463,-311.44891796011603,-648.9723208892568,-0.002729,-0.005840,6389.2,6231.3,0.099501,0.091289,1.000000,2.5601,1.0000,,,,,
4.3920,1778655557.394364,366,10.003954,-0.051783,-0.023980,2.6759,0.0109,-0.009228,10.037377,0.008443,-0.009507,2.6556,10.010735,-0.051888,-0.023976,2.5841,0.0193,0.002613,0.585739,0.0203,10.010735,0.000000,0.000000,5.0000,1.000000,-0.676245,310.3141,2,3,sand,1.0000,1.100000,0,0,0.000000,0.000000,0.000000,0,nan,0.00,0.056865,0.4552,0.0015,0.030025,0.1755,0.49,1.62,2.61,1.53,0.008443,-0.5447,-2.3444,0.008000,0.122849,-1.2399,0.107270,0.046716,0.015245,-1259.4317535993787,-35.52781816093898,1127.0408111356378,-730.5894354848333,0.010091,-0.006669,6383.2,6237.4,0.103713,0.078048,0.872867,2.5825,1.0000,,,,,
4.4040,1778655557.406444,367,10.055595,-0.075054,-0.014266,2.6492,0.0434,-0.009459,10.069400,0.008061,-0.009625,2.6766,10.062367,-0.075086,-0.014265,2.5970,0.0247,0.001894,0.605483,0.0326,10.062367,0.000000,0.000000,5.0000,1.000000,-0.713093,307.7849,2,3,sand,1.0000,1.100000,0,0,0.000000,0.000000,0.000000,0,nan,0.00,0.079593,0.4544,0.0014,0.042025,0.1670,0.49,1.61,2.60,1.55,0.008061,-0.5515,-2.3234,0.008000,0.037545,0.0893,0.104067,-0.001077,-0.013724,-730.3706132129076,172.4330792787373,2318.0916822522295,-1056.5805040623047,0.021544,-0.009794,6378.2,6242.4,0.107215,0.088031,1.000000,2.5955,1.0000,,,,,
4.4160,1778655557.418648,368,10.159565,-0.062087,-0.012888,2.6482,-0.0275,-0.006542,10.101677,0.007760,-0.009680,2.6971,10.166462,-0.062137,-0.012888,2.6073,0.0164,0.002037,0.627303,0.0447,10.166462,0.000000,-0.000000,5.0000,0.585033,-0.750490,305.7769,2,3,sand,1.0000,1.100000,0,0,0.000000,0.000000,0.000000,0,nan,0.00,0.092889,0.4534,0.0014,0.049045,0.1580,0.52,1.61,2.64,1.59,0.007760,-0.5546,-2.3029,0.008000,0.071510,-0.2475,0.096581,-0.010773,-0.014907,350.244012515575,-378.12835713282533,3792.9560155095805,-710.1382184624516,0.038031,-0.006654,6372.6,6247.9,0.111090,0.099577,1.000000,2.6057,1.0000,,,,,
4.4280,1778655557.430655,369,10.175192,-0.024750,-0.009875,2.6365,0.1290,0.000675,10.134187,0.007585,-0.009671,2.7166,10.182202,-0.024716,-0.009873,2.6134,0.0379,0.003201,0.648166,0.0506,10.182202,0.000000,-0.000000,5.0000,-1.000000,-0.787341,304.9338,2,3,sand,1.0000,1.100000,0,0,0.000000,0.000000,0.000000,0,nan,0.00,0.070162,0.4522,0.0013,0.037045,0.1485,0.54,1.60,2.67,1.54,0.007585,-0.5541,-2.2834,0.008000,0.095561,-0.1278,0.076051,0.032838,-0.003138,1033.9571772989568,62.94407292250344,3579.924994428114,-1541.709301896232,0.036191,-0.014829,6367.3,6253.3,0.114795,0.115421,0.585033,2.6116,1.0000,,,,,
4.4400,1778655557.442522,370,10.219158,-0.037204,-0.005678,2.6919,0.0867,0.008578,10.166936,0.007645,-0.009559,2.7348,10.226206,-0.037112,-0.005672,2.6289,0.0459,0.003679,0.656771,0.0344,10.226206,0.000000,-0.000000,5.0000,-0.539188,-0.813160,301.3300,2,3,sand,1.0000,1.100000,0,0,0.000000,0.000000,0.000000,0,nan,0.00,0.057907,0.4508,0.0012,0.030575,0.1388,0.54,1.59,2.67,1.53,0.007645,-0.5477,-2.2652,0.008000,0.142699,-0.0599,0.089386,0.053750,0.004728,810.9083166357323,-2012.8915213578384,2013.3666374611955,-1767.6731467003287,0.019347,-0.017195,6365.1,6255.5,0.116332,0.098164,-1.000000,2.6271,1.0000,,,,,
4.4520,1778655557.454605,371,10.300386,-0.055737,-0.012847,2.7649,0.0047,0.028595,10.199894,0.008109,-0.009234,2.7514,10.307523,-0.055697,-0.012828,2.6556,0.0380,0.007962,0.653386,0.0291,10.307523,-0.000000,-0.000000,5.0000,0.671170,-0.823299,294.6900,2,3,sand,1.0000,1.100000,0,0,0.000000,0.000000,0.000000,0,nan,0.00,0.073161,0.4492,0.0012,0.038629,0.1289,0.55,1.58,2.68,1.54,0.008109,-0.5291,-2.2486,0.008000,0.107449,-0.0786,0.099261,0.062183,0.019025,1261.3407733448216,146.30021183290023,1352.0089485785224,-1096.349609620609,0.012779,-0.010510,6365.9,6254.6,0.115748,0.092271,-0.539188,2.6538,1.0000,,,,,
4.4640,1778655557.466469,372,10.278758,-0.011936,-0.014240,2.7498,0.1278,0.020763,10.233070,0.008620,-0.008969,2.7731,10.285866,-0.011847,-0.014214,2.6742,0.0551,0.011409,0.666134,0.0404,10.285866,-0.000000,-0.000000,5.0000,-0.954493,-0.840641,290.6154,2,3,sand,1.0000,1.100000,0,0,0.000000,0.000000,0.000000,0,nan,0.00,0.051468,0.4474,0.0011,0.027175,0.1188,0.54,1.57,2.65,1.53,0.008620,-0.5139,-2.2269,0.008000,0.083445,-0.0309,0.099366,0.052357,0.006996,359.7270357475974,584.7195702754227,1333.0359302146694,-1548.2746962903493,0.012731,-0.015100,6362.7,6257.9,0.117999,0.093471,0.671170,2.6724,1.0000,,,,,
4.4760,1778655557.478427,373,10.246958,-0.009076,-0.004154,2.9354,-0.0394,0.016576,10.266543,0.009138,-0.008725,2.7986,10.254122,-0.008962,-0.004125,2.7251,0.0368,0.011496,0.685128,0.0247,10.254122,-0.000000,-0.000000,5.0000,-1.000000,-0.868662,279.1604,2,3,sand,1.0000,1.100000,0,0,0.000000,0.000000,0.000000,0,nan,0.00,0.028741,0.4455,0.0011,0.015175,0.1084,0.53,1.58,2.63,1.61,0.009138,-0.4999,-2.2014,0.008000,0.053414,0.7654,0.120247,0.006007,-0.007545,-149.3073620667236,-617.5697424459706,788.148059749121,-729.8473864916089,0.007599,-0.007140,6357.9,6262.7,0.121356,0.033639,-0.954493,2.7233,1.0000,,,,,
4.4880,1778655557.490500,374,10.307880,-0.026651,-0.005222,2.8791,0.0497,0.024597,10.300267,0.009709,-0.008437,2.8172,10.315147,-0.026532,-0.005188,2.7553,0.0382,0.012913,0.700064,0.0125,10.315147,-0.000000,-0.000000,5.0000,0.031563,-0.896673,272.6146,2,3,sand,1.0000,1.100000,0,0,0.000000,0.000000,0.000000,0,nan,0.00,0.029458,0.4409,0.0010,0.015554,0.0976,0.53,1.61,2.67,1.80,0.009709,-0.4834,-2.1828,0.008000,0.107894,0.6152,0.138807,0.016369,-0.000255,159.20517051077113,147.8477780639355,-684.8011261478649,-629.9953636646584,-0.006687,-0.006236,6354.1,6266.5,0.124008,0.064268,-1.000000,2.7535,1.0000,,,,,
4.5000,1778655557.503014,375,10.349639,-0.001775,-0.008868,2.8629,0.0492,0.026196,10.334248,0.010404,-0.008120,2.8386,10.357122,-0.001665,-0.008826,2.7766,0.0401,0.015349,0.714290,0.0156,10.357122,-0.000000,-0.000000,5.0000,-0.549793,-0.923643,268.2798,2,3,sand,1.0000,1.100000,0,0,0.000000,0.000000,0.000000,0,nan,0.00,0.016963,0.4365,0.0010,0.008956,0.0865,0.54,1.78,2.86,2.73,0.010404,-0.4653,-2.1614,0.008000,0.091027,0.7122,0.135368,-0.008452,-0.013879,160.2663223251932,1419.1927106760413,-835.1708978510496,-528.8590561665121,-0.008281,-0.005296,6350.5,6270.1,0.126542,0.071628,0.031563,2.7746,1.0000,,,,,
4.5120,1778655557.515036,376,10.317379,0.087151,-0.001301,2.7904,0.0478,0.025578,10.368468,0.011119,-0.007817,2.8578,10.325479,0.087341,-0.001252,2.7798,0.0405,0.016308,0.730382,0.0074,10.325479,-0.000000,-0.000000,5.0000,-1.000000,-0.951098,269.2602,2,3,sand,1.0000,1.100000,0,0,0.000000,0.000000,0.000000,0,nan,0.00,-0.005764,0.4324,0.0009,-0.003044,0.0751,0.57,1.92,3.05,2.71,0.011119,-0.4479,-2.1422,0.008000,0.155328,0.5528,0.123668,-0.019820,-0.019809,-429.6966940011282,562.7374632198175,-1607.196195024107,-448.1799285254546,-0.016415,-0.004554,6346.3,6274.3,0.129431,0.107765,-0.549793,2.7777,1.0000,,,,,
4.5240,1778655557.526905,377,10.385148,0.026266,-0.002797,2.8525,0.1083,0.016943,10.402935,0.011768,-0.007576,2.8805,10.393783,0.026486,-0.002747,2.7944,0.0511,0.014868,0.733452,-0.0061,10.393783,-0.000000,-0.000000,5.0000,-0.992230,-0.967410,265.0822,2,3,sand,1.0000,1.100000,0,0,0.000000,0.000000,0.000000,0,nan,0.00,-0.028315,0.4284,0.0009,-0.014950,0.0635,0.59,2.02,3.19,2.60,0.011768,-0.4341,-2.1195,0.008000,0.092963,0.3894,0.125876,-0.006713,-0.020255,-733.8142557119254,1056.1653452844516,-3040.27246555473,-894.3360710913925,-0.032773,-0.009155,6345.5,6275.1,0.130017,0.087535,-1.000000,2.7922,1.0000,,,,,
4.5360,1778655557.538689,378,10.488854,0.041332,-0.008547,2.9503,-0.0138,0.029324,10.437639,0.012550,-0.007246,2.8960,10.497913,0.041472,-0.008490,2.8251,0.0374,0.015493,0.732203,-0.0181,10.497913,-0.000000,0.000000,5.0000,-0.693431,-0.974871,257.9490,2,3,sand,1.0000,1.100000,0,0,0.000000,0.000000,0.000000,0,nan,0.00,-0.044075,0.4247,0.0008,-0.023272,0.0518,0.59,1.96,3.14,1.59,0.012550,-0.4152,-2.1040,0.008000,0.073395,-0.0644,0.148545,-0.004277,-0.007728,-136.77112143375612,-72.56571433951376,-3669.5997357013025,-287.3399924855088,-0.040927,-0.002923,6345.7,6274.8,0.129825,0.072395,-0.992230,2.8228,1.0000,,,,,
4.5480,1778655557.550553,379,10.486411,-0.004343,-0.008873,2.9428,0.0430,0.020833,10.472532,0.013309,-0.006981,2.9145,10.495375,-0.004210,-0.008819,2.8484,0.0369,0.014952,0.747143,-0.0255,10.495375,-0.000000,0.000000,5.0000,1.000000,-0.993166,253.2838,2,3,sand,1.0000,1.100000,0,0,0.000000,0.000000,0.000000,0,nan,0.00,-0.021348,0.4211,0.0008,-0.011272,0.0399,0.60,1.89,3.09,1.54,0.013309,-0.4000,-2.0855,0.008000,0.027077,-0.3058,0.155486,0.001605,-0.003900,-615.6834440349687,1162.1529553314642,-4170.053037592095,-274.94601988553785,-0.049226,-0.002838,6342.0,6278.6,0.132457,0.075943,-0.693431,2.8460,1.0000,,,,,
4.5600,1778655557.562542,380,10.508788,0.033603,-0.000518,2.8960,0.0311,0.009272,10.507658,0.013871,-0.006845,2.9339,10.517580,0.033795,-0.000468,2.8580,0.0364,0.014763,0.762464,-0.0082,10.517580,0.000000,0.000000,5.0000,-0.717456,-1.016034,251.9270,2,3,sand,1.0000,1.100000,0,0,0.000000,0.000000,0.000000,0,nan,0.00,-0.037653,0.4177,0.0008,-0.019881,0.0277,0.59,1.84,3.03,1.55,0.013871,-0.3922,-2.0661,0.008000,0.107228,0.5472,0.138889,-0.010714,-0.012761,-1398.7599633554023,-776.2062356739627,-3136.135736249067,-316.3460912959958,-0.035244,-0.003318,6338.1,6282.5,0.135160,0.096938,1.000000,2.8557,1.0000,,,,,
4.5720,1778655557.574477,381,10.570641,0.009263,-0.001674,2.9225,0.0510,0.006279,10.543005,0.014229,-0.006787,2.9530,10.579293,0.009434,-0.001633,2.8709,0.0375,0.011722,0.769906,-0.0220,10.579293,0.000000,0.000000,5.0000,0.287211,-1.033928,249.1957,2,3,sand,1.0000,1.100000,0,0,0.000000,0.000000,0.000000,0,nan,0.00,-0.031126,0.4144,0.0007,-0.016434,0.0153,0.59,1.79,2.97,1.51,0.014229,-0.3889,-2.0470,0.008000,0.022248,0.6006,0.132045,0.004897,-0.006365,-1098.701374929127,446.49723091150463,-3679.6541080934103,-508.22372900179397,-0.043241,-0.005380,6336.2,6284.4,0.136475,0.092352,-0.717456,2.8686,1.0000,,,,,
4.5840,1778655557.586643,382,10.645273,0.058325,0.001045,3.0217,0.0589,0.006610,10.578607,0.014552,-0.006727,2.9741,10.653961,0.058522,0.001082,2.9006,0.0410,0.010733,0.784170,-0.0156,10.653961,0.000000,0.000000,5.0000,-1.000000,-1.056265,243.6269,2,3,sand,1.0000,1.100000,0,0,0.000000,0.000000,0.000000,0,nan,0.00,-0.053853,0.4113,0.0007,-0.028434,0.0026,0.60,1.78,2.98,1.68,0.014552,-0.3854,-2.0259,0.008000,0.131884,0.2291,0.108988,0.025438,0.002111,-797.1670128554666,532.6635638226207,-3377.605957447544,-693.2942579372677,-0.039714,-0.007471,6332.6,6288.0,0.139000,0.064970,0.287211,2.8983,1.0000,,,,,
4.5960,1778655557.598569,383,10.642149,-0.026029,-0.003909,3.0198,-0.0313,0.004891,10.614414,0.014867,-0.006664,2.9898,10.650857,-0.025931,-0.003880,2.9241,0.0259,0.007792,0.780866,-0.0314,10.650857,0.000000,0.000000,5.0000,1.000000,-1.064975,238.0549,2,3,sand,1.0000,1.100000,0,0,0.000000,0.000000,0.000000,0,nan,0.00,-0.031126,0.4084,0.0007,-0.016434,-0.0102,0.60,1.74,2.94,1.54,0.014867,-0.3818,-2.0102,0.008000,0.048195,-0.0021,0.100958,0.008269,-0.001091,-748.1214680874232,11.191134216724777,-3779.20462105874,-312.7074210609315,-0.045499,-0.003347,6333.4,6287.2,0.138425,0.078854,-1.000000,2.9218,1.0000,,,,,
4.6080,1778655557.610594,384,10.660861,0.000740,-0.000935,2.9965,0.0916,-0.001681,10.650442,0.015112,-0.006636,3.0091,10.669524,0.000889,-0.000911,2.9386,0.0384,0.006991,0.779743,-0.0135,10.669524,0.000000,-0.000000,5.0000,0.546949,-1.068611,234.7172,2,3,sand,1.0000,1.100000,0,0,0.000000,0.000000,0.000000,0,nan,0.00,-0.018695,0.4056,0.0006,-0.009871,-0.0230,0.60,1.71,2.92,1.52,0.015112,-0.3802,-1.9909,0.008000,0.022673,0.3999,0.092876,0.028405,0.001550,-653.4600787656442,208.52940993086804,-3128.2419979299866,-830.2003328372236,-0.035991,-0.008916,6333.7,6286.9,0.138226,0.084944,1.000000,2.9363,1.0000,,,,,
4.6200,1778655557.622521,385,10.687306,0.025775,-0.010086,2.9886,0.0892,-0.008692,10.686681,0.015119,-0.006739,3.0264,10.695864,0.025856,-0.010071,2.9487,0.0475,0.004510,0.780198,-0.0083,10.695864,0.000000,-0.000000,5.0000,-0.221208,-1.071011,232.6794,2,3,sand,1.0000,1.100000,0,0,0.000000,0.000000,0.000000,0,nan,0.00,-0.023723,0.4029,0.0006,-0.012526,-0.0358,0.60,1.68,2.88,1.53,0.015119,-0.3861,-1.9736,0.008000,0.098333,-0.4020,0.098287,0.090501,0.032411,-1013.5461222885068,474.9692828021289,-2711.220005698273,-1292.8821708019445,-0.030537,-0.013999,6333.6,6287.0,0.138299,0.094586,0.546949,2.9464,1.0000,,,,,
4.6320,1778655557.634553,386,10.750905,-0.115764,-0.009479,3.0333,-0.0330,-0.007233,10.723154,0.015100,-0.006831,3.0482,10.759414,-0.115737,-0.009472,2.9655,0.0319,0.001857,0.793848,-0.0132,10.759414,-0.000000,-0.000000,5.0000,1.000000,-1.085016,230.7191,2,3,sand,1.0000,1.100000,0,0,0.000000,0.000000,0.000000,0,nan,0.00,-0.000995,0.4004,0.0006,-0.000526,-0.0489,0.59,1.67,2.86,1.62,0.015100,-0.3914,-1.9518,0.008000,0.159049,-0.3455,0.100252,0.051363,0.015549,-882.8017828303174,336.288501461451,-2321.7281314223846,-904.0573029207004,-0.026192,-0.009880,6330.1,6290.4,0.140704,0.072641,-0.221208,2.9632,1.0000,,,,,
4.6440,1778655557.646479,387,10.681054,0.015242,-0.004280,3.0498,0.0441,-0.000690,10.759807,0.015167,-0.006875,3.0596,10.689508,0.015319,-0.004273,2.9823,0.0348,0.002492,0.806983,0.0023,10.689508,0.000000,-0.000000,5.0000,-0.504271,-1.104677,226.9129,2,3,sand,1.0000,1.100000,0,0,0.000000,0.000000,0.000000,0,nan,0.00,-0.012456,0.3980,0.0005,-0.006577,-0.0621,0.58,1.65,2.82,1.56,0.015167,-0.3939,-1.9404,0.008000,0.104922,0.3143,0.086480,0.064958,0.021980,-524.4910025495938,894.3787481983048,-1283.6433033337364,-977.1948035580238,-0.014281,-0.010866,6326.8,6293.7,0.143024,0.087453,1.000000,2.9800,1.0000,,,,,
4.6560,1778655557.658634,388,10.762482,0.012719,-0.007218,3.1632,-0.0041,-0.010684,10.796669,0.015152,-0.006979,3.0794,10.771025,0.012735,-0.007219,3.0177,0.0267,-0.000603,0.807588,-0.0080,10.771025,-0.000000,-0.000000,5.0000,-0.177446,-1.115668,219.3822,2,3,sand,1.0000,1.100000,0,0,0.000000,0.000000,0.000000,0,nan,0.00,-0.016489,0.3957,0.0005,-0.008706,-0.0755,0.59,1.64,2.82,1.55,0.015152,-0.3999,-1.9206,0.008000,0.028896,0.1100,0.097314,0.038375,0.007374,-921.0001603531666,793.7798914115737,-1448.0903190489885,-861.5167720799866,-0.016186,-0.009571,6326.7,6293.9,0.143140,0.048821,-0.504271,3.0154,1.0000,,,,,
4.6680,1778655557.670601,389,10.883087,0.089326,-0.007623,3.1638,-0.0140,-0.002237,10.833750,0.015230,-0.007024,3.0956,10.891706,0.089312,-0.007626,3.0464,0.0187,-0.001172,0.790091,-0.0092,10.891706,-0.000000,-0.000000,5.0000,-1.000000,-1.105363,213.1321,2,3,sand,1.0000,1.100000,0,0,0.000000,0.000000,0.000000,0,nan,0.00,-0.039216,0.3935,0.0005,-0.020706,-0.0888,0.60,1.63,2.82,1.58,0.015230,-0.4024,-1.9044,0.008000,0.095622,-0.3496,0.114955,0.044223,0.016337,-537.8386905189369,-1917.704314595129,-1399.4282217169425,-645.104672069335,-0.015264,-0.006997,6331.1,6289.5,0.140056,0.064247,-0.177446,3.0442,1.0000,,,,,
4.6800,1778655557.682533,390,10.884990,-0.108153,-0.002357,3.1127,0.1181,0.004536,10.871014,0.015410,-0.007010,3.1105,10.893599,-0.108070,-0.002358,3.0597,0.0354,-0.001526,0.803124,-0.0235,10.893599,-0.000000,-0.000000,5.0000,1.000000,-1.113061,211.1910,2,3,sand,1.0000,1.100000,0,0,0.000000,0.000000,0.000000,0,nan,0.00,-0.016489,0.3913,0.0016,-0.008706,-0.1021,0.59,1.63,2.82,1.64,0.015410,-0.4017,-1.8895,0.008000,0.116432,0.0089,0.114650,0.058484,0.014456,14.447141146951935,1348.8720418328057,-2886.456986370856,-1135.7943353513774,-0.033906,-0.012604,6327.8,6292.8,0.142349,0.081487,-1.000000,3.0574,1.0000,,,,,
4.6920,1778655557.694595,391,10.816473,0.088651,-0.006721,3.1986,0.0798,-0.000323,10.908477,0.015640,-0.006997,3.1292,10.825201,0.088722,-0.006721,3.0870,0.0440,-0.000249,0.805508,-0.0059,10.825201,-0.000000,-0.000000,5.0000,-1.000000,-1.120329,205.8963,2,3,sand,1.0000,1.100000,0,0,0.000000,0.000000,0.000000,0,nan,0.00,-0.039216,0.3891,0.0028,-0.020706,-0.1156,0.60,1.72,2.92,2.22,0.015640,-0.4009,-1.8708,0.008000,0.135814,-0.3305,0.110996,0.088320,0.029366,-733.7535351574579,7.481743317189284,-2128.788234422995,-1351.9029395742461,-0.024232,-0.015117,6327.2,6293.4,0.142776,0.060220,1.000000,3.0847,1.0000,,,,,
4.7040,1778655557.706557,392,10.957049,-0.012041,-0.009727,3.1211,0.1328,-0.006409,10.946151,0.015711,-0.007069,3.1463,10.966043,-0.011960,-0.009732,3.0941,0.0583,-0.002866,0.813258,-0.0236,10.966043,-0.000000,0.000000,5.0000,1.000000,-1.130588,203.8374,2,3,sand,1.0000,1.100000,0,0,0.000000,0.000000,0.000000,0,nan,0.00,-0.016489,0.3869,0.0041,-0.008706,-0.1291,0.59,1.69,2.88,1.53,0.015711,-0.4050,-1.8537,0.008000,0.018105,-0.3210,0.094898,0.069771,0.004050,-1211.0652981600476,46.058346044785594,-3329.21794894156,-1847.0585116827076,-0.040871,-0.021160,6325.2,6295.4,0.144164,0.082182,-1.000000,3.0918,1.0000,,,,,
4.7160,1778655557.718642,393,10.925719,0.005575,-0.004531,3.2447,0.1242,-0.008554,10.984043,0.015673,-0.007177,3.1638,10.934735,0.005734,-0.004539,3.1237,0.0707,-0.002689,0.819641,-0.0058,10.934735,-0.000000,0.000000,5.0000,0.079290,-1.142681,198.3627,2,3,sand,1.0000,1.100000,0,0,0.000000,0.000000,0.000000,0,nan,0.00,-0.014687,0.3847,0.0055,-0.007755,-0.1428,0.60,1.67,2.86,1.53,0.015673,-0.4112,-1.8362,0.008000,0.041727,-0.1771,0.110180,0.085814,0.006114,-1038.7023967435887,-1321.2883612182507,-2659.379888063167,-2180.0137229885504,-0.031671,-0.025510,6323.6,6297.0,0.145292,0.050716,1.000000,3.1214,1.0000,,,,,
4.7280,1778655557.730574,394,11.086386,0.014384,-0.009543,3.1390,0.0638,-0.010921,11.022140,0.015532,-0.007314,3.1816,11.095350,0.014483,-0.009555,3.1272,0.0686,-0.004205,0.826383,-0.0075,11.095350,0.000000,0.000000,5.0000,-0.153936,-1.153789,197.8429,2,3,sand,1.0000,1.100000,0,0,0.000000,0.000000,0.000000,0,nan,0.00,-0.018185,0.3826,0.0070,-0.009602,-0.1567,0.60,1.66,2.86,1.59,0.015532,-0.4191,-1.8184,0.008000,0.092284,0.0737,0.103462,0.086360,0.006885,-1116.142770768488,-185.01234736836182,-2445.600340659917,-2171.7982077934607,-0.029129,-0.025657,6321.9,6298.7,0.146484,0.082604,0.079290,3.1248,1.0000,,,,,
4.7400,1778655557.742522,395,10.990421,0.034347,-0.006903,3.1991,0.1328,-0.005007,11.060420,0.015453,-0.007393,3.1940,10.999354,0.034499,-0.006916,3.1415,0.0793,-0.004557,0.813266,-0.0100,10.999354,-0.000000,0.000000,5.0000,-0.814451,-1.148235,194.6238,2,3,sand,1.0000,1.100000,0,0,0.000000,0.000000,0.000000,0,nan,0.00,-0.036696,0.3804,0.0085,-0.019375,-0.1705,0.59,1.64,2.83,1.53,0.015453,-0.4236,-1.8060,0.008000,0.159255,-0.0143,0.099721,0.030106,-0.039055,-230.3576971061227,-92.72635155972603,-2886.4171747912155,-2492.810172775927,-0.034454,-0.029308,6325.2,6295.4,0.144169,0.076537,-0.153936,3.1392,1.0000,,,,,
4.7520,1778655557.754469,396,11.101452,0.091844,0.000540,3.2323,0.0505,0.001414,11.098857,0.015500,-0.007395,3.2078,11.110290,0.092042,0.000529,3.1594,0.0723,-0.004602,0.803746,-0.0217,11.110290,0.000000,0.000000,5.0000,-1.000000,-1.137074,191.1436,2,3,sand,1.0000,1.100000,0,0,0.000000,0.000000,0.000000,0,nan,0.00,-0.059423,0.3783,0.0101,-0.031375,-0.1841,0.58,1.71,2.87,2.12,0.015500,-0.4237,-1.7922,0.008000,0.134617,0.2982,0.099755,0.084071,0.002633,379.6914446953927,172.5071109799651,-3482.2881912924345,-2299.8252060046416,-0.042539,-0.026451,6327.6,6293.0,0.142476,0.076371,-0.814451,3.1572,1.0000,,,,,
4.7640,1778655557.766573,397,11.123012,0.041396,-0.007061,3.2143,0.0109,0.004228,11.137459,0.015658,-0.007335,3.2214,11.132106,0.041495,-0.007070,3.1706,0.0587,-0.004584,0.813268,-0.0342,11.132106,0.000000,0.000000,5.0000,-0.098006,-1.140867,188.8093,2,3,sand,1.0000,1.100000,0,0,0.000000,0.000000,0.000000,0,nan,0.00,-0.061650,0.3761,0.0118,-0.032551,-0.1978,0.58,1.69,2.85,1.60,0.015658,-0.4202,-1.7786,0.008000,0.056191,0.0445,0.075343,0.074614,0.006141,-57.16700218184813,-6.643198466786089,-3952.7836427922616,-1873.5861903718308,-0.051069,-0.021484,6325.2,6295.4,0.144166,0.081755,-1.000000,3.1682,1.0000,,,,,
4.7760,1778655557.778517,398,11.096524,0.055746,-0.006399,3.2361,0.0162,0.007827,11.176242,0.015876,-0.007249,3.2373,11.105610,0.055832,-0.006403,3.1837,0.0498,-0.002923,0.814309,-0.0328,11.105610,0.000000,0.000000,5.0000,-0.399217,-1.144295,186.5524,2,3,sand,1.0000,1.100000,0,0,0.000000,0.000000,0.000000,0,nan,0.00,-0.070724,0.3740,0.0136,-0.037342,-0.2115,0.58,1.67,2.83,1.52,0.015876,-0.4153,-1.7627,0.008000,0.106205,0.2261,0.061498,0.105656,0.034833,-1149.4269824333905,-119.6897376239524,-3892.87911454965,-1533.2703091637377,-0.050111,-0.017426,6324.9,6295.6,0.144349,0.073304,-0.098006,3.1814,1.0000,,,,,
4.7880,1778655557.790592,399,11.284776,-0.011480,-0.014751,3.1472,0.0422,-0.004092,11.215215,0.015927,-0.007256,3.2541,11.293775,-0.011482,-0.014758,3.1771,0.0470,-0.004140,0.813077,-0.0385,11.293775,-0.000000,-0.000000,5.0000,1.000000,-1.143595,187.2270,2,3,sand,1.0000,1.100000,0,0,0.000000,0.000000,0.000000,0,nan,0.00,-0.047996,0.3718,0.0155,-0.025342,-0.2253,0.58,1.65,2.82,1.55,0.015927,-0.4158,-1.7459,0.008000,0.121356,-0.8233,0.040324,0.012622,-0.025885,-1402.4620339813985,28.80592566908581,-4099.416495497386,-1506.6036117605552,-0.053709,-0.017082,6325.2,6295.3,0.144129,0.097190,-0.399217,3.1748,1.0000,,,,,
4.8000,1778655557.802486,400,11.314517,0.051592,-0.016298,3.2794,-0.0009,-0.018620,11.254364,0.015724,-0.007378,3.2677,11.323438,0.051537,-0.016312,3.1973,0.0384,-0.005911,0.815787,-0.0226,11.323438,-0.000000,-0.000000,5.0000,-0.110265,-1.146309,183.6994,2,3,sand,1.0000,1.100000,0,0,0.000000,0.000000,0.000000,0,nan,0.00,-0.050502,0.3697,0.0174,-0.026665,-0.2390,0.57,1.65,2.79,1.66,0.015724,-0.4227,-1.7323,0.008000,0.179191,-0.4012,0.033029,0.088563,0.029744,-1634.6414259798155,-904.519976034522,-3029.0770816063914,-1372.3288899622985,-0.036607,-0.015562,6324.6,6296.0,0.144599,0.067105,1.000000,3.1950,1.0000,,,,,
4.8120,1778655557.814722,401,11.249645,-0.082685,-0.013374,3.2895,-0.1015,-0.017116,11.293703,0.015308,-0.007578,3.2839,11.258766,-0.082804,-0.013396,3.2156,0.0117,-0.008531,0.820719,-0.0270,11.258766,-0.000000,-0.000000,5.0000,1.000000,-1.153396,181.0057,2,3,sand,1.0000,1.100000,0,0,0.000000,0.000000,0.000000,0,nan,0.00,-0.027775,0.3676,0.0193,-0.014665,-0.2529,0.59,1.64,2.82,1.56,0.015308,-0.4342,-1.7161,0.008000,0.074743,-0.1823,0.043466,0.017494,-0.001173,-1391.5342448646577,74.68697214455005,-2374.8105727427733,-720.2624010424595,-0.027941,-0.008126,6323.3,6297.3,0.145480,0.060891,-0.110265,3.2133,1.0000,,,,,
4.8240,1778655557.826507,402,11.395867,-0.006303,0.000279,3.2868,0.0671,-0.008271,11.333173,0.014979,-0.007690,3.2925,11.404937,-0.006266,0.000258,3.2298,0.0225,-0.007481,0.801760,-0.0119,11.404937,-0.000000,0.000000,5.0000,0.456784,-1.139247,176.3003,2,3,sand,1.0000,1.100000,0,0,0.000000,0.000000,0.000000,0,nan,0.00,-0.017394,0.3655,0.0214,-0.009184,-0.2665,0.59,1.62,2.79,1.54,0.014979,-0.4406,-1.7075,0.008000,0.145320,0.3089,0.027518,0.028600,0.000152,-1138.394961693223,280.8872166452927,-1695.1463903750168,-1030.4241391907092,-0.018923,-0.011396,6328.1,6292.5,0.142131,0.071737,1.000000,3.2275,1.0000,,,,,
4.8360,1778655557.838557,403,11.259847,0.075352,0.006539,3.3071,-0.0028,-0.012375,11.372782,0.014499,-0.007872,3.3046,11.268923,0.075427,0.006517,3.2451,0.0178,-0.007988,0.796133,-0.0079,11.268923,-0.000000,-0.000000,5.0000,-1.000000,-1.128854,174.1730,2,3,sand,1.0000,1.100000,0,0,0.000000,0.000000,0.000000,0,nan,0.00,-0.040121,0.3634,0.0234,-0.021184,-0.2801,0.59,1.62,2.79,1.58,0.014499,-0.4510,-1.6954,0.008000,0.164800,0.9646,0.038880,0.025833,0.000880,-1143.8332082834813,-1168.143206036445,-1031.3253483857554,-933.8639554784747,-0.011256,-0.010240,6329.5,6291.0,0.141128,0.065752,0.456784,3.2429,1.0000,,,,,
4.8480,1778655557.850643,404,11.377002,0.040704,-0.011331,3.2706,0.0009,-0.008336,11.412544,0.014001,-0.008027,3.3165,11.386149,0.040602,-0.011355,3.2505,0.0132,-0.009395,0.772964,-0.0240,11.386149,-0.000000,-0.000000,5.0000,-0.365637,-1.102440,171.3253,2,3,sand,1.0000,1.100000,0,0,0.000000,0.000000,0.000000,0,nan,0.00,-0.048431,0.3613,0.0256,-0.025571,-0.2933,0.60,1.60,2.80,1.53,0.014001,-0.4599,-1.6835,0.008000,0.060393,-0.1705,0.031203,0.034742,0.010048,-769.1568494880484,112.52609296699188,-2036.1748611222922,-858.0585757408144,-0.022116,-0.009148,6335.4,6285.2,0.137035,0.082210,-1.000000,3.2483,1.0000,,,,,
4.8600,1778655557.862509,405,11.377091,0.058747,-0.010030,3.3745,-0.0545,-0.005491,11.452406,0.013564,-0.008124,3.3259,11.386217,0.058621,-0.010054,3.2748,0.0000,-0.009295,0.766814,-0.0266,11.386217,-0.000000,-0.000000,5.0000,-0.691313,-1.085401,166.7320,2,3,sand,1.0000,1.100000,0,0,0.000000,0.000000,0.000000,0,nan,0.00,-0.064142,0.3592,0.0277,-0.033867,-0.3063,0.59,1.60,2.79,1.59,0.013564,-0.4654,-1.6741,0.008000,0.058990,-0.4046,0.038575,0.062647,0.038852,-580.8343977560611,-2253.7825721865242,-2090.9651473098256,-441.2313499090508,-0.022576,-0.004653,6337.0,6283.6,0.135931,0.052351,-0.365637,3.2727,1.0000,,,,,
4.8720,1778655557.874446,406,11.431247,-0.007135,-0.013057,3.3109,0.0328,-0.005515,11.492401,0.013202,-0.008168,3.3366,11.440322,-0.007272,-0.013081,3.2822,0.0049,-0.009733,0.760398,-0.0358,11.440322,-0.000000,0.000000,5.0000,1.000000,-1.071684,164.7144,2,3,sand,1.0000,1.100000,0,0,0.000000,0.000000,0.000000,0,nan,0.00,-0.041415,0.3571,0.0299,-0.021867,-0.3192,0.58,1.59,2.75,1.53,0.013202,-0.4680,-1.6634,0.008000,0.046937,-0.2051,0.033902,0.047267,0.023691,-854.5520698721889,27.259440257507322,-2960.4927675528847,-594.4615236816735,-0.032871,-0.006233,6338.6,6281.9,0.134786,0.070810,-0.691313,3.2801,1.0000,,,,,
4.8840,1778655557.886514,407,11.517619,-0.024971,-0.013614,3.2487,-0.0461,-0.008150,11.532516,0.012693,-0.008284,3.3474,11.526651,-0.025138,-0.013636,3.2761,-0.0039,-0.008569,0.746034,-0.0191,11.526651,0.000000,0.000000,5.0000,1.000000,-1.051433,164.8797,2,3,sand,1.0000,1.100000,0,0,0.000000,0.000000,0.000000,0,nan,0.00,-0.018688,0.3551,0.0322,-0.009867,-0.3318,0.58,1.58,2.75,1.53,0.012693,-0.4746,-1.6526,0.008000,0.115517,-0.2571,0.014619,0.044333,0.028185,-1366.4267578241006,-427.8684914405567,-1687.4330058339442,-303.91964805860647,-0.017570,-0.003134,6342.3,6278.3,0.132242,0.086700,1.000000,3.2740,1.0000,,,,,
4.8960,1778655557.898627,408,11.586596,0.023763,-0.003357,3.3090,-0.0269,-0.015462,11.572781,0.011910,-0.008530,3.3599,11.595646,0.023673,-0.003382,3.2829,-0.0074,-0.008869,0.760746,-0.0071,11.595646,0.000000,0.000000,5.0000,-0.576256,-1.055091,164.2400,2,3,sand,1.0000,1.100000,0,0,0.000000,0.000000,0.000000,0,nan,0.00,-0.031785,0.3530,0.0344,-0.016782,-0.3445,0.59,1.57,2.74,1.49,0.011910,-0.4887,-1.6401,0.008000,0.049763,0.7027,0.028142,0.003393,0.001390,-1672.8201496210957,-623.2427778351921,-324.5197169219702,-238.1773658953134,-0.003367,-0.002492,6338.6,6282.0,0.134829,0.067685,1.000000,3.2808,1.0000,,,,,
4.9080,1778655557.910538,409,11.646943,-0.098576,-0.017531,3.3550,-0.0229,-0.021534,11.613181,0.010945,-0.008835,3.3711,11.655962,-0.098814,-0.017563,3.2972,-0.0110,-0.011931,0.756202,-0.0184,11.655962,0.000000,-0.000000,5.0000,1.000000,-1.053103,162.1699,2,3,sand,1.0000,1.100000,0,0,0.000000,0.000000,0.000000,0,nan,0.00,-0.009057,0.3510,0.0367,-0.004782,-0.3571,0.58,1.58,2.74,1.62,0.010945,-0.5062,-1.6289,0.008000,0.140321,0.0487,0.022018,0.023091,0.014215,-1014.8207423979097,-3758.8597659470115,-791.472285177838,-270.25419970508045,-0.008200,-0.002815,6339.7,6280.8,0.134025,0.056854,-0.576256,3.2952,1.0000,,,,,
4.9200,1778655557.922589,410,11.612006,0.065753,-0.016279,3.3684,-0.0166,-0.019194,11.653683,0.010038,-0.009060,3.3784,11.621158,0.065518,-0.016313,3.3114,-0.0110,-0.011975,0.735123,-0.0020,11.621158,0.000000,0.000000,5.0000,-1.000000,-1.033624,158.4204,2,3,sand,1.0000,1.100000,0,0,0.000000,0.000000,0.000000,0,nan,0.00,-0.031785,0.3489,0.0391,-0.016782,-0.3695,0.59,1.58,2.77,1.61,0.010038,-0.5191,-1.6216,0.008000,0.150671,-0.2446,0.017408,-0.042126,-0.033037,-1152.9342537610644,-1029.4735987801857,482.13461466094543,-314.33812416396665,0.004869,-0.003207,6345.1,6275.5,0.130307,0.063060,1.000000,3.3093,1.0000,,,,,
4.9320,1778655557.934540,411,11.695672,-0.003461,-0.005879,3.3924,0.0276,-0.006294,11.694283,0.009291,-0.009170,3.3851,11.704843,-0.003580,-0.005912,3.3274,-0.0051,-0.012203,0.716551,-0.0195,11.704843,0.000000,-0.000000,5.0000,0.497070,-1.007927,153.9793,2,3,sand,1.0000,1.100000,0,0,0.000000,0.000000,0.000000,0,nan,0.00,-0.020488,0.3469,0.0414,-0.010817,-0.3816,0.59,1.58,2.76,1.57,0.009291,-0.5254,-1.6149,0.008000,0.036302,-0.3032,0.021167,0.006843,-0.002619,257.27611628123145,-618.932013819833,-1009.5483854526362,-478.7861222387115,-0.010058,-0.004805,6349.8,6270.8,0.127017,0.054902,-1.000000,3.3254,1.0000,,,,,
4.9440,1778655557.946556,412,11.772216,0.007332,-0.011132,3.3216,0.0239,-0.003843,11.734962,0.008671,-0.009235,3.3956,11.781380,0.007189,-0.011160,3.3266,0.0006,-0.010078,0.702079,-0.0094,11.781380,-0.000000,-0.000000,5.0000,0.212590,-0.982226,153.3533,2,3,sand,1.0000,1.100000,0,0,0.000000,0.000000,0.000000,0,nan,0.00,-0.015656,0.3449,0.0438,-0.008266,-0.3934,0.59,1.57,2.74,1.50,0.008671,-0.5291,-1.6044,0.008000,0.185479,-0.8280,0.005570,0.057032,0.029488,255.59586678708803,573.9313404035258,-656.9537167349002,-569.8687248025341,-0.006429,-0.005650,6353.5,6267.1,0.124449,0.066353,0.497070,3.3247,1.0000,,,,,
4.9560,1778655557.958574,413,11.631355,0.001400,0.000948,3.4680,-0.0675,-0.011813,11.775750,0.007857,-0.009394,3.4024,11.640585,0.001331,0.000919,3.3543,-0.0119,-0.010210,0.671643,-0.0077,11.640585,0.000000,0.000000,5.0000,-0.237170,-0.944366,147.3543,2,3,sand,1.0000,1.100000,0,0,0.000000,0.000000,0.000000,0,nan,0.00,-0.021046,0.3429,0.0462,-0.011112,-0.4047,0.59,1.55,2.74,1.48,0.007857,-0.5382,-1.5976,0.008000,0.088588,0.8279,0.030179,0.023371,0.014670,-1191.283279513885,-3605.4331186786785,24.093257938228057,-184.96210929993075,0.000229,-0.001785,6361.2,6259.4,0.119062,0.023395,0.212590,3.3524,1.0000,,,,,
4.9680,1778655557.970562,414,11.841867,-0.023312,-0.011178,3.3878,-0.0172,-0.007852,11.816646,0.007002,-0.009522,3.4114,11.851072,-0.023495,-0.011205,3.3611,-0.0131,-0.010085,0.663386,-0.0118,11.851072,-0.000000,-0.000000,5.0000,1.000000,-0.918264,145.5446,2,3,sand,1.0000,1.100000,0,0,0.000000,0.000000,0.000000,0,nan,0.00,0.001681,0.3409,0.0486,0.000888,-0.4157,0.59,1.56,2.75,1.63,0.007002,-0.5456,-1.5886,0.008000,0.143165,0.0961,0.013166,0.035713,0.023540,-958.3824592066335,741.1139141305516,-271.82468397509047,-127.15070874735792,-0.002564,-0.001219,6363.3,6257.3,0.117584,0.050139,-0.237170,3.3593,1.0000,,,,,
4.9800,1778655557.982543,415,11.867079,-0.081891,-0.000223,3.4128,-0.0248,-0.012226,11.857621,0.006092,-0.009662,3.4180,11.876317,-0.081977,-0.000250,3.3714,-0.0142,-0.009214,0.644524,0.0036,11.876317,-0.000000,-0.000000,5.0000,1.000000,-0.888939,143.0790,2,3,sand,1.0000,1.100000,0,0,0.000000,0.000000,0.000000,0,nan,0.00,0.024408,0.3389,0.0510,0.012888,-0.4264,0.59,1.57,2.75,1.62,0.006092,-0.5536,-1.5820,0.008000,0.116457,0.8004,0.016732,0.001129,0.001301,-697.7637260804186,-1885.825338324463,1101.7607837390333,-79.89105234886668,0.010304,-0.000756,6368.1,6252.5,0.114241,0.041906,1.000000,3.3696,1.0000,,,,,
4.9920,1778655557.994575,416,11.894954,-0.014057,-0.010350,3.4919,0.1123,-0.012925,11.898680,0.005089,-0.009838,3.4240,11.904344,-0.014170,-0.010377,3.3950,0.0103,-0.008477,0.616050,0.0157,11.904344,-0.000000,-0.000000,5.0000,-0.318112,-0.850410,137.8168,2,3,sand,1.0000,1.100000,0,0,0.000000,0.000000,0.000000,0,nan,0.00,0.017179,0.3369,0.0533,0.009070,-0.4366,0.60,1.57,2.76,1.52,0.005089,-0.5637,-1.5760,0.008000,0.040291,0.1889,0.047853,0.006553,-0.012885,-852.1900392784252,1754.952334995723,1646.9392081382573,-887.3444590933623,0.015198,-0.008269,6375.3,6245.2,0.109204,0.024539,1.000000,3.3933,1.0000,,,,,
5.0040,1778655558.006537,417,11.870518,0.014041,-0.007322,3.4048,0.0228,-0.019380,11.939824,0.004042,-0.010015,3.4302,11.879858,0.013955,-0.007354,3.3972,0.0123,-0.010508,0.612179,0.0082,11.879858,-0.000000,-0.000000,5.0000,-1.000000,-0.828887,137.3775,2,3,sand,1.0000,1.100000,0,0,0.000000,0.000000,0.000000,0,nan,0.00,-0.005549,0.3349,0.0557,-0.002930,-0.4466,0.59,1.55,2.74,1.49,0.004042,-0.5738,-1.5698,0.008000,0.057164,-0.1400,0.041823,0.036920,0.004213,180.6691715266177,-113.95138730940926,1246.17953901261,-1058.088456359294,0.011390,-0.009854,6376.3,6244.2,0.108499,0.045810,-0.318112,3.3955,1.0000,,,,,
5.0160,1778655558.018574,418,11.906140,-0.057654,-0.011513,3.4480,-0.0292,-0.000540,11.981011,0.003293,-0.010007,3.4317,11.915479,-0.057794,-0.011540,3.4074,0.0036,-0.009640,0.610598,-0.0057,11.915479,-0.000000,0.000000,5.0000,1.000000,-0.817582,135.6293,2,3,sand,1.0000,1.100000,0,0,0.000000,0.000000,0.000000,0,nan,0.00,0.017179,0.3329,0.0581,0.009070,-0.4564,0.59,1.55,2.74,1.54,0.003293,-0.5734,-1.5683,0.008000,0.092625,0.2236,0.038097,-0.040467,-0.041144,1021.2405559373985,230.4545398288501,71.1901318588831,-681.4967318615345,0.000644,-0.006316,6376.8,6243.8,0.108208,0.041613,-1.000000,3.4057,1.0000,,,,,
5.0280,1778655558.030611,419,12.049433,0.012133,-0.007683,3.4256,-0.0582,-0.002737,12.022247,0.002634,-0.009994,3.4379,12.058775,0.012007,-0.007705,3.4111,-0.0067,-0.006977,0.588589,0.0118,12.058775,0.000000,0.000000,5.0000,-1.000000,-0.791872,133.9570,2,3,sand,1.0000,1.100000,0,0,0.000000,0.000000,0.000000,0,nan,0.00,-0.005549,0.3310,0.0605,-0.002930,-0.4659,0.59,1.56,2.74,1.58,0.002634,-0.5726,-1.5621,0.008000,0.102565,0.6150,0.029819,0.027226,0.014845,-474.35879348185347,577.2423447239914,1711.4947010112587,-224.65658293007573,0.015501,-0.002049,6382.3,6238.2,0.104317,0.040660,1.000000,3.4095,1.0000,,,,,
5.0400,1778655558.042523,420,12.055029,-0.010395,-0.013068,3.5149,-0.0325,-0.006244,12.063533,0.001886,-0.010049,3.4427,12.064389,-0.010587,-0.013090,3.4315,-0.0124,-0.007928,0.582179,-0.0057,12.064389,0.000000,0.000000,5.0000,0.252623,-0.774940,130.3459,2,3,sand,1.0000,1.100000,0,0,0.000000,0.000000,0.000000,0,nan,0.00,0.000193,0.3290,0.0628,0.000102,-0.4752,0.59,1.56,2.73,1.55,0.001886,-0.5758,-1.5573,0.008000,0.014150,-0.3461,0.035912,0.003548,0.002781,-850.0211587518597,496.21454905929284,520.0653644592245,-45.07106051114491,0.004622,-0.000409,6384.0,6236.6,0.103171,0.015572,-1.000000,3.4299,1.0000,,,,,
5.0520,1778655558.054454,421,12.133888,-0.067558,-0.010263,3.3254,0.0006,-0.004808,12.104879,0.001063,-0.010136,3.4465,12.143138,-0.067711,-0.010283,3.4112,-0.0096,-0.006873,0.563834,0.0008,12.143138,0.000000,0.000000,5.0000,1.000000,-0.748833,132.9582,2,3,sand,1.0000,1.100000,0,0,0.000000,0.000000,0.000000,0,nan,0.00,0.022920,0.3271,0.0652,0.012102,-0.4842,0.58,1.56,2.71,1.57,0.001063,-0.5807,-1.5535,0.008000,0.070638,0.1010,0.017770,0.001918,0.000848,-629.8273667670787,-1377.2082786285278,753.440917350717,-92.76111763156457,0.006627,-0.000834,6388.6,6231.9,0.099922,0.064914,0.252623,3.4097,1.0000,,,,,
5.0640,1778655558.066615,422,12.146045,-0.109305,-0.012285,3.4029,-0.0588,-0.009535,12.146280,0.000161,-0.010254,3.4513,12.155359,-0.109501,-0.012305,3.4099,-0.0174,-0.006013,0.560309,0.0148,12.155359,0.000000,-0.000000,5.0000,1.000000,-0.733104,133.4126,2,3,sand,1.0000,1.100000,0,0,0.000000,0.000000,0.000000,0,nan,0.00,0.045647,0.3252,0.0675,0.024102,-0.4930,0.59,1.57,2.74,1.62,0.000161,-0.5875,-1.5487,0.008000,0.198427,-0.6930,-0.008337,-0.002069,0.003429,-659.9018650939266,93.05596155421892,2390.4059048646004,193.9874981114032,0.021568,0.001741,6389.5,6231.0,0.099289,0.047288,1.000000,3.4084,1.0000,,,,,
5.0760,1778655558.078414,423,12.226368,0.016914,-0.011438,3.5093,0.0637,-0.012804,12.187736,-0.000799,-0.010413,3.4562,12.235673,0.016770,-0.011458,3.4294,-0.0011,-0.005738,0.533068,0.0268,12.235673,0.000000,-0.000000,5.0000,-1.000000,-0.701966,129.0140,2,3,sand,1.0000,1.100000,0,0,0.000000,0.000000,0.000000,0,nan,0.00,0.022920,0.3233,0.0698,0.012102,-0.5014,0.57,1.57,2.72,1.57,-0.000799,-0.5966,-1.5438,0.008000,0.057283,-0.0118,0.005075,-0.005844,-0.011004,-326.20648137453173,-671.4255080557984,3215.106581373954,-388.0256339076709,0.029248,-0.003436,6396.5,6224.1,0.094470,0.011176,1.000000,3.4279,1.0000,,,,,
5.0880,1778655558.090526,424,12.250987,0.032331,-0.010372,3.3944,0.0155,0.005522,12.229213,-0.001541,-0.010433,3.4565,12.260222,0.032214,-0.010386,3.4229,0.0011,-0.004567,0.543978,0.0094,12.260222,-0.000000,-0.000000,5.0000,-1.000000,-0.696748,130.4159,2,3,sand,1.0000,1.100000,0,0,0.000000,0.000000,0.000000,0,nan,0.00,0.000193,0.3213,0.0721,0.000102,-0.5097,0.57,1.56,2.69,1.49,-0.001541,-0.5978,-1.5435,0.008000,0.114628,-0.6818,-0.009973,-0.035439,-0.030750,1059.9209450353305,1298.0203090501022,1692.7288306193832,-350.65318832529834,0.014883,-0.003121,6393.7,6226.8,0.096379,0.053830,-1.000000,3.4214,1.0000,,,,,
5.1000,1778655558.102462,425,12.235228,0.044998,-0.014853,3.3902,-0.0974,0.011275,12.270702,-0.001959,-0.010288,3.4566,12.244383,0.044801,-0.014860,3.4168,-0.0179,-0.002649,0.513777,-0.0026,12.244383,0.000000,-0.000000,5.0000,-1.000000,-0.666496,130.5783,2,3,sand,1.0000,1.100000,0,0,0.000000,0.000000,0.000000,0,nan,0.00,-0.022535,0.3194,0.0744,-0.011898,-0.5177,0.56,1.55,2.67,1.49,-0.001959,-0.5894,-1.5434,0.008000,0.061489,-0.2897,-0.036966,-0.033273,-0.011824,1688.729214611214,85.28380961809171,801.9644662095227,466.14306560864236,0.006851,0.004090,6401.4,6219.2,0.091042,0.054424,-1.000000,3.4154,1.0000,,,,,
5.1120,1778655558.114630,426,12.290867,-0.080414,-0.014517,3.5253,0.0150,0.020193,12.312215,-0.002176,-0.010078,3.4595,12.300088,-0.080577,-0.014514,3.4380,-0.0127,0.000301,0.501373,-0.0146,12.300088,-0.000000,-0.000000,5.0000,1.000000,-0.641890,126.6970,2,3,sand,1.0000,1.100000,0,0,0.000000,0.000000,0.000000,0,nan,0.00,0.000193,0.3176,0.0766,0.000102,-0.5254,0.57,1.55,2.69,1.59,-0.002176,-0.5774,-1.5405,0.008000,0.113351,-0.3697,-0.017617,-0.003818,0.008175,1469.1252481232455,523.5495894259025,-1075.4487098616298,501.3233496519124,-0.009148,0.004375,6404.5,6216.0,0.088838,0.009798,-1.000000,3.4367,1.0000,,,,,
5.1240,1778655558.126528,427,12.433459,0.036497,-0.000506,3.4227,-0.0943,0.012119,12.353732,-0.002509,-0.009993,3.4581,12.442688,0.036434,-0.000496,3.4353,-0.0266,0.003452,0.484079,0.0028,12.442688,-0.000000,0.000000,5.0000,-1.000000,-0.614427,126.4906,2,3,sand,1.0000,1.100000,0,0,0.000000,0.000000,0.000000,0,nan,0.00,-0.022535,0.3157,0.0789,-0.011898,-0.5328,0.57,1.55,2.68,1.53,-0.002509,-0.5726,-1.5419,0.008000,0.198117,0.5615,-0.030367,-0.054721,-0.013823,-2036.5693489928958,486.1616212413444,779.0311672087394,1150.004039655493,0.006550,0.010014,6408.9,6211.6,0.085773,0.040637,1.000000,3.4340,1.0000,,,,,
5.1360,1778655558.138518,428,12.420436,-0.019539,-0.013538,3.4105,0.0013,-0.000760,12.395262,-0.003017,-0.009985,3.4615,12.429629,-0.019715,-0.013533,3.4307,-0.0224,0.001331,0.480257,-0.0146,12.429629,-0.000000,0.000000,5.0000,0.912443,-0.597689,126.8092,2,3,sand,1.0000,1.100000,0,0,0.000000,0.000000,0.000000,0,nan,0.00,-0.001797,0.3138,0.0811,-0.000949,-0.5400,0.57,1.55,2.69,1.58,-0.003017,-0.5721,-1.5385,0.008000,0.032606,-0.3061,-0.036638,-0.015429,0.007319,-648.0772697975906,-160.0015334236623,-798.2551336383665,915.3103656301977,-0.006699,0.007937,6409.9,6210.6,0.085085,0.037455,-1.000000,3.4294,1.0000,,,,,
5.1480,1778655558.150556,429,12.408896,-0.015761,-0.012183,3.4281,-0.0220,0.001241,12.436772,-0.003499,-0.009958,3.4585,12.418128,-0.015922,-0.012177,3.4304,-0.0212,0.002287,0.460406,0.0015,12.418128,-0.000000,0.000000,5.0000,0.368316,-0.571709,126.2803,2,3,sand,1.0000,1.100000,0,0,0.000000,0.000000,0.000000,0,nan,0.00,0.006574,0.3120,0.0832,0.003471,-0.5468,0.57,1.55,2.69,1.53,-0.003499,-0.5705,-1.5415,0.008000,0.001388,0.0607,-0.056705,-0.021511,0.002607,-672.0315556639589,523.7582009063165,527.0305019048794,902.4017245371131,0.004373,0.007761,6415.0,6205.6,0.081573,0.033695,0.912443,3.4292,1.0000,,,,,
5.1600,1778655558.162487,430,12.481418,-0.027928,-0.007864,3.4198,-0.1157,-0.003295,12.478282,-0.004092,-0.009992,3.4593,12.490580,-0.028099,-0.007860,3.4285,-0.0381,0.001563,0.440886,0.0045,12.490580,-0.000000,0.000000,5.0000,0.298811,-0.541501,125.9736,2,3,sand,1.0000,1.100000,0,0,0.000000,0.000000,0.000000,0,nan,0.00,0.013365,0.3101,0.0854,0.007057,-0.5533,0.56,1.55,2.67,1.52,-0.004092,-0.5725,-1.5407,0.008000,0.038733,0.0408,-0.036513,-0.073841,-0.021322,-845.9746688479667,31.33320273077311,1751.7577892363051,1451.9706908510027,0.014592,0.012475,6419.9,6200.6,0.078113,0.031180,0.368316,3.4273,1.0000,,,,,
5.1720,1778655558.174530,431,12.537644,-0.054270,-0.014515,3.4635,-0.0316,-0.004573,12.519767,-0.004696,-0.010042,3.4553,12.546855,-0.054502,-0.014514,3.4355,-0.0362,0.000835,0.427887,0.0079,12.546855,0.000000,0.000000,5.0000,1.000000,-0.515987,124.6652,2,3,sand,1.0000,1.100000,0,0,0.000000,0.000000,0.000000,0,nan,0.00,0.036092,0.3083,0.0875,0.019057,-0.5595,0.57,1.54,2.68,1.53,-0.004696,-0.5754,-1.5447,0.008000,0.062666,-0.3261,-0.027925,-0.105220,-0.045206,-366.14543760000447,1128.1520371926244,2180.5644087734245,1333.3825338471336,0.018201,0.011383,6423.2,6197.3,0.075804,0.022791,0.298811,3.4343,1.0000,,,,,
5.1840,1778655558.186558,432,12.533959,0.029230,-0.004127,3.4798,0.0055,-0.004168,12.561229,-0.005318,-0.010093,3.4547,12.543202,0.029116,-0.004126,3.4442,-0.0270,0.001260,0.407491,0.0217,12.543202,0.000000,0.000000,5.0000,-1.000000,-0.486072,123.1462,2,3,sand,1.0000,1.100000,0,0,0.000000,0.000000,0.000000,0,nan,0.00,0.013365,0.3064,0.0895,0.007057,-0.5654,0.57,1.54,2.68,1.53,-0.005318,-0.5783,-1.5453,0.008000,0.049912,0.4195,-0.036016,-0.032278,-0.001955,-278.1420160993781,-33.53349200867319,3296.5735518543947,1000.4143021465183,0.028087,0.008449,6428.4,6192.1,0.072191,0.012586,1.000000,3.4431,1.0000,,,,,
5.1960,1778655558.198640,433,12.631416,-0.097153,-0.007949,3.5278,-0.0021,-0.004946,12.602661,-0.005886,-0.010125,3.4517,12.640755,-0.097296,-0.007952,3.4606,-0.0231,-0.000838,0.387369,0.0044,12.640755,0.000000,0.000000,5.0000,1.000000,-0.454910,120.1765,2,3,sand,1.0000,1.100000,0,0,0.000000,0.000000,0.000000,0,nan,0.00,0.036092,0.3046,0.0916,0.019057,-0.5708,0.58,1.55,2.71,1.62,-0.005886,-0.5801,-1.5483,0.008000,0.125375,0.2031,-0.014285,-0.006022,0.011186,970.2826907187407,-10.273886616567097,1823.573822480394,767.3997114848229,0.014864,0.006427,6433.5,6187.0,0.068625,0.000798,-1.000000,3.4595,1.0000,,,,,
5.2080,1778655558.210467,434,12.658028,0.056000,-0.017920,3.5439,0.0067,0.004838,12.644048,-0.006285,-0.010076,3.4487,12.667415,0.055788,-0.017918,3.4769,-0.0161,0.001636,0.369912,0.0218,12.667415,0.000000,-0.000000,5.0000,-1.000000,-0.426536,118.0493,2,3,sand,1.0000,1.100000,0,0,0.000000,0.000000,0.000000,0,nan,0.00,0.013365,0.3028,0.0935,0.007057,-0.5759,0.57,1.55,2.70,1.53,-0.006285,-0.5773,-1.5513,0.008000,0.073002,-0.0800,0.011055,0.012178,0.019466,289.04765328082533,-21.913372394942144,2954.683280207827,630.2513093937183,0.024522,0.005246,6438.0,6182.6,0.065528,-0.006630,1.000000,3.4759,1.0000,,,,,
5.2200,1778655558.222542,435,12.721988,0.041374,-0.012884,3.5133,-0.0220,0.007589,12.685400,-0.006604,-0.010001,3.4441,12.731338,0.041210,-0.012880,3.4840,-0.0179,0.001653,0.348249,0.0044,12.731338,0.000000,-0.000000,5.0000,-1.000000,-0.394689,116.4242,2,3,sand,1.0000,1.100000,0,0,0.000000,0.000000,0.000000,0,nan,0.00,-0.009363,0.3010,0.0955,-0.004943,-0.5807,0.57,1.54,2.68,1.49,-0.006604,-0.5730,-1.5559,0.008000,0.143280,-0.0152,-0.001826,-0.053344,-0.022004,324.39211450930213,256.453784803836,1501.2490406983216,744.2106529532712,0.012003,0.006163,6443.5,6177.1,0.061689,0.001757,-1.000000,3.4831,1.0000,,,,,
5.2320,1778655558.234554,436,12.786891,-0.007745,-0.001605,3.4172,-0.0066,0.017213,12.726705,-0.006723,-0.009814,3.4408,12.796205,-0.007789,-0.001594,3.4713,-0.0166,0.003364,0.334284,-0.0076,12.796205,-0.000000,-0.000000,5.0000,-0.393602,-0.366104,117.5928,2,3,sand,1.0000,1.100000,0,0,0.000000,0.000000,0.000000,0,nan,0.00,-0.018308,0.2992,0.0974,-0.009667,-0.5851,0.57,1.54,2.68,1.53,-0.006723,-0.5623,-1.5592,0.008000,0.037550,0.0402,-0.010246,0.019347,0.027058,826.0986987321594,465.1772109200931,-266.22995132271603,847.5676934591964,-0.002099,0.006999,6447.0,6173.5,0.059208,0.024752,-1.000000,3.4704,1.0000,,,,,
5.2440,1778655558.246561,437,12.774435,0.049819,-0.007495,3.5203,0.0492,0.020505,12.767959,-0.006695,-0.009594,3.4358,12.783765,0.049766,-0.007477,3.4808,-0.0047,0.005876,0.307388,-0.0107,12.783765,-0.000000,-0.000000,5.0000,-1.000000,-0.329128,116.4095,2,3,sand,1.0000,1.100000,0,0,0.000000,0.000000,0.000000,0,nan,0.00,-0.041035,0.2975,0.0992,-0.021667,-0.5890,0.57,1.55,2.69,1.58,-0.006695,-0.5497,-1.5642,0.008000,0.075200,0.3496,0.004276,-0.000996,0.008457,-141.154505506075,873.5596863176127,-1512.465052035689,590.7568623031883,-0.011934,0.004840,6453.9,6166.7,0.054446,-0.001338,-0.393602,3.4800,1.0000,,,,,
5.2560,1778655558.258416,438,12.834689,-0.044255,-0.009432,3.4522,-0.0500,0.015868,12.809172,-0.006718,-0.009420,3.4327,12.843952,-0.044346,-0.009412,3.4754,-0.0142,0.006179,0.291401,-0.0243,12.843952,-0.000000,-0.000000,5.0000,1.000000,-0.297012,116.6030,2,3,sand,1.0000,1.100000,0,0,0.000000,0.000000,0.000000,0,nan,0.00,-0.018308,0.2957,0.1010,-0.009667,-0.5926,0.56,1.54,2.66,1.52,-0.006718,-0.5397,-1.5673,0.008000,0.075379,0.1385,0.001056,-0.016843,0.005528,-939.8240405136262,-327.64316585520714,-2753.540912016871,1002.021108577707,-0.022120,0.008205,6457.9,6162.6,0.051605,0.013967,-1.000000,3.4746,1.0000,,,,,
5.2680,1778655558.270628,439,12.816266,-0.021875,-0.010996,3.4871,-0.0200,-0.000282,12.850331,-0.006928,-0.009360,3.4301,12.825607,-0.021988,-0.010978,3.4778,-0.0144,0.005849,0.288661,-0.0070,12.825607,-0.000000,-0.000000,5.0000,0.895092,-0.279546,116.1017,2,3,sand,1.0000,1.100000,0,0,0.000000,0.000000,0.000000,0,nan,0.00,0.002035,0.2939,0.1028,0.001074,-0.5959,0.57,1.54,2.69,1.53,-0.006928,-0.5363,-1.5699,0.008000,0.021029,-0.2146,0.007146,-0.022649,0.000075,-1965.5313106056599,-507.94560168786325,-1138.0827217494736,941.3202192974185,-0.008893,0.007700,6458.7,6161.9,0.051107,0.002147,1.000000,3.4770,1.0000,,,,,
5.2800,1778655558.282515,440,12.958471,0.066060,-0.010432,3.4720,-0.0469,-0.012677,12.891447,-0.007460,-0.009461,3.4257,12.967821,0.065922,-0.010423,3.4768,-0.0195,0.003291,0.269030,0.0035,12.967821,-0.000000,0.000000,5.0000,-1.000000,-0.255875,117.5194,2,3,sand,1.0000,1.100000,0,0,0.000000,0.000000,0.000000,0,nan,0.00,-0.020692,0.2922,0.1045,-0.010926,-0.5990,0.58,1.54,2.69,1.55,-0.007460,-0.5421,-1.5743,0.008000,0.138046,0.1288,0.000372,-0.052070,-0.018980,-1425.3633919358379,-175.00260670860848,701.8298287057427,935.0408621955037,0.005437,0.007619,6463.6,6156.9,0.047633,0.001441,0.895092,3.4761,1.0000,,,,,
5.2920,1778655558.294533,441,12.981992,-0.086947,-0.015624,3.3273,-0.0654,-0.002881,12.932510,-0.007997,-0.009521,3.4202,12.991263,-0.087164,-0.015620,3.4480,-0.0289,0.000824,0.251042,-0.0136,12.991263,-0.000000,0.000000,5.0000,1.000000,-0.224510,120.8189,2,3,sand,1.0000,1.100000,0,0,0.000000,0.000000,0.000000,0,nan,0.00,0.002035,0.2904,0.1061,0.001074,-0.6017,0.57,1.55,2.70,1.59,-0.007997,-0.5455,-1.5798,0.008000,0.144577,-0.6113,-0.035277,-0.012066,0.012358,821.275322534898,592.8811418816538,-447.65114338935564,1178.1446917784042,-0.003448,0.009592,6468.2,6152.4,0.044445,0.046116,-1.000000,3.4473,1.0000,,,,,
5.3040,1778655558.306425,442,12.988123,-0.084446,-0.010906,3.3628,-0.0312,0.002792,12.973507,-0.008359,-0.009485,3.4147,12.997310,-0.084613,-0.010900,3.4316,-0.0281,0.002275,0.239804,0.0038,12.997310,-0.000000,0.000000,5.0000,1.000000,-0.197593,122.8526,2,3,sand,1.0000,1.100000,0,0,0.000000,0.000000,0.000000,0,nan,0.00,0.024762,0.2887,0.1077,0.013074,-0.6041,0.56,1.55,2.68,1.57,-0.008359,-0.5435,-1.5853,0.008000,0.008129,-0.3251,-0.066112,-0.078979,-0.031272,-130.31325818996413,313.06757874899563,1120.5976314504853,1205.9167232184896,0.008644,0.009803,6471.1,6149.5,0.042446,0.034617,1.000000,3.4309,1.0000,,,,,
5.3160,1778655558.318494,443,12.970226,-0.036236,-0.012273,3.3531,-0.0301,0.001868,13.014447,-0.008846,-0.009519,3.4115,12.979354,-0.036413,-0.012265,3.4165,-0.0272,0.003287,0.220976,0.0157,12.979354,-0.000000,0.000000,5.0000,0.322911,-0.166174,124.7637,2,3,sand,1.0000,1.100000,0,0,0.000000,0.000000,0.000000,0,nan,0.00,0.032101,0.2870,0.1093,0.016949,-0.6061,0.56,1.54,2.66,1.49,-0.008846,-0.5454,-1.5885,0.008000,0.094194,0.3853,-0.095857,-0.008513,0.015488,-1123.094053317058,-1124.742792173201,2638.2030759320633,1212.1324943842433,0.020742,0.009826,6475.9,6144.7,0.039109,0.033324,1.000000,3.4159,1.0000,,,,,
5.3280,1778655558.330507,444,13.005900,-0.001366,-0.013517,3.3562,0.0973,-0.003729,13.055347,-0.009458,-0.009612,3.4068,13.014936,-0.001492,-0.013513,3.4049,-0.0035,0.002543,0.203351,0.0178,13.014936,0.000000,0.000000,5.0000,-1.000000,-0.134637,126.6877,2,3,sand,1.0000,1.100000,0,0,0.000000,0.000000,0.000000,0,nan,0.00,0.009374,0.2853,0.1108,0.004949,-0.6077,0.56,1.53,2.65,1.48,-0.009458,-0.5507,-1.5932,0.008000,0.082328,0.0466,-0.112572,0.022986,0.018795,-354.5473973551564,84.15116368144845,2308.8688312464387,255.87896772595641,0.017960,0.002057,6480.4,6140.2,0.035981,0.031466,0.322911,3.4043,1.0000,,,,,
5.3400,1778655558.342532,445,12.980165,-0.010832,-0.016100,3.3661,-0.0844,0.017895,13.096188,-0.009723,-0.009502,3.4018,12.989151,-0.011011,-0.016089,3.3974,-0.0193,0.004226,0.192265,0.0023,12.989151,-0.000000,0.000000,5.0000,-0.101768,-0.108615,127.6593,2,3,sand,1.0000,1.100000,0,0,0.000000,0.000000,0.000000,0,nan,0.00,0.007061,0.2836,0.1122,0.003728,-0.6090,0.56,1.53,2.64,1.52,-0.009723,-0.5444,-1.5982,0.008000,0.164771,-0.7866,-0.105916,-0.004216,0.014240,1384.2253766985843,116.44352344012646,1171.9648226838249,1018.9760868495284,0.008951,0.008214,6483.2,6137.4,0.034009,0.035706,-1.000000,3.3969,1.0000,,,,,
5.3520,1778655558.354327,446,13.052449,-0.034118,-0.010203,3.4433,0.0602,0.019310,13.136997,-0.009696,-0.009263,3.3975,13.061294,-0.034191,-0.010185,3.4063,-0.0044,0.006898,0.165153,0.0035,13.061294,0.000000,0.000000,5.0000,0.503460,-0.073087,126.2435,2,3,sand,1.0000,1.100000,0,0,0.000000,0.000000,0.000000,0,nan,0.00,0.018503,0.2819,0.1136,0.009770,-0.6099,0.53,1.54,2.61,1.61,-0.009696,-0.5307,-1.6025,0.008000,0.109291,-0.0171,-0.104017,0.041969,0.037677,602.8903435434027,975.3367291965119,235.12117628978373,631.3345346556359,0.001778,0.005061,6490.1,6130.5,0.029209,0.001581,-0.101768,3.4059,1.0000,,,,,
5.3640,1778655558.366579,447,13.170530,-0.048760,-0.010142,3.4618,-0.0489,0.012733,13.177736,-0.009835,-0.009135,3.3933,13.179520,-0.048850,-0.010120,3.4171,-0.0120,0.008463,0.159787,0.0111,13.179520,0.000000,-0.000000,5.0000,0.752869,-0.054514,125.0212,2,3,sand,1.0000,1.100000,0,0,0.000000,0.000000,0.000000,0,nan,0.00,0.035614,0.2802,0.1149,0.018804,-0.6105,0.54,1.53,2.62,1.49,-0.009835,-0.5234,-1.6067,0.008000,0.022393,-0.0562,-0.086336,-0.015120,0.006419,-1134.6570114289068,144.56116783662583,1291.8873797177432,1004.3194175637472,0.009820,0.008069,6491.4,6129.1,0.028246,-0.001070,0.503460,3.4167,1.0000,,,,,
5.3760,1778655558.378545,448,13.172806,0.048695,-0.005330,3.4405,-0.0239,0.004765,13.218409,-0.010168,-0.009112,3.3858,13.181868,0.048643,-0.005309,3.4217,-0.0132,0.008686,0.141512,0.0208,13.181868,0.000000,-0.000000,5.0000,-1.000000,-0.030065,125.2512,2,3,sand,1.0000,1.100000,0,0,0.000000,0.000000,0.000000,0,nan,0.00,0.012887,0.2785,0.1161,0.006804,-0.6109,0.56,1.53,2.65,1.54,-0.010168,-0.5221,-1.6142,0.008000,0.074558,0.3125,-0.083961,-0.016203,0.006367,-894.6193435107512,-1121.8747635934976,2558.329307181435,1035.9612338581012,0.019770,0.008313,6496.1,6124.5,0.025011,0.004587,0.752869,3.4213,1.0000,,,,,
5.3880,1778655558.390644,449,13.269012,-0.131047,-0.009324,3.3666,0.0573,0.011857,13.259010,-0.010453,-0.009028,3.3797,13.278156,-0.131100,-0.009302,3.4111,-0.0009,0.008156,0.120041,0.0041,13.278156,-0.000000,-0.000000,5.0000,1.000000,0.001702,126.9616,2,3,sand,1.0000,1.100000,0,0,0.000000,0.000000,0.000000,0,nan,0.00,0.035614,0.2769,0.1173,0.018804,-0.6109,0.57,1.55,2.69,1.62,-0.010453,-0.5173,-1.6203,0.008000,0.191450,0.1981,-0.091684,0.044010,0.037259,778.0965348049042,1648.5130729078753,434.4021112222671,578.984272632629,0.003264,0.004625,6501.5,6119.0,0.021209,0.026341,-1.000000,3.4107,1.0000,,,,,
5.4000,1778655558.402552,450,13.337534,0.000454,-0.005649,3.3965,0.0024,0.016264,13.299526,-0.010522,-0.008847,3.3737,13.346715,0.000447,-0.005621,3.4083,0.0010,0.010882,0.102642,0.0215,13.346715,-0.000000,-0.000000,5.0000,-1.000000,0.030413,127.4523,2,3,sand,1.0000,1.100000,0,0,0.000000,0.000000,0.000000,0,nan,0.00,0.012887,0.2752,0.1184,0.006804,-0.6105,0.57,1.54,2.69,1.52,-0.010522,-0.5069,-1.6263,0.008000,0.087244,0.4446,-0.063944,-0.039461,-0.016574,-158.4956875368547,-234.5167465917532,1888.2125129774308,648.25811058994,0.014340,0.005176,6506.0,6114.6,0.018122,0.010153,1.000000,3.4080,1.0000,,,,,
5.4120,1778655558.414525,451,13.365429,-0.002407,-0.006643,3.3175,0.0203,0.013249,13.339954,-0.010585,-0.008658,3.3669,13.374537,-0.002413,-0.006615,3.3907,0.0036,0.010115,0.076517,0.0041,13.374537,-0.000000,-0.000000,5.0000,-0.815266,0.069844,130.1476,2,3,sand,1.0000,1.100000,0,0,0.000000,0.000000,0.000000,0,nan,0.00,-0.005642,0.2736,0.1195,-0.002979,-0.6097,0.57,1.54,2.68,1.53,-0.010585,-0.4960,-1.6331,0.008000,0.082692,0.0990,-0.064079,-0.040932,-0.019474,33.55518584432184,-485.7720141806626,110.24818947191353,543.154223532597,0.000824,0.004331,6512.6,6108.0,0.013495,0.034550,-1.000000,3.3905,1.0000,,,,,
5.4240,1778655558.426564,452,13.259434,-0.045187,0.005909,3.4144,0.0093,0.023998,13.380323,-0.010401,-0.008342,3.3607,13.268539,-0.045068,0.005942,3.3954,0.0039,0.011605,0.098233,-0.0052,13.268539,-0.000000,-0.000000,5.0000,0.428133,0.070628,128.4162,2,3,sand,1.0000,1.100000,0,0,0.000000,0.000000,0.000000,0,nan,0.00,0.004088,0.2720,0.1205,0.002159,-0.6088,0.57,1.54,2.68,1.53,-0.010401,-0.4780,-1.6393,0.008000,0.063191,0.9557,-0.042620,-0.020296,-0.004040,562.0652425712037,88.34944521833154,-1392.530993251464,663.5781499958814,-0.010503,0.005298,6507.1,6113.4,0.017311,0.000642,-0.815266,3.3951,1.0000,,,,,
5.4360,1778655558.438550,453,13.394343,0.020537,-0.001878,3.3214,0.0220,0.028981,13.420596,-0.010258,-0.008070,3.3533,13.403411,0.020607,-0.001836,3.3810,0.0077,0.015005,0.076848,0.0033,13.403411,-0.000000,-0.000000,5.0000,-1.000000,0.089144,131.8654,2,3,sand,1.0000,1.100000,0,0,0.000000,0.000000,0.000000,0,nan,0.00,-0.018639,0.2703,0.1215,-0.009841,-0.6077,0.57,1.54,2.68,1.53,-0.010258,-0.4624,-1.6467,0.008000,0.045658,0.6402,-0.043692,0.000501,0.011244,-1949.8754518049213,353.8120648187396,-1044.896190421451,734.8671465308588,-0.007837,0.005866,6512.6,6108.0,0.013535,0.026988,0.428133,3.3808,1.0000,,,,,
5.4480,1778655558.450558,454,13.428299,-0.047823,-0.007864,3.3658,0.0522,0.016257,13.460801,-0.010254,-0.007873,3.3472,13.437371,-0.047788,-0.007824,3.3781,0.0147,0.013746,0.056929,-0.0125,13.437371,-0.000000,0.000000,5.0000,1.000000,0.116145,132.2684,2,3,sand,1.0000,1.100000,0,0,0.000000,0.000000,0.000000,0,nan,0.00,0.004088,0.2687,0.1224,0.002159,-0.6064,0.57,1.53,2.68,1.49,-0.010254,-0.4512,-1.6528,0.008000,0.103506,0.4491,-0.038197,0.011798,0.012388,-776.328517676279,-253.18432600696087,-2905.0712738624725,418.4324445009816,-0.022386,0.003334,6517.6,6103.0,0.010009,0.007507,-1.000000,3.3779,1.0000,,,,,
5.4600,1778655558.462594,455,13.452665,-0.036485,-0.004709,3.3138,-0.0436,0.003818,13.500882,-0.010370,-0.007755,3.3372,13.461716,-0.036457,-0.004673,3.3656,0.0048,0.012883,0.029034,0.0048,13.461716,-0.000000,0.000001,5.0000,0.639143,0.155600,134.3661,2,3,sand,1.0000,1.100000,0,0,0.000000,0.000000,0.000000,0,nan,0.00,0.018614,0.2671,0.1232,0.009828,-0.6045,0.58,1.53,2.69,1.53,-0.010370,-0.4444,-1.6628,0.008000,0.049936,0.2592,-0.056978,-0.010101,0.003822,-893.5705077567345,-786.4372092741154,-782.493187246524,699.5800224575788,-0.005836,0.005584,6524.7,6095.9,0.005071,0.026301,1.000000,3.3655,1.0000,,,,,
5.4720,1778655558.474602,456,13.605898,-0.049046,-0.003879,3.3570,-0.0347,-0.003247,13.540898,-0.010752,-0.007780,3.3320,13.614989,-0.049042,-0.003850,3.3639,-0.0018,0.010526,0.017691,0.0116,13.614989,0.000000,0.000001,5.0000,0.704669,0.180978,135.6930,2,3,sand,1.0000,1.100000,0,0,0.000000,0.000000,0.000000,0,nan,0.00,0.034629,0.2655,0.1239,0.018284,-0.6023,0.59,1.53,2.70,1.52,-0.010752,-0.4458,-1.6680,0.008000,0.083861,0.2572,-0.068995,-0.031459,-0.008678,-1136.7444073596894,-261.0785918442689,761.0820453486801,774.0175016088516,0.005672,0.006182,6527.6,6093.0,0.003049,0.005345,0.639143,3.3639,1.0000,,,,,
5.4840,1778655558.486543,457,13.601829,0.054850,-0.005286,3.3185,-0.0039,-0.004488,13.580823,-0.011238,-0.007839,3.3249,13.610894,0.054831,-0.005264,3.3551,-0.0013,0.008674,0.002942,0.0202,13.610894,0.000000,0.000001,5.0000,-1.000000,0.207257,138.2829,2,3,sand,1.0000,1.100000,0,0,0.000000,0.000000,0.000000,0,nan,0.00,0.011902,0.2639,0.1246,0.006284,-0.5998,0.59,1.53,2.70,1.53,-0.011238,-0.4492,-1.6751,0.008000,0.078148,0.0762,-0.080634,0.024244,0.024477,-22.87797156131262,278.292266936779,2060.305037488275,598.7481495608542,0.015559,0.004780,6531.3,6089.2,0.000433,0.023071,0.704669,3.3551,1.0000,,,,,
5.4960,1778655558.498606,458,13.632121,0.009607,-0.006167,3.3900,-0.0053,-0.002873,13.620672,-0.011559,-0.007802,3.3176,13.641271,0.009566,-0.006152,3.3618,-0.0029,0.005513,-0.000882,0.0036,13.641271,0.000000,0.000000,5.0000,-1.000000,0.221419,136.8428,2,3,sand,1.0000,1.100000,0,0,0.000000,0.000000,0.000000,0,nan,0.00,-0.010825,0.2623,0.1253,-0.005716,-0.5972,0.60,1.52,2.72,1.49,-0.011559,-0.4471,-1.6824,0.008000,0.132137,-0.0550,-0.061251,-0.076210,-0.041811,1145.420561412357,-347.6825114630958,626.0574715680802,484.69839014015207,0.004658,0.003868,6532.3,6088.2,-0.000255,-0.007975,-1.000000,3.3618,1.0000,,,,,
5.5080,1778655558.510587,459,13.678493,-0.056660,-0.013767,3.3441,0.0038,0.019853,13.660414,-0.011563,-0.007597,3.3102,13.687604,-0.056758,-0.013746,3.3584,-0.0026,0.006909,0.005512,-0.0084,13.687604,0.000000,-0.000001,5.0000,1.000000,0.221734,137.4552,2,3,sand,1.0000,1.100000,0,0,0.000000,0.000000,0.000000,0,nan,0.00,0.011902,0.2608,0.1258,0.006284,-0.5945,0.59,1.52,2.71,1.53,-0.011563,-0.4351,-1.6898,0.008000,0.056968,-0.4887,-0.060283,-0.005709,0.005681,1892.8198322686408,-363.55561488173817,-1213.6267302524566,608.7281584725729,-0.009070,0.004859,6530.7,6089.8,0.000867,0.005633,-1.000000,3.3584,1.0000,,,,,
5.5200,1778655558.522530,460,13.777289,-0.061525,0.000611,3.3104,-0.0149,0.017606,13.700080,-0.011438,-0.007361,3.3029,13.786344,-0.061487,0.000638,3.3492,-0.0037,0.009886,0.020633,0.0090,13.786344,-0.000000,-0.000005,5.0000,1.000000,0.206701,139.1233,2,3,sand,1.0000,1.100000,0,0,0.000000,0.000000,0.000000,0,nan,0.00,0.034629,0.2592,0.1264,0.018284,-0.5920,0.59,1.54,2.72,1.60,-0.011438,-0.4215,-1.6971,0.008000,0.084847,0.4190,-0.049576,-0.000076,0.012796,34.01708123817025,-1198.6830159877616,378.00789827833887,817.3812634612242,0.002813,0.006530,6526.9,6093.7,0.003537,0.011878,1.000000,3.3491,1.0000,,,,,
5.5320,1778655558.534600,461,13.650489,0.097397,-0.004914,3.3570,-0.0564,0.008225,13.739651,-0.011466,-0.007225,3.2961,13.659604,0.097360,-0.004887,3.3506,-0.0123,0.010640,-0.011796,0.0210,13.659604,0.000000,-0.000000,5.0000,-1.000000,0.232053,140.5325,2,3,sand,1.0000,1.100000,0,0,0.000000,0.000000,0.000000,0,nan,0.00,0.011902,0.2577,0.1268,0.006284,-0.5892,0.59,1.54,2.73,1.57,-0.011466,-0.4137,-1.7039,0.008000,0.145575,-0.6437,-0.054906,-0.018115,0.007259,-114.58718039670862,-277.82444731018586,2370.3919223112507,1163.4194094499262,0.017988,0.009334,6535.1,6085.5,-0.002182,0.004145,1.000000,3.3506,1.0000,,,,,
5.5440,1778655558.546514,462,13.852228,-0.068363,-0.011819,3.3222,0.0495,0.003631,13.779171,-0.011596,-0.007130,3.2901,13.861302,-0.068438,-0.011796,3.3451,-0.0017,0.008222,-0.012579,0.0036,13.861302,-0.000001,-0.000004,5.0000,1.000000,0.239936,141.1228,2,3,sand,1.0000,1.100000,0,0,0.000000,0.000000,0.000000,0,nan,0.00,0.034629,0.2561,0.1272,0.018284,-0.5864,0.59,1.54,2.71,1.54,-0.011596,-0.4083,-1.7099,0.008000,0.139422,-0.5154,-0.044032,0.020076,0.022651,613.2900931412133,-11.967095578146655,382.8899034264757,630.0834092051838,0.002845,0.005034,6535.3,6085.3,-0.002332,0.002756,-1.000000,3.3451,1.0000,,,,,
5.5560,1778655558.558540,463,13.834828,-0.086385,-0.010029,3.3768,-0.0033,0.016520,13.818584,-0.011535,-0.006944,3.2809,13.843949,-0.086435,-0.010001,3.3511,-0.0007,0.010979,-0.052998,0.0210,13.843949,-0.000000,-0.000005,5.0000,1.000000,0.280531,140.6857,2,3,sand,1.0000,1.100000,0,0,0.000000,0.000000,0.000000,0,nan,0.00,0.057357,0.2546,0.1276,0.030284,-0.5830,0.59,1.54,2.72,1.54,-0.011535,-0.3976,-1.7191,0.008000,0.071013,-0.1804,-0.033079,-0.016136,0.001359,1167.7365770659285,632.7510427757747,1885.318280434234,732.4017003389192,0.014185,0.005872,6545.6,6075.0,-0.009473,-0.008591,1.000000,3.3513,1.0000,,,,,
5.5680,1778655558.570543,464,13.874424,-0.001282,0.003586,3.1879,0.0028,0.016673,13.857936,-0.011361,-0.006736,3.2768,13.883448,-0.001196,0.003620,3.3195,0.0012,0.013227,-0.074392,0.0330,13.883448,-0.000001,-0.000002,5.0000,-1.000000,0.323263,145.8101,2,3,sand,1.0000,1.100000,0,0,0.000000,0.000000,0.000000,0,nan,0.00,0.034629,0.2531,0.1279,0.018284,-0.5791,0.59,1.54,2.72,1.57,-0.011361,-0.3857,-1.7232,0.008000,0.083089,0.4131,-0.049616,-0.016785,0.001269,-50.94469148094396,176.23683791001577,3260.0371565365253,781.1112561436302,0.025233,0.006277,6551.0,6069.6,-0.013269,0.025316,1.000000,3.3197,1.0000,,,,,
5.5800,1778655558.582552,465,13.901693,-0.025664,-0.002244,3.3133,-0.0113,0.024266,13.897183,-0.011072,-0.006475,3.2689,13.910707,-0.025631,-0.002206,3.3182,-0.0018,0.014113,-0.073107,0.0156,13.910707,-0.000001,0.000001,5.0000,-0.403145,0.341624,145.9854,2,3,sand,1.0000,1.100000,0,0,0.000000,0.000000,0.000000,0,nan,0.00,0.025467,0.2516,0.1281,0.013447,-0.5750,0.59,1.55,2.72,1.59,-0.011072,-0.3719,-1.7311,0.008000,0.053556,-0.0070,-0.048143,-0.031414,-0.004494,1436.0715037668194,610.8823619460483,1681.1732627304705,1011.8115020222442,0.012616,0.008144,6550.7,6069.9,-0.013063,-0.000914,-1.000000,3.3184,1.0000,,,,,
5.5920,1778655558.594568,466,13.999290,-0.035283,-0.012301,3.2839,0.0599,0.028380,13.936351,-0.010557,-0.006135,3.2608,14.008318,-0.035297,-0.012256,3.3115,0.0095,0.016301,-0.075002,0.0123,14.008318,0.000000,0.000017,5.0000,0.751980,0.349517,148.1480,2,3,sand,1.0000,1.100000,0,0,0.000000,0.000000,0.000000,0,nan,0.00,0.042557,0.2501,0.1283,0.022470,-0.5708,0.59,1.54,2.72,1.50,-0.010557,-0.3524,-1.7392,0.008000,0.099358,-0.3284,-0.044658,0.035378,0.033229,901.3843773010683,773.8868008105005,366.26894078388744,735.9189504617017,0.002721,0.005912,6551.2,6069.4,-0.013407,0.004367,-0.403145,3.3118,1.0000,,,,,
5.6040,1778655558.606474,467,14.049236,-0.032264,-0.001074,3.3026,0.0782,0.025093,13.975405,-0.010103,-0.005897,3.2503,14.058203,-0.032132,-0.001024,3.3097,0.0230,0.018779,-0.101919,0.0245,14.058203,0.000001,0.000021,5.0000,-0.125586,0.376657,149.3390,2,3,sand,1.0000,1.100000,0,0,0.000000,0.000000,0.000000,0,nan,0.00,0.039703,0.2486,0.1284,0.020963,-0.5663,0.58,1.53,2.70,1.48,-0.010103,-0.3387,-1.7497,0.008000,0.081342,0.3146,-0.052860,0.031612,0.023942,-991.1117774785188,59.7917757013563,926.7582656631338,336.6752992632933,0.006909,0.002708,6558.0,6062.6,-0.018162,0.001714,0.751980,3.3100,1.0000,,,,,
5.6160,1778655558.618575,468,13.933062,0.071677,-0.011630,3.1448,0.0387,0.010619,14.014375,-0.009819,-0.005746,3.2428,13.941884,0.071716,-0.011584,3.2778,0.0258,0.017170,-0.099518,0.0206,13.941884,-0.000001,0.000005,5.0000,-1.000000,0.396226,154.1690,2,3,sand,1.0000,1.100000,0,0,0.000000,0.000000,0.000000,0,nan,0.00,0.016976,0.2471,0.1284,0.008963,-0.5615,0.58,1.54,2.70,1.58,-0.009819,-0.3301,-1.7572,0.008000,0.156726,0.0220,-0.082056,-0.003759,-0.002182,-29.137956993955186,-721.8115680941368,672.5751454036612,123.11452940669322,0.005006,0.000989,6557.4,6063.1,-0.017750,0.038794,-0.125586,3.2780,1.0000,,,,,
5.6280,1778655558.630589,469,14.114007,-0.067424,-0.011303,3.2469,-0.0369,0.027573,14.053221,-0.009287,-0.005455,3.2329,14.122925,-0.067409,-0.011252,3.2717,0.0133,0.017802,-0.112198,0.0062,14.122925,0.000002,0.000011,5.0000,1.000000,0.413323,155.4343,2,3,sand,1.0000,1.100000,0,0,0.000000,0.000000,0.000000,0,nan,0.00,0.039703,0.2456,0.1284,0.020963,-0.5566,0.59,1.55,2.73,1.58,-0.009287,-0.3134,-1.7671,0.008000,0.013955,-0.7966,-0.080263,-0.019098,-0.002307,1194.9644505511123,-88.95654948118431,-583.5806082133148,715.1856708923564,-0.004345,0.005770,6560.7,6059.9,-0.020000,0.012267,-1.000000,3.2720,1.0000,,,,,
5.6400,1778655558.642442,470,14.089387,-0.013092,-0.009838,3.1909,0.0745,0.025980,14.091962,-0.008635,-0.005141,3.2235,14.098221,-0.013022,-0.009783,3.2559,0.0257,0.020420,-0.129893,0.0237,14.098221,0.000002,0.000017,5.0000,-0.205754,0.440816,157.9367,2,3,sand,1.0000,1.100000,0,0,0.000000,0.000000,0.000000,0,nan,0.00,0.035027,0.2441,0.1284,0.018494,-0.5513,0.58,1.54,2.70,1.49,-0.008635,-0.2954,-1.7765,0.008000,0.138094,-0.1380,-0.094286,0.075652,0.051763,-558.0550917149841,538.8709006387458,442.0853637568724,357.5202757071735,0.003293,0.002887,6565.1,6055.4,-0.023132,0.028433,1.000000,3.2563,1.0000,,,,,
5.6520,1778655558.654605,471,14.057730,0.050321,-0.000169,3.1887,0.1022,0.015223,14.130574,-0.008175,-0.004953,3.2121,14.066513,0.050511,-0.000117,3.2428,0.0395,0.019179,-0.150127,0.0179,14.066513,0.000001,0.000021,5.0000,-1.000000,0.475331,160.9509,2,3,sand,1.0000,1.100000,0,0,0.000000,0.000000,0.000000,0,nan,0.00,0.012300,0.2427,0.1283,0.006494,-0.5456,0.59,1.54,2.71,1.54,-0.008175,-0.2805,-1.7879,0.008000,0.179681,0.5166,-0.101823,-0.004876,-0.009775,-663.323604212196,236.86255910413092,-450.1865906076228,-272.8622550299866,-0.003358,-0.002209,6570.3,6050.3,-0.026717,0.026573,-0.205754,3.2432,1.0000,,,,,
5.6640,1778655558.666475,472,14.134683,0.003750,-0.006805,3.1836,0.0044,0.021587,14.169076,-0.007663,-0.004721,3.1998,14.143408,0.003861,-0.006754,3.2313,0.0319,0.018359,-0.139930,0.0038,14.143408,0.000002,0.000004,5.0000,-0.313806,0.482091,162.3347,2,3,sand,1.0000,1.100000,0,0,0.000000,0.000000,0.000000,0,nan,0.00,0.005168,0.2412,0.1281,0.002729,-0.5398,0.58,1.53,2.69,1.49,-0.007663,-0.2672,-1.8002,0.008000,0.093479,-0.0310,-0.115554,-0.031754,-0.022260,476.65208757253345,1328.9836331109625,-1792.6183785918593,19.4513500582415,-0.013516,0.000157,6567.7,6052.8,-0.024933,0.027712,-1.000000,3.2317,1.0000,,,,,
5.6760,1778655558.678516,473,14.186778,-0.078728,0.001875,3.1323,0.0014,0.022577,14.207444,-0.006972,-0.004430,3.1916,14.195393,-0.078558,0.001927,3.2121,0.0258,0.018584,-0.122052,0.0019,14.195393,0.000002,-0.000020,5.0000,1.000000,0.471743,164.6440,2,3,sand,1.0000,1.100000,0,0,0.000000,0.000000,0.000000,0,nan,0.00,0.027895,0.2398,0.1279,0.014729,-0.5341,0.58,1.53,2.68,1.53,-0.006972,-0.2506,-1.8084,0.008000,0.085942,-0.1497,-0.101198,0.015205,0.012313,504.6156326020796,655.8372157026189,-2083.556399742893,293.36100334370536,-0.015759,0.002366,6563.2,6057.4,-0.021778,0.036243,-0.313806,3.2124,1.0000,,,,,
5.6880,1778655558.690607,474,14.167682,-0.008753,-0.010986,3.1020,0.0639,0.016004,14.245685,-0.006347,-0.004201,3.1830,14.176303,-0.008673,-0.010934,3.1907,0.0337,0.019092,-0.130017,0.0174,14.176303,0.000002,-0.000010,5.0000,0.096513,0.476967,168.5452,2,3,sand,1.0000,1.100000,0,0,0.000000,0.000000,0.000000,0,nan,0.00,0.030088,0.2383,0.1276,0.015887,-0.5284,0.59,1.54,2.71,1.58,-0.006347,-0.2374,-1.8170,0.008000,0.075809,-0.5811,-0.121573,0.013799,0.005943,-802.1025513401764,-392.78542528068874,-764.3265946265359,-36.72105822195575,-0.005701,-0.000296,6565.2,6055.4,-0.023181,0.036631,1.000000,3.1911,1.0000,,,,,
5.7000,1778655558.702519,475,14.223779,-0.064345,-0.004245,3.2326,0.0696,0.007339,14.283791,-0.005906,-0.004078,3.1709,14.232415,-0.064198,-0.004199,3.1987,0.0402,0.016987,-0.146094,0.0161,14.232415,0.000001,-0.000044,5.0000,1.000000,0.492140,167.6453,2,3,sand,1.0000,1.100000,0,0,0.000000,0.000000,0.000000,0,nan,0.00,0.052816,0.2369,0.1272,0.027887,-0.5225,0.58,1.53,2.69,1.49,-0.005906,-0.2304,-1.8291,0.008000,0.119660,0.3357,-0.106703,0.006353,-0.005171,-965.0894194126652,-22.656045845854123,-731.5600807402609,-455.44826198368054,-0.005462,-0.003688,6569.3,6051.3,-0.026022,-0.001945,0.096513,3.1991,1.0000,,,,,
5.7120,1778655558.714608,476,14.341071,-0.020370,-0.003718,3.2043,0.0467,0.002606,14.321793,-0.005651,-0.004037,3.1635,14.349759,-0.020223,-0.003677,3.1997,0.0423,0.015679,-0.147602,0.0306,14.349759,-0.000007,-0.000062,5.0000,-0.176755,0.496013,168.8927,2,3,sand,1.0000,1.100000,0,0,0.000000,0.000000,0.000000,0,nan,0.00,0.048799,0.2355,0.1269,0.025766,-0.5166,0.59,1.52,2.71,1.48,-0.005651,-0.2280,-1.8365,0.008000,0.047965,-0.2726,-0.101300,0.009097,-0.006586,-1054.6262133006906,-794.3925104165371,1015.6781964247997,-681.9303302559263,0.007599,-0.005529,6569.7,6050.9,-0.026297,-0.000914,1.000000,3.2001,1.0000,,,,,
5.7240,1778655558.726523,477,14.375411,-0.034983,-0.015135,3.0893,0.0332,0.002828,14.359680,-0.005439,-0.003999,3.1517,14.383963,-0.034949,-0.015101,3.1782,0.0403,0.013309,-0.159248,0.0253,14.383963,-0.000009,-0.000029,5.0000,0.864072,0.511175,172.8601,2,3,sand,1.0000,1.100000,0,0,0.000000,0.000000,0.000000,0,nan,0.00,0.068437,0.2341,0.1264,0.036135,-0.5104,0.58,1.52,2.69,1.49,-0.005439,-0.2259,-1.8483,0.008000,0.145930,-0.1414,-0.091128,0.064106,0.027314,889.667440846167,-73.30501608628015,935.1943875349721,-764.6428307510812,0.006999,-0.006215,6572.6,6047.9,-0.028352,0.040593,-0.176755,3.1787,1.0000,,,,,
5.7360,1778655558.738642,478,14.374710,0.006865,-0.000653,3.1162,0.0846,0.009110,14.397433,-0.005029,-0.003861,3.1427,14.383222,0.007047,-0.000619,3.1661,0.0494,0.013878,-0.169184,0.0385,14.383222,-0.000009,-0.000030,5.0000,-1.000000,0.529521,175.1532,2,3,sand,1.0000,1.100000,0,0,0.000000,0.000000,0.000000,0,nan,0.00,0.045709,0.2327,0.1259,0.024135,-0.5041,0.58,1.52,2.69,1.54,-0.005029,-0.2334,-1.8573,0.008000,0.101527,0.4311,-0.095976,-0.002350,-0.021155,914.4088707051412,-370.84977649787857,1964.2557023651198,-1132.6928977848745,0.014885,-0.009252,6575.2,6045.4,-0.030114,0.018869,0.864072,3.1666,1.0000,,,,,
5.7480,1778655558.750612,479,14.437703,0.091998,-0.002063,3.1130,0.0281,0.020941,14.435067,-0.004412,-0.003649,3.1305,14.446172,0.092159,-0.002026,3.1557,0.0444,0.014183,-0.196009,0.0215,14.446172,-0.000008,0.000076,5.0000,-1.000000,0.561860,180.0384,2,3,sand,1.0000,1.100000,0,0,0.000000,0.000000,0.000000,0,nan,0.00,0.022982,0.2313,0.1254,0.012135,-0.4973,0.58,1.54,2.70,1.62,-0.004412,-0.2213,-1.8695,0.008000,0.103141,0.3359,-0.088954,0.015921,-0.004943,-107.43476288483612,-716.0652148601964,423.2024700495269,-856.7101147346715,0.003171,-0.007016,6582.0,6038.6,-0.034858,0.018194,-1.000000,3.1562,1.0000,,,,,
5.7600,1778655558.762605,480,14.481033,0.056139,-0.013655,3.1030,0.0577,0.043133,14.472564,-0.003402,-0.003235,3.1185,14.489486,0.056229,-0.013605,3.1453,0.0457,0.018286,-0.234831,0.0094,14.489486,-0.000002,0.000183,5.0000,-1.000000,0.613260,182.5148,2,3,sand,1.0000,1.100000,0,0,0.000000,0.000000,0.000000,0,nan,0.00,0.000255,0.2299,0.1248,0.000135,-0.4900,0.57,1.54,2.69,1.58,-0.003402,-0.1976,-1.8815,0.008000,0.091206,-0.7290,-0.084277,0.066215,0.031523,1579.91958373153,-1102.886938335384,-1656.2070745123794,-569.159655339466,-0.012602,-0.004692,6591.8,6028.7,-0.041728,0.032481,-1.000000,3.1459,1.0000,,,,,
5.7720,1778655558.774742,481,14.570762,-0.032397,-0.003116,3.1573,-0.0004,0.048301,14.509962,-0.002071,-0.002687,3.1117,14.579337,-0.032221,-0.003052,3.1474,0.0359,0.022231,-0.244832,-0.0026,14.579337,0.000022,0.000272,5.0000,1.000000,0.644468,182.0095,2,3,sand,1.0000,1.100000,0,0,0.000000,0.000000,0.000000,0,nan,0.00,0.022982,0.2285,0.1242,0.012135,-0.4822,0.59,1.55,2.73,1.58,-0.002071,-0.1662,-1.8883,0.008000,0.110932,0.1790,-0.071606,0.032561,0.021454,395.1254445629362,583.6609002660284,-3124.478368873381,159.89480838838935,-0.024504,0.001320,6594.4,6026.2,-0.043522,-0.000867,-1.000000,3.1481,1.0000,,,,,
5.7840,1778655558.786632,482,14.566026,-0.047750,-0.003759,3.1202,0.0922,0.034774,14.547234,-0.000899,-0.002294,3.1030,14.574604,-0.047538,-0.003688,3.1420,0.0470,0.025355,-0.266007,0.0149,14.574604,0.000020,0.000278,5.0000,1.000000,0.679962,183.3594,2,3,sand,1.0000,1.100000,0,0,0.000000,0.000000,0.000000,0,nan,0.00,0.045709,0.2271,0.1235,0.024135,-0.4741,0.59,1.55,2.73,1.53,-0.000899,-0.1437,-1.8970,0.008000,0.054333,-0.4839,-0.059560,0.002620,-0.002081,-2353.457556751672,-137.6627734522201,-2185.28846038684,-114.70472531182493,-0.016855,-0.000952,6599.8,6020.8,-0.047277,0.004689,1.000000,3.1427,1.0000,,,,,
5.7960,1778655558.798703,483,14.642625,0.042799,-0.008418,3.1149,0.1410,0.020481,14.584395,-0.000133,-0.002101,3.0919,14.651209,0.043018,-0.008348,3.1366,0.0650,0.025418,-0.266521,0.0269,14.651209,0.000034,0.000021,5.0000,-1.000000,0.693889,186.3343,2,3,sand,1.0000,1.100000,0,0,0.000000,0.000000,0.000000,0,nan,0.00,0.022982,0.2258,0.1227,0.012135,-0.4658,0.59,1.55,2.74,1.57,-0.000133,-0.1326,-1.9081,0.008000,0.155832,0.0530,-0.042779,0.041446,0.010009,-2363.179392692,-2390.7273032566018,-1310.8030256442994,-877.5313824839311,-0.009989,-0.007308,6599.9,6020.6,-0.047385,0.004063,1.000000,3.1373,1.0000,,,,,
5.8080,1778655558.810529,484,14.639193,0.042452,-0.000457,3.1959,0.0387,0.010775,14.621434,0.000377,-0.001980,3.0820,14.647761,0.042708,-0.000397,3.1479,0.0587,0.021490,-0.275560,0.0094,14.647761,0.000034,0.000039,5.0000,-1.000000,0.706936,184.7707,2,3,sand,1.0000,1.100000,0,0,0.000000,0.000000,0.000000,0,nan,0.00,0.000255,0.2244,0.1219,0.000135,-0.4573,0.58,1.54,2.71,1.49,0.000377,-0.1257,-1.9180,0.008000,0.131137,0.0379,-0.037885,0.008182,-0.009951,-785.4974891187834,14.15326235247312,-2412.383593688635,-853.0904433945751,-0.018721,-0.007120,6602.2,6018.3,-0.048986,-0.022852,-1.000000,3.1487,1.0000,,,,,
5.8200,1778655558.822516,485,14.592545,-0.071243,0.007024,3.0068,0.0262,0.014516,14.658348,0.000868,-0.001842,3.0709,14.600983,-0.070954,0.007078,3.1204,0.0513,0.018951,-0.291952,-0.0026,14.600983,0.000027,0.000226,5.0000,1.000000,0.737143,187.6990,2,3,sand,1.0000,1.100000,0,0,0.000000,0.000000,0.000000,0,nan,0.00,0.022982,0.2231,0.1210,0.012135,-0.4484,0.58,1.54,2.70,1.53,0.000868,-0.0599,-1.9291,0.008000,0.096060,0.4785,-0.066201,0.014223,-0.003415,-595.0907551407485,439.8946598330474,-3501.8063395301683,-702.082718591099,-0.028028,-0.005880,6606.4,6014.2,-0.051885,0.035375,-1.000000,3.1212,1.0000,,,,,
5.8320,1778655558.834478,486,14.576927,0.014280,-0.003207,3.0183,0.0025,0.012178,14.695109,0.001402,-0.001682,3.0595,14.585291,0.014452,-0.003156,3.1006,0.0430,0.018723,-0.268408,0.0148,14.585291,0.000023,0.000262,5.0000,-0.067053,0.731952,190.7202,2,3,sand,1.0000,1.100000,0,0,0.000000,0.000000,0.000000,0,nan,0.00,0.021458,0.2217,0.1200,0.011330,-0.4396,0.58,1.54,2.70,1.54,0.001402,-0.0508,-1.9405,0.008000,0.131620,0.5015,-0.063554,-0.010762,-0.014370,-160.08724641687797,234.82169235220215,-1581.1141527871112,-436.71323719377216,-0.012090,-0.003629,6600.4,6020.1,-0.047741,0.033258,1.000000,3.1013,1.0000,,,,,
5.8440,1778655558.846533,487,14.636627,-0.081258,-0.004993,3.0864,0.0751,0.011080,14.731772,0.001877,-0.001554,3.0512,14.644975,-0.081092,-0.004946,3.0977,0.0485,0.017089,-0.267332,0.0111,14.644975,0.000034,0.000054,5.0000,1.000000,0.728506,191.1154,2,3,sand,1.0000,1.100000,0,0,0.000000,0.000000,0.000000,0,nan,0.00,0.044185,0.2204,0.1191,0.023330,-0.4309,0.58,1.53,2.69,1.48,0.001877,-0.0435,-1.9488,0.008000,0.113151,-0.3444,-0.053419,0.022192,0.001073,-344.13936379983966,555.1266744483482,-1827.4011378841628,-773.5635151314226,-0.014017,-0.006438,6600.2,6020.4,-0.047548,-0.001025,-0.067053,3.0984,1.0000,,,,,
5.8560,1778655558.858525,488,14.789721,0.024519,0.001848,2.9803,0.0218,0.009914,14.768285,0.002273,-0.001479,3.0409,14.797970,0.024725,0.001892,3.0748,0.0443,0.016928,-0.289749,0.0260,14.797970,-0.000047,-0.001084,5.0000,-0.597676,0.745089,197.7661,2,3,sand,1.0000,1.100000,0,0,0.000000,0.000000,0.000000,0,nan,0.00,0.030602,0.2191,0.1180,0.016158,-0.4220,0.58,1.54,2.69,1.57,0.002273,-0.0392,-1.9591,0.008000,0.070220,0.2979,-0.063333,0.071338,0.033605,-722.5824554954042,323.02895376157244,48.80738851500802,-661.5074733468717,0.000371,-0.005536,6605.8,6014.7,-0.051503,0.028870,1.000000,3.0756,1.0000,,,,,
5.8680,1778655558.870575,489,14.801636,-0.017572,0.005137,2.9597,0.0548,0.010208,14.804694,0.002627,-0.001405,3.0311,14.809882,-0.017341,0.005178,3.0523,0.0454,0.015023,-0.296368,0.0145,14.809882,-0.000060,-0.001082,5.0000,0.845150,0.763437,201.1452,2,3,sand,1.0000,1.100000,0,0,0.000000,0.000000,0.000000,0,nan,0.00,0.049810,0.2178,0.1169,0.026300,-0.4128,0.58,1.54,2.70,1.53,0.002627,-0.0349,-1.9689,0.008000,0.070476,1.0757,-0.071723,0.050451,0.017935,1106.5073532614715,137.12171628000283,-915.9117226790535,-817.8492724482459,-0.006997,-0.006865,6607.5,6013.0,-0.052682,0.034824,-0.597676,3.0531,1.0000,,,,,
5.8800,1778655558.882580,490,14.858958,0.010599,-0.001948,3.0302,0.0949,0.011011,14.840967,0.003155,-0.001260,3.0181,14.867210,0.010798,-0.001907,3.0479,0.0552,0.015448,-0.309140,0.0286,14.867210,-0.000113,-0.000654,5.0000,0.055497,0.781986,203.4626,2,3,sand,1.0000,1.100000,0,0,0.000000,0.000000,0.000000,0,nan,0.00,0.051071,0.2165,0.1158,0.026966,-0.4034,0.59,1.53,2.70,1.51,0.003155,-0.0266,-1.9819,0.008000,0.049987,-0.0582,-0.077479,0.022206,-0.006717,479.6303265546638,-2088.005550483376,60.338208448026165,-1226.5158222370787,0.000461,-0.010376,6610.8,6009.8,-0.054947,0.015566,0.845150,3.0487,1.0000,,,,,
5.8920,1778655558.894574,491,14.946301,0.043767,-0.005030,3.0323,-0.0203,0.013348,14.877129,0.003695,-0.001115,3.0099,14.954543,0.043901,-0.004990,3.0447,0.0412,0.015214,-0.311005,0.0271,14.954543,-0.000096,0.001315,5.0000,-0.718119,0.789326,205.6786,2,3,sand,1.0000,1.100000,0,0,0.000000,0.000000,0.000000,0,nan,0.00,0.034750,0.2152,0.1146,0.018348,-0.3939,0.59,1.53,2.71,1.54,0.003695,-0.2341,-1.9901,0.008000,0.100491,-0.2629,-0.073246,-0.012649,-0.019185,19.81890656736232,-101.51127162365219,789.4162336751656,-669.123152159493,0.006045,-0.005635,6611.3,6009.3,-0.055285,0.006319,0.055497,3.0455,1.0000,,,,,
5.9040,1778655558.906502,492,14.919884,0.005674,0.000482,3.1004,0.0834,0.013882,14.913161,0.004345,-0.000904,2.9974,14.928152,0.005871,0.000521,3.0553,0.0481,0.014311,-0.317571,0.0164,14.928152,-0.000120,0.000552,5.0000,0.537412,0.798544,203.1696,2,3,sand,1.0000,1.100000,0,0,0.000000,0.000000,0.000000,0,nan,0.00,0.046964,0.2139,0.1133,0.024797,-0.3844,0.59,1.54,2.71,1.59,0.004345,-0.2220,-2.0026,0.008000,0.059232,0.4374,-0.057249,0.031896,0.003921,666.5209405336759,63.7452537340929,-671.5891368760476,-982.24117845876,-0.005147,-0.008310,6612.9,6007.6,-0.056447,-0.014570,-0.718119,3.0562,1.0000,,,,,
5.9160,1778655558.918494,493,14.945062,-0.005947,0.000748,2.9953,0.0613,0.023958,14.949063,0.005189,-0.000606,2.9883,14.953283,-0.005731,0.000792,3.0435,0.0510,0.016777,-0.323382,0.0262,14.953283,-0.000097,0.001275,5.0000,0.794189,0.809719,205.3910,2,3,sand,1.0000,1.100000,0,0,0.000000,0.000000,0.000000,0,nan,0.00,0.065014,0.2126,0.1121,0.034327,-0.3746,0.58,1.53,2.69,1.48,0.005189,-0.2049,-2.0117,0.008000,0.053181,0.0517,-0.079512,0.050824,0.016285,56.106333752132514,-461.1830325052338,-71.2552751131891,-946.7391340401713,-0.000546,-0.008022,6614.4,6006.2,-0.057477,0.013998,0.537412,3.0444,1.0000,,,,,
5.9280,1778655558.930640,494,14.959410,-0.006041,0.000046,3.0580,0.0273,0.011081,14.984874,0.005889,-0.000406,2.9805,14.967661,-0.005844,0.000089,3.0461,0.0473,0.016827,-0.325962,0.0365,14.967661,-0.000076,0.001748,5.0000,0.458089,0.816206,205.2512,2,3,sand,1.0000,1.100000,0,0,0.000000,0.000000,0.000000,0,nan,0.00,0.075425,0.2113,0.1107,0.039824,-0.3649,0.59,1.53,2.70,1.48,0.005889,-0.1934,-2.0195,0.008000,0.071155,-0.5678,-0.047899,-0.002256,-0.014924,-1546.1028062237554,-102.92708371292406,1429.7083711356881,-825.8919573347767,0.011050,-0.006997,6615.1,6005.5,-0.057939,-0.014333,0.794189,3.0470,1.0000,,,,,
5.9400,1778655558.942610,495,15.033913,-0.007183,-0.001401,3.0264,0.0268,0.009081,15.020563,0.006375,-0.000281,2.9715,15.042202,-0.007010,-0.001360,3.0422,0.0440,0.016260,-0.315286,0.0411,15.042202,0.000164,0.004867,5.0000,0.512822,0.807187,206.4304,2,3,sand,1.0000,1.100000,0,0,0.000000,0.000000,0.000000,0,nan,0.00,0.087080,0.2101,0.1093,0.045978,-0.3552,0.60,1.52,2.72,1.50,0.006375,-0.1862,-2.0285,0.008000,0.142030,0.0329,-0.034367,0.024877,0.002900,-655.1840427413422,344.46124109127743,2352.899675532829,-754.9058485642598,0.018400,-0.006370,6612.4,6008.2,-0.056059,-0.005460,0.458089,3.0430,1.0000,,,,,
5.9520,1778655558.954535,496,15.017186,-0.043426,0.003129,2.9956,0.0741,0.011702,15.056151,0.006861,-0.000147,2.9608,15.025398,-0.043201,0.003169,3.0330,0.0502,0.016448,-0.323387,0.0474,15.025398,0.000089,0.004073,5.0000,1.000000,0.813737,207.4691,2,3,sand,1.0000,1.100000,0,0,0.000000,0.000000,0.000000,0,nan,0.00,0.109807,0.2088,0.1079,0.057978,-0.3454,0.59,1.52,2.71,1.53,0.006861,-0.1786,-2.0392,0.008000,0.068429,0.2226,-0.040765,-0.024427,-0.031484,188.5715075162375,190.48005076714253,2868.1907735839955,-1014.9547010718243,0.022732,-0.008606,6614.4,6006.2,-0.057483,0.004368,0.512822,3.0338,1.0000,,,,,
5.9640,1778655558.966487,497,15.139828,-0.015424,0.011080,3.0380,0.0684,0.018080,15.091604,0.007509,0.000061,2.9513,15.147984,-0.015118,0.011124,3.0337,0.0547,0.018393,-0.341000,0.0607,15.147984,0.000988,0.011042,5.0000,-0.191647,0.827558,209.8182,2,3,sand,1.0000,1.100000,0,0,0.000000,0.000000,0.000000,0,nan,0.00,0.105452,0.2076,0.1064,0.055678,-0.3355,0.58,1.52,2.69,1.53,0.007509,-0.1667,-2.0487,0.008000,0.058567,0.4390,-0.014884,0.027806,-0.000696,579.8990074331973,75.18831737150163,4005.484569748648,-1092.877421952429,0.033040,-0.009328,6618.9,6001.7,-0.060593,-0.009074,1.000000,3.0346,1.0000,,,,,
5.9760,1778655558.978494,498,15.184893,0.016029,0.004421,2.9837,-0.0741,0.018754,15.126961,0.008325,0.000333,2.9432,15.192997,0.016217,0.004467,3.0239,0.0312,0.018730,-0.339256,0.0552,15.192997,0.001556,0.014284,5.0000,-0.752232,0.831819,212.5090,2,3,sand,1.0000,1.100000,0,0,0.000000,0.000000,0.000000,0,nan,0.00,0.088356,0.2063,0.1049,0.046652,-0.3255,0.58,1.52,2.68,1.49,0.005825,-1.0647,-2.0568,0.008000,0.075034,-0.1742,-0.001721,-0.011023,-0.008443,1104.3543598421895,151.97748446223045,4545.939772537119,-89.41829420639941,0.038326,-0.000758,6618.4,6002.1,-0.060290,0.000073,-0.191647,3.0248,1.0000,,,,,
5.9880,1778655558.990639,499,15.214969,-0.013061,0.001896,2.9230,0.0326,0.046983,15.162187,0.009593,0.000843,2.9315,15.223072,-0.012868,0.001956,3.0042,0.0312,0.023360,-0.343898,0.0446,15.223072,0.002021,0.016654,5.0000,0.770961,0.841582,215.8046,2,3,sand,1.0000,1.100000,0,0,0.000000,0.000000,0.000000,0,nan,0.00,0.105877,0.2051,0.1034,0.055903,-0.3154,0.59,1.52,2.70,1.54,0.007093,-1.0355,-2.0685,0.008000,0.054606,0.0841,-0.015768,-0.011490,-0.002859,1699.4334067866089,1464.3304462227002,3190.7640882397554,288.8749062640967,0.025646,0.002455,6619.6,6000.9,-0.061115,0.020340,-0.752232,3.0051,1.0000,,,,,
6.0000,1778655559.002601,500,15.219562,-0.010357,0.001752,2.9665,0.1043,0.041634,15.197318,0.010992,0.001354,2.9236,15.227685,-0.010106,0.001825,2.9967,0.0458,0.027950,-0.346157,0.0580,15.227685,0.002099,0.017033,5.0000,0.398226,0.849485,217.1374,2,3,sand,1.0000,1.100000,0,0,0.000000,0.000000,0.000000,0,nan,0.00,0.114928,0.2038,0.1018,0.060682,-0.3052,0.59,1.53,2.71,1.54,0.008492,-1.0062,-2.0764,0.008000,0.070016,0.2913,-0.019915,0.015908,0.008572,264.8345461678741,-427.54409586482905,3444.062485969353,-18.307544059081554,0.027909,-0.000156,6620.2,6000.4,-0.061520,0.019771,0.770961,2.9976,1.0000,,,,,
6.0120,1778655559.014547,501,15.213334,-0.034856,-0.007415,2.9355,-0.0092,0.030630,15.232327,0.012157,0.001741,2.9135,15.221411,-0.034701,-0.007340,2.9846,0.0365,0.029230,-0.358963,0.0618,15.221411,0.001994,0.016519,5.0000,1.000000,0.867813,219.5660,2,3,sand,1.0000,1.100000,0,0,0.000000,0.000000,0.000000,0,nan,0.00,0.137655,0.2026,0.1002,0.072682,-0.2948,0.59,1.52,2.70,1.52,0.009657,-0.9840,-2.0865,0.008000,0.052204,-0.5781,-0.041929,-0.003871,0.003984,-1274.8904393555854,-807.8306813353779,4235.162133634268,452.3035952094734,0.035450,0.003866,6623.5,5997.1,-0.063784,0.011376,0.398226,2.9856,1.0000,,,,,
6.0240,1778655559.026576,502,15.239241,-0.015429,-0.001623,2.8868,0.0734,0.026312,15.267233,0.013079,0.002021,2.9062,15.247249,-0.015203,-0.001547,2.9655,0.0448,0.030393,-0.356450,0.0754,15.247249,0.002448,0.018679,5.0000,0.021385,0.876692,222.8997,2,3,sand,1.0000,1.100000,0,0,0.000000,0.000000,0.000000,0,nan,0.00,0.138141,0.2014,0.0985,0.072939,-0.2843,0.59,1.53,2.70,1.54,0.010579,-0.9680,-2.0938,0.008000,0.026282,-0.3063,-0.048731,-0.009611,-0.004313,-1516.2278741407142,-27.31982322537965,5120.80764536417,150.45035053529622,0.044683,0.001284,6622.8,5997.7,-0.063348,0.019395,1.000000,2.9665,1.0000,,,,,
6.0360,1778655559.038616,503,15.244114,-0.017266,0.005509,2.9277,0.0424,0.019122,15.302055,0.013853,0.002248,2.8973,15.252162,-0.016986,0.005582,2.9580,0.0450,0.029072,-0.350588,0.0730,15.252162,0.002541,0.019103,5.0000,-0.320876,0.877072,223.7381,2,3,sand,1.0000,1.100000,0,0,0.000000,0.000000,0.000000,0,nan,0.00,0.130849,0.2002,0.0968,0.069088,-0.2737,0.60,1.52,2.72,1.49,0.011353,-0.9550,-2.1027,0.008000,0.035110,0.1179,-0.058630,-0.017033,-0.010532,221.113425544045,493.75065658241374,5205.037930996256,47.57687304712338,0.045539,0.000405,6621.4,5999.2,-0.062321,0.002036,0.021385,2.9590,1.0000,,,,,
6.0480,1778655559.050623,504,15.269239,-0.056780,0.000463,2.8846,-0.0361,0.032745,15.336737,0.014845,0.002581,2.8869,15.277289,-0.056575,0.000540,2.9436,0.0305,0.029996,-0.348605,0.0682,15.277289,0.003048,0.021255,5.0000,1.000000,0.877897,226.2551,2,3,sand,1.0000,1.100000,0,0,0.000000,0.000000,0.000000,0,nan,0.00,0.153576,0.1990,0.0951,0.081088,-0.2632,0.61,1.52,2.73,1.52,0.012345,-0.9359,-2.1131,0.008000,0.097944,-0.1148,-0.070077,-0.040537,-0.014309,2377.2935557509672,325.081017717725,5233.057992217014,747.6553887844833,0.045826,0.006379,6620.9,5999.7,-0.061973,0.017340,-0.320876,2.9446,1.0000,,,,,
6.0600,1778655559.062556,505,15.361072,-0.053496,0.002810,2.8885,0.0127,0.036450,15.371314,0.016171,0.003037,2.8788,15.369080,-0.053267,0.002893,2.9328,0.0291,0.032980,-0.343910,0.0838,15.369080,0.005352,0.028847,5.0000,1.000000,0.872616,228.8873,2,3,sand,1.0000,1.100000,0,0,0.000000,0.000000,0.000000,0,nan,0.00,0.176303,0.1978,0.0933,0.093088,-0.2527,0.60,1.52,2.73,1.53,0.013671,-0.9098,-2.1212,0.008000,0.043627,-0.3000,-0.070957,-0.062737,-0.024351,1587.9344780989054,-210.28071173582066,6182.694474341941,988.3072476885665,0.057592,0.008436,6619.7,6000.9,-0.061144,0.008453,1.000000,2.9337,1.0000,,,,,
6.0720,1778655559.074512,506,15.414480,0.032316,-0.003630,2.8648,0.1036,0.039223,15.405763,0.017612,0.003492,2.8666,15.422449,0.032547,-0.003540,2.9194,0.0446,0.035976,-0.363090,0.0958,15.422449,0.007005,0.033066,5.0000,-1.000000,0.886391,233.9292,2,3,sand,1.0000,1.100000,0,0,0.000000,0.000000,0.000000,0,nan,0.00,0.153576,0.1966,0.0915,0.081088,-0.2421,0.60,1.53,2.74,1.57,0.007812,-2.0309,-2.1334,0.008000,0.045324,-1.1086,-0.083366,-0.041652,-0.018730,298.1017811634266,-1256.6635565992165,6524.846077614451,514.818590707609,0.063050,0.004408,6624.5,5996.0,-0.064527,0.023747,1.000000,2.9204,1.0000,,,,,
6.0840,1778655559.086519,507,15.463039,0.100389,0.006002,2.7422,0.1032,0.055948,15.440112,0.019376,0.004122,2.8581,15.470895,0.100744,0.006104,2.8849,0.0550,0.038988,-0.349723,0.0784,15.470895,0.008698,0.036770,5.0000,-1.000000,0.884775,241.3810,2,3,sand,1.0000,1.100000,0,0,0.000000,0.000000,0.000000,0,nan,0.00,0.130849,0.1954,0.0897,0.069088,-0.2315,0.60,1.53,2.73,1.55,0.009576,-1.9948,-2.1419,0.008000,0.076726,-0.1351,-0.108210,-0.015331,-0.005795,1509.1922029403254,-614.8238614561508,5040.082009026841,362.78976078976615,0.043686,0.003090,6621.1,5999.4,-0.062173,0.059139,-1.000000,2.8859,1.0000,,,,,
6.0960,1778655559.098517,508,15.468125,0.003621,0.012010,2.9172,0.0348,0.057871,15.474366,0.021370,0.004817,2.8497,15.476008,0.004029,0.012121,2.8909,0.0510,0.041764,-0.376263,0.0664,15.476008,0.008887,0.037154,5.0000,-0.347593,0.909179,239.0884,2,3,sand,1.0000,1.100000,0,0,0.000000,0.000000,0.000000,0,nan,0.00,0.122949,0.1943,0.0878,0.064917,-0.2206,0.60,1.53,2.73,1.52,0.011570,-1.9550,-2.1503,0.008000,0.053733,0.3099,-0.082017,-0.031137,-0.009368,1722.8591426224893,470.57822474467366,3697.047864468631,786.1017668182473,0.030494,0.006776,6627.9,5992.7,-0.066859,-0.003660,-1.000000,2.8920,1.0000,,,,,
6.1080,1778655559.110522,509,15.559566,0.066949,0.009571,2.8708,0.0130,0.060952,15.508492,0.023571,0.005556,2.8417,15.567407,0.067334,0.009692,2.8869,0.0442,0.045092,-0.371833,0.0640,15.567407,0.012593,0.043868,5.0000,-1.000000,0.912580,241.9283,2,3,sand,1.0000,1.100000,0,0,0.000000,0.000000,0.000000,0,nan,0.00,0.100221,0.1931,0.0860,0.052917,-0.2096,0.59,1.53,2.71,1.49,0.013771,-1.9127,-2.1583,0.008000,0.068995,0.1531,-0.078435,-0.045129,-0.009421,-37.88301852163147,281.7098344519909,3248.3737754794493,1337.949232838533,0.026374,0.011583,6626.8,5993.8,-0.066087,0.008215,-0.347593,2.8879,1.0000,,,,,
6.1200,1778655559.122500,510,15.472169,-0.049892,0.001935,2.8853,0.1916,0.060778,15.542507,0.025779,0.006279,2.8310,15.479947,-0.049485,0.002062,2.8863,0.0706,0.046897,-0.385385,0.0502,15.479947,0.009034,0.037449,5.0000,1.000000,0.932243,240.3923,2,3,sand,1.0000,1.100000,0,0,0.000000,0.000000,0.000000,0,nan,0.00,0.122949,0.1919,0.0840,0.064917,-0.1984,0.58,1.52,2.69,1.52,0.015979,-1.8713,-2.1690,0.008000,0.056532,0.1737,-0.065684,-0.037290,-0.019771,952.6107140841191,1512.443140038426,323.2218177866654,400.77075321076535,0.002519,0.003459,6630.2,5990.4,-0.068478,0.002730,-1.000000,2.8874,1.0000,,,,,
6.1320,1778655559.134519,511,15.571093,0.059822,0.015112,2.8126,0.1023,0.058541,15.576396,0.028067,0.007016,2.8230,15.578800,0.060359,0.015245,2.8718,0.0775,0.050194,-0.404578,0.0676,15.578800,0.013098,0.044693,5.0000,-1.000000,0.956478,245.9374,2,3,sand,1.0000,1.100000,0,0,0.000000,0.000000,0.000000,0,nan,0.00,0.100221,0.1908,0.0821,0.052917,-0.1870,0.58,1.53,2.69,1.56,0.018267,-1.8291,-2.1770,0.008000,0.063389,0.6119,-0.061343,-0.026033,-0.013945,-1523.7147243646039,153.08363160791305,1380.9186881436376,304.8890146490828,0.010911,0.002650,6635.1,5985.5,-0.071874,0.029678,1.000000,2.8729,1.0000,,,,,
6.1440,1778655559.146510,512,15.601838,0.028962,0.004021,2.8229,0.0705,0.052907,15.610226,0.030146,0.007640,2.8172,15.609550,0.029410,0.004155,2.8622,0.0752,0.049451,-0.387329,0.0502,15.609550,0.014507,0.046906,5.0000,0.434285,0.953004,246.9296,2,3,sand,1.0000,1.100000,0,0,0.000000,0.000000,0.000000,0,nan,0.00,0.110092,0.1896,0.0801,0.058128,-0.1755,0.58,1.52,2.69,1.50,0.020346,-1.7933,-2.1828,0.008000,0.061475,-0.4139,-0.064128,-0.021746,-0.009677,-679.0234101879425,559.488383835052,-158.08041892860533,404.5837138950669,-0.001233,0.003495,6630.7,5989.9,-0.068842,0.017931,-1.000000,2.8632,1.0000,,,,,
6.1560,1778655559.158558,513,15.632473,0.058268,0.021107,2.7829,0.1418,0.050687,15.643945,0.032174,0.008222,2.8075,15.640134,0.058883,0.021242,2.8467,0.0879,0.050219,-0.375869,0.0593,15.640134,0.015976,0.049090,5.0000,-1.000000,0.942641,249.5536,2,3,sand,1.0000,1.100000,0,0,0.000000,0.000000,0.000000,0,nan,0.00,0.087364,0.1885,0.0780,0.046128,-0.1642,0.59,1.52,2.69,1.48,0.010374,-2.7826,-2.1925,0.008000,0.112276,0.7846,-0.065487,-0.031342,-0.024068,-362.82552829201893,-687.0010340129912,-113.53598406214311,-107.0350608227634,-0.000882,-0.000920,6627.8,5992.8,-0.066817,0.035349,0.434285,2.8477,1.0000,,,,,
6.1680,1778655559.170516,514,15.621370,0.071127,0.020813,2.8490,0.0205,0.057031,15.677597,0.034305,0.008858,2.8041,15.629004,0.071704,0.020950,2.8470,0.0743,0.050109,-0.357385,0.0434,15.629004,0.015434,0.048297,5.0000,-1.000000,0.920925,248.8228,2,3,sand,1.0000,1.100000,0,0,0.000000,0.000000,0.000000,0,nan,0.00,0.064637,0.1874,0.0760,0.034128,-0.1532,0.58,1.52,2.68,1.51,0.012505,-2.7462,-2.1959,0.008000,0.107670,0.5960,-0.054824,-0.056024,-0.030094,897.9840069653824,317.0462326781228,-1160.8641321003806,525.4913041584953,-0.009021,0.004491,6623.1,5997.5,-0.063547,0.004107,-1.000000,2.8479,1.0000,,,,,
6.1800,1778655559.182532,515,15.721356,0.091317,0.009105,2.8094,0.0452,0.057855,15.711162,0.036593,0.009539,2.7951,15.728906,0.091786,0.009241,2.8395,0.0679,0.050116,-0.360251,0.0315,15.728906,0.020616,0.055327,5.0000,-0.432711,0.910334,252.2215,2,3,sand,1.0000,1.100000,0,0,0.000000,0.000000,0.000000,0,nan,0.00,0.054803,0.1863,0.0739,0.028936,-0.1422,0.57,1.53,2.67,1.58,0.014793,-2.7071,-2.2049,0.008000,0.041766,0.3830,-0.047037,-0.031374,-0.009273,601.4200902998099,1745.6698299702678,-2496.6356163657874,849.8666499060768,-0.019818,0.007287,6623.8,5996.7,-0.064038,0.018904,-1.000000,2.8405,1.0000,,,,,
6.1920,1778655559.194566,516,15.744300,0.018134,0.006974,2.7738,0.0426,0.058379,15.744637,0.038925,0.010220,2.7894,15.751855,0.018580,0.007113,2.8266,0.0626,0.050643,-0.351946,0.0278,15.751855,0.021906,0.056915,5.0000,1.000000,0.900850,253.2707,2,3,sand,1.0000,1.100000,0,0,0.000000,0.000000,0.000000,0,nan,0.00,0.077530,0.1851,0.0718,0.040936,-0.1314,0.57,1.52,2.67,1.49,0.017125,-2.6681,-2.2106,0.008000,0.095783,-0.1292,-0.026808,0.015367,0.023246,-1030.1163691073853,150.7530407287236,-3000.063922457149,1144.7141692081634,-0.024044,0.009814,6621.7,5998.9,-0.062569,0.026871,-0.432711,2.8276,1.0000,,,,,
6.2040,1778655559.206548,517,15.813005,0.077319,0.000614,2.6824,0.0824,0.036443,15.778056,0.040816,0.010651,2.7861,15.820480,0.077716,0.000746,2.7985,0.0670,0.048863,-0.353426,0.0436,15.820480,0.025979,0.061673,5.0000,0.671183,0.899088,260.3680,2,3,sand,1.0000,1.100000,0,0,0.000000,0.000000,0.000000,0,nan,0.00,0.092784,0.1840,0.0697,0.048990,-0.1206,0.57,1.52,2.67,1.53,0.019016,-2.6434,-2.2139,0.008000,0.072338,-0.9716,-0.058357,-0.022226,-0.004896,-2236.0712241153033,350.7117965449588,-1529.1247609469049,772.8611186777092,-0.011918,0.006606,6622.1,5998.5,-0.062826,0.045902,1.000000,2.7995,1.0000,,,,,
6.2160,1778655559.218567,518,15.773547,0.059940,0.016008,2.7657,0.0956,0.027380,15.811405,0.042392,0.010979,2.7778,15.781009,0.060450,0.016130,2.7920,0.0728,0.045575,-0.356748,0.0508,15.781009,0.023596,0.058931,5.0000,0.006326,0.904867,260.4155,2,3,sand,1.0000,1.100000,0,0,0.000000,0.000000,0.000000,0,nan,0.00,0.092928,0.1829,0.0676,0.049066,-0.1098,0.58,1.53,2.68,1.55,0.020592,-2.6246,-2.2222,0.008000,0.083851,0.1336,-0.061289,0.010927,0.006860,-1576.1477213355392,-596.1814746863902,-436.6105651050268,229.04593570501424,-0.003376,0.001955,6622.9,5997.6,-0.063412,0.022705,0.671183,2.7929,1.0000,,,,,
6.2280,1778655559.230547,519,15.870116,0.086723,0.017421,2.7751,-0.0038,0.031462,15.844684,0.043955,0.011339,2.7715,15.877579,0.087194,0.017536,2.7885,0.0587,0.042958,-0.353863,0.0491,15.877579,0.029619,0.065663,5.0000,-0.522545,0.901565,262.4738,2,3,sand,1.0000,1.100000,0,0,0.000000,0.000000,0.000000,0,nan,0.00,0.081052,0.1821,0.0643,0.042795,-0.0990,0.58,1.52,2.67,1.50,0.022155,-2.6040,-2.2285,0.008000,0.153345,0.4841,-0.062969,-0.057854,-0.027848,456.47938798533727,441.0133847598689,461.03230995967164,652.5241016137011,0.003563,0.005574,6622.2,5998.4,-0.062906,0.018886,0.006326,2.7895,1.0000,,,,,
6.2400,1778655559.242495,520,15.856248,0.024790,0.015484,2.8142,0.1596,0.040328,15.877839,0.045726,0.011808,2.7622,15.863673,0.025290,0.015597,2.7934,0.0766,0.041896,-0.331641,0.0414,15.863673,0.028712,0.064689,5.0000,1.000000,0.880426,259.5041,2,3,sand,1.0000,1.100000,0,0,0.000000,0.000000,0.000000,0,nan,0.00,0.103779,0.1814,0.0613,0.054795,-0.0884,0.57,1.53,2.66,1.55,0.007526,-3.5811,-2.2378,0.008000,0.054580,-0.2253,-0.041872,0.012144,0.001824,1685.6498040421766,570.2335047242109,-1207.204141527347,-212.09380525890526,-0.009322,-0.001795,6616.6,6004.0,-0.058978,0.000412,-0.522545,2.7943,1.0000,,,,,
6.2520,1778655559.254592,521,15.840117,0.022943,0.007694,2.7741,0.0070,0.039360,15.910919,0.047635,0.012307,2.7564,15.847574,0.023353,0.007807,2.7895,0.0648,0.042560,-0.318837,0.0575,15.847574,0.027678,0.063563,5.0000,1.000000,0.859638,259.6832,2,3,sand,1.0000,1.100000,0,0,0.000000,0.000000,0.000000,0,nan,0.00,0.126506,0.1810,0.0583,0.066795,-0.0781,0.57,1.52,2.67,1.49,0.009435,-3.5526,-2.2436,0.008000,0.059002,-0.0844,-0.037846,-0.016873,-0.007864,-901.9298780685288,166.2634367541009,1023.7754379834022,323.8950961784068,0.007868,0.002730,6613.3,6007.3,-0.056709,0.011078,1.000000,2.7904,1.0000,,,,,
6.2640,1778655559.266572,522,15.919310,0.070889,0.021251,2.7296,0.0023,0.025434,15.943920,0.049233,0.012631,2.7474,15.926740,0.071360,0.021358,2.7777,0.0545,0.040748,-0.327597,0.0695,15.926740,0.032937,0.069121,5.0000,-0.626861,0.856650,263.4069,2,3,sand,1.0000,1.100000,0,0,0.000000,0.000000,0.000000,0,nan,0.00,0.112260,0.1808,0.0555,0.059273,-0.0678,0.58,1.52,2.67,1.49,0.011033,-3.5340,-2.2526,0.008000,0.008306,-0.2226,-0.035195,-0.009122,0.000741,-687.5799073590333,-635.8343535065783,3221.7314740040206,600.0470144203381,0.025803,0.005078,6615.5,6005.1,-0.058247,0.028492,1.000000,2.7786,1.0000,,,,,
6.2760,1778655559.278578,523,15.856377,0.033473,0.009965,2.7520,0.0747,0.020216,15.976835,0.050686,0.012922,2.7409,15.863818,0.033855,0.010061,2.7726,0.0578,0.036680,-0.310741,0.0576,15.863818,0.028721,0.064699,5.0000,0.936295,0.843526,262.7369,2,3,sand,1.0000,1.100000,0,0,0.000000,0.000000,0.000000,0,nan,0.00,0.133539,0.1809,0.0529,0.070509,-0.0577,0.58,1.51,2.68,1.50,0.012486,-3.5174,-2.2591,0.008000,0.077724,-0.7996,-0.042405,0.012419,0.006959,192.5137023631347,-402.4777546418561,2391.8228144163418,155.11066188438915,0.018699,0.001304,6611.2,6009.3,-0.055270,0.017059,-0.626861,2.7734,1.0000,,,,,
6.2880,1778655559.290550,524,15.971774,0.167137,0.005054,2.7873,0.0075,0.030385,16.009652,0.052250,0.013278,2.7330,15.979193,0.167456,0.005149,2.7753,0.0500,0.037034,-0.312464,0.0730,15.979193,0.036666,0.072832,5.0000,-1.000000,0.831047,267.2112,2,3,sand,1.0000,1.100000,0,0,0.000000,0.000000,0.000000,0,nan,0.00,0.110812,0.1811,0.0503,0.058509,-0.0477,0.58,1.52,2.68,1.55,0.014050,-3.4969,-2.2670,0.008000,0.074268,-0.4020,-0.031928,0.005722,0.007499,430.51128853579576,-99.80381810440849,4125.69699029575,492.45565314163713,0.033918,0.004145,6611.7,6008.9,-0.055567,-0.000636,0.936295,2.7761,1.0000,,,,,
6.3000,1778655559.302537,525,15.969635,0.017397,0.020984,2.7065,-0.0186,0.049114,16.042362,0.054052,0.013761,2.7263,15.977004,0.017807,0.021085,2.7618,0.0368,0.038219,-0.294540,0.0558,15.977004,0.036507,0.072677,5.0000,1.000000,0.815344,264.8137,2,3,sand,1.0000,1.100000,0,0,0.000000,0.000000,0.000000,0,nan,0.00,0.133539,0.1814,0.0479,0.070509,-0.0379,0.58,1.53,2.68,1.58,0.015852,-3.4692,-2.2737,0.008000,0.066038,0.5082,-0.033313,-0.045874,-0.012518,1898.3770837286706,99.37487341330188,3115.760935277408,1251.4778818510706,0.024679,0.010545,6607.1,6013.4,-0.052396,0.021797,-1.000000,2.7626,1.0000,,,,,
6.3120,1778655559.314544,526,16.075140,0.055699,0.004509,2.7136,0.0566,0.045931,16.074997,0.056073,0.014322,2.7218,16.082512,0.056011,0.004616,2.7524,0.0420,0.041058,-0.293130,0.0732,16.082512,0.044585,0.080118,5.0000,1.000000,0.802571,268.9882,2,3,sand,1.0000,1.100000,0,0,0.000000,0.000000,0.000000,0,nan,0.00,0.156266,0.1820,0.0456,0.082509,-0.0283,0.57,1.52,2.67,1.50,0.017873,-3.4371,-2.2782,0.008000,0.043256,-0.0272,-0.014558,-0.028544,-0.003079,202.89699578731052,9.255318481930317,4153.231774532315,1196.374995304166,0.034013,0.010070,6606.8,6013.8,-0.052141,0.019926,1.000000,2.7531,1.0000,,,,,
6.3240,1778655559.326620,527,16.046712,0.050294,0.023283,2.7724,0.0182,0.037336,16.107572,0.057922,0.014761,2.7121,16.054141,0.050741,0.023391,2.7561,0.0393,0.041904,-0.289998,0.0852,16.054141,0.042335,0.078136,5.0000,-0.086471,0.794896,266.9503,2,3,sand,1.0000,1.100000,0,0,0.000000,0.000000,0.000000,0,nan,0.00,0.154301,0.1828,0.0434,0.081471,-0.0187,0.59,1.52,2.69,1.48,0.019722,-3.4120,-2.2879,0.008000,0.031007,0.1698,-0.003967,-0.032637,-0.003011,-88.21904105467024,2709.3603322383474,5467.367945523437,1342.6773832294575,0.047664,0.011311,6606.0,6014.6,-0.051584,0.008573,1.000000,2.7569,1.0000,,,,,
6.3360,1778655559.338524,528,16.173210,0.088099,0.018317,2.6823,0.0252,0.032761,16.140093,0.059695,0.015178,2.7108,16.180559,0.088495,0.018421,2.7417,0.0374,0.040635,-0.263460,0.0812,16.180559,0.052791,0.086848,5.0000,-0.532004,0.763319,271.2250,2,3,sand,1.0000,1.100000,0,0,0.000000,0.000000,0.000000,0,nan,0.00,0.142210,0.1837,0.0413,0.075087,-0.0096,0.58,1.51,2.68,1.48,0.000695,-4.3730,-2.2892,0.008000,0.024732,-0.1668,-0.015217,-0.025651,0.000878,31.408012155907272,-530.5792754020281,5503.907993832319,1356.0001052553343,0.047760,0.011341,6599.2,6021.3,-0.046893,0.032617,-0.086471,2.7424,1.0000,,,,,
6.3480,1778655559.350582,529,16.176897,0.142302,0.016381,2.7116,0.0591,0.048612,16.172554,0.061574,0.015656,2.7029,16.184231,0.142704,0.016490,2.7357,0.0416,0.041926,-0.281077,0.0737,16.184231,0.053111,0.087096,5.0000,-1.000000,0.764756,274.3800,2,3,sand,1.0000,1.100000,0,0,0.000000,0.000000,0.000000,0,nan,0.00,0.119483,0.1847,0.0393,0.063087,-0.0004,0.59,1.52,2.69,1.57,0.002574,-4.3457,-2.2971,0.008000,0.101679,-0.2543,-0.028147,-0.048955,-0.012640,2374.7994958391764,-975.3158155211972,4592.5275562832885,1293.3881091564515,0.038190,0.010861,6603.7,6016.9,-0.049988,0.027765,-0.532004,2.7365,1.0000,,,,,
6.3600,1778655559.362591,530,16.222350,-0.001374,0.020424,2.7136,0.0639,0.061025,16.204928,0.063840,0.016312,2.6965,16.229736,-0.000913,0.020544,2.7312,0.0453,0.044473,-0.294308,0.0604,16.229736,0.057154,0.090153,5.0000,1.000000,0.780565,274.0399,2,3,sand,1.0000,1.100000,0,0,0.000000,0.000000,0.000000,0,nan,0.00,0.142210,0.1859,0.0375,0.075087,0.0090,0.59,1.53,2.71,1.55,0.004840,-4.3080,-2.3035,0.008000,0.108020,0.3778,-0.029879,-0.057907,-0.016891,553.8682578875807,-924.1921962916065,2785.0654511925854,1378.3280010277808,0.021876,0.011631,6607.0,6013.5,-0.052328,0.024189,-1.000000,2.7320,1.0000,,,,,
6.3720,1778655559.374536,531,16.245946,-0.081053,0.011916,2.6077,0.0906,0.060537,16.237249,0.066373,0.017059,2.6950,16.253244,-0.080615,0.012045,2.7072,0.0551,0.048666,-0.301976,0.0778,16.253244,0.059298,0.091717,5.0000,1.000000,0.801218,279.9072,2,3,sand,1.0000,1.100000,0,0,0.000000,0.000000,0.000000,0,nan,0.00,0.164937,0.1873,0.0357,0.087087,0.0186,0.59,1.57,2.75,1.86,0.007373,-4.2652,-2.3050,0.008000,0.179399,-0.8193,-0.041252,-0.027619,-0.001440,1369.2091953869224,-221.0866162479424,3513.8183624536337,1229.6523222018268,0.028203,0.010381,6609.0,6011.6,-0.053688,0.057048,1.000000,2.7080,1.0000,,,,,
6.3840,1778655559.386522,532,16.230726,0.154076,0.017982,2.6898,0.0879,0.046367,16.269524,0.068639,0.017596,2.6911,16.238112,0.154586,0.018114,2.7036,0.0626,0.049697,-0.305581,0.0898,16.238112,0.057914,0.090711,5.0000,-1.000000,0.809442,282.3158,2,3,sand,1.0000,1.100000,0,0,0.000000,0.000000,0.000000,0,nan,0.00,0.142210,0.1888,0.0339,0.075087,0.0283,0.58,1.58,2.74,1.63,0.009639,-4.2345,-2.3089,0.008000,0.134831,0.1325,-0.041281,-0.035435,-0.009517,-1253.712702450006,-1667.1993669875294,4516.683543173271,921.719707516621,0.037666,0.007765,6609.9,6010.7,-0.054340,0.021195,1.000000,2.7045,1.0000,,,,,
6.3960,1778655559.398599,533,16.292090,0.083066,0.019785,2.6626,0.0578,0.041491,16.301756,0.070827,0.018130,2.6856,16.299516,0.083584,0.019914,2.6955,0.0612,0.047411,-0.295008,0.0723,16.299516,0.063625,0.094772,5.0000,0.388415,0.804489,282.3308,2,3,sand,1.0000,1.100000,0,0,0.000000,0.000000,0.000000,0,nan,0.00,0.151038,0.1904,0.0323,0.079748,0.0379,0.59,1.59,2.76,1.60,0.011827,-4.2039,-2.3144,0.008000,0.102504,0.6696,-0.051834,0.012508,0.016523,743.6724291372002,-300.29462249325684,3293.869870237349,860.1049039048223,0.026222,0.007219,6607.2,6013.3,-0.052481,0.034045,-1.000000,2.6964,1.0000,,,,,
6.4080,1778655559.410565,534,16.327728,0.062835,0.019855,2.6992,0.1285,0.042614,16.333905,0.073102,0.018663,2.6808,16.335167,0.063390,0.019983,2.6961,0.0744,0.047514,-0.285028,0.0808,16.335167,0.067056,0.097108,5.0000,1.000000,0.791700,282.0622,2,3,sand,1.0000,1.100000,0,0,0.000000,0.000000,0.000000,0,nan,0.00,0.173765,0.1921,0.0308,0.091748,0.0474,0.59,1.58,2.76,1.58,0.014102,-4.1734,-2.3192,0.008000,0.079006,-0.4192,-0.039560,-0.030275,-0.016563,130.0281500413604,2308.100147911528,3306.445473303798,218.56733842015043,0.026272,0.001823,6604.7,6015.9,-0.050717,0.012718,0.388415,2.6969,1.0000,,,,,
6.4200,1778655559.422632,535,16.389091,0.108502,0.020184,2.5862,0.0701,0.046215,16.365983,0.075503,0.019226,2.6732,16.396508,0.109065,0.020315,2.6747,0.0750,0.048852,-0.279282,0.0945,16.396508,0.073155,0.101090,5.0000,-0.478369,0.781099,287.4212,2,3,sand,1.0000,1.100000,0,0,0.000000,0.000000,0.000000,0,nan,0.00,0.162893,0.1940,0.0293,0.086007,0.0568,0.60,1.58,2.77,1.54,0.016503,-4.1411,-2.3268,0.008000,0.044703,0.5116,-0.051560,-0.040407,-0.022128,-203.7333082825678,-907.0551130097497,4564.425952572268,255.49189071840198,0.037894,0.002128,6603.2,6017.3,-0.049698,0.061273,1.000000,2.6755,1.0000,,,,,
6.4320,1778655559.434647,536,16.362672,0.098224,0.014997,2.7706,0.1397,0.046579,16.398013,0.078009,0.019798,2.6713,16.370171,0.098785,0.015128,2.6931,0.0867,0.048403,-0.285107,0.0847,16.370171,0.070506,0.099386,5.0000,0.019780,0.778725,283.9047,2,3,sand,1.0000,1.100000,0,0,0.000000,0.000000,0.000000,0,nan,0.00,0.163343,0.1959,0.0279,0.086245,0.0662,0.60,1.57,2.78,1.51,-0.005991,-5.0365,-2.3287,0.008000,0.040659,-0.8486,-0.037157,-0.022830,-0.019410,2016.9789660271267,-56.8608944963305,3449.8225747434662,-313.56435672200087,0.027528,-0.002616,6604.7,6015.8,-0.050723,-0.012740,-0.478369,2.6939,1.0000,,,,,
6.4440,1778655559.446412,537,16.506433,0.099023,0.018816,2.6711,0.1633,0.050062,16.429981,0.080699,0.020412,2.6654,16.513760,0.099644,0.018946,2.6887,0.1010,0.049223,-0.276131,0.0863,16.513760,0.085494,0.108571,5.0000,0.709385,0.763535,286.7503,2,3,sand,1.0000,1.100000,0,0,0.000000,0.000000,0.000000,0,nan,0.00,0.179465,0.1980,0.0265,0.094757,0.0753,0.58,1.56,2.72,1.49,-0.003301,-5.0013,-2.3346,0.008000,0.054922,-0.3171,-0.029720,0.001077,-0.013025,1697.7743183442906,775.8288122355975,2756.555229995814,-922.5973710210393,0.021554,-0.007706,6602.4,6018.1,-0.049129,0.013711,0.019780,2.6895,1.0000,,,,,
6.4560,1778655559.458539,538,16.405715,0.049891,0.019272,2.5939,0.1026,0.058579,16.461858,0.083610,0.021103,2.6602,16.412983,0.050527,0.019409,2.6702,0.1021,0.052118,-0.280752,0.0967,16.412983,0.074835,0.102151,5.0000,1.000000,0.770992,287.6740,2,3,sand,1.0000,1.100000,0,0,0.000000,0.000000,0.000000,0,nan,0.00,0.202192,0.2002,0.0253,0.106757,0.0846,0.58,1.57,2.74,1.62,-0.000390,-4.9617,-2.3398,0.008000,0.121734,-0.0826,-0.040455,0.032760,0.006890,-115.10289969458552,2042.0805345013691,3512.607720314456,-770.6813419655326,0.028055,-0.006438,6603.6,6017.0,-0.049937,0.046331,0.709385,2.6710,1.0000,,,,,
6.4680,1778655559.470520,539,16.427915,0.016463,0.015280,2.6609,0.1121,0.047458,16.493704,0.086499,0.021718,2.6571,16.435181,0.017079,0.015418,2.6683,0.1052,0.053022,-0.270693,0.1095,16.435181,0.077127,0.103576,5.0000,1.000000,0.765271,287.9385,2,3,sand,1.0000,1.100000,0,0,0.000000,0.000000,0.000000,0,nan,0.00,0.224919,0.2025,0.0241,0.118757,0.0938,0.58,1.57,2.73,1.59,0.002499,-4.9265,-2.3429,0.008000,0.074079,-0.7527,-0.036674,-0.032096,-0.032683,724.8856085220267,1919.2843235441921,4715.406646655203,-892.8515874509015,0.039335,-0.007445,6601.0,6019.5,-0.048164,0.015894,1.000000,2.6690,1.0000,,,,,
6.4800,1778655559.482615,540,16.592248,0.036355,0.006917,2.6528,0.1105,0.045915,16.525490,0.089351,0.022282,2.6527,16.599567,0.036920,0.007056,2.6652,0.1076,0.053708,-0.256777,0.1215,16.599567,0.095081,0.113939,5.0000,1.000000,0.741503,291.6213,2,3,sand,1.0000,1.100000,0,0,0.000000,0.000000,0.000000,0,nan,0.00,0.247647,0.2074,0.0229,0.130757,0.1027,0.59,1.57,2.75,1.58,0.005351,-4.8942,-2.3473,0.008000,0.106469,-0.9090,-0.015088,-0.086396,-0.067743,-104.48797333857755,-202.86518680352629,5786.205044234592,-1002.3529380900618,0.051010,-0.008336,6597.5,6023.0,-0.045708,0.012067,1.000000,2.6659,1.0000,,,,,
6.4920,1778655559.494556,541,16.584012,0.179815,0.026470,2.6892,0.1166,0.043596,16.557236,0.092181,0.022819,2.6495,16.591334,0.180531,0.026609,2.6697,0.1109,0.054073,-0.252023,0.1335,16.591334,0.094140,0.113428,5.0000,-1.000000,0.722225,292.3998,2,3,sand,1.0000,1.100000,0,0,0.000000,0.000000,0.000000,0,nan,0.00,0.224919,0.2126,0.0218,0.118757,0.1113,0.59,1.57,2.75,1.57,0.008181,-4.8634,-2.3505,0.008000,0.077459,0.2135,-0.006719,0.032388,0.001022,565.3348954542721,-30.975539000165554,6669.411837840315,-1173.034693739076,0.062753,-0.009760,6596.3,6024.3,-0.044857,0.007485,1.000000,2.6704,1.0000,,,,,
6.5040,1778655559.506514,542,16.581662,0.057921,0.025732,2.6213,0.1889,0.052691,16.588925,0.095251,0.023472,2.6421,16.588957,0.058673,0.025872,2.6602,0.1245,0.053667,-0.255577,0.1160,16.588957,0.093870,0.113280,5.0000,0.618052,0.722343,291.4007,2,3,sand,1.0000,1.100000,0,0,0.000000,0.000000,0.000000,0,nan,0.00,0.238966,0.2179,0.0208,0.126174,0.1200,0.59,1.57,2.74,1.54,0.011251,-4.8260,-2.3579,0.008000,0.053219,-0.0263,-0.009168,0.018284,-0.013900,2035.6352891316478,400.802932309169,5167.768967031067,-1795.92697433521,0.043929,-0.015088,6597.2,6023.4,-0.045475,0.027598,-1.000000,2.6609,1.0000,,,,,
6.5160,1778655559.518638,543,16.683759,0.068656,0.019593,2.5582,0.1929,0.068130,16.620521,0.098730,0.024305,2.6376,16.691026,0.069419,0.019745,2.6403,0.1380,0.057960,-0.254203,0.1279,16.691026,0.105808,0.119563,5.0000,0.962531,0.720097,297.1925,2,3,sand,1.0000,1.100000,0,0,0.000000,0.000000,0.000000,0,nan,0.00,0.260842,0.2234,0.0198,0.137724,0.1286,0.60,1.57,2.76,1.60,0.014730,-4.7783,-2.3624,0.008000,0.084293,-0.4392,-0.030555,0.013316,-0.020392,2437.558476710703,603.6621580629634,5116.224310288877,-2114.0903613486475,0.043361,-0.017861,6596.8,6023.7,-0.045234,0.052515,0.618052,2.6410,1.0000,,,,,
6.5280,1778655559.530634,544,16.644849,0.158049,0.028153,2.6519,0.1750,0.070389,16.652069,0.102468,0.025176,2.6354,16.652175,0.158921,0.028317,2.6425,0.1461,0.062270,-0.239238,0.1404,16.652175,0.101187,0.117186,5.0000,-1.000000,0.704373,296.9712,2,3,sand,1.0000,1.100000,0,0,0.000000,0.000000,0.000000,0,nan,0.00,0.238114,0.2290,0.0188,0.125724,0.1371,0.60,1.57,2.78,1.56,-0.010532,-5.6127,-2.3646,0.008000,0.027744,0.0649,-0.007556,0.031641,-0.010363,952.4945344789078,691.5808010259987,5722.041113855508,-2183.1230906638507,0.050038,-0.018400,6593.1,6027.5,-0.042593,0.013554,0.962531,2.6431,1.0000,,,,,
6.5400,1778655559.542627,545,16.711691,0.170701,0.029173,2.6762,0.0855,0.077180,16.683572,0.106348,0.026080,2.6289,16.719050,0.171565,0.029346,2.6488,0.1343,0.064553,-0.249583,0.1229,16.719050,0.109199,0.121266,5.0000,-1.000000,0.701429,297.6874,2,3,sand,1.0000,1.100000,0,0,0.000000,0.000000,0.000000,0,nan,0.00,0.215387,0.2348,0.0179,0.113724,0.1455,0.61,1.56,2.78,1.52,-0.006652,-5.5608,-2.3711,0.008000,0.086822,0.4175,-0.018957,0.019040,-0.006866,1127.4302854933162,131.8312646654838,4797.139838388261,-1369.3646830339899,0.039984,-0.011413,6595.7,6024.9,-0.044413,0.009303,-1.000000,2.6495,1.0000,,,,,
6.5520,1778655559.554481,546,16.650111,0.071503,0.025474,2.6216,0.1308,0.102347,16.714983,0.110670,0.027205,2.6264,16.657354,0.072356,0.025665,2.6434,0.1329,0.070625,-0.260115,0.1110,16.657354,0.101798,0.117504,5.0000,0.804806,0.717101,295.9556,2,3,sand,1.0000,1.100000,0,0,0.000000,0.000000,0.000000,0,nan,0.00,0.233678,0.2408,0.0170,0.123382,0.1541,0.59,1.56,2.75,1.57,-0.002330,-5.4964,-2.3736,0.008000,0.142890,-0.0483,-0.020817,0.007490,-0.004684,1231.01648985614,2799.045284542496,2939.150261432791,-721.9045254116247,0.023008,-0.005995,6598.3,6022.2,-0.046266,0.030032,-1.000000,2.6441,1.0000,,,,,
6.5640,1778655559.566540,547,16.715037,0.103984,0.029313,2.6657,0.1734,0.091110,16.746353,0.115050,0.028292,2.6236,16.722270,0.104907,0.029516,2.6476,0.1414,0.075711,-0.262248,0.1256,16.722270,0.109592,0.121461,5.0000,-0.272094,0.721146,296.9380,2,3,sand,1.0000,1.100000,0,0,0.000000,0.000000,0.000000,0,nan,0.00,0.227494,0.2468,0.0162,0.120117,0.1628,0.59,1.56,2.73,1.51,0.002050,-5.4341,-2.3764,0.008000,0.042159,0.0790,0.002293,-0.005094,-0.012313,-515.7860587773866,935.6740696056883,3422.1727341884234,-736.8143090835456,0.027153,-0.006123,6598.9,6021.7,-0.046649,0.004940,0.804806,2.6483,1.0000,,,,,
6.5760,1778655559.578633,548,16.708225,0.097339,0.019906,2.6498,0.1764,0.081071,16.777695,0.119190,0.029241,2.6191,16.715463,0.098217,0.020113,2.6479,0.1476,0.076752,-0.260795,0.1194,16.715463,0.108762,0.121048,5.0000,0.311079,0.721771,297.0083,2,3,sand,1.0000,1.100000,0,0,0.000000,0.000000,0.000000,0,nan,0.00,0.234564,0.2530,0.0155,0.123850,0.1714,0.59,1.56,2.74,1.56,0.006190,-5.3797,-2.3809,0.008000,0.044102,-0.3176,0.003526,-0.026594,-0.028007,-896.413832353224,-1619.3456560206569,2610.351677075947,-926.4026052184528,0.020282,-0.007706,6598.5,6022.1,-0.046395,0.012720,-0.272094,2.6486,1.0000,,,,,
6.5880,1778655559.590504,549,16.816084,-0.010619,0.020291,2.7075,0.0548,0.071440,16.808997,0.123191,0.030132,2.6179,16.823326,-0.009788,0.020496,2.6593,0.1313,0.076682,-0.244787,0.1247,16.823326,0.122238,0.127497,5.0000,1.000000,0.701975,297.3526,2,3,sand,1.0000,1.100000,0,0,0.000000,0.000000,0.000000,0,nan,0.00,0.257292,0.2594,0.0147,0.135850,0.1798,0.59,1.57,2.74,1.65,0.010191,-5.3287,-2.3821,0.008000,0.097821,0.1328,0.016779,-0.061636,-0.039105,-288.86813876208885,158.5618335731076,3910.323283401051,-156.54989943917624,0.031412,-0.001292,6594.5,6026.1,-0.043567,-0.004057,0.311079,2.6600,1.0000,,,,,
6.6000,1778655559.602562,550,16.731779,0.090043,0.035576,2.6188,0.1407,0.071781,16.840283,0.127163,0.030999,2.6133,16.739054,0.091000,0.035784,2.6514,0.1344,0.077573,-0.227835,0.1386,16.739054,0.111649,0.122475,5.0000,-0.518427,0.680847,295.0848,2,3,sand,1.0000,1.100000,0,0,0.000000,0.000000,0.000000,0,nan,0.00,0.245509,0.2658,0.0140,0.129629,0.1880,0.59,1.57,2.76,1.59,0.014163,-5.2790,-2.3867,0.008000,0.173296,0.1273,0.003914,0.018887,0.007263,-781.303427020999,-581.552336961629,5058.9157109256885,-287.239392912548,0.042523,-0.002362,6590.2,6030.4,-0.040568,0.025207,1.000000,2.6520,1.0000,,,,,
6.6120,1778655559.614645,551,16.845548,0.099489,0.037187,2.6579,0.1273,0.080212,16.871508,0.131273,0.031935,2.6106,16.852888,0.100468,0.037399,2.6525,0.1330,0.078011,-0.221173,0.1282,16.852888,0.126054,0.129224,5.0000,-0.044554,0.658050,297.6014,2,3,sand,1.0000,1.100000,0,0,0.000000,0.000000,0.000000,0,nan,0.00,0.244497,0.2723,0.0133,0.129094,0.1959,0.60,1.56,2.76,1.47,0.018273,-5.2254,-2.3894,0.008000,0.007511,0.1004,0.014917,-0.033644,-0.020799,1955.3303664597336,-468.20801258015945,4398.849521459964,-145.43438940814806,0.035843,-0.001194,6588.5,6032.1,-0.039384,0.012986,-0.518427,2.6532,1.0000,,,,,
6.6240,1778655559.626486,552,16.919475,0.093052,0.029158,2.6044,0.1155,0.084615,16.902707,0.135647,0.032959,2.6107,16.926667,0.093955,0.029371,2.6431,0.1302,0.079635,-0.207419,0.1290,16.926667,0.135801,0.133459,5.0000,1.000000,0.632672,300.9011,2,3,sand,1.0000,1.100000,0,0,0.000000,0.000000,0.000000,0,nan,0.00,0.267224,0.2789,0.0127,0.141094,0.2035,0.59,1.56,2.74,1.61,-0.010153,-5.9932,-2.3893,0.008000,0.037222,-0.0547,0.025218,-0.050645,-0.026876,633.0037631794355,767.132985098443,4310.77192166975,142.62397935503145,0.034924,0.001167,6584.9,6035.6,-0.036939,0.033250,-0.044554,2.6437,1.0000,,,,,
6.6360,1778655559.638716,553,16.882988,0.166001,0.034025,2.5968,0.1131,0.083155,16.933884,0.140005,0.033949,2.6094,16.890248,0.166953,0.034246,2.6340,0.1286,0.082010,-0.215705,0.1439,16.890248,0.130950,0.131383,5.0000,-1.000000,0.630857,302.4746,2,3,sand,1.0000,1.100000,0,0,0.000000,0.000000,0.000000,0,nan,0.00,0.244497,0.2856,0.0121,0.129094,0.2111,0.60,1.57,2.77,1.61,-0.005795,-5.9365,-2.3906,0.008000,0.041662,-0.1220,0.012579,-0.006570,0.001479,-588.2201117146506,-36.272112154777915,5470.49239149436,375.045881879257,0.046903,0.003076,6587.0,6033.5,-0.038394,0.041845,1.000000,2.6346,1.0000,,,,,
6.6480,1778655559.650483,554,16.924035,0.142564,0.045716,2.5978,0.0890,0.089081,16.965039,0.144401,0.034949,2.6067,16.931204,0.143576,0.045939,2.6269,0.1209,0.082486,-0.208882,0.1264,16.931204,0.136410,0.133716,5.0000,-1.000000,0.624641,303.3159,2,3,sand,1.0000,1.100000,0,0,0.000000,0.000000,0.000000,0,nan,0.00,0.221769,0.2924,0.0115,0.117094,0.2186,0.59,1.57,2.74,1.54,-0.001399,-5.8792,-2.3933,0.008000,0.084584,0.5207,0.000130,-0.002944,0.008442,1523.8198708125342,396.9841546522765,4418.462082323386,869.64112477802,0.035959,0.007142,6585.3,6035.3,-0.037186,0.043835,-1.000000,2.6275,1.0000,,,,,
6.6600,1778655559.662516,555,16.985514,0.157769,0.038285,2.6238,0.1387,0.106434,16.996184,0.149206,0.036149,2.6065,16.992625,0.158748,0.038518,2.6262,0.1236,0.085888,-0.221805,0.1144,16.992625,0.144781,0.137152,5.0000,-0.581847,0.629696,306.0433,2,3,sand,1.0000,1.100000,0,0,0.000000,0.000000,0.000000,0,nan,0.00,0.208545,0.2992,0.0110,0.110112,0.2261,0.58,1.57,2.72,1.57,0.003406,-5.8105,-2.3935,0.008000,0.080963,0.1754,0.005826,-0.038366,-0.008726,-227.92962364663845,-1010.1708588998545,2512.1296489205474,1084.2854767674603,0.019350,0.008947,6588.6,6032.0,-0.039462,0.027518,-1.000000,2.6268,1.0000,,,,,
6.6720,1778655559.674587,556,17.024785,0.185951,0.026980,2.6784,0.0691,0.105108,17.027317,0.154259,0.037429,2.6088,17.031948,0.186838,0.027223,2.6362,0.1135,0.088723,-0.205765,0.1085,17.031948,0.150251,0.139329,5.0000,-0.445100,0.610655,306.4087,2,3,sand,1.0000,1.100000,0,0,0.000000,0.000000,0.000000,0,nan,0.00,0.198430,0.3061,0.0104,0.104771,0.2335,0.58,1.57,2.72,1.56,0.008459,-5.7371,-2.3912,0.008000,0.057904,-0.6842,0.011834,-0.044998,-0.003287,865.3209444379136,899.3116659298734,1876.936882406422,1841.6991846177216,0.014266,0.015301,6584.5,6036.1,-0.036633,0.005894,-0.581847,2.6368,1.0000,,,,,
6.6840,1778655559.686715,557,17.129910,0.244750,0.039263,2.5903,0.1009,0.100036,17.058462,0.159252,0.038624,2.6111,17.137125,0.245737,0.039513,2.6272,0.1111,0.090082,-0.198868,0.1035,17.137125,0.165317,0.145239,5.0000,-1.000000,0.590125,311.5895,2,3,sand,1.0000,1.100000,0,0,0.000000,0.000000,0.000000,0,nan,0.00,0.175702,0.3130,0.0099,0.092771,0.2405,0.60,1.57,2.76,1.60,0.013452,-5.6687,-2.3889,0.008000,0.186618,0.5422,0.002400,-0.052069,-0.003910,-956.7414213926049,292.4704997452221,1077.082876556628,2104.0610583974644,0.008105,0.017540,6582.8,6037.8,-0.035410,0.042676,-0.445100,2.6278,1.0000,,,,,
6.6960,1778655559.698514,558,17.012827,0.107592,0.042402,2.5690,0.1518,0.095914,17.089643,0.164128,0.039766,2.6127,17.019979,0.108619,0.042652,2.6159,0.1176,0.089700,-0.191203,0.0900,17.019979,0.148577,0.138665,5.0000,1.000000,0.588447,306.6185,2,3,sand,1.0000,1.100000,0,0,0.000000,0.000000,0.000000,0,nan,0.00,0.198430,0.3200,0.0094,0.104771,0.2476,0.59,1.57,2.75,1.55,0.018328,-5.6032,-2.3873,0.008000,0.101234,0.4976,-0.021929,-0.111535,-0.044874,-779.9667267425561,307.80257942048456,-1059.3094030331636,1823.7272749971712,-0.007962,0.015100,6580.8,6039.8,-0.034045,0.048358,-1.000000,2.6164,1.0000,,,,,
6.7080,1778655559.710506,559,17.117285,0.098034,0.042397,2.6088,0.1477,0.088035,17.120836,0.168905,0.040870,2.6147,17.124355,0.099066,0.042644,2.6145,0.1243,0.090398,-0.170357,0.1075,17.124355,0.163454,0.144514,5.0000,1.000000,0.562624,309.4509,2,3,sand,1.0000,1.100000,0,0,0.000000,0.000000,0.000000,0,nan,0.00,0.221157,0.3271,0.0090,0.116771,0.2543,0.57,1.56,2.71,1.50,0.023105,-5.5400,-2.3853,0.008000,0.121092,-0.2005,-0.017076,-0.045464,-0.008294,-1692.109029225348,99.65659076459974,302.5300709432249,1509.4120923214582,0.002260,0.012388,6575.5,6045.1,-0.030361,0.037982,1.000000,2.6149,1.0000,,,,,
6.7200,1778655559.722556,560,17.158360,0.102618,0.037109,2.6644,0.1382,0.077751,17.152090,0.173403,0.041821,2.6197,17.165425,0.103608,0.037349,2.6241,0.1279,0.089228,-0.143310,0.1195,17.165425,0.169480,0.146851,5.0000,1.000000,0.519431,309.2662,2,3,sand,1.0000,1.100000,0,0,0.000000,0.000000,0.000000,0,nan,0.00,0.243884,0.3341,0.0086,0.128771,0.2606,0.57,1.56,2.71,1.58,-0.008797,-6.2971,-2.3803,0.008000,0.059332,-0.5944,-0.009214,-0.042014,-0.010640,-1224.5409290058915,415.5042166251594,2001.028040188478,1175.110443231804,0.015137,0.009561,6568.6,6051.9,-0.025571,0.017263,1.000000,2.6245,1.0000,,,,,
6.7320,1778655559.734554,561,17.132534,0.159127,0.041656,2.5587,0.1008,0.065191,17.183397,0.177669,0.042647,2.6233,17.139553,0.160120,0.041886,2.6115,0.1242,0.086249,-0.117211,0.1315,17.139553,0.165672,0.145377,5.0000,-0.146523,0.478274,309.5791,2,3,sand,1.0000,1.100000,0,0,0.000000,0.000000,0.000000,0,nan,0.00,0.240554,0.3412,0.0082,0.127013,0.2663,0.57,1.57,2.71,1.60,-0.004531,-6.2498,-2.3767,0.008000,0.060160,0.0775,-0.013793,-0.062349,-0.024244,-840.1860871898924,243.8421058046606,3948.718216723208,1054.045134684262,0.031267,0.008532,6562.0,6058.6,-0.020942,0.055640,1.000000,2.6118,1.0000,,,,,
6.7440,1778655559.746482,562,17.248045,0.217062,0.051767,2.5452,0.2195,0.069106,17.214756,0.181938,0.043513,2.6260,17.254986,0.218156,0.051989,2.5986,0.1417,0.083382,-0.099487,0.1266,17.254986,0.182963,0.152017,5.0000,-1.000000,0.437503,315.3455,2,3,sand,1.0000,1.100000,0,0,0.000000,0.000000,0.000000,0,nan,0.00,0.217827,0.3483,0.0078,0.115013,0.2716,0.56,1.57,2.70,1.61,-0.000262,-6.2001,-2.3740,0.008000,0.097324,0.4869,-0.016733,-0.008048,-0.007631,939.3606758784034,407.05391310737195,3057.9482522473513,-79.01190433334362,0.023566,-0.000635,6557.5,6063.1,-0.017793,0.067978,-0.146523,2.5989,1.0000,,,,,
6.7560,1778655559.758596,563,17.258888,0.241195,0.044517,2.6405,0.0980,0.079655,17.246108,0.186516,0.044523,2.6264,17.265910,0.242220,0.044737,2.6067,0.1330,0.081938,-0.092266,0.1123,17.265910,0.184640,0.152648,5.0000,-1.000000,0.407687,315.4528,2,3,sand,1.0000,1.100000,0,0,0.000000,0.000000,0.000000,0,nan,0.00,0.195099,0.3554,0.0074,0.103013,0.2765,0.57,1.57,2.70,1.55,0.004316,-6.1423,-2.3736,0.008000,0.087967,-0.5930,-0.002213,-0.014303,-0.007105,-166.52672508218097,-454.55921125579266,2012.577508654377,288.7253376322453,0.015183,0.002319,6555.6,6064.9,-0.016500,0.035124,-1.000000,2.6070,1.0000,,,,,
6.7680,1778655559.770590,564,17.286132,0.295581,0.048722,2.6177,0.1570,0.100748,17.277458,0.191420,0.045672,2.6262,17.293198,0.296667,0.048952,2.6087,0.1365,0.084248,-0.110733,0.1003,17.293198,0.188860,0.154208,5.0000,-1.000000,0.407150,317.9992,2,3,sand,1.0000,1.100000,0,0,0.000000,0.000000,0.000000,0,nan,0.00,0.172372,0.3622,0.0070,0.091013,0.2813,0.58,1.58,2.73,1.62,0.009220,-6.0764,-2.3738,0.008000,0.103377,0.0835,0.001878,-0.005775,-0.002106,2114.6163325488114,2496.13014461681,-117.96140011045276,371.84913332872793,-0.000877,0.002994,6560.3,6060.3,-0.019747,0.064548,-1.000000,2.6090,1.0000,,,,,
6.7800,1778655559.782676,565,17.294127,0.213475,0.051303,2.6247,0.1215,0.104084,17.308827,0.196632,0.046922,2.6326,17.301294,0.214598,0.051545,2.6118,0.1327,0.086421,-0.098536,0.0883,17.301294,0.190120,0.154666,5.0000,0.271539,0.396930,315.3309,2,3,sand,1.0000,1.100000,0,0,0.000000,0.000000,0.000000,0,nan,0.00,0.178544,0.3689,0.0067,0.094271,0.2861,0.59,1.58,2.77,1.60,0.014432,-6.0049,-2.3674,0.008000,0.008150,0.8969,-0.006617,-0.002319,0.004005,1189.5064963837494,1271.1728689937388,-1843.1640238524167,818.0747616515405,-0.013873,0.006593,6557.2,6063.4,-0.017596,0.045934,-1.000000,2.6121,1.0000,,,,,
6.7920,1778655559.794495,566,17.325880,0.131183,0.041249,2.6171,0.2119,0.097155,17.340244,0.201871,0.048123,2.6369,17.333015,0.132276,0.041494,2.6128,0.1472,0.088420,-0.078997,0.0950,17.333015,0.195095,0.156441,5.0000,1.000000,0.373931,315.7861,2,3,sand,1.0000,1.100000,0,0,0.000000,0.000000,0.000000,0,nan,0.00,0.201271,0.3753,0.0064,0.106271,0.2906,0.58,1.59,2.75,1.63,0.019671,-5.9360,-2.3631,0.008000,0.163942,-0.2882,0.002744,0.042168,0.020021,-2032.4846006230487,-2335.516387753243,-2282.4622871635897,238.97875332571488,-0.017289,0.001917,6552.2,6068.3,-0.014140,0.051228,0.271539,2.6131,1.0000,,,,,
6.8040,1778655559.806649,567,17.335931,0.166617,0.050065,2.6448,0.1671,0.087628,17.371731,0.206749,0.049148,2.6434,17.343139,0.167797,0.050313,2.6190,0.1516,0.089219,-0.069186,0.1090,17.343139,0.196695,0.157000,5.0000,1.000000,0.350436,315.1002,2,3,sand,1.0000,1.100000,0,0,0.000000,0.000000,0.000000,0,nan,0.00,0.223998,0.3815,0.0061,0.118271,0.2948,0.59,1.58,2.76,1.51,0.024549,-5.8773,-2.3566,0.008000,0.059184,-0.1125,0.019473,-0.000664,-0.003185,-2347.3584727541543,-176.24734084179906,-812.7212323551137,32.55056253645045,-0.006049,0.000261,6549.7,6070.8,-0.012398,0.044724,1.000000,2.6192,1.0000,,,,,
6.8160,1778655559.818504,568,17.415023,0.257107,0.047281,2.6729,0.1143,0.076939,17.403318,0.211239,0.050010,2.6498,17.422190,0.258230,0.047521,2.6294,0.1457,0.088175,-0.050250,0.1210,17.422190,0.209383,0.161252,5.0000,-1.000000,0.309663,319.1031,2,3,sand,1.0000,1.100000,0,0,0.000000,0.000000,0.000000,0,nan,0.00,0.201271,0.3876,0.0058,0.106271,0.2985,0.58,1.57,2.74,1.52,-0.010961,-6.6020,-2.3502,0.008000,0.116262,-0.3526,0.029332,-0.033706,-0.019101,-1541.6828620372464,-168.28453324485554,1423.6900113190452,184.21760144142883,0.010649,0.001473,6544.9,6075.6,-0.009042,0.032308,1.000000,2.6296,1.0000,,,,,
6.8280,1778655559.830557,569,17.529762,0.260742,0.048557,2.6409,0.0292,0.084339,17.434957,0.215735,0.050940,2.6524,17.536919,0.261805,0.048794,2.6317,0.1234,0.086268,-0.041106,0.1035,17.536919,0.228391,0.167082,5.0000,-0.157213,0.273265,324.2633,2,3,sand,1.0000,1.100000,0,0,0.000000,0.000000,0.000000,0,nan,0.00,0.197698,0.3934,0.0055,0.104384,0.3018,0.58,1.57,2.74,1.60,-0.006465,-6.5488,-2.3476,0.008000,0.151667,-0.0142,0.019403,-0.068868,-0.026795,1383.0247531836358,-1007.9569105400266,1008.1126198821951,1199.1074280339894,0.007512,0.009642,6542.6,6078.0,-0.007407,0.054112,-1.000000,2.6318,1.0000,,,,,
6.8400,1778655559.842636,570,17.471575,0.238940,0.051416,2.6513,0.1883,0.094796,17.466619,0.220580,0.052037,2.6579,17.478812,0.240076,0.051659,2.6355,0.1353,0.087635,-0.022938,0.1039,17.478812,0.218678,0.164171,5.0000,0.161293,0.243125,320.3290,2,3,sand,1.0000,1.100000,0,0,0.000000,0.000000,0.000000,0,nan,0.00,0.201364,0.3990,0.0052,0.106320,0.3047,0.60,1.57,2.76,1.54,-0.001620,-6.4859,-2.3421,0.008000,0.081249,-0.0222,0.033423,-0.028469,-0.009071,1820.401373358992,618.97908035307,7.553281814034417,729.2199967769508,0.000056,0.005833,6538.0,6082.6,-0.004183,0.052923,-0.157213,2.6356,1.0000,,,,,
6.8520,1778655559.854545,571,17.595374,0.228246,0.051863,2.6541,0.1145,0.096118,17.498360,0.225615,0.053191,2.6656,17.602573,0.229374,0.052109,2.6391,0.1317,0.089206,0.003054,0.1068,17.602573,0.239575,0.170368,5.0000,1.000000,0.194955,326.2243,2,3,sand,1.0000,1.100000,0,0,0.000000,0.000000,0.000000,0,nan,0.00,0.224091,0.4044,0.0050,0.118320,0.3071,0.59,1.59,2.77,1.70,0.003415,-6.4198,-2.3344,0.008000,0.088714,-0.4868,0.048274,-0.006113,0.006290,574.0575546378743,1020.9070705311588,368.1642189344656,1042.2741210433949,0.002737,0.008347,6531.4,6089.2,0.000421,0.052868,0.161293,2.6391,1.0000,,,,,
6.8640,1778655559.866546,572,17.559970,0.192842,0.046783,2.6399,0.1311,0.097359,17.530165,0.230698,0.054350,2.6682,17.567206,0.193949,0.047036,2.6394,0.1327,0.091721,0.021457,0.1211,17.567206,0.233523,0.168597,5.0000,1.000000,0.158679,323.8878,2,3,sand,1.0000,1.100000,0,0,0.000000,0.000000,0.000000,0,nan,0.00,0.246818,0.4096,0.0047,0.130320,0.3090,0.59,1.59,2.76,1.60,0.008498,-6.3534,-2.3318,0.008000,0.093422,-0.3146,0.039777,0.008415,0.014538,-516.7228969822169,-1201.9322423190558,1842.4325072610482,1162.56213911606,0.013881,0.009315,6526.7,6093.9,0.003693,0.082532,1.000000,2.6393,1.0000,,,,,
6.8760,1778655559.878556,573,17.578213,0.318646,0.063749,2.6877,0.1209,0.092975,17.562090,0.235522,0.055346,2.6794,17.585449,0.319875,0.064003,2.6489,0.1318,0.093160,0.065497,0.1331,17.585449,0.236637,0.169510,5.0000,-1.000000,0.092184,326.2995,2,3,sand,1.0000,1.100000,0,0,0.000000,0.000000,0.000000,0,nan,0.00,0.224091,0.4146,0.0045,0.118320,0.3101,0.58,1.59,2.75,1.56,0.013322,-6.2963,-2.3206,0.008000,0.028103,0.5203,0.048971,0.039135,0.031224,-1289.8137686527348,900.7998995247174,3428.192919410558,1279.6889611919837,0.026801,0.010263,6515.5,6105.1,0.011487,0.048654,1.000000,2.6487,1.0000,,,,,
6.8880,1778655559.890545,574,17.579722,0.198693,0.057030,2.6756,0.0643,0.094297,17.594117,0.240352,0.056390,2.6886,17.586947,0.199833,0.057283,2.6541,0.1188,0.092241,0.069621,0.1156,17.586947,0.236893,0.169585,5.0000,1.000000,0.059707,323.7126,2,3,sand,1.0000,1.100000,0,0,0.000000,0.000000,0.000000,0,nan,0.00,0.246818,0.4193,0.0043,0.130320,0.3108,0.58,1.58,2.74,1.57,0.018152,-6.2365,-2.3114,0.008000,0.058223,-0.1200,0.049956,-0.006189,0.014299,1017.8651530253136,652.1647675680017,2532.9636473395726,1894.3401117941755,0.019383,0.015324,6514.4,6106.2,0.012248,0.057523,-1.000000,2.6539,1.0000,,,,,
6.9000,1778655559.902551,575,17.603896,0.266905,0.040506,2.6825,0.1243,0.099227,17.626178,0.245500,0.057584,2.6967,17.611129,0.267937,0.040763,2.6597,0.1214,0.094843,0.091506,0.1331,17.611129,0.241049,0.170797,5.0000,-0.446204,0.016830,326.7653,2,3,sand,1.0000,1.100000,0,0,0.000000,0.000000,0.000000,0,nan,0.00,0.236677,0.4239,0.0041,0.124965,0.3110,0.57,1.58,2.73,1.58,-0.020000,-6.8863,-2.3033,0.008000,0.089139,-0.6696,0.052631,-0.059707,-0.011034,1513.0777267857977,185.92103427085885,3809.504520822914,1929.82624674981,0.030224,0.015628,6508.8,6111.7,0.016127,0.056307,1.000000,2.6594,1.0000,,,,,
6.9120,1778655559.914613,576,17.684145,0.254604,0.063788,2.7157,0.0752,0.106670,17.658360,0.250874,0.058849,2.7075,17.691434,0.255801,0.064053,2.6706,0.1130,0.096444,0.104416,0.1237,17.691434,0.255067,0.174827,5.0000,-0.274080,-0.023434,330.2171,2,3,sand,1.0000,1.100000,0,0,0.000000,0.000000,0.000000,0,nan,0.00,0.230448,0.4282,0.0039,0.121677,0.3107,0.58,1.58,2.75,1.57,-0.014626,-6.8138,-2.2925,0.008000,0.091024,0.2023,0.056506,-0.054555,-0.001566,1020.3717899219839,290.06756554065544,3420.2288496629576,2480.1939172640573,0.026855,0.020316,6505.5,6115.0,0.018427,0.050839,-0.446204,2.6703,1.0000,,,,,
6.9240,1778655559.926576,577,17.728125,0.231652,0.066457,2.7004,0.0758,0.106089,17.690658,0.256410,0.060130,2.7184,17.735435,0.232861,0.066727,2.6765,0.1066,0.097886,0.118953,0.1209,17.735435,0.262889,0.177040,5.0000,0.872732,-0.060155,332.7202,2,3,sand,1.0000,1.100000,0,0,0.000000,0.000000,0.000000,0,nan,0.00,0.250283,0.4322,0.0037,0.132149,0.3100,0.59,1.57,2.75,1.54,-0.009090,-6.7404,-2.2816,0.008000,0.080918,0.6064,0.050175,-0.033197,0.013652,711.7277392433268,1112.335094488563,3205.382054288995,2894.769814585826,0.025068,0.023975,6501.8,6118.7,0.021014,0.058132,-0.274080,2.6761,1.0000,,,,,
6.9360,1778655559.938636,578,17.798310,0.224492,0.062952,2.7728,0.1813,0.108331,17.723088,0.261971,0.061386,2.7293,17.805695,0.225735,0.063230,2.6952,0.1218,0.100897,0.140470,0.1346,17.805695,0.275587,0.180551,5.0000,1.000000,-0.109494,338.2684,2,3,sand,1.0000,1.100000,0,0,0.000000,0.000000,0.000000,0,nan,0.00,0.273010,0.4361,0.0035,0.144149,0.3087,0.59,1.58,2.77,1.60,-0.003529,-6.6684,-2.2707,0.008000,0.077884,0.3316,0.065926,-0.018134,0.015841,-476.8145318603424,-1862.1778036615656,3702.983943934095,2378.5721979831765,0.029488,0.019480,6496.3,6124.2,0.024831,0.039643,0.872732,2.6949,1.0000,,,,,
6.9480,1778655559.950516,579,17.753719,0.267231,0.067313,2.6543,0.0829,0.090958,17.755685,0.267335,0.062527,2.7417,17.761058,0.268479,0.067586,2.6874,0.1164,0.100429,0.162533,0.1469,17.761058,0.267490,0.178328,5.0000,-1.000000,-0.148637,335.3879,2,3,sand,1.0000,1.100000,0,0,0.000000,0.000000,0.000000,0,nan,0.00,0.250283,0.4397,0.0034,0.132149,0.3069,0.59,1.58,2.76,1.62,0.001835,-6.6031,-2.2583,0.008000,0.020090,0.4077,0.052587,-0.028042,0.012458,-794.6439077075275,293.6833645730467,5241.446362616568,2546.924680225216,0.044741,0.020978,6490.7,6129.8,0.028750,0.085752,1.000000,2.6870,1.0000,,,,,
6.9600,1778655559.962555,580,17.817454,0.266141,0.067520,2.8689,0.1075,0.098411,17.788406,0.272697,0.063668,2.7522,17.824874,0.267388,0.067792,2.7227,0.1145,0.099229,0.177275,0.1294,17.824874,0.279097,0.181496,5.0000,-0.195247,-0.197934,341.4014,2,3,sand,1.0000,1.100000,0,0,0.000000,0.000000,0.000000,0,nan,0.00,0.245845,0.4431,0.0032,0.129806,0.3045,0.58,1.59,2.76,1.63,0.007197,-6.5377,-2.2478,0.008000,0.047770,0.3245,0.081773,-0.049905,0.001792,823.3840134474485,1014.4858388043176,4200.182662965276,2547.6375301544604,0.034283,0.021015,6487.0,6133.6,0.031372,0.018987,-1.000000,2.7222,1.0000,,,,,
6.9720,1778655559.974521,581,17.872946,0.201461,0.051711,2.7965,0.2231,0.104491,17.821205,0.278267,0.064914,2.7619,17.880417,0.202655,0.051986,2.7371,0.1348,0.100300,0.207609,0.1293,17.880417,0.289368,0.184200,5.0000,1.000000,-0.257257,347.6153,2,3,sand,1.0000,1.100000,0,0,0.000000,0.000000,0.000000,0,nan,0.00,0.268573,0.4462,0.0030,0.141806,0.3014,0.58,1.59,2.75,1.61,0.012767,-6.4663,-2.2381,0.008000,0.060303,-0.3713,0.094287,-0.053369,-0.011104,1016.1118164557743,467.94361455650176,3019.8115562570833,1683.871103619414,0.023889,0.013709,6479.2,6141.3,0.036751,0.049149,-0.195247,2.7366,1.0000,,,,,
6.9840,1778655559.986550,582,17.898406,0.325624,0.063793,2.7971,0.1955,0.105645,17.854131,0.283987,0.066167,2.7750,17.905892,0.326952,0.064073,2.7489,0.1475,0.102704,0.218452,0.1446,17.905892,0.294130,0.185423,5.0000,-1.000000,-0.306060,351.7623,2,3,sand,1.0000,1.100000,0,0,0.000000,0.000000,0.000000,0,nan,0.00,0.245845,0.4491,0.0029,0.129806,0.2978,0.58,1.59,2.74,1.56,0.018487,-6.3945,-2.2250,0.008000,0.061873,-0.4433,0.092433,0.024051,0.023078,712.147615894744,503.0380873184804,3844.612661816916,1228.2242169203241,0.031265,0.009955,6476.5,6144.1,0.038695,0.057742,1.000000,2.7483,1.0000,,,,,
6.9960,1778655559.998605,583,17.851314,0.258475,0.075353,2.7808,0.1381,0.099271,17.887251,0.289698,0.067367,2.7910,17.858832,0.259887,0.075631,2.7553,0.1451,0.101119,0.252627,0.1270,17.858832,0.285358,0.183155,5.0000,0.027565,-0.355836,346.9876,2,3,sand,1.0000,1.100000,0,0,0.000000,0.000000,0.000000,0,nan,0.00,0.246472,0.4518,0.0028,0.130137,0.2935,0.59,1.59,2.76,1.57,-0.022302,-7.0178,-2.2090,0.008000,0.009059,0.4266,0.093239,-0.032508,-0.005523,103.0397017445012,1059.7864542528164,2545.318887955613,1255.036834569138,0.020129,0.010229,6467.8,6152.8,0.044753,0.060984,-1.000000,2.7546,1.0000,,,,,
7.0080,1778655560.010544,584,17.948585,0.186245,0.067302,2.7992,0.0527,0.103289,17.920510,0.295534,0.068611,2.8030,17.956116,0.187550,0.067581,2.7640,0.1287,0.101765,0.272068,0.1302,17.956116,0.303614,0.187804,5.0000,1.000000,-0.405740,357.1763,2,3,sand,1.0000,1.100000,0,0,0.000000,0.000000,0.000000,0,nan,0.00,0.269199,0.4542,0.0026,0.142137,0.2886,0.58,1.59,2.76,1.63,-0.016466,-6.9465,-2.1970,0.008000,0.144864,0.9452,0.094295,-0.038950,0.000596,257.36047254220506,255.2917179818188,3301.47387035934,2041.4810061258333,0.026764,0.016897,6462.8,6157.7,0.048209,0.066945,0.027565,2.7632,1.0000,,,,,
7.0200,1778655560.022583,585,18.006724,0.316819,0.072050,2.8774,0.1074,0.100253,17.953932,0.301405,0.069824,2.8178,18.014338,0.318163,0.072331,2.7861,0.1265,0.102970,0.275037,0.1449,18.014338,0.314760,0.190513,5.0000,-0.847929,-0.450546,366.1611,2,3,sand,1.0000,1.100000,0,0,0.000000,0.000000,0.000000,0,nan,0.00,0.249928,0.4564,0.0025,0.131962,0.2832,0.58,1.59,2.76,1.60,-0.010595,-6.8770,-2.1822,0.008000,0.051873,-0.1068,0.104369,-0.038648,0.001954,-28.41547208358122,600.1871470812243,4764.317362651975,2163.837403751706,0.040927,0.017964,6462.0,6158.5,0.048758,0.048582,1.000000,2.7853,1.0000,,,,,
7.0320,1778655560.034549,586,17.976345,0.302704,0.066861,2.8554,0.1211,0.097014,17.987527,0.307258,0.071001,2.8321,17.984007,0.304005,0.067139,2.7997,0.1253,0.101182,0.284063,0.1296,17.984007,0.308933,0.189109,5.0000,-0.143919,-0.481890,365.0137,2,3,sand,1.0000,1.100000,0,0,0.000000,0.000000,0.000000,0,nan,0.00,0.246657,0.4583,0.0024,0.130235,0.2774,0.58,1.59,2.76,1.58,-0.004742,-6.8096,-2.1679,0.008000,0.030154,-0.6018,0.110823,-0.052681,-0.006752,504.04843714445707,935.8306095859612,3832.5709294622416,2107.6334737149423,0.031736,0.017510,6459.7,6160.9,0.050374,0.055932,-0.847929,2.7989,1.0000,,,,,
7.0440,1778655560.046618,587,18.036722,0.253336,0.072175,2.9041,0.1193,0.103324,18.021262,0.313327,0.072266,2.8449,18.044477,0.254690,0.072456,2.8201,0.1248,0.101754,0.291543,0.1298,18.044477,0.320594,0.191894,5.0000,1.000000,-0.513927,373.6385,2,3,sand,1.0000,1.100000,0,0,0.000000,0.000000,0.000000,0,nan,0.00,0.269384,0.4599,0.0023,0.142235,0.2713,0.59,1.59,2.78,1.59,0.001327,-6.7371,-2.1551,0.008000,0.045515,-0.1713,0.110508,-0.076962,-0.019955,1240.4625360753341,30.398953278868248,3699.807314386642,2155.594148150004,0.030566,0.017954,6457.8,6162.8,0.051711,0.053000,-0.143919,2.8192,1.0000,,,,,
7.0560,1778655560.058557,588,17.933307,0.277434,0.078137,2.8666,0.1103,0.103271,18.055138,0.319465,0.073491,2.8584,17.941057,0.278832,0.078421,2.8293,0.1239,0.103492,0.301780,0.1450,17.941057,0.300757,0.187094,5.0000,-0.410275,-0.533951,364.2487,2,3,sand,1.0000,1.100000,0,0,0.000000,0.000000,0.000000,0,nan,0.00,0.260060,0.4613,0.0022,0.137312,0.2648,0.59,1.59,2.77,1.59,0.007465,-6.6669,-2.1416,0.008000,0.103769,-0.0069,0.125462,-0.055601,-0.006045,371.35607367024994,422.60381821116846,4952.575557434257,2265.9267995241507,0.043368,0.018959,6455.2,6165.4,0.053534,0.069115,1.000000,2.8284,1.0000,,,,,
7.0680,1778655560.070570,589,18.035339,0.210897,0.069807,2.9063,0.1581,0.099616,18.089193,0.325594,0.074671,2.8741,18.043140,0.212251,0.070089,2.8444,0.1304,0.102653,0.323365,0.1362,18.043140,0.320334,0.191833,5.0000,1.000000,-0.575440,378.3457,2,3,sand,1.0000,1.100000,0,0,0.000000,0.000000,0.000000,0,nan,0.00,0.282787,0.4625,0.0021,0.149312,0.2579,0.59,1.60,2.78,1.66,0.013594,-6.5993,-2.1259,0.008000,0.124418,-0.4948,0.104061,-0.047772,-0.006359,293.564434519762,260.6822081434414,4275.017853957958,1919.852324985694,0.036521,0.016034,6449.7,6170.9,0.057354,0.057425,-0.410275,2.8435,1.0000,,,,,
7.0800,1778655560.082479,590,18.093536,0.263772,0.074362,2.8737,0.1129,0.094904,18.123396,0.331789,0.075821,2.8854,18.101307,0.265148,0.074642,2.8503,0.1290,0.102927,0.353400,0.1521,18.101307,0.331711,0.194458,5.0000,1.000000,-0.632741,386.9297,2,3,sand,1.0000,1.100000,0,0,0.000000,0.000000,0.000000,0,nan,0.00,0.305515,0.4634,0.0020,0.161312,0.2503,0.58,1.60,2.76,1.62,0.019789,-6.5334,-2.1146,0.008000,0.058809,0.5176,0.092710,-0.101632,-0.037896,481.47294944575435,1403.0581545964715,5455.490831511865,1930.4955190743428,0.050307,0.016253,6442.1,6178.5,0.062676,0.080381,1.000000,2.8493,1.0000,,,,,
7.0920,1778655560.094516,591,18.144174,0.379936,0.078773,2.9217,0.1008,0.089804,18.157764,0.337948,0.076898,2.9005,18.151939,0.381326,0.079047,2.8643,0.1258,0.102351,0.365122,0.1641,18.151939,0.341742,0.196699,5.0000,-1.000000,-0.685361,397.8782,2,3,sand,1.0000,1.100000,0,0,0.000000,0.000000,0.000000,0,nan,0.00,0.282787,0.4641,0.0019,0.149312,0.2421,0.57,1.61,2.74,1.62,-0.023552,-7.1060,-2.0995,0.008000,0.034775,0.2561,0.094120,-0.047159,-0.004944,273.84791395954187,508.1210669516803,6485.458634107455,1964.2142624966855,0.065410,0.016603,6439.1,6181.5,0.064772,0.065974,1.000000,2.8633,1.0000,,,,,
7.1040,1778655560.106439,592,18.173271,0.414724,0.087003,2.9494,0.1206,0.086758,18.192275,0.344170,0.077966,2.9105,18.181025,0.416161,0.087269,2.8810,0.1248,0.099121,0.367967,0.1466,18.181025,0.347557,0.197967,5.0000,-1.000000,-0.722583,405.6014,2,3,sand,1.0000,1.100000,0,0,0.000000,0.000000,0.000000,0,nan,0.00,0.260060,0.4645,0.0018,0.137312,0.2335,0.56,1.60,2.72,1.60,-0.017330,-7.0449,-2.0895,0.008000,0.106708,0.0311,0.101231,-0.058227,-0.013440,392.58789689848925,-166.1931669087644,5789.158517278895,1798.4926163782593,0.055067,0.015169,6438.3,6182.3,0.065298,0.070038,-1.000000,2.8800,1.0000,,,,,
7.1160,1778655560.118563,593,18.185973,0.392327,0.085653,2.9055,0.1883,0.099515,18.226847,0.350723,0.079184,2.9180,18.193726,0.393786,0.085919,2.8859,0.1363,0.098727,0.371231,0.1346,18.193726,0.350109,0.198517,5.0000,-1.000000,-0.745097,407.6678,2,3,sand,1.0000,1.100000,0,0,0.000000,0.000000,0.000000,0,nan,0.00,0.237333,0.4647,0.0017,0.125312,0.2245,0.56,1.61,2.72,1.61,-0.010777,-6.9750,-2.0820,0.008000,0.148411,0.2445,0.095783,-0.101523,-0.047803,863.7934087010196,384.86918133066365,4373.375067937045,1311.5884635354107,0.038272,0.010993,6437.5,6183.1,0.065892,0.090212,-1.000000,2.8849,1.0000,,,,,
7.1280,1778655560.130494,594,18.287207,0.267420,0.080517,2.8525,0.1389,0.104719,18.261535,0.357530,0.080448,2.9315,18.294866,0.268828,0.080782,2.8797,0.1363,0.099028,0.382427,0.1226,18.294866,0.370682,0.202820,5.0000,1.000000,-0.767204,418.2821,2,3,sand,1.0000,1.100000,0,0,0.000000,0.000000,0.000000,0,nan,0.00,0.260060,0.4646,0.0016,0.137312,0.2153,0.54,1.63,2.71,1.74,-0.003970,-6.9027,-2.0685,0.008000,0.106827,-0.1658,0.067322,-0.047387,-0.014069,1637.585351046414,1176.6038954939236,2969.594385516897,1375.4991891995794,0.024788,0.011577,6434.6,6186.0,0.067875,0.113277,-1.000000,2.8786,1.0000,,,,,
7.1400,1778655560.142659,595,18.171275,0.269063,0.081703,3.0940,0.2204,0.092914,18.296380,0.364371,0.081604,2.9468,18.179211,0.270566,0.081973,2.9214,0.1534,0.099731,0.397659,0.1401,18.179211,0.347194,0.197888,5.0000,1.000000,-0.798013,413.4708,2,3,sand,1.0000,1.100000,0,0,0.000000,0.000000,0.000000,0,nan,0.00,0.282787,0.4643,0.0015,0.149312,0.2057,0.56,1.62,2.75,1.61,0.002871,-6.8364,-2.0532,0.008000,0.127363,0.2058,0.094661,-0.029057,-0.014093,397.7752917886156,-267.74332899910314,3825.87966960078,609.6251784444919,0.033091,0.005118,6430.7,6189.8,0.070583,0.037523,1.000000,2.9203,1.0000,,,,,
7.1520,1778655560.154624,596,18.325050,0.403980,0.084433,2.8711,0.0923,0.081309,18.331448,0.371081,0.082621,2.9650,18.332976,0.405467,0.084698,2.9119,0.1437,0.098078,0.412029,0.1521,18.332976,0.378551,0.204435,5.0000,-1.000000,-0.842492,434.1701,2,3,sand,1.0000,1.100000,0,0,0.000000,0.000000,0.000000,0,nan,0.00,0.260060,0.4638,0.0015,0.137312,0.1956,0.57,1.62,2.75,1.59,0.009581,-6.7781,-2.0350,0.008000,0.088217,-0.0385,0.064161,-0.072002,-0.036676,-351.958584406147,-178.3877957508314,5330.761571572499,857.5120036638993,0.050258,0.007245,6427.1,6193.5,0.073136,0.109154,1.000000,2.9108,1.0000,,,,,
7.1640,1778655560.166621,597,18.431397,0.353982,0.082962,2.9836,0.2223,0.084106,18.366719,0.377836,0.083644,2.9823,18.439418,0.355502,0.083222,2.9261,0.1576,0.095103,0.428753,0.1345,18.439418,0.400872,0.208960,5.0000,0.934615,-0.892152,453.0322,2,3,sand,1.0000,1.100000,0,0,0.000000,0.000000,0.000000,0,nan,0.00,0.281301,0.4630,0.0014,0.148527,0.1849,0.58,1.62,2.78,1.65,0.016336,-6.7195,-2.0177,0.008000,0.210596,-0.4054,0.068142,-0.035617,-0.026295,1011.4863173132121,-772.0724006779055,3899.9089114513986,72.85566983847673,0.034344,0.000617,6422.8,6197.8,0.076113,0.075149,-1.000000,2.9249,1.0000,,,,,
7.1760,1778655560.178584,598,18.431966,0.483620,0.088177,3.1018,0.2215,0.094921,18.402136,0.384855,0.084780,2.9965,18.440116,0.485240,0.088442,2.9603,0.1709,0.097072,0.423319,0.1511,18.440116,0.401020,0.208990,5.0000,-1.000000,-0.929809,466.1157,2,3,sand,1.0000,1.100000,0,0,0.000000,0.000000,0.000000,0,nan,0.00,0.258574,0.4620,0.0013,0.136527,0.1738,0.58,1.64,2.81,1.72,-0.028945,-7.2630,-2.0035,0.008000,0.232299,0.2274,0.085304,-0.071794,-0.056316,-231.65922085288594,19.330343112933633,4637.216381624458,-399.96170344102035,0.042186,-0.003383,6424.1,6196.4,0.075181,0.051208,0.934615,2.9591,1.0000,,,,,
7.1880,1778655560.190490,599,18.486931,0.381893,0.091646,2.9684,0.1909,0.101758,18.437746,0.392049,0.085963,3.0127,18.495059,0.383552,0.091913,2.9621,0.1738,0.097268,0.425091,0.1337,18.495059,0.412739,0.211333,5.0000,0.194952,-0.949961,472.3535,2,3,sand,1.0000,1.100000,0,0,0.000000,0.000000,0.000000,0,nan,0.00,0.263005,0.4607,0.0013,0.138866,0.1624,0.57,1.64,2.79,1.68,-0.021751,-7.1952,-1.9873,0.008000,0.115722,0.2031,0.078457,-0.054239,-0.046515,1323.4013256604362,126.46705587681117,3245.6939351781157,-453.62246717858346,0.027848,-0.003841,6423.7,6196.9,0.075511,0.095711,-1.000000,2.9609,1.0000,,,,,
7.2000,1778655560.202496,600,18.464090,0.445587,0.083571,3.1169,0.1707,0.109194,18.473506,0.399501,0.087248,3.0286,18.472325,0.447203,0.083847,2.9924,0.1739,0.100309,0.444367,0.1394,18.472325,0.407874,0.210363,5.0000,-1.000000,-0.991199,481.4951,2,3,sand,1.0000,1.100000,0,0,0.000000,0.000000,0.000000,0,nan,0.00,0.240277,0.4592,0.0012,0.126866,0.1505,0.57,1.65,2.79,1.67,-0.014299,-7.1216,-1.9714,0.008000,0.028617,-0.3627,0.093699,-0.004644,-0.012795,1124.528100213784,405.9183529163688,3429.4864918598832,-239.23720608224264,0.029893,-0.002038,6418.8,6201.8,0.078925,0.056423,0.194952,2.9911,1.0000,,,,,
7.2120,1778655560.214505,601,18.549653,0.406158,0.087943,3.1162,0.2185,0.113310,18.509437,0.407140,0.088593,3.0436,18.557957,0.407851,0.088225,3.0166,0.1812,0.101900,0.448764,0.1241,18.557957,0.426321,0.213965,5.0000,0.544154,-1.030739,503.2410,2,3,sand,1.0000,1.100000,0,0,0.000000,0.000000,0.000000,0,nan,0.00,0.252645,0.4574,0.0011,0.133396,0.1381,0.57,1.64,2.79,1.61,-0.006660,-7.0445,-1.9564,0.008000,0.105236,-0.4869,0.101140,0.034697,0.008817,891.0856862524238,406.35597208399236,1700.231043764742,-377.8696583555337,0.014211,-0.003226,6417.6,6203.0,0.079722,0.061347,-1.000000,3.0153,1.0000,,,,,
7.2240,1778655560.226589,602,18.472263,0.400200,0.088250,3.0378,0.1741,0.116359,18.545530,0.414941,0.089976,3.0610,18.480578,0.401909,0.088542,3.0210,0.1807,0.105501,0.457785,0.1349,18.480578,0.409637,0.210715,5.0000,-0.098652,-1.051661,492.5081,2,3,sand,1.0000,1.100000,0,0,0.000000,0.000000,0.000000,0,nan,0.00,0.250402,0.4554,0.0011,0.132212,0.1255,0.58,1.64,2.80,1.66,0.001141,-6.9653,-1.9390,0.008000,0.050570,-0.4153,0.100340,0.025331,0.007386,411.26702094129973,139.67227469269142,2323.194114132788,-118.22632935783643,0.019741,-0.001012,6415.3,6205.3,0.081335,0.086525,0.544154,3.0197,1.0000,,,,,
7.2360,1778655560.238593,603,18.508700,0.410684,0.095684,2.9888,0.2495,0.113023,18.581833,0.422759,0.091333,3.0778,18.516985,0.412498,0.095981,3.0150,0.1932,0.106972,0.467025,0.1319,18.516985,0.417454,0.212265,5.0000,-0.470935,-1.071373,496.6317,2,3,sand,1.0000,1.100000,0,0,0.000000,0.000000,0.000000,0,nan,0.00,0.239699,0.4532,0.0010,0.126561,0.1126,0.57,1.65,2.80,1.70,0.008959,-6.8876,-1.9222,0.008000,0.103201,0.0755,0.099618,-0.037231,-0.037990,135.56410885536732,-218.77290816245545,1540.1945862947266,-515.8326900795495,0.012956,-0.004438,6412.9,6207.6,0.082976,0.106623,-0.098652,3.0137,1.0000,,,,,
7.2480,1778655560.250550,604,18.662134,0.436003,0.088231,3.0965,0.2072,0.115762,18.618293,0.430653,0.092716,3.0910,18.670475,0.437772,0.088532,3.0311,0.1953,0.108261,0.472538,0.1252,18.670475,0.451033,0.218359,5.0000,0.575424,-1.109343,529.7370,2,3,sand,1.0000,1.100000,0,0,0.000000,0.000000,0.000000,0,nan,0.00,0.252777,0.4483,0.0010,0.133466,0.0993,0.57,1.66,2.80,1.71,0.016853,-6.8083,-1.9090,0.008000,0.217005,-0.4113,0.072522,-0.031175,-0.033745,292.60877618542605,608.949704539403,718.4780986962322,-482.5635446152169,0.006007,-0.004161,6411.5,6209.0,0.083960,0.081352,-0.470935,3.0297,1.0000,,,,,
7.2600,1778655560.262583,605,18.694612,0.453076,0.086833,3.0968,0.1286,0.117666,18.654905,0.438684,0.094144,3.1061,18.703052,0.454825,0.087142,3.0441,0.1837,0.110865,0.479536,0.1351,18.703052,0.458282,0.219556,5.0000,0.158138,-1.143422,541.5559,2,3,sand,1.0000,1.100000,0,0,0.000000,0.000000,0.000000,0,nan,0.00,0.256371,0.4435,0.0009,0.135364,0.0856,0.58,1.66,2.81,1.68,-0.030116,-7.2811,-1.8939,0.008000,0.073987,-0.5059,0.093783,0.002550,-0.002576,204.2876441742836,-141.44652453599053,1949.599594621391,147.10130530954373,0.016621,0.001271,6409.7,6210.8,0.085218,0.088724,0.575424,3.0427,1.0000,,,,,
7.2720,1778655560.274479,606,18.704905,0.409792,0.097973,3.0712,0.2134,0.115230,18.691655,0.446713,0.095533,3.1168,18.713321,0.411654,0.098286,3.0496,0.1894,0.112041,0.478264,0.1358,18.713321,0.460576,0.219926,5.0000,1.000000,-1.158568,544.6248,2,3,sand,1.0000,1.100000,0,0,0.000000,0.000000,0.000000,0,nan,0.00,0.279098,0.4391,0.0009,0.147364,0.0717,0.57,1.66,2.81,1.66,-0.022087,-7.2014,-1.8832,0.008000,0.027048,0.1202,0.083713,-0.024783,-0.021922,-129.87263832557207,503.3658022684814,1906.781076871876,-2.9457465207230715,0.016232,-0.000025,6410.0,6210.5,0.085009,0.102741,0.158138,3.0482,1.0000,,,,,
7.2840,1778655560.286525,607,18.770359,0.448144,0.096307,3.1427,0.0626,0.117324,18.728567,0.454780,0.096946,3.1321,18.778809,0.449935,0.096623,3.0679,0.1674,0.114477,0.485183,0.1502,18.778809,0.475294,0.222227,5.0000,-0.007922,-1.188805,565.5716,2,3,sand,1.0000,1.100000,0,0,0.000000,0.000000,0.000000,0,nan,0.00,0.278918,0.4348,0.0008,0.147269,0.0574,0.57,1.67,2.81,1.72,-0.014020,-7.1205,-1.8679,0.008000,0.102002,-0.0868,0.068490,0.012365,0.017991,-230.95051340120514,296.91416720247275,3963.7238180077943,998.0857085666369,0.036125,0.008686,6408.3,6212.3,0.086236,0.086614,1.000000,3.0665,1.0000,,,,,
7.2960,1778655560.298519,608,18.694052,0.433696,0.102720,3.1345,0.1263,0.117869,18.765647,0.462920,0.098401,3.1460,18.702533,0.435530,0.103040,3.0810,0.1603,0.115415,0.493732,0.1472,18.702533,0.458166,0.219537,5.0000,-0.569502,-1.207618,557.4029,2,3,sand,1.0000,1.100000,0,0,0.000000,0.000000,0.000000,0,nan,0.00,0.265975,0.4307,0.0008,0.140435,0.0429,0.56,1.67,2.79,1.64,-0.005880,-7.0371,-1.8540,0.008000,0.095594,-0.0751,0.079771,-0.045901,-0.012429,157.1718548299672,-140.3042318451616,4141.689889262555,1333.6627059181076,0.038270,0.011698,6406.1,6214.5,0.087761,0.090613,-0.007922,3.0797,1.0000,,,,,
7.3080,1778655560.310597,609,18.865768,0.536720,0.097238,3.1345,0.1667,0.139651,18.802825,0.471379,0.100041,3.1549,18.874315,0.538542,0.097571,3.0916,0.1615,0.119364,0.482957,0.1388,18.874315,0.497045,0.225631,5.0000,-1.000000,-1.233840,596.3071,2,3,sand,1.0000,1.100000,0,0,0.000000,0.000000,0.000000,0,nan,0.00,0.243248,0.4268,0.0008,0.128435,0.0281,0.57,1.67,2.81,1.66,0.002579,-6.9432,-1.8451,0.008000,0.100504,0.1550,0.058427,-0.016256,0.009764,548.3636996615113,468.40893410904664,3232.868878087388,1586.779103277816,0.028578,0.013906,6408.8,6211.8,0.085870,0.105887,-0.569502,3.0903,1.0000,,,,,
7.3200,1778655560.322639,610,18.888875,0.503317,0.106486,3.1541,0.1444,0.139526,18.840129,0.480011,0.101725,3.1715,18.897409,0.505220,0.106828,3.1040,0.1577,0.121915,0.485689,0.1256,18.897409,0.502356,0.226471,5.0000,-0.445628,-1.253985,605.9337,2,3,sand,1.0000,1.100000,0,0,0.000000,0.000000,0.000000,0,nan,0.00,0.233120,0.4232,0.0007,0.123087,0.0131,0.57,1.67,2.80,1.68,0.011211,-6.8467,-1.8285,0.008000,0.043108,0.3610,0.046313,-0.042411,-0.000747,545.0877590242219,706.841359495877,1852.080924329971,1929.0777605670205,0.015814,0.017034,6408.1,6212.5,0.086363,0.100204,-1.000000,3.1026,1.0000,,,,,
7.3320,1778655560.334543,611,18.851485,0.405956,0.099791,3.2076,0.1667,0.138267,18.877621,0.488744,0.103398,3.1890,18.860021,0.407811,0.100138,3.1243,0.1593,0.124351,0.494776,0.1218,18.860021,0.493768,0.225115,5.0000,1.000000,-1.271863,608.4528,2,3,sand,1.0000,1.100000,0,0,0.000000,0.000000,0.000000,0,nan,0.00,0.255847,0.4196,0.0007,0.135087,-0.0022,0.56,1.66,2.78,1.65,-0.037456,-7.2695,-1.8110,0.008000,0.095207,-0.0396,0.061449,-0.038872,0.003079,-16.40716661973596,966.661482923504,1059.3389200002384,2021.6406637118064,0.008986,0.017961,6405.8,6214.8,0.087973,0.084135,-0.445628,3.1229,1.0000,,,,,
7.3440,1778655560.346552,612,18.946351,0.486207,0.102030,3.1904,0.1955,0.132681,18.915317,0.497406,0.104983,3.2063,18.954884,0.488107,0.102381,3.1374,0.1674,0.127012,0.496619,0.1379,18.954884,0.515664,0.228587,5.0000,0.670379,-1.301933,635.2392,2,3,sand,1.0000,1.100000,0,0,0.000000,0.000000,0.000000,0,nan,0.00,0.271083,0.4163,0.0007,0.143132,-0.0178,0.55,1.68,2.78,1.77,-0.028794,-7.1787,-1.7937,0.008000,0.131193,-0.3134,0.079627,-0.023851,0.009749,-461.34451260333293,496.8310406031204,2138.5533705661314,1845.7024648315955,0.018473,0.016352,6405.3,6215.3,0.088305,0.090391,1.000000,3.1360,1.0000,,,,,
7.3560,1778655560.358654,613,18.952901,0.537467,0.113605,3.1929,0.2435,0.128988,18.953228,0.505928,0.106465,3.2225,18.961550,0.539542,0.113964,3.1484,0.1824,0.128201,0.498421,0.1450,18.961550,0.517215,0.228835,5.0000,-1.000000,-1.325350,643.2145,2,3,sand,1.0000,1.100000,0,0,0.000000,0.000000,0.000000,0,nan,0.00,0.248356,0.4131,0.0006,0.131132,-0.0337,0.56,1.68,2.80,1.68,-0.020272,-7.0938,-1.7775,0.008000,0.036550,0.7419,0.074244,-0.019614,0.003233,-662.8014402555734,1092.6662194639418,2518.1617211373564,1333.6344231359938,0.021975,0.011724,6404.8,6215.7,0.088646,0.095155,0.670379,3.1470,1.0000,,,,,
7.3680,1778655560.370417,614,19.017724,0.538074,0.108797,3.2636,0.2061,0.128446,18.991327,0.514488,0.107962,3.2376,19.026341,0.540100,0.109150,3.1709,0.1859,0.127156,0.489102,0.1284,19.026341,0.532389,0.231262,5.0000,-0.643005,-1.344189,668.8239,2,3,sand,1.0000,1.100000,0,0,0.000000,0.000000,0.000000,0,nan,0.00,0.233742,0.4101,0.0006,0.123416,-0.0498,0.55,1.69,2.79,1.77,-0.011712,-7.0080,-1.7624,0.008000,0.020273,0.5332,0.083271,-0.017503,0.001101,169.33374005713466,187.1444506625071,1084.0391057345128,1168.4135768900244,0.009172,0.010207,6407.2,6213.4,0.087004,0.079161,-1.000000,3.1696,1.0000,,,,,
7.3800,1778655560.382634,615,18.955686,0.555811,0.103295,3.1830,0.2253,0.130765,19.029544,0.523258,0.109524,3.2505,18.964473,0.557847,0.103655,3.1736,0.1926,0.127066,0.491452,0.1216,18.964473,0.517896,0.228944,5.0000,-1.000000,-1.350896,657.8049,2,3,sand,1.0000,1.100000,0,0,0.000000,0.000000,0.000000,0,nan,0.00,0.211015,0.4072,0.0006,0.111416,-0.0661,0.56,1.70,2.83,1.72,-0.002942,-6.9185,-1.7495,0.008000,0.091177,-0.4780,0.080572,-0.028402,-0.010000,780.0413934222868,1424.2403897864065,-137.59488322655906,929.9069330508785,-0.001159,0.008112,6406.5,6214.0,0.087440,0.107700,-0.643005,3.1722,1.0000,,,,,
7.3920,1778655560.394498,616,19.158734,0.543258,0.114454,3.2625,0.0831,0.134438,19.067882,0.532233,0.111130,3.2624,19.167570,0.545344,0.114816,3.1910,0.1714,0.126983,0.478489,0.1086,19.167570,0.566027,0.236322,5.0000,1.000000,-1.369763,711.0612,2,3,sand,1.0000,1.100000,0,0,0.000000,0.000000,0.000000,0,nan,0.00,0.233742,0.4045,0.0005,0.123416,-0.0825,0.56,1.80,2.93,2.36,0.006033,-6.8265,-1.7376,0.008000,0.079408,0.2545,0.079224,-0.048736,-0.009180,727.5987826170497,407.8446647379494,-775.2660112837457,1755.4181400671953,-0.006506,0.015403,6409.8,6210.7,0.085156,0.092509,-1.000000,3.1897,1.0000,,,,,
7.4040,1778655560.406499,617,19.113376,0.540305,0.117477,3.2469,0.1748,0.131110,19.106375,0.541297,0.112689,3.2793,19.122521,0.542498,0.117854,3.2021,0.1732,0.128741,0.480048,0.1263,19.122521,0.555215,0.234749,5.0000,0.393712,-1.379892,707.4469,2,3,sand,1.0000,1.100000,0,0,0.000000,0.000000,0.000000,0,nan,0.00,0.242690,0.4018,0.0005,0.128140,-0.0991,0.56,1.79,2.91,1.72,0.015097,-6.7372,-1.7207,0.008000,0.111121,0.0870,0.076352,-0.038566,-0.003086,150.96067435081906,1116.829659367701,661.6230960086699,1749.0967302526435,0.005553,0.015357,6409.4,6211.2,0.085463,0.094130,1.000000,3.2007,1.0000,,,,,
7.4160,1778655560.418550,618,19.242076,0.562317,0.111454,3.2195,0.1436,0.124224,19.145104,0.550251,0.114138,3.2980,19.251200,0.564427,0.111826,3.2058,0.1683,0.128178,0.486053,0.1293,19.251200,0.586293,0.239138,5.0000,0.827717,-1.407714,740.3317,2,3,sand,1.0000,1.100000,0,0,0.000000,0.000000,0.000000,0,nan,0.00,0.261502,0.3993,0.0018,0.138073,-0.1159,0.56,1.87,2.99,2.34,-0.035749,-7.1597,-1.7020,0.008000,0.075438,0.1495,0.070611,-0.012089,0.016263,-519.1279097359437,8.854885138992131,1489.2211210643038,1872.2056930895585,0.012646,0.016520,6407.9,6212.7,0.086524,0.100863,0.393712,3.2044,1.0000,,,,,
7.4280,1778655560.430524,619,19.237074,0.572769,0.112495,3.3559,0.2396,0.109028,19.184046,0.559142,0.115512,3.3153,19.246518,0.574981,0.112869,3.2352,0.1827,0.126003,0.491595,0.1405,19.246518,0.585151,0.238984,5.0000,-0.029863,-1.439292,758.4693,2,3,sand,1.0000,1.100000,0,0,0.000000,0.000000,0.000000,0,nan,0.00,0.260823,0.3967,0.0032,0.137715,-0.1332,0.55,1.84,2.95,1.68,-0.026858,-7.0810,-1.6847,0.008000,0.033373,-0.3489,0.087420,-0.005864,0.007201,-321.0221769557389,-746.231977023263,2438.820022773067,1145.2735816649254,0.021165,0.010016,6406.4,6214.2,0.087536,0.067059,0.827717,3.2337,1.0000,,,,,
7.4400,1778655560.442617,620,19.138811,0.520450,0.116687,3.3318,0.1152,0.109524,19.223184,0.567971,0.116824,3.3309,19.148238,0.522642,0.117049,3.2542,0.1706,0.123219,0.492879,0.1376,19.148238,0.561378,0.235652,5.0000,0.520707,-1.449401,746.4786,2,3,sand,1.0000,1.100000,0,0,0.000000,0.000000,0.000000,0,nan,0.00,0.272657,0.3941,0.0047,0.143963,-0.1506,0.56,1.89,3.01,2.19,-0.018029,-7.0058,-1.6691,0.008000,0.045289,0.1137,0.085268,-0.070635,-0.029514,10.6791175113608,282.6291954674497,3031.2024810456314,1402.4478884914683,0.026777,0.012314,6406.1,6214.5,0.087774,0.076616,-0.029863,3.2527,1.0000,,,,,
7.4520,1778655560.454620,621,19.155211,0.642112,0.121529,3.3309,0.1506,0.116353,19.262497,0.576976,0.118216,3.3470,19.164892,0.644395,0.121898,3.2694,0.1681,0.123071,0.504022,0.1455,19.164892,0.565382,0.236229,5.0000,-1.000000,-1.480252,763.7528,2,3,sand,1.0000,1.100000,0,0,0.000000,0.000000,0.000000,0,nan,0.00,0.249930,0.3916,0.0063,0.131963,-0.1684,0.57,1.87,3.00,1.75,-0.009024,-6.9261,-1.6530,0.008000,0.134217,0.3217,0.087303,-0.053623,-0.017186,1250.4537451620236,582.5774639104633,3825.7738562911823,1442.7142803997942,0.035078,0.012741,6403.2,6217.4,0.089764,0.077464,0.520707,3.2678,1.0000,,,,,
7.4640,1778655560.466593,622,19.242387,0.605968,0.125698,3.3247,0.1553,0.119423,19.301938,0.586184,0.119678,3.3590,19.252062,0.608277,0.126063,3.2803,0.1651,0.121402,0.499771,0.1289,19.252062,0.586503,0.239167,5.0000,-1.000000,-1.502952,790.6421,2,3,sand,1.0000,1.100000,0,0,0.000000,0.000000,0.000000,0,nan,0.00,0.227203,0.3891,0.0081,0.119963,-0.1864,0.57,1.96,3.10,2.43,0.000184,-6.8423,-1.6410,0.008000,0.030764,-0.0071,0.087202,-0.024435,0.002946,1121.915944892247,445.0357119542165,2743.5877537702163,1487.3830967772033,0.024121,0.013119,6404.3,6216.3,0.089027,0.087292,-1.000000,3.2788,1.0000,,,,,
7.4760,1778655560.478544,623,19.407318,0.573939,0.117518,3.3902,0.1980,0.125123,19.341465,0.595648,0.121248,3.3680,19.417333,0.576256,0.117893,3.3019,0.1704,0.121059,0.488302,0.1169,19.417333,0.627269,0.244447,5.0000,1.000000,-1.529955,846.8113,2,3,sand,1.0000,1.100000,0,0,0.000000,0.000000,0.000000,0,nan,0.00,0.249930,0.3867,0.0100,0.131963,-0.2048,0.57,2.02,3.16,2.37,0.009648,-6.7524,-1.6320,0.008000,0.079478,-0.2134,0.087246,-0.022342,0.000910,892.0361045763573,844.629319334132,1222.9994708332822,1306.9278355676543,0.010364,0.011439,6407.1,6213.4,0.087036,0.069080,-1.000000,3.3004,1.0000,,,,,
7.4880,1778655560.490602,624,19.346210,0.644253,0.130301,3.3632,0.1733,0.124946,19.381102,0.605178,0.122801,3.3818,19.356474,0.646773,0.130690,3.3141,0.1726,0.123333,0.503151,0.1351,19.356474,0.612150,0.242538,5.0000,-1.000000,-1.559023,841.7310,2,3,sand,1.0000,1.100000,0,0,0.000000,0.000000,0.000000,0,nan,0.00,0.227203,0.3842,0.0120,0.119963,-0.2235,0.58,2.04,3.20,2.19,-0.042822,-7.1145,-1.6182,0.008000,0.069873,0.8962,0.096566,-0.001833,0.014564,-112.81725009918725,350.57303639156225,2538.1892323809852,1309.9026365714699,0.022236,0.011543,6403.3,6217.3,0.089693,0.078476,1.000000,3.3125,1.0000,,,,,
7.5000,1778655560.502501,625,19.353576,0.593451,0.129459,3.3898,0.1721,0.124675,19.420882,0.614698,0.124307,3.3925,19.363921,0.595974,0.129849,3.3291,0.1715,0.122205,0.494766,0.1168,19.363921,0.613993,0.242774,5.0000,0.403252,-1.569016,852.9245,2,3,sand,1.0000,1.100000,0,0,0.000000,0.000000,0.000000,0,nan,0.00,0.236368,0.3818,0.0141,0.124802,-0.2423,0.57,2.10,3.24,2.43,-0.033302,-7.0282,-1.6075,0.008000,0.131474,0.1314,0.095451,-0.025286,-0.001027,32.484979526426514,885.5019805660969,1222.1692254714894,1326.8253959519247,0.010394,0.011651,6405.4,6215.2,0.088231,0.065484,-1.000000,3.3275,1.0000,,,,,
7.5120,1778655560.514467,626,19.447899,0.616713,0.124965,3.3491,0.1307,0.127202,19.460779,0.624326,0.125853,3.4028,19.458430,0.619213,0.125364,3.3332,0.1649,0.123762,0.480553,0.1261,19.458430,0.637547,0.245712,5.0000,0.666100,-1.574979,880.5545,2,3,sand,1.0000,1.100000,0,0,0.000000,0.000000,0.000000,0,nan,0.00,0.251506,0.3794,0.0163,0.132795,-0.2612,0.56,2.16,3.29,2.48,-0.023674,-6.9396,-1.5972,0.008000,0.011326,-0.3141,0.088418,-0.036953,-0.002704,207.11014053510723,-200.41624474676547,2017.71320875621,1644.5596115695794,0.017251,0.014422,6409.0,6211.6,0.085741,0.078831,0.403252,3.3317,1.0000,,,,,
7.5240,1778655560.526574,627,19.481383,0.669918,0.131376,3.4061,0.1209,0.126283,19.500810,0.633948,0.127354,3.4149,19.492144,0.672520,0.131786,3.3476,0.1581,0.125219,0.465346,0.1350,19.492144,0.646020,0.246735,5.0000,-1.000000,-1.577019,900.2965,2,3,sand,1.0000,1.100000,0,0,0.000000,0.000000,0.000000,0,nan,0.00,0.228779,0.3770,0.0186,0.120795,-0.2801,0.57,2.20,3.33,2.40,-0.014052,-6.8536,-1.5851,0.008000,0.089371,0.3530,0.098721,-0.059834,-0.011917,-101.7357118821651,1010.3764734233075,3183.8262599406808,1947.8198001301312,0.027855,0.017069,6412.8,6207.8,0.083076,0.064899,0.666100,3.3461,1.0000,,,,,
7.5360,1778655560.538520,628,19.515812,0.656520,0.123290,3.4646,0.1631,0.126878,19.540949,0.643653,0.128883,3.4229,19.526751,0.659065,0.123702,3.3705,0.1582,0.124161,0.460629,0.1175,19.526751,0.654756,0.247773,5.0000,0.179196,-1.588140,927.2855,2,3,sand,1.0000,1.100000,0,0,0.000000,0.000000,0.000000,0,nan,0.00,0.232852,0.3746,0.0210,0.122946,-0.2992,0.56,2.24,3.36,2.48,-0.004347,-6.7660,-1.5771,0.008000,0.049113,-0.1723,0.091878,-0.060100,-0.012184,755.2372310583835,1169.351515401139,1875.9731781344149,1917.0220046753075,0.015836,0.016756,6414.0,6206.6,0.082252,0.051630,-1.000000,3.3690,1.0000,,,,,
7.5480,1778655560.550615,629,19.551079,0.665007,0.128693,3.4284,0.1982,0.128405,19.581162,0.653498,0.130451,3.4323,19.562188,0.667684,0.129114,3.3820,0.1663,0.125349,0.447050,0.1235,19.562188,0.663740,0.248822,5.0000,0.043534,-1.590402,945.3587,2,3,sand,1.0000,1.100000,0,0,0.000000,0.000000,0.000000,0,nan,0.00,0.233841,0.3722,0.0235,0.123468,-0.3183,0.56,2.26,3.38,2.37,0.005498,-6.6762,-1.5677,0.008000,0.101939,-0.1309,0.084305,-0.061662,-0.018317,287.9044016679847,647.9456033361356,1864.2969175423527,1695.9014191760427,0.015632,0.014683,6417.4,6203.2,0.079873,0.066692,0.179196,3.3805,1.0000,,,,,
7.5600,1778655560.562512,630,19.634050,0.749673,0.136335,3.4341,0.1168,0.125757,19.621480,0.663333,0.131967,3.4416,19.645194,0.752415,0.136757,3.3924,0.1576,0.125474,0.439603,0.1236,19.645194,0.684938,0.251223,5.0000,-1.000000,-1.604793,978.6190,2,3,sand,1.0000,1.100000,0,0,0.000000,0.000000,0.000000,0,nan,0.00,0.211114,0.3699,0.0262,0.111468,-0.3375,0.55,2.28,3.39,2.41,0.015333,-6.5893,-1.5584,0.008000,0.150007,0.2313,0.078518,-0.004946,0.024517,-83.08486007871096,1025.7201430140117,2271.7571086197345,2004.3741859924617,0.019136,0.017405,6419.3,6201.3,0.078561,0.060976,0.043534,3.3909,1.0000,,,,,
7.5720,1778655560.574588,631,19.710094,0.743364,0.131328,3.4748,0.1634,0.125598,19.661882,0.673159,0.133470,3.4480,19.721381,0.746074,0.131751,3.4086,0.1577,0.124003,0.423982,0.1081,19.721381,0.704578,0.253359,5.0000,-0.606416,-1.613973,1013.0819,2,3,sand,1.0000,1.100000,0,0,0.000000,0.000000,0.000000,0,nan,0.00,0.197332,0.3676,0.0289,0.104191,-0.3569,0.55,2.30,3.40,2.38,-0.038841,-6.9141,-1.5520,0.008000,0.146435,-0.3621,0.084320,-0.025650,0.009963,-206.4326243731416,502.42392061640174,873.6651091442966,1957.313891043355,0.007159,0.016882,6423.2,6197.4,0.075818,0.068879,-1.000000,3.4071,1.0000,,,,,
7.5840,1778655560.586485,632,19.649226,0.645715,0.124421,3.4712,0.1852,0.126811,19.702332,0.683112,0.135027,3.4536,19.660617,0.648379,0.124845,3.4209,0.1622,0.123541,0.407512,0.1021,19.660617,0.688899,0.251660,5.0000,1.000000,-1.594358,1003.1619,2,3,sand,1.0000,1.100000,0,0,0.000000,0.000000,0.000000,0,nan,0.00,0.220059,0.3653,0.0316,0.116191,-0.3760,0.55,2.30,3.41,2.32,-0.028888,-6.8249,-1.5464,0.008000,0.093692,-0.4314,0.076444,-0.066630,-0.020037,587.195365451812,921.7249034204799,-178.61606797979027,1795.695719086746,-0.001449,0.015352,6427.4,6193.2,0.072919,0.056517,-0.606416,3.4195,1.0000,,,,,
7.5960,1778655560.598526,633,19.748346,0.754136,0.137058,3.4813,0.0920,0.126618,19.742859,0.693103,0.136543,3.4615,19.759805,0.756927,0.137488,3.4328,0.1510,0.125401,0.392137,0.1196,19.759805,0.714548,0.254412,5.0000,-0.785718,-1.595971,1043.2059,2,3,sand,1.0000,1.100000,0,0,0.000000,0.000000,0.000000,0,nan,0.00,0.202202,0.3630,0.0345,0.106763,-0.3952,0.56,2.29,3.41,2.26,-0.018897,-6.7381,-1.5385,0.008000,0.071241,-0.2925,0.074824,-0.031182,0.012192,-34.60857310470476,-1949.2626797645871,1805.3566941423453,2254.5954202281264,0.014763,0.019355,6431.3,6189.3,0.070198,0.052102,1.000000,3.4315,1.0000,,,,,
7.6080,1778655560.610636,634,19.859436,0.844616,0.139098,3.4900,0.1803,0.121262,19.783470,0.703097,0.138014,3.4687,19.870975,0.847458,0.139525,3.4441,0.1555,0.123219,0.365179,0.1041,19.870975,0.743632,0.257310,5.0000,-1.000000,-1.596927,1087.4094,2,3,sand,1.0000,1.100000,0,0,0.000000,0.000000,0.000000,0,nan,0.00,0.179474,0.3608,0.0374,0.094763,-0.4143,0.57,2.29,3.43,2.25,-0.008903,-6.6538,-1.5313,0.008000,0.235584,-0.1916,0.072115,-0.046036,-0.002486,-109.87383792866274,1639.3399978732753,540.7529766137811,2015.664021416822,0.004319,0.017073,6438.1,6182.5,0.065443,0.045599,-0.785718,3.4428,1.0000,,,,,
7.6200,1778655560.622686,635,19.816192,0.686746,0.148531,3.6029,0.1818,0.122579,19.824155,0.713169,0.139481,3.4761,19.827889,0.689742,0.148956,3.4750,0.1592,0.121490,0.355630,0.0913,19.827889,0.732320,0.256214,5.0000,1.000000,-1.586544,1098.1124,2,3,sand,1.0000,1.100000,0,0,0.000000,0.000000,0.000000,0,nan,0.00,0.202202,0.3585,0.0404,0.106763,-0.4334,0.59,2.27,3.45,2.21,0.001169,-6.5698,-1.5239,0.008000,0.035124,0.5660,0.100376,-0.052902,-0.011159,-202.67424648890983,747.9370374791855,-1007.7235472950625,1805.3227257305898,-0.008047,0.015191,6440.5,6180.1,0.063765,0.016670,-1.000000,3.4738,1.0000,,,,,
7.6320,1778655560.634611,636,19.882929,0.747305,0.141320,3.4737,0.2040,0.120311,19.864891,0.723260,0.140916,3.4813,19.894623,0.750243,0.141745,3.4750,0.1688,0.122599,0.346360,0.1102,19.894623,0.749862,0.257897,5.0000,1.000000,-1.586881,1119.3605,2,3,sand,1.0000,1.100000,0,0,0.000000,0.000000,0.000000,0,nan,0.00,0.224929,0.3563,0.0435,0.118763,-0.4524,0.59,2.28,3.45,2.28,0.011260,-6.4875,-1.5187,0.008000,0.062797,-0.1437,0.087495,-0.020202,0.003544,-52.71561972982846,1716.6054813364249,239.4195899175422,1477.8200614189725,0.001898,0.012340,6442.9,6177.7,0.062120,0.047585,1.000000,3.4738,1.0000,,,,,
7.6440,1778655560.646511,637,19.975422,0.724128,0.143763,3.4643,0.1628,0.107547,19.905732,0.733168,0.142202,3.4890,19.987055,0.727067,0.144179,3.4731,0.1690,0.121208,0.333185,0.1222,19.987055,0.774353,0.260091,5.0000,1.000000,-1.584392,1145.9690,2,3,sand,1.0000,1.100000,0,0,0.000000,0.000000,0.000000,0,nan,0.00,0.247656,0.3541,0.0466,0.130763,-0.4714,0.58,2.28,3.44,2.29,-0.044632,-6.7714,-1.5110,0.008000,0.118723,0.4279,0.063260,-0.031684,-0.006477,-519.0109641955281,-525.4561724932834,1942.6214602622724,1339.3528228283103,0.015577,0.011125,6446.2,6174.4,0.059790,0.060204,1.000000,3.4719,1.0000,,,,,
7.6560,1778655560.658546,638,19.947326,0.792749,0.137873,3.4672,0.1853,0.100826,19.946663,0.742891,0.143379,3.4937,19.958969,0.795616,0.138279,3.4721,0.1735,0.119212,0.305931,0.1342,19.958969,0.766889,0.259441,5.0000,-0.791951,-1.557407,1135.1271,2,3,sand,1.0000,1.100000,0,0,0.000000,0.000000,0.000000,0,nan,0.00,0.229657,0.3519,0.0498,0.121259,-0.4901,0.58,2.26,3.42,2.18,-0.034909,-6.7040,-1.5063,0.008000,0.066856,-0.2256,0.052252,-0.030137,-0.011252,-673.3237758279477,-93.58910939726297,3435.4190995111767,1003.5114584399167,0.028303,0.008251,6453.1,6167.5,0.054976,0.053707,1.000000,3.4710,1.0000,,,,,
7.6680,1778655560.670652,639,20.069063,0.775330,0.149043,3.5356,0.1317,0.102531,19.987657,0.752600,0.144559,3.4976,20.080719,0.778287,0.149437,3.4845,0.1651,0.115333,0.280912,0.1185,20.080719,0.799386,0.262251,5.0000,0.750400,-1.542286,1184.1857,2,3,sand,1.0000,1.100000,0,0,0.000000,0.000000,0.000000,0,nan,0.00,0.246712,0.3497,0.0531,0.130264,-0.5086,0.59,2.27,3.44,2.33,-0.025200,-6.6364,-1.5024,0.008000,0.107460,0.1043,0.055222,0.004041,0.012948,540.4424830522356,568.5009550084781,2810.3861769872474,1105.3384869345816,0.022568,0.009049,6459.5,6161.1,0.050542,0.036155,-0.791951,3.4835,1.0000,,,,,
7.6800,1778655560.682525,640,20.049811,0.673240,0.155857,3.4883,0.1382,0.106633,20.028646,0.762522,0.145841,3.5009,20.061425,0.676252,0.156248,3.4853,0.1617,0.115406,0.261787,0.1328,20.061425,0.794212,0.261798,5.0000,1.000000,-1.505946,1176.5094,2,3,sand,1.0000,1.100000,0,0,0.000000,0.000000,0.000000,0,nan,0.00,0.269439,0.3476,0.0564,0.142264,-0.5267,0.58,2.26,3.42,2.22,-0.015278,-6.5629,-1.4991,0.008000,0.153967,0.7446,0.041541,-0.013145,0.003475,279.74400760050986,885.5865623296248,4050.6122138803294,1193.5197634099566,0.033628,0.009744,6464.3,6156.2,0.047154,0.044759,0.750400,3.4844,1.0000,,,,,
7.6920,1778655560.694446,641,20.053076,0.781881,0.144576,3.5757,0.0936,0.111067,20.069630,0.772649,0.147191,3.5037,20.064702,0.784713,0.144965,3.5029,0.1512,0.116580,0.244750,0.1457,20.064702,0.795090,0.261874,5.0000,-0.189700,-1.491604,1194.4311,2,3,sand,1.0000,1.100000,0,0,0.000000,0.000000,0.000000,0,nan,0.00,0.265128,0.3454,0.0597,0.139987,-0.5446,0.57,2.26,3.40,2.23,-0.005151,-6.4856,-1.4963,0.008000,0.073574,0.3388,0.048411,-0.076214,-0.029834,942.5932868784251,350.4868044004089,5584.3243322564485,1605.2232140553122,0.049795,0.013135,6468.7,6151.9,0.044117,0.022742,1.000000,3.5021,1.0000,,,,,
7.7040,1778655560.706628,642,20.116373,0.785870,0.154645,3.4497,0.1971,0.109737,20.110647,0.782857,0.148536,3.5066,20.127972,0.788852,0.155033,3.4927,0.1601,0.115647,0.225931,0.1393,20.127972,0.812099,0.263379,5.0000,-0.164621,-1.469812,1204.0192,2,3,sand,1.0000,1.100000,0,0,0.000000,0.000000,0.000000,0,nan,0.00,0.261386,0.3433,0.0630,0.138012,-0.5622,0.58,2.26,3.41,2.24,0.005057,-6.4085,-1.4934,0.008000,0.058526,0.3290,0.027903,-0.020369,-0.000665,871.2343015785266,704.6106267741355,5164.429588406638,1243.3532316176113,0.044664,0.010097,6473.5,6147.1,0.040789,0.051037,-0.189700,3.4920,1.0000,,,,,
7.7160,1778655560.718542,643,20.120695,0.835076,0.152452,3.4631,0.2156,0.115648,20.151635,0.793298,0.149978,3.5065,20.132249,0.838064,0.152841,3.4872,0.1708,0.116091,0.225840,0.1375,20.132249,0.813253,0.263482,5.0000,-1.000000,-1.461124,1200.8040,2,3,sand,1.0000,1.100000,0,0,0.000000,0.000000,0.000000,0,nan,0.00,0.238659,0.3412,0.0664,0.126012,-0.5798,0.57,2.27,3.42,2.33,-0.051902,-6.6713,-1.4935,0.008000,0.126166,0.2298,0.013776,0.036138,0.029730,949.4842481970815,136.7594803924668,4623.235031027015,884.8875869790535,0.038913,0.007161,6473.5,6147.1,0.040758,0.053243,-0.164621,3.4864,1.0000,,,,,
7.7280,1778655560.730552,644,20.137992,0.774753,0.145143,3.4927,0.2619,0.130019,20.192571,0.803968,0.151498,3.5051,20.149599,0.777738,0.145542,3.4883,0.1866,0.117609,0.194389,0.1226,20.149599,0.817937,0.263904,5.0000,1.000000,-1.425127,1204.8520,2,3,sand,1.0000,1.100000,0,0,0.000000,0.000000,0.000000,0,nan,0.00,0.261386,0.3391,0.0699,0.138012,-0.5969,0.57,2.26,3.41,2.23,-0.041232,-6.5842,-1.4949,0.008000,0.029706,-0.9566,-0.015048,-0.019076,-0.015007,1044.9535920223052,1760.9668236256198,2587.838059488139,443.959873505543,0.020225,0.003569,6481.5,6139.1,0.035203,0.045185,-1.000000,3.4876,1.0000,,,,,
7.7400,1778655560.742597,645,20.190823,0.748284,0.146919,3.5034,0.2500,0.126460,20.233486,0.814770,0.153032,3.5079,20.202461,0.751358,0.147328,3.4913,0.1999,0.121257,0.179920,0.1414,20.202461,0.832257,0.265211,5.0000,1.000000,-1.401735,1224.4543,2,3,sand,1.0000,1.100000,0,0,0.000000,0.000000,0.000000,0,nan,0.00,0.284114,0.3370,0.0733,0.150012,-0.6137,0.58,2.27,3.43,2.29,-0.030430,-6.4963,-1.4921,0.008000,0.101598,-0.4229,-0.011005,-0.000753,-0.008682,301.6181413423423,840.1333177872048,3494.159639561732,124.62952730265731,0.027873,0.000999,6485.2,6135.4,0.032629,0.041446,1.000000,3.4907,1.0000,,,,,
7.7520,1778655560.754500,646,20.289519,0.800768,0.154626,3.5512,0.1546,0.113049,20.274453,0.825405,0.154412,3.5097,20.301118,0.803896,0.155033,3.5029,0.1932,0.121795,0.159993,0.1534,20.301118,0.859185,0.267683,5.0000,0.678219,-1.396044,1268.9254,2,3,sand,1.0000,1.100000,0,0,0.000000,0.000000,0.000000,0,nan,0.00,0.299528,0.3349,0.0768,0.158151,-0.6305,0.57,2.27,3.41,2.27,-0.019795,-6.4172,-1.4903,0.008000,0.042294,-0.2317,0.003892,-0.045826,-0.033726,-382.7653612060835,307.59120736793375,5082.805534572533,366.91762353572256,0.043044,0.002938,6490.2,6130.3,0.029092,0.022445,1.000000,3.5024,1.0000,,,,,
7.7640,1778655560.766687,647,20.293811,0.776024,0.157187,3.4528,0.1267,0.110810,20.315432,0.835979,0.155736,3.5104,20.305430,0.779149,0.157594,3.4933,0.1825,0.121558,0.139994,0.1605,20.305430,0.860368,0.267787,5.0000,0.972483,-1.366833,1259.0695,2,3,sand,1.0000,1.100000,0,0,0.000000,0.000000,0.000000,0,nan,0.00,0.321630,0.3329,0.0803,0.169820,-0.6469,0.58,2.26,3.42,2.24,-0.009221,-6.3414,-1.4896,0.008000,0.108997,0.3580,-0.002113,-0.024803,-0.012681,706.2257342437048,332.34235397680936,6113.923499526566,730.093009301451,0.054881,0.005846,6495.3,6125.3,0.025562,0.047870,0.678219,3.4928,1.0000,,,,,
7.7760,1778655560.778587,648,20.331424,0.785002,0.154479,3.5230,0.1393,0.111935,20.356368,0.846702,0.157102,3.5083,20.343092,0.788081,0.154886,3.4990,0.1769,0.122310,0.110348,0.1732,20.343092,0.870720,0.268665,5.0000,0.655558,-1.333978,1276.2805,2,3,sand,1.0000,1.100000,0,0,0.000000,0.000000,0.000000,0,nan,0.00,0.336529,0.3309,0.0837,0.177687,-0.6629,0.58,2.26,3.42,2.22,0.001502,-6.2631,-1.4917,0.008000,0.124988,-0.4785,-0.006246,-0.046577,-0.023171,1713.0361868953164,1479.7222265299656,7118.9847621370845,947.1718905496487,0.069151,0.007583,6502.8,6117.7,0.020311,0.028800,0.972483,3.4986,1.0000,,,,,
7.7880,1778655560.790626,649,20.403715,0.885934,0.154070,3.5128,0.0842,0.122338,20.397253,0.857669,0.158545,3.5081,20.415410,0.888968,0.154484,3.5017,0.1620,0.124378,0.089530,0.1799,20.415410,0.890692,0.270229,5.0000,-1.000000,-1.318980,1304.2073,2,3,sand,1.0000,1.100000,0,0,0.000000,0.000000,0.000000,0,nan,0.00,0.313801,0.3288,0.0872,0.165687,-0.6787,0.59,2.26,3.44,2.30,-0.056531,-6.4923,-1.4919,0.008000,0.102946,-1.0729,-0.002623,-0.123772,-0.062241,1715.065894215322,694.4363368100613,7776.646273541425,1614.8070497913586,0.081165,0.013013,6508.1,6112.4,0.016616,0.029441,0.655558,3.5014,1.0000,,,,,
7.8000,1778655560.802476,650,20.352307,0.886595,0.165523,3.4423,0.1463,0.136150,20.438061,0.868932,0.160112,3.5044,20.363903,0.889757,0.165946,3.4901,0.1591,0.125977,0.053963,0.1623,20.363903,0.876455,0.269131,5.0000,-1.000000,-1.261611,1272.0815,2,3,sand,1.0000,1.100000,0,0,0.000000,0.000000,0.000000,0,nan,0.00,0.291074,0.3268,0.0907,0.153687,-0.6938,0.58,2.26,3.42,2.22,-0.045268,-6.4025,-1.4956,0.008000,0.053320,0.3595,-0.030030,-0.080046,-0.028894,2192.8422600861604,311.58726475857407,7062.514393976784,1893.6492762281835,0.067520,0.015316,6517.2,6103.4,0.010326,0.047748,-1.000000,3.4899,1.0000,,,,,
7.8120,1778655560.814445,651,20.493842,0.898476,0.166804,3.5363,0.1388,0.146144,20.478749,0.880587,0.161857,3.5006,20.505334,0.901634,0.167235,3.4990,0.1553,0.129026,0.028416,0.1503,20.505334,0.915687,0.271951,5.0000,-1.000000,-1.237523,1329.3329,2,3,sand,1.0000,1.100000,0,0,0.000000,0.000000,0.000000,0,nan,0.00,0.268347,0.3248,0.0942,0.141687,-0.7087,0.57,2.27,3.40,2.34,-0.033613,-6.3025,-1.4994,0.008000,0.029219,-0.1324,-0.009079,-0.079573,-0.021295,1732.8656977103458,573.7699786965327,6138.548010074363,2266.1213625319015,0.054244,0.018460,6523.7,6096.9,0.005772,0.022436,-1.000000,3.4989,1.0000,,,,,
7.8240,1778655560.826527,652,20.546884,0.923297,0.156968,3.5300,0.2376,0.156673,20.519322,0.892568,0.163728,3.4958,20.558433,0.926430,0.157417,3.5050,0.1701,0.133126,0.013478,0.1383,20.558433,0.930522,0.272908,5.0000,-0.487153,-1.225945,1354.2770,2,3,sand,1.0000,1.100000,0,0,0.000000,0.000000,0.000000,0,nan,0.00,0.257275,0.3228,0.0977,0.135841,-0.7234,0.56,2.26,3.39,2.22,-0.021632,-6.1953,-1.5042,0.008000,0.076153,-0.4809,0.002484,-0.033908,0.004111,1867.7880059766921,414.86544009560896,4341.789443936675,2037.4295489209937,0.034871,0.016529,6527.5,6093.1,0.003121,0.022540,-1.000000,3.5049,1.0000,,,,,
7.8360,1778655560.838606,653,20.476400,0.816550,0.161985,3.4619,0.1817,0.156215,20.559818,0.904704,0.165592,3.4939,20.487888,0.819765,0.162448,3.4965,0.1723,0.136807,-0.012018,0.1342,20.487888,0.910825,0.271636,5.0000,1.000000,-1.170215,1317.8201,2,3,sand,1.0000,1.100000,0,0,0.000000,0.000000,0.000000,0,nan,0.00,0.280003,0.3209,0.1012,0.147841,-0.7374,0.56,2.27,3.40,2.33,-0.009496,-6.0885,-1.5061,0.008000,0.060390,0.1096,-0.004004,-0.068498,-0.015074,178.84138108593822,1197.692728440721,3322.9979590164926,2218.5050856363746,0.025776,0.018079,6534.0,6086.6,-0.001388,0.032350,-0.487153,3.4966,1.0000,,,,,
7.8480,1778655560.850597,654,20.668634,0.900225,0.159697,3.5126,0.1209,0.141678,20.600300,0.916702,0.167340,3.4925,20.680183,0.903408,0.160167,3.4996,0.1650,0.139416,-0.024670,0.1512,20.680183,0.964744,0.275123,5.0000,1.000000,-1.171802,1390.3960,2,3,sand,1.0000,1.100000,0,0,0.000000,0.000000,0.000000,0,nan,0.00,0.302730,0.3189,0.1047,0.159841,-0.7515,0.57,2.39,3.52,3.04,0.002502,-5.9883,-1.5075,0.008000,0.135848,-0.2384,-0.002583,-0.115019,-0.038111,-1366.8032749231177,234.67024968352098,4882.072247095712,2587.2387757669194,0.040050,0.021270,6537.2,6083.4,-0.003653,0.016549,1.000000,3.4997,1.0000,,,,,
7.8600,1778655560.862558,655,20.699625,0.940798,0.162686,3.5960,0.2490,0.133497,20.640769,0.928515,0.168989,3.4884,20.711615,0.944198,0.163173,3.5182,0.1826,0.140404,-0.038651,0.1634,20.711615,0.973626,0.275700,5.0000,-0.431847,-1.177843,1422.0019,2,3,sand,1.0000,1.100000,0,0,0.000000,0.000000,0.000000,0,nan,0.00,0.292915,0.3170,0.1081,0.154659,-0.7656,0.57,2.38,3.51,2.34,-0.055985,-6.1547,-1.5116,0.008000,0.067846,-0.4770,0.006390,-0.086634,-0.031787,-554.6515823380291,211.42048942482995,5639.562933477958,1959.443057419236,0.048107,0.015916,6540.7,6079.9,-0.006096,-0.006665,1.000000,3.5183,1.0000,,,,,
7.8720,1778655560.874455,656,20.772778,0.919913,0.173909,3.4728,0.1894,0.134146,20.681201,0.940241,0.170592,3.4835,20.784590,0.923411,0.174389,3.5093,0.1840,0.139023,-0.066131,0.1532,20.784590,0.994324,0.277038,5.0000,0.582475,-1.157272,1437.6223,2,3,sand,1.0000,1.100000,0,0,0.000000,0.000000,0.000000,0,nan,0.00,0.306153,0.3150,0.1116,0.161649,-0.7795,0.55,2.37,3.48,2.30,-0.044259,-6.0628,-1.5165,0.008000,0.134745,-0.0325,0.009091,-0.101554,-0.044127,261.44893741408475,825.3414588378266,5093.26561351639,1853.6406098579478,0.042190,0.015063,6547.7,6072.9,-0.010951,0.025435,-0.431847,3.5095,1.0000,,,,,
7.8840,1778655560.886622,657,20.784590,0.939598,0.166516,3.5618,0.1537,0.135058,20.721532,0.952042,0.172210,3.4774,20.796494,0.943010,0.166998,3.5193,0.1802,0.139924,-0.096497,0.1637,20.796494,0.997710,0.277251,5.0000,0.197673,-1.127670,1451.9217,2,3,sand,1.0000,1.100000,0,0,0.000000,0.000000,0.000000,0,nan,0.00,0.310646,0.3131,0.1150,0.164021,-0.7930,0.56,2.36,3.49,2.30,-0.032458,-5.9701,-1.5226,0.008000,0.112657,-0.3384,0.016248,-0.118911,-0.052920,689.0950025798733,1324.423731951001,5884.470300959155,2000.5128427022726,0.050994,0.016350,6555.4,6065.2,-0.016323,-0.001772,0.582475,3.5196,1.0000,,,,,
7.8960,1778655560.898479,658,20.679989,0.996609,0.169040,3.4128,0.1995,0.133986,20.761742,0.963986,0.173846,3.4686,20.691747,1.000035,0.169519,3.4985,0.1848,0.139703,-0.123911,0.1647,20.691747,0.968009,0.275335,5.0000,-1.000000,-1.061874,1389.6501,2,3,sand,1.0000,1.100000,0,0,0.000000,0.000000,0.000000,0,nan,0.00,0.287918,0.3112,0.1184,0.152021,-0.8058,0.56,2.35,3.47,2.31,-0.020514,-5.8763,-1.5314,0.008000,0.073782,-0.0495,-0.005092,-0.071478,-0.025525,1555.2951622578425,501.18387245353233,5921.522081558663,1821.7895185618647,0.051524,0.014897,6562.4,6058.2,-0.021185,0.043403,0.197673,3.4989,1.0000,,,,,
7.9080,1778655560.910465,659,20.799845,0.972403,0.184426,3.4517,0.1534,0.150041,20.801791,0.976262,0.175613,3.4602,20.811412,0.975961,0.184906,3.4892,0.1785,0.140472,-0.161154,0.1486,20.811412,1.001958,0.277515,5.0000,-1.000000,-1.005676,1421.0285,2,3,sand,1.0000,1.100000,0,0,0.000000,0.000000,0.000000,0,nan,0.00,0.265191,0.3093,0.1218,0.140021,-0.8179,0.55,2.35,3.44,2.32,-0.008238,-5.7751,-1.5398,0.008000,0.101103,0.2692,0.000584,-0.045040,-0.001956,1624.8160059004176,1138.3875044115111,4795.272614835988,2146.1419742490248,0.039389,0.017757,6571.8,6048.7,-0.027807,0.028255,-1.000000,3.4898,1.0000,,,,,
7.9200,1778655560.922562,660,20.829239,0.990683,0.174762,3.3910,0.1724,0.154125,20.841697,0.988782,0.177437,3.4546,20.840749,0.994118,0.175249,3.4701,0.1769,0.141706,-0.181520,0.1366,20.840749,1.010323,0.278024,5.0000,-0.383927,-0.955321,1410.2127,2,3,sand,1.0000,1.100000,0,0,0.000000,0.000000,0.000000,0,nan,0.00,0.256466,0.3075,0.1251,0.135414,-0.8293,0.55,2.34,3.43,2.29,0.004282,-5.6706,-1.5454,0.008000,0.019728,-0.3964,-0.024985,-0.056327,-0.006380,1222.9457813921154,1992.6486295602135,3270.816842947146,2335.541370040503,0.025499,0.019475,6577.1,6043.5,-0.031439,0.039811,-1.000000,3.4707,1.0000,,,,,
7.9320,1778655560.934441,661,20.925388,1.021910,0.181569,3.4257,0.1931,0.147940,20.881502,1.001379,0.179222,3.4494,20.936731,1.025400,0.182054,3.4613,0.1799,0.142398,-0.200712,0.1341,20.936731,1.037801,0.279600,5.0000,-0.415451,-0.926140,1435.6295,2,3,sand,1.0000,1.100000,0,0,0.000000,0.000000,0.000000,0,nan,0.00,0.247023,0.3056,0.1284,0.130428,-0.8404,0.53,2.35,3.42,2.41,-0.054621,-5.8065,-1.5506,0.008000,0.028939,0.5662,-0.038223,-0.048559,-0.001953,14.34798381742587,853.4492699195869,2474.042349854694,2282.1558080232567,0.018974,0.019083,6582.0,6038.6,-0.034863,0.024543,-0.383927,3.4620,1.0000,,,,,
7.9440,1778655560.946421,662,20.920929,1.046041,0.188018,3.4031,0.1107,0.142149,20.921241,1.013857,0.180923,3.4415,20.932125,1.049523,0.188498,3.4498,0.1672,0.141656,-0.221390,0.1290,20.932125,1.036478,0.279527,5.0000,-1.000000,-0.886155,1420.7989,2,3,sand,1.0000,1.100000,0,0,0.000000,0.000000,0.000000,0,nan,0.00,0.224296,0.3037,0.1317,0.118428,-0.8511,0.51,2.36,3.38,2.39,-0.042143,-5.7090,-1.5585,0.008000,0.152148,0.5077,-0.038933,-0.106125,-0.031488,-426.5367019301972,654.9286045980232,2265.923908409419,2693.6188409039005,0.017358,0.022853,6587.2,6033.3,-0.038536,0.030098,-0.415451,3.4506,1.0000,,,,,
7.9560,1778655560.958463,663,21.006387,1.115956,0.183654,3.4115,0.2715,0.141763,20.960863,1.026426,0.182686,3.4315,21.017598,1.119455,0.184132,3.4422,0.1853,0.140056,-0.242279,0.1150,21.017598,1.061074,0.280822,5.0000,-1.000000,-0.862918,1444.5289,2,3,sand,1.0000,1.100000,0,0,0.000000,0.000000,0.000000,0,nan,0.00,0.201569,0.3019,0.1349,0.106428,-0.8614,0.52,2.35,3.38,2.34,-0.029574,-5.6080,-1.5685,0.008000,0.104809,0.3900,-0.048284,-0.083434,-0.030746,81.83616913522394,-635.7945319341195,-98.43457093888844,2004.5733575782283,-0.000741,0.016826,6592.6,6028.0,-0.042247,0.026452,-1.000000,3.4430,1.0000,,,,,
7.9680,1778655560.970473,664,20.949423,0.996815,0.180872,3.3573,0.1779,0.146135,21.000333,1.039043,0.184455,3.4242,20.960560,1.000257,0.181349,3.4256,0.1826,0.139260,-0.253028,0.1030,20.960560,1.044647,0.279970,5.0000,1.000000,-0.811986,1403.3261,2,3,sand,1.0000,1.100000,0,0,0.000000,0.000000,0.000000,0,nan,0.00,0.224296,0.3001,0.1381,0.118428,-0.8712,0.51,2.47,3.49,3.13,-0.016957,-5.5066,-1.5758,0.008000,0.114547,0.0927,-0.082047,-0.073682,-0.021980,-52.167532097999924,1140.802971281424,-1732.2344857766134,2098.467588651561,-0.013224,0.017696,6595.3,6025.3,-0.044160,0.040814,-1.000000,3.4264,1.0000,,,,,
7.9800,1778655560.982510,665,21.066234,1.197251,0.190834,3.4165,0.1254,0.129931,21.039763,1.051440,0.186065,3.4175,21.077738,1.200885,0.191322,3.4236,0.1736,0.138658,-0.262642,0.1219,21.077738,1.078449,0.281668,5.0000,-1.000000,-0.814318,1447.8550,2,3,sand,1.0000,1.100000,0,0,0.000000,0.000000,0.000000,0,nan,0.00,0.201569,0.2982,0.1412,0.106428,-0.8809,0.52,2.56,3.60,3.11,-0.004560,-5.4144,-1.5825,0.008000,0.169033,-0.0097,-0.072399,-0.095599,-0.031425,-1352.3052136194062,263.7000920712496,416.2200101923179,2323.9626099229617,0.003148,0.019743,6597.8,6022.8,-0.045870,0.016243,1.000000,3.4245,1.0000,,,,,
7.9920,1778655560.994446,666,21.008327,1.134958,0.191004,3.5386,0.1492,0.128329,21.079134,1.063638,0.187581,3.4086,21.020183,1.138659,0.191493,3.4455,0.1678,0.134741,-0.289335,0.1028,21.020183,1.061819,0.280859,5.0000,-1.000000,-0.786322,1447.7569,2,3,sand,1.0000,1.100000,0,0,0.000000,0.000000,0.000000,0,nan,0.00,0.178842,0.2964,0.1443,0.094428,-0.8904,0.51,2.64,3.66,3.06,0.007638,-5.3275,-1.5914,0.008000,0.148555,0.4095,-0.057430,-0.103985,-0.036739,81.90634401962245,1309.924781365994,-754.0559434052205,2309.069109170946,-0.005740,0.019758,6604.5,6016.1,-0.050570,-0.023313,-1.000000,3.4466,1.0000,,,,,
8.0040,1778655561.006586,667,21.090076,1.238716,0.199810,3.3333,0.1584,0.129829,21.118333,1.075933,0.189158,3.3960,21.102116,1.242577,0.200302,3.4235,0.1646,0.131648,-0.316693,0.0908,21.102116,1.085507,0.281996,5.0000,-1.000000,-0.755096,1456.0614,2,3,sand,1.0000,1.100000,0,0,0.000000,0.000000,0.000000,0,nan,0.00,0.156114,0.2946,0.1473,0.082428,-0.8994,0.52,2.71,3.74,3.11,0.019933,-5.2372,-1.6040,0.008000,0.149089,0.9471,-0.056162,-0.048899,-0.000352,583.5444404145799,1418.9150833402246,-2203.3244900859327,2275.8490050602372,-0.017167,0.019624,6611.4,6009.1,-0.055406,0.039148,-1.000000,3.4247,1.0000,,,,,
8.0160,1778655561.018445,668,21.066167,1.027130,0.189162,3.3887,0.1716,0.136064,21.157372,1.088366,0.190784,3.3867,21.078443,1.030921,0.189659,3.4165,0.1642,0.129942,-0.331611,0.0787,21.078443,1.078652,0.281678,5.0000,1.000000,-0.699882,1434.7397,2,3,sand,1.0000,1.100000,0,0,0.000000,0.000000,0.000000,0,nan,0.00,0.178842,0.2929,0.1503,0.094428,-0.9078,0.51,2.77,3.79,3.09,-0.040134,-5.3292,-1.6133,0.008000,0.098115,-0.5923,-0.050411,-0.062258,-0.010189,505.02237212475836,475.4684885930434,-3653.8845713845767,2230.77359398229,-0.029646,0.019311,6615.2,6005.3,-0.058051,0.011861,-1.000000,3.4177,1.0000,,,,,
8.0280,1778655561.030551,669,21.209033,1.042023,0.202162,3.4364,0.1474,0.111042,21.196309,1.100658,0.192276,3.3759,21.221504,1.046016,0.202655,3.4199,0.1624,0.127552,-0.376715,0.0982,21.221504,1.120194,0.283475,5.0000,1.000000,-0.656181,1491.1053,2,3,sand,1.0000,1.100000,0,0,0.000000,0.000000,0.000000,0,nan,0.00,0.201569,0.2911,0.1532,0.106428,-0.9157,0.52,2.83,3.86,3.16,-0.027842,-5.2438,-1.6241,0.008000,0.068123,0.7249,-0.025819,-0.059627,-0.010859,-1983.2209727634481,540.8953915125388,-1800.02464227381,2048.5385838651823,-0.014155,0.017954,6626.7,5993.9,-0.066042,-0.002240,1.000000,3.4213,1.0000,,,,,
8.0400,1778655561.042451,670,21.341014,1.038771,0.180906,3.4049,0.1431,0.097290,21.235238,1.112438,0.193473,3.3692,21.353696,1.042491,0.181383,3.4166,0.1602,0.123246,-0.394511,0.1103,21.353696,1.158810,0.284959,5.0000,1.000000,-0.640607,1538.6075,2,3,sand,1.0000,1.100000,0,0,0.000000,0.000000,0.000000,0,nan,0.00,0.224296,0.2893,0.1561,0.118428,-0.9234,0.51,2.91,3.93,3.36,-0.016062,-5.1751,-1.6308,0.008000,0.118637,-0.8570,-0.018446,-0.055294,-0.011945,-1873.8751463311446,624.5086923346939,248.42914494761624,1799.7917689439514,0.001939,0.015806,6631.2,5989.3,-0.069209,0.001808,1.000000,3.4181,1.0000,,,,,
8.0520,1778655561.054434,671,21.316201,1.139374,0.191676,3.2774,0.2022,0.089338,21.274110,1.123947,0.194559,3.3604,21.328981,1.143283,0.192140,3.3893,0.1693,0.118707,-0.407342,0.1223,21.328981,1.151574,0.284680,5.0000,0.520236,-0.608442,1497.6443,2,3,sand,1.0000,1.100000,0,0,0.000000,0.000000,0.000000,0,nan,0.00,0.236120,0.2876,0.1589,0.124671,-0.9307,0.51,2.97,3.99,3.36,-0.004553,-5.1130,-1.6396,0.008000,0.056055,-0.5318,-0.032359,-0.021983,-0.002954,-952.0495666339907,470.42350042890666,1751.0164777151158,1146.92373427033,0.013894,0.010024,6634.5,5986.1,-0.071477,0.033536,1.000000,3.3909,1.0000,,,,,
8.0640,1778655561.066439,672,21.385538,1.177491,0.191501,3.4288,0.1707,0.091739,21.312857,1.135478,0.195680,3.3492,21.398524,1.181432,0.191954,3.3965,0.1705,0.115036,-0.424457,0.1267,21.398524,1.171954,0.285469,5.0000,-0.363160,-0.596815,1532.4644,2,3,sand,1.0000,1.100000,0,0,0.000000,0.000000,0.000000,0,nan,0.00,0.227866,0.2858,0.1617,0.120313,-0.9379,0.50,2.99,3.99,3.11,0.006978,-5.0487,-1.6508,0.008000,0.054513,-0.1870,-0.015413,0.009927,0.013210,1426.9224842618505,721.2994867377138,2769.0473516155275,829.2462107629592,0.022556,0.007276,6638.8,5981.7,-0.074515,-0.012590,0.520236,3.3982,1.0000,,,,,
8.0760,1778655561.078468,673,21.300521,1.127167,0.199130,3.2993,0.2207,0.100014,21.351381,1.147268,0.196928,3.3361,21.313452,1.131229,0.199574,3.3773,0.1792,0.112007,-0.450346,0.1189,21.313452,1.147031,0.284505,5.0000,0.209365,-0.533590,1477.2625,2,3,sand,1.0000,1.100000,0,0,0.000000,0.000000,0.000000,0,nan,0.00,0.232624,0.2841,0.1644,0.122826,-0.9443,0.50,3.02,4.01,3.15,0.018768,-4.9772,-1.6639,0.008000,0.024955,0.2333,-0.017106,-0.035796,-0.025750,1592.1107292570396,-194.80757313484207,1957.075114978026,344.96501476828917,0.015824,0.003053,6645.4,5975.2,-0.079092,0.025197,-0.363160,3.3791,1.0000,,,,,
8.0880,1778655561.090440,674,21.309587,1.239776,0.195785,3.3184,0.2812,0.112705,21.389718,1.159290,0.198268,3.3250,21.322505,1.243877,0.196233,3.3655,0.1980,0.112894,-0.471635,0.1237,21.322505,1.149679,0.284607,5.0000,-1.000000,-0.488092,1469.3253,2,3,sand,1.0000,1.100000,0,0,0.000000,0.000000,0.000000,0,nan,0.00,0.209897,0.2824,0.1670,0.110826,-0.9501,0.49,3.02,4.01,3.06,-0.042510,-5.0633,-1.6750,0.008000,0.111242,-0.2308,-0.025896,0.079597,0.036748,1019.6981889280189,631.6116788768967,1473.8437995325646,-293.2949768416305,0.011932,-0.002621,6650.9,5969.7,-0.082895,0.011671,0.209365,3.3673,1.0000,,,,,
8.1000,1778655561.102534,675,21.464120,1.207309,0.201524,3.2689,0.1648,0.119672,21.427855,1.171471,0.199680,3.3112,21.476981,1.211456,0.201975,3.3463,0.1902,0.112333,-0.490567,0.1068,21.476981,1.195018,0.286372,5.0000,-0.475463,-0.460375,1504.9180,2,3,sand,1.0000,1.100000,0,0,0.000000,0.000000,0.000000,0,nan,0.00,0.199091,0.2807,0.1696,0.105120,-0.9556,0.49,3.06,4.05,3.26,-0.030329,-4.9824,-1.6888,0.008000,0.116357,0.0438,-0.064387,0.058029,0.028337,814.036304822883,141.58868623778244,51.83829136190399,18.683278081971125,0.000419,0.000169,6655.7,5964.9,-0.086269,0.023350,-1.000000,3.3483,1.0000,,,,,
8.1120,1778655561.114547,676,21.471766,1.193412,0.209239,3.1968,0.2142,0.121725,21.465819,1.183765,0.201136,3.3000,21.484636,1.197710,0.209701,3.3169,0.1935,0.113112,-0.503599,0.1032,21.484636,1.197273,0.286461,5.0000,0.079190,-0.416323,1475.1156,2,3,sand,1.0000,1.100000,0,0,0.000000,0.000000,0.000000,0,nan,0.00,0.200891,0.2790,0.1721,0.106070,-0.9606,0.50,3.07,4.07,3.11,-0.018035,-4.8990,-1.7000,0.008000,0.143040,0.1687,-0.069082,0.122898,0.070223,91.20335257185343,393.6960684182178,-1025.8139933398609,-24.4112405606614,-0.008379,-0.000222,6659.0,5961.5,-0.088585,0.040818,-0.475463,3.3190,1.0000,,,,,
8.1240,1778655561.126519,677,21.529621,1.086933,0.202523,3.2263,0.2547,0.118630,21.503638,1.195979,0.202542,3.2868,21.542500,1.091199,0.202991,3.2989,0.2042,0.114060,-0.528014,0.1064,21.542500,1.214338,0.287108,5.0000,1.000000,-0.360799,1477.0679,2,3,sand,1.0000,1.100000,0,0,0.000000,0.000000,0.000000,0,nan,0.00,0.223618,0.2773,0.1745,0.118070,-0.9650,0.51,3.09,4.11,3.22,-0.005821,-4.8184,-1.7132,0.008000,0.134299,0.0152,-0.078749,0.012014,-0.009441,-1123.5544548494038,-202.25579960076277,-1423.7217996090762,-350.07084324358124,-0.011818,-0.003224,6665.3,5955.3,-0.092926,0.030213,0.079190,3.3010,1.0000,,,,,
8.1360,1778655561.138504,678,21.540267,1.236024,0.203910,3.3167,0.1311,0.102762,21.541372,1.207876,0.203789,3.2764,21.553219,1.240267,0.204375,3.3019,0.1922,0.113849,-0.542999,0.1222,21.553219,1.217504,0.287218,5.0000,-0.787493,-0.338452,1484.3049,2,3,sand,1.0000,1.100000,0,0,0.000000,0.000000,0.000000,0,nan,0.00,0.205721,0.2756,0.1769,0.108620,-0.9690,0.50,3.12,4.13,3.26,0.006076,-4.7470,-1.7236,0.008000,0.078551,-0.7124,-0.074844,-0.022840,-0.025347,-1400.7147536189968,321.3763388735831,704.3070425950156,1.1444435385316976,0.005849,0.000011,6669.1,5951.5,-0.095611,-0.005169,1.000000,3.3041,1.0000,,,,,
8.1480,1778655561.150485,679,21.575464,1.229600,0.197975,3.3212,0.1369,0.103358,21.578982,1.219625,0.204982,3.2613,21.588545,1.233732,0.198431,3.3050,0.1806,0.110459,-0.570855,0.1054,21.588545,1.227945,0.287554,5.0000,0.292688,-0.307781,1500.5807,2,3,sand,1.0000,1.100000,0,0,0.000000,0.000000,0.000000,0,nan,0.00,0.212373,0.2740,0.1792,0.112133,-0.9727,0.50,3.11,4.11,3.05,0.017825,-4.6786,-1.7387,0.008000,0.126994,0.0213,-0.066573,-0.082553,-0.060094,467.2279632429829,434.81559087382095,71.7865154548421,246.97954893414337,0.000604,0.002334,6676.2,5944.4,-0.100543,-0.009426,-0.787493,3.3074,1.0000,,,,,
8.1600,1778655561.162371,680,21.617873,1.277139,0.210342,3.1702,0.2635,0.109241,21.616349,1.231593,0.206287,3.2465,21.630682,1.281439,0.210795,3.2784,0.1958,0.110897,-0.591538,0.1133,21.630682,1.240415,0.287906,5.0000,-1.000000,-0.267965,1487.9065,2,3,sand,1.0000,1.100000,0,0,0.000000,0.000000,0.000000,0,nan,0.00,0.189645,0.2723,0.1814,0.100133,-0.9759,0.49,3.10,4.09,3.07,0.029793,-4.6039,-1.7535,0.008000,0.044312,0.3189,-0.064687,-0.002286,-0.016566,1026.2059055986792,1778.9852013374452,-157.9701649145407,-274.6852817703307,-0.001345,-0.002631,6681.5,5939.1,-0.104219,0.037521,0.292688,3.2808,1.0000,,,,,
8.1720,1778655561.174466,681,21.661379,1.170085,0.205209,3.1895,0.1967,0.110544,21.653519,1.243650,0.207600,3.2324,21.674116,1.174286,0.205657,3.2607,0.1938,0.108809,-0.609655,0.0960,21.674116,1.253285,0.288212,5.0000,1.000000,-0.218168,1484.2357,2,3,sand,1.0000,1.100000,0,0,0.000000,0.000000,0.000000,0,nan,0.00,0.212373,0.2707,0.1835,0.112133,-0.9786,0.49,3.12,4.11,3.26,-0.032150,-4.6416,-1.7676,0.008000,0.130092,0.0593,-0.087952,0.003926,-0.012326,403.01607908664175,1020.073008498221,-1592.8834118616087,-267.31768147564156,-0.013887,-0.002593,6686.1,5934.5,-0.107447,0.025447,-1.000000,3.2632,1.0000,,,,,
8.1840,1778655561.186466,682,21.738770,1.215474,0.212740,3.2355,0.2660,0.108551,21.690539,1.255669,0.208871,3.2224,21.751489,1.219841,0.213193,3.2552,0.2080,0.110684,-0.626397,0.1162,21.751489,1.276242,0.288618,5.0000,1.000000,-0.192993,1507.3268,2,3,sand,1.0000,1.100000,0,0,0.000000,0.000000,0.000000,0,nan,0.00,0.235100,0.2691,0.1856,0.124133,-0.9809,0.49,3.11,4.09,3.05,-0.020131,-4.5688,-1.7776,0.008000,0.107277,0.0488,-0.071781,0.013852,-0.014425,-840.569797791113,1520.7249987413252,-675.9975061455799,-698.1888603256946,-0.005896,-0.006876,6690.4,5930.2,-0.110439,0.004224,1.000000,3.2578,1.0000,,,,,
8.1960,1778655561.198459,683,21.744576,1.249075,0.214735,3.2349,0.1903,0.095158,21.727494,1.267343,0.209965,3.2099,21.757215,1.253418,0.215177,3.2508,0.2058,0.109770,-0.633958,0.1282,21.757215,1.277942,0.288642,5.0000,0.191986,-0.175478,1504.7331,2,3,sand,1.0000,1.100000,0,0,0.000000,0.000000,0.000000,0,nan,0.00,0.239463,0.2674,0.1875,0.126437,-0.9830,0.48,3.10,4.07,3.06,-0.008457,-4.5062,-1.7901,0.008000,0.135506,0.5455,-0.062479,0.069021,0.022619,-1806.4340169419834,239.98959341898194,973.2834233261649,-726.3015859817734,0.008555,-0.007196,6692.3,5928.3,-0.111792,-0.001534,1.000000,3.2534,1.0000,,,,,
8.2080,1778655561.210482,684,21.775700,1.256030,0.212354,3.2055,0.1856,0.089103,21.764312,1.278857,0.211020,3.1960,21.788262,1.260280,0.212782,3.2415,0.2021,0.106763,-0.648085,0.1272,21.788262,1.287163,0.288779,5.0000,0.178496,-0.153781,1506.3151,2,3,sand,1.0000,1.100000,0,0,0.000000,0.000000,0.000000,0,nan,0.00,0.243520,0.2658,0.1895,0.128579,-0.9848,0.48,3.10,4.06,3.05,0.003057,-4.4457,-1.8040,0.008000,0.060839,-0.0207,-0.050864,0.033433,-0.002039,177.35220100894884,349.9018076838007,1508.3711541892242,-778.7420055207989,0.013487,-0.007806,6695.9,5924.7,-0.114300,0.004837,0.191986,3.2441,1.0000,,,,,
8.2200,1778655561.222468,685,21.795507,1.365715,0.217956,3.1891,0.2036,0.098345,21.800916,1.290495,0.212153,3.1792,21.807964,1.370008,0.218379,3.2307,0.2025,0.106089,-0.674454,0.1293,21.807964,1.293018,0.288871,5.0000,-1.000000,-0.124190,1503.8385,2,3,sand,1.0000,1.100000,0,0,0.000000,0.000000,0.000000,0,nan,0.00,0.220793,0.2642,0.1913,0.116579,-0.9863,0.48,3.10,4.05,3.11,0.014695,-4.3808,-1.8208,0.008000,0.063801,-0.1432,-0.031024,0.033258,-0.003088,1068.2736234235958,341.66347878992985,1716.279018766021,-823.4328939315585,0.015717,-0.008442,6702.6,5918.0,-0.118972,0.006198,0.178496,3.2335,1.0000,,,,,
8.2320,1778655561.234519,686,21.783745,1.381432,0.213862,3.1590,0.2111,0.113534,21.837235,1.302474,0.213472,3.1629,21.796194,1.385681,0.214290,3.2162,0.2021,0.105889,-0.695627,0.1125,21.796194,1.289520,0.288815,5.0000,-1.000000,-0.079844,1484.1311,2,3,sand,1.0000,1.100000,0,0,0.000000,0.000000,0.000000,0,nan,0.00,0.198065,0.2626,0.1930,0.104579,-0.9873,0.48,3.13,4.10,3.33,0.026674,-4.3052,-1.8371,0.008000,0.188380,-0.2405,-0.025243,-0.044186,-0.052955,1670.626776393557,744.7517380621703,185.94172103483075,-753.3676836361669,0.001704,-0.007865,6708.0,5912.6,-0.122731,0.008057,-1.000000,3.2190,1.0000,,,,,
8.2440,1778655561.246477,687,21.919857,1.323028,0.209219,3.0548,0.1843,0.116760,21.873328,1.314691,0.214874,3.1500,21.932324,1.327224,0.209657,3.1844,0.1969,0.106086,-0.705926,0.1005,21.932324,1.330020,0.289565,5.0000,0.487748,-0.048594,1499.4684,2,3,sand,1.0000,1.100000,0,0,0.000000,0.000000,0.000000,0,nan,0.00,0.209151,0.2610,0.1947,0.110432,-0.9879,0.48,3.14,4.10,3.15,0.038891,-4.2249,-1.8500,0.008000,0.057350,-0.3490,-0.058602,0.028166,-0.000631,684.1114212943737,572.4524230608155,-1218.5465589142157,-520.987468520853,-0.011364,-0.005480,6710.7,5909.9,-0.124580,0.033711,-1.000000,3.1873,1.0000,,,,,
8.2560,1778655561.258468,688,21.841211,1.312280,0.211574,3.1683,0.2468,0.117324,21.909237,1.326833,0.216222,3.1339,21.853632,1.316550,0.212021,3.1806,0.2062,0.109007,-0.727571,0.1124,21.853632,1.306595,0.289104,5.0000,-0.120487,0.004505,1466.2670,2,3,sand,1.0000,1.100000,0,0,0.000000,0.000000,0.000000,0,nan,0.00,0.206412,0.2595,0.1963,0.108986,-0.9878,0.48,3.13,4.09,3.10,-0.023367,-4.2284,-1.8661,0.008000,0.065017,0.1130,-0.062823,0.032856,-0.002084,-1275.0742842011223,348.2892347415508,-989.9538336906937,-672.5060902189483,-0.009387,-0.007237,6716.2,5904.4,-0.128425,-0.001973,0.487748,3.1836,1.0000,,,,,
8.2680,1778655561.270491,689,21.984851,1.324147,0.216858,3.2437,0.1402,0.091595,21.945029,1.338664,0.217408,3.1198,21.997320,1.328423,0.217291,3.1922,0.1936,0.105746,-0.743604,0.1085,21.997320,1.349400,0.290002,5.0000,0.752893,0.011853,1532.4523,2,3,sand,1.0000,1.100000,0,0,0.000000,0.000000,0.000000,0,nan,0.00,0.223523,0.2579,0.1978,0.118020,-0.9877,0.49,3.29,4.26,4.18,-0.011536,-4.1604,-1.8802,0.008000,0.072756,-0.2107,-0.022702,0.044088,0.011760,-2125.7651647184025,1057.410044329008,-479.1784539357241,-441.7802385769876,-0.004594,-0.004825,6720.3,5900.3,-0.131294,-0.034589,-0.120487,3.1952,1.0000,,,,,
8.2800,1778655561.282455,690,21.962806,1.269973,0.219637,3.0605,0.1784,0.090240,21.980687,1.350209,0.218499,3.1047,21.975624,1.274394,0.220078,3.1659,0.1916,0.104600,-0.759276,0.1212,21.975624,1.342928,0.289850,5.0000,1.000000,0.056537,1496.1160,2,3,sand,1.0000,1.100000,0,0,0.000000,0.000000,0.000000,0,nan,0.00,0.246251,0.2564,0.1993,0.130020,-0.9870,0.48,3.26,4.23,3.12,0.000009,-4.0979,-1.8953,0.008000,0.022509,0.0481,-0.029477,-0.021334,-0.032615,-1414.6941092234931,-301.4495581226647,621.9496794985749,-485.97496398990234,0.006065,-0.005401,6724.3,5896.3,-0.134067,0.021533,0.752893,3.1691,1.0000,,,,,
8.2920,1778655561.294500,691,22.045165,1.375607,0.222200,3.1383,0.2113,0.084346,22.016214,1.361559,0.219514,3.0904,22.057899,1.380041,0.222629,3.1600,0.1965,0.103310,-0.749800,0.1343,22.057899,1.367492,0.290404,5.0000,-1.000000,0.045732,1521.2814,2,3,sand,1.0000,1.100000,0,0,0.000000,0.000000,0.000000,0,nan,0.00,0.223523,0.2548,0.2006,0.118020,-0.9864,0.49,3.23,4.21,3.06,0.011359,-4.0397,-1.9096,0.008000,0.046670,-0.2201,-0.028473,-0.012803,-0.032218,-371.9324891054011,172.15765411221423,1876.5442275719652,-768.1289077201573,0.018495,-0.008475,6721.9,5898.7,-0.132427,-0.012119,1.000000,3.1632,1.0000,,,,,
8.3040,1778655561.306465,692,22.015676,1.294141,0.220772,3.1194,0.1077,0.092922,22.051515,1.373057,0.220653,3.0738,22.028281,1.298421,0.221188,3.1515,0.1787,0.099884,-0.765322,0.1138,22.028281,1.358643,0.290216,5.0000,1.000000,0.075442,1500.6516,2,3,sand,1.0000,1.100000,0,0,0.000000,0.000000,0.000000,0,nan,0.00,0.246251,0.2533,0.2019,0.130020,-0.9855,0.48,3.20,4.17,3.05,0.022857,-3.9745,-1.9262,0.008000,0.082865,-0.3750,-0.031823,-0.017255,-0.025032,1640.6873303851296,-537.7368029583826,1231.1322495668867,-332.3438176110174,0.012173,-0.003716,6725.8,5894.7,-0.135159,-0.013337,-1.000000,3.1547,1.0000,,,,,
8.3160,1778655561.318582,693,22.046590,1.338609,0.230664,3.0698,0.1892,0.103672,22.086555,1.384783,0.221893,3.0569,22.059097,1.343029,0.231089,3.1349,0.1824,0.103022,-0.790967,0.1342,22.059097,1.367850,0.290411,5.0000,-0.444067,0.115369,1495.1200,2,3,sand,1.0000,1.100000,0,0,0.000000,0.000000,0.000000,0,nan,0.00,0.236158,0.2518,0.2031,0.124692,-0.9841,0.50,3.20,4.20,3.15,0.034583,-3.9035,-1.9431,0.008000,0.055135,0.3245,-0.037635,-0.017510,-0.025551,1226.0396986101534,909.7928292340844,2156.2094403526094,-325.4137665558694,0.022455,-0.003752,6732.4,5888.2,-0.139709,0.009336,1.000000,3.1383,1.0000,,,,,
8.3280,1778655561.330476,694,22.063751,1.385886,0.236856,3.0288,0.1753,0.099329,22.121422,1.396435,0.223071,3.0401,22.076095,1.390333,0.237277,3.1137,0.1802,0.101782,-0.813743,0.1228,22.076095,1.372930,0.290512,5.0000,-1.000000,0.162243,1479.9782,2,3,sand,1.0000,1.100000,0,0,0.000000,0.000000,0.000000,0,nan,0.00,0.213431,0.2502,0.2043,0.112692,-0.9822,0.50,3.17,4.17,3.05,0.046235,-3.8359,-1.9599,0.008000,0.097268,0.5555,-0.045598,0.043161,0.016020,115.20711046914585,182.01401267726487,1584.7852867736904,-285.5664966917021,0.016728,-0.003392,6738.2,5882.4,-0.143759,0.010994,-0.444067,3.1171,1.0000,,,,,
8.3400,1778655561.342464,695,22.077938,1.421425,0.230962,2.9892,0.1436,0.115346,22.155999,1.408330,0.224419,3.0237,22.090092,1.425716,0.231386,3.0890,0.1720,0.102485,-0.814470,0.1085,22.090092,1.377116,0.290590,5.0000,-1.000000,0.193268,1460.0340,2,3,sand,1.0000,1.100000,0,0,0.000000,0.000000,0.000000,0,nan,0.00,0.190704,0.2487,0.2053,0.100692,-0.9799,0.49,3.20,4.17,3.32,-0.016670,-3.8281,-1.9763,0.008000,0.063794,0.5076,-0.053931,0.053948,0.031313,1312.3691928909777,295.50506389971883,435.1807709175437,49.89733719942498,0.004520,0.000593,6738.4,5882.2,-0.143921,0.014451,-1.000000,3.0923,1.0000,,,,,
8.3520,1778655561.354400,696,22.195238,1.495811,0.223390,2.9613,0.2166,0.118930,22.190353,1.420385,0.225831,3.0090,22.207327,1.500034,0.223823,3.0635,0.1782,0.103487,-0.828940,0.0965,22.207327,1.412211,0.291107,5.0000,-1.000000,0.209773,1477.9017,2,3,sand,1.0000,1.100000,0,0,0.000000,0.000000,0.000000,0,nan,0.00,0.167976,0.2472,0.2063,0.088692,-0.9774,0.48,3.23,4.18,3.41,-0.004615,-3.7472,-1.9910,0.008000,0.077130,0.1797,-0.046575,0.012166,0.000357,415.1208112209141,720.5248260756138,-1192.154345903334,-29.583263317125574,-0.012744,-0.000359,6742.1,5878.5,-0.146499,0.016508,-1.000000,3.0670,1.0000,,,,,
8.3640,1778655561.366488,697,22.245348,1.467985,0.234466,3.0034,0.1471,0.115821,22.224488,1.432427,0.227226,2.9911,22.257471,1.472352,0.234909,3.0511,0.1705,0.103414,-0.841722,0.0845,22.257471,1.427240,0.291251,5.0000,-1.000000,0.232135,1483.1379,2,3,sand,1.0000,1.100000,0,0,0.000000,0.000000,0.000000,0,nan,0.00,0.145249,0.2458,0.2072,0.076692,-0.9746,0.48,3.23,4.20,3.23,0.007427,-3.6673,-2.0089,0.008000,0.104713,0.6828,-0.053219,0.007056,0.003846,-449.8421950833184,1087.4648338284271,-2153.5126695460963,237.16226429152772,-0.024081,0.002933,6745.4,5875.2,-0.148770,-0.000353,-1.000000,3.0547,1.0000,,,,,
8.3760,1778655561.378369,698,22.312398,1.514365,0.224012,3.0713,0.1505,0.112664,22.258419,1.444336,0.228566,2.9715,22.324545,1.518575,0.224454,3.0543,0.1647,0.102621,-0.863643,0.0725,22.324545,1.447352,0.291397,5.0000,-1.000000,0.245875,1511.8466,2,3,sand,1.0000,1.100000,0,0,0.000000,0.000000,0.000000,0,nan,0.00,0.122522,0.2443,0.2080,0.064692,-0.9716,0.48,3.22,4.17,3.14,0.019336,-3.5905,-2.0285,0.008000,0.082256,-0.2564,-0.059990,-0.009464,-0.004005,-1015.8232440441178,723.4907058019973,-2908.23697861007,391.74240145293425,-0.034966,0.005022,6750.9,5869.6,-0.152656,-0.026739,-1.000000,3.0579,1.0000,,,,,
8.3880,1778655561.390483,699,22.371322,1.403960,0.218000,2.9198,0.0964,0.102941,22.292144,1.456087,0.229833,2.9524,22.383378,1.407993,0.218432,3.0275,0.1501,0.099887,-0.881152,0.0605,22.383378,1.465001,0.291492,5.0000,1.000000,0.286897,1505.6198,2,3,sand,1.0000,1.100000,0,0,0.000000,0.000000,0.000000,0,nan,0.00,0.145249,0.2428,0.2087,0.076692,-0.9682,0.48,3.20,4.16,3.12,0.031087,-3.5179,-2.0476,0.008000,0.101945,-0.8554,-0.059120,-0.054055,-0.025839,-1473.5019707910874,1131.3230393935937,-3335.4596541502947,690.8225145548009,-0.042739,0.009165,6755.4,5865.2,-0.155757,0.019305,-1.000000,3.0311,1.0000,,,,,
8.4000,1778655561.402514,700,22.281721,1.493066,0.227604,2.9411,0.1566,0.086053,22.325740,1.467463,0.230911,2.9369,22.293670,1.497184,0.228025,3.0100,0.1522,0.098542,-0.880402,0.0809,22.293670,1.438093,0.291335,5.0000,-0.490128,0.322382,1455.5323,2,3,sand,1.0000,1.100000,0,0,0.000000,0.000000,0.000000,0,nan,0.00,0.134110,0.2413,0.2094,0.070810,-0.9643,0.49,3.23,4.21,3.42,0.042463,-3.4562,-2.0631,0.008000,0.072924,-0.3266,-0.071523,-0.015619,-0.003410,-2480.641638325277,526.9695857694154,-2418.6321718122426,516.2506687721858,-0.029244,0.006825,6755.2,5865.3,-0.155655,0.004816,1.000000,3.0137,1.0000,,,,,
8.4120,1778655561.414456,701,22.327649,1.397477,0.226279,2.9377,0.1436,0.074386,22.359231,1.478466,0.231838,2.9201,22.339644,1.401546,0.226678,2.9952,0.1488,0.092456,-0.895352,0.0687,22.339644,1.451881,0.291424,5.0000,1.000000,0.364278,1457.1048,2,3,sand,1.0000,1.100000,0,0,0.000000,0.000000,0.000000,0,nan,0.00,0.156837,0.2399,0.2100,0.082810,-0.9599,0.49,3.23,4.20,3.23,0.053466,-3.4030,-2.0799,0.008000,0.010049,-0.4077,-0.076324,-0.045261,-0.028721,-1844.524659655742,-603.2089356930937,-2544.4422687439487,329.256159539287,-0.031915,0.004468,6759.1,5861.5,-0.158322,-0.002268,-0.490128,2.9990,1.0000,,,,,
8.4240,1778655561.426450,702,22.346354,1.534014,0.237367,2.9517,0.0388,0.073039,22.392583,1.489187,0.232672,2.9046,22.358276,1.538097,0.237751,2.9860,0.1303,0.090418,-0.911509,0.0870,22.358276,1.457471,0.291455,5.0000,-1.000000,0.388780,1456.2370,2,3,sand,1.0000,1.100000,0,0,0.000000,0.000000,0.000000,0,nan,0.00,0.134110,0.2385,0.2105,0.070810,-0.9553,0.48,3.26,4.22,3.40,-0.010813,-3.3756,-2.0954,0.008000,0.082819,-0.2976,-0.066574,-0.053075,-0.023615,-1893.5482273124821,-1563.1616680056666,-847.9059633910015,652.1208969351723,-0.010355,0.009181,6763.2,5857.4,-0.161206,-0.016530,1.000000,2.9898,1.0000,,,,,
8.4360,1778655561.438453,703,22.478222,1.450092,0.233980,2.9032,0.0874,0.065829,22.425763,1.499778,0.233498,2.8868,22.490170,1.454062,0.234342,2.9692,0.1205,0.083624,-0.919465,0.0666,22.490170,1.497050,0.291584,5.0000,1.000000,0.403808,1486.4343,2,3,sand,1.0000,1.100000,0,0,0.000000,0.000000,0.000000,0,nan,0.00,0.156837,0.2370,0.2109,0.082810,-0.9504,0.48,3.28,4.24,3.41,-0.000222,-3.3283,-2.1132,0.008000,0.119709,-0.7354,-0.060027,-0.027005,-0.005279,661.8778138832411,-2152.6366795321187,-1372.3188613307261,634.1984256791607,-0.017253,0.009082,6765.2,5855.3,-0.162630,-0.003381,-1.000000,2.9731,1.0000,,,,,
8.4480,1778655561.450378,704,22.450310,1.528657,0.229730,2.8786,0.0927,0.066247,22.458708,1.510463,0.234402,2.8737,22.462207,1.532520,0.230079,2.9510,0.1172,0.082302,-0.896306,0.0870,22.462207,1.488657,0.291570,5.0000,-0.261751,0.394720,1458.0001,2,3,sand,1.0000,1.100000,0,0,0.000000,0.000000,0.000000,0,nan,0.00,0.150888,0.2356,0.2113,0.079669,-0.9457,0.47,3.29,4.23,3.36,0.010463,-3.2765,-2.1263,0.008000,0.070384,-0.5730,-0.053679,-0.010168,0.005596,-1532.6274681016741,301.0670850628786,-137.44387571224817,637.8867179544773,-0.001619,0.008710,6759.4,5861.2,-0.158553,-0.005439,1.000000,2.9548,1.0000,,,,,
8.4600,1778655561.462388,705,22.457991,1.531609,0.238287,2.7507,0.1144,0.062275,22.491530,1.520865,0.235173,2.8545,22.469725,1.535513,0.238620,2.9113,0.1159,0.077862,-0.931606,0.0786,22.469725,1.490913,0.291574,5.0000,-0.652342,0.449060,1423.1308,2,3,sand,1.0000,1.100000,0,0,0.000000,0.000000,0.000000,0,nan,0.00,0.136062,0.2342,0.2115,0.071841,-0.9403,0.47,3.28,4.22,3.22,0.020865,-3.2323,-2.1455,0.008000,0.071416,0.4201,-0.066387,0.011519,0.017301,-835.9514634155089,20.163519940172364,-276.1856713202566,448.9170983551591,-0.003497,0.006588,6768.3,5852.3,-0.164779,0.038105,-0.261751,2.9153,1.0000,,,,,
8.4720,1778655561.474490,706,22.573761,1.484403,0.229138,2.8751,0.1276,0.078731,22.524056,1.531427,0.236081,2.8329,22.585502,1.488194,0.229468,2.9035,0.1167,0.076522,-0.944000,0.0691,22.585502,1.525662,0.291554,5.0000,1.000000,0.475799,1456.5274,2,3,sand,1.0000,1.100000,0,0,0.000000,0.000000,0.000000,0,nan,0.00,0.158790,0.2328,0.2117,0.083841,-0.9346,0.47,3.30,4.25,3.38,0.031427,-3.1803,-2.1671,0.008000,0.088803,-0.7641,-0.060606,0.006415,0.011642,496.9140294768339,-620.2870063974264,-927.5983518921406,383.2392483734451,-0.012205,0.005793,6771.5,5849.1,-0.167008,-0.007109,-0.652342,2.9075,1.0000,,,,,
8.4840,1778655561.486523,707,22.550554,1.519751,0.234923,2.8836,0.1064,0.079072,22.556321,1.542040,0.237003,2.8138,22.562342,1.523636,0.235259,2.8988,0.1165,0.078621,-0.959898,0.0881,22.562342,1.518712,0.291574,5.0000,0.861930,0.507271,1444.1279,2,3,sand,1.0000,1.100000,0,0,0.000000,0.000000,0.000000,0,nan,0.00,0.178379,0.2314,0.2119,0.094184,-0.9285,0.48,3.33,4.30,3.51,0.042040,-3.1275,-2.1862,0.008000,0.108853,0.2058,-0.066257,0.017392,0.020575,-1566.1748937524972,686.6216605584016,36.36671553645341,418.162166456913,0.000493,0.006594,6775.6,5845.0,-0.169838,-0.019075,1.000000,2.9029,1.0000,,,,,
8.4960,1778655561.498444,708,22.533850,1.564214,0.241019,2.7229,0.1156,0.068509,22.588426,1.552346,0.237769,2.7974,22.545549,1.568155,0.241352,2.8639,0.1176,0.078144,-0.971263,0.0979,22.545549,1.513671,0.291584,5.0000,-1.000000,0.552567,1406.1756,2,3,sand,1.0000,1.100000,0,0,0.000000,0.000000,0.000000,0,nan,0.00,0.155652,0.2300,0.2119,0.082184,-0.9219,0.48,3.31,4.27,3.20,0.052346,-3.0836,-2.2026,0.008000,0.145724,0.7044,-0.072753,-0.044082,-0.025429,-2003.6660593222236,-83.8161432979075,780.434412949849,336.6017214727584,0.011017,0.005479,6778.5,5842.1,-0.171870,0.020836,0.861930,2.8680,1.0000,,,,,
8.5080,1778655561.510484,709,22.675034,1.515572,0.234882,2.7681,0.0908,0.059038,22.620363,1.562435,0.238459,2.7770,22.686630,1.519350,0.235195,2.8445,0.1110,0.072867,-0.985419,0.0779,22.686630,1.556002,0.291363,5.0000,1.000000,0.580311,1437.0087,2,3,sand,1.0000,1.100000,0,0,0.000000,0.000000,0.000000,0,nan,0.00,0.178379,0.2286,0.2119,0.094184,-0.9149,0.48,3.34,4.30,3.52,0.062435,-3.0440,-2.2230,0.008000,0.122053,-0.0193,-0.074921,0.006004,0.009722,-311.91994774583475,176.40433049983017,144.6096284333135,301.847989998197,0.002115,0.005135,6782.1,5838.4,-0.174402,0.003551,-1.000000,2.8487,1.0000,,,,,
8.5200,1778655561.522572,710,22.710294,1.519517,0.238177,2.7810,0.1158,0.052974,22.652066,1.572424,0.239131,2.7567,22.721971,1.523358,0.238483,2.8313,0.1139,0.071801,-0.994693,0.0985,22.721971,1.566599,0.291257,5.0000,1.000000,0.603794,1437.2766,2,3,sand,1.0000,1.100000,0,0,0.000000,0.000000,0.000000,0,nan,0.00,0.201106,0.2272,0.2117,0.106184,-0.9077,0.49,3.32,4.30,3.21,-0.002576,-2.9810,-2.2433,0.008000,0.092733,0.0967,-0.071931,-0.042690,-0.028934,-706.5546048197177,-255.5953716093751,1022.2921701507428,138.8216746160575,0.015671,0.002435,6784.5,5836.1,-0.176066,-0.002812,1.000000,2.8356,1.0000,,,,,
8.5320,1778655561.534513,711,22.751193,1.656772,0.241960,2.7429,0.1151,0.048827,22.683566,1.582269,0.239764,2.7372,22.762727,1.660606,0.242252,2.8133,0.1159,0.070058,-1.001977,0.1105,22.762727,1.578814,0.291112,5.0000,-1.000000,0.611676,1436.3536,2,3,sand,1.0000,1.100000,0,0,0.000000,0.000000,0.000000,0,nan,0.00,0.178379,0.2259,0.2116,0.094184,-0.9003,0.49,3.29,4.27,3.12,0.007269,-2.9447,-2.2628,0.008000,0.115781,-0.1212,-0.079160,0.022784,0.010876,-247.33957717077368,-2419.5468560517825,1787.450321564089,-11.17397145755871,0.029233,-0.000201,6786.4,5834.2,-0.177367,0.004084,1.000000,2.8176,1.0000,,,,,
8.5440,1778655561.546420,712,22.674199,1.635739,0.244524,2.6550,0.1387,0.057284,22.714834,1.592183,0.240475,2.7199,22.685457,1.639523,0.244801,2.7819,0.1183,0.066288,-1.001895,0.0899,22.685457,1.555650,0.291366,5.0000,-1.000000,0.649659,1380.8253,2,3,sand,1.0000,1.100000,0,0,0.000000,0.000000,0.000000,0,nan,0.00,0.155652,0.2245,0.2113,0.082184,-0.8925,0.48,3.29,4.26,3.31,0.017183,-2.9040,-2.2801,0.008000,0.126598,0.0642,-0.093090,-0.023543,-0.027546,2246.2438609244,436.1219920425508,985.0928024460122,-166.61683218277906,0.015488,-0.003001,6786.4,5834.2,-0.177354,0.022297,-1.000000,2.7862,1.0000,,,,,
8.5560,1778655561.558475,713,22.737201,1.526090,0.247197,2.7368,0.1732,0.073012,22.745782,1.602445,0.241378,2.7024,22.748419,1.529945,0.247478,2.7724,0.1265,0.066073,-0.994898,0.0779,22.748419,1.574526,0.291165,5.0000,1.000000,0.666497,1392.2990,2,3,sand,1.0000,1.100000,0,0,0.000000,0.000000,0.000000,0,nan,0.00,0.178379,0.2232,0.2109,0.094184,-0.8845,0.48,3.30,4.27,3.35,0.027445,-2.8523,-2.2976,0.008000,0.096180,0.5606,-0.086728,0.017599,-0.004326,876.0464238780703,1045.1818297324544,-106.69773229481515,-329.59910038956224,-0.001612,-0.005801,6784.6,5835.9,-0.176148,-0.016148,-1.000000,2.7766,1.0000,,,,,
8.5680,1778655561.570577,714,22.766983,1.660130,0.244435,2.6735,0.0979,0.072617,22.776477,1.612831,0.242324,2.6844,22.778226,1.663961,0.244728,2.7524,0.1231,0.069370,-0.993691,0.0985,22.778226,1.583457,0.291055,5.0000,-1.000000,0.665883,1385.5814,2,3,sand,1.0000,1.100000,0,0,0.000000,0.000000,0.000000,0,nan,0.00,0.155652,0.2218,0.2105,0.082184,-0.8765,0.50,3.33,4.33,3.50,0.037831,-2.7980,-2.3156,0.008000,0.042875,-0.0472,-0.063762,0.022839,0.004731,-495.22203572524165,-1438.0377535383714,734.8972621160108,-164.26276495776057,0.011151,-0.002875,6784.3,5836.2,-0.175951,0.007298,1.000000,2.7567,1.0000,,,,,
8.5800,1778655561.582550,715,22.749366,1.547221,0.255589,2.7138,0.0879,0.070553,22.806983,1.623038,0.243190,2.6637,22.760673,1.551181,0.255883,2.7440,0.1149,0.067560,-0.995363,0.0778,22.760673,1.578198,0.291120,5.0000,0.867283,0.687325,1371.2809,2,3,sand,1.0000,1.100000,0,0,0.000000,0.000000,0.000000,0,nan,0.00,0.175363,0.2205,0.2100,0.092591,-0.8683,0.51,3.35,4.36,3.43,0.048038,-2.7484,-2.3363,0.008000,0.112898,0.9914,-0.063121,-0.023953,-0.022845,-200.72527904917808,975.1706886156522,62.02109401325407,-1.4136632509077758,0.000939,-0.000025,6784.8,5835.8,-0.176252,-0.012732,-1.000000,2.7484,1.0000,,,,,
8.5920,1778655561.594452,716,22.849509,1.702372,0.250606,2.6543,0.1183,0.067205,22.837268,1.633125,0.244010,2.6452,22.860799,1.706282,0.250905,2.7258,0.1171,0.069469,-0.996536,0.0964,22.860799,1.608180,0.290764,5.0000,-1.000000,0.676305,1390.6510,2,3,sand,1.0000,1.100000,0,0,0.000000,0.000000,0.000000,0,nan,0.00,0.152635,0.2192,0.2095,0.080591,-0.8602,0.51,3.33,4.35,3.25,0.058125,-2.7015,-2.3548,0.008000,0.088121,0.4139,-0.075162,-0.009486,-0.013381,-824.6790521882052,761.8266481587864,698.3940547871583,-14.774469417101274,0.010699,-0.000261,6785.1,5835.5,-0.176478,-0.000780,0.867283,2.7302,1.0000,,,,,
8.6040,1778655561.606594,717,22.958124,1.547261,0.245258,2.6320,0.0915,0.061902,22.867336,1.643130,0.244812,2.6255,22.969385,1.551059,0.245549,2.7068,0.1106,0.066156,-0.998046,0.0762,22.969385,1.640652,0.290409,5.0000,1.000000,0.682250,1409.4540,2,3,sand,1.0000,1.100000,0,0,0.000000,0.000000,0.000000,0,nan,0.00,0.175363,0.2178,0.2089,0.092591,-0.8520,0.52,3.37,4.41,3.60,0.068130,-2.6555,-2.3745,0.008000,0.181819,-0.1677,-0.058334,0.008659,0.002044,588.8202694442033,-372.3784889013663,35.1282836489294,45.45994278431283,0.000537,0.000808,6785.5,5835.1,-0.176737,-0.002031,-1.000000,2.7112,1.0000,,,,,
8.6160,1778655561.618443,718,22.841551,1.663047,0.250379,2.6833,0.0194,0.074067,22.897155,1.653188,0.245648,2.6082,22.852828,1.666860,0.250681,2.7013,0.0966,0.069612,-1.005668,0.0970,22.852828,1.605794,0.290791,5.0000,-1.000000,0.703020,1365.8433,2,3,sand,1.0000,1.100000,0,0,0.000000,0.000000,0.000000,0,nan,0.00,0.152635,0.2165,0.2082,0.080591,-0.8436,0.51,3.37,4.39,3.34,0.003388,-2.5592,-2.3918,0.008000,0.121885,0.3759,-0.043069,-0.043285,-0.021573,-1507.2524828800197,-610.0350210155384,1125.71292612408,452.9914670349175,0.018076,0.008321,6787.4,5833.2,-0.178089,-0.032719,1.000000,2.7058,1.0000,,,,,
8.6280,1778655561.630474,719,22.933479,1.649021,0.249593,2.5960,0.0542,0.062983,22.926790,1.663040,0.246408,2.5865,22.944631,1.652737,0.249885,2.6800,0.0875,0.066343,-1.021075,0.0762,22.944631,1.633253,0.290487,5.0000,-0.363141,0.727062,1377.9396,2,3,sand,1.0000,1.100000,0,0,0.000000,0.000000,0.000000,0,nan,0.00,0.144382,0.2152,0.2074,0.076234,-0.8348,0.50,3.38,4.39,3.47,0.013240,-2.5157,-2.4135,0.008000,0.060496,0.1101,-0.050322,-0.062433,-0.030682,-585.5905344965236,311.9874534268582,528.929810964196,540.7987661430458,0.008894,0.010618,6791.3,5829.2,-0.180823,0.001403,-1.000000,2.6845,1.0000,,,,,
8.6400,1778655561.642443,720,22.923323,1.611498,0.245618,2.5515,0.1280,0.069458,22.956153,1.672904,0.247193,2.5663,22.934414,1.615189,0.245911,2.6543,0.0944,0.066229,-1.021423,0.0746,22.934414,1.630199,0.290520,5.0000,1.000000,0.759261,1352.1240,2,3,sand,1.0000,1.100000,0,0,0.000000,0.000000,0.000000,0,nan,0.00,0.167109,0.2139,0.2066,0.088234,-0.8257,0.50,3.38,4.38,3.36,0.023104,-2.4707,-2.4337,0.008000,0.170263,-0.1633,-0.057414,-0.001062,0.008686,250.1134349367685,-12.515535644777515,31.536809807157216,406.55192192614595,0.000529,0.007972,6791.4,5829.1,-0.180905,0.010506,-0.363141,2.6588,1.0000,,,,,
8.6520,1778655561.654419,721,22.994365,1.712392,0.253381,2.5516,0.0527,0.062365,22.985285,1.682713,0.247949,2.5484,23.005323,1.716110,0.253674,2.6335,0.0890,0.067435,-1.028317,0.0926,23.005323,1.651390,0.290298,5.0000,-1.000000,0.771083,1359.2043,2,3,sand,1.0000,1.100000,0,0,0.000000,0.000000,0.000000,0,nan,0.00,0.144382,0.2127,0.2058,0.076234,-0.8165,0.50,3.39,4.39,3.46,0.032913,-2.4274,-2.4516,0.008000,0.049739,0.1850,-0.046927,0.004170,0.017788,-1104.8281606656415,-165.6905733305564,884.7545665523888,513.4856527348227,0.015555,0.010431,6793.2,5827.3,-0.182146,0.001259,1.000000,2.6380,1.0000,,,,,
8.6640,1778655561.666440,722,23.061080,1.730559,0.247437,2.5036,0.1554,0.058489,23.014253,1.692341,0.248659,2.5293,23.071945,1.734217,0.247719,2.6075,0.0989,0.063766,-1.021370,0.0719,23.071945,1.671283,0.290018,5.0000,-1.000000,0.771988,1358.5944,2,3,sand,1.0000,1.100000,0,0,0.000000,0.000000,0.000000,0,nan,0.00,0.121655,0.2114,0.2048,0.064234,-0.8072,0.49,3.39,4.38,3.41,0.042541,-2.3867,-2.4707,0.008000,0.121029,-0.4655,-0.064196,-0.033928,-0.019690,546.7958402551459,-1123.6585372998268,-79.51224343709045,224.11952285029403,-0.001334,0.004384,6791.5,5829.1,-0.180929,0.010140,-1.000000,2.6120,1.0000,,,,,
8.6760,1778655561.678459,723,23.077489,1.807887,0.240993,2.5770,0.0334,0.065927,23.042919,1.702159,0.249499,2.5102,23.088363,1.811407,0.241272,2.6007,0.0858,0.062138,-1.032098,0.0599,23.088363,1.676182,0.289929,5.0000,-1.000000,0.777062,1360.1718,2,3,sand,1.0000,1.100000,0,0,0.000000,0.000000,0.000000,0,nan,0.00,0.098928,0.2101,0.2038,0.052234,-0.7979,0.49,3.49,4.48,4.06,0.052359,-2.3386,-2.4898,0.008000,0.072452,-0.5391,-0.051114,-0.000462,0.013028,1040.9086685097616,1796.9261705877993,-494.80696549401665,456.429325207919,-0.008763,0.009434,6794.2,5826.4,-0.182824,-0.024160,-1.000000,2.6052,1.0000,,,,,
8.6880,1778655561.690442,724,23.066995,1.716315,0.247243,2.5169,0.1919,0.078594,23.071330,1.712142,0.250424,2.4932,23.077978,1.720050,0.247534,2.5835,0.1025,0.062460,-1.039035,0.0478,23.077978,1.673084,0.289986,5.0000,-0.038699,0.807600,1340.9454,2,3,sand,1.0000,1.100000,0,0,0.000000,0.000000,0.000000,0,nan,0.00,0.098048,0.2089,0.2028,0.051769,-0.7882,0.49,3.46,4.44,3.30,0.062342,-2.2856,-2.5068,0.008000,0.089716,-0.9187,-0.059800,-0.011282,-0.007284,437.24179414018647,791.0403815517326,-1580.564609708967,157.209026878692,-0.030653,0.003352,6796.0,5824.6,-0.184065,-0.009226,-1.000000,2.5881,1.0000,,,,,
8.7000,1778655561.702472,725,23.067478,1.692167,0.255648,2.5118,0.0901,0.069646,23.099547,1.722044,0.251308,2.4767,23.078300,1.695943,0.255939,2.5687,0.0997,0.062958,-1.045798,0.0516,23.078300,1.673180,0.289984,5.0000,0.652941,0.839790,1329.2309,2,3,sand,1.0000,1.100000,0,0,0.000000,0.000000,0.000000,0,nan,0.00,0.112888,0.2076,0.2017,0.059605,-0.7781,0.49,3.43,4.41,3.21,0.072244,-2.2349,-2.5233,0.008000,0.108842,-0.0135,-0.056178,0.030406,0.025223,-2302.633043341994,-329.3747321469592,-1517.4681643457363,220.56459499752918,-0.030551,0.004890,6797.7,5822.8,-0.185279,-0.016640,-0.038699,2.5734,1.0000,,,,,
8.7120,1778655561.714538,726,23.079521,1.704120,0.253705,2.4625,0.1031,0.051270,23.127657,1.731496,0.251975,2.4588,23.090189,1.707812,0.253984,2.5473,0.1008,0.061590,-1.037166,0.0625,23.090189,1.676727,0.289918,5.0000,0.227691,0.854922,1315.4132,2,3,sand,1.0000,1.100000,0,0,0.000000,0.000000,0.000000,0,nan,0.00,0.118062,0.2063,0.2005,0.062337,-0.7679,0.49,3.38,4.37,3.12,0.007196,-2.0992,-2.5412,0.008000,0.152933,-0.0478,-0.058487,-0.044756,-0.031869,-2549.5476040287313,-181.2932711257887,-1143.5145073863127,132.59652105604968,-0.021331,0.002802,6795.6,5825.0,-0.183776,-0.002350,0.652941,2.5519,1.0000,,,,,
8.7240,1778655561.726538,727,23.137042,1.668419,0.253636,2.3679,0.1400,0.043680,23.155647,1.740551,0.252486,2.4404,23.147464,1.672043,0.253896,2.5117,0.1072,0.058416,-1.042694,0.0633,23.147464,1.693802,0.289539,5.0000,1.000000,0.882875,1305.3455,2,3,sand,1.0000,1.100000,0,0,0.000000,0.000000,0.000000,0,nan,0.00,0.140790,0.2051,0.1992,0.074337,-0.7573,0.50,3.38,4.38,3.39,0.016251,-2.0699,-2.5596,0.008000,0.088924,-0.1699,-0.087993,0.023259,0.005725,-2944.737823423672,-278.3574521064876,-1041.2793272660745,-125.55885705775405,-0.019936,-0.002734,6797.0,5823.6,-0.184758,0.027819,0.227691,2.5163,1.0000,,,,,
8.7360,1778655561.738521,728,23.200958,1.735410,0.242412,2.4797,0.0336,0.036943,23.183500,1.749243,0.252862,2.4216,23.211433,1.738838,0.242659,2.5046,0.0956,0.056537,-1.049163,0.0787,23.211433,1.712841,0.288998,5.0000,0.278257,0.888213,1320.0685,2,3,sand,1.0000,1.100000,0,0,0.000000,0.000000,0.000000,0,nan,0.00,0.147114,0.2039,0.1980,0.077676,-0.7466,0.50,3.36,4.36,3.24,0.024943,-2.0483,-2.5784,0.008000,0.006701,-0.7877,-0.072364,0.001941,-0.004462,-1295.022842151414,-161.00907955096227,33.762164050533315,3.0253544216005634,0.000654,0.000068,6798.6,5821.9,-0.185923,-0.028576,1.000000,2.5092,1.0000,,,,,
8.7480,1778655561.750530,729,23.183010,1.723864,0.254052,2.3605,0.0332,0.035812,23.211153,1.757858,0.253247,2.4037,23.193308,1.727300,0.254282,2.4758,0.0848,0.053430,-1.052111,0.0789,23.193308,1.707450,0.289164,5.0000,-0.196612,0.915019,1292.3929,2,3,sand,1.0000,1.100000,0,0,0.000000,0.000000,0.000000,0,nan,0.00,0.142645,0.2027,0.1966,0.075317,-0.7356,0.50,3.31,4.32,3.02,0.033558,-2.0263,-2.5963,0.008000,0.023324,0.0597,-0.075514,-0.026810,-0.019361,1594.0083803223263,179.33878757901766,529.0200557258298,97.14432423958776,0.010513,0.002239,6799.4,5821.2,-0.186446,0.018284,0.278257,2.4804,1.0000,,,,,
8.7600,1778655561.762497,730,23.368553,1.727129,0.254682,2.4173,0.0484,0.046369,23.238490,1.766670,0.253762,2.3823,23.378685,1.730481,0.254905,2.4637,0.0783,0.051951,-1.044276,0.0745,23.378685,1.762416,0.287350,5.0000,1.000000,0.896342,1340.9339,2,3,sand,1.0000,1.100000,0,0,0.000000,0.000000,0.000000,0,nan,0.00,0.165373,0.2014,0.1952,0.087317,-0.7249,0.50,3.32,4.33,3.38,0.042370,-1.9968,-2.6177,0.008000,0.137424,-0.2572,-0.066337,-0.002459,0.001130,1946.7061363367698,15.192183021869482,594.7417064183143,192.12566269863515,0.011299,0.004230,6797.4,5823.1,-0.185075,-0.007408,-0.196612,2.4682,1.0000,,,,,
8.7720,1778655561.774394,731,23.179018,1.746941,0.257109,2.3153,-0.0085,0.052567,23.265537,1.775664,0.254364,2.3632,23.189027,1.750229,0.257337,2.4341,0.0652,0.054035,-1.043949,0.0916,23.189027,1.706177,0.289202,5.0000,-1.000000,0.932741,1259.8249,2,3,sand,1.0000,1.100000,0,0,0.000000,0.000000,0.000000,0,nan,0.00,0.142645,0.2002,0.1937,0.075317,-0.7137,0.50,3.29,4.29,3.12,0.051364,-1.9623,-2.6368,0.008000,0.151941,0.2548,-0.070655,-0.012683,0.007294,1360.7619136554135,254.99553365015765,1465.524978504837,508.8880774524428,0.029088,0.011259,6797.3,5823.2,-0.185002,0.026969,1.000000,2.4386,1.0000,,,,,
8.7840,1778655561.786385,732,23.267268,1.842439,0.257279,2.4548,0.0888,0.052088,23.292355,1.784714,0.254994,2.3455,23.277188,1.845711,0.257500,2.4373,0.0681,0.051896,-1.028159,0.0710,23.277188,1.732368,0.288330,5.0000,-1.000000,0.908117,1289.8806,2,3,sand,1.0000,1.100000,0,0,0.000000,0.000000,0.000000,0,nan,0.00,0.119918,0.1990,0.1922,0.063317,-0.7028,0.49,3.43,4.41,4.18,0.060414,-1.9262,-2.6545,0.008000,0.077600,0.7349,-0.059650,0.027587,0.031015,-419.343293921695,502.1035932092216,842.2801104011866,446.87371221966674,0.014821,0.009084,6793.4,5827.2,-0.182235,-0.040412,-1.000000,2.4417,1.0000,,,,,
8.7960,1778655561.798402,733,23.280684,1.661900,0.260918,2.3467,0.1506,0.055761,23.318911,1.793864,0.255697,2.3274,23.290793,1.665348,0.261145,2.4188,0.0812,0.050856,-1.033561,0.0589,23.290793,1.736402,0.288191,5.0000,1.000000,0.930981,1278.9475,2,3,sand,1.0000,1.100000,0,0,0.000000,0.000000,0.000000,0,nan,0.00,0.142645,0.1978,0.1907,0.075317,-0.6916,0.49,3.54,4.51,4.16,0.069564,-1.8859,-2.6726,0.008000,0.141232,0.5019,-0.060270,0.014225,0.012392,666.6878727812064,281.1891795844185,-275.9544267246314,142.55028244228723,-0.004920,0.002961,6794.7,5825.8,-0.183191,-0.002968,-1.000000,2.4233,1.0000,,,,,
8.8080,1778655561.810496,734,23.319995,1.775391,0.250642,2.3531,0.1169,0.049696,23.345287,1.802983,0.256386,2.3154,23.330320,1.778838,0.250878,2.4052,0.0893,0.052787,-1.019311,0.0798,23.330320,1.748111,0.287802,5.0000,-0.293883,0.915274,1279.7702,2,3,sand,1.0000,1.100000,0,0,0.000000,0.000000,0.000000,0,nan,0.00,0.135966,0.1966,0.1890,0.071790,-0.6806,0.49,3.65,4.62,4.28,0.078683,-1.8464,-2.6846,0.008000,0.002658,-0.5935,-0.058560,0.013567,0.006268,-3068.068187339636,-224.8395625792034,255.179377389423,-8.618924986184668,0.004261,-0.000167,6791.2,5829.4,-0.180711,-0.019461,1.000000,2.4098,1.0000,,,,,
8.8200,1778655561.822446,735,23.387103,1.824756,0.245210,2.3094,0.0536,0.049986,23.371533,1.811808,0.256961,2.2959,23.397613,1.828169,0.245447,2.3856,0.0823,0.051444,-1.022226,0.0704,23.397613,1.768008,0.287182,5.0000,-1.000000,0.906433,1286.1510,2,3,sand,1.0000,1.100000,0,0,0.000000,0.000000,0.000000,0,nan,0.00,0.113239,0.1955,0.1874,0.059790,-0.6697,0.48,3.75,4.72,4.31,0.087508,-1.8135,-2.7041,0.008000,0.070376,-0.7965,-0.057555,0.004280,0.004379,-1084.1112680738152,722.781999275979,191.8101431649456,123.87634474082932,0.003243,0.002440,6791.9,5828.7,-0.181230,-0.002580,-0.293883,2.3903,1.0000,,,,,
8.8320,1778655561.834445,736,23.377702,1.863403,0.262458,2.3592,0.0976,0.051194,23.397547,1.820629,0.257592,2.2778,23.388315,1.867056,0.262695,2.3794,0.0830,0.049335,-1.029922,0.0551,23.388315,1.765262,0.287264,5.0000,-1.000000,0.911698,1280.5992,2,3,sand,1.0000,1.100000,0,0,0.000000,0.000000,0.000000,0,nan,0.00,0.090512,0.1943,0.1857,0.047790,-0.6588,0.48,3.75,4.70,3.75,0.022429,-1.6473,-2.7222,0.008000,0.109314,0.1358,-0.027570,-0.015450,-0.010863,1081.496781140138,745.3197900165264,-575.260775314976,56.57342878809221,-0.010142,0.001155,6793.9,5826.7,-0.182595,-0.031646,-1.000000,2.3843,1.0000,,,,,
8.8440,1778655561.846515,737,23.390567,1.801861,0.252069,2.2787,0.1363,0.068805,23.423290,1.829749,0.258393,2.2624,23.401141,1.805443,0.252317,2.3590,0.0900,0.050126,-1.022758,0.0431,23.401141,1.769050,0.287151,5.0000,0.202447,0.923152,1267.6729,2,3,sand,1.0000,1.100000,0,0,0.000000,0.000000,0.000000,0,nan,0.00,0.095113,0.1931,0.1839,0.050220,-0.6477,0.48,3.83,4.79,4.28,0.031549,-1.6014,-2.7376,0.008000,0.056289,0.2087,-0.040264,0.003283,-0.002479,1017.7612536025272,1446.6001572095456,-1629.9022159002423,-30.044247173551597,-0.029170,-0.000593,6792.1,5828.5,-0.181337,-0.011921,-1.000000,2.3639,1.0000,,,,,
8.8560,1778655561.858446,738,23.377053,1.812453,0.258361,2.2361,0.1492,0.065699,23.448826,1.838901,0.259174,2.2450,23.387636,1.816190,0.258622,2.3342,0.0998,0.052459,-1.021879,0.0512,23.387636,1.765061,0.287270,5.0000,-0.416683,0.942786,1246.3586,2,3,sand,1.0000,1.100000,0,0,0.000000,0.000000,0.000000,0,nan,0.00,0.085643,0.1920,0.1822,0.045219,-0.6364,0.48,3.72,4.68,3.14,0.040701,-1.5566,-2.7550,0.008000,0.046816,-0.0820,-0.036054,0.018531,0.002033,-1096.1620699101877,803.2476182558177,-1844.454900141681,-179.8354669303746,-0.033438,-0.003541,6791.9,5828.7,-0.181203,0.006538,0.202447,2.3391,1.0000,,,,,
8.8680,1778655561.870517,739,23.449965,1.838644,0.262830,2.2431,0.0755,0.047899,23.474232,1.847702,0.259799,2.2273,23.460256,1.842291,0.263076,2.3157,0.0938,0.050085,-1.024045,0.0433,23.460256,1.786491,0.286653,5.0000,-0.680226,0.950724,1255.1743,2,3,sand,1.0000,1.100000,0,0,0.000000,0.000000,0.000000,0,nan,0.00,0.070183,0.1908,0.1803,0.037057,-0.6250,0.49,3.62,4.60,3.06,0.049502,-1.5209,-2.7727,0.008000,0.159407,0.0866,-0.043216,-0.004207,-0.012176,-3221.381071664674,-348.48577229818034,-1919.8508365654502,-118.23410098068592,-0.035434,-0.002350,6792.4,5828.1,-0.181587,-0.006321,-0.416683,2.3205,1.0000,,,,,
8.8800,1778655561.882588,740,23.506332,1.705971,0.265511,2.2148,0.0778,0.041045,23.499494,1.856178,0.260308,2.2084,23.516384,1.709525,0.265740,2.2953,0.0889,0.046608,-1.035166,0.0339,23.516384,1.803023,0.286216,5.0000,1.000000,0.984166,1258.6400,2,3,sand,1.0000,1.100000,0,0,0.000000,0.000000,0.000000,0,nan,0.00,0.092910,0.1897,0.1785,0.049057,-0.6132,0.50,3.60,4.61,3.48,0.057978,-1.4917,-2.7916,0.008000,0.151154,0.1689,-0.034289,0.016862,0.001686,-1799.3643338194681,266.40827901818125,-2038.600108394271,-121.78264023166042,-0.040599,-0.002556,6795.2,5825.3,-0.183545,0.004550,-0.680226,2.3001,1.0000,,,,,
8.8920,1778655561.894485,741,23.474946,1.894181,0.255631,2.1334,0.0844,0.040321,23.524536,1.864543,0.260801,2.1883,23.484843,1.897569,0.255854,2.2630,0.0890,0.046990,-1.044509,0.0537,23.484843,1.793736,0.286459,5.0000,-1.000000,1.010199,1228.0944,2,3,sand,1.0000,1.100000,0,0,0.000000,0.000000,0.000000,0,nan,0.00,0.070183,0.1885,0.1766,0.037057,-0.6011,0.50,3.53,4.53,3.12,0.066343,-1.4634,-2.8117,0.008000,0.037697,-0.2800,-0.071233,0.054065,0.027210,-1728.7084964010396,195.51753395545302,-1366.5025765258354,-154.32046687552202,-0.027125,-0.003412,6797.6,5822.9,-0.185218,0.032978,1.000000,2.2678,1.0000,,,,,
8.9040,1778655561.906431,742,23.531881,1.945208,0.253577,2.2102,0.0297,0.033780,23.549430,1.872699,0.261233,2.1723,23.541567,1.948416,0.253777,2.2521,0.0760,0.042065,-1.019151,0.0325,23.541567,1.810431,0.286012,5.0000,-1.000000,0.989368,1236.6878,2,3,sand,1.0000,1.100000,0,0,0.000000,0.000000,0.000000,0,nan,0.00,0.047456,0.1874,0.1746,0.025057,-0.5892,0.49,3.40,4.38,2.64,0.074499,-1.4387,-2.8277,0.008000,0.198986,-0.8130,-0.063418,-0.028329,-0.023211,-21.186344899009327,1071.1357983618284,-1788.4298223908113,-18.709030049189618,-0.031859,-0.000364,6791.2,5829.3,-0.180747,-0.009600,-1.000000,2.2567,1.0000,,,,,
8.9160,1778655561.918486,743,23.586926,1.839719,0.261906,2.1686,0.1569,0.037700,23.574073,1.880935,0.261760,2.1569,23.596225,1.842933,0.262090,2.2351,0.0875,0.039117,-1.023307,0.0207,23.596225,1.826491,0.285529,5.0000,1.000000,0.996604,1239.3131,2,3,sand,1.0000,1.100000,0,0,0.000000,0.000000,0.000000,0,nan,0.00,0.070183,0.1863,0.1726,0.037057,-0.5772,0.50,3.47,4.46,3.86,0.082735,-1.4085,-2.8431,0.008000,0.035806,0.3349,-0.068181,0.013126,-0.005632,1448.677185606895,525.2186109600912,-2523.2250487241504,-416.55729791209654,-0.049640,-0.008284,6792.2,5828.4,-0.181441,-0.014544,-1.000000,2.2396,1.0000,,,,,
8.9280,1778655561.930488,744,23.619522,1.926918,0.247583,2.1817,0.0188,0.023191,23.598606,1.888946,0.262125,2.1442,23.628991,1.929962,0.247759,2.2239,0.0764,0.037939,-1.008181,0.0415,23.628991,1.836104,0.285214,5.0000,-0.903655,0.975942,1241.1159,2,3,sand,1.0000,1.100000,0,0,0.000000,0.000000,0.000000,0,nan,0.00,0.049645,0.1852,0.1706,0.026213,-0.5655,0.50,3.41,4.41,3.12,0.090746,-1.3876,-2.8558,0.008000,0.027811,-0.1261,-0.059506,0.014260,0.000531,-2475.1927424480164,-3136.4425993834157,-1687.088106090938,-263.877423676846,-0.028350,-0.004908,6788.4,5832.2,-0.178789,-0.033076,1.000000,2.2284,1.0000,,,,,
8.9400,1778655561.942461,745,23.594320,1.916116,0.264137,2.1291,0.1088,0.032923,23.623011,1.896760,0.262486,2.1250,23.603514,1.919247,0.264299,2.2047,0.0792,0.034599,-1.021922,0.0222,23.603514,1.828630,0.285461,5.0000,-1.000000,0.996713,1222.3641,2,3,sand,1.0000,1.100000,0,0,0.000000,0.000000,0.000000,0,nan,0.00,0.026918,0.1840,0.1686,0.014213,-0.5536,0.49,3.36,4.33,3.03,0.098560,-1.3669,-2.8750,0.008000,0.026455,-0.0654,-0.071839,0.051937,0.021340,136.39039033176164,276.2524718751465,-2193.5072497608853,-434.9323701166109,-0.041096,-0.008596,6791.8,5828.7,-0.181187,0.002050,-0.903655,2.2092,1.0000,,,,,
8.9520,1778655561.954455,746,23.710109,1.954473,0.263451,2.0734,0.0805,0.049543,23.647116,1.904832,0.263056,2.1090,23.719063,1.957521,0.263615,2.1785,0.0767,0.034438,-1.011020,0.0099,23.719063,1.862468,0.284248,5.0000,-1.000000,0.988598,1237.7618,2,3,sand,1.0000,1.100000,0,0,0.000000,0.000000,0.000000,0,nan,0.00,0.004191,0.1829,0.1665,0.002213,-0.5417,0.49,3.28,4.25,2.82,0.033332,-1.1932,-2.8910,0.008000,0.118262,0.4156,-0.078465,0.025431,0.006343,806.5203724844318,1598.6307457393186,-2854.84238074707,-352.8079506238399,-0.054827,-0.006643,6789.1,5831.5,-0.179267,0.017005,-1.000000,2.1829,1.0000,,,,,
8.9640,1778655561.966528,747,23.560235,2.005033,0.258466,2.0990,0.1551,0.064395,23.670990,1.913134,0.263749,2.0948,23.568987,2.008045,0.258641,2.1624,0.0872,0.036420,-0.989175,-0.0021,23.568987,1.818492,0.285777,5.0000,-1.000000,0.990877,1187.5367,2,3,sand,1.0000,1.100000,0,0,0.000000,0.000000,0.000000,0,nan,0.00,-0.018536,0.1818,0.1643,-0.009787,-0.5298,0.49,3.29,4.28,3.35,0.041634,-1.1535,-2.9052,0.008000,0.125790,-0.2176,-0.070081,0.043463,0.014538,1069.4483712612532,-1052.0063633360048,-3801.585811392237,-541.2260866078495,-0.076824,-0.009421,6783.5,5837.0,-0.175393,-0.009813,-1.000000,2.1667,1.0000,,,,,
8.9760,1778655561.978504,748,23.701368,1.941867,0.271088,2.0893,0.0645,0.054015,23.694700,1.921423,0.264405,2.0820,23.710049,1.944955,0.271265,2.1475,0.0798,0.035929,-0.970914,-0.0141,23.710049,1.859834,0.284351,5.0000,-0.084306,0.966572,1213.6243,2,3,sand,1.0000,1.100000,0,0,0.000000,0.000000,0.000000,0,nan,0.00,-0.020453,0.1808,0.1622,-0.010799,-0.5182,0.49,3.29,4.28,3.31,0.049923,-1.1159,-2.9180,0.008000,0.038796,0.2789,-0.066364,0.045880,0.021866,-1810.9087337799276,817.0508605764406,-4283.647066946091,-314.5320749757336,-0.087485,-0.005145,6778.9,5841.6,-0.172172,-0.001801,-1.000000,2.1517,1.0000,,,,,
8.9880,1778655561.990432,749,23.762321,1.919484,0.262434,2.1174,0.0059,0.025758,23.718323,1.929256,0.264831,2.0657,23.771004,1.922393,0.262595,2.1410,0.0652,0.032709,-0.953734,-0.0112,23.771004,1.877625,0.283625,5.0000,1.000000,0.934718,1224.9360,2,3,sand,1.0000,1.100000,0,0,0.000000,0.000000,0.000000,0,nan,0.00,0.002275,0.1797,0.1600,0.001201,-0.5070,0.49,3.25,4.22,2.99,0.057756,-1.0915,-2.9343,0.008000,0.136354,-0.5303,-0.051614,-0.024904,-0.019200,-4125.018041880133,439.65997598212925,-4248.270209039706,-46.506243655005285,-0.077914,-0.000723,6774.5,5846.0,-0.169119,-0.021099,-0.084306,2.1451,1.0000,,,,,
9.0000,1778655562.002480,750,23.715467,1.930958,0.260372,2.0040,0.0073,0.011360,23.741939,1.936467,0.265002,2.0523,23.724001,1.933721,0.260512,2.1138,0.0553,0.029726,-0.940776,0.0054,23.724001,1.863910,0.284190,5.0000,0.771820,0.928373,1194.4562,2,3,sand,1.0000,1.100000,0,0,0.000000,0.000000,0.000000,0,nan,0.00,0.019816,0.1786,0.1578,0.010463,-0.4959,0.49,3.25,4.24,3.28,0.064967,-1.0817,-2.9477,0.008000,0.037285,0.1149,-0.045843,0.027488,0.019302,-2889.7251501475603,271.70298733708887,-3594.1140808083155,34.09149450907089,-0.055966,0.000513,6771.2,5849.3,-0.166802,0.019316,1.000000,2.1178,1.0000,,,,,
9.0120,1778655562.014551,751,23.717227,1.908383,0.263939,2.0031,-0.0123,-0.000311,23.765512,1.943217,0.265009,2.0375,23.725741,1.911078,0.264055,2.0915,0.0436,0.025093,-0.944352,0.0138,23.725741,1.864418,0.284170,5.0000,1.000000,0.943817,1181.5442,2,3,sand,1.0000,1.100000,0,0,0.000000,0.000000,0.000000,0,nan,0.00,0.042543,0.1775,0.1556,0.022463,-0.4845,0.51,3.47,4.48,4.73,0.071717,-1.0813,-2.9625,0.008000,0.106716,0.5181,-0.059526,0.038914,0.028040,-2652.829257374907,80.5697409833034,-2469.99857374411,98.9132007478692,-0.034970,0.001501,6772.1,5848.4,-0.167433,0.009630,0.771820,2.0956,1.0000,,,,,
9.0240,1778655562.026377,752,23.786782,1.957644,0.268290,2.0177,0.0325,-0.011335,23.788999,1.949561,0.264862,2.0213,23.795637,1.960436,0.268384,2.0762,0.0424,0.020487,-0.946692,0.0269,23.795637,1.884801,0.283318,5.0000,-0.568834,0.945894,1192.1575,2,3,sand,1.0000,1.100000,0,0,0.000000,0.000000,0.000000,0,nan,0.00,0.029615,0.1765,0.1534,0.015637,-0.4732,0.50,3.53,4.52,3.87,0.078061,-1.0897,-2.9787,0.008000,0.050300,0.1825,-0.057288,-0.003569,-0.005497,-2250.8291668345196,687.7275393891741,-1178.0522302347697,-236.11901179357642,-0.015795,-0.003609,6772.8,5847.8,-0.167892,-0.006520,1.000000,2.0805,1.0000,,,,,
9.0360,1778655562.038466,753,23.891058,2.040086,0.260882,2.0156,0.0197,-0.018832,23.812329,1.955711,0.264664,2.0023,23.900015,2.042757,0.260943,2.0636,0.0368,0.012905,-0.950730,0.0131,23.900015,1.915114,0.281945,5.0000,-1.000000,0.933723,1214.2539,2,3,sand,1.0000,1.100000,0,0,0.000000,0.000000,0.000000,0,nan,0.00,0.006888,0.1754,0.1512,0.003637,-0.4620,0.50,3.45,4.44,3.01,0.084211,-1.1011,-2.9977,0.008000,0.072124,0.6270,-0.060038,0.008042,-0.003377,303.27995132486274,547.4255205539454,-1069.3386965358477,-502.3168630256675,-0.014447,-0.007785,6773.8,5846.7,-0.168616,0.006568,-0.568834,2.0679,1.0000,,,,,
9.0480,1778655562.050511,754,23.869986,1.907822,0.256891,2.0161,0.0595,0.004555,23.835373,1.962122,0.264633,1.9863,23.878759,1.910396,0.256939,2.0535,0.0384,0.009711,-0.972794,-0.0008,23.878759,1.908954,0.282234,5.0000,1.000000,0.973487,1201.5446,2,3,sand,1.0000,1.100000,0,0,0.000000,0.000000,0.000000,0,nan,0.00,0.029615,0.1743,0.1489,0.015637,-0.4503,0.50,3.33,4.32,2.62,0.090622,-1.1029,-3.0137,0.008000,0.095083,-0.5014,-0.049587,0.026275,0.004895,1871.6859181746404,573.6037913846101,-1821.5973192349547,-674.7337088239063,-0.027016,-0.011170,6779.4,5841.2,-0.172489,-0.003537,-1.000000,2.0579,1.0000,,,,,
9.0600,1778655562.062413,755,23.817438,1.953977,0.267494,1.9930,-0.0548,0.009362,23.858162,1.968763,0.264736,1.9724,23.825868,1.956477,0.267543,2.0412,0.0239,0.011511,-0.964133,0.0199,23.825868,1.893597,0.282932,5.0000,0.200582,0.992548,1180.3926,2,3,sand,1.0000,1.100000,0,0,0.000000,0.000000,0.000000,0,nan,0.00,0.034174,0.1733,0.1466,0.018044,-0.4384,0.49,3.31,4.28,3.20,0.097263,-1.0970,-3.0276,0.008000,0.123600,0.1719,-0.037040,0.016520,0.009997,-281.54200539299563,-1398.2451462168592,-395.53459282355897,-147.9021730626281,-0.005470,-0.002368,6777.2,5843.4,-0.170967,-0.006116,1.000000,2.0453,1.0000,,,,,
9.0720,1778655562.074458,756,23.889133,1.909163,0.259837,1.8868,0.1028,0.004002,23.880796,1.975255,0.264773,1.9563,23.897404,1.911605,0.259881,2.0104,0.0372,0.010490,-0.989224,0.0189,23.897404,1.914358,0.281981,5.0000,1.000000,1.037707,1182.4506,2,3,sand,1.0000,1.100000,0,0,0.000000,0.000000,0.000000,0,nan,0.00,0.056901,0.1723,0.1443,0.030044,-0.4259,0.49,3.26,4.23,2.97,0.031255,-0.9023,-3.0437,0.008000,0.191527,0.1206,-0.053841,0.069718,0.033671,-1630.021912450361,-397.6943452362368,-648.8174212814903,-639.4877949274719,-0.009724,-0.011161,6783.6,5837.0,-0.175408,0.041085,0.200582,2.0146,1.0000,,,,,
9.0840,1778655562.086491,757,23.927162,1.959600,0.270892,1.8759,-0.0265,-0.000200,23.903283,1.981542,0.264769,1.9408,23.935228,1.962026,0.270932,1.9836,0.0276,0.010697,-0.988860,0.0343,23.935228,1.925305,0.281456,5.0000,0.390701,1.061729,1177.9988,2,3,sand,1.0000,1.100000,0,0,0.000000,0.000000,0.000000,0,nan,0.00,0.065781,0.1712,0.1419,0.034732,-0.4132,0.49,3.21,4.20,2.97,0.037542,-0.9026,-3.0592,0.008000,0.046883,-0.0351,-0.067498,0.031894,0.014063,-683.829157787204,67.41069136461033,664.8374110377638,-378.83387316213054,0.009960,-0.006571,6783.5,5837.1,-0.175370,0.040273,1.000000,1.9878,1.0000,,,,,
9.0960,1778655562.098436,758,23.937421,1.927644,0.269921,1.9720,-0.0217,-0.005176,23.925639,1.987691,0.264744,1.9277,23.945372,1.929975,0.269952,1.9807,0.0197,0.009065,-0.971015,0.0364,23.945372,1.928237,0.281313,5.0000,1.000000,1.058665,1177.8563,2,3,sand,1.0000,1.100000,0,0,0.000000,0.000000,0.000000,0,nan,0.00,0.088508,0.1702,0.1396,0.046732,-0.4005,0.48,3.15,4.11,2.76,0.043691,-0.9040,-3.0723,0.008000,0.064150,0.3510,-0.065568,0.002641,-0.002176,-597.2411026044927,252.44257542506102,1476.6511219652975,-247.50231806271404,0.021435,-0.004049,6779.0,5841.6,-0.172225,-0.019016,0.390701,1.9847,1.0000,,,,,
9.1080,1778655562.110415,759,23.971857,2.025778,0.272590,1.9369,0.0508,0.002372,23.947815,1.993851,0.264777,1.9126,23.979605,2.028105,0.272622,1.9715,0.0269,0.010269,-0.957131,0.0508,23.979605,1.938120,0.280821,5.0000,-1.000000,1.032502,1182.5024,2,3,sand,1.0000,1.100000,0,0,0.000000,0.000000,0.000000,0,nan,0.00,0.065781,0.1692,0.1372,0.034732,-0.3881,0.48,3.15,4.10,3.17,0.049851,-0.9021,-3.0874,0.008000,0.060067,0.6309,-0.048862,0.010928,-0.002203,370.0035809592962,178.84823407900194,2127.3077929949714,-498.677352138603,0.030608,-0.007864,6775.5,5845.1,-0.169757,-0.006199,1.000000,1.9755,1.0000,,,,,
9.1200,1778655562.122442,760,23.995569,2.084828,0.267411,2.0009,0.0440,0.012559,23.969798,2.000085,0.264888,1.8985,24.003344,2.087132,0.267443,1.9765,0.0284,0.009327,-0.952229,0.0306,24.003344,1.944963,0.280472,5.0000,-1.000000,1.003587,1192.4886,2,3,sand,1.0000,1.100000,0,0,0.000000,0.000000,0.000000,0,nan,0.00,0.043054,0.1682,0.1347,0.022732,-0.3761,0.47,3.27,4.22,3.95,0.056085,-0.8957,-3.1015,0.008000,0.136445,0.0982,-0.021425,0.003062,-0.008321,2048.346766864506,337.4259967447431,1141.211339216243,-547.693404203536,0.015508,-0.008528,6774.2,5846.4,-0.168872,-0.044413,-1.000000,1.9804,1.0000,,,,,
9.1320,1778655562.134490,761,23.923559,1.947136,0.261919,1.7891,-0.0305,0.032799,23.991507,2.006744,0.265247,1.8862,23.931452,1.949407,0.261968,1.9396,0.0170,0.011631,-0.896298,0.0185,23.931452,1.924213,0.281509,5.0000,0.917096,0.980035,1148.2979,2,3,sand,1.0000,1.100000,0,0,0.000000,0.000000,0.000000,0,nan,0.00,0.063897,0.1671,0.1323,0.033737,-0.3643,0.48,3.25,4.21,3.11,0.062744,-0.8752,-3.1138,0.008000,0.097689,-0.4360,-0.042935,-0.000484,0.001698,1969.9530401809272,2594.813620862234,402.41200903020996,118.24949079553964,0.004770,0.001615,6760.0,5860.5,-0.159000,0.056507,-1.000000,1.9434,1.0000,,,,,
9.1440,1778655562.146421,762,23.966897,2.043808,0.274381,1.8279,-0.0149,0.033317,24.013061,2.013441,0.265574,1.8746,23.974601,2.046142,0.274449,1.9173,0.0135,0.016805,-0.896818,0.0376,23.974601,1.936677,0.280893,5.0000,-1.000000,0.965483,1149.8695,2,3,sand,1.0000,1.100000,0,0,0.000000,0.000000,0.000000,0,nan,0.00,0.041169,0.1661,0.1299,0.021737,-0.3527,0.47,3.37,4.32,4.06,0.069441,-0.8564,-3.1254,0.008000,0.137824,0.7895,-0.052177,0.019020,0.021898,-1790.4754935633437,-2534.8099968588403,1266.8396056102893,623.1872368797332,0.015239,0.008556,6760.1,5860.4,-0.159068,0.022012,0.917096,1.9210,1.0000,,,,,
9.1560,1778655562.158478,763,23.996083,2.002003,0.266682,1.8611,0.0787,0.014562,24.034585,2.019793,0.265752,1.8636,24.004011,2.004382,0.266747,1.9057,0.0230,0.014499,-0.858154,0.0174,24.004011,1.945156,0.280462,5.0000,-0.576301,0.926866,1147.9879,2,3,sand,1.0000,1.100000,0,0,0.000000,0.000000,0.000000,0,nan,0.00,0.028072,0.1651,0.1274,0.014822,-0.3416,0.48,3.46,4.43,3.97,0.075793,-0.8462,-3.1364,0.008000,0.082038,0.4398,-0.051707,-0.014010,-0.006874,-420.5822144169085,856.7834842984632,-324.2349808916753,116.48582746742836,-0.003598,0.001486,6750.4,5870.2,-0.152255,0.006798,-1.000000,1.9094,1.0000,,,,,
9.1680,1778655562.170469,764,24.123259,2.070146,0.266558,1.8432,0.0981,0.023267,24.055895,2.026183,0.266002,1.8471,24.131288,2.072622,0.266629,1.8928,0.0347,0.014829,-0.864841,0.0123,24.131288,1.981684,0.278490,5.0000,-1.000000,0.897039,1174.6564,2,3,sand,1.0000,1.100000,0,0,0.000000,0.000000,0.000000,0,nan,0.00,0.005344,0.1642,0.1250,0.002822,-0.3308,0.49,3.40,4.37,3.06,0.082183,-0.8319,-3.1529,0.008000,0.120500,-0.1195,-0.053100,0.020007,0.006268,1016.7757700399767,1339.213192514975,-1699.6623043535683,-367.57601263570325,-0.019531,-0.004746,6752.0,5868.5,-0.153421,0.020585,-0.576301,1.8966,1.0000,,,,,
9.1800,1778655562.182552,765,24.090242,1.959784,0.254036,1.7905,0.0039,0.037081,24.076969,2.032844,0.266395,1.8349,24.098154,1.962104,0.254117,1.8723,0.0273,0.015912,-0.868104,-0.0016,24.098154,1.972201,0.279020,5.0000,1.000000,0.914898,1154.2111,2,3,sand,1.0000,1.100000,0,0,0.000000,0.000000,0.000000,0,nan,0.00,0.028072,0.1632,0.1225,0.014822,-0.3198,0.50,3.34,4.33,2.97,0.088844,-0.8094,-3.1651,0.008000,0.011985,-0.4813,-0.040580,-0.015099,-0.007200,1250.851744275462,1361.4489837649508,-2637.8747464717817,175.0048931443053,-0.031677,0.002269,6752.8,5867.8,-0.153969,0.033327,-1.000000,1.8761,1.0000,,,,,
9.1920,1778655562.194411,766,24.083816,2.033728,0.261268,1.9193,-0.0222,0.027361,24.097879,2.039477,0.266753,1.8213,24.091599,2.036048,0.261357,1.8807,0.0204,0.019138,-0.856535,0.0191,24.091599,1.970323,0.279123,5.0000,-0.034719,0.899554,1157.0966,2,3,sand,1.0000,1.100000,0,0,0.000000,0.000000,0.000000,0,nan,0.00,0.027283,0.1622,0.1200,0.014405,-0.3090,0.49,3.43,4.40,3.95,0.095477,-0.7889,-3.1787,0.008000,0.038798,-0.6603,-0.005567,-0.011730,0.002337,-2675.1242110720627,-691.690973413151,-1342.698872122617,696.9396643817834,-0.015072,0.008907,6749.9,5870.7,-0.151926,-0.035945,1.000000,1.8844,1.0000,,,,,
9.2040,1778655562.206506,767,24.120636,2.067993,0.263684,1.8569,0.0185,0.014083,24.118761,2.045691,0.266929,1.8104,24.128577,2.070367,0.263767,1.8754,0.0196,0.017511,-0.837003,0.0143,24.128577,1.980909,0.278534,5.0000,-1.000000,0.867053,1163.5427,2,3,sand,1.0000,1.100000,0,0,0.000000,0.000000,0.000000,0,nan,0.00,0.004555,0.1612,0.1176,0.002405,-0.2986,0.49,3.52,4.51,4.05,0.101691,-0.7788,-3.1896,0.008000,0.078906,-0.5094,-0.009747,-0.026437,-0.008290,-3760.5143036144345,449.0907659054385,-1285.510900593227,627.9831285150658,-0.013989,0.007775,6744.9,5875.6,-0.148482,-0.017466,-0.034719,1.8791,1.0000,,,,,
9.2160,1778655562.218529,768,24.079826,2.182346,0.256561,1.8068,-0.0222,0.008076,24.139549,2.051620,0.267022,1.7960,24.087927,2.184642,0.256632,1.8613,0.0106,0.013571,-0.836922,-0.0021,24.087927,1.969270,0.279181,5.0000,-1.000000,0.855732,1150.6263,2,3,sand,1.0000,1.100000,0,0,0.000000,0.000000,0.000000,0,nan,0.00,-0.018172,0.1602,0.1151,-0.009595,-0.2884,0.50,3.48,4.48,3.26,0.036120,-0.5427,-3.2040,0.008000,0.129662,-0.9817,-0.015884,-0.005879,0.007511,-642.520199649376,858.5168504414626,-1788.3093357488585,809.5919597590764,-0.019704,0.010048,6744.9,5875.7,-0.148458,0.008789,-1.000000,1.8651,1.0000,,,,,
9.2280,1778655562.230478,769,24.192458,2.033057,0.270068,1.8285,-0.0501,0.021097,24.160160,2.057638,0.267194,1.7859,24.200441,2.035379,0.270137,1.8543,-0.0013,0.012290,-0.816591,-0.0141,24.200441,2.001414,0.277345,5.0000,1.000000,0.831843,1169.5873,2,3,sand,1.0000,1.100000,0,0,0.000000,0.000000,0.000000,0,nan,0.00,0.004555,0.1593,0.1127,0.002405,-0.2784,0.50,3.42,4.42,3.09,0.042138,-0.5328,-3.2141,0.008000,0.104546,0.1759,-0.028262,0.009854,0.025345,1767.6009383042017,1094.632823479969,-2363.494688030267,1401.7149762838687,-0.025776,0.017107,6739.7,5880.8,-0.144854,-0.027546,-1.000000,1.8580,1.0000,,,,,
9.2400,1778655562.242423,770,24.109160,2.034439,0.261370,1.8529,0.0120,0.015093,24.180613,2.063714,0.267404,1.7715,24.117043,2.036675,0.261441,1.8535,0.0028,0.014135,-0.799026,0.0068,24.117043,1.977610,0.278719,5.0000,0.610198,0.815681,1147.1730,2,3,sand,1.0000,1.100000,0,0,0.000000,0.000000,0.000000,0,nan,0.00,0.018423,0.1583,0.1103,0.009728,-0.2686,0.50,3.39,4.38,3.21,0.048214,-0.5208,-3.2285,0.008000,0.030525,-0.1393,0.002175,-0.028545,-0.000554,-1638.6483655475622,-899.5253951681509,-1391.0256838224527,1284.2435597989115,-0.014405,0.015244,6735.2,5885.3,-0.141724,-0.021655,1.000000,1.8570,1.0000,,,,,
9.2520,1778655562.254384,771,24.222725,1.990776,0.264370,1.8045,0.0612,0.001397,24.201018,2.069378,0.267449,1.7599,24.230449,1.993026,0.264430,1.8434,0.0134,0.012669,-0.795663,0.0124,24.230449,2.009949,0.276833,5.0000,1.000000,0.798365,1170.2436,2,3,sand,1.0000,1.100000,0,0,0.000000,0.000000,0.000000,0,nan,0.00,0.041151,0.1574,0.1078,0.021728,-0.2590,0.48,3.37,4.34,3.24,0.053878,-0.5182,-3.2401,0.008000,0.126923,-0.5961,0.014458,0.012016,0.013124,-2216.183011436081,638.4627981056735,-1029.0602688941942,531.8020341865405,-0.010544,0.006204,6734.4,5886.2,-0.141110,-0.006037,0.610198,1.8469,1.0000,,,,,
9.2640,1778655562.266328,772,24.211177,2.025736,0.268790,1.7248,0.0258,-0.005062,24.221388,2.074708,0.267376,1.7504,24.218710,2.027965,0.268838,1.8198,0.0169,0.011502,-0.801689,0.0260,24.218710,2.006612,0.277034,5.0000,0.890273,0.807398,1155.7691,2,3,sand,1.0000,1.100000,0,0,0.000000,0.000000,0.000000,0,nan,0.00,0.061384,0.1564,0.1054,0.032411,-0.2493,0.47,3.36,4.30,3.30,0.059208,-0.5224,-3.2496,0.008000,0.041799,0.0642,-0.001279,0.002074,0.002179,-1546.42138271871,-561.1757696217323,320.7412434843885,120.56705953483383,0.003288,0.001414,6735.9,5884.7,-0.142154,0.022861,1.000000,1.8232,1.0000,,,,,
9.2760,1778655562.278434,773,24.170983,2.042021,0.277640,1.6865,0.0854,-0.010882,24.241689,2.079829,0.267231,1.7386,24.178353,2.044313,0.277676,1.7933,0.0297,0.009763,-0.800740,0.0362,24.178353,1.995122,0.277716,5.0000,-0.863045,0.829207,1133.8035,2,3,sand,1.0000,1.100000,0,0,0.000000,0.000000,0.000000,0,nan,0.00,0.041770,0.1555,0.1030,0.022054,-0.2394,0.47,3.33,4.27,3.14,0.064329,-0.5307,-3.2614,0.008000,0.160202,0.6261,-0.013992,0.030456,0.007035,-660.039841230522,-1298.399504101639,970.4383601769197,-851.5672452497217,0.009996,-0.010040,6735.6,5884.9,-0.141991,0.050358,0.890273,1.7968,1.0000,,,,,
9.2880,1778655562.290466,774,24.215322,2.050421,0.267466,1.6046,-0.0602,-0.001784,24.261857,2.084998,0.267139,1.7283,24.222533,2.052494,0.267491,1.7560,0.0130,0.006501,-0.833043,0.0184,24.222533,2.007699,0.276969,5.0000,-0.253170,0.884468,1128.2101,2,3,sand,1.0000,1.100000,0,0,0.000000,0.000000,0.000000,0,nan,0.00,0.036016,0.1546,0.1006,0.019016,-0.2288,0.47,3.29,4.23,3.07,0.069498,-0.5360,-3.2717,0.008000,0.068222,0.6428,-0.030441,-0.023605,-0.016158,2056.0887890824956,191.219299251487,978.647152017217,-161.9999450924621,0.010525,-0.001985,6743.8,5876.7,-0.147707,0.089096,-0.863045,1.7596,1.0000,,,,,
9.3000,1778655562.302467,775,24.295197,2.092011,0.264272,1.7247,0.0000,0.007458,24.281776,2.090516,0.267205,1.7185,24.302336,2.094031,0.264298,1.7493,0.0107,0.006597,-0.826887,0.0179,24.302336,2.030325,0.275555,5.0000,-0.680420,0.891414,1144.1814,2,3,sand,1.0000,1.100000,0,0,0.000000,0.000000,0.000000,0,nan,0.00,0.020552,0.1536,0.0982,0.010851,-0.2181,0.47,3.22,4.17,2.82,0.075016,-0.5322,-3.2815,0.008000,0.027258,0.1119,-0.046744,-0.003645,-0.003281,7.405003906008233,-249.01944164737756,786.8858474098676,-16.43088472418535,0.008370,-0.000200,6742.3,5878.2,-0.146657,0.010559,-0.253170,1.7528,1.0000,,,,,
9.3120,1778655562.314444,776,24.302784,2.114965,0.272969,1.7701,-0.0317,0.015929,24.301486,2.096322,0.267387,1.7075,24.309829,2.116997,0.273000,1.7527,0.0027,0.006869,-0.822620,0.0080,24.309829,2.032443,0.275416,5.0000,-1.000000,0.885317,1148.2474,2,3,sand,1.0000,1.100000,0,0,0.000000,0.000000,0.000000,0,nan,0.00,-0.002176,0.1527,0.0958,-0.001149,-0.2074,0.48,3.22,4.18,3.22,0.080822,-0.5218,-3.2925,0.008000,0.004951,0.5141,-0.039855,0.001106,0.005935,1743.8142861008537,845.2612645285259,282.46967732943017,523.0050313462509,0.002975,0.006329,6741.2,5879.3,-0.145899,-0.026019,-0.680420,1.7562,1.0000,,,,,
9.3240,1778655562.326366,777,24.342259,2.124097,0.262259,1.6892,-0.0588,0.028518,24.320948,2.102437,0.267724,1.6933,24.349257,2.126003,0.262300,1.7398,-0.0089,0.008188,-0.808747,-0.0053,24.349257,2.043569,0.274671,5.0000,-0.730185,0.869133,1150.6899,2,3,sand,1.0000,1.100000,0,0,0.000000,0.000000,0.000000,0,nan,0.00,-0.018771,0.1518,0.0934,-0.009911,-0.1970,0.47,3.18,4.13,2.99,0.086937,-0.5025,-3.3067,0.008000,0.125322,0.4663,-0.038692,0.040697,0.040882,1383.5211893053893,-1554.9047907080833,-585.512063674097,1414.650232765407,-0.006068,0.017076,6737.7,5882.9,-0.143443,0.025030,-1.000000,1.7432,1.0000,,,,,
9.3360,1778655562.338402,778,24.330425,2.074266,0.264829,1.6650,0.0404,0.030230,24.340259,2.108551,0.268042,1.6826,24.337285,2.076208,0.264880,1.7248,-0.0015,0.009883,-0.802144,-0.0129,24.337285,2.040194,0.274900,5.0000,1.000000,0.870710,1140.0456,2,3,sand,1.0000,1.100000,0,0,0.000000,0.000000,0.000000,0,nan,0.00,0.003956,0.1509,0.0909,0.002089,-0.1866,0.47,3.22,4.16,3.41,0.093051,-0.4842,-3.3174,0.008000,0.045876,-0.3288,-0.048772,-0.005021,0.011139,-1088.9268051442236,309.7817862322852,-2239.7247837901673,1271.8456186324008,-0.023829,0.015154,6736.0,5884.6,-0.142260,0.026599,-0.730185,1.7281,1.0000,,,,,
9.3480,1778655562.350441,779,24.443485,2.188145,0.265675,1.6488,0.0021,0.007667,24.359515,2.114373,0.268216,1.6728,24.450353,2.190100,0.265726,1.7094,0.0007,0.010761,-0.788927,0.0063,24.450353,2.071948,0.272628,5.0000,-1.000000,0.837568,1161.6818,2,3,sand,1.0000,1.100000,0,0,0.000000,0.000000,0.000000,0,nan,0.00,-0.018771,0.1500,0.0885,-0.009911,-0.1765,0.48,3.21,4.16,3.15,0.098873,-0.4743,-3.3272,0.008000,0.183164,0.2053,-0.064934,-0.008429,0.007250,-3357.842421927303,-344.93598500715257,-1066.6933003481129,1162.5862475217634,-0.010848,0.013580,6732.7,5887.9,-0.139934,0.022660,1.000000,1.7127,1.0000,,,,,
9.3600,1778655562.362404,780,24.315118,2.191385,0.273024,1.6968,-0.0178,0.003822,24.378764,2.119807,0.268236,1.6631,24.321930,2.193342,0.273063,1.7063,-0.0042,0.007222,-0.794545,-0.0141,24.321930,2.035861,0.275191,5.0000,-1.000000,0.849068,1131.4685,2,3,sand,1.0000,1.100000,0,0,0.000000,0.000000,0.000000,0,nan,0.00,-0.041498,0.1491,0.0861,-0.021911,-0.1663,0.47,3.17,4.11,2.97,0.034007,-0.1902,-3.3369,0.008000,0.168953,0.3633,-0.058178,-0.041324,-0.009946,-3979.1203384987957,0.21992451073401753,-1830.2683692009841,1166.5961314395295,-0.019039,0.013725,6734.1,5886.5,-0.140898,-0.014181,-1.000000,1.7096,1.0000,,,,,
9.3720,1778655562.374531,781,24.463389,2.138648,0.273592,1.6294,-0.0122,0.005546,24.397906,2.125114,0.268277,1.6511,24.470128,2.140565,0.273623,1.6908,-0.0071,0.004761,-0.791202,-0.0261,24.470128,2.077472,0.272206,5.0000,0.222107,0.843159,1157.0520,2,3,sand,1.0000,1.100000,0,0,0.000000,0.000000,0.000000,0,nan,0.00,-0.036450,0.1482,0.0837,-0.019246,-0.1562,0.48,3.20,4.17,3.34,0.039314,-0.1878,-3.3489,0.008000,0.094448,0.1759,-0.049529,-0.033235,-0.005718,-1471.9624211331695,250.76411220277237,-2711.2705964956353,1165.3180216501996,-0.028951,0.013650,6733.2,5887.3,-0.140315,0.018714,-1.000000,1.6941,1.0000,,,,,
9.3840,1778655562.386404,782,24.440421,2.089442,0.267897,1.7646,-0.0389,0.008363,24.416866,2.130518,0.268406,1.6382,24.447247,2.091316,0.267928,1.7045,-0.0122,0.005092,-0.784970,-0.0183,24.447247,2.071079,0.272694,5.0000,1.000000,0.835292,1156.7259,2,3,sand,1.0000,1.100000,0,0,0.000000,0.000000,0.000000,0,nan,0.00,-0.013723,0.1473,0.0813,-0.007246,-0.1462,0.48,3.19,4.14,3.12,0.044718,-0.1805,-3.3618,0.008000,0.094721,-0.6259,-0.009646,-0.031123,-0.001105,460.2873266576775,399.9186295925871,-2120.518949810157,1448.274711741906,-0.021982,0.016945,6731.6,5888.9,-0.139212,-0.056354,0.222107,1.7078,1.0000,,,,,
9.3960,1778655562.398446,783,24.469799,2.158057,0.268792,1.7268,0.0842,0.008576,24.435722,2.135805,0.268475,1.6280,24.476622,2.160019,0.268826,1.7082,0.0054,0.006717,-0.775905,-0.0031,24.476622,2.079284,0.272066,5.0000,-0.460512,0.808233,1166.1061,2,3,sand,1.0000,1.100000,0,0,0.000000,0.000000,0.000000,0,nan,0.00,-0.024189,0.1464,0.0789,-0.012772,-0.1365,0.48,3.16,4.13,3.03,0.050005,-0.1765,-3.3720,0.008000,0.100478,0.0204,0.034317,-0.009091,0.000469,-2425.1188634173313,389.44346937256546,-2007.1901698495058,507.6179217006673,-0.020511,0.005776,6729.3,5891.2,-0.137606,-0.045746,1.000000,1.7114,1.0000,,,,,
9.4080,1778655562.410497,784,24.403453,2.142731,0.267206,1.6917,0.0211,-0.008764,24.454586,2.140708,0.268379,1.6214,24.410240,2.144655,0.267225,1.7045,0.0067,0.002942,-0.754228,-0.0147,24.410240,2.060714,0.273461,5.0000,-0.567602,0.788211,1147.3749,2,3,sand,1.0000,1.100000,0,0,0.000000,0.000000,0.000000,0,nan,0.00,-0.037089,0.1455,0.0766,-0.019583,-0.1270,0.49,3.14,4.11,3.00,0.054908,-0.1820,-3.3786,0.008000,0.063423,0.1336,0.036532,0.000435,0.000657,-3832.30814750472,2249.2152035017316,-2408.199697743653,52.3514422920491,-0.024303,0.000580,6723.8,5896.7,-0.133756,-0.040153,-0.460512,1.7076,1.0000,,,,,
9.4200,1778655562.422369,785,24.428158,2.087326,0.269031,1.6556,0.0177,-0.001856,24.473297,2.145641,0.268342,1.6086,24.434846,2.089227,0.269043,1.6945,0.0072,0.000905,-0.748294,-0.0219,24.434846,2.067609,0.272954,5.0000,1.000000,0.781206,1147.7778,2,3,sand,1.0000,1.100000,0,0,0.000000,0.000000,0.000000,0,nan,0.00,-0.014362,0.1447,0.0742,-0.007583,-0.1177,0.48,3.15,4.11,3.23,0.059841,-0.1841,-3.3914,0.008000,0.088504,-0.2133,0.022657,0.017272,0.007504,1392.350061596,618.8903324202199,-2987.8241290159535,-173.8292482691855,-0.030621,-0.001912,6722.3,5898.3,-0.132689,-0.013288,-0.567602,1.6976,1.0000,,,,,
9.4320,1778655562.434401,786,24.476578,2.179740,0.264022,1.6231,0.0279,0.004532,24.491843,2.150729,0.268376,1.5982,24.483226,2.181617,0.264037,1.6801,0.0118,0.002841,-0.746149,-0.0035,24.483226,2.081126,0.271923,5.0000,-1.000000,0.766256,1153.9587,2,3,sand,1.0000,1.100000,0,0,0.000000,0.000000,0.000000,0,nan,0.00,-0.037089,0.1438,0.0718,-0.019583,-0.1085,0.48,3.12,4.08,2.94,0.064929,-0.1822,-3.4018,0.008000,0.038905,0.1176,0.019842,0.022801,0.008316,-691.2466397130029,136.9092458677942,-2080.272724057595,-352.6541680824721,-0.020599,-0.003873,6721.7,5898.8,-0.132306,0.004446,1.000000,1.6831,1.0000,,,,,
9.4440,1778655562.446461,787,24.479147,2.179128,0.284709,1.6331,0.0207,-0.007537,24.510325,2.155632,0.268339,1.5891,24.485678,2.181100,0.284712,1.6706,0.0109,-0.000957,-0.707902,-0.0237,24.485678,2.081810,0.271870,5.0000,-1.000000,0.726704,1150.0346,2,3,sand,1.0000,1.100000,0,0,0.000000,0.000000,0.000000,0,nan,0.00,-0.059816,0.1433,0.0684,-0.031583,-0.0997,0.48,3.11,4.07,3.05,0.069832,-0.1843,-3.4109,0.008000,0.061489,1.1151,0.024556,0.011482,-0.001079,-422.72883865372194,-517.5185365760233,-3150.741395050342,-663.4956160001987,-0.031145,-0.007025,6712.0,5908.5,-0.125539,-0.010272,-1.000000,1.6734,1.0000,,,,,
9.4560,1778655562.458369,788,24.488131,2.113863,0.271217,1.5108,-0.0441,0.001290,24.528652,2.160671,0.268433,1.5800,24.494544,2.115651,0.271215,1.6391,-0.0004,-0.002649,-0.704770,-0.0356,24.494544,2.084281,0.271676,5.0000,1.000000,0.728854,1136.4214,2,3,sand,1.0000,1.100000,0,0,0.000000,0.000000,0.000000,0,nan,0.00,-0.037089,0.1431,0.0651,-0.019583,-0.0910,0.47,3.10,4.05,3.05,0.074871,-0.1789,-3.4200,0.008000,0.170981,0.3626,0.007253,0.021805,0.010936,362.143532211884,-406.96249705188916,-3592.7927904639596,-30.0315459340744,-0.036131,-0.000316,6711.2,5909.4,-0.124955,0.061483,-1.000000,1.6420,1.0000,,,,,
9.4680,1778655562.470459,789,24.534371,2.182594,0.267045,1.5438,0.0528,0.001781,24.546845,2.165767,0.268537,1.5718,24.540691,2.184375,0.267047,1.6202,0.0096,-0.000606,-0.687243,-0.0155,24.540691,2.097110,0.270668,5.0000,-0.409868,0.708040,1139.3688,2,3,sand,1.0000,1.100000,0,0,0.000000,0.000000,0.000000,0,nan,0.00,-0.046404,0.1432,0.0620,-0.024501,-0.0825,0.47,3.08,4.02,2.94,0.079967,-0.1729,-3.4282,0.008000,0.070162,-0.2221,-0.008141,0.055056,0.025241,-2213.4280193766144,-348.17129545142177,-3095.860221546622,-596.9493202945107,-0.029931,-0.006195,6706.8,5913.8,-0.121861,0.037179,1.000000,1.6230,1.0000,,,,,
9.4800,1778655562.482377,790,24.551912,2.177028,0.266448,1.5503,-0.0425,-0.004081,24.565041,2.170550,0.268506,1.5641,24.558140,2.178727,0.266444,1.6062,-0.0006,-0.002497,-0.672975,-0.0261,24.558140,2.101949,0.270294,5.0000,-0.122719,0.690183,1136.8676,2,3,sand,1.0000,1.100000,0,0,0.000000,0.000000,0.000000,0,nan,0.00,-0.049193,0.1435,0.0590,-0.025974,-0.0742,0.47,3.07,4.01,3.03,0.084750,-0.1747,-3.4359,0.008000,0.078256,-0.3666,-0.007008,0.018125,0.008788,-2279.0176485816014,-736.0448227635015,-2857.0539996207044,-75.29988275945857,-0.027029,-0.000770,6703.1,5917.5,-0.119322,0.025383,-0.409868,1.6089,1.0000,,,,,
9.4920,1778655562.494449,791,24.503281,2.138213,0.269483,1.5096,-0.0664,-0.009460,24.583182,2.175139,0.268402,1.5559,24.509439,2.139849,0.269472,1.5871,-0.0121,-0.004133,-0.656733,-0.0265,24.509439,2.088427,0.271348,5.0000,0.831899,0.687667,1117.1225,2,3,sand,1.0000,1.100000,0,0,0.000000,0.000000,0.000000,0,nan,0.00,-0.030287,0.1442,0.0562,-0.015991,-0.0660,0.47,3.07,4.01,3.04,0.089339,-0.1807,-3.4441,0.008000,0.104520,0.0677,-0.040465,-0.015658,-0.004615,-148.07593855325268,9.482708528343665,-1989.891738659039,542.8295612433934,-0.018123,0.005483,6699.0,5921.6,-0.116441,0.043044,-0.122719,1.5897,1.0000,,,,,
9.5040,1778655562.506383,792,24.614174,2.235137,0.273255,1.5613,-0.0985,-0.012556,24.601264,2.179587,0.268228,1.5483,24.620289,2.236715,0.273239,1.5816,-0.0253,-0.004356,-0.656819,-0.0127,24.620289,2.119124,0.268989,5.0000,-1.000000,0.662843,1142.2609,2,3,sand,1.0000,1.100000,0,0,0.000000,0.000000,0.000000,0,nan,0.00,-0.053014,0.1452,0.0535,-0.027991,-0.0580,0.46,2.96,3.88,2.33,0.093787,-0.1906,-3.4517,0.008000,0.040050,0.2815,-0.050461,-0.017709,0.001317,-1231.2870056684035,-496.4633952718247,542.3186063165232,1356.5315588310173,0.004841,0.013852,6699.0,5921.6,-0.116452,0.008200,0.831899,1.5842,1.0000,,,,,
9.5160,1778655562.518401,793,24.586156,2.180133,0.261290,1.5415,0.0328,-0.014164,24.619272,2.183980,0.268046,1.5409,24.592070,2.181607,0.261264,1.5734,-0.0171,-0.007703,-0.650727,-0.0319,24.592070,2.111336,0.269576,5.0000,0.257853,0.660105,1130.3217,2,3,sand,1.0000,1.100000,0,0,0.000000,0.000000,0.000000,0,nan,0.00,-0.047154,0.1464,0.0509,-0.024897,-0.0501,0.46,2.94,3.86,2.87,0.098180,-0.2010,-3.4591,0.008000,0.015679,-0.2919,-0.057073,-0.000587,0.002329,1523.8762359288228,154.24017060755955,-1378.535462152116,421.6825895518233,-0.012354,0.004235,6697.4,5923.2,-0.115345,0.004555,-1.000000,1.5759,1.0000,,,,,
9.5280,1778655562.530417,794,24.599488,2.160278,0.259789,1.5190,0.0133,-0.007916,24.637093,2.188555,0.267944,1.5283,24.605346,2.161748,0.259763,1.5624,-0.0116,-0.007338,-0.657123,-0.0239,24.605346,2.115003,0.269299,5.0000,1.000000,0.671274,1128.7386,2,3,sand,1.0000,1.100000,0,0,0.000000,0.000000,0.000000,0,nan,0.00,-0.024426,0.1478,0.0485,-0.012897,-0.0420,0.46,2.94,3.86,2.92,0.033855,0.0875,-3.4717,0.008000,0.026841,-0.5381,-0.058638,-0.012876,-0.007296,1225.3678786172084,665.3753700079374,-1364.8600163451526,11.523852161762374,-0.012288,0.000116,6699.0,5921.5,-0.116472,0.026981,0.257853,1.5649,1.0000,,,,,
9.5400,1778655562.542504,795,24.634854,2.181082,0.265414,1.5122,0.0402,-0.011023,24.654805,2.193091,0.267807,1.5204,24.640687,2.182620,0.265388,1.5522,-0.0017,-0.006392,-0.645331,-0.0090,24.640687,2.124743,0.268571,5.0000,0.309881,0.662500,1132.8378,2,3,sand,1.0000,1.100000,0,0,0.000000,0.000000,0.000000,0,nan,0.00,-0.017384,0.1495,0.0461,-0.009179,-0.0341,0.47,2.98,3.92,3.18,0.038391,0.0797,-3.4796,0.008000,0.041885,0.1283,-0.054572,0.015111,0.001140,863.1062494849148,532.3774769600504,-619.0130584837021,-724.0125118765792,-0.005481,-0.007257,6696.1,5924.5,-0.114400,0.003620,1.000000,1.5547,1.0000,,,,,
9.5520,1778655562.554434,796,24.713678,2.177294,0.267655,1.5366,0.0394,-0.024115,24.672457,2.197382,0.267565,1.5116,24.719536,2.178865,0.267619,1.5487,0.0052,-0.008511,-0.642901,-0.0080,24.719536,2.146377,0.267002,5.0000,0.843766,0.646560,1149.2480,2,3,sand,1.0000,1.100000,0,0,0.000000,0.000000,0.000000,0,nan,0.00,0.001793,0.1514,0.0439,0.000947,-0.0263,0.47,3.00,3.93,3.12,0.042682,0.0658,-3.4884,0.008000,0.082768,-0.8760,-0.052190,0.038468,0.006310,-1436.3754561657308,-2322.812187305998,-375.06746698169457,-1570.9354258752155,-0.003311,-0.015926,6695.4,5925.1,-0.113968,-0.014692,0.309881,1.5512,1.0000,,,,,
9.5640,1778655562.566427,797,24.655062,2.230748,0.268402,1.5111,-0.1288,-0.029712,24.690077,2.201385,0.267205,1.5027,24.660935,2.232215,0.268355,1.5410,-0.0161,-0.010038,-0.628682,0.0043,24.660935,2.130311,0.268161,5.0000,-1.000000,0.632362,1133.8818,2,3,sand,1.0000,1.100000,0,0,0.000000,0.000000,0.000000,0,nan,0.00,-0.020934,0.1535,0.0418,-0.011053,-0.0187,0.46,3.01,3.94,3.07,0.046685,0.0452,-3.4973,0.008000,0.073834,-0.1306,-0.028820,-0.010210,-0.009200,-1054.4135440910472,34.735206811355965,3026.0449947760458,-316.3166768360601,0.027787,-0.003121,6691.8,5928.7,-0.111448,0.008436,0.843766,1.5435,1.0000,,,,,
9.5760,1778655562.578439,798,24.717047,2.174200,0.269942,1.4722,-0.0706,-0.032242,24.707598,2.205451,0.266914,1.4943,24.722916,2.175607,0.269879,1.5272,-0.0263,-0.014535,-0.623334,-0.0150,24.722916,2.147301,0.266936,5.0000,0.732828,0.625300,1140.9794,2,3,sand,1.0000,1.100000,0,0,0.000000,0.000000,0.000000,0,nan,0.00,-0.004279,0.1558,0.0398,-0.002259,-0.0112,0.47,3.04,3.98,3.23,0.050751,0.0285,-3.5057,0.008000,0.054094,0.2267,-0.025340,-0.010699,-0.008241,2386.776000291479,-164.05427375687145,2879.4723682861054,-59.02471385062479,0.026206,-0.000580,6690.5,5930.1,-0.110496,0.031212,-1.000000,1.5297,1.0000,,,,,
9.5880,1778655562.590406,799,24.774700,2.165514,0.262345,1.4308,0.0455,-0.008117,24.724929,2.209836,0.266777,1.4876,24.780542,2.166937,0.262291,1.5081,-0.0126,-0.011548,-0.601102,0.0007,24.780542,2.163025,0.265819,5.0000,1.000000,0.602276,1145.5117,2,3,sand,1.0000,1.100000,0,0,0.000000,0.000000,0.000000,0,nan,0.00,0.018448,0.1583,0.0379,0.009741,-0.0040,0.47,3.05,3.99,3.11,0.055136,0.0207,-3.5124,0.008000,0.081905,-0.1694,-0.031833,0.005027,-0.005817,3465.362494477436,-125.67500742363313,2694.224936192671,-832.5083646037315,0.024005,-0.008080,6684.8,5935.7,-0.106570,0.048560,0.732828,1.5105,1.0000,,,,,
9.6000,1778655562.602453,800,24.628836,2.167102,0.266948,1.5016,-0.0270,-0.015342,24.742153,2.214242,0.266620,1.4806,24.634674,2.168552,0.266897,1.5065,-0.0131,-0.009966,-0.589496,0.0137,24.634674,2.123088,0.268694,5.0000,-0.187710,0.602198,1112.4381,2,3,sand,1.0000,1.100000,0,0,0.000000,0.000000,0.000000,0,nan,0.00,0.014182,0.1609,0.0361,0.007488,0.0032,0.47,3.08,4.01,3.22,0.059542,0.0117,-3.5194,0.008000,0.033334,-0.1033,-0.016019,-0.004679,-0.009168,-1546.4868653818999,-3114.403508523068,4033.7337148231177,-668.5963361949267,0.037539,-0.006427,6681.9,5938.7,-0.104505,-0.006029,1.000000,1.5088,1.0000,,,,,
9.6120,1778655562.614336,801,24.694984,2.210632,0.260487,1.3494,-0.0051,-0.007290,24.759298,2.218609,0.266513,1.4698,24.700699,2.212026,0.260441,1.4756,-0.0117,-0.009305,-0.595453,0.0067,24.700699,2.141221,0.267370,5.0000,-1.000000,0.610699,1116.3391,2,3,sand,1.0000,1.100000,0,0,0.000000,0.000000,0.000000,0,nan,0.00,-0.008545,0.1638,0.0343,-0.004512,0.0105,0.45,3.04,3.94,2.80,0.063909,0.0056,-3.5302,0.008000,0.098314,-0.6305,-0.041251,0.016095,0.001421,2088.27267518338,156.97120681177205,3558.8602285450474,-648.785887420587,0.032557,-0.006261,6683.4,5937.2,-0.105556,0.107107,-0.187710,1.4780,1.0000,,,,,
9.6240,1778655562.626539,802,24.899216,2.183109,0.263081,1.4640,-0.0566,0.005267,24.776254,2.223343,0.266604,1.4645,24.904907,2.184494,0.263044,1.4729,-0.0201,-0.008328,-0.582808,-0.0085,24.904907,2.196708,0.263092,5.0000,1.000000,0.576202,1160.0051,2,3,sand,1.0000,1.100000,0,0,0.000000,0.000000,0.000000,0,nan,0.00,0.014182,0.1669,0.0327,0.007488,0.0175,0.47,3.04,3.97,3.04,0.068643,0.0108,-3.5355,0.008000,0.160990,0.1687,-0.036379,-0.003764,0.000059,1087.5912662145538,-151.1760615901021,2518.2164497641365,371.4534305976091,0.022064,0.003548,6680.2,5940.4,-0.103329,0.022955,-1.000000,1.4753,1.0000,,,,,
9.6360,1778655562.638464,803,24.856466,2.171886,0.268127,1.5412,0.0537,0.011629,24.793094,2.228287,0.266765,1.4603,24.862187,2.173399,0.268109,1.4858,-0.0057,-0.003239,-0.556897,0.0115,24.862187,2.185180,0.264083,5.0000,1.000000,0.534652,1154.6401,2,3,sand,1.0000,1.100000,0,0,0.000000,0.000000,0.000000,0,nan,0.00,0.036909,0.1700,0.0311,0.019488,0.0239,0.47,3.02,3.96,2.93,0.073587,0.0200,-3.5397,0.008000,0.106418,0.5061,-0.011980,-0.000610,-0.001025,-484.3783462114428,836.2458325330605,2257.0910350434683,-166.35739999699845,0.019349,-0.001561,6673.6,5947.0,-0.098730,-0.032322,1.000000,1.4880,1.0000,,,,,
9.6480,1778655562.650456,804,24.806887,2.197085,0.263607,1.3584,-0.0298,-0.000192,24.809930,2.232973,0.266788,1.4566,24.812503,2.198540,0.263596,1.4609,-0.0079,-0.000985,-0.516969,0.0235,24.812503,2.171716,0.265163,5.0000,-0.027576,0.494090,1133.0618,2,3,sand,1.0000,1.100000,0,0,0.000000,0.000000,0.000000,0,nan,0.00,0.036283,0.1734,0.0296,0.019157,0.0298,0.47,3.01,3.96,2.97,0.078273,0.0213,-3.5434,0.008000,0.030781,-0.0763,-0.028034,-0.005359,-0.000268,-1948.0839491303418,-2742.122303937081,3776.3231149595845,285.1150707605377,0.033196,0.002615,6663.4,5957.1,-0.091651,0.067610,1.000000,1.4630,1.0000,,,,,
9.6600,1778655562.662470,805,24.822428,2.235828,0.269592,1.5055,0.0737,-0.008587,24.826773,2.237404,0.266718,1.4483,24.828029,2.237373,0.269578,1.4692,0.0059,-0.001723,-0.502014,0.0190,24.828029,2.175929,0.264834,5.0000,-1.000000,0.449466,1140.3118,2,3,sand,1.0000,1.100000,0,0,0.000000,0.000000,0.000000,0,nan,0.00,0.013555,0.1769,0.0282,0.007157,0.0352,0.47,3.01,3.95,3.00,0.082704,0.0173,-3.5517,0.008000,0.046549,0.1160,-0.016451,0.003707,-0.003974,-457.253442120961,-1025.181381445245,2646.975898586109,-1041.9795709894674,0.022253,-0.009531,6659.6,5961.0,-0.088980,-0.016648,-0.027576,1.4712,1.0000,,,,,
9.6720,1778655562.674467,806,24.799144,2.268222,0.277375,1.5238,-0.0643,0.003721,24.843509,2.241886,0.266721,1.4421,24.804791,2.269778,0.277363,1.4793,-0.0070,-0.002188,-0.527004,0.0032,24.804791,2.169621,0.265324,5.0000,-1.000000,0.449087,1140.8253,2,3,sand,1.0000,1.100000,0,0,0.000000,0.000000,0.000000,0,nan,0.00,-0.009172,0.1805,0.0269,-0.004843,0.0406,0.47,3.00,3.94,2.92,0.087186,0.0175,-3.5579,0.008000,0.008393,0.5770,0.000092,0.008424,0.006325,3218.985786044907,336.96833291659755,2055.4926348072972,173.21026855445461,0.017262,0.001597,6665.9,5954.7,-0.093362,-0.036721,-1.000000,1.4814,1.0000,,,,,
9.6840,1778655562.686558,807,24.857259,2.271663,0.260006,1.4313,0.0319,0.013148,24.860077,2.246690,0.266879,1.4335,24.862907,2.273155,0.260003,1.4696,-0.0016,-0.001229,-0.515240,-0.0088,24.862907,2.185374,0.264066,5.0000,-1.000000,0.433142,1148.7035,2,3,sand,1.0000,1.100000,0,0,0.000000,0.000000,0.000000,0,nan,0.00,-0.031899,0.1843,0.0256,-0.016843,0.0458,0.49,2.99,3.97,2.98,0.091990,0.0265,-3.5665,0.008000,0.058234,-0.5519,0.003683,0.001620,0.003449,-1422.536775063016,-739.2262357458428,-437.6205250959808,6.544384238955089,-0.003586,0.000060,6662.9,5957.7,-0.091286,0.062435,-1.000000,1.4717,1.0000,,,,,
9.6960,1778655562.698494,808,24.910862,2.264584,0.265090,1.4550,0.0434,0.021465,24.876490,2.251850,0.267183,1.4323,24.916472,2.266145,0.265099,1.4665,0.0043,0.000426,-0.501268,-0.0208,24.916472,2.199822,0.262815,5.0000,-0.740741,0.405945,1159.2384,2,3,sand,1.0000,1.100000,0,0,0.000000,0.000000,0.000000,0,nan,0.00,-0.048734,0.1882,0.0243,-0.025732,0.0507,0.49,2.99,3.97,2.98,0.029650,0.3723,-3.5677,0.008000,0.058826,0.1233,0.017419,-0.005510,-0.000738,1517.2245006096614,1272.3446246047854,-3063.9464469614213,-91.46894927672861,-0.026048,-0.000831,6659.3,5961.2,-0.088807,-0.003604,-1.000000,1.4684,1.0000,,,,,
9.7080,1778655562.710480,809,24.980021,2.316876,0.277390,1.4001,0.0535,0.027188,24.892807,2.257137,0.267521,1.4271,24.985542,2.318539,0.277411,1.4533,0.0108,0.002721,-0.484034,-0.0287,24.985542,2.218340,0.261069,5.0000,-1.000000,0.366968,1171.5519,2,3,sand,1.0000,1.100000,0,0,0.000000,0.000000,0.000000,0,nan,0.00,-0.071462,0.1922,0.0232,-0.037732,0.0551,0.49,3.00,3.97,3.04,0.034937,0.3917,-3.5729,0.008000,0.230288,0.5891,0.004714,0.011688,0.008359,-254.65466008122308,660.4003085990792,-5020.470806189124,-178.65473137142817,-0.046093,-0.001609,6655.0,5965.6,-0.085745,0.031891,-0.740741,1.4552,1.0000,,,,,
9.7200,1778655562.722424,810,24.826504,2.299553,0.272608,1.3680,-0.0019,0.016608,24.909091,2.262271,0.267758,1.4199,24.831965,2.301158,0.272631,1.4364,0.0064,0.002333,-0.479198,-0.0417,24.831965,2.176997,0.264749,5.0000,-1.000000,0.380875,1130.7074,2,3,sand,1.0000,1.100000,0,0,0.000000,0.000000,0.000000,0,nan,0.00,-0.094189,0.1963,0.0221,-0.049732,0.0596,0.48,3.04,4.00,3.26,0.040071,0.4053,-3.5801,0.008000,0.053346,0.7157,0.019252,0.017523,0.014160,-1733.3553614082161,-1172.6355244618808,-5913.78111910195,307.9662056542586,-0.057643,0.002768,6653.7,5966.9,-0.084864,0.059458,-1.000000,1.4383,1.0000,,,,,
9.7320,1778655562.734374,811,24.902297,2.311328,0.263356,1.3994,0.0013,0.011449,24.925379,2.267142,0.267889,1.4144,24.907785,2.312872,0.263377,1.4289,0.0031,0.001031,-0.470939,-0.0537,24.907785,2.197484,0.263024,5.0000,-1.000000,0.370280,1143.8586,2,3,sand,1.0000,1.100000,0,0,0.000000,0.000000,0.000000,0,nan,0.00,-0.116916,0.2006,0.0210,-0.061732,0.0641,0.47,2.93,3.88,2.33,0.044942,0.4128,-3.5856,0.008000,0.166687,-0.0194,0.013257,-0.001845,0.005336,-2832.140612809717,1091.1641794292595,-6617.088482991419,526.0046893550214,-0.068518,0.004713,6651.6,5969.0,-0.083417,0.042172,-1.000000,1.4308,1.0000,,,,,
9.7440,1778655562.746471,812,24.930642,2.292309,0.265117,1.3396,-0.0269,0.013058,24.941637,2.271949,0.268038,1.4108,24.935934,2.293777,0.265137,1.4114,-0.0042,0.000149,-0.450023,-0.0656,24.935934,2.205053,0.262338,5.0000,-0.109216,0.352074,1142.7861,2,3,sand,1.0000,1.100000,0,0,0.000000,0.000000,0.000000,0,nan,0.00,-0.119398,0.2049,0.0200,-0.063042,0.0683,0.48,3.07,4.03,3.86,0.049749,0.4213,-3.5892,0.008000,0.105131,-0.2339,-0.019650,-0.016031,0.002517,1002.5380859349067,-697.6036801472043,-7080.073096663118,1186.4522231318983,-0.076237,0.010589,6646.3,5974.3,-0.079710,0.060327,-1.000000,1.4132,1.0000,,,,,
9.7560,1778655562.758404,813,24.857586,2.284640,0.265140,1.5182,-0.0431,0.012488,24.957833,2.276645,0.268127,1.4018,24.863140,2.286147,0.265161,1.4316,-0.0119,0.000127,-0.460679,-0.0635,24.863140,2.185437,0.264061,5.0000,-0.216215,0.355297,1134.2975,2,3,sand,1.0000,1.100000,0,0,0.000000,0.000000,0.000000,0,nan,0.00,-0.124312,0.2094,0.0190,-0.065637,0.0726,0.47,3.06,4.00,2.99,0.054445,0.4264,-3.5982,0.008000,0.104040,0.0449,0.021812,-0.018628,0.006031,-2111.576426640153,-687.0779966333596,-6806.014434718661,1885.692199088786,-0.071443,0.017117,6649.0,5971.6,-0.081587,-0.053525,-0.109216,1.4335,1.0000,,,,,
9.7680,1778655562.770601,814,24.966376,2.315796,0.269776,1.3597,-0.1126,-0.010108,24.974037,2.280971,0.268028,1.3950,24.971898,2.317216,0.269782,1.4173,-0.0296,-0.003254,-0.462416,-0.0665,24.971898,2.214692,0.261426,5.0000,-0.468946,0.346092,1153.8390,2,3,sand,1.0000,1.100000,0,0,0.000000,0.000000,0.000000,0,nan,0.00,-0.134970,0.2139,0.0181,-0.071264,0.0767,0.48,2.97,3.93,2.45,0.058771,0.4208,-3.6050,0.008000,0.040038,0.0161,-0.002043,-0.025257,0.008056,-2368.3186963252547,-1176.7809040108118,-5761.179746510303,2883.8980800648123,-0.054932,0.026933,6649.4,5971.1,-0.081896,0.049370,-0.216215,1.4192,1.0000,,,,,
9.7800,1778655562.782712,815,25.045716,2.247045,0.255428,1.2985,-0.0564,-0.019516,24.990251,2.284977,0.267812,1.3891,25.051102,2.248294,0.255415,1.3940,-0.0351,-0.007535,-0.463204,-0.0731,25.051102,2.235794,0.259320,5.0000,1.000000,0.351002,1161.1111,2,3,sand,1.0000,1.100000,0,0,0.000000,0.000000,0.000000,0,nan,0.00,-0.112243,0.2186,0.0172,-0.059264,0.0809,0.50,2.96,3.96,2.93,0.062777,0.4084,-3.6109,0.008000,0.116036,-1.1856,-0.032982,-0.010805,0.011258,-921.4485600219411,1660.4588683600762,-5412.197145454772,2720.789205108443,-0.050356,0.025282,6649.6,5970.9,-0.082025,0.090070,-0.468946,1.3958,1.0000,,,,,
9.7920,1778655562.794589,816,25.004889,2.320670,0.271345,1.3929,0.0807,-0.027903,25.006459,2.288759,0.267507,1.3855,25.010234,2.322058,0.271318,1.3935,-0.0151,-0.009669,-0.438991,-0.0553,25.010234,2.224928,0.260411,5.0000,-0.424230,0.327254,1153.4425,2,3,sand,1.0000,1.100000,0,0,0.000000,0.000000,0.000000,0,nan,0.00,-0.121884,0.2233,0.0164,-0.064355,0.0849,0.50,3.00,3.99,3.19,0.066559,0.3909,-3.6145,0.008000,0.013530,0.7095,-0.024992,0.007480,0.003617,512.4292726084598,-274.3146584535464,-5223.197836416988,294.0318000663485,-0.047422,0.002593,6643.5,5977.1,-0.077753,0.017294,1.000000,1.3953,1.0000,,,,,
9.8040,1778655562.806457,817,24.994465,2.322507,0.271733,1.4144,-0.0941,-0.030792,25.022656,2.292362,0.267139,1.3780,24.999852,2.323814,0.271686,1.3972,-0.0297,-0.014418,-0.444750,-0.0660,24.999852,2.222160,0.260689,5.0000,-0.664503,0.321817,1152.6444,2,3,sand,1.0000,1.100000,0,0,0.000000,0.000000,0.000000,0,nan,0.00,-0.136987,0.2281,0.0156,-0.072329,0.0887,0.48,3.03,3.99,3.21,0.070162,0.3698,-3.6220,0.008000,0.065588,0.4394,-0.019371,-0.008758,-0.001971,-469.5638659932574,490.165826209506,-4079.109783744563,882.1585067560259,-0.035030,0.007827,6644.9,5975.6,-0.078754,0.017625,-0.424230,1.3990,1.0000,,,,,
9.8160,1778655562.818581,818,25.004930,2.306059,0.272699,1.2456,-0.1341,-0.017618,25.038755,2.296184,0.266938,1.3768,25.010285,2.307267,0.272644,1.3675,-0.0479,-0.016693,-0.440945,-0.0750,25.010285,2.224942,0.260410,5.0000,0.202070,0.332700,1144.0561,2,3,sand,1.0000,1.100000,0,0,0.000000,0.000000,0.000000,0,nan,0.00,-0.132394,0.2330,0.0149,-0.069904,0.0927,0.49,3.05,4.03,3.18,0.073984,0.3583,-3.6232,0.008000,0.128273,-0.1592,-0.037435,-0.012389,0.005922,2016.4105851166705,-3036.9640882914773,-3054.6151187978508,2327.963743994895,-0.025269,0.021149,6644.0,5976.6,-0.078081,0.119683,-0.664503,1.3693,1.0000,,,,,
9.8280,1778655562.830573,819,25.050112,2.286683,0.263289,1.3745,-0.0553,-0.015147,25.054788,2.300132,0.266790,1.3741,25.055512,2.287839,0.263231,1.3685,-0.0487,-0.016807,-0.441201,-0.0691,25.055512,2.236964,0.259202,5.0000,1.000000,0.332147,1153.2686,2,3,sand,1.0000,1.100000,0,0,0.000000,0.000000,0.000000,0,nan,0.00,-0.109667,0.2380,0.0142,-0.057904,0.0967,0.49,3.03,4.01,2.94,0.077932,0.3498,-3.6259,0.008000,0.092152,-0.3957,-0.020119,-0.004197,0.010985,-2295.715330441045,-227.35888776504135,-2543.5378067550264,2333.2273898624653,-0.020767,0.021203,6644.0,5976.5,-0.078135,0.025623,0.202070,1.3703,1.0000,,,,,
9.8400,1778655562.842557,820,25.045585,2.259862,0.268217,1.2964,-0.0272,-0.028619,25.070854,2.303741,0.266483,1.3688,25.050890,2.261029,0.268152,1.3542,-0.0436,-0.017361,-0.447422,-0.0539,25.050890,2.235738,0.259325,5.0000,1.000000,0.349858,1147.2878,2,3,sand,1.0000,1.100000,0,0,0.000000,0.000000,0.000000,0,nan,0.00,-0.086940,0.2457,0.0135,-0.045904,0.1009,0.48,3.02,3.99,2.94,0.081541,0.3322,-3.6312,0.008000,0.082454,0.4188,-0.027673,0.000257,0.007783,-2508.2109854321698,-676.1043578506188,-936.5308067261452,1582.0687053990548,-0.007477,0.014186,6645.6,5975.0,-0.079232,0.089158,1.000000,1.3560,1.0000,,,,,
9.8520,1778655562.854459,821,25.087122,2.202646,0.256851,1.2649,-0.0122,-0.039049,25.087011,2.306975,0.266023,1.3697,25.092316,2.203730,0.256775,1.3366,-0.0370,-0.019070,-0.445235,-0.0419,25.092316,2.246704,0.258223,5.0000,1.000000,0.365928,1149.8728,2,3,sand,1.0000,1.100000,0,0,0.000000,0.000000,0.000000,0,nan,0.00,-0.064212,0.2533,0.0128,-0.033904,0.1053,0.47,3.03,3.97,3.10,0.084775,0.3059,-3.6303,0.008000,0.121492,-0.3391,-0.029780,0.004152,0.001398,-1863.0347939730918,52.70490976607903,758.0433636557865,418.04962908569604,0.006040,0.003698,6645.1,5975.5,-0.078855,0.102447,1.000000,1.3384,1.0000,,,,,
9.8640,1778655562.866613,822,25.073407,2.259158,0.259711,1.2845,-0.0653,-0.035915,25.103192,2.310115,0.265564,1.3685,25.078616,2.260229,0.259626,1.3262,-0.0399,-0.019801,-0.445793,-0.0299,25.078616,2.243083,0.258587,5.0000,1.000000,0.374644,1143.4096,2,3,sand,1.0000,1.100000,0,0,0.000000,0.000000,0.000000,0,nan,0.00,-0.041485,0.2607,0.0122,-0.021904,0.1098,0.48,3.06,4.02,3.18,0.087915,0.2795,-3.6315,0.008000,0.091567,-0.1681,-0.059386,0.001503,-0.000713,-494.6127415473702,1680.918954121371,3144.8112272607327,404.31701168156945,0.026137,0.003578,6645.2,5975.3,-0.078968,0.085321,1.000000,1.3279,1.0000,,,,,
9.8760,1778655562.878613,823,25.035430,2.304891,0.264295,1.3655,-0.0973,-0.037415,25.119370,2.313191,0.265084,1.3687,25.040729,2.305961,0.264203,1.3334,-0.0471,-0.020382,-0.441037,-0.0179,25.040729,2.233041,0.259596,5.0000,-0.635085,0.370291,1138.7214,2,3,sand,1.0000,1.100000,0,0,0.000000,0.000000,0.000000,0,nan,0.00,-0.055919,0.2679,0.0116,-0.029525,0.1142,0.49,3.08,4.07,3.25,0.090991,0.2521,-3.6313,0.008000,0.083880,-0.1562,-0.037611,-0.004966,-0.001245,-765.3775707248312,196.60356449068118,5343.7915009841845,869.9002174643036,0.048936,0.007705,6644.0,5976.5,-0.078137,0.027996,1.000000,1.3352,1.0000,,,,,
9.8880,1778655562.890629,824,25.048898,2.379782,0.261877,1.2797,0.0714,-0.027704,25.135502,2.316398,0.264684,1.3659,25.054204,2.380921,0.261780,1.3227,-0.0282,-0.021762,-0.435263,-0.0321,25.054204,2.236617,0.259237,5.0000,-1.000000,0.359175,1140.5529,2,3,sand,1.0000,1.100000,0,0,0.000000,0.000000,0.000000,0,nan,0.00,-0.078646,0.2748,0.0111,-0.041525,0.1185,0.51,3.07,4.08,2.98,0.028398,0.6084,-3.6341,0.008000,0.169517,0.4395,-0.024976,-0.008661,-0.015323,2175.206279543798,631.7774363034271,2933.784609095143,-1248.9634984251347,0.024135,-0.011081,6642.6,5978.0,-0.077118,0.102706,-0.635085,1.3245,1.0000,,,,,
9.9000,1778655562.902606,825,25.174429,2.385364,0.264571,1.3501,0.0015,-0.009821,25.151481,2.320091,0.264517,1.3655,25.179732,2.386550,0.264482,1.3277,-0.0247,-0.021170,-0.435165,-0.0456,25.179732,2.269684,0.255910,5.0000,-1.000000,0.330215,1168.4741,2,3,sand,1.0000,1.100000,0,0,0.000000,0.000000,0.000000,0,nan,0.00,-0.101373,0.2815,0.0105,-0.053525,0.1225,0.51,3.18,4.20,3.80,0.032091,0.5989,-3.6345,0.008000,0.045375,-0.2421,-0.021842,0.019677,-0.000793,2313.6438380825994,-791.5457864365289,461.17819495658887,-1302.8990140446042,0.003655,-0.011567,6642.5,5978.0,-0.077092,0.055639,-1.000000,1.3294,1.0000,,,,,
9.9120,1778655562.914458,826,25.150227,2.297277,0.261560,1.3273,0.0216,0.004511,25.167354,2.324170,0.264518,1.3668,25.155606,2.298519,0.261484,1.3273,-0.0189,-0.018964,-0.407788,-0.0577,25.155606,2.263363,0.256546,5.0000,1.000000,0.303355,1160.4243,2,3,sand,1.0000,1.100000,0,0,0.000000,0.000000,0.000000,0,nan,0.00,-0.078646,0.2880,0.0100,-0.041525,0.1261,0.49,3.19,4.16,3.23,0.036170,0.5989,-3.6332,0.008000,0.056610,-0.4147,-0.025341,0.034339,0.007934,1214.356481943505,1561.3651953132721,-2630.256187727764,-1294.198750234054,-0.021255,-0.011353,6635.6,5985.0,-0.072241,0.073141,-1.000000,1.3290,1.0000,,,,,
9.9240,1778655562.926612,827,25.180254,2.264108,0.263243,1.4298,-0.0256,0.002204,25.183209,2.328349,0.264492,1.3674,25.185727,2.265408,0.263184,1.3469,-0.0187,-0.014401,-0.393195,-0.0374,25.185727,2.271252,0.255752,5.0000,1.000000,0.263346,1173.6092,2,3,sand,1.0000,1.100000,0,0,0.000000,0.000000,0.000000,0,nan,0.00,-0.055919,0.2943,0.0096,-0.029525,0.1293,0.49,3.17,4.15,3.05,0.040349,0.5974,-3.6326,0.008000,0.079894,-0.3805,0.023411,0.030209,0.011017,-1931.2260980991198,482.82047593051993,-1609.751076794582,-555.0929686490826,-0.012704,-0.004807,6631.9,5988.7,-0.069646,0.007116,1.000000,1.3485,1.0000,,,,,
9.9360,1778655562.938670,828,25.229499,2.390474,0.276378,1.3905,-0.0470,-0.017633,25.199207,2.332157,0.264268,1.3703,25.234961,2.391830,0.276320,1.3550,-0.0221,-0.013492,-0.394943,-0.0254,25.234961,2.284091,0.254458,5.0000,-1.000000,0.219014,1191.0526,2,3,sand,1.0000,1.100000,0,0,0.000000,0.000000,0.000000,0,nan,0.00,-0.078646,0.3003,0.0091,-0.041525,0.1319,0.49,3.18,4.16,3.27,0.044157,0.5846,-3.6297,0.008000,0.085444,0.8661,0.030573,0.010694,0.004123,-2284.992729945919,-1347.737506474405,547.907976643889,-167.21151465246106,0.004285,-0.001447,6632.3,5988.3,-0.069924,0.027893,1.000000,1.3566,1.0000,,,,,
9.9480,1778655562.950688,829,25.238750,2.317821,0.261643,1.3794,-0.0102,-0.021463,25.215287,2.335736,0.263993,1.3703,25.244296,2.319103,0.261575,1.3594,-0.0221,-0.016462,-0.385629,-0.0457,25.244296,2.286518,0.254214,5.0000,0.973412,0.193314,1191.9743,2,3,sand,1.0000,1.100000,0,0,0.000000,0.000000,0.000000,0,nan,0.00,-0.056523,0.3060,0.0087,-0.029844,0.1342,0.50,3.22,4.22,3.44,0.047736,0.5688,-3.6297,0.008000,0.063707,-0.2995,0.049832,0.000869,-0.002127,-733.2380233320013,-620.5657603186106,-1027.0602868638414,-570.5156765391043,-0.008034,-0.004925,6629.9,5990.7,-0.068248,0.040012,-1.000000,1.3611,1.0000,,,,,
9.9600,1778655562.962651,830,25.241037,2.413770,0.266059,1.2885,-0.0475,-0.016408,25.231326,2.339364,0.263776,1.3691,25.246588,2.415066,0.265994,1.3454,-0.0245,-0.014499,-0.378162,-0.0257,25.246588,2.287114,0.254154,5.0000,-1.000000,0.171506,1190.1029,2,3,sand,1.0000,1.100000,0,0,0.000000,0.000000,0.000000,0,nan,0.00,-0.079250,0.3116,0.0082,-0.041844,0.1363,0.51,3.19,4.20,3.03,0.051364,0.5564,-3.6309,0.008000,0.178273,0.5251,0.053090,-0.030820,-0.016278,342.88847941421136,-1001.5986187248744,1027.72575839726,-141.55394600367097,0.008021,-0.001217,6627.9,5992.6,-0.066913,0.121612,0.973412,1.3470,1.0000,,,,,
9.9720,1778655562.974653,831,25.269289,2.267497,0.271328,1.3787,0.0463,-0.011108,25.247406,2.343099,0.263617,1.3776,25.274811,2.268867,0.271263,1.3516,-0.0150,-0.015859,-0.367416,-0.0461,25.274811,2.294434,0.253409,5.0000,1.000000,0.158783,1196.2698,2,3,sand,1.0000,1.100000,0,0,0.000000,0.000000,0.000000,0,nan,0.00,-0.056523,0.3169,0.0079,-0.029844,0.1382,0.51,3.23,4.24,3.42,0.055099,0.5473,-3.6224,0.008000,0.068213,0.7040,0.069680,-0.003753,-0.007930,886.1572397928408,1543.0949415801126,-1972.4077908136558,-1195.9938031932259,-0.015526,-0.010311,6625.2,5995.4,-0.064998,0.015803,-1.000000,1.3531,1.0000,,,,,
9.9840,1778655562.986636,832,25.267654,2.371010,0.264622,1.3862,-0.1147,-0.018436,25.263514,2.346816,0.263392,1.3796,25.273278,2.372295,0.264558,1.3580,-0.0295,-0.014380,-0.353016,-0.0256,25.273278,2.294037,0.253450,5.0000,-0.898292,0.121946,1199.2045,2,3,sand,1.0000,1.100000,0,0,0.000000,0.000000,0.000000,0,nan,0.00,-0.076939,0.3220,0.0075,-0.040624,0.1397,0.51,3.24,4.25,3.29,0.058816,0.5344,-3.6204,0.008000,0.105170,0.0963,0.068356,-0.011264,-0.001928,-417.19172425780425,-4482.245867670317,1511.7631339344653,418.71374256113825,0.011773,0.003569,6621.5,5999.0,-0.062447,0.036400,1.000000,1.3595,1.0000,,,,,
9.9960,1778655562.998667,833,25.260107,2.325887,0.262896,1.3721,0.0199,-0.016871,25.279642,2.350688,0.263317,1.3808,25.265754,2.327195,0.262827,1.3605,-0.0230,-0.016390,-0.331585,-0.0444,25.265754,2.292087,0.253650,5.0000,0.731541,0.088500,1197.3171,2,3,sand,1.0000,1.100000,0,0,0.000000,0.000000,0.000000,0,nan,0.00,-0.060313,0.3269,0.0071,-0.031845,0.1407,0.51,3.27,4.29,3.49,0.062688,0.5301,-3.6192,0.008000,0.111965,0.2189,0.081008,0.023465,0.009617,2239.468830668531,-2317.9034925739343,-796.7463908329903,-479.31138388042234,-0.006129,-0.004057,6616.1,6004.5,-0.058636,0.040259,-0.898292,1.3620,1.0000,,,,,
