sim_time,wall_time,seq,x_fa_meas,y_fa_meas,psi_meas,u_meas,v_meas,omega_meas,x_fa_true,y_fa_true,psi_true,u_true,x_fa_comp,y_fa_comp,psi_comp,u_comp,v_comp,omega_comp,ax_state,delta_prev_state,x_ref_0,y_ref_0,psi_ref_0,v_ref_0,delta_dot,Jx,mpc_cost,solver_status,solver_iters,terrain_class_est,terrain_confidence,n_terrain_est,terrain_update_applied,residual_enabled,residual_du_pred,residual_dv_pred,residual_domega_pred,residual_updates,residual_last_loss,residual_last_update_ms,steering,throttle,braking,steering_angle,acceleration,tau_one_way_ms,tau_solve_ms,tau_comp_ms,solve_time_ms,crosstrack_err,heading_err_deg,speed_err,pred1_age_s,pred1_pos_err_m,pred1_psi_err_deg,pred1_u_err_mps,pred1_v_err_mps,pred1_omega_err_radps,actual_Fy_front,actual_Fy_rear,pred_Fy_front,pred_Fy_rear,alpha_f,alpha_r,Fz_f_mean,Fz_r_mean,kappa_diag,kappa_meas_diag,sr_diag,u_safe_diag,speed_fade_diag,force_resid_dFy_f,force_resid_dFy_r,force_resid_updates,force_resid_bias_f,force_resid_bias_r
0.0000,1778840828.924801,0,1.749975,-0.019458,-0.001350,-0.0488,-0.0032,-0.000263,1.648994,-0.000000,-0.000000,-0.0020,1.749866,-0.019487,-0.001352,-0.0050,-0.0000,-0.000001,-0.112595,0.0000,1.749866,0.000000,-0.000000,1.5242,0.000000,2.000000,250.5844,4,1,sand,1.0000,1.100000,0,0,0.000000,0.000000,0.000000,0,nan,0.00,0.000000,0.0515,0.0000,0.000000,0.2000,17.05,9.56,43.65,7.08,-0.000000,-0.0000,-1.5262,nan,nan,nan,nan,nan,nan,0.0,0.0,71.5167918988366,99.73743598971299,0.007264,0.005526,6560.5,6060.1,-0.019880,0.000000,0.000000,0.5000,1.0000,,,,,
0.0120,1778840828.932712,1,1.652137,-0.006605,-0.002038,-0.0339,0.0061,0.000852,1.648913,-0.000001,-0.000000,-0.0094,1.652076,-0.006617,-0.002038,-0.0024,-0.0000,-0.000000,-0.019145,0.0000,1.652076,0.000000,0.000000,1.6583,0.000000,2.000000,232.9167,4,1,sand,1.0000,1.100000,0,0,0.000000,0.000000,0.000000,0,nan,0.00,0.000000,0.0560,0.0000,0.000000,0.2240,15.49,9.23,40.20,7.34,-0.000001,-0.0000,-1.6677,nan,nan,nan,nan,nan,nan,0.0,0.0,63.4632662925206,92.49665685461679,0.002969,0.002656,6557.3,6063.2,-0.017694,0.000000,0.000000,0.5000,1.0000,,,,,
0.0240,1778840828.940763,2,1.614045,-0.018638,0.002356,0.0064,-0.0152,0.000135,1.648775,-0.000002,-0.000002,-0.0125,1.614051,-0.018671,0.002355,-0.0004,-0.0000,-0.000002,-0.005896,0.0000,1.614051,0.000000,0.000000,1.7026,0.000000,2.000000,228.2645,4,1,sand,1.0000,1.100000,0,0,0.000000,0.000000,0.000000,0,nan,0.00,0.000000,0.0610,0.0000,0.000000,0.2480,14.23,8.46,36.92,4.08,-0.000002,-0.0001,-1.7150,nan,nan,nan,nan,nan,nan,0.0,0.0,77.49924319450628,101.76397419013614,0.008177,0.008097,6552.5,6068.0,-0.014349,0.000000,0.000000,0.5000,1.0000,,,,,
0.0360,1778840828.946095,3,1.642961,-0.001695,0.006380,-0.0173,0.0712,0.000219,1.648627,-0.000005,-0.000003,-0.0121,1.642974,-0.001609,0.006382,0.0002,0.0002,0.000008,0.008459,0.0000,1.642974,0.000000,0.000000,1.6692,0.000000,2.000000,244.7358,4,1,sand,1.0000,1.100000,0,0,0.000000,0.000000,0.000000,0,nan,0.00,0.000000,0.0665,0.0000,0.000000,0.2720,12.14,7.81,32.10,4.17,-0.000005,-0.0002,-1.6814,nan,nan,nan,nan,nan,nan,0.0,0.0,31.500619146758083,54.41933745058952,-0.021103,-0.020888,6546.4,6074.2,-0.010069,0.000000,0.000000,0.5000,1.0000,,,,,
0.0480,1778840828.958089,4,1.625020,0.006093,0.001171,-0.0185,0.0020,-0.001033,1.648492,-0.000007,-0.000005,-0.0104,1.625039,0.006163,0.001172,0.0008,0.0003,0.000010,0.029729,0.0000,1.625039,0.000000,0.000000,1.6901,0.000000,2.000000,249.7858,4,1,sand,1.0000,1.100000,0,0,0.000000,0.000000,0.000000,0,nan,0.00,0.000000,0.0725,0.0000,0.000000,0.2960,10.37,7.25,27.99,4.07,-0.000007,-0.0003,-1.7005,nan,nan,nan,nan,nan,nan,0.0,0.0,37.46726282118115,54.03037441567042,-0.017159,-0.018305,6538.9,6081.7,-0.004834,0.000000,0.000000,0.5000,1.0000,,,,,
0.0600,1778840828.970048,5,1.729422,0.025163,0.005568,0.1108,0.0388,0.002069,1.648465,-0.000004,-0.000003,0.0006,1.729985,0.025284,0.005571,0.0233,0.0007,0.000028,0.071431,0.0000,1.729985,0.000000,-0.000000,1.5544,0.000000,2.000000,208.6190,4,1,sand,1.0000,1.100000,0,0,0.000000,0.000000,0.000000,0,nan,0.00,0.000000,0.0790,0.0000,0.000000,0.3200,8.86,6.77,24.48,4.06,-0.000004,-0.0002,-1.5538,nan,nan,nan,nan,nan,nan,0.0,0.0,34.23352942178809,39.37332237188535,-0.030126,-0.028408,6526.5,6094.0,0.003797,0.000000,0.000000,0.5000,1.0000,,,,,
0.0720,1778840828.981918,6,1.650619,-0.056155,0.000356,-0.0791,0.0535,0.000731,1.648468,0.000001,-0.000000,0.0002,1.651024,-0.055981,0.000361,0.0193,0.0015,0.000059,0.089320,0.0000,1.651024,0.000000,0.000000,1.6596,0.000000,2.000000,272.0834,4,1,sand,1.0000,1.100000,0,0,0.000000,0.000000,0.000000,0,nan,0.00,0.000000,0.0859,0.0000,0.000000,0.3440,7.57,6.38,21.53,4.16,0.000001,-0.0000,-1.6594,nan,nan,nan,nan,nan,nan,0.0,0.0,39.2302014568659,18.130051747655813,-0.045423,-0.043106,6520.4,6100.1,0.008030,0.000000,0.000000,0.5000,1.0000,,,,,
0.0840,1778840828.994127,7,1.738726,0.074908,0.006376,0.0246,-0.0123,0.001696,1.648453,0.000006,0.000003,-0.0009,1.739111,0.075032,0.006381,0.0208,0.0014,0.000060,0.104279,0.0000,1.739111,0.000000,-0.000000,1.5408,0.000000,2.000000,204.8907,4,1,sand,1.0000,1.100000,0,0,0.000000,0.000000,0.000000,0,nan,0.00,0.000000,0.0932,0.0000,0.000000,0.3680,6.49,6.06,19.04,4.24,0.000006,0.0002,-1.5416,nan,nan,nan,nan,nan,nan,0.0,0.0,35.63218408234721,35.190494760877456,-0.032922,-0.028885,6515.4,6105.2,0.011575,0.000000,0.000000,0.5000,1.0000,,,,,
0.0960,1778840829.006151,8,1.700461,0.038107,0.004375,-0.0916,-0.0724,0.001007,1.648434,0.000013,0.000007,-0.0008,1.700741,0.038101,0.004378,0.0172,-0.0002,0.000009,0.121999,0.0000,1.700741,0.000000,-0.000000,1.5959,0.000000,2.000000,214.6902,4,1,sand,1.0000,1.100000,0,0,0.000000,0.000000,0.000000,0,nan,0.00,0.000000,0.1009,0.0000,0.000000,0.3920,5.57,5.87,17.01,4.75,0.000013,0.0004,-1.5967,nan,nan,nan,nan,nan,nan,0.0,0.0,65.81228347819402,70.61508842805891,0.000852,0.005398,6509.8,6110.8,0.015464,0.000000,0.000000,0.5000,1.0000,,,,,
0.1080,1778840829.020598,9,1.658015,-0.032145,0.014661,0.0040,-0.0567,0.000408,1.648415,0.000020,0.000011,-0.0007,1.658235,-0.032224,0.014662,0.0151,-0.0018,-0.000044,0.140201,0.0000,1.658235,0.000000,-0.000000,1.6508,0.000000,2.000000,235.1000,4,1,sand,1.0000,1.100000,0,0,0.000000,0.000000,0.000000,0,nan,0.00,0.000000,0.1089,0.0000,0.000000,0.4160,4.80,5.65,15.25,4.45,0.000020,0.0006,-1.6515,0.008000,0.142408,0.9123,-0.486784,-0.012206,-0.000263,0.0,0.0,118.9580210736967,119.30135540879115,0.022388,0.026572,6504.3,6116.3,0.019294,0.000000,0.000000,0.5000,1.0000,,,,,
0.1200,1778840829.030130,10,1.629196,0.036075,-0.001618,0.0162,-0.0580,-0.000885,1.648397,0.000027,0.000015,-0.0006,1.629401,0.035933,-0.001619,0.0158,-0.0038,-0.000115,0.157786,0.0000,1.629401,0.000000,0.000000,1.6851,0.000000,2.000000,248.5772,4,1,sand,1.0000,1.100000,0,0,0.000000,0.000000,0.000000,0,nan,0.00,0.000000,0.1174,0.0000,0.000000,0.4400,4.13,5.44,13.70,4.21,0.000027,0.0009,-1.6857,0.008000,0.084516,0.0203,-0.486204,-0.021076,-0.000323,0.0,0.0,174.6629790027885,167.26365074120088,0.041047,0.043288,6499.1,6121.5,0.022945,0.000000,0.000000,0.5000,1.0000,,,,,
0.1320,1778840829.042049,11,1.586274,-0.043749,0.001067,0.1053,0.0491,0.000403,1.648380,0.000033,0.000018,-0.0005,1.586682,-0.043795,0.001067,0.0336,-0.0016,-0.000035,0.175792,0.0000,1.586682,0.000000,0.000000,1.7326,0.000000,2.000000,278.1934,4,1,sand,1.0000,1.100000,0,0,0.000000,0.000000,0.000000,0,nan,0.00,0.000000,0.1262,0.0000,0.000000,0.4640,3.56,5.24,12.36,4.16,0.000033,0.0011,-1.7331,0.008000,0.081756,-0.0740,-0.468496,-0.007502,0.000322,0.0,0.0,93.0143608790631,83.49022473767138,0.013881,0.016206,6493.8,6126.8,0.026606,0.000000,0.000000,0.5000,1.0000,,,,,
0.1440,1778840829.054086,12,1.661485,0.001987,0.001221,0.0208,0.0013,-0.000679,1.648364,0.000040,0.000022,-0.0004,1.661832,0.001952,0.001221,0.0315,-0.0014,-0.000029,0.193707,0.0000,1.661832,0.000000,-0.000000,1.6464,0.000000,2.000000,222.9096,4,1,sand,1.0000,1.100000,0,0,0.000000,0.000000,0.000000,0,nan,0.00,0.000000,0.1353,0.0000,0.000000,0.4880,3.07,5.10,11.24,4.30,0.000040,0.0013,-1.6468,0.008000,0.031742,-0.2877,-0.471409,-0.005791,0.001556,0.0,0.0,84.22050519191114,70.03600853375634,0.011094,0.012102,6488.7,6131.9,0.030183,0.000000,0.000000,0.5000,1.0000,,,,,
0.1560,1778840829.066156,13,1.616772,-0.007044,-0.005700,-0.0611,-0.0738,0.000958,1.648349,0.000047,0.000027,-0.0003,1.617029,-0.007157,-0.005700,0.0258,-0.0052,-0.000122,0.211479,0.0000,1.617029,0.000000,0.000000,1.6992,0.000000,2.000000,237.8842,4,1,sand,1.0000,1.100000,0,0,0.000000,0.000000,0.000000,0,nan,0.00,0.000000,0.1447,0.0000,0.000000,0.5120,2.66,4.96,10.28,4.18,0.000047,0.0015,-1.6995,0.008000,0.060048,-0.3911,-0.479233,-0.018957,0.000764,0.0,0.0,160.67782535259033,144.03114000183356,0.036914,0.038949,6483.7,6136.9,0.033659,0.000000,0.000000,0.5000,1.0000,,,,,
0.1680,1778840829.078084,14,1.740360,0.108059,0.003647,0.0224,-0.0014,-0.000344,1.648334,0.000055,0.000031,-0.0002,1.740596,0.107972,0.003647,0.0256,-0.0047,-0.000115,0.229432,0.0000,1.740596,0.000000,-0.000000,1.5385,0.000000,2.000000,257.2315,4,1,sand,1.0000,1.100000,0,0,0.000000,0.000000,0.000000,0,nan,0.00,0.000000,0.1544,0.0000,0.000000,0.5360,2.31,4.84,9.45,4.15,0.000055,0.0018,-1.5387,0.008000,0.091827,-0.0984,-0.483655,-0.015567,0.002242,0.0,0.0,139.13853526031252,117.75188698291981,0.030545,0.031747,6478.7,6141.9,0.037127,0.000000,0.000000,0.5000,1.0000,,,,,
0.1800,1778840829.090114,15,1.661350,0.018617,0.004150,-0.0437,0.0389,0.000618,1.648320,0.000063,0.000035,-0.0002,1.661527,0.018592,0.004151,0.0211,-0.0017,-0.000013,0.247068,0.0000,1.661527,0.000000,-0.000000,1.6468,0.000000,2.000000,228.5812,4,1,sand,1.0000,1.100000,0,0,0.000000,0.000000,0.000000,0,nan,0.00,0.000000,0.1644,0.0000,0.000000,0.5600,2.01,4.75,8.77,4.23,0.000063,0.0020,-1.6469,0.008000,0.084899,0.2077,-0.489990,-0.005020,-0.001376,0.0,0.0,74.6576377777494,57.667466272316645,0.009191,0.010951,6473.9,6146.7,0.040494,0.000000,0.000000,0.5000,1.0000,,,,,
0.1920,1778840829.101985,16,1.553869,-0.045777,-0.008003,-0.0330,0.0271,0.001427,1.648307,0.000070,0.000039,-0.0001,1.554004,-0.045768,-0.008001,0.0174,0.0004,0.000079,0.263944,0.0000,1.554004,0.000000,0.000000,1.7671,0.000000,2.000000,254.2225,4,1,sand,1.0000,1.100000,0,0,0.000000,0.000000,0.000000,0,nan,0.00,0.000000,0.1747,0.0000,0.000000,0.5840,1.76,4.66,8.17,4.13,0.000070,0.0022,-1.7672,0.008000,0.265524,-0.8024,-0.495152,0.001204,0.004291,0.0,0.0,45.55425243064107,35.248047864764786,-0.003973,-0.000729,6469.3,6151.3,0.043684,0.000000,0.000000,0.5000,1.0000,,,,,
0.2040,1778840829.117329,17,1.642384,0.077001,0.007627,0.0080,-0.0540,0.001689,1.648295,0.000079,0.000044,-0.0000,1.642499,0.076958,0.007629,0.0160,-0.0036,0.000019,0.281086,0.0000,1.642499,0.000000,0.000000,1.6698,0.000000,2.000000,237.2205,4,1,sand,1.0000,1.100000,0,0,0.000000,0.000000,0.000000,0,nan,0.00,0.000000,0.1853,0.0000,0.000000,0.6080,1.53,4.66,7.73,4.71,0.000079,0.0025,-1.6698,0.008000,0.116202,0.1988,-0.498323,-0.009483,0.002924,0.0,0.0,92.37250036646952,78.56237304071368,0.016662,0.021435,6464.7,6155.9,0.046900,0.000000,0.000000,0.5000,1.0000,,,,,
0.2160,1778840829.125988,18,1.602835,0.038667,0.000020,-0.1237,0.0430,-0.001639,1.648284,0.000088,0.000048,0.0000,1.602925,0.038672,0.000021,0.0133,0.0003,0.000080,0.297734,0.0000,1.602925,0.000000,0.000000,1.7149,0.000000,2.000000,233.3982,4,1,sand,1.0000,1.100000,0,0,0.000000,0.000000,0.000000,0,nan,0.00,0.000000,0.1961,0.0000,0.000000,0.6320,1.35,4.58,7.28,4.11,0.000088,0.0028,-1.7149,0.008000,0.127769,-0.8251,-0.502829,0.000669,0.002687,0.0,0.0,45.959228101569934,31.47058438265428,-0.002184,-0.000428,6460.3,6160.3,0.049966,0.000000,0.000000,0.5000,1.0000,,,,,
0.2280,1778840829.137928,19,1.745258,0.028614,0.004980,-0.1002,-0.0277,0.000755,1.648273,0.000097,0.000053,0.0001,1.745328,0.028593,0.004981,0.0112,-0.0020,0.000068,0.313403,0.0000,1.745328,0.000000,-0.000000,1.5313,0.000000,2.000000,259.2934,4,1,sand,1.0000,1.100000,0,0,0.000000,0.000000,0.000000,0,nan,0.00,0.000000,0.2071,0.0000,0.000000,0.6560,1.19,4.50,6.89,4.07,0.000097,0.0030,-1.5312,0.008000,0.064685,0.3824,-0.506754,-0.004828,0.001104,0.0,0.0,67.80973127546528,48.10357978858755,0.008507,0.010888,6456.1,6164.4,0.052873,0.000000,0.000000,0.5000,1.0000,,,,,
0.2400,1778840829.150100,20,1.591519,0.003329,-0.002106,0.0642,0.1274,-0.000768,1.648263,0.000106,0.000057,0.0001,1.591657,0.003425,-0.002104,0.0218,0.0092,0.000192,0.329157,0.0000,1.591657,0.000000,0.000000,1.7272,0.000000,2.000000,237.2494,4,1,sand,1.0000,1.100000,0,0,0.000000,0.000000,0.000000,0,nan,0.00,0.000000,0.2183,0.0000,0.000000,0.6800,1.06,4.44,6.56,4.04,0.000106,0.0033,-1.7271,0.008000,0.066461,-0.1882,-0.497869,0.020764,-0.000980,0.0,0.0,33.694288722212036,27.910156303893856,-0.041956,-0.041018,6452.0,6168.6,0.055776,0.000000,0.000000,0.5000,1.0000,,,,,
0.2520,1778840829.162055,21,1.685918,0.017949,-0.003522,0.0629,0.0298,0.000516,1.648254,0.000116,0.000062,0.0002,1.686103,0.018050,-0.003520,0.0302,0.0103,0.000240,0.344687,0.0000,1.686103,0.000000,-0.000000,1.6155,0.000000,2.000000,304.2929,4,1,sand,1.0000,1.100000,0,0,0.000000,0.000000,0.000000,0,nan,0.00,0.000000,0.2298,0.0000,0.000000,0.7040,0.94,4.39,6.27,4.10,0.000116,0.0036,-1.6153,0.008000,0.032087,-0.2698,-0.491292,0.022506,0.000564,0.0,0.0,34.55189160460489,28.628716408339642,-0.045664,-0.044250,6447.9,6172.7,0.058626,0.000000,0.000000,0.5000,1.0000,,,,,
0.2640,1778840829.174132,22,1.598933,-0.037161,-0.005680,0.0472,0.0479,-0.000679,1.648245,0.000126,0.000067,0.0002,1.599133,-0.037043,-0.005678,0.0339,0.0129,0.000245,0.359694,0.0000,1.599133,0.000000,0.000000,1.7191,0.000000,1.500000,84.7785,0,1,sand,1.0000,1.100000,0,0,0.000000,0.000000,0.000000,0,nan,0.00,0.000000,0.2413,0.0000,0.000000,0.7220,0.85,5.20,6.91,9.83,0.000126,0.0038,-1.7189,0.008000,0.076236,-0.0079,-0.489374,0.027412,-0.001534,0.0,0.0,31.943684691574134,20.345491954032042,-0.054902,-0.054628,6444.0,6176.6,0.061357,0.000000,0.000000,0.5000,1.0000,,,,,
0.2760,1778840829.186035,23,1.618060,-0.081579,0.001864,-0.0055,0.0231,-0.001789,1.648237,0.000136,0.000072,0.0002,1.618241,-0.081457,0.001865,0.0281,0.0116,0.000103,0.366979,0.0000,1.618241,0.000000,0.000000,1.6978,0.000000,1.000000,73.8915,0,1,sand,1.0000,1.100000,0,0,0.000000,0.000000,0.000000,0,nan,0.00,0.000000,0.2527,0.0000,0.000000,0.7340,0.77,5.43,6.97,6.71,0.000136,0.0041,-1.6976,0.008000,0.258006,-0.0776,-0.497319,0.026586,0.003974,0.0,0.0,33.662335110917724,22.862059004708584,-0.052129,-0.054188,6441.6,6179.0,0.063007,0.000000,0.000000,0.5000,1.0000,,,,,
0.2880,1778840829.197987,24,1.619023,0.008809,-0.002134,-0.1044,-0.0251,0.000053,1.648229,0.000147,0.000077,0.0002,1.619173,0.008886,-0.002134,0.0231,0.0072,0.000048,0.366746,0.0000,1.619173,0.000000,0.000000,1.6968,0.000000,0.631881,68.4377,0,1,sand,1.0000,1.100000,0,0,0.000000,0.000000,0.000000,0,nan,0.00,0.000000,0.2639,0.0000,0.000000,0.7416,0.70,5.61,7.01,6.65,0.000147,0.0044,-1.6966,0.008000,0.095500,-0.3510,-0.504042,0.016586,0.001338,0.0,0.0,29.835532386686978,32.24437353947012,-0.032390,-0.033986,6440.8,6179.7,0.063547,0.000000,0.000000,0.5000,1.0000,,,,,
0.3000,1778840829.215419,25,1.588887,0.024347,0.004055,-0.0793,-0.0667,0.000977,1.648222,0.000158,0.000082,0.0002,1.589011,0.024349,0.004055,0.0192,0.0002,0.000001,0.363267,0.0000,1.589011,0.000000,0.000000,1.7301,0.000000,0.442142,67.3564,0,1,sand,1.0000,1.100000,0,0,0.000000,0.000000,0.000000,0,nan,0.00,0.000000,0.2748,0.0000,0.000000,0.7469,0.64,5.77,7.05,6.69,0.000158,0.0047,-1.7299,0.008000,0.072737,0.6714,-0.509729,0.000457,-0.003379,0.0,0.0,44.859234089950135,25.933373510943824,-0.000894,-0.000935,6441.1,6179.5,0.063370,0.000000,0.000000,0.5000,1.0000,,,,,
0.3120,1778840829.222668,26,1.719102,-0.065374,-0.005396,-0.0159,-0.0654,0.000918,1.648215,0.000170,0.000087,0.0002,1.719206,-0.065433,-0.005396,0.0160,-0.0051,-0.000025,0.358925,0.0000,1.719206,0.000000,-0.000000,1.5701,0.000000,0.329878,64.7520,0,1,sand,1.0000,1.100000,0,0,0.000000,0.000000,0.000000,0,nan,0.00,0.000000,0.2855,0.0000,0.000000,0.7508,0.68,5.92,7.28,6.75,0.000170,0.0050,-1.5699,0.008000,0.144705,-0.7216,-0.514669,-0.012299,0.004466,0.0,0.0,112.41094940126527,82.36320645031438,0.024042,0.025183,6441.9,6178.7,0.062815,0.000000,0.000000,0.5000,1.0000,,,,,
0.3240,1778840829.234066,27,1.719288,0.017081,-0.003684,0.0226,0.0059,0.001206,1.648209,0.000182,0.000092,0.0003,1.719406,0.017040,-0.003683,0.0177,-0.0036,0.000053,0.353784,0.0000,1.719406,0.000000,-0.000000,1.5698,0.000000,0.263273,64.1053,0,1,sand,1.0000,1.100000,0,0,0.000000,0.000000,0.000000,0,nan,0.00,0.000000,0.2959,0.0000,0.000000,0.7540,0.62,6.03,7.27,6.62,0.000182,0.0053,-1.5696,0.008000,0.066962,-0.2051,-0.514560,-0.008774,0.001619,0.0,0.0,87.64010108507395,63.33314092195353,0.016359,0.018820,6443.0,6177.6,0.062047,0.000000,0.000000,0.5000,1.0000,,,,,
0.3360,1778840829.245988,28,1.684807,-0.044213,-0.004373,-0.0164,0.0161,0.000173,1.648203,0.000195,0.000097,0.0003,1.684904,-0.044231,-0.004373,0.0148,-0.0016,0.000071,0.348460,0.0000,1.684904,0.000000,-0.000000,1.6171,0.000000,0.240241,64.3063,0,1,sand,1.0000,1.100000,0,0,0.000000,0.000000,0.000000,0,nan,0.00,0.000000,0.3059,0.0000,0.000000,0.7569,0.57,6.11,7.26,6.59,0.000195,0.0056,-1.6168,0.008000,0.135117,-0.5238,-0.519071,-0.003954,0.002457,0.0,0.0,61.58896880844513,40.53598432358676,0.006844,0.009050,6444.2,6176.4,0.061190,0.000000,0.000000,0.5000,1.0000,,,,,
0.3480,1778840829.257961,29,1.749900,0.025247,-0.003427,0.0352,0.0071,-0.000532,1.648198,0.000208,0.000103,0.0003,1.750029,0.025239,-0.003427,0.0192,-0.0008,0.000036,0.343233,0.0000,1.750029,-0.000000,-0.000000,1.5239,0.000000,0.219031,64.3752,0,1,sand,1.0000,1.100000,0,0,0.000000,0.000000,0.000000,0,nan,0.00,0.000000,0.3157,0.0000,0.000000,0.7595,0.53,6.18,7.25,6.60,0.000208,0.0059,-1.5237,0.008000,0.107219,-0.0781,-0.516204,-0.001823,-0.000232,0.0,0.0,53.21129901920355,32.676792171786744,0.003116,0.004215,6445.5,6175.1,0.060297,0.000000,0.000000,0.5000,1.0000,,,,,
0.3600,1778840829.270124,30,1.602944,-0.052253,0.001061,-0.0034,-0.0209,0.000933,1.648193,0.000222,0.000108,0.0002,1.603049,-0.052278,0.001062,0.0159,-0.0023,0.000056,0.337648,0.0000,1.603049,0.000000,0.000000,1.7148,0.000000,0.235932,66.5537,0,1,sand,1.0000,1.100000,0,0,0.000000,0.000000,0.000000,0,nan,0.00,0.000000,0.3253,0.0000,0.000000,0.7623,0.50,6.25,7.25,6.65,0.000222,0.0062,-1.7145,0.008000,0.153548,0.2610,-0.520992,-0.005517,0.000044,0.0,0.0,70.00889964058334,47.48629206645539,0.010031,0.012109,6446.9,6173.7,0.059338,0.000000,0.000000,0.5000,1.0000,,,,,
0.3720,1778840829.282093,31,1.652222,-0.021181,0.000543,0.0476,-0.0281,0.001477,1.648188,0.000237,0.000113,0.0002,1.652375,-0.021226,0.000544,0.0225,-0.0041,0.000094,0.332890,0.0000,1.652375,0.000000,0.000000,1.6580,0.000000,0.245269,64.8839,0,1,sand,1.0000,1.100000,0,0,0.000000,0.000000,0.000000,0,nan,0.00,0.000000,0.3346,0.0000,0.000000,0.7653,0.47,6.31,7.25,6.66,0.000237,0.0065,-1.6577,0.008000,0.015132,0.3551,-0.515887,-0.022804,0.000295,0.0,0.0,93.35586011293606,72.51167914715923,0.018073,0.021635,6448.1,6172.5,0.058475,0.000000,0.000000,0.5000,1.0000,,,,,
0.3840,1778840829.294052,32,1.608705,0.080003,-0.001697,0.0363,-0.0319,0.001450,1.648183,0.000252,0.000119,0.0002,1.608880,0.079938,-0.001696,0.0256,-0.0058,0.000119,0.328088,0.0000,1.608880,0.000000,0.000000,1.7083,0.000000,0.251209,69.2129,0,1,sand,1.0000,1.100000,0,0,0.000000,0.000000,0.000000,0,nan,0.00,0.000000,0.3436,0.0000,0.000000,0.7683,0.44,6.36,7.24,6.61,0.000252,0.0068,-1.7081,0.008000,0.170872,-0.2047,-0.513482,-0.025866,0.001039,0.0,0.0,119.40541238924371,102.11038883175999,0.026018,0.030742,6449.3,6171.2,0.057616,0.000000,0.000000,0.5000,1.0000,,,,,
0.3960,1778840829.314047,33,1.794849,0.013872,-0.000122,0.0174,-0.0881,-0.000379,1.648179,0.000267,0.000124,0.0002,1.795017,0.013737,-0.000122,0.0244,-0.0118,-0.000022,0.323757,0.0000,1.795017,-0.000000,-0.000000,1.4498,0.000000,0.247609,64.7808,0,1,sand,1.0000,1.100000,0,0,0.000000,0.000000,0.000000,0,nan,0.00,0.000000,0.3525,0.0000,0.000000,0.7713,0.42,6.41,7.25,6.71,0.000267,0.0071,-1.4496,0.008000,0.125750,0.1150,-0.514591,-0.035574,0.001066,0.0,0.0,227.111646097552,210.35573170058328,0.055262,0.058580,6450.4,6170.1,0.056843,0.000000,0.000000,0.5000,1.0000,,,,,
0.4080,1778840829.321309,34,1.584202,-0.012363,-0.007794,-0.0193,0.0374,-0.000657,1.648174,0.000284,0.000129,0.0002,1.584358,-0.012445,-0.007794,0.0204,-0.0057,-0.000111,0.319508,0.0000,1.584358,0.000000,0.000000,1.7351,0.000000,0.269324,67.5129,0,1,sand,1.0000,1.100000,0,0,0.000000,0.000000,0.000000,0,nan,0.00,0.000000,0.3611,0.0000,0.000000,0.7745,0.88,6.44,8.20,6.58,0.000284,0.0074,-1.7349,0.008000,0.066102,-0.6789,-0.518517,-0.016187,0.000462,0.0,0.0,135.1388057634661,108.17931777025825,0.030514,0.032357,6451.6,6169.0,0.056055,0.000000,0.000000,0.5000,1.0000,,,,,
0.4200,1778840829.330117,35,1.603787,0.038742,0.008680,0.0441,-0.0899,0.000308,1.648170,0.000301,0.000135,0.0001,1.603982,0.038590,0.008679,0.0254,-0.0111,-0.000249,0.315242,0.0000,1.603982,0.000000,0.000000,1.7138,0.000000,0.281744,67.4563,0,1,sand,1.0000,1.100000,0,0,0.000000,0.000000,0.000000,0,nan,0.00,0.000000,0.3696,0.0000,0.000000,0.7779,0.79,6.51,8.10,6.95,0.000301,0.0077,-1.7136,0.008000,0.195931,0.8066,-0.512993,-0.025039,0.000594,0.0,0.0,241.1669924209824,219.79244478808582,0.059138,0.061013,6452.7,6167.9,0.055278,0.000000,0.000000,0.5000,1.0000,,,,,
0.4320,1778840829.342247,36,1.543874,-0.048664,-0.003310,0.0261,-0.0394,-0.000362,1.648181,0.000291,0.000145,0.0023,1.544070,-0.048828,-0.003312,0.0261,-0.0119,-0.000286,0.322588,0.0000,1.544070,0.000000,0.000000,1.7775,0.000000,0.296881,69.0110,0,1,sand,1.0000,1.100000,0,0,0.000000,0.000000,0.000000,0,nan,0.00,0.000000,0.3779,0.0000,0.000000,0.7815,0.72,6.53,7.97,6.63,0.000291,0.0083,-1.7752,0.008000,0.234759,0.0211,-0.511862,-0.027867,0.000594,-79.02676844273975,-83.19826440752718,256.9013561578432,233.52865508228723,0.063130,0.064181,6450.8,6169.7,0.056561,0.000000,0.000000,0.5000,1.0000,,,,,
0.4440,1778840829.354231,37,1.699707,0.021644,-0.001287,-0.0070,0.0482,0.002796,1.648287,0.000287,0.000169,0.0106,1.699867,0.021564,-0.001285,0.0217,-0.0062,-0.000058,0.353011,0.0000,1.699867,0.000000,-0.000000,1.5971,0.000000,0.252247,64.3324,0,1,sand,1.0000,1.100000,0,0,0.000000,0.000000,0.000000,0,nan,0.00,0.000000,0.3860,0.0000,0.000000,0.7845,0.66,6.55,7.88,6.65,0.000287,0.0097,-1.5865,0.008000,0.075017,0.1764,-0.515881,-0.014616,0.000733,-221.525609479359,-214.98105419091098,135.28575768853221,116.84402821167404,0.030574,0.034994,6443.2,6177.4,0.061916,0.000000,0.000000,0.5000,1.0000,,,,,
0.4560,1778840829.366320,38,1.644858,-0.079780,-0.001572,0.0068,-0.0428,0.003719,1.648510,0.000283,0.000196,0.0214,1.644998,-0.079883,-0.001569,0.0194,-0.0082,-0.000017,0.362936,0.0000,1.644998,0.000000,0.000000,1.6668,0.000000,0.229990,65.8048,0,1,sand,1.0000,1.100000,0,0,0.000000,0.000000,0.000000,0,nan,0.00,0.000000,0.3939,0.0000,0.000000,0.7872,0.61,6.56,7.79,6.62,0.000283,0.0112,-1.6454,0.008000,0.187235,0.1061,-0.517715,-0.020583,0.001413,-217.94569083031183,-189.83107925567492,166.49603168050754,165.82135324287987,0.038913,0.047219,6440.5,6180.0,0.063733,0.000000,0.000000,0.5000,1.0000,,,,,
0.4680,1778840829.378252,39,1.636611,-0.017501,-0.009403,-0.0093,0.0172,0.002610,1.648888,0.000285,0.000224,0.0354,1.636724,-0.017564,-0.009399,0.0163,-0.0054,0.000101,0.372222,0.0000,1.636724,0.000000,0.000000,1.6766,0.000000,0.206462,64.6137,0,1,sand,1.0000,1.100000,0,0,0.000000,0.000000,0.000000,0,nan,0.00,0.000000,0.4017,0.0000,0.000000,0.7897,0.57,6.58,7.71,6.69,0.000285,0.0128,-1.6412,0.008000,0.038603,-0.5999,-0.520371,-0.011703,0.001591,-68.85908266655406,-196.56205011800012,109.39598586436637,110.27116564535805,0.023124,0.033163,6438.1,6182.4,0.065407,0.000000,0.000000,0.5000,1.0000,,,,,
0.4800,1778840829.390260,40,1.673438,0.005939,0.005026,0.0643,-0.0206,0.001603,1.649366,0.000289,0.000257,0.0463,1.673627,0.005872,0.005031,0.0261,-0.0059,0.000094,0.376484,0.0000,1.673627,0.000000,-0.000000,1.6316,0.000000,0.182490,63.6796,0,1,sand,1.0000,1.100000,0,0,0.000000,0.000000,0.000000,0,nan,0.00,0.000000,0.4092,0.0000,0.000000,0.7919,0.52,6.59,7.64,6.65,0.000289,0.0147,-1.5853,0.008000,0.039944,0.2563,-0.510034,-0.011173,0.001582,372.8655494690356,-238.41966810061967,118.10852696260221,120.3597515371359,0.025631,0.035772,6437.0,6183.5,0.066194,0.000000,0.000000,0.5000,1.0000,,,,,
0.4920,1778840829.402161,41,1.642352,0.024749,0.001751,0.0777,0.0152,0.003678,1.649921,0.000295,0.000301,0.0573,1.642619,0.024713,0.001757,0.0367,-0.0036,0.000221,0.381812,0.0000,1.642619,0.000000,0.000000,1.6696,0.000000,0.166644,64.7175,0,1,sand,1.0000,1.100000,0,0,0.000000,0.000000,0.000000,0,nan,0.00,0.000000,0.4167,0.0000,0.000000,0.7939,0.49,6.64,7.62,6.94,0.000295,0.0173,-1.6123,0.008000,0.056980,0.1968,-0.499015,-0.003596,0.001891,-293.1157364731007,-409.1022975094729,76.25372963118431,83.00968837420646,0.012537,0.025420,6435.6,6184.9,0.067169,0.000000,0.000000,0.5000,1.0000,,,,,
0.5040,1778840829.415226,42,1.583243,0.036489,-0.008361,0.1561,0.0284,0.004058,1.650571,0.000266,0.000340,0.0697,1.583688,0.036488,-0.008353,0.0604,-0.0008,0.000361,0.383382,0.0000,1.583688,0.000000,0.000000,1.7358,0.000000,0.167457,66.7118,0,1,sand,1.0000,1.100000,0,0,0.000000,0.000000,0.000000,0,nan,0.00,0.000000,0.4239,0.0000,0.000000,0.7959,0.46,6.64,7.56,6.62,0.000266,0.0195,-1.6662,0.008000,0.262864,-0.4719,-0.474911,0.009408,0.002355,-719.7473964975543,-710.5991230722884,40.5487259013113,45.90350229056325,-0.003388,0.012191,6435.2,6185.4,0.067467,0.000000,0.000000,0.5000,1.0000,,,,,
0.5160,1778840829.426299,43,1.752732,0.047116,0.005141,0.0625,-0.0343,-0.006462,1.651265,0.000240,0.000383,0.0703,1.753181,0.047081,0.005143,0.0613,-0.0033,0.000024,0.376983,0.0000,1.753181,-0.000000,-0.000000,1.5190,0.000000,0.156883,64.7865,0,1,sand,1.0000,1.100000,0,0,0.000000,0.000000,0.000000,0,nan,0.00,0.000000,0.4309,0.0000,0.000000,0.7978,0.43,6.64,7.50,6.61,0.000240,0.0219,-1.4487,0.008000,0.132975,0.7418,-0.473507,-0.002453,0.000722,1214.2609660871367,-752.2896958715664,82.0543475516925,62.760061268797,0.014543,0.018846,6436.8,6183.8,0.066338,0.000000,0.000000,0.5000,1.0000,,,,,
0.5280,1778840829.438102,44,1.622155,-0.044099,0.001638,-0.0281,0.0866,0.015623,1.652015,0.000240,0.000407,0.0748,1.622516,-0.044031,0.001649,0.0498,0.0041,0.001077,0.356901,0.0000,1.622516,0.000000,0.000000,1.6930,0.000000,0.182865,65.3223,0,1,sand,1.0000,1.100000,0,0,0.000000,0.000000,0.000000,0,nan,0.00,0.000000,0.4379,0.0000,0.000000,0.8000,0.41,6.64,7.46,6.66,0.000240,0.0233,-1.6182,0.008000,0.087985,-0.4020,-0.484392,0.021001,0.003879,-467.12515912347226,-938.134049353559,29.310988816145795,22.024372591759075,-0.031408,-0.007977,6441.9,6178.7,0.062808,0.000000,0.000000,0.5000,1.0000,,,,,
0.5400,1778840829.450278,45,1.686167,0.000204,-0.002248,0.0311,-0.0045,-0.016484,1.652728,0.000190,0.000401,0.0649,1.686503,0.000237,-0.002248,0.0464,0.0029,-0.000059,0.313277,0.0000,1.686503,0.000000,-0.000000,1.6150,0.000000,0.230901,65.0660,0,1,sand,1.0000,1.100000,0,0,0.000000,0.000000,0.000000,0,nan,0.00,0.000000,0.4447,0.0000,0.000000,0.8028,0.39,6.64,7.42,6.62,0.000190,0.0230,-1.5501,0.008000,0.105018,0.0626,-0.488220,0.019132,0.000079,221.17009490904638,-1309.875335919759,30.447260424239815,22.3146032657923,-0.013430,-0.015596,6453.0,6167.6,0.055072,0.000000,0.000000,0.5000,1.0000,,,,,
0.5520,1778840829.462126,46,1.622370,-0.086859,-0.008072,0.0881,-0.0638,-0.017115,1.653402,0.000124,0.000378,0.0554,1.622766,-0.086912,-0.008083,0.0547,-0.0027,-0.001061,0.292444,0.0000,1.622766,0.000000,0.000000,1.6927,0.000000,0.288061,68.7298,0,1,sand,1.0000,1.100000,0,0,0.000000,0.000000,0.000000,0,nan,0.00,0.000000,0.4514,0.0000,0.000000,0.8062,0.38,6.63,7.39,6.61,0.000124,0.0216,-1.6373,0.008000,0.166924,-0.3885,-0.482730,0.000104,-0.003212,-413.785657686014,-1390.8462402569203,115.18261997855473,32.15079831846445,0.024425,0.000807,6458.3,6162.2,0.051332,0.000000,0.000000,0.5000,1.0000,,,,,
0.5640,1778840829.474422,47,1.582462,-0.038602,0.001726,0.1417,0.0455,0.011406,1.654087,0.000041,0.000322,0.0551,1.582987,-0.038586,0.001724,0.0720,0.0014,-0.000177,0.294795,0.0000,1.582987,0.000000,0.000000,1.7366,0.000000,0.319661,67.9863,0,1,sand,1.0000,1.100000,0,0,0.000000,0.000000,0.000000,0,nan,0.00,0.000000,0.4580,0.0000,0.000000,0.8101,0.38,6.63,7.40,6.65,0.000041,0.0184,-1.6814,0.008000,0.120179,0.1889,-0.466473,0.011773,-0.000429,35.345583903701936,-5452.248723624734,40.89366501827777,23.91500462358931,-0.004935,-0.009406,6457.8,6162.7,0.051673,0.000000,0.000000,0.5000,1.0000,,,,,
0.5760,1778840829.486137,48,1.743924,-0.081103,-0.003811,0.0436,-0.0806,-0.014706,1.654483,-0.000060,0.000227,-0.0012,1.744408,-0.081183,-0.003822,0.0664,-0.0052,-0.001038,0.230974,0.0000,1.744408,0.000000,-0.000000,1.5327,0.000000,0.386082,68.3788,0,1,sand,1.0000,1.100000,0,0,0.000000,0.000000,0.000000,0,nan,0.00,0.000000,0.4645,0.0000,0.000000,0.8147,0.37,6.64,7.39,6.67,-0.000060,0.0130,-1.5339,0.008000,0.084744,0.3196,-0.472473,-0.006979,-0.003105,-7459.9642518252385,-5763.727886796225,157.3548935238729,64.35490164284066,0.036254,0.013865,6474.1,6146.5,0.040364,0.000000,0.000000,0.5000,1.0000,,,,,
0.5880,1778840829.498236,49,1.649095,-0.033363,0.006701,-0.0379,0.0740,-0.004225,1.654317,-0.000165,0.000163,-0.0424,1.649484,-0.033357,0.006690,0.0535,0.0016,-0.000997,0.169686,0.0000,1.649484,0.000000,0.000000,1.6614,0.000000,0.483462,70.4924,0,1,sand,1.0000,1.100000,0,0,0.000000,0.000000,0.000000,0,nan,0.00,0.000000,0.4711,0.0000,0.000000,0.8205,0.36,6.64,7.37,6.65,-0.000165,0.0094,-1.7038,0.008000,0.084110,0.0951,-0.485431,0.010092,-0.003400,-316.5642163919365,461.88429821083355,65.76650727599127,31.09046340654284,0.003196,-0.020269,6489.7,6130.9,0.029458,0.000000,0.000000,0.5000,1.0000,,,,,
0.6000,1778840829.513465,50,1.548993,-0.003477,0.013870,-0.0615,0.0983,0.000695,1.653713,-0.000178,0.000161,-0.0733,1.549304,-0.003377,0.013864,0.0429,0.0090,-0.000662,0.111211,0.0000,1.549304,0.000000,0.000000,1.7720,0.000000,0.602844,76.9255,0,1,sand,1.0000,1.100000,0,0,0.000000,0.000000,0.000000,0,nan,0.00,0.000000,0.4776,0.0000,0.000000,0.8277,0.35,6.64,7.34,6.61,-0.000178,0.0092,-1.8454,0.008000,0.146318,0.6928,-0.496071,0.025900,-0.003027,-1013.7004540518801,-1982.9662624826915,36.32200250432196,-6.43903602179013,-0.035874,-0.053875,6504.7,6115.9,0.019008,0.000000,0.000000,0.5000,1.0000,,,,,
0.6120,1778840829.522339,51,1.662244,-0.028227,-0.000047,-0.0972,0.0291,0.000780,1.652851,-0.000145,0.000181,-0.0855,1.662496,-0.028121,-0.000051,0.0346,0.0096,-0.000460,0.092652,0.0000,1.662496,0.000000,-0.000000,1.6456,0.000000,0.673982,73.5225,0,1,sand,1.0000,1.100000,0,0,0.000000,0.000000,0.000000,0,nan,0.00,0.000000,0.4842,0.0000,0.000000,0.8358,0.35,6.65,7.34,6.70,-0.000145,0.0104,-1.7311,0.008000,0.070300,0.4738,-0.504378,0.024372,-0.002508,1364.3155070260318,-937.3832740728958,38.01215393462357,-8.255859179556182,-0.040666,-0.054185,6509.6,6110.9,0.015578,0.000000,0.000000,0.5000,1.0000,,,,,
0.6240,1778840829.534116,52,1.711334,0.009524,-0.000506,-0.1023,-0.0980,-0.000228,1.651909,-0.000116,0.000201,-0.0877,1.711537,0.009516,-0.000511,0.0280,0.0000,-0.000484,0.088383,0.0000,1.711537,0.000000,-0.000000,1.5810,0.000000,0.706760,72.9147,0,1,sand,1.0000,1.100000,0,0,0.000000,0.000000,0.000000,0,nan,0.00,0.000000,0.4908,0.0000,0.000000,0.8443,0.34,6.64,7.33,6.63,-0.000116,0.0115,-1.6687,0.008000,0.099226,-0.3238,-0.510311,0.003104,-0.001816,372.40808588864866,527.5094934688991,75.47833033994644,53.10759728181587,0.005271,-0.005948,6510.8,6109.7,0.014732,0.000000,0.000000,0.5000,1.0000,,,,,
0.6360,1778840829.546332,53,1.597964,0.024481,-0.007298,-0.0703,-0.0570,0.002778,1.650934,-0.000055,0.000230,-0.0859,1.598128,0.024422,-0.007302,0.0227,-0.0045,-0.000295,0.090214,0.0000,1.598128,0.000000,0.000000,1.7202,0.000000,0.735996,76.2005,0,1,sand,1.0000,1.100000,0,0,0.000000,0.000000,0.000000,0,nan,0.00,0.000000,0.4975,0.0000,0.000000,0.8531,0.34,6.65,7.33,6.67,-0.000055,0.0132,-1.8061,0.008000,0.100813,-0.5188,-0.513604,-0.014808,-0.001851,-1233.2449932788766,-138.31855925536638,125.96003484908886,102.90416505308298,0.024593,0.019099,6510.4,6110.1,0.015014,0.000000,0.000000,0.5000,1.0000,,,,,
0.6480,1778840829.558393,54,1.709015,-0.009678,-0.002887,-0.1260,-0.0234,0.002123,1.649966,0.000006,0.000266,-0.0816,1.709148,-0.009745,-0.002889,0.0185,-0.0054,-0.000145,0.101297,0.0000,1.709148,0.000000,-0.000000,1.5843,0.000000,0.728494,72.0575,0,1,sand,1.0000,1.100000,0,0,0.000000,0.000000,0.000000,0,nan,0.00,0.000000,0.5043,0.0000,0.000000,0.8619,0.34,6.65,7.33,6.65,0.000006,0.0152,-1.6660,0.008000,0.029276,-0.0363,-0.513516,-0.016281,-0.000083,540.3495725775706,160.86315727705983,134.33635007036918,119.60473770217425,0.027561,0.025843,6507.7,6112.9,0.016933,0.000000,0.000000,0.5000,1.0000,,,,,
0.6600,1778840829.570257,55,1.688659,-0.001545,0.007767,-0.1002,0.0427,0.002250,1.649015,0.000074,0.000302,-0.0774,1.688767,-0.001555,0.007768,0.0152,-0.0010,0.000051,0.112874,0.0000,1.688767,0.000000,-0.000000,1.6120,0.000000,0.712801,71.8000,0,1,sand,1.0000,1.100000,0,0,0.000000,0.000000,0.000000,0,nan,0.00,0.000000,0.5110,0.0000,0.000000,0.8704,0.33,6.64,7.31,6.62,0.000074,0.0173,-1.6894,0.008000,0.087677,0.9142,-0.514880,0.000034,0.001421,-258.7838793839354,-2170.257713971645,72.2411000749943,67.99430709235219,0.004328,0.005818,6504.7,6115.8,0.018988,0.000000,0.000000,0.5000,1.0000,,,,,
0.6720,1778840829.582342,56,1.620049,0.020170,0.001391,-0.1537,-0.0569,0.005032,1.648096,0.000164,0.000354,-0.0722,1.620137,0.020112,0.001393,0.0125,-0.0053,0.000258,0.124323,0.0000,1.620137,0.000000,0.000000,1.6957,0.000000,0.702410,73.5615,0,1,sand,1.0000,1.100000,0,0,0.000000,0.000000,0.000000,0,nan,0.00,0.000000,0.5179,0.0000,0.000000,0.8789,0.33,6.64,7.30,6.59,0.000164,0.0203,-1.7679,0.008000,0.059942,-0.0181,-0.517895,-0.014082,0.001749,-146.80535428868242,1293.7738454105383,118.64680630853277,127.77624869567848,0.022415,0.030043,6501.8,6118.8,0.021031,0.000000,0.000000,0.5000,1.0000,,,,,
0.6840,1778840829.594178,57,1.696029,0.001864,0.001447,-0.0356,0.0683,0.006113,1.647284,0.000316,0.000424,-0.0595,1.696101,0.001887,0.001453,0.0105,0.0011,0.000614,0.160396,0.0000,1.696101,0.000000,-0.000000,1.6022,0.000000,0.653567,69.8764,0,1,sand,1.0000,1.100000,0,0,0.000000,0.000000,0.000000,0,nan,0.00,0.000000,0.5247,0.0000,0.000000,0.8867,0.32,6.63,7.28,6.60,0.000316,0.0243,-1.6616,0.008000,0.129322,0.3078,-0.513755,0.007588,0.003148,0.0,214.9249057759278,41.48502960475166,52.72153398796583,-0.012148,0.001821,6492.6,6127.9,0.027416,0.000000,0.000000,0.5000,1.0000,,,,,
0.6960,1778840829.611855,58,1.597980,-0.036424,0.010968,-0.0855,-0.0527,0.003333,1.646566,0.000372,0.000453,-0.0536,1.598039,-0.036451,0.010974,0.0088,-0.0033,0.000622,0.173775,0.0000,1.598039,0.000000,0.000000,1.7203,0.000000,0.627453,71.6137,0,1,sand,1.0000,1.100000,0,0,0.000000,0.000000,0.000000,0,nan,0.00,0.000000,0.5316,0.0000,0.000000,0.8942,0.32,6.64,7.28,6.68,0.000372,0.0259,-1.7739,0.008000,0.101571,0.2508,-0.509435,-0.009107,0.003851,0.0,101.15247253329073,77.92387553916262,101.32877566932424,0.008535,0.024057,6489.2,6131.4,0.029842,0.000000,0.000000,0.5000,1.0000,,,,,
0.7080,1778840829.619079,59,1.634398,-0.016671,-0.003697,-0.0065,-0.0864,0.002512,1.645896,0.000411,0.000477,-0.0516,1.634448,-0.016774,-0.003690,0.0074,-0.0091,0.000157,0.176168,0.0000,1.634448,0.000000,0.000000,1.6792,0.000000,0.607937,70.4452,0,1,sand,1.0000,1.100000,0,0,0.000000,0.000000,0.000000,0,nan,0.00,0.000000,0.5384,0.0000,0.000000,0.9015,0.45,6.66,7.56,6.82,0.000411,0.0273,-1.7308,0.008000,0.038094,-1.0024,-0.505045,-0.032104,0.003085,0.0,188.9400995955703,167.11681863405815,198.90848912951532,0.038761,0.054459,6488.5,6132.0,0.030270,0.000000,0.000000,0.5000,1.0000,,,,,
0.7200,1778840829.630137,60,1.575360,0.067631,0.002870,-0.0762,0.0060,0.001402,1.645247,0.000444,0.000507,-0.0491,1.575402,0.067555,0.002876,0.0063,-0.0069,0.000183,0.184209,0.0000,1.575402,0.000000,0.000000,1.7447,0.000000,0.590378,74.3330,0,1,sand,1.0000,1.100000,0,0,0.000000,0.000000,0.000000,0,nan,0.00,0.000000,0.5453,0.0000,0.000000,0.9086,0.43,6.66,7.52,6.63,0.000444,0.0290,-1.7938,0.008000,0.166763,0.1700,-0.504365,-0.027121,0.002595,0.0,79.59756005883489,132.8069279306173,157.52321264708726,0.028087,0.042548,6486.5,6134.1,0.031716,0.000000,0.000000,0.5000,1.0000,,,,,
0.7320,1778840829.642103,61,1.651300,-0.026392,0.003273,-0.1126,-0.0456,0.001183,1.644630,0.000456,0.000522,-0.0472,1.651335,-0.026497,0.003277,0.0054,-0.0092,0.000472,0.189375,0.0000,1.651335,0.000000,0.000000,1.6592,0.000000,0.575164,69.4038,0,1,sand,1.0000,1.100000,0,0,0.000000,0.000000,0.000000,0,nan,0.00,0.000000,0.5522,0.0000,0.000000,0.9155,0.41,6.65,7.47,6.60,0.000456,0.0299,-1.7064,0.008000,0.115906,0.2196,-0.504887,-0.022981,0.002441,0.0,106.35505362735447,169.45419061765244,191.5092488881333,0.039558,0.052719,6485.1,6135.4,0.032656,0.000000,0.000000,0.5000,1.0000,,,,,
0.7440,1778840829.654274,62,1.676011,0.043152,-0.005670,-0.0702,-0.0262,-0.000902,1.644046,0.000443,0.000517,-0.0449,1.676039,0.043042,-0.005668,0.0046,-0.0095,0.000299,0.194281,0.0000,1.676039,0.000000,-0.000000,1.6285,0.000000,0.552519,69.7808,0,1,sand,1.0000,1.100000,0,0,0.000000,0.000000,0.000000,0,nan,0.00,0.000000,0.5590,0.0000,0.000000,0.9221,0.39,6.66,7.44,6.69,0.000443,0.0296,-1.6734,0.008000,0.034080,0.0952,-0.505835,-0.019079,0.001686,0.0,41.83054298459287,179.38356787803093,188.72839046049288,0.042603,0.052065,6483.8,6136.7,0.033547,0.000000,0.000000,0.5000,1.0000,,,,,
0.7560,1778840829.666239,63,1.673244,0.068945,0.000515,-0.0140,0.0310,-0.003736,1.643517,0.000420,0.000488,-0.0407,1.673268,0.068883,0.000516,0.0041,-0.0053,0.000060,0.206004,0.0000,1.673268,0.000000,-0.000000,1.6321,0.000000,0.530268,70.9095,0,1,sand,1.0000,1.100000,0,0,0.000000,0.000000,0.000000,0,nan,0.00,0.000000,0.5658,0.0000,0.000000,0.9285,0.38,6.65,7.40,6.58,0.000420,0.0280,-1.6728,0.008000,0.116976,0.1959,-0.507560,-0.007520,0.000531,0.0,141.67592387120285,120.90214110891267,105.99366832269894,0.024668,0.027539,6480.8,6139.7,0.035649,0.000000,0.000000,0.5000,1.0000,,,,,
0.7680,1778840829.678247,64,1.626506,0.097247,0.005904,-0.0005,-0.0268,-0.000209,1.643046,0.000423,0.000464,-0.0369,1.626528,0.097171,0.005903,0.0036,-0.0064,0.000008,0.212745,0.0000,1.626528,0.000000,0.000000,1.6884,0.000000,0.524332,73.8607,0,1,sand,1.0000,1.100000,0,0,0.000000,0.000000,0.000000,0,nan,0.00,0.000000,0.5726,0.0000,0.000000,0.9348,0.36,6.64,7.36,6.59,0.000423,0.0266,-1.7253,0.008000,0.149351,-0.1071,-0.509215,-0.014588,0.000196,9.059867931851308,127.54157372859481,138.72990824437557,120.19535369575976,0.030398,0.032446,6479.1,6141.5,0.036872,0.000000,0.000000,0.5000,1.0000,,,,,
0.7800,1778840829.690107,65,1.602109,0.078519,0.005100,-0.0026,0.0081,0.002408,1.642632,0.000502,0.000485,-0.0320,1.602128,0.078468,0.005101,0.0033,-0.0045,0.000147,0.223526,0.0000,1.602128,0.000000,0.000000,1.7158,0.000000,0.519321,72.8806,0,1,sand,1.0000,1.100000,0,0,0.000000,0.000000,0.000000,0,nan,0.00,0.000000,0.5794,0.0000,0.000000,0.9410,0.35,6.63,7.34,6.60,0.000502,0.0278,-1.7478,0.008000,0.089944,0.2109,-0.510761,-0.005729,0.000408,6.951888026909785,750.4778804050238,105.15967935341442,94.46556083429232,0.019896,0.024625,6476.3,6144.2,0.038786,0.000000,0.000000,0.5000,1.0000,,,,,
0.7920,1778840829.710301,66,1.692982,-0.005225,-0.004710,0.0842,-0.0170,0.004205,1.642325,0.000648,0.000553,-0.0237,1.693118,-0.005279,-0.004707,0.0195,-0.0050,0.000331,0.249828,0.0000,1.693118,0.000000,-0.000000,1.6062,0.000000,0.474979,66.7799,0,1,sand,1.0000,1.100000,0,0,0.000000,0.000000,0.000000,0,nan,0.00,0.000000,0.5861,0.0000,0.000000,0.9467,0.35,6.66,7.35,6.80,0.000648,0.0317,-1.6299,0.008000,0.053631,-0.3566,-0.498398,-0.013279,0.000723,32.82457343114869,-380.2868476925564,103.81005793701195,104.68156641160434,0.020045,0.029230,6469.7,6150.9,0.043438,0.000000,0.000000,0.5000,1.0000,,,,,
0.8040,1778840829.717675,67,1.616575,-0.037300,-0.000435,-0.0150,0.0483,0.013073,1.642146,0.000872,0.000704,-0.0128,1.616702,-0.037282,-0.000422,0.0164,-0.0001,0.000493,0.264012,0.0000,1.616702,0.000000,0.000000,1.6996,0.000000,0.442772,67.9095,0,1,sand,1.0000,1.100000,0,0,0.000000,0.000000,0.000000,0,nan,0.00,0.000000,0.5928,0.0000,0.000000,0.9520,0.84,6.66,8.33,6.66,0.000872,0.0403,-1.7123,0.008000,0.031484,-0.6573,-0.503150,0.002742,0.003011,-12.0826299072207,-869.6403406538113,35.788008729620074,58.880192441514595,-0.010583,0.013536,6466.1,6154.5,0.045915,0.000000,0.000000,0.5000,1.0000,,,,,
0.8160,1778840829.726352,68,1.603030,0.081649,0.002434,0.0175,-0.0161,0.017112,1.642120,0.001170,0.000934,0.0012,1.603162,0.081666,0.002456,0.0172,-0.0012,0.000847,0.290676,0.0000,1.603162,0.000000,0.000000,1.7147,0.000000,0.393032,70.8582,0,1,sand,1.0000,1.100000,0,0,0.000000,0.000000,0.000000,0,nan,0.00,0.000000,0.5995,0.0000,0.000000,0.9568,0.76,6.65,8.17,6.61,0.001170,0.0535,-1.7134,0.008000,0.128584,0.3500,-0.502763,0.005490,0.006075,-40.64839763827219,-1171.86624911252,32.03487623913884,97.41444141551608,-0.012856,0.028461,6459.3,6161.3,0.050682,0.000000,0.000000,0.5000,1.0000,,,,,
0.8280,1778840829.738130,69,1.650848,-0.047753,0.001523,0.0177,-0.0279,0.026004,1.642371,0.001553,0.001222,0.0307,1.650983,-0.047738,0.001557,0.0181,-0.0029,0.001384,0.332625,0.0000,1.650983,0.000000,0.000000,1.6596,0.000000,0.330635,65.2210,0,1,sand,1.0000,1.100000,0,0,0.000000,0.000000,0.000000,0,nan,0.00,0.000000,0.6060,0.0000,0.000000,0.9607,0.69,6.64,8.03,6.60,0.001553,0.0700,-1.6290,0.008000,0.117592,-0.0786,-0.503008,-0.001311,0.009865,-59.927107225823946,-258.9998843346651,28.54637287457838,179.20531046244614,-0.015606,0.050914,6448.5,6172.0,0.058170,0.000000,0.000000,0.5000,1.0000,,,,,
0.8400,1778840829.750241,70,1.622362,-0.009438,-0.003354,0.0902,-0.0678,0.032366,1.642975,0.002019,0.001561,0.0567,1.622610,-0.009459,-0.003305,0.0328,-0.0072,0.001958,0.372765,0.0000,1.622610,0.000000,0.000000,1.6929,0.000000,0.259742,64.8606,0,1,sand,1.0000,1.100000,0,0,0.000000,0.000000,0.000000,0,nan,0.00,0.000000,0.6125,0.0000,0.000000,0.9638,0.64,6.64,7.91,6.63,0.002019,0.0894,-1.6362,0.008000,0.080943,-0.3826,-0.489051,-0.010608,0.013881,-48.03431679219428,-292.08564721373966,36.35103883660875,344.41923438744396,-0.006299,0.088520,6438.2,6182.3,0.065353,0.000000,0.000000,0.5000,1.0000,,,,,
0.8520,1778840829.762126,71,1.707021,-0.056545,0.003729,0.1420,0.0154,0.030742,1.643888,0.002528,0.001930,0.0837,1.707436,-0.056511,0.003789,0.0548,-0.0047,0.002551,0.411079,0.0000,1.707436,0.000000,-0.000000,1.5867,0.000000,0.179450,63.0442,0,1,sand,1.0000,1.100000,0,0,0.000000,0.000000,0.000000,0,nan,0.00,0.000000,0.6188,0.0000,0.000000,0.9660,0.59,6.66,7.84,6.77,0.002528,0.1106,-1.5030,0.008000,0.100207,0.5367,-0.467852,-0.003460,0.017208,-59.18827705792353,427.8992540870822,30.618899806852852,342.8094706157217,-0.029991,0.085737,6428.4,6192.2,0.072222,0.000000,0.000000,0.5000,1.0000,,,,,
0.8640,1778840829.774118,72,1.574552,0.046201,-0.000516,0.1539,0.0413,0.030013,1.645194,0.002928,0.002241,0.1134,1.575118,0.046300,-0.000447,0.0748,-0.0007,0.003069,0.447486,0.0000,1.575118,0.000000,0.000000,1.7450,0.000000,0.103918,66.4142,0,1,sand,1.0000,1.100000,0,0,0.000000,0.000000,0.000000,0,nan,0.00,0.000000,0.6250,0.0000,0.000000,0.9672,0.54,6.68,7.77,6.80,0.002928,0.1284,-1.6315,0.008000,0.150369,-0.0594,-0.449223,0.002802,0.019766,-7466.537286426006,453.1710697513578,29.721592643918214,298.2580193057586,-0.058621,0.073050,6419.0,6201.6,0.078763,0.000000,0.000000,0.5000,1.0000,,,,,
0.8760,1778840829.786144,73,1.590569,-0.064073,-0.000758,0.1145,0.0518,0.020178,1.646702,0.003033,0.002469,0.1296,1.591197,-0.063921,-0.000688,0.0831,0.0034,0.003208,0.441644,0.0000,1.591197,0.000000,0.000000,1.7277,0.000000,0.082826,64.6771,0,1,sand,1.0000,1.100000,0,0,0.000000,0.000000,0.000000,0,nan,0.00,0.000000,0.6311,0.0000,0.000000,0.9682,0.51,6.85,7.87,7.80,0.003033,0.1414,-1.5981,0.008000,0.182437,-0.3817,-0.441558,0.014297,0.019883,3266.714736140473,85.02856914051938,-29.874003820292927,200.59558034471948,-0.079651,0.052270,6420.3,6200.2,0.077835,0.000000,0.000000,0.5000,1.0000,,,,,
0.8880,1778840829.798193,74,1.655577,0.012515,0.008520,0.1499,0.0935,0.020123,1.648549,0.003596,0.002782,0.1629,1.656317,0.012760,0.008591,0.0970,0.0096,0.003317,0.476658,0.0000,1.656317,0.000000,-0.000000,1.6532,0.000000,0.023333,63.0879,0,1,sand,1.0000,1.100000,0,0,0.000000,0.000000,0.000000,0,nan,0.00,0.000000,0.6370,0.0000,0.000000,0.9685,0.47,6.87,7.82,7.03,0.003596,0.1594,-1.4903,0.008000,0.065869,0.1951,-0.429055,0.029022,0.019746,-618.7262868179866,3685.2821133194093,-252.75454990834163,72.05294471343727,-0.112509,0.019295,6411.4,6209.2,0.084045,0.000000,0.000000,0.5000,1.0000,,,,,
0.9000,1778840829.811574,75,1.601226,0.085879,0.004378,0.2154,0.0216,0.002091,1.650891,0.003832,0.002840,0.2106,1.602149,0.086098,0.004437,0.1209,0.0094,0.002796,0.509842,0.0000,1.602149,0.000000,0.000000,1.7158,0.000000,-0.024959,67.4377,0,1,sand,1.0000,1.100000,0,0,0.000000,0.000000,0.000000,0,nan,0.00,0.000000,0.6427,0.0000,0.000000,0.9682,0.44,6.83,7.72,6.60,0.003832,0.1627,-1.5052,0.008000,0.169031,0.5186,-0.408057,0.028921,0.016144,-597.3468287498963,2248.3659438895247,-150.08798058031493,51.991018868648126,-0.100440,0.008574,6402.9,6217.7,0.089986,0.000000,0.000000,0.5000,1.0000,,,,,
0.9120,1778840829.822107,76,1.658031,-0.038480,0.003509,0.2466,-0.0413,-0.008766,1.653643,0.003968,0.002747,0.2367,1.659137,-0.038353,0.003550,0.1462,0.0045,0.001947,0.541763,0.0000,1.659137,0.000000,-0.000000,1.6497,0.000000,-0.088044,62.0714,0,1,sand,1.0000,1.100000,0,0,0.000000,0.000000,0.000000,0,nan,0.00,0.000000,0.6483,0.0000,0.000000,0.9672,0.42,6.81,7.65,6.69,0.003968,0.1574,-1.4130,0.008000,0.008763,0.2224,-0.384380,0.011621,0.011137,137.73733476604048,-427.6534615579267,33.10857211346983,81.54395403400989,-0.059806,0.017104,6394.7,6225.8,0.095687,0.000000,0.000000,0.5000,1.0000,,,,,
0.9240,1778840829.834124,77,1.628335,0.024806,0.000720,0.2325,0.0422,-0.011795,1.656683,0.003982,0.002604,0.2641,1.629568,0.024934,0.000746,0.1639,0.0068,0.001305,0.572080,0.0000,1.629568,0.000000,0.000000,1.6849,0.000000,-0.151493,63.3245,0,1,sand,1.0000,1.100000,0,0,0.000000,0.000000,0.000000,0,nan,0.00,0.000000,0.6537,0.0000,0.000000,0.9653,0.41,6.78,7.60,6.62,0.003982,0.1492,-1.4208,0.008000,0.062177,-0.1043,-0.369544,0.018601,0.006343,-2406.269189088856,868.1512342708884,39.53883404152327,56.71570077355955,-0.057296,-0.010352,6386.9,6233.6,0.101125,0.000000,0.000000,0.5000,1.0000,,,,,
0.9360,1778840829.846266,78,1.633558,-0.092836,0.002720,0.3502,-0.0626,-0.010539,1.659917,0.003936,0.002453,0.2695,1.635060,-0.092802,0.002733,0.2009,0.0008,0.000616,0.586625,0.0000,1.635060,0.000000,0.000000,1.6785,0.000000,-0.198607,63.4301,0,1,sand,1.0000,1.100000,0,0,0.000000,0.000000,0.000000,0,nan,0.00,0.000000,0.6588,0.0000,0.000000,0.9630,0.39,6.76,7.53,6.61,0.003936,0.1405,-1.4090,0.008000,0.081119,0.0587,-0.336830,0.004673,0.002217,-1298.274109893046,674.9015551020639,56.26848385426341,76.83932149609876,-0.015511,0.008924,6383.1,6237.5,0.103777,0.000000,0.000000,0.5000,1.0000,,,,,
0.9480,1778840829.858104,79,1.570142,0.034283,0.011517,0.2948,-0.0153,-0.012847,1.663228,0.003867,0.002308,0.2763,1.571776,0.034297,0.011519,0.2197,-0.0006,0.000067,0.557928,0.0000,1.571776,0.000000,0.000000,1.7485,0.000000,-0.193180,64.6159,0,1,sand,1.0000,1.100000,0,0,0.000000,0.000000,0.000000,0,nan,0.00,0.000000,0.6638,0.0000,0.000000,0.9606,0.38,6.74,7.49,6.66,0.003867,0.1322,-1.4722,0.008000,0.111648,0.8380,-0.321806,0.005736,-0.001363,-1087.68231175941,1300.7996804842348,69.41362307520363,59.32593536443633,0.001334,0.004621,6390.3,6230.3,0.098771,0.000000,0.000000,0.5000,1.0000,,,,,
0.9600,1778840829.870405,80,1.630975,-0.007047,-0.002063,0.2566,-0.0025,-0.005053,1.666525,0.003877,0.002214,0.2780,1.632658,-0.007061,-0.002065,0.2273,-0.0007,-0.000175,0.520779,0.0000,1.632658,0.000000,0.000000,1.6813,0.000000,-0.152199,62.7059,0,1,sand,1.0000,1.100000,0,0,0.000000,0.000000,0.000000,0,nan,0.00,0.000000,0.6687,0.0000,0.000000,0.9588,0.36,6.73,7.46,6.68,0.003877,0.1268,-1.4034,0.008000,0.135739,-0.3499,-0.317673,0.003198,-0.003134,-56.62656892471341,1624.1931534203484,69.86161164534232,44.850481761753414,0.005149,0.001341,6399.7,6220.9,0.092203,0.000000,0.000000,0.5000,1.0000,,,,,
0.9720,1778840829.882095,81,1.678019,0.005284,-0.002321,0.3261,0.0457,0.000494,1.669928,0.003964,0.002174,0.2827,1.679844,0.005315,-0.002321,0.2474,0.0030,-0.000070,0.551598,0.0000,1.679844,0.000000,-0.000000,1.6236,0.000000,-0.171153,62.0586,0,1,sand,1.0000,1.100000,0,0,0.000000,0.000000,0.000000,0,nan,0.00,0.000000,0.6733,0.0000,0.000000,0.9568,0.35,6.73,7.43,6.71,0.003964,0.1246,-1.3409,0.008000,0.067174,-0.1249,-0.301441,0.008581,-0.003361,1564.8109246479282,2056.3241162996023,48.83893866372826,54.06642527521177,-0.013824,-0.016263,6392.0,6228.6,0.097590,0.000000,0.000000,0.5000,1.0000,,,,,
0.9840,1778840829.894115,82,1.671744,0.001840,0.004488,0.2322,0.0303,-0.001638,1.673359,0.004246,0.002196,0.2857,1.673548,0.001904,0.004487,0.2450,0.0048,-0.000119,0.520052,0.0000,1.673548,0.000000,-0.000000,1.6317,0.000000,-0.149100,62.1389,0,1,sand,1.0000,1.100000,0,0,0.000000,0.000000,0.000000,0,nan,0.00,0.000000,0.6778,0.0000,0.000000,0.9550,0.35,6.72,7.42,6.70,0.004246,0.1258,-1.3460,0.008000,0.071775,0.2782,-0.303008,0.008660,-0.003951,-615.9408759106543,2212.9016140331564,40.89880234096357,54.87595217658178,-0.021870,-0.025929,6399.9,6220.6,0.092045,0.000000,0.000000,0.5000,1.0000,,,,,
0.9960,1778840829.909191,83,1.662174,-0.023463,0.007601,0.4612,0.0157,0.004436,1.676947,0.004632,0.002256,0.3107,1.664289,-0.023383,0.007603,0.2878,0.0051,0.000168,0.550784,0.0000,1.664289,0.000000,-0.000000,1.6433,0.000000,-0.167725,61.8065,0,1,sand,1.0000,1.100000,0,0,0.000000,0.000000,0.000000,0,nan,0.00,0.000000,0.6822,0.0000,0.000000,0.9530,0.34,6.71,7.39,6.64,0.004632,0.1293,-1.3326,0.008000,0.058360,-0.0757,-0.263912,0.003497,-0.003040,-1676.7883422505417,-1766.9298951835688,47.0409774666369,61.041762760568574,-0.026460,-0.024066,6392.2,6228.4,0.097441,0.000000,0.000000,0.5000,1.0000,,,,,
1.0080,1778840829.918446,84,1.672841,0.004577,-0.005310,0.2963,0.0063,0.013373,1.680737,0.005136,0.002386,0.3243,1.674971,0.004636,-0.005300,0.2905,0.0046,0.000885,0.580280,0.0000,1.674971,0.000000,-0.000000,1.6299,0.000000,-0.207852,62.1457,0,1,sand,1.0000,1.100000,0,0,0.000000,0.000000,0.000000,0,nan,0.00,0.000000,0.6864,0.0000,0.000000,0.9505,0.34,6.70,7.38,6.65,0.005136,0.1367,-1.3056,0.008000,0.085644,-0.5745,-0.264799,0.001895,-0.000439,-3158.694914288796,-3942.4832253385057,53.63728525059864,60.766408965302844,-0.032014,-0.013000,6384.7,6235.9,0.102673,0.000000,0.000000,0.5000,1.0000,,,,,
1.0200,1778840829.930266,85,1.694361,0.028364,-0.004551,0.3337,-0.0072,0.013736,1.684796,0.005661,0.002545,0.3523,1.696551,0.028416,-0.004536,0.2999,0.0032,0.001465,0.608455,0.0000,1.696551,0.000000,-0.000000,1.6016,0.000000,-0.257544,62.6814,0,1,sand,1.0000,1.100000,0,0,0.000000,0.000000,0.000000,0,nan,0.00,0.000000,0.6904,0.0000,0.000000,0.9474,0.33,6.70,7.36,6.68,0.005661,0.1458,-1.2493,0.008000,0.067420,-0.4753,-0.258798,0.002230,0.001660,-2668.5059854584174,-1494.6849442768705,59.44431494155185,73.89643235541159,-0.031511,0.001378,6377.5,6243.1,0.107699,0.000000,0.000000,0.5000,1.0000,,,,,
1.0320,1778840829.942365,86,1.633604,-0.003684,0.008905,0.3772,-0.0118,0.011147,1.689143,0.006167,0.002667,0.3712,1.635913,-0.003614,0.008924,0.3159,0.0017,0.001788,0.635305,0.0000,1.635913,0.000000,0.000000,1.6775,0.000000,-0.300964,62.5745,0,1,sand,1.0000,1.100000,0,0,0.000000,0.000000,0.000000,0,nan,0.00,0.000000,0.6942,0.0000,0.000000,0.9438,0.33,6.68,7.35,6.59,0.006167,0.1528,-1.3063,0.008000,0.054632,0.4600,-0.245985,-0.002764,0.004393,-2287.685230081174,2711.558094095454,66.08989821961356,108.47283468387599,-0.027722,0.013050,6370.6,6250.0,0.112504,0.267521,0.000000,0.5000,1.0000,,,,,
1.0440,1778840829.954093,87,1.655898,-0.012724,0.006677,0.4811,-0.0263,0.009790,1.693774,0.006683,0.002808,0.3930,1.658441,-0.012684,0.006697,0.3489,-0.0007,0.001952,0.655556,0.0000,1.658441,0.000000,-0.000000,1.6506,0.000000,-0.344799,62.2034,0,1,sand,1.0000,1.100000,0,0,0.000000,0.000000,0.000000,0,nan,0.00,0.000000,0.6979,0.0000,0.000000,0.9396,0.33,6.67,7.33,6.61,0.006683,0.1609,-1.2576,0.008000,0.084918,0.2224,-0.214569,-0.003713,0.005051,-2583.991276490733,2309.229171246795,74.8269636450113,171.05277141489344,-0.018202,0.027190,6365.4,6255.2,0.116135,0.181663,0.000000,0.5000,1.0000,,,,,
1.0560,1778840829.966321,88,1.649236,-0.034599,0.003314,0.3640,-0.0006,0.011704,1.698666,0.007175,0.002941,0.4232,1.651799,-0.034561,0.003337,0.3529,-0.0006,0.002213,0.680317,0.0000,1.651799,0.000000,0.000000,1.6587,0.000000,-0.391608,62.4981,0,1,sand,1.0000,1.100000,0,0,0.000000,0.000000,0.000000,0,nan,0.00,0.000000,0.7014,0.0000,0.000000,0.9349,0.32,6.67,7.31,6.66,0.007175,0.1685,-1.2354,0.008000,0.074709,-0.4705,-0.207842,-0.000767,0.008280,-3308.878138370671,3675.7366934161014,80.78103677911079,198.19832056632956,-0.021656,0.029906,6359.0,6261.5,0.120562,0.385744,0.000000,0.5000,1.0000,,,,,
1.0680,1778840829.978225,89,1.735963,0.022822,0.005304,0.4084,0.0733,0.012580,1.703899,0.007725,0.003088,0.4523,1.738625,0.022941,0.005331,0.3648,0.0053,0.002561,0.703899,0.0000,1.738625,0.000000,-0.000000,1.5415,0.000000,-0.450765,63.4061,0,1,sand,1.0000,1.100000,0,0,0.000000,0.000000,0.000000,0,nan,0.00,0.000000,0.7046,0.0000,0.000000,0.9295,0.34,6.66,7.35,6.64,0.007725,0.1769,-1.0892,0.008000,0.061240,0.4232,-0.192425,0.012703,0.008224,1512.9165005952755,-1193.408924040842,59.0128731609782,123.41799896327484,-0.053542,0.004078,6353.0,6267.6,0.124788,0.358374,0.000000,0.5000,1.0000,,,,,
1.0800,1778840829.990258,90,1.680051,0.002297,-0.002343,0.3884,-0.0234,0.009730,1.709511,0.008324,0.003224,0.4808,1.682746,0.002362,-0.002316,0.3705,0.0025,0.002573,0.715672,0.0000,1.682746,0.000000,-0.000000,1.6199,0.000000,-0.486929,63.0420,0,1,sand,1.0000,1.100000,0,0,0.000000,0.000000,0.000000,0,nan,0.00,0.000000,0.7077,0.0000,0.000000,0.9237,0.33,6.67,7.33,6.68,0.008324,0.1847,-1.1391,0.008000,0.049895,-0.0008,-0.189940,0.002807,0.008444,2041.617038708011,-1783.8572526703065,78.45733047506454,172.41195560852282,-0.040158,0.018763,6349.9,6270.7,0.126942,0.434096,0.000000,0.5000,1.0000,,,,,
1.0920,1778840830.007665,91,1.770692,-0.042252,-0.000664,0.5808,0.0062,0.014032,1.715473,0.009023,0.003409,0.5108,1.773693,-0.042177,-0.000634,0.4124,0.0025,0.002855,0.737381,0.0000,1.773693,-0.000000,-0.000000,1.4857,0.000000,-0.536248,63.5783,0,1,sand,1.0000,1.100000,0,0,0.000000,0.000000,0.000000,0,nan,0.00,0.000000,0.7105,0.0000,0.000000,0.9172,0.33,6.68,7.34,6.76,0.009023,0.1953,-0.9749,0.008000,0.065090,-0.2944,-0.145069,0.000839,0.009804,351.5699278482265,-899.9674691969084,78.99855336414839,199.06812000558983,-0.043420,0.022022,6344.3,6276.2,0.130822,0.230132,0.000000,0.5000,1.0000,,,,,
1.1040,1778840830.014971,92,1.700822,0.041688,0.003564,0.5557,0.0213,0.016357,1.721830,0.009793,0.003630,0.5462,1.704141,0.041806,0.003603,0.4414,0.0036,0.001888,0.744368,0.0000,1.704141,0.000000,-0.000000,1.5913,0.000000,-0.565569,64.4848,0,1,sand,1.0000,1.100000,0,0,0.000000,0.000000,0.000000,0,nan,0.00,0.000000,0.7132,0.0000,0.000000,0.9104,0.44,6.67,7.55,6.58,0.009793,0.2080,-1.0450,0.008000,0.065534,-0.2324,-0.119357,0.003619,0.010503,-2560.4392194264246,762.2630815871175,64.37800004383139,196.77819377905442,-0.053304,0.020350,6342.4,6278.1,0.132142,0.281274,0.000000,0.5000,1.0000,,,,,
1.1160,1778840830.026257,93,1.722609,0.041720,0.004813,0.4453,0.0940,0.021946,1.728617,0.010599,0.003852,0.5790,1.725913,0.041935,0.004860,0.4433,0.0102,0.002424,0.764545,0.0000,1.725913,0.000000,-0.000000,1.5604,0.000000,-0.597305,65.0208,0,1,sand,1.0000,1.100000,0,0,0.000000,0.000000,0.000000,0,nan,0.00,0.000000,0.7156,0.0000,0.000000,0.9033,0.42,6.66,7.49,6.60,0.010599,0.2207,-0.9814,0.008000,0.036891,0.5744,-0.120452,0.020651,0.011977,-1850.807665456834,2856.2225300279483,-87.29647076913545,138.97169567735142,-0.092695,-0.005468,6337.3,6283.3,0.135737,0.469929,0.000000,0.5000,1.0000,,,,,
1.1280,1778840830.038173,94,1.743716,-0.026425,-0.004855,0.5637,0.0394,0.014496,1.735682,0.011334,0.003997,0.5949,1.747181,-0.026238,-0.004813,0.4676,0.0114,0.004036,0.750728,0.0000,1.747181,0.000000,-0.000000,1.5284,0.000000,-0.605104,63.5839,0,1,sand,1.0000,1.100000,0,0,0.000000,0.000000,0.000000,0,nan,0.00,0.000000,0.7178,0.0000,0.000000,0.8960,0.40,6.69,7.48,6.85,0.011334,0.2290,-0.9335,0.008000,0.055245,-0.0267,-0.098864,0.024800,0.011658,1744.9852556858098,44.51247502151493,-128.63942847243953,128.29619262210818,-0.098838,-0.010074,6340.7,6279.8,0.133334,0.458506,0.000000,0.5000,1.0000,,,,,
1.1400,1778840830.050301,95,1.766731,0.011201,0.010422,0.6564,0.0755,0.023607,1.743096,0.012170,0.004205,0.6300,1.770472,0.011499,0.010471,0.5054,0.0151,0.004620,0.770411,0.0000,1.770472,-0.000000,-0.000000,1.4911,0.000000,-0.637175,64.3169,0,1,sand,1.0000,1.100000,0,0,0.000000,0.000000,0.000000,0,nan,0.00,0.000000,0.7197,0.0000,0.000000,0.8884,0.38,6.68,7.45,6.68,0.012170,0.2409,-0.8610,0.008000,0.081997,0.0756,-0.063918,0.035262,0.013024,-572.721543924457,4705.850457290353,-336.8885627861997,126.94349512979323,-0.123109,-0.021713,6335.7,6284.8,0.136820,0.378143,0.000000,0.5000,1.0000,,,,,
1.1520,1778840830.062270,96,1.751675,0.056679,0.008966,0.6297,0.0433,0.020101,1.750887,0.013093,0.004467,0.6616,1.755586,0.056991,0.009020,0.5307,0.0164,0.004750,0.789096,0.0000,1.755586,-0.000000,-0.000000,1.5152,0.000000,-0.691849,65.2832,0,1,sand,1.0000,1.100000,0,0,0.000000,0.000000,0.000000,0,nan,0.00,0.000000,0.7215,0.0000,0.000000,0.8801,0.37,6.69,7.42,6.74,0.013093,0.2560,-0.8536,0.008000,0.081260,0.1189,-0.040767,0.038852,0.013908,-614.557306254016,1903.657996852116,-333.4673014354947,136.43313673129853,-0.122254,-0.019998,6330.9,6289.6,0.140157,0.434247,0.000000,0.5248,1.0000,,,,,
1.1640,1778840830.074094,97,1.756746,0.038604,0.003612,0.6954,0.0628,0.018546,1.759117,0.014008,0.004715,0.7009,1.760900,0.038932,0.003671,0.5638,0.0193,0.004864,0.806513,0.0000,1.760900,-0.000000,-0.000000,1.5067,0.000000,-0.765958,64.0950,0,1,sand,1.0000,1.100000,0,0,0.000000,0.000000,0.000000,0,nan,0.00,0.000000,0.7230,0.0000,0.000000,0.8709,0.36,6.69,7.41,6.67,0.014008,0.2701,-0.8057,0.008000,0.091152,0.0031,-0.010224,0.043733,0.014268,-1176.4173148683626,-2141.910102860027,-362.98304384783705,137.21791752436445,-0.124600,-0.025948,6326.4,6294.1,0.143303,0.385976,0.000000,0.5578,1.0000,,,,,
1.1760,1778840830.086150,98,1.655302,0.006346,0.012123,0.7902,0.0592,0.022564,1.767796,0.014987,0.004967,0.7406,1.659775,0.006748,0.012191,0.6089,0.0220,0.005307,0.822512,0.0000,1.659775,0.000000,-0.000000,1.6489,0.000000,-0.852059,61.3480,0,1,sand,1.0000,1.100000,0,0,0.000000,0.000000,0.000000,0,nan,0.00,0.000000,0.7242,0.0000,0.000000,0.8607,0.35,6.69,7.39,6.66,0.014987,0.2846,-0.9083,0.008000,0.134503,0.3745,0.032406,0.041726,0.015721,-179.20659004460538,3133.8252034949132,-362.254523874902,143.61358128582512,-0.123383,-0.025985,6322.2,6298.3,0.146222,0.316348,0.000000,0.6028,1.0000,,,,,
1.1880,1778840830.106412,99,1.777035,0.022262,0.007908,0.7373,0.1264,0.020504,1.776868,0.015946,0.005204,0.7678,1.781703,0.022741,0.007981,0.6350,0.0302,0.005707,0.830781,0.0000,1.781703,-0.000000,-0.000000,1.4724,0.000000,-0.943575,63.8623,0,1,sand,1.0000,1.100000,0,0,0.000000,0.000000,0.000000,0,nan,0.00,0.000000,0.7252,0.0000,0.000000,0.8493,0.35,6.72,7.43,6.92,0.015946,0.2982,-0.7046,0.008000,0.048355,0.5711,0.057268,0.058741,0.015203,-942.4694480710432,64.55217983571589,-555.421154661926,99.54882909810641,-0.143832,-0.048179,6320.0,6300.6,0.147795,0.428801,0.000000,0.6288,1.0000,,,,,
1.2000,1778840830.113935,100,1.772115,0.075399,-0.000009,0.8482,-0.1232,0.017573,1.786340,0.016841,0.005414,0.8038,1.777874,0.075683,0.000072,0.6784,0.0121,0.004198,0.825407,0.0000,1.777874,-0.000000,-0.000000,1.4788,0.000000,-1.024416,65.3851,0,1,sand,1.0000,1.100000,0,0,0.000000,0.000000,0.000000,0,nan,0.00,0.000000,0.7258,0.0000,0.000000,0.8370,0.91,6.73,8.54,6.79,0.016841,0.3102,-0.6750,0.008000,0.127768,0.0195,0.097551,0.023157,0.014941,1315.6953345507477,-2409.2677746838317,-49.178696506141236,232.08810116854445,-0.081772,0.007764,6320.9,6299.7,0.147155,0.364025,0.000000,0.6713,1.0000,,,,,
1.2120,1778840830.122180,101,1.785404,-0.046717,0.009326,0.7922,0.0479,0.009368,1.796264,0.017697,0.005576,0.8456,1.791236,-0.046364,0.009400,0.7017,0.0146,0.004172,0.837890,0.0000,1.791236,-0.000000,-0.000000,1.4563,0.000000,-1.108902,63.7703,0,1,sand,1.0000,1.100000,0,0,0.000000,0.000000,0.000000,0,nan,0.00,0.000000,0.7262,0.0000,0.000000,0.8237,0.81,6.72,8.34,6.64,0.017697,0.3195,-0.6107,0.008000,0.094705,0.3171,0.120246,0.027089,0.015147,287.35752628560033,-3150.4625850147463,-50.50035138043637,205.20594278550814,-0.081181,-0.002824,6317.6,6303.0,0.149449,0.416346,0.000000,0.6947,1.0000,,,,,
1.2240,1778840830.134053,102,1.791128,0.051901,0.000764,0.8305,0.0196,0.013122,1.806588,0.018545,0.005745,0.8758,1.797057,0.052187,0.000836,0.7280,0.0142,0.004306,0.849073,0.0000,1.797057,-0.000000,-0.000000,1.4463,0.000000,-1.190349,67.0341,0,1,sand,1.0000,1.100000,0,0,0.000000,0.000000,0.000000,0,nan,0.00,0.000000,0.7262,0.0000,0.000000,0.8094,0.73,6.71,8.18,6.69,0.018545,0.3292,-0.5705,0.008000,0.017343,-0.2486,0.144523,0.018141,0.013396,-1366.4770637701483,-1546.8508972320897,-14.790619839779325,216.32818804786692,-0.073963,-0.001442,6314.6,6305.9,0.151515,0.433191,0.000000,0.7210,1.0000,,,,,
1.2360,1778840830.146141,103,1.892893,0.073795,0.004000,0.8806,0.0598,0.011771,1.817374,0.019411,0.005892,0.9169,1.898975,0.074134,0.004070,0.7588,0.0179,0.004474,0.859031,0.0000,1.898975,-0.000000,-0.000000,1.2739,0.000000,-1.279484,75.1283,0,1,sand,1.0000,1.100000,0,0,0.000000,0.000000,0.000000,0,nan,0.00,0.000000,0.7259,0.0000,0.000000,0.7941,0.67,6.70,8.04,6.65,0.019411,0.3376,-0.3570,0.008000,0.137388,0.4818,0.176795,0.022628,0.010748,101.24247404223735,5188.213682356199,-39.38853694967662,192.19943484477855,-0.077373,-0.011335,6312.0,6308.6,0.153363,0.407943,0.000000,0.7519,1.0000,,,,,
1.2480,1778840830.158263,104,1.837260,0.010364,0.011986,0.9678,0.0527,0.011140,1.828587,0.020305,0.006036,0.9521,1.843579,0.010773,0.012054,0.8006,0.0206,0.004652,0.867648,0.0000,1.843579,-0.000000,-0.000000,1.3658,0.000000,-1.369861,71.8293,0,1,sand,1.0000,1.100000,0,0,0.000000,0.000000,0.000000,0,nan,0.00,0.000000,0.7252,0.0000,0.000000,0.7777,0.61,6.70,7.93,6.70,0.020305,0.3458,-0.4137,0.008000,0.016755,0.0604,0.211246,0.023928,0.010837,-92.22136374909854,1948.583740497476,-41.157014547095486,180.5578344678747,-0.076255,-0.016860,6309.7,6310.9,0.154984,0.369585,0.000000,0.7937,1.0000,,,,,
1.2600,1778840830.170250,105,1.831806,0.012294,0.007793,0.9418,-0.0589,0.013667,1.840228,0.021282,0.006210,0.9833,1.838269,0.012565,0.007859,0.8292,0.0108,0.004660,0.874978,0.0000,1.838269,-0.000000,-0.000000,1.3750,0.000000,-1.450865,73.4184,0,1,sand,1.0000,1.100000,0,0,0.000000,0.000000,0.000000,0,nan,0.00,0.000000,0.7241,0.0000,0.000000,0.7602,0.56,6.69,7.82,6.63,0.021282,0.3558,-0.3917,0.008000,0.052906,-0.0976,0.212763,0.003468,0.009742,-212.8293490417684,1838.1812296581643,78.83473840980622,266.89863335876885,-0.050688,0.006233,6307.7,6312.9,0.156379,0.428767,0.000000,0.8223,1.0000,,,,,
1.2720,1778840830.182130,106,1.911827,-0.014734,0.010754,0.9878,0.0717,0.010408,1.852245,0.022272,0.006370,1.0180,1.918456,-0.014385,0.010818,0.8612,0.0169,0.004781,0.881255,0.0000,1.918456,-0.000000,0.000000,1.2444,0.000000,-1.537745,80.9343,0,1,sand,1.0000,1.100000,0,0,0.000000,0.000000,0.000000,0,nan,0.00,0.000000,0.7226,0.0000,0.000000,0.7418,0.52,6.69,7.73,6.69,0.022272,0.3650,-0.2264,0.008000,0.110178,0.3779,0.209910,0.010998,0.008677,-161.20604376365537,-3591.21113544011,38.911851064098954,215.69042877779953,-0.059301,-0.007368,6305.9,6314.6,0.157575,0.422107,0.000000,0.8544,1.0000,,,,,
1.2840,1778840830.194082,107,1.937815,0.051282,0.002709,1.0778,0.0489,0.021570,1.864654,0.023352,0.006578,1.0542,1.944725,0.051616,0.002782,0.9043,0.0197,0.005652,0.861334,0.0000,1.944725,-0.000000,0.000000,1.2081,0.000000,-1.606740,86.3920,0,1,sand,1.0000,1.100000,0,0,0.000000,0.000000,0.000000,0,nan,0.00,0.000000,0.7208,0.0000,0.000000,0.7225,0.49,6.73,7.71,6.96,0.023352,0.3769,-0.1539,0.008000,0.220971,-0.5737,0.206466,0.013654,0.010718,-419.4620214141678,669.7501666070482,12.30850119755685,213.4285782259719,-0.063437,-0.008247,6310.8,6309.7,0.154160,0.381597,0.000000,0.8976,1.0000,,,,,
1.2960,1778840830.206869,108,1.915938,0.047327,0.002069,1.0471,-0.0171,0.017188,1.877480,0.024416,0.006768,1.0859,1.923050,0.047603,0.002145,0.9332,0.0142,0.005892,0.866079,0.0000,1.923050,-0.000000,0.000000,1.2377,0.000000,-1.665349,86.9147,0,1,sand,1.0000,1.100000,0,0,0.000000,0.000000,0.000000,0,nan,0.00,0.000000,0.7185,0.0000,0.000000,0.7025,0.46,6.72,7.64,6.68,0.024416,0.3878,-0.1518,0.008000,0.073593,-0.3714,0.208458,-0.002055,0.012007,-542.9673358474563,1366.3321492852021,64.04210616363927,263.20305203062435,-0.051736,0.003259,6309.5,6311.0,0.155084,0.426900,0.000000,0.9265,1.0000,,,,,
1.3080,1778840830.218043,109,1.896670,0.038432,0.008291,1.1979,0.0745,0.010015,1.890718,0.025482,0.006924,1.1246,1.904120,0.038810,0.008363,0.9857,0.0207,0.005936,0.870164,0.0000,1.904120,-0.000000,-0.000000,1.2659,0.000000,-1.741920,89.8309,0,1,sand,1.0000,1.100000,0,0,0.000000,0.000000,0.000000,0,nan,0.00,0.000000,0.7158,0.0000,0.000000,0.6816,0.43,6.71,7.58,6.66,0.025482,0.3967,-0.1413,0.008000,0.064220,0.4469,0.218158,0.023446,0.010496,-509.4675417663079,961.5578152527986,30.176280818228875,215.9913801296674,-0.057346,-0.008865,6308.4,6312.2,0.155866,0.347951,0.000000,0.9791,1.0000,,,,,
1.3200,1778840830.230105,110,1.932069,0.042785,0.003641,1.1330,0.0458,0.014868,1.904414,0.026588,0.007085,1.1608,1.939710,0.043147,0.003714,1.0155,0.0226,0.006176,0.873072,0.0000,1.939710,-0.000000,0.000000,1.2147,0.000000,-1.818489,98.8132,0,1,sand,1.0000,1.100000,0,0,0.000000,0.000000,0.000000,0,nan,0.00,0.000000,0.7127,0.0000,0.000000,0.6598,0.42,6.70,7.54,6.62,0.026588,0.4060,-0.0539,0.008000,0.111560,-0.3539,0.223353,0.026648,0.013426,-385.7317958021541,-1263.2974581184496,20.91336969984438,209.5434901408912,-0.058204,-0.010859,6307.5,6313.0,0.156472,0.409735,0.000000,1.0089,1.0000,,,,,
1.3320,1778840830.242028,111,2.030523,0.029119,0.007951,1.0867,-0.0007,0.012378,1.918562,0.027721,0.007248,1.1975,2.038218,0.029466,0.008021,1.0305,0.0184,0.006105,0.875048,0.0000,2.038218,0.000000,0.000000,1.1275,0.000000,-1.887740,112.4348,0,1,sand,1.0000,1.100000,0,0,0.000000,0.000000,0.000000,0,nan,0.00,0.000000,0.7092,0.0000,0.000000,0.6371,0.40,6.68,7.48,6.60,0.027721,0.4153,0.0700,0.008000,0.162638,0.3830,0.211053,0.023409,0.016288,-313.3934036431177,-103.8018207603742,61.07125105414423,236.74858479275716,-0.049848,-0.004491,6306.9,6313.7,0.156904,0.450875,0.000000,1.0239,1.0000,,,,,
1.3440,1778840830.254197,112,1.907335,0.060559,0.006498,1.2325,0.0358,0.014190,1.933100,0.028914,0.007416,1.2300,1.915281,0.060907,0.006569,1.0709,0.0196,0.006343,0.876202,0.0000,1.915281,-0.000000,0.000000,1.2490,0.000000,-1.944673,113.1753,0,1,sand,1.0000,1.100000,0,0,0.000000,0.000000,0.000000,0,nan,0.00,0.000000,0.7053,0.0000,0.000000,0.6138,0.38,6.68,7.44,6.64,0.028914,0.4249,-0.0190,0.008000,0.069481,0.1135,0.219558,0.019083,0.012500,-324.0445251623246,1433.074775056224,58.43436169138613,233.8433401110261,-0.049284,-0.005580,6306.5,6314.1,0.157183,0.396469,0.000000,1.0643,1.0000,,,,,
1.3560,1778840830.266030,113,1.944840,-0.014274,0.011649,1.3494,0.1303,0.012539,1.948038,0.030141,0.007592,1.2608,1.953149,-0.013761,0.011721,1.1260,0.0329,0.006659,0.876731,0.0000,1.953149,-0.000000,0.000000,1.1976,0.000000,-2.000000,132.8946,0,1,sand,1.0000,1.100000,0,0,0.000000,0.000000,0.000000,0,nan,0.00,0.000000,0.7009,0.0000,0.000000,0.5898,0.36,6.68,7.41,6.72,0.030141,0.4350,0.0632,0.008000,0.035814,-0.0498,0.232132,0.037894,0.012833,-309.4089758534705,-1774.8926321197998,-35.01587766319423,160.656412709295,-0.063715,-0.023100,6306.3,6314.3,0.157338,0.371215,0.000000,1.1195,1.0000,,,,,
1.3680,1778840830.278135,114,1.885618,0.057975,0.006053,1.2233,0.0585,0.010976,1.963345,0.031409,0.007774,1.2923,1.894056,0.058449,0.006122,1.1461,0.0344,0.006520,0.876568,0.0000,1.894056,-0.000000,-0.000000,1.2816,0.000000,-2.000000,134.9375,0,1,sand,1.0000,1.100000,0,0,0.000000,0.000000,0.000000,0,nan,0.00,0.000000,0.6962,0.0000,0.000000,0.5658,0.35,6.68,7.38,6.65,0.031409,0.4454,0.0107,0.008000,0.055769,-0.1302,0.222845,0.049674,0.013301,-330.91337689711736,649.6382663933398,-37.70149797366054,151.62539403957877,-0.063365,-0.025048,6306.2,6314.3,0.157375,0.439181,0.000000,1.1396,1.0000,,,,,
1.3800,1778840830.290031,115,2.004730,0.102881,0.013539,1.3484,0.1713,0.013173,1.979031,0.032676,0.007932,1.3243,2.013428,0.103567,0.013610,1.1865,0.0507,0.006901,0.876826,0.0000,2.013428,0.000000,0.000000,1.1405,0.000000,-2.000000,164.7254,0,1,sand,1.0000,1.100000,0,0,0.000000,0.000000,0.000000,0,nan,0.00,0.000000,0.6910,0.0000,0.000000,0.5418,0.34,6.67,7.35,6.63,0.032676,0.4545,0.1839,0.008000,0.113871,0.1285,0.230636,0.069610,0.014058,-498.2077740236271,-62.02139060764921,-181.63025523991604,63.495646533074705,-0.080773,-0.043882,6306.2,6314.4,0.157411,0.399110,0.000000,1.1800,1.0000,,,,,
1.3920,1778840830.305145,116,1.994623,0.011657,0.001918,1.3363,0.0789,0.011772,1.995111,0.033914,0.008073,1.3597,2.003523,0.012247,0.001988,1.2167,0.0518,0.006894,0.877070,0.0000,2.003523,0.000000,0.000000,1.1473,0.000000,-2.000000,171.8422,0,1,sand,1.0000,1.100000,0,0,0.000000,0.000000,0.000000,0,nan,0.00,0.000000,0.6855,0.0000,0.000000,0.5178,0.33,6.67,7.33,6.66,0.033914,0.4625,0.2123,0.008000,0.059099,-0.0819,0.219839,0.078614,0.023306,-604.7843860938699,-806.4952181271597,-178.34197270694762,58.63921900277059,-0.079103,-0.043900,6306.1,6314.4,0.157446,0.414604,0.000000,1.2102,1.0000,,,,,
1.4040,1778840830.314215,117,1.956545,0.049009,0.005704,1.4671,0.1281,0.009743,2.011637,0.035119,0.008180,1.3970,1.965781,0.049695,0.005772,1.2664,0.0598,0.006857,0.877305,0.0000,1.965781,-0.000000,0.000000,1.1828,0.000000,-2.000000,187.6084,0,1,sand,1.0000,1.100000,0,0,0.000000,0.000000,0.000000,0,nan,0.00,0.000000,0.6796,0.0000,0.000000,0.4938,0.32,6.68,7.32,6.72,0.035119,0.4686,0.2143,0.008000,0.059826,0.1701,0.240135,0.097871,0.026170,-830.5103666456341,776.6276211377134,-233.28819655383575,8.961207831929471,-0.083275,-0.051106,6306.1,6314.5,0.157480,0.365865,0.000000,1.2599,1.0000,,,,,
1.4160,1778840830.326092,118,1.997466,0.023446,0.014840,1.4217,-0.0036,0.007361,2.028605,0.036327,0.008292,1.4334,2.006938,0.024108,0.014903,1.2977,0.0481,0.006308,0.877475,0.0000,2.006938,0.000000,0.000000,1.1448,0.000000,-2.000000,205.0252,0,1,sand,1.0000,1.100000,0,0,0.000000,0.000000,0.000000,0,nan,0.00,0.000000,0.6734,0.0000,0.000000,0.4698,0.32,6.67,7.32,6.64,0.036327,0.4751,0.2885,0.008000,0.019928,0.3371,0.218530,0.081652,0.030218,-565.4010323717035,28.598867328170854,-105.1187958503956,77.85391225108275,-0.066794,-0.037801,6306.0,6314.5,0.157513,0.397135,0.000000,1.2913,1.0000,,,,,
1.4280,1778840830.338216,119,2.037338,0.055399,0.011302,1.4639,0.1738,0.007689,2.045961,0.037542,0.008407,1.4631,2.047041,0.056154,0.011362,1.3311,0.0631,0.006221,0.877683,0.0000,2.047041,0.000000,0.000000,1.1242,0.000000,-2.000000,226.1394,0,1,sand,1.0000,1.100000,0,0,0.000000,0.000000,0.000000,0,nan,0.00,0.000000,0.6668,0.0000,0.000000,0.4458,0.32,6.66,7.30,6.61,0.037542,0.4817,0.3389,0.008000,0.009486,0.3994,0.221858,0.106981,0.035049,-654.3557078228706,691.9295216077377,-225.90210901154325,-18.6820451933434,-0.079600,-0.053153,6306.0,6314.6,0.157546,0.401902,0.000000,1.3247,1.0000,,,,,
1.4400,1778840830.350251,120,2.079780,0.103676,0.007772,1.5968,0.0103,0.010786,2.063694,0.038771,0.008532,1.4952,2.089844,0.104308,0.007832,1.3838,0.0530,0.006235,0.877902,0.0000,2.089844,0.000000,0.000000,1.1168,0.000000,-2.000000,257.2404,0,1,sand,1.0000,1.100000,0,0,0.000000,0.000000,0.000000,0,nan,0.00,0.000000,0.6599,0.0000,0.000000,0.4218,0.32,6.66,7.29,6.65,0.038771,0.4888,0.3784,0.008000,0.093590,-0.0493,0.259308,0.093240,0.031884,-487.7018001237874,1303.46390187633,-123.68171562439237,51.412129556857025,-0.065635,-0.040099,6305.9,6314.6,0.157578,0.362775,0.000000,1.3773,1.0000,,,,,
1.4520,1778840830.362234,121,2.080111,0.003158,0.005250,1.5385,0.0252,0.011432,2.081820,0.040028,0.008676,1.5253,2.090399,0.003709,0.005310,1.4150,0.0466,0.006307,0.878086,0.0000,2.090399,0.000000,0.000000,1.1168,0.000000,-2.000000,268.8695,0,1,sand,1.0000,1.100000,0,0,0.000000,0.000000,0.000000,0,nan,0.00,0.000000,0.6527,0.0000,0.000000,0.3978,0.31,6.66,7.29,6.66,0.040028,0.4971,0.4085,0.008000,0.084324,-0.1120,0.250064,0.084944,0.031768,-597.7638268693393,373.4800185185245,-70.13013777215221,89.96247399594162,-0.057738,-0.032409,6305.9,6314.7,0.157609,0.402451,0.000000,1.4085,1.0000,,,,,
1.4640,1778840830.374068,122,2.009117,0.115231,0.010877,1.5957,0.0108,0.008988,2.100317,0.041198,0.008769,1.5577,2.019671,0.115777,0.010936,1.4512,0.0394,0.006110,0.878253,0.0000,2.019671,0.000000,0.000000,1.1366,0.000000,-2.000000,277.4713,0,1,sand,1.0000,1.100000,0,0,0.000000,0.000000,0.000000,0,nan,0.00,0.000000,0.6451,0.0000,0.000000,0.3738,0.32,6.67,7.30,6.69,0.041198,0.5024,0.4210,0.008000,0.135681,-0.0865,0.231077,0.060356,0.023681,-794.0812401622271,504.49395148425936,-13.396209184611834,126.7193222242052,-0.048778,-0.024880,6305.9,6314.7,0.157639,0.393729,0.000000,1.4448,1.0000,,,,,
1.4760,1778840830.386213,123,2.092047,0.071392,0.009859,1.6294,0.0686,0.004904,2.119175,0.042270,0.008812,1.5871,2.102853,0.071941,0.009913,1.4870,0.0418,0.005622,0.878432,0.0000,2.102853,0.000000,0.000000,1.1169,0.000000,-2.000000,305.9974,0,1,sand,1.0000,1.100000,0,0,0.000000,0.000000,0.000000,0,nan,0.00,0.000000,0.6373,0.0000,0.000000,0.3498,0.31,6.66,7.28,6.65,0.042270,0.5049,0.4702,0.008000,0.083818,0.1767,0.246747,0.070189,0.029836,-1051.670337428692,-982.3890173184296,-19.550996314881118,107.8383506695549,-0.048367,-0.027447,6305.8,6314.8,0.157669,0.394418,0.000000,1.4805,1.0000,,,,,
1.4880,1778840830.403432,124,2.067816,0.045404,0.013501,1.6449,0.0156,0.001696,2.138398,0.043290,0.008836,1.6167,2.078857,0.045933,0.013546,1.5188,0.0362,0.004787,0.878590,0.0000,2.078857,0.000000,0.000000,1.1175,0.000000,-2.000000,315.9512,0,1,sand,1.0000,1.100000,0,0,0.000000,0.000000,0.000000,0,nan,0.00,0.000000,0.6292,0.0000,0.000000,0.3258,0.31,6.68,7.30,6.75,0.043290,0.5062,0.4991,0.008000,0.092088,-0.0458,0.238152,0.080644,0.062060,-931.0707667565105,136.3356853185818,28.39702129496601,128.05654234911765,-0.040532,-0.023293,6305.8,6314.8,0.157698,0.400181,0.000000,1.5123,1.0000,,,,,
1.5000,1778840830.410741,125,2.166100,0.065400,0.013109,1.5984,0.1336,0.006958,2.157961,0.044306,0.008900,1.6437,2.177540,0.066043,0.013155,1.5356,0.0482,0.004788,0.878386,0.0000,2.177540,0.000000,-0.000000,1.1307,0.000000,-2.000000,342.3716,0,1,sand,1.0000,1.100000,0,0,0.000000,0.000000,0.000000,0,nan,0.00,0.000000,0.6209,0.0000,0.000000,0.3018,0.40,6.67,7.46,6.60,0.044306,0.5099,0.5130,0.008000,0.062232,0.5977,0.224556,0.080174,0.046417,-676.4402881251344,-768.0049725544684,-49.852759793812794,61.257477166189645,-0.050622,-0.033978,6305.7,6314.8,0.157726,0.434194,0.000000,1.5290,1.0000,,,,,
1.5120,1778840830.422023,126,2.186627,0.088176,0.010704,1.7147,0.0476,0.009773,2.177845,0.045369,0.009011,1.6715,2.198261,0.088775,0.010752,1.5715,0.0461,0.005049,0.878640,0.0000,2.198261,0.000000,-0.000000,1.1365,0.000000,-2.000000,364.4649,0,1,sand,1.0000,1.100000,0,0,0.000000,0.000000,0.000000,0,nan,0.00,0.000000,0.6123,0.0000,0.000000,0.2778,0.38,6.66,7.42,6.65,0.045369,0.5163,0.5349,0.008000,0.099067,0.2433,0.210773,0.071584,0.042711,-720.0502746777817,-2157.37689543149,-36.91594740120064,76.6943241207752,-0.047696,-0.030593,6305.7,6314.9,0.157753,0.402762,0.000000,1.5649,1.0000,,,,,
1.5240,1778840830.434285,127,2.284639,-0.064268,0.000752,1.6554,0.0445,0.009991,2.198095,0.046409,0.009122,1.7005,2.296361,-0.063805,0.000802,1.5890,0.0437,0.005263,0.878852,0.0000,2.296361,-0.000000,-0.000000,1.1569,0.000000,-2.000000,389.3368,0,1,sand,1.0000,1.100000,0,0,0.000000,0.000000,0.000000,0,nan,0.00,0.000000,0.6035,0.0000,0.000000,0.2538,0.36,6.67,7.40,6.70,0.046409,0.5227,0.5436,0.008000,0.176436,-0.8469,0.196950,0.079467,0.042332,-850.0300178236843,-397.5642581162204,-23.91645455891728,92.00096483515586,-0.045420,-0.027748,6305.7,6314.9,0.157780,0.430657,0.000000,1.5824,1.0000,,,,,
1.5360,1778840830.446025,128,2.175128,0.164876,0.010999,1.7181,-0.0398,0.008367,2.218695,0.047427,0.009215,1.7298,2.187005,0.165338,0.011048,1.6152,0.0297,0.005147,0.879046,0.0000,2.187005,0.000000,-0.000000,1.1333,0.000000,-2.000000,388.2235,0,1,sand,1.0000,1.100000,0,0,0.000000,0.000000,0.000000,0,nan,0.00,0.000000,0.5944,0.0000,0.000000,0.2298,0.35,6.67,7.37,6.65,0.047427,0.5280,0.5965,0.008000,0.100055,-0.0565,0.189782,0.060403,0.052637,-667.5406454407727,-148.95809128328347,62.05428981382562,167.40189147407395,-0.032859,-0.015507,6305.6,6315.0,0.157807,0.417615,0.000000,1.6087,1.0000,,,,,
1.5480,1778840830.458272,129,2.234948,0.113867,0.003991,1.7481,0.1035,0.011233,2.239609,0.048434,0.009323,1.7539,2.246992,0.114332,0.004043,1.6422,0.0392,0.005603,0.879233,0.0000,2.246992,0.000000,-0.000000,1.1494,0.000000,-2.000000,410.1039,0,1,sand,1.0000,1.100000,0,0,0.000000,0.000000,0.000000,0,nan,0.00,0.000000,0.5851,0.0000,0.000000,0.2058,0.34,6.66,7.35,6.65,0.048434,0.5342,0.6045,0.008000,0.007185,-0.2558,0.164078,0.102325,0.075646,-546.4535589227365,-786.817287941144,1.1376600838474076,120.25780131873634,-0.040410,-0.022269,6305.6,6315.0,0.157832,0.423260,0.000000,1.6357,1.0000,,,,,
1.5600,1778840830.470021,130,2.245691,0.029899,0.006976,1.7824,0.0212,0.015676,2.260833,0.049517,0.009487,1.7806,2.257904,0.030374,0.007036,1.6706,0.0349,0.006366,0.879421,0.0000,2.257904,-0.000000,-0.000000,1.1516,0.000000,-2.000000,423.3971,0,1,sand,1.0000,1.100000,0,0,0.000000,0.000000,0.000000,0,nan,0.00,0.000000,0.5756,0.0000,0.000000,0.1818,0.33,6.66,7.32,6.64,0.049517,0.5435,0.6290,0.008000,0.024178,0.0593,0.161265,0.074726,0.047555,-579.2623640822474,549.4965818040887,17.529433403774675,153.01713979662594,-0.037407,-0.017007,6305.5,6315.0,0.157858,0.420878,0.000000,1.6641,1.0000,,,,,
1.5720,1778840830.482207,131,2.177405,0.062234,0.011249,1.7255,-0.0510,0.016007,2.282396,0.050641,0.009670,1.8106,2.189677,0.062650,0.011315,1.6824,0.0207,0.006901,0.879593,0.0000,2.189677,0.000000,-0.000000,1.1341,0.000000,-2.000000,416.9941,0,1,sand,1.0000,1.100000,0,0,0.000000,0.000000,0.000000,0,nan,0.00,0.000000,0.5659,0.0000,0.000000,0.1578,0.32,6.67,7.32,6.74,0.050641,0.5541,0.6765,0.008000,0.061381,-0.0171,0.136913,0.086458,0.068122,-621.7398758569993,-222.5178179924733,91.79214206104004,244.3953596924694,-0.027011,-0.004566,6305.5,6315.1,0.157882,0.442057,0.000000,1.6760,1.0000,,,,,
1.5840,1778840830.501916,132,2.260912,0.077298,0.000804,1.8208,0.0798,0.014673,2.304330,0.051735,0.009842,1.8409,2.273388,0.077659,0.000873,1.7105,0.0286,0.007412,0.879733,0.0000,2.273388,-0.000000,-0.000000,1.1542,0.000000,-2.000000,447.8670,0,1,sand,1.0000,1.100000,0,0,0.000000,0.000000,0.000000,0,nan,0.00,0.000000,0.5560,0.0000,0.000000,0.1338,0.32,6.67,7.30,6.64,0.051735,0.5639,0.6868,0.008000,0.009529,-0.5541,0.129199,0.099912,0.073334,-733.2720645864173,763.2519458769757,41.272818834135364,202.21771171806543,-0.033133,-0.009834,6305.5,6315.1,0.157906,0.415640,0.000000,1.7040,1.0000,,,,,
1.5960,1778840830.509105,133,2.301603,0.072752,0.009264,1.8167,0.0623,0.012827,2.326583,0.052799,0.010013,1.8662,2.315738,0.073306,0.009341,1.7330,0.0314,0.007172,0.867497,0.0000,2.315738,-0.000000,-0.000000,1.1582,0.000000,-2.000000,464.7138,0,1,sand,1.0000,1.100000,0,0,0.000000,0.000000,0.000000,0,nan,0.00,0.000000,0.5459,0.0000,0.000000,0.1098,0.75,6.66,8.17,6.60,0.052799,0.5737,0.7080,0.008000,0.073745,-0.2728,0.119175,0.099489,0.061108,-666.5215920523684,-298.5656346464309,13.615951507612365,181.80719835068587,-0.035653,-0.012356,6308.1,6312.4,0.156052,0.425432,0.000000,1.7258,1.0000,,,,,
1.6080,1778840830.518178,134,2.334384,0.052201,0.023079,1.8734,0.0004,0.020806,2.349198,0.053941,0.010237,1.8973,2.348424,0.052900,0.023165,1.7614,0.0257,0.008210,0.868240,0.0000,2.348424,-0.000000,-0.000000,1.1589,0.000000,-2.000000,485.3676,0,1,sand,1.0000,1.100000,0,0,0.000000,0.000000,0.000000,0,nan,0.00,0.000000,0.5334,0.0000,0.000000,0.0858,0.67,6.66,7.99,6.66,0.053941,0.5866,0.7384,0.008000,0.021700,0.5412,0.130945,0.087542,0.064365,-693.3270910694256,-215.8238786140569,36.26162427322727,232.56560632843835,-0.031981,-0.005919,6308.0,6312.5,0.156119,0.410592,0.000000,1.7544,1.0000,,,,,
1.6200,1778840830.530078,135,2.295246,0.102583,0.008412,1.9048,0.0586,0.022730,2.372180,0.055101,0.010471,1.9272,2.309342,0.103123,0.008508,1.7904,0.0295,0.009372,0.868816,0.0000,2.309342,-0.000000,-0.000000,1.1579,0.000000,-2.000000,494.0181,0,1,sand,1.0000,1.100000,0,0,0.000000,0.000000,0.000000,0,nan,0.00,0.000000,0.5215,0.0000,0.000000,0.0618,0.62,6.66,7.89,6.66,0.055101,0.6000,0.7693,0.008000,0.060420,-0.1630,0.124135,0.106750,0.077948,-748.2239723525151,152.92840503945473,-0.42081619127512226,224.26237181624074,-0.035651,-0.006837,6307.9,6312.6,0.156184,0.404174,0.000000,1.7835,1.0000,,,,,
1.6320,1778840830.542042,136,2.436631,0.067585,0.006865,1.8567,0.0687,0.018800,2.395542,0.056197,0.010675,1.9590,2.450662,0.068145,0.006965,1.8045,0.0341,0.009881,0.869374,0.0000,2.450662,-0.000000,0.000000,1.1534,0.000000,-2.000000,529.3603,0,1,sand,1.0000,1.100000,0,0,0.000000,0.000000,0.000000,0,nan,0.00,0.000000,0.5101,0.0000,0.000000,0.0378,0.57,6.67,7.80,6.72,0.056197,0.6116,0.8055,0.008000,0.127461,0.3172,0.120784,0.070899,0.028434,-792.5863011641184,316.298986454401,-34.378222941659615,201.43401181317557,-0.039133,-0.009403,6307.9,6312.7,0.156248,0.420060,0.000000,1.7977,1.0000,,,,,
1.6440,1778840830.554253,137,2.517996,0.099435,0.009369,1.9733,0.0154,0.019081,2.419254,0.057298,0.010887,1.9869,2.532148,0.099996,0.009471,1.8384,0.0300,0.010310,0.869882,0.0000,2.532148,0.000000,0.000001,1.1486,0.000000,-2.000000,565.5208,0,1,sand,1.0000,1.100000,0,0,0.000000,0.000000,0.000000,0,nan,0.00,0.000000,0.4992,0.0000,0.000000,0.0138,0.52,6.66,7.71,6.64,0.057298,0.6238,0.8384,0.008000,0.183914,-0.1257,0.128526,0.133520,0.083380,-707.7702052520341,-465.61971823757835,-14.98988359950151,233.22467898181054,-0.035815,-0.005627,6307.8,6312.8,0.156310,0.390763,0.000000,1.8317,1.0000,,,,,
1.6560,1778840830.566052,138,2.448413,-0.001986,0.012365,2.0135,0.0423,0.019657,2.443316,0.058422,0.011126,2.0169,2.462698,-0.001374,0.012471,1.8736,0.0307,0.010797,0.870372,0.0000,2.462698,-0.000000,0.000000,1.1525,0.000000,-2.000000,565.0281,0,1,sand,1.0000,1.100000,0,0,0.000000,0.000000,0.000000,0,nan,0.00,0.000000,0.4887,0.0000,0.000000,-0.0102,0.49,6.66,7.64,6.66,0.058422,0.6375,0.8644,0.008000,0.127366,0.4447,0.136747,0.119846,0.078404,-702.5197674131588,-334.51989476797104,-26.658142187333794,234.97397885979507,-0.035972,-0.005360,6307.7,6312.9,0.156371,0.381027,0.000000,1.8669,1.0000,,,,,
1.6680,1778840830.578202,139,2.488300,0.040871,0.006013,1.9870,0.0031,0.018267,2.467754,0.059521,0.011353,2.0481,2.502645,0.041345,0.006119,1.8968,0.0254,0.010963,0.870837,0.0000,2.502645,0.000000,0.000000,1.1499,0.000000,-2.000000,586.3518,0,1,sand,1.0000,1.100000,0,0,0.000000,0.000000,0.000000,0,nan,0.00,0.000000,0.4787,0.0000,0.000000,-0.0342,0.46,6.66,7.57,6.65,0.059521,0.6505,0.8982,0.008000,0.063503,-0.0951,0.131607,0.098265,0.055520,-916.0272456693019,220.92605406013467,3.432481695978268,273.48399529127795,-0.031951,-0.001389,6307.6,6313.0,0.156430,0.387690,0.000000,1.8901,1.0000,,,,,
1.6800,1778840830.590247,140,2.564730,0.090297,0.011306,2.0741,0.0642,0.019191,2.492563,0.060598,0.011577,2.0776,2.579261,0.090893,0.011414,1.9323,0.0303,0.011332,0.871248,0.0000,2.579261,0.000000,0.000001,1.1477,0.000000,-2.000000,622.7341,0,1,sand,1.0000,1.100000,0,0,0.000000,0.000000,0.000000,0,nan,0.00,0.000000,0.4690,0.0000,0.000000,-0.0582,0.44,6.71,7.59,7.02,0.060598,0.6633,0.9299,0.008000,0.208022,-0.0400,0.155313,0.124984,0.060823,-734.0572342510283,-146.05735001141068,-33.81331099903598,244.59701925404863,-0.034808,-0.004254,6307.5,6313.1,0.156488,0.363792,0.000000,1.9257,1.0000,,,,,
1.6920,1778840830.602915,141,2.527997,0.056581,0.010456,2.0829,0.0452,0.023221,2.517711,0.061749,0.011848,2.1088,2.542780,0.057187,0.010570,1.9628,0.0314,0.012064,0.871545,0.0000,2.542780,0.000000,0.000001,1.1483,0.000000,-2.000000,628.4256,0,1,sand,1.0000,1.100000,0,0,0.000000,0.000000,0.000000,0,nan,0.00,0.000000,0.4598,0.0000,0.000000,-0.0822,0.42,6.71,7.54,6.69,0.061749,0.6788,0.9605,0.008000,0.087479,0.5065,0.157687,0.120747,0.056935,-669.2864933148156,752.4504454523326,-53.483396821609254,248.00157412397067,-0.035765,-0.003925,6307.4,6313.1,0.156545,0.364553,0.000000,1.9561,1.0000,,,,,
1.7040,1778840830.614097,142,2.631494,0.032119,0.009137,2.1018,0.0319,0.023658,2.543239,0.062906,0.012127,2.1390,2.646436,0.032706,0.009257,1.9909,0.0303,0.012732,0.871913,0.0000,2.646436,0.000000,0.000000,1.1481,0.000000,-2.000000,664.8316,0,1,sand,1.0000,1.100000,0,0,0.000000,0.000000,0.000000,0,nan,0.00,0.000000,0.4509,0.0012,0.000000,-0.1062,0.40,6.70,7.51,6.66,0.062906,0.6948,0.9909,0.008000,0.149961,-0.0528,0.164607,0.122140,0.060721,-817.1043621201361,891.7987516174815,-57.802862737340604,265.3227229727167,-0.035221,-0.002291,6307.3,6313.2,0.156600,0.357428,0.000000,1.9843,1.0000,,,,,
1.7160,1778840830.626225,143,2.579953,-0.039375,0.008423,2.0716,0.0190,0.022016,2.569136,0.064051,0.012395,2.1694,2.594935,-0.038822,0.008545,2.0078,0.0274,0.013060,0.872307,0.0000,2.594935,0.000000,0.000000,1.1476,0.000000,-2.000000,660.1535,0,1,sand,1.0000,1.100000,0,0,0.000000,0.000000,0.000000,0,nan,0.00,0.000000,0.4423,0.0026,0.000000,-0.1302,0.39,6.70,7.48,6.70,0.064051,0.7101,1.0218,0.008000,0.114528,-0.8917,0.153010,0.126571,0.060267,-810.5660937389434,-251.49313286928654,-44.56045940932737,290.5090936611115,-0.033393,-0.000031,6307.3,6313.3,0.156654,0.365508,0.000000,2.0012,1.0000,,,,,
1.7280,1778840830.638043,144,2.564238,-0.033056,0.009163,2.0924,0.0708,0.023345,2.595373,0.065232,0.012674,2.1981,2.579286,-0.032439,0.009289,2.0254,0.0331,0.013568,0.872670,0.0000,2.579286,0.000000,0.000001,1.1477,0.000000,-2.000000,665.6413,0,1,sand,1.0000,1.100000,0,0,0.000000,0.000000,0.000000,0,nan,0.00,0.000000,0.4341,0.0041,0.000000,-0.1542,0.37,6.70,7.44,6.67,0.065232,0.7262,1.0504,0.008000,0.161190,-0.0162,0.141568,0.142352,0.067808,-637.736958669315,643.9862769045791,-90.1010650617324,257.21652949396537,-0.037045,-0.002993,6307.2,6313.4,0.156707,0.363900,0.000000,2.0189,1.0000,,,,,
1.7400,1778840830.650203,145,2.624523,0.097442,0.012280,2.2339,0.0755,0.024795,2.621959,0.066410,0.012954,2.2265,2.639807,0.098159,0.012410,2.0670,0.0385,0.014250,0.873029,0.0000,2.639807,0.000000,0.000000,1.1480,0.000000,-2.000000,701.6327,0,1,sand,1.0000,1.100000,0,0,0.000000,0.000000,0.000000,0,nan,0.00,0.000000,0.4262,0.0059,0.000000,-0.1782,0.36,6.70,7.42,6.74,0.066410,0.7422,1.0785,0.008000,0.023972,0.2479,0.169051,0.142045,0.062771,-814.301668237591,316.85383942113424,-142.5407657323699,228.18309801320729,-0.040070,-0.005480,6307.1,6313.4,0.156758,0.321702,0.000000,2.0605,1.0000,,,,,
1.7520,1778840830.662138,146,2.715535,0.023609,0.015412,2.2262,0.0102,0.022760,2.648903,0.067547,0.013210,2.2585,2.731039,0.024331,0.015544,2.0991,0.0328,0.014443,0.873330,0.0000,2.731039,0.000000,-0.000001,1.1497,0.000000,-2.000000,730.6042,0,1,sand,1.0000,1.100000,0,0,0.000000,0.000000,0.000000,0,nan,0.00,0.000000,0.4186,0.0079,0.000000,-0.2022,0.35,6.70,7.40,6.66,0.067547,0.7569,1.1088,0.008000,0.082779,0.2813,0.167135,0.149490,0.071765,-815.5197058410736,43.24095237411791,-110.1423994020335,271.6636610948257,-0.036120,-0.001700,6307.0,6313.5,0.156809,0.315696,0.000000,2.0925,1.0000,,,,,
1.7640,1778840830.674241,147,2.706082,0.125944,0.020120,2.2375,0.0111,0.020128,2.676200,0.068664,0.013467,2.2855,2.721729,0.126699,0.020250,2.1271,0.0282,0.014292,0.873666,0.0000,2.721729,0.000000,-0.000001,1.1495,0.000000,-2.000000,743.1038,0,1,sand,1.0000,1.100000,0,0,0.000000,0.000000,0.000000,0,nan,0.00,0.000000,0.4113,0.0100,0.000000,-0.2262,0.34,6.69,7.37,6.65,0.068664,0.7717,1.1359,0.008000,0.132609,0.3764,0.160009,0.127350,0.048590,-878.419635604872,-339.97537067178183,-81.18927624030886,302.4826912920134,-0.032684,0.000774,6307.0,6313.6,0.156858,0.316834,0.000000,2.1206,1.0000,,,,,
1.7760,1778840830.686287,148,2.756090,0.028159,0.011288,2.3193,0.0295,0.023200,2.703810,0.069769,0.013719,2.3109,2.771988,0.028775,0.011420,2.1655,0.0275,0.014620,0.873974,0.0000,2.771988,-0.000000,-0.000002,1.1503,0.000000,-2.000000,759.7505,0,1,sand,1.0000,1.100000,0,0,0.000000,0.000000,0.000000,0,nan,0.00,0.000000,0.4043,0.0123,0.000000,-0.2502,0.33,6.70,7.36,6.74,0.069769,0.7861,1.1606,0.008000,0.066569,0.2333,0.175205,0.140057,0.051295,-813.5107687826506,408.7438546895117,-87.45953205836742,313.6008565980884,-0.031842,0.001525,6306.9,6313.7,0.156906,0.292151,0.000000,2.1591,1.0000,,,,,
1.7880,1778840830.701254,149,2.774538,0.192564,0.018047,2.2611,0.0127,0.021085,2.731770,0.070904,0.013964,2.3402,2.790553,0.193262,0.018179,2.1853,0.0242,0.014560,0.874261,0.0000,2.790553,-0.000000,-0.000002,1.1505,0.000000,-2.000000,779.3893,0,1,sand,1.0000,1.100000,0,0,0.000000,0.000000,0.000000,0,nan,0.00,0.000000,0.3975,0.0147,0.000000,-0.2742,0.32,6.70,7.35,6.74,0.070904,0.8002,1.1897,0.008000,0.094629,0.3152,0.159345,0.148044,0.060725,-731.4025164861697,469.40308542859054,-67.20918887767309,337.8930342961388,-0.029559,0.003291,6306.8,6313.7,0.156953,0.301057,0.000000,2.1788,1.0000,,,,,
1.8000,1778840830.710463,150,2.769431,0.059481,0.014945,2.3789,0.0167,0.022849,2.760041,0.072050,0.014212,2.3667,2.785782,0.060121,0.015078,2.2240,0.0222,0.014778,0.874476,0.0000,2.785782,-0.000000,-0.000002,1.1504,0.000000,-2.000000,779.6147,0,1,sand,1.0000,1.100000,0,0,0.000000,0.000000,0.000000,0,nan,0.00,0.000000,0.3910,0.0173,0.000000,-0.2982,0.33,6.70,7.37,6.70,0.072050,0.8143,1.2162,0.008000,0.030864,0.1815,0.167621,0.144104,0.054579,-913.0104643922934,640.2422812015316,-64.45705670475107,357.94317213022816,-0.028058,0.004556,6306.8,6313.8,0.156998,0.266316,0.000000,2.2175,1.0000,,,,,
1.8120,1778840830.722296,151,2.821540,0.080137,0.016163,2.4399,0.1280,0.017815,2.788656,0.073154,0.014435,2.3956,2.838191,0.080925,0.016293,2.2671,0.0382,0.014484,0.874741,0.0000,2.838191,-0.000000,-0.000002,1.1507,0.000000,-2.000000,808.0663,0,1,sand,1.0000,1.100000,0,0,0.000000,0.000000,0.000000,0,nan,0.00,0.000000,0.3847,0.0201,0.000000,-0.3222,0.33,6.71,7.36,6.72,0.073154,0.8271,1.2449,0.008000,0.047055,0.3228,0.182440,0.160482,0.044463,-1080.305688435999,349.45154302098797,-183.67932439214957,223.48247188006616,-0.035580,-0.004752,6306.7,6313.9,0.157043,0.240750,0.000000,2.2606,1.0000,,,,,
1.8240,1778840830.734050,152,2.843497,0.084958,0.016123,2.4807,-0.0138,0.016421,2.817598,0.074245,0.014632,2.4220,2.860430,0.085663,0.016247,2.3097,0.0287,0.013906,0.875017,0.0000,2.860430,-0.000000,-0.000001,1.1506,0.000000,-2.000000,819.5756,0,1,sand,1.0000,1.100000,0,0,0.000000,0.000000,0.000000,0,nan,0.00,0.000000,0.3786,0.0229,0.000000,-0.3462,0.32,6.70,7.34,6.69,0.074245,0.8384,1.2713,0.008000,0.126649,0.3594,0.208149,0.143997,0.031176,-943.2600211658868,69.11466328247705,-116.66250842595204,286.2022651593128,-0.029206,-0.000245,6306.6,6313.9,0.157087,0.222617,0.000000,2.3032,1.0000,,,,,
1.8360,1778840830.746339,153,2.794314,-0.003538,0.014268,2.4268,0.0026,0.014668,2.846841,0.075328,0.014822,2.4484,2.811401,-0.002915,0.014385,2.3336,0.0236,0.013198,0.874103,0.0000,2.811401,-0.000000,-0.000002,1.1506,0.000000,-2.000000,812.5118,0,1,sand,1.0000,1.100000,0,0,0.000000,0.000000,0.000000,0,nan,0.00,0.000000,0.3728,0.0259,0.000000,-0.3702,0.32,6.70,7.33,6.67,0.075328,0.8493,1.2978,0.008000,0.024943,0.2076,0.214424,0.134921,0.024696,-788.9386311618238,384.79248030275807,-75.19351581742856,314.59199794160287,-0.025473,0.001672,6306.9,6313.7,0.156922,0.243153,0.000000,2.3271,1.0000,,,,,
1.8480,1778840830.758038,154,2.956556,0.097449,0.014030,2.3663,0.0155,0.015885,2.876411,0.076413,0.015009,2.4748,2.973657,0.098044,0.014143,2.3411,0.0215,0.012781,0.874402,0.0000,2.973657,-0.000000,0.000004,1.1501,0.000000,-2.000000,842.5271,0,1,sand,1.0000,1.100000,0,0,0.000000,0.000000,0.000000,0,nan,0.00,0.000000,0.3671,0.0291,0.000000,-0.3942,0.31,6.70,7.32,6.73,0.076413,0.8597,1.3246,0.008000,0.110510,0.0112,0.180376,0.168397,0.063357,-829.7542829867352,141.0870213614052,-55.64856868431588,324.59310032861845,-0.023860,0.002309,6306.8,6313.7,0.156968,0.252628,0.000000,2.3347,1.0000,,,,,
1.8600,1778840830.770041,155,2.969673,0.157091,0.018405,2.5160,0.0040,0.015033,2.906270,0.077476,0.015186,2.4969,2.987018,0.157731,0.018514,2.3762,0.0180,0.012367,0.870504,0.0000,2.987018,-0.000000,0.000005,1.1501,0.000000,-2.000000,852.3637,0,1,sand,1.0000,1.100000,0,0,0.000000,0.000000,0.000000,0,nan,0.00,0.000000,0.3617,0.0323,0.000000,-0.4182,0.30,6.70,7.31,6.68,0.077476,0.8698,1.3468,0.008000,0.127213,0.0812,0.183382,0.144815,0.044876,-644.6249692547111,360.45586488156147,-33.32978686273292,344.4797818451158,-0.021238,0.003608,6307.8,6312.8,0.156278,0.206519,0.000000,2.3698,1.0000,,,,,
1.8720,1778840830.782092,156,2.899687,0.053187,0.005992,2.5113,0.0053,0.017413,2.936403,0.078586,0.015386,2.5226,2.917238,0.053591,0.006101,2.4036,0.0154,0.012343,0.870853,0.0000,2.917238,-0.000000,0.000001,1.1504,0.000000,-2.000000,841.7124,0,1,sand,1.0000,1.100000,0,0,0.000000,0.000000,0.000000,0,nan,0.00,0.000000,0.3565,0.0357,0.000000,-0.4422,0.31,6.70,7.31,6.67,0.078586,0.8813,1.3722,0.008000,0.089897,-0.8988,0.182701,0.148412,0.046692,-591.8294694162834,316.88023944343934,-19.978531440634853,365.4009638788429,-0.019600,0.004850,6307.7,6312.8,0.156340,0.209647,0.000000,2.3972,1.0000,,,,,
1.8840,1778840830.799566,157,2.993575,0.054617,0.012746,2.5014,-0.0644,0.017231,2.966833,0.079716,0.015585,2.5466,3.011251,0.055032,0.012854,2.4237,0.0021,0.012220,0.865911,0.0000,3.011251,0.000000,0.000006,1.1500,0.000000,-2.000000,854.1373,0,1,sand,1.0000,1.100000,0,0,0.000000,0.000000,0.000000,0,nan,0.00,0.000000,0.3514,0.0391,0.000000,-0.4662,0.30,6.69,7.30,6.68,0.079716,0.8927,1.3966,0.008000,0.019105,-0.0078,0.164403,0.114163,0.022445,-712.7335074628356,374.05245140738504,76.79370258793999,478.6254695309338,-0.012714,0.011396,6309.0,6311.6,0.155464,0.200979,0.000000,2.4173,1.0000,,,,,
1.8960,1778840830.806834,158,2.948037,0.151442,0.008994,2.5626,0.0110,0.017572,2.997521,0.080878,0.015792,2.5666,2.966410,0.151813,0.009104,2.4520,0.0034,0.012148,0.858718,0.0000,2.966410,-0.000000,0.000003,1.1502,0.000000,-2.000000,855.6278,0,1,sand,1.0000,1.100000,0,0,0.000000,0.000000,0.000000,0,nan,0.00,0.000000,0.3465,0.0427,0.000000,-0.4902,0.41,6.68,7.49,6.62,0.080878,0.9046,1.4164,0.008000,0.079243,-0.6097,0.172735,0.138156,0.038834,-401.22108019603695,364.0011621947473,57.30040339949517,465.35024108746427,-0.013223,0.010589,6310.7,6309.9,0.154265,0.185095,0.000000,2.4455,1.0000,,,,,
1.9080,1778840830.818058,159,2.987115,-0.024239,0.013417,2.5897,0.0116,0.021052,3.028478,0.082089,0.016013,2.5893,3.005578,-0.023770,0.013531,2.4798,0.0046,0.012694,0.855031,0.0000,3.005578,0.000000,0.000006,1.1500,0.000000,-2.000000,851.2897,0,1,sand,1.0000,1.100000,0,0,0.000000,0.000000,0.000000,0,nan,0.00,0.000000,0.3417,0.0463,0.000000,-0.5142,0.39,6.69,7.47,6.76,0.082089,0.9172,1.4393,0.008000,0.094593,-0.1799,0.161882,0.102393,-0.004965,-457.77219308710687,443.13574889891254,32.894389764495955,462.63119039489374,-0.014071,0.010355,6311.7,6308.9,0.153597,0.173110,0.000000,2.4734,1.0000,,,,,
1.9200,1778840830.830313,160,3.075590,0.165672,0.021066,2.5636,0.0830,0.019642,3.059703,0.083348,0.016239,2.6114,3.094148,0.166389,0.021182,2.4973,0.0170,0.013003,0.855632,0.0000,3.094148,0.000001,0.000006,1.1498,0.000000,-2.000000,879.8396,0,1,sand,1.0000,1.100000,0,0,0.000000,0.000000,0.000000,0,nan,0.00,0.000000,0.3372,0.0500,0.000000,-0.5382,0.38,6.69,7.45,6.70,0.083348,0.9301,1.4615,0.008000,0.075707,0.1905,0.136292,0.121896,0.003126,-372.68846926490625,342.4803297904623,-71.81555245035044,353.5484196708202,-0.020150,0.004448,6311.5,6309.1,0.153699,0.175814,0.000000,2.4908,1.0000,,,,,
1.9320,1778840830.842266,161,3.084179,0.141818,0.029551,2.6991,0.1064,0.020427,3.091164,0.084662,0.016477,2.6306,3.102959,0.142816,0.029669,2.5375,0.0309,0.013443,0.850580,0.0000,3.102959,0.000001,0.000006,1.1499,0.000000,-2.000000,879.0818,0,1,sand,1.0000,1.100000,0,0,0.000000,0.000000,0.000000,0,nan,0.00,0.000000,0.3327,0.0539,0.000000,-0.5622,0.36,6.69,7.42,6.69,0.084662,0.9438,1.4808,0.008000,0.047852,0.6826,0.133974,0.152934,0.009889,-323.3322669713583,488.73076400597836,-198.41347998832362,229.82145044424186,-0.026614,-0.001939,6312.8,6307.8,0.152798,0.137551,0.000000,2.5311,1.0000,,,,,
1.9440,1778840830.854204,162,3.087709,0.091661,0.013518,2.5600,0.0284,0.021001,3.122878,0.086020,0.016716,2.6521,3.106480,0.092349,0.013639,2.5431,0.0295,0.013741,0.850919,0.0000,3.106480,0.000001,0.000006,1.1499,0.000000,-2.000000,880.0616,0,1,sand,1.0000,1.100000,0,0,0.000000,0.000000,0.000000,0,nan,0.00,0.000000,0.3284,0.0578,0.000000,-0.5862,0.35,6.70,7.40,6.71,0.086020,0.9575,1.5023,0.008000,0.096885,-0.1253,0.115737,0.147971,0.004558,-382.18339789217515,526.278815128619,-193.35666546036515,246.70917619016117,-0.026133,-0.000987,6312.7,6307.8,0.152849,0.170107,0.000000,2.5367,1.0000,,,,,
1.9560,1778840830.866045,163,3.107771,0.129112,0.023242,2.7597,0.0411,0.022016,3.154843,0.087376,0.016941,2.6723,3.126801,0.130000,0.023366,2.5862,0.0305,0.014206,0.851763,0.0000,3.126801,0.000001,0.000004,1.1499,0.000000,-2.000000,886.9097,0,1,sand,1.0000,1.100000,0,0,0.000000,0.000000,0.000000,0,nan,0.00,0.000000,0.3243,0.0618,0.000000,-0.6102,0.34,6.70,7.38,6.76,0.087376,0.9717,1.5224,0.008000,0.102643,0.4481,0.151301,0.164082,0.021114,-469.6760003362989,419.2069675975256,-222.91185367616035,238.69340509157774,-0.026438,-0.001046,6312.5,6308.0,0.152991,0.100904,0.000000,2.5799,1.0000,,,,,
1.9680,1778840830.878086,164,3.164918,0.079251,0.016000,2.6664,0.0856,0.018871,3.187054,0.088751,0.017163,2.6932,3.184081,0.080066,0.016124,2.6029,0.0385,0.014156,0.845357,0.0000,3.184081,0.000001,-0.000005,1.1499,0.000000,-2.000000,888.9326,0,1,sand,1.0000,1.100000,0,0,0.000000,0.000000,0.000000,0,nan,0.00,0.000000,0.3203,0.0658,0.000000,-0.6342,0.34,6.70,7.37,6.67,0.088751,0.9844,1.5433,0.008000,0.105218,-0.2149,0.133373,0.179460,0.025936,-461.4886871761951,365.198395848234,-290.4130901904756,160.08604157596125,-0.029801,-0.004815,6314.1,6306.4,0.151860,0.128496,0.000000,2.5966,1.0000,,,,,
1.9800,1778840830.898139,165,3.203814,0.121644,0.010905,2.7248,0.1396,0.016698,3.219508,0.090127,0.017368,2.7121,3.223140,0.122481,0.011025,2.6276,0.0538,0.013902,0.830518,0.0000,3.223140,0.000000,-0.000014,1.1500,0.000000,-2.000000,896.0155,0,1,sand,1.0000,1.100000,0,0,0.000000,0.000000,0.000000,0,nan,0.00,0.000000,0.3164,0.0700,0.000000,-0.6582,0.33,6.70,7.37,6.69,0.090127,0.9962,1.5622,0.008000,0.078414,0.2045,0.130751,0.181696,0.004828,-614.9813553195711,416.693879350658,-414.6154119030831,10.151849541273265,-0.036066,-0.012044,6317.9,6302.7,0.149237,0.098371,0.000000,2.6214,1.0000,,,,,
1.9920,1778840830.905383,166,3.317404,0.057335,0.028597,2.7742,-0.0353,0.015900,3.252163,0.091474,0.017552,2.7292,3.339436,0.058511,0.028725,2.6579,0.0368,0.012867,0.817157,0.0000,3.339436,-0.000002,-0.000025,1.1501,0.000000,-2.000000,901.3956,0,1,sand,1.0000,1.100000,0,0,0.000000,0.000000,0.000000,0,nan,0.00,0.000000,0.3126,0.0742,0.000000,-0.6822,0.81,6.69,8.30,6.61,0.091474,1.0067,1.5792,0.008000,0.063832,0.8320,0.140686,0.203847,0.038193,-586.0364120273107,165.12270987408283,-293.00054249686866,135.02519169760166,-0.028035,-0.005040,6320.8,6299.8,0.147211,0.085956,0.000000,2.6510,1.0000,,,,,
2.0040,1778840830.914459,167,3.250893,0.169622,0.024173,2.7147,0.0443,0.017136,3.285019,0.092826,0.017722,2.7460,3.272610,0.170680,0.024298,2.6700,0.0369,0.012799,0.813822,0.0000,3.272610,-0.000001,-0.000026,1.1500,0.000000,-2.000000,902.6680,0,1,sand,1.0000,1.100000,0,0,0.000000,0.000000,0.000000,0,nan,0.00,0.000000,0.3089,0.0784,0.000000,-0.7062,0.73,6.69,8.15,6.69,0.092826,1.0164,1.5960,0.008000,0.041614,0.7938,0.125510,0.227132,0.068293,-577.7825014418214,402.43305060012324,-294.86833442787633,128.7420509697781,-0.027704,-0.005135,6321.7,6298.8,0.146567,0.095933,0.000000,2.6633,1.0000,,,,,
2.0160,1778840830.926056,168,3.385713,0.158900,0.012733,2.7380,0.0409,0.014466,3.318040,0.094169,0.017878,2.7574,3.407200,0.159686,0.012852,2.6842,0.0364,0.012389,0.793464,0.0000,3.407200,-0.000003,0.000001,1.1500,0.000000,-2.000000,907.5524,0,1,sand,1.0000,1.100000,0,0,0.000000,0.000000,0.000000,0,nan,0.00,0.000000,0.3053,0.0827,0.000000,-0.7302,0.67,6.69,8.02,6.73,0.094169,1.0254,1.6073,0.008000,0.220722,-0.1184,0.112470,0.167539,-0.000055,-606.9138526015175,346.8096481748328,-289.75659532104805,116.36423202439846,-0.026842,-0.005287,6327.0,6293.6,0.142925,0.090990,0.000000,2.6778,1.0000,,,,,
2.0280,1778840830.938306,169,3.361076,0.126372,0.018707,2.7320,0.0707,0.012528,3.351212,0.095526,0.018030,2.7710,3.382363,0.127304,0.018818,2.6945,0.0408,0.011821,0.781932,0.0000,3.382363,-0.000003,-0.000011,1.1500,0.000000,-2.000000,905.4890,0,1,sand,1.0000,1.100000,0,0,0.000000,0.000000,0.000000,0,nan,0.00,0.000000,0.3019,0.0871,0.000000,-0.7542,0.61,6.69,7.91,6.68,0.095526,1.0341,1.6210,0.008000,0.052064,-0.2164,0.105440,0.262278,0.104691,-458.20586299322497,164.25310993806374,-318.43342572694667,57.91048471417612,-0.028084,-0.007793,6329.9,6290.6,0.140852,0.092104,0.000000,2.6883,1.0000,,,,,
2.0400,1778840830.950033,170,3.437066,0.073871,0.014004,2.8165,0.0034,0.010800,3.384540,0.096869,0.018166,2.7825,3.458273,0.074620,0.014106,2.7191,0.0336,0.011077,0.763204,0.0000,3.458273,-0.000002,0.000037,1.1500,0.000000,-1.956067,909.8364,0,1,sand,1.0000,1.100000,0,0,0.000000,0.000000,0.000000,0,nan,0.00,0.000000,0.2985,0.0916,0.000000,-0.7777,0.56,6.69,7.81,6.66,0.096869,1.0369,1.6325,0.008000,0.114605,-0.9746,0.090524,0.126653,-0.021991,-753.9389728487304,212.15292147110074,-263.30998313970156,100.86100953447672,-0.023915,-0.005156,6334.7,6285.8,0.137509,0.053193,0.000000,2.7131,1.0000,,,,,
2.0520,1778840830.962157,171,3.502474,0.083721,0.023935,2.7904,0.0009,0.013225,3.417967,0.098210,0.018298,2.7904,3.523555,0.084615,0.024033,2.7338,0.0273,0.010793,0.736036,0.0000,3.523555,0.000002,0.000097,1.1500,0.000000,-1.877865,912.7742,0,1,sand,1.0000,1.100000,0,0,0.000000,0.000000,0.000000,0,nan,0.00,0.000000,0.2953,0.0960,0.000000,-0.8002,0.52,6.68,7.72,6.66,0.098210,1.0445,1.6403,0.008000,0.142901,0.5112,0.099883,0.136073,-0.019112,-473.15246326352064,-170.9128190156137,-224.10701059735567,146.21629202544352,-0.020741,-0.002596,6341.7,6278.8,0.132622,0.068609,0.000000,2.7280,1.0000,,,,,
2.0640,1778840830.974039,172,3.542015,0.125550,0.022182,2.7320,0.0053,0.012024,3.451507,0.099569,0.018424,2.7989,3.562893,0.126356,0.022276,2.7344,0.0229,0.010392,0.724387,0.0000,3.562893,0.000006,0.000105,1.1500,0.000000,-1.816271,915.9019,0,1,sand,1.0000,1.100000,0,0,0.000000,0.000000,0.000000,0,nan,0.00,0.000000,0.2921,0.1005,0.000000,-0.8220,0.48,6.68,7.64,6.66,0.099569,1.0517,1.6488,0.008000,0.157492,-0.1492,0.057421,0.152375,0.001439,-825.5637305845623,113.814633091357,-190.0128388153969,178.8527413880885,-0.018457,-0.001012,6344.9,6275.7,0.130433,0.077999,0.000000,2.7288,1.0000,,,,,
2.0760,1778840830.986357,173,3.505474,0.171942,0.020343,2.8639,0.0291,0.010689,3.485112,0.100901,0.018539,2.8030,3.526386,0.172703,0.020432,2.7603,0.0233,0.009937,0.699117,0.0000,3.526386,0.000002,0.000099,1.1500,0.000000,-1.753985,913.3655,0,1,sand,1.0000,1.100000,0,0,0.000000,0.000000,0.000000,0,nan,0.00,0.000000,0.2890,0.1050,0.000000,-0.8430,0.45,6.73,7.64,7.04,0.100901,1.0583,1.6530,0.008000,0.102129,0.1606,0.067508,0.163186,0.027327,-293.94795764043835,-1008.4825165163882,-203.62272041890623,153.73566160795048,-0.017986,-0.001572,6351.4,6269.1,0.125869,0.038132,0.000000,2.7550,1.0000,,,,,
2.0880,1778840830.999025,174,3.547046,0.121401,0.020820,2.7514,0.0166,0.009311,3.518789,0.102244,0.018651,2.8098,3.567974,0.122149,0.020903,2.7594,0.0214,0.009314,0.668713,0.0000,3.567974,0.000007,0.000104,1.1500,0.000000,-1.692355,907.0568,0,1,sand,1.0000,1.100000,0,0,0.000000,0.000000,0.000000,0,nan,0.00,0.000000,0.2860,0.1096,0.000000,-0.8633,0.43,6.72,7.59,6.68,0.102244,1.0647,1.6598,0.008000,0.062463,0.4816,0.043605,0.185950,0.077797,-871.3881699460298,457.0052378572748,-197.07763970714046,153.18830806802166,-0.016716,-0.001314,6359.2,6261.3,0.120420,0.070559,0.000000,2.7543,1.0000,,,,,
2.1000,1778840831.010386,175,3.525628,0.128939,0.024339,2.7925,0.0230,0.008130,3.552508,0.103514,0.018741,2.8122,3.546469,0.129744,0.024416,2.7665,0.0211,0.008685,0.639543,0.0000,3.546469,0.000004,0.000106,1.1500,0.000000,-1.627325,902.1453,0,1,sand,1.0000,1.100000,0,0,0.000000,0.000000,0.000000,0,nan,0.00,0.000000,0.2831,0.1141,0.000000,-0.8829,0.41,6.71,7.53,6.62,0.103514,1.0699,1.6622,0.008000,0.098113,-0.3250,0.022087,0.113329,-0.017253,-1007.3363838526179,38.28584328791828,-203.77395813404618,135.9649238801613,-0.015962,-0.001694,6366.8,6253.8,0.115172,0.057181,0.000000,2.7617,1.0000,,,,,
2.1120,1778840831.022111,176,3.570614,0.136827,0.016071,2.7697,0.0688,0.007980,3.586260,0.104776,0.018830,2.8153,3.591371,0.137508,0.016143,2.7680,0.0282,0.008198,0.625291,0.0000,3.591371,0.000009,0.000091,1.1501,0.000000,-1.573213,905.6333,0,1,sand,1.0000,1.100000,0,0,0.000000,0.000000,0.000000,0,nan,0.00,0.000000,0.2802,0.1186,0.000000,-0.9018,0.40,6.70,7.50,6.67,0.104776,1.0749,1.6653,0.008000,0.055643,-0.5447,0.011808,0.156270,0.000461,-876.353198874849,364.4956750396177,-254.6797542999892,48.04283925331623,-0.018572,-0.005227,6370.5,6250.0,0.112559,0.063789,0.000000,2.7632,1.0000,,,,,
2.1240,1778840831.034201,177,3.598308,0.153223,0.022871,2.7830,0.0553,0.008486,3.620037,0.106046,0.018919,2.8167,3.618971,0.154065,0.022939,2.7716,0.0318,0.007865,0.596807,0.0000,3.618971,0.000011,0.000061,1.1501,0.000000,-1.495352,907.4562,0,1,sand,1.0000,1.100000,0,0,0.000000,0.000000,0.000000,0,nan,0.00,0.000000,0.2774,0.1231,0.000000,-0.9197,0.38,6.71,7.47,6.75,0.106046,1.0800,1.6666,0.008000,0.078567,0.5031,0.003502,0.148975,-0.011550,-763.0478021896504,-39.766538697205306,-291.43649555670555,-4.226867913461334,-0.019770,-0.007064,6377.8,6242.7,0.107446,0.049170,0.000000,2.7671,1.0000,,,,,
2.1360,1778840831.046062,178,3.686954,0.191970,0.024176,2.7881,-0.0578,0.006848,3.653823,0.107290,0.019010,2.8170,3.707592,0.192702,0.024239,2.7753,0.0162,0.007244,0.558673,0.0000,3.707592,0.000009,-0.000138,1.1501,0.000000,-1.402367,915.8456,0,1,sand,1.0000,1.100000,0,0,0.000000,0.000000,0.000000,0,nan,0.00,0.000000,0.2747,0.1275,0.000000,-0.9365,0.37,6.70,7.44,6.66,0.107290,1.1039,1.6669,0.008000,0.064140,0.2393,-0.001577,0.152690,0.002519,-908.5825362562254,324.76285966913326,-207.7256238621798,138.3927249147841,-0.012643,-0.000831,6387.7,6232.9,0.100605,0.049587,0.000000,2.7711,1.0000,,,,,
2.1480,1778840831.058165,179,3.679560,0.075585,0.019510,2.8014,0.0643,0.007240,3.687611,0.108466,0.019080,2.8164,3.700174,0.076274,0.019570,2.7809,0.0236,0.006930,0.526676,0.0000,3.700174,0.000010,-0.000115,1.1501,0.000000,-1.317950,903.4119,0,1,sand,1.0000,1.100000,0,0,0.000000,0.000000,0.000000,0,nan,0.00,0.000000,0.2721,0.1320,0.000000,-0.9523,0.36,6.70,7.41,6.66,0.108466,1.1079,1.6664,0.008000,0.051053,0.2462,-0.018452,0.130168,-0.044808,-845.9067418234927,-18.764380613491085,-277.03971212623446,43.92411362412601,-0.015463,-0.004291,6395.9,6224.6,0.094827,0.036920,0.000000,2.7770,1.0000,,,,,
2.1600,1778840831.070038,180,3.702598,0.164584,0.020509,2.7892,0.0367,0.006435,3.721373,0.109612,0.019159,2.8141,3.723143,0.165298,0.020565,2.7830,0.0251,0.006535,0.494887,0.0000,3.723143,0.000006,-0.000189,1.1500,0.000000,-1.227783,910.7337,0,1,sand,1.0000,1.100000,0,0,0.000000,0.000000,0.000000,0,nan,0.00,0.000000,0.2695,0.1364,0.000000,-0.9671,0.35,6.69,7.39,6.66,0.109612,1.1124,1.6640,0.008000,0.116716,-0.2638,-0.028051,0.144585,-0.063137,-872.4323740963255,113.2062178126613,-305.7132605448852,12.445201480633898,-0.015730,-0.005249,6404.2,6216.4,0.089097,0.039006,0.000000,2.7793,1.0000,,,,,
2.1720,1778840831.082110,181,3.670119,0.170014,0.017897,2.8105,0.0283,0.007734,3.755104,0.110747,0.019252,2.8117,3.690700,0.170670,0.017952,2.7889,0.0249,0.006387,0.465378,0.0000,3.690700,0.000011,-0.000087,1.1501,0.000000,-1.137183,905.0318,0,1,sand,1.0000,1.100000,0,0,0.000000,0.000000,0.000000,0,nan,0.00,0.000000,0.2670,0.1407,0.000000,-0.9807,0.35,6.69,7.38,6.67,0.110747,1.1177,1.6617,0.008000,0.169422,-0.3105,-0.021466,0.167595,-0.059422,-1126.351800433301,-272.08943827225175,-326.099697045571,4.07254591652773,-0.015481,-0.005272,6411.8,6208.8,0.083768,0.027281,0.000000,2.7854,1.0000,,,,,
2.1840,1778840831.097446,182,3.786831,0.130696,0.020454,2.7434,0.0368,0.004692,3.788791,0.111802,0.019325,2.8063,3.807290,0.131404,0.020504,2.7805,0.0261,0.005846,0.433486,0.0000,3.807290,-0.000021,-0.000395,1.1499,0.000000,-1.028295,890.0329,0,1,sand,1.0000,1.100000,0,0,0.000000,0.000000,0.000000,0,nan,0.00,0.000000,0.2645,0.1449,0.000000,-0.9931,0.34,6.69,7.36,6.68,0.111802,1.1219,1.6564,0.008000,0.053801,-0.0557,-0.052967,0.155569,-0.063561,-1059.921596032537,-386.0037154895692,-351.80156090410287,-25.26945249821327,-0.015605,-0.006269,6420.1,6200.5,0.078015,0.046321,0.000000,2.7773,1.0000,,,,,
2.1960,1778840831.106247,183,3.870429,0.171309,0.010713,2.6858,0.0172,0.008257,3.822416,0.112858,0.019422,2.8019,3.890710,0.171798,0.010763,2.7625,0.0238,0.005881,0.399314,0.0000,3.890710,-0.000045,-0.000102,1.1498,0.000000,-0.919440,935.1272,0,1,sand,1.0000,1.100000,0,0,0.000000,0.000000,0.000000,0,nan,0.00,0.000000,0.2621,0.1491,0.000000,-1.0041,0.33,6.67,7.33,6.58,0.112858,1.1275,1.6521,0.008000,0.047876,-0.6372,-0.066704,0.184172,-0.022986,-894.9413182213732,-91.67868490554133,-364.67304054841327,-1.5408659318914033,-0.014795,-0.005305,6428.9,6191.6,0.071837,0.066858,0.000000,2.7596,1.0000,,,,,
2.2080,1778840831.118027,184,3.826753,0.107676,0.011599,2.7586,0.0584,0.007945,3.855981,0.113863,0.019509,2.7957,3.846936,0.108220,0.011649,2.7621,0.0288,0.005923,0.374659,0.0000,3.846936,-0.000035,-0.000321,1.1498,0.000000,-0.841451,918.3248,0,1,sand,1.0000,1.100000,0,0,0.000000,0.000000,0.000000,0,nan,0.00,0.000000,0.2598,0.1532,0.000000,-1.0142,0.32,6.67,7.31,6.67,0.113863,1.1324,1.6458,0.008000,0.032545,-0.7841,-0.071116,0.158278,-0.061047,-752.8722266152265,221.13240399135793,-414.1885269583724,-60.88236968914514,-0.016919,-0.007426,6435.4,6185.2,0.067337,0.033026,0.000000,2.7594,1.0000,,,,,
2.2200,1778840831.130259,185,3.871400,0.159787,0.020363,2.8547,-0.0684,0.005797,3.889457,0.114816,0.019593,2.7876,3.891693,0.160372,0.020411,2.7804,0.0120,0.005529,0.346786,0.0000,3.891693,-0.000045,-0.000096,1.1498,0.000000,-0.761256,913.0287,0,1,sand,1.0000,1.100000,0,0,0.000000,0.000000,0.000000,0,nan,0.00,0.000000,0.2575,0.1571,0.000000,-1.0233,0.32,6.67,7.30,6.66,0.114816,1.0678,1.6378,0.008000,0.014149,0.1948,-0.052663,0.140251,-0.031150,-628.9713243857482,-1184.7794577903933,-327.2113962513581,114.50936972066503,-0.009432,-0.000493,6442.6,6178.0,0.062314,0.000083,0.000000,2.7778,1.0000,,,,,
2.2320,1778840831.142265,186,3.962819,0.090768,0.022216,2.7626,-0.0156,0.007658,3.922851,0.115734,0.019686,2.7814,3.983052,0.091350,0.022263,2.7772,0.0071,0.005519,0.319911,0.0000,3.983052,-0.000016,0.000837,1.1499,0.000000,-0.679201,917.9910,0,1,sand,1.0000,1.100000,0,0,0.000000,0.000000,0.000000,0,nan,0.00,0.000000,0.2552,0.1610,0.000000,-1.0315,0.31,6.68,7.30,6.73,0.115734,1.0731,1.6314,0.008000,0.099783,-0.0865,-0.056351,0.101271,-0.075036,-965.4841266825883,373.8554203586682,-313.9960226505027,168.13400837432616,-0.007379,0.001602,6449.5,6171.0,0.057463,0.022881,0.000000,2.7749,1.0000,,,,,
2.2440,1778840831.154144,187,3.818007,0.058264,0.030198,2.7063,-0.0750,0.006055,3.956142,0.116576,0.019758,2.7706,3.838181,0.058894,0.030243,2.7637,-0.0066,0.005211,0.281587,0.0000,3.838181,-0.000032,-0.000348,1.1499,0.000000,-0.657136,896.8417,0,1,sand,1.0000,1.100000,0,0,0.000000,0.000000,0.000000,0,nan,0.00,0.000000,0.2530,0.1648,0.000000,-1.0394,0.31,6.68,7.30,6.66,0.116576,1.0773,1.6208,0.008000,0.220449,0.2999,-0.069599,0.134726,0.020889,-862.7927859826013,-890.8387031663067,-238.41368700070996,315.81008155958705,-0.001400,0.007279,6459.4,6161.2,0.050593,0.043423,0.000000,2.7616,1.0000,,,,,
2.2560,1778840831.166045,188,4.026428,0.173141,0.022986,2.7815,-0.0367,0.007587,3.989344,0.117431,0.019858,2.7651,4.046596,0.173588,0.023031,2.7673,-0.0114,0.005232,0.256622,0.0000,4.046596,0.000062,0.001470,1.1503,0.000000,-0.558137,930.3471,0,1,sand,1.0000,1.100000,0,0,0.000000,0.000000,0.000000,0,nan,0.00,0.000000,0.2509,0.1685,0.000000,-1.0461,0.31,6.67,7.29,6.64,0.117431,1.0830,1.6148,0.008000,0.100416,0.1560,-0.068139,0.084622,-0.057507,-936.0538186197102,166.85451152767416,-218.32200519469654,367.1856893038281,0.000597,0.009339,6465.8,6154.8,0.046155,0.008667,0.000000,2.7655,1.0000,,,,,
2.2680,1778840831.178054,189,4.042454,0.186819,0.024287,2.8087,0.0114,0.006471,4.022434,0.118230,0.019936,2.7535,4.062641,0.187323,0.024331,2.7754,-0.0073,0.005147,0.220145,0.0000,4.062641,0.000085,0.001462,1.1505,0.000000,-0.457113,926.6555,0,1,sand,1.0000,1.100000,0,0,0.000000,0.000000,0.000000,0,nan,0.00,0.000000,0.2488,0.1720,0.000000,-1.0515,0.30,6.67,7.28,6.66,0.118230,1.0875,1.6031,0.008000,0.042924,0.1758,-0.058702,0.027331,-0.038398,-1066.815319797186,-697.1305077539835,-270.68005324490093,316.15966385496756,-0.001036,0.007484,6475.2,6145.4,0.039586,-0.004633,0.000000,2.7738,1.0000,,,,,
2.2800,1778840831.195331,190,4.002408,0.045533,0.014804,2.7251,0.0896,0.010235,4.055393,0.119043,0.020046,2.7437,4.022513,0.045979,0.014853,2.7658,0.0088,0.005676,0.196082,0.0000,4.022513,0.000028,0.001345,1.1502,0.000000,-0.378692,910.5701,0,1,sand,1.0000,1.100000,0,0,0.000000,0.000000,0.000000,0,nan,0.00,0.000000,0.2467,0.1755,0.000000,-1.0561,0.30,6.68,7.28,6.74,0.119043,1.0938,1.5936,0.008000,0.137629,-0.2169,-0.071004,0.091194,-0.017609,-678.380256468876,-135.43285307883662,-409.27143716287935,141.5873546717754,-0.008256,0.001005,6481.5,6139.1,0.035207,0.024805,0.000000,2.7644,1.0000,,,,,
2.2920,1778840831.202636,191,4.103638,0.041936,0.020753,2.7781,-0.0044,0.007414,4.088238,0.119828,0.020147,2.7341,4.124139,0.042491,0.020802,2.7683,0.0064,0.005582,0.167988,0.0000,4.124139,0.000159,0.000755,1.1508,0.000000,-0.273401,924.3092,0,1,sand,1.0000,1.100000,0,0,0.000000,0.000000,0.000000,0,nan,0.00,0.000000,0.2446,0.1788,0.000000,-1.0594,0.37,6.68,7.41,6.68,0.119828,1.0995,1.5833,0.008000,0.100421,-0.0192,-0.056804,0.043782,-0.023695,-1050.2176943069285,214.76485424853047,-406.53925478699955,165.92454750354472,-0.007169,0.002004,6488.7,6131.9,0.030155,-0.006489,0.000000,2.7670,1.0000,,,,,
2.3040,1778840831.214031,192,4.081196,0.125843,0.022352,2.7259,0.0609,0.007868,4.120941,0.120538,0.020234,2.7210,4.101558,0.126498,0.022401,2.7601,0.0151,0.005665,0.133534,0.0000,4.101558,0.000137,0.001139,1.1507,0.000000,-0.206120,922.5997,0,1,sand,1.0000,1.100000,0,0,0.000000,0.000000,0.000000,0,nan,0.00,0.000000,0.2427,0.1820,0.000000,-1.0618,0.35,6.68,7.38,6.66,0.120538,1.1045,1.5703,0.008000,0.100346,0.6303,-0.043375,0.024038,-0.045827,-876.3967526799157,107.17405907601744,-483.68963523142486,64.37867824669087,-0.010951,-0.001709,6497.6,6122.9,0.023933,0.011458,0.000000,2.7591,1.0000,,,,,
2.3160,1778840831.226138,193,4.197423,0.064203,0.016902,2.8123,-0.0260,0.008662,4.153514,0.121248,0.020336,2.7112,4.217846,0.064692,0.016952,2.7702,0.0079,0.005758,0.114615,0.0000,4.217846,0.000102,-0.002381,1.1505,0.000000,-0.112211,938.5767,0,1,sand,1.0000,1.100000,0,0,0.000000,0.000000,0.000000,0,nan,0.00,0.000000,0.2407,0.1850,0.000000,-1.0632,0.35,6.68,7.38,6.73,0.121248,1.3694,1.5607,0.008000,0.090185,0.2670,-0.030219,-0.001832,-0.024891,-923.3976853187746,296.6460613207173,-443.4172996294398,146.81650164713807,-0.007943,0.001481,6502.6,6118.0,0.020505,-0.026719,0.000000,2.7694,1.0000,,,,,
2.3280,1778840831.238208,194,4.219387,0.197964,0.017864,2.7508,0.0565,0.006798,4.185945,0.121885,0.020415,2.6973,4.239765,0.198532,0.017913,2.7664,0.0156,0.005652,0.082522,0.0000,4.239765,0.000038,-0.003474,1.1502,0.000000,-0.028789,946.1827,0,1,sand,1.0000,1.100000,0,0,0.000000,0.000000,0.000000,0,nan,0.00,0.000000,0.2388,0.1879,0.000000,-1.0635,0.34,6.68,7.37,6.65,0.121885,1.3739,1.5471,0.008000,0.058030,-0.1776,-0.049273,0.012952,-0.032239,-805.9578680748328,418.74626663564015,-506.8193624679263,53.011288560728715,-0.011127,-0.001946,6510.9,6109.7,0.014716,-0.011565,0.000000,2.7658,1.0000,,,,,
2.3400,1778840831.250049,195,4.183108,0.052652,0.014708,2.6497,0.0466,0.009751,4.218213,0.122523,0.020521,2.6844,4.203256,0.053193,0.014759,2.7437,0.0202,0.005960,0.053901,0.0000,4.203256,0.000132,-0.001729,1.1507,0.000000,0.030863,931.5019,0,1,sand,1.0000,1.100000,0,0,0.000000,0.000000,0.000000,0,nan,0.00,0.000000,0.2369,0.1907,0.000000,-1.0632,0.33,6.68,7.34,6.67,0.122523,1.3800,1.5337,0.008000,0.090416,-0.4645,-0.065900,0.004246,-0.021293,-909.7350611308595,238.92217345924348,-548.9484147432004,8.045968289638992,-0.013431,-0.003695,6518.3,6102.3,0.009554,0.020710,0.000000,2.7433,1.0000,,,,,
2.3520,1778840831.262094,196,4.318583,0.184211,0.016744,2.7122,-0.0410,0.007849,4.250327,0.123123,0.020606,2.6713,4.338662,0.184705,0.016795,2.7375,0.0096,0.005856,0.027303,0.0000,4.338662,-0.000454,-0.004827,1.1477,0.000000,0.158225,961.7466,0,1,sand,1.0000,1.100000,0,0,0.000000,0.000000,0.000000,0,nan,0.00,0.000000,0.2350,0.1933,0.000000,-1.0613,0.33,6.68,7.34,6.71,0.123123,1.3849,1.5236,0.008000,0.235229,-0.8033,-0.054543,-0.005745,-0.006713,-985.728657184549,390.355221826257,-482.3941327068229,124.97385804442953,-0.008841,0.000861,6525.1,6095.5,0.004781,-0.013107,0.000000,2.7373,1.0000,,,,,
2.3640,1778840831.274105,197,4.377601,0.026234,0.014231,2.5704,0.0462,0.006350,4.282260,0.123685,0.020695,2.6568,4.397467,0.026717,0.014280,2.7050,0.0152,0.005634,-0.002110,0.0000,4.397467,-0.000637,-0.000772,1.1468,0.000000,0.265087,966.0254,0,1,sand,1.0000,1.100000,0,0,0.000000,0.000000,0.000000,0,nan,0.00,0.000000,0.2332,0.1957,0.000000,-1.0581,0.33,6.68,7.34,6.64,0.123685,1.3900,1.5101,0.008000,0.162732,-0.5342,-0.088027,-0.003800,0.000749,-1005.2891822381257,199.38614868899128,-522.8692409656351,58.045717026060956,-0.011241,-0.001824,6532.8,6087.8,-0.000578,0.037308,0.000000,2.7050,1.0000,,,,,
2.3760,1778840831.294055,198,4.349531,0.143209,0.023232,2.6900,-0.0991,0.008828,4.314020,0.124232,0.020789,2.6411,4.369395,0.143719,0.023281,2.7019,-0.0039,0.005660,-0.029198,0.0000,4.369395,-0.000579,-0.003164,1.1471,0.000000,0.342416,966.1892,0,1,sand,1.0000,1.100000,0,0,0.000000,0.000000,0.000000,0,nan,0.00,0.000000,0.2314,0.1980,0.000000,-1.0540,0.34,6.70,7.37,6.81,0.124232,1.3954,1.4940,0.008000,0.051823,-0.0925,-0.095377,-0.032548,0.003364,-723.734037301585,187.5023933620845,-390.26944729225306,263.78423227572614,-0.002981,0.006710,6539.9,6080.7,-0.005499,-0.015048,0.000000,2.7021,1.0000,,,,,
2.3880,1778840831.301425,199,4.353872,0.017113,0.029819,2.5726,0.0880,0.006244,4.345596,0.124725,0.020863,2.6256,4.376175,0.017964,0.029873,2.6765,0.0109,0.005276,-0.055066,0.0000,4.376175,-0.000599,-0.002662,1.1470,0.000000,0.404257,963.3762,0,1,sand,1.0000,1.100000,0,0,0.000000,0.000000,0.000000,0,nan,0.00,0.000000,0.2297,0.2001,0.000000,-1.0491,0.82,6.69,8.33,6.65,0.124725,1.3996,1.4786,0.008000,0.064880,0.8250,-0.108417,-0.023905,-0.001322,-910.195004328108,28.88721915586359,-497.45912728246424,97.95660660624401,-0.009506,-0.000127,6546.6,6073.9,-0.010226,0.025702,0.000000,2.6770,1.0000,,,,,
2.4000,1778840831.310372,200,4.401267,0.184188,0.014882,2.7382,-0.0507,0.009738,4.376979,0.125220,0.020951,2.6093,4.423221,0.184609,0.014936,2.6882,0.0007,0.005534,-0.080873,0.0000,4.423221,-0.000620,0.002155,1.1469,0.000000,0.453571,978.8547,0,1,sand,1.0000,1.100000,0,0,0.000000,0.000000,0.000000,0,nan,0.00,0.000000,0.2279,0.2021,0.000000,-1.0437,0.74,6.70,8.17,6.73,0.125220,0.4357,1.4625,0.008000,0.134405,-0.3712,-0.096235,-0.039315,-0.004721,-629.0334815684354,55.717573085403615,-426.95979703340174,209.43119222830182,-0.005102,0.004743,6553.3,6067.3,-0.014862,-0.045159,0.000000,2.6888,1.0000,,,,,
2.4120,1778840831.322043,201,4.408829,0.114727,0.017895,2.6422,-0.0500,0.008586,4.408165,0.125722,0.021050,2.5929,4.430360,0.115134,0.017950,2.6789,-0.0075,0.005578,-0.113401,0.0000,4.430360,-0.000602,0.003090,1.1470,0.000000,0.518142,975.5012,0,1,sand,1.0000,1.100000,0,0,0.000000,0.000000,0.000000,0,nan,0.00,0.000000,0.2262,0.2039,0.000000,-1.0375,0.67,6.69,8.03,6.65,0.125722,0.4413,1.4459,0.008000,0.037420,-0.2906,-0.093596,-0.046799,-0.003840,-418.8953951108289,561.7702797039498,-364.75592940625774,291.2584100582381,-0.001505,0.008509,6561.6,6059.0,-0.020666,-0.013447,0.000000,2.6798,1.0000,,,,,
2.4240,1778840831.334023,202,4.388031,0.135489,0.024650,2.4688,-0.0520,0.007027,4.439174,0.126168,0.021133,2.5789,4.408896,0.135962,0.024702,2.6379,-0.0144,0.005383,-0.133486,0.0000,4.408896,-0.000639,0.000440,1.1468,0.000000,0.568537,977.0352,0,1,sand,1.0000,1.100000,0,0,0.000000,0.000000,0.000000,0,nan,0.00,0.000000,0.2246,0.2055,0.000000,-1.0306,0.61,6.69,7.91,6.67,0.126168,0.4461,1.4321,0.008000,0.124710,0.4081,-0.142705,-0.048013,0.000227,-422.46759802444683,209.29292491778835,-308.13545849561694,352.0898006710266,0.001761,0.011663,6566.8,6053.8,-0.024292,0.047777,0.000000,2.6390,1.0000,,,,,
2.4360,1778840831.346074,203,4.530944,0.098912,0.019189,2.5242,-0.0733,0.007924,4.470015,0.126619,0.021215,2.5653,4.551401,0.099186,0.019240,2.6156,-0.0234,0.005326,-0.152995,0.0000,4.551401,0.000959,0.020540,1.1549,0.000000,0.664102,1008.4556,0,1,sand,1.0000,1.100000,0,0,0.000000,0.000000,0.000000,0,nan,0.00,0.000000,0.2229,0.2070,0.000000,-1.0227,0.57,6.68,7.82,6.66,0.126619,0.4507,1.4104,0.008000,0.108033,0.0407,-0.157874,-0.061552,-0.006352,-256.0082437392052,66.94505083991498,-236.69082677599218,431.721691059087,0.005917,0.015905,6571.8,6048.7,-0.027798,0.021073,0.000000,2.6168,1.0000,,,,,
2.4480,1778840831.358262,204,4.484099,0.192447,0.018096,2.5635,-0.0469,0.001378,4.500693,0.127033,0.021269,2.5518,4.504294,0.192656,0.018139,2.6052,-0.0264,0.004436,-0.164003,0.0000,4.504294,0.000066,0.015899,1.1504,0.000000,0.710252,1003.5404,0,1,sand,1.0000,1.100000,0,0,0.000000,0.000000,0.000000,0,nan,0.00,0.000000,0.2213,0.2083,0.000000,-1.0142,0.53,6.68,7.75,6.66,0.127033,0.4538,1.4014,0.008000,0.132406,0.1571,-0.142646,-0.057810,-0.002252,-611.1438747370273,259.930472815792,-199.04113566807672,439.5674835553156,0.008110,0.016534,6574.8,6045.8,-0.029865,0.000733,0.000000,2.6065,1.0000,,,,,
2.4600,1778840831.370074,205,4.585366,0.162319,0.024616,2.5139,-0.0649,0.001834,4.531224,0.127420,0.021297,2.5396,4.605249,0.162598,0.024651,2.5872,-0.0318,0.003753,-0.174751,0.0000,4.605249,0.001971,0.015126,1.1600,0.000000,0.787533,1023.9446,0,1,sand,1.0000,1.100000,0,0,0.000000,0.000000,0.000000,0,nan,0.00,0.000000,0.2197,0.2094,0.000000,-1.0047,0.50,6.68,7.69,6.71,0.127420,0.4555,1.3796,0.008000,0.039513,0.4145,-0.151664,-0.065571,-0.009006,-274.3961515995119,197.98428486754642,-146.89476530778433,470.83397413603757,0.011219,0.018512,6577.6,6043.0,-0.031817,0.014320,0.000000,2.5886,1.0000,,,,,
2.4720,1778840831.382247,206,4.598000,0.125626,0.014879,2.4942,-0.0829,-0.000541,4.561601,0.127782,0.021299,2.5278,4.617601,0.125636,0.014907,2.5689,-0.0390,0.002860,-0.185476,0.0000,4.617601,0.002141,0.012272,1.1609,0.000000,0.846554,1029.5121,0,1,sand,1.0000,1.100000,0,0,0.000000,0.000000,0.000000,0,nan,0.00,0.000000,0.2181,0.2104,0.000000,-0.9945,0.47,6.73,7.67,6.96,0.127782,0.4555,1.3669,0.008000,0.116056,0.0021,-0.134458,-0.064040,-0.000479,-357.36485448865164,239.0991601580107,-77.13942678744333,513.1373797241362,0.015419,0.021207,6580.5,6040.1,-0.033808,0.016163,0.000000,2.5703,1.0000,,,,,
2.4840,1778840831.394723,207,4.604189,0.138678,0.019300,2.5288,-0.0269,-0.006325,4.591829,0.128066,0.021249,2.5134,4.623686,0.138778,0.019315,2.5607,-0.0357,0.001424,-0.199042,0.0000,4.623686,0.002211,0.010644,1.1613,0.000000,0.902576,1031.9055,0,1,sand,1.0000,1.100000,0,0,0.000000,0.000000,0.000000,0,nan,0.00,0.000000,0.2165,0.2112,0.000000,-0.9837,0.44,6.71,7.60,6.64,0.128066,0.4527,1.3521,0.008000,0.037232,-0.2605,-0.136667,-0.061532,-0.010291,87.45993449208129,-148.96100014097522,-80.20815298156282,454.76135508759495,0.015267,0.018373,6584.0,6036.6,-0.036280,0.001374,0.000000,2.5623,1.0000,,,,,
2.4960,1778840831.406206,208,4.536869,0.075448,0.025889,2.4967,-0.0420,-0.006502,4.621881,0.128373,0.021186,2.4988,4.556122,0.075657,0.025892,2.5479,-0.0356,0.000226,-0.214741,0.0000,4.556122,0.001056,0.020523,1.1554,0.000000,0.929974,1016.6260,0,1,sand,1.0000,1.100000,0,0,0.000000,0.000000,0.000000,0,nan,0.00,0.000000,0.2150,0.2118,0.000000,-0.9726,0.42,6.70,7.54,6.63,0.128373,0.4491,1.3434,0.008000,0.116883,-0.2585,-0.121458,-0.050369,0.001000,-191.3875290077989,1000.2192695196625,-63.25833384545056,426.7226543959459,0.016348,0.017236,6588.1,6032.5,-0.039118,0.008859,0.000000,2.5496,1.0000,,,,,
2.5080,1778840831.418187,209,4.682547,0.061618,0.025284,2.4057,-0.0326,-0.009433,4.651747,0.128656,0.021091,2.4827,4.701455,0.061803,0.025275,2.5200,-0.0339,-0.001125,-0.231478,0.0000,4.701455,0.001884,-0.023020,1.1596,0.000000,1.007663,1057.3211,0,1,sand,1.0000,1.100000,0,0,0.000000,0.000000,0.000000,0,nan,0.00,0.000000,0.2135,0.2123,0.000000,-0.9605,0.40,6.70,7.50,6.69,0.128656,4.0248,1.3231,0.008000,0.128336,0.5612,-0.158365,-0.052564,-0.010466,-101.1339441607463,1448.457483047642,-56.54886671843299,381.29582203373064,0.016982,0.015315,6592.4,6028.2,-0.042101,0.041030,0.000000,2.5217,1.0000,,,,,
2.5200,1778840831.430216,210,4.729006,0.114554,0.019600,2.4639,0.0487,-0.010129,4.681440,0.128935,0.020987,2.4697,4.747741,0.114730,0.019581,2.5088,-0.0195,-0.002214,-0.234911,0.0000,4.747741,0.000125,-0.054335,1.1507,0.000000,1.089929,1067.8913,0,1,sand,1.0000,1.100000,0,0,0.000000,0.000000,0.000000,0,nan,0.00,0.000000,0.2120,0.2126,0.000000,-0.9474,0.38,6.69,7.45,6.63,0.128935,4.0188,1.3190,0.008000,0.031300,0.0626,-0.157020,-0.008986,0.008051,539.1781916356867,-33.38590261470267,-150.3034869077855,233.71729714492702,0.011243,0.007315,6593.4,6027.2,-0.042804,0.013212,0.000000,2.5105,1.0000,,,,,
2.5320,1778840831.442324,211,4.644568,0.118660,0.019117,2.4019,-0.0070,-0.009760,4.710956,0.129263,0.020876,2.4536,4.663099,0.118833,0.019089,2.4877,-0.0168,-0.003101,-0.241373,0.0000,4.663099,0.002373,-0.003437,1.1621,0.000000,1.098354,1046.0532,0,1,sand,1.0000,1.100000,0,0,0.000000,0.000000,0.000000,0,nan,0.00,0.000000,0.2105,0.2127,0.000000,-0.9342,0.38,6.72,7.48,6.89,0.129263,4.0124,1.2915,0.008000,0.036456,-0.3509,-0.135065,-0.005830,0.002396,203.60696218632904,161.35531667434316,-157.31740106665157,193.61538615105576,0.010898,0.005198,6595.1,6025.4,-0.044050,0.038286,0.000000,2.4895,1.0000,,,,,
2.5440,1778840831.454227,212,4.739554,0.122545,0.025636,2.3994,-0.0165,-0.013561,4.740300,0.129559,0.020730,2.4384,4.757951,0.122822,0.025598,2.4702,-0.0162,-0.004330,-0.251489,0.0000,4.757951,-0.000470,-0.061776,1.1476,0.000000,1.159946,1064.5970,0,1,sand,1.0000,1.100000,0,0,0.000000,0.000000,0.000000,0,nan,0.00,0.000000,0.2090,0.2127,0.000000,-0.9203,0.36,6.72,7.44,6.70,0.129559,4.0040,1.2907,0.008000,0.076014,0.3360,-0.128201,0.014869,0.013143,60.405786143710316,356.27899105738607,-144.05436254067732,165.42794945718597,0.011836,0.003701,6597.7,6022.8,-0.045847,0.038128,0.000000,2.4721,1.0000,,,,,
2.5560,1778840831.466038,213,4.737144,0.133615,0.024164,2.4777,-0.1047,-0.013684,4.769459,0.129910,0.020579,2.4222,4.755494,0.133738,0.024116,2.4712,-0.0298,-0.005451,-0.261335,0.0000,4.755494,-0.000320,-0.060114,1.1484,0.000000,1.194159,1069.8201,0,1,sand,1.0000,1.100000,0,0,0.000000,0.000000,0.000000,0,nan,0.00,0.000000,0.2076,0.2125,0.000000,-0.9060,0.35,6.71,7.41,6.67,0.129910,3.9954,1.2738,0.008000,0.067733,0.3198,-0.115623,-0.005092,0.005151,52.91222553806597,229.09624985767846,-25.00807760094129,261.9938269446682,0.019435,0.009343,6600.3,6020.2,-0.047661,0.000267,0.000000,2.4732,1.0000,,,,,
2.5680,1778840831.478222,214,4.782153,0.064693,0.026481,2.4238,0.0380,-0.017453,4.798419,0.130304,0.020430,2.4048,4.800368,0.064935,0.026422,2.4616,-0.0180,-0.006691,-0.270476,0.0000,4.800368,-0.003501,-0.076488,1.1322,0.000000,1.257765,1084.1881,0,1,sand,1.0000,1.100000,0,0,0.000000,0.000000,0.000000,0,nan,0.00,0.000000,0.2062,0.2122,0.000000,-0.8909,0.34,6.72,7.40,6.76,0.130304,3.9869,1.2726,0.008000,0.130532,0.0833,-0.106109,0.021665,0.010767,-262.4186036622483,317.4064377344835,-96.66173941348904,137.82176297313833,0.014937,0.002239,6602.7,6017.9,-0.049315,0.016233,0.000000,2.4636,1.0000,,,,,
2.5800,1778840831.493198,215,4.856543,0.183623,0.023348,2.3997,0.0087,-0.018490,4.827180,0.130673,0.020245,2.3855,4.874669,0.183827,0.023278,2.4491,-0.0131,-0.007850,-0.279288,0.0000,4.874669,-0.008288,-0.038672,1.1079,0.000000,1.301047,1121.9346,0,1,sand,1.0000,1.100000,0,0,0.000000,0.000000,0.000000,0,nan,0.00,0.000000,0.2048,0.2117,0.000000,-0.8752,0.34,6.72,7.40,6.72,0.130673,3.9763,1.2777,0.008000,0.060327,0.4672,-0.099071,0.032821,0.010324,651.5161489938146,84.87810179640508,-116.36467443505043,76.38795458772789,0.013747,-0.001367,6605.0,6015.5,-0.050954,0.024821,0.000000,2.4512,1.0000,,,,,
2.5920,1778840831.502227,216,4.804448,0.121031,0.012933,2.3326,-0.0524,-0.017228,4.855733,0.131142,0.020074,2.3694,4.822376,0.120986,0.012856,2.4261,-0.0189,-0.008672,-0.288402,0.0000,4.822376,-0.005170,-0.073737,1.1237,0.000000,1.294287,1105.4239,0,1,sand,1.0000,1.100000,0,0,0.000000,0.000000,0.000000,0,nan,0.00,0.000000,0.2034,0.2111,0.000000,-0.8597,0.33,6.71,7.38,6.67,0.131142,3.9665,1.2456,0.008000,0.077793,-0.3738,-0.112556,0.026093,0.009761,285.5343094448975,-253.71609817522278,-61.44257676671579,112.53704326875479,0.017553,0.000716,6607.4,6013.1,-0.052617,0.044912,0.000000,2.4283,1.0000,,,,,
2.6040,1778840831.514281,217,4.875591,0.132722,0.014242,2.3491,-0.1209,-0.018454,4.884086,0.131601,0.019884,2.3492,4.893400,0.132559,0.014157,2.4107,-0.0345,-0.009577,-0.296495,0.0000,4.893400,-0.008811,-0.016297,1.1052,0.000000,1.316844,1131.8950,0,1,sand,1.0000,1.100000,0,0,0.000000,0.000000,0.000000,0,nan,0.00,0.000000,0.2020,0.2103,0.000000,-0.8439,0.34,6.70,7.37,6.65,0.131601,-9.7627,1.2440,0.008000,0.084219,-0.6688,-0.113520,0.010720,0.009485,177.24476618717017,-397.0212522450919,66.1289561621722,224.5784221844199,0.026296,0.007749,6609.5,6011.1,-0.054036,0.038119,0.000000,2.4129,1.0000,,,,,
2.6160,1778840831.526229,218,4.879391,0.111126,0.018202,2.3939,-0.0506,-0.018907,4.912234,0.132116,0.019706,2.3319,4.897120,0.111011,0.018111,2.4068,-0.0359,-0.010304,-0.322621,0.0000,4.897120,-0.008863,-0.011236,1.1049,0.000000,1.392461,1137.8847,0,1,sand,1.0000,1.100000,0,0,0.000000,0.000000,0.000000,0,nan,0.00,0.000000,0.2007,0.2094,0.000000,-0.8272,0.33,6.70,7.36,6.69,0.132116,-9.7729,1.2269,0.008000,0.087465,-0.3988,-0.087556,0.013546,0.010341,864.70521834092,-277.02100918034216,83.71431263369806,220.59507708744593,0.027720,0.007726,6616.1,6004.4,-0.058673,0.026485,0.000000,2.4093,1.0000,,,,,
2.6280,1778840831.538254,219,4.961553,0.122472,0.016160,2.2827,0.0339,-0.010460,4.940255,0.132733,0.019596,2.3206,4.979061,0.122428,0.016075,2.3824,-0.0235,-0.009636,-0.321201,0.0000,4.979061,-0.003773,0.150790,1.1308,0.000000,1.462518,1163.2191,0,1,sand,1.0000,1.100000,0,0,0.000000,0.000000,0.000000,0,nan,0.00,0.000000,0.1993,0.2083,0.000000,-0.8097,0.32,6.70,7.34,6.70,0.132733,-9.7792,1.1898,0.008000,0.037377,-0.1833,-0.100501,0.020520,0.010017,31.25910863460348,-2168.2526986853513,-14.872425016548476,134.36846678373183,0.021187,0.002091,6615.9,6004.7,-0.058517,0.056946,0.000000,2.3848,1.0000,,,,,
2.6400,1778840831.550134,220,5.010744,0.089626,0.022149,2.2759,-0.0115,0.021467,4.968114,0.133434,0.019707,2.2998,5.028114,0.089772,0.022106,2.3610,-0.0208,-0.004916,-0.356705,0.0000,5.028114,0.006983,0.277906,1.1890,1.000000,1.566684,1187.6755,0,1,sand,1.0000,1.100000,0,0,0.000000,0.000000,0.000000,0,nan,0.00,0.022727,0.1980,0.2070,0.012000,-0.7909,0.33,6.69,7.35,6.66,0.133434,-9.7729,1.1108,0.008000,0.103864,0.1931,-0.099851,0.007531,-0.001062,-25.24114532688725,-3427.596213877377,-104.8299968773393,182.68959485738787,0.015385,0.005651,6625.0,5995.5,-0.064878,0.054687,0.000000,2.3637,1.0000,,,,,
2.6520,1778840831.562293,221,5.004821,0.096986,0.011823,2.3249,0.0145,0.023006,4.995655,0.134268,0.020070,2.2716,5.022097,0.097092,0.011828,2.3533,-0.0112,0.002570,-0.389930,0.0193,5.022097,0.005312,0.263756,1.1796,1.000000,1.625669,1185.2417,0,1,sand,1.0000,1.100000,0,0,0.000000,0.000000,0.000000,0,nan,0.00,0.045455,0.1967,0.2056,0.024000,-0.7713,0.32,6.69,7.34,6.69,0.134268,-9.7521,1.0920,0.008000,0.029848,-0.7644,-0.088836,0.031734,0.018862,-1228.850549248803,-2812.09002966506,-127.55416039590384,192.37631135132952,0.020245,0.006609,6633.6,5986.9,-0.070875,0.003897,1.000000,2.3562,1.0000,,,,,
2.6640,1778840831.574290,222,5.007817,0.086309,0.006235,2.1504,-0.0701,0.019394,5.022860,0.134892,0.020297,2.2469,5.024785,0.086313,0.006274,2.3132,-0.0171,0.007812,-0.421986,0.0313,5.024785,0.006047,0.270151,1.1837,1.000000,1.702086,1181.7800,0,1,sand,1.0000,1.100000,0,0,0.000000,0.000000,0.000000,0,nan,0.00,0.068182,0.1954,0.2041,0.036000,-0.7509,0.32,6.69,7.33,6.67,0.134892,-9.7391,1.0632,0.008000,0.049809,-0.9933,-0.128687,0.036497,0.031067,-1543.1826138462452,-166.926474782862,113.2065739207815,286.93431735762977,0.034038,0.014047,6641.8,5978.7,-0.076610,0.060013,1.000000,2.3164,1.0000,,,,,
2.6760,1778840831.591582,223,5.109606,0.231407,0.022862,2.2669,0.0601,0.010108,5.049680,0.135295,0.020419,2.2174,5.126515,0.231845,0.022920,2.3034,-0.0006,0.011484,-0.452234,0.0433,5.126515,0.044762,0.430132,1.4008,1.000000,1.785105,1216.3555,0,1,sand,1.0000,1.100000,0,0,0.000000,0.000000,0.000000,0,nan,0.00,0.090909,0.1941,0.2024,0.048000,-0.7295,0.32,6.69,7.34,6.73,0.135295,-9.7321,0.8166,0.008000,0.174620,-0.1656,-0.127733,0.046668,0.033154,-1471.0098840393648,359.720782565174,170.40309688584844,200.5455186618106,0.037735,0.007782,6649.7,5970.9,-0.082052,-0.003416,1.000000,2.3068,1.0000,,,,,
2.6880,1778840831.598873,224,5.112327,0.131433,0.022154,2.1304,0.0221,0.004599,5.076164,0.135657,0.020487,2.1872,5.129461,0.131940,0.022226,2.2690,0.0074,0.014395,-0.480375,0.0555,5.129461,0.046118,0.432602,1.4083,1.000000,1.863507,1231.4630,0,1,sand,1.0000,1.100000,0,0,0.000000,0.000000,0.000000,0,nan,0.00,0.113636,0.1928,0.2005,0.060000,-0.7071,0.43,6.69,7.54,6.63,0.135657,-9.7282,0.7788,0.008000,0.056011,-0.0194,-0.148547,0.047309,0.028158,-196.91218476184463,4689.1734761329835,301.56879154398257,163.46564231469912,0.046916,0.005159,6657.0,5963.5,-0.087194,0.051899,1.000000,2.2727,1.0000,,,,,
2.7000,1778840831.610261,225,5.096357,0.252567,0.028844,2.1306,-0.0440,-0.002433,5.102287,0.136044,0.020445,2.1636,5.113181,0.253139,0.028917,2.2413,0.0036,0.016034,-0.507391,0.0675,5.113181,0.038742,0.417546,1.3674,1.000000,1.905059,1236.1640,0,1,sand,1.0000,1.100000,0,0,0.000000,0.000000,0.000000,0,nan,0.00,0.136364,0.1915,0.1984,0.072000,-0.6843,0.41,6.69,7.50,6.68,0.136044,-9.7306,0.7962,0.008000,0.135418,0.9657,-0.152105,0.003687,-0.021668,-312.0440049616743,-1280.279529828682,515.7511081034329,189.5983352182842,0.063245,0.007649,6664.0,5956.6,-0.092054,0.021790,1.000000,2.2452,1.0000,,,,,
2.7120,1778840831.622220,226,5.128459,0.116205,0.012370,2.1729,0.0085,0.003513,5.128122,0.136417,0.020401,2.1442,5.145067,0.116550,0.012454,2.2272,0.0093,0.018651,-0.522976,0.0795,5.145067,0.053436,0.443854,1.4486,1.000000,2.000000,1257.2246,0,1,sand,1.0000,1.100000,0,0,0.000000,0.000000,0.000000,0,nan,0.00,0.159091,0.1903,0.1962,0.084000,-0.6603,0.38,6.69,7.45,6.69,0.031717,-24.5853,0.6955,0.008000,0.015972,-0.0475,-0.149884,0.058626,0.018768,142.38253608834373,4395.003389390625,628.8406553221848,168.26911348147348,0.073413,0.005993,6668.0,5952.6,-0.094843,-0.021636,1.000000,2.2312,1.0000,,,,,
2.7240,1778840831.634302,227,5.158105,0.151101,0.019634,2.1208,0.0679,-0.005445,5.153717,0.136794,0.020317,2.1192,5.174506,0.151671,0.019718,2.2058,0.0236,0.020196,-0.535641,0.0914,5.174506,0.067703,0.456912,1.5261,1.000000,2.000000,1272.8441,0,1,sand,1.0000,1.100000,0,0,0.000000,0.000000,0.000000,0,nan,0.00,0.181818,0.1891,0.1939,0.096000,-0.6363,0.37,6.69,7.44,6.71,0.032094,-24.5902,0.5932,0.008000,0.045696,0.1463,-0.164771,0.086836,0.031662,-465.03558236125053,79.39768919928929,684.5268188094308,79.8669216360334,0.079963,-0.001882,6671.4,5949.2,-0.097197,-0.020998,1.000000,2.2098,1.0000,,,,,
2.7360,1778840831.646253,228,5.168311,0.133557,0.023909,1.9901,-0.0693,-0.002819,5.179016,0.137382,0.020355,2.1011,5.184340,0.134105,0.023998,2.1637,0.0141,0.022026,-0.481648,0.1034,5.184340,0.072551,0.458952,1.5520,1.000000,1.994294,1277.8692,0,1,sand,1.0000,1.100000,0,0,0.000000,0.000000,0.000000,0,nan,0.00,0.204545,0.1878,0.1913,0.108000,-0.6123,0.36,6.69,7.41,6.72,0.032682,-24.5880,0.5491,0.008000,0.050270,0.5041,-0.182958,0.063842,0.031614,3659.0182311744265,-1702.4967281715096,879.8350139335395,149.35593732737868,0.099271,0.004211,6657.7,5962.9,-0.087655,0.041807,1.000000,2.1673,1.0000,,,,,
2.7480,1778840831.658252,229,5.283844,0.112233,0.023240,2.0351,0.0449,0.013927,5.203999,0.138197,0.020505,2.0788,5.299652,0.112884,0.023354,2.1382,0.0248,0.026289,-0.465583,0.1154,5.299652,0.127377,0.414935,1.8236,1.000000,2.000000,1324.1902,0,1,sand,1.0000,1.100000,0,0,0.000000,0.000000,0.000000,0,nan,0.00,0.227273,0.1866,0.1887,0.120000,-0.5883,0.35,6.69,7.39,6.66,0.033497,-24.5794,0.2552,0.008000,0.028046,0.0932,-0.183655,0.081036,0.035799,736.6554497980424,-752.4023880727655,919.0241139678461,121.53081379094601,0.104604,0.001527,6653.6,5967.0,-0.084806,0.011315,1.000000,2.1417,1.0000,,,,,
2.7600,1778840831.670230,230,5.268148,0.105650,0.017982,2.0673,-0.0016,0.018673,5.228735,0.139179,0.020731,2.0600,5.283809,0.106264,0.018123,2.1239,0.0266,0.030736,-0.459843,0.1274,5.283809,0.120321,0.423116,1.7915,1.000000,1.988132,1324.8866,0,1,sand,1.0000,1.100000,0,0,0.000000,0.000000,0.000000,0,nan,0.00,0.250000,0.1854,0.1859,0.132000,-0.5645,0.34,6.68,7.37,6.65,0.034479,-24.5664,0.2685,0.008000,0.012622,0.3379,-0.186978,0.072598,0.027383,406.8358721317036,-2379.848050927486,996.1907437649778,149.6386074643487,0.114683,0.004290,6652.2,5968.4,-0.083793,-0.029947,1.000000,2.1273,1.0000,,,,,
2.7720,1778840831.690040,231,5.188189,0.078471,0.026278,2.0848,-0.0269,0.026498,5.253193,0.140322,0.021017,2.0330,5.203741,0.079237,0.026453,2.1154,0.0246,0.035766,-0.486485,0.1394,5.203741,0.082154,0.459611,1.6027,1.000000,1.997113,1299.0355,0,1,sand,1.0000,1.100000,0,0,0.000000,0.000000,0.000000,0,nan,0.00,0.272727,0.1842,0.1829,0.144000,-0.5405,0.33,6.70,7.37,6.79,0.035622,-24.5500,0.4303,0.008000,0.068434,1.1014,-0.151950,0.036221,-0.015601,2083.783121180932,85.95296245844065,1060.495041767393,204.94223111663467,0.126293,0.010062,6658.9,5961.7,-0.088474,-0.037703,1.000000,2.1191,1.0000,,,,,
2.7840,1778840831.697385,232,5.293550,0.140521,0.020367,2.0600,0.0540,0.033503,5.277356,0.141700,0.021403,2.0094,5.311063,0.141482,0.020620,2.1035,0.0396,0.044227,-0.483674,0.1523,5.311063,0.132366,0.409520,1.8457,1.000000,2.000000,1338.7688,0,1,sand,1.0000,1.100000,0,0,0.000000,0.000000,0.000000,0,nan,0.00,0.295455,0.1831,0.1799,0.156000,-0.5165,0.81,6.70,8.33,6.70,0.037000,-24.5279,0.1637,0.008000,0.116915,-0.2121,-0.150572,0.054876,-0.000937,-177.27742880499318,-346.60895323756654,1074.9231240904965,186.84502034404758,0.129518,0.008462,6658.7,5961.9,-0.088333,-0.039551,1.000000,2.1076,1.0000,,,,,
2.7960,1778840831.706338,233,5.257363,0.168865,0.018458,1.9913,0.0830,0.042637,5.301248,0.143466,0.021950,1.9873,5.274365,0.169959,0.018752,2.0812,0.0532,0.049903,-0.469817,0.1642,5.274365,0.116039,0.428352,1.7716,-0.059620,1.974151,1327.8377,0,1,sand,1.0000,1.100000,0,0,0.000000,0.000000,0.000000,0,nan,0.00,0.294100,0.1819,0.1767,0.155285,-0.4928,0.74,6.69,8.17,6.67,0.038766,-24.4966,0.2158,0.008000,0.102986,-0.2984,-0.135825,0.067707,0.005113,2565.7729419074826,79.4644473836147,1071.3954868964684,160.35648718366508,0.130188,0.005955,6655.1,5965.5,-0.085836,-0.012963,1.000000,2.0851,1.0000,,,,,
2.8080,1778840831.718270,234,5.405836,0.190028,0.029022,2.0401,-0.0119,0.052329,5.324903,0.145390,0.022536,1.9724,5.422465,0.191280,0.029344,2.0726,0.0464,0.052054,-0.463702,0.1548,5.422465,0.178257,0.378734,2.0291,1.000000,2.000000,1381.6590,0,1,sand,1.0000,1.100000,0,0,0.000000,0.000000,0.000000,0,nan,0.00,0.316827,0.1807,0.1734,0.167285,-0.4688,0.67,6.72,8.05,6.85,0.040690,-24.4630,-0.0567,0.008000,0.099859,-0.0859,-0.114144,0.056226,0.003721,897.7816792314156,-1159.172856962109,838.297556810038,240.4567403191684,0.127723,0.014268,6653.4,5967.2,-0.084670,-0.053868,-0.059620,2.0764,1.0000,,,,,
2.8200,1778840831.730264,235,5.271867,0.130302,0.024996,2.0485,0.0721,0.058439,5.348330,0.147522,0.023200,1.9488,5.288259,0.131647,0.025367,2.0672,0.0583,0.059505,-0.465977,0.1752,5.288259,0.122319,0.420741,1.8007,1.000000,1.985535,1332.8767,0,1,sand,1.0000,1.100000,0,0,0.000000,0.000000,0.000000,0,nan,0.00,0.339554,0.1796,0.1700,0.179285,-0.4450,0.61,6.71,7.93,6.69,0.042822,-24.4250,0.1481,0.008000,0.096069,0.6117,-0.103927,0.033447,-0.023864,1762.4064687836199,-535.0918427878582,1055.7407151920377,236.87231300829112,0.129572,0.014130,6654.0,5966.6,-0.085075,-0.045022,1.000000,2.0710,1.0000,,,,,
2.8320,1778840831.742212,236,5.368060,0.151357,0.022962,1.8638,0.0595,0.061691,5.371478,0.149816,0.023918,1.9258,5.383917,0.152768,0.023373,2.0271,0.0654,0.065121,-0.480996,0.1871,5.383917,0.162802,0.384748,1.9709,1.000000,2.000000,1382.6902,0,1,sand,1.0000,1.100000,0,0,0.000000,0.000000,0.000000,0,nan,0.00,0.362281,0.1784,0.1665,0.191285,-0.4210,0.56,6.71,7.82,6.66,0.045116,-24.3838,-0.0451,0.008000,0.028741,0.0702,-0.121315,0.018202,-0.040049,345.2853423275392,-111.94227631702097,1040.335840569695,248.0168827105226,0.133253,0.015998,6657.7,5962.9,-0.087669,0.028501,1.000000,2.0309,1.0000,,,,,
2.8440,1778840831.754233,237,5.454906,0.165222,0.029853,1.9260,0.0330,0.063594,5.394375,0.152251,0.024673,1.9068,5.470415,0.166792,0.030299,2.0068,0.0675,0.070406,-0.485237,0.1990,5.470415,0.197290,0.378264,2.0974,1.000000,2.000000,1430.7909,0,1,sand,1.0000,1.100000,0,0,0.000000,0.000000,0.000000,0,nan,0.00,0.385009,0.1773,0.1629,0.203285,-0.3970,0.52,6.71,7.75,6.75,-0.056849,-20.3744,-0.1905,0.008000,0.058314,0.2093,-0.104901,0.042155,-0.005542,90.89428712787964,229.18088600140072,1072.7147313615596,284.5107510643868,0.140875,0.020315,6658.8,5961.8,-0.088407,-0.016017,1.000000,2.0106,1.0000,,,,,
2.8560,1778840831.766137,238,5.351421,0.071269,0.019864,1.8052,0.1313,0.066823,5.417058,0.154804,0.025466,1.8906,5.366558,0.072870,0.020345,1.9671,0.0847,0.075497,-0.481379,0.2110,5.366558,0.155730,0.389079,1.9432,1.000000,2.000000,1400.2828,0,1,sand,1.0000,1.100000,0,0,0.000000,0.000000,0.000000,0,nan,0.00,0.407736,0.1762,0.1592,0.215285,-0.3730,0.50,6.70,7.69,6.66,-0.054296,-20.3290,-0.0527,0.008000,0.170385,-0.3506,-0.120791,0.004179,-0.060814,1278.9097973066184,460.6287872948826,1027.9555760854778,229.7939837031128,0.138518,0.015035,6657.8,5962.8,-0.087712,0.037043,1.000000,1.9709,1.0000,,,,,
2.8680,1778840831.778227,239,5.429789,0.205622,0.021103,1.8770,0.0694,0.072960,5.439540,0.157527,0.026316,1.8738,5.444643,0.207317,0.021618,1.9490,0.0895,0.080744,-0.471873,0.2229,5.444643,0.187064,0.377547,2.0610,1.000000,2.000000,1429.4146,0,1,sand,1.0000,1.100000,0,0,0.000000,0.000000,0.000000,0,nan,0.00,0.430463,0.1751,0.1555,0.227285,-0.3490,0.46,6.75,7.68,7.04,-0.051573,-20.2803,-0.1873,0.008000,0.110150,-0.0054,-0.125182,0.054328,-0.008134,1571.3055943360278,-171.33819486819903,1057.554037507844,250.82282726946713,0.144220,0.017722,6655.3,5965.2,-0.086008,-0.007976,1.000000,1.9527,1.0000,,,,,
2.8800,1778840831.791308,240,5.503822,0.173532,0.028317,1.8258,0.0631,0.073097,5.461822,0.160399,0.027193,1.8569,5.518490,0.175405,0.028867,1.9244,0.0931,0.085518,-0.478667,0.2349,5.518490,0.216558,0.384864,2.1648,1.000000,2.000000,1458.1780,0,1,sand,1.0000,1.100000,0,0,0.000000,0.000000,0.000000,0,nan,0.00,0.453190,0.1740,0.1516,0.239285,-0.3250,0.44,6.74,7.62,6.65,-0.048701,-20.2300,-0.3079,0.008000,0.119924,-0.0981,-0.138652,0.067135,0.006046,1332.4160046645206,-527.690805350293,1077.7382214858171,272.3867634336391,0.151275,0.020683,6657.1,5963.5,-0.087211,0.009977,1.000000,1.9281,1.0000,,,,,
2.8920,1778840831.802133,241,5.456203,0.144287,0.026388,1.8452,0.0066,0.077147,5.483893,0.163426,0.028108,1.8393,5.470660,0.146113,0.026967,1.9084,0.0877,0.090110,-0.479269,0.2469,5.470660,0.197387,0.378282,2.0977,-0.182450,2.000000,1477.4410,0,1,sand,1.0000,1.100000,0,0,0.000000,0.000000,0.000000,0,nan,0.00,0.449044,0.1729,0.1477,0.237095,-0.3010,0.43,6.73,7.58,6.68,-0.045674,-20.1777,-0.2585,0.008000,0.066118,0.0771,-0.143078,0.027702,-0.011730,2058.31334819343,28.624499730867683,1146.2307965155696,345.5576751963956,0.164380,0.029486,6657.2,5963.4,-0.087300,-0.006805,1.000000,1.9121,1.0000,,,,,
2.9040,1778840831.814249,242,5.573927,0.187798,0.024639,1.8706,0.1056,0.087301,5.505743,0.166758,0.029146,1.8212,5.588230,0.189696,0.025240,1.9004,0.0948,0.091620,-0.473038,0.2357,5.588230,0.245181,0.393306,2.2639,1.000000,2.000000,1524.0165,0,1,sand,1.0000,1.100000,0,0,0.000000,0.000000,0.000000,0,nan,0.00,0.471771,0.1718,0.1436,0.249095,-0.2770,0.41,6.73,7.54,6.71,-0.042342,-20.1182,-0.4427,0.008000,0.091723,0.0514,-0.130169,-0.002413,-0.045787,2361.6960491215177,575.9381555154271,832.9080762958062,333.06152892684446,0.151656,0.028308,6655.6,5965.0,-0.086183,-0.023437,-0.182450,1.9041,1.0000,,,,,
2.9160,1778840831.826076,243,5.483361,0.134524,0.023784,1.7851,0.0980,0.098066,5.527359,0.170508,0.030341,1.8035,5.497436,0.136539,0.024432,1.8775,0.1040,0.098681,-0.467823,0.2566,5.497436,0.208071,0.381430,2.1352,1.000000,2.000000,1478.8193,0,1,sand,1.0000,1.100000,0,0,0.000000,0.000000,0.000000,0,nan,0.00,0.494498,0.1707,0.1395,0.261095,-0.2530,0.39,6.72,7.51,6.70,-0.038592,-20.0497,-0.3316,0.008000,0.164334,-0.6168,-0.145211,0.050851,0.006448,2363.8241892790993,-376.2430999334267,1058.3696340651964,344.3806739928525,0.153310,0.030261,6654.2,5966.3,-0.085252,0.014888,1.000000,1.8810,1.0000,,,,,
2.9280,1778840831.838178,244,5.638773,0.178489,0.034663,1.8310,0.1163,0.094592,5.548808,0.174376,0.031522,1.7944,5.652699,0.180777,0.035344,1.8681,0.1139,0.103756,-0.427145,0.2686,5.652699,0.272099,0.397093,2.3555,1.000000,2.000000,1558.4779,0,1,sand,1.0000,1.100000,0,0,0.000000,0.000000,0.000000,0,nan,0.00,0.517226,0.1697,0.1354,0.273095,-0.2290,0.38,6.72,7.48,6.69,-0.034724,-19.9821,-0.5611,0.008000,0.146639,0.1917,-0.149280,0.042343,-0.000846,-1621.3426161374787,208.46630003116434,1102.5801695906318,337.6119500748041,0.155988,0.029222,6643.9,5976.6,-0.078060,-0.020476,1.000000,1.8714,1.0000,,,,,
2.9400,1778840831.850047,245,5.574079,0.107229,0.030381,1.7801,0.1336,0.092181,5.570141,0.178189,0.032631,1.7812,5.587817,0.109569,0.031086,1.8503,0.1247,0.107849,-0.453119,0.2805,5.587817,0.245010,0.393269,2.2633,-1.000000,2.000000,1531.8758,0,1,sand,1.0000,1.100000,0,0,0.000000,0.000000,0.000000,0,nan,0.00,0.494498,0.1686,0.1312,0.261095,-0.2050,0.37,6.71,7.45,6.68,-0.030911,-19.9185,-0.4821,0.008000,0.068267,0.0284,-0.125277,0.055676,0.006334,808.3725789071881,245.732451986378,1080.301713402202,306.74767154966094,0.158432,0.026293,6650.5,5970.1,-0.082635,0.000233,1.000000,1.8537,1.0000,,,,,
2.9520,1778840831.862224,246,5.579948,0.175388,0.037495,1.7714,0.0801,0.101605,5.591253,0.182259,0.033824,1.7599,5.593488,0.177802,0.038206,1.8343,0.1193,0.105836,-0.456886,0.2537,5.593488,0.247365,0.393759,2.2714,1.000000,2.000000,1538.1021,0,1,sand,1.0000,1.100000,0,0,0.000000,0.000000,0.000000,0,nan,0.00,0.517226,0.1676,0.1269,0.273095,-0.1810,0.35,6.72,7.42,6.73,-0.026841,-19.8502,-0.5115,0.008000,0.091819,0.0089,-0.120493,-0.019784,-0.071723,1650.4517815006914,664.7988784311415,873.6992025651,342.981299009056,0.142492,0.031236,6651.4,5969.1,-0.083287,0.027714,-1.000000,1.8378,1.0000,,,,,
2.9640,1778840831.874207,247,5.571801,0.117818,0.037633,1.7270,0.1448,0.116187,5.612158,0.186778,0.035179,1.7496,5.585141,0.120387,0.038391,1.8131,0.1320,0.113507,-0.426921,0.2805,5.585141,0.243900,0.393028,2.2595,1.000000,2.000000,1536.6229,0,1,sand,1.0000,1.100000,0,0,0.000000,0.000000,0.000000,0,nan,0.00,0.539953,0.1665,0.1225,0.285095,-0.1570,0.34,6.72,7.40,6.71,-0.022322,-19.7725,-0.5099,0.008000,0.022205,0.5579,-0.102628,0.031189,-0.010942,2664.2365781298654,188.62903977113854,963.180535989185,339.44239811650345,0.141477,0.031217,6643.8,5976.7,-0.077990,0.034214,1.000000,1.8163,1.0000,,,,,
2.9760,1778840831.889405,248,5.651399,0.215446,0.040620,1.7582,0.1770,0.112149,5.632934,0.191427,0.036529,1.7433,5.664623,0.218213,0.041412,1.8021,0.1463,0.118517,-0.401121,0.2925,5.664623,0.277101,0.397375,2.3723,1.000000,2.000000,1577.0449,0,1,sand,1.0000,1.100000,0,0,0.000000,0.000000,0.000000,0,nan,0.00,0.562680,0.1655,0.1181,0.297095,-0.1330,0.34,6.71,7.38,6.66,-0.121473,-20.5963,-0.6290,0.008000,0.021764,0.6261,-0.096774,0.042075,-0.006456,-1446.1516067979762,-586.8343902208751,969.9785060170631,304.5868151356305,0.140548,0.026906,6637.3,5983.3,-0.073431,-0.009147,1.000000,1.8051,1.0000,,,,,
2.9880,1778840831.898349,249,5.627741,0.133570,0.030801,1.7004,0.1254,0.104605,5.653613,0.195955,0.037786,1.7333,5.640829,0.136256,0.031613,1.7820,0.1503,0.121781,-0.375920,0.3045,5.640829,0.267123,0.396684,2.3387,1.000000,2.000000,1572.1863,0,1,sand,1.0000,1.100000,0,0,0.000000,0.000000,0.000000,0,nan,0.00,0.585408,0.1645,0.1136,0.309095,-0.1090,0.34,6.70,7.37,6.65,-0.116945,-20.5243,-0.6054,0.008000,0.108360,-0.3792,-0.091744,0.037031,-0.011133,142.6622526209238,287.2297868093484,1021.6343239779434,311.1517253877091,0.147829,0.027735,6630.9,5989.7,-0.068979,0.028204,1.000000,1.7848,1.0000,,,,,
3.0000,1778840831.910267,250,5.646970,0.180293,0.035100,1.7649,0.1650,0.100131,5.674153,0.200522,0.039015,1.7219,5.659967,0.183118,0.035923,1.7781,0.1601,0.124665,-0.385920,0.3165,5.659967,0.275147,0.397280,2.3658,0.854636,2.000000,1578.1514,0,1,sand,1.0000,1.100000,0,0,0.000000,0.000000,0.000000,0,nan,0.00,0.604831,0.1636,0.1082,0.319351,-0.0850,0.33,6.70,7.35,6.69,-0.112378,-20.4539,-0.6439,0.008000,0.015062,-0.0503,-0.079520,0.029780,-0.032532,76.1642966811406,285.63658621045784,1046.0443142949202,272.7102871066577,0.153553,0.023082,6633.4,5987.1,-0.070735,0.001223,1.000000,1.7810,1.0000,,,,,
3.0120,1778840831.922083,251,5.712406,0.162994,0.047832,1.7333,0.2165,0.106623,5.694576,0.205281,0.040296,1.7111,5.725283,0.166131,0.048673,1.7688,0.1757,0.127761,-0.386837,0.3256,5.725283,0.302559,0.396786,2.4563,1.000000,2.000000,1609.8419,0,1,sand,1.0000,1.100000,0,0,0.000000,0.000000,0.000000,0,nan,0.00,0.627558,0.1627,0.1030,0.331351,-0.0610,0.33,6.71,7.36,6.76,-0.107619,-20.3805,-0.7453,0.008000,0.085755,0.7695,-0.081400,0.070522,0.003506,1981.8165545018587,447.22256462040195,1060.6200100945257,207.74324310965557,0.151624,0.014974,6633.7,5986.9,-0.070896,0.013578,0.854636,1.7717,1.0000,,,,,
3.0240,1778840831.934147,252,5.747070,0.188769,0.042936,1.6707,0.1374,0.118540,5.714829,0.210342,0.041693,1.6992,5.759819,0.191888,0.043808,1.7494,0.1772,0.132179,-0.376948,0.3387,5.759819,0.316997,0.394996,2.5027,1.000000,2.000000,1643.7890,0,1,sand,1.0000,1.100000,0,0,0.000000,0.000000,0.000000,0,nan,0.00,0.650286,0.1620,0.0981,0.343351,-0.0370,0.32,6.70,7.35,6.68,-0.102558,-20.3004,-0.8035,0.008000,0.066201,0.4948,-0.078510,0.049219,-0.011449,2163.694662355488,-130.52589756743566,1064.2393755592211,238.45271970875092,0.158977,0.019414,6631.1,5989.4,-0.069150,0.048866,1.000000,1.7522,1.0000,,,,,
3.0360,1778840831.946081,253,5.658932,0.263325,0.041321,1.7109,0.1170,0.118837,5.734930,0.215613,0.043142,1.6894,5.671609,0.266437,0.042217,1.7413,0.1758,0.136256,-0.380839,0.3507,5.671609,0.280034,0.397479,2.3821,0.166774,1.993620,1599.0162,0,1,sand,1.0000,1.100000,0,0,0.000000,0.000000,0.000000,0,nan,0.00,0.654076,0.1614,0.0933,0.345352,-0.0131,0.32,6.69,7.33,6.65,-0.097287,-20.2174,-0.6927,0.008000,0.185798,-0.2521,-0.081197,0.032659,-0.011786,1350.5089656491118,-232.1036464811524,1121.4217900152316,281.25463070904095,0.170069,0.025278,6632.1,5988.4,-0.069834,0.026540,1.000000,1.7442,1.0000,,,,,
3.0480,1778840831.958342,254,5.743627,0.153248,0.043246,1.6659,0.1389,0.122329,5.754948,0.221025,0.044590,1.6855,5.756177,0.156406,0.044159,1.7265,0.1756,0.137482,-0.337672,0.3466,5.756177,0.315478,0.395209,2.4979,1.000000,1.996197,1636.2379,0,1,sand,1.0000,1.100000,0,0,0.000000,0.000000,0.000000,0,nan,0.00,0.676803,0.1609,0.0889,0.357352,0.0109,0.32,6.69,7.33,6.66,-0.091875,-20.1344,-0.8124,0.008000,0.029396,0.0787,-0.075908,0.007672,-0.032657,1833.8041614263236,2576.004635813626,798.2704955354882,306.22257988881336,0.167491,0.028412,6621.2,5999.4,-0.062202,0.031352,0.166774,1.7290,1.0000,,,,,
3.0600,1778840831.970211,255,5.748143,0.210257,0.046760,1.6667,0.1671,0.130713,5.774864,0.226735,0.046144,1.6773,5.760560,0.213549,0.047705,1.7145,0.1828,0.142839,-0.331388,0.3647,5.760560,0.317306,0.394953,2.5037,1.000000,1.982804,1631.4394,0,1,sand,1.0000,1.100000,0,0,0.000000,0.000000,0.000000,0,nan,0.00,0.699530,0.1605,0.0846,0.369352,0.0347,0.32,6.68,7.31,6.65,-0.086165,-20.0454,-0.8264,0.008000,0.027770,-0.1163,-0.071658,0.040133,-0.002480,1790.636918940455,-1119.8268142437398,1150.8546650983694,310.3862479419239,0.171231,0.029412,6619.6,6001.0,-0.061089,0.022741,1.000000,1.7170,1.0000,,,,,
3.0720,1778840831.987919,256,5.906970,0.199577,0.039763,1.6587,0.1142,0.134385,5.794643,0.232607,0.047733,1.6679,5.919318,0.202800,0.040739,1.7033,0.1807,0.147350,-0.317681,0.3767,5.919318,0.382813,0.388702,2.7022,1.000000,2.000000,1745.5260,0,1,sand,1.0000,1.100000,0,0,0.000000,0.000000,0.000000,0,nan,0.00,0.722258,0.1602,0.0805,0.381352,0.0587,0.32,6.70,7.33,6.81,-0.080293,-19.9544,-1.0342,0.008000,0.147662,-0.5718,-0.064724,0.017478,-0.008305,1337.1932323793244,1927.5005464910582,1213.6742495494389,365.20090852703316,0.181487,0.036971,6616.1,6004.5,-0.058650,0.041989,1.000000,1.7057,1.0000,,,,,
3.0840,1778840831.995331,257,5.712418,0.184010,0.041612,1.7081,0.2170,0.131683,5.814337,0.238612,0.049309,1.6601,5.725371,0.187593,0.042669,1.7037,0.1970,0.152965,-0.309587,0.3890,5.725371,0.302596,0.396783,2.4565,1.000000,1.962326,1623.6294,0,1,sand,1.0000,1.100000,0,0,0.000000,0.000000,0.000000,0,nan,0.00,0.744985,0.1600,0.0767,0.393352,0.0822,0.49,6.69,7.67,6.64,-0.074288,-19.8641,-0.7963,0.008000,0.150914,-0.6676,-0.055792,0.028100,0.001130,2517.153139740846,657.5958186236857,1225.90008713028,319.04305005358106,0.182340,0.030727,6614.3,6006.3,-0.057372,0.016973,1.000000,1.7062,1.0000,,,,,
3.0960,1778840832.006084,258,5.762160,0.331689,0.048236,1.5802,0.2263,0.134123,5.833960,0.244768,0.050884,1.6563,5.774774,0.335451,0.049307,1.6797,0.2094,0.156246,-0.268688,0.4010,5.774774,0.323224,0.394154,2.5224,1.000000,1.878677,1660.4427,0,1,sand,1.0000,1.100000,0,0,0.000000,0.000000,0.000000,0,nan,0.00,0.767712,0.1625,0.0730,0.405352,0.1048,0.46,6.69,7.61,6.70,-0.068132,-19.7739,-0.8661,0.008000,0.165006,0.2547,-0.062632,0.039246,0.004569,108.44719809398487,-1253.5049909485485,1231.9867150455275,280.20765247698995,0.180970,0.025481,6603.8,6016.8,-0.050074,0.071563,1.000000,1.6818,1.0000,,,,,
3.1080,1778840832.018179,259,5.887408,0.298341,0.049251,1.6568,0.1925,0.135026,5.853503,0.250951,0.052470,1.6507,5.899954,0.302187,0.050343,1.6749,0.2155,0.160026,-0.258105,0.4129,5.899954,0.374878,0.389149,2.6790,1.000000,1.882382,1733.0559,0,1,sand,1.0000,1.100000,0,0,0.000000,0.000000,0.000000,0,nan,0.00,0.790440,0.1655,0.0695,0.417352,0.1273,0.45,6.70,7.59,6.71,-0.061949,-19.6829,-1.0283,0.008000,0.089058,0.0494,-0.062537,0.017670,-0.015886,832.1507526048667,-223.7851316753941,1275.6331157141203,275.2741844183969,0.187424,0.025023,6600.9,6019.6,-0.048089,0.032347,1.000000,1.6769,1.0000,,,,,
3.1200,1778840832.030223,260,5.831628,0.278195,0.052583,1.7312,0.2347,0.144112,5.872934,0.257310,0.054137,1.6404,5.844168,0.282210,0.053703,1.6856,0.2274,0.165108,-0.237675,0.4249,5.844168,0.351948,0.390927,2.6108,1.000000,1.854949,1694.8685,0,1,sand,1.0000,1.100000,0,0,0.000000,0.000000,0.000000,0,nan,0.00,0.813167,0.1691,0.0662,0.429352,0.1496,0.43,6.69,7.54,6.65,-0.055590,-19.5875,-0.9705,0.008000,0.094820,-0.5080,-0.042723,0.019104,-0.016417,1111.5045947890367,731.5591711151212,1325.1894901939709,247.68612159866996,0.190599,0.021388,6595.8,6024.8,-0.044474,-0.002483,1.000000,1.6874,1.0000,,,,,
3.1320,1778840832.042380,261,5.890753,0.244385,0.057237,1.5783,0.1420,0.142787,5.892257,0.263864,0.055829,1.6335,5.903057,0.248419,0.058373,1.6647,0.2229,0.168215,-0.208589,0.4369,5.903057,0.376150,0.389071,2.6827,0.696926,1.823518,1721.4578,0,1,sand,1.0000,1.100000,0,0,0.000000,0.000000,0.000000,0,nan,0.00,0.829006,0.1731,0.0630,0.437715,0.1715,0.41,6.67,7.50,6.57,-0.151936,-19.0136,-1.0493,0.008000,0.042609,0.0121,-0.045346,-0.000868,-0.029949,1614.8307257318265,2439.2678327323283,1389.2706844923368,308.79858518484616,0.202010,0.029307,6588.3,6032.2,-0.039290,0.078087,1.000000,1.6663,1.0000,,,,,
3.1440,1778840832.054066,262,5.923396,0.193378,0.052806,1.6071,0.2035,0.141818,5.911478,0.270674,0.057581,1.6279,5.935542,0.197388,0.053951,1.6533,0.2279,0.170308,-0.197205,0.4429,5.935542,0.389454,0.388395,2.7214,1.000000,1.792763,1760.2855,0,1,sand,1.0000,1.100000,0,0,0.000000,0.000000,0.000000,0,nan,0.00,0.851733,0.1776,0.0600,0.449715,0.1930,0.39,6.68,7.46,6.69,-0.145126,-18.9133,-1.0936,0.008000,0.143639,-0.1740,-0.048415,0.027185,-0.003814,2266.5719843000543,-797.2901868491429,1300.8993835771714,299.98562629184187,0.203990,0.028349,6585.4,6035.2,-0.037221,0.047926,0.696926,1.6549,1.0000,,,,,
3.1560,1778840832.066245,263,5.961077,0.240121,0.062069,1.6808,0.1943,0.153284,5.930556,0.277787,0.059463,1.6167,5.973172,0.244310,0.063242,1.6584,0.2325,0.175431,-0.187156,0.4571,5.973172,0.404840,0.387923,2.7655,1.000000,1.765488,1770.6538,0,1,sand,1.0000,1.100000,0,0,0.000000,0.000000,0.000000,0,nan,0.00,0.874461,0.1824,0.0571,0.461715,0.2142,0.38,6.68,7.44,6.68,-0.138013,-18.8054,-1.1488,0.008000,0.050108,0.2385,-0.032866,0.018977,-0.007551,-858.5095548094841,1553.1814073367268,1456.0774125551668,314.615178529063,0.211768,0.030682,6582.7,6037.8,-0.035397,0.020775,1.000000,1.6599,1.0000,,,,,
3.1680,1778840832.086036,264,5.939560,0.259271,0.056992,1.5693,0.1884,0.154291,5.949517,0.285074,0.061367,1.6119,5.951505,0.263432,0.058188,1.6411,0.2351,0.179102,-0.164035,0.4691,5.951505,0.395983,0.388154,2.7402,0.543803,1.723995,1762.8446,0,1,sand,1.0000,1.100000,0,0,0.000000,0.000000,0.000000,0,nan,0.00,0.886820,0.1877,0.0543,0.468241,0.2349,0.37,6.69,7.42,6.76,-0.130726,-18.6963,-1.1283,0.008000,0.010311,-0.2863,-0.039020,0.005171,-0.016516,607.6288607598751,2415.385353716172,1486.9627022230618,338.2886671621395,0.217812,0.033872,6576.8,6043.7,-0.031272,0.069389,1.000000,1.6423,1.0000,,,,,
3.1800,1778840832.093347,265,5.994491,0.324338,0.066137,1.5567,0.2851,0.159032,5.968382,0.292460,0.063252,1.6034,6.007752,0.329379,0.067529,1.6245,0.2556,0.185486,-0.147669,0.4728,6.007752,0.418966,0.387773,2.8054,-1.000000,1.711004,1795.8302,0,1,sand,1.0000,1.100000,0,0,0.000000,0.000000,0.000000,0,nan,0.00,0.864093,0.1934,0.0517,0.456241,0.2554,0.83,6.69,8.35,6.69,-0.123340,-18.5883,-1.2020,0.008000,0.118554,0.6110,-0.045791,0.046626,0.008411,2133.5307055638923,638.5965015556571,1194.027683865185,278.0478137725355,0.207476,0.026014,6573.0,6047.6,-0.028614,0.068194,0.543803,1.6258,1.0000,,,,,
3.1920,1778840832.102342,266,5.924921,0.255922,0.057410,1.5424,0.3172,0.172734,5.987073,0.300209,0.065296,1.5907,5.937865,0.260915,0.058792,1.6084,0.2665,0.183478,-0.143227,0.4480,5.937865,0.390404,0.388357,2.7242,-0.719882,1.677919,1761.5979,0,1,sand,1.0000,1.100000,0,0,0.000000,0.000000,0.000000,0,nan,0.00,0.847732,0.1993,0.0492,0.447602,0.2755,0.76,6.69,8.21,6.71,-0.115591,-18.4712,-1.1335,0.008000,0.035606,-0.0319,-0.063133,0.009067,-0.041205,2653.477273228211,-196.05827304495568,1112.5093749408793,218.57352875022391,0.175293,0.018546,6571.8,6048.8,-0.027769,0.072183,-1.000000,1.6096,1.0000,,,,,
3.2040,1778840832.114220,267,6.008374,0.268659,0.066295,1.6136,0.2076,0.178397,6.005559,0.308312,0.067494,1.5763,6.021056,0.273684,0.067678,1.6090,0.2617,0.184474,-0.169015,0.4418,6.021056,0.424400,0.387734,2.8207,1.000000,1.713503,1807.1210,0,1,sand,1.0000,1.100000,0,0,0.000000,0.000000,0.000000,0,nan,0.00,0.870459,0.2057,0.0469,0.459602,0.2961,0.69,6.69,8.07,6.68,-0.107488,-18.3453,-1.2444,0.008000,0.138690,0.0781,-0.042404,0.035591,0.006051,1830.9620648575508,2236.387075723774,1014.0924494597322,271.0256281991959,0.163752,0.026631,6578.2,6042.4,-0.032232,0.041926,-0.719882,1.6104,1.0000,,,,,
3.2160,1778840832.126192,268,6.021525,0.274903,0.068491,1.6002,0.3739,0.183143,6.023896,0.316628,0.069667,1.5695,6.033972,0.280172,0.069902,1.6071,0.2873,0.191942,-0.156466,0.4676,6.033972,0.429675,0.387681,2.8354,-0.725507,1.767055,1816.8367,0,1,sand,1.0000,1.100000,0,0,0.000000,0.000000,0.000000,0,nan,0.00,0.853970,0.2123,0.0446,0.450896,0.3173,0.63,6.69,7.95,6.68,-0.099172,-18.2208,-1.2659,0.008000,0.093370,0.1229,-0.040691,0.059374,0.008537,2157.9260768505515,376.70527453261343,1115.574372801305,181.2690592992576,0.153844,0.014174,6575.0,6045.5,-0.030031,0.060740,1.000000,1.6084,1.0000,,,,,
3.2280,1778840832.138064,269,6.101510,0.328514,0.074826,1.6157,0.2778,0.175591,6.042190,0.325004,0.071774,1.5678,6.113765,0.333818,0.076222,1.6086,0.2874,0.189930,-0.149697,0.4452,6.113765,0.462232,0.387046,2.9250,-1.000000,1.857477,1868.7719,0,1,sand,1.0000,1.100000,0,0,0.000000,0.000000,0.000000,0,nan,0.00,0.831243,0.2193,0.0425,0.438896,0.3396,0.58,6.68,7.84,6.64,-0.090796,-18.1000,-1.3572,0.008000,0.092469,0.2642,-0.051990,0.048186,0.000198,1798.784847920239,-442.3037528431239,918.8902533283364,183.26444209929448,0.139951,0.014099,6573.4,6047.2,-0.028877,0.020136,-0.725507,1.6098,1.0000,,,,,
3.2400,1778840832.150050,270,6.114074,0.327322,0.064973,1.4383,0.2244,0.181486,6.060388,0.333497,0.073936,1.5588,6.125974,0.332366,0.066353,1.5755,0.2784,0.187224,-0.131961,0.4312,6.125974,0.467208,0.386903,2.9385,1.000000,1.808802,1841.3145,0,1,sand,1.0000,1.100000,0,0,0.000000,0.000000,0.000000,0,nan,0.00,0.853970,0.2267,0.0405,0.450896,0.3613,0.53,6.67,7.73,6.58,-0.082303,-17.9762,-1.3797,0.008000,0.051802,-0.5857,-0.067209,0.048828,0.004753,1802.9199593961698,1486.1705454730195,820.5874004280862,240.5242118226,0.122258,0.022137,6569.0,6051.5,-0.025839,0.135474,-1.000000,1.5766,1.0000,,,,,
3.2520,1778840832.162392,271,5.982401,0.331876,0.071995,1.5311,0.3784,0.190461,6.078419,0.342208,0.076204,1.5496,5.994051,0.337186,0.073402,1.5668,0.3007,0.194085,-0.127690,0.4586,5.994051,0.413370,0.387805,2.7897,-1.000000,1.757669,1813.7942,0,1,sand,1.0000,1.100000,0,0,0.000000,0.000000,0.000000,0,nan,0.00,0.831243,0.2343,0.0385,0.438896,0.3824,0.50,6.67,7.66,6.71,-0.073592,-17.8462,-1.2401,0.008000,0.138090,0.0581,-0.065795,0.059782,-0.005102,924.2088179693956,807.191846813057,841.7410885175416,160.05123063603511,0.114311,0.011425,6567.8,6052.8,-0.024991,0.073558,1.000000,1.5678,1.0000,,,,,
3.2640,1778840832.174419,272,6.043849,0.368329,0.083601,1.5078,0.3655,0.184035,6.096355,0.350996,0.078451,1.5417,6.055331,0.373859,0.085004,1.5553,0.3092,0.190993,-0.108444,0.4312,6.055331,0.438395,0.387563,2.8596,-1.000000,1.757729,1820.0247,0,1,sand,1.0000,1.100000,0,0,0.000000,0.000000,0.000000,0,nan,0.00,0.808515,0.2423,0.0367,0.426896,0.4035,0.49,6.72,7.70,6.99,-0.064804,-17.7175,-1.3179,0.008000,0.110839,0.1613,-0.083523,0.079584,-0.001081,2987.569041792773,1348.7164785761747,571.2737114495205,108.848356792823,0.087860,0.002941,6562.8,6057.7,-0.021522,0.077167,-1.000000,1.5562,1.0000,,,,,
3.2760,1778840832.187205,273,6.059550,0.365932,0.079991,1.6071,0.2850,0.193313,6.114142,0.359970,0.080759,1.5348,6.071119,0.371425,0.081407,1.5652,0.3060,0.190996,-0.110116,0.4192,6.071119,0.444839,0.387451,2.8774,-1.000000,1.775428,1808.4791,0,1,sand,1.0000,1.100000,0,0,0.000000,0.000000,0.000000,0,nan,0.00,0.785788,0.2505,0.0349,0.414896,0.4248,0.46,6.70,7.63,6.60,-0.055830,-17.5853,-1.3426,0.008000,0.066791,0.2231,-0.058623,0.077953,0.002797,1672.5897344609548,-426.70145218882135,468.4652336466548,132.9988198757912,0.075382,0.007968,6563.3,6057.3,-0.021816,0.024738,-1.000000,1.5661,1.0000,,,,,
3.2880,1778840832.198078,274,6.152330,0.417143,0.084994,1.6271,0.4301,0.194634,6.131822,0.369085,0.083079,1.5295,6.163833,0.422838,0.086409,1.5772,0.3243,0.191426,-0.086816,0.4073,6.163833,0.482622,0.386378,2.9800,-1.000000,1.750587,1916.6676,0,1,sand,1.0000,1.100000,0,0,0.000000,0.000000,0.000000,0,nan,0.00,0.763061,0.2589,0.0332,0.402896,0.4458,0.44,6.70,7.57,6.67,-0.148515,-17.2854,-1.4506,0.008000,0.025780,-0.0621,-0.031826,0.080284,-0.010425,1045.8720225310021,1435.2204735847913,206.57170693076006,45.097049680494294,0.047965,-0.005578,6557.4,6063.2,-0.017703,0.010761,-1.000000,1.5779,1.0000,,,,,
3.3000,1778840832.210279,275,6.218245,0.399752,0.083034,1.4692,0.3495,0.197714,6.149414,0.378360,0.085451,1.5241,6.229521,0.405407,0.084445,1.5562,0.3255,0.189915,-0.073790,0.3954,6.229521,0.509302,0.385183,3.0508,1.000000,1.764871,1940.4745,0,1,sand,1.0000,1.100000,0,0,0.000000,0.000000,0.000000,0,nan,0.00,0.785788,0.2676,0.0316,0.414896,0.4670,0.41,6.68,7.50,6.57,-0.139240,-17.1495,-1.5267,0.008000,0.143408,0.3377,-0.037230,0.079516,-0.007567,1450.6585446191525,-606.9930739927556,-65.80853028241825,51.8472031126073,0.025203,-0.005998,6554.0,6066.6,-0.015354,0.100627,-1.000000,1.5568,1.0000,,,,,
3.3120,1778840832.222239,276,6.137519,0.272572,0.078092,1.5025,0.4283,0.187185,6.166954,0.387655,0.087793,1.5272,6.148643,0.278293,0.079509,1.5458,0.3444,0.194416,-0.068451,0.4224,6.148643,0.476440,0.386603,2.9634,1.000000,1.711065,1910.1175,0,1,sand,1.0000,1.100000,0,0,0.000000,0.000000,0.000000,0,nan,0.00,0.808515,0.2766,0.0301,0.426896,0.4875,0.39,6.67,7.45,6.61,-0.129945,-17.0153,-1.4362,0.008000,0.078568,-0.4603,-0.045747,0.109741,-0.003725,-678.7017811816862,4805.068617731307,-12.30414370361963,-16.677948655120744,0.023181,-0.018439,6552.6,6067.9,-0.014411,0.059800,1.000000,1.5463,1.0000,,,,,
3.3240,1778840832.234239,277,6.170694,0.423467,0.090564,1.4905,0.2535,0.181009,6.184561,0.396695,0.089983,1.5296,6.181617,0.429183,0.091976,1.5352,0.3330,0.195497,-0.036202,0.4343,6.181617,0.489854,0.386090,2.9993,-1.000000,1.642575,1912.3947,0,1,sand,1.0000,1.100000,0,0,0.000000,0.000000,0.000000,0,nan,0.00,0.785788,0.2857,0.0287,0.414896,0.5072,0.38,6.66,7.42,6.63,-0.120905,-16.8898,-1.4698,0.008000,0.075412,0.0841,-0.055951,0.064755,-0.011146,-2413.7720055061,950.9535998975175,237.61078435888015,47.994077129968616,0.043159,-0.007934,6544.3,6076.2,-0.008635,0.088980,1.000000,1.5355,1.0000,,,,,
3.3360,1778840832.246220,278,6.137419,0.445505,0.092999,1.5265,0.3162,0.175188,6.202214,0.405616,0.092159,1.5258,6.148266,0.451150,0.094378,1.5339,0.3273,0.190205,0.028152,0.4075,6.148266,0.476287,0.386608,2.9630,-1.000000,1.546440,1878.8787,0,1,sand,1.0000,1.100000,0,0,0.000000,0.000000,0.000000,0,nan,0.00,0.763061,0.2950,0.0273,0.402896,0.5258,0.36,6.66,7.38,6.65,-0.111984,-16.7652,-1.4372,0.008000,0.138323,-0.1270,-0.059844,0.061007,-0.016328,1491.3439928101186,33.257857526688895,81.29262730921003,45.895051782657546,0.033444,-0.008531,6527.9,6092.7,0.002829,0.106191,-1.000000,1.5338,1.0000,,,,,
3.3480,1778840832.258150,279,6.244083,0.353321,0.091785,1.4790,0.2093,0.197637,6.219727,0.414770,0.094482,1.5188,6.254872,0.358797,0.093167,1.5230,0.3075,0.188399,-0.014873,0.3955,6.254872,0.519573,0.384626,3.0776,0.059429,1.558489,1974.9476,0,1,sand,1.0000,1.100000,0,0,0.000000,0.000000,0.000000,0,nan,0.00,0.764412,0.3045,0.0260,0.403609,0.5445,0.36,6.65,7.38,6.60,-0.102830,-16.6320,-1.5588,0.008000,0.058818,0.3844,-0.039176,0.048061,-0.011135,2762.1524876346584,2351.77326945765,13.953846418932898,147.80185644453783,0.029031,0.009399,6538.6,6081.9,-0.004643,0.093109,-1.000000,1.5232,1.0000,,,,,
3.3600,1778840832.270124,280,6.207790,0.456706,0.093857,1.4447,0.3054,0.198209,6.237144,0.424164,0.096854,1.5189,6.218433,0.462209,0.095250,1.5079,0.3083,0.190134,-0.003197,0.4040,6.218433,0.504805,0.385410,3.0389,-1.000000,1.535298,1944.1824,0,1,sand,1.0000,1.100000,0,0,0.000000,0.000000,0.000000,0,nan,0.00,0.741684,0.3141,0.0247,0.391609,0.5629,0.36,6.65,7.37,6.62,-0.093436,-16.4961,-1.5200,0.008000,0.077918,0.0600,-0.046018,0.045607,-0.000397,1598.6698546640214,1896.0652290833214,47.875585074632724,165.02909258807009,0.023717,0.011939,6535.7,6084.9,-0.002593,0.114375,0.059429,1.5080,1.0000,,,,,
3.3720,1778840832.285213,281,6.183930,0.366152,0.100140,1.5343,0.2702,0.185987,6.254579,0.433366,0.099094,1.5206,6.194548,0.371635,0.101515,1.5132,0.3005,0.186708,0.016876,0.3843,6.194548,0.495109,0.385864,3.0133,-0.869862,1.574912,1927.2216,0,1,sand,1.0000,1.100000,0,0,0.000000,0.000000,0.000000,0,nan,0.00,0.721915,0.3238,0.0235,0.381171,0.5818,0.35,6.65,7.35,6.69,-0.084234,-16.3678,-1.4927,0.008000,0.084709,-0.2271,-0.031377,0.019294,-0.009652,-614.3520844043273,560.8380018928108,-116.90740188830588,192.2633276834933,0.016820,0.015690,6530.5,6090.0,0.000988,0.069314,-1.000000,1.5131,1.0000,,,,,
3.3840,1778840832.294435,282,6.264780,0.509510,0.100988,1.5743,0.3075,0.182724,6.271994,0.442520,0.101316,1.5203,6.275478,0.514999,0.102352,1.5251,0.3006,0.184772,0.035339,0.3748,6.275478,0.527908,0.384159,3.0992,-1.000000,1.605408,1993.9746,0,1,sand,1.0000,1.100000,0,0,0.000000,0.000000,0.000000,0,nan,0.00,0.699187,0.3337,0.0224,0.369171,0.6011,0.34,6.64,7.33,6.58,-0.075080,-16.2405,-1.5789,0.008000,0.077292,0.0276,-0.029213,0.026306,-0.014543,-528.1237882590694,324.4829509596038,-201.08728927908805,177.1030833340297,0.008654,0.013155,6525.9,6094.6,0.004197,0.048819,-0.869862,1.5249,1.0000,,,,,
3.3960,1778840832.306225,283,6.348000,0.492733,0.110878,1.4671,0.3578,0.187841,6.289379,0.451784,0.103577,1.5199,6.358513,0.498341,0.112227,1.5141,0.3062,0.182126,0.057892,0.3619,6.358513,0.561383,0.382267,3.1847,-0.386731,1.535218,2006.1336,0,1,sand,1.0000,1.100000,0,0,0.000000,0.000000,0.000000,0,nan,0.00,0.690398,0.3438,0.0213,0.364530,0.6195,0.34,6.64,7.32,6.65,-0.065816,-16.1109,-1.6648,0.008000,0.033140,0.3052,-0.054744,0.026034,-0.008468,-516.6749512441879,-457.3738522777933,-403.0442170863713,132.24289979138595,-0.012603,0.005983,6520.3,6100.3,0.008148,0.114074,-1.000000,1.5137,1.0000,,,,,
3.4080,1778840832.318107,284,6.270632,0.430363,0.101797,1.4775,0.2861,0.188919,6.306722,0.461188,0.105867,1.5187,6.281144,0.435832,0.103143,1.5072,0.3019,0.181481,0.066555,0.3617,6.281144,0.530198,0.384030,3.1051,-0.404461,1.500959,1958.9422,0,1,sand,1.0000,1.100000,0,0,0.000000,0.000000,0.000000,0,nan,0.00,0.681206,0.3539,0.0203,0.359677,0.6375,0.33,6.64,7.30,6.59,-0.056412,-15.9797,-1.5865,0.008000,0.119891,-0.0939,-0.042138,0.023832,-0.009519,429.5137092400148,1565.5149225013217,-329.32930720469113,154.8167123073551,-0.016574,0.009563,6518.0,6102.6,0.009770,0.110403,-0.386731,1.5067,1.0000,,,,,
3.4200,1778840832.330108,285,6.263002,0.389638,0.110585,1.5053,0.3972,0.192062,6.324043,0.470591,0.108152,1.5210,6.273439,0.395306,0.111933,1.5070,0.3144,0.181446,0.084711,0.3567,6.273439,0.527083,0.384205,3.0971,-1.000000,1.475051,1926.5554,0,1,sand,1.0000,1.100000,0,0,0.000000,0.000000,0.000000,0,nan,0.00,0.658479,0.3642,0.0193,0.347677,0.6552,0.33,6.63,7.29,6.59,-0.047009,-15.8488,-1.5761,0.008000,0.048297,0.6666,-0.032477,0.020693,-0.023409,-1547.231508704107,782.6790490182661,-391.0662262538765,85.50995255401047,-0.032450,-0.001149,6513.3,6107.3,0.013022,0.099643,-0.404461,1.5064,1.0000,,,,,
3.4320,1778840832.342335,286,6.313153,0.387556,0.112006,1.5446,0.3512,0.185454,6.341436,0.479847,0.110384,1.5267,6.323634,0.393250,0.113341,1.5145,0.3159,0.178703,0.102697,0.3404,6.323634,0.547344,0.383064,3.1491,0.433881,1.424678,1982.8650,0,1,sand,1.0000,1.100000,0,0,0.000000,0.000000,0.000000,0,nan,0.00,0.668339,0.3745,0.0184,0.352883,0.6723,0.34,6.62,7.30,6.60,-0.037753,-15.7209,-1.6224,0.008000,0.120886,0.0275,-0.017749,0.040197,-0.008629,942.3171541423276,-262.810619732885,-559.3950906165478,62.15518722084893,-0.045307,-0.005303,6508.7,6111.9,0.016231,0.077948,-1.000000,1.5138,1.0000,,,,,
3.4440,1778840832.354318,287,6.409278,0.450123,0.115920,1.5122,0.3700,0.180521,6.358910,0.488987,0.112540,1.5353,6.419712,0.455907,0.117253,1.5145,0.3241,0.180323,0.140901,0.3560,6.419712,0.585938,0.380863,3.2462,1.000000,1.365613,2057.4393,0,1,sand,1.0000,1.100000,0,0,0.000000,0.000000,0.000000,0,nan,0.00,0.691067,0.3849,0.0175,0.364883,0.6887,0.33,6.62,7.28,6.58,-0.028613,-15.5974,-1.7109,0.008000,0.138488,0.1444,-0.023243,0.046522,-0.000432,-1893.6033342848532,-39.10130715234459,-405.92360057174307,28.58622341050483,-0.043441,-0.012135,6498.9,6121.7,0.023044,0.090564,0.433881,1.5135,1.0000,,,,,
3.4560,1778840832.366288,288,6.345127,0.569860,0.111114,1.4917,0.3181,0.172900,6.376509,0.497866,0.114560,1.5451,6.355536,0.575555,0.112440,1.5104,0.3240,0.181450,0.161628,0.3722,6.355536,0.560186,0.382335,3.1817,-1.000000,1.304063,2023.9782,0,1,sand,1.0000,1.100000,0,0,0.000000,0.000000,0.000000,0,nan,0.00,0.668339,0.3954,0.0167,0.352883,0.7043,0.33,6.64,7.29,6.76,-0.120134,-15.1513,-1.6366,0.008000,0.147352,-0.0512,-0.012249,0.046110,-0.007903,-2068.834525812743,-73.6771395608032,-478.01045039651683,31.129700975452494,-0.028086,-0.012711,6493.5,6127.0,0.026784,0.102406,1.000000,1.5093,1.0000,,,,,
3.4680,1778840832.383869,289,6.431313,0.468994,0.111885,1.6076,0.3344,0.166390,6.394206,0.506607,0.116528,1.5519,6.441880,0.474668,0.113184,1.5297,0.3210,0.176326,0.194783,0.3456,6.441880,0.594808,0.380352,3.2682,0.563587,1.278994,2069.1845,0,1,sand,1.0000,1.100000,0,0,0.000000,0.000000,0.000000,0,nan,0.00,0.681148,0.4058,0.0159,0.359646,0.7197,0.32,6.63,7.28,6.60,-0.111393,-15.0386,-1.7163,0.008000,0.096859,-0.1363,0.020715,0.065665,-0.004710,178.32426978355522,-276.6388408205546,-465.2629403114895,8.118766120807479,-0.032826,-0.016457,6485.0,6135.5,0.032714,0.032872,-1.000000,1.5283,1.0000,,,,,
3.4800,1778840832.391019,290,6.429266,0.561963,0.114769,1.4871,0.3965,0.174977,6.411879,0.515474,0.118607,1.5510,6.440107,0.567945,0.116115,1.5218,0.3321,0.178292,0.191925,0.3639,6.440107,0.594099,0.380393,3.2664,-1.000000,1.265206,2062.6090,0,1,sand,1.0000,1.100000,0,0,0.000000,0.000000,0.000000,0,nan,0.00,0.658421,0.4163,0.0151,0.347646,0.7349,0.45,6.62,7.52,6.54,-0.102526,-14.9194,-1.7155,0.008000,0.146594,-0.3104,0.005485,0.080109,-0.001399,1094.3207021790788,97.05561773115312,-405.4692784585549,-42.154256433293114,-0.033845,-0.025750,6485.8,6134.8,0.032185,0.125944,0.563587,1.5204,1.0000,,,,,
3.4920,1778840832.402219,291,6.537888,0.509950,0.119939,1.5428,0.2871,0.177782,6.429586,0.524424,0.120718,1.5573,6.548650,0.515830,0.121258,1.5262,0.3201,0.174244,0.205023,0.3402,6.548650,0.637343,0.377870,3.3720,-1.000000,1.314331,2130.9474,0,1,sand,1.0000,1.100000,0,0,0.000000,0.000000,0.000000,0,nan,0.00,0.635694,0.4269,0.0144,0.335646,0.7506,0.42,6.63,7.48,6.71,-0.093576,-14.7985,-1.8147,0.008000,0.141496,-0.0510,-0.003978,0.067152,0.008481,-274.5305651792661,1499.4956686152466,-485.0561051448075,-4.490321527862832,-0.038218,-0.018583,6482.4,6138.1,0.034531,0.101201,-1.000000,1.5247,1.0000,,,,,
3.5040,1778840832.414073,292,6.399356,0.530591,0.124803,1.5262,0.2745,0.172341,6.447346,0.533442,0.122806,1.5649,6.410068,0.536390,0.126098,1.5266,0.3090,0.170789,0.221909,0.3282,6.410068,0.582075,0.381085,3.2366,-1.000000,1.255549,2043.6867,0,1,sand,1.0000,1.100000,0,0,0.000000,0.000000,0.000000,0,nan,0.00,0.612966,0.4375,0.0137,0.323646,0.7657,0.40,6.65,7.46,6.75,-0.084558,-14.6789,-1.6717,0.008000,0.111889,-0.3230,0.005083,0.028649,-0.002967,736.3882659085119,-30.270552025286918,-501.49077225583176,34.78917118632083,-0.042469,-0.012445,6478.2,6142.3,0.037454,0.110962,-1.000000,1.5250,1.0000,,,,,
3.5160,1778840832.426080,293,6.476846,0.587345,0.126186,1.6282,0.2658,0.172128,6.465185,0.542560,0.124896,1.5721,6.487687,0.593067,0.127466,1.5466,0.2991,0.168325,0.228752,0.3162,6.487687,0.613094,0.379294,3.3132,-1.000000,1.228715,2068.7247,0,1,sand,1.0000,1.100000,0,0,0.000000,0.000000,0.000000,0,nan,0.00,0.590239,0.4481,0.0130,0.311646,0.7805,0.39,6.65,7.43,6.66,-0.075440,-14.5591,-1.7411,0.008000,0.093003,0.2804,0.031153,0.020662,0.006627,393.0245546612372,95.89925644744255,-508.5138954299225,65.53578559808948,-0.042867,-0.006358,6476.4,6144.2,0.038742,0.074400,-1.000000,1.5450,1.0000,,,,,
3.5280,1778840832.438119,294,6.428374,0.586963,0.125698,1.5218,0.2747,0.183891,6.483084,0.551829,0.127067,1.5814,6.439174,0.592604,0.126972,1.5424,0.2911,0.166333,0.264242,0.3042,6.439174,0.593726,0.380415,3.2655,-1.000000,1.179737,2034.5691,0,1,sand,1.0000,1.100000,0,0,0.000000,0.000000,0.000000,0,nan,0.00,0.567512,0.4587,0.0124,0.299646,0.7946,0.38,6.64,7.40,6.60,-0.066171,-14.4348,-1.6841,0.008000,0.115486,-0.2509,0.024984,0.006312,0.012078,819.050009790985,-140.6838096697475,-556.9321656393121,109.36964643477401,-0.053061,-0.000172,6467.4,6153.2,0.045047,0.145990,-1.000000,1.5405,1.0000,,,,,
3.5400,1778840832.450065,295,6.469963,0.507492,0.139316,1.5949,0.2997,0.191095,6.501074,0.561269,0.129335,1.5930,6.480711,0.513260,0.140590,1.5530,0.2885,0.165809,0.269563,0.2923,6.480711,0.610313,0.379455,3.3064,0.052714,1.126443,2059.7060,0,1,sand,1.0000,1.100000,0,0,0.000000,0.000000,0.000000,0,nan,0.00,0.568710,0.4692,0.0118,0.300279,0.8081,0.37,6.63,7.37,6.57,-0.056731,-14.3048,-1.7134,0.008000,0.037534,0.4644,0.026194,0.001375,0.016397,-130.5848399536149,-119.66739261562384,-656.2872302332769,128.56003187106026,-0.064540,0.003214,6465.9,6154.7,0.046058,0.112158,-1.000000,1.5510,1.0000,,,,,
3.5520,1778840832.462090,296,6.455847,0.581022,0.138999,1.6337,0.2325,0.185611,6.519251,0.570677,0.131572,1.6129,6.466682,0.586714,0.140278,1.5693,0.2797,0.167812,0.313428,0.3007,6.466682,0.604716,0.379780,3.2926,0.205581,1.082748,2041.0533,0,1,sand,1.0000,1.100000,0,0,0.000000,0.000000,0.000000,0,nan,0.00,0.573382,0.4798,0.0113,0.302746,0.8211,0.36,6.63,7.34,6.58,-0.047323,-14.1766,-1.6797,0.008000,0.116814,0.2128,0.038421,-0.029067,0.003671,-1902.635803894303,1258.6058739094601,-212.80546490550228,211.98790394536564,-0.053665,0.013031,6454.7,6165.9,0.053877,0.090045,0.052714,1.5670,1.0000,,,,,
3.5640,1778840832.482124,297,6.631105,0.605851,0.135074,1.6693,0.2466,0.176915,6.537671,0.579860,0.133671,1.6298,6.642077,0.611453,0.136348,1.5893,0.2748,0.168619,0.337443,0.3043,6.642077,0.674308,0.375622,3.4602,-0.015235,1.120608,2140.2348,0,1,sand,1.0000,1.100000,0,0,0.000000,0.000000,0.000000,0,nan,0.00,0.573036,0.4903,0.0107,0.302563,0.8346,0.35,6.64,7.34,6.73,-0.038140,-14.0563,-1.8304,0.008000,0.140622,0.2572,0.060232,-0.008266,0.038393,-1659.5736662827865,977.5494866578026,-206.15495341470063,254.87489636855855,-0.041674,0.017181,6448.5,6172.0,0.058179,0.081317,0.205581,1.5868,1.0000,,,,,
3.5760,1778840832.489407,298,6.642814,0.678094,0.145622,1.6931,0.2517,0.166983,6.556329,0.588885,0.135682,1.6476,6.655363,0.684527,0.147047,1.6106,0.2703,0.166564,0.388754,0.3024,6.655363,0.679545,0.375295,3.4726,-1.000000,1.039928,2134.5810,0,1,sand,1.0000,1.100000,0,0,0.000000,0.000000,0.000000,0,nan,0.00,0.550309,0.5008,0.0102,0.290563,0.8470,0.83,6.64,8.30,6.66,-0.029115,-13.9412,-1.8249,0.008000,0.138145,0.8483,0.058214,-0.037761,0.008359,-1554.8177699530288,2417.0634996301415,-122.63359371550824,276.2799917858113,-0.032261,0.017731,6435.9,6184.7,0.066996,0.083480,-0.015235,1.6074,1.0000,,,,,
3.5880,1778840832.498209,299,6.546087,0.662672,0.143326,1.6116,0.3257,0.159732,6.575193,0.597777,0.137631,1.6656,6.558420,0.668956,0.144690,1.6117,0.2739,0.161355,0.435745,0.2824,6.558420,0.641220,0.377639,3.3813,-1.000000,0.934006,2082.2738,0,1,sand,1.0000,1.100000,0,0,0.000000,0.000000,0.000000,0,nan,0.00,0.527581,0.5112,0.0097,0.278563,0.8583,0.75,6.65,8.15,6.69,-0.020223,-13.8295,-1.7157,0.008000,0.041214,0.5376,0.067257,-0.028878,0.013263,-1189.1673517167528,1438.1460670409551,-463.76426795773017,210.84427638154338,-0.046343,0.007953,6423.8,6196.8,0.075440,0.130744,-1.000000,1.6082,1.0000,,,,,
3.6000,1778840832.510081,300,6.539733,0.559914,0.136900,1.7027,0.2598,0.170970,6.594181,0.606778,0.139631,1.6747,6.552054,0.565975,0.138229,1.6299,0.2685,0.159173,0.429092,0.2706,6.552054,0.638695,0.377789,3.3752,-1.000000,0.881714,2061.9602,0,1,sand,1.0000,1.100000,0,0,0.000000,0.000000,0.000000,0,nan,0.00,0.504854,0.5215,0.0092,0.266563,0.8688,0.68,6.66,8.01,6.68,-0.011222,-13.7149,-1.7005,0.008000,0.156829,-0.1021,0.079804,-0.028859,0.010267,591.7952383796217,1498.0097678401403,-518.3951182959709,225.41880901592828,-0.051515,0.010198,6425.2,6195.4,0.074440,0.118955,-1.000000,1.6265,1.0000,,,,,
3.6120,1778840832.522233,301,6.580833,0.694366,0.134618,1.6616,0.2636,0.168274,6.613298,0.615949,0.141670,1.6914,6.593051,0.700262,0.135912,1.6370,0.2638,0.156342,0.466530,0.2587,6.593051,0.654941,0.376811,3.4142,-1.000000,0.807755,2084.4340,0,1,sand,1.0000,1.100000,0,0,0.000000,0.000000,0.000000,0,nan,0.00,0.482127,0.5318,0.0088,0.254563,0.8785,0.62,6.67,7.91,6.77,-0.002051,-13.5980,-1.7228,0.008000,0.085408,-0.4904,0.084513,-0.020484,0.016439,793.7989741676403,850.9903410708529,-581.8077686207932,246.30375729886225,-0.059516,0.011033,6415.6,6205.0,0.081142,0.147265,-1.000000,1.6333,1.0000,,,,,
3.6240,1778840832.534245,302,6.670652,0.639516,0.146325,1.7156,0.3136,0.169043,6.632611,0.625230,0.143705,1.7098,6.682797,0.645533,0.147594,1.6532,0.2673,0.154234,0.509107,0.2468,6.682797,0.690342,0.374616,3.4980,-1.000000,0.768395,2113.0171,0,1,sand,1.0000,1.100000,0,0,0.000000,0.000000,0.000000,0,nan,0.00,0.459400,0.5419,0.0084,0.242563,0.8877,0.57,6.67,7.80,6.64,-0.091470,-13.1334,-1.7882,0.008000,0.047137,0.1161,0.079727,-0.004628,0.020940,-154.39835218505243,-367.82916181661096,-722.5783439803158,219.2946466524073,-0.071812,0.005907,6404.6,6215.9,0.088774,0.127138,-1.000000,1.6492,1.0000,,,,,
3.6360,1778840832.546285,303,6.630511,0.560773,0.142009,1.7512,0.2975,0.163563,6.652192,0.634479,0.145665,1.7335,6.642718,0.566685,0.143249,1.6732,0.2676,0.151636,0.550493,0.2348,6.642718,0.674561,0.375606,3.4608,1.000000,0.701580,2078.9377,0,1,sand,1.0000,1.100000,0,0,0.000000,0.000000,0.000000,0,nan,0.00,0.482127,0.5519,0.0080,0.254563,0.8962,0.53,6.67,7.74,6.70,-0.082221,-13.0211,-1.7273,0.008000,0.115755,-0.0914,0.100155,0.009847,0.024113,-564.312938123111,-949.3331449087331,-838.046097205323,210.41310489243088,-0.080200,0.002619,6394.1,6226.5,0.096146,0.118845,-1.000000,1.6690,1.0000,,,,,
3.6480,1778840832.558238,304,6.651215,0.611200,0.139059,1.8217,0.1900,0.149706,6.672037,0.643681,0.147564,1.7592,6.663568,0.616941,0.140283,1.7030,0.2586,0.154530,0.589916,0.2622,6.663568,0.682777,0.375093,3.4802,1.000000,0.665197,2051.9559,0,1,sand,1.0000,1.100000,0,0,0.000000,0.000000,0.000000,0,nan,0.00,0.504854,0.5618,0.0076,0.266563,0.9041,0.50,6.67,7.66,6.66,-0.073019,-12.9123,-1.7210,0.008000,0.032569,-1.0378,0.118615,-0.013977,0.014702,-1085.939189097132,677.8998010222396,-489.1431343467867,290.16405188017166,-0.049555,0.009581,6383.9,6236.6,0.103206,0.093628,1.000000,1.6985,1.0000,,,,,
3.6600,1778840832.570072,305,6.797717,0.574232,0.148115,1.7869,0.2457,0.148252,6.692182,0.652674,0.149351,1.7813,6.810050,0.580027,0.149322,1.7204,0.2583,0.155613,0.628222,0.2742,6.810050,0.740139,0.371338,3.6133,1.000000,0.665749,2121.6611,0,1,sand,1.0000,1.100000,0,0,0.000000,0.000000,0.000000,0,nan,0.00,0.527581,0.5715,0.0072,0.278563,0.9121,0.46,6.71,7.64,6.92,-0.064026,-12.8099,-1.8320,0.008000,0.203591,-0.5124,0.115003,-0.005456,0.010737,-1440.2160950772127,-230.7460238450197,-317.5014537692233,299.5594550885483,-0.029430,0.008510,6374.1,6246.4,0.110026,0.127024,1.000000,1.7156,1.0000,,,,,
3.6720,1778840832.583092,306,6.730939,0.686851,0.146823,1.8180,0.2622,0.139045,6.712655,0.661503,0.151034,1.8071,6.743403,0.692627,0.148012,1.7405,0.2612,0.156115,0.665942,0.2861,6.743403,0.714119,0.373091,3.5534,1.000000,0.608685,2094.1340,0,1,sand,1.0000,1.100000,0,0,0.000000,0.000000,0.000000,0,nan,0.00,0.550309,0.5811,0.0069,0.290563,0.9194,0.44,6.70,7.58,6.66,-0.055197,-12.7135,-1.7463,0.008000,0.061175,-0.3660,0.112443,-0.002267,0.003495,-1276.4126618113264,-1095.4215065555165,-135.18740165566493,277.4621928658531,-0.010195,0.004048,6364.6,6256.0,0.116687,0.118670,1.000000,1.7355,1.0000,,,,,
3.6840,1778840832.594362,307,6.735823,0.697466,0.154396,1.8336,0.1836,0.141812,6.733357,0.670410,0.152742,1.8226,6.748315,0.703218,0.155571,1.7597,0.2523,0.157152,0.701652,0.2981,6.748315,0.716041,0.372966,3.5579,1.000000,0.545071,2064.6951,0,1,sand,1.0000,1.100000,0,0,0.000000,0.000000,0.000000,0,nan,0.00,0.573036,0.5906,0.0066,0.302563,0.9260,0.41,6.69,7.52,6.61,-0.046290,-12.6156,-1.7353,0.008000,0.095345,-0.5333,0.104981,-0.003724,-0.000296,1411.010206273314,594.663940407888,191.00537275367154,349.1735639813344,0.015566,0.009714,6355.4,6265.1,0.123074,0.140688,1.000000,1.7544,1.0000,,,,,
3.6960,1778840832.606087,308,6.771024,0.695257,0.161300,1.7894,0.2478,0.142868,6.754312,0.679419,0.154439,1.8501,6.783447,0.701071,0.162464,1.7667,0.2549,0.158475,0.735728,0.3100,6.783447,0.729769,0.372053,3.5895,-0.425194,0.449016,2072.6247,0,1,sand,1.0000,1.100000,0,0,0.000000,0.000000,0.000000,0,nan,0.00,0.563373,0.5999,0.0062,0.297461,0.9314,0.40,6.67,7.47,6.58,-0.037281,-12.5184,-1.7394,0.008000,0.078341,0.0272,0.105910,0.010053,0.003285,-417.11017799345063,-187.80988280174637,397.0824785479192,342.570809459104,0.030572,0.007407,6346.7,6273.9,0.129180,0.167733,1.000000,1.7612,1.0000,,,,,
3.7080,1778840832.618184,309,6.822306,0.727017,0.158423,1.9057,0.3069,0.140602,6.775561,0.688485,0.156116,1.8755,6.834868,0.732836,0.159564,1.7949,0.2623,0.155784,0.767634,0.2943,6.834868,0.749794,0.370651,3.6353,0.385710,0.384224,2097.1031,0,1,sand,1.0000,1.100000,0,0,0.000000,0.000000,0.000000,0,nan,0.00,0.572139,0.6091,0.0059,0.302089,0.9360,0.38,6.69,7.45,6.76,-0.028215,-12.4223,-1.7598,0.008000,0.145009,0.2450,0.116361,0.021392,-0.002805,531.3362372490121,630.0700905957926,452.3498855600793,275.37132492241255,0.025531,-0.001329,6338.4,6282.2,0.134944,0.125038,-0.425194,1.7892,1.0000,,,,,
3.7200,1778840832.630230,310,6.901784,0.690909,0.159550,1.8978,0.1192,0.146027,6.797029,0.697798,0.157877,1.8967,6.914490,0.696587,0.160689,1.8161,0.2433,0.157180,0.798266,0.3050,6.914490,0.780630,0.368321,3.7051,1.000000,0.337687,2118.9875,0,1,sand,1.0000,1.100000,0,0,0.000000,0.000000,0.000000,0,nan,0.00,0.594866,0.6180,0.0057,0.314089,0.9400,0.37,6.67,7.40,6.58,-0.018902,-12.3214,-1.8084,0.008000,0.174179,0.4586,0.126590,0.012828,0.005814,2266.7934810068673,939.957993115136,854.7354022644445,437.2240810676563,0.047838,0.012878,6330.5,6290.0,0.140438,0.147781,0.385710,1.8102,1.0000,,,,,
3.7320,1778840832.642222,311,6.759734,0.660007,0.147565,1.8704,0.2755,0.152153,6.818747,0.707342,0.159706,1.9239,6.772507,0.665605,0.148714,1.8279,0.2531,0.160982,0.821387,0.3215,6.772507,0.725498,0.372342,3.5797,-0.346281,0.242861,2059.1107,0,1,sand,1.0000,1.100000,0,0,0.000000,0.000000,0.000000,0,nan,0.00,0.586996,0.6267,0.0054,0.309934,0.9429,0.35,6.67,7.37,6.65,-0.009358,-12.2166,-1.6558,0.008000,0.099559,-0.8853,0.117764,0.029462,0.004775,720.7297797136066,381.57473958189354,762.3754524283663,404.53677892882104,0.056678,0.008677,6324.6,6296.0,0.144584,0.174614,1.000000,1.8219,1.0000,,,,,
3.7440,1778840832.654306,312,6.779793,0.612307,0.156255,1.8728,0.3050,0.152231,6.840751,0.717025,0.161543,1.9489,6.792547,0.618085,0.157399,1.8380,0.2612,0.159701,0.848868,0.3074,6.792547,0.733319,0.371811,3.5976,-1.000000,0.155040,2055.0792,0,1,sand,1.0000,1.100000,0,0,0.000000,0.000000,0.000000,0,nan,0.00,0.564269,0.6353,0.0051,0.297934,0.9448,0.35,6.66,7.36,6.65,0.000325,-12.1113,-1.6488,0.008000,0.035577,-0.1236,0.103451,0.026628,-0.022378,737.0677279114058,632.2497933972859,783.0750922225213,347.112201867168,0.047144,0.002222,6317.4,6303.1,0.149560,0.191472,-0.346281,1.8317,1.0000,,,,,
3.7560,1778840832.666108,313,6.989790,0.777294,0.169446,2.0409,0.2459,0.154403,6.862974,0.727063,0.163525,1.9711,7.002746,0.783263,0.170586,1.8786,0.2582,0.158263,0.874714,0.2906,7.002746,0.814551,0.365515,3.7809,-1.000000,0.144611,2128.9716,0,1,sand,1.0000,1.100000,0,0,0.000000,0.000000,0.000000,0,nan,0.00,0.541541,0.6436,0.0049,0.285934,0.9465,0.34,6.67,7.35,6.70,0.010363,-11.9978,-1.8098,0.008000,0.186007,0.7856,0.110176,0.030155,-0.037287,2455.5850084612252,1137.3771379811885,778.9306553004083,381.0436265968272,0.040664,0.003612,6310.7,6309.8,0.154238,0.136072,-1.000000,1.8722,1.0000,,,,,
3.7680,1778840832.681314,314,6.942726,0.727945,0.168248,2.0075,0.1929,0.174928,6.885341,0.737367,0.165592,1.9918,6.955883,0.733879,0.169406,1.9050,0.2474,0.159217,0.900389,0.2786,6.955883,0.796575,0.367034,3.7408,0.159326,0.076988,2085.0977,0,1,sand,1.0000,1.100000,0,0,0.000000,0.000000,0.000000,0,nan,0.00,0.545162,0.6516,0.0046,0.287846,0.9475,0.34,6.67,7.34,6.66,-0.076133,-11.4598,-1.7490,0.008000,0.078240,0.1928,0.115174,0.043763,-0.014075,1516.3592275295396,897.9397348207942,745.1778293428782,525.9740317442449,0.034069,0.013684,6304.2,6316.4,0.158785,0.169527,-1.000000,1.8984,1.0000,,,,,
3.7800,1778840832.690448,315,6.889970,0.635481,0.168238,2.0094,0.3095,0.173945,6.908011,0.747886,0.167677,2.0195,6.903253,0.641575,0.169424,1.9266,0.2599,0.163620,0.921828,0.2890,6.903253,0.776291,0.368661,3.6953,1.000000,0.018028,2046.0607,0,1,sand,1.0000,1.100000,0,0,0.000000,0.000000,0.000000,0,nan,0.00,0.567890,0.6595,0.0044,0.299846,0.9477,0.34,6.68,7.35,6.71,-0.065614,-11.3404,-1.6758,0.008000,0.134387,0.2643,0.112805,0.064596,-0.007574,702.6567276312671,849.4122375274794,785.0344308005849,486.59371000201645,0.029423,0.009683,6298.7,6321.9,0.162658,0.178415,0.159326,1.9199,1.0000,,,,,
3.7920,1778840832.702106,316,6.987202,0.719262,0.171358,2.0045,0.2509,0.169501,6.931024,0.758444,0.169715,2.0488,7.000582,0.725469,0.172570,1.9432,0.2630,0.168604,0.944545,0.3072,7.000582,0.813723,0.365586,3.7791,0.453042,0.006754,2082.1840,0,1,sand,1.0000,1.100000,0,0,0.000000,0.000000,0.000000,0,nan,0.00,0.578186,0.6671,0.0042,0.305282,0.9478,0.33,6.68,7.35,6.69,-0.055056,-11.2236,-1.7303,0.008000,0.094916,0.0042,0.106390,0.066115,-0.018302,-99.59626192473961,-1428.804439069122,713.7546833237067,518.7268212242868,0.042262,0.011621,6292.8,6327.8,0.166745,0.182254,1.000000,1.9363,1.0000,,,,,
3.8040,1778840832.714216,317,7.014194,0.740027,0.171389,2.0847,0.2127,0.170098,6.954370,0.769074,0.171753,2.0782,7.027760,0.746239,0.172614,1.9721,0.2581,0.171109,0.966938,0.3086,7.027760,0.824112,0.364685,3.8021,-1.000000,0.007931,2077.9751,0,1,sand,1.0000,1.100000,0,0,0.000000,0.000000,0.000000,0,nan,0.00,0.555459,0.6745,0.0040,0.293282,0.9479,0.33,6.67,7.32,6.63,-0.044426,-11.1069,-1.7239,0.008000,0.075808,-0.3967,0.124724,0.035468,-0.049233,152.01833823816813,-531.3910124038035,1109.7241427106671,606.6503889786593,0.053741,0.016914,6287.1,6333.5,0.170714,0.163924,0.453042,1.9650,1.0000,,,,,
3.8160,1778840832.726367,318,6.965944,0.743371,0.174423,2.0957,0.3293,0.170839,6.977973,0.779952,0.173904,2.1012,6.979641,0.749744,0.175647,1.9975,0.2681,0.169236,0.988910,0.2860,6.979641,0.805698,0.366272,3.7612,-1.000000,-0.036786,2044.1005,0,1,sand,1.0000,1.100000,0,0,0.000000,0.000000,0.000000,0,nan,0.00,0.532732,0.6817,0.0038,0.281282,0.9474,0.33,6.67,7.32,6.64,-0.033548,-10.9836,-1.6601,0.008000,0.078248,-0.0412,0.118651,0.088630,-0.006961,2552.8463330419695,1670.4675343989566,854.6448233616904,521.731822493937,0.036017,0.009842,6281.5,6339.0,0.174591,0.183584,-1.000000,1.9903,1.0000,,,,,
3.8280,1778840832.738320,319,6.983856,0.789486,0.179635,2.1730,0.3307,0.196009,7.001777,0.791224,0.176199,2.1280,6.997765,0.796112,0.180891,2.0330,0.2773,0.171787,1.009506,0.2740,6.997765,0.812644,0.365679,3.7767,-0.170289,-0.091269,2036.0090,0,1,sand,1.0000,1.100000,0,0,0.000000,0.000000,0.000000,0,nan,0.00,0.528861,0.6886,0.0036,0.279239,0.9463,0.33,6.67,7.33,6.66,-0.022276,-10.8521,-1.6487,0.008000,0.103096,0.1850,0.129708,0.105990,-0.018825,727.1708261148631,-1076.5232149830008,661.1959252567042,529.8423031285532,0.017665,0.008212,6276.2,6344.3,0.178286,0.168630,-1.000000,2.0256,1.0000,,,,,
3.8400,1778840832.750110,320,7.072131,0.751895,0.178901,2.0524,0.2926,0.199640,7.025806,0.802838,0.178578,2.1526,7.086062,0.758592,0.180191,2.0384,0.2804,0.175906,1.028902,0.2780,7.086062,0.846305,0.362733,3.8509,-1.000000,-0.088197,2061.2748,0,1,sand,1.0000,1.100000,0,0,0.000000,0.000000,0.000000,0,nan,0.00,0.506134,0.6954,0.0035,0.267239,0.9453,0.33,6.68,7.34,6.74,-0.010662,-10.7158,-1.6984,0.008000,0.126726,0.8073,0.120784,0.114096,-0.003439,1274.5295634817721,1859.2209829803821,551.4129399044623,576.3043878074641,0.010590,0.011232,6271.2,6349.3,0.181781,0.225960,-0.170289,2.0308,1.0000,,,,,
3.8520,1778840832.762268,321,7.040490,0.850824,0.189999,2.1670,0.3172,0.191690,7.050157,0.814592,0.180931,2.1815,7.054530,0.857769,0.191298,2.0649,0.2840,0.175426,1.048291,0.2599,7.054530,0.834318,0.363792,3.8246,-1.000000,-0.135314,2030.5560,0,1,sand,1.0000,1.100000,0,0,0.000000,0.000000,0.000000,0,nan,0.00,0.483407,0.7019,0.0033,0.255239,0.9436,0.33,6.67,7.32,6.66,0.001092,-10.5810,-1.6431,0.008000,0.170249,0.9528,0.134338,0.133576,0.017282,370.4576573676515,-1404.6379311349579,338.99921797936037,565.2159592429617,-0.003677,0.009925,6266.3,6354.2,0.185200,0.192085,-1.000000,2.0572,1.0000,,,,,
3.8640,1778840832.779592,322,7.078600,0.676063,0.182240,2.2038,0.2812,0.200927,7.074794,0.826562,0.183344,2.2117,7.092867,0.682939,0.183555,2.0934,0.2815,0.176392,1.066309,0.2479,7.092867,0.848887,0.362504,3.8566,1.000000,-0.144531,1995.8670,0,1,sand,1.0000,1.100000,0,0,0.000000,0.000000,0.000000,0,nan,0.00,0.506134,0.7082,0.0031,0.267239,0.9419,0.32,6.68,7.32,6.70,0.013062,-10.4428,-1.6449,0.008000,0.214425,-0.2391,0.119455,0.134290,0.015052,1092.2549531905258,933.0510179736121,147.03301787720886,639.9932060694179,-0.014749,0.013662,6261.7,6358.9,0.188442,0.188006,-1.000000,2.0856,1.0000,,,,,
3.8760,1778840832.786849,323,7.131570,0.793052,0.188074,2.2359,0.3278,0.203466,7.099733,0.838745,0.185770,2.2406,7.146360,0.800373,0.189465,2.1228,0.2930,0.184100,1.084037,0.2747,7.146360,0.869119,0.360688,3.9008,0.105599,-0.178337,2039.0570,0,1,sand,1.0000,1.100000,0,0,0.000000,0.000000,0.000000,0,nan,0.00,0.508534,0.7143,0.0030,0.268506,0.9398,0.41,6.66,7.48,6.53,0.025245,-10.3037,-1.6603,0.008000,0.022498,0.1573,0.119620,0.149804,0.012535,710.5684307163259,1751.509889032156,152.04775975290124,634.1660684804733,-0.005564,0.012690,6257.2,6363.4,0.191589,0.185149,1.000000,2.1147,1.0000,,,,,
3.8880,1778840832.798219,324,7.099384,0.844675,0.189297,2.2648,0.2739,0.193972,7.125002,0.850999,0.188136,2.2719,7.114261,0.851989,0.190688,2.1519,0.2902,0.185224,1.100803,0.2693,7.114261,0.856991,0.361780,3.8744,1.000000,-0.276265,2025.1849,0,1,sand,1.0000,1.100000,0,0,0.000000,0.000000,0.000000,0,nan,0.00,0.531261,0.7202,0.0028,0.280506,0.9365,0.39,6.65,7.44,6.63,-0.057001,-9.6815,-1.6024,0.008000,0.120383,0.2012,0.124882,0.103864,-0.029580,27.951995324745724,756.2764510485574,408.23162846474713,676.5628580287154,-0.000046,0.015292,6252.9,6367.7,0.194592,0.189591,0.105599,2.1437,1.0000,,,,,
3.9000,1778840832.810331,325,7.174248,0.864145,0.192303,2.3328,0.3342,0.192068,7.150630,0.863290,0.190444,2.3036,7.189297,0.871634,0.193710,2.1886,0.3012,0.190196,1.115543,0.2879,7.189297,0.885278,0.359215,3.9360,-0.280338,-0.317025,2029.4202,0,1,sand,1.0000,1.100000,0,0,0.000000,0.000000,0.000000,0,nan,0.00,0.524890,0.7258,0.0027,0.277142,0.9326,0.38,6.74,7.51,7.23,-0.044710,-9.5492,-1.6324,0.008000,0.053735,0.1646,0.142654,0.141275,0.004308,-83.76537705593356,529.2330914202543,458.5069836130952,620.600189276274,0.012106,0.011599,6248.9,6371.6,0.197322,0.176396,1.000000,2.1803,1.0000,,,,,
3.9120,1778840832.822101,326,7.214778,0.879585,0.202671,2.2883,0.2665,0.187362,7.176603,0.875611,0.192695,2.3320,7.230056,0.887280,0.204085,2.2097,0.2950,0.188575,1.129841,0.2750,7.230056,0.900551,0.357804,3.9691,-1.000000,-0.339343,2023.2620,0,1,sand,1.0000,1.100000,0,0,0.000000,0.000000,0.000000,0,nan,0.00,0.502163,0.7312,0.0026,0.265142,0.9286,0.38,6.73,7.48,6.69,-0.032389,-9.4202,-1.6370,0.008000,0.047353,0.7417,0.132442,0.140866,-0.003388,137.0299645632928,722.8001425971213,642.1552917328058,657.531671599934,0.014011,0.013983,6245.2,6375.3,0.199904,0.208618,-0.280338,2.2012,1.0000,,,,,
3.9240,1778840832.834056,327,7.263469,0.915044,0.192727,2.3445,0.2892,0.191123,7.202888,0.888141,0.195001,2.3598,7.278956,0.922568,0.194127,2.2375,0.2920,0.186304,1.143705,0.2577,7.278956,0.918787,0.356093,4.0083,-1.000000,-0.412999,2032.8561,0,1,sand,1.0000,1.100000,0,0,0.000000,0.000000,0.000000,0,nan,0.00,0.479435,0.7362,0.0025,0.253142,0.9236,0.36,6.73,7.45,6.73,-0.019859,-9.2881,-1.6485,0.008000,0.123898,0.0089,0.132528,0.132841,-0.001528,1519.1203863641558,890.6185085327529,523.5586929666156,673.1439552358893,0.005079,0.014383,6241.7,6378.9,0.202379,0.197482,-1.000000,2.2290,1.0000,,,,,
3.9360,1778840832.846141,328,7.192775,0.919803,0.203138,2.4341,0.3065,0.198244,7.229417,0.901061,0.197432,2.3891,7.208451,0.927558,0.204541,2.2773,0.2927,0.185865,1.155986,0.2457,7.208451,0.892463,0.358553,3.9516,-1.000000,-0.468238,1986.6558,0,1,sand,1.0000,1.100000,0,0,0.000000,0.000000,0.000000,0,nan,0.00,0.456708,0.7409,0.0023,0.241142,0.9180,0.36,6.73,7.44,6.73,-0.006939,-9.1488,-1.5625,0.008000,0.033384,0.2904,0.134664,0.151568,0.014523,1385.904394576527,954.7427561475668,327.2197227047115,680.0766151994226,-0.004895,0.014154,6238.4,6382.1,0.204643,0.180301,-1.000000,2.2687,1.0000,,,,,
3.9480,1778840832.858059,329,7.225300,0.934451,0.204994,2.4048,0.2457,0.208128,7.256198,0.914287,0.199923,2.4173,7.241123,0.942204,0.206406,2.3037,0.2830,0.186017,1.167462,0.2337,7.241123,0.904686,0.357419,3.9780,-1.000000,-0.504734,1990.4812,0,1,sand,1.0000,1.100000,0,0,0.000000,0.000000,0.000000,0,nan,0.00,0.433981,0.7451,0.0022,0.229142,0.9119,0.35,6.73,7.43,6.75,0.006287,-9.0061,-1.5607,0.008000,0.098627,0.4133,0.153746,0.148614,0.024070,954.5003681749604,630.7916314964388,167.12056060943428,802.1067266734901,-0.012365,0.020555,6235.4,6385.1,0.206741,0.204300,-1.000000,2.2950,1.0000,,,,,
3.9600,1778840832.878159,330,7.183573,0.942821,0.212384,2.5100,0.4132,0.203501,7.283314,0.927611,0.202376,2.4479,7.199586,0.950913,0.213799,2.3454,0.3017,0.185879,1.178368,0.2217,7.199586,0.889140,0.358860,3.9444,-1.000000,-0.541292,1939.3654,0,1,sand,1.0000,1.100000,0,0,0.000000,0.000000,0.000000,0,nan,0.00,0.411254,0.7490,0.0021,0.217142,0.9054,0.34,6.75,7.43,6.81,0.019611,-8.8656,-1.4964,0.008000,0.063585,0.2030,0.166937,0.153762,0.004362,381.08206341391804,940.3355698691121,-252.13703789743133,618.7381228380198,-0.031113,0.010862,6232.6,6388.0,0.208713,0.177074,-1.000000,2.3366,1.0000,,,,,
3.9720,1778840832.885529,331,7.268801,0.903969,0.210528,2.3963,0.2683,0.201252,7.310743,0.941024,0.204801,2.4756,7.287141,0.913065,0.212126,2.3582,0.2916,0.182511,1.188030,0.2087,7.287141,0.921830,0.355804,4.0148,0.085882,-0.563575,1970.7531,0,1,sand,1.0000,1.100000,0,0,0.000000,0.000000,0.000000,0,nan,0.00,0.413206,0.7526,0.0020,0.218173,0.8987,0.84,6.73,8.41,6.64,0.033024,-8.7266,-1.5393,0.008000,0.129202,0.5348,0.148184,0.122631,-0.027345,-72.45893185347194,430.3538384518659,-429.4201576288265,692.4072411884991,-0.039318,0.014954,6229.9,6390.6,0.210564,0.231658,-1.000000,2.3482,1.0000,,,,,
3.9840,1778840832.894348,332,7.269212,1.004556,0.206107,2.5235,0.2682,0.200021,7.338503,0.954539,0.207213,2.5062,7.287498,1.013426,0.207685,2.3920,0.2885,0.185349,1.197914,0.2189,7.287498,0.921963,0.355791,4.0151,-1.000000,-0.563555,1947.2075,0,1,sand,1.0000,1.100000,0,0,0.000000,0.000000,0.000000,0,nan,0.00,0.390478,0.7558,0.0019,0.206173,0.8919,0.77,6.72,8.25,6.67,0.046539,-8.5884,-1.5089,0.008000,0.130188,-0.1013,0.150908,0.132440,0.003479,170.80987916061076,637.0934240015407,-336.80647721475276,751.9574065856086,-0.032585,0.017869,6227.4,6393.1,0.212325,0.194263,0.085882,2.3821,1.0000,,,,,
3.9960,1778840832.906044,333,7.432909,1.032225,0.218642,2.4596,0.2998,0.201950,7.366560,0.968224,0.209650,2.5354,7.450862,1.041160,0.220183,2.4069,0.2859,0.182471,1.207743,0.1981,7.450862,0.982123,0.349849,4.1431,-1.000000,-0.532458,1992.9308,0,1,sand,1.0000,1.100000,0,0,0.000000,0.000000,0.000000,0,nan,0.00,0.367751,0.7587,0.0018,0.194173,0.8855,0.69,6.71,8.10,6.66,0.060224,-8.4488,-1.6077,0.008000,0.144257,0.5404,0.135121,0.122320,-0.022879,332.4053786897233,736.7153032524697,-557.853016485792,750.6565453304186,-0.043938,0.017981,6224.9,6395.6,0.214045,0.218329,-1.000000,2.3971,1.0000,,,,,
4.0080,1778840832.918085,334,7.471955,0.982552,0.207991,2.4970,0.2639,0.207733,7.394887,0.982106,0.212125,2.5613,7.489897,0.991148,0.209512,2.4262,0.2786,0.181437,1.217937,0.1862,7.489897,0.996333,0.348381,4.1731,0.169035,-0.544956,2011.2832,0,1,sand,1.0000,1.100000,0,0,0.000000,0.000000,0.000000,0,nan,0.00,0.371593,0.7613,0.0017,0.196201,0.8790,0.64,6.70,7.98,6.65,-0.017894,-7.7849,-1.6118,0.008000,0.080172,-0.2715,0.116289,0.101306,-0.028296,144.24800071981082,723.0179686682097,-762.7534963095486,824.4693713328752,-0.052698,0.021681,6222.4,6398.1,0.215789,0.220389,-1.000000,2.4164,1.0000,,,,,
4.0200,1778840832.930209,335,7.350279,0.953612,0.216835,2.4956,0.2030,0.204306,7.423504,0.996115,0.214592,2.5893,7.368024,0.962174,0.218345,2.4414,0.2667,0.184007,1.227401,0.1975,7.368024,0.951755,0.352903,4.0787,-1.000000,-0.547303,1925.1744,0,1,sand,1.0000,1.100000,0,0,0.000000,0.000000,0.000000,0,nan,0.00,0.348865,0.7636,0.0017,0.184201,0.8724,0.58,6.70,7.87,6.69,-0.003885,-7.6436,-1.4894,0.008000,0.091731,-0.3499,0.109097,0.105291,-0.013286,-81.87497393881841,641.5999619360007,-579.3710673555455,949.8512171645493,-0.043135,0.029004,6220.0,6400.5,0.217467,0.227189,0.169035,2.4318,1.0000,,,,,
4.0320,1778840832.942244,336,7.444284,1.019579,0.218065,2.6636,0.3542,0.197065,7.452464,1.010105,0.216970,2.6165,7.462147,1.028221,0.219545,2.4863,0.2768,0.180916,1.236679,0.1764,7.462147,0.986238,0.349427,4.1518,1.000000,-0.615515,1919.6297,0,1,sand,1.0000,1.100000,0,0,0.000000,0.000000,0.000000,0,nan,0.00,0.371593,0.7656,0.0016,0.196201,0.8650,0.54,6.68,7.77,6.59,0.010105,-7.5073,-1.5354,0.008000,0.042934,0.3041,0.124781,0.131133,-0.006244,-271.3415764974659,1148.948114983959,-879.37134192168,818.4712537221643,-0.056475,0.021609,6217.7,6402.9,0.219100,0.180218,-1.000000,2.4766,1.0000,,,,,
4.0440,1778840832.954058,337,7.538083,1.114371,0.216332,2.6987,0.3587,0.199982,7.481707,1.024164,0.219341,2.6444,7.556036,1.123093,0.217816,2.5292,0.2932,0.186832,1.244440,0.2039,7.556036,1.020260,0.345843,4.2234,-0.870070,-0.673211,1949.4800,0,1,sand,1.0000,1.100000,0,0,0.000000,0.000000,0.000000,0,nan,0.00,0.351818,0.7673,0.0015,0.185760,0.8570,0.50,6.67,7.67,6.57,0.024164,-7.3715,-1.5790,0.008000,0.144807,-0.3893,0.126737,0.143460,-0.011080,-326.55655492455026,869.57618513337,-759.1445406393773,697.3194464139344,-0.045552,0.015833,6215.6,6405.0,0.220554,0.176712,1.000000,2.5196,1.0000,,,,,
4.0560,1778840832.966217,338,7.485111,1.026014,0.222924,2.7028,0.3673,0.191795,7.511261,1.038266,0.221668,2.6696,7.503065,1.034861,0.224371,2.5646,0.3006,0.182560,1.251417,0.1791,7.503065,1.001112,0.347881,4.1832,-1.000000,-0.679644,1885.8128,0,1,sand,1.0000,1.100000,0,0,0.000000,0.000000,0.000000,0,nan,0.00,0.329091,0.7687,0.0014,0.173760,0.8488,0.47,6.72,7.66,7.01,0.038266,-7.2381,-1.5136,0.008000,0.036402,-0.1194,0.134637,0.170065,-0.005575,-34.49979093542544,970.7190356207377,-923.2817553708869,548.0232160418423,-0.056448,0.009600,6213.7,6406.8,0.221854,0.185186,-0.870070,2.5551,1.0000,,,,,
4.0680,1778840832.979111,339,7.508900,0.990673,0.220755,2.6140,0.2775,0.205415,7.541058,1.052557,0.224055,2.6951,7.526985,0.999445,0.222201,2.5761,0.2920,0.180757,1.258481,0.1661,7.526985,1.009774,0.346967,4.2014,-0.177310,-0.705598,1876.0578,0,1,sand,1.0000,1.100000,0,0,0.000000,0.000000,0.000000,0,nan,0.00,0.325061,0.7698,0.0014,0.171632,0.8403,0.45,6.71,7.60,6.66,0.052557,-7.1014,-1.5062,0.008000,0.115321,-0.6664,0.103261,0.154402,-0.001769,305.6565764421767,235.17332280176174,-1128.881979125137,628.9496848259458,-0.065527,0.013252,6211.9,6408.6,0.223110,0.218364,-1.000000,2.5665,1.0000,,,,,
4.0800,1778840832.990325,340,7.667453,1.110628,0.223933,2.7104,0.3798,0.199787,7.571135,1.067016,0.226446,2.7234,7.685622,1.119571,0.225376,2.6039,0.3044,0.181784,1.264950,0.1703,7.685622,1.066577,0.340652,4.3200,-0.522914,-0.734727,1905.1308,0,1,sand,1.0000,1.100000,0,0,0.000000,0.000000,0.000000,0,nan,0.00,0.313177,0.7707,0.0013,0.165357,0.8315,0.44,6.69,7.56,6.58,0.067016,-6.9644,-1.5966,0.008000,0.186055,-0.3692,0.117328,0.186551,0.009930,-22.81697135085517,557.1248476699332,-1249.0774339176523,491.61498983041787,-0.070249,0.007708,6210.3,6410.3,0.224284,0.197227,-0.177310,2.5943,1.0000,,,,,
4.0920,1778840833.002050,341,7.575838,1.152256,0.223185,2.8465,0.3110,0.190229,7.601541,1.081465,0.228738,2.7502,7.594225,1.161152,0.224602,2.6527,0.3020,0.179781,1.270925,0.1614,7.594225,1.033988,0.344343,4.2521,-1.000000,-0.750434,1860.8598,0,1,sand,1.0000,1.100000,0,0,0.000000,0.000000,0.000000,0,nan,0.00,0.290450,0.7713,0.0012,0.153357,0.8225,0.41,6.67,7.50,6.58,0.081465,-6.8331,-1.5018,0.008000,0.074103,-0.1739,0.131322,0.186578,0.005511,-426.3528120341854,537.2198536945871,-1286.6057181714482,462.20001831560035,-0.070428,0.007131,6208.7,6411.9,0.225369,0.163352,-0.522914,2.6431,1.0000,,,,,
4.1040,1778840833.014226,342,7.626437,1.163462,0.244230,2.7706,0.2406,0.186400,7.632250,1.095944,0.231001,2.7770,7.644722,1.172575,0.245612,2.6774,0.2867,0.175448,1.276667,0.1459,7.644722,1.052040,0.342322,4.2897,-1.000000,-0.736985,1846.8036,0,1,sand,1.0000,1.100000,0,0,0.000000,0.000000,0.000000,0,nan,0.00,0.267722,0.7716,0.0012,0.141357,0.8137,0.40,6.67,7.46,6.63,0.006644,-6.1287,-1.5127,0.008000,0.048579,0.3323,0.140118,0.224086,0.062901,-288.41094218725874,1060.2253099864265,-1353.8221771091685,555.8221828479218,-0.073620,0.011355,6207.2,6413.3,0.226397,0.188471,-1.000000,2.6678,1.0000,,,,,
4.1160,1778840833.026070,343,7.695632,1.102965,0.226770,2.6956,0.3517,0.189624,7.663223,1.110566,0.233290,2.8029,7.714021,1.111751,0.228129,2.6827,0.2921,0.172140,1.282634,0.1339,7.714021,1.076625,0.339476,4.3409,1.000000,-0.758214,1850.1094,0,1,sand,1.0000,1.100000,0,0,0.000000,0.000000,0.000000,0,nan,0.00,0.290450,0.7717,0.0011,0.153357,0.8046,0.38,6.66,7.43,6.64,0.021266,-5.9975,-1.5380,0.008000,0.020159,-0.0507,0.125217,0.200415,0.021508,-195.06234625784498,702.408636838551,-1644.1630040681798,449.6774214742522,-0.087765,0.007137,6205.8,6414.8,0.227428,0.218658,-1.000000,2.6732,1.0000,,,,,
4.1280,1778840833.038213,344,7.622573,1.178923,0.240444,2.8011,0.2756,0.179352,7.694493,1.125215,0.235506,2.8284,7.640947,1.187928,0.241795,2.7075,0.2905,0.174960,1.285531,0.1608,7.640947,1.050695,0.342474,4.2869,1.000000,-0.826649,1837.2797,0,1,sand,1.0000,1.100000,0,0,0.000000,0.000000,0.000000,0,nan,0.00,0.313177,0.7715,0.0011,0.165357,0.7947,0.37,6.67,7.40,6.68,0.035915,-5.8706,-1.4586,0.008000,0.112982,0.2119,0.133769,0.185599,-0.003186,-655.7555047262618,905.7768396891681,-1309.6335978715401,460.78505826518966,-0.069501,0.007918,6205.0,6415.6,0.227963,0.191889,1.000000,2.6980,1.0000,,,,,
4.1400,1778840833.050067,345,7.709882,1.146917,0.238964,2.9256,0.2743,0.160650,7.726130,1.139667,0.237514,2.8567,7.728554,1.155882,0.240287,2.7516,0.2885,0.174082,1.289623,0.1727,7.728554,1.081752,0.338869,4.3515,1.000000,-0.789624,1818.4687,0,1,sand,1.0000,1.100000,0,0,0.000000,0.000000,0.000000,0,nan,0.00,0.335904,0.7711,0.0010,0.177357,0.7852,0.36,6.66,7.37,6.62,0.050367,-5.7555,-1.4948,0.008000,0.019982,0.0760,0.132067,0.178541,-0.006026,-1351.7620152841664,863.030469756765,-935.4908916561344,406.02803809344925,-0.048570,0.006298,6203.8,6416.7,0.228772,0.164818,1.000000,2.7420,1.0000,,,,,
4.1520,1778840833.062269,346,7.722364,1.132137,0.236345,2.7895,0.1610,0.170365,7.758040,1.154107,0.239512,2.8742,7.741086,1.140850,0.237654,2.7606,0.2683,0.174606,1.280436,0.1847,7.741086,1.086165,0.338342,4.3607,-1.000000,-0.840153,1818.3575,0,1,sand,1.0000,1.100000,0,0,0.000000,0.000000,0.000000,0,nan,0.00,0.313177,0.7705,0.0010,0.165357,0.7751,0.34,6.66,7.35,6.68,0.064807,-5.6411,-1.4865,0.008000,0.123286,-0.0088,0.097558,0.146726,-0.007040,-143.51841734692235,736.1327406090946,-441.99295712779576,600.7891949156161,-0.024878,0.014217,6206.2,6414.3,0.227098,0.202955,1.000000,2.7512,1.0000,,,,,
4.1640,1778840833.077271,347,7.829423,1.119450,0.237718,2.9400,0.2144,0.174727,7.790181,1.168796,0.241623,2.9029,7.848416,1.128127,0.239004,2.7972,0.2550,0.169552,1.284607,0.1580,7.848416,1.123653,0.333669,4.4382,-1.000000,-0.875602,1825.7123,0,1,sand,1.0000,1.100000,0,0,0.000000,0.000000,0.000000,0,nan,0.00,0.290450,0.7696,0.0009,0.153357,0.7646,0.34,6.68,7.36,6.75,0.079496,-5.5201,-1.5353,0.008000,0.094514,-0.2813,0.097992,0.206354,0.080952,720.3735602966675,699.4040229669645,-439.6291408196962,662.8766512728182,-0.029532,0.017161,6205.1,6415.5,0.227899,0.165228,-1.000000,2.7877,1.0000,,,,,
4.1760,1778840833.086329,348,7.744349,1.253647,0.240596,2.8327,0.2500,0.182212,7.822538,1.183719,0.243795,2.9261,7.763365,1.262345,0.241872,2.8058,0.2506,0.167132,1.279523,0.1460,7.763365,1.093993,0.337398,4.3769,1.000000,-0.899021,1796.0330,0,1,sand,1.0000,1.100000,0,0,0.000000,0.000000,0.000000,0,nan,0.00,0.313177,0.7685,0.0009,0.165357,0.7538,0.33,6.67,7.33,6.67,0.094419,-5.3957,-1.4508,0.008000,0.142725,0.0183,0.094510,0.155621,0.019941,-132.70166156594667,818.0157567140815,-688.9562616370439,683.9679718841098,-0.040272,0.018047,6206.3,6414.3,0.227046,0.206129,-1.000000,2.7964,1.0000,,,,,
4.1880,1778840833.098196,349,7.878318,1.169714,0.248584,2.9897,0.2746,0.173636,7.855166,1.198710,0.245923,2.9506,7.897471,1.178656,0.249865,2.8432,0.2577,0.171122,1.283224,0.1727,7.897471,1.140596,0.331426,4.4731,1.000000,-0.902064,1795.9555,0,1,sand,1.0000,1.100000,0,0,0.000000,0.000000,0.000000,0,nan,0.00,0.335904,0.7672,0.0008,0.177357,0.7430,0.32,6.66,7.30,6.56,0.109410,-5.2737,-1.5225,0.008000,0.081140,0.2882,0.103392,0.114474,-0.019254,-438.7874377465861,648.0680780413174,-509.88364149080104,623.1987271853741,-0.025968,0.015874,6205.3,6415.2,0.227727,0.169082,1.000000,2.8338,1.0000,,,,,
4.2000,1778840833.110294,350,7.930901,1.260367,0.251537,2.9733,0.2531,0.159638,7.888133,1.213621,0.247899,2.9770,7.950164,1.269366,0.252802,2.8700,0.2590,0.171368,1.250261,0.1847,7.950164,1.158656,0.328941,4.5103,-1.000000,-0.836462,1790.9016,0,1,sand,1.0000,1.100000,0,0,0.000000,0.000000,0.000000,0,nan,0.00,0.313177,0.7657,0.0008,0.165357,0.7329,0.32,6.66,7.30,6.69,0.038021,-4.5044,-1.5333,0.008000,0.092900,0.5132,0.081029,0.132960,-0.005753,-1060.3264493057486,-76.28776208825744,-111.19877984300396,586.3140673319053,-0.009498,0.014014,6213.7,6406.9,0.221907,0.178995,1.000000,2.8608,1.0000,,,,,
4.2120,1778840833.122070,351,7.898898,1.215029,0.248931,2.9593,0.1977,0.159162,7.921411,1.228521,0.249822,3.0032,7.918351,1.223864,0.250161,2.8890,0.2447,0.164743,1.251697,0.1581,7.918351,1.147770,0.330450,4.4879,-1.000000,-0.799753,1760.2291,0,1,sand,1.0000,1.100000,0,0,0.000000,0.000000,0.000000,0,nan,0.00,0.290450,0.7640,0.0008,0.153357,0.7233,0.31,6.67,7.30,6.69,0.052921,-4.3942,-1.4847,0.008000,0.078039,-0.8151,0.074865,0.247701,0.129623,-187.4882650518068,249.59597716257622,-106.52082437136977,635.8623956421118,-0.014468,0.016217,6213.4,6407.1,0.222076,0.185620,-1.000000,2.8799,1.0000,,,,,
4.2240,1778840833.134085,352,8.081747,1.292880,0.248575,2.9984,0.2591,0.171844,7.954897,1.243714,0.251879,3.0263,8.101371,1.301741,0.249795,2.9120,0.2442,0.162264,1.257644,0.1461,8.101371,1.209650,0.321614,4.6152,-1.000000,-0.851634,1783.2035,0,1,sand,1.0000,1.100000,0,0,0.000000,0.000000,0.000000,0,nan,0.00,0.267722,0.7622,0.0007,0.141357,0.7131,0.31,6.68,7.30,6.73,0.068114,-4.2764,-1.5889,0.008000,0.137545,0.1851,0.091827,0.141391,-0.004901,811.0349215250649,692.7232962777151,-392.6537886429179,605.6597495702954,-0.025681,0.015278,6212.0,6408.6,0.223079,0.177677,-1.000000,2.9028,1.0000,,,,,
4.2360,1778840833.146061,353,8.041537,1.273230,0.253115,3.0693,0.3422,0.176769,7.988588,1.259185,0.254024,3.0493,8.061325,1.282345,0.254332,2.9443,0.2573,0.160747,1.260013,0.1341,8.061325,1.196264,0.323529,4.5877,-1.000000,-0.842493,1748.8883,0,1,sand,1.0000,1.100000,0,0,0.000000,0.000000,0.000000,0,nan,0.00,0.244995,0.7601,0.0007,0.129357,0.7030,0.31,6.68,7.29,6.68,0.083585,-4.1535,-1.5385,0.008000,0.155332,-0.3539,0.099016,0.158199,0.005952,768.620518659376,778.9187468355208,-792.9702088810003,443.71257724456365,-0.042041,0.009541,6211.3,6409.3,0.223564,0.167696,-1.000000,2.9351,1.0000,,,,,
4.2480,1778840833.158164,354,8.074968,1.251115,0.266275,3.0047,0.2883,0.183658,8.022497,1.274843,0.256197,3.0730,8.094784,1.260566,0.267499,2.9577,0.2582,0.159688,1.256912,0.1220,8.094784,1.207454,0.321927,4.6107,-1.000000,-0.830747,1742.2755,0,1,sand,1.0000,1.100000,0,0,0.000000,0.000000,0.000000,0,nan,0.00,0.222268,0.7580,0.0006,0.117357,0.6930,0.32,6.66,7.30,6.55,0.099243,-4.0290,-1.5377,0.008000,0.096189,0.4916,0.068018,0.109140,-0.051481,214.73646263595873,543.1842087277098,-1111.2597408741801,434.4729525924281,-0.055535,0.009337,6212.1,6408.5,0.223008,0.190049,-1.000000,2.9485,1.0000,,,,,
4.2600,1778840833.175656,355,8.099720,1.276560,0.250779,3.1025,0.1846,0.177917,8.056665,1.290589,0.258338,3.0969,8.119961,1.285643,0.251999,2.9876,0.2414,0.157595,1.262180,0.1100,8.119961,1.215834,0.320735,4.6279,-1.000000,-0.870350,1726.5841,0,1,sand,1.0000,1.100000,0,0,0.000000,0.000000,0.000000,0,nan,0.00,0.199541,0.7556,0.0006,0.105357,0.6826,0.34,6.69,7.36,6.88,0.114989,-3.9063,-1.5311,0.008000,0.104655,-0.2484,0.089646,0.162836,-0.004757,-293.6718443087612,260.0225587796985,-1238.31471478207,582.6251144693861,-0.060482,0.015214,6210.8,6409.8,0.223925,0.165264,-1.000000,2.9783,1.0000,,,,,
4.2720,1778840833.183100,356,8.143074,1.318237,0.268598,3.1494,0.2412,0.171820,8.091122,1.306364,0.260429,3.1207,8.164211,1.328068,0.269849,3.0211,0.2363,0.153980,1.266242,0.0977,8.164211,1.230483,0.318669,4.6581,-1.000000,-0.898092,1713.3857,0,1,sand,1.0000,1.100000,0,0,0.000000,0.000000,0.000000,0,nan,0.00,0.176813,0.7531,0.0006,0.093357,0.6718,0.47,6.68,7.61,6.64,0.130764,-3.7865,-1.5374,0.008000,0.081218,0.7242,0.085770,0.199827,0.041166,-608.3694624969662,219.98104954334985,-1450.1648578543322,581.1621315362956,-0.069294,0.015506,6209.6,6411.0,0.224739,0.157279,-1.000000,3.0114,1.0000,,,,,
4.2840,1778840833.194189,357,8.079118,1.247920,0.265082,3.0993,0.2896,0.171785,8.125852,1.322151,0.262489,3.1460,8.100314,1.257686,0.266314,3.0380,0.2401,0.151061,1.261386,0.0858,8.100314,1.209297,0.321664,4.6145,-1.000000,-0.932881,1672.2665,0,1,sand,1.0000,1.100000,0,0,0.000000,0.000000,0.000000,0,nan,0.00,0.154086,0.7505,0.0006,0.081357,0.6606,0.45,6.70,7.60,6.76,0.063551,-2.9955,-1.4685,0.008000,0.142991,0.3722,0.094650,0.224275,0.060534,-790.4379297833177,537.9284059013312,-1737.893141502604,504.80965208535224,-0.082311,0.012687,6210.8,6409.8,0.223913,0.172366,-1.000000,3.0284,1.0000,,,,,
4.2960,1778840833.206121,358,8.115700,1.308757,0.268352,3.1595,0.2461,0.175836,8.160800,1.338105,0.264598,3.1667,8.136998,1.318576,0.269573,3.0633,0.2355,0.148827,1.250171,0.0738,8.136998,1.221487,0.319935,4.6396,-1.000000,-0.960697,1669.2882,0,1,sand,1.0000,1.100000,0,0,0.000000,0.000000,0.000000,0,nan,0.00,0.131359,0.7476,0.0005,0.069357,0.6491,0.44,6.69,7.56,6.65,0.079505,-2.8747,-1.4729,0.008000,0.044745,0.0788,0.082239,0.170067,-0.000589,-477.07676660910215,709.0249293390904,-1961.9175975930343,526.1441234631866,-0.092184,0.013595,6213.6,6407.0,0.221976,0.162608,-1.000000,3.0538,1.0000,,,,,
4.3080,1778840833.218277,359,8.143850,1.382849,0.268927,3.2176,0.1765,0.169475,8.196024,1.354087,0.266664,3.1910,8.165272,1.392543,0.270123,3.0950,0.2199,0.145724,1.253814,0.0618,8.165272,1.230834,0.318620,4.6588,-1.000000,-0.983287,1655.0238,0,1,sand,1.0000,1.100000,0,0,0.000000,0.000000,0.000000,0,nan,0.00,0.108631,0.7447,0.0005,0.057357,0.6373,0.41,6.68,7.51,6.66,0.095487,-2.7563,-1.4677,0.008000,0.071372,-0.0580,0.090514,0.152727,0.004074,-856.6938957435391,593.0036790948153,-2067.2419204680323,635.3662883196155,-0.097017,0.017948,6212.6,6408.0,0.222648,0.150298,-1.000000,3.0855,1.0000,,,,,
4.3200,1778840833.230221,360,8.233600,1.461976,0.275300,3.1844,0.1676,0.163360,8.231523,1.370023,0.268652,3.2114,8.255138,1.471704,0.276473,3.1140,0.2052,0.141574,1.242874,0.0498,8.255138,1.260272,0.314538,4.7193,1.000000,-0.990842,1659.1806,0,1,sand,1.0000,1.100000,0,0,0.000000,0.000000,0.000000,0,nan,0.00,0.131359,0.7415,0.0005,0.069357,0.6254,0.42,6.68,7.52,6.67,0.111423,-2.6425,-1.5080,0.008000,0.127145,0.4965,0.090448,0.155661,0.015970,-1048.208013371744,704.275567575026,-2162.607371170832,726.6208254075492,-0.102525,0.021342,6215.3,6405.2,0.220747,0.165204,-1.000000,3.1047,1.0000,,,,,
4.3320,1778840833.242391,361,8.195115,1.312739,0.267315,3.2309,0.2127,0.156942,8.267307,1.385879,0.270540,3.2352,8.216846,1.322309,0.268483,3.1381,0.2073,0.144419,1.203075,0.0769,8.216846,1.247778,0.316259,4.6936,-1.000000,-0.925377,1614.5741,0,1,sand,1.0000,1.100000,0,0,0.000000,0.000000,0.000000,0,nan,0.00,0.108631,0.7382,0.0005,0.057357,0.6143,0.41,6.69,7.51,6.75,0.127279,-2.5343,-1.4584,0.008000,0.207080,0.0741,0.091314,0.155789,0.017073,-1464.9450104727373,773.3649945331706,-1838.752609149406,724.3335740744933,-0.087010,0.020508,6225.4,6395.2,0.213726,0.168077,1.000000,3.1291,1.0000,,,,,
4.3440,1778840833.254346,362,8.346356,1.376732,0.269665,3.2582,0.2365,0.146378,8.303400,1.401597,0.272309,3.2552,8.368260,1.386339,0.270790,3.1632,0.2053,0.136843,1.208305,0.0499,8.368260,1.296743,0.309101,4.7942,-1.000000,-0.887921,1620.1540,0,1,sand,1.0000,1.100000,0,0,0.000000,0.000000,0.000000,0,nan,0.00,0.085904,0.7349,0.0004,0.045357,0.6037,0.40,6.69,7.49,6.68,0.142997,-2.4329,-1.5390,0.008000,0.032048,-0.0425,0.083824,0.131982,-0.003312,-1288.4508682025325,658.3105547719798,-2037.2974556942386,635.8279782224677,-0.096373,0.017249,6224.2,6396.4,0.214563,0.155488,-1.000000,3.1541,1.0000,,,,,
4.3560,1778840833.301075,363,8.330602,1.410718,0.285755,3.2304,0.1748,0.149345,8.339734,1.417355,0.274089,3.2786,8.352543,1.420609,0.286854,3.1780,0.1941,0.131880,1.214214,0.0378,8.352543,1.291717,0.309898,4.7839,-0.431965,-0.886459,1609.7532,0,1,sand,1.0000,1.100000,0,0,0.000000,0.000000,0.000000,0,nan,0.00,0.076087,0.7314,0.0004,0.040174,0.5930,0.41,6.98,7.80,8.59,0.158755,-2.3309,-1.5053,0.008000,0.042375,0.1311,0.085420,0.193338,0.079520,-1265.5882996132834,517.7663225996503,-2171.6903547509824,670.1177950730705,-0.103131,0.018754,6222.8,6397.8,0.215559,0.164458,-1.000000,3.1689,1.0000,,,,,
4.3920,1778840833.310484,364,8.461696,1.490190,0.282575,3.2792,0.1727,0.126962,8.450454,1.464227,0.278949,3.3452,8.487810,1.501395,0.283725,3.2257,0.1749,0.116890,1.215435,0.0364,8.487810,1.334499,0.302582,4.8721,-0.132046,-0.907510,1594.7414,0,1,sand,1.0000,1.100000,0,0,0.000000,0.000000,0.000000,0,nan,0.00,0.067084,0.7189,0.0004,0.035420,0.5603,0.89,6.92,8.71,6.63,0.125927,-1.3132,-1.5269,0.008000,0.134005,0.0662,0.050863,0.260625,0.141415,-1432.8601083509682,895.3262374362248,-2072.1249129909847,602.6475203503393,-0.093559,0.016517,6222.2,6398.4,0.215968,0.161021,-0.143988,3.2150,1.0000,,,,,
4.4040,1778840833.317686,365,8.554132,1.523900,0.283938,3.4252,0.1267,0.122826,8.487914,1.479679,0.280407,3.3631,8.583083,1.536081,0.285140,3.2672,0.1609,0.110667,1.199451,0.0342,8.583083,1.363952,0.297074,4.9331,-1.000000,-0.882383,1574.2127,0,1,sand,1.0000,1.100000,0,0,0.000000,0.000000,0.000000,0,nan,0.00,0.044356,0.7151,0.0003,0.023420,0.5498,1.32,6.88,9.52,6.63,0.141379,-1.2297,-1.5700,0.008000,0.156150,-0.0296,0.067407,0.157125,-0.004838,-1238.483247187659,436.8736951291427,-2028.9335390474635,647.8893507026235,-0.090218,0.018101,6226.0,6394.6,0.213308,0.128230,-0.396137,3.2557,1.0000,,,,,
4.4160,1778840833.326311,366,8.499782,1.555070,0.289479,3.3922,0.2182,0.119319,8.525646,1.495068,0.281807,3.3842,8.527902,1.567015,0.290591,3.2933,0.1631,0.104206,1.205431,0.0142,8.527902,1.346964,0.300247,4.8979,-1.000000,-0.890533,1543.3217,0,1,sand,1.0000,1.100000,0,0,0.000000,0.000000,0.000000,0,nan,0.00,0.021629,0.7112,0.0003,0.011420,0.5391,1.18,6.86,9.21,6.73,0.156768,-1.1495,-1.5136,0.008000,0.060734,0.2741,0.061783,0.180599,0.037822,-1505.1457418605467,561.32474947944,-2138.3492255833653,514.3360030300432,-0.101045,0.013641,6224.6,6395.9,0.214269,0.133424,-1.000000,3.2821,1.0000,,,,,
4.4280,1778840833.338136,367,8.503886,1.462173,0.286283,3.4050,0.2208,0.110347,8.563624,1.510404,0.283147,3.4020,8.531434,1.473698,0.287312,3.3167,0.1660,0.098232,1.200993,0.0025,8.531434,1.348057,0.300042,4.9001,-1.000000,-0.901897,1515.7136,0,1,sand,1.0000,1.100000,0,0,0.000000,0.000000,0.000000,0,nan,0.00,-0.001098,0.7072,0.0003,-0.000580,0.5282,1.05,6.83,8.94,6.67,0.172104,-1.0727,-1.4981,0.008000,0.141288,-0.2491,0.067589,0.196037,0.023383,-1102.2534470968674,565.3081934012282,-2304.5229582093857,373.0290934763417,-0.111347,0.009038,6225.8,6394.8,0.213456,0.135227,-1.000000,3.3059,1.0000,,,,,
4.4400,1778840833.350353,368,8.597925,1.578512,0.288715,3.3745,0.1844,0.106611,8.601830,1.525712,0.284431,3.4203,8.624855,1.589729,0.289668,3.3297,0.1619,0.092283,1.198689,-0.0093,8.624855,1.376685,0.294710,4.9596,-1.000000,-0.894870,1523.7626,0,1,sand,1.0000,1.100000,0,0,0.000000,0.000000,0.000000,0,nan,0.00,-0.023825,0.7031,0.0003,-0.012580,0.5175,0.95,6.80,8.70,6.64,0.187412,-0.9992,-1.5393,0.008000,0.159352,0.3317,0.060721,0.145749,-0.033154,-1039.8508055115624,818.9003399398072,-2433.1783912034466,311.23015240468874,-0.119777,0.007131,6226.4,6394.2,0.213030,0.146454,-1.000000,3.3192,1.0000,,,,,
4.4520,1778840833.362537,369,8.632233,1.522767,0.282295,3.4459,0.2511,0.103768,8.640263,1.540990,0.285670,3.4380,8.658924,1.533667,0.283186,3.3540,0.1692,0.086612,1.195225,-0.0211,8.658924,1.386992,0.292807,4.9810,-1.000000,-0.904180,1501.9672,0,1,sand,1.0000,1.100000,0,0,0.000000,0.000000,0.000000,0,nan,0.00,-0.046553,0.6990,0.0003,-0.024580,0.5067,0.88,6.82,8.58,6.91,0.126790,-0.1238,-1.5430,0.008000,0.031460,-0.1249,0.059695,0.190833,0.012936,-1052.8444722715394,586.5248758674607,-2621.7668397927837,125.9585525144977,-0.131987,0.001440,6227.3,6393.2,0.212381,0.131373,-1.000000,3.3437,1.0000,,,,,
4.4640,1778840833.444791,370,8.679392,1.620815,0.281942,3.4726,0.1540,0.138347,8.678689,1.556888,0.287305,3.4495,8.706003,1.631570,0.282833,3.3788,0.1583,0.086180,1.200977,-0.0330,8.706003,1.401118,0.290213,5.0106,-1.000000,-0.894408,1489.8585,0,1,sand,1.0000,1.100000,0,0,0.000000,0.000000,0.000000,0,nan,0.00,-0.069280,0.6948,0.0003,-0.036580,0.4959,0.82,7.26,8.90,9.75,0.142688,-0.0301,-1.5611,0.008000,0.078910,-1.0370,0.069210,0.185210,0.008838,430.3542270003934,1250.650120488538,-2849.033781270298,253.01880831995342,-0.141596,0.005887,6225.9,6394.7,0.213395,0.134093,-1.000000,3.3686,1.0000,,,,,
4.5120,1778840833.455426,371,8.841008,1.643911,0.292464,3.5490,0.2016,0.070071,8.835249,1.617976,0.291734,3.5252,8.869803,1.655425,0.293173,3.4678,0.1570,0.061719,1.210268,-0.0455,8.869803,1.449238,0.281158,5.1118,-1.000000,-0.933318,1430.2603,0,1,sand,1.0000,1.100000,0,0,0.000000,0.000000,0.000000,0,nan,0.00,-0.160189,0.6741,0.0002,-0.084580,0.4511,0.83,7.34,9.01,7.83,0.203776,0.2237,-1.5866,0.008000,0.048864,-0.2144,0.069800,0.229959,0.012406,-2379.8719168006223,528.6047664007926,-2809.305721733321,-244.47402753187038,-0.139044,-0.008672,6223.4,6397.1,0.215094,0.110702,-0.250000,3.4570,1.0000,,,,,
4.5480,1778840833.463932,372,8.939968,1.684831,0.292146,3.6290,0.1034,0.051132,8.955455,1.662053,0.293996,3.5709,8.970342,1.696093,0.292649,3.5398,0.1105,0.033118,1.176529,-0.0937,8.970342,1.477954,0.275210,5.1728,-1.000000,-0.886092,1368.2706,0,1,sand,1.0000,1.100000,0,0,0.000000,0.000000,0.000000,0,nan,0.00,-0.228371,0.6592,0.0002,-0.120580,0.4192,0.90,7.41,9.21,7.78,0.175753,1.1805,-1.6019,0.008000,0.029901,-0.3867,0.079439,0.225683,0.034343,-2212.287050934183,609.3886425955648,-3050.8438198294475,-210.8009895481499,-0.164894,-0.006837,6231.8,6388.7,0.209235,0.096012,-1.333333,3.5290,1.0000,,,,,
4.5600,1778840833.550653,373,9.073794,1.632033,0.295913,3.5825,0.0505,0.042985,8.996022,1.676342,0.294504,3.5860,9.104131,1.643001,0.296312,3.5499,0.0838,0.018188,1.159501,-0.1297,9.104131,1.515137,0.266910,5.2527,-0.397391,-0.842165,1366.5295,0,1,sand,1.0000,1.100000,0,0,0.000000,0.000000,0.000000,0,nan,0.00,-0.237403,0.6547,0.0002,-0.125349,0.4091,0.84,7.70,9.38,9.35,0.190042,1.2096,-1.6666,0.008000,0.104712,0.2330,0.065858,0.188333,0.012929,-2087.752825642519,296.1646787494785,-3483.953304843096,-134.11474200197387,-0.191686,-0.004243,6236.3,6384.3,0.206143,0.107374,-3.000000,3.5393,1.0000,,,,,
4.6080,1778840833.560887,374,9.146085,1.808407,0.301508,3.6170,0.1090,0.021523,9.160342,1.732541,0.296050,3.6412,9.177404,1.819427,0.301711,3.5877,0.0710,-0.001141,1.104259,-0.1290,9.177404,1.534991,0.262279,5.2958,-1.000000,-0.781758,1347.8718,0,1,sand,1.0000,1.100000,0,0,0.000000,0.000000,0.000000,0,nan,0.00,-0.328312,0.6338,0.0001,-0.173349,0.3716,0.78,7.72,9.28,7.82,0.178241,2.2010,-1.6547,0.044000,0.135416,0.5762,0.078471,0.240654,0.059851,-1804.0880652149685,366.4942509991345,-3088.2039777075106,-385.4967703863189,-0.180865,-0.012031,6250.3,6370.2,0.196345,0.106642,-0.099348,3.5774,1.0000,,,,,
4.6440,1778840833.569353,375,9.326515,1.786737,0.296585,3.7492,0.0446,0.012752,9.285657,1.773586,0.296559,3.6791,9.358878,1.797236,0.296602,3.6593,0.0296,-0.026575,1.067682,-0.1827,9.358878,1.582579,0.250568,5.4011,-1.000000,-0.695415,1281.4083,0,1,sand,1.0000,1.100000,0,0,0.000000,0.000000,0.000000,0,nan,0.00,-0.396493,0.6192,0.0001,-0.209349,0.3466,0.80,7.74,9.33,7.87,0.219286,2.2301,-1.7220,0.032000,0.132208,-0.1581,0.060463,0.119801,-0.057240,-1634.3943739451925,207.89531278472492,-3631.7744985530526,-337.44363693139064,-0.212453,-0.009478,6259.7,6360.8,0.189795,0.079481,-1.333333,3.6493,1.0000,,,,,
4.6560,1778840833.655900,376,9.253300,1.840400,0.293467,3.7080,0.0114,0.008459,9.327772,1.787173,0.296700,3.6983,9.285711,1.850472,0.293397,3.6705,0.0075,-0.040092,1.057666,-0.2186,9.285711,1.563666,0.255330,5.3590,-1.000000,-0.622739,1260.6890,0,1,sand,1.0000,1.100000,0,0,0.000000,0.000000,0.000000,0,nan,0.00,-0.419221,0.6148,0.0001,-0.221349,0.3391,0.76,8.10,9.62,10.12,0.232873,2.2382,-1.6607,0.008000,0.057738,-0.1429,0.003228,0.181017,0.034372,-785.4573166126447,-765.1606081252186,-4067.059688764214,-280.36525619825494,-0.242108,-0.007461,6262.5,6358.1,0.187878,0.114227,-3.000000,3.6607,1.0000,,,,,
4.7040,1778840833.666926,377,9.544266,1.843600,0.301587,3.7390,0.0321,-0.020694,9.497039,1.842726,0.297873,3.7240,9.579368,1.854166,0.301270,3.7070,-0.0175,-0.065189,0.798406,-0.2312,9.579368,1.637303,0.235930,5.5257,0.528401,-0.252914,1250.3727,0,1,sand,1.0000,1.100000,0,0,0.000000,0.000000,0.000000,0,nan,0.00,-0.371184,0.5970,0.0001,-0.195985,0.3269,0.90,8.06,9.86,7.83,0.224726,3.2454,-1.8017,0.044000,0.134971,0.1980,0.033172,0.196608,0.024184,-4028.569185831827,-242.64895365201437,-3769.4277155522996,-467.5144230678279,-0.237781,-0.012701,6328.2,6292.4,0.142055,0.090043,-0.250000,3.6990,1.0000,,,,,
4.7400,1778840833.675414,378,9.678821,1.861857,0.296132,3.7760,-0.1177,-0.042940,9.626466,1.880002,0.296698,3.7517,9.715740,1.871861,0.295670,3.7392,-0.0704,-0.071365,0.771594,-0.1906,9.715740,1.669433,0.226844,5.6013,0.166150,-0.047623,1224.2006,0,1,sand,1.0000,1.100000,0,0,0.000000,0.000000,0.000000,0,nan,0.00,-0.359856,0.5861,0.0001,-0.190004,0.3252,1.09,8.02,10.20,7.84,0.202702,4.1327,-1.8496,0.032000,0.175743,-0.3131,0.033147,0.130852,0.026573,-3299.933728428825,297.650612070307,-3275.1642010239134,-109.4506544077169,-0.184576,-0.002347,6335.9,6284.7,0.136689,0.083273,0.704535,3.7312,1.0000,,,,,
4.7520,1778840833.775235,379,9.714320,1.929702,0.299457,3.7920,0.0397,-0.062388,9.670040,1.891643,0.295977,3.7588,9.750584,1.939675,0.298940,3.7508,-0.0587,-0.075713,0.777439,-0.1883,9.750584,1.677433,0.224527,5.6206,-1.000000,0.052149,1217.1756,0,1,sand,1.0000,1.100000,0,0,0.000000,0.000000,0.000000,0,nan,0.00,-0.382583,0.5830,0.0001,-0.202004,0.3259,1.00,8.41,10.41,10.57,0.214343,4.0914,-1.8617,0.008000,0.027281,0.3158,-0.023048,0.225727,0.107082,-3935.154670732207,-128.52220984146908,-3178.290003713694,-355.79757240429603,-0.177747,-0.009454,6335.0,6285.6,0.137349,0.077430,0.498450,3.7430,1.0000,,,,,
4.8000,1778840833.786793,380,9.776661,2.026728,0.300023,3.7999,-0.0843,-0.106738,9.846203,1.934711,0.291823,3.7827,9.814852,2.036195,0.299092,3.7787,-0.0969,-0.112181,0.755231,-0.2124,9.814852,2.036195,-0.205272,5.6559,-1.000000,0.135874,1199.8804,0,1,sand,1.0000,1.100000,0,0,0.000000,0.000000,0.000000,0,nan,0.00,-0.473492,0.5718,0.0001,-0.250004,0.3324,1.00,8.36,10.36,8.07,0.257411,3.8534,-1.8732,0.044000,0.157287,0.6093,-0.005365,0.165007,0.027689,-3487.9927540653243,26.376336333743723,-3098.710511979842,-634.6604150330546,-0.162779,-0.017528,6340.8,6279.7,0.133248,0.078423,-0.250000,3.7709,1.0000,,,,,
4.8360,1778840833.795580,381,9.996272,1.932876,0.282198,3.7828,-0.1214,-0.122339,9.980050,1.963548,0.287494,3.7996,10.035258,1.940914,0.280956,3.7838,-0.1380,-0.145235,0.753251,-0.2605,10.035258,1.739436,0.203780,5.7733,1.000000,0.200566,1198.4683,0,1,sand,1.0000,1.100000,0,0,0.000000,0.000000,0.000000,0,nan,0.00,-0.405310,0.5656,0.0001,-0.214004,0.3396,1.07,8.29,10.44,7.95,0.231448,4.6399,-1.9738,0.032000,0.062282,-0.7192,-0.010961,0.111438,0.020862,-3265.8571762427678,-689.9774307741018,-3515.378052566585,-717.291610031447,-0.192213,-0.019891,6341.6,6279.0,0.132742,0.085668,-1.333333,3.7759,1.0000,,,,,
4.8480,1778840833.804193,382,9.994240,1.946944,0.291794,3.8793,-0.1562,-0.134727,10.024960,1.972602,0.285891,3.8051,10.040144,1.956675,0.290296,3.8051,-0.1435,-0.141964,0.747780,-0.2017,10.040144,1.740445,0.203403,5.7758,0.546381,0.238785,1177.1861,0,1,sand,1.0000,1.100000,0,0,0.000000,0.000000,0.000000,0,nan,0.00,-0.392893,0.5639,0.0000,-0.207447,0.3425,2.01,8.25,12.26,7.98,0.240502,4.5480,-1.9707,0.008000,0.086119,0.1868,-0.020441,0.149976,0.030052,-3253.909767315282,-695.3681331013356,-2865.828951710916,-723.7636160447855,-0.148779,-0.019734,6343.2,6277.3,0.131592,0.067300,3.000000,3.7959,1.0000,,,,,
4.8600,1778840833.911496,383,10.058432,1.982436,0.286823,3.7861,-0.2380,-0.147961,10.070013,1.981364,0.284211,3.8091,10.102679,1.991173,0.285307,3.8028,-0.1636,-0.146138,0.744777,-0.2010,10.102679,1.753187,0.198628,5.8076,0.657433,0.267827,1183.2505,0,1,sand,1.0000,1.100000,0,0,0.000000,0.000000,0.000000,0,nan,0.00,-0.377951,0.5624,0.0000,-0.199558,0.3457,1.79,8.59,12.17,10.56,0.249264,4.4518,-1.9985,0.008000,0.075660,-0.2605,-0.034563,0.121948,0.034292,-3210.6603934725845,-1113.9614822381266,-2749.2693193434625,-624.4810802056088,-0.130733,-0.016683,6344.1,6276.5,0.130999,0.094070,0.546381,3.7940,1.0000,,,,,
4.9080,1778840833.923005,384,10.241667,2.061957,0.278386,3.8349,-0.1447,-0.156524,10.251610,2.013528,0.276687,3.8293,10.286807,2.070017,0.276630,3.8228,-0.1704,-0.160095,0.737686,-0.1917,10.286807,1.788941,0.185060,5.9081,-0.379096,0.305179,1172.8945,0,1,sand,1.0000,1.100000,0,0,0.000000,0.000000,0.000000,0,nan,0.00,-0.412414,0.5580,0.0000,-0.217755,0.3603,1.68,8.52,11.88,8.11,0.231528,5.0965,-2.0787,0.008000,0.082585,-0.5436,-0.040246,0.140321,0.055103,-2893.0988658376746,-629.717801960564,-2518.410578197026,-892.4208489344924,-0.110186,-0.024236,6346.0,6274.6,0.129681,0.079560,0.164358,3.8140,1.0000,,,,,
4.9440,1778840833.931794,385,10.358051,2.010977,0.267636,3.8167,-0.2241,-0.170161,10.388919,2.035428,0.270693,3.8451,10.403095,2.017722,0.265686,3.8238,-0.2096,-0.180017,0.733065,-0.2222,10.403095,1.810194,0.176417,5.9741,0.510512,0.337083,1173.9056,0,1,sand,1.0000,1.100000,0,0,0.000000,0.000000,0.000000,0,nan,0.00,-0.377607,0.5563,0.0000,-0.199376,0.3725,1.66,8.44,11.76,7.98,0.208328,5.8274,-2.1291,0.008000,0.050883,0.0690,-0.043937,0.132499,0.074574,-2189.9486426336853,-713.4944808632522,-2635.738114471505,-814.6220852899846,-0.111736,-0.021402,6347.2,6273.3,0.128792,0.091262,-0.505461,3.8151,1.0000,,,,,
4.9560,1778840834.035508,386,10.461144,2.081560,0.275395,3.8154,-0.1967,-0.164325,10.434863,2.042547,0.268754,3.8508,10.504555,2.088436,0.273534,3.8234,-0.2049,-0.173157,0.724687,-0.1935,10.504555,1.827876,0.168632,6.0160,-1.000000,0.373575,1179.4721,0,1,sand,1.0000,1.100000,0,0,0.000000,0.000000,0.000000,0,nan,0.00,-0.400334,0.5559,0.0000,-0.211376,0.3769,1.49,8.67,11.66,9.97,0.215447,5.7163,-2.1652,0.008000,0.068130,-0.0403,-0.064647,0.105079,0.035146,-2319.4995264267945,-1169.8867536220569,-2208.6249539674113,-812.9528678799998,-0.090726,-0.021526,6349.4,6271.2,0.127270,0.094310,1.531536,3.8152,1.0000,,,,,
5.0040,1778840834.046370,387,10.621437,2.028173,0.258765,3.9112,-0.2525,-0.170703,10.619882,2.069439,0.260760,3.8799,10.665381,2.033809,0.256781,3.8703,-0.2427,-0.187910,0.717587,-0.2227,10.665381,1.854207,0.155829,6.0346,0.118999,0.405633,1135.4360,0,1,sand,1.0000,1.100000,0,0,0.000000,0.000000,0.000000,0,nan,0.00,-0.389516,0.5564,0.0000,-0.205664,0.3964,1.35,8.56,11.25,7.90,0.242339,5.2583,-2.1547,0.044000,0.146113,-0.6834,-0.015056,0.076264,0.027286,-1957.9103626937044,-1010.3798779030576,-2395.042234883762,-642.5097341737599,-0.090492,-0.015831,6351.3,6269.3,0.125947,0.068842,-0.250000,3.8622,1.0000,,,,,
5.0400,1778840834.054940,388,10.766797,2.060143,0.262021,4.0176,-0.1998,-0.171689,10.759912,2.088186,0.254716,3.9040,10.810400,2.066011,0.260057,3.9352,-0.2339,-0.187281,0.717755,-0.2043,10.810400,1.876104,0.143879,6.0322,-0.770707,0.426437,1076.9230,0,1,sand,1.0000,1.100000,0,0,0.000000,0.000000,0.000000,0,nan,0.00,-0.442064,0.5579,0.0000,-0.233410,0.4118,1.27,8.47,11.02,8.00,0.220986,6.0649,-2.1282,0.032000,0.124483,0.0802,0.030675,0.065484,0.016200,-2425.845340896942,-954.7881488893321,-2300.6926646173433,-775.6315577789069,-0.086334,-0.019033,6351.3,6269.2,0.125932,0.035943,0.158666,3.9273,1.0000,,,,,
5.0520,1778840834.160664,389,10.735467,2.095077,0.254933,3.9271,-0.1480,-0.164094,10.806820,2.094169,0.252704,3.9112,10.777904,2.100465,0.252971,3.9351,-0.2334,-0.197324,0.733161,-0.2417,10.777904,1.871352,0.146551,6.0325,-1.000000,0.415588,1076.3863,0,1,sand,1.0000,1.100000,0,0,0.000000,0.000000,0.000000,0,nan,0.00,-0.464791,0.5585,0.0000,-0.245410,0.4168,1.16,8.79,11.11,10.57,0.226969,5.9496,-2.1213,0.008000,0.055501,0.4153,0.030118,0.090622,0.024546,-1690.176028536514,-307.009267928423,-2642.4365754588976,-856.9377422523025,-0.117065,-0.021874,6347.5,6273.1,0.128634,0.062962,-2.312122,3.9272,1.0000,,,,,
5.1000,1778840834.172151,390,10.982593,2.088902,0.246399,3.9076,-0.2417,-0.171743,10.995427,2.116809,0.244627,3.9381,11.026364,2.093710,0.244315,3.9260,-0.2573,-0.205077,0.749897,-0.2565,11.026364,1.905486,0.126715,6.0331,0.079790,0.415176,1088.5526,0,1,sand,1.0000,1.100000,0,0,0.000000,0.000000,0.000000,0,nan,0.00,-0.457538,0.5626,0.0000,-0.241580,0.4367,1.17,8.67,11.00,7.99,0.214709,6.6378,-2.0950,0.044000,0.112039,-0.5626,0.021723,0.065781,0.013598,-2108.3529989592876,-1497.9550140600954,-2850.7716832159635,-717.7841189997582,-0.121842,-0.017661,6343.2,6277.3,0.131585,0.071589,-0.250000,3.9176,1.0000,,,,,
5.1360,1778840834.180812,391,11.150891,2.187384,0.233903,3.9369,-0.1985,-0.177860,11.138136,2.132187,0.238428,3.9591,11.195234,2.191766,0.231774,3.9342,-0.2474,-0.204802,0.757989,-0.2407,11.195234,1.925827,0.112819,6.0331,-1.000000,0.421174,1085.2611,0,1,sand,1.0000,1.100000,0,0,0.000000,0.000000,0.000000,0,nan,0.00,-0.525719,0.5662,0.0000,-0.277580,0.4518,1.28,8.57,11.14,8.01,0.200287,7.4705,-2.0740,0.032000,0.145217,-0.2341,-0.016387,0.091824,0.019839,-2347.907317785181,-881.3077973939638,-2738.4700180562068,-860.6180069596421,-0.118764,-0.021494,6341.2,6279.4,0.133007,0.067419,0.106387,3.9257,1.0000,,,,,
5.1480,1778840834.322894,392,11.250149,2.162450,0.232132,3.9996,-0.3145,-0.165868,11.185947,2.137003,0.236322,3.9720,11.293456,2.166310,0.230002,3.9486,-0.2765,-0.217481,0.788394,-0.2885,11.293456,1.936530,0.104232,6.0329,-0.402615,0.396723,1071.7830,0,1,sand,1.0000,1.100000,0,0,0.000000,0.000000,0.000000,0,nan,0.00,-0.534870,0.5674,0.0000,-0.282411,0.4566,1.17,8.75,11.10,9.79,0.205103,7.3498,-2.0609,0.008000,0.065156,-0.5270,-0.066970,0.074426,0.033569,-2142.6569448179125,-682.7439227747228,-3137.6047617230547,-650.2864616364081,-0.150651,-0.015747,6333.5,6287.1,0.138387,0.054583,-3.000000,3.9400,1.0000,,,,,
5.1840,1778840834.333626,393,11.329480,2.135742,0.234095,4.0016,-0.2848,-0.184507,11.330010,2.150960,0.230010,3.9903,11.376036,2.139630,0.231743,3.9751,-0.2989,-0.225101,0.802067,-0.2871,11.376036,1.944871,0.097128,6.0329,0.271195,0.369487,1048.4843,0,1,sand,1.0000,1.100000,0,0,0.000000,0.000000,0.000000,0,nan,0.00,-0.516379,0.5717,0.0000,-0.272648,0.4699,1.44,8.66,11.54,8.14,0.219060,6.9881,-2.0426,0.032000,0.157116,0.0491,-0.042638,0.069815,0.060420,-2415.1691858817526,-1151.4000481172834,-3226.2409286628185,-559.8100179898289,-0.148418,-0.012315,6330.0,6290.6,0.140798,0.057103,-0.134205,3.9658,1.0000,,,,,
5.2320,1778840834.342450,394,11.582821,2.175938,0.216416,4.0793,-0.2719,-0.204183,11.523758,2.166021,0.220567,4.0144,11.629023,2.178838,0.214016,4.0300,-0.3014,-0.229796,0.756817,-0.2696,11.629023,1.966834,0.076000,6.0330,-0.224815,0.410979,1004.1941,0,1,sand,1.0000,1.100000,0,0,0.000000,0.000000,0.000000,0,nan,0.00,-0.536817,0.5786,0.0000,-0.283439,0.4896,1.35,8.56,11.26,7.96,0.209721,7.6631,-2.0185,0.032000,0.167110,-0.4235,0.020440,0.103144,0.084251,-2843.7336734920923,-988.9739127151199,-2975.802172594061,-727.701021987674,-0.133003,-0.015578,6341.4,6279.2,0.132882,0.035414,0.203396,4.0214,1.0000,,,,,
5.2440,1778840834.351084,395,11.548235,2.188718,0.218907,4.0766,-0.2801,-0.205682,11.572427,2.169329,0.218122,4.0188,11.600708,2.191898,0.216093,4.0417,-0.3138,-0.241704,0.752013,-0.2863,11.600708,1.964643,0.078428,6.0330,-0.258901,0.430788,993.8757,0,1,sand,1.0000,1.100000,0,0,0.000000,0.000000,0.000000,0,nan,0.00,-0.542701,0.5801,0.0000,-0.286546,0.4948,2.15,8.47,12.77,7.98,0.213029,7.5230,-2.0141,0.008000,0.057364,0.4362,0.022082,0.037471,0.015290,-2827.0739303100336,-1165.4783469495824,-3170.6130000572834,-744.9767357956853,-0.142159,-0.015957,6342.9,6277.7,0.131842,0.035725,-0.899261,4.0321,1.0000,,,,,
5.2560,1778840834.449698,396,11.602414,2.236211,0.224347,3.9667,-0.3205,-0.204468,11.621172,2.172284,0.215534,4.0215,11.652366,2.239352,0.221644,4.0283,-0.3216,-0.242460,0.726953,-0.2897,11.652366,1.968588,0.073976,6.0329,-0.866642,0.473089,1009.5105,0,1,sand,1.0000,1.100000,0,0,0.000000,0.000000,0.000000,0,nan,0.00,-0.562397,0.5817,0.0000,-0.296946,0.5005,1.90,8.71,12.52,10.09,0.215984,7.3747,-2.0114,0.008000,0.098452,0.9221,-0.008004,0.092496,0.085776,-2096.0991416891893,318.6495529856679,-3174.591107884848,-673.3385231550886,-0.141395,-0.014302,6349.2,6271.4,0.127417,0.069183,-0.258901,4.0194,1.0000,,,,,
5.3040,1778840834.460698,397,11.761449,2.168903,0.215298,4.0901,-0.2378,-0.259398,11.817866,2.179393,0.203199,4.0595,11.811356,2.171281,0.212275,4.0614,-0.3097,-0.269491,0.611571,-0.3075,11.811356,1.979241,0.059787,6.0331,0.427242,0.612631,986.0629,0,1,sand,1.0000,1.100000,0,0,0.000000,0.000000,0.000000,0,nan,0.00,-0.523557,0.5908,0.0000,-0.276438,0.5299,1.72,8.60,12.03,7.98,0.203993,7.9019,-1.9736,0.020000,0.017114,0.3475,-0.001265,0.139138,0.076787,1876.8615489155736,-4708.979456440292,-3121.4405709522107,-1327.576373128463,-0.145516,-0.032053,6378.5,6242.0,0.106965,0.040668,-0.216661,4.0540,1.0000,,,,,
5.3400,1778840834.469349,398,11.997045,2.267816,0.195629,4.0439,-0.3542,-0.170845,11.966090,2.186551,0.195703,4.0876,12.045564,2.269260,0.192983,4.0573,-0.3334,-0.242045,0.641716,-0.2714,12.045564,1.990913,0.040080,6.0327,-1.000000,0.680900,994.9659,0,1,sand,1.0000,1.100000,0,0,0.000000,0.000000,0.000000,0,nan,0.00,-0.591739,0.5981,0.0000,-0.312438,0.5544,1.60,8.52,11.73,8.07,0.197551,8.7023,-1.9451,0.008000,0.079422,0.2631,-0.055856,0.068820,0.072164,4350.342066224661,-3061.1474824915213,-2745.2730144881257,-561.1385762975474,-0.124067,-0.012224,6371.3,6249.3,0.112023,0.046341,0.569656,4.0498,1.0000,,,,,
5.3520,1778840834.594503,399,11.980411,2.218473,0.197963,4.0949,-0.2181,-0.141300,12.015324,2.190395,0.193986,4.0882,12.027338,2.220143,0.195444,4.0658,-0.3340,-0.247896,0.640412,-0.3238,12.027338,1.990168,0.041588,6.0328,0.070590,0.709582,987.1018,0,1,sand,1.0000,1.100000,0,0,0.000000,0.000000,0.000000,0,nan,0.00,-0.590135,0.6004,0.0000,-0.311591,0.5629,1.44,8.79,11.68,10.32,0.201395,8.6040,-1.9447,0.008000,0.031437,0.3461,-0.058384,0.101169,0.111879,5226.629710467704,-247.64090711020845,-3277.1639879615527,-488.06415620799714,-0.168726,-0.010950,6371.7,6248.8,0.111699,0.026337,-3.000000,4.0585,1.0000,,,,,
5.4000,1778840834.605808,400,12.172941,2.242259,0.199606,4.0892,-0.0920,-0.028564,12.209924,2.213435,0.190699,4.0669,12.219893,2.246257,0.197858,4.0805,-0.2557,-0.188567,0.606520,-0.3108,12.219893,1.996594,0.024824,6.0326,-1.000000,0.768087,981.6129,0,1,sand,1.0000,1.100000,0,0,0.000000,0.000000,0.000000,0,nan,0.00,-0.681044,0.6130,0.0000,-0.359591,0.5998,1.35,8.67,11.37,8.00,0.216135,9.6638,-1.9656,0.044000,0.112726,0.1265,-0.027457,0.200976,0.190685,4836.970047927231,-662.8034962272416,-3577.0582566073012,-8.661881699118325,-0.221741,-0.000373,6380.4,6240.1,0.105648,0.021228,0.017647,4.0735,1.0000,,,,,
5.4360,1778840834.614511,401,12.299924,2.198726,0.189866,4.0128,-0.0978,0.024974,12.354112,2.238417,0.191161,4.0639,12.345625,2.203161,0.188598,4.0546,-0.2410,-0.164850,0.577343,-0.3709,12.345625,1.998986,0.013297,6.0351,-0.287144,0.841083,1009.4502,0,1,sand,1.0000,1.100000,0,0,0.000000,0.000000,0.000000,0,nan,0.00,-0.700622,0.6228,0.0000,-0.369928,0.6301,1.31,8.57,11.18,7.98,0.241117,9.6902,-1.9712,0.032000,0.077031,0.2601,-0.074486,0.272186,0.333441,5165.466052840637,-428.8311510903836,-4422.3707469973,645.4011572888012,-0.300953,0.014305,6387.9,6232.6,0.100405,0.037936,-1.333333,4.0481,1.0000,,,,,
5.4480,1778840834.730367,402,12.378741,2.198829,0.187173,4.0082,-0.0442,0.063055,12.401871,2.248126,0.191813,4.0595,12.422909,2.203542,0.186159,4.0465,-0.2236,-0.147559,0.566432,-0.3731,12.422909,1.999750,0.006515,6.0357,-0.984319,0.895197,1020.0868,0,1,sand,1.0000,1.100000,0,0,0.000000,0.000000,0.000000,0,nan,0.00,-0.722993,0.6259,0.0000,-0.381740,0.6408,1.19,8.79,11.17,10.05,0.248126,10.9900,-1.9762,0.008000,0.110902,1.0539,-0.081125,0.281877,0.285926,5781.467764186344,-167.76307899214385,-4591.453152634875,769.0337053347873,-0.325220,0.018835,6390.8,6229.7,0.098383,0.042590,-0.861432,4.0404,1.0000,,,,,
5.4960,1778840834.741362,403,12.583165,2.297982,0.198045,4.0343,0.0792,0.122845,12.591026,2.293634,0.196781,4.0425,12.627009,2.305248,0.197708,4.0432,-0.1441,-0.098356,0.536516,-0.3926,12.627009,2.305248,-0.289177,6.0232,-1.000000,0.968357,1042.6973,0,1,sand,1.0000,1.100000,0,0,0.000000,0.000000,0.000000,0,nan,0.00,-0.813902,0.6424,0.0000,-0.429740,0.6873,1.10,8.67,10.87,7.99,0.293634,11.2747,-1.9807,0.044000,0.158574,1.5694,-0.092418,0.400087,0.390977,5617.463861076938,357.7046416713789,-4720.540536352048,912.8085593646204,-0.392250,0.025469,6398.6,6222.0,0.092989,0.041731,-0.246080,4.0374,1.0000,,,,,
5.5320,1778840834.750064,404,12.835206,2.304696,0.199505,4.1120,0.0883,0.169595,12.731147,2.334063,0.202431,4.0319,12.878641,2.313045,0.199578,4.0739,-0.1179,-0.074729,0.489964,-0.4406,12.878641,2.313045,-0.310996,6.0820,-1.000000,1.047575,1035.0508,0,1,sand,1.0000,1.100000,0,0,0.000000,0.000000,0.000000,0,nan,0.00,-0.882084,0.6553,0.0000,-0.465740,0.7250,1.10,8.57,10.76,7.99,0.336763,12.8609,-2.0500,0.032000,0.205601,1.1748,-0.072485,0.439591,0.409688,5100.594116471979,1801.8548790781174,-5073.157047730172,1188.7764085662147,-0.472662,0.035414,6410.5,6210.0,0.084651,0.025788,-1.333333,4.0686,1.0000,,,,,
5.5440,1778840834.862803,405,12.762504,2.275732,0.200869,4.0338,0.1111,0.174437,12.777533,2.348604,0.204568,4.0305,12.804700,2.284186,0.201034,4.0670,-0.1110,-0.071618,0.486726,-0.4763,12.804700,1.995956,-0.027068,6.0507,-1.000000,1.066041,1036.8123,0,1,sand,1.0000,1.100000,0,0,0.000000,0.000000,0.000000,0,nan,0.00,-0.904811,0.6592,0.0000,-0.477740,0.7378,1.01,8.88,10.89,10.60,0.351304,12.9834,-2.0201,0.008000,0.046703,1.6476,-0.050407,0.445060,0.399939,4808.9645435736475,1026.7050235283168,-4999.727059644159,1248.4887948547957,-0.518918,0.037512,6411.5,6209.1,0.083978,0.041423,-3.000000,4.0619,1.0000,,,,,
5.5920,1778840834.874324,406,12.967700,2.446726,0.213470,4.0217,0.2568,0.217071,12.961178,2.411930,0.214327,4.0052,13.010359,2.457616,0.214081,4.0470,-0.0286,-0.041517,0.443640,-0.4886,13.010359,2.457616,-0.160584,6.1236,-0.894211,1.091694,1106.5214,0,1,sand,1.0000,1.100000,0,0,0.000000,0.000000,0.000000,0,nan,0.00,-0.986103,0.6797,0.0000,-0.520662,0.7902,1.00,8.75,10.75,8.01,0.422930,14.7906,-2.1184,0.044000,0.253968,2.4103,-0.060939,0.529633,0.425290,5027.851490646775,1834.1756651997239,-4782.535645621387,1092.668427587983,-0.550000,0.033069,6422.6,6198.0,0.076281,0.056632,-0.250000,4.0422,1.0000,,,,,
5.6280,1778840834.883055,407,13.105025,2.503947,0.215880,3.9604,0.2427,0.239271,13.096856,2.464400,0.222646,3.9897,13.147028,2.515725,0.216795,4.0126,0.0017,-0.022389,0.432711,-0.5304,13.147028,2.515725,-0.038768,6.1188,-0.203825,1.116720,1162.4203,0,1,sand,1.0000,1.100000,0,0,0.000000,0.000000,0.000000,0,nan,0.00,-1.000000,0.6952,0.0000,-0.528000,0.8304,1.06,8.65,10.76,8.10,0.475400,15.2673,-2.1291,0.032000,0.165919,1.6048,-0.088924,0.528831,0.415176,4859.593296651949,2735.3151062510024,-4935.9038915837145,1209.08969083508,-0.550000,0.036736,6425.4,6195.2,0.074306,0.066653,-1.192281,4.0080,1.0000,,,,,
5.6400,1778840834.891877,408,13.173888,2.462953,0.217363,3.9944,0.3183,0.240545,13.141747,2.482784,0.225542,3.9872,13.222830,2.476717,0.218326,4.0108,-0.0040,-0.045490,0.435384,-0.5306,13.222830,2.476717,-0.024934,6.1182,0.000000,0.887603,1183.4389,0,1,sand,1.0000,1.100000,0,0,0.000000,0.000000,0.000000,0,nan,0.00,-1.000000,0.6999,0.0000,-0.528000,0.8410,2.01,8.56,12.58,8.08,0.507384,16.6631,-2.1310,0.008000,0.143020,1.4472,-0.117549,0.566408,0.447051,4621.027488875516,2018.880072119272,-4571.208107348626,1125.6796796371282,-0.550000,0.034128,6425.3,6195.3,0.074374,0.060899,-0.611476,4.0053,1.0000,,,,,
5.6520,1778840835.036825,409,13.197841,2.460016,0.225464,4.0675,0.3493,0.249388,13.186464,2.501621,0.228520,3.9833,13.244674,2.474258,0.226561,4.0225,0.0289,-0.027243,0.424587,-0.5280,13.244674,2.474258,-0.177775,6.1211,1.000000,1.037417,1146.0584,0,1,sand,1.0000,1.100000,0,0,0.000000,0.000000,0.000000,0,nan,0.00,-0.977273,0.7046,0.0000,-0.516000,0.8535,1.79,8.87,12.45,10.60,0.526221,16.8338,-2.1378,0.008000,0.116990,1.8101,-0.098296,0.590230,0.450888,4776.514460124482,2023.6468130802386,-4803.184239966638,1031.215581066053,-0.550000,0.031148,6427.2,6193.4,0.073061,0.040661,0.000000,4.0174,1.0000,,,,,
5.7000,1778840835.048395,410,13.329773,2.617552,0.235814,3.9325,0.3044,0.278272,13.363454,2.581588,0.241306,3.9650,13.376227,2.633263,0.237286,3.9805,0.0597,0.000250,0.389204,-0.5037,13.376227,2.633263,0.027357,6.1717,1.000000,1.133505,1842.6090,0,1,sand,1.0000,1.100000,0,0,0.000000,0.000000,0.000000,0,nan,0.00,-0.886364,0.7283,0.0000,-0.468000,0.9079,1.70,8.72,12.13,7.88,0.606188,17.5664,-2.2067,0.008000,0.114714,1.4831,-0.115546,0.572046,0.451769,4830.867736720732,1662.4550872247623,-4777.110062624755,1252.6244551402979,-0.550000,0.037127,6436.6,6183.9,0.066469,0.078995,0.250000,3.9758,1.0000,,,,,
5.7360,1778840835.057003,411,13.462352,2.655960,0.253948,3.8526,0.3949,0.291144,13.494287,2.646112,0.251672,3.9606,13.506949,2.673154,0.255672,3.9289,0.1152,0.027915,0.394435,-0.4559,13.506949,2.673154,0.026590,6.2206,-1.000000,0.633505,1558.0775,0,1,sand,1.0000,1.100000,0,0,0.000000,0.000000,0.000000,0,nan,0.00,-0.954545,0.7443,0.0000,-0.504000,0.9307,1.69,8.60,11.98,7.93,0.689812,19.3942,-2.2600,0.008000,0.096401,2.2569,-0.131631,0.565872,0.422757,4714.9498483328825,2063.0472854102745,-4761.372488962737,1104.9785657483972,-0.550000,0.032823,6435.5,6185.0,0.067221,0.089341,1.333333,3.9243,1.0000,,,,,
5.7480,1778840835.182590,412,13.643460,2.592344,0.244088,4.0373,0.4056,0.307941,13.537573,2.668512,0.255305,3.9600,13.686672,2.608971,0.245893,3.9505,0.1351,0.041046,0.379680,-0.5156,13.686672,2.608971,0.029960,6.2149,-1.000000,1.004394,1378.9034,0,1,sand,1.0000,1.100000,0,0,0.000000,0.000000,0.000000,0,nan,0.00,-0.977273,0.7492,0.0000,-0.516000,0.9428,1.52,8.91,11.95,10.67,0.712212,19.6023,-2.2549,0.008000,0.045294,1.7367,-0.108185,0.593912,0.479965,4373.025088958512,2141.530707975615,-4745.963200301361,1135.0917312454853,-0.550000,0.032243,6437.7,6182.9,0.065734,0.046298,-3.000000,3.9461,1.0000,,,,,
5.7960,1778840835.194242,413,13.729714,2.781078,0.274941,4.0017,0.4411,0.325202,13.709090,2.762424,0.270611,3.9581,13.773235,2.800440,0.277063,3.9775,0.1796,0.063133,0.353536,-0.5279,13.773235,2.800440,0.084413,6.2250,-0.250000,0.909649,1536.8690,0,1,sand,1.0000,1.100000,0,0,0.000000,0.000000,0.000000,0,nan,0.00,-1.000000,0.7723,0.0000,-0.528000,0.9864,1.47,8.76,11.71,7.90,0.830524,21.6953,-2.2669,0.044000,0.236321,2.9280,-0.091591,0.565075,0.409906,3289.7205364610572,1929.2942692427646,-4445.34106488645,1108.0630651729543,-0.550000,0.030468,6445.4,6175.1,0.060317,0.060487,-0.250000,3.9733,1.0000,,,,,
5.8320,1778840835.202854,414,13.828746,2.816431,0.284289,3.9759,0.5010,0.347642,13.836026,2.837401,0.282947,3.9620,13.871252,2.836887,0.286649,3.9786,0.2274,0.087783,0.361503,-0.5309,13.871252,2.836887,0.136099,6.2684,0.000000,0.597749,1597.1572,0,1,sand,1.0000,1.100000,0,0,0.000000,0.000000,0.000000,0,nan,0.00,-1.000000,0.7878,0.0000,-0.528000,1.0079,1.47,8.67,11.62,8.19,0.905501,22.4021,-2.3064,0.032000,0.106745,2.6916,-0.045029,0.683026,0.528203,4447.626062570163,1946.9462671162405,-4357.542538332536,1029.572919612457,-0.550000,0.027511,6443.1,6177.5,0.061947,0.063648,-0.333333,3.9744,1.0000,,,,,
5.8440,1778840835.349671,415,13.825051,2.835384,0.289602,3.8718,0.4990,0.351208,13.878020,2.863172,0.287178,3.9619,13.865840,2.855706,0.292002,3.9585,0.2457,0.100889,0.352397,-0.5280,13.865840,2.855706,0.138021,6.2654,0.000000,0.666593,1614.3802,0,1,sand,1.0000,1.100000,0,0,0.000000,0.000000,0.000000,0,nan,0.00,-1.000000,0.7925,0.0000,-0.528000,1.0159,1.34,8.83,11.51,9.74,0.961072,23.8323,-2.3036,0.008000,0.075643,1.7841,-0.013848,0.634280,0.458588,4013.8022204757926,2315.899924101637,-4591.262145571794,1007.6197811418357,-0.550000,0.027251,6444.4,6176.1,0.061021,0.088266,0.000000,3.9545,1.0000,,,,,
5.8920,1778840835.360384,416,14.040712,2.959156,0.304044,3.9238,0.5585,0.384019,14.044253,2.970512,0.304963,3.9682,14.080813,2.981151,0.306777,3.9435,0.2976,0.129473,0.358730,-0.5280,14.080813,2.981151,0.169733,6.3722,1.000000,0.166593,1916.6922,0,1,sand,1.0000,1.100000,0,0,0.000000,0.000000,0.000000,0,nan,0.00,-0.909091,0.8110,0.0000,-0.480000,1.0239,1.27,8.73,11.28,8.14,1.068412,24.8513,-2.4040,0.044000,0.235961,3.0966,-0.049010,0.703325,0.528312,3553.323834636705,1121.4299841681666,-4550.2473649850945,1063.3255404952513,-0.550000,0.026116,6443.0,6177.5,0.061998,0.080616,0.000000,3.9395,1.0000,,,,,
5.9280,1778840835.369233,417,14.196217,2.945214,0.322732,3.9775,0.5277,0.407341,14.167211,3.055156,0.319190,3.9771,14.235811,2.968451,0.325699,3.9591,0.3100,0.149611,0.328829,-0.4686,14.235811,2.968451,0.187148,6.4196,1.000000,0.556368,1820.8522,0,1,sand,1.0000,1.100000,0,0,0.000000,0.000000,0.000000,0,nan,0.00,-0.840909,0.8237,0.0000,-0.444000,1.0440,1.31,8.61,11.24,7.95,1.187956,26.8175,-2.4424,0.032000,0.046718,2.2549,-0.057405,0.665075,0.513239,3616.428233893779,959.6076538011039,-4639.105309075056,1472.305785161313,-0.550000,0.032941,6449.2,6171.4,0.057724,0.070934,1.333333,3.9554,1.0000,,,,,
5.9400,1778840835.576078,418,14.239528,3.080551,0.326749,4.0466,0.5371,0.417265,14.207843,3.084281,0.324176,3.9812,14.277814,3.103507,0.329741,3.9767,0.3218,0.163884,0.340371,-0.4330,14.277814,3.103507,0.207862,6.4344,1.000000,0.056368,2544.9934,0,1,sand,1.0000,1.100000,0,0,0.000000,0.000000,0.000000,0,nan,0.00,-0.818182,0.8274,0.0000,-0.432000,1.0446,1.18,8.75,11.12,9.52,1.217081,27.1032,-2.4532,0.008000,0.095922,1.7946,-0.041675,0.658534,0.513149,3659.583173103336,1736.7532033091352,-4571.5485703839695,1619.2193869796947,-0.550000,0.035019,6447.3,6173.3,0.059017,0.052660,3.000000,3.9730,1.0000,,,,,
5.9880,1778840835.586532,419,14.291031,3.167668,0.348027,3.9209,0.5237,0.424800,14.368889,3.204398,0.344543,4.0002,14.330051,3.192574,0.351301,3.9512,0.3182,0.171790,0.320359,-0.4206,14.330051,3.192574,0.244676,6.4557,-1.000000,0.556368,2056.0039,0,1,sand,1.0000,1.100000,0,0,0.000000,0.000000,0.000000,0,nan,0.00,-0.909091,0.8440,0.0000,-0.480000,1.0714,1.35,8.48,11.17,6.93,1.337198,28.2701,-2.4554,0.044000,0.169429,2.6320,-0.046247,0.673476,0.550453,3413.069039535819,2472.5282803710297,-4593.884060724031,1913.5030052915645,-0.550000,0.043060,6451.0,6169.6,0.056449,0.093750,0.250000,3.9475,1.0000,,,,,
6.0360,1778840835.594164,420,14.459762,3.363826,0.363658,4.0482,0.6828,0.422400,14.527838,3.329358,0.364931,4.0108,14.496846,3.389564,0.366980,3.9999,0.4007,0.196040,0.285912,-0.4910,14.496846,3.389564,0.282433,6.5397,-1.000000,0.056368,5962.4698,0,1,sand,1.0000,1.100000,0,0,0.000000,0.000000,0.000000,0,nan,0.00,-1.000000,0.8577,0.0000,-0.528000,1.0741,1.24,8.28,10.77,7.20,1.502258,30.5912,-2.5289,0.008000,0.254701,1.3177,0.004795,0.696813,0.523807,3676.915806575649,2763.552084574957,-4271.970020154896,1298.7593040053794,-0.550000,0.026495,6461.1,6159.5,0.049404,0.061131,-1.000000,3.9968,1.0000,,,,,
6.0480,1778840835.869420,421,14.581437,3.287503,0.363414,4.0063,0.7441,0.424357,14.567108,3.361319,0.370017,4.0106,14.616978,3.312679,0.366688,4.0015,0.4344,0.208290,0.269713,-0.5385,14.616978,3.312679,0.269185,6.6065,-0.000000,0.556368,2418.3112,0,1,sand,1.0000,1.100000,0,0,0.000000,0.000000,0.000000,0,nan,0.00,-1.000000,0.8606,0.0000,-0.528000,1.0807,1.13,8.48,10.74,9.58,1.534219,30.8826,-2.5959,0.008000,0.052902,0.9903,-0.012146,0.730193,0.507680,3737.992212656566,2787.017931423534,-4458.793072052068,1017.1371105346602,-0.550000,0.020445,6463.8,6156.8,0.047516,0.071186,-4.000000,3.9986,1.0000,,,,,
6.1080,1778840835.880013,422,14.827226,3.529796,0.400021,4.0732,0.6778,0.447294,14.760476,3.525578,0.396011,4.0142,14.861822,3.556840,0.403467,4.0418,0.4619,0.226410,0.239751,-0.5280,14.861822,3.556840,0.333440,6.6645,0.000000,1.056368,3374.8597,0,1,sand,1.0000,1.100000,0,0,0.000000,0.000000,0.000000,0,nan,0.00,-1.000000,0.8826,0.0000,-0.528000,1.1441,1.01,8.28,10.30,7.17,1.743578,33.4462,-2.6503,0.020000,0.206236,1.8072,0.056139,0.743923,0.530283,3148.2567212864687,1438.9062734721983,-4442.390723766672,1172.0540160301616,-0.550000,0.020892,6472.7,6147.8,0.041299,0.054539,-0.000000,4.0393,1.0000,,,,,
6.1320,1778840835.887829,423,14.841563,3.539356,0.407716,4.0398,0.6625,0.459956,14.836250,3.593532,0.406955,4.0129,14.877689,3.568090,0.411371,4.0420,0.4549,0.223951,0.233038,-0.5280,14.877689,3.568090,0.340897,6.6643,0.000000,0.818582,3792.9689,0,1,sand,1.0000,1.100000,0,0,0.000000,0.000000,0.000000,0,nan,0.00,-1.000000,0.8903,0.0000,-0.528000,1.1638,1.38,8.12,10.87,7.18,1.811532,34.0733,-2.6514,nan,nan,nan,nan,nan,nan,3475.8573638896805,2156.9498605960407,-4432.278154867066,1357.1688142580215,-0.550000,0.024030,6475.9,6144.7,0.039087,0.063590,0.000000,4.0395,1.0000,,,,,
6.1440,1778840835.944441,424,14.880994,3.643226,0.420511,4.0359,0.6499,0.464263,14.873764,3.627998,0.412523,4.0119,14.915314,3.671453,0.424113,4.0411,0.4617,0.235509,0.226177,-0.5280,14.915314,3.671453,0.359437,6.6642,0.000000,0.318582,3752.4311,0,1,sand,1.0000,1.100000,0,0,0.000000,0.000000,0.000000,0,nan,0.00,-1.000000,0.8938,0.0000,-0.528000,1.1676,1.25,8.31,10.81,9.43,1.845998,34.3923,-2.6523,0.008000,0.056898,1.9439,0.010302,0.767367,0.588941,3208.620668784772,2607.5677228966647,-4428.69862600776,1472.6342807338096,-0.550000,0.026257,6476.9,6143.7,0.038400,0.064225,0.000000,4.0388,1.0000,,,,,
6.1920,1778840835.954833,425,15.044798,3.800064,0.436493,4.0749,0.7315,0.473399,15.021393,3.768818,0.435183,4.0102,15.079395,3.830118,0.440306,4.0587,0.4923,0.245393,0.208217,-0.5280,15.079395,3.830118,0.378643,6.6984,-0.000000,0.818582,3156.7664,0,1,sand,1.0000,1.100000,0,0,0.000000,0.000000,0.000000,0,nan,0.00,-1.000000,0.9114,0.0000,-0.528000,1.2069,1.28,8.19,10.74,7.48,2.036718,36.7665,-2.6882,0.044000,0.285763,2.8061,0.028026,0.773749,0.634497,3492.708070327545,2922.5206302748343,-4417.83101390129,1372.6235947418866,-0.550000,0.022696,6480.1,6140.5,0.036152,0.054561,0.000000,4.0565,1.0000,,,,,
6.2280,1778840835.962986,426,15.118807,3.964237,0.453922,4.0890,0.6478,0.478391,15.129598,3.877118,0.452426,4.0052,15.153630,3.995345,0.457850,4.0723,0.4721,0.246952,0.205544,-0.5280,15.153630,3.995345,0.399373,6.7347,1.000000,0.318582,4721.5568,0,1,sand,1.0000,1.100000,0,0,0.000000,0.000000,0.000000,0,nan,0.00,-0.931818,0.9229,0.0000,-0.492000,1.2183,1.43,8.10,10.96,7.60,2.199818,38.7889,-2.7294,0.020000,0.191829,1.5936,0.004298,0.770915,0.672416,2925.0181513657362,2601.0391883335287,-4411.568784332987,1732.4385716176982,-0.550000,0.030605,6482.2,6138.4,0.034695,0.052320,-0.000000,4.0701,1.0000,,,,,
6.2400,1778840836.011060,427,15.254570,3.971199,0.458391,3.9236,0.6019,0.480762,15.165183,3.913697,0.458202,4.0042,15.287807,4.001250,0.462243,4.0437,0.4665,0.255104,0.189176,-0.4813,15.287807,4.001250,0.408999,6.8050,1.000000,-0.181418,3051.1646,0,1,sand,1.0000,1.100000,0,0,0.000000,0.000000,0.000000,0,nan,0.00,-0.909091,0.9261,0.0000,-0.480000,1.2162,1.28,8.23,10.80,8.95,2.236397,39.1198,-2.8008,0.008000,0.172656,1.4109,-0.023566,0.689748,0.577607,3311.7399541138907,1529.749414739637,-4449.87683952603,1874.193288957394,-0.550000,0.035369,6484.9,6135.6,0.032801,0.090773,3.000000,4.0417,1.0000,,,,,
6.2880,1778840836.020957,428,15.248528,4.039132,0.480798,3.9870,0.6320,0.490307,15.305139,4.062407,0.481625,4.0040,15.281154,4.070074,0.484769,4.0163,0.4528,0.260204,0.121836,-0.4692,15.281154,4.070074,0.430126,6.8018,1.000000,0.002640,4292.6777,0,1,sand,1.0000,1.100000,0,0,0.000000,0.000000,0.000000,0,nan,0.00,-0.818182,0.9384,0.0000,-0.432000,1.2163,1.27,8.07,10.61,7.16,2.385107,40.4619,-2.7978,0.044000,0.125537,1.8985,-0.048834,0.668948,0.562000,2794.5089322994427,1800.033057926341,-4469.608958521259,2243.906303264816,-0.550000,0.043267,6500.6,6120.0,0.021856,0.082280,0.250000,4.0149,1.0000,,,,,
6.3240,1778840836.028771,429,15.364109,4.197766,0.494875,4.0177,0.6071,0.496945,15.407788,4.176274,0.499478,4.0076,15.396486,4.229239,0.498920,4.0172,0.4374,0.263788,0.098965,-0.4212,15.396486,4.229239,0.451755,6.8535,-1.000000,0.502640,5265.8167,0,1,sand,1.0000,1.100000,0,0,0.000000,0.000000,0.000000,0,nan,0.00,-0.886364,0.9472,0.0000,-0.468000,1.2344,1.38,7.98,10.74,7.51,2.558274,42.4395,-2.8459,0.032000,0.123254,1.7206,-0.063445,0.591284,0.526826,2812.8907660295436,1863.613826660839,-4482.704965063282,2499.9023054124227,-0.550000,0.050368,6506.9,6113.7,0.017468,0.076513,1.333333,4.0161,1.0000,,,,,
6.3360,1778840836.065474,430,15.435490,4.253507,0.511151,4.0617,0.6049,0.500299,15.441578,4.214665,0.505489,4.0094,15.466307,4.284533,0.515121,4.0261,0.4397,0.272839,0.111917,-0.4785,15.466307,4.284533,0.467079,6.8838,-1.000000,0.002640,3583.9919,0,1,sand,1.0000,1.100000,0,0,0.000000,0.000000,0.000000,0,nan,0.00,-0.909091,0.9497,0.0000,-0.480000,1.2344,1.23,7.93,10.40,7.62,2.596665,42.7839,-2.8744,0.008000,0.044631,1.6390,-0.067934,0.507882,0.435541,2567.965320254512,1747.89144327656,-4409.760437506477,2579.4855065735755,-0.550000,0.052543,6505.0,6115.6,0.018832,0.068043,-3.000000,4.0249,1.0000,,,,,
6.3720,1778840836.073809,431,15.515390,4.364412,0.520447,4.1347,0.6264,0.510697,15.541630,4.331155,0.523719,4.0150,15.546585,4.396385,0.524531,4.0717,0.4388,0.278376,0.081204,-0.4906,15.546585,4.396385,0.474960,6.9210,1.000000,0.454658,2503.3907,0,1,sand,1.0000,1.100000,0,0,0.000000,0.000000,0.000000,0,nan,0.00,-0.840909,0.9570,0.0000,-0.444000,1.2508,1.32,8.21,10.84,9.81,2.713155,43.8284,-2.9060,0.032000,0.141426,1.8732,0.008238,0.522773,0.505742,2809.784042092746,1602.3657386371183,-4137.9206535633775,2697.274143267324,-0.550000,0.055509,6511.4,6109.2,0.014333,0.052764,-0.333333,4.0709,1.0000,,,,,
6.4320,1778840836.084242,432,15.688941,4.535979,0.553097,4.0517,0.5812,0.524898,15.703884,4.529605,0.554777,4.0228,15.719112,4.568979,0.557321,4.0612,0.4169,0.287670,0.076366,-0.4334,15.719112,4.568979,0.504683,6.9925,-1.000000,0.954658,6269.2478,0,1,sand,1.0000,1.100000,0,0,0.000000,0.000000,0.000000,0,nan,0.00,-0.954545,0.9673,0.0000,-0.504000,1.3081,1.19,8.07,10.45,7.25,2.975305,46.5478,-2.9698,0.008000,0.043757,1.5927,0.033359,0.469642,0.490796,2670.1048976771326,1874.5917568621167,-4457.4319620956185,2988.54738361197,-0.550000,0.067654,6513.8,6106.7,0.012632,0.072525,0.600000,4.0604,1.0000,,,,,
6.4440,1778840836.130660,433,15.771816,4.641830,0.569254,4.0049,0.5890,0.528248,15.735587,4.569970,0.561139,4.0212,15.800220,4.674139,0.573393,4.0508,0.4218,0.297801,0.114525,-0.5142,15.800220,4.674139,0.518916,7.0000,-1.000000,0.454658,6577.7084,0,1,sand,1.0000,1.100000,0,0,0.000000,0.000000,0.000000,0,nan,0.00,-0.977273,0.9689,0.0000,-0.516000,1.3135,1.07,8.24,10.39,9.23,3.015670,46.9123,-2.9788,0.008000,0.083226,1.5384,0.012420,0.463581,0.482831,2598.8449628147437,1759.30722352082,-4257.618056955773,3022.8320397447765,-0.550000,0.069672,6505.4,6115.1,0.018499,0.078898,-5.000000,4.0497,1.0000,,,,,
6.4920,1778840836.140817,434,15.766810,4.722209,0.596036,3.9431,0.5769,0.577694,15.858801,4.734759,0.588363,4.0365,15.794564,4.756207,0.600554,3.9993,0.4093,0.315919,0.170949,-0.5265,15.794564,4.756207,0.544803,7.0000,-0.250000,0.954658,8114.0725,0,1,sand,1.0000,1.100000,0,0,0.000000,0.000000,0.000000,0,nan,0.00,-1.000000,0.9748,0.0000,-0.528000,1.3593,1.14,8.13,10.42,7.52,3.180459,48.4721,-2.9635,0.020000,0.099110,2.5019,-0.082388,0.445774,0.496782,-454.2340416731979,2552.258207670595,-4160.285423819616,3380.945522169138,-0.550000,0.086140,6489.9,6130.7,0.029338,0.108584,-0.250000,3.9975,1.0000,,,,,
6.5280,1778840836.149000,435,15.894261,4.766467,0.616256,4.1154,0.4730,0.479781,15.951459,4.858135,0.607747,4.0675,15.923343,4.801631,0.620586,4.0491,0.3555,0.280759,0.214821,-0.5307,15.923343,4.801631,0.564683,7.0000,1.000000,0.454658,11306.5625,0,1,sand,1.0000,1.100000,0,0,0.000000,0.000000,0.000000,0,nan,0.00,-0.931818,0.9785,0.0000,-0.492000,1.3757,1.38,8.03,10.78,7.42,3.371835,50.4856,-2.9325,nan,nan,nan,nan,nan,nan,-4884.478300918356,2726.314574000917,-4187.7987229925275,3203.062079233137,-0.550000,0.085273,6480.2,6140.4,0.036093,0.045816,-0.333333,4.0468,1.0000,,,,,
6.5400,1778840836.205204,436,15.917544,4.944886,0.605274,3.9999,0.4463,0.456361,15.983358,4.897877,0.613228,4.0827,15.946091,4.978241,0.609373,4.0402,0.3442,0.276727,0.239824,-0.4815,15.946091,4.978241,0.550143,7.0000,1.000000,-0.045342,8006.5370,0,1,sand,1.0000,1.100000,0,0,0.000000,0.000000,0.000000,0,nan,0.00,-0.909091,0.9795,0.0000,-0.480000,1.3752,1.25,8.22,10.71,9.29,3.411577,50.7996,-2.9173,0.008000,0.132485,1.0993,-0.031104,0.403896,0.497965,-5793.134691862317,2890.5737426137594,-4491.769416729861,3080.5626746420585,-0.550000,0.084878,6472.4,6148.1,0.041499,0.054569,3.000000,4.0377,1.0000,,,,,
6.5880,1778840836.215442,437,16.125153,5.119986,0.631006,4.0757,0.3391,0.221239,16.118220,5.045202,0.627417,4.0650,16.155231,5.151893,0.633727,4.0577,0.2475,0.148301,0.124232,-0.4694,16.155231,5.151893,0.571725,6.9982,-1.000000,0.454658,11207.9147,0,1,sand,1.0000,1.100000,0,0,0.000000,0.000000,0.000000,0,nan,0.00,-1.000000,0.9834,0.0000,-0.528000,1.3970,1.21,8.12,10.54,7.61,3.558902,51.6125,-2.9332,0.044000,0.155122,1.5947,-0.005923,0.305373,0.324236,-5868.540935819499,1828.9800312051289,-4650.121115471092,1484.8797783209118,-0.550000,0.047878,6500.4,6120.2,0.022019,0.021236,0.250000,4.0563,1.0000,,,,,
6.6240,1778840836.223729,438,16.249123,5.123600,0.622746,3.9765,0.3096,0.145878,16.224199,5.147739,0.633583,4.0480,16.280690,5.153626,0.624543,4.0238,0.1903,0.063632,0.088394,-0.5387,16.280690,5.153626,0.561095,7.0000,0.000000,0.954658,6838.5637,0,1,sand,1.0000,1.100000,0,0,0.000000,0.000000,0.000000,0,nan,0.00,-1.000000,0.9858,0.0000,-0.528000,1.4314,1.30,8.06,10.67,7.72,3.733539,52.7931,-2.9520,0.032000,0.188351,-0.5385,0.006573,0.262130,0.263958,-6553.5385488516295,1395.824262586636,-4855.843556732203,668.2550799434339,-0.550000,0.021814,6510.8,6109.8,0.014746,0.045153,-1.333333,4.0229,1.0000,,,,,
6.6360,1778840836.283736,439,16.228473,5.245974,0.634036,4.0479,0.2383,0.120921,16.260342,5.180432,0.634867,4.0359,16.259296,5.274988,0.635515,4.0287,0.1675,0.041598,0.093875,-0.5280,16.259296,5.274988,0.570689,7.0000,-0.000000,0.454658,11188.1701,0,1,sand,1.0000,1.100000,0,0,0.000000,0.000000,0.000000,0,nan,0.00,-1.000000,0.9865,0.0000,-0.528000,1.4368,1.18,8.29,10.66,9.56,3.766232,52.8667,-2.9641,0.008000,0.145809,-0.8380,-0.042833,0.283582,0.212563,-5847.3832464001325,1212.768244052346,-4753.01959316847,519.02716132251,-0.550000,0.016051,6510.7,6109.9,0.014816,0.035685,0.000000,4.0278,1.0000,,,,,
6.6840,1778840836.294291,440,16.481179,5.248241,0.639031,4.0063,0.1977,0.033732,16.407871,5.305979,0.637786,4.0092,16.514270,5.276119,0.639463,4.0162,0.0829,-0.057606,-0.096457,-0.5280,16.514270,5.276119,0.573242,6.9999,0.000000,-0.045342,5140.3200,0,1,sand,1.0000,1.100000,0,0,0.000000,0.000000,0.000000,0,nan,0.00,-1.000000,0.9891,0.0000,-0.528000,1.4346,1.23,8.28,10.75,8.25,3.967679,53.8383,-2.9908,0.044000,0.251675,0.1137,-0.046964,0.231247,0.176327,-5948.52050384219,904.8763236294939,-4684.398292234361,-404.56757747776834,-0.550000,-0.008861,6557.6,6062.9,-0.017894,0.056767,-0.000000,4.0173,1.0000,,,,,
6.7200,1778840836.303234,441,16.446523,5.332193,0.644647,3.9417,0.0950,-0.011186,16.521093,5.394749,0.637876,3.9826,16.481885,5.359642,0.644369,3.9839,0.0044,-0.119560,-0.155459,-0.5280,16.481885,5.359642,0.576657,7.0000,0.000000,-0.026135,16603.8975,0,1,sand,1.0000,1.100000,0,0,0.000000,0.000000,0.000000,0,nan,0.00,-1.000000,0.9907,0.0000,-0.528000,1.4337,1.48,8.22,11.17,7.86,4.056449,53.8434,-3.0174,0.032000,0.099096,-0.2240,-0.084429,0.245351,0.154214,-6255.655482892971,-63.55726125517674,-4660.920906491124,-762.0763151184531,-0.550000,-0.017181,6571.2,6049.4,-0.027358,0.078798,0.000000,3.9856,1.0000,,,,,
6.7320,1778840836.362942,442,16.587800,5.425502,0.631567,3.9930,0.0890,-0.028457,16.559301,5.423381,0.637616,3.9817,16.622642,5.451230,0.631125,3.9853,-0.0090,-0.130485,-0.164242,-0.5280,16.622642,5.451230,0.560719,6.9998,1.000000,0.473865,11476.1181,0,1,sand,1.0000,1.100000,0,0,0.000000,0.000000,0.000000,0,nan,0.00,-0.977273,0.9911,0.0000,-0.516000,1.4394,1.32,8.45,11.10,9.76,4.085081,53.8286,-3.0182,0.008000,0.013695,0.0379,-0.045615,0.243081,0.165503,-5085.5385751559925,-54.64630172652369,-4660.199084270068,-897.3533190176829,-0.550000,-0.020532,6573.5,6047.1,-0.028948,0.070187,0.000000,3.9871,1.0000,,,,,
6.7800,1778840836.373671,443,16.724089,5.579866,0.633883,3.9435,-0.0154,-0.092681,16.714288,5.533220,0.634976,3.9344,16.760746,5.604413,0.632719,3.9635,-0.0880,-0.183063,-0.198554,-0.5049,16.760746,5.604413,0.558745,7.0000,-0.250000,0.973865,7337.7507,0,1,sand,1.0000,1.100000,0,0,0.000000,0.000000,0.000000,0,nan,0.00,-1.000000,0.9928,0.0000,-0.528000,1.4861,1.33,8.34,11.00,7.70,4.274620,54.4165,-3.0656,0.044000,0.161217,-0.3319,-0.072367,0.169820,0.111153,-6268.401364188731,-695.5516488045018,-4611.762572037245,-1151.3748242181346,-0.530604,-0.028192,6583.6,6037.0,-0.035987,0.084187,0.250000,3.9657,1.0000,,,,,
6.8160,1778840836.382096,444,16.844421,5.675349,0.622215,3.8450,-0.0997,-0.101366,16.833117,5.610112,0.631374,3.9152,16.882221,5.698266,0.620652,3.9129,-0.1596,-0.216567,-0.197755,-0.5308,16.882221,5.698266,0.543021,7.0000,1.000000,1.473865,9877.1868,0,1,sand,1.0000,1.100000,0,0,0.000000,0.000000,0.000000,0,nan,0.00,-0.931818,0.9939,0.0000,-0.492000,1.5392,1.46,8.27,11.20,7.90,4.351512,54.2101,-3.0848,0.032000,0.160441,-0.6582,-0.091377,0.194518,0.174377,-6211.274036282658,-1518.6384023632288,-4542.965179329126,-1011.2001681461841,-0.508675,-0.024461,6584.8,6035.7,-0.036852,0.101955,-0.333333,3.9152,1.0000,,,,,
6.8280,1778840836.390701,445,16.829199,5.632515,0.633596,3.9763,-0.1486,-0.126814,16.873231,5.634714,0.629905,3.9058,16.873885,5.659382,0.631538,3.9245,-0.1932,-0.232634,-0.180861,-0.4788,16.873885,5.659382,0.555257,7.0000,1.000000,1.973865,7202.6843,0,1,sand,1.0000,1.100000,0,0,0.000000,0.000000,0.000000,0,nan,0.00,-0.909091,0.9941,0.0000,-0.480000,1.5629,2.48,8.21,13.17,7.87,4.376114,54.1260,-3.0942,0.008000,0.051195,0.0678,-0.041349,0.170535,0.201355,-6271.105346294412,-1133.0932903463563,-4627.181666068007,-960.7771411430576,-0.459192,-0.023025,6582.7,6037.9,-0.035375,0.071083,3.000000,3.9270,1.0000,,,,,
6.8400,1778840836.446510,446,16.849991,5.733354,0.630054,3.8234,-0.1727,-0.134746,16.913595,5.658848,0.628314,3.9010,16.892547,5.758311,0.628039,3.9047,-0.2049,-0.230400,-0.165589,-0.4674,16.892547,5.758311,0.549490,7.0000,1.000000,2.000000,7347.0783,0,1,sand,1.0000,1.100000,0,0,0.000000,0.000000,0.000000,0,nan,0.00,-0.886364,0.9944,0.0000,-0.468000,1.5869,2.18,8.38,12.73,9.30,4.483248,54.7077,-3.0990,0.008000,0.125085,0.6863,-0.061908,0.154060,0.203908,-5168.562812730324,-1554.2917868313662,-4514.176701186308,-905.8318150706336,-0.434239,-0.021516,6580.2,6040.4,-0.033617,0.105727,1.000000,3.9070,1.0000,,,,,
6.8880,1778840836.456834,447,17.106301,5.805293,0.620155,3.8662,-0.2045,-0.177542,17.077405,5.750917,0.620785,3.8793,17.149311,5.828158,0.617707,3.8854,-0.2593,-0.257393,-0.113492,-0.4556,17.149311,5.828158,0.535626,7.0000,-1.000000,1.500000,7960.1675,0,1,sand,1.0000,1.100000,0,0,0.000000,0.000000,0.000000,0,nan,0.00,-0.977273,0.9955,0.0000,-0.516000,1.6589,2.03,8.27,12.32,7.67,4.575317,54.2764,-3.1207,0.008000,0.004427,0.3290,-0.056609,0.090180,0.170907,-5475.280616401414,-1505.5632161238539,-4367.888640244875,-980.1954712478221,-0.383307,-0.023490,6567.0,6053.6,-0.024427,0.098415,0.250000,3.8870,1.0000,,,,,
6.9240,1778840836.465183,448,17.288860,5.733080,0.614187,3.8900,-0.2932,-0.198546,17.202721,5.815340,0.613907,3.8697,17.332597,5.754211,0.611320,3.8875,-0.3358,-0.299822,-0.057767,-0.5283,17.332597,5.754211,0.529124,7.0000,-0.333333,2.000000,7887.3713,0,1,sand,1.0000,1.100000,0,0,0.000000,0.000000,0.000000,0,nan,0.00,-1.000000,0.9961,0.0000,-0.528000,1.7309,2.03,8.21,12.27,7.91,4.726040,54.5384,-3.1303,0.008000,0.162813,0.8704,-0.004827,0.099505,0.208921,-4988.5117332343525,-1147.7687606315674,-4497.9062408178725,-835.5700117408569,-0.401547,-0.018620,6551.3,6069.3,-0.013464,0.087193,-1.333333,3.8883,1.0000,,,,,
6.9360,1778840836.525465,449,17.244736,5.799444,0.616282,3.8680,-0.2974,-0.207487,17.245230,5.835417,0.611000,3.8575,17.286803,5.819506,0.613448,3.8838,-0.3492,-0.304488,-0.037732,-0.5319,17.286803,5.819506,0.530445,7.0000,0.000000,2.000000,6274.1573,0,1,sand,1.0000,1.100000,0,0,0.000000,0.000000,0.000000,0,nan,0.00,-1.000000,0.9963,0.0000,-0.528000,1.7549,1.81,8.35,11.97,9.14,4.746117,54.3718,-3.1425,0.008000,0.050715,0.4588,-0.022055,0.060764,0.163836,-5735.911920800074,-1631.9018848094777,-4411.176544703228,-814.9075550418912,-0.404541,-0.017879,6547.5,6073.1,-0.010838,0.096551,-1.000000,3.8843,1.0000,,,,,
6.9840,1778840836.535558,450,17.440195,5.976484,0.601555,3.9147,-0.2904,-0.236614,17.416860,5.913139,0.599443,3.8634,17.483018,5.995174,0.598401,3.8995,-0.3776,-0.327497,0.032636,-0.5280,17.483018,5.995174,0.510855,7.0000,-0.000000,2.000000,30839.6875,0,1,sand,1.0000,1.100000,0,0,0.000000,0.000000,0.000000,0,nan,0.00,-1.000000,0.9970,0.0000,-0.528000,1.8509,1.71,8.30,11.72,7.99,4.913139,54.2844,-3.1366,0.044000,0.200666,-0.1973,0.011064,0.052482,0.132269,-3728.894281217759,-762.3460978077926,-4239.659399544248,-1009.8029994146262,-0.382151,-0.023404,6529.7,6090.9,0.001606,0.089719,0.000000,3.8992,1.0000,,,,,
7.0200,1778840836.544226,451,17.526009,5.962928,0.585070,3.8038,-0.3095,-0.275870,17.547613,5.967999,0.590065,3.8629,17.569713,5.980229,0.581559,3.8602,-0.3977,-0.349831,0.086010,-0.5280,17.569713,5.980229,0.492122,7.0000,0.000000,2.000000,7096.3818,0,1,sand,1.0000,1.100000,0,0,0.000000,0.000000,0.000000,0,nan,0.00,-1.000000,0.9975,0.0000,-0.528000,1.9000,1.81,9.67,13.29,17.41,4.967999,53.7470,-3.1371,0.032000,0.041531,-0.3952,-0.014808,0.078566,0.117517,-4101.4170741559265,-956.2188814049935,-4115.034346014405,-1249.5982000194554,-0.362014,-0.031303,6516.2,6104.3,0.010977,0.108003,-0.000000,3.8593,1.0000,,,,,
7.0320,1778840836.605251,452,17.601628,6.029846,0.591667,3.8754,-0.3675,-0.270952,17.591632,5.985612,0.586766,3.8678,17.649054,6.048470,0.587734,3.8641,-0.4207,-0.362907,0.142832,-0.5280,17.649054,6.048470,0.496929,7.0000,1.000000,1.500000,6645.1930,0,1,sand,1.0000,1.100000,0,0,0.000000,0.000000,0.000000,0,nan,0.00,-0.977273,0.9976,0.0000,-0.516000,1.9000,1.61,9.66,12.88,9.64,4.985612,53.5580,-3.1322,0.008000,0.153050,0.5918,-0.019263,0.170456,0.201766,-3685.9819993486826,-578.4654778056865,-4133.200355992307,-1218.293491671504,-0.354716,-0.030011,6502.3,6118.2,0.020669,0.078559,0.000000,3.8624,1.0000,,,,,
7.0800,1778840836.615904,453,17.767751,5.976225,0.575668,3.7939,-0.4293,-0.321374,17.769493,6.053078,0.572810,3.8674,17.815812,5.992722,0.571357,3.8316,-0.4668,-0.382288,0.222476,-0.5031,17.815812,5.992722,0.478952,7.0000,-0.250000,2.000000,5188.9119,0,1,sand,1.0000,1.100000,0,0,0.000000,0.000000,0.000000,0,nan,0.00,-1.000000,0.9980,0.0000,-0.528000,1.9000,1.61,9.42,12.64,8.08,5.145078,53.2804,-3.1326,0.044000,0.114274,-0.4200,-0.051149,0.104117,0.113765,-4449.238895701828,-950.8626483267392,-3957.757868227811,-1271.5985105484015,-0.308533,-0.030782,6480.5,6140.1,0.035870,0.111352,0.250000,3.8288,1.0000,,,,,
7.1160,1778840836.624710,454,17.915714,6.022627,0.561104,3.8022,-0.4319,-0.335229,17.905040,6.099405,0.561092,3.8652,17.964735,6.037724,0.556460,3.8209,-0.4987,-0.406416,0.258192,-0.5312,17.964735,6.037724,0.461345,7.0000,-0.000000,2.000000,8672.1160,0,1,sand,1.0000,1.100000,0,0,0.000000,0.000000,0.000000,0,nan,0.00,-1.000000,0.9983,0.0000,-0.528000,1.9000,1.78,9.21,12.76,7.97,5.285905,53.0961,-3.1348,0.032000,0.132229,-0.2605,-0.085052,0.080318,0.116885,-4558.262125770099,-1314.07808792791,-3759.3037732442695,-1352.4573437781905,-0.303211,-0.033401,6473.2,6147.4,0.041003,0.108221,-0.333333,3.8177,1.0000,,,,,
7.1280,1778840836.685808,455,17.915854,6.034198,0.556461,3.8625,-0.3941,-0.351247,17.950639,6.113960,0.556934,3.8643,17.962822,6.048372,0.551963,3.8295,-0.4942,-0.408461,0.266584,-0.5280,17.962822,6.048372,0.456699,7.0000,0.000000,1.500000,4639.9065,0,1,sand,1.0000,1.100000,0,0,0.000000,0.000000,0.000000,0,nan,0.00,-1.000000,0.9984,0.0000,-0.528000,1.9000,1.59,9.25,12.43,9.50,5.300460,52.8579,-3.1357,0.008000,0.083437,0.5664,-0.042411,0.106168,0.149697,-4158.119636885967,-1156.3393994104486,-3792.29666558721,-1455.6070102433168,-0.299829,-0.037299,6470.7,6149.8,0.042696,0.096409,-0.000000,3.8264,1.0000,,,,,
7.1760,1778840836.696340,456,18.135648,6.234857,0.547646,3.8246,-0.4036,-0.364539,18.134752,6.168637,0.539540,3.8701,18.183114,6.248224,0.542870,3.8297,-0.4991,-0.426156,0.345693,-0.5280,18.183114,6.248224,0.442077,7.0000,0.000000,1.000000,10275.2878,0,1,sand,1.0000,1.100000,0,0,0.000000,0.000000,0.000000,0,nan,0.00,-1.000000,0.9987,0.0000,-0.528000,1.9000,1.58,9.05,12.21,7.91,5.451937,52.2793,-3.1299,0.044000,0.121485,-0.2175,-0.052873,0.126808,0.134213,-4362.116845441696,-1410.9597413379627,-3780.2416789651757,-1693.7110903620332,-0.288175,-0.047097,6449.1,6171.4,0.057748,0.101359,0.000000,3.8255,1.0000,,,,,
7.2240,1778840836.705044,457,18.298400,6.256066,0.518654,3.9675,-0.4439,-0.393643,18.321426,6.217735,0.520978,3.8793,18.345049,6.267344,0.513838,3.8996,-0.5143,-0.444092,0.393550,-0.5280,18.345049,6.267344,0.412182,7.0000,0.000000,0.500000,6335.1566,0,1,sand,1.0000,1.100000,0,0,0.000000,0.000000,0.000000,0,nan,0.00,-1.000000,0.9990,0.0000,-0.528000,1.9000,1.39,8.86,11.65,7.81,5.501035,51.2158,-3.1207,0.008000,0.124779,0.1625,0.048348,0.160103,0.161215,-3645.3288887602366,-1208.457850520469,-3686.277078795628,-1753.6901811496116,-0.276249,-0.052345,6435.3,6185.3,0.067395,0.076755,0.000000,3.8950,1.0000,,,,,
7.2360,1778840836.778101,458,18.400908,6.213816,0.520356,3.8873,-0.5538,-0.390739,18.368437,6.229398,0.516323,3.8853,18.445947,6.224484,0.515684,3.8981,-0.5328,-0.445387,0.402254,-0.5280,18.445947,6.224484,0.414095,7.0000,0.000000,1.000000,5572.6905,0,1,sand,1.0000,1.100000,0,0,0.000000,0.000000,0.000000,0,nan,0.00,-1.000000,0.9990,0.0000,-0.528000,1.9000,1.27,9.03,11.57,10.00,5.512698,50.9491,-3.1147,0.008000,0.079842,0.5294,0.037373,0.162328,0.190500,-2990.4422671188936,-1984.0319765300742,-3671.805253036708,-1674.135866727666,-0.268041,-0.047897,6431.5,6189.0,0.070015,0.096162,0.000000,3.8935,1.0000,,,,,
7.2840,1778840836.789074,459,18.528646,6.263089,0.502301,3.8507,-0.4768,-0.392554,18.557992,6.272431,0.497139,3.8933,18.574793,6.272724,0.497415,3.8774,-0.5466,-0.454020,0.421862,-0.5280,18.574793,6.272724,0.392783,7.0000,1.000000,1.500000,7475.4641,0,1,sand,1.0000,1.100000,0,0,0.000000,0.000000,0.000000,0,nan,0.00,-0.909091,0.9992,0.0000,-0.480000,1.9000,1.30,8.87,11.48,7.94,5.654431,50.2034,-3.1067,0.008000,0.093839,0.1172,0.008317,0.154264,0.201791,-3408.204600865993,-3909.490218013895,-3631.5742184576866,-1703.3887972752977,-0.258860,-0.049098,6428.1,6192.5,0.072428,0.106333,0.000000,3.8726,1.0000,,,,,
7.3200,1778840836.797792,460,18.649602,6.344463,0.471129,3.9204,-0.4701,-0.392360,18.701510,6.301903,0.483033,3.9100,18.697024,6.353045,0.466213,3.8981,-0.5333,-0.439650,0.470984,-0.4681,18.697024,6.353045,0.358662,7.0000,-1.000000,1.496300,4439.4758,0,1,sand,1.0000,1.100000,0,0,0.000000,0.000000,0.000000,0,nan,0.00,-0.977273,0.9993,0.0000,-0.516000,1.9000,1.49,8.74,11.73,8.02,5.784303,49.7053,-3.0900,nan,nan,nan,nan,nan,nan,-3999.2279809845713,-2547.0546667564804,-3266.938571238622,-1707.5073414004476,-0.209488,-0.049938,6417.2,6203.4,0.080017,0.085863,1.333333,3.8926,1.0000,,,,,
7.3320,1778840836.873062,461,18.771075,6.329641,0.478553,3.8867,-0.4608,-0.394219,18.749688,6.311072,0.478324,3.9136,18.817011,6.338089,0.473695,3.8969,-0.5462,-0.456164,0.482724,-0.5275,18.817011,6.338089,0.365740,7.0000,1.000000,1.996300,6629.0768,0,1,sand,1.0000,1.100000,0,0,0.000000,0.000000,0.000000,0,nan,0.00,-0.954545,0.9993,0.0000,-0.504000,1.9000,1.37,9.04,11.78,10.73,5.793472,49.4355,-3.0864,0.008000,0.034763,0.5228,-0.047523,0.088342,0.147263,-4109.547485891337,-3798.141186731472,-3732.0814186989282,-1729.563994238637,-0.244980,-0.050863,6414.1,6206.5,0.082197,0.088337,-3.000000,3.8914,1.0000,,,,,
7.3800,1778840836.884767,462,18.994432,6.413473,0.463631,3.9570,-0.6421,-0.386041,18.943813,6.345229,0.459682,3.9383,19.043673,6.420990,0.458537,3.9296,-0.6150,-0.451981,0.514675,-0.4919,19.043673,6.420990,0.347749,7.0000,-0.500000,1.796317,3497.8562,0,1,sand,1.0000,1.100000,0,0,0.000000,0.000000,0.000000,0,nan,0.00,-1.000000,0.9995,0.0000,-0.528000,1.9000,1.52,8.92,11.97,8.27,5.929429,48.6096,-3.0617,0.044000,0.180292,-0.4305,-0.014752,0.030438,0.177785,-4115.326580119624,-3383.346985964801,-3482.780850238303,-1149.093501808955,-0.214811,-0.027953,6407.7,6212.8,0.086612,0.078565,0.250000,3.9236,1.0000,,,,,
7.4160,1778840836.893741,463,19.029045,6.397965,0.444042,3.9387,-0.6353,-0.399168,19.090742,6.367719,0.445525,3.9440,19.081003,6.404169,0.438568,3.9367,-0.6585,-0.471470,0.550336,-0.5343,19.081003,6.404169,0.327354,7.0000,1.000000,1.503979,4360.6734,0,1,sand,1.0000,1.100000,0,0,0.000000,0.000000,0.000000,0,nan,0.00,-0.931818,0.9995,0.0000,-0.492000,1.9000,1.85,8.78,12.48,7.99,5.951919,47.7985,-3.0560,0.032000,0.073369,-0.4567,0.010294,0.029975,0.206910,-3892.1993188447777,-1832.1168328102226,-3626.3601996099064,-912.5839562145861,-0.229124,-0.021223,6398.3,6222.2,0.093165,0.080373,-0.666667,3.9299,1.0000,,,,,
7.4280,1778840836.955679,464,19.237560,6.403865,0.431639,3.9095,-0.5928,-0.404603,19.139895,6.374605,0.440760,3.9449,19.287353,6.409406,0.426478,3.9323,-0.6413,-0.453630,0.538152,-0.4799,19.287353,6.409406,0.313104,7.0000,-1.000000,1.003979,4138.5900,0,1,sand,1.0000,1.100000,0,0,0.000000,0.000000,0.000000,0,nan,0.00,-0.954545,0.9996,0.0000,-0.504000,1.9000,1.66,8.93,12.25,9.74,6.061705,47.7217,-3.0551,0.008000,0.137180,0.5381,-0.019223,0.024244,0.206025,-3254.240146130527,-640.3138050877136,-2950.6888477236907,-930.67393021306,-0.191647,-0.021994,6400.3,6220.3,0.091800,0.083544,3.000000,3.9259,1.0000,,,,,
7.4760,1778840836.966365,465,19.272449,6.383511,0.420238,3.9394,-0.6258,-0.401812,19.337089,6.398621,0.421168,3.9421,19.323483,6.388225,0.414883,3.9383,-0.6663,-0.466830,0.473328,-0.5163,19.323483,6.388225,0.301451,7.0000,-0.500000,1.503979,4449.5864,0,1,sand,1.0000,1.100000,0,0,0.000000,0.000000,0.000000,0,nan,0.00,-1.000000,0.9997,0.0000,-0.528000,1.9000,1.71,8.75,12.16,7.72,6.085721,46.5991,-3.0579,0.044000,0.052706,-0.4492,-0.012614,0.070065,0.281010,-3719.8115010669394,-1280.429154461045,-3171.291395751781,-820.8578668491969,-0.198460,-0.018792,6415.2,6205.3,0.081383,0.081570,-0.250000,3.9325,1.0000,,,,,
7.5120,1778840836.974761,466,19.461571,6.415614,0.405667,3.9809,-0.6641,-0.405097,19.485317,6.413933,0.406455,3.9405,19.514047,6.419297,0.400112,3.9586,-0.6951,-0.478827,0.472660,-0.5343,19.514047,6.419297,0.284820,7.0000,0.000000,1.355153,7075.4584,0,1,sand,1.0000,1.100000,0,0,0.000000,0.000000,0.000000,0,nan,0.00,-1.000000,0.9997,0.0000,-0.528000,1.9000,1.91,8.60,12.42,7.76,6.204833,45.9053,-3.0595,0.032000,0.060418,-0.4396,-0.028308,0.019151,0.227517,-3133.880376534098,-2252.6280900615825,-3443.8541721785446,-622.9538103876284,-0.217293,-0.013861,6417.1,6203.5,0.080115,0.072479,-0.666667,3.9528,1.0000,,,,,
7.5240,1778840837.033954,467,19.530416,6.421900,0.402416,3.9191,-0.6580,-0.411293,19.534825,6.418442,0.401490,3.9423,19.580616,6.425210,0.397101,3.9518,-0.6958,-0.476109,0.469342,-0.5280,19.580616,6.425210,0.280912,7.0000,1.000000,1.855153,5307.8602,0,1,sand,1.0000,1.100000,0,0,0.000000,0.000000,0.000000,0,nan,0.00,-0.977273,0.9997,0.0000,-0.516000,1.9000,1.72,8.72,12.16,9.40,6.209342,45.6208,-3.0577,0.008000,0.039346,0.6300,-0.045442,0.133871,0.354207,-3543.5534316412422,-1279.579635848298,-3361.215630394808,-605.6078516528327,-0.214863,-0.013400,6417.2,6203.3,0.079987,0.084150,0.000000,3.9463,1.0000,,,,,
7.5720,1778840837.044288,468,19.628743,6.423310,0.383606,3.9411,-0.6214,-0.433789,19.733249,6.433606,0.381320,3.9403,19.679245,6.425604,0.378149,3.9495,-0.6836,-0.480058,0.486145,-0.5039,19.679245,6.425604,0.260638,7.0000,-0.250000,1.355153,3890.8793,0,1,sand,1.0000,1.100000,0,0,0.000000,0.000000,0.000000,0,nan,0.00,-1.000000,0.9998,0.0000,-0.528000,1.9000,1.69,8.57,11.94,7.71,6.328906,44.5523,-3.0597,0.044000,0.079445,0.1427,-0.042430,-0.007228,0.194845,-3827.374480899826,-1491.9086892572507,-3260.0939350379467,-814.0122440894631,-0.198788,-0.021741,6414.5,6206.0,0.081872,0.081394,0.250000,3.9437,1.0000,,,,,
7.6080,1778840837.052685,469,19.863556,6.451356,0.365635,3.9860,-0.5875,-0.440651,19.882603,6.440897,0.365296,3.9372,19.914860,6.452754,0.359974,3.9664,-0.6768,-0.494917,0.413467,-0.5311,19.914860,6.452754,0.240221,7.0000,-0.000000,0.855153,4632.3318,0,1,sand,1.0000,1.100000,0,0,0.000000,0.000000,0.000000,0,nan,0.00,-1.000000,0.9998,0.0000,-0.528000,1.9000,1.83,8.46,12.12,7.86,6.440897,43.6637,-3.0628,0.032000,0.126440,-0.1470,-0.024220,0.058302,0.192856,-3309.0841058527735,-1668.5385495070582,-3071.798763092616,-1040.5923730101545,-0.212615,-0.030073,6431.5,6189.1,0.070076,0.070071,-0.333333,3.9614,1.0000,,,,,
7.6200,1778840837.061273,470,19.979494,6.441199,0.361134,3.8834,-0.5943,-0.446769,19.932418,6.442761,0.359935,3.9368,20.038896,6.442272,0.354461,3.9518,-0.6824,-0.504929,0.395995,-0.5280,20.038896,6.442272,0.233387,7.0000,1.000000,1.355153,3716.2020,0,1,sand,1.0000,1.100000,0,0,0.000000,0.000000,0.000000,0,nan,0.00,-0.977273,0.9998,0.0000,-0.516000,1.9000,2.86,8.38,14.11,7.95,6.442761,43.3565,-3.0632,0.008000,0.043317,0.5102,-0.059569,0.062729,0.195230,-3698.9917321214407,-1231.976245611647,-3189.7787829449826,-1138.6459570700729,-0.210891,-0.032643,6434.8,6185.8,0.067775,0.093633,-0.000000,3.9463,1.0000,,,,,
7.6320,1778840837.116425,471,20.044202,6.365607,0.351138,3.8291,-0.5579,-0.454598,19.982247,6.444232,0.354500,3.9319,20.099933,6.366189,0.344866,3.9289,-0.6631,-0.495969,0.406105,-0.5026,20.099933,6.366189,0.223835,6.9999,1.000000,1.855153,5108.5137,0,1,sand,1.0000,1.100000,0,0,0.000000,0.000000,0.000000,0,nan,0.00,-0.954545,0.9998,0.0000,-0.504000,1.9000,2.51,8.55,13.56,9.48,6.444232,43.0451,-3.0680,0.008000,0.089227,0.0944,-0.075133,0.183964,0.314292,-4064.84320849683,-1922.5742803275461,-3043.8765632394875,-1265.625519893329,-0.197759,-0.037272,6433.7,6186.8,0.068497,0.110045,1.000000,3.9236,1.0000,,,,,
7.6800,1778840837.126925,472,20.129731,6.431761,0.333346,4.0177,-0.6874,-0.460497,20.181549,6.447174,0.332523,3.9297,20.185671,6.430916,0.327028,3.9752,-0.6946,-0.501302,0.425197,-0.4907,20.185671,6.430916,0.205190,6.9999,1.000000,2.000000,4980.9029,0,1,sand,1.0000,1.100000,0,0,0.000000,0.000000,0.000000,0,nan,0.00,-0.863636,0.9999,0.0000,-0.456000,1.9000,2.35,8.42,13.12,7.69,6.551874,41.7564,-3.0702,0.008000,0.028987,0.1835,-0.028365,0.005392,0.190329,-3186.086664637527,-1084.8672887650087,-2901.056549410521,-971.5487899440118,-0.174958,-0.031080,6430.5,6190.1,0.070732,0.070238,0.250000,3.9697,1.0000,,,,,
7.7160,1778840837.135320,473,20.254602,6.342373,0.314519,3.9288,-0.5842,-0.477642,20.331059,6.446067,0.315567,3.9285,20.309974,6.340815,0.308228,3.9582,-0.6563,-0.489660,0.442567,-0.4428,20.309974,6.340815,0.186268,7.0000,-1.000000,1.946418,3502.6457,0,1,sand,1.0000,1.100000,0,0,0.000000,0.000000,0.000000,0,nan,0.00,-0.931818,0.9999,0.0000,-0.492000,1.9000,2.39,8.34,13.13,7.91,6.550767,40.7849,-3.0715,0.008000,0.140885,0.2312,-0.055147,0.076958,0.214009,-2714.8628349088294,-1701.793881551123,-2261.155637257186,-1278.4054848833302,-0.126616,-0.042706,6426.6,6194.0,0.073476,0.095253,1.333333,3.9526,1.0000,,,,,
7.7280,1778840837.195091,474,20.365315,6.487071,0.311798,3.9350,-0.6323,-0.469444,20.380845,6.445284,0.309985,3.9267,20.418184,6.485128,0.305674,3.9546,-0.6744,-0.508517,0.442653,-0.5046,20.418184,6.485128,0.180049,7.0000,-1.000000,2.000000,3181.9307,0,1,sand,1.0000,1.100000,0,0,0.000000,0.000000,0.000000,0,nan,0.00,-0.954545,0.9999,0.0000,-0.504000,1.9000,2.13,8.53,12.78,9.57,6.654384,40.3780,-3.0733,0.008000,0.107839,0.4486,-0.042267,0.110952,0.256060,-3021.6180776612455,-1637.7104160497634,-2729.7414048238215,-1311.5752812969472,-0.161084,-0.042798,6426.1,6194.5,0.073826,0.095760,-3.000000,3.9492,1.0000,,,,,
7.7760,1778840837.205676,475,20.605371,6.455434,0.278518,3.9618,-0.6060,-0.471918,20.580148,6.439124,0.287271,3.9352,20.658796,6.451631,0.272245,3.9614,-0.6733,-0.516976,0.484758,-0.5167,20.658796,6.451631,0.145164,6.9989,1.000000,2.000000,2791.5340,0,1,sand,1.0000,1.100000,0,0,0.000000,0.000000,0.000000,0,nan,0.00,-0.863636,0.9999,0.0000,-0.456000,1.9000,2.10,8.36,12.56,7.42,6.648224,39.0766,-3.0638,0.044000,0.125321,-0.9598,-0.014207,0.040307,0.170824,-2971.5360263284238,-1514.907555294001,-2721.5915672380784,-1381.5711366842356,-0.173447,-0.046607,6415.6,6204.9,0.081095,0.088032,-0.250000,3.9554,1.0000,,,,,
7.8120,1778840837.213789,476,20.697930,6.487393,0.273332,3.9220,-0.5686,-0.467820,20.729692,6.432147,0.270320,3.9460,20.751341,6.483809,0.267167,3.9478,-0.6359,-0.493030,0.510729,-0.4432,20.751341,6.483809,0.138294,7.0000,-1.000000,2.000000,5840.8625,0,1,sand,1.0000,1.100000,0,0,0.000000,0.000000,0.000000,0,nan,0.00,-0.931818,0.9999,0.0000,-0.492000,1.9000,2.22,8.23,12.68,7.50,6.745047,37.9562,-3.0540,0.032000,0.111764,-0.2043,-0.076341,0.097817,0.196932,-2691.463104300186,-1944.2995525639292,-2383.3066969749693,-1532.1614284707096,-0.128485,-0.051689,6409.1,6211.5,0.085652,0.098063,1.333333,3.9414,1.0000,,,,,
7.8240,1778840837.271525,477,20.759122,6.465876,0.265834,3.8960,-0.5659,-0.472698,20.779585,6.429271,0.264612,3.9466,20.809844,6.461881,0.259864,3.9387,-0.6460,-0.510454,0.516413,-0.5042,20.809844,6.461881,0.130591,7.0000,-1.000000,2.000000,5366.6991,0,1,sand,1.0000,1.100000,0,0,0.000000,0.000000,0.000000,0,nan,0.00,-0.954545,0.9999,0.0000,-0.504000,1.9000,1.98,8.37,12.32,9.17,6.742171,37.6291,-3.0534,0.008000,0.144019,0.3765,-0.069910,0.012158,0.112405,-2823.223229442114,-1828.3663538545272,-2830.488835080121,-1568.3175047557993,-0.164697,-0.053673,6407.4,6213.2,0.086876,0.102735,-3.000000,3.9326,1.0000,,,,,
7.8720,1778840837.281650,478,20.969777,6.466780,0.240208,4.0030,-0.5638,-0.474533,20.979294,6.415029,0.241532,3.9615,21.020706,6.461598,0.234182,3.9738,-0.6402,-0.517968,0.561252,-0.5162,21.020706,6.461598,0.104254,6.9978,1.000000,2.000000,4592.1921,0,1,sand,1.0000,1.100000,0,0,0.000000,0.000000,0.000000,0,nan,0.00,-0.863636,0.9999,0.0000,-0.456000,1.9000,1.90,8.24,12.03,7.51,6.830829,36.1105,-3.0363,0.044000,0.129270,-0.8373,-0.031765,0.095207,0.176592,-2345.7431904049186,-1867.33478396659,-2841.274429490284,-1590.0095791357962,-0.181060,-0.057625,6396.0,6224.6,0.094800,0.083235,-0.250000,3.9671,1.0000,,,,,
7.9080,1778840837.289826,479,21.126850,6.425488,0.220358,3.9708,-0.4605,-0.482742,21.129172,6.402240,0.224388,3.9716,21.177840,6.420048,0.214382,3.9755,-0.5791,-0.498333,0.569830,-0.4438,21.177840,6.420048,0.084019,6.9670,-1.000000,1.686844,2938.0006,0,1,sand,1.0000,1.100000,0,0,0.000000,0.000000,0.000000,0,nan,0.00,-0.931818,0.9999,0.0000,-0.492000,1.9000,2.00,8.14,12.14,7.55,6.919840,34.8860,-2.9955,0.032000,0.047248,-0.0108,-0.041181,0.211936,0.275586,-2618.444780248329,-2002.2006223039584,-2549.1807500519144,-1846.193188982745,-0.142511,-0.071848,6393.9,6226.7,0.096287,0.089193,1.333333,3.9687,1.0000,,,,,
7.9200,1778840837.347309,480,21.230313,6.178148,0.208991,3.9627,-0.5315,-0.482520,21.179134,6.397374,0.218591,3.9735,21.279006,6.172157,0.203178,3.9741,-0.5935,-0.515661,0.570607,-0.5037,21.279006,6.172157,0.076588,6.9386,-1.000000,2.000000,3323.1471,0,1,sand,1.0000,1.100000,0,0,0.000000,0.000000,0.000000,0,nan,0.00,-0.954545,0.9999,0.0000,-0.504000,1.9000,1.78,8.41,11.96,9.93,6.914974,34.5539,-2.9651,0.008000,0.279623,-0.5084,-0.031324,0.034610,0.092841,-3032.571905236842,-1856.3279100972475,-2943.042801684714,-1856.711228543525,-0.177826,-0.072233,6392.5,6228.1,0.097263,0.090647,-3.000000,3.9675,1.0000,,,,,
7.9680,1778840837.358179,481,21.461661,6.425023,0.198968,3.8988,-0.5517,-0.473778,21.378858,6.375574,0.195598,3.9827,21.511579,6.418066,0.192947,3.9409,-0.6086,-0.518989,0.595728,-0.5161,21.511579,6.418066,0.059012,6.8655,-0.500000,1.500000,3026.2167,0,1,sand,1.0000,1.100000,0,0,0.000000,0.000000,0.000000,0,nan,0.00,-1.000000,1.0000,0.0000,-0.528000,1.9000,1.84,8.66,12.34,10.10,6.993574,32.9263,-2.8827,0.044000,0.233326,-0.5644,-0.056507,0.099410,0.152110,-2839.6072991279,-2205.5969542364633,-2961.483480176016,-1858.6757092754071,-0.185379,-0.069245,6387.2,6233.3,0.100912,0.104782,-0.250000,3.9339,1.0000,,,,,
8.0160,1778840837.368941,482,21.564215,6.340987,0.162975,3.9725,-0.4801,-0.473958,21.578095,6.350068,0.172977,3.9817,21.616806,6.331943,0.156556,3.9601,-0.5956,-0.528765,0.581255,-0.5344,21.616806,6.331943,0.024170,6.8323,0.000000,1.794355,2354.0928,0,1,sand,1.0000,1.100000,0,0,0.000000,0.000000,0.000000,0,nan,0.00,-1.000000,1.0000,0.0000,-0.528000,1.9000,2.05,8.50,12.60,7.59,6.968068,31.6303,-2.8506,0.008000,0.044709,-0.0902,-0.079664,0.000094,0.098149,-3255.7930919268692,-2177.3632826297694,-3192.4068710699635,-1948.435577881757,-0.217812,-0.075947,6389.6,6231.0,0.099247,0.084814,-0.500000,3.9528,1.0000,,,,,
8.0280,1778840837.426020,483,21.612006,6.291470,0.178794,4.0758,-0.5190,-0.451066,21.627807,6.343226,0.167466,3.9867,21.662537,6.283804,0.172736,3.9835,-0.5926,-0.523036,0.576157,-0.5280,21.662537,6.283804,0.041629,6.8179,1.000000,2.000000,2804.2476,0,1,sand,1.0000,1.100000,0,0,0.000000,0.000000,0.000000,0,nan,0.00,-0.977273,1.0000,0.0000,-0.516000,1.9000,1.83,8.63,12.30,9.38,7.059926,30.9610,-2.8313,0.008000,0.196872,1.5574,-0.054509,0.034196,0.097994,-2645.091083198229,-1805.1911055606656,-3377.977331795189,-1942.9984930034252,-0.220855,-0.073125,6391.6,6229.0,0.097872,0.060449,0.000000,3.9766,1.0000,,,,,
8.0760,1778840837.436336,484,21.876247,6.356222,0.157638,4.0089,-0.5601,-0.473024,21.825965,6.312378,0.144958,3.9719,21.927199,6.347251,0.151552,3.9992,-0.6066,-0.518371,0.567854,-0.5037,21.927199,6.347251,0.018035,6.7343,-0.250000,2.000000,1940.0173,0,1,sand,1.0000,1.100000,0,0,0.000000,0.000000,0.000000,0,nan,0.00,-1.000000,1.0000,0.0000,-0.528000,1.9000,1.81,8.44,12.06,7.34,7.029078,29.6714,-2.7624,0.008000,0.049755,0.9506,-0.008076,0.086201,0.202370,-3702.831186477968,-2329.4989047009167,-3277.1009796994026,-1789.8389780042708,-0.204174,-0.067588,6394.4,6226.2,0.095933,0.074752,0.250000,3.9924,1.0000,,,,,
8.1120,1778840837.444340,485,22.070166,6.306030,0.125507,3.9022,-0.5910,-0.479577,21.973789,6.285727,0.127941,3.9649,22.120520,6.294938,0.119335,3.9619,-0.6323,-0.527286,0.607167,-0.5311,22.120520,6.294938,-0.015521,6.6725,0.000000,2.000000,3009.5146,0,1,sand,1.0000,1.100000,0,0,0.000000,0.000000,0.000000,0,nan,0.00,-1.000000,1.0000,0.0000,-0.528000,1.9000,1.92,8.27,12.12,7.32,7.099227,28.2784,-2.7076,nan,nan,nan,nan,nan,nan,-3481.061738853377,-2200.972750561629,-3112.5391404704383,-1732.8860830722406,-0.206887,-0.063841,6384.4,6236.1,0.102864,0.097762,-0.333333,3.9546,1.0000,,,,,
8.1240,1778840837.512840,486,21.980603,6.218259,0.114084,3.9492,-0.5369,-0.474751,22.022923,6.276210,0.122258,3.9630,22.028412,6.207248,0.108223,3.9606,-0.6250,-0.524456,0.610885,-0.5280,22.028412,6.207248,-0.024335,6.7020,0.000000,1.944542,1678.1541,0,1,sand,1.0000,1.100000,0,0,0.000000,0.000000,0.000000,0,nan,0.00,-1.000000,1.0000,0.0000,-0.528000,1.9000,1.71,8.55,11.97,10.10,7.089710,27.9528,-2.7389,0.008000,0.060373,0.5961,-0.064633,0.028086,0.166119,-3888.3446303861556,-1852.8628464251183,-3285.0076161263155,-1749.078030432283,-0.207786,-0.064911,6383.2,6237.4,0.103727,0.088523,0.000000,3.9536,1.0000,,,,,
8.1720,1778840837.523905,487,22.247589,6.234760,0.102684,3.9139,-0.5665,-0.473305,22.218544,6.235333,0.099629,3.9489,22.296558,6.222739,0.096640,3.9412,-0.6316,-0.524640,0.594504,-0.5280,22.296558,6.222739,-0.038493,6.6159,1.000000,2.000000,3518.5128,0,1,sand,1.0000,1.100000,0,0,0.000000,0.000000,0.000000,0,nan,0.00,-0.909091,1.0000,0.0000,-0.480000,1.9000,1.76,8.46,11.98,7.96,7.143333,26.1691,-2.6670,0.044000,0.167501,-1.0169,-0.106961,0.158706,0.311849,-3604.0442889349233,-2153.955286890679,-3263.6128331311215,-1743.9418212696555,-0.205265,-0.063423,6387.4,6233.2,0.100821,0.098054,0.000000,3.9341,1.0000,,,,,
8.2080,1778840837.532568,488,22.326600,6.244933,0.084111,3.9430,-0.5752,-0.466840,22.364208,6.201812,0.082862,3.9417,22.376561,6.231962,0.078068,3.9451,-0.6196,-0.503432,0.599835,-0.4676,22.376561,6.231962,-0.057367,6.5901,-1.000000,1.949977,2012.3105,0,1,sand,1.0000,1.100000,0,0,0.000000,0.000000,0.000000,0,nan,0.00,-0.977273,1.0000,0.0000,-0.516000,1.9000,1.95,8.36,12.27,7.83,7.109812,25.2084,-2.6483,0.032000,0.028884,-0.8941,-0.118171,-0.003218,0.160803,-3494.2109749559445,-1784.9330409251672,-2790.717588205858,-1696.3901174106034,-0.157244,-0.060481,6386.3,6234.2,0.101539,0.092068,1.333333,3.9378,1.0000,,,,,
8.2200,1778840837.592750,489,22.464539,6.184237,0.075280,4.0040,-0.5794,-0.457850,22.412605,6.190087,0.077310,3.9421,22.512486,6.171181,0.069418,3.9574,-0.6361,-0.518544,0.577881,-0.5279,22.512486,6.171181,-0.065225,6.5460,-1.000000,2.000000,2837.3733,0,1,sand,1.0000,1.100000,0,0,0.000000,0.000000,0.000000,0,nan,0.00,-1.000000,1.0000,0.0000,-0.528000,1.9000,1.75,8.72,12.21,10.71,7.190087,24.3684,-2.6039,0.008000,0.068178,0.4970,-0.072008,0.031860,0.159814,-3825.637088161743,-2315.839182331568,-3174.3481200918172,-1669.1359349667882,-0.194584,-0.058559,6391.5,6229.1,0.097949,0.073838,-3.000000,3.9507,1.0000,,,,,
8.2800,1778840837.604405,490,22.657284,6.140138,0.041982,3.8847,-0.5407,-0.474438,22.653266,6.126363,0.048911,3.9339,22.704481,6.125496,0.036052,3.9214,-0.6268,-0.523804,0.579052,-0.5399,22.704481,6.125496,-0.099535,6.4835,0.000000,2.000000,1386.9476,0,1,sand,1.0000,1.100000,0,0,0.000000,0.000000,0.000000,0,nan,0.00,-1.000000,1.0000,0.0000,-0.528000,1.9000,1.59,8.52,11.70,7.42,7.215663,22.1665,-2.5497,0.008000,0.053003,-0.1257,-0.085923,0.151524,0.316361,-3516.60648101458,-1760.9686607923852,-3145.3540597638735,-1774.3630200048851,-0.206206,-0.064439,6391.3,6229.2,0.098038,0.104021,-0.200000,3.9147,1.0000,,,,,
8.3040,1778840837.612499,491,22.741932,6.180549,0.035708,3.9350,-0.5527,-0.463920,22.748958,6.099081,0.037633,3.9348,22.791304,6.164939,0.029523,3.9284,-0.6276,-0.521970,0.586559,-0.5280,22.791304,6.164939,-0.106938,6.4548,1.000000,2.000000,12509.3442,0,1,sand,1.0000,1.100000,0,0,0.000000,0.000000,0.000000,0,nan,0.00,-0.954545,1.0000,0.0000,-0.504000,1.9000,1.96,8.35,12.27,7.39,7.188381,21.5202,-2.5200,nan,nan,nan,nan,nan,nan,-2918.0452208821243,-1982.6177010626975,-3291.5918584210563,-1767.6763096664688,-0.207706,-0.063305,6389.7,6230.8,0.099169,0.092349,0.000000,3.9213,1.0000,,,,,
8.3160,1778840837.669353,492,22.789079,6.126146,0.028274,3.8884,-0.6348,-0.468741,22.796676,6.085039,0.031999,3.9325,22.835884,6.110977,0.022465,3.9217,-0.6274,-0.508869,0.588282,-0.4922,22.835884,6.110977,-0.113347,6.4399,-1.000000,2.000000,5500.1544,0,1,sand,1.0000,1.100000,0,0,0.000000,0.000000,0.000000,0,nan,0.00,-0.977273,1.0000,0.0000,-0.516000,1.9000,1.75,8.59,12.08,9.94,7.174339,21.1975,-2.5074,0.008000,0.007828,0.0314,-0.090194,-0.035167,0.127566,-3229.794728862936,-1969.3738657928852,-2930.471370827328,-1691.232180650646,-0.179628,-0.059354,6389.0,6231.6,0.099685,0.101080,2.000000,3.9149,1.0000,,,,,
8.3640,1778840837.680259,493,22.940706,6.113172,0.020550,3.8778,-0.5807,-0.456926,22.986402,6.025834,0.009291,3.9287,22.988449,6.097113,0.014593,3.9039,-0.6417,-0.514153,0.599460,-0.5282,22.988449,6.097113,-0.122289,6.3899,-0.250000,2.000000,2772.5758,0,1,sand,1.0000,1.100000,0,0,0.000000,0.000000,0.000000,0,nan,0.00,-1.000000,1.0000,0.0000,-0.528000,1.9000,1.79,8.40,11.98,7.34,7.201434,19.2403,-2.4611,0.044000,0.064503,0.1711,-0.118413,0.013779,0.173489,-3066.0365147722887,-2898.241483586952,-3079.968206051624,-1655.181398231939,-0.191101,-0.055565,6386.3,6234.3,0.101544,0.104921,-0.250000,3.8967,1.0000,,,,,
8.4000,1778840837.688266,494,23.123333,5.966972,-0.008169,3.9451,-0.5148,-0.456963,23.127910,5.979149,-0.007265,3.9333,23.171237,5.949658,-0.014174,3.9244,-0.6242,-0.515717,0.619316,-0.5311,23.171237,5.949658,-0.147998,6.3317,0.000000,1.819276,1397.5136,0,1,sand,1.0000,1.100000,0,0,0.000000,0.000000,0.000000,0,nan,0.00,-1.000000,1.0000,0.0000,-0.528000,1.9000,1.93,8.25,12.11,7.37,7.237749,17.6188,-2.3984,0.020000,0.034269,0.4675,-0.062378,0.046487,0.155102,-3440.239683950631,-2254.345008635646,-3219.9146269137036,-1727.0488089365454,-0.211383,-0.060536,6381.3,6239.2,0.105015,0.092785,-0.333333,3.9170,1.0000,,,,,
8.4120,1778840837.696297,495,23.210689,5.936400,-0.003032,3.9033,-0.5705,-0.455321,23.174946,5.963117,-0.012739,3.9332,23.265577,5.916664,-0.009941,3.9229,-0.6365,-0.520920,0.621171,-0.5280,23.265577,5.916664,-0.143851,6.2971,0.000000,2.000000,1775.8672,0,1,sand,1.0000,1.100000,0,0,0.000000,0.000000,0.000000,0,nan,0.00,-1.000000,1.0000,0.0000,-0.528000,1.9000,2.90,8.13,13.92,7.45,7.221717,17.3052,-2.3638,0.008000,0.096769,1.1254,-0.072744,0.189167,0.322745,-3347.1343163718448,-1941.2172260969678,-3381.188776226561,-1720.4984980232414,-0.210626,-0.059110,6381.1,6239.4,0.105164,0.101103,0.000000,3.9143,1.0000,,,,,
8.4240,1778840837.748445,496,23.244910,5.893198,-0.022017,3.9066,-0.5499,-0.458211,23.221910,5.946758,-0.018237,3.9355,23.296210,5.873731,-0.028497,3.9211,-0.6315,-0.517689,0.640658,-0.5280,23.296210,5.873731,-0.161349,6.2847,1.000000,1.656587,1704.2853,0,1,sand,1.0000,1.100000,0,0,0.000000,0.000000,0.000000,0,nan,0.00,-0.977273,1.0000,0.0000,-0.516000,1.9000,2.54,8.69,13.78,11.89,7.205358,16.9901,-2.3492,0.008000,0.083617,0.3669,-0.067726,0.001916,0.157767,-3131.589842586068,-2000.3924294559595,-3391.776598946775,-1707.7029153651144,-0.210777,-0.059208,6376.4,6244.2,0.108447,0.099795,0.000000,3.9128,1.0000,,,,,
8.4840,1778840837.761346,497,23.487113,5.859749,-0.049099,3.8878,-0.6574,-0.471667,23.455481,5.860428,-0.046245,3.9395,23.539072,5.837585,-0.055802,3.9079,-0.6724,-0.516241,0.651324,-0.5024,23.539072,5.837585,-0.188892,6.2158,-0.200000,1.592681,1334.3329,0,1,sand,1.0000,1.100000,0,0,0.000000,0.000000,0.000000,0,nan,0.00,-1.000000,1.0000,0.0000,-0.528000,1.9000,2.45,8.49,13.38,7.31,7.198728,14.6462,-2.2763,0.020000,0.143428,-0.7034,-0.064653,-0.009426,0.171654,-3507.994958978578,-1501.0738675220132,-3214.8296838473416,-1415.770811869968,-0.182158,-0.047803,6372.7,6247.8,0.111023,0.102270,0.200000,3.8992,1.0000,,,,,
8.5080,1778840837.769358,498,23.504145,5.846440,-0.062164,3.9790,-0.6047,-0.487258,23.548230,5.823631,-0.057745,3.9385,23.558321,5.822306,-0.069305,3.9341,-0.6818,-0.532194,0.651579,-0.5308,23.558321,5.822306,-0.200920,6.2151,0.000000,1.844260,1479.1478,0,1,sand,1.0000,1.100000,0,0,0.000000,0.000000,0.000000,0,nan,0.00,-1.000000,1.0000,0.0000,-0.528000,1.9000,2.84,8.32,14.00,7.41,7.161931,13.9873,-2.2766,0.008000,0.074520,0.2052,-0.061284,-0.013263,0.182359,-3533.7912317479677,-1788.5570052602284,-3011.436479796647,-1378.2026506921518,-0.194093,-0.050909,6372.7,6247.9,0.111061,0.082726,-0.500000,3.9251,1.0000,,,,,
8.5200,1778840837.836153,499,23.669177,5.859953,-0.056446,3.9735,-0.6211,-0.481034,23.594444,5.804746,-0.063563,3.9407,23.720469,5.837519,-0.063169,3.9430,-0.6796,-0.530198,0.656597,-0.5280,23.720469,5.837519,-0.195767,6.2116,1.000000,1.622944,1163.7708,0,1,sand,1.0000,1.100000,0,0,0.000000,0.000000,0.000000,0,nan,0.00,-0.977273,1.0000,0.0000,-0.516000,1.9000,2.51,8.62,13.64,10.30,7.143046,13.6539,-2.2709,0.008000,0.094445,0.3201,-0.050538,-0.042033,0.148878,-3631.6952215633023,-1946.3071564946272,-3184.4009790143127,-1407.2973970928883,-0.193700,-0.050837,6371.9,6248.7,0.111585,0.082334,0.000000,3.9345,1.0000,,,,,
8.5680,1778840837.847538,500,23.871465,5.784967,-0.089651,3.9161,-0.5686,-0.478443,23.778330,5.726967,-0.086519,3.9421,23.922927,5.760684,-0.096487,3.9341,-0.6566,-0.523946,0.643474,-0.5024,23.922927,5.760684,-0.227810,6.1440,-0.250000,1.978946,1396.2489,0,1,sand,1.0000,1.100000,0,0,0.000000,0.000000,0.000000,0,nan,0.00,-1.000000,1.0000,0.0000,-0.528000,1.9000,2.50,8.54,13.53,8.09,7.141167,11.5343,-2.2019,0.044000,0.199393,-0.5377,-0.059741,-0.052054,0.088576,-3452.979881991888,-2447.069061169503,-3209.7387808542085,-1584.061886417102,-0.184983,-0.057035,6374.6,6246.0,0.109711,0.092360,0.250000,3.9255,1.0000,,,,,
8.6040,1778840837.856363,501,23.920583,5.677514,-0.100468,3.9372,-0.5716,-0.475188,23.915026,5.665896,-0.103673,3.9417,23.972729,5.652188,-0.107476,3.9393,-0.6595,-0.533004,0.660010,-0.5315,23.972729,5.652188,-0.236547,6.1281,-0.000000,1.689871,1107.8206,0,1,sand,1.0000,1.100000,0,0,0.000000,0.000000,0.000000,0,nan,0.00,-1.000000,1.0000,0.0000,-0.528000,1.9000,2.65,8.42,13.73,7.76,7.152196,9.7242,-2.1863,0.020000,0.010823,0.3987,-0.042653,0.031091,0.159702,-3300.6574955123133,-2273.9482265035504,-3098.6492806292254,-1619.3216946183143,-0.199316,-0.058701,6371.8,6248.8,0.111692,0.090123,-0.333333,3.9304,1.0000,,,,,
8.6160,1778840837.939351,502,23.954937,5.612693,-0.104993,3.9498,-0.5694,-0.472546,23.960368,5.645083,-0.109359,3.9412,24.004182,5.588639,-0.111589,3.9426,-0.6530,-0.529327,0.660305,-0.5280,24.004182,5.588639,-0.239429,6.1215,1.000000,1.652983,1117.7944,0,1,sand,1.0000,1.100000,0,0,0.000000,0.000000,0.000000,0,nan,0.00,-0.977273,1.0000,0.0000,-0.516000,1.9000,2.33,8.63,13.30,9.80,7.131383,9.3984,-2.1803,0.008000,0.032914,1.0045,-0.065166,0.048448,0.194754,-3377.0863087209445,-2103.481075523696,-3283.091975863887,-1628.9000189997018,-0.200416,-0.058998,6370.3,6250.2,0.112678,0.087122,-0.000000,3.9341,1.0000,,,,,
8.6640,1778840837.950202,503,24.112194,5.393457,-0.133288,3.9256,-0.5218,-0.478285,24.140622,5.559073,-0.132233,3.9471,24.160018,5.368847,-0.139748,3.9385,-0.6217,-0.521768,0.676260,-0.5031,24.160018,5.368847,-0.263478,6.1219,-0.250000,1.918287,1109.1129,0,1,sand,1.0000,1.100000,0,0,0.000000,0.000000,0.000000,0,nan,0.00,-1.000000,1.0000,0.0000,-0.528000,1.9000,2.13,8.52,12.79,7.92,7.113373,7.1850,-2.1749,0.044000,0.266990,-0.9797,-0.078739,0.179995,0.318508,-3536.8926728289407,-1667.5025049526264,-3319.412061015799,-1769.3315295839766,-0.194048,-0.066905,6366.1,6254.5,0.115637,0.092130,0.250000,3.9300,1.0000,,,,,
8.7000,1778840837.958852,504,24.260382,5.431946,-0.159927,3.9583,-0.4966,-0.485339,24.274621,5.491657,-0.149616,3.9499,24.307002,5.406531,-0.166371,3.9505,-0.6092,-0.531617,0.695777,-0.5312,24.307002,5.406531,-0.289890,6.1032,1.000000,1.788824,1192.9012,0,1,sand,1.0000,1.100000,0,0,0.000000,0.000000,0.000000,0,nan,0.00,-0.931818,1.0000,0.0000,-0.492000,1.9000,2.09,8.47,12.65,8.16,7.045957,6.1890,-2.1533,0.032000,0.148140,-0.6329,-0.056583,0.038937,0.141902,-3174.3559773372117,-1907.9695343067913,-3181.319720132851,-1855.653857278359,-0.210892,-0.074054,6361.9,6258.6,0.118544,0.086622,-0.333333,3.9418,1.0000,,,,,
8.7120,1778840838.045690,505,24.311653,5.547705,-0.153880,3.9217,-0.5033,-0.484611,24.319040,5.468658,-0.155434,3.9505,24.356544,5.523925,-0.159961,3.9462,-0.5870,-0.513943,0.691157,-0.4798,24.356544,5.523925,-0.286090,6.0848,-1.000000,1.719005,1120.0772,0,1,sand,1.0000,1.100000,0,0,0.000000,0.000000,0.000000,0,nan,0.00,-0.954545,1.0000,0.0000,-0.504000,1.9000,1.86,8.76,12.48,10.41,7.022958,5.8557,-2.1343,0.008000,0.095247,0.3952,-0.067384,0.078912,0.169431,-3389.1472028916182,-1834.9579701138662,-2826.5804394892707,-1906.6999540345307,-0.175415,-0.075715,6362.5,6258.1,0.118180,0.092353,3.000000,3.9379,1.0000,,,,,
8.7600,1778840838.057057,506,24.461963,5.298109,-0.180432,3.8969,-0.5832,-0.478613,24.495116,5.373607,-0.179045,3.9471,24.506676,5.272301,-0.186662,3.9259,-0.6206,-0.522635,0.659517,-0.5164,24.506676,5.272301,-0.308510,6.0315,-0.500000,1.857176,1090.7240,0,1,sand,1.0000,1.100000,0,0,0.000000,0.000000,0.000000,0,nan,0.00,-1.000000,1.0000,0.0000,-0.528000,1.9000,1.83,8.65,12.30,8.01,6.991607,3.5630,-2.0844,0.044000,0.127331,-0.9116,-0.090846,0.165708,0.314510,-3188.87926713002,-1987.514530826631,-2957.920440271102,-1807.1231788890484,-0.179641,-0.068142,6370.3,6250.2,0.112677,0.100822,-0.250000,3.9178,1.0000,,,,,
8.7960,1778840838.065778,507,24.597001,5.293865,-0.192072,3.8882,-0.5131,-0.469237,24.625903,5.300604,-0.196139,3.9462,24.641612,5.267502,-0.198353,3.9136,-0.6145,-0.526905,0.665016,-0.5343,24.641612,5.267502,-0.320445,6.0249,0.000000,1.798234,1039.8500,0,1,sand,1.0000,1.100000,0,0,0.000000,0.000000,0.000000,0,nan,0.00,-1.000000,1.0000,0.0000,-0.528000,1.9000,1.93,8.54,12.40,7.95,6.977904,1.6289,-2.0787,0.032000,0.140240,-0.0084,-0.100771,0.011496,0.146865,-3586.6500296626596,-1955.2043429481118,-3368.465540327791,-1890.4004616570064,-0.208152,-0.070649,6369.4,6251.1,0.113316,0.099525,-0.666667,3.9054,1.0000,,,,,
8.8080,1778840838.074472,508,24.717949,5.207139,-0.194317,3.9279,-0.6295,-0.482720,24.669169,5.275682,-0.201906,3.9455,24.769243,5.176209,-0.201617,3.9192,-0.6384,-0.533365,0.670360,-0.5280,24.769243,5.176209,-0.322275,6.0340,0.000000,1.854779,1045.6956,0,1,sand,1.0000,1.100000,0,0,0.000000,0.000000,0.000000,0,nan,0.00,-1.000000,1.0000,0.0000,-0.528000,1.9000,2.93,8.46,14.32,8.02,6.952982,1.2984,-2.0885,0.008000,0.046118,1.4448,-0.110338,0.130434,0.300409,-3178.317561275756,-2123.86499850746,-3288.7643373105693,-1745.5208817619823,-0.203811,-0.066585,6368.8,6251.8,0.113786,0.093637,0.000000,3.9098,1.0000,,,,,
8.8200,1778840838.166692,509,24.716257,5.287203,-0.203434,3.9789,-0.5309,-0.478523,24.712305,5.250538,-0.207669,3.9461,24.764740,5.257561,-0.210331,3.9321,-0.6309,-0.531530,0.671505,-0.5280,24.764740,5.257561,-0.331560,6.0338,0.000000,1.744721,967.7626,0,1,sand,1.0000,1.100000,0,0,0.000000,0.000000,0.000000,0,nan,0.00,-1.000000,1.0000,0.0000,-0.528000,1.9000,2.58,8.82,13.99,10.86,6.927838,0.9682,-2.0877,0.008000,0.036245,0.4539,-0.092208,-0.034595,0.122084,-2730.2945805244995,-1786.7911316644793,-3301.2968080714995,-1758.2533613843277,-0.205758,-0.067645,6368.3,6252.3,0.114097,0.081704,0.000000,3.9231,1.0000,,,,,
8.8680,1778840838.178598,510,24.946341,5.143888,-0.231782,4.0123,-0.5212,-0.474095,24.883465,5.148063,-0.230473,3.9424,24.995138,5.112544,-0.238757,3.9758,-0.6212,-0.532567,0.662277,-0.5280,24.995138,5.112544,-0.355651,6.0331,1.000000,1.681463,931.5680,0,1,sand,1.0000,1.100000,0,0,0.000000,0.000000,0.000000,0,nan,0.00,-0.909091,1.0000,0.0000,-0.480000,1.9000,2.48,8.74,13.70,8.26,6.880163,-1.3728,-2.0906,0.008000,0.118718,0.4093,-0.024994,0.043541,0.160895,-3097.9450056260766,-2151.7819895630014,-3353.7652821680304,-1804.2396732534517,-0.212795,-0.069759,6370.3,6250.2,0.112684,0.072948,0.000000,3.9668,1.0000,,,,,
8.9040,1778840838.187618,511,25.053674,5.136913,-0.255055,3.9076,-0.5391,-0.474878,25.010155,5.068687,-0.247557,3.9420,25.101685,5.104793,-0.261888,3.9513,-0.6010,-0.508854,0.681174,-0.4662,25.101685,5.104793,-0.378495,6.0323,-1.000000,1.703221,1024.7249,0,1,sand,1.0000,1.100000,0,0,0.000000,0.000000,0.000000,0,nan,0.00,-0.977273,1.0000,0.0000,-0.516000,1.9000,2.55,8.63,13.73,7.98,6.800787,-2.3517,-2.0903,0.008000,0.105279,-0.2299,-0.038057,0.040483,0.172333,-3179.5835127945884,-2276.418233213063,-2934.463827543767,-1843.3176165307484,-0.162736,-0.069694,6365.4,6255.2,0.116159,0.098694,1.333333,3.9420,1.0000,,,,,
8.9160,1778840838.286067,512,25.050649,5.007093,-0.252983,3.8443,-0.5592,-0.470811,25.052208,5.042035,-0.253062,3.9456,25.095940,4.976501,-0.259563,3.9319,-0.6196,-0.525904,0.679072,-0.5291,25.095940,4.976501,-0.374712,6.0323,-1.000000,1.556098,952.1780,0,1,sand,1.0000,1.100000,0,0,0.000000,0.000000,0.000000,0,nan,0.00,-1.000000,1.0000,0.0000,-0.528000,1.9000,2.25,8.99,13.49,11.05,6.774135,-2.6671,-2.0867,0.008000,0.092269,0.1129,-0.063142,0.057906,0.190046,-2374.304766256198,-1966.814320029652,-3285.6915800458623,-1863.7953463351319,-0.196649,-0.068566,6365.7,6254.9,0.115948,0.120757,-3.000000,3.9231,1.0000,,,,,
8.9640,1778840838.298159,513,25.206113,4.953538,-0.270208,3.9803,-0.5267,-0.468949,25.218517,4.932126,-0.275758,3.9423,25.252201,4.921401,-0.276948,3.9601,-0.6202,-0.530851,0.674674,-0.5414,25.252201,4.921401,-0.389939,6.0330,0.620234,1.521470,888.0989,0,1,sand,1.0000,1.100000,0,0,0.000000,0.000000,0.000000,0,nan,0.00,-0.943615,1.0000,0.0000,-0.498229,1.9000,2.21,8.85,13.27,8.05,6.714126,-5.0433,-2.0907,0.044000,0.115945,-0.3853,-0.048114,0.075331,0.212784,-3315.5501748788515,-2172.167169462452,-3265.611267170437,-1816.3373917333065,-0.213399,-0.068737,6366.4,6254.2,0.115435,0.081794,-0.250000,3.9511,1.0000,,,,,
9.0000,1778840838.306955,514,25.404277,4.786503,-0.293634,3.9691,-0.6298,-0.463760,25.341711,4.847544,-0.292464,3.9441,25.449690,4.753067,-0.300245,3.9674,-0.6379,-0.513029,0.656875,-0.4899,25.449690,4.753067,-0.409576,6.0331,-0.826979,1.573541,907.6621,0,1,sand,1.0000,1.100000,0,0,0.000000,0.000000,0.000000,0,nan,0.00,-1.000000,1.0000,0.0000,-0.528000,1.9000,2.29,8.73,13.31,8.09,6.629544,-6.0005,-2.0890,0.032000,0.105700,-0.0929,-0.083334,0.107620,0.318133,-3736.6187480236795,-2092.495540208236,-3107.428979821177,-1616.775295425608,-0.176282,-0.057096,6370.8,6249.8,0.112371,0.084935,0.826979,3.9587,1.0000,,,,,
9.0120,1778840838.415937,515,25.349453,4.779056,-0.303572,3.8990,-0.5783,-0.516732,25.382231,4.818380,-0.298381,3.9330,25.392242,4.746406,-0.310064,3.9547,-0.6498,-0.532670,0.599206,-0.5386,25.392242,4.746406,-0.418970,6.0331,1.000000,1.637017,902.4566,0,1,sand,1.0000,1.100000,0,0,0.000000,0.000000,0.000000,0,nan,0.00,-0.977273,1.0000,0.0000,-0.516000,1.9000,2.04,8.96,13.04,10.22,6.645480,-7.4137,-2.1001,0.008000,0.131717,0.5272,-0.072265,-0.056678,0.114761,-3260.7170612603895,-2431.2267324041645,-3123.775205131524,-1528.1686325936275,-0.201605,-0.061099,6385.3,6235.2,0.102234,0.100020,-2.480936,3.9471,1.0000,,,,,
9.0600,1778840838.427248,516,25.578155,4.639068,-0.327948,3.9003,-0.6294,-0.472172,25.543544,4.701228,-0.320864,3.9459,25.619558,4.605578,-0.334313,3.9314,-0.6625,-0.520731,0.577090,-0.5033,25.619558,4.605578,-0.440758,6.0329,-0.250000,1.659626,915.8618,0,1,sand,1.0000,1.100000,0,0,0.000000,0.000000,0.000000,0,nan,0.00,-1.000000,1.0000,0.0000,-0.528000,1.9000,1.89,8.82,12.60,8.04,6.528328,-8.7020,-2.0871,0.044000,0.168750,-0.9049,-0.075581,-0.026661,0.159847,-3747.4276521423662,-1954.3499129330398,-3144.492433309392,-1552.6364936660884,-0.182759,-0.053505,6391.1,6229.5,0.098208,0.099132,0.250000,3.9242,1.0000,,,,,
9.0960,1778840838.436053,517,25.666503,4.555817,-0.345182,4.0595,-0.5561,-0.470068,25.662650,4.610623,-0.337881,3.9447,25.707289,4.522132,-0.351459,3.9881,-0.6537,-0.528040,0.592052,-0.5311,25.707289,4.522132,-0.454358,6.0330,1.000000,1.623880,854.0030,0,1,sand,1.0000,1.100000,0,0,0.000000,0.000000,0.000000,0,nan,0.00,-0.931818,1.0000,0.0000,-0.492000,1.9000,1.84,8.70,12.39,8.02,6.477823,-10.8299,-2.0883,0.032000,0.137085,-0.8680,-0.046674,0.007602,0.197696,-3219.3154769971734,-1813.190278654405,-3047.0766672142936,-1554.2482371022793,-0.204208,-0.056634,6387.3,6233.3,0.100868,0.064559,-0.333333,3.9808,1.0000,,,,,
9.1080,1778840838.490433,518,25.749150,4.583157,-0.337775,3.9028,-0.6052,-0.468558,25.702034,4.580072,-0.343509,3.9449,25.788361,4.551490,-0.343666,3.9727,-0.6396,-0.508988,0.592871,-0.4800,25.788361,4.551490,-0.447995,6.0330,-1.000000,1.676281,938.2372,0,1,sand,1.0000,1.100000,0,0,0.000000,0.000000,0.000000,0,nan,0.00,-0.954545,1.0000,0.0000,-0.504000,1.9000,1.64,8.76,12.04,9.09,6.447272,-11.1524,-2.0881,0.008000,0.094259,0.7892,-0.067315,0.072405,0.256258,-2881.6146659312544,-1987.2763203880597,-2654.259917223864,-1604.5567144249605,-0.166372,-0.055382,6386.7,6233.8,0.101243,0.068458,3.000000,3.9657,1.0000,,,,,
9.1560,1778840838.500478,519,25.869195,4.436941,-0.372367,3.8907,-0.6133,-0.588835,25.855311,4.449514,-0.370449,3.9495,25.907040,4.402451,-0.378983,3.9367,-0.6581,-0.557567,0.640108,-0.5162,25.907040,4.402451,-0.480096,6.0330,1.000000,1.646094,871.7112,0,1,sand,1.0000,1.100000,0,0,0.000000,0.000000,0.000000,0,nan,0.00,-0.863636,1.0000,0.0000,-0.456000,1.9000,1.71,8.51,11.92,7.11,6.316714,-12.6959,-2.0835,0.044000,0.151483,-0.5177,-0.085613,0.049223,0.207889,196.66126274251698,-3305.879739021349,-2248.0991841435193,-1508.3254529451265,-0.152025,-0.077391,6375.0,6245.5,0.109415,0.110736,-0.250000,3.9290,1.0000,,,,,
9.2040,1778840838.508271,520,25.959599,4.341614,-0.394938,4.0053,-0.4525,-0.487126,26.008552,4.319191,-0.395859,4.0001,25.995930,4.309036,-0.400923,3.9746,-0.5759,-0.520567,0.717846,-0.4444,25.995930,4.309036,-0.498536,6.0330,-1.000000,1.560477,903.7750,0,1,sand,1.0000,1.100000,0,0,0.000000,0.000000,0.000000,0,nan,0.00,-0.954545,1.0000,0.0000,-0.504000,1.9000,1.55,8.28,11.38,6.98,6.221291,-15.3028,-2.0329,0.008000,0.120596,0.5343,-0.080965,0.217125,0.277595,4238.473259657676,-3393.9313639257134,-2574.6523904042256,-2032.7811449693259,-0.130668,-0.085906,6355.0,6265.6,0.123367,0.065448,1.000000,3.9664,1.0000,,,,,
9.2160,1778840838.651875,521,25.995706,4.333819,-0.412056,4.0689,-0.3623,-0.459742,26.047651,4.288215,-0.401180,4.0080,26.030199,4.302177,-0.417799,3.9942,-0.5661,-0.533974,0.724119,-0.5151,26.030199,4.302177,-0.513905,6.0330,-1.000000,1.404392,873.9601,0,1,sand,1.0000,1.100000,0,0,0.000000,0.000000,0.000000,0,nan,0.00,-0.977273,1.0000,0.0000,-0.516000,1.9000,1.41,8.68,11.51,10.96,6.190315,-15.6076,-2.0250,0.008000,0.133139,-1.0021,-0.045789,0.015484,0.042834,5624.31807818872,-3155.285180704092,-3141.552552436434,-2181.6353451711116,-0.190829,-0.089422,6353.0,6267.6,0.124790,0.043019,-4.000000,3.9862,1.0000,,,,,
9.2640,1778840838.663955,522,26.340969,4.231936,-0.414026,4.0194,-0.2411,-0.289280,26.206959,4.173294,-0.417350,3.9979,26.378436,4.201205,-0.419066,4.0112,-0.4705,-0.465719,0.754742,-0.5277,26.378436,4.201205,-0.513594,6.0330,-0.144936,1.270209,871.2026,0,1,sand,1.0000,1.100000,0,0,0.000000,0.000000,0.000000,0,nan,0.00,-0.990449,1.0000,0.0000,-0.522957,1.9000,1.49,8.59,11.56,8.07,6.105194,-17.7219,-2.0351,0.008000,0.172709,1.1869,0.001818,0.355693,0.388961,6010.2723335091805,-2533.791310014147,-4238.306830359439,-2368.965827254641,-0.270609,-0.076410,6345.0,6275.6,0.130367,0.041637,-0.250000,4.0025,1.0000,,,,,
9.3000,1778840838.672772,523,26.270909,4.097407,-0.427907,3.9891,-0.2157,-0.172209,26.329768,4.095303,-0.425252,3.9975,26.309591,4.067494,-0.432125,4.0050,-0.4207,-0.400792,0.687901,-0.5247,26.309591,4.067494,-0.523965,6.0330,-0.075185,1.312377,868.8861,0,1,sand,1.0000,1.100000,0,0,0.000000,0.000000,0.000000,0,nan,0.00,-0.995575,1.0000,0.0000,-0.525664,1.9000,1.66,8.52,11.84,8.14,6.027203,-18.1747,-2.0355,nan,nan,nan,nan,nan,nan,5448.272758114694,-2007.3053100534325,-4547.049304502889,-1718.9378884005007,-0.328325,-0.052760,6361.6,6259.0,0.118786,0.046827,-0.193248,3.9969,1.0000,,,,,
9.3120,1778840838.837859,524,26.331402,4.008915,-0.430981,4.0225,-0.1971,-0.156838,26.371308,4.070809,-0.427149,3.9965,26.369035,3.980513,-0.434769,4.0098,-0.4009,-0.378682,0.697812,-0.5265,26.369035,3.980513,-0.525111,6.0330,0.109132,1.334969,891.6945,0,1,sand,1.0000,1.100000,0,0,0.000000,0.000000,0.000000,0,nan,0.00,-0.993095,1.0000,0.0000,-0.524354,1.9000,1.49,8.86,11.83,10.73,6.002709,-18.2834,-2.0365,0.008000,0.026811,1.2604,-0.044547,0.268178,0.392236,5409.186442730703,-1817.3871652514856,-4630.091383065665,-1551.6118390798483,-0.347192,-0.045936,6359.1,6261.5,0.120540,0.041127,-0.225554,4.0018,1.0000,,,,,
9.3600,1778840838.849581,525,26.513441,3.915161,-0.424997,3.9566,-0.0565,-0.049045,26.540383,3.979772,-0.431505,3.9863,26.553243,3.889016,-0.427793,3.9871,-0.3120,-0.301431,0.639463,-0.5231,26.553243,3.889016,-0.517814,6.0330,-0.075959,1.370017,921.6222,0,1,sand,1.0000,1.100000,0,0,0.000000,0.000000,0.000000,0,nan,0.00,-1.000000,1.0000,0.0000,-0.528000,1.9000,1.48,8.73,11.69,8.04,5.936072,-19.7489,-2.0467,0.044000,0.198990,2.6470,-0.086903,0.366466,0.491607,5626.902802073364,-1237.6850007057587,-4761.002010582422,-1037.751121962624,-0.415671,-0.026944,6374.0,6246.6,0.110119,0.050826,0.027283,3.9797,1.0000,,,,,
9.3960,1778840838.858341,526,26.638278,3.872400,-0.432726,3.9707,-0.0104,0.014138,26.669816,3.918408,-0.431784,3.9710,26.678785,3.847588,-0.434800,3.9832,-0.2593,-0.251046,0.620435,-0.5289,26.678785,3.847588,-0.523968,6.0329,1.000000,1.493953,966.7701,0,1,sand,1.0000,1.100000,0,0,0.000000,0.000000,0.000000,0,nan,0.00,-0.931818,1.0000,0.0000,-0.492000,1.9000,1.56,8.61,11.73,7.90,5.893808,-20.9989,-2.0620,0.032000,0.080243,1.8857,-0.110736,0.387368,0.514372,5406.748656549688,-502.06764177828586,-4874.694276913242,-511.4952268605536,-0.465860,-0.012045,6379.0,6241.6,0.106676,0.049666,-0.101278,3.9759,1.0000,,,,,
9.4080,1778840839.060022,527,26.645408,3.907248,-0.432211,4.0375,0.0395,0.038853,26.713396,3.899199,-0.431379,3.9664,26.685135,3.884085,-0.433864,3.9948,-0.2185,-0.214323,0.614651,-0.4805,26.685135,3.884085,-0.523382,6.0329,-1.000000,1.403542,919.8491,0,1,sand,1.0000,1.100000,0,0,0.000000,0.000000,0.000000,0,nan,0.00,-0.954545,1.0000,0.0000,-0.504000,1.9000,1.43,8.88,11.74,10.42,5.874599,-20.9757,-2.0665,0.008000,0.105241,2.2914,-0.085919,0.388092,0.469922,5051.334742456604,-658.6727645233957,-4841.291630739883,-361.7963371783456,-0.446925,-0.008381,6380.6,6239.9,0.105497,0.033486,3.000000,3.9878,1.0000,,,,,
9.4560,1778840839.071615,528,26.853877,3.827790,-0.433539,3.8982,0.0692,0.103101,26.889810,3.828294,-0.427500,3.9477,26.895056,3.805849,-0.434491,3.9509,-0.1726,-0.168570,0.598460,-0.5158,26.895056,3.805849,-0.523852,6.0332,1.000000,1.571252,1091.7254,0,1,sand,1.0000,1.100000,0,0,0.000000,0.000000,0.000000,0,nan,0.00,-0.863636,1.0000,0.0000,-0.456000,1.9000,1.46,8.77,11.69,8.16,5.817294,-21.9833,-2.0855,0.044000,0.194636,2.2401,-0.135619,0.440938,0.506360,5453.944424841929,-23.82714679983468,-4933.191233500796,327.59955870749747,-0.509726,0.008960,6384.6,6236.0,0.102739,0.075506,-0.250000,3.9439,1.0000,,,,,
9.4920,1778840839.080543,529,26.977088,3.767627,-0.426491,3.9079,0.1684,0.155089,27.024181,3.781039,-0.422586,3.9361,27.019732,3.747535,-0.426767,3.9357,-0.0961,-0.109030,0.584891,-0.4440,27.019732,3.747535,-0.516037,6.0329,1.000000,1.628057,1015.5734,0,1,sand,1.0000,1.100000,0,0,0.000000,0.000000,0.000000,0,nan,0.00,-0.795455,1.0000,0.0000,-0.420000,1.9000,1.61,8.65,11.86,7.93,5.770039,-21.7018,-2.0968,0.032000,0.148542,1.8017,-0.122235,0.450703,0.457656,5554.074830076213,751.2884500248388,-4891.031428156685,535.628802844888,-0.503576,0.015521,6388.6,6232.0,0.099943,0.070422,1.333333,3.9288,1.0000,,,,,
9.5040,1778840839.259748,530,27.073687,3.880390,-0.418299,3.8841,0.1562,0.166053,27.069380,3.766467,-0.420583,3.9315,27.115202,3.862055,-0.418281,3.9269,-0.0656,-0.078818,0.585330,-0.4084,27.115202,3.862055,-0.509991,6.0323,-1.000000,1.555785,1091.7730,0,1,sand,1.0000,1.100000,0,0,0.000000,0.000000,0.000000,0,nan,0.00,-0.818182,1.0000,0.0000,-0.432000,1.9000,1.46,8.90,11.82,10.31,5.755467,-21.5870,-2.1008,0.008000,0.267583,2.3839,-0.125044,0.459941,0.411916,5131.398289172355,814.4951012705757,-4883.661446147387,646.3485481417056,-0.479185,0.018842,6388.5,6232.1,0.100021,0.079161,3.000000,3.9202,1.0000,,,,,
9.5520,1778840839.271078,531,27.232508,3.681964,-0.411891,3.9096,0.3336,0.214270,27.251831,3.713244,-0.411269,3.9195,27.275581,3.665564,-0.411342,3.9217,0.0241,-0.047637,0.577055,-0.4437,27.275581,3.665564,-0.500500,6.0335,-1.000000,1.733063,1096.8385,0,1,sand,1.0000,1.100000,0,0,0.000000,0.000000,0.000000,0,nan,0.00,-0.909091,1.0000,0.0000,-0.480000,1.9000,1.43,8.77,11.63,8.07,5.710544,-22.3015,-2.1140,0.044000,0.208206,2.4870,-0.141285,0.527384,0.409288,5106.410797532392,1117.902934065327,-4857.599858544708,396.569002391487,-0.546217,0.013698,6390.5,6230.1,0.098657,0.069880,-0.250000,3.9150,1.0000,,,,,
9.5880,1778840839.279888,532,27.372985,3.723171,-0.398743,3.9203,0.2779,0.245965,27.390378,3.678812,-0.402893,3.9073,27.416837,3.707996,-0.397854,3.9239,0.0363,-0.032920,0.576910,-0.4918,27.416837,3.707996,-0.488302,6.0357,1.000000,1.640991,1141.4098,0,1,sand,1.0000,1.100000,0,0,0.000000,0.000000,0.000000,0,nan,0.00,-0.840909,1.0000,0.0000,-0.444000,1.9000,1.52,8.66,11.70,8.00,5.678812,-23.0841,-2.1285,0.032000,0.184926,3.0140,-0.093538,0.598796,0.481467,4792.776525050074,1484.7196661718017,-5073.56376719401,715.852341256206,-0.550000,0.023175,6391.0,6229.5,0.098245,0.065533,-1.333333,3.9172,1.0000,,,,,
9.6000,1778840839.288620,533,27.478248,3.641076,-0.389646,3.9244,0.2436,0.252901,27.436827,3.668292,-0.399887,3.9046,27.529144,3.623826,-0.388634,3.9263,0.0231,-0.038764,0.575478,-0.4303,27.529144,3.623826,-0.478136,6.0308,1.000000,1.550395,1107.5338,0,1,sand,1.0000,1.100000,0,0,0.000000,0.000000,0.000000,0,nan,0.00,-0.818182,1.0000,0.0000,-0.432000,1.9000,2.51,8.54,13.56,7.90,5.668292,-22.9119,-2.1261,0.008000,0.136901,2.7516,-0.075637,0.487229,0.342782,4536.352229076852,1555.4688625700019,-4912.862350115205,887.7302397078978,-0.550000,0.027995,6391.9,6228.7,0.097644,0.062675,3.000000,3.9186,1.0000,,,,,
9.6120,1778840839.436502,534,27.481865,3.676764,-0.384281,3.9738,0.3290,0.260738,27.483405,3.658258,-0.396783,3.9006,27.530717,3.661176,-0.383098,3.9365,0.0505,-0.017215,0.569503,-0.4190,27.530717,3.661176,-0.473242,6.0306,0.385315,1.540207,1070.9727,0,1,sand,1.0000,1.100000,0,0,0.000000,0.000000,0.000000,0,nan,0.00,-0.809425,1.0000,0.0000,-0.427376,1.9000,2.23,8.80,13.26,10.24,5.658258,-22.7340,-2.1300,0.008000,0.017067,2.3996,-0.056111,0.480580,0.344770,4375.874949474357,1619.7852037189843,-4934.903032731145,895.1330668766678,-0.550000,0.028255,6392.8,6227.7,0.096992,0.051391,1.000000,3.9293,1.0000,,,,,
9.6600,1778840839.447889,535,27.706637,3.828692,-0.382274,3.8279,0.3424,0.297398,27.670994,3.623035,-0.383248,3.8870,27.755380,3.814639,-0.380621,3.8867,0.0862,0.012281,0.552824,-0.4224,27.755380,3.814639,-0.474313,6.0344,0.042815,1.646988,1163.4900,0,1,sand,1.0000,1.100000,0,0,0.000000,0.000000,0.000000,0,nan,0.00,-0.805532,1.0000,0.0000,-0.425321,1.9000,2.10,8.69,12.89,8.09,5.620335,-23.2210,-2.1474,0.008000,0.332966,1.9384,-0.099726,0.546129,0.450485,4928.670066016626,1430.6471313763604,-4836.646888752716,1158.2762905355362,-0.550000,0.035530,6397.0,6223.5,0.094072,0.084206,0.096329,3.8796,1.0000,,,,,
9.6960,1778840839.456747,536,27.830489,3.597772,-0.380986,3.8677,0.3697,0.321477,27.812969,3.601792,-0.371906,3.8815,27.879192,3.584762,-0.379010,3.8817,0.1134,0.034577,0.557213,-0.4248,27.879192,3.584762,-0.469118,6.0822,0.482977,1.622977,1144.1990,0,1,sand,1.0000,1.100000,0,0,0.000000,0.000000,0.000000,0,nan,0.00,-0.772602,1.0000,0.0000,-0.407934,1.9000,2.11,8.59,12.81,8.02,5.599092,-22.5711,-2.2007,0.008000,0.067517,1.1551,-0.106965,0.453605,0.308246,4354.110924427628,1158.7125524801731,-4778.916425143819,1353.0893124555037,-0.550000,0.040085,6396.2,6224.3,0.094628,0.075920,0.057087,3.8746,1.0000,,,,,
9.7080,1778840839.612927,537,27.849410,3.581269,-0.373500,3.7586,0.3839,0.338285,27.860548,3.595680,-0.367890,3.8803,27.896090,3.569744,-0.371405,3.8589,0.1357,0.056645,0.554236,-0.4020,27.896090,3.569744,-0.462170,6.0894,-1.000000,1.643338,1200.0270,0,1,sand,1.0000,1.100000,0,0,0.000000,0.000000,0.000000,0,nan,0.00,-0.795329,1.0000,0.0000,-0.419934,1.9000,1.89,8.98,12.75,11.16,5.592980,-22.3410,-2.2091,0.008000,0.117503,1.0892,-0.131700,0.545718,0.487557,4516.03912496388,1280.3888708787727,-4838.498786757187,1438.5701627665562,-0.550000,0.042268,6396.7,6223.9,0.094313,0.091175,1.448931,3.8522,1.0000,,,,,
9.7560,1778840839.625217,538,28.206748,3.557673,-0.350766,3.8617,0.4590,0.361280,28.051474,3.575844,-0.350884,3.8572,28.255821,3.547968,-0.348256,3.8632,0.1766,0.072204,0.511105,-0.4327,28.255821,3.547968,-0.439224,6.1234,-1.000000,1.707745,1239.8867,0,1,sand,1.0000,1.100000,0,0,0.000000,0.000000,0.000000,0,nan,0.00,-0.886239,1.0000,0.0000,-0.467934,1.9000,1.91,8.95,12.78,8.78,5.564844,-22.6148,-2.2662,0.044000,0.312339,1.9511,-0.136680,0.624783,0.457833,3908.8542978422993,1794.1676071160177,-4469.600775627841,1524.667442939997,-0.550000,0.041642,6407.9,6212.7,0.086525,0.040232,-0.250000,3.8568,1.0000,,,,,
9.7920,1778840839.634845,539,28.186865,3.584867,-0.334941,3.8701,0.5227,0.381521,28.194724,3.565723,-0.337331,3.8270,28.237633,3.576721,-0.332105,3.8684,0.2187,0.087956,0.471882,-0.4810,28.237633,3.576721,-0.424227,6.1200,-1.000000,1.767054,1234.7066,0,1,sand,1.0000,1.100000,0,0,0.000000,0.000000,0.000000,0,nan,0.00,-0.954420,1.0000,0.0000,-0.503934,1.9000,2.08,8.88,13.03,8.48,5.541123,-23.0682,-2.2930,0.032000,0.116077,2.5469,-0.079601,0.665300,0.491313,3322.503605086459,1897.4967625764805,-4707.189853716629,1487.6390349895432,-0.550000,0.038182,6418.1,6202.4,0.079365,0.014281,-1.333333,3.8624,1.0000,,,,,
9.8040,1778840839.731261,540,28.199050,3.516431,-0.322822,3.8140,0.4365,0.388011,28.242371,3.563251,-0.332696,3.8128,28.247836,3.509496,-0.319953,3.8585,0.2266,0.103721,0.447282,-0.5165,28.247836,3.509496,-0.411749,6.1217,-1.000000,1.809601,1316.1199,0,1,sand,1.0000,1.100000,0,0,0.000000,0.000000,0.000000,0,nan,0.00,-0.977148,1.0000,0.0000,-0.515934,1.9000,1.85,9.12,12.82,10.52,5.538651,-22.8026,-2.3089,0.008000,0.075950,3.0212,-0.084389,0.642682,0.466477,3325.744333981182,2042.4152195921545,-4658.516299417257,1649.1691538243408,-0.550000,0.042242,6424.3,6196.2,0.075049,-0.014631,-3.000000,3.8530,1.0000,,,,,
9.8520,1778840839.742827,541,28.435887,3.447929,-0.325755,3.6989,0.4613,0.389502,28.429861,3.556758,-0.313998,3.6772,28.484476,3.441398,-0.322683,3.7807,0.2319,0.114072,0.262399,-0.5287,28.484476,3.441398,-0.414642,6.2158,-0.251376,2.000000,1368.6176,0,1,sand,1.0000,1.100000,0,0,0.000000,0.000000,0.000000,0,nan,0.00,-1.000000,1.0000,0.0000,-0.528000,1.9000,1.81,8.98,12.60,8.18,5.513058,-22.9652,-2.5386,0.044000,0.171796,2.2910,-0.136781,0.679421,0.528068,1765.2727238708587,1544.019393891426,-4279.118946326573,1876.9281134428502,-0.550000,0.048455,6471.3,6149.2,0.042259,-0.151903,-0.250000,3.7775,1.0000,,,,,
9.8880,1778840839.751757,542,28.513541,3.563005,-0.304719,3.5529,0.5621,0.382751,28.565478,3.555119,-0.300088,3.5455,28.561695,3.558440,-0.301555,3.6851,0.2718,0.120285,0.141498,-0.5312,28.561695,3.558440,-0.398757,6.2239,0.000000,2.000000,1473.8738,0,1,sand,1.0000,1.100000,0,0,0.000000,0.000000,0.000000,0,nan,0.00,-1.000000,1.0000,0.0000,-0.528000,1.9000,1.93,8.81,12.67,7.81,5.511419,-22.1682,-2.6784,0.032000,0.167296,2.0808,-0.230840,0.666049,0.453216,847.5820719413123,1763.239369311229,-4112.738650545933,1538.6390078545965,-0.550000,0.039346,6502.6,6117.9,0.020447,-0.175964,-0.335168,3.6835,1.0000,,,,,
9.9000,1778840839.849291,543,28.548644,3.475953,-0.287329,3.5421,0.4362,0.379118,28.609629,3.555129,-0.295511,3.4994,28.594436,3.472501,-0.284240,3.6572,0.2711,0.129933,0.100158,-0.5280,28.594436,3.472501,-0.381381,6.2222,0.000000,2.000000,1496.6687,0,1,sand,1.0000,1.100000,0,0,0.000000,0.000000,0.000000,0,nan,0.00,-1.000000,1.0000,0.0000,-0.528000,1.9000,1.74,9.01,12.49,10.19,5.511429,-21.9060,-2.7228,0.008000,0.067490,2.0615,-0.259452,0.632177,0.504747,851.0533843819678,1731.206118135917,-4277.049193083632,1649.5147218564698,-0.550000,0.043164,6512.8,6107.7,0.013347,-0.191892,0.000000,3.6561,1.0000,,,,,
9.9480,1778840839.860469,544,28.829414,3.510069,-0.280655,3.3341,0.3693,0.373136,28.780553,3.557819,-0.277396,3.3094,28.873180,3.506703,-0.277633,3.4977,0.2190,0.121254,-0.046587,-0.5280,28.873180,3.506703,-0.379406,6.2694,1.000000,2.000000,1731.9333,0,1,sand,1.0000,1.100000,0,0,0.000000,0.000000,0.000000,0,nan,0.00,-0.909091,1.0000,0.0000,-0.480000,1.9000,1.64,8.87,12.15,8.07,5.489719,-22.0841,-2.9600,0.044000,0.219760,1.6573,-0.404800,0.540002,0.435084,92.20509895778139,1389.488265423251,-4103.207964808898,1939.9284169733064,-0.550000,0.060538,6550.0,6070.6,-0.012566,-0.238064,0.000000,3.4984,1.0000,,,,,
9.9840,1778840839.869269,545,28.947124,3.664513,-0.268377,3.1141,0.5263,0.369444,28.902350,3.562257,-0.264107,3.1540,28.988889,3.662700,-0.265365,3.3356,0.2574,0.125087,-0.149420,-0.4678,28.988889,3.662700,-0.375327,6.3341,1.000000,2.000000,2027.7334,0,1,sand,1.0000,1.100000,0,0,0.000000,0.000000,0.000000,0,nan,0.00,-0.840909,1.0000,0.0000,-0.444000,1.9000,1.67,8.75,12.10,8.06,5.464357,-22.5104,-3.1801,0.032000,0.317249,2.4580,-0.469411,0.646164,0.543184,-397.7120681766409,1834.9932132987515,-4069.764772405215,1524.1090990534851,-0.550000,0.050073,6576.0,6044.6,-0.030696,-0.244586,1.333333,3.3376,1.0000,,,,,
9.9960,1778840839.878056,546,28.897295,3.578414,-0.260526,3.1835,0.3741,0.363130,28.941606,3.564107,-0.259784,3.1005,28.944499,3.575938,-0.257364,3.3050,0.2092,0.087855,-0.179294,-0.4300,28.944499,3.575938,-0.367143,6.3102,1.000000,2.000000,2004.0332,0,1,sand,1.0000,1.100000,0,0,0.000000,0.000000,0.000000,0,nan,0.00,-0.818182,1.0000,0.0000,-0.432000,1.9000,2.62,8.67,13.91,8.22,5.466207,-22.2628,-3.2097,0.008000,0.090772,1.6616,-0.391552,0.630108,0.587860,-495.9571232610246,1430.9947124646237,-4005.554201954771,1631.9053777154936,-0.550000,0.055145,6584.5,6036.1,-0.036597,-0.278242,3.000000,3.3077,1.0000,,,,,
10.0080,1778840839.916868,547,28.947493,3.533234,-0.267140,3.1008,0.4346,0.353833,28.980191,3.566154,-0.255512,3.0465,28.991784,3.530843,-0.264088,3.2647,0.2189,0.098412,-0.213367,-0.4187,28.991784,3.530843,-0.373836,6.3356,-1.000000,2.000000,2076.7601,0,1,sand,1.0000,1.100000,0,0,0.000000,0.000000,0.000000,0,nan,0.00,-0.840909,1.0000,0.0000,-0.444000,1.9000,2.30,8.55,13.15,7.84,5.468254,-22.0180,-3.2890,0.008000,0.118139,0.2353,-0.399550,0.638017,0.662802,425.8617910004692,2341.718876016987,-4021.2184090502474,1532.2905122283491,-0.550000,0.055082,6592.7,6027.8,-0.042361,-0.135041,1.000000,3.2677,1.0000,,,,,
10.0440,1778840839.925472,548,29.087096,3.591164,-0.246903,2.9850,0.4928,0.339399,29.093121,3.573911,-0.243100,2.9466,29.129370,3.590144,-0.243991,3.1452,0.2369,0.094269,-0.305053,-0.4571,29.129370,3.590144,-0.359623,6.3876,-1.000000,2.000000,2271.9908,0,1,sand,1.0000,1.100000,0,0,0.000000,0.000000,0.000000,0,nan,0.00,-0.909091,1.0000,0.0000,-0.480000,1.9000,2.28,8.35,12.91,7.23,5.476011,-21.3069,-3.4410,nan,nan,nan,nan,nan,nan,2395.4362062027385,2799.1580272953615,-3691.3224005671145,1151.6438250424212,-0.550000,0.044821,6615.9,6004.7,-0.058489,-0.010018,-0.333333,3.1493,1.0000,,,,,
10.0920,1778840839.933388,549,29.226893,3.579571,-0.229960,3.0007,0.4921,0.371500,29.240179,3.589667,-0.225881,2.8808,29.266378,3.579971,-0.227017,3.0726,0.2608,0.113575,-0.298577,-0.4925,29.266378,3.579971,-0.345456,6.4302,-1.000000,2.000000,2393.3034,0,1,sand,1.0000,1.100000,0,0,0.000000,0.000000,0.000000,0,nan,0.00,-1.000000,1.0000,0.0000,-0.528000,1.9000,2.07,8.23,12.36,7.56,5.456867,-21.4713,-3.5494,0.008000,0.103766,1.3118,-0.244124,0.431817,0.417449,3890.6025994182482,2574.5045123757127,-3557.885655497278,1253.4801343414963,-0.550000,0.046121,6613.9,6006.7,-0.057123,0.042122,-0.750000,3.0765,1.0000,,,,,
10.1040,1778840839.970777,550,29.260407,3.644966,-0.216627,2.9090,0.5146,0.374594,29.276786,3.594715,-0.221368,2.8802,29.297688,3.646218,-0.213727,3.0408,0.2781,0.127317,-0.268214,-0.5399,29.297688,3.646218,-0.335349,6.4422,0.000000,2.000000,2449.0349,0,1,sand,1.0000,1.100000,0,0,0.000000,0.000000,0.000000,0,nan,0.00,-1.000000,1.0000,0.0000,-0.528000,1.9000,1.83,8.11,11.76,7.41,5.461915,-21.2127,-3.5619,0.008000,0.119995,1.8307,-0.243017,0.513022,0.455252,3871.338096239013,2191.952102832145,-4081.643689115368,1186.944602358582,-0.550000,0.045572,6605.9,6014.7,-0.051552,0.084013,-4.000000,3.0441,1.0000,,,,,
10.1400,1778840839.978877,551,29.504958,3.559303,-0.212677,2.9391,0.6103,0.392588,29.387143,3.612141,-0.207412,2.9059,29.541464,3.561655,-0.209639,2.9983,0.3292,0.145363,-0.148791,-0.5280,29.541464,3.561655,-0.330278,6.5651,0.000000,2.000000,2479.3182,0,1,sand,1.0000,1.100000,0,0,0.000000,0.000000,0.000000,0,nan,0.00,-1.000000,1.0000,0.0000,-0.528000,1.9000,1.82,7.99,11.62,7.31,5.439241,-21.5660,-3.6591,0.032000,0.204186,2.3818,-0.243179,0.544805,0.474130,3343.7728093037385,2706.6789018855816,-3844.299120282145,969.6220344611472,-0.550000,0.035348,6575.6,6045.0,-0.030415,0.094690,0.000000,3.0002,1.0000,,,,,
10.1880,1778840839.986849,552,29.607376,3.636041,-0.189521,2.9251,0.5355,0.391597,29.536117,3.639415,-0.188261,2.9561,29.641809,3.639414,-0.186493,2.9635,0.3390,0.160874,0.015975,-0.5280,29.641809,3.639414,-0.310905,6.6188,0.000000,2.000000,2488.7056,0,1,sand,1.0000,1.100000,0,0,0.000000,0.000000,0.000000,0,nan,0.00,-1.000000,1.0000,0.0000,-0.528000,1.9000,1.61,7.88,11.09,7.24,5.466515,-20.4688,-3.6628,0.044000,0.183417,2.5808,-0.151249,0.518388,0.487896,2480.902001459699,4691.712382934573,-3984.963390299008,1060.266992176152,-0.550000,0.040346,6533.6,6087.0,-0.001135,0.146126,0.000000,2.9634,1.0000,,,,,
10.2000,1778840840.025964,553,29.562498,3.673061,-0.184500,2.9412,0.4824,0.390679,29.573720,3.646746,-0.183587,2.9748,29.595531,3.676491,-0.181539,2.9598,0.3376,0.168886,0.077834,-0.5280,29.595531,3.676491,-0.307379,6.5952,1.000000,2.000000,2557.3574,0,1,sand,1.0000,1.100000,0,0,0.000000,0.000000,0.000000,0,nan,0.00,-0.977273,1.0000,0.0000,-0.516000,1.9000,1.44,7.88,10.77,7.89,5.473846,-20.2010,-3.6204,0.008000,0.120062,1.7853,-0.083663,0.526475,0.524783,2281.9369158018408,4018.69951797546,-4046.5641480094127,1163.4822065582139,-0.550000,0.044689,6517.7,6102.9,0.009941,0.145517,0.000000,2.9591,1.0000,,,,,
10.2360,1778840840.034613,554,29.774722,3.622027,-0.173560,3.0795,0.6692,0.390425,29.687548,3.670055,-0.169600,3.0234,29.808399,3.626423,-0.170538,3.0121,0.3917,0.177447,0.252291,-0.5052,29.808399,3.626423,-0.292588,6.6638,1.000000,2.000000,2402.0489,0,1,sand,1.0000,1.100000,0,0,0.000000,0.000000,0.000000,0,nan,0.00,-0.909091,1.0000,0.0000,-0.480000,1.9000,1.45,7.90,10.80,8.05,5.452055,-20.4738,-3.6404,0.032000,0.169673,1.5719,-0.004440,0.562867,0.477049,2383.1234555293368,676.4985884172644,-4350.6097498342715,690.624240345931,-0.550000,0.025281,6473.5,6147.0,0.040741,0.131444,0.333333,3.0095,1.0000,,,,,
10.2720,1778840840.043368,555,29.795196,3.618374,-0.155885,3.0648,0.6521,0.382024,29.802789,3.695162,-0.155700,3.0712,29.830130,3.623670,-0.152808,3.0367,0.4100,0.172639,0.378521,-0.4689,29.830130,3.623670,-0.274442,6.6645,-1.000000,1.989764,2419.9756,0,1,sand,1.0000,1.100000,0,0,0.000000,0.000000,0.000000,0,nan,0.00,-0.977273,1.0000,0.0000,-0.516000,1.9000,1.60,7.87,11.08,7.71,5.477162,-19.6774,-3.5932,0.032000,0.081738,2.2470,0.049256,0.587249,0.485983,2656.425650033444,1163.9125999865876,-4485.822753441509,337.22035000160713,-0.550000,0.014702,6441.7,6178.8,0.062910,0.161067,1.000000,3.0327,1.0000,,,,,
10.2840,1778840840.051764,556,29.840298,3.638300,-0.150844,3.0915,0.6459,0.387800,29.841543,3.703971,-0.151070,3.0881,29.881541,3.644210,-0.147447,3.0494,0.3780,0.137907,0.423189,-0.5291,29.881541,3.644210,-0.268997,6.6643,-1.000000,2.000000,2302.2744,0,1,sand,1.0000,1.100000,0,0,0.000000,0.000000,0.000000,0,nan,0.00,-1.000000,1.0000,0.0000,-0.528000,1.9000,2.61,7.80,13.02,7.38,5.485971,-19.4121,-3.5761,nan,nan,nan,nan,nan,nan,2244.5712505369247,1924.7684560298203,-4627.5110270529,277.4244003881536,-0.550000,0.012883,6431.4,6189.2,0.070116,0.159523,-3.000000,3.0440,1.0000,,,,,
10.2960,1778840840.103221,557,29.846061,3.771674,-0.141459,3.1146,0.5558,0.386247,29.880433,3.712995,-0.146426,3.0976,29.885224,3.777657,-0.138173,3.0632,0.3802,0.148874,0.456878,-0.5404,29.885224,3.777657,-0.262498,6.6642,0.000000,2.000000,2399.6809,0,1,sand,1.0000,1.100000,0,0,0.000000,0.000000,0.000000,0,nan,0.00,-1.000000,1.0000,0.0000,-0.528000,1.9000,2.30,8.12,12.72,9.93,5.445095,-20.2219,-3.5667,0.008000,0.162237,1.6585,0.092641,0.554130,0.402405,2740.859234141982,1314.0315182274026,-4322.748087521308,419.35483443588816,-0.550000,0.016941,6422.5,6198.0,0.076288,0.107455,-1.000000,3.0577,1.0000,,,,,
10.3440,1778840840.114130,558,30.051150,3.805503,-0.119707,3.2292,0.5255,0.432410,30.037055,3.753109,-0.126378,3.1486,30.091721,3.812150,-0.116178,3.1489,0.3443,0.158492,0.586469,-0.5280,30.091721,3.812150,-0.237665,6.7038,0.000000,1.975224,2289.0859,0,1,sand,1.0000,1.100000,0,0,0.000000,0.000000,0.000000,0,nan,0.00,-1.000000,1.0000,0.0000,-0.528000,1.9000,2.22,8.08,12.52,7.88,5.485209,-19.0733,-3.5552,0.008000,0.176158,1.8957,0.104353,0.517120,0.478407,1525.012620892458,2221.2077501300887,-4542.188449060616,1279.5580435214902,-0.550000,0.041671,6389.8,6230.8,0.099111,0.180938,0.000000,3.1417,1.0000,,,,,
10.3800,1778840840.122742,559,30.187582,3.760144,-0.113757,3.2569,0.5656,0.412150,30.156497,3.785827,-0.110797,3.2246,30.229140,3.767011,-0.110192,3.1991,0.3413,0.157185,0.735397,-0.5280,30.229140,3.767011,-0.228283,6.7754,0.000000,1.706795,2259.6170,0,1,sand,1.0000,1.100000,0,0,0.000000,0.000000,0.000000,0,nan,0.00,-1.000000,1.0000,0.0000,-0.528000,1.9000,2.30,8.04,12.65,7.81,5.463127,-19.2150,-3.5508,0.008000,0.124188,1.2483,0.115351,0.553234,0.503020,-2743.5739698748393,1633.8004731150688,-4648.488045126913,1246.6061440932567,-0.550000,0.042065,6352.1,6268.5,0.125417,0.178410,0.000000,3.1899,1.0000,,,,,
10.3920,1778840840.131335,560,30.251060,3.817563,-0.099080,3.2583,0.5537,0.391567,30.196732,3.796048,-0.106039,3.2518,30.298886,3.825359,-0.095296,3.2144,0.3034,0.118552,0.783138,-0.5280,30.298886,3.825359,-0.214199,6.8103,0.000000,1.559113,2169.8195,0,1,sand,1.0000,1.100000,0,0,0.000000,0.000000,0.000000,0,nan,0.00,-1.000000,1.0000,0.0000,-0.528000,1.9000,3.28,8.04,14.59,8.00,5.473348,-18.9424,-3.5585,0.008000,0.169875,1.9811,0.111441,0.509098,0.431383,-3427.5753270699042,1781.8744871092051,-4699.087168148999,1174.5114708848364,-0.550000,0.040758,6339.9,6280.6,0.133871,0.175883,0.000000,3.2032,1.0000,,,,,
10.4040,1778840840.175822,561,30.204856,3.748295,-0.108073,3.3090,0.5821,0.368672,30.237087,3.805544,-0.101663,3.2697,30.250341,3.755386,-0.104478,3.2347,0.3205,0.128659,0.816926,-0.5280,30.250341,3.755386,-0.221096,6.7865,0.000000,1.437052,2174.0128,0,1,sand,1.0000,1.100000,0,0,0.000000,0.000000,0.000000,0,nan,0.00,-1.000000,1.0000,0.0000,-0.528000,1.9000,2.87,8.20,13.94,9.14,5.482844,-18.6916,-3.5168,0.008000,0.048995,0.8716,0.114740,0.529970,0.437821,-4515.555846432673,1257.1919896940751,-4742.83112741787,1008.8699721278069,-0.550000,0.035542,6330.5,6290.0,0.140445,0.162011,0.000000,3.2236,1.0000,,,,,
10.4520,1778840840.185827,562,30.397391,3.885666,-0.090268,3.3245,0.3950,0.182555,30.398801,3.833342,-0.089468,3.3198,30.442537,3.890099,-0.088045,3.2849,0.2331,0.038821,0.884672,-0.5280,30.442537,3.890099,-0.205202,6.8733,0.000000,1.315924,2041.2406,0,1,sand,1.0000,1.100000,0,0,0.000000,0.000000,0.000000,0,nan,0.00,-1.000000,1.0000,0.0000,-0.528000,1.9000,2.70,8.09,13.49,7.49,5.451342,-18.9477,-3.5536,0.008000,0.052838,0.5765,0.065486,0.415861,0.254500,-5626.437270451559,972.8081937189911,-4887.856080294566,275.1539932628753,-0.550000,0.005446,6312.9,6307.7,0.152748,0.155648,0.000000,3.2730,1.0000,,,,,
10.4880,1778840840.194009,563,30.532178,3.835301,-0.083806,3.2989,0.4981,0.108124,30.520190,3.844814,-0.084584,3.3411,30.577127,3.838535,-0.082503,3.2955,0.2287,-0.019398,0.871793,-0.5280,30.577127,3.838535,-0.197588,6.9356,-0.000000,1.254042,1997.0227,0,1,sand,1.0000,1.100000,0,0,0.000000,0.000000,0.000000,0,nan,0.00,-1.000000,1.0000,0.0000,-0.528000,1.9000,2.72,7.97,13.41,7.29,5.462814,-18.6678,-3.5945,0.008000,0.049312,0.6112,0.011219,0.353163,0.108044,-5620.9779923787455,20.22345785302369,-4926.35721286837,-946.5247264827688,-0.550000,-0.036764,6315.7,6304.9,0.150779,0.172376,0.000000,3.2839,1.0000,,,,,
10.5000,1778840840.238789,564,30.585181,3.827345,-0.079106,3.3656,0.3767,0.098482,30.560705,3.847353,-0.083414,3.3487,30.627706,3.830079,-0.078068,3.3107,0.2212,-0.027178,0.874342,-0.5280,30.627706,3.830079,-0.192279,6.9588,0.000000,1.131959,1942.0886,0,1,sand,1.0000,1.100000,0,0,0.000000,0.000000,0.000000,0,nan,0.00,-1.000000,1.0000,0.0000,-0.528000,1.9000,2.39,8.09,12.88,8.76,5.465353,-18.6008,-3.6102,0.008000,0.041727,0.2484,0.006952,0.405556,0.168888,-4872.26673785005,439.5813410872675,-4935.780748064243,-1066.2855489122658,-0.550000,-0.041718,6314.6,6306.0,0.151548,0.161810,-0.000000,3.2997,1.0000,,,,,
10.5480,1778840840.248478,565,30.761031,3.888342,-0.076743,3.3852,0.1715,0.033701,30.722785,3.851971,-0.080431,3.3617,30.803350,3.887759,-0.076693,3.3525,0.0860,-0.101537,0.873677,-0.5280,30.803350,3.887759,-0.189678,7.0000,1.000000,1.166818,1842.8242,0,1,sand,1.0000,1.100000,0,0,0.000000,0.000000,0.000000,0,nan,0.00,-0.909091,1.0000,0.0000,-0.480000,1.9000,2.26,7.96,12.49,7.21,5.406271,-19.3698,-3.6383,0.044000,0.216980,0.8519,0.025124,0.213527,0.022802,-5312.378581474502,-48.44458867451175,-4976.843760329777,-964.4236610848684,-0.550000,-0.037705,6314.3,6306.2,0.151734,0.171345,0.000000,3.3416,1.0000,,,,,
10.5840,1778840840.256369,566,30.902115,3.900417,-0.078016,3.3479,0.1627,0.008814,30.844038,3.849830,-0.079801,3.3609,30.944180,3.898262,-0.078436,3.3548,0.0396,-0.123525,0.846106,-0.4674,30.944180,3.898262,-0.190651,7.0000,1.000000,1.048618,1786.0556,0,1,sand,1.0000,1.100000,0,0,0.000000,0.000000,0.000000,0,nan,0.00,-0.840909,1.0000,0.0000,-0.444000,1.9000,2.31,7.82,12.43,7.04,5.404130,-19.3337,-3.6391,0.032000,0.130119,0.3522,-0.029171,0.243760,0.094976,-5608.060386721944,-870.6027168382054,-4922.494932537134,-1029.8890583293733,-0.550000,-0.040369,6321.4,6299.2,0.146799,0.195810,1.333333,3.3442,1.0000,,,,,
10.5960,1778840840.311093,567,30.899298,3.716492,-0.079994,3.3461,0.1053,-0.002043,30.884353,3.848150,-0.079838,3.3584,30.939109,3.714160,-0.080408,3.3544,0.0372,-0.113355,0.834384,-0.4321,30.939109,3.714160,-0.188760,7.0000,-1.000000,1.041145,1806.7342,0,1,sand,1.0000,1.100000,0,0,0.000000,0.000000,0.000000,0,nan,0.00,-0.863636,1.0000,0.0000,-0.456000,1.9000,2.04,8.09,12.17,9.60,5.334450,-20.2386,-3.6416,0.008000,0.114879,0.2549,-0.038145,0.182203,0.089745,-5417.2927344698965,-1353.407868611621,-4897.130158425836,-1000.2629137615752,-0.538349,-0.038846,6323.8,6296.7,0.145115,0.155586,3.000000,3.3446,1.0000,,,,,
10.6440,1778840840.321637,568,31.053167,3.815727,-0.088831,3.3367,-0.0732,-0.021510,31.044828,3.834917,-0.081961,3.3590,31.093236,3.810675,-0.089690,3.3497,-0.0898,-0.149449,0.749196,-0.4681,31.093236,3.810675,-0.198980,6.9977,-1.000000,1.118341,1789.2648,0,1,sand,1.0000,1.100000,0,0,0.000000,0.000000,0.000000,0,nan,0.00,-0.954545,1.0000,0.0000,-0.504000,1.9000,1.99,7.98,11.96,7.41,5.321217,-20.3602,-3.6387,0.044000,0.094090,-0.4610,-0.057443,0.088100,0.109072,-5126.419276410004,-1624.2738872779687,-4924.642697982474,-409.88939145438565,-0.488572,-0.014512,6345.4,6275.2,0.130060,0.208689,-0.250000,3.3407,1.0000,,,,,
10.6800,1778840840.329711,569,31.232921,3.812793,-0.080731,3.3237,-0.0361,-0.069198,31.165220,3.822433,-0.082916,3.3624,31.273052,3.806656,-0.082070,3.3429,-0.1447,-0.190862,0.775620,-0.5161,31.273052,3.806656,-0.190538,7.0000,1.000000,1.116669,1774.9598,0,1,sand,1.0000,1.100000,0,0,0.000000,0.000000,0.000000,0,nan,0.00,-0.886364,1.0000,0.0000,-0.468000,1.9000,2.07,7.92,12.07,7.54,5.236633,-21.2422,-3.6376,0.032000,0.104545,0.3504,-0.106282,0.136703,0.119127,-5744.557642430998,3.2011378521106053,-5100.488401913599,-518.6414578587277,-0.504605,-0.018767,6339.0,6281.6,0.134548,0.200021,-1.333333,3.3336,1.0000,,,,,
10.6920,1778840840.399088,570,31.200285,3.872867,-0.082278,3.4382,-0.0155,-0.062133,31.205263,3.816918,-0.083676,3.3668,31.238970,3.867022,-0.083511,3.3631,-0.1298,-0.174317,0.804644,-0.4564,31.238970,3.867022,-0.192764,6.9998,-1.000000,1.060244,1751.1056,0,1,sand,1.0000,1.100000,0,0,0.000000,0.000000,0.000000,0,nan,0.00,-0.909091,1.0000,0.0000,-0.480000,1.9000,1.85,8.25,11.96,10.13,5.231118,-21.2858,-3.6330,0.008000,0.079010,0.4876,-0.085536,0.232798,0.212331,-6307.535341876499,-2063.0052697629085,-4798.571470694541,-562.3135282781494,-0.461877,-0.020273,6331.5,6289.1,0.139776,0.165343,3.000000,3.3538,1.0000,,,,,
10.7400,1778840840.410189,571,31.294197,3.791519,-0.079465,3.3620,-0.1560,-0.102588,31.366000,3.790843,-0.087215,3.3951,31.333900,3.783928,-0.081164,3.3680,-0.2109,-0.210985,0.860278,-0.4919,31.333900,3.783928,-0.187961,7.0000,1.000000,0.996682,1742.2241,0,1,sand,1.0000,1.100000,0,0,0.000000,0.000000,0.000000,0,nan,0.00,-0.818182,1.0000,0.0000,-0.432000,1.9000,1.85,8.18,11.88,7.78,5.205043,-21.4885,-3.6049,0.044000,0.120467,0.7035,-0.080040,-0.021748,-0.035939,-6262.272519662154,-266.06609291721355,-4771.735895775659,-327.0591153436894,-0.430325,-0.013148,6317.3,6303.3,0.149654,0.178710,-0.250000,3.3578,1.0000,,,,,
10.7760,1778840840.418663,572,31.469865,3.765382,-0.095515,3.3996,-0.2313,-0.122261,31.487097,3.765946,-0.091385,3.4212,31.510108,3.756174,-0.097364,3.3862,-0.2479,-0.207755,0.902721,-0.4199,31.510108,3.756174,-0.201374,7.0000,-1.000000,0.878091,1713.6260,0,1,sand,1.0000,1.100000,0,0,0.000000,0.000000,0.000000,0,nan,0.00,-0.886364,1.0000,0.0000,-0.468000,1.9000,1.97,8.12,12.05,7.80,5.104246,-22.5318,-3.5788,0.032000,0.049152,0.5225,-0.049280,0.191919,0.246134,-5727.966202109925,-27.737360748046058,-4509.0162525960895,-46.16865072965002,-0.350586,-0.004833,6306.4,6314.2,0.157253,0.169711,1.333333,3.3753,1.0000,,,,,
10.7880,1778840840.427149,573,31.578470,3.714979,-0.103001,3.4136,-0.2343,-0.160793,31.527510,3.756455,-0.093188,3.4271,31.624998,3.702803,-0.105557,3.3949,-0.2970,-0.251160,0.872851,-0.4820,31.624998,3.702803,-0.207180,6.9998,1.000000,0.840854,1701.5776,0,1,sand,1.0000,1.100000,0,0,0.000000,0.000000,0.000000,0,nan,0.00,-0.863636,1.0000,0.0000,-0.456000,1.9000,2.95,8.07,13.97,7.76,5.094755,-22.6351,-3.5728,0.008000,0.031854,-0.1057,-0.037737,0.201747,0.196219,-5340.354495908667,-156.86645169038502,-4720.545441565392,-121.42911485728233,-0.374555,-0.006207,6314.0,6306.5,0.151935,0.158662,-3.000000,3.3827,1.0000,,,,,
10.8000,1778840840.493851,574,31.555107,3.684111,-0.094261,3.4506,-0.2760,-0.163470,31.567969,3.746423,-0.095150,3.4416,31.599347,3.672763,-0.096698,3.4078,-0.2992,-0.242468,0.905901,-0.4427,31.599347,3.672763,-0.197735,6.9998,1.000000,0.774387,1684.6727,0,1,sand,1.0000,1.100000,0,0,0.000000,0.000000,0.000000,0,nan,0.00,-0.840909,1.0000,0.0000,-0.444000,1.9000,2.60,8.36,13.55,9.99,5.084723,-22.7475,-3.5583,0.008000,0.115438,0.3828,-0.047712,0.124760,0.130016,-5079.714371122135,-382.61871585461023,-4489.510417948763,-90.75465383367957,-0.350535,-0.005180,6305.4,6315.2,0.157977,0.147232,1.000000,3.3959,1.0000,,,,,
10.8480,1778840840.504861,575,31.737855,3.602869,-0.106472,3.3981,-0.2798,-0.216608,31.730325,3.701543,-0.104231,3.4745,31.781966,3.589572,-0.109422,3.4088,-0.3337,-0.270036,0.897910,-0.4307,31.781966,3.589572,-0.207101,7.0000,0.009895,0.728454,1681.3633,0,1,sand,1.0000,1.100000,0,0,0.000000,0.000000,0.000000,0,nan,0.00,-0.840010,1.0000,0.0000,-0.443525,1.9000,2.48,8.28,13.23,7.82,4.960143,-24.0071,-3.5255,0.008000,0.122880,-0.2412,-0.057128,0.145484,0.143114,-5115.769865047079,48.583149140360206,-4291.119359375774,-539.2142506994396,-0.300891,-0.015667,6307.2,6313.4,0.156715,0.157946,0.250000,3.3969,1.0000,,,,,
10.8840,1778840840.513408,576,31.854070,3.632647,-0.113938,3.5628,-0.4054,-0.238808,31.852417,3.662781,-0.112549,3.4995,31.898646,3.617517,-0.117232,3.4782,-0.3950,-0.294354,0.898958,-0.4434,31.898646,3.617517,-0.212465,7.0000,-0.031542,0.652053,1610.7507,0,1,sand,1.0000,1.100000,0,0,0.000000,0.000000,0.000000,0,nan,0.00,-0.842160,1.0000,0.0000,-0.444661,1.9000,2.49,8.22,13.20,7.88,4.921381,-24.4837,-3.5005,0.008000,0.035280,0.2408,-0.010099,0.145926,0.162513,-3968.3653651985414,-561.5066859915737,-4182.387771769298,-419.8888083511164,-0.268339,-0.009250,6306.8,6313.8,0.157015,0.121237,0.013193,3.4664,1.0000,,,,,
10.8960,1778840840.585485,577,31.881972,3.573152,-0.123519,3.5891,-0.4127,-0.254637,31.893108,3.648820,-0.115684,3.5045,31.924543,3.557923,-0.126756,3.5011,-0.4089,-0.299333,0.869863,-0.4451,31.924543,3.557923,-0.219728,7.0000,-0.096844,0.629626,1598.2866,0,1,sand,1.0000,1.100000,0,0,0.000000,0.000000,0.000000,0,nan,0.00,-0.844361,1.0000,0.0000,-0.445823,1.9000,2.21,8.41,12.82,9.50,4.824420,-25.3362,-3.4955,0.008000,0.077718,0.4099,0.007943,0.111858,0.137239,-4757.088719012287,-571.3900002071008,-4152.219849758825,-445.956069716878,-0.259649,-0.008655,6313.8,6306.8,0.152129,0.113610,-0.094626,3.4901,1.0000,,,,,
10.9440,1778840840.596021,578,32.093735,3.619598,-0.127561,3.6013,-0.3539,-0.272178,32.055995,3.589172,-0.128761,3.5337,32.136579,3.603490,-0.131115,3.5548,-0.4214,-0.321905,0.817408,-0.4470,32.136579,3.603490,-0.221944,7.0000,0.933530,0.627779,1535.4204,0,1,sand,1.0000,1.100000,0,0,0.000000,0.000000,0.000000,0,nan,0.00,-0.759495,1.0000,0.0000,-0.401013,1.9000,2.07,8.37,12.51,8.13,4.764772,-26.0855,-3.4662,0.044000,0.167582,-0.3791,0.046192,0.126995,0.131976,-3354.8318683598363,-1351.930696507551,-4063.7673049106784,-858.331469856804,-0.245700,-0.019714,6327.0,6293.6,0.142926,0.121963,-0.024211,3.5446,1.0000,,,,,
10.9800,1778840840.604892,579,32.101186,3.525124,-0.140560,3.5149,-0.4398,-0.294781,32.178374,3.540955,-0.139181,3.5637,32.143588,3.507929,-0.144233,3.5429,-0.4372,-0.318365,0.858359,-0.3893,32.143588,3.507929,-0.233088,7.0000,1.000000,0.588374,1547.8312,0,1,sand,1.0000,1.100000,0,0,0.000000,0.000000,0.000000,0,nan,0.00,-0.691313,1.0000,0.0000,-0.365013,1.9000,2.09,8.28,12.47,7.78,4.630255,-27.3385,-3.4363,0.032000,0.050029,-0.2368,0.033561,0.072663,0.094919,-3721.781383039298,-305.64705470314885,-3443.9823282622956,-857.5166783163927,-0.178637,-0.019085,6316.6,6304.0,0.150160,0.145294,1.244706,3.5322,1.0000,,,,,
10.9920,1778840840.677999,580,32.153505,3.523478,-0.136526,3.6590,-0.4182,-0.300436,32.219259,3.524262,-0.142785,3.5699,32.194449,3.507186,-0.140024,3.5670,-0.4291,-0.309190,0.858555,-0.3530,32.194449,3.507186,-0.228006,7.0000,1.000000,0.563944,1524.0656,0,1,sand,1.0000,1.100000,0,0,0.000000,0.000000,0.000000,0,nan,0.00,-0.668586,1.0000,0.0000,-0.353013,1.9000,1.87,8.56,12.29,10.12,4.613562,-27.5451,-3.4301,0.008000,0.087115,0.5810,-0.011399,0.139228,0.163195,-3297.94537107775,-68.13245114136504,-2807.274708077498,-925.8508633709,-0.139043,-0.020465,6316.3,6304.2,0.150338,0.068676,3.000000,3.5567,1.0000,,,,,
11.0400,1778840840.689103,581,32.328783,3.373188,-0.155095,3.5308,-0.4417,-0.321191,32.382688,3.452470,-0.159055,3.6148,32.370136,3.355119,-0.158908,3.5547,-0.4466,-0.322248,0.867299,-0.3407,32.370136,3.355119,-0.242456,7.0000,1.000000,0.528235,1530.5993,0,1,sand,1.0000,1.100000,0,0,0.000000,0.000000,0.000000,0,nan,0.00,-0.577677,1.0000,0.0000,-0.305013,1.9000,1.87,8.44,12.19,7.80,4.452470,-29.0520,-3.3852,0.044000,0.085509,0.0913,-0.044009,0.120303,0.131835,-2696.7801173450443,-331.61552326455313,-2787.368136054825,-1071.7508583665822,-0.108529,-0.025289,6314.1,6306.5,0.151905,0.149941,0.250000,3.5440,1.0000,,,,,
11.0760,1778840840.697609,582,32.586957,3.395801,-0.163753,3.6773,-0.4136,-0.342077,32.506078,3.396923,-0.171065,3.6506,32.629456,3.376927,-0.167720,3.6112,-0.4307,-0.319526,0.914214,-0.2925,32.629456,3.376927,-0.248229,7.0000,1.000000,0.385570,1464.4747,0,1,sand,1.0000,1.100000,0,0,0.000000,0.000000,0.000000,0,nan,0.00,-0.509495,1.0000,0.0000,-0.269013,1.9000,2.02,8.35,12.40,7.85,4.396923,-29.7401,-3.3494,0.032000,0.129028,-0.0256,-0.036706,0.094190,0.107793,-2783.2912115649656,-1282.4408103140142,-1816.23674594765,-1325.4640876337526,-0.056031,-0.034349,6302.1,6318.5,0.160249,0.108906,1.333333,3.5998,1.0000,,,,,
11.0880,1778840840.769356,583,32.593504,3.385326,-0.175119,3.6377,-0.4755,-0.329813,32.547327,3.377980,-0.175067,3.6608,32.634081,3.366811,-0.178867,3.6179,-0.4280,-0.308972,0.895944,-0.2571,32.634081,3.366811,-0.258690,7.0000,1.000000,0.336682,1460.4207,0,1,sand,1.0000,1.100000,0,0,0.000000,0.000000,0.000000,0,nan,0.00,-0.486768,1.0000,0.0000,-0.257013,1.9000,1.80,8.56,12.17,9.76,4.377980,-29.9694,-3.3392,0.008000,0.114419,0.0545,-0.021558,0.065782,0.067403,-2572.0392212325687,-1208.6237969863805,-661.4635224446479,-1277.8560344216266,-0.016207,-0.032374,6306.2,6314.3,0.157373,0.117672,3.000000,3.6072,1.0000,,,,,
11.1360,1778840840.780103,584,32.731877,3.296262,-0.190131,3.7082,-0.4154,-0.330675,32.712894,3.300536,-0.190994,3.7078,32.773311,3.276770,-0.193974,3.6678,-0.4204,-0.310117,0.921746,-0.2449,32.773311,3.276770,-0.269565,7.0000,1.000000,0.255497,1418.2239,0,1,sand,1.0000,1.100000,0,0,0.000000,0.000000,0.000000,0,nan,0.00,-0.395858,1.0000,0.0000,-0.209013,1.9000,1.78,8.47,12.03,7.93,4.208536,-31.4039,-3.2922,0.044000,0.208250,-1.0994,0.003820,0.065157,0.054996,-2437.2083124579217,-778.9630601634137,-577.1077843671163,-1382.4719756456054,-0.006190,-0.036338,6299.6,6321.0,0.162023,0.111241,0.250000,3.6567,1.0000,,,,,
11.1720,1778840840.788749,585,32.825950,3.216029,-0.200247,3.7946,-0.4114,-0.337743,32.837683,3.240385,-0.203140,3.7432,32.868541,3.195894,-0.204099,3.7259,-0.4015,-0.297757,0.934373,-0.1967,32.868541,3.195894,-0.276023,7.0000,1.000000,0.182514,1351.1413,0,1,sand,1.0000,1.100000,0,0,0.000000,0.000000,0.000000,0,nan,0.00,-0.327677,1.0000,0.0000,-0.173013,1.9000,1.92,8.38,12.21,7.89,4.148385,-32.0998,-3.2568,0.032000,0.120404,-0.5222,0.073020,0.063004,0.043301,-2239.932893165076,-1228.8454278911822,789.6333515795078,-1463.3992089898265,0.039398,-0.039469,6296.1,6324.4,0.164418,0.094399,1.333333,3.7144,1.0000,,,,,
11.1840,1778840840.797319,586,32.860709,3.265135,-0.210851,3.6939,-0.3916,-0.340683,32.879396,3.219940,-0.207227,3.7551,32.909832,3.241658,-0.215189,3.7237,-0.3810,-0.279656,0.934299,-0.1588,32.909832,3.241658,-0.287392,7.0000,1.000000,0.222429,1364.1362,0,1,sand,1.0000,1.100000,0,0,0.000000,0.000000,0.000000,0,nan,0.00,-0.304949,1.0000,0.0000,-0.161013,1.9000,2.93,8.27,14.14,7.62,4.033440,-32.8211,-3.2449,0.008000,0.117015,-0.6405,0.007804,0.024798,0.004457,-2164.6560992278824,-602.344358879269,1539.6969721383127,-1520.5543404066175,0.075266,-0.041802,6296.0,6324.6,0.164500,0.117430,3.000000,3.7104,1.0000,,,,,
11.1960,1778840840.863599,587,32.929904,3.192360,-0.218852,3.7874,-0.4271,-0.347252,32.920827,3.198430,-0.211941,3.7592,32.976184,3.169785,-0.222960,3.7373,-0.3808,-0.279919,0.894970,-0.1476,32.976184,3.169785,-0.292885,7.0000,1.000000,0.168174,1341.2198,0,1,sand,1.0000,1.100000,0,0,0.000000,0.000000,0.000000,0,nan,0.00,-0.282222,1.0000,0.0000,-0.149013,1.9000,2.58,8.49,13.65,9.75,4.011930,-33.0912,-3.2408,0.008000,0.048221,-0.5207,0.017872,0.021100,-0.006011,-2322.732965851016,899.9746853461949,1635.6263912340064,-1532.6259198449516,0.088248,-0.042215,6306.1,6314.5,0.157488,0.112756,1.000000,3.7253,1.0000,,,,,
11.2440,1778840840.874371,588,33.005311,3.167665,-0.230778,3.7950,-0.3301,-0.307361,33.087882,3.113003,-0.229126,3.8160,33.052093,3.145161,-0.234719,3.7718,-0.3436,-0.266738,0.915889,-0.1355,33.052093,3.145161,-0.302665,7.0000,1.000000,0.123352,1320.1115,0,1,sand,1.0000,1.100000,0,0,0.000000,0.000000,0.000000,0,nan,0.00,-0.191313,1.0000,0.0000,-0.101013,1.9000,2.49,8.40,13.37,7.87,3.926503,-34.0758,-3.1840,0.008000,0.121737,-0.3319,-0.000538,0.045878,-0.001695,2333.872196066833,-3030.3676273344845,2016.6621167606831,-1655.3181988889928,0.082260,-0.046756,6300.6,6320.0,0.161309,0.110102,0.250000,3.7594,1.0000,,,,,
11.2800,1778840840.882991,589,33.144107,3.044878,-0.242391,3.8021,-0.3929,-0.233616,33.216194,3.053685,-0.238435,3.8765,33.191317,3.022520,-0.245813,3.7896,-0.3332,-0.224147,0.907206,-0.0875,33.191317,3.022520,-0.309929,7.0000,1.000000,0.041115,1295.8345,0,1,sand,1.0000,1.100000,0,0,0.000000,0.000000,0.000000,0,nan,0.00,-0.123131,1.0000,0.0000,-0.065013,1.9000,2.57,8.29,13.43,7.68,3.770385,-35.0273,-3.1235,0.008000,0.072465,-0.4879,-0.042012,0.012608,0.009816,1339.1393046913263,-1105.8628465141678,1975.1679006897457,-1097.8339116491206,0.116532,-0.027776,6302.6,6317.9,0.159881,0.093204,1.333333,3.7773,1.0000,,,,,
11.2920,1778840840.954203,590,33.266338,3.001957,-0.244649,3.8971,-0.3026,-0.220976,33.259509,3.034385,-0.241104,3.8950,33.311443,2.981157,-0.247691,3.8117,-0.3110,-0.205379,0.873796,-0.0522,33.311443,2.981157,-0.309770,7.0000,-1.000000,0.054342,1274.7697,0,1,sand,1.0000,1.100000,0,0,0.000000,0.000000,0.000000,0,nan,0.00,-0.145858,1.0000,0.0000,-0.077013,1.9000,2.27,8.45,12.99,9.37,3.751085,-35.1802,-3.1050,0.008000,0.080225,-0.0856,-0.016680,-0.018794,-0.037090,600.7778703988367,4882.659068450583,2305.0085009660597,-1042.8600262077234,0.142467,-0.026087,6310.8,6309.8,0.154184,0.100952,3.000000,3.8005,1.0000,,,,,
11.3400,1778840840.964607,591,33.443078,2.946972,-0.245425,4.0035,-0.3331,-0.168621,33.433990,2.956983,-0.251074,3.9402,33.489286,2.926827,-0.247978,3.9120,-0.3094,-0.182945,0.947182,-0.0897,33.489286,2.926827,-0.306177,7.0000,1.000000,-0.073503,1184.8920,0,1,sand,1.0000,1.100000,0,0,0.000000,0.000000,0.000000,0,nan,0.00,-0.054949,1.0000,0.0000,-0.029013,1.8965,2.14,8.37,12.64,7.87,3.574983,-36.1049,-3.0598,0.044000,0.134746,0.3167,0.073111,0.020008,0.041851,2213.5932613429386,2852.0081731447162,2342.5223179412246,-335.57733590081364,0.101302,-0.007335,6292.3,6328.3,0.167112,0.060242,-0.250000,3.8999,1.0000,,,,,
11.3760,1778840840.973215,592,33.608410,3.001737,-0.259323,3.9146,-0.3506,-0.144635,33.567236,2.902672,-0.256491,3.9766,33.654625,2.981812,-0.261392,3.9179,-0.2889,-0.138118,0.924997,-0.0163,33.654625,2.981812,-0.318935,7.0000,-0.341245,-0.133459,1170.0969,0,1,sand,1.0000,1.100000,0,0,0.000000,0.000000,0.000000,0,nan,0.00,-0.078216,1.0000,0.0000,-0.041298,1.8917,2.18,8.31,12.67,8.00,3.520672,-36.4153,-3.0234,0.032000,0.208121,0.1186,0.042718,-0.011879,0.053133,1780.5064670384068,1696.1270082111573,2261.542164431055,271.03503655443103,0.136344,0.006822,6297.5,6323.1,0.163482,0.076184,1.333333,3.9061,1.0000,,,,,
11.3880,1778840841.045301,593,33.633970,2.922688,-0.256181,4.0119,-0.1848,-0.149940,33.612005,2.884875,-0.258238,3.9874,33.678593,2.904018,-0.258139,3.9376,-0.2724,-0.142434,0.908721,-0.0455,33.678593,2.904018,-0.313951,7.0000,-0.316851,-0.156528,1152.4814,0,1,sand,1.0000,1.100000,0,0,0.000000,0.000000,0.000000,0,nan,0.00,-0.085417,1.0000,0.0000,-0.045100,1.8898,1.94,8.58,12.45,10.10,3.502875,-36.5154,-3.0126,0.008000,0.109233,0.6902,0.046253,0.014533,0.012777,430.0434279674349,2152.3540082217773,2244.6265000442872,61.64645230171031,0.112246,0.001951,6301.4,6319.1,0.160731,0.045992,-1.023735,3.9266,1.0000,,,,,
11.4360,1778840841.056378,594,33.702141,2.862652,-0.256400,4.0485,-0.1677,-0.117958,33.792387,2.815263,-0.264380,4.0185,33.748786,2.844671,-0.258082,3.9972,-0.2134,-0.121903,0.877506,-0.0490,33.748786,2.844671,-0.311511,7.0000,1.000000,-0.121652,1099.2488,0,1,sand,1.0000,1.100000,0,0,0.000000,0.000000,0.000000,0,nan,0.00,0.005492,1.0000,0.0000,0.002900,1.8839,1.93,8.46,12.33,7.81,3.332863,-37.1774,-2.9815,0.044000,0.051901,0.6777,0.087187,0.027643,-0.027730,891.5873124822954,67.34708198325916,2249.3693120653156,-121.53663010139718,0.075778,-0.003185,6309.2,6311.3,0.155276,0.044159,-0.079213,3.9863,1.0000,,,,,
11.4720,1778840841.064909,595,33.969770,2.730744,-0.259204,4.0951,-0.2105,-0.103140,33.928680,2.764366,-0.268327,4.0304,34.017745,2.713054,-0.260566,4.0421,-0.1825,-0.087058,0.813177,0.0155,34.017745,2.713054,-0.309214,7.0000,-1.000000,-0.121403,1063.4675,0,1,sand,1.0000,1.100000,0,0,0.000000,0.000000,0.000000,0,nan,0.00,-0.062690,1.0000,0.0000,-0.033100,1.8796,2.07,8.37,12.51,7.81,3.180166,-37.6457,-2.9696,0.032000,0.123493,0.4050,0.025109,0.049563,-0.021949,915.351919219977,-361.4971421636228,2119.794713214634,76.09827425040261,0.111208,0.001719,6325.6,6294.9,0.143845,0.033246,1.333333,4.0318,1.0000,,,,,
11.4840,1778840841.136605,596,33.912464,2.823153,-0.267736,4.0791,-0.0775,-0.100567,33.974249,2.747583,-0.269572,4.0331,33.958357,2.805939,-0.269093,4.0507,-0.1764,-0.102243,0.804590,-0.0452,33.958357,2.805939,-0.319402,7.0000,-1.000000,-0.107219,1056.2373,0,1,sand,1.0000,1.100000,0,0,0.000000,0.000000,0.000000,0,nan,0.00,-0.085417,1.0000,0.0000,-0.045100,1.8783,1.85,8.60,12.30,9.95,3.163383,-37.7171,-2.9669,0.008000,0.107795,0.4278,0.030607,0.092150,-0.043553,625.5767248575013,540.6813698685237,1473.904719411068,-128.6673724941279,0.065452,-0.003139,6327.8,6292.7,0.142317,0.030807,-3.000000,4.0410,1.0000,,,,,
11.5320,1778840841.147542,597,34.239927,2.776250,-0.279861,4.0783,-0.1336,-0.079272,34.157094,2.681027,-0.274364,4.0525,34.286960,2.758693,-0.281042,4.0688,-0.1536,-0.090844,0.773092,-0.0574,34.286960,2.758693,-0.327765,7.0000,0.843735,-0.079897,1032.7830,0,1,sand,1.0000,1.100000,0,0,0.000000,0.000000,0.000000,0,nan,0.00,-0.008714,1.0000,0.0000,-0.004601,1.8745,1.86,8.50,12.22,7.93,2.993927,-38.1878,-2.9475,0.044000,0.194528,-0.4285,0.030742,0.105940,0.000534,1780.3002957264391,598.1074806423785,1278.9742533830768,-83.04669719762899,0.036293,-0.001823,6335.8,6284.7,0.136730,0.039639,-0.250000,4.0592,1.0000,,,,,
11.5800,1778840841.156170,598,34.365540,2.628384,-0.273131,4.1162,-0.0454,-0.066234,34.341870,2.617641,-0.277826,4.0730,34.411344,2.612928,-0.273980,4.0949,-0.0875,-0.059945,0.660126,0.0054,34.411344,2.612928,-0.317261,7.0000,-0.705740,0.070728,1011.1212,0,1,sand,1.0000,1.100000,0,0,0.000000,0.000000,0.000000,0,nan,0.00,-0.072872,1.0000,0.0000,-0.038477,1.8779,1.65,8.40,11.69,7.79,2.930541,-38.3862,-2.9270,0.008000,0.061266,-0.2211,-0.036276,0.150183,-0.024005,381.0824725120064,104.86983822300783,1348.4298819571566,-391.9414747625234,0.054751,-0.009046,6364.5,6256.0,0.116718,0.035800,0.843735,4.0871,1.0000,,,,,
11.5920,1778840841.312683,599,34.407073,2.583018,-0.290176,4.0783,-0.0294,-0.095872,34.388094,2.601470,-0.278956,4.0756,34.450959,2.567272,-0.291103,4.0928,-0.0891,-0.077108,0.652856,-0.0465,34.450959,2.567272,-0.333007,7.0000,1.000000,0.138181,1015.3041,0,1,sand,1.0000,1.100000,0,0,0.000000,0.000000,0.000000,0,nan,0.00,-0.050145,1.0000,0.0000,-0.026477,1.8795,1.49,8.74,11.73,10.71,2.810570,-38.6002,-2.9244,0.008000,0.106456,-0.6222,-0.045729,0.165015,0.027097,-920.247102926242,-488.96559734959015,435.3369956495105,-578.5790968880146,0.018033,-0.013667,6366.8,6253.7,0.115126,0.046573,-2.822959,4.0854,1.0000,,,,,
11.6400,1778840841.324459,600,34.600626,2.482840,-0.278292,4.1072,-0.0458,-0.029324,34.574417,2.540341,-0.281467,4.0919,34.647022,2.467680,-0.278933,4.1037,-0.0632,-0.048804,0.640314,-0.0146,34.647022,2.467680,-0.322048,7.0000,0.007764,0.193736,1000.1955,0,1,sand,1.0000,1.100000,0,0,0.000000,0.000000,0.000000,0,nan,0.00,-0.049439,1.0000,0.0000,-0.026104,1.8888,1.58,8.64,11.80,8.08,2.749441,-38.7440,-2.9081,0.008000,0.151001,0.6780,-0.050005,0.183528,0.030791,1876.1170526317,-105.92576372492715,323.0680428592549,-324.3260131950655,0.013346,-0.007476,6370.2,6250.3,0.112763,0.043370,0.250000,4.0961,1.0000,,,,,
11.6760,1778840841.333275,601,34.701088,2.520195,-0.283712,4.1112,0.0330,-0.024636,34.715551,2.496917,-0.282381,4.1085,34.749132,2.504948,-0.284233,4.1102,-0.0297,-0.040580,0.638629,-0.0260,34.749132,2.504948,-0.327052,7.0000,0.934054,0.209236,995.6943,0,1,sand,1.0000,1.100000,0,0,0.000000,0.000000,0.000000,0,nan,0.00,0.014246,1.0000,0.0000,0.007522,1.8963,1.81,8.57,12.20,8.18,2.601617,-38.8835,-2.8915,nan,nan,nan,nan,nan,nan,458.30652942277396,-104.77328253579446,-159.14738741037706,-515.2991640920021,-0.002345,-0.012006,6370.8,6249.7,0.112336,0.046692,0.010352,4.1024,1.0000,,,,,
11.6880,1778840841.516678,602,34.710914,2.583310,-0.279357,4.0678,-0.0653,-0.005435,34.762780,2.482652,-0.282565,4.1113,34.757276,2.569077,-0.279701,4.1030,-0.0231,-0.021344,0.620217,0.0186,34.757276,2.569077,-0.323816,7.0000,1.000000,0.232315,999.8954,0,1,sand,1.0000,1.100000,0,0,0.000000,0.000000,0.000000,0,nan,0.00,0.036974,1.0000,0.0000,0.019522,1.8991,1.63,8.82,12.07,10.20,2.587352,-38.8941,-2.8887,0.008000,0.133736,0.0354,-0.065214,0.146492,0.008685,426.92372737593007,-875.9262587786669,762.721242755008,-304.3731624152438,0.030208,-0.007052,6375.5,6245.0,0.109068,0.067368,2.802162,4.0957,1.0000,,,,,
11.7360,1778840841.527864,603,34.995997,2.411056,-0.281382,4.1427,-0.1097,-0.013872,34.952425,2.426378,-0.282949,4.1299,35.043088,2.396341,-0.281589,4.1258,-0.0501,-0.009045,0.591663,0.0315,35.043088,2.396341,-0.329313,7.0000,-0.160203,0.245391,977.5738,0,1,sand,1.0000,1.100000,0,0,0.000000,0.000000,0.000000,0,nan,0.00,0.022410,1.0000,0.0000,0.011832,1.9000,1.57,8.70,11.85,8.03,2.426378,-38.9455,-2.8701,0.044000,0.160155,0.9988,-0.039409,0.116380,0.064819,-1301.9264062416698,-26.958714525113976,1252.9421960343793,334.07770078585804,0.046699,0.006647,6382.8,6237.7,0.103973,0.045644,0.250000,4.1187,1.0000,,,,,
11.7720,1778840841.536610,604,35.140417,2.452821,-0.286834,4.1660,-0.0740,-0.022416,35.094884,2.382991,-0.283731,4.1412,35.187760,2.437682,-0.287056,4.1453,-0.0560,-0.013537,0.567971,0.0099,35.187760,2.437682,-0.333961,6.9999,-0.787257,0.266707,958.0916,0,1,sand,1.0000,1.100000,0,0,0.000000,0.000000,0.000000,0,nan,0.00,-0.031267,1.0000,0.0000,-0.016509,1.9000,1.65,8.60,11.90,8.02,2.382991,-38.9904,-2.8587,0.032000,0.151473,-0.1730,-0.029201,0.092692,0.012499,-681.7973691351592,165.9290653035373,1081.795348529741,382.93527373333575,0.038648,0.007452,6388.9,6231.7,0.099761,0.041544,-0.213604,4.1385,1.0000,,,,,
11.7840,1778840841.655000,605,35.159737,2.312785,-0.288758,4.1517,-0.0846,-0.024309,35.142419,2.368406,-0.284032,4.1452,35.205427,2.297870,-0.289042,4.1476,-0.0689,-0.025164,0.565761,-0.0256,35.205427,2.297870,-0.337968,6.9999,0.664909,0.257006,956.5948,0,1,sand,1.0000,1.100000,0,0,0.000000,0.000000,0.000000,0,nan,0.00,-0.016155,1.0000,0.0000,-0.008530,1.9000,1.50,8.94,11.94,10.90,2.263706,-38.9781,-2.8547,0.008000,0.070383,-0.0268,-0.033019,0.058264,0.012319,-116.54365618140478,-25.05576575354158,91.93617224810016,409.76839028626995,0.010864,0.008017,6389.5,6231.1,0.099345,0.056020,-2.361770,4.1411,1.0000,,,,,
11.8320,1778840841.666926,606,35.297640,2.321951,-0.285850,4.1818,0.1136,-0.004287,35.332628,2.308964,-0.285933,4.1573,35.345922,2.307683,-0.286011,4.1678,0.0136,-0.011614,0.559187,-0.0005,35.345922,2.307683,-0.333541,7.0000,-1.000000,0.283107,939.5096,0,1,sand,1.0000,1.100000,0,0,0.000000,0.000000,0.000000,0,nan,0.00,-0.107064,1.0000,0.0000,-0.056530,1.9000,1.57,8.82,11.97,8.15,2.204264,-39.0870,-2.8427,0.044000,0.195504,-0.2300,-0.004050,0.181484,0.035094,2975.9124718504545,-41.068530208732795,-349.3101753297946,-437.11361252717944,-0.007200,-0.010168,6391.1,6229.4,0.098181,0.044601,0.166227,4.1610,1.0000,,,,,
11.8680,1778840841.675810,607,35.391574,2.344039,-0.280494,4.1669,-0.0082,0.012132,35.477054,2.268501,-0.285424,4.1751,35.441152,2.329389,-0.280677,4.1711,-0.0160,-0.025784,0.620412,-0.0689,35.441152,2.329389,-0.334103,7.0000,-0.347001,0.202301,925.4491,0,1,sand,1.0000,1.100000,0,0,0.000000,0.000000,0.000000,0,nan,0.00,-0.130724,1.0000,0.0000,-0.069022,1.9000,1.79,8.70,12.28,8.01,2.059401,-38.9707,-2.8249,0.032000,0.082576,0.1146,-0.021480,0.149598,-0.016740,1258.5656479053328,54.74630529326089,-1323.918396549359,-112.77028837404688,-0.056874,-0.002997,6375.7,6244.8,0.108920,0.043219,-1.333333,4.1635,1.0000,,,,,
11.8800,1778840841.774298,608,35.508212,2.169049,-0.283820,4.1677,0.0206,0.018265,35.525361,2.255223,-0.285221,4.1735,35.555792,2.154874,-0.283971,4.1714,-0.0158,-0.024991,0.599011,-0.0732,35.555792,2.154874,-0.337657,6.9995,1.000000,0.344252,922.1308,0,1,sand,1.0000,1.100000,0,0,0.000000,0.000000,0.000000,0,nan,0.00,-0.107996,1.0000,0.0000,-0.057022,1.9000,1.60,8.97,12.18,10.48,2.046123,-38.9591,-2.8260,0.008000,0.162146,0.2629,-0.037832,0.167666,0.024643,1417.685636813909,-77.14879342638727,-1591.1769884403707,-59.76407268408687,-0.071611,-0.001925,6380.9,6239.7,0.105336,0.010020,-1.041003,4.1643,1.0000,,,,,
11.9280,1778840841.785771,609,35.738649,2.260577,-0.285791,4.2090,-0.0390,-0.009409,35.718620,2.199989,-0.285743,4.1968,35.787128,2.245772,-0.285958,4.1940,-0.0289,-0.021497,0.644361,-0.0449,35.787128,2.245772,-0.339132,7.0000,1.000000,0.197596,910.9724,0,1,sand,1.0000,1.100000,0,0,0.000000,0.000000,0.000000,0,nan,0.00,-0.017087,1.0000,0.0000,-0.009022,1.9000,1.56,8.82,11.95,7.98,1.887089,-38.8398,-2.8032,0.044000,0.166162,0.3304,-0.017996,0.165390,0.044055,2619.7064028583854,-1200.3184419737993,-1436.277166912198,109.38493790264684,-0.052022,0.001702,6369.8,6250.7,0.113033,0.039926,0.250000,4.1862,1.0000,,,,,
11.9640,1778840841.794457,610,35.804432,2.197408,-0.279984,4.1084,0.1151,0.058583,35.864986,2.161664,-0.284594,4.1922,35.853011,2.184246,-0.279768,4.1601,0.0317,0.014746,0.537132,0.0031,35.853011,2.184246,-0.338544,7.0000,0.252207,0.241733,925.8065,0,1,sand,1.0000,1.100000,0,0,0.000000,0.000000,0.000000,0,nan,0.00,0.000109,1.0000,0.0000,0.000057,1.9000,1.64,8.71,12.00,8.11,1.848764,-38.7740,-2.8078,0.032000,0.059174,0.4119,-0.070020,0.111083,-0.006256,4544.653633633796,-390.9150881776991,-884.8348533458584,-13.052418652609227,-0.027099,-0.000517,6396.5,6224.0,0.094414,0.045840,1.333333,4.1537,1.0000,,,,,
11.9760,1778840841.803283,611,35.965450,2.113796,-0.288734,4.1813,0.1208,0.084296,35.914054,2.150328,-0.283551,4.1869,36.021763,2.098472,-0.288335,4.1664,0.0446,0.023763,0.529400,0.0036,36.021763,2.098472,-0.349615,6.9977,-0.540650,0.272074,923.3098,0,1,sand,1.0000,1.100000,0,0,0.000000,0.000000,0.000000,0,nan,0.00,-0.012179,1.0000,0.0000,-0.006430,1.9000,2.65,8.59,13.89,7.88,1.734528,-38.5180,-2.8108,0.008000,0.156835,-0.3139,-0.074179,0.223318,0.096652,5320.556883722714,183.41921850033364,-865.2739694012377,6.748833608240119,-0.026371,0.000664,6398.8,6221.8,0.092873,0.025130,0.756622,4.1590,1.0000,,,,,
11.9880,1778840841.895939,612,35.898990,2.145656,-0.284227,4.0934,0.0492,0.114148,35.963228,2.139685,-0.282264,4.1793,35.952203,2.131639,-0.283705,4.1530,0.0392,0.029876,0.504475,-0.0136,35.952203,2.131639,-0.348078,7.0000,1.000000,0.280422,933.9102,0,1,sand,1.0000,1.100000,0,0,0.000000,0.000000,0.000000,0,nan,0.00,0.010548,1.0000,0.0000,0.005570,1.9000,2.33,8.89,13.55,10.57,1.723885,-38.4443,-2.8207,0.008000,0.125955,0.1285,-0.085007,0.182808,0.069595,5117.190579633552,345.0729937704346,-1183.1271803229015,246.06851329910216,-0.038589,0.007345,6405.1,6215.4,0.088433,0.044237,-0.540650,4.1463,1.0000,,,,,
