sim_time,wall_time,seq,x_fa_meas,y_fa_meas,psi_meas,u_meas,v_meas,omega_meas,x_fa_true,y_fa_true,psi_true,u_true,x_fa_comp,y_fa_comp,psi_comp,u_comp,v_comp,omega_comp,ax_state,delta_prev_state,x_ref_0,y_ref_0,psi_ref_0,v_ref_0,delta_dot,Jx,mpc_cost,solver_status,solver_iters,terrain_class_est,terrain_confidence,n_terrain_est,terrain_update_applied,residual_enabled,residual_du_pred,residual_dv_pred,residual_domega_pred,residual_updates,residual_last_loss,residual_last_update_ms,steering,throttle,braking,steering_angle,acceleration,tau_one_way_ms,tau_solve_ms,tau_comp_ms,solve_time_ms,crosstrack_err,heading_err_deg,speed_err,pred1_age_s,pred1_pos_err_m,pred1_psi_err_deg,pred1_u_err_mps,pred1_v_err_mps,pred1_omega_err_radps,actual_Fy_front,actual_Fy_rear,pred_Fy_front,pred_Fy_rear,alpha_f,alpha_r,Fz_f_mean,Fz_r_mean,kappa_diag,kappa_meas_diag,sr_diag,u_safe_diag,speed_fade_diag,force_resid_dFy_f,force_resid_dFy_r,force_resid_updates,force_resid_bias_f,force_resid_bias_r
0.0000,1778670394.480853,0,1.607156,-0.039575,-0.000768,-0.0246,-0.0291,0.000259,1.648994,-0.000000,-0.000000,-0.0020,1.607035,-0.039815,-0.000772,-0.0053,-0.0001,-0.000005,-0.117816,0.0000,1.607035,0.000000,0.000000,1.4734,0.000000,2.000000,410.4299,4,1,clay,1.0000,0.500000,0,0,0.000000,0.000000,0.000000,0,nan,0.00,0.000000,0.0511,0.0000,0.000000,0.2000,17.59,9.16,44.34,4.38,-0.000000,-0.0000,-1.4754,nan,nan,nan,nan,nan,nan,0.0,0.0,43.28763461271478,305.34225102232705,0.057406,0.059107,6561.8,6058.8,-0.052020,0.000000,0.000000,0.5000,1.0000,,,,,
0.0120,1778670394.485869,1,1.550167,-0.043052,0.002702,0.0577,-0.0360,0.000604,1.648913,-0.000001,-0.000000,-0.0094,1.550546,-0.043301,0.002698,0.0086,-0.0002,-0.000010,-0.026341,0.0000,1.550546,0.000000,0.000000,1.5412,0.000000,2.000000,363.5114,4,1,clay,1.0000,0.500000,0,0,0.000000,0.000000,0.000000,0,nan,0.00,0.000000,0.0555,0.0000,0.000000,0.2240,15.11,8.57,38.79,5.26,-0.000001,-0.0000,-1.5505,nan,nan,nan,nan,nan,nan,0.0,0.0,50.38246977885245,306.37230252308535,0.059818,0.061959,6558.6,6062.0,-0.046397,0.000000,0.000000,0.5000,1.0000,,,,,
0.0240,1778670394.497190,2,1.634698,0.084119,0.000530,0.0061,-0.0561,0.000793,1.648775,-0.000002,-0.000001,-0.0125,1.635011,0.083831,0.000526,0.0084,-0.0005,-0.000021,-0.017533,0.0000,1.635011,0.000000,0.000000,1.4367,0.000000,2.000000,290.6602,4,1,clay,1.0000,0.500000,0,0,0.000000,0.000000,0.000000,0,nan,0.00,0.000000,0.0604,0.0000,0.000000,0.2480,12.90,7.67,33.47,2.56,-0.000002,-0.0001,-1.4492,nan,nan,nan,nan,nan,nan,0.0,0.0,66.42930185200635,360.5314824266315,0.069432,0.072165,6553.8,6066.8,-0.038091,0.000000,0.000000,0.5000,1.0000,,,,,
0.0360,1778670394.509285,3,1.691181,-0.022541,0.001690,0.0054,-0.0033,-0.002047,1.648627,-0.000004,-0.000003,-0.0121,1.691438,-0.022778,0.001685,0.0083,-0.0007,-0.000030,-0.002613,0.0000,1.691438,0.000000,-0.000000,1.3532,0.000000,2.000000,293.5971,4,1,clay,1.0000,0.500000,0,0,0.000000,0.000000,0.000000,0,nan,0.00,0.000000,0.0659,0.0000,0.000000,0.2720,11.03,6.89,28.96,2.48,-0.000004,-0.0002,-1.3652,nan,nan,nan,nan,nan,nan,0.0,0.0,60.85668392704369,174.34352024155663,0.058553,0.058153,6547.7,6072.9,-0.027411,0.000000,0.000000,0.5000,1.0000,,,,,
0.0480,1778670394.521290,4,1.695695,0.054384,-0.004140,-0.0193,0.0098,0.000904,1.648492,-0.000007,-0.000005,-0.0105,1.695881,0.054211,-0.004143,0.0073,-0.0009,-0.000036,0.018324,0.0000,1.695881,0.000000,-0.000000,1.3459,0.000000,2.000000,304.4215,4,1,clay,1.0000,0.500000,0,0,0.000000,0.000000,0.000000,0,nan,0.00,0.000000,0.0717,0.0000,0.000000,0.2960,9.44,6.23,25.11,2.50,-0.000007,-0.0003,-1.3564,nan,nan,nan,nan,nan,nan,0.0,0.0,50.237126003058535,-4.196173078685803,0.042899,0.043730,6540.4,6080.2,-0.014665,0.000000,0.000000,0.5000,1.0000,,,,,
0.0600,1778670394.533205,5,1.585936,-0.018659,-0.005540,0.0421,0.0203,0.000104,1.648464,-0.000004,-0.000003,-0.0001,1.586255,-0.018765,-0.005541,0.0146,-0.0008,-0.000032,0.040422,0.0000,1.586255,0.000000,0.000000,1.4991,0.000000,2.000000,302.5574,4,1,clay,1.0000,0.500000,0,0,0.000000,0.000000,0.000000,0,nan,0.00,0.000000,0.0781,0.0000,0.000000,0.3200,8.09,5.67,21.84,2.45,-0.000004,-0.0002,-1.4991,nan,nan,nan,nan,nan,nan,0.0,0.0,37.344857665305625,-173.27764274041448,0.026678,0.027482,6533.1,6087.5,-0.001941,0.000000,0.000000,0.5000,1.0000,,,,,
0.0720,1778670394.545272,6,1.552522,0.003417,-0.002067,-0.0244,-0.0197,-0.000069,1.648468,0.000002,-0.000000,0.0003,1.552752,0.003306,-0.002068,0.0122,-0.0013,-0.000049,0.061109,0.0000,1.552752,0.000000,0.000000,1.5386,0.000000,2.000000,300.1680,4,1,clay,1.0000,0.500000,0,0,0.000000,0.000000,0.000000,0,nan,0.00,0.000000,0.0848,0.0000,0.000000,0.3440,6.93,5.21,19.08,2.66,0.000002,-0.0000,-1.5383,nan,nan,nan,nan,nan,nan,0.0,0.0,41.446284938985,-187.2367434723941,0.029198,0.029757,6526.4,6094.2,0.009732,0.000000,0.000000,0.5000,1.0000,,,,,
0.0840,1778670394.557311,7,1.674523,-0.085181,0.002621,-0.0004,0.0214,0.000256,1.648453,0.000007,0.000003,-0.0009,1.674689,-0.085236,0.002620,0.0102,-0.0009,-0.000030,0.076275,0.0000,1.674689,0.000000,-0.000000,1.3796,0.000000,2.000000,328.3493,4,1,clay,1.0000,0.500000,0,0,0.000000,0.000000,0.000000,0,nan,0.00,0.000000,0.0920,0.0000,0.000000,0.3680,5.97,4.84,16.77,2.70,0.000007,0.0002,-1.3805,nan,nan,nan,nan,nan,nan,0.0,0.0,20.8308320359653,-305.9561630676782,0.015113,0.015892,6521.3,6099.2,0.018535,0.000000,0.000000,0.5000,1.0000,,,,,
0.0960,1778670394.569493,8,1.646502,-0.074713,0.000895,-0.0258,-0.0410,0.000078,1.648434,0.000013,0.000007,-0.0008,1.646623,-0.074811,0.000894,0.0086,-0.0022,-0.000072,0.094619,0.0000,1.646623,0.000000,0.000000,1.4207,0.000000,2.000000,308.8755,4,1,clay,1.0000,0.500000,0,0,0.000000,0.000000,0.000000,0,nan,0.00,0.000000,0.0996,0.0000,0.000000,0.3920,5.15,4.57,14.87,3.03,0.000013,0.0004,-1.4215,nan,nan,nan,nan,nan,nan,0.0,0.0,41.120038189250664,-239.8438620007825,0.028020,0.028747,6515.7,6104.9,0.028405,0.000000,0.000000,0.5000,1.0000,,,,,
0.1080,1778670394.581424,9,1.682364,0.095768,-0.006545,0.0095,0.0531,0.000759,1.648415,0.000020,0.000011,-0.0007,1.682478,0.095761,-0.006545,0.0092,-0.0002,0.000002,0.113963,0.0000,1.682478,0.000000,-0.000000,1.3675,0.000000,2.000000,364.3165,4,1,clay,1.0000,0.500000,0,0,0.000000,0.000000,0.000000,0,nan,0.00,0.000000,0.1075,0.0000,0.000000,0.4160,4.46,4.32,13.23,2.90,0.000020,0.0006,-1.3682,0.008000,0.137967,-0.3387,-0.492175,-0.001167,-0.001145,0.0,0.0,-20.84684906422534,-430.826037383573,0.001583,0.003140,6509.9,6110.6,0.038412,0.000000,0.000000,0.5000,1.0000,,,,,
0.1200,1778670394.593266,10,1.582033,0.091350,-0.009653,0.0644,0.0577,0.000931,1.648397,0.000027,0.000015,-0.0006,1.582268,0.091415,-0.009650,0.0202,0.0023,0.000094,0.132300,0.0000,1.582268,0.000000,0.000000,1.5039,0.000000,2.000000,287.9134,4,1,clay,1.0000,0.500000,0,0,0.000000,0.000000,0.000000,0,nan,0.00,0.000000,0.1157,0.0000,0.000000,0.4400,3.85,4.09,11.80,2.81,0.000027,0.0008,-1.5045,0.008000,0.135783,-0.7117,-0.481226,0.010218,-0.000328,0.0,0.0,-108.31372481464606,-603.6656472728303,-0.021613,-0.019169,6504.5,6116.0,0.047796,0.000000,0.000000,0.5000,1.0000,,,,,
0.1320,1778670394.605349,11,1.664539,0.020846,0.004224,-0.0071,-0.0086,0.001999,1.648380,0.000033,0.000018,-0.0005,1.664710,0.020891,0.004227,0.0167,0.0017,0.000110,0.150967,0.0000,1.664710,0.000000,-0.000000,1.3946,0.000000,2.000000,364.7329,4,1,clay,1.0000,0.500000,0,0,0.000000,0.000000,0.000000,0,nan,0.00,0.000000,0.1243,0.0000,0.000000,0.4640,3.35,3.88,10.58,2.71,0.000033,0.0011,-1.3951,0.008000,0.066254,0.2271,-0.484860,0.006570,0.003344,0.0,0.0,-101.00851341095196,-554.1953743016575,-0.015323,-0.010797,6499.2,6121.4,0.057132,0.000000,0.000000,0.5000,1.0000,,,,,
0.1440,1778670394.617387,12,1.726471,-0.010014,0.000866,0.0809,-0.0497,0.000044,1.648364,0.000040,0.000022,-0.0004,1.726749,-0.010035,0.000868,0.0294,-0.0013,0.000021,0.169747,0.0000,1.726749,0.000000,-0.000000,1.2922,0.000000,2.000000,298.9031,4,1,clay,1.0000,0.500000,0,0,0.000000,0.000000,0.000000,0,nan,0.00,0.000000,0.1332,0.0000,0.000000,0.4880,2.92,3.72,9.55,2.80,0.000040,0.0013,-1.2926,0.008000,0.019616,-0.0487,-0.472135,-0.004315,0.000254,0.0,0.0,-23.700912233206907,-417.8117198020387,0.006841,0.010547,6493.9,6126.7,0.066371,0.000000,0.000000,0.5000,1.0000,,,,,
0.1560,1778670394.629288,13,1.646057,-0.005078,-0.003162,0.0155,-0.0196,0.002099,1.648349,0.000048,0.000027,-0.0003,1.646289,-0.005113,-0.003159,0.0271,-0.0024,0.000039,0.187976,0.0000,1.646289,0.000000,0.000000,1.4212,0.000000,2.000000,365.9418,4,1,clay,1.0000,0.500000,0,0,0.000000,0.000000,0.000000,0,nan,0.00,0.000000,0.1424,0.0000,0.000000,0.5120,2.54,3.60,8.68,2.88,0.000048,0.0015,-1.4215,0.008000,0.116154,0.0602,-0.476353,-0.007281,0.001562,0.0,0.0,-5.441546114274004,-379.36095733627616,0.011824,0.017495,6488.8,6131.7,0.075218,0.000000,0.000000,0.5000,1.0000,,,,,
0.1680,1778670394.641337,14,1.566103,0.074294,-0.001441,-0.0644,-0.0843,-0.000320,1.648334,0.000055,0.000031,-0.0002,1.566275,0.074182,-0.001440,0.0221,-0.0082,-0.000123,0.206729,0.0000,1.566275,0.000000,0.000000,1.5229,0.000000,2.000000,292.2598,4,1,clay,1.0000,0.500000,0,0,0.000000,0.000000,0.000000,0,nan,0.00,0.000000,0.1519,0.0000,0.000000,0.5360,2.23,3.44,7.89,2.53,0.000055,0.0018,-1.5231,0.008000,0.117005,0.2244,-0.483494,-0.022191,-0.001211,0.0,0.0,120.9864024630387,-211.69388054939077,0.042346,0.046504,6483.7,6136.9,0.084170,0.000000,0.000000,0.5000,1.0000,,,,,
0.1800,1778670394.653366,15,1.694793,0.037705,0.001379,-0.0383,0.1103,-0.000403,1.648320,0.000063,0.000035,-0.0002,1.694921,0.037724,0.001380,0.0182,0.0014,0.000141,0.225224,0.0000,1.694921,0.000000,-0.000000,1.3475,0.000000,2.000000,302.3312,4,1,clay,1.0000,0.500000,0,0,0.000000,0.000000,0.000000,0,nan,0.00,0.000000,0.1617,0.0000,0.000000,0.5600,1.97,3.31,7.24,2.59,0.000063,0.0020,-1.3476,0.008000,0.097724,0.1954,-0.489540,0.003447,0.000057,0.0,0.0,-102.67762770884458,-532.6021106411396,-0.008267,-0.005423,6478.7,6141.9,0.092934,0.000000,0.000000,0.5000,1.0000,,,,,
0.1920,1778670394.665451,16,1.629624,0.120478,0.009980,0.0030,0.0549,-0.000468,1.648307,0.000071,0.000039,-0.0001,1.629724,0.120543,0.009982,0.0156,0.0058,0.000163,0.242549,0.0000,1.629724,0.000000,0.000000,1.4439,0.000000,2.000000,350.1208,4,1,clay,1.0000,0.500000,0,0,0.000000,0.000000,0.000000,0,nan,0.00,0.000000,0.1717,0.0000,0.000000,0.5840,1.75,3.24,6.74,2.84,0.000071,0.0022,-1.4439,0.008000,0.226818,0.4101,-0.493676,0.013414,-0.001760,0.0,0.0,-211.44481576233488,-686.7224088721603,-0.027639,-0.025944,6474.0,6146.6,0.101080,0.000000,0.000000,0.5000,1.0000,,,,,
0.2040,1778670394.677167,17,1.707081,-0.036661,-0.000210,0.0548,0.0500,0.000477,1.648295,0.000079,0.000044,-0.0000,1.707224,-0.036568,-0.000208,0.0235,0.0094,0.000247,0.259556,0.0000,1.707224,0.000000,-0.000000,1.3268,0.000000,2.000000,292.1022,4,1,clay,1.0000,0.500000,0,0,0.000000,0.000000,0.000000,0,nan,0.00,0.000000,0.1820,0.0000,0.000000,0.6080,1.53,3.16,6.23,2.71,0.000079,0.0025,-1.3269,0.008000,0.039274,-0.0753,-0.487598,0.020498,-0.001802,0.0,0.0,-301.71735091287945,-799.2310713611395,-0.041926,-0.039952,6469.4,6151.1,0.109033,0.000000,0.000000,0.5000,1.0000,,,,,
0.2160,1778670394.689165,18,1.661091,-0.060643,0.007155,-0.0063,0.0471,-0.000830,1.648284,0.000088,0.000048,0.0000,1.661198,-0.060534,0.007157,0.0192,0.0124,0.000251,0.277157,0.0000,1.661198,0.000000,-0.000000,1.3998,0.000000,2.000000,297.1599,4,1,clay,1.0000,0.500000,0,0,0.000000,0.000000,0.000000,0,nan,0.00,0.000000,0.1925,0.0000,0.000000,0.6320,1.34,3.08,5.77,2.60,0.000088,0.0028,-1.3998,0.008000,0.172098,0.7932,-0.493764,0.025648,0.001527,0.0,0.0,-369.8220634429772,-889.0281232945165,-0.051508,-0.050976,6464.7,6155.8,0.117210,0.000000,0.000000,0.5000,1.0000,,,,,
0.2280,1778670394.701309,19,1.658879,-0.028001,0.003245,-0.0124,-0.0078,0.001401,1.648273,0.000097,0.000053,0.0001,1.658961,-0.027922,0.003247,0.0158,0.0097,0.000276,0.294203,0.0000,1.658961,0.000000,-0.000000,1.4031,0.000000,2.000000,289.3080,4,1,clay,1.0000,0.500000,0,0,0.000000,0.000000,0.000000,0,nan,0.00,0.000000,0.2032,0.0000,0.000000,0.6560,1.21,2.99,5.42,2.51,0.000097,0.0030,-1.4030,0.008000,0.121580,0.7422,-0.499010,0.019180,0.000928,0.0,0.0,-297.03587816200525,-762.8291714810882,-0.039410,-0.037193,6460.2,6160.3,0.125043,0.000000,0.000000,0.5000,1.0000,,,,,
0.2400,1778670394.713262,20,1.621324,0.074439,0.001797,0.0382,-0.0719,0.001818,1.648263,0.000106,0.000057,0.0001,1.621425,0.074449,0.001799,0.0204,0.0008,0.000204,0.310757,0.0000,1.621425,0.000000,0.000000,1.4549,0.000000,2.000000,309.9321,4,1,clay,1.0000,0.500000,0,0,0.000000,0.000000,0.000000,0,nan,0.00,0.000000,0.2142,0.0000,0.000000,0.6800,1.09,2.97,5.16,2.88,0.000106,0.0033,-1.4547,0.008000,0.108855,-0.1298,-0.496241,0.001552,0.002264,0.0,0.0,-74.09403935581612,-436.4667148591543,-0.005089,-0.000975,6455.9,6164.7,0.132636,0.000000,0.000000,0.5000,1.0000,,,,,
0.2520,1778670394.725266,21,1.623217,0.019703,-0.004062,0.0093,0.0435,0.002718,1.648253,0.000116,0.000062,0.0001,1.623305,0.019743,-0.004059,0.0186,0.0052,0.000418,0.326757,0.0000,1.623305,0.000000,0.000000,1.4524,0.000000,1.500000,79.9853,0,1,clay,1.0000,0.500000,0,0,0.000000,0.000000,0.000000,0,nan,0.00,0.000000,0.2252,0.0000,0.000000,0.6980,1.00,3.48,5.47,6.32,0.000116,0.0036,-1.4522,0.008000,0.158044,-0.2831,-0.499977,0.009663,0.000918,0.0,0.0,-184.80736015340023,-543.1542586051546,-0.022600,-0.015810,6451.7,6168.8,0.139891,0.000000,0.000000,0.5000,1.0000,,,,,
0.2640,1778670394.737265,22,1.704446,-0.094047,0.003955,-0.0306,-0.0060,-0.000855,1.648245,0.000126,0.000067,0.0002,1.704523,-0.094017,0.003957,0.0155,0.0035,0.000262,0.334708,0.0000,1.704523,0.000000,-0.000000,1.3314,0.000000,1.000000,63.2222,0,1,clay,1.0000,0.500000,0,0,0.000000,0.000000,0.000000,0,nan,0.00,0.000000,0.2361,0.0000,0.000000,0.7100,0.91,3.64,5.46,4.59,0.000126,0.0038,-1.3313,0.008000,0.088991,0.4024,-0.505089,0.006639,-0.000241,0.0,0.0,-133.86433962180948,-488.9514864096538,-0.015392,-0.011008,6449.2,6171.4,0.144281,0.000000,0.000000,0.5000,1.0000,,,,,
0.2760,1778670394.749322,23,1.534171,-0.093172,-0.000114,0.0807,0.0091,-0.000174,1.648237,0.000136,0.000072,0.0002,1.534318,-0.093141,-0.000112,0.0284,0.0037,0.000217,0.335918,0.0000,1.534318,0.000000,0.000000,1.5598,0.000000,0.542574,60.4759,0,1,clay,1.0000,0.500000,0,0,0.000000,0.000000,0.000000,0,nan,0.00,0.000000,0.2467,0.0000,0.000000,0.7165,0.84,3.75,5.43,4.37,0.000136,0.0041,-1.5596,0.008000,0.187261,0.0874,-0.494003,0.007113,0.002501,0.0,0.0,-135.82990228584848,-497.73268889547103,-0.015822,-0.012509,6448.2,6172.3,0.145969,0.000000,0.000000,0.5000,1.0000,,,,,
0.2880,1778670394.761250,24,1.650204,0.040143,0.003904,-0.0484,0.0448,-0.000054,1.648229,0.000147,0.000077,0.0002,1.650322,0.040203,0.003906,0.0233,0.0075,0.000255,0.331964,0.0000,1.650322,0.000000,0.000000,1.4155,0.000000,0.274617,53.1935,0,1,clay,1.0000,0.500000,0,0,0.000000,0.000000,0.000000,0,nan,0.00,0.000000,0.2571,0.0000,0.000000,0.7198,0.78,3.86,5.41,4.45,0.000147,0.0044,-1.4153,0.008000,0.096997,0.1533,-0.501015,0.014403,0.001916,0.0,0.0,-235.35478756179918,-638.2073782633947,-0.030053,-0.027452,6448.6,6171.9,0.145304,0.000000,0.000000,0.5000,1.0000,,,,,
0.3000,1778670394.773435,25,1.681947,0.021986,0.000312,0.0641,-0.0155,-0.000494,1.648222,0.000158,0.000082,0.0002,1.682109,0.022021,0.000313,0.0315,0.0045,0.000148,0.326101,0.0000,1.682109,0.000000,-0.000000,1.3681,0.000000,0.143512,51.1529,0,1,clay,1.0000,0.500000,0,0,0.000000,0.000000,0.000000,0,nan,0.00,0.000000,0.2671,0.0000,0.000000,0.7215,0.72,3.98,5.43,4.68,0.000158,0.0047,-1.3678,0.008000,0.099080,-0.5185,-0.494497,0.008613,0.006430,0.0,0.0,-151.62750970396007,-540.4594206732436,-0.017933,-0.016465,6449.7,6170.8,0.143342,0.000000,0.000000,0.5000,1.0000,,,,,
0.3120,1778670394.785547,26,1.687852,-0.092715,0.006293,0.0111,-0.0333,0.001600,1.648215,0.000170,0.000087,0.0003,1.687997,-0.092710,0.006294,0.0279,0.0003,0.000150,0.320112,0.0000,1.687997,0.000000,-0.000000,1.3587,0.000000,0.076315,52.1738,0,1,clay,1.0000,0.500000,0,0,0.000000,0.000000,0.000000,0,nan,0.00,0.000000,0.2768,0.0000,0.000000,0.7224,0.69,4.06,5.43,4.48,0.000170,0.0050,-1.3585,0.008000,0.091272,0.3655,-0.499801,0.000507,-0.000726,0.0,0.0,-51.55068707667104,-399.81008275070764,-0.002572,0.000657,6451.1,6169.5,0.141002,0.000000,0.000000,0.5000,1.0000,,,,,
0.3240,1778670394.797475,27,1.623437,-0.022391,-0.003193,-0.0642,0.0675,0.000430,1.648209,0.000182,0.000092,0.0003,1.623554,-0.022335,-0.003191,0.0228,0.0070,0.000269,0.313199,0.0000,1.623554,0.000000,0.000000,1.4521,0.000000,0.059366,51.6607,0,1,clay,1.0000,0.500000,0,0,0.000000,0.000000,0.000000,0,nan,0.00,0.000000,0.2861,0.0000,0.000000,0.7232,0.65,4.11,5.41,4.44,0.000182,0.0053,-1.4518,0.008000,0.098093,-0.5943,-0.506623,0.013483,0.000258,0.0,0.0,-225.41065003141867,-633.8310159098278,-0.028480,-0.025329,6452.8,6167.8,0.138108,0.000000,0.000000,0.5000,1.0000,,,,,
0.3360,1778670394.809569,28,1.662630,0.009852,0.007164,-0.0953,-0.0136,0.001257,1.648203,0.000195,0.000097,0.0003,1.662726,0.009888,0.007166,0.0187,0.0042,0.000263,0.306910,0.0000,1.662726,0.000000,-0.000000,1.3976,0.000000,0.048975,51.0439,0,1,clay,1.0000,0.500000,0,0,0.000000,0.000000,0.000000,0,nan,0.00,0.000000,0.2952,0.0000,0.000000,0.7237,0.63,4.16,5.42,4.41,0.000195,0.0056,-1.3973,0.008000,0.061981,0.2238,-0.512410,0.008237,0.000514,0.0,0.0,-158.73026216343206,-540.8598075730263,-0.018474,-0.014325,6454.3,6166.2,0.135371,0.000000,0.000000,0.5000,1.0000,,,,,
0.3480,1778670394.821489,29,1.585832,0.042978,0.002013,0.0621,-0.0133,-0.002072,1.648198,0.000208,0.000103,0.0003,1.585975,0.042995,0.002013,0.0273,0.0021,0.000070,0.300275,0.0000,1.585975,0.000000,0.000000,1.4994,0.000000,0.065484,53.8928,0,1,clay,1.0000,0.500000,0,0,0.000000,0.000000,0.000000,0,nan,0.00,0.000000,0.3039,0.0000,0.000000,0.7245,0.61,4.20,5.41,4.41,0.000208,0.0059,-1.4992,0.008000,0.094150,0.0285,-0.505343,0.004060,0.002935,0.0,0.0,-95.4317174779471,-491.8309058096748,-0.008456,-0.007758,6456.0,6164.6,0.132466,0.000000,0.000000,0.5000,1.0000,,,,,
0.3600,1778670394.833586,30,1.706247,0.002656,0.004586,0.0398,0.0034,0.002137,1.648193,0.000222,0.000108,0.0002,1.706404,0.002675,0.004588,0.0300,0.0020,0.000184,0.293739,0.0000,1.706404,0.000000,-0.000000,1.3282,0.000000,0.059845,50.2295,0,1,clay,1.0000,0.500000,0,0,0.000000,0.000000,0.000000,0,nan,0.00,0.000000,0.3124,0.0000,0.000000,0.7252,0.59,4.32,5.50,4.99,0.000222,0.0062,-1.3280,0.008000,0.037288,0.4929,-0.504217,-0.001284,0.000081,0.0,0.0,-103.35640974198628,-485.6982375594638,-0.009447,-0.006153,6457.7,6162.9,0.129541,0.000000,0.000000,0.5000,1.0000,,,,,
0.3720,1778670394.845499,31,1.658256,0.046341,0.000652,-0.0805,0.0421,-0.000666,1.648188,0.000236,0.000113,0.0002,1.658385,0.046387,0.000654,0.0245,0.0058,0.000186,0.287749,0.0000,1.658385,0.000000,-0.000000,1.4039,0.000000,0.074355,52.3577,0,1,clay,1.0000,0.500000,0,0,0.000000,0.000000,0.000000,0,nan,0.00,0.000000,0.3206,0.0000,0.000000,0.7261,0.57,4.34,5.47,4.46,0.000236,0.0065,-1.4037,0.008000,0.169694,-0.1909,-0.510520,0.008230,0.000089,0.0,0.0,-193.5203342604006,-622.7906482412704,-0.023502,-0.021698,6459.2,6161.4,0.126908,0.000000,0.000000,0.5000,1.0000,,,,,
0.3840,1778670394.857327,32,1.652957,0.054521,0.005452,-0.0162,0.0046,0.001775,1.648183,0.000251,0.000118,0.0002,1.653061,0.054564,0.005454,0.0200,0.0051,0.000260,0.281660,0.0000,1.653061,0.000000,0.000000,1.4116,0.000000,0.090222,53.1506,0,1,clay,1.0000,0.500000,0,0,0.000000,0.000000,0.000000,0,nan,0.00,0.000000,0.3286,0.0000,0.000000,0.7272,0.55,4.36,5.45,4.46,0.000251,0.0068,-1.4114,0.008000,0.162487,0.3176,-0.515083,0.006760,0.000498,0.0,0.0,-183.16196836982897,-596.6610442804388,-0.021842,-0.018119,6460.7,6159.8,0.124185,0.000000,0.000000,0.5000,1.0000,,,,,
0.3960,1778670394.870004,33,1.627181,-0.096719,-0.000154,-0.0383,0.1000,0.000216,1.648179,0.000266,0.000124,0.0002,1.627266,-0.096607,-0.000152,0.0164,0.0140,0.000404,0.276092,0.0000,1.627266,0.000000,0.000000,1.4471,0.000000,0.098317,54.0633,0,1,clay,1.0000,0.500000,0,0,0.000000,0.000000,0.000000,0,nan,0.00,0.000000,0.3363,0.0000,0.000000,0.7284,0.53,4.38,5.45,4.50,0.000266,0.0071,-1.4470,0.008000,0.156111,-0.2341,-0.518270,0.020004,-0.000060,0.0,0.0,-406.57403126916927,-905.2488174501088,-0.056405,-0.053135,6462.2,6158.4,0.121689,0.000000,0.000000,0.5000,1.0000,,,,,
0.4080,1778670394.881458,34,1.632881,-0.004263,0.002046,0.1128,-0.0482,0.000708,1.648174,0.000282,0.000129,0.0002,1.633068,-0.004209,0.002048,0.0353,0.0066,0.000279,0.270781,0.0000,1.633068,0.000000,0.000000,1.4394,0.000000,0.109969,52.0913,0,1,clay,1.0000,0.500000,0,0,0.000000,0.000000,0.000000,0,nan,0.00,0.000000,0.3439,0.0000,0.000000,0.7297,0.51,4.38,5.41,4.41,0.000282,0.0074,-1.4392,0.008000,0.102774,0.0984,-0.498731,0.008115,0.000108,0.0,0.0,-217.40437166110868,-652.5618500084881,-0.027321,-0.023772,6463.5,6157.0,0.119325,0.000000,0.000000,0.5000,1.0000,,,,,
0.4200,1778670394.893393,35,1.666519,0.019041,0.001848,-0.0675,0.0151,0.000767,1.648171,0.000299,0.000135,0.0001,1.666669,0.019097,0.001850,0.0287,0.0068,0.000297,0.265296,0.0000,1.666669,0.000000,-0.000000,1.3917,0.000000,0.118506,51.7992,0,1,clay,1.0000,0.500000,0,0,0.000000,0.000000,0.000000,0,nan,0.00,0.000000,0.3512,0.0000,0.000000,0.7311,0.49,4.43,5.41,4.67,0.000299,0.0077,-1.3916,0.008000,0.132330,-0.2556,-0.504689,0.013113,0.000646,0.0,0.0,-223.283849023701,-662.0595788745304,-0.028358,-0.024517,6464.9,6155.6,0.116877,0.000000,0.000000,0.5000,1.0000,,,,,
0.4320,1778670394.905550,36,1.678767,0.034909,0.005057,0.0817,0.0170,-0.001028,1.648186,0.000270,0.000143,0.0032,1.678976,0.034967,0.005058,0.0394,0.0072,0.000211,0.278900,0.0000,1.678976,0.000000,-0.000000,1.3729,0.000000,0.111020,51.8723,0,1,clay,1.0000,0.500000,0,0,0.000000,0.000000,0.000000,0,nan,0.00,0.000000,0.3583,0.0000,0.000000,0.7325,0.49,4.43,5.40,4.45,0.000270,0.0082,-1.3698,0.008000,0.056935,0.4710,-0.493471,0.007165,-0.000078,-149.8427565933083,-125.9719739410524,-227.3932200985535,-675.7452519089204,-0.028802,-0.027019,6461.5,6159.1,0.122862,0.000000,0.000000,0.5000,1.0000,,,,,
0.4440,1778670394.917617,37,1.708214,-0.061011,-0.009822,-0.0076,0.0115,0.001791,1.648283,0.000263,0.000179,0.0083,1.708384,-0.060956,-0.009820,0.0320,0.0069,0.000293,0.276893,0.0000,1.708384,0.000000,-0.000000,1.3248,0.000000,0.099541,51.3662,0,1,clay,1.0000,0.500000,0,0,0.000000,0.000000,0.000000,0,nan,0.00,0.000000,0.3652,0.0000,0.000000,0.7337,0.49,4.48,5.46,4.75,0.000263,0.0102,-1.3165,0.008000,0.071897,-0.9748,-0.500168,0.009093,0.000159,-158.0619591520276,-478.8010422211564,-226.99690056399464,-659.7252567220262,-0.028763,-0.025036,6462.0,6158.6,0.121993,0.000000,0.000000,0.5000,1.0000,,,,,
0.4560,1778670394.929502,38,1.681832,-0.005892,0.002829,-0.0029,-0.0043,0.006253,1.648708,0.000317,0.000231,0.0323,1.681971,-0.005843,0.002834,0.0263,0.0051,0.000580,0.316058,0.0000,1.681971,0.000000,-0.000000,1.3683,0.000000,0.061248,50.4154,0,1,clay,1.0000,0.500000,0,0,0.000000,0.000000,0.000000,0,nan,0.00,0.000000,0.3719,0.0000,0.000000,0.7344,0.49,4.48,5.46,4.48,0.000317,0.0132,-1.3360,0.008000,0.067250,0.0463,-0.505412,0.007728,0.001371,300.6853012195925,-36.19635942792138,-203.8741896851827,-531.7812348885508,-0.025369,-0.014374,6452.1,6168.5,0.139311,0.000000,0.000000,0.5000,1.0000,,,,,
0.4680,1778670394.941639,39,1.744582,0.030727,0.001155,0.0883,-0.0819,-0.000083,1.649173,0.000353,0.000251,0.0414,1.744790,0.030702,0.001158,0.0387,-0.0039,0.000314,0.320199,0.0000,1.744790,0.000000,-0.000000,1.2579,0.000000,0.027316,50.3249,0,1,clay,1.0000,0.500000,0,0,0.000000,0.000000,0.000000,0,nan,0.00,0.000000,0.3785,0.0000,0.000000,0.7347,0.51,4.52,5.54,4.78,0.000353,0.0144,-1.2164,0.008000,0.030009,-0.1978,-0.492423,-0.009854,0.001020,-270.5792943266961,-98.72973665909558,36.40536327484281,-256.80500627368264,0.011277,0.020040,6451.0,6169.6,0.141231,0.000000,0.000000,0.5000,1.0000,,,,,
0.4800,1778670394.953605,40,1.618827,-0.088424,-0.006290,0.0033,-0.0579,0.002797,1.649734,0.000384,0.000281,0.0571,1.619001,-0.088488,-0.006286,0.0323,-0.0088,0.000304,0.335510,0.0000,1.619001,0.000000,0.000000,1.4580,0.000000,0.011376,53.7555,0,1,clay,1.0000,0.500000,0,0,0.000000,0.000000,0.000000,0,nan,0.00,0.000000,0.3848,0.0000,0.000000,0.7349,0.51,4.53,5.55,4.56,0.000384,0.0161,-1.4009,0.008000,0.162370,-0.3989,-0.498341,-0.023302,0.001194,88.11421193096794,-829.9057133136503,160.3653152548938,-104.27894489799507,0.029761,0.040392,6447.0,6173.5,0.148073,0.000000,0.000000,0.5000,1.0000,,,,,
0.4920,1778670394.965615,41,1.727367,-0.033028,0.004815,0.1205,0.0848,0.001015,1.650441,0.000408,0.000315,0.0745,1.727638,-0.033011,0.004820,0.0498,0.0012,0.000453,0.346747,0.0000,1.727638,0.000000,-0.000000,1.2905,0.000000,-0.025344,49.6277,0,1,clay,1.0000,0.500000,0,0,0.000000,0.000000,0.000000,0,nan,0.00,0.000000,0.3909,0.0000,0.000000,0.7346,0.52,4.52,5.56,4.48,0.000408,0.0181,-1.2160,0.008000,0.091713,-0.0381,-0.480300,-0.002985,0.000986,-115.99534001563097,-202.32296753919582,-87.17726038706127,-363.40969576388034,-0.009434,0.000447,6444.2,6176.4,0.153074,0.000000,0.000000,0.5000,1.0000,,,,,
0.5040,1778670394.977632,42,1.656452,0.028747,0.004567,0.1601,0.0328,0.002152,1.651248,0.000417,0.000359,0.0800,1.656843,0.028790,0.004572,0.0714,0.0042,0.000545,0.333145,0.0000,1.656843,0.000000,-0.000000,1.4061,0.000000,-0.018722,51.1608,0,1,clay,1.0000,0.500000,0,0,0.000000,0.000000,0.000000,0,nan,0.00,0.000000,0.3968,0.0000,0.000000,0.7343,0.51,4.51,5.54,4.47,0.000417,0.0206,-1.3262,0.008000,0.125646,0.2681,-0.458029,-0.005526,0.001228,-429.7540976786604,-397.9084393571957,-175.51267462390564,-480.27504211936997,-0.021648,-0.010932,6447.6,6173.0,0.147158,0.000000,0.000000,0.5000,1.0000,,,,,
0.5160,1778670394.989495,43,1.657594,0.149907,0.006452,0.0573,0.0170,0.004926,1.652046,0.000383,0.000379,0.0748,1.657969,0.149960,0.006459,0.0690,0.0050,0.000748,0.315219,0.0000,1.657969,0.000000,-0.000000,1.4045,0.000000,0.008063,60.0710,0,1,clay,1.0000,0.500000,0,0,0.000000,0.000000,0.000000,0,nan,0.00,0.000000,0.4026,0.0000,0.000000,0.7344,0.50,4.53,5.54,4.62,0.000383,0.0217,-1.3297,0.008000,0.155408,0.2507,-0.459868,0.003223,0.001980,-129.10071578776115,285.50928096170173,-215.51037711589908,-512.1985402384926,-0.027063,-0.012128,6452.1,6168.5,0.139227,0.000000,0.000000,0.5000,1.0000,,,,,
0.5280,1778670395.001559,44,1.708080,0.047016,0.003882,0.1085,-0.0536,-0.002004,1.652852,0.000383,0.000367,0.0737,1.708500,0.047015,0.003886,0.0768,-0.0012,0.000394,0.298109,0.0000,1.708500,0.000000,-0.000000,1.3246,0.000000,0.037117,51.4254,0,1,clay,1.0000,0.500000,0,0,0.000000,0.000000,0.000000,0,nan,0.00,0.000000,0.4082,0.0000,0.000000,0.7349,0.50,4.55,5.55,4.70,0.000383,0.0210,-1.2509,0.008000,0.028426,0.1147,-0.451335,-0.009260,0.001015,898.2335247483809,616.9616578500718,-42.2114417074407,-359.3758273354621,0.000159,0.009646,6456.5,6164.1,0.131606,0.000000,0.000000,0.5000,1.0000,,,,,
0.5400,1778670395.013567,45,1.669966,0.040487,0.000847,0.0826,0.0007,-0.002245,1.653680,0.000390,0.000334,0.0663,1.670394,0.040484,0.000849,0.0781,-0.0009,0.000193,0.273545,0.0000,1.670394,0.000000,-0.000000,1.3861,0.000000,0.074865,52.0652,0,1,clay,1.0000,0.500000,0,0,0.000000,0.000000,0.000000,0,nan,0.00,0.000000,0.4137,0.0000,0.000000,0.7358,0.49,4.55,5.53,4.55,0.000390,0.0191,-1.3198,0.008000,0.059178,-0.2425,-0.451259,-0.009065,0.000344,147.83897944109412,3163.13990538904,-43.78415584218503,-413.29578195511306,0.001250,0.006032,6462.7,6157.8,0.120689,0.000000,0.000000,0.5000,1.0000,,,,,
0.5520,1778670395.025648,46,1.606733,0.080098,0.002564,-0.0364,0.0333,-0.006603,1.654375,0.000384,0.000285,0.0389,1.607079,0.080116,0.002563,0.0629,0.0025,-0.000154,0.207288,0.0000,1.607079,0.000000,0.000000,1.4733,0.000000,0.171388,57.2535,0,1,clay,1.0000,0.500000,0,0,0.000000,0.000000,0.000000,0,nan,0.00,0.000000,0.4191,0.0000,0.000000,0.7378,0.49,4.55,5.54,4.55,0.000384,0.0163,-1.4344,0.008000,0.206978,0.7079,-0.465890,-0.001818,-0.000928,-422.85886432372854,-802.6263064170334,-99.76765503728973,-584.2415608953465,-0.007796,-0.012379,6479.6,6141.0,0.091342,0.000000,0.000000,0.5000,1.0000,,,,,
0.5640,1778670395.037593,47,1.604548,0.046761,-0.002368,-0.0190,-0.0498,-0.002010,1.654716,0.000430,0.000250,0.0007,1.604826,0.046734,-0.002371,0.0506,-0.0028,-0.000326,0.144928,0.0000,1.604826,0.000000,0.000000,1.4761,0.000000,0.285463,57.3190,0,1,clay,1.0000,0.500000,0,0,0.000000,0.000000,0.000000,0,nan,0.00,0.000000,0.4244,0.0000,0.000000,0.7413,0.49,4.55,5.53,4.52,0.000430,0.0143,-1.4754,0.008000,0.137560,-0.3014,-0.481768,-0.010813,-0.001561,-1055.1160369780819,-1053.4612327621066,4.409290818223909,-432.19698770268917,0.014218,0.007954,6495.5,6125.1,0.063572,0.000000,0.000000,0.5000,1.0000,,,,,
0.5760,1778670395.049518,48,1.720119,-0.091499,-0.004744,0.0427,0.0128,-0.003567,1.654687,0.000508,0.000241,-0.0313,1.720388,-0.091515,-0.004748,0.0489,-0.0010,-0.000441,0.084588,0.0000,1.720388,0.000000,-0.000000,1.3037,0.000000,0.377858,57.1462,0,1,clay,1.0000,0.500000,0,0,0.000000,0.000000,0.000000,0,nan,0.00,0.000000,0.4297,0.0000,0.000000,0.7458,0.49,4.56,5.53,4.62,0.000508,0.0138,-1.3350,0.008000,0.142963,-0.3400,-0.483571,0.001510,-0.001924,-931.1917444901974,-1234.2744367941032,-0.9339924251560916,-456.1324667114471,0.008722,-0.000890,6510.9,6109.6,0.036653,0.000000,0.000000,0.5000,1.0000,,,,,
0.5880,1778670395.061505,49,1.643300,0.048467,0.005732,-0.0982,-0.0401,0.003698,1.654322,0.000636,0.000272,-0.0574,1.643517,0.048428,0.005730,0.0393,-0.0048,-0.000220,0.041328,0.0000,1.643517,0.000000,0.000000,1.4251,0.000000,0.485588,59.4100,0,1,clay,1.0000,0.500000,0,0,0.000000,0.000000,0.000000,0,nan,0.00,0.000000,0.4350,0.0000,0.000000,0.7516,0.49,4.55,5.52,4.53,0.000636,0.0156,-1.4825,0.008000,0.140492,0.6869,-0.494479,-0.000523,-0.000438,-169.1379470945394,-874.839806015757,29.1936567084376,-293.7416062821858,0.020290,0.017266,6522.0,6098.5,0.017325,0.000000,0.000000,0.5000,1.0000,,,,,
0.6000,1778670395.073577,50,1.599141,0.031171,-0.002293,-0.1421,-0.0035,0.001637,1.653710,0.000760,0.000294,-0.0714,1.599315,0.031137,-0.002294,0.0316,-0.0042,-0.000092,0.015552,0.0000,1.599315,0.000000,0.000000,1.4830,0.000000,0.579128,61.5891,0,1,clay,1.0000,0.500000,0,0,0.000000,0.000000,0.000000,0,nan,0.00,0.000000,0.4404,0.0000,0.000000,0.7586,0.49,4.55,5.52,4.52,0.000760,0.0169,-1.5545,0.008000,0.189540,-0.4101,-0.503165,-0.009301,-0.000547,314.0076595215937,-33.94386680644493,26.16178012662712,-275.15514096855713,0.016724,0.016377,6528.7,6091.9,0.005682,0.000000,0.000000,0.5000,1.0000,,,,,
0.6120,1778670395.085523,51,1.601838,-0.033262,0.004784,0.0307,0.0900,0.001440,1.652958,0.000870,0.000305,-0.0760,1.602011,-0.033217,0.004785,0.0314,0.0054,0.000168,0.010520,0.0000,1.602011,0.000000,0.000000,1.4797,0.000000,0.629406,61.1078,0,1,clay,1.0000,0.500000,0,0,0.000000,0.000000,0.000000,0,nan,0.00,0.000000,0.4459,0.0000,0.000000,0.7661,0.48,4.57,5.54,4.68,0.000870,0.0175,-1.5557,0.008000,0.122340,0.0090,-0.501966,0.006477,-0.000595,-957.6261904414096,-166.75798551957587,-32.6930186842621,-560.4825535109953,-0.022244,-0.020684,6530.1,6090.5,0.003234,0.000000,0.000000,0.5000,1.0000,,,,,
0.6240,1778670395.097572,52,1.602774,0.068085,0.003269,-0.0730,-0.0523,-0.000532,1.652131,0.000960,0.000299,-0.0767,1.602915,0.068080,0.003270,0.0253,-0.0007,0.000012,0.008776,0.0000,1.602915,0.000000,0.000000,1.4785,0.000000,0.658364,63.3295,0,1,clay,1.0000,0.500000,0,0,0.000000,0.000000,0.000000,0,nan,0.00,0.000000,0.4514,0.0000,0.000000,0.7740,0.49,4.57,5.54,4.57,0.000960,0.0171,-1.5552,0.008000,0.133885,-0.1870,-0.506241,-0.006964,-0.001323,-139.14667781637968,-21.028156710940266,8.859672230020465,-368.41926446371235,0.002613,0.003192,6530.6,6089.9,0.002334,0.000000,0.000000,0.5000,1.0000,,,,,
0.6360,1778670395.109540,53,1.619187,0.005648,-0.002633,-0.0473,0.0652,-0.001362,1.651271,0.001061,0.000303,-0.0742,1.619300,0.005693,-0.002633,0.0204,0.0058,0.000050,0.012139,0.0000,1.619300,0.000000,0.000000,1.4576,0.000000,0.670601,60.5070,0,1,clay,1.0000,0.500000,0,0,0.000000,0.000000,0.000000,0,nan,0.00,0.000000,0.4570,0.0000,0.000000,0.7821,0.48,4.57,5.53,4.55,0.001061,0.0174,-1.5318,0.008000,0.145364,-0.3758,-0.509423,0.012106,-0.001097,-24.12091151097067,-299.7990900522075,-33.404669117837074,-584.942210510909,-0.022296,-0.023569,6529.8,6090.8,0.003751,0.000000,0.000000,0.5000,1.0000,,,,,
0.6480,1778670395.121542,54,1.718909,0.057230,-0.006219,-0.1783,0.0488,-0.001279,1.650404,0.001170,0.000306,-0.0708,1.719001,0.057304,-0.006219,0.0165,0.0094,0.000057,0.020387,0.0000,1.719001,0.000000,-0.000000,1.3062,0.000000,0.655811,59.4633,0,1,clay,1.0000,0.500000,0,0,0.000000,0.000000,0.000000,0,nan,0.00,0.000000,0.4627,0.0000,0.000000,0.7899,0.48,4.56,5.53,4.54,0.001170,0.0175,-1.3770,0.008000,0.016837,-0.4061,-0.510913,0.019391,-0.000898,0.0,-27.74457980575173,-68.38173183525832,-714.9773104165142,-0.036074,-0.038733,6527.7,6092.8,0.007363,0.000000,0.000000,0.5000,1.0000,,,,,
0.6600,1778670395.133558,55,1.650562,-0.072256,0.000307,-0.0694,-0.0332,0.005561,1.649605,0.001390,0.000350,-0.0604,1.650636,-0.072217,0.000310,0.0135,0.0044,0.000298,0.039816,0.0000,1.650636,0.000000,0.000000,1.4150,0.000000,0.631952,59.1470,0,1,clay,1.0000,0.500000,0,0,0.000000,0.000000,0.000000,0,nan,0.00,0.000000,0.4684,0.0000,0.000000,0.7975,0.48,4.56,5.53,4.56,0.001390,0.0200,-1.4755,0.008000,0.152869,-0.1283,-0.507469,0.006066,0.000604,0.0,-170.91908000028457,-44.65498526842546,-527.3578982517181,-0.019686,-0.014727,6522.8,6097.8,0.015980,0.000000,0.000000,0.5000,1.0000,,,,,
0.6720,1778670395.145587,56,1.683313,0.021041,-0.001796,-0.1428,0.0733,0.000762,1.648841,0.001528,0.000366,-0.0597,1.683373,0.021131,-0.001792,0.0109,0.0107,0.000415,0.038994,0.0000,1.683373,0.000000,-0.000000,1.3661,0.000000,0.616099,57.8439,0,1,clay,1.0000,0.500000,0,0,0.000000,0.000000,0.000000,0,nan,0.00,0.000000,0.4741,0.0000,0.000000,0.8049,0.49,4.55,5.53,4.52,0.001528,0.0210,-1.4258,0.008000,0.038050,0.0348,-0.503800,0.023816,0.000938,0.0,14.095187405875086,-107.10812778589963,-727.7243402750557,-0.044707,-0.039741,6523.0,6097.6,0.015673,0.000000,0.000000,0.5000,1.0000,,,,,
0.6840,1778670395.157476,57,1.677830,0.002780,0.009545,0.0089,0.0461,0.002988,1.648078,0.001648,0.000386,-0.0572,1.677887,0.002891,0.009550,0.0106,0.0131,0.000586,0.047123,0.0000,1.677887,0.000000,-0.000000,1.3746,0.000000,0.607379,57.3510,0,1,clay,1.0000,0.500000,0,0,0.000000,0.000000,0.000000,0,nan,0.00,0.000000,0.4799,0.0000,0.000000,0.8122,0.48,4.52,5.48,4.31,0.001648,0.0221,-1.4318,0.008000,0.132426,0.8215,-0.498118,0.027064,0.001662,0.0,71.73185805218112,-147.18232613632273,-796.2362411175693,-0.055719,-0.047909,6520.9,6099.7,0.019305,0.000000,0.000000,0.5000,1.0000,,,,,
0.6960,1778670395.169811,58,1.697032,0.061329,-0.001528,-0.1242,0.0497,-0.000951,1.647336,0.001744,0.000382,-0.0551,1.697079,0.061457,-0.001524,0.0086,0.0154,0.000508,0.052461,0.0000,1.697079,0.000000,-0.000000,1.3439,0.000000,0.598139,59.1899,0,1,clay,1.0000,0.500000,0,0,0.000000,0.000000,0.000000,0,nan,0.00,0.000000,0.4857,0.0000,0.000000,0.8194,0.51,4.55,5.57,4.73,0.001744,0.0219,-1.3990,0.008000,0.013578,-0.4146,-0.495793,0.035259,0.000966,0.0,-36.94139015851029,-177.00624763258048,-881.1325362267821,-0.063546,-0.058465,6519.5,6101.0,0.021679,0.000000,0.000000,0.5000,1.0000,,,,,
0.7080,1778670395.181692,59,1.650170,0.013866,-0.005586,-0.0737,-0.0167,-0.000206,1.646621,0.001837,0.000368,-0.0525,1.650209,0.013956,-0.005584,0.0071,0.0107,0.000365,0.062303,0.0000,1.650209,0.000000,0.000000,1.4157,0.000000,0.589536,57.6902,0,1,clay,1.0000,0.500000,0,0,0.000000,0.000000,0.000000,0,nan,0.00,0.000000,0.4915,0.0000,0.000000,0.8265,0.52,4.53,5.58,4.43,0.001837,0.0211,-1.4682,0.008000,0.016742,-0.1881,-0.494830,0.025600,0.000679,0.0,-67.61516582409661,-133.0737825984293,-744.6055177801143,-0.044701,-0.040858,6517.0,6103.5,0.026032,0.000000,0.000000,0.5000,1.0000,,,,,
0.7200,1778670395.193573,60,1.656700,0.059346,-0.001322,-0.0323,0.0539,0.000278,1.645937,0.001939,0.000361,-0.0506,1.656731,0.059461,-0.001319,0.0058,0.0139,0.000408,0.068429,0.0000,1.656731,0.000000,-0.000000,1.4063,0.000000,0.575483,59.2767,0,1,clay,1.0000,0.500000,0,0,0.000000,0.000000,0.000000,0,nan,0.00,0.000000,0.4974,0.0000,0.000000,0.8334,0.52,4.52,5.56,4.46,0.001939,0.0207,-1.4569,0.008000,0.091872,-0.3509,-0.495628,0.022308,0.000352,0.0,-30.743984271357185,-179.26587814645967,-846.9053137266196,-0.057058,-0.053608,6515.5,6105.1,0.028765,0.000000,0.000000,0.5000,1.0000,,,,,
0.7320,1778670395.205491,61,1.651852,0.054665,0.001330,-0.0773,-0.0932,-0.002542,1.645280,0.002043,0.000349,-0.0493,1.651878,0.054682,0.001330,0.0048,0.0022,0.000020,0.076006,0.0000,1.651878,0.000000,0.000000,1.4133,0.000000,0.566606,58.4519,0,1,clay,1.0000,0.500000,0,0,0.000000,0.000000,0.000000,0,nan,0.00,0.000000,0.5032,0.0000,0.000000,0.8402,0.51,4.50,5.52,4.38,0.002043,0.0200,-1.4626,0.008000,0.013550,-0.1112,-0.496504,0.005040,-0.000079,0.0,97.10979384433904,-40.5944344696571,-506.4469315691776,-0.008415,-0.008873,6513.5,6107.0,0.032151,0.000000,0.000000,0.5000,1.0000,,,,,
0.7440,1778670395.217541,62,1.695716,0.033119,-0.002573,0.0056,0.0238,-0.002720,1.644652,0.002163,0.000340,-0.0479,1.695743,0.033149,-0.002575,0.0050,0.0041,-0.000094,0.082931,0.0000,1.695743,0.000000,-0.000000,1.3461,0.000000,0.543094,56.2796,0,1,clay,1.0000,0.500000,0,0,0.000000,0.000000,0.000000,0,nan,0.00,0.000000,0.5091,0.0000,0.000000,0.8467,0.50,4.50,5.51,4.49,0.002163,0.0195,-1.3940,0.008000,0.037755,0.0032,-0.496612,0.002331,-0.000635,0.0,134.43470497245778,-61.93291793556979,-579.6922739622448,-0.014340,-0.018185,6511.8,6108.8,0.035239,0.000000,0.000000,0.5000,1.0000,,,,,
0.7560,1778670395.229611,63,1.714314,0.034981,0.004050,-0.0380,0.0464,0.000717,1.644052,0.002319,0.000352,-0.0470,1.714335,0.035043,0.004049,0.0042,0.0078,0.000048,0.088882,0.0000,1.714335,0.000000,-0.000000,1.3145,0.000000,0.523404,55.9802,0,1,clay,1.0000,0.500000,0,0,0.000000,0.000000,0.000000,0,nan,0.00,0.000000,0.5149,0.0000,0.000000,0.8530,0.50,4.51,5.52,4.60,0.002319,0.0202,-1.3615,0.008000,0.059316,0.5880,-0.498328,0.006101,-0.000389,0.0,55.24990144306895,-116.16879181061059,-689.153901579617,-0.029958,-0.032142,6510.2,6110.4,0.037924,0.000000,0.000000,0.5000,1.0000,,,,,
0.7680,1778670395.241528,64,1.653431,0.028472,0.002098,-0.1223,0.0024,0.000922,1.643485,0.002508,0.000376,-0.0454,1.653449,0.028524,0.002098,0.0035,0.0065,0.000095,0.095647,0.0000,1.653449,0.000000,0.000000,1.4110,0.000000,0.515374,56.6614,0,1,clay,1.0000,0.500000,0,0,0.000000,0.000000,0.000000,0,nan,0.00,0.000000,0.5208,0.0000,0.000000,0.8592,0.50,4.50,5.51,4.42,0.002508,0.0216,-1.4565,0.008000,0.110750,0.1007,-0.500989,0.008599,-0.000389,0.0,114.24795558996868,-108.48992620871529,-647.8036810786173,-0.025652,-0.026235,6508.5,6112.1,0.040956,0.000000,0.000000,0.5000,1.0000,,,,,
0.7800,1778670395.253577,65,1.623596,0.076258,0.003370,-0.0240,0.0152,0.003213,1.642958,0.002742,0.000424,-0.0439,1.623611,0.076315,0.003372,0.0030,0.0068,0.000285,0.101956,0.0000,1.623611,0.000000,0.000000,1.4520,0.000000,0.509488,59.7975,0,1,clay,1.0000,0.500000,0,0,0.000000,0.000000,0.000000,0,nan,0.00,0.000000,0.5267,0.0000,0.000000,0.8653,0.50,4.50,5.51,4.51,0.002742,0.0243,-1.4958,0.008000,0.122377,0.2934,-0.501486,0.002735,0.000124,0.0,-541.2750666578387,-124.51502052650132,-641.2736611522428,-0.028533,-0.024899,6506.9,6113.7,0.043764,0.000000,0.000000,0.5000,1.0000,,,,,
0.7920,1778670395.266231,66,1.747133,-0.116234,-0.007529,-0.0593,0.0338,0.011096,1.642476,0.003030,0.000535,-0.0415,1.747146,-0.116152,-0.007521,0.0025,0.0088,0.000913,0.110072,0.0000,1.747146,0.000000,-0.000000,1.2532,0.000000,0.461818,57.1088,0,1,clay,1.0000,0.500000,0,0,0.000000,0.000000,0.000000,0,nan,0.00,0.000000,0.5325,0.0000,0.000000,0.8708,0.51,4.50,5.51,4.46,0.003030,0.0306,-1.2947,0.008000,0.122538,-0.9819,-0.502766,0.004223,0.001999,0.0,-348.5585073775817,-185.96046414182993,-652.7747484413468,-0.042922,-0.025827,6504.8,6115.8,0.047360,0.000000,0.000000,0.5000,1.0000,,,,,
0.8040,1778670395.277415,67,1.571227,0.021778,0.010061,-0.0400,0.0507,0.011125,1.642044,0.003335,0.000673,-0.0390,1.571236,0.021893,0.010074,0.0022,0.0122,0.001467,0.116926,0.0000,1.571236,0.000000,0.000000,1.5170,0.000000,0.465145,58.3491,0,1,clay,1.0000,0.500000,0,0,0.000000,0.000000,0.000000,0,nan,0.00,0.000000,0.5384,0.0000,0.000000,0.8764,0.47,4.51,5.46,4.60,0.003335,0.0385,-1.5561,0.008000,0.180622,0.6609,-0.503677,0.008394,0.003724,12.260257246613413,-447.3910702052272,-265.1356971564811,-711.4919858570613,-0.061044,-0.033085,6503.0,6117.6,0.050518,0.000000,0.000000,0.5000,1.0000,,,,,
0.8160,1778670395.289518,68,1.650243,-0.010816,-0.004274,-0.0714,0.0029,0.012456,1.641663,0.003673,0.000855,-0.0353,1.650252,-0.010710,-0.004257,0.0019,0.0101,0.001893,0.124042,0.0000,1.650252,0.000000,0.000000,1.4156,0.000000,0.449481,55.1492,0,1,clay,1.0000,0.500000,0,0,0.000000,0.000000,0.000000,0,nan,0.00,0.000000,0.5442,0.0000,0.000000,0.8818,0.47,4.49,5.42,4.35,0.003673,0.0490,-1.4509,0.008000,0.056160,0.0729,-0.504964,0.008997,0.005452,-27.368290575577383,-411.3619326689335,-263.57317278267715,-613.8522889245362,-0.058023,-0.019565,6501.2,6119.4,0.053651,0.000000,0.000000,0.5000,1.0000,,,,,
0.8280,1778670395.301542,69,1.621530,-0.011982,0.002876,0.0135,0.0542,0.025437,1.641332,0.004089,0.001118,-0.0325,1.621551,-0.011831,0.002905,0.0043,0.0136,0.003078,0.132232,0.0000,1.621551,0.000000,0.000000,1.4547,0.000000,0.439339,55.7314,0,1,clay,1.0000,0.500000,0,0,0.000000,0.000000,0.000000,0,nan,0.00,0.000000,0.5500,0.0000,0.000000,0.8871,0.47,4.48,5.41,4.42,0.004089,0.0641,-1.4872,0.008000,0.112095,0.2380,-0.503217,0.012510,0.009204,-46.36590215771895,-1069.6005662182445,-377.7124965151503,-620.8710558473647,-0.083326,-0.019939,6499.1,6121.5,0.057309,0.000000,0.000000,0.5000,1.0000,,,,,
0.8400,1778670395.313532,70,1.592811,0.006183,0.003690,-0.0800,0.0903,0.029080,1.641075,0.004545,0.001449,-0.0246,1.592828,0.006401,0.003730,0.0037,0.0200,0.004315,0.149917,0.0000,1.592828,0.000000,0.000000,1.4911,0.000000,0.420578,56.6307,0,1,clay,1.0000,0.500000,0,0,0.000000,0.000000,0.000000,0,nan,0.00,0.000000,0.5558,0.0000,0.000000,0.8921,0.47,4.51,5.44,4.71,0.004545,0.0830,-1.5157,0.008000,0.119479,0.1351,-0.504677,0.036532,0.013356,-81.67339513665722,-1071.07955153323,-548.087839661257,-718.03977728928,-0.119669,-0.031790,6494.6,6126.0,0.065145,0.000000,0.000000,0.5000,1.0000,,,,,
0.8520,1778670395.325531,71,1.655319,-0.073456,0.003128,0.0411,-0.1110,0.020859,1.641044,0.005003,0.001731,-0.0017,1.655378,-0.073347,0.003172,0.0114,0.0052,0.004445,0.195827,0.0000,1.655378,0.000000,-0.000000,1.4083,0.000000,0.349994,53.9768,0,1,clay,1.0000,0.500000,0,0,0.000000,0.000000,0.000000,0,nan,0.00,0.000000,0.5615,0.0000,0.000000,0.8963,0.46,4.52,5.43,4.54,0.005003,0.0992,-1.4100,0.008000,0.139989,0.3273,-0.497979,0.005693,0.014916,-156.89834066126636,-254.2016210379178,-399.21071494311275,-298.4865952138036,-0.066764,0.031113,6482.9,6137.6,0.085457,0.000000,0.000000,0.5000,1.0000,,,,,
0.8640,1778670395.337542,72,1.591342,0.014837,0.010249,0.0221,0.0047,0.023830,1.641209,0.005477,0.002028,0.0104,1.591413,0.014950,0.010298,0.0138,0.0047,0.004943,0.215377,0.0000,1.591413,0.000000,0.000000,1.4928,0.000000,0.305216,54.7299,0,1,clay,1.0000,0.500000,0,0,0.000000,0.000000,0.000000,0,nan,0.00,0.000000,0.5672,0.0000,0.000000,0.9000,0.46,4.52,5.44,4.56,0.005477,0.1162,-1.4824,0.008000,0.174288,0.3550,-0.496298,0.000965,0.016511,-95.86186181690687,-90.30687465602591,-440.9651334543922,-249.03038303136458,-0.070313,0.039031,6477.9,6142.7,0.094257,0.800000,0.000000,0.5000,1.0000,,,,,
0.8760,1778670395.349502,73,1.727788,0.086838,0.003177,0.0310,-0.0403,0.030017,1.641608,0.006038,0.002364,0.0358,1.727879,0.086925,0.003232,0.0175,-0.0001,0.005618,0.249517,0.0000,1.727879,0.000000,-0.000000,1.2901,0.000000,0.232436,54.3847,0,1,clay,1.0000,0.500000,0,0,0.000000,0.000000,0.000000,0,nan,0.00,0.000000,0.5728,0.0000,0.000000,0.9028,0.46,4.52,5.43,4.48,0.006038,0.1354,-1.2543,0.008000,0.062478,0.0613,-0.493416,-0.007270,0.019065,28.396282082543024,68.29585795224688,-410.3828994032931,-81.57059912364343,-0.059645,0.066843,6469.2,6151.4,0.109439,0.800000,0.000000,0.5000,1.0000,,,,,
0.8880,1778670395.361527,74,1.704650,0.071298,0.004002,0.0249,-0.0507,0.030803,1.642290,0.006625,0.002722,0.0572,1.704751,0.071357,0.004063,0.0194,-0.0050,0.006185,0.281449,0.0000,1.704751,0.000000,-0.000000,1.3311,0.000000,0.175722,53.0481,0,1,clay,1.0000,0.500000,0,0,0.000000,0.000000,0.000000,0,nan,0.00,0.000000,0.5782,0.0000,0.000000,0.9049,0.46,4.51,5.43,4.46,0.006625,0.1559,-1.2739,0.008000,0.031599,0.0345,-0.492351,-0.017173,0.021115,-15.117208576485922,-133.78475838198415,-349.67277503338084,81.93663235884893,-0.047493,0.093713,6461.0,6159.6,0.123712,0.800000,0.000000,0.5000,1.0000,,,,,
0.9000,1778670395.373540,75,1.718728,0.026478,0.003146,0.0695,0.0122,0.013779,1.643168,0.006709,0.002901,0.0711,1.718884,0.026548,0.003203,0.0294,-0.0028,0.005791,0.291598,0.0000,1.718884,0.000000,-0.000000,1.3064,0.000000,0.124197,50.8706,0,1,clay,1.0000,0.500000,0,0,0.000000,0.000000,0.000000,0,nan,0.00,0.000000,0.5836,0.0000,0.000000,0.9064,0.47,4.51,5.44,4.53,0.006709,0.1662,-1.2353,0.008000,0.162210,0.6059,-0.483156,-0.014780,0.019004,-5057.6464592493085,278.7663950744734,-380.23534941928085,34.17752407419772,-0.051504,0.080018,6458.4,6162.2,0.128329,0.800000,0.000000,0.5000,1.0000,,,,,
0.9120,1778670395.385536,76,1.607626,0.048174,0.005265,0.0892,-0.0256,-0.003235,1.644224,0.006135,0.002843,0.0879,1.607846,0.048208,0.005309,0.0415,-0.0048,0.004442,0.319555,0.0000,1.607846,0.000000,0.000000,1.4723,0.000000,0.085456,53.1173,0,1,clay,1.0000,0.500000,0,0,0.000000,0.000000,0.000000,0,nan,0.00,0.000000,0.5888,0.0000,0.000000,0.9074,0.46,4.51,5.44,4.52,0.006135,0.1629,-1.3845,0.008000,0.027855,-0.2840,-0.471968,-0.021947,0.013938,564.8369848378146,181.56551996264486,-233.25566038512696,42.2571031319801,-0.029661,0.072309,6451.2,6169.4,0.140797,0.800000,0.000000,0.5000,1.0000,,,,,
0.9240,1778670395.397478,77,1.658141,-0.007297,0.006579,0.1479,0.0709,0.024350,1.645401,0.006583,0.003105,0.1028,1.658474,-0.007191,0.006629,0.0624,0.0032,0.005095,0.323123,0.0000,1.658474,0.000000,-0.000000,1.4038,0.000000,0.048233,50.7568,0,1,clay,1.0000,0.500000,0,0,0.000000,0.000000,0.000000,0,nan,0.00,0.000000,0.5940,0.0000,0.000000,0.9080,0.46,4.53,5.45,4.66,0.006583,0.1779,-1.3010,0.008000,0.042188,0.6100,-0.451749,-0.004269,0.015267,33.17792938118578,513.6653470005407,-497.00764918772956,-87.32693950615567,-0.066293,0.047042,6450.3,6170.3,0.142466,0.800000,0.000000,0.5000,1.0000,,,,,
0.9360,1778670395.409544,78,1.655968,-0.035030,0.004777,0.1482,0.0829,0.018575,1.646865,0.006604,0.003179,0.1294,1.656396,-0.034863,0.004829,0.0796,0.0108,0.005299,0.360457,0.0000,1.656396,0.000000,-0.000000,1.4068,0.000000,-0.007010,50.5662,0,1,clay,1.0000,0.500000,0,0,0.000000,0.000000,0.000000,0,nan,0.00,0.000000,0.5989,0.0000,0.000000,0.9079,0.46,4.52,5.45,4.47,0.006604,0.1821,-1.2774,0.008000,0.029634,0.0896,-0.435619,0.007274,0.014368,-1459.8641766409492,693.9928552081951,-739.1106657031678,-204.7641703629953,-0.096786,0.018157,6440.7,6179.8,0.159039,0.800000,0.000000,0.5000,1.0000,,,,,
0.9480,1778670395.421600,79,1.674467,-0.008112,0.002999,0.1869,-0.0353,0.003814,1.648550,0.006696,0.003204,0.1460,1.675012,-0.008001,0.003042,0.1009,0.0052,0.004420,0.396162,0.0000,1.675012,0.000000,-0.000000,1.3791,0.000000,-0.075417,50.1152,0,1,clay,1.0000,0.500000,0,0,0.000000,0.000000,0.000000,0,nan,0.00,0.000000,0.6038,0.0000,0.000000,0.9070,0.47,4.51,5.45,4.45,0.006696,0.1836,-1.2331,0.008000,0.036113,-0.0666,-0.416226,-0.009904,0.010475,1088.57147953799,1239.160516477978,-524.7443004407828,-55.543952094805135,-0.066900,0.030808,6431.6,6188.9,0.174937,0.800000,0.000000,0.5000,1.0000,,,,,
0.9600,1778670395.433451,80,1.620899,0.071157,-0.001371,0.1121,0.0282,-0.017159,1.650455,0.006602,0.003052,0.1689,1.621457,0.071251,-0.001346,0.1037,0.0070,0.002654,0.427665,0.0000,1.621457,0.000000,0.000000,1.4548,0.000000,-0.133618,53.4959,0,1,clay,1.0000,0.500000,0,0,0.000000,0.000000,0.000000,0,nan,0.00,0.000000,0.6084,0.0000,0.000000,0.9054,0.46,4.50,5.43,4.44,0.006602,0.1749,-1.2859,0.008000,0.166190,-0.2858,-0.418236,0.008301,0.004185,-1619.5545910154744,461.67891639182744,-424.03354679008123,-221.46890735781884,-0.054316,0.002583,6423.6,6197.0,0.189011,0.800000,0.000000,0.5000,1.0000,,,,,
0.9720,1778670395.445587,81,1.674348,-0.000059,-0.005042,0.1010,0.0001,-0.020596,1.652577,0.006331,0.002781,0.1840,1.674905,-0.000004,-0.005033,0.1036,0.0056,0.000973,0.420625,0.0000,1.674905,0.000000,-0.000000,1.3792,0.000000,-0.166847,50.1333,0,1,clay,1.0000,0.500000,0,0,0.000000,0.000000,0.000000,0,nan,0.00,0.000000,0.6129,0.0000,0.000000,0.9034,0.46,4.50,5.43,4.51,0.006331,0.1593,-1.1952,0.008000,0.036984,-0.9072,-0.420259,0.006315,-0.002050,1775.1274953400114,-362.3603195674972,-231.111499178884,-367.0635843499303,-0.031162,-0.011567,6425.3,6195.3,0.186042,0.800000,0.000000,0.5000,1.0000,,,,,
0.9840,1778670395.457489,82,1.654858,-0.054477,0.009668,0.1903,-0.0065,-0.024304,1.654920,0.006054,0.002481,0.2002,1.655508,-0.054452,0.009662,0.1210,0.0038,-0.000607,0.453145,0.0000,1.655508,0.000000,-0.000000,1.4081,0.000000,-0.213070,50.7601,0,1,clay,1.0000,0.500000,0,0,0.000000,0.000000,0.000000,0,nan,0.00,0.000000,0.6173,0.0000,0.000000,0.9008,0.46,4.51,5.44,4.53,0.006054,0.1422,-1.2078,0.008000,0.188206,0.3366,-0.406444,0.007635,-0.008099,-224.4554286642947,-377.2665869485269,-32.29276201597517,-442.0792390428629,-0.007622,-0.022874,6417.0,6203.6,0.200480,0.796832,0.000000,0.5000,1.0000,,,,,
0.9960,1778670395.469513,83,1.670279,-0.094935,0.000791,0.2520,-0.1117,-0.027179,1.657430,0.005684,0.002143,0.2166,1.671071,-0.095030,0.000770,0.1470,-0.0080,-0.002235,0.478387,0.0000,1.671071,0.000000,-0.000000,1.3851,0.000000,-0.263234,52.8690,0,1,clay,1.0000,0.500000,0,0,0.000000,0.000000,0.000000,0,nan,0.00,0.000000,0.6214,0.0000,0.000000,0.8976,0.46,4.50,5.42,4.43,0.005684,0.1228,-1.1685,0.008000,0.187129,-0.2229,-0.383791,-0.010531,-0.013508,-618.1947361694624,-173.69885524399712,415.64233843599067,-108.35423590715507,0.053781,0.006790,6410.5,6210.0,0.211737,0.706688,0.000000,0.5000,1.0000,,,,,
1.0080,1778670395.481643,84,1.718758,0.074337,0.003121,0.2424,0.0882,-0.026492,1.660081,0.005220,0.001806,0.2273,1.719654,0.074307,0.003090,0.1660,0.0022,-0.003142,0.499427,0.0000,1.719654,0.000000,-0.000000,1.3050,0.000000,-0.329987,52.6326,0,1,clay,1.0000,0.500000,0,0,0.000000,0.000000,0.000000,0,nan,0.00,0.000000,0.6253,0.0000,0.000000,0.8937,0.47,4.52,5.47,4.66,0.005220,0.1035,-1.0777,0.008000,0.068706,-0.0379,-0.365833,0.007468,-0.016886,370.59468662922563,-1121.3781622875176,239.91015888580964,-640.0536235614649,0.025610,-0.046152,6405.1,6215.4,0.221148,0.708175,0.000000,0.5000,1.0000,,,,,
1.0200,1778670395.493492,85,1.700026,-0.008656,0.004128,0.2140,0.0661,-0.033140,1.662919,0.004789,0.001436,0.2416,1.700977,-0.008657,0.004085,0.1760,0.0082,-0.004290,0.527986,0.0000,1.700977,0.000000,-0.000000,1.3374,0.000000,-0.378458,50.4455,0,1,clay,1.0000,0.500000,0,0,0.000000,0.000000,0.000000,0,nan,0.00,0.000000,0.6291,0.0000,0.000000,0.8891,0.46,4.52,5.45,4.55,0.004789,0.0823,-1.0958,0.008000,0.071201,-0.0931,-0.358824,0.021189,-0.019888,1745.8060961323536,1579.287674648064,182.04836710454256,-998.4587321156872,0.015494,-0.084565,6397.8,6222.8,0.233919,0.721267,0.000000,0.5000,1.0000,,,,,
1.0320,1778670395.505478,86,1.666030,-0.020973,0.004098,0.2740,0.0296,-0.020621,1.666013,0.004617,0.001140,0.2653,1.667087,-0.020968,0.004052,0.1957,0.0095,-0.004577,0.555403,0.0000,1.667087,0.000000,-0.000000,1.3911,0.000000,-0.428451,51.1169,0,1,clay,1.0000,0.500000,0,0,0.000000,0.000000,0.000000,0,nan,0.00,0.000000,0.6326,0.0000,0.000000,0.8840,0.46,4.51,5.43,4.42,0.004617,0.0653,-1.1258,0.008000,0.045093,-0.1742,-0.339655,0.016125,-0.021421,2769.735958780246,-1396.3553320350165,183.18138215518889,-1048.4163844158106,0.013740,-0.093204,6390.8,6229.8,0.246141,0.596929,0.000000,0.5000,1.0000,,,,,
1.0440,1778670395.517534,87,1.696805,0.036173,-0.003591,0.3062,0.0526,-0.015742,1.669363,0.004687,0.000951,0.2898,1.697979,0.036195,-0.003636,0.2178,0.0128,-0.004501,0.581583,0.0000,1.697979,0.000000,-0.000000,1.3424,0.000000,-0.487368,52.2066,0,1,clay,1.0000,0.500000,0,0,0.000000,0.000000,0.000000,0,nan,0.00,0.000000,0.6359,0.0000,0.000000,0.8782,0.46,4.50,5.42,4.44,0.004687,0.0545,-1.0527,0.008000,0.069541,-0.5127,-0.321414,0.015126,-0.021377,-822.6038797686089,-1169.401596164116,87.35906286554047,-1130.4368297815877,0.000409,-0.105779,6384.1,6236.5,0.257817,0.494839,0.000000,0.5000,1.0000,,,,,
1.0560,1778670395.529554,88,1.673772,0.017410,0.005457,0.2656,0.0808,-0.015569,1.673054,0.004824,0.000782,0.3174,1.674996,0.017487,0.005412,0.2278,0.0183,-0.004380,0.606404,0.0000,1.674996,0.000000,-0.000000,1.3791,0.000000,-0.536321,52.3533,0,1,clay,1.0000,0.500000,0,0,0.000000,0.000000,0.000000,0,nan,0.00,0.000000,0.6389,0.0000,0.000000,0.8717,0.46,4.49,5.40,4.42,0.004824,0.0448,-1.0617,0.008000,0.056597,0.1131,-0.315113,0.030950,-0.020482,440.45034520372405,344.87231270605497,-99.55151310075141,-1269.6402333621968,-0.021361,-0.126541,6377.7,6242.8,0.268915,0.546634,0.000000,0.5000,1.0000,,,,,
1.0680,1778670395.541532,89,1.640975,0.059132,0.000828,0.3420,0.0098,-0.009158,1.677091,0.005037,0.000664,0.3494,1.642317,0.059189,0.000787,0.2507,0.0158,-0.004048,0.630123,0.0000,1.642317,0.000000,0.000000,1.4267,0.000000,-0.581147,54.5973,0,1,clay,1.0000,0.500000,0,0,0.000000,0.000000,0.000000,0,nan,0.00,0.000000,0.6417,0.0000,0.000000,0.8647,0.45,4.48,5.39,4.47,0.005037,0.0380,-1.0774,0.008000,0.033200,0.1094,-0.295519,0.023842,-0.017871,654.6790426555771,-1310.0602722876224,-35.971316267145966,-1130.154313702888,-0.015390,-0.111994,6371.7,6248.9,0.279499,0.419232,0.000000,0.5000,1.0000,,,,,
1.0800,1778670395.553530,90,1.735286,-0.121037,-0.004537,0.3911,0.0288,-0.005574,1.681497,0.005361,0.000590,0.3762,1.736782,-0.120981,-0.004573,0.2786,0.0156,-0.003524,0.652760,0.0000,1.736782,0.000000,-0.000000,1.2734,0.000000,-0.648335,55.8582,0,1,clay,1.0000,0.500000,0,0,0.000000,0.000000,0.000000,0,nan,0.00,0.000000,0.6443,0.0000,0.000000,0.8570,0.46,4.48,5.40,4.45,0.005361,0.0338,-0.8971,0.008000,0.121919,0.0229,-0.266978,0.024801,-0.014348,913.4588301296728,1199.568458080313,-73.71018147453583,-1047.080808448822,-0.020115,-0.105138,6365.9,6254.7,0.289604,0.345799,0.000000,0.5000,1.0000,,,,,
1.0920,1778670395.565606,91,1.715179,0.028212,0.002628,0.4710,0.0640,0.000919,1.686146,0.005844,0.000602,0.3937,1.716885,0.028317,0.002600,0.3167,0.0188,-0.002668,0.673946,0.0000,1.716885,0.000000,-0.000000,1.3100,0.000000,-0.699485,54.0516,0,1,clay,1.0000,0.500000,0,0,0.000000,0.000000,0.000000,0,nan,0.00,0.000000,0.6466,0.0000,0.000000,0.8486,0.47,4.49,5.43,4.54,0.005844,0.0345,-0.9163,0.008000,0.082407,-0.3995,-0.232309,0.033259,-0.009545,347.9956054840428,286.4104780284821,-277.1002474841954,-1055.3450327845696,-0.041525,-0.108821,6360.4,6260.2,0.299124,0.331600,0.000000,0.5000,1.0000,,,,,
1.1040,1778670395.577460,92,1.586677,0.018906,0.003880,0.4075,0.0264,0.006303,1.691014,0.006444,0.000668,0.4153,1.588481,0.019020,0.003862,0.3349,0.0178,-0.001745,0.671697,0.0000,1.588481,0.000000,0.000000,1.4964,0.000000,-0.699496,54.8695,0,1,clay,1.0000,0.500000,0,0,0.000000,0.000000,0.000000,0,nan,0.00,0.000000,0.6487,0.0000,0.000000,0.8402,0.46,4.47,5.40,4.36,0.006444,0.0383,-1.0811,0.008000,0.176955,0.1910,-0.216540,0.042978,-0.004125,589.2658037412316,1478.7434201648593,-336.49991624033873,-925.1787877980805,-0.047586,-0.093889,6360.9,6259.7,0.298252,0.450917,0.000000,0.5000,1.0000,,,,,
1.1160,1778670395.589614,93,1.722996,0.056018,0.000269,0.4400,0.0851,0.005248,1.696138,0.007223,0.000791,0.4351,1.724910,0.056176,0.000257,0.3561,0.0229,-0.000956,0.685811,0.0000,1.724910,0.000000,-0.000000,1.2955,0.000000,-0.737745,55.4104,0,1,clay,1.0000,0.500000,0,0,0.000000,0.000000,0.000000,0,nan,0.00,0.000000,0.6506,0.0000,0.000000,0.8313,0.47,4.49,5.42,4.59,0.007223,0.0453,-0.8604,0.008000,0.050075,-0.1436,-0.197596,0.042112,-0.002159,514.3287814302724,1180.3337580282664,-589.0968230867295,-1009.2212406665329,-0.074429,-0.105005,6357.3,6263.2,0.304480,0.459576,0.000000,0.5000,1.0000,,,,,
1.1280,1778670395.601494,94,1.726149,0.066141,0.001791,0.4250,0.0931,0.012280,1.701490,0.008132,0.000950,0.4550,1.728138,0.066354,0.001789,0.3702,0.0277,0.000100,0.700122,0.0000,1.728138,0.000000,-0.000000,1.2896,0.000000,-0.764417,56.7125,0,1,clay,1.0000,0.500000,0,0,0.000000,0.000000,0.000000,0,nan,0.00,0.000000,0.6521,0.0000,0.000000,0.8222,0.46,4.54,5.45,4.83,0.008132,0.0545,-0.8346,0.008000,0.078482,-0.1069,-0.186385,0.045485,0.002399,928.6016731951607,495.28330154619266,-848.7333193918249,-1057.2412213664115,-0.103361,-0.112418,6353.7,6266.9,0.310889,0.548386,0.000000,0.5000,1.0000,,,,,
1.1400,1778670395.613593,95,1.672858,-0.070776,0.005112,0.4706,0.0086,0.014232,1.707061,0.009133,0.001129,0.4715,1.674977,-0.070575,0.005119,0.3904,0.0231,0.000904,0.693803,0.0000,1.674977,0.000000,-0.000000,1.3791,0.000000,-0.772705,54.4973,0,1,clay,1.0000,0.500000,0,0,0.000000,0.000000,0.000000,0,nan,0.00,0.000000,0.6535,0.0000,0.000000,0.8129,0.46,4.53,5.45,4.50,0.009133,0.0647,-0.9076,0.008000,0.066928,0.0870,-0.168964,0.035518,0.006203,1010.5608921544672,-2096.5644063525865,-779.8098367434551,-815.6610412035224,-0.095467,-0.084754,6355.2,6265.4,0.308182,0.557854,0.000000,0.5000,1.0000,,,,,
1.1520,1778670395.625546,96,1.725690,0.008295,-0.000643,0.4643,0.1259,0.020170,1.712782,0.010266,0.001369,0.4844,1.727890,0.008563,-0.000625,0.4054,0.0311,0.002109,0.692748,0.0000,1.727890,0.000000,-0.000000,1.2901,0.000000,-0.784724,54.2994,0,1,clay,1.0000,0.500000,0,0,0.000000,0.000000,0.000000,0,nan,0.00,0.000000,0.6546,0.0000,0.000000,0.8035,0.46,4.53,5.45,4.50,0.010266,0.0784,-0.8056,0.008000,0.035980,0.1973,-0.156540,0.047425,0.009240,422.87220578404055,142.5701193375719,-1129.4638207541054,-988.5193977455631,-0.137538,-0.103549,6355.5,6265.1,0.307733,0.617351,0.000000,0.5000,1.0000,,,,,
1.1640,1778670395.637627,97,1.741158,0.036718,-0.003300,0.4220,0.0134,0.023020,1.718695,0.011546,0.001655,0.5008,1.743394,0.036960,-0.003272,0.4094,0.0264,0.003018,0.691964,0.0000,1.743394,0.000000,-0.000000,1.2606,0.000000,-0.787478,55.1617,0,1,clay,1.0000,0.500000,0,0,0.000000,0.000000,0.000000,0,nan,0.00,0.000000,0.6555,0.0000,0.000000,0.7940,0.48,4.51,5.46,4.39,0.011546,0.0948,-0.7598,0.008000,0.024020,-0.4741,-0.155086,0.032897,0.012556,682.2890964455416,-421.8156911887721,-1073.9506235494835,-710.5433948861186,-0.130281,-0.073650,6355.6,6264.9,0.307428,0.675050,0.000000,0.5000,1.0000,,,,,
1.1760,1778670395.649500,98,1.704136,-0.017793,0.014483,0.3763,0.0163,0.024581,1.724795,0.012984,0.002001,0.5173,1.706326,-0.017525,0.014519,0.4037,0.0230,0.003864,0.696589,0.0000,1.706326,0.000000,-0.000000,1.3284,0.000000,-0.787884,53.9210,0,1,clay,1.0000,0.500000,0,0,0.000000,0.000000,0.000000,0,nan,0.00,0.000000,0.6562,0.0000,0.000000,0.7846,0.48,4.49,5.44,4.38,0.012984,0.1146,-0.8110,0.008000,0.078820,0.8079,-0.163110,0.027817,0.014972,161.09553004482464,261.19996726932345,-1043.32955738173,-460.3845638462946,-0.126456,-0.049514,6354.5,6266.1,0.309467,0.724054,0.000000,0.5000,1.0000,,,,,
1.1880,1778670395.662230,99,1.733941,-0.014080,-0.003724,0.5433,0.0665,0.024204,1.731083,0.014344,0.002313,0.5315,1.736278,-0.013825,-0.003681,0.4315,0.0252,0.004624,0.697617,0.0000,1.736278,0.000000,-0.000000,1.2743,0.000000,-0.796407,54.1398,0,1,clay,1.0000,0.500000,0,0,0.000000,0.000000,0.000000,0,nan,0.00,0.000000,0.6567,0.0000,0.000000,0.7750,0.48,4.49,5.44,4.47,0.014344,0.1325,-0.7428,0.008000,0.118593,0.0688,-0.137615,0.033634,0.018326,-962.5954741272823,150.3477323614395,-1164.102868883976,-460.94775013384185,-0.142236,-0.049660,6354.2,6266.4,0.309916,0.632800,0.000000,0.5000,1.0000,,,,,
1.2000,1778670395.673559,100,1.811886,0.028585,-0.000032,0.5599,0.0785,0.023151,1.737534,0.015610,0.002583,0.5455,1.814367,0.028880,0.000017,0.4571,0.0281,0.005186,0.702219,0.0000,1.814367,-0.000000,-0.000000,1.1070,0.000000,-0.815322,56.1706,0,1,clay,1.0000,0.500000,0,0,0.000000,0.000000,0.000000,0,nan,0.00,0.000000,0.6570,0.0000,0.000000,0.7652,0.48,4.48,5.44,4.44,0.015610,0.1480,-0.5615,0.008000,0.045020,-0.1355,-0.114134,0.035434,0.018336,-681.8300666883287,-96.67005099222513,-1277.1375931423722,-512.8873824252198,-0.158791,-0.055087,6353.0,6267.5,0.311972,0.646608,0.000000,0.5000,1.0000,,,,,
1.2120,1778670395.685585,101,1.661401,0.049215,0.000216,0.6321,0.0275,0.019826,1.744168,0.016855,0.002841,0.5621,1.664066,0.049493,0.000267,0.4918,0.0255,0.005363,0.714662,0.0000,1.664066,0.000000,-0.000000,1.3956,0.000000,-0.810590,56.1682,0,1,clay,1.0000,0.500000,0,0,0.000000,0.000000,0.000000,0,nan,0.00,0.000000,0.6571,0.0000,0.000000,0.7555,0.48,4.48,5.44,4.50,0.016855,0.1628,-0.8334,0.008000,0.036565,-0.1989,-0.079304,0.030795,0.017899,-674.8171968112388,235.17722946667607,-1224.3494586318252,-362.58132281627,-0.150842,-0.041957,6349.9,6270.7,0.317508,0.616763,0.000000,0.5000,1.0000,,,,,
1.2240,1778670395.697588,102,1.725608,0.083866,-0.004332,0.5671,0.0804,0.025048,1.751016,0.018136,0.003112,0.5797,1.728367,0.084165,-0.004276,0.5071,0.0287,0.005932,0.712103,0.0000,1.728367,0.000000,-0.000000,1.2892,0.000000,-0.823820,58.1419,0,1,clay,1.0000,0.500000,0,0,0.000000,0.000000,0.000000,0,nan,0.00,0.000000,0.6570,0.0000,0.000000,0.7456,0.49,4.47,5.45,4.40,0.018136,0.1783,-0.7095,0.008000,0.055535,-0.2575,-0.065388,0.031830,0.018330,-398.49343496244353,291.7496582574646,-1326.867153766014,-430.28135466463925,-0.166524,-0.048072,6350.5,6270.1,0.316373,0.670783,0.000000,0.5032,1.0000,,,,,
1.2360,1778670395.709545,103,1.808766,0.017651,0.000250,0.6036,0.0536,0.022646,1.758079,0.019456,0.003404,0.5982,1.811619,0.017969,0.000310,0.5265,0.0293,0.006376,0.717205,0.0000,1.811619,-0.000000,-0.000000,1.1133,0.000000,-0.863880,55.9929,0,1,clay,1.0000,0.500000,0,0,0.000000,0.000000,0.000000,0,nan,0.00,0.000000,0.6566,0.0000,0.000000,0.7352,0.48,4.52,5.48,4.78,0.019456,0.1950,-0.5151,0.008000,0.060000,-0.0888,-0.047387,0.026461,0.017862,-286.2203567512445,340.84874890723734,-1311.5723802874595,-372.1543717791725,-0.162283,-0.042850,6349.2,6271.4,0.318651,0.664603,0.000000,0.5226,1.0000,,,,,
1.2480,1778670395.721538,104,1.840854,0.029239,0.000338,0.5447,0.0870,0.023633,1.765367,0.020808,0.003694,0.6175,1.843749,0.029589,0.000402,0.5309,0.0326,0.006719,0.728582,0.0000,1.843749,-0.000000,-0.000000,1.0390,0.000000,-0.905845,57.7249,0,1,clay,1.0000,0.500000,0,0,0.000000,0.000000,0.000000,0,nan,0.00,0.000000,0.6561,0.0000,0.000000,0.7244,0.48,4.50,5.46,4.43,0.020808,0.2116,-0.4215,0.008000,0.151183,-0.2791,-0.042486,0.037804,0.019123,-148.78840263433048,305.8394511618047,-1389.378885160286,-451.906158177799,-0.174947,-0.051376,6346.3,6274.3,0.323783,0.706316,0.000000,0.5269,1.0000,,,,,
1.2600,1778670395.733474,105,1.749465,0.041014,0.005180,0.5721,0.0618,0.020580,1.772885,0.022095,0.003944,0.6355,1.752397,0.041380,0.005244,0.5397,0.0330,0.006860,0.736006,0.0000,1.752397,-0.000000,-0.000000,1.2427,0.000000,-0.927569,56.2856,0,1,clay,1.0000,0.500000,0,0,0.000000,0.000000,0.000000,0,nan,0.00,0.000000,0.6553,0.0000,0.000000,0.7132,0.48,4.50,5.45,4.47,0.022095,0.2259,-0.6071,0.008000,0.040659,0.3206,-0.033633,0.030552,0.017917,-163.453957847885,929.729538419156,-1381.5792645747902,-435.1497081599274,-0.172653,-0.050368,6344.3,6276.2,0.327156,0.709964,0.000000,0.5356,1.0000,,,,,
1.2720,1778670395.745425,106,1.720776,0.051581,0.005570,0.7763,0.0086,0.021599,1.780616,0.023432,0.004212,0.6548,1.723945,0.051918,0.005637,0.5863,0.0290,0.007355,0.752209,0.0000,1.723945,0.000000,-0.000000,1.2973,0.000000,-0.994305,56.8744,0,1,clay,1.0000,0.500000,0,0,0.000000,0.000000,0.000000,0,nan,0.00,0.000000,0.6544,0.0000,0.000000,0.7013,0.46,4.49,5.41,4.41,0.023432,0.2413,-0.6425,0.008000,0.073563,0.4893,0.013021,0.023976,0.016901,-225.4309813461423,252.76002618473058,-1203.539208720632,-181.3643016939639,-0.142699,-0.027975,6340.2,6280.4,0.334351,0.618132,0.000000,0.5822,1.0000,,,,,
1.2840,1778670395.757470,107,1.759572,0.071510,-0.004355,0.5540,0.1204,0.022501,1.788581,0.024759,0.004478,0.6732,1.762700,0.071871,-0.004286,0.5809,0.0365,0.007614,0.767005,0.0000,1.762700,-0.000000,-0.000000,1.2215,0.000000,-1.046093,59.3759,0,1,clay,1.0000,0.500000,0,0,0.000000,0.000000,0.000000,0,nan,0.00,0.000000,0.6532,0.0000,0.000000,0.6888,0.46,4.48,5.39,4.44,0.024759,0.2566,-0.5483,0.008000,0.085338,-1.1035,0.007092,0.040946,0.016616,-297.7238503630648,316.63798714101824,-1375.8880333113184,-409.9979144068026,-0.167822,-0.050254,6336.4,6284.2,0.341032,0.740018,0.000000,0.5768,1.0000,,,,,
1.2960,1778670395.769508,108,1.802818,0.035960,0.009374,0.5943,0.1645,0.019957,1.796804,0.026036,0.004715,0.6964,1.805952,0.036445,0.009443,0.5844,0.0476,0.007831,0.780906,0.0000,1.805952,-0.000000,-0.000000,1.1262,0.000000,-1.093977,59.7910,0,1,clay,1.0000,0.500000,0,0,0.000000,0.000000,0.000000,0,nan,0.00,0.000000,0.6518,0.0000,0.000000,0.6756,0.46,4.48,5.39,4.47,0.026036,0.2701,-0.4299,0.008000,0.049668,0.7215,0.010383,0.058770,0.015999,-341.13572617513995,-214.39032512863616,-1543.5874387260797,-734.5143126865432,-0.198657,-0.083629,6332.8,6287.8,0.347288,0.729075,0.000000,0.5801,1.0000,,,,,
1.3080,1778670395.781520,109,1.778439,0.012201,0.006844,0.6755,0.0381,0.016851,1.805280,0.027297,0.004938,0.7164,1.781674,0.012641,0.006911,0.6029,0.0433,0.007670,0.785999,0.0000,1.781674,-0.000000,-0.000000,1.1807,0.000000,-1.138487,58.5787,0,1,clay,1.0000,0.500000,0,0,0.000000,0.000000,0.000000,0,nan,0.00,0.000000,0.6502,0.0000,0.000000,0.6620,0.46,4.46,5.37,4.36,0.027297,0.2829,-0.4643,0.008000,0.088305,0.3614,0.028377,0.046843,0.014407,-383.68611324116426,-905.64160546227,-1440.9337619790617,-583.2152137589965,-0.176474,-0.068405,6331.4,6289.1,0.349651,0.699382,0.000000,0.5986,1.0000,,,,,
1.3200,1778670395.793504,110,1.799833,-0.010061,0.007448,0.7391,0.0326,0.014435,1.814025,0.028491,0.005121,0.7393,1.803203,-0.009653,0.007513,0.6301,0.0396,0.007492,0.798409,0.0000,1.803203,-0.000000,-0.000000,1.1325,0.000000,-1.205005,60.1436,0,1,clay,1.0000,0.500000,0,0,0.000000,0.000000,0.000000,0,nan,0.00,0.000000,0.6483,0.0000,0.000000,0.6475,0.46,4.45,5.36,4.36,0.028491,0.2934,-0.3932,0.008000,0.106399,0.3807,0.054336,0.040507,0.012695,-481.6619617225552,410.89278511131,-1302.399961308653,-441.01844090447423,-0.153536,-0.055243,6328.2,6292.3,0.355227,0.682106,0.000000,0.6258,1.0000,,,,,
1.3320,1778670395.805439,111,1.790954,0.069626,0.006843,0.8247,0.0634,0.017054,1.823025,0.029731,0.005327,0.7593,1.794517,0.070033,0.006908,0.6686,0.0405,0.007739,0.795804,0.0000,1.794517,-0.000000,-0.000000,1.1522,0.000000,-1.269560,63.5874,0,1,clay,1.0000,0.500000,0,0,0.000000,0.000000,0.000000,0,nan,0.00,0.000000,0.6461,0.0000,0.000000,0.6323,0.45,4.43,5.34,4.37,0.029731,0.3052,-0.3929,0.008000,0.021643,0.6031,0.085989,0.036904,0.011444,-322.88751927641687,369.8775872936783,-1241.160593447075,-415.6601130092248,-0.142966,-0.051936,6328.8,6291.8,0.354224,0.657048,0.000000,0.6643,1.0000,,,,,
1.3440,1778670395.817528,112,1.892263,0.033081,0.005959,0.8036,0.0711,0.020324,1.832239,0.031042,0.005594,0.7786,1.895964,0.033495,0.006026,0.6956,0.0419,0.008143,0.801378,0.0000,1.895964,-0.000000,-0.000000,0.9216,0.000000,-1.345962,68.4527,0,1,clay,1.0000,0.500000,0,0,0.000000,0.000000,0.000000,0,nan,0.00,0.000000,0.6437,0.0000,0.000000,0.6161,0.45,4.43,5.34,4.41,0.031042,0.3205,-0.1431,0.008000,0.030124,0.2872,0.092993,0.038119,0.012102,-351.9653453271216,1068.999908576266,-1226.6378264300943,-399.6695922142983,-0.139631,-0.050439,6327.3,6293.3,0.356832,0.674305,0.000000,0.6913,1.0000,,,,,
1.3560,1778670395.829581,113,1.800322,0.105363,0.005269,0.7688,0.0717,0.023865,1.841720,0.032380,0.005900,0.8003,1.804120,0.105788,0.005341,0.7106,0.0428,0.008651,0.810756,0.0000,1.804120,-0.000000,-0.000000,1.1304,0.000000,-1.392290,68.8970,0,1,clay,1.0000,0.500000,0,0,0.000000,0.000000,0.000000,0,nan,0.00,0.000000,0.6409,0.0000,0.000000,0.5994,0.47,4.50,5.43,4.87,0.032380,0.3381,-0.3301,0.008000,0.120070,0.2404,0.102505,0.035880,0.012647,-486.09346267182457,-98.6299395996335,-1236.411626515775,-370.3859288921824,-0.140081,-0.048283,6324.8,6295.8,0.361167,0.691798,0.000000,0.7063,1.0000,,,,,
1.3680,1778670395.841560,114,1.899251,0.049306,0.017209,0.8703,0.0823,0.028402,1.851442,0.033737,0.006238,0.8209,1.903272,0.049812,0.017288,0.7425,0.0451,0.009560,0.814924,0.0000,1.903272,-0.000000,-0.000000,0.9061,0.000000,-1.463980,73.4139,0,1,clay,1.0000,0.500000,0,0,0.000000,0.000000,0.000000,0,nan,0.00,0.000000,0.6379,0.0000,0.000000,0.5818,0.47,4.50,5.44,4.49,0.033737,0.3574,-0.0853,0.008000,0.092966,0.6462,0.124737,0.037987,0.013910,-479.9730764374969,754.3829727149266,-1263.3837040966887,-349.7476053713351,-0.141335,-0.046126,6323.7,6296.9,0.363165,0.658927,0.000000,0.7380,1.0000,,,,,
1.3800,1778670395.853419,115,1.795664,0.098987,0.014633,0.7812,0.0818,0.028677,1.861411,0.035112,0.006563,0.8416,1.799719,0.099501,0.014718,0.7508,0.0468,0.010267,0.819135,0.0000,1.799719,-0.000000,-0.000000,1.1404,0.000000,-1.496850,71.1922,0,1,clay,1.0000,0.500000,0,0,0.000000,0.000000,0.000000,0,nan,0.00,0.000000,0.6346,0.0000,0.000000,0.5639,0.47,4.49,5.42,4.44,0.035112,0.3760,-0.2988,0.008000,0.044633,0.4733,0.084838,0.044647,0.015228,-362.80803707475184,336.89452734931695,-1301.8940850728704,-338.1889089842552,-0.145491,-0.045288,6322.5,6298.1,0.365186,0.702300,0.000000,0.7464,1.0000,,,,,
1.3920,1778670395.865469,116,1.921778,0.056047,0.005207,0.8442,0.0733,0.028096,1.871613,0.036460,0.006883,0.8588,1.925932,0.056531,0.005296,0.7696,0.0474,0.010907,0.796659,0.0000,1.925932,-0.000000,0.000000,0.8604,0.000000,-1.529966,75.6401,0,1,clay,1.0000,0.500000,0,0,0.000000,0.000000,0.000000,0,nan,0.00,0.000000,0.6310,0.0000,0.000000,0.5455,0.46,4.49,5.42,4.49,0.036460,0.3944,-0.0015,0.008000,0.103004,0.5003,0.107701,0.036939,0.014620,-289.048069348779,-1021.2528897815394,-1305.1591995716121,-325.8137478119071,-0.144095,-0.042014,6328.2,6292.4,0.355334,0.689656,0.000000,0.7653,1.0000,,,,,
1.4040,1778670395.877610,117,1.921917,0.053055,0.006052,0.9003,0.0958,0.026009,1.882051,0.037754,0.007196,0.8813,1.926232,0.053572,0.006143,0.7958,0.0509,0.011366,0.804183,0.0000,1.926232,-0.000000,0.000000,0.8598,0.000000,-1.577315,78.3799,0,1,clay,1.0000,0.500000,0,0,0.000000,0.000000,0.000000,0,nan,0.00,0.000000,0.6271,0.0000,0.000000,0.5266,0.48,4.50,5.45,4.56,0.037754,0.4123,0.0215,0.008000,0.058424,-0.2392,0.128980,0.032179,0.015597,-603.7640716196188,-534.6925059609086,-1331.252053718068,-362.4727717004927,-0.145667,-0.045303,6326.2,6294.4,0.358751,0.675124,0.000000,0.7914,1.0000,,,,,
1.4160,1778670395.889540,118,1.915406,0.155749,0.016954,0.8660,0.1002,0.022656,1.892776,0.038984,0.007457,0.9047,1.919803,0.156335,0.017045,0.8103,0.0541,0.011401,0.810911,0.0000,1.919803,-0.000000,0.000000,0.8724,0.000000,-1.616535,87.4986,0,1,clay,1.0000,0.500000,0,0,0.000000,0.000000,0.000000,0,nan,0.00,0.000000,0.6228,0.0000,0.000000,0.5072,0.48,4.48,5.44,4.40,0.038984,0.4273,0.0324,0.008000,0.155600,0.5315,0.124427,0.040943,0.016501,-675.7703927436124,477.2710612459084,-1355.8714493374223,-419.68132383349166,-0.147840,-0.050629,6324.4,6296.1,0.361844,0.689505,0.000000,0.8059,1.0000,,,,,
1.4280,1778670395.901441,119,1.809380,0.050384,0.007961,0.9422,0.0271,0.016570,1.903765,0.040125,0.007669,0.9264,1.813907,0.050877,0.008048,0.8367,0.0478,0.010928,0.817115,0.0000,1.813907,-0.000000,-0.000000,1.1080,0.000000,-1.653527,74.6885,0,1,clay,1.0000,0.500000,0,0,0.000000,0.000000,0.000000,0,nan,0.00,0.000000,0.6183,0.0000,0.000000,0.4873,0.47,4.48,5.42,4.43,0.040125,0.4394,-0.1816,0.008000,0.078652,-0.0172,0.122321,0.034386,0.015685,-747.7096865827716,-978.5654261671655,-1190.42450768641,-291.93420390693086,-0.128034,-0.039270,6322.8,6297.8,0.364661,0.672278,0.000000,0.8323,1.0000,,,,,
1.4400,1778670395.913503,120,1.907385,-0.022487,0.009134,0.9226,0.0716,0.016858,1.915024,0.041275,0.007873,0.9488,1.911990,-0.021993,0.009217,0.8542,0.0483,0.010600,0.822742,0.0000,1.911990,-0.000000,0.000000,0.8881,0.000000,-1.718478,82.1492,0,1,clay,1.0000,0.500000,0,0,0.000000,0.000000,0.000000,0,nan,0.00,0.000000,0.6135,0.0000,0.000000,0.4667,0.47,4.47,5.40,4.43,0.041275,0.4511,0.0607,0.008000,0.108511,0.0832,0.101598,0.032920,0.012662,-531.1102849995989,805.862998632767,-1153.7892903306802,-308.99898170021953,-0.123488,-0.040766,6321.3,6299.2,0.367221,0.686419,0.000000,0.8497,1.0000,,,,,
1.4520,1778670395.925601,121,1.897799,0.091789,0.012454,1.0003,0.0160,0.014226,1.926544,0.042370,0.008060,0.9706,1.902575,0.092247,0.012532,0.8834,0.0416,0.010048,0.827262,0.0000,1.902575,-0.000000,-0.000000,0.9076,0.000000,-1.777214,88.8978,0,1,clay,1.0000,0.500000,0,0,0.000000,0.000000,0.000000,0,nan,0.00,0.000000,0.6084,0.0000,0.000000,0.4454,0.48,4.45,5.41,4.33,0.042370,0.4618,0.0630,0.008000,0.085597,0.3216,0.103195,0.022127,0.011948,-698.8697557365384,237.10366829194004,-980.0105275833628,-185.82694022493786,-0.104902,-0.029961,6320.1,6300.5,0.369384,0.667597,0.000000,0.8789,1.0000,,,,,
1.4640,1778670395.937592,122,1.963643,0.020280,0.011587,1.0059,-0.0316,0.013879,1.938304,0.043437,0.008243,0.9892,1.968549,0.020648,0.011660,0.9080,0.0297,0.009491,0.822582,0.0000,1.968549,-0.000000,0.000000,0.7866,0.000000,-1.835366,92.8675,0,1,clay,1.0000,0.500000,0,0,0.000000,0.000000,0.000000,0,nan,0.00,0.000000,0.6029,0.0000,0.000000,0.4234,0.49,4.44,5.42,4.42,0.043437,0.4723,0.2027,0.008000,0.127316,0.3083,0.111764,-0.000461,0.005911,-455.2290729149698,672.0091313999687,-735.7912199651139,27.63649406329344,-0.080388,-0.011655,6321.2,6299.4,0.367454,0.675975,0.000000,0.9035,1.0000,,,,,
1.4760,1778670395.949486,123,1.971877,0.053286,0.014192,1.0404,0.0792,0.014915,1.950285,0.044416,0.008390,1.0067,1.976912,0.053698,0.014263,0.9344,0.0349,0.009376,0.819601,0.0000,1.976912,-0.000000,0.000000,0.7745,0.000000,-1.889199,97.8813,0,1,clay,1.0000,0.500000,0,0,0.000000,0.000000,0.000000,0,nan,0.00,0.000000,0.5971,0.0000,0.000000,0.4007,0.48,4.44,5.40,4.39,0.044416,0.4807,0.2322,0.008000,0.006764,-0.2321,0.106004,0.009888,0.009885,-838.4817636803899,214.83437174988038,-788.6194165657214,-87.88352724863273,-0.084342,-0.020303,6321.9,6298.7,0.366266,0.670597,0.000000,0.9300,1.0000,,,,,
1.4880,1778670395.961521,124,1.934712,0.064536,0.005895,1.0249,0.0673,0.016837,1.962473,0.045409,0.008575,1.0246,1.939833,0.064921,0.005966,0.9528,0.0376,0.009422,0.814386,0.0000,1.939833,-0.000000,0.000000,0.8343,0.000000,-1.920916,96.9168,0,1,clay,1.0000,0.500000,0,0,0.000000,0.000000,0.000000,0,nan,0.00,0.000000,0.5910,0.0000,0.000000,0.3777,0.48,4.44,5.40,4.48,0.045409,0.4913,0.1903,0.008000,0.073456,-0.5643,0.115582,0.005319,0.001890,-547.1562797468822,-829.364178852739,-813.2623252349417,-141.45478626118015,-0.085848,-0.023908,6323.1,6297.4,0.364077,0.681920,0.000000,0.9483,1.0000,,,,,
1.5000,1778670395.973545,125,2.048111,0.080945,0.007924,0.9537,0.0830,0.019455,1.974878,0.046464,0.008815,1.0432,2.053232,0.081369,0.007996,0.9538,0.0417,0.009643,0.816335,0.0000,2.053232,0.000000,0.000000,0.7078,0.000000,-1.958082,108.0368,0,1,clay,1.0000,0.500000,0,0,0.000000,0.000000,0.000000,0,nan,0.00,0.000000,0.5846,0.0000,0.000000,0.3542,0.47,4.43,5.38,4.39,0.046464,0.5051,0.3354,0.008000,0.048536,0.0881,0.100065,0.018298,0.009633,-772.073198203008,535.8342979986778,-881.4547657920613,-207.2912144306875,-0.092299,-0.029393,6322.6,6298.0,0.365009,0.708873,0.000000,0.9494,1.0000,,,,,
1.5120,1778670395.985576,126,1.886954,-0.067227,0.017172,1.0606,-0.0043,0.021241,1.987516,0.047471,0.009043,1.0622,1.892204,-0.066804,0.017247,0.9753,0.0333,0.009949,0.811842,0.0000,1.892204,-0.000000,-0.000000,0.9297,0.000000,-1.970609,93.2051,0,1,clay,1.0000,0.500000,0,0,0.000000,0.000000,0.000000,0,nan,0.00,0.000000,0.5778,0.0000,0.000000,0.3305,0.48,4.43,5.40,4.42,0.047471,0.5181,0.1324,0.008000,0.174783,0.5668,0.094653,-0.000096,0.006015,-714.9272149746162,51.83210936979151,-746.6722532688539,-39.84253660279964,-0.078717,-0.015091,6323.7,6296.9,0.363128,0.680417,0.000000,0.9709,1.0000,,,,,
1.5240,1778670395.997536,127,2.059421,0.086803,0.017659,1.0856,0.0796,0.016993,2.000387,0.048431,0.009237,1.0820,2.064793,0.087261,0.017733,0.9975,0.0380,0.009965,0.806791,0.0000,2.064793,0.000000,0.000000,0.7040,0.000000,-2.000000,115.0814,0,1,clay,1.0000,0.500000,0,0,0.000000,0.000000,0.000000,0,nan,0.00,0.000000,0.5708,0.0000,0.000000,0.3065,0.49,4.42,5.40,4.38,0.048431,0.5293,0.3780,0.008000,0.097792,-0.0302,0.101701,0.000781,0.001986,-632.1489129518284,-343.99648592002126,-800.2311495434344,-133.4438242576095,-0.082794,-0.021753,6324.9,6295.6,0.360930,0.677676,0.000000,0.9931,1.0000,,,,,
1.5360,1778670396.009652,128,1.956041,-0.005627,0.008828,1.1359,0.0323,0.016087,2.013500,0.049404,0.009438,1.1028,1.961578,-0.005235,0.008900,1.0251,0.0355,0.009842,0.801981,0.0000,1.961578,-0.000000,0.000000,0.7973,0.000000,-2.000000,111.0125,0,1,clay,1.0000,0.500000,0,0,0.000000,0.000000,0.000000,0,nan,0.00,0.000000,0.5634,0.0000,0.000000,0.2825,0.50,4.40,5.40,4.30,0.049404,0.5408,0.3054,0.008000,0.086445,-0.0179,0.102314,0.014995,0.017331,-697.4151609902989,-44.95428182173012,-738.1342602006347,-97.72062962072094,-0.075943,-0.017976,6326.1,6294.4,0.358887,0.667132,0.000000,1.0208,1.0000,,,,,
1.5480,1778670396.021492,129,1.966740,0.085525,0.006360,1.1126,0.0370,0.016816,2.026867,0.050350,0.009634,1.1231,1.972344,0.085891,0.006432,1.0429,0.0340,0.009833,0.799360,0.0000,1.972344,-0.000000,0.000000,0.7810,0.000000,-2.000000,122.5134,0,1,clay,1.0000,0.500000,0,0,0.000000,0.000000,0.000000,0,nan,0.00,0.000000,0.5558,0.0000,0.000000,0.2585,0.49,4.42,5.40,4.51,0.050350,0.5520,0.3421,0.008000,0.104780,-0.2244,0.102041,0.006285,0.010706,-688.0598535710751,125.62600276805097,-703.4144997271391,-77.2356197375604,-0.072072,-0.015786,6326.8,6293.8,0.357704,0.678653,0.000000,1.0385,1.0000,,,,,
1.5600,1778670396.033520,130,2.003165,0.010869,-0.001827,1.1427,0.1289,0.012997,2.040477,0.051244,0.009809,1.1427,2.008890,0.011259,-0.001758,1.0630,0.0458,0.009576,0.794173,0.0000,2.008890,0.000000,0.000000,0.7369,0.000000,-2.000000,130.0484,0,1,clay,1.0000,0.500000,0,0,0.000000,0.000000,0.000000,0,nan,0.00,0.000000,0.5479,0.0000,0.000000,0.2345,0.49,4.40,5.38,4.28,0.051244,0.5620,0.4059,0.008000,0.089109,-0.8803,0.092571,0.020257,0.002048,-548.5452907243838,-958.8072115155855,-845.204352161215,-290.6434325623144,-0.084266,-0.031983,6328.1,6292.5,0.355422,0.674474,0.000000,1.0587,1.0000,,,,,
1.5720,1778670396.045596,131,2.051160,0.077444,0.003469,1.2616,0.0434,0.012336,2.054308,0.052102,0.009986,1.1607,2.057093,0.077845,0.003535,1.1022,0.0436,0.009257,0.785350,0.0000,2.057093,0.000000,0.000000,0.7064,0.000000,-2.000000,152.7470,0,1,clay,1.0000,0.500000,0,0,0.000000,0.000000,0.000000,0,nan,0.00,0.000000,0.5397,0.0000,0.000000,0.2105,0.50,4.43,5.42,4.59,0.052102,0.5721,0.4543,0.008000,0.051911,-0.5237,0.107766,0.031880,0.009222,-578.5884994468634,-60.19717762252449,-779.7978125470347,-270.96342977478685,-0.076651,-0.028811,6330.3,6290.2,0.351525,0.646856,0.000000,1.0980,1.0000,,,,,
1.5840,1778670396.058109,132,2.078920,-0.061547,-0.000306,1.1568,-0.0151,0.015275,2.068362,0.052917,0.010159,1.1796,2.084935,-0.061236,-0.000240,1.1136,0.0331,0.009100,0.779578,0.0000,2.084935,0.000000,0.000000,0.7005,0.000000,-2.000000,156.2435,0,1,clay,1.0000,0.500000,0,0,0.000000,0.000000,0.000000,0,nan,0.00,0.000000,0.5313,0.0000,0.000000,0.1865,0.49,4.42,5.40,4.38,0.052917,0.5821,0.4791,0.008000,0.121878,-0.8885,0.092987,0.005850,-0.000602,-805.8382870094797,-481.9470460064071,-632.2947294548636,-113.48817404357217,-0.062834,-0.015817,6331.8,6288.8,0.348991,0.680405,0.000000,1.1094,1.0000,,,,,
1.5960,1778670396.069495,133,2.106370,0.118675,0.014671,1.2044,0.0598,0.014967,2.082643,0.053702,0.010348,1.1983,2.112449,0.119090,0.014736,1.1320,0.0355,0.009136,0.773658,0.0000,2.112449,0.000000,0.000000,0.7012,0.000000,-2.000000,172.7963,0,1,clay,1.0000,0.500000,0,0,0.000000,0.000000,0.000000,0,nan,0.00,0.000000,0.5226,0.0000,0.000000,0.1625,0.48,4.43,5.39,4.47,0.053702,0.5929,0.4971,0.008000,0.085926,0.4448,0.093567,0.011163,0.003616,-696.6950419684429,-104.7854963158583,-655.4933181776702,-156.9956358873103,-0.064171,-0.018413,6333.3,6287.3,0.346354,0.671327,0.000000,1.1278,1.0000,,,,,
1.6080,1778670396.081354,134,2.121330,0.111688,0.000185,1.1819,0.0475,0.018283,2.097145,0.054536,0.010568,1.2174,2.127389,0.112014,0.000252,1.1424,0.0357,0.009533,0.772196,0.0000,2.127389,0.000000,0.000000,0.7037,0.000000,-2.000000,176.9387,0,1,clay,1.0000,0.500000,0,0,0.000000,0.000000,0.000000,0,nan,0.00,0.000000,0.5137,0.0000,0.000000,0.1385,0.44,4.42,5.30,4.35,0.054536,0.6055,0.5137,0.008000,0.036198,-0.5028,0.102796,0.003469,-0.001375,-500.61461127079673,7.550363498797083,-661.1954198839903,-149.22690869311197,-0.064282,-0.017472,6333.7,6286.8,0.345645,0.680410,0.000000,1.1382,1.0000,,,,,
1.6200,1778670396.093487,135,2.138303,0.134401,0.010610,1.2066,0.0683,0.018162,2.111891,0.055386,0.010780,1.2384,2.144420,0.134814,0.010678,1.1556,0.0388,0.009849,0.773851,0.0000,2.144420,0.000000,0.000000,0.7080,0.000000,-2.000000,186.7421,0,1,clay,1.0000,0.500000,0,0,0.000000,0.000000,0.000000,0,nan,0.00,0.000000,0.5046,0.0000,0.000000,0.1145,0.44,4.41,5.30,4.40,0.055386,0.6177,0.5305,0.008000,0.244870,-0.4373,0.094966,0.026411,0.014032,-570.4528878233486,222.17645266737702,-702.5180681395923,-187.2335959742258,-0.067553,-0.020188,6333.3,6287.3,0.346370,0.675835,0.000000,1.1515,1.0000,,,,,
1.6320,1778670396.105527,136,2.222283,0.026596,0.007698,1.2223,0.0214,0.014843,2.126892,0.056174,0.010961,1.2582,2.228478,0.026963,0.007765,1.1693,0.0346,0.009668,0.767905,0.0000,2.228478,0.000000,-0.000000,0.7388,0.000000,-2.000000,196.2174,0,1,clay,1.0000,0.500000,0,0,0.000000,0.000000,0.000000,0,nan,0.00,0.000000,0.4929,0.0000,0.000000,0.0905,0.45,4.42,5.32,4.45,0.056174,0.6280,0.5194,0.008000,0.089144,-0.6321,0.086995,0.000933,-0.005511,-597.8536816361587,163.25925308274142,-638.6301147856965,-133.79991854777063,-0.061324,-0.015430,6334.8,6285.8,0.343747,0.675722,0.000000,1.1652,1.0000,,,,,
1.6440,1778670396.117620,137,2.149907,0.005324,0.002996,1.3339,0.0241,0.011143,2.142109,0.056873,0.011107,1.2757,2.156316,0.005639,0.003060,1.2019,0.0316,0.009169,0.756122,0.0000,2.156316,0.000000,-0.000000,0.7117,0.000000,-2.000000,200.4086,0,1,clay,1.0000,0.500000,0,0,0.000000,0.000000,0.000000,0,nan,0.00,0.000000,0.4818,0.0000,0.000000,0.0665,0.46,4.41,5.34,4.39,0.056873,0.6364,0.5640,0.008000,0.085954,-0.3947,0.092505,0.016745,0.013923,-592.8351757209164,22.979819029137502,-579.037351041515,-118.6989994214876,-0.054881,-0.012928,6337.8,6282.8,0.338573,0.650982,0.000000,1.1978,1.0000,,,,,
1.6560,1778670396.129553,138,2.070949,0.111866,0.014674,1.2614,0.0159,0.008914,2.157548,0.057548,0.011246,1.2943,2.077420,0.112226,0.014733,1.2142,0.0279,0.008462,0.749522,0.0000,2.077420,0.000000,0.000000,0.7014,0.000000,-2.000000,201.0342,0,1,clay,1.0000,0.500000,0,0,0.000000,0.000000,0.000000,0,nan,0.00,0.000000,0.4712,0.0000,0.000000,0.0425,0.46,4.41,5.34,4.38,0.057548,0.6443,0.5929,0.008000,0.021124,0.4159,0.087331,-0.005236,-0.007561,-592.0684714067613,-670.6638203169696,-511.4744415966162,-93.62817651214426,-0.048631,-0.010429,6339.4,6281.1,0.335659,0.672958,0.000000,1.2101,1.0000,,,,,
1.6680,1778670396.141453,139,2.232641,0.147127,0.013299,1.3459,-0.0083,0.020013,2.173221,0.058315,0.011453,1.3146,2.239222,0.147446,0.013363,1.2404,0.0214,0.009192,0.745339,0.0000,2.239222,0.000000,-0.000000,0.7425,0.000000,-2.000000,234.3946,0,1,clay,1.0000,0.500000,0,0,0.000000,0.000000,0.000000,0,nan,0.00,0.000000,0.4610,0.0000,0.000000,0.0185,0.45,4.40,5.30,4.32,0.058315,0.6562,0.5721,0.008000,0.175181,0.8078,0.093983,-0.007091,0.008813,-508.3505807748438,-215.28003557335472,-444.08929566009647,13.88875893187857,-0.042085,-0.001582,6340.5,6280.0,0.333790,0.652483,0.000000,1.2364,1.0000,,,,,
1.6800,1778670396.153587,140,2.257230,0.034656,0.012851,1.4263,0.0915,0.017287,2.189119,0.059097,0.011671,1.3327,2.264010,0.035037,0.012917,1.2771,0.0311,0.009660,0.743294,0.0000,2.264010,-0.000000,-0.000000,0.7495,0.000000,-2.000000,248.4478,0,1,clay,1.0000,0.500000,0,0,0.000000,0.000000,0.000000,0,nan,0.00,0.000000,0.4512,0.0000,0.000000,-0.0055,0.46,4.41,5.34,4.51,0.059097,0.6687,0.5832,0.008000,0.102616,0.4807,0.092384,-0.004216,-0.003477,-430.70426695631403,139.6710297240678,-564.0403022250587,-118.31620600712196,-0.051025,-0.010651,6341.0,6279.5,0.332890,0.635662,0.000000,1.2732,1.0000,,,,,
1.6920,1778670396.165723,141,2.185599,0.166735,0.001348,1.3605,0.0776,0.017946,2.205253,0.059838,0.011866,1.3525,2.192570,0.167080,0.001417,1.2941,0.0367,0.009986,0.738074,0.0000,2.192570,0.000000,-0.000000,0.7251,0.000000,-2.000000,255.3338,0,1,clay,1.0000,0.500000,0,0,0.000000,0.000000,0.000000,0,nan,0.00,0.000000,0.4419,0.0000,0.000000,-0.0295,0.49,4.42,5.40,4.45,0.059838,0.6799,0.6275,0.008000,0.223529,0.0388,0.098493,0.023760,0.013300,-510.3553815447157,91.11848377622741,-634.9121434086526,-191.14091368274262,-0.056518,-0.015518,6342.3,6278.2,0.330651,0.654794,0.000000,1.2901,1.0000,,,,,
1.7040,1778670396.177513,142,2.200050,0.062159,0.012534,1.3136,0.0901,0.016084,2.221613,0.060509,0.012034,1.3711,2.207055,0.062623,0.012603,1.2986,0.0431,0.010060,0.731067,0.0000,2.207055,0.000000,-0.000000,0.7308,0.000000,-2.000000,250.4612,0,1,clay,1.0000,0.500000,0,0,0.000000,0.000000,0.000000,0,nan,0.00,0.000000,0.4330,0.0000,0.000000,-0.0535,0.49,4.41,5.40,4.38,0.060509,0.6895,0.6403,0.008000,0.068618,-0.1785,0.085298,0.011121,-0.009387,-451.1279203272783,167.5752605598918,-708.5590244297086,-280.15539981275174,-0.062683,-0.021827,6344.1,6276.5,0.327568,0.668879,0.000000,1.2946,1.0000,,,,,
1.7160,1778670396.189505,143,2.248614,0.054462,0.010152,1.4230,-0.0569,0.014105,2.238202,0.061123,0.012167,1.3900,2.255730,0.054803,0.010220,1.3234,0.0264,0.009773,0.729069,0.0000,2.255730,-0.000000,-0.000000,0.7474,0.000000,-2.000000,268.5406,0,1,clay,1.0000,0.500000,0,0,0.000000,0.000000,0.000000,0,nan,0.00,0.000000,0.4244,0.0000,0.000000,-0.0775,0.49,4.40,5.37,4.33,0.061123,0.6971,0.6425,0.008000,0.062949,0.5126,0.099893,0.009991,0.013660,-675.8363118762302,-566.1399926896081,-505.1466078456418,-68.41694081617167,-0.044579,-0.005386,6344.6,6276.0,0.326668,0.641729,0.000000,1.3195,1.0000,,,,,
1.7280,1778670396.201659,144,2.238944,0.077428,0.015185,1.4084,0.0204,0.015540,2.255000,0.061757,0.012337,1.4072,2.246165,0.077795,0.015252,1.3406,0.0244,0.009788,0.725173,0.0000,2.246165,0.000000,-0.000000,0.7447,0.000000,-2.000000,276.4063,0,1,clay,1.0000,0.500000,0,0,0.000000,0.000000,0.000000,0,nan,0.00,0.000000,0.4162,0.0011,0.000000,-0.1015,0.50,4.44,5.44,4.65,0.061757,0.7069,0.6625,0.008000,0.067485,0.2018,0.103690,0.007806,0.016295,-655.9888764236622,-237.94516698496483,-480.5917965011904,-48.11773881116977,-0.042026,-0.003397,6345.6,6275.0,0.324957,0.645608,0.000000,1.3367,1.0000,,,,,
1.7400,1778670396.213524,145,2.296640,0.051937,0.017916,1.3859,0.0206,0.017876,2.272017,0.062443,0.012537,1.4250,2.303938,0.052319,0.017986,1.3501,0.0228,0.010052,0.710309,0.0000,2.303938,-0.000000,-0.000000,0.7561,0.000000,-2.000000,286.0048,0,1,clay,1.0000,0.500000,0,0,0.000000,0.000000,0.000000,0,nan,0.00,0.000000,0.4083,0.0025,0.000000,-0.1255,0.49,4.44,5.42,4.46,0.062443,0.7183,0.6689,0.008000,0.052323,0.5262,0.100137,-0.001685,0.005152,-616.9383860625891,32.99077366440093,-468.7802738831464,-30.66786579873221,-0.040705,-0.001289,6349.3,6271.2,0.318412,0.652007,0.000000,1.3462,1.0000,,,,,
1.7520,1778670396.225511,146,2.312098,0.050503,0.009436,1.4653,-0.0242,0.015024,2.289227,0.063089,0.012718,1.4413,2.319509,0.050773,0.009505,1.3731,0.0148,0.009940,0.703927,0.0000,2.319509,-0.000000,-0.000000,0.7574,0.000000,-2.000000,299.1232,0,1,clay,1.0000,0.500000,0,0,0.000000,0.000000,0.000000,0,nan,0.00,0.000000,0.4007,0.0040,0.000000,-0.1495,0.48,4.42,5.39,4.31,0.063089,0.7287,0.6840,0.008000,0.053476,0.3128,0.091747,-0.010495,0.003641,-707.9167228858131,212.165834289973,-370.17246377683534,58.91619399361244,-0.032242,0.006029,6351.0,6269.6,0.315584,0.634701,0.000000,1.3693,1.0000,,,,,
1.7640,1778670396.237516,147,2.263668,0.004868,0.011454,1.4956,0.0895,0.012083,2.306640,0.063594,0.012831,1.4574,2.271174,0.005215,0.011519,1.3975,0.0257,0.009682,0.695920,0.0000,2.271174,-0.000000,-0.000000,0.7511,0.000000,-2.000000,301.1548,0,1,clay,1.0000,0.500000,0,0,0.000000,0.000000,0.000000,0,nan,0.00,0.000000,0.3934,0.0057,0.000000,-0.1735,0.48,4.43,5.39,4.46,0.063594,0.7352,0.7063,0.008000,0.130620,-0.2364,0.104579,-0.007500,-0.011731,-1126.6820867714357,215.63262292297318,-484.41078698336696,-97.24201667286819,-0.040629,-0.004779,6353.0,6267.6,0.312026,0.628966,0.000000,1.3937,1.0000,,,,,
1.7760,1778670396.249483,148,2.372534,0.020336,0.008801,1.5046,-0.0598,0.006052,2.324246,0.064011,0.012904,1.4731,2.380161,0.020566,0.008859,1.4189,0.0116,0.008513,0.687701,0.0000,2.380161,-0.000000,-0.000000,0.7570,0.000000,-2.000000,325.4813,0,1,clay,1.0000,0.500000,0,0,0.000000,0.000000,0.000000,0,nan,0.00,0.000000,0.3863,0.0076,0.000000,-0.1975,0.48,4.42,5.38,4.37,0.064011,0.7393,0.7161,0.008000,0.132693,-0.3140,0.100228,-0.009573,-0.000004,-799.4333511092282,-83.09498140184914,-295.41495875174587,37.557571089408185,-0.025424,0.005794,6355.1,6265.5,0.308400,0.626804,0.000000,1.4152,1.0000,,,,,
1.7880,1778670396.261549,149,2.407589,0.027187,0.004720,1.4943,-0.0762,0.010524,2.342040,0.064471,0.013019,1.4889,2.415281,0.027297,0.004775,1.4341,-0.0023,0.008092,0.675583,0.0000,2.415281,-0.000000,0.000000,0.7542,0.000000,-2.000000,334.6158,0,1,clay,1.0000,0.500000,0,0,0.000000,0.000000,0.000000,0,nan,0.00,0.000000,0.3796,0.0097,0.000000,-0.2215,0.48,4.42,5.37,4.41,0.064471,0.7459,0.7347,0.008000,0.021306,-0.5250,0.079006,-0.023314,0.009209,-541.1237796716357,-438.9812588220699,-119.30073934758104,177.97752697726892,-0.012249,0.017361,6358.2,6262.4,0.303037,0.628371,0.000000,1.4305,1.0000,,,,,
1.8000,1778670396.273509,150,2.395280,0.127890,0.012964,1.4631,-0.0722,0.013743,2.360017,0.064966,0.013157,1.5051,2.402993,0.128001,0.013019,1.4404,-0.0129,0.008134,0.667074,0.0000,2.402993,-0.000000,-0.000000,0.7553,0.000000,-2.000000,339.3203,0,1,clay,1.0000,0.500000,0,0,0.000000,0.000000,0.000000,0,nan,0.00,0.000000,0.3731,0.0120,0.000000,-0.2455,0.47,4.43,5.38,4.51,0.064966,0.7538,0.7498,0.008000,0.085810,0.6044,0.068906,-0.064255,-0.019275,-549.5066656102903,83.22019616101613,9.016672880477955,282.76478669428724,-0.003053,0.026830,6360.3,6260.3,0.299273,0.636410,0.000000,1.4368,1.0000,,,,,
1.8120,1778670396.285510,151,2.387686,-0.007487,0.003056,1.4819,-0.0870,0.010035,2.378182,0.065413,0.013276,1.5197,2.395451,-0.007523,0.003109,1.4491,-0.0238,0.007697,0.655046,0.0000,2.395451,-0.000000,-0.000000,0.7559,0.000000,-2.000000,333.4126,0,1,clay,1.0000,0.500000,0,0,0.000000,0.000000,0.000000,0,nan,0.00,0.000000,0.3668,0.0144,0.000000,-0.2695,0.47,4.43,5.36,4.43,0.065413,0.7606,0.7638,0.008000,0.092904,-0.6046,0.073810,-0.051462,0.014532,-803.042526065551,89.07251996479891,149.81656662408872,362.65333728630674,0.007067,0.035448,6363.4,6257.2,0.293965,0.633141,0.000000,1.4455,1.0000,,,,,
1.8240,1778670396.297518,152,2.407109,0.080305,0.017619,1.5620,-0.0594,0.005093,2.396524,0.065745,0.013340,1.5350,2.414979,0.080347,0.017666,1.4715,-0.0284,0.006813,0.645742,0.0000,2.414979,-0.000000,0.000000,0.7542,0.000000,-2.000000,346.5188,0,1,clay,1.0000,0.500000,0,0,0.000000,0.000000,0.000000,0,nan,0.00,0.000000,0.3608,0.0169,0.000000,-0.2935,0.46,4.43,5.35,4.41,0.065745,0.7643,0.7808,0.008000,0.027629,0.3680,0.071718,-0.045153,0.016432,-466.0900168241589,423.85328966641214,218.79933292176855,371.44375488168697,0.012369,0.037118,6365.7,6254.8,0.289847,0.614567,0.000000,1.4681,1.0000,,,,,
1.8360,1778670396.309477,153,2.376233,0.040963,0.011304,1.6567,0.0974,0.003913,2.415051,0.066131,0.013425,1.5499,2.384291,0.041073,0.011345,1.5080,-0.0079,0.006176,0.635818,0.0000,2.384291,-0.000000,-0.000000,0.7567,0.000000,-2.000000,352.1857,0,1,clay,1.0000,0.500000,0,0,0.000000,0.000000,0.000000,0,nan,0.00,0.000000,0.3549,0.0197,0.000000,-0.3175,0.46,4.43,5.35,4.43,0.066131,0.7692,0.7932,0.008000,0.043080,-0.2823,0.091415,-0.039596,-0.009847,-341.327170854525,-130.38250148079476,-10.730699173716701,148.90175841257815,-0.003597,0.017551,6368.2,6252.3,0.285462,0.588273,0.000000,1.5046,1.0000,,,,,
1.8480,1778670396.321495,154,2.473368,0.045240,0.013135,1.5871,0.0378,0.013104,2.433760,0.066586,0.013555,1.5648,2.481494,0.045415,0.013180,1.5239,-0.0005,0.006709,0.629223,0.0000,2.481494,-0.000000,0.000000,0.7474,0.000000,-2.000000,368.2406,0,1,clay,1.0000,0.500000,0,0,0.000000,0.000000,0.000000,0,nan,0.00,0.000000,0.3493,0.0225,0.000000,-0.3415,0.46,4.44,5.35,4.53,0.066586,0.7766,0.8174,0.008000,0.037027,-0.3355,0.099416,-0.028713,-0.009215,-327.58800646689485,174.20987525451542,-111.0087570072561,72.64228404637478,-0.010340,0.012044,6369.9,6250.7,0.282540,0.605798,0.000000,1.5205,1.0000,,,,,
1.8600,1778670396.333551,155,2.382615,0.115246,0.014876,1.6020,-0.0741,0.012965,2.452629,0.067071,0.013704,1.5784,2.390856,0.115372,0.014923,1.5396,-0.0120,0.006971,0.617708,0.0000,2.390856,-0.000000,-0.000000,0.7563,0.000000,-2.000000,364.4257,0,1,clay,1.0000,0.500000,0,0,0.000000,0.000000,0.000000,0,nan,0.00,0.000000,0.3439,0.0255,0.000000,-0.3655,0.46,4.44,5.36,4.46,0.067071,0.7852,0.8222,0.008000,0.095516,0.2508,0.092818,-0.038952,-0.008991,-369.503626004826,147.8072667837277,14.850955621292798,187.437851440963,-0.001518,0.021739,6372.8,6247.7,0.277473,0.602953,0.000000,1.5363,1.0000,,,,,
1.8720,1778670396.345570,156,2.441320,0.088543,0.012961,1.5503,-0.0211,0.009038,2.471681,0.067482,0.013804,1.5938,2.449603,0.088645,0.013007,1.5423,-0.0129,0.006732,0.603322,0.0000,2.449603,-0.000000,0.000000,0.7507,0.000000,-2.000000,367.7036,0,1,clay,1.0000,0.500000,0,0,0.000000,0.000000,0.000000,0,nan,0.00,0.000000,0.3387,0.0286,0.000000,-0.3895,0.47,4.48,5.41,4.69,0.067482,0.7909,0.8432,0.008000,0.083367,0.0271,0.071951,-0.042142,-0.005331,-544.3091144016632,303.3611475484113,33.57763640843939,183.28244720704194,-0.000376,0.022099,6376.5,6244.1,0.271137,0.616113,0.000000,1.5390,1.0000,,,,,
1.8840,1778670396.357627,157,2.437290,0.039676,0.010482,1.6005,-0.0246,0.006079,2.490906,0.067871,0.013885,1.6082,2.445728,0.039745,0.010524,1.5542,-0.0143,0.006157,0.593427,0.0000,2.445728,-0.000000,0.000000,0.7511,0.000000,-2.000000,366.9463,0,1,clay,1.0000,0.500000,0,0,0.000000,0.000000,0.000000,0,nan,0.00,0.000000,0.3337,0.0318,0.000000,-0.4135,0.48,4.50,5.46,4.62,0.067871,0.7955,0.8572,0.008000,0.086122,0.0442,0.063253,-0.037750,-0.007986,-385.5788760477682,325.83483498741987,61.26652263195692,176.27367317166897,0.001567,0.022056,6378.9,6241.6,0.266819,0.601787,0.000000,1.5509,1.0000,,,,,
1.8960,1778670396.369661,158,2.492512,0.198384,0.014070,1.6240,-0.0175,0.009200,2.510307,0.068334,0.014003,1.6219,2.501098,0.198485,0.014112,1.5683,-0.0142,0.006106,0.585813,0.0000,2.501098,0.000000,0.000000,0.7458,0.000000,-2.000000,387.4085,0,1,clay,1.0000,0.500000,0,0,0.000000,0.000000,0.000000,0,nan,0.00,0.000000,0.3288,0.0351,0.000000,-0.4375,0.49,4.51,5.49,4.58,0.068334,0.8023,0.8761,0.008000,0.181842,0.4862,0.063370,-0.030551,-0.008409,-298.1393107062428,90.82279726659004,60.57985333496566,167.261937188934,0.001608,0.021739,6380.8,6239.7,0.263498,0.593879,0.000000,1.5651,1.0000,,,,,
1.9080,1778670396.381556,159,2.523323,0.154805,0.016214,1.6445,-0.0966,0.011785,2.529866,0.068840,0.014154,1.6343,2.532015,0.154853,0.016257,1.5836,-0.0266,0.006310,0.566849,0.0000,2.532015,0.000000,0.000001,0.7439,0.000000,-2.000000,386.8139,0,1,clay,1.0000,0.500000,0,0,0.000000,0.000000,0.000000,0,nan,0.00,0.000000,0.3241,0.0385,0.000000,-0.4615,0.49,4.52,5.50,4.55,0.068840,0.8110,0.8904,0.008000,0.034339,0.1364,0.073338,-0.053049,-0.022636,-410.2776008622908,31.530325789246803,193.8479240016606,267.4460389146852,0.010816,0.031651,6385.6,6234.9,0.255137,0.589074,0.000000,1.5804,1.0000,,,,,
1.9200,1778670396.393521,160,2.521140,0.023611,0.009195,1.6405,-0.0223,0.010114,2.549594,0.069297,0.014266,1.6507,2.529895,0.023609,0.009239,1.5952,-0.0249,0.006362,0.559638,0.0000,2.529895,0.000000,0.000001,0.7440,0.000000,-2.000000,381.3156,0,1,clay,1.0000,0.500000,0,0,0.000000,0.000000,0.000000,0,nan,0.00,0.000000,0.3196,0.0420,0.000000,-0.4855,0.49,4.52,5.49,4.52,0.069297,0.8174,0.9067,0.008000,0.037291,0.3046,0.077507,-0.014544,0.012130,-509.9623328989081,283.24627144019894,174.08089849673604,246.8231845536667,0.009417,0.030155,6387.5,6233.1,0.251951,0.588721,0.000000,1.5921,1.0000,,,,,
1.9320,1778670396.405553,161,2.599750,0.088328,0.018553,1.6014,0.0744,0.008846,2.569507,0.069748,0.014366,1.6659,2.608490,0.088507,0.018597,1.5969,-0.0085,0.006358,0.549182,0.0000,2.608490,0.000000,0.000000,0.7426,0.000000,-2.000000,391.8910,0,1,clay,1.0000,0.500000,0,0,0.000000,0.000000,0.000000,0,nan,0.00,0.000000,0.3152,0.0457,0.000000,-0.5095,0.48,4.51,5.47,4.45,0.069748,0.8231,0.9233,0.008000,0.038253,0.0118,0.057771,-0.014053,-0.013344,-559.4275430397498,110.5349296212232,-7.553906887398043,85.40543942120902,-0.003161,0.017097,6390.1,6230.5,0.247323,0.594451,0.000000,1.5939,1.0000,,,,,
1.9440,1778670396.417505,162,2.637792,0.040997,0.006538,1.6764,-0.0466,0.009425,2.589591,0.070231,0.014475,1.6781,2.646584,0.041037,0.006581,1.6128,-0.0142,0.006306,0.538632,0.0000,2.646584,0.000000,0.000000,0.7432,0.000000,-2.000000,395.0378,0,1,clay,1.0000,0.500000,0,0,0.000000,0.000000,0.000000,0,nan,0.00,0.000000,0.3110,0.0494,0.000000,-0.5335,0.47,4.51,5.46,4.50,0.070231,0.8293,0.9350,0.008000,0.102702,-0.3108,0.038284,-0.028670,-0.008413,-195.53972060034013,397.6749651170644,57.556507498997235,129.14898309271112,0.001270,0.021185,6392.8,6227.8,0.242644,0.574233,0.000000,1.6099,1.0000,,,,,
1.9560,1778670396.429551,163,2.575284,-0.047917,0.012955,1.6908,0.0204,0.012872,2.609825,0.070758,0.014616,1.6914,2.584160,-0.047778,0.013001,1.6285,-0.0082,0.006786,0.534694,0.0000,2.584160,0.000000,0.000000,0.7426,0.000000,-2.000000,389.0566,0,1,clay,1.0000,0.500000,0,0,0.000000,0.000000,0.000000,0,nan,0.00,0.000000,0.3069,0.0532,0.000000,-0.5575,0.47,4.52,5.47,4.61,0.070758,0.8374,0.9488,0.008000,0.112766,-0.0513,0.038665,-0.026872,-0.010714,-344.63326259052945,-317.34155515222324,-20.83833562135301,75.40067716400475,-0.003860,0.017108,6393.8,6226.8,0.240905,0.571097,0.000000,1.6255,1.0000,,,,,
1.9680,1778670396.441540,164,2.589619,0.004408,0.003785,1.7142,0.1111,0.010050,2.630229,0.071281,0.014742,1.7050,2.598596,0.004582,0.003831,1.6455,0.0108,0.006927,0.519752,0.0000,2.598596,0.000000,0.000000,0.7426,0.000000,-2.000000,393.2978,0,1,clay,1.0000,0.500000,0,0,0.000000,0.000000,0.000000,0,nan,0.00,0.000000,0.3029,0.0571,0.000000,-0.5815,0.47,4.51,5.45,4.44,0.071281,0.8447,0.9625,0.008000,0.121731,-0.6781,0.041263,-0.001714,-0.016353,-405.3123303017037,310.7172645578116,-234.14770986148045,-131.42090596364616,-0.018049,0.002593,6397.6,6223.0,0.234312,0.563587,0.000000,1.6427,1.0000,,,,,
1.9800,1778670396.454194,165,2.665186,0.052009,0.014796,1.7308,-0.0022,0.007949,2.650809,0.071791,0.014844,1.7211,2.674224,0.052264,0.014840,1.6626,0.0084,0.006644,0.522906,0.0000,2.674224,0.000000,-0.000000,0.7438,0.000000,-2.000000,405.6054,0,1,clay,1.0000,0.500000,0,0,0.000000,0.000000,0.000000,0,nan,0.00,0.000000,0.2991,0.0610,0.000000,-0.6055,0.47,4.50,5.43,4.41,0.071791,0.8506,0.9772,0.008000,0.072377,0.0639,0.057116,0.008463,-0.001771,-361.55067377871524,574.7456949348788,-201.80645680273363,-110.96726046303382,-0.015622,0.003915,6396.8,6223.8,0.235689,0.554425,0.000000,1.6597,1.0000,,,,,
1.9920,1778670396.465503,166,2.679183,0.064897,0.013701,1.7412,0.0435,0.010999,2.671542,0.072380,0.014972,1.7331,2.688262,0.065175,0.013746,1.6783,0.0137,0.006875,0.506397,0.0000,2.688262,0.000000,-0.000000,0.7442,0.000000,-2.000000,407.9623,0,1,clay,1.0000,0.500000,0,0,0.000000,0.000000,0.000000,0,nan,0.00,0.000000,0.2954,0.0651,0.000000,-0.6295,0.46,4.48,5.40,4.41,0.072380,0.8579,0.9888,0.008000,0.081634,0.1468,0.061987,0.008303,-0.010097,-197.24108114456598,422.35023139414886,-260.9310563883598,-173.90952114959265,-0.019528,0.000273,6401.0,6219.6,0.228376,0.549866,0.000000,1.6755,1.0000,,,,,
2.0040,1778670396.477570,167,2.653488,0.063848,0.011969,1.6720,0.0178,0.015414,2.692431,0.073023,0.015127,1.7460,2.662560,0.064119,0.012019,1.6775,0.0139,0.007576,0.495979,0.0000,2.662560,0.000000,-0.000000,0.7435,0.000000,-2.000000,404.0678,0,1,clay,1.0000,0.500000,0,0,0.000000,0.000000,0.000000,0,nan,0.00,0.000000,0.2918,0.0692,0.000000,-0.6535,0.46,4.48,5.41,4.45,0.073023,0.8668,1.0024,0.008000,0.136485,-0.1578,0.047945,-0.004533,-0.023251,-187.18166351280635,230.96526246153235,-276.1030508609862,-168.11179189665177,-0.020643,0.001213,6403.6,6216.9,0.223773,0.566618,0.000000,1.6748,1.0000,,,,,
2.0160,1778670396.489560,168,2.741649,0.133654,0.019015,1.7279,-0.0277,0.012506,2.713477,0.073652,0.015252,1.7600,2.750752,0.133949,0.019066,1.6877,0.0068,0.007732,0.482230,0.0000,2.750752,-0.000000,-0.000002,0.7459,0.000000,-1.972470,416.0315,0,1,clay,1.0000,0.500000,0,0,0.000000,0.000000,0.000000,0,nan,0.00,0.000000,0.2883,0.0734,0.000000,-0.6772,0.46,4.46,5.39,4.39,0.073652,0.8739,1.0141,0.008000,0.055855,0.1219,0.044823,0.029039,0.016866,-252.67309652853484,390.78367818325273,-199.82116005545075,-102.94278940281907,-0.015653,0.006610,6407.1,6213.5,0.217691,0.550121,0.000000,1.6851,1.0000,,,,,
2.0280,1778670396.501634,169,2.661810,0.070491,0.015731,1.6651,0.0166,0.011847,2.734691,0.074323,0.015384,1.7734,2.670907,0.070764,0.015783,1.6838,0.0081,0.007794,0.472984,0.0000,2.670907,0.000000,-0.000000,0.7438,0.000000,-1.967875,402.8498,0,1,clay,1.0000,0.500000,0,0,0.000000,0.000000,0.000000,0,nan,0.00,0.000000,0.2849,0.0776,0.000000,-0.7008,0.47,4.46,5.41,4.46,0.074323,0.8815,1.0297,0.008000,0.054439,0.3355,0.030077,0.021718,0.007583,-355.05923843168836,488.1928137281602,-213.7819051683868,-122.54433995869863,-0.016733,0.005765,6409.5,6211.1,0.213550,0.561459,0.000000,1.6812,1.0000,,,,,
2.0400,1778670396.513593,170,2.687317,0.187901,0.022789,1.8024,0.1039,0.010309,2.756065,0.075020,0.015522,1.7863,2.696538,0.188330,0.022839,1.7072,0.0231,0.007796,0.459556,0.0000,2.696538,0.000000,-0.000001,0.7445,0.000000,-1.945253,416.3029,0,1,clay,1.0000,0.500000,0,0,0.000000,0.000000,0.000000,0,nan,0.00,0.000000,0.2816,0.0819,0.000000,-0.7241,0.47,4.49,5.44,4.66,0.075020,0.8894,1.0418,0.008000,0.125670,0.2037,0.052825,0.010971,-0.015814,-241.07955300438988,469.96247297927056,-371.33882990886445,-288.68992174509094,-0.026960,-0.005207,6412.9,6207.7,0.207611,0.521200,0.000000,1.7047,1.0000,,,,,
2.0520,1778670396.525496,171,2.895066,0.031519,0.019245,1.8094,0.0165,0.011305,2.777585,0.075735,0.015667,1.7988,2.904437,0.031908,0.019297,1.7274,0.0213,0.007814,0.452197,0.0000,2.904437,-0.000000,-0.000000,0.7465,0.000000,-1.858575,422.9864,0,1,clay,1.0000,0.500000,0,0,0.000000,0.000000,0.000000,0,nan,0.00,0.000000,0.2784,0.0863,0.000000,-0.7464,0.47,4.50,5.44,4.54,0.075735,0.8977,1.0523,0.008000,0.087691,0.6895,0.058247,0.024031,-0.001179,-296.6507234942198,287.43791766679084,-350.35354781092747,-274.4865730074937,-0.025355,-0.003830,6414.8,6205.8,0.204327,0.518483,0.000000,1.7249,1.0000,,,,,
2.0640,1778670396.537560,172,2.856137,0.071198,0.012203,1.7015,-0.0227,0.008706,2.799271,0.076430,0.015780,1.8125,2.865511,0.071472,0.012252,1.7228,0.0135,0.007406,0.441918,0.0000,2.865511,-0.000000,-0.000001,0.7467,0.000000,-1.818234,420.3221,0,1,clay,1.0000,0.500000,0,0,0.000000,0.000000,0.000000,0,nan,0.00,0.000000,0.2753,0.0906,0.000000,-0.7682,0.47,4.52,5.46,4.60,0.076430,0.9042,1.0659,0.008000,0.159706,-0.0846,0.038467,0.013576,0.000239,-691.0192139936856,404.23796898892317,-257.94467411286206,-213.90455623329427,-0.019506,0.001135,6417.5,6203.1,0.199593,0.542678,0.000000,1.7204,1.0000,,,,,
2.0760,1778670396.549530,173,2.842545,0.095271,0.012377,1.8363,-0.0265,0.010369,2.821116,0.077141,0.015897,1.8253,2.852058,0.095507,0.012426,1.7453,0.0067,0.007335,0.441211,0.0000,2.852058,-0.000000,-0.000002,0.7467,0.000000,-1.793743,422.7646,0,1,clay,1.0000,0.500000,0,0,0.000000,0.000000,0.000000,0,nan,0.00,0.000000,0.2723,0.0950,0.000000,-0.7898,0.47,4.50,5.44,4.38,0.077141,0.9109,1.0786,0.008000,0.118456,0.4500,0.045300,-0.005144,-0.002246,-482.19077346725686,488.7806102815183,-182.70934727483854,-147.70173939684938,-0.014423,0.005812,6417.7,6202.8,0.199191,0.501071,0.000000,1.7428,1.0000,,,,,
2.0880,1778670396.561572,174,2.797490,0.077269,0.009796,1.8181,-0.0608,0.010758,2.843097,0.077890,0.016031,1.8369,2.807045,0.077414,0.009844,1.7598,-0.0043,0.007299,0.433802,0.0000,2.807045,-0.000000,-0.000002,0.7466,0.000000,-1.783100,418.6667,0,1,clay,1.0000,0.500000,0,0,0.000000,0.000000,0.000000,0,nan,0.00,0.000000,0.2693,0.0994,0.000000,-0.8112,0.47,4.49,5.42,4.43,0.077890,0.9186,1.0903,0.008000,0.047629,-0.3271,0.042491,-0.024909,-0.010398,-297.9178285644412,311.72129043193013,-62.425188345458494,-51.88629120287523,-0.006730,0.013366,6419.6,6200.9,0.195843,0.503273,0.000000,1.7574,1.0000,,,,,
2.1000,1778670396.573507,175,2.931741,0.130791,0.015243,1.8819,0.0306,0.011050,2.865216,0.078663,0.016168,1.8489,2.941401,0.131025,0.015292,1.7838,0.0014,0.007432,0.426075,0.0000,2.941401,-0.000000,0.000002,0.7462,0.000000,-1.722939,432.4548,0,1,clay,1.0000,0.500000,0,0,0.000000,0.000000,0.000000,0,nan,0.00,0.000000,0.2665,0.1039,0.000000,-0.8318,0.47,4.48,5.41,4.43,0.078663,0.9264,1.1027,0.008000,0.097122,0.0463,0.052582,-0.018212,-0.008781,-424.60255388299225,320.1964945343375,-124.98046402385178,-111.0568653532965,-0.010588,0.009363,6421.6,6199.0,0.192395,0.482921,0.000000,1.7815,1.0000,,,,,
2.1120,1778670396.585601,176,2.889585,0.047886,0.010895,1.8838,0.0219,0.008607,2.887498,0.079426,0.016283,1.8625,2.899371,0.048096,0.010942,1.8036,0.0047,0.007191,0.412974,0.0000,2.899371,-0.000000,-0.000000,0.7465,0.000000,-1.685540,424.0612,0,1,clay,1.0000,0.500000,0,0,0.000000,0.000000,0.000000,0,nan,0.00,0.000000,0.2637,0.1083,0.000000,-0.8521,0.48,4.47,5.42,4.41,0.079426,0.9327,1.1159,0.008000,0.062859,-0.1078,0.074154,-0.012349,-0.007855,-605.4039975536394,542.639458221445,-151.6781082421966,-159.81759199731658,-0.012272,0.006694,6425.0,6195.6,0.186474,0.475028,0.000000,1.8013,1.0000,,,,,
2.1240,1778670396.597549,177,2.986577,0.083048,0.013349,1.9375,0.1158,0.010484,2.909904,0.080209,0.016415,1.8728,2.996481,0.083390,0.013396,1.8298,0.0224,0.007379,0.392047,0.0000,2.996481,-0.000000,0.000005,0.7459,0.000000,-1.607073,430.8855,0,1,clay,1.0000,0.500000,0,0,0.000000,0.000000,0.000000,0,nan,0.00,0.000000,0.2610,0.1128,0.000000,-0.8713,0.48,4.51,5.46,4.73,0.080209,0.9402,1.1269,0.008000,0.087459,-0.3719,0.091711,0.007969,-0.015466,-546.5800894244037,379.8474798527947,-336.19753282470106,-346.0071496346558,-0.023778,-0.005041,6430.4,6190.2,0.177135,0.455526,0.000000,1.8277,1.0000,,,,,
2.1360,1778670396.609535,178,2.933344,0.038400,0.019935,1.9856,-0.0026,0.012719,2.932453,0.081054,0.016582,1.8840,2.943516,0.038789,0.019985,1.8603,0.0177,0.007678,0.377279,0.0000,2.943516,-0.000000,0.000002,0.7462,0.000000,-1.560891,424.5356,0,1,clay,1.0000,0.500000,0,0,0.000000,0.000000,0.000000,0,nan,0.00,0.000000,0.2584,0.1172,0.000000,-0.8901,0.48,4.48,5.45,4.34,0.081054,0.9498,1.1378,0.008000,0.101126,0.1932,0.127123,0.018797,0.005315,-268.98021988347375,264.0301929777171,-290.0012126412787,-309.7094333090804,-0.020698,-0.001461,6434.2,6186.4,0.170467,0.439080,0.000000,1.8582,1.0000,,,,,
2.1480,1778670396.621527,179,2.896168,0.047223,0.009698,1.8442,0.0826,0.014279,2.955130,0.081911,0.016736,1.8958,2.906273,0.047571,0.009751,1.8576,0.0276,0.008225,0.380741,0.0000,2.906273,-0.000000,0.000000,0.7465,0.000000,-1.554744,423.6170,0,1,clay,1.0000,0.500000,0,0,0.000000,0.000000,0.000000,0,nan,0.00,0.000000,0.2558,0.1217,0.000000,-0.9087,0.48,4.47,5.44,4.43,0.081911,0.9586,1.1493,0.008000,0.151377,-0.7976,0.102374,0.012824,-0.010572,-651.2214430079533,354.02409319569506,-402.3372533246533,-388.66612753823466,-0.027705,-0.007255,6433.4,6187.2,0.171863,0.472936,0.000000,1.8555,1.0000,,,,,
2.1600,1778670396.633533,180,2.992994,0.116469,0.028402,1.8620,0.1002,0.013659,2.977960,0.082775,0.016886,1.9073,3.003063,0.117072,0.028457,1.8588,0.0384,0.008604,0.376000,0.0000,3.003063,0.000000,0.000006,0.7458,0.000000,-1.511098,432.4689,0,1,clay,1.0000,0.500000,0,0,0.000000,0.000000,0.000000,0,nan,0.00,0.000000,0.2533,0.1261,0.000000,-0.9269,0.48,4.47,5.42,4.46,0.082775,0.9672,1.1615,0.008000,0.114613,0.4769,0.084134,0.054906,0.022177,-586.7620080227961,494.5153649603127,-517.3336240678888,-489.64116596465874,-0.035028,-0.013854,6434.6,6186.0,0.169743,0.461324,0.000000,1.8568,1.0000,,,,,
2.1720,1778670396.645558,181,3.022226,0.118893,0.018955,1.9421,0.0683,0.014847,3.000902,0.083661,0.017059,1.9165,3.032408,0.119429,0.019013,1.8753,0.0421,0.009047,0.369769,0.0000,3.032408,0.000000,0.000007,0.7457,0.000000,-1.466300,433.2510,0,1,clay,1.0000,0.500000,0,0,0.000000,0.000000,0.000000,0,nan,0.00,0.000000,0.2509,0.1305,0.000000,-0.9445,0.48,4.47,5.44,4.48,0.083661,0.9771,1.1708,0.008000,0.045534,0.3416,0.106269,0.035998,-0.013585,-480.717997232056,191.8289339628862,-558.8435017802644,-519.5021426003843,-0.037495,-0.015510,6436.2,6184.3,0.166894,0.434189,0.000000,1.8733,1.0000,,,,,
2.1840,1778670396.657501,182,3.197285,0.083943,0.011150,1.8771,0.0153,0.015667,3.023973,0.084561,0.017227,1.9278,3.207452,0.084370,0.011211,1.8760,0.0364,0.009448,0.352565,0.0000,3.207452,0.000001,-0.000010,0.7458,0.000000,-1.357114,436.8381,0,1,clay,1.0000,0.500000,0,0,0.000000,0.000000,0.000000,0,nan,0.00,0.000000,0.2485,0.1349,0.000000,-0.9607,0.48,4.48,5.43,4.51,0.084561,0.9868,1.1821,0.008000,0.171444,-0.1151,0.084658,0.034484,-0.006927,-336.48176109625655,331.4269866674215,-510.32482763643685,-481.9786705223406,-0.034389,-0.011323,6440.7,6179.9,0.159182,0.450962,0.000000,1.8740,1.0000,,,,,
2.1960,1778670396.669510,183,3.041659,0.144680,0.022625,1.8883,0.0855,0.011287,3.047186,0.085458,0.017378,1.9399,3.051838,0.145261,0.022685,1.8787,0.0432,0.009253,0.353609,0.0000,3.051838,0.000000,0.000008,0.7456,0.000000,-1.358757,434.6365,0,1,clay,1.0000,0.500000,0,0,0.000000,0.000000,0.000000,0,nan,0.00,0.000000,0.2461,0.1392,0.000000,-0.9771,0.47,4.46,5.40,4.33,0.085458,0.9954,1.1943,0.008000,0.087401,0.6905,0.073641,0.049821,-0.007508,-507.0290128024732,558.2058163103848,-572.4210168467606,-547.2759133735478,-0.038351,-0.015940,6440.5,6180.0,0.159383,0.436845,0.000000,1.8768,1.0000,,,,,
2.2080,1778670396.681580,184,3.026045,0.109414,0.026134,1.8875,0.0146,0.014065,3.070520,0.086407,0.017555,1.9488,3.036205,0.109996,0.026194,1.8808,0.0372,0.009402,0.347457,0.0000,3.036205,0.000000,0.000007,0.7457,0.000000,-1.359482,430.1953,0,1,clay,1.0000,0.500000,0,0,0.000000,0.000000,0.000000,0,nan,0.00,0.000000,0.2439,0.1436,0.000000,-0.9934,0.48,4.48,5.43,4.59,0.086407,1.0055,1.2032,0.008000,0.097144,0.5786,0.052441,0.035011,-0.013323,-579.3012055652365,-161.6143740341148,-516.0815078139804,-497.11113751374694,-0.034708,-0.011870,6442.1,6178.5,0.156661,0.430743,0.000000,1.8789,1.0000,,,,,
2.2200,1778670396.693524,185,3.002329,0.079301,0.014838,1.9435,-0.0176,0.014998,3.093984,0.087389,0.017758,1.9584,3.012604,0.079714,0.014900,1.8932,0.0272,0.009612,0.330830,0.0000,3.012604,0.000000,0.000006,0.7458,0.000000,-1.350310,425.4871,0,1,clay,1.0000,0.500000,0,0,0.000000,0.000000,0.000000,0,nan,0.00,0.000000,0.2417,0.1478,0.000000,-1.0096,0.48,4.45,5.41,4.33,0.087389,1.0172,1.2126,0.008000,0.082176,0.1820,0.046527,0.036279,0.002689,-474.2178607699922,290.0830620360986,-418.4138471634585,-424.42859274074,-0.028451,-0.005084,6446.3,6174.3,0.149335,0.411047,0.000000,1.8914,1.0000,,,,,
2.2320,1778670396.705519,186,3.147947,0.172331,0.005843,2.0667,0.0898,0.015520,3.117577,0.088383,0.017948,1.9715,3.158364,0.172710,0.005907,1.9271,0.0366,0.010037,0.327584,0.0000,3.158364,0.000001,-0.000001,0.7457,0.000000,-1.277226,437.9732,0,1,clay,1.0000,0.500000,0,0,0.000000,0.000000,0.000000,0,nan,0.00,0.000000,0.2395,0.1521,0.000000,-1.0249,0.48,4.45,5.41,4.44,0.088383,1.0280,1.2258,0.008000,0.088827,-0.4751,0.056300,0.028433,-0.012921,-697.7391031036658,253.01662757424958,-514.6925626341229,-498.1967348831197,-0.034046,-0.010389,6447.2,6173.4,0.147865,0.362299,0.000000,1.9253,1.0000,,,,,
2.2440,1778670396.717611,187,3.163426,-0.013836,0.017447,2.0192,0.0099,0.013664,3.141308,0.089373,0.018132,1.9811,3.173961,-0.013365,0.017511,1.9453,0.0312,0.010004,0.326707,0.0000,3.173961,0.000001,-0.000003,0.7457,0.000000,-1.227114,426.0095,0,1,clay,1.0000,0.500000,0,0,0.000000,0.000000,0.000000,0,nan,0.00,0.000000,0.2374,0.1563,0.000000,-1.0396,0.48,4.45,5.42,4.45,0.089373,1.0400,1.2354,0.008000,0.068382,-0.1894,0.045441,0.032717,-0.007086,-523.374270214031,499.0959202491699,-457.50893006316494,-448.9757361362412,-0.030355,-0.006961,6447.5,6173.1,0.147311,0.368881,0.000000,1.9435,1.0000,,,,,
2.2560,1778670396.729686,188,3.256472,0.105099,0.023832,1.9988,-0.0761,0.016404,3.165140,0.090426,0.018359,1.9893,3.267030,0.105531,0.023898,1.9560,0.0128,0.010271,0.322134,0.0000,3.267030,-0.000000,-0.000025,0.7459,0.000000,-1.156970,434.0058,0,1,clay,1.0000,0.500000,0,0,0.000000,0.000000,0.000000,0,nan,0.00,0.000000,0.2353,0.1605,0.000000,-1.0535,0.48,4.45,5.40,4.41,0.090426,1.0529,1.2434,0.008000,0.172410,0.7597,0.058514,0.002113,-0.011111,-503.47552056060135,-384.8205097538711,-277.8138904544901,-295.09703684491063,-0.019399,0.004734,6448.7,6171.9,0.145162,0.370995,0.000000,1.9542,1.0000,,,,,
2.2680,1778670396.741521,189,3.194929,0.114404,0.016064,1.9992,-0.1161,0.018747,3.189110,0.091478,0.018578,2.0031,3.205515,0.114634,0.016133,1.9646,-0.0086,0.010770,0.319962,0.0000,3.205515,0.000001,-0.000009,0.7458,0.000000,-1.142109,431.9083,0,1,clay,1.0000,0.500000,0,0,0.000000,0.000000,0.000000,0,nan,0.00,0.000000,0.2333,0.1646,0.000000,-1.0672,0.47,4.45,5.40,4.48,0.091478,1.0655,1.2574,0.008000,0.014608,-0.7594,0.066467,-0.032366,-0.013763,-543.4920808966542,410.9154149195883,-71.9173831713164,-123.95859601376834,-0.007077,0.018402,6449.4,6171.2,0.144030,0.363304,0.000000,1.9629,1.0000,,,,,
2.2800,1778670396.753569,190,3.281669,0.059171,0.014275,2.0964,0.0953,0.016420,3.213204,0.092515,0.018783,2.0130,3.292405,0.059488,0.014346,1.9906,0.0086,0.011103,0.341824,0.0000,3.292405,-0.000001,-0.000028,0.7459,0.000000,-1.112824,431.2561,0,1,clay,1.0000,0.500000,0,0,0.000000,0.000000,0.000000,0,nan,0.00,0.000000,0.2313,0.1687,0.000000,-1.0806,0.47,4.45,5.40,4.45,0.092515,1.0772,1.2671,0.008000,0.092997,-0.3233,0.076433,0.001468,0.002506,-570.9429237801569,530.2238375147133,-249.3411086114723,-210.89875082388855,-0.017456,0.008101,6443.8,6176.7,0.153650,0.320523,0.000000,1.9887,1.0000,,,,,
2.2920,1778670396.765646,191,3.186223,0.154147,0.025655,2.0103,-0.0916,0.018863,3.237410,0.093591,0.019010,2.0218,3.197033,0.154495,0.025729,1.9947,-0.0080,0.011466,0.325412,0.0000,3.197033,0.000001,-0.000008,0.7457,0.000000,-1.122390,434.5155,0,1,clay,1.0000,0.500000,0,0,0.000000,0.000000,0.000000,0,nan,0.00,0.000000,0.2293,0.1727,0.000000,-1.0940,0.49,4.48,5.45,4.65,0.093591,1.0903,1.2761,0.008000,0.217916,0.7734,0.081693,-0.018450,-0.004716,-456.30034415996664,-147.8419956528311,-90.25032472470095,-104.96580893065901,-0.008073,0.018542,6448.0,6172.5,0.146347,0.343772,0.000000,1.9929,1.0000,,,,,
2.3040,1778670396.777507,192,3.264435,0.065240,0.017799,2.1315,0.0363,0.021801,3.261724,0.094717,0.019253,2.0319,3.275432,0.065560,0.017879,2.0215,-0.0005,0.012350,0.322849,0.0000,3.275432,-0.000001,-0.000026,0.7459,0.000000,-1.085488,427.4597,0,1,clay,1.0000,0.500000,0,0,0.000000,0.000000,0.000000,0,nan,0.00,0.000000,0.2274,0.1767,0.000000,-1.1071,0.48,4.47,5.43,4.41,0.094717,1.1042,1.2861,0.008000,0.093481,-0.3329,0.105644,-0.021197,-0.012150,-566.0466807322441,423.0132547222653,-180.57190854224228,-149.08859705482467,-0.013235,0.014843,6448.7,6171.9,0.145248,0.297048,0.000000,2.0197,1.0000,,,,,
2.3160,1778670396.789659,193,3.306477,0.103623,0.020751,2.0400,0.0205,0.016923,3.286158,0.095815,0.019470,2.0411,3.317548,0.103997,0.020831,2.0254,0.0029,0.012326,0.318459,0.0000,3.317548,-0.000002,-0.000028,0.7459,0.000000,-1.044516,429.9580,0,1,clay,1.0000,0.500000,0,0,0.000000,0.000000,0.000000,0,nan,0.00,0.000000,0.2255,0.1806,0.000000,-1.1196,0.50,4.47,5.47,4.43,0.095815,1.1166,1.2952,0.008000,0.084040,-0.3657,0.108138,0.002803,0.006248,-845.6680315704209,458.2988089820458,-213.13306428815574,-183.24784400527983,-0.015188,0.012756,6449.8,6170.8,0.143234,0.311888,0.000000,2.0237,1.0000,,,,,
2.3280,1778670396.801690,194,3.387288,0.211711,0.023525,2.0220,0.0336,0.021260,3.310698,0.096900,0.019688,2.0495,3.398428,0.212155,0.023609,2.0251,0.0078,0.012904,0.313677,0.0000,3.398428,-0.000003,-0.000003,0.7459,0.000000,-0.986493,440.2080,0,1,clay,1.0000,0.500000,0,0,0.000000,0.000000,0.000000,0,nan,0.00,0.000000,0.2237,0.1845,0.000000,-1.1314,0.52,4.50,5.54,4.71,0.096900,1.1291,1.3036,0.008000,0.223630,0.4391,0.097051,0.008827,-0.003436,-591.0215876171669,213.34215987937122,-274.04254787931984,-220.65407899446296,-0.018699,0.010553,6451.1,6169.5,0.141039,0.309774,0.000000,2.0233,1.0000,,,,,
2.3400,1778670396.813564,195,3.371808,0.145806,0.026997,2.0154,-0.0364,0.022035,3.335325,0.098076,0.019954,2.0573,3.382985,0.146250,0.027085,2.0236,0.0004,0.013404,0.317791,0.0000,3.382985,-0.000003,-0.000011,0.7459,0.000000,-0.970395,433.8832,0,1,clay,1.0000,0.500000,0,0,0.000000,0.000000,0.000000,0,nan,0.00,0.000000,0.2219,0.1883,0.000000,-1.1431,0.51,4.48,5.51,4.38,0.098076,1.1443,1.3114,0.008000,0.039252,1.1509,0.061934,-0.009359,-0.010364,-535.6552181517887,351.01299392789457,-210.14964231650112,-149.66036834115516,-0.014968,0.015606,6450.1,6170.5,0.142725,0.306139,0.000000,2.0218,1.0000,,,,,
2.3520,1778670396.825537,196,3.241320,0.084042,0.023572,2.1058,0.0094,0.023610,3.360056,0.099233,0.020197,2.0653,3.252517,0.084464,0.023664,2.0399,0.0018,0.014158,0.325832,0.0000,3.252517,-0.000000,-0.000021,0.7458,0.000000,-1.019611,427.7464,0,1,clay,1.0000,0.500000,0,0,0.000000,0.000000,0.000000,0,nan,0.00,0.000000,0.2201,0.1920,0.000000,-1.1553,0.51,4.52,5.53,4.74,0.099233,1.1582,1.3195,0.008000,0.155285,0.2900,0.060122,0.009086,0.007043,-813.0204453109212,495.78433546459945,-237.30007127427587,-133.3353007213771,-0.016437,0.015425,6448.1,6172.5,0.146221,0.258095,0.000000,2.0381,1.0000,,,,,
2.3640,1778670396.837579,197,3.405480,0.083909,0.015911,2.0595,0.0265,0.021056,3.384899,0.100422,0.020452,2.0746,3.416786,0.084274,0.016005,2.0441,0.0058,0.014352,0.331311,0.0000,3.416786,-0.000003,0.000007,0.7459,0.000000,-0.978697,429.3644,0,1,clay,1.0000,0.500000,0,0,0.000000,0.000000,0.000000,0,nan,0.00,0.000000,0.2184,0.1957,0.000000,-1.1671,0.51,4.54,5.55,4.61,0.100422,1.1679,1.3287,0.008000,0.064081,-0.5164,0.054046,0.005220,-0.014428,-693.9091290007914,484.59191825223127,-279.74510715840233,-149.34849159723495,-0.018923,0.013309,6446.6,6173.9,0.148778,0.258620,0.000000,2.0422,1.0000,,,,,
2.3760,1778670396.850091,198,3.459062,0.185192,0.026674,2.1554,-0.0195,0.022324,3.409833,0.101633,0.020730,2.0824,3.470451,0.185658,0.026770,2.0659,0.0015,0.014721,0.325342,0.0000,3.470451,-0.000002,0.000048,0.7458,0.000000,-0.930886,434.9591,0,1,clay,1.0000,0.500000,0,0,0.000000,0.000000,0.000000,0,nan,0.00,0.000000,0.2167,0.1994,0.000000,-1.1782,0.49,4.54,5.53,4.58,0.101633,1.1838,1.3365,0.008000,0.087675,0.5422,0.067477,0.018198,-0.006551,-494.2095554016941,340.74773051362865,-242.14370339068796,-120.31695807330198,-0.016604,0.016025,6448.2,6172.4,0.146036,0.212959,0.000000,2.0641,1.0000,,,,,
2.3880,1778670396.861516,199,3.449218,0.113083,0.022416,2.0611,0.0127,0.020967,3.434881,0.102859,0.020995,2.0933,3.460576,0.113511,0.022512,2.0653,0.0033,0.014823,0.326864,0.0000,3.460576,-0.000002,0.000039,0.7458,0.000000,-0.914397,428.9899,0,1,clay,1.0000,0.500000,0,0,0.000000,0.000000,0.000000,0,nan,0.00,0.000000,0.2150,0.2030,0.000000,-1.1892,0.48,4.51,5.48,4.35,0.102859,1.1990,1.3474,0.008000,0.063989,0.3987,0.038759,0.011503,-0.002883,-807.9813091467064,524.166677323941,-260.87774328141967,-130.1827044330882,-0.017722,0.015092,6447.9,6172.7,0.146585,0.228981,0.000000,2.0635,1.0000,,,,,
2.4000,1778670396.873356,200,3.363979,0.117016,0.016351,2.0992,-0.0367,0.019650,3.460038,0.104077,0.021250,2.1006,3.375226,0.117331,0.016445,2.0721,-0.0034,0.014740,0.310749,0.0000,3.375226,-0.000003,-0.000014,0.7459,0.000000,-0.924389,427.1352,0,1,clay,1.0000,0.500000,0,0,0.000000,0.000000,0.000000,0,nan,0.00,0.000000,0.2133,0.2065,0.000000,-1.2003,0.46,4.52,5.44,4.54,0.104077,1.2136,1.3548,0.008000,0.054385,-0.6030,0.043207,0.000441,-0.015255,-771.792911259103,367.771983529385,-192.26356734381181,-113.5374821699854,-0.013740,0.018699,6452.0,6168.6,0.139400,0.195149,0.000000,2.0704,1.0000,,,,,
2.4120,1778670396.885514,201,3.438127,0.021883,0.031226,2.0671,0.0059,0.024393,3.485299,0.105375,0.021554,2.1102,3.449353,0.022381,0.031325,2.0714,-0.0018,0.015322,0.293224,0.0000,3.449353,-0.000003,0.000030,0.7458,0.000000,-0.874369,419.9342,0,1,clay,1.0000,0.500000,0,0,0.000000,0.000000,0.000000,0,nan,0.00,0.000000,0.2117,0.2100,0.000000,-1.2108,0.45,4.49,5.40,4.33,0.105375,1.2310,1.3643,0.008000,0.063049,0.6940,0.015995,0.022191,0.010027,-612.484828287266,97.46924850429548,-220.87917112267053,-151.87483798937836,-0.015269,0.018431,6456.4,6164.1,0.131684,0.195119,0.000000,2.0698,1.0000,,,,,
2.4240,1778670396.897574,202,3.493501,0.145303,0.022912,2.1318,0.0200,0.025585,3.510657,0.106644,0.021841,2.1173,3.504774,0.145736,0.023014,2.0834,0.0018,0.016010,0.298920,0.0000,3.504774,0.000000,0.000082,0.7458,0.000000,-0.833786,427.3919,0,1,clay,1.0000,0.500000,0,0,0.000000,0.000000,0.000000,0,nan,0.00,0.000000,0.2101,0.2135,0.000000,-1.2208,0.46,4.48,5.41,4.45,0.106644,1.2475,1.3714,0.008000,0.043766,0.0486,0.024535,0.008593,-0.007630,-856.8359924340697,396.77668174838294,-267.2288683577126,-155.23758210182507,-0.017887,0.016987,6455.1,6165.5,0.134075,0.155759,0.000000,2.0818,1.0000,,,,,
2.4360,1778670396.909530,203,3.502381,0.039598,0.017898,2.1025,-0.0204,0.022235,3.536099,0.107857,0.022087,2.1254,3.513663,0.039952,0.018000,2.0874,-0.0019,0.016039,0.299731,0.0000,3.513663,0.000001,0.000090,0.7458,0.000000,-0.809349,420.0645,0,1,clay,1.0000,0.500000,0,0,0.000000,0.000000,0.000000,0,nan,0.00,0.000000,0.2085,0.2169,0.000000,-1.2305,0.46,4.52,5.45,4.75,0.107857,1.2616,1.3795,0.008000,0.205312,-0.4012,0.029346,0.001397,-0.008377,-859.7689560800037,610.6561277449215,-230.14850408109425,-127.37498608661508,-0.015796,0.019087,6454.9,6165.6,0.134334,0.147945,0.000000,2.0858,1.0000,,,,,
2.4480,1778670396.921539,204,3.621150,0.186566,0.016070,2.1493,0.0304,0.024526,3.561641,0.109128,0.022366,2.1326,3.632588,0.186939,0.016176,2.0997,0.0035,0.016412,0.293815,0.0000,3.632588,0.000012,0.000041,0.7459,0.000000,-0.741720,428.4718,0,1,clay,1.0000,0.500000,0,0,0.000000,0.000000,0.000000,0,nan,0.00,0.000000,0.2070,0.2202,0.000000,-1.2394,0.46,4.51,5.44,4.44,0.109128,1.2775,1.3867,0.008000,0.048566,-0.7079,0.042736,0.026878,0.009815,-647.6021120752285,288.8400939155755,-289.48850826723105,-169.62485628834526,-0.019075,0.016362,6456.4,6164.1,0.131678,0.103897,0.000000,2.0981,1.0000,,,,,
2.4600,1778670396.933547,205,3.616890,0.124577,0.018195,2.0942,-0.0402,0.024000,3.587261,0.110411,0.022643,2.1389,3.628305,0.124932,0.018301,2.0989,-0.0038,0.016582,0.291590,0.0000,3.628305,0.000012,0.000048,0.7459,0.000000,-0.710363,423.1120,0,1,clay,1.0000,0.500000,0,0,0.000000,0.000000,0.000000,0,nan,0.00,0.000000,0.2055,0.2234,0.000000,-1.2479,0.47,4.51,5.45,4.53,0.110411,1.2934,1.3930,0.008000,0.163839,-0.3945,0.024872,0.005021,-0.002238,-815.1030431602811,360.0496796224617,-221.83541970836177,-122.29730224699833,-0.015207,0.020693,6457.1,6163.5,0.130530,0.116625,0.000000,2.0973,1.0000,,,,,
2.4720,1778670396.945595,206,3.608358,0.058064,0.013870,2.1113,-0.1391,0.022258,3.612964,0.111635,0.022897,2.1448,3.619820,0.058238,0.013975,2.1016,-0.0260,0.016361,0.286503,0.0000,3.619820,0.000011,0.000060,0.7459,0.000000,-0.691044,418.0941,0,1,clay,1.0000,0.500000,0,0,0.000000,0.000000,0.000000,0,nan,0.00,0.000000,0.2040,0.2266,0.000000,-1.2562,0.47,4.51,5.45,4.47,0.111635,1.3080,1.3990,0.008000,0.034753,-0.2046,0.022845,-0.020483,0.002485,-719.3283533033117,329.3553809079925,-4.247502187039274,9.947609631188456,-0.002696,0.032983,6458.4,6162.1,0.128213,0.092305,0.000000,2.1000,1.0000,,,,,
2.4840,1778670396.957525,207,3.682404,0.097894,0.026590,2.1030,0.0566,0.023568,3.638718,0.112904,0.023181,2.1507,3.693823,0.098299,0.026697,2.1021,-0.0117,0.016592,0.277903,0.0000,3.693823,0.000011,-0.000096,0.7459,0.000000,-0.640221,419.2140,0,1,clay,1.0000,0.500000,0,0,0.000000,0.000000,0.000000,0,nan,0.00,0.000000,0.2025,0.2297,0.000000,-1.2639,0.47,4.49,5.42,4.42,0.112904,1.3429,1.4048,0.008000,0.095954,-0.0946,0.002157,-0.003991,-0.000392,-699.9683069628911,84.87247735115113,-147.641423388082,-98.90610378795206,-0.010845,0.025095,6460.6,6159.9,0.124363,0.075417,0.000000,2.1006,1.0000,,,,,
2.4960,1778670396.969506,208,3.672421,0.040718,0.025533,2.2081,-0.0386,0.027395,3.664525,0.114186,0.023473,2.1557,3.683922,0.041096,0.025644,2.1229,-0.0158,0.017275,0.268430,0.0000,3.683922,0.000011,-0.000069,0.7459,0.000000,-0.607614,412.5279,0,1,clay,1.0000,0.500000,0,0,0.000000,0.000000,0.000000,0,nan,0.00,0.000000,0.2010,0.2328,0.000000,-1.2712,0.46,4.48,5.41,4.39,0.114186,1.3596,1.4098,0.008000,0.080295,0.0882,0.023379,-0.007412,0.003600,-1298.4138413952273,631.5938057570302,-121.49499321735445,-81.5483519218303,-0.009123,0.027827,6463.1,6157.5,0.120055,0.017594,0.000000,2.1214,1.0000,,,,,
2.5080,1778670396.981619,209,3.697687,0.250081,0.024848,2.1926,-0.0104,0.020394,3.690395,0.115376,0.023728,2.1591,3.709278,0.250456,0.024955,2.1366,-0.0145,0.016836,0.261213,0.0000,3.709278,0.000009,-0.000143,0.7459,0.000000,-0.575785,427.0514,0,1,clay,1.0000,0.500000,0,0,0.000000,0.000000,0.000000,0,nan,0.00,0.000000,0.1996,0.2358,0.000000,-1.2781,0.48,4.49,5.44,4.54,0.115376,1.3742,1.4132,0.008000,0.171793,0.3970,0.031970,0.006131,0.009888,-1143.390874859763,217.7522349254892,-125.15772514561789,-110.20432168348236,-0.009310,0.026400,6465.0,6155.6,0.116792,0.002732,0.000000,2.1352,1.0000,,,,,
2.5200,1778670396.993521,210,3.821821,0.128278,0.026270,2.1300,-0.0188,0.020982,3.716261,0.116540,0.023979,2.1577,3.833450,0.128666,0.026376,2.1355,-0.0148,0.016512,0.232713,0.0000,3.833450,-0.000031,-0.000360,0.7456,0.000000,-0.477645,412.9023,0,1,clay,1.0000,0.500000,0,0,0.000000,0.000000,0.000000,0,nan,0.00,0.000000,0.1982,0.2387,0.000000,-1.2838,0.48,4.52,5.48,4.70,0.116540,1.3886,1.4121,0.008000,0.191840,-0.3774,0.033470,0.006900,0.007086,-401.2910180611505,-377.04099197021594,-127.46033539652012,-171.57282500302512,-0.008834,0.026260,6472.2,6148.3,0.104137,0.023431,0.000000,2.1342,1.0000,,,,,
2.5320,1778670397.005524,211,3.708680,0.060140,0.021969,2.1288,0.0425,0.022895,3.742109,0.117713,0.024241,2.1550,3.720368,0.060538,0.022075,2.1343,-0.0049,0.016570,0.212765,0.0000,3.720368,0.000007,-0.000179,0.7459,0.000000,-0.453670,408.4636,0,1,clay,1.0000,0.500000,0,0,0.000000,0.000000,0.000000,0,nan,0.00,0.000000,0.1968,0.2415,0.000000,-1.2893,0.48,4.50,5.47,4.42,0.117713,1.4036,1.4092,0.008000,0.093207,-0.1516,0.019835,0.022225,0.012814,-1181.6009959225912,302.11128818256765,-234.44003479961043,-270.676822606329,-0.014295,0.020881,6477.4,6143.1,0.095099,0.017966,0.000000,2.1332,1.0000,,,,,
2.5440,1778670397.017505,212,3.843250,0.107602,0.025134,2.0959,-0.0622,0.018957,3.767932,0.118775,0.024460,2.1512,3.854840,0.107974,0.025236,2.1270,-0.0142,0.015988,0.198338,0.0000,3.854840,-0.000038,-0.000293,0.7456,0.000000,-0.365960,410.7230,0,1,clay,1.0000,0.500000,0,0,0.000000,0.000000,0.000000,0,nan,0.00,0.000000,0.1954,0.2443,0.000000,-1.2937,0.47,4.46,5.41,4.23,0.118775,1.4161,1.4056,0.008000,0.135698,0.3168,0.008537,0.003237,0.002025,-995.4342078427064,180.14459883133065,-144.087106790442,-242.01612589826885,-0.008655,0.025505,6481.1,6139.5,0.088666,0.020093,0.000000,2.1259,1.0000,,,,,
2.5560,1778670397.029521,213,3.812255,0.253707,0.028544,2.1417,0.0880,0.017363,3.793684,0.119771,0.024657,2.1446,3.823774,0.254211,0.028643,2.1300,0.0031,0.015480,0.177582,0.0000,3.823774,-0.000027,-0.000379,0.7457,0.000000,-0.321149,422.4684,0,1,clay,1.0000,0.500000,0,0,0.000000,0.000000,0.000000,0,nan,0.00,0.000000,0.1940,0.2469,0.000000,-1.2975,0.48,4.45,5.40,4.39,0.119771,1.4274,1.3990,0.008000,0.067552,0.6146,-0.000089,0.032368,0.014501,-845.3219641154268,-310.18618593566487,-312.23106888212124,-383.8542302420419,-0.017487,0.015236,6486.5,6134.1,0.079284,-0.008290,0.000000,2.1290,1.0000,,,,,
2.5680,1778670397.041535,214,3.832189,0.093386,0.022485,2.1255,0.0005,0.018605,3.819346,0.120768,0.024876,2.1383,3.843691,0.093813,0.022581,2.1292,0.0025,0.015129,0.169174,0.0000,3.843691,-0.000034,-0.000332,0.7456,0.000000,-0.276240,408.3059,0,1,clay,1.0000,0.500000,0,0,0.000000,0.000000,0.000000,0,nan,0.00,0.000000,0.1927,0.2495,0.000000,-1.3008,0.48,4.46,5.42,4.53,0.120768,1.4400,1.3926,0.008000,0.038114,0.1447,0.000232,0.024543,0.000394,-854.1171730363484,-89.34875626204484,-307.4312391753506,-391.8403303295004,-0.016845,0.015140,6488.7,6131.9,0.075463,-0.000957,0.000000,2.1283,1.0000,,,,,
2.5800,1778670397.053640,215,3.886043,0.115152,0.028263,2.0623,0.0301,0.017367,3.844931,0.121733,0.025078,2.1306,3.897541,0.115668,0.028356,2.1164,0.0070,0.014641,0.163412,0.0000,3.897541,-0.000046,-0.000055,0.7456,0.000000,-0.224664,411.2144,0,1,clay,1.0000,0.500000,0,0,0.000000,0.000000,0.000000,0,nan,0.00,0.000000,0.1913,0.2519,0.000000,-1.3035,0.49,4.47,5.45,4.52,0.121733,1.4516,1.3850,0.008000,0.077836,0.7249,-0.014726,0.041368,-0.001644,-916.7086244900134,192.27419004591795,-347.12871512028624,-432.17061811013593,-0.018948,0.012247,6490.2,6130.4,0.072816,0.009822,0.000000,2.1155,1.0000,,,,,
2.5920,1778670397.065558,216,3.892561,0.138186,0.026752,2.0270,-0.0300,0.015414,3.870401,0.122578,0.025254,2.1190,3.903972,0.138638,0.026841,2.0992,0.0007,0.013918,0.148863,0.0000,3.903972,-0.000046,-0.000007,0.7456,0.000000,-0.185575,415.1955,0,1,clay,1.0000,0.500000,0,0,0.000000,0.000000,0.000000,0,nan,0.00,0.000000,0.1900,0.2543,0.000000,-1.3058,0.48,4.47,5.44,4.45,0.122578,1.4616,1.3734,0.008000,0.034689,-0.0919,-0.031525,0.040024,0.012113,-761.8018721921395,-182.6067377498113,-287.8775308095013,-407.72456361477145,-0.014905,0.015152,6494.0,6126.6,0.066268,0.018897,0.000000,2.0984,1.0000,,,,,
2.6040,1778670397.077630,217,3.862425,0.183600,0.019876,2.1088,0.0007,0.015319,3.895747,0.123408,0.025440,2.1093,3.873902,0.183970,0.019962,2.1011,0.0007,0.013368,0.125104,0.0000,3.873902,-0.000043,-0.000204,0.7456,0.000000,-0.154611,417.6696,0,1,clay,1.0000,0.500000,0,0,0.000000,0.000000,0.000000,0,nan,0.00,0.000000,0.1887,0.2566,0.000000,-1.3076,0.50,4.50,5.50,4.68,0.123408,1.4028,1.3637,0.008000,0.140002,-0.4294,-0.049296,0.031823,-0.002594,-800.361096064717,-148.90874829392357,-294.8408840950941,-411.4683726250755,-0.014326,0.014552,6500.0,6120.5,0.055686,-0.023658,0.000000,2.1004,1.0000,,,,,
2.6160,1778670397.089606,218,3.912491,0.226078,0.026158,2.1877,-0.0629,0.017213,3.920957,0.124276,0.025639,2.0968,3.924161,0.226461,0.026243,2.1179,-0.0098,0.013137,0.102151,0.0000,3.924161,-0.000044,0.000163,0.7456,0.000000,-0.090154,417.5781,0,1,clay,1.0000,0.500000,0,0,0.000000,0.000000,0.000000,0,nan,0.00,0.000000,0.1875,0.2588,0.000000,-1.3087,0.51,4.48,5.49,4.36,0.124276,1.4142,1.3513,0.008000,0.032625,-0.0276,-0.045423,0.020600,-0.001857,-734.3437228385498,24.867338327319374,-206.64653710142932,-326.6388538224211,-0.008218,0.020079,6505.9,6114.7,0.045480,-0.072547,0.000000,2.1173,1.0000,,,,,
2.6280,1778670397.101603,219,3.986289,0.038334,0.014491,2.0480,-0.0699,0.012292,3.946024,0.125057,0.025807,2.0838,3.997881,0.038513,0.014571,2.1043,-0.0194,0.012230,0.062021,0.0000,3.997881,-0.000002,0.001048,0.7458,0.000000,0.014909,406.7446,0,1,clay,1.0000,0.500000,0,0,0.000000,0.000000,0.000000,0,nan,0.00,0.000000,0.1862,0.2608,0.000000,-1.3085,0.51,4.48,5.51,4.48,0.125057,1.4238,1.3379,0.008000,0.114472,-0.7756,-0.054836,0.011629,-0.004552,-798.5574213251774,221.16807417506266,-118.88034167035086,-218.83778275949922,-0.002043,0.024654,6516.1,6104.4,0.027604,-0.020154,0.000000,2.1039,1.0000,,,,,
2.6400,1778670397.113547,220,3.963384,0.162133,0.033221,2.0280,-0.0187,0.016942,3.970936,0.125826,0.025991,2.0720,3.974855,0.162529,0.033300,2.0894,-0.0187,0.012207,0.038254,0.0000,3.974855,-0.000023,0.000728,0.7457,0.000000,0.084885,415.3732,0,1,clay,1.0000,0.500000,0,0,0.000000,0.000000,0.000000,0,nan,0.00,0.000000,0.1849,0.2628,0.000000,-1.3075,0.51,4.47,5.48,4.42,0.125826,1.4344,1.3263,0.008000,0.099293,0.5436,-0.066402,0.017016,0.003624,-434.52806890202476,-51.700485759603794,-126.33440530631373,-180.37997585813926,-0.002428,0.024435,6522.3,6098.3,0.016854,-0.021577,0.000000,2.0892,1.0000,,,,,
2.6520,1778670397.125521,221,4.092817,0.201199,0.034415,2.0791,-0.0878,0.016542,3.995682,0.126634,0.026186,2.0582,4.104234,0.201543,0.034494,2.0873,-0.0295,0.012087,0.013765,0.0000,4.104234,0.000140,0.001101,0.7467,0.000000,0.196747,419.2942,0,1,clay,1.0000,0.500000,0,0,0.000000,0.000000,0.000000,0,nan,0.00,0.000000,0.1837,0.2646,0.000000,-1.3051,0.50,4.46,5.46,4.42,0.126634,1.4456,1.3115,0.008000,0.090363,0.4343,-0.059619,0.006152,-0.002570,-541.2289427002456,57.84116308772076,-25.816597517468594,-44.400472342128225,0.003736,0.030480,6528.6,6092.0,0.005872,-0.055887,0.000000,2.0872,1.0000,,,,,
2.6640,1778670397.137521,222,4.037841,0.072036,0.038255,2.0300,-0.0123,0.013266,4.020256,0.127347,0.026337,2.0431,4.049158,0.072437,0.038330,2.0761,-0.0258,0.011590,-0.011953,0.0000,4.049158,0.000066,0.001473,0.7462,0.000000,0.258703,411.2147,0,1,clay,1.0000,0.500000,0,0,0.000000,0.000000,0.000000,0,nan,0.00,0.000000,0.1825,0.2664,0.000000,-1.3020,0.50,4.48,5.47,4.59,0.127347,1.4542,1.2968,0.008000,0.191051,0.4621,-0.071546,0.006689,0.002284,-501.4961784488966,371.4880307466695,-42.30169972325298,-23.223355605626523,0.002209,0.027975,6535.3,6085.3,-0.005751,-0.045022,0.000000,2.0762,1.0000,,,,,
2.6760,1778670397.149531,223,3.988113,0.169612,0.019505,2.0638,0.0143,0.013449,4.044647,0.128054,0.026501,2.0274,3.999412,0.169839,0.019578,2.0735,-0.0185,0.011248,-0.039962,0.0000,3.999412,-0.000001,0.001071,0.7458,0.000000,0.297615,418.0040,0,1,clay,1.0000,0.500000,0,0,0.000000,0.000000,0.000000,0,nan,0.00,0.000000,0.1813,0.2680,0.000000,-1.2985,0.48,4.46,5.43,4.35,0.128054,1.4636,1.2816,0.008000,0.096665,-0.2629,-0.072384,0.000628,-0.016400,-384.69307024951,43.82895489893082,-87.23273874566017,-28.431418225277653,-0.001554,0.023396,6542.4,6078.1,-0.018267,-0.073473,0.000000,2.0738,1.0000,,,,,
2.6880,1778670397.161674,224,4.013518,0.125780,0.029532,2.0259,-0.0392,0.014378,4.068840,0.128813,0.026684,2.0106,4.024804,0.126101,0.029603,2.0641,-0.0213,0.011018,-0.069727,0.0000,4.024804,0.000031,0.001364,0.7460,0.000000,0.361597,415.9128,0,1,clay,1.0000,0.500000,0,0,0.000000,0.000000,0.000000,0,nan,0.00,0.000000,0.1801,0.2694,0.000000,-1.2941,0.50,4.48,5.48,4.54,0.128813,1.4741,1.2646,0.008000,0.095503,-0.0165,-0.068269,0.009941,0.000147,-390.1125781890971,62.71115866972946,-49.83887585277472,59.3243733831994,0.000272,0.024933,6550.0,6070.5,-0.031506,-0.064873,0.000000,2.0645,1.0000,,,,,
2.7000,1778670397.173536,225,4.047115,0.117316,0.032340,2.0269,0.0393,0.012694,4.092835,0.129499,0.026829,1.9938,4.058354,0.117726,0.032409,2.0567,-0.0108,0.010692,-0.091582,0.0000,4.058354,0.000079,0.001471,0.7463,0.000000,0.430612,417.3290,0,1,clay,1.0000,0.500000,0,0,0.000000,0.000000,0.000000,0,nan,0.00,0.000000,0.1789,0.2708,0.000000,-1.2890,0.50,4.48,5.47,4.49,0.129499,1.4824,1.2475,0.008000,0.072762,0.2353,-0.056890,0.021555,-0.004707,-382.29267950804245,286.68104997344227,-119.43692735870579,-0.11757473774783023,-0.005375,0.018528,6555.7,6064.9,-0.041310,-0.076820,0.000000,2.0572,1.0000,,,,,
2.7120,1778670397.185575,226,4.073059,0.172993,0.027278,2.0202,-0.0239,0.012277,4.116611,0.130112,0.026950,1.9758,4.084269,0.173331,0.027345,2.0494,-0.0126,0.010300,-0.112615,0.0000,4.084269,0.000116,0.001335,0.7466,0.000000,0.496356,423.5116,0,1,clay,1.0000,0.500000,0,0,0.000000,0.000000,0.000000,0,nan,0.00,0.000000,0.1777,0.2720,0.000000,-1.2830,0.50,4.46,5.45,4.34,0.130112,1.4894,1.2293,0.008000,0.020471,0.3426,-0.063575,0.014814,-0.009972,-170.35673897170852,91.889245869126,-91.78552813800817,50.078547646408,-0.003944,0.019226,6561.1,6059.5,-0.050764,-0.089548,0.000000,2.0500,1.0000,,,,,
2.7240,1778670397.197695,227,4.042312,0.167801,0.020412,1.9314,0.0010,0.014467,4.140176,0.130801,0.027108,1.9582,4.053465,0.168077,0.020480,2.0263,-0.0100,0.010267,-0.136463,0.0000,4.053465,0.000072,0.001475,0.7463,0.000000,0.539100,426.9711,0,1,clay,1.0000,0.500000,0,0,0.000000,0.000000,0.000000,0,nan,0.00,0.000000,0.1765,0.2731,0.000000,-1.2765,0.52,4.48,5.53,4.60,0.130801,1.7574,1.2119,0.008000,0.114092,-0.4093,-0.101020,0.022002,-0.010291,-282.1120055691069,-38.69756193720198,-105.27334470232631,65.5816686260946,-0.005511,0.017948,6567.2,6053.3,-0.061460,-0.060666,0.000000,2.0271,1.0000,,,,,
2.7360,1778670397.209512,228,4.195833,0.113175,0.023691,1.8718,-0.0444,0.010661,4.163522,0.131417,0.027227,1.9390,4.206835,0.113446,0.023754,1.9961,-0.0152,0.009658,-0.166941,0.0000,4.206835,0.000126,-0.001884,0.7466,0.000000,0.655911,435.6072,0,1,clay,1.0000,0.500000,0,0,0.000000,0.000000,0.000000,0,nan,0.00,0.000000,0.1754,0.2740,0.000000,-1.2687,0.52,4.49,5.52,4.53,0.131417,1.7642,1.1923,0.008000,0.072697,0.4524,-0.113435,0.015217,-0.012444,-460.4135475546198,184.95798020516955,-54.36449287440493,156.83142264605186,-0.001855,0.020758,6575.0,6045.6,-0.075023,-0.045972,0.000000,1.9970,1.0000,,,,,
2.7480,1778670397.221630,229,4.240393,0.124013,0.026730,1.8970,-0.0099,0.009502,4.186638,0.131998,0.027333,1.9193,4.251299,0.124317,0.026790,1.9766,-0.0139,0.009056,-0.197186,0.0000,4.251299,-0.000005,-0.004102,0.7458,0.000000,0.763214,442.9581,0,1,clay,1.0000,0.500000,0,0,0.000000,0.000000,0.000000,0,nan,0.00,0.000000,0.1743,0.2748,0.000000,-1.2595,0.52,4.49,5.52,4.50,0.131998,1.7703,1.1735,0.008000,0.072748,-0.4464,-0.115581,0.023592,-0.001078,-393.3949971329509,260.56855991683346,-52.373985902753276,172.66809060081485,-0.002026,0.019460,6582.8,6037.7,-0.088663,-0.072704,0.000000,1.9777,1.0000,,,,,
2.7600,1778670397.233480,230,4.154400,0.166246,0.034991,2.0232,0.0250,0.013357,4.209501,0.132667,0.027495,1.8975,4.165294,0.166681,0.035051,1.9853,-0.0071,0.009198,-0.220141,0.0000,4.165294,0.000170,-0.000316,0.7469,0.000000,0.806034,439.4676,0,1,clay,1.0000,0.500000,0,0,0.000000,0.000000,0.000000,0,nan,0.00,0.000000,0.1731,0.2755,0.000000,-1.2498,0.50,4.48,5.49,4.46,0.132667,1.7796,1.1506,0.008000,0.163812,-0.0408,-0.102219,0.032256,-0.001866,-110.94634553317388,-52.893591943320516,-93.00592514287064,128.77451589133418,-0.006135,0.015414,6588.8,6031.8,-0.099051,-0.138772,0.000000,1.9865,1.0000,,,,,
2.7720,1778670397.246172,231,4.409748,0.191816,0.024339,1.8719,0.0695,0.014486,4.232116,0.133392,0.027675,1.8778,4.420507,0.192210,0.024400,1.9629,0.0056,0.009461,-0.256205,0.0000,4.420507,-0.000626,0.001813,0.7419,0.000000,0.966780,461.9179,0,1,clay,1.0000,0.500000,0,0,0.000000,0.000000,0.000000,0,nan,0.00,0.000000,0.1720,0.2760,0.000000,-1.2382,0.50,4.56,5.56,4.98,0.133392,1.7899,1.1359,0.008000,0.189787,-0.8681,-0.110606,0.034806,-0.008654,-210.76829811891565,138.6723726323227,-173.2269618380256,25.912061715758,-0.014128,0.008159,6598.0,6022.6,-0.115075,-0.080290,0.000000,1.9643,1.0000,,,,,
2.7840,1778670397.257524,232,4.192320,0.113387,0.026798,1.8363,0.0251,0.010715,4.254475,0.134000,0.027803,1.8559,4.203060,0.113822,0.026858,1.9379,0.0085,0.009057,-0.283936,0.0000,4.203060,0.000133,-0.001721,0.7467,0.000000,0.987287,449.6177,0,1,clay,1.0000,0.500000,0,0,0.000000,0.000000,0.000000,0,nan,0.00,0.000000,0.1709,0.2763,0.000000,-1.2264,0.49,4.54,5.53,4.44,0.134000,1.7972,1.1092,0.008000,0.062160,0.3493,-0.130014,0.045939,0.009277,-621.1256952951113,273.04651591180135,-186.19371293767108,1.8417632694311266,-0.015744,0.005989,6605.2,6015.3,-0.127735,-0.074235,0.000000,1.9395,1.0000,,,,,
2.7960,1778670397.269499,233,4.254498,0.175041,0.028910,1.8209,-0.0552,0.008166,4.276582,0.134594,0.027935,1.8351,4.265076,0.175423,0.028965,1.9149,-0.0021,0.008332,-0.301080,0.0000,4.265076,-0.000067,-0.004752,0.7454,0.000000,1.040977,463.4560,0,1,clay,1.0000,0.500000,0,0,0.000000,0.000000,0.000000,0,nan,0.00,0.000000,0.1698,0.2765,0.000000,-1.2139,0.49,4.53,5.51,4.46,0.134594,1.8048,1.0897,0.008000,0.049100,-0.1029,-0.140579,0.024708,0.002127,-262.87430587063045,111.3149690531547,-118.78868189703587,115.37664521477117,-0.008589,0.011871,6609.6,6011.0,-0.135346,-0.083995,0.000000,1.9166,1.0000,,,,,
2.8080,1778670397.281502,234,4.266152,0.112180,0.024920,1.9107,-0.0038,0.013725,4.298421,0.135296,0.028122,1.8124,4.276676,0.112519,0.024976,1.9136,-0.0023,0.008594,-0.334253,0.0000,4.276676,-0.000124,-0.005144,0.7451,0.000000,1.107142,461.2780,0,1,clay,1.0000,0.500000,0,0,0.000000,0.000000,0.000000,0,nan,0.00,0.000000,0.1687,0.2765,0.000000,-1.2006,0.49,4.52,5.49,4.46,0.135296,1.8155,1.0673,0.008000,0.013034,-0.4904,-0.132123,0.016300,0.002694,37.169772436783916,17.271571815240502,-121.19531769806844,141.24042202697999,-0.008761,0.012328,6618.1,6002.5,-0.150113,-0.135984,0.000000,1.9154,1.0000,,,,,
2.8200,1778670397.293523,235,4.287225,0.232762,0.026364,1.8260,0.0816,0.013440,4.320013,0.135935,0.028266,1.7924,4.297616,0.233197,0.026422,1.8962,0.0114,0.008835,-0.355525,0.0000,4.297616,-0.000236,-0.005491,0.7444,0.000000,1.168420,477.0569,0,1,clay,1.0000,0.500000,0,0,0.000000,0.000000,0.000000,0,nan,0.00,0.000000,0.1676,0.2764,0.000000,-1.1866,0.48,4.51,5.47,4.46,0.135935,1.8238,1.0480,0.008000,0.053477,-0.1152,-0.140048,0.042172,0.016369,-584.9841528103763,237.06268406842503,-201.48015704860876,-8.5775939677915,-0.017635,0.004052,6623.5,5997.0,-0.159657,-0.111317,0.000000,1.8981,1.0000,,,,,
2.8320,1778670397.305554,236,4.463409,0.133843,0.031765,1.7507,-0.0808,0.008260,4.341341,0.136466,0.028367,1.7698,4.473639,0.134230,0.031818,1.8675,-0.0039,0.008115,-0.374410,0.0000,4.473639,-0.000327,0.009914,0.7438,0.000000,1.292617,491.4908,0,1,clay,1.0000,0.500000,0,0,0.000000,0.000000,0.000000,0,nan,0.00,0.000000,0.1666,0.2761,0.000000,-1.1711,0.48,4.50,5.47,4.45,0.136466,1.8295,1.0260,0.008000,0.211031,0.5878,-0.143095,0.019280,0.014376,-477.17887919034,327.7530833782039,-118.50346038779847,162.5676998756269,-0.007435,0.013146,6628.4,5992.2,-0.168142,-0.081886,0.000000,1.8696,1.0000,,,,,
2.8440,1778670397.317560,237,4.404747,0.170411,0.030383,1.8288,-0.0093,0.008714,4.362403,0.137048,0.028496,1.7477,4.414924,0.170774,0.030434,1.8596,-0.0046,0.007703,-0.377838,0.0000,4.414924,-0.000634,0.001135,0.7419,0.000000,1.334980,490.7255,0,1,clay,1.0000,0.500000,0,0,0.000000,0.000000,0.000000,0,nan,0.00,0.000000,0.1655,0.2756,0.000000,-1.1551,0.49,4.49,5.46,4.40,0.137048,1.8369,1.0058,0.008000,0.052232,0.3245,-0.117702,-0.002212,-0.008102,104.85719057109966,89.64080692670353,-112.14437347735439,162.45833405949878,-0.006495,0.013163,6629.4,5991.1,-0.169953,-0.139664,0.000000,1.8617,1.0000,,,,,
2.8560,1778670397.329555,238,4.312576,0.101884,0.034238,1.7158,-0.0497,0.013790,4.383200,0.137684,0.028648,1.7278,4.322571,0.102240,0.034290,1.8313,-0.0117,0.007981,-0.395868,0.0000,4.322571,-0.000372,-0.005300,0.7435,0.000000,1.334134,485.1247,0,1,clay,1.0000,0.500000,0,0,0.000000,0.000000,0.000000,0,nan,0.00,0.000000,0.1645,0.2750,0.000000,-1.1390,0.49,4.48,5.46,4.47,0.137684,0.8766,0.9843,0.008000,0.139104,0.3748,-0.123384,-0.017579,-0.008795,-57.95136458872844,120.79381851444654,-85.0996212223641,267.65903918701656,-0.002386,0.018517,6634.1,5986.5,-0.178008,-0.090127,0.000000,1.8335,1.0000,,,,,
2.8680,1778670397.341608,239,4.427360,0.078714,0.029052,1.6628,0.0150,0.009111,4.403743,0.138256,0.028753,1.7038,4.437209,0.079039,0.029103,1.7981,-0.0070,0.007616,-0.413571,0.0000,4.437209,-0.000577,0.004038,0.7422,0.000000,1.399811,505.3379,0,1,clay,1.0000,0.500000,0,0,0.000000,0.000000,0.000000,0,nan,0.00,0.000000,0.1634,0.2742,0.000000,-1.1222,0.50,4.49,5.48,4.53,0.138256,0.8826,0.9616,0.008000,0.114925,-0.3964,-0.162809,-0.000729,0.008474,-326.22699653944386,316.75766094008696,-115.69459932001922,199.58189879834836,-0.005129,0.015273,6638.6,5982.0,-0.185833,-0.070941,0.000000,1.8004,1.0000,,,,,
2.8800,1778670397.353645,240,4.412090,0.026183,0.030871,1.5321,-0.0811,0.008926,4.424009,0.138758,0.028826,1.6809,4.421706,0.026445,0.030920,1.7461,-0.0185,0.007140,-0.425684,0.0000,4.421706,-0.000623,0.001963,0.7419,0.000000,1.435859,515.3716,0,1,clay,1.0000,0.500000,0,0,0.000000,0.000000,0.000000,0,nan,0.00,0.000000,0.1624,0.2733,0.000000,-1.1050,0.51,4.49,5.51,4.51,0.138758,0.8868,0.9389,0.008000,0.267844,0.3165,-0.188759,-0.032807,-0.005177,-216.5763192174787,331.6740981557059,-63.33324011504672,354.6259478151888,0.003145,0.023345,6641.7,5978.8,-0.191358,-0.004123,0.000000,1.7485,1.0000,,,,,
2.8920,1778670397.365512,241,4.532247,0.149689,0.019862,1.6452,0.0809,0.011466,4.444016,0.139370,0.028960,1.6591,4.541729,0.149943,0.019912,1.7260,-0.0020,0.007338,-0.445438,0.0000,4.541729,0.000761,0.020301,0.7506,0.000000,1.522998,544.3911,0,1,clay,1.0000,0.500000,0,0,0.000000,0.000000,0.000000,0,nan,0.00,0.000000,0.1614,0.2722,0.000000,-1.0867,0.50,4.48,5.48,4.43,0.139370,0.8945,0.9085,0.008000,0.138462,-0.4527,-0.181038,-0.017448,-0.006909,208.14662828354548,93.4015816531952,-156.53246668484124,129.3121787493136,-0.008542,0.012179,6646.8,5973.8,-0.200159,-0.093129,0.000000,1.7285,1.0000,,,,,
2.9040,1778670397.377510,242,4.425962,0.119578,0.030455,1.6769,-0.0749,0.012937,4.463761,0.140010,0.029106,1.6395,4.435355,0.119863,0.030506,1.7159,-0.0135,0.007519,-0.468455,0.0000,4.435355,-0.000584,0.003777,0.7422,0.000000,1.540659,530.7608,0,1,clay,1.0000,0.500000,0,0,0.000000,0.000000,0.000000,0,nan,0.00,0.000000,0.1604,0.2710,0.000000,-1.0683,0.49,4.49,5.48,4.51,0.140010,0.9029,0.8973,0.008000,0.069549,0.0377,-0.166263,-0.014274,0.008594,71.32828311963522,48.57978380391003,-109.24112012544543,299.471887617634,-0.000817,0.020800,6652.7,5967.9,-0.210520,-0.118678,0.000000,1.7185,1.0000,,,,,
2.9160,1778670397.389484,243,4.546436,0.132409,0.033170,1.5739,-0.0195,0.010723,4.483254,0.140602,0.029222,1.6169,4.555660,0.132710,0.033220,1.6878,-0.0140,0.007401,-0.486202,0.0000,4.555660,0.001047,0.020528,0.7524,0.000000,1.619606,556.8525,0,1,clay,1.0000,0.500000,0,0,0.000000,0.000000,0.000000,0,nan,0.00,0.000000,0.1594,0.2696,0.000000,-1.0488,0.49,4.47,5.44,4.36,0.140602,0.9095,0.8645,0.008000,0.079724,0.4202,-0.189619,-0.031349,-0.009462,-302.6900243323126,-155.45113940138697,-115.48581720379514,305.5828473628243,-0.000392,0.021383,6657.2,5963.3,-0.218393,-0.066283,0.000000,1.6905,1.0000,,,,,
2.9280,1778670397.401567,244,4.469244,0.039272,0.025498,1.5112,0.1134,0.007565,4.502485,0.141153,0.029324,1.5949,4.478244,0.039617,0.025545,1.6531,0.0067,0.007044,-0.502378,0.0000,4.478244,-0.000280,0.010757,0.7441,0.000000,1.640536,551.9541,0,1,clay,1.0000,0.500000,0,0,0.000000,0.000000,0.000000,0,nan,0.00,0.000000,0.1584,0.2681,0.000000,-1.0291,0.49,4.48,5.45,4.53,0.141153,0.9154,0.8509,0.008000,0.202267,-0.1036,-0.204770,0.004486,0.008895,-326.91702391473507,496.591674450879,-212.80039189024706,-2.2381301919454444,-0.014988,0.005862,6661.4,5959.1,-0.225711,-0.033619,0.000000,1.6558,1.0000,,,,,
2.9400,1778670397.413492,245,4.490659,0.138241,0.029454,1.5732,0.0287,0.010820,4.521455,0.141769,0.029456,1.5739,4.499567,0.138639,0.029501,1.6370,0.0099,0.007091,-0.511568,0.0000,4.499567,-0.000006,0.014950,0.7458,0.000000,1.665011,564.3555,0,1,clay,1.0000,0.500000,0,0,0.000000,0.000000,0.000000,0,nan,0.00,0.000000,0.1574,0.2664,0.000000,-1.0091,0.48,4.44,5.41,4.25,0.141769,0.9229,0.8281,0.008000,0.169634,-0.1820,-0.190228,-0.007871,-0.018021,41.36090365471307,-33.279941660550605,-229.58698138895127,-47.171642716104245,-0.017631,0.003563,6663.8,5956.8,-0.229817,-0.082810,0.000000,1.6398,1.0000,,,,,
2.9520,1778670397.425534,246,4.474190,0.105401,0.032547,1.5550,0.0295,0.008105,4.540170,0.142400,0.029573,1.5529,4.482949,0.105834,0.032592,1.6205,0.0126,0.006790,-0.530587,0.0000,4.482949,-0.000227,0.011641,0.7444,0.000000,1.684066,564.4355,0,1,clay,1.0000,0.500000,0,0,0.000000,0.000000,0.000000,0,nan,0.00,0.000000,0.1564,0.2646,0.000000,-0.9889,0.48,4.44,5.40,4.44,0.142400,0.9296,0.8085,0.008000,0.145543,0.0769,-0.198410,-0.003306,-0.014425,-33.47731327431643,93.92418762551415,-241.81500781447107,-96.53971991482857,-0.019417,0.001037,6668.6,5952.0,-0.238248,-0.071345,0.000000,1.6234,1.0000,,,,,
2.9640,1778670397.437422,247,4.626088,0.115007,0.034914,1.4873,-0.0546,0.006311,4.558654,0.142977,0.029624,1.5333,4.634678,0.115382,0.034955,1.5941,0.0016,0.006188,-0.539517,0.0000,4.634678,0.002310,0.007333,0.7603,0.000000,1.774177,599.1785,0,1,clay,1.0000,0.500000,0,0,0.000000,0.000000,0.000000,0,nan,0.00,0.000000,0.1554,0.2626,0.000000,-0.9677,0.47,4.43,5.38,4.36,0.142977,0.9325,0.7731,0.008000,0.120685,-0.0100,-0.194625,-0.011723,-0.011059,-148.9665866519258,1023.950836787631,-199.22976483999884,37.28762417900418,-0.010524,0.008771,6670.9,5949.7,-0.242223,-0.041401,0.000000,1.5971,1.0000,,,,,
2.9760,1778670397.449538,248,4.610349,0.080925,0.028665,1.4760,0.0347,0.000750,4.576897,0.143488,0.029621,1.5127,4.618794,0.081261,0.028699,1.5707,0.0067,0.005104,-0.547406,0.0000,4.618794,0.002155,0.011964,0.7593,0.000000,1.820024,602.7255,0,1,clay,1.0000,0.500000,0,0,0.000000,0.000000,0.000000,0,nan,0.00,0.000000,0.1544,0.2604,0.000000,-0.9458,0.47,4.42,5.37,4.37,0.143488,0.9324,0.7534,0.008000,0.007657,-0.0687,-0.183156,-0.018169,-0.026444,-173.80066360748708,-106.94129564588519,-214.94582531044506,-71.16369554386263,-0.013031,0.003066,6673.0,5947.6,-0.245911,-0.038231,0.000000,1.5736,1.0000,,,,,
2.9880,1778670397.461457,249,4.535564,0.169300,0.030324,1.4416,-0.0654,0.007123,4.594896,0.144048,0.029666,1.4924,4.543832,0.169575,0.030357,1.5451,-0.0048,0.004918,-0.560349,0.0000,4.543832,0.000804,0.020384,0.7509,0.000000,1.808452,600.4784,0,1,clay,1.0000,0.500000,0,0,0.000000,0.000000,0.000000,0,nan,0.00,0.000000,0.1535,0.2582,0.000000,-0.9241,0.46,4.40,5.33,4.30,0.144048,0.9350,0.7416,0.008000,0.150910,-0.0750,-0.155494,-0.025629,-0.022245,-39.07894520269525,-585.6946467887219,-175.1355113702371,89.47683327324646,-0.003921,0.012215,6676.3,5944.2,-0.251713,-0.032483,0.000000,1.5481,1.0000,,,,,
3.0000,1778670397.473657,250,4.594674,0.139762,0.023366,1.5340,0.0235,0.007733,4.612661,0.144659,0.029742,1.4746,4.602974,0.140008,0.023400,1.5423,-0.0002,0.004961,-0.563133,0.0000,4.602974,0.001936,0.015586,0.7579,0.000000,1.835656,611.5692,0,1,clay,1.0000,0.500000,0,0,0.000000,0.000000,0.000000,0,nan,0.00,0.000000,0.1525,0.2558,0.000000,-0.9021,0.49,4.41,5.38,4.44,0.144659,0.9393,0.7166,0.008000,0.120573,0.1559,-0.136141,-0.028228,-0.026221,114.3553569685503,-685.1128591896389,-194.30856814576492,20.71017370205533,-0.007658,0.008576,6677.0,5943.5,-0.252939,-0.105786,0.000000,1.5454,1.0000,,,,,
3.0120,1778670397.485600,251,4.643654,0.077629,0.030582,1.4480,-0.0072,0.005766,4.630223,0.145278,0.029811,1.4576,4.651878,0.077923,0.030614,1.5235,-0.0013,0.004689,-0.559770,0.0000,4.651878,0.002385,0.001196,0.7607,0.000000,1.872977,623.1845,0,1,clay,1.0000,0.500000,0,0,0.000000,0.000000,0.000000,0,nan,0.00,0.000000,0.1516,0.2532,0.000000,-0.8796,0.49,4.41,5.40,4.45,0.145278,4.5243,0.6969,0.008000,0.059945,-0.0387,-0.142570,-0.016847,-0.015629,29.324576574992623,757.3591660032723,-189.88433754844226,29.05065910044499,-0.006510,0.009158,6676.2,5944.3,-0.251533,-0.065262,0.000000,1.5265,1.0000,,,,,
3.0240,1778670397.497511,252,4.677153,0.149576,0.026476,1.4119,-0.0013,0.002050,4.647585,0.145864,0.029847,1.4408,4.685267,0.149827,0.026503,1.5013,-0.0012,0.004009,-0.553588,0.0000,4.685267,0.002182,-0.014049,0.7595,0.000000,1.893006,639.6197,0,1,clay,1.0000,0.500000,0,0,0.000000,0.000000,0.000000,0,nan,0.00,0.000000,0.1506,0.2506,0.000000,-0.8569,0.49,4.40,5.39,4.34,0.145864,4.5264,0.6813,0.008000,0.048572,-0.4288,-0.134897,-0.016466,-0.017753,-84.68015714919046,679.2920482194863,-186.38011086061448,7.452650662850587,-0.005584,0.008108,6674.7,5945.8,-0.248897,-0.046018,0.000000,1.5043,1.0000,,,,,
3.0360,1778670397.509520,253,4.606035,0.126911,0.029826,1.4205,0.0304,-0.000149,4.664738,0.146420,0.029853,1.4241,4.614030,0.127207,0.029847,1.4851,0.0037,0.003245,-0.553970,0.0000,4.614030,0.002095,0.013159,0.7589,0.000000,1.865041,627.0056,0,1,clay,1.0000,0.500000,0,0,0.000000,0.000000,0.000000,0,nan,0.00,0.000000,0.1497,0.2478,0.000000,-0.8345,0.49,4.39,5.37,4.33,0.146420,4.5267,0.6651,0.008000,0.089484,0.2049,-0.114726,-0.022318,-0.025904,-73.18754280681237,-252.924626022641,-201.05490517846118,-93.66240895064527,-0.008474,0.002625,6674.8,5945.7,-0.249096,-0.062181,0.000000,1.4881,1.0000,,,,,
3.0480,1778670397.521487,254,4.614045,0.086647,0.027997,1.3946,-0.0134,-0.000528,4.681692,0.146985,0.029851,1.4079,4.621901,0.086899,0.028014,1.4670,0.0009,0.002526,-0.548006,0.0000,4.621901,0.002191,0.011137,0.7595,0.000000,1.850738,631.8697,0,1,clay,1.0000,0.500000,0,0,0.000000,0.000000,0.000000,0,nan,0.00,0.000000,0.1488,0.2449,0.000000,-0.8123,0.48,4.41,5.37,4.50,0.146985,4.5266,0.6484,0.008000,0.076687,-0.1268,-0.115868,-0.027689,-0.028734,-38.64230330113037,571.830934608121,-186.03663525630537,-74.6903790088492,-0.005037,0.003794,6673.3,5947.3,-0.246372,-0.052368,0.000000,1.4700,1.0000,,,,,
3.0600,1778670397.533525,255,4.730686,0.134633,0.025839,1.3641,0.1329,0.000174,4.698456,0.147570,0.029834,1.3919,4.738455,0.134984,0.025853,1.4465,0.0212,0.002219,-0.547984,0.0000,4.738455,0.000597,-0.047383,0.7496,0.000000,1.897726,667.4136,0,1,clay,1.0000,0.500000,0,0,0.000000,0.000000,0.000000,0,nan,0.00,0.000000,0.1479,0.2419,0.000000,-0.7895,0.48,4.39,5.35,4.31,0.147570,4.5257,0.6424,0.008000,0.088436,-0.4258,-0.117953,0.003640,-0.021772,149.13022562175266,560.3001012944059,-256.19123425219516,-388.65394329935737,-0.021896,-0.014599,6673.3,5947.3,-0.246343,-0.039895,0.000000,1.4495,1.0000,,,,,
3.0720,1778670397.545540,256,4.749706,0.112207,0.029353,1.3889,-0.0274,-0.003138,4.715036,0.148094,0.029776,1.3769,4.757389,0.112524,0.029361,1.4349,0.0128,0.001365,-0.529778,0.0000,4.757389,-0.000435,-0.061404,0.7431,0.000000,1.906415,672.5872,0,1,clay,1.0000,0.500000,0,0,0.000000,0.000000,0.000000,0,nan,0.00,0.000000,0.1470,0.2388,0.000000,-0.7667,0.48,4.40,5.36,4.44,0.148094,4.5223,0.6338,0.008000,0.045331,-0.3564,-0.102401,-0.003109,-0.023701,258.7262772012276,637.9878551723281,-220.99960560176692,-294.9026215489977,-0.013444,-0.008904,6668.7,5951.9,-0.238403,-0.067617,0.000000,1.4378,1.0000,,,,,
3.0840,1778670397.557489,257,4.722879,0.137985,0.027671,1.3781,0.1036,-0.005713,4.731450,0.148570,0.029699,1.3626,4.730519,0.138359,0.027674,1.4235,0.0262,0.000538,-0.500463,0.0000,4.730519,0.000951,-0.041707,0.7518,0.000000,1.867639,668.8035,0,1,clay,1.0000,0.500000,0,0,0.000000,0.000000,0.000000,0,nan,0.00,0.000000,0.1461,0.2356,0.000000,-0.7442,0.48,4.40,5.37,4.43,0.148570,4.5179,0.6108,0.008000,0.073286,-0.0882,-0.089697,0.012037,-0.025400,-58.9471172101158,353.0941895311578,-258.5829465385996,-520.405421320371,-0.023754,-0.022624,6661.3,5959.3,-0.225491,-0.061316,0.000000,1.4262,1.0000,,,,,
3.0960,1778670397.569427,258,4.778020,0.136317,0.030280,1.3251,-0.0074,-0.004799,4.747696,0.149042,0.029621,1.3485,4.785546,0.136663,0.030278,1.4040,0.0199,-0.000159,-0.488917,0.0000,4.785546,-0.002377,-0.074346,0.7310,0.000000,1.859712,687.3331,0,1,clay,1.0000,0.500000,0,0,0.000000,0.000000,0.000000,0,nan,0.00,0.000000,0.1452,0.2322,0.000000,-0.7219,0.48,4.39,5.35,4.32,0.149042,4.5134,0.6175,0.008000,0.088465,-0.0326,-0.082366,0.011932,-0.021787,87.21924686783805,34.48453857497492,-232.1528053237942,-457.40939781187745,-0.017361,-0.018616,6658.3,5962.2,-0.220295,-0.040676,0.000000,1.4067,1.0000,,,,,
3.1080,1778670397.581636,259,4.780814,0.148405,0.029716,1.3857,-0.0296,-0.007270,4.763763,0.149532,0.029528,1.3329,4.788355,0.148688,0.029709,1.3999,0.0115,-0.001046,-0.487238,0.0000,4.788355,-0.002587,-0.074999,0.7297,0.000000,1.855651,689.7424,0,1,clay,1.0000,0.500000,0,0,0.000000,0.000000,0.000000,0,nan,0.00,0.000000,0.1443,0.2288,0.000000,-0.6997,0.50,4.38,5.38,4.34,0.149532,4.5081,0.6032,0.008000,0.023970,0.3335,-0.083398,-0.000414,-0.024063,262.75126461510166,307.3113957659934,-194.64527613117463,-360.0752623238719,-0.008362,-0.012689,6657.9,5962.7,-0.219556,-0.089700,0.000000,1.4026,1.0000,,,,,
3.1200,1778670397.593503,260,4.799937,0.067492,0.036904,1.3358,-0.0466,-0.008090,4.779648,0.150034,0.029435,1.3182,4.807370,0.067759,0.036891,1.3871,0.0022,-0.001882,-0.467937,0.0000,4.807370,-0.004037,-0.076382,0.7206,0.000000,1.847898,694.5094,0,1,clay,1.0000,0.500000,0,0,0.000000,0.000000,0.000000,0,nan,0.00,0.000000,0.1434,0.2254,0.000000,-0.6775,0.49,4.40,5.38,4.51,0.150034,4.5028,0.5976,0.008000,0.016235,0.3335,-0.077827,-0.011095,-0.024518,175.54358273415016,251.60176089946756,-147.6877715786431,-245.28058324572964,0.001474,-0.005769,6653.0,5967.6,-0.211001,-0.071154,0.000000,1.3897,1.0000,,,,,
3.1320,1778670397.605582,261,4.738887,0.198554,0.033899,1.3235,0.0850,-0.004966,4.795398,0.150497,0.029367,1.3076,4.746284,0.198871,0.033885,1.3743,0.0147,-0.001987,-0.469753,0.0000,4.746284,0.000203,-0.053222,0.7471,0.000000,1.801291,687.7488,0,1,clay,1.0000,0.500000,0,0,0.000000,0.000000,0.000000,0,nan,0.00,0.000000,0.1425,0.2218,0.000000,-0.6559,0.49,4.41,5.39,4.46,0.150497,4.4989,0.5605,0.008000,0.106116,0.4008,-0.069093,0.004587,-0.025128,-10.91309085545595,-1834.573924292496,-198.66678329579213,-448.96959474207176,-0.009639,-0.017838,6653.4,5967.1,-0.211804,-0.072444,0.000000,1.3769,1.0000,,,,,
3.1440,1778670397.617595,262,4.754609,0.201269,0.033104,1.3176,0.0484,-0.001745,4.811003,0.150912,0.029350,1.2969,4.761964,0.201609,0.033091,1.3629,0.0191,-0.001734,-0.458456,0.0000,4.761964,-0.000723,-0.064299,0.7413,0.000000,1.767251,694.4038,0,1,clay,1.0000,0.500000,0,0,0.000000,0.000000,0.000000,0,nan,0.00,0.000000,0.1416,0.2182,0.000000,-0.6347,0.49,4.40,5.39,4.36,0.150912,4.4979,0.5555,0.008000,0.069197,0.1680,-0.064301,0.010419,-0.022561,-311.2666372670144,-998.8446875784296,-216.66621605458198,-516.4443331676878,-0.014305,-0.021788,6650.5,5970.0,-0.206717,-0.060960,0.000000,1.3654,1.0000,,,,,
3.1560,1778670397.629488,263,4.828875,0.188452,0.024641,1.2967,0.0744,-0.002479,4.826492,0.151347,0.029328,1.2841,4.836124,0.188774,0.024629,1.3497,0.0266,-0.001586,-0.450466,0.0000,4.836124,-0.006152,-0.068416,0.7074,0.000000,1.777201,717.8678,0,1,clay,1.0000,0.500000,0,0,0.000000,0.000000,0.000000,0,nan,0.00,0.000000,0.1408,0.2145,0.000000,-0.6133,0.48,4.41,5.37,4.43,0.151347,4.4967,0.5767,0.008000,0.114181,-0.2077,-0.060142,0.020853,-0.023145,62.519613688520565,-208.80073345971255,-244.841524145755,-640.7853172850056,-0.021731,-0.028994,6648.4,5972.1,-0.203088,-0.063888,0.000000,1.3521,1.0000,,,,,
3.1680,1778670397.642069,264,4.790406,0.071569,0.023586,1.2108,-0.0676,-0.008822,4.841824,0.151780,0.029254,1.2712,4.797507,0.071778,0.023569,1.3224,0.0112,-0.002398,-0.437993,0.0000,4.797507,-0.003281,-0.076325,0.7253,0.000000,1.758730,710.7185,0,1,clay,1.0000,0.500000,0,0,0.000000,0.000000,0.000000,0,nan,0.00,0.000000,0.1399,0.2108,0.000000,-0.5922,0.48,4.41,5.37,4.43,0.151780,4.4925,0.5459,0.008000,0.115856,-0.1426,-0.066988,-0.010877,-0.029739,67.21417166712891,899.3723281127243,-180.8410396583999,-429.70140032959546,-0.005953,-0.016190,6645.3,5975.3,-0.197602,0.004589,0.000000,1.3248,1.0000,,,,,
3.1800,1778670397.653491,265,4.826288,0.158209,0.024525,1.2614,-0.0080,-0.007901,4.857015,0.152174,0.029165,1.2590,4.833303,0.158396,0.024505,1.3102,0.0078,-0.002867,-0.424618,0.0000,4.833303,-0.005957,-0.069734,0.7086,0.000000,1.747659,725.9649,0,1,clay,1.0000,0.500000,0,0,0.000000,0.000000,0.000000,0,nan,0.00,0.000000,0.1391,0.2070,0.000000,-0.5713,0.47,4.42,5.37,4.50,0.152174,4.4874,0.5504,0.008000,0.084528,-0.2849,-0.069462,-0.009890,-0.027900,48.10203213912194,-939.1249432722784,-161.53718778294387,-394.9915520763458,-0.001809,-0.013989,6641.9,5978.7,-0.191641,-0.029445,0.000000,1.3125,1.0000,,,,,
3.1920,1778670397.665448,266,4.833014,0.177724,0.031776,1.2584,0.0249,-0.009156,4.872084,0.152518,0.029077,1.2486,4.839973,0.177969,0.031753,1.2997,0.0100,-0.003339,-0.418956,0.0000,4.839973,-0.006412,-0.066430,0.7058,0.000000,1.730921,730.4162,0,1,clay,1.0000,0.500000,0,0,0.000000,0.000000,0.000000,0,nan,0.00,0.000000,0.1382,0.2032,0.000000,-0.5505,0.46,4.43,5.36,4.49,0.152518,4.4823,0.5429,0.008000,0.051467,0.2320,-0.071458,-0.015497,-0.032526,-0.9519473740194258,-78.64533982434178,-166.42257678738218,-453.7878925747862,-0.003007,-0.017402,6640.4,5980.1,-0.189115,-0.032715,0.000000,1.3020,1.0000,,,,,
3.2040,1778670397.677691,267,4.842287,0.155638,0.035960,1.2617,-0.0760,-0.008928,4.887072,0.152779,0.028982,1.2421,4.849234,0.155825,0.035933,1.2921,-0.0033,-0.003826,-0.394896,0.0000,4.849234,-0.007002,-0.060757,0.7021,0.000000,1.706510,732.3463,0,1,clay,1.0000,0.500000,0,0,0.000000,0.000000,0.000000,0,nan,0.00,0.000000,0.1374,0.1993,0.000000,-0.5300,0.47,4.42,5.36,4.33,0.152779,-9.2414,0.5400,0.008000,0.084493,0.3265,-0.060915,-0.029198,-0.030635,-173.75298207119255,-776.1817794038961,-98.54238855732726,-249.00921214280794,0.011053,-0.005036,6634.3,5986.2,-0.178468,-0.036117,0.000000,1.2942,1.0000,,,,,
3.2160,1778670397.689484,268,4.903152,-0.029607,0.026704,1.1584,0.0586,-0.007121,4.901950,0.153071,0.028924,1.2307,4.909929,-0.029431,0.026678,1.2658,0.0060,-0.003799,-0.386274,0.0000,4.909929,-0.008888,0.007754,0.6903,0.000000,1.739677,763.9845,0,1,clay,1.0000,0.500000,0,0,0.000000,0.000000,0.000000,0,nan,0.00,0.000000,0.1365,0.1953,0.000000,-0.5091,0.47,4.42,5.35,4.43,0.153071,-9.2447,0.5404,0.008000,0.185152,-0.1661,-0.083313,-0.010919,-0.027023,297.3104706126701,-429.5262997585046,-141.35682602581366,-419.06299340889205,0.001890,-0.014943,6632.1,5988.5,-0.174586,0.034820,0.000000,1.2679,1.0000,,,,,
3.2280,1778670397.701563,269,4.958024,0.253219,0.041033,1.2892,0.0049,-0.006958,4.916706,0.153418,0.028855,1.2213,4.964839,0.253490,0.041005,1.2700,0.0056,-0.003861,-0.374990,0.0000,4.964839,-0.005678,0.116009,0.7103,0.000000,1.734153,777.0933,0,1,clay,1.0000,0.500000,0,0,0.000000,0.000000,0.000000,0,nan,0.00,0.000000,0.1357,0.1914,0.000000,-0.4883,0.47,4.43,5.37,4.46,0.153418,-9.2487,0.5109,0.008000,0.180855,0.2481,-0.068298,-0.005106,-0.024662,259.8073022805536,8.431515407717598,-135.9746828793951,-412.83381188326086,0.002462,-0.014564,6629.3,5991.3,-0.169694,-0.068218,0.000000,1.2720,1.0000,,,,,
3.2400,1778670397.713528,270,4.985795,0.134959,0.030747,1.2971,-0.0497,0.000806,4.931359,0.153749,0.028839,1.2114,4.992638,0.135117,0.030726,1.2749,-0.0029,-0.003099,-0.367092,0.0000,4.992638,-0.001465,0.186342,0.7367,0.000000,1.739139,779.3572,0,1,clay,1.0000,0.500000,0,0,0.000000,0.000000,0.000000,0,nan,0.00,0.000000,0.1349,0.1874,0.000000,-0.4674,0.47,4.42,5.36,4.42,0.153749,-9.2497,0.4747,0.008000,0.123712,-0.1684,-0.050445,-0.025636,-0.026955,-84.71596712966671,-1837.4961436187948,-101.96648453789011,-236.6713822529201,0.009323,-0.003952,6627.3,5993.3,-0.166193,-0.065621,0.000000,1.2769,1.0000,,,,,
3.2520,1778670397.725511,271,4.962384,0.161451,0.035355,1.2811,0.0677,-0.001260,4.945893,0.154022,0.028830,1.1998,4.969220,0.161711,0.035337,1.2757,0.0078,-0.002550,-0.369832,0.0000,4.969220,-0.005145,0.126445,0.7137,0.000000,1.736222,772.0363,0,1,clay,1.0000,0.500000,0,0,0.000000,0.000000,0.000000,0,nan,0.00,0.000000,0.1341,0.1833,0.000000,-0.4466,0.47,4.42,5.35,4.39,0.154022,-9.2502,0.4861,0.008000,0.079202,0.1397,-0.039356,-0.010300,-0.023120,-130.54709460771517,367.041894641849,-155.99711993709207,-399.16576590780096,-0.002434,-0.013763,6628.0,5992.6,-0.167409,-0.070567,0.000000,1.2777,1.0000,,,,,
3.2640,1778670397.737515,272,4.943018,0.241086,0.029920,1.2010,-0.0205,-0.005085,4.960224,0.154173,0.028758,1.1819,4.949766,0.241278,0.029901,1.2608,0.0032,-0.002661,-0.373334,0.0000,4.949766,-0.007172,0.082066,0.7010,0.000000,1.718000,776.1300,0,1,clay,1.0000,0.500000,0,0,0.000000,0.000000,0.000000,0,nan,0.00,0.000000,0.1332,0.1792,0.000000,-0.4260,0.47,4.43,5.36,4.48,0.154173,-9.2543,0.4809,0.008000,0.054321,0.3122,-0.041761,-0.022879,-0.026851,-101.09697356041818,-592.7018712241763,-136.75350270506104,-329.096437849328,0.002391,-0.009427,6628.9,5991.7,-0.168942,-0.067953,0.000000,1.2629,1.0000,,,,,
3.2760,1778670397.749468,273,5.031618,0.140342,0.027224,1.1833,-0.0086,-0.004957,4.974331,0.154401,0.028750,1.1658,5.038284,0.140501,0.027205,1.2454,0.0013,-0.002712,-0.382566,0.0000,5.038284,0.010010,0.300453,0.8146,1.000000,1.773490,808.3274,0,1,clay,1.0000,0.500000,0,0,0.000000,0.000000,0.000000,0,nan,0.00,0.022727,0.1324,0.1751,0.012000,-0.4047,0.46,4.44,5.36,4.50,0.154401,-9.2547,0.3511,0.008000,0.120729,0.2232,-0.031120,-0.014836,-0.022525,-10.699358757878144,-1261.7082510715104,-131.2156632869001,-301.0997643440417,0.004504,-0.007683,6631.2,5989.4,-0.172975,-0.115658,0.000000,1.2475,1.0000,,,,,
3.2880,1778670397.761519,274,5.010846,0.149682,0.025894,1.1639,0.0410,-0.002413,4.988231,0.154711,0.028765,1.1506,5.017437,0.149884,0.025883,1.2293,0.0093,-0.000162,-0.371000,0.0174,5.017437,0.004081,0.252380,0.7737,1.000000,1.778548,805.4447,0,1,clay,1.0000,0.500000,0,0,0.000000,0.000000,0.000000,0,nan,0.00,0.045455,0.1316,0.1710,0.024000,-0.3834,0.46,4.44,5.37,4.47,0.154711,-9.2539,0.3769,0.008000,0.048159,0.0960,-0.036438,-0.005314,-0.021341,1344.3474659298222,-888.6151348137311,-35.03997969089242,-399.1245069625208,0.009840,-0.013370,6628.3,5992.2,-0.168008,-0.146459,1.000000,1.2313,1.0000,,,,,
3.3000,1778670397.773599,275,5.016169,0.242741,0.029412,1.1243,-0.0415,-0.005340,5.001907,0.154905,0.028712,1.1303,5.022681,0.242930,0.029405,1.2084,0.0035,0.001450,-0.391503,0.0294,5.022681,0.005470,0.265155,0.7833,1.000000,1.788597,817.9679,0,1,clay,1.0000,0.500000,0,0,0.000000,0.000000,0.000000,0,nan,0.00,0.068182,0.1308,0.1668,0.036000,-0.3619,0.47,4.42,5.36,4.26,0.154905,-9.2569,0.3470,0.008000,0.075964,-0.1150,-0.047275,-0.016450,-0.021286,-559.3585621740025,-293.92960386261007,95.23863070891295,-273.26970410703916,0.030221,-0.005794,6633.5,5987.0,-0.177092,-0.127242,1.000000,1.2106,1.0000,,,,,
3.3120,1778670397.785643,276,5.021779,0.146743,0.025117,1.0905,-0.0187,-0.005292,5.015333,0.154985,0.028647,1.1089,5.028167,0.146896,0.025115,1.1851,0.0026,0.003110,-0.408185,0.0414,5.028167,0.006998,0.278026,0.7938,1.000000,1.816982,826.4831,0,1,clay,1.0000,0.500000,0,0,0.000000,0.000000,0.000000,0,nan,0.00,0.090909,0.1300,0.1625,0.048000,-0.3401,0.48,4.40,5.37,4.30,0.154985,-9.2607,0.3150,0.008000,0.045250,-0.5978,-0.065231,-0.009710,-0.017704,-292.54769612048995,-549.269978519994,182.5383198414398,-230.45832810708384,0.045542,-0.003185,6637.8,5982.8,-0.184482,-0.143082,1.000000,1.1873,1.0000,,,,,
3.3240,1778670397.797555,277,4.998420,0.106867,0.024357,1.0746,0.0839,0.000331,5.028500,0.155121,0.028641,1.0849,5.004661,0.107111,0.024364,1.1632,0.0171,0.005523,-0.421339,0.0534,5.004661,0.001008,0.219288,0.7527,1.000000,1.844393,825.6066,0,1,clay,1.0000,0.500000,0,0,0.000000,0.000000,0.000000,0,nan,0.00,0.113636,0.1292,0.1582,0.060000,-0.3180,0.48,4.39,5.36,4.34,0.155121,-9.2610,0.3322,0.008000,0.138256,-0.1112,-0.061683,0.002043,-0.016422,-207.99631748971382,242.3757238775909,150.11959773010736,-459.54676095340875,0.041822,-0.016451,6641.1,5979.4,-0.190340,-0.158952,1.000000,1.1655,1.0000,,,,,
3.3360,1778670397.809533,278,5.075827,0.210305,0.029832,1.1445,0.0276,0.000269,5.041396,0.155318,0.028655,1.0704,5.082030,0.210613,0.029847,1.1591,0.0210,0.007716,-0.428442,0.0654,5.082030,0.025596,0.378805,0.9224,1.000000,1.886584,856.7091,0,1,clay,1.0000,0.500000,0,0,0.000000,0.000000,0.000000,0,nan,0.00,0.136364,0.1285,0.1539,0.072000,-0.2953,0.48,4.39,5.35,4.37,0.155318,-9.2602,0.1480,0.008000,0.050815,-0.6181,-0.071055,0.003193,-0.018229,382.22895238886906,-57.82991388525229,196.64894086295155,-483.939282899145,0.050338,-0.017828,6643.0,5977.6,-0.193532,-0.273835,1.000000,1.1614,1.0000,,,,,
3.3480,1778670397.821477,279,5.108189,0.107851,0.029185,1.1088,0.0655,0.002634,5.054038,0.155603,0.028691,1.0480,5.114317,0.108217,0.029210,1.1489,0.0299,0.010112,-0.439225,0.0773,5.114317,0.039247,0.418710,1.0159,1.000000,1.940758,872.8483,0,1,clay,1.0000,0.500000,0,0,0.000000,0.000000,0.000000,0,nan,0.00,0.159091,0.1277,0.1496,0.084000,-0.2720,0.47,4.39,5.34,4.41,0.155603,-9.2581,0.0321,0.008000,0.032706,-0.0705,-0.086920,0.016953,-0.017208,204.0998205154533,305.21171264854104,201.55889834170483,-607.1732024264127,0.052419,-0.024760,6645.7,5974.8,-0.198379,-0.256302,1.000000,1.1513,1.0000,,,,,
3.3600,1778670397.833546,280,4.953140,0.197048,0.022497,1.0520,-0.1310,0.002496,5.066437,0.155942,0.028718,1.0292,4.959173,0.197247,0.022530,1.1298,0.0089,0.012050,-0.420486,0.0893,4.959173,-0.006301,0.102888,0.7064,-1.000000,1.857076,818.5669,0,1,clay,1.0000,0.500000,0,0,0.000000,0.000000,0.000000,0,nan,0.00,0.136364,0.1269,0.1451,0.072000,-0.2498,0.47,4.43,5.38,4.68,0.155942,-9.2566,0.3228,0.008000,0.146745,-0.7211,-0.106649,-0.020238,-0.017018,-276.48072628620037,-355.8012496169157,392.95369161082345,-132.0878483343052,0.089664,0.002823,6641.1,5979.5,-0.190233,-0.240403,1.000000,1.1321,1.0000,,,,,
3.3720,1778670397.845586,281,5.014066,0.160062,0.032979,1.0562,-0.0766,0.008092,5.078602,0.156400,0.028799,1.0094,5.020068,0.160255,0.033012,1.1151,-0.0038,0.010342,-0.413068,0.0666,5.020068,0.004769,0.258847,0.7785,1.000000,1.839784,842.8661,0,1,clay,1.0000,0.500000,0,0,0.000000,0.000000,0.000000,0,nan,0.00,0.159091,0.1261,0.1407,0.084000,-0.2277,0.47,4.43,5.37,4.37,0.156400,-9.2519,0.2310,0.008000,0.104977,0.1916,-0.106119,-0.029201,-0.012818,1196.6459583581736,517.6716961439822,101.67503540490611,143.60356507404867,0.087661,0.017967,6639.1,5981.5,-0.186796,-0.259615,-1.000000,1.1174,1.0000,,,,,
3.3840,1778670397.857482,282,5.154128,0.194649,0.033428,0.9942,0.0092,0.024157,5.090514,0.157220,0.029046,0.9877,5.159978,0.194910,0.033486,1.0912,0.0028,0.015369,-0.423443,0.0894,5.159978,0.060603,0.451782,1.1593,1.000000,1.906772,910.1310,0,1,clay,1.0000,0.500000,0,0,0.000000,0.000000,0.000000,0,nan,0.00,0.181818,0.1254,0.1362,0.096000,-0.2048,0.47,4.40,5.34,4.29,0.157220,-9.2378,-0.1716,0.008000,0.051788,0.3721,-0.113589,-0.022489,-0.007670,-183.74071546249831,-94.6601522308743,364.7422612351513,190.38085501475277,0.088459,0.020475,6641.7,5978.9,-0.191319,-0.184532,1.000000,1.0935,1.0000,,,,,
3.3960,1778670397.869551,283,5.118926,0.223481,0.023397,0.8599,0.0564,0.014101,5.102219,0.157959,0.029189,0.9731,5.124522,0.223763,0.023466,1.0460,0.0143,0.017870,-0.432227,0.1013,5.124522,0.043849,0.428398,1.0472,1.000000,1.912265,910.6740,0,1,clay,1.0000,0.500000,0,0,0.000000,0.000000,0.000000,0,nan,0.00,0.204545,0.1246,0.1317,0.108000,-0.1819,0.47,4.41,5.36,4.46,0.157959,-9.2296,-0.0740,0.008000,0.072726,-0.1415,-0.143853,-0.015804,-0.010098,-105.2839493494032,131.55996559739134,324.2211481995012,10.374891450353928,0.085196,0.011267,6644.0,5976.6,-0.195347,-0.123606,1.000000,1.0483,1.0000,,,,,
3.4080,1778670397.881672,284,5.159029,0.037302,0.029625,0.9872,0.0416,0.003384,5.113740,0.158547,0.029267,0.9601,5.164582,0.037663,0.029697,1.0343,0.0219,0.019241,-0.406886,0.1134,5.164582,0.062842,0.453682,1.1741,1.000000,1.937230,931.3021,0,1,clay,1.0000,0.500000,0,0,0.000000,0.000000,0.000000,0,nan,0.00,0.227273,0.1239,0.1271,0.120000,-0.1586,0.48,4.42,5.37,4.43,0.158547,-9.2251,-0.2140,0.008000,0.210336,0.0043,-0.132799,-0.003920,-0.008663,-790.3622829225044,-456.6848528561477,351.3917582766996,-151.2769154992593,0.090413,0.002501,6637.6,5983.0,-0.184191,-0.257070,1.000000,1.0365,1.0000,,,,,
3.4200,1778670397.893498,285,5.132141,0.132106,0.027067,0.9468,0.0765,-0.001341,5.125049,0.158971,0.029261,0.9372,5.137585,0.132513,0.027138,1.0169,0.0330,0.020140,-0.412934,0.1254,5.137585,0.049901,0.438842,1.0880,1.000000,1.924808,920.3271,0,1,clay,1.0000,0.500000,0,0,0.000000,0.000000,0.000000,0,nan,0.00,0.250000,0.1231,0.1225,0.132000,-0.1355,0.47,4.42,5.36,4.46,0.054271,-24.0777,-0.1508,0.008000,0.023525,0.0940,-0.125157,0.009235,-0.011322,-738.9991003600529,-88.37041259701152,345.1038520867743,-421.53183105390394,0.091451,-0.012920,6639.2,5981.4,-0.186908,-0.219362,1.000000,1.0191,1.0000,,,,,
3.4320,1778670397.905499,286,5.066709,0.143070,0.039469,0.8665,0.0462,0.005026,5.136104,0.159419,0.029298,0.9156,5.071987,0.143573,0.039545,0.9872,0.0380,0.021692,-0.431772,0.1374,5.071987,0.021686,0.363388,0.8954,1.000000,1.898430,889.9356,0,1,clay,1.0000,0.500000,0,0,0.000000,0.000000,0.000000,0,nan,0.00,0.272727,0.1224,0.1179,0.144000,-0.1127,0.47,4.43,5.36,4.44,0.054719,-24.0756,0.0201,0.008000,0.062189,0.8338,-0.131503,0.004069,-0.014272,-231.9327108334594,81.12819875214689,349.2033560489929,-517.9337298937157,0.097703,-0.018076,6643.9,5976.6,-0.195195,-0.149610,1.000000,0.9896,1.0000,,,,,
3.4440,1778670397.917463,287,5.199449,0.215916,0.026900,0.8043,0.0468,0.008050,5.146905,0.159944,0.029370,0.8954,5.204529,0.216379,0.026982,0.9513,0.0421,0.023413,-0.442220,0.1493,5.204529,0.082544,0.459544,1.3013,1.000000,1.988067,962.6733,0,1,clay,1.0000,0.500000,0,0,0.000000,0.000000,0.000000,0,nan,0.00,0.295455,0.1217,0.1122,0.156000,-0.0889,0.46,4.43,5.35,4.46,0.055244,-24.0715,-0.4058,0.008000,0.002216,-0.2131,-0.162552,0.004274,-0.016986,430.4339729055219,681.7770768636788,349.4467514287088,-593.4564281177725,0.103205,-0.021836,6646.5,5974.0,-0.199736,-0.093862,1.000000,0.9537,1.0000,,,,,
3.4560,1778670397.929481,288,5.168941,0.184952,0.040158,0.9541,0.0189,0.009927,5.157444,0.160626,0.029477,0.8730,5.174000,0.185489,0.040249,0.9514,0.0422,0.025458,-0.452473,0.1613,5.174000,0.067454,0.456776,1.2043,1.000000,2.000000,944.8088,0,1,clay,1.0000,0.500000,0,0,0.000000,0.000000,0.000000,0,nan,0.00,0.318182,0.1211,0.1068,0.168000,-0.0649,0.45,4.43,5.33,4.44,0.055926,-24.0653,-0.3313,0.008000,0.091328,0.5694,-0.151168,-0.005864,-0.019801,969.3767803800972,10.599709822143325,391.4168360337745,-524.1332131506296,0.116072,-0.017993,6649.2,5971.3,-0.204463,-0.234741,1.000000,0.9538,1.0000,,,,,
3.4680,1778670397.941553,289,5.148524,0.208467,0.027968,0.9115,-0.0168,0.001096,5.167759,0.161276,0.029532,0.8556,5.153551,0.208908,0.028059,0.9431,0.0377,0.026460,-0.463152,0.1733,5.153551,0.057496,0.448698,1.1387,1.000000,2.000000,938.7823,0,1,clay,1.0000,0.500000,0,0,0.000000,0.000000,0.000000,0,nan,0.00,0.340909,0.1205,0.1017,0.180000,-0.0409,0.45,4.43,5.33,4.42,0.056576,-24.0622,-0.2831,0.008000,0.076649,0.2425,-0.142122,0.000972,-0.017200,-940.9422949075522,-8.604892170376047,455.7745139423901,-398.29984339304053,0.138603,-0.010806,6652.0,5968.6,-0.209209,-0.221177,1.000000,0.9456,1.0000,,,,,
3.4800,1778670397.953516,290,5.258977,0.142883,0.030277,0.8119,-0.0123,0.006521,5.177903,0.161919,0.029583,0.8417,5.263868,0.143316,0.030373,0.9173,0.0349,0.027921,-0.461789,0.1853,5.263868,0.111208,0.434481,1.4742,1.000000,2.000000,998.7750,0,1,clay,1.0000,0.500000,0,0,0.000000,0.000000,0.000000,0,nan,0.00,0.363636,0.1201,0.0968,0.192000,-0.0169,0.45,4.42,5.33,4.36,0.057219,-24.0592,-0.6325,0.008000,0.129465,-0.2159,-0.154078,0.002449,-0.014303,378.4765526388888,25.981231957608827,488.7583948188953,-282.7009806614775,0.156025,-0.004027,6651.6,5969.0,-0.208611,-0.122229,1.000000,0.9197,1.0000,,,,,
3.4920,1778670397.965503,291,5.140678,0.149790,0.028938,0.8510,0.0957,0.007991,5.187847,0.162632,0.029662,0.8245,5.145491,0.150300,0.029041,0.9039,0.0476,0.029777,-0.463982,0.1973,5.145491,0.053637,0.444117,1.1130,1.000000,2.000000,936.0912,0,1,clay,1.0000,0.500000,0,0,0.000000,0.000000,0.000000,0,nan,0.00,0.386364,0.1196,0.0922,0.204000,0.0071,0.46,4.42,5.33,4.39,0.057932,-24.0547,-0.2885,0.008000,0.138224,-0.3486,-0.142452,0.015548,-0.013113,430.71196088974756,-19.659243970034993,463.486436221213,-585.5682341449192,0.149253,-0.020809,6652.2,5968.4,-0.209573,-0.171886,1.000000,0.9064,1.0000,,,,,
3.5040,1778670397.977563,292,5.155987,0.240445,0.031226,0.8562,0.0656,0.009148,5.197571,0.163447,0.029781,0.8039,5.160750,0.241013,0.031336,0.8942,0.0540,0.031676,-0.467372,0.2093,5.160750,0.060977,0.452118,1.1618,1.000000,2.000000,946.3530,0,1,clay,1.0000,0.500000,0,0,0.000000,0.000000,0.000000,0,nan,0.00,0.409091,0.1192,0.0878,0.216000,0.0311,0.46,4.42,5.35,4.48,0.058747,-24.0479,-0.3579,0.008000,0.073687,0.3422,-0.106036,0.013178,-0.017187,-179.4424498388937,-374.991254612647,462.67331450135447,-719.6562226250697,0.151872,-0.027746,6653.0,5967.5,-0.211074,-0.155209,1.000000,0.8967,1.0000,,,,,
3.5160,1778670397.989547,293,5.217730,0.129176,0.018960,0.7307,0.1396,0.011188,5.207084,0.164321,0.029910,0.7900,5.222335,0.129789,0.019079,0.8622,0.0689,0.033540,-0.445674,0.2213,5.222335,0.091325,0.456054,1.3561,1.000000,2.000000,980.5446,0,1,clay,1.0000,0.500000,0,0,0.000000,0.000000,0.000000,0,nan,0.00,0.431818,0.1189,0.0835,0.228000,0.0551,0.46,4.43,5.35,4.47,0.059621,-24.0405,-0.5660,0.008000,0.097109,-0.7254,-0.129010,0.020351,-0.028031,-1031.3939458657376,-182.69266607075082,419.75592062811296,-1215.20626877863,0.137284,-0.050140,6647.5,5973.0,-0.201503,-0.019649,1.000000,0.8646,1.0000,,,,,
3.5280,1778670398.001518,294,5.230121,0.214942,0.031167,0.8424,0.0743,0.016993,5.216424,0.165227,0.030086,0.7748,5.234700,0.215650,0.031297,0.8579,0.0729,0.036021,-0.433909,0.2334,5.234700,0.097357,0.451399,1.3929,0.709862,2.000000,982.8168,0,1,clay,1.0000,0.500000,0,0,0.000000,0.000000,0.000000,0,nan,0.00,0.447951,0.1187,0.0795,0.236518,0.0791,0.46,4.42,5.34,4.35,0.060527,-24.0304,-0.6181,0.008000,0.073693,0.1154,-0.115307,0.022360,-0.018688,14.98391939543,-660.3322014317326,435.4772473841744,-1231.7053390504775,0.141474,-0.050816,6644.6,5976.0,-0.196314,-0.141656,1.000000,0.8603,1.0000,,,,,
3.5400,1778670398.013494,295,5.296831,0.240255,0.030663,0.7485,0.0075,0.025826,5.225575,0.166280,0.030371,0.7607,5.301294,0.240936,0.030808,0.8365,0.0666,0.038057,-0.400170,0.2403,5.301294,0.128099,0.414131,1.5666,1.000000,2.000000,1017.3582,0,1,clay,1.0000,0.500000,0,0,0.000000,0.000000,0.000000,0,nan,0.00,0.470679,0.1211,0.0757,0.248518,0.1031,0.47,4.42,5.36,4.45,0.061580,-24.0141,-0.8059,0.008000,0.152700,-0.6332,-0.105413,0.005874,-0.021423,535.3652269044184,-121.96391163357725,367.9834372529701,-846.1914910554208,0.153717,-0.033614,6636.0,5984.5,-0.181415,-0.060521,0.709862,0.8387,1.0000,,,,,
3.5520,1778670398.025496,296,5.247469,0.131554,0.028990,0.6653,0.0788,0.025809,5.234531,0.167430,0.030676,0.7443,5.251746,0.132271,0.029147,0.8029,0.0714,0.040333,-0.407361,0.2539,5.251746,0.105527,0.441955,1.4415,1.000000,2.000000,996.0912,0,1,clay,1.0000,0.500000,0,0,0.000000,0.000000,0.000000,0,nan,0.00,0.493406,0.1241,0.0721,0.260518,0.1271,0.46,4.40,5.32,4.27,0.062730,-23.9966,-0.6972,0.008000,0.108592,-0.0191,-0.102017,0.008046,-0.020251,-271.760393435335,208.60242412087257,445.2043704285582,-920.393051076483,0.150281,-0.036581,6637.8,5982.7,-0.184584,0.081014,1.000000,0.8051,1.0000,,,,,
3.5640,1778670398.038180,297,5.186951,0.208436,0.029450,0.7332,0.0899,0.022116,5.243344,0.168577,0.030933,0.7323,5.191145,0.209198,0.029616,0.7891,0.0771,0.042268,-0.389420,0.2659,5.191145,0.075917,0.459691,1.2591,1.000000,2.000000,961.7025,0,1,clay,1.0000,0.500000,0,0,0.000000,0.000000,0.000000,0,nan,0.00,0.516133,0.1276,0.0686,0.272518,0.1511,0.47,4.40,5.33,4.38,0.063877,-23.9819,-0.5268,0.008000,0.082483,-0.7646,-0.114928,0.016620,-0.017447,-275.22643282412895,267.38549628701435,445.02137175698283,-1058.063082439768,0.149482,-0.042761,6633.3,5987.3,-0.176654,-0.049171,1.000000,0.7912,1.0000,,,,,
3.5760,1778670398.049505,298,5.312580,0.204066,0.028194,0.6761,0.0559,0.018359,5.252008,0.169682,0.031118,0.7220,5.316647,0.204823,0.028365,0.7668,0.0773,0.043417,-0.381749,0.2778,5.316647,0.134781,0.407018,1.6010,1.000000,2.000000,1032.3651,0,1,clay,1.0000,0.500000,0,0,0.000000,0.000000,0.000000,0,nan,0.00,0.538861,0.1316,0.0653,0.284518,0.1751,0.46,4.41,5.33,4.44,0.064982,-23.9713,-0.8791,0.008000,0.066772,-0.1439,-0.127893,0.019627,-0.015888,263.26634686027114,2033.9359097012948,460.47211527874254,-1038.0295733643816,0.159056,-0.041653,6631.3,5989.2,-0.173256,-0.010421,1.000000,0.7689,1.0000,,,,,
3.5880,1778670398.061472,299,5.281671,0.205757,0.034976,0.6544,0.0154,0.021869,5.260531,0.170834,0.031332,0.7088,5.285620,0.206514,0.035153,0.7448,0.0726,0.044723,-0.369424,0.2898,5.285620,0.121136,0.422142,1.5294,1.000000,2.000000,1015.4115,0,1,clay,1.0000,0.500000,0,0,0.000000,0.000000,0.000000,0,nan,0.00,0.561588,0.1361,0.0622,0.296518,0.1991,0.46,4.40,5.32,4.36,0.066134,-23.9591,-0.8206,0.008000,0.089986,0.1037,-0.124323,0.012629,-0.015142,368.4458736862881,-470.79502214052957,486.9666775440707,-767.3085480698527,0.177288,-0.028904,6628.2,5992.3,-0.167819,0.021740,1.000000,0.7467,1.0000,,,,,
3.6000,1778670398.073479,300,5.249377,0.225318,0.030343,0.6252,0.1301,0.028198,5.268901,0.172098,0.031649,0.6951,5.253201,0.226138,0.030531,0.7213,0.0832,0.046641,-0.359034,0.3018,5.253201,0.106215,0.441037,1.4455,1.000000,2.000000,1000.2448,0,1,clay,1.0000,0.500000,0,0,0.000000,0.000000,0.000000,0,nan,0.00,0.584315,0.1411,0.0592,0.308518,0.2231,0.46,4.41,5.33,4.45,0.067398,-23.9409,-0.7504,0.008000,0.064382,-0.0960,-0.134317,0.018732,-0.014770,-247.97202576756783,-1562.200340021967,453.1941616190825,-1143.332662312109,0.160889,-0.045959,6625.6,5995.0,-0.163230,0.089093,1.000000,0.7232,1.0000,,,,,
3.6120,1778670398.085604,301,5.335514,0.186578,0.031813,0.6691,-0.0575,0.029407,5.277144,0.173434,0.032006,0.6850,5.339306,0.187322,0.032012,0.7108,0.0693,0.048364,-0.367445,0.3139,5.339306,0.144423,0.397877,1.6487,1.000000,2.000000,1051.4317,0,1,clay,1.0000,0.500000,0,0,0.000000,0.000000,0.000000,0,nan,0.00,0.607042,0.1465,0.0564,0.320518,0.2471,0.48,4.41,5.36,4.46,0.068734,-23.9204,-0.9637,0.008000,0.109216,-0.1542,-0.134702,-0.010750,-0.015807,272.68462180109907,1565.0770064851076,486.7193657532395,-389.35297323874283,0.200159,-0.008381,6627.7,5992.8,-0.166972,0.001316,1.000000,0.7128,1.0000,,,,,
3.6240,1778670398.097467,302,5.376718,0.159575,0.037275,0.6187,0.0625,0.027374,5.285272,0.174763,0.032310,0.6779,5.380401,0.160365,0.037481,0.6927,0.0727,0.049737,-0.346305,0.3259,5.380401,0.161376,0.385544,1.7270,1.000000,2.000000,1075.2971,0,1,clay,1.0000,0.500000,0,0,0.000000,0.000000,0.000000,0,nan,0.00,0.629770,0.1524,0.0537,0.332518,0.2711,0.47,4.41,5.35,4.42,0.070063,-23.9030,-1.0491,0.008000,0.070240,0.8504,-0.123044,-0.020948,-0.020518,120.97071537967307,1458.4924479652962,489.05465767541284,-443.53779184696447,0.201479,-0.011323,6622.4,5998.2,-0.157630,0.039079,1.000000,0.6946,1.0000,,,,,
3.6360,1778670398.109504,303,5.229691,0.207653,0.035465,0.7316,0.0984,0.026722,5.293279,0.176144,0.032605,0.6681,5.233410,0.208499,0.035679,0.6999,0.0808,0.051941,-0.341863,0.3379,5.233410,0.096731,0.451971,1.3891,1.000000,2.000000,988.1768,0,1,clay,1.0000,0.500000,0,0,0.000000,0.000000,0.000000,0,nan,0.00,0.652497,0.1586,0.0511,0.344518,0.2951,0.47,4.42,5.35,4.42,0.071444,-23.8861,-0.7210,0.008000,0.093399,0.0324,-0.112830,-0.015650,-0.023001,264.7771511143128,18.534994780817527,494.5464463325934,-665.9655762311987,0.198974,-0.023571,6621.2,5999.3,-0.155666,-0.120487,1.000000,0.7017,1.0000,,,,,
3.6480,1778670398.121537,304,5.292285,0.254077,0.039958,0.6463,0.2026,0.032188,5.301190,0.177597,0.032965,0.6600,5.295931,0.255077,0.040183,0.6893,0.0997,0.054163,-0.315267,0.3499,5.295931,0.125734,0.416788,1.5541,-0.422520,2.000000,1021.1405,0,1,clay,1.0000,0.500000,0,0,0.000000,0.000000,0.000000,0,nan,0.00,0.642894,0.1653,0.0486,0.339448,0.3191,0.46,4.43,5.35,4.50,0.072897,-23.8654,-0.8941,0.008000,0.092259,0.3062,-0.105472,0.019240,-0.019387,196.80522162278112,-1624.372507242043,464.15469564984824,-1459.843406009786,0.165335,-0.060565,6614.5,6006.1,-0.143915,0.010988,1.000000,0.6910,1.0000,,,,,
3.6600,1778670398.133486,305,5.365885,0.183266,0.026911,0.6501,0.0238,0.036287,5.309031,0.179182,0.033403,0.6545,5.369506,0.184169,0.027139,0.6815,0.0908,0.053347,-0.293623,0.3372,5.369506,0.156938,0.388273,1.7071,1.000000,2.000000,1061.4609,0,1,clay,1.0000,0.500000,0,0,0.000000,0.000000,0.000000,0,nan,0.00,0.665621,0.1723,0.0463,0.351448,0.3431,0.46,4.43,5.34,4.43,0.074482,-23.8403,-1.0526,0.008000,0.049055,-0.3592,-0.079083,-0.000371,-0.021929,833.2130619863595,-966.1080762522882,110.38448046422423,-946.3939819570512,0.170209,-0.038610,6609.0,6011.5,-0.134363,-0.037404,-0.422520,0.6831,1.0000,,,,,
3.6720,1778670398.145499,306,5.330266,0.198753,0.034549,0.6584,0.0441,0.043505,5.316749,0.180971,0.033925,0.6454,5.333849,0.199687,0.034792,0.6768,0.0893,0.056329,-0.275152,0.3568,5.333849,0.142123,0.399929,1.6375,1.000000,2.000000,1037.9174,0,1,clay,1.0000,0.500000,0,0,0.000000,0.000000,0.000000,0,nan,0.00,0.688349,0.1796,0.0441,0.363448,0.3671,0.45,4.43,5.34,4.45,0.076271,-23.8104,-0.9921,0.008000,0.066503,0.0405,-0.071836,-0.008073,-0.017675,1754.044475518915,288.65275855270386,496.7834954552867,-634.1332590622438,0.181965,-0.022732,6604.3,6016.2,-0.126198,-0.012763,1.000000,0.6783,1.0000,,,,,
3.6840,1778670398.157517,307,5.236061,0.215359,0.034750,0.6964,0.1090,0.046622,5.324407,0.182848,0.034427,0.6434,5.239658,0.216359,0.035010,0.6804,0.0961,0.059348,-0.259897,0.3688,5.239658,0.099753,0.449013,1.4073,-0.284828,2.000000,983.6668,0,1,clay,1.0000,0.500000,0,0,0.000000,0.000000,0.000000,0,nan,0.00,0.681875,0.1873,0.0420,0.360030,0.3911,0.45,4.44,5.34,4.48,0.078148,-23.7817,-0.7639,0.008000,0.156954,0.1171,-0.046878,-0.000858,-0.015963,-649.9659108828662,-1453.0255857964908,494.61179908158357,-694.1344346647497,0.176330,-0.026569,6600.5,6020.1,-0.119460,-0.102462,1.000000,0.6818,1.0000,,,,,
3.6960,1778670398.169545,308,5.283135,0.170313,0.035907,0.6327,0.0306,0.042782,5.332020,0.184741,0.034957,0.6362,5.286690,0.171281,0.036169,0.6710,0.0894,0.058588,-0.239657,0.3585,5.286690,0.121616,0.421572,1.5320,0.817160,2.000000,1007.6168,0,1,clay,1.0000,0.500000,0,0,0.000000,0.000000,0.000000,0,nan,0.00,0.700447,0.1953,0.0399,0.369836,0.4151,0.45,4.45,5.35,4.53,0.080041,-23.7513,-0.8958,0.008000,0.093096,-0.2131,-0.035507,-0.006211,-0.014924,860.9097820824873,488.0753264179144,142.00952111925392,-412.6866264069782,0.178766,-0.009497,6595.4,6025.2,-0.110534,-0.014412,-0.284828,0.6723,1.0000,,,,,
3.7080,1778670398.181533,309,5.378777,0.175965,0.047845,0.5893,0.1381,0.045902,5.339507,0.186787,0.035528,0.6262,5.382244,0.177053,0.048119,0.6550,0.0990,0.060595,-0.219302,0.3742,5.382244,0.162124,0.385121,1.7303,1.000000,2.000000,1058.5140,0,1,clay,1.0000,0.500000,0,0,0.000000,0.000000,0.000000,0,nan,0.00,0.723174,0.2036,0.0380,0.381836,0.4391,0.45,4.47,5.38,4.57,0.082087,-23.7186,-1.1041,0.008000,0.086909,0.7248,-0.029141,0.000335,-0.012108,1091.3607389835902,1455.5736888219785,425.0603296141902,-656.7694018224038,0.159300,-0.025422,6590.2,6030.3,-0.101565,0.084049,0.817160,0.6562,1.0000,,,,,
3.7200,1778670398.193545,310,5.392157,0.196066,0.036834,0.5997,0.0139,0.046246,5.346934,0.188917,0.036087,0.6239,5.395593,0.197081,0.037117,0.6441,0.0924,0.062065,-0.216710,0.3872,5.395593,0.167513,0.382399,1.7538,0.878600,2.000000,1068.8676,0,1,clay,1.0000,0.500000,0,0,0.000000,0.000000,0.000000,0,nan,0.00,0.743143,0.2123,0.0362,0.392379,0.4631,0.46,4.47,5.38,4.47,0.084217,-23.6866,-1.1299,0.008000,0.019514,-0.0008,-0.028707,0.000197,-0.010672,-822.4479032623369,14.443088892488731,493.8507358144609,-298.213864991455,0.182975,-0.001315,6589.6,6031.0,-0.100439,0.031864,1.000000,0.6453,1.0000,,,,,
3.7320,1778670398.205526,311,5.360497,0.208869,0.037461,0.6355,0.0068,0.049844,5.354303,0.191062,0.036674,0.6183,5.363925,0.209857,0.037754,0.6423,0.0866,0.063788,-0.192602,0.3971,5.363925,0.154650,0.389823,1.6967,0.156866,2.000000,1048.6947,0,1,clay,1.0000,0.500000,0,0,0.000000,0.000000,0.000000,0,nan,0.00,0.746708,0.2212,0.0345,0.394262,0.4871,0.46,4.48,5.40,4.54,0.086362,-23.6529,-1.0784,0.008000,0.093732,-0.2861,-0.014638,-0.017589,-0.011848,-372.11256635832467,-1270.5109141969756,468.1296565593811,17.52838135744142,0.205638,0.022500,6583.5,6037.1,-0.089797,-0.062677,0.878600,0.6434,1.0000,,,,,
3.7440,1778670398.217491,312,5.446703,0.114158,0.042896,0.5471,0.1110,0.056343,5.361572,0.193241,0.037336,0.6083,5.450036,0.115220,0.043199,0.6238,0.0923,0.064051,-0.181808,0.3951,5.450036,0.189203,0.377511,1.8432,1.000000,2.000000,1101.3534,0,1,clay,1.0000,0.500000,0,0,0.000000,0.000000,0.000000,0,nan,0.00,0.769435,0.2304,0.0328,0.406262,0.5111,0.46,4.47,5.39,4.39,0.088541,-23.6150,-1.2348,0.008000,0.183127,0.1159,-0.040907,-0.012165,-0.008996,818.0518359813188,-614.4532167485191,163.75171159108422,-107.68419432897073,0.178549,0.014121,6580.7,6039.8,-0.085049,0.107750,0.156866,0.6248,1.0000,,,,,
3.7560,1778670398.229505,313,5.411126,0.206388,0.035864,0.5382,0.1348,0.059178,5.368705,0.195581,0.038044,0.5983,5.414364,0.207499,0.036179,0.6071,0.1012,0.066174,-0.174076,0.4117,5.414364,0.175030,0.379582,1.7856,0.809858,2.000000,1080.7474,0,1,clay,1.0000,0.500000,0,0,0.000000,0.000000,0.000000,0,nan,0.00,0.787841,0.2398,0.0312,0.415980,0.5351,0.46,4.46,5.39,4.44,0.090881,-23.5745,-1.1873,0.008000,0.084392,-0.5578,-0.049737,-0.015046,-0.008691,1714.4731885813692,-105.02906861798084,433.6660178263128,-282.994763430101,0.157056,0.000988,6578.8,6041.8,-0.081622,0.130820,1.000000,0.6080,1.0000,,,,,
3.7680,1778670398.241545,314,5.324301,0.132000,0.029608,0.6426,0.0266,0.057358,5.375789,0.197965,0.038754,0.5964,5.327579,0.133069,0.029933,0.6139,0.0967,0.068178,-0.152727,0.4203,5.327579,0.139464,0.402404,1.6245,1.000000,2.000000,1029.6757,0,1,clay,1.0000,0.500000,0,0,0.000000,0.000000,0.000000,0,nan,0.00,0.810568,0.2495,0.0297,0.427980,0.5591,0.46,4.46,5.39,4.47,-0.011135,-19.5677,-1.0280,0.008000,0.133688,-0.1642,-0.037408,-0.017145,-0.006274,-552.6424351174173,-80.2702871435165,423.9004065701634,-18.29726002071976,0.180307,0.023289,6573.4,6047.2,-0.072190,-0.050603,0.809858,0.6147,1.0000,,,,,
3.7800,1778670398.253527,315,5.382011,0.270201,0.040533,0.6386,0.0480,0.054616,5.382854,0.200332,0.039446,0.5962,5.385304,0.271310,0.040867,0.6187,0.0962,0.070319,-0.115897,0.4334,5.385304,0.163363,0.384445,1.7357,-1.000000,2.000000,1055.9416,0,1,clay,1.0000,0.500000,0,0,0.000000,0.000000,0.000000,0,nan,0.00,0.787841,0.2595,0.0283,0.415980,0.5831,0.46,4.47,5.39,4.50,-0.008768,-19.5280,-1.1395,0.008000,0.053695,0.0062,-0.029970,-0.020702,-0.007749,-881.7920442025504,212.97357489660322,487.4552238927727,49.715839785008285,0.197741,0.032811,6564.0,6056.5,-0.055931,-0.087835,1.000000,0.6193,1.0000,,,,,
3.7920,1778670398.265534,316,5.393247,0.191342,0.044043,0.5482,0.1484,0.061426,5.389879,0.202761,0.040176,0.5891,5.396466,0.192521,0.044378,0.6049,0.1027,0.068384,-0.108947,0.4106,5.396466,0.167864,0.382242,1.7553,-1.000000,2.000000,1060.4092,0,1,clay,1.0000,0.500000,0,0,0.000000,0.000000,0.000000,0,nan,0.00,0.765114,0.2696,0.0270,0.403980,0.6071,0.46,4.47,5.40,4.45,-0.006339,-19.4862,-1.1661,0.008000,0.097986,0.1776,-0.048837,-0.010641,-0.007904,1124.69449867233,1523.6427593378207,212.38683507921962,-181.35974405605174,0.150360,0.013176,6562.3,6058.3,-0.052872,0.075847,-1.000000,0.6056,1.0000,,,,,
3.8040,1778670398.277486,317,5.386731,0.091700,0.047140,0.4422,0.0959,0.067602,5.396794,0.205394,0.040997,0.5821,5.389768,0.092878,0.047473,0.5734,0.1008,0.065954,-0.098238,0.3986,5.389768,0.165167,0.383514,1.7436,0.884520,2.000000,1063.7512,0,1,clay,1.0000,0.500000,0,0,0.000000,0.000000,0.000000,0,nan,0.00,0.785216,0.2801,0.0257,0.414594,0.6311,0.46,4.46,5.37,4.39,-0.003706,-19.4391,-1.1615,0.008000,0.105771,0.2929,-0.073095,-0.001545,-0.003963,1797.7023773216383,-1393.2848379391098,162.55959514974228,-142.46273371915277,0.112405,0.017841,6559.6,6061.0,-0.048132,0.265655,-1.000000,0.5739,1.0000,,,,,
3.8160,1778670398.289528,318,5.342141,0.141666,0.038928,0.5769,0.1105,0.072556,5.403642,0.208171,0.041844,0.5800,5.345186,0.142872,0.039277,0.5740,0.1060,0.069275,-0.083401,0.4194,5.345186,0.146887,0.395774,1.6605,0.609024,2.000000,1035.3781,0,1,clay,1.0000,0.500000,0,0,0.000000,0.000000,0.000000,0,nan,0.00,0.799058,0.2907,0.0244,0.421902,0.6551,0.46,4.45,5.38,4.45,-0.000929,-19.3907,-1.0805,0.008000,0.119637,-0.8738,-0.058599,-0.005870,-0.003012,615.0252333651792,231.45544325445883,277.1343323291626,-146.6309428076035,0.106749,0.018927,6555.8,6064.8,-0.041575,0.031490,0.884520,0.5745,1.0000,,,,,
3.8280,1778670398.301513,319,5.424067,0.118048,0.047145,0.5943,0.0665,0.051072,5.410523,0.210742,0.042521,0.5828,5.427125,0.119262,0.047493,0.5780,0.1046,0.069691,-0.055916,0.4252,5.427125,0.180111,0.378346,1.8065,1.000000,2.000000,1077.1695,0,1,clay,1.0000,0.500000,0,0,0.000000,0.000000,0.000000,0,nan,0.00,0.821785,0.3015,0.0233,0.433902,0.6791,0.46,4.44,5.37,4.36,0.001642,-19.3518,-1.2238,0.008000,0.106540,0.2189,-0.044099,-0.003924,-0.005497,-1216.596016905134,430.99885973429576,283.6747446682559,-146.27908066798759,0.126612,0.022130,6548.9,6071.7,-0.029441,0.015413,0.609024,0.5783,1.0000,,,,,
3.8400,1778670398.313514,320,5.494631,0.211675,0.044353,0.6087,0.0900,0.051852,5.417434,0.213200,0.043152,0.5852,5.497710,0.212891,0.044702,0.5841,0.1072,0.071328,-0.016751,0.4393,5.497710,0.208181,0.381475,1.9172,-0.656508,2.000000,1108.7927,0,1,clay,1.0000,0.500000,0,0,0.000000,0.000000,0.000000,0,nan,0.00,0.806864,0.3125,0.0221,0.426024,0.7031,0.46,4.47,5.39,4.64,0.004100,-19.3157,-1.3321,0.008000,0.069978,0.0126,-0.038853,0.002570,-0.007623,-1145.6831375449187,-823.6875390721857,315.89974845857745,-234.88472859838828,0.142434,0.017217,6538.9,6081.6,-0.012129,-0.024867,1.000000,0.5842,1.0000,,,,,
3.8520,1778670398.325530,321,5.481853,0.219787,0.038622,0.5814,0.0256,0.056998,5.424355,0.215643,0.043801,0.5827,5.484960,0.220934,0.038969,0.5837,0.0988,0.069530,0.005930,0.4225,5.484960,0.203081,0.379662,1.8975,-1.000000,2.000000,1099.9739,0,1,clay,1.0000,0.500000,0,0,0.000000,0.000000,0.000000,0,nan,0.00,0.784137,0.3237,0.0211,0.414024,0.7271,0.46,4.48,5.41,4.57,0.006543,-19.2785,-1.3148,0.008000,0.087631,-0.6292,-0.021889,-0.014568,-0.007509,1061.5667241188382,2578.5189015792184,260.3938727766764,-92.6112572233644,0.152310,0.037698,6533.2,6087.4,-0.002147,0.028743,-0.656508,0.5837,1.0000,,,,,
3.8640,1778670398.337548,322,5.491818,0.228936,0.045646,0.5513,0.1823,0.061385,5.431177,0.218296,0.044560,0.5739,5.494889,0.230186,0.045993,0.5774,0.1088,0.068424,0.009856,0.4086,5.494889,0.207050,0.381027,1.9129,-1.000000,2.000000,1104.9555,0,1,clay,1.0000,0.500000,0,0,0.000000,0.000000,0.000000,0,nan,0.00,0.761410,0.3351,0.0201,0.402024,0.7511,0.46,4.49,5.42,4.52,0.009196,-19.2350,-1.3390,0.008000,0.017609,0.1633,-0.012221,-0.002370,-0.009331,701.0543188144392,-95.07096939388657,214.57102855649185,-362.2068693185264,0.101810,0.004794,6532.2,6088.4,-0.000427,0.112818,-1.000000,0.5774,1.0000,,,,,
3.8760,1778670398.349507,323,5.346396,0.231930,0.043755,0.4978,0.0815,0.067780,5.437938,0.221146,0.045373,0.5722,5.349387,0.233149,0.044101,0.5622,0.1047,0.066549,0.040267,0.3966,5.349387,0.148639,0.394340,1.6688,-1.000000,1.960298,1026.6532,0,1,clay,1.0000,0.500000,0,0,0.000000,0.000000,0.000000,0,nan,0.00,0.738683,0.3466,0.0191,0.390024,0.7747,0.46,4.47,5.39,4.36,0.012046,-19.1884,-1.0965,0.008000,0.087206,0.4013,-0.036574,-0.000186,-0.009127,1292.1871329113656,645.0567939537381,190.50219453783632,-303.2688141727974,0.080849,0.015791,6524.5,6096.1,0.013002,0.181986,-1.000000,0.5620,1.0000,,,,,
3.8880,1778670398.361495,324,5.500856,0.240726,0.036873,0.6717,0.0598,0.077996,5.444644,0.224106,0.046245,0.5693,5.503965,0.241918,0.037228,0.5836,0.1010,0.067708,0.064005,0.3846,5.503965,0.210694,0.382531,1.9269,-1.000000,1.967885,1104.8428,0,1,clay,1.0000,0.500000,0,0,0.000000,0.000000,0.000000,0,nan,0.00,0.715955,0.3583,0.0182,0.378024,0.7983,0.47,4.49,5.42,4.62,0.015006,-19.1385,-1.3576,0.008000,0.076719,-0.6318,-0.023844,-0.006065,-0.007608,1344.782197293132,-2830.7561075009844,226.82620596162064,-180.22946312717568,0.080668,0.036642,6518.4,6102.1,0.023586,-0.074206,-1.000000,0.5832,1.0000,,,,,
3.9000,1778670398.373516,325,5.442252,0.134876,0.035233,0.5504,0.0981,0.077695,5.451336,0.227208,0.047188,0.5692,5.445337,0.136075,0.035593,0.5773,0.1004,0.066896,0.081265,0.3726,5.445337,0.187339,0.377537,1.8357,1.000000,1.944508,1074.9061,0,1,clay,1.0000,0.500000,0,0,0.000000,0.000000,0.000000,0,nan,0.00,0.738683,0.3701,0.0173,0.390024,0.8216,0.46,4.48,5.40,4.41,0.018108,-19.0844,-1.2665,0.008000,0.082617,-0.9158,-0.017171,-0.009667,-0.002563,1127.0146758517542,956.4780835540156,172.04174724606395,-167.47033581112873,0.054735,0.041495,6514.1,6106.5,0.031175,0.125767,-1.000000,0.5769,1.0000,,,,,
3.9120,1778670398.385510,326,5.462641,0.177696,0.050106,0.5309,0.1307,0.075096,5.458031,0.230334,0.048103,0.5722,5.465652,0.178991,0.050476,0.5686,0.1070,0.069314,0.113897,0.3954,5.465652,0.195398,0.377962,1.8676,-0.154913,1.910212,1079.0198,0,1,clay,1.0000,0.500000,0,0,0.000000,0.000000,0.000000,0,nan,0.00,0.735162,0.3821,0.0165,0.388165,0.8445,0.46,4.47,5.40,4.44,0.021234,-19.0320,-1.2954,0.008000,0.063732,-0.2270,0.004418,0.000110,0.001702,-1129.2176515585068,-810.2778695565003,-106.338614873943,-255.39453643437497,0.044694,0.033183,6505.8,6114.8,0.045648,0.170424,1.000000,0.5680,1.0000,,,,,
3.9240,1778670398.397584,327,5.483425,0.178906,0.040568,0.6711,-0.0366,0.069260,5.464847,0.233315,0.048938,0.5819,5.486567,0.180077,0.040941,0.5887,0.0927,0.069551,0.136800,0.3873,5.486567,0.203722,0.379861,1.9000,-0.181362,1.859745,1086.9021,0,1,clay,1.0000,0.500000,0,0,0.000000,0.000000,0.000000,0,nan,0.00,0.731040,0.3941,0.0157,0.385989,0.8668,0.47,4.49,5.43,4.55,0.024215,-18.9842,-1.3181,0.008000,0.082643,-0.3229,0.022244,-0.030858,-0.001837,-1103.0227902003965,376.7278872355498,253.1455539913021,-18.218059820233748,0.092555,0.076727,6499.9,6120.6,0.055834,-0.075677,-0.154913,0.5879,1.0000,,,,,
3.9360,1778670398.409502,328,5.561838,0.229318,0.046279,0.5504,0.0343,0.072709,5.471735,0.236246,0.049787,0.5874,5.564937,0.230474,0.046651,0.5815,0.0879,0.068916,0.163086,0.3850,5.564937,0.235547,0.390992,2.0221,-0.039207,1.844606,1126.2447,0,1,clay,1.0000,0.500000,0,0,0.000000,0.000000,0.000000,0,nan,0.00,0.730149,0.4063,0.0149,0.385519,0.8890,0.47,4.49,5.42,4.49,0.027146,-18.9355,-1.4347,0.008000,0.115940,-0.4689,0.008242,-0.036334,-0.001341,390.96825013137226,1439.6254542094457,306.47560561307006,37.14027886875721,0.095728,0.092506,6493.2,6127.3,0.067558,0.124502,-0.181362,0.5807,1.0000,,,,,
3.9480,1778670398.421465,329,5.456919,0.250707,0.049760,0.6544,0.0174,0.069273,5.478656,0.239162,0.050628,0.5907,5.460086,0.251844,0.050134,0.5960,0.0833,0.069790,0.201160,0.3853,5.460086,0.193189,0.377706,1.8589,-1.000000,1.737542,1065.9034,0,1,clay,1.0000,0.500000,0,0,0.000000,0.000000,0.000000,0,nan,0.00,0.707422,0.4185,0.0142,0.373519,0.9098,0.46,4.51,5.43,4.62,0.030062,-18.8873,-1.2682,0.008000,0.099025,-0.1189,0.012512,-0.047750,-0.003178,43.283581379615384,1907.8205007069178,389.7138725684322,84.59262841908688,0.115612,0.105487,6483.5,6137.0,0.084416,0.001283,-0.039207,0.5949,1.0000,,,,,
3.9600,1778670398.434033,330,5.469824,0.339927,0.043238,0.6050,0.1264,0.071467,5.485621,0.242184,0.051485,0.5953,5.473009,0.341094,0.043611,0.5981,0.0896,0.068601,0.223414,0.3681,5.473009,0.198321,0.378461,1.8790,-1.000000,1.654431,1075.9833,0,1,clay,1.0000,0.500000,0,0,0.000000,0.000000,0.000000,0,nan,0.00,0.684694,0.4307,0.0135,0.361519,0.9297,0.45,4.50,5.40,4.44,0.033084,-18.8382,-1.2837,0.008000,0.120217,-0.1538,0.012615,-0.025545,-0.000950,1328.316376642845,134.33259216815566,571.9498676967194,-15.912527271954815,0.081804,0.083532,6477.8,6142.8,0.094495,0.091261,-1.000000,0.5969,1.0000,,,,,
3.9720,1778670398.445554,331,5.528704,0.238788,0.058655,0.6902,0.0699,0.074337,5.492664,0.245345,0.052386,0.6028,5.531965,0.240012,0.059030,0.6163,0.0891,0.068757,0.257695,0.3561,5.531965,0.222032,0.386851,1.9705,-0.349569,1.597683,1094.0545,0,1,clay,1.0000,0.500000,0,0,0.000000,0.000000,0.000000,0,nan,0.00,0.676750,0.4429,0.0129,0.357324,0.9489,0.45,4.56,5.47,4.92,0.036245,-18.7866,-1.3677,0.008000,0.027803,0.3334,0.036531,-0.034831,0.001034,977.0681841182977,245.57135426736636,629.3417157428682,9.247721872872603,0.075291,0.083338,6469.0,6151.6,0.109833,-0.008025,-1.000000,0.6150,1.0000,,,,,
3.9840,1778670398.457660,332,5.557362,0.226397,0.049806,0.6405,0.1471,0.074922,5.499781,0.248620,0.053298,0.6104,5.560730,0.227691,0.050193,0.6215,0.0983,0.069501,0.287240,0.3554,5.560730,0.233814,0.390520,2.0155,-1.000000,1.545718,1106.8826,0,1,clay,1.0000,0.500000,0,0,0.000000,0.000000,0.000000,0,nan,0.00,0.654022,0.4552,0.0123,0.345324,0.9674,0.48,4.64,5.61,5.11,0.039520,-18.7344,-1.4051,0.008000,0.155703,-0.0544,0.053682,-0.016008,0.003910,1244.8204762436617,681.9841852428581,448.1701433061834,-75.98125206727713,0.048838,0.060788,6461.5,6159.1,0.122931,0.093870,-0.349569,0.6199,1.0000,,,,,
3.9960,1778670398.469649,333,5.474981,0.225327,0.065721,0.6175,0.1886,0.073041,5.507029,0.251967,0.054196,0.6220,5.478385,0.226780,0.066113,0.6212,0.1084,0.068311,0.318499,0.3397,5.478385,0.200460,0.378942,1.8874,-0.525672,1.451370,1060.4965,0,1,clay,1.0000,0.500000,0,0,0.000000,0.000000,0.000000,0,nan,0.00,0.642075,0.4674,0.0117,0.339016,0.9848,0.49,4.69,5.67,4.95,0.042867,-18.6829,-1.2654,0.008000,0.095179,1.2445,0.029494,0.007987,0.002566,817.1221206033268,-780.0048908822589,376.4816103783912,-215.64927844384573,0.006448,0.029171,6453.5,6167.1,0.136787,0.153778,-1.000000,0.6194,1.0000,,,,,
4.0080,1778670398.481796,334,5.542825,0.290878,0.051599,0.5771,0.0362,0.082696,5.514431,0.255412,0.055146,0.6360,5.546254,0.292241,0.051998,0.6132,0.0997,0.067562,0.343923,0.3360,5.546254,0.227869,0.388771,1.9928,-1.000000,1.406886,1097.4500,0,1,clay,1.0000,0.500000,0,0,0.000000,0.000000,0.000000,0,nan,0.00,0.619348,0.4795,0.0111,0.327016,1.0017,0.51,4.83,5.85,5.62,0.046312,-18.6285,-1.3568,0.008000,0.138151,0.5338,0.025830,-0.003908,0.006025,911.6099206562507,-2652.1434302968228,398.94411145907384,-1.926034465173828,0.010163,0.057074,6447.0,6173.6,0.148196,0.200392,-0.525672,0.6112,1.0000,,,,,
4.0200,1778670398.493740,335,5.555651,0.265167,0.047478,0.6347,0.1455,0.081666,5.521981,0.258936,0.056109,0.6480,5.559208,0.266600,0.047890,0.6179,0.1043,0.066842,0.364992,0.3211,5.559208,0.233187,0.390345,2.0131,-0.283910,1.368404,1101.8494,0,1,clay,1.0000,0.500000,0,0,0.000000,0.000000,0.000000,0,nan,0.00,0.612895,0.4917,0.0106,0.323609,1.0181,0.52,4.97,6.01,5.78,0.049836,-18.5733,-1.3652,0.008000,0.070487,-0.5689,0.035842,-0.000703,0.004276,884.7614231398688,953.192547454473,278.2199520762178,-39.26687449778542,-0.018345,0.043851,6441.6,6178.9,0.157511,0.180060,-1.000000,0.6158,1.0000,,,,,
4.0320,1778670398.505314,336,5.586567,0.298031,0.055568,0.6428,0.2357,0.081553,5.529664,0.262563,0.057092,0.6621,5.590159,0.299634,0.055990,0.6233,0.1194,0.068190,0.394268,0.3219,5.590159,0.245982,0.393475,2.0616,-1.000000,1.323493,1113.9262,0,1,clay,1.0000,0.500000,0,0,0.000000,0.000000,0.000000,0,nan,0.00,0.590168,0.5037,0.0101,0.311609,1.0340,0.47,4.92,5.85,4.62,0.053463,-18.5170,-1.3996,0.008000,0.104046,0.4396,0.018689,0.039347,0.005299,657.9900112391351,10.87330389235865,-208.1960855680206,-267.85735514038333,-0.058313,0.005072,6434.2,6186.4,0.170515,0.164008,-0.283910,0.6210,1.0000,,,,,
4.0440,1778670398.517523,337,5.525990,0.317591,0.058354,0.6361,0.1540,0.078766,5.537541,0.266214,0.058041,0.6790,5.529560,0.319203,0.058769,0.6265,0.1206,0.066856,0.436079,0.3058,5.529560,0.221053,0.386509,1.9667,-1.000000,1.228244,1082.9442,0,1,clay,1.0000,0.500000,0,0,0.000000,0.000000,0.000000,0,nan,0.00,0.567441,0.5157,0.0096,0.299609,1.0487,0.47,4.87,5.80,4.58,0.057114,-18.4626,-1.2877,0.008000,0.115840,0.2757,0.026109,0.049437,0.006633,708.7923032125643,372.7110270845353,-52.3731796927104,-268.403204957899,-0.076697,-0.001933,6423.5,6197.1,0.189126,0.188804,-1.000000,0.6239,1.0000,,,,,
4.0560,1778670398.529486,338,5.527131,0.221666,0.054389,0.7495,0.0733,0.080289,5.545593,0.269943,0.059020,0.6915,5.530816,0.223208,0.054802,0.6510,0.1140,0.066856,0.484337,0.2938,5.530816,0.221564,0.386688,1.9687,1.000000,1.116843,1075.6827,0,1,clay,1.0000,0.500000,0,0,0.000000,0.000000,0.000000,0,nan,0.00,0.590168,0.5275,0.0091,0.311609,1.0621,0.46,4.81,5.74,4.52,0.060843,-18.4065,-1.2772,0.008000,0.053273,-0.1561,0.032122,0.041157,0.005353,175.3832442420702,465.8505856451615,75.82289384940056,-9.069566489375546,-0.061437,0.017587,6411.1,6209.5,0.210711,0.132869,-1.000000,0.6482,1.0000,,,,,
4.0680,1778670398.541555,339,5.531068,0.309344,0.068289,0.7424,0.1270,0.074529,5.553842,0.273688,0.059956,0.7126,5.534800,0.310960,0.068707,0.6695,0.1186,0.070335,0.530065,0.3173,5.534800,0.223187,0.387247,1.9749,-1.000000,0.988472,1075.2103,0,1,clay,1.0000,0.500000,0,0,0.000000,0.000000,0.000000,0,nan,0.00,0.567441,0.5392,0.0087,0.299609,1.0740,0.46,4.75,5.68,4.41,0.064588,-18.3529,-1.2624,0.008000,0.054210,1.0209,0.046043,0.036742,0.006111,158.31959023484734,-363.22521251056514,-596.1409187289662,24.65506812327041,-0.040622,0.013893,6399.3,6221.2,0.231213,0.184106,1.000000,0.6665,1.0000,,,,,
4.0800,1778670398.553667,340,5.571369,0.248002,0.054883,0.6705,0.1030,0.071453,5.562343,0.277352,0.060807,0.7321,5.575087,0.249510,0.055286,0.6704,0.1138,0.067476,0.564480,0.2939,5.575087,0.239737,0.392062,2.0380,0.797792,0.909088,1091.2590,0,1,clay,1.0000,0.500000,0,0,0.000000,0.000000,0.000000,0,nan,0.00,0.585573,0.5507,0.0083,0.309182,1.0849,0.46,4.71,5.63,4.47,0.068252,-18.3041,-1.3059,0.008000,0.026048,-0.6315,0.025141,0.032873,0.004519,-64.04172712293776,973.7830116649606,227.38060459302528,96.32013323482829,-0.045023,0.016746,6390.4,6230.1,0.246762,0.276786,-1.000000,0.6672,1.0000,,,,,
4.0920,1778670398.565706,341,5.587856,0.183068,0.065173,0.7529,0.1523,0.073660,5.571074,0.281067,0.061690,0.7529,5.591621,0.184659,0.065581,0.6872,0.1210,0.070537,0.606076,0.3137,5.591621,0.246589,0.393601,2.0639,-1.000000,0.822842,1093.9876,0,1,clay,1.0000,0.500000,0,0,0.000000,0.000000,0.000000,0,nan,0.00,0.562845,0.5620,0.0079,0.297182,1.0948,0.46,4.67,5.59,4.43,0.071967,-18.2536,-1.3111,0.008000,0.076502,0.4600,0.033634,0.030236,0.002807,126.57849797259206,500.0758389572844,-566.2838953127261,36.52367194534193,-0.035295,0.005699,6379.8,6240.8,0.265344,0.203811,0.797792,0.6838,1.0000,,,,,
4.1040,1778670398.577700,342,5.571213,0.265945,0.068352,0.7758,0.1190,0.071720,5.580060,0.284819,0.062573,0.7752,5.575054,0.267529,0.068752,0.7052,0.1189,0.068907,0.640994,0.2916,5.575054,0.239724,0.392059,2.0380,-0.863835,0.710765,1084.6789,0,1,clay,1.0000,0.500000,0,0,0.000000,0.000000,0.000000,0,nan,0.00,0.543213,0.5731,0.0075,0.286816,1.1033,0.47,4.64,5.57,4.47,0.075719,-18.2029,-1.2627,0.008000,0.034925,-0.2631,0.048560,0.020525,0.004540,947.8325387551781,146.90551575242532,312.125688480663,71.7458961267238,-0.036242,0.005453,6370.8,6249.8,0.280987,0.226503,-1.000000,0.7016,1.0000,,,,,
4.1160,1778670398.589727,343,5.580541,0.331269,0.063566,0.8178,0.1468,0.080288,5.589249,0.288781,0.063542,0.7931,5.584496,0.332862,0.063968,0.7279,0.1217,0.069393,0.677328,0.2820,5.584496,0.243633,0.392969,2.0528,-1.000000,0.596138,1090.6250,0,1,clay,1.0000,0.500000,0,0,0.000000,0.000000,0.000000,0,nan,0.00,0.520485,0.5840,0.0071,0.274816,1.1105,0.47,4.62,5.55,4.49,0.079681,-18.1474,-1.2597,0.008000,0.030045,0.2757,0.076538,0.032446,0.006237,1065.1080038768898,912.923060131426,294.13986829162417,67.19021802300071,-0.044575,0.001688,6361.4,6259.1,0.297315,0.232925,-0.863835,0.7241,1.0000,,,,,
4.1280,1778670398.601779,344,5.573775,0.355796,0.059327,0.8001,0.1015,0.085491,5.598689,0.292877,0.064569,0.8127,5.577788,0.357345,0.059730,0.7427,0.1175,0.069219,0.694777,0.2693,5.577788,0.240855,0.392331,2.0423,-1.000000,0.502643,1088.5898,0,1,clay,1.0000,0.500000,0,0,0.000000,0.000000,0.000000,0,nan,0.00,0.497758,0.5945,0.0068,0.262816,1.1165,0.46,4.78,5.70,5.72,0.083777,-18.0886,-1.2295,0.008000,0.079894,0.2723,0.084414,0.024056,0.010167,782.0103399299812,846.3746728212101,246.6739601879696,204.86801720821265,-0.047729,0.013029,6356.8,6263.7,0.305314,0.301325,-1.000000,0.7388,1.0000,,,,,
4.1400,1778670398.613737,345,5.674616,0.370310,0.075358,0.8067,0.1911,0.084912,5.608378,0.297062,0.065602,0.8361,5.678789,0.372036,0.075776,0.7561,0.1248,0.069005,0.728554,0.2571,5.678789,0.283048,0.397539,2.1991,-1.000000,0.450066,1128.7317,0,1,clay,1.0000,0.500000,0,0,0.000000,0.000000,0.000000,0,nan,0.00,0.475031,0.6049,0.0065,0.250816,1.1219,0.45,4.85,5.76,5.23,0.087962,-18.0294,-1.3629,0.008000,0.050246,0.7190,0.089206,0.022320,0.009296,812.7952751736234,1510.0813439908904,102.16497614298552,79.09216201442482,-0.072805,-0.001507,6348.2,6272.4,0.320421,0.327365,-1.000000,0.7520,1.0000,,,,,
4.1520,1778670398.625869,346,5.578020,0.278052,0.062827,0.9157,0.1318,0.089182,5.618348,0.301369,0.066671,0.8625,5.582454,0.279767,0.063257,0.7880,0.1242,0.069670,0.761088,0.2450,5.582454,0.242787,0.392779,2.0496,-0.333184,0.326505,1082.9265,0,1,clay,1.0000,0.500000,0,0,0.000000,0.000000,0.000000,0,nan,0.00,0.467458,0.6149,0.0062,0.246818,1.1258,0.46,4.91,5.83,5.27,0.092269,-17.9682,-1.1871,0.008000,0.068684,-0.1506,0.113581,0.020699,0.013030,492.2304024009276,325.0111354335199,95.70641763298211,167.0415173862138,-0.074745,0.003919,6339.9,6280.7,0.334902,0.273356,-1.000000,0.7837,1.0000,,,,,
4.1640,1778670398.637794,347,5.651331,0.363698,0.067131,0.9145,0.1629,0.086546,5.628632,0.305763,0.067716,0.8902,5.655949,0.365501,0.067574,0.8135,0.1287,0.071169,0.785888,0.2449,5.655949,0.273462,0.397183,2.1641,-1.000000,0.237745,1116.7136,0,1,clay,1.0000,0.500000,0,0,0.000000,0.000000,0.000000,0,nan,0.00,0.444731,0.6247,0.0059,0.234818,1.1287,0.46,4.93,5.85,5.06,-0.007137,-18.8095,-1.2739,0.008000,0.128153,0.3234,0.109511,0.033426,0.016372,462.7048974188543,1407.2166855852643,-291.2944221036487,135.96769997715654,-0.077046,-0.000533,6333.4,6287.1,0.346158,0.305342,-0.333184,0.8090,1.0000,,,,,
4.1760,1778670398.649698,348,5.613441,0.301663,0.071353,0.8942,0.0290,0.085744,5.639218,0.310193,0.068748,0.9144,5.618176,0.303389,0.071794,0.8302,0.1132,0.069756,0.807801,0.2290,5.618176,0.257649,0.395542,2.1055,-0.805616,0.144368,1096.3927,0,1,clay,1.0000,0.500000,0,0,0.000000,0.000000,0.000000,0,nan,0.00,0.426422,0.6341,0.0056,0.225151,1.1304,0.46,4.94,5.86,4.99,-0.002707,-18.7503,-1.1911,0.008000,0.039291,-0.2514,0.102971,0.003523,0.009499,339.06418926353814,234.91308375207427,170.77155744760728,438.0068368810793,-0.060431,0.027123,6327.7,6292.8,0.356059,0.366061,-1.000000,0.8255,1.0000,,,,,
4.1880,1778670398.662482,349,5.647422,0.278935,0.064689,0.9606,0.0854,0.091214,5.650097,0.314711,0.069833,0.9410,5.652371,0.280632,0.065141,0.8565,0.1087,0.070193,0.834585,0.2204,5.652371,0.271961,0.397084,2.1585,0.082666,0.059739,1109.8770,0,1,clay,1.0000,0.500000,0,0,0.000000,0.000000,0.000000,0,nan,0.00,0.428301,0.6432,0.0053,0.226143,1.1311,0.48,5.36,6.33,7.73,0.001811,-18.6881,-1.2176,0.008000,0.007555,0.1522,0.124735,0.002305,0.014990,368.32892831401387,-1.656664157165352,272.67296010164733,541.2740611704157,-0.057277,0.037200,6320.8,6299.7,0.368123,0.347557,-0.805616,0.8516,1.0000,,,,,
4.2000,1778670398.674453,350,5.672598,0.297078,0.076886,1.0310,0.1156,0.084467,5.661322,0.319207,0.070876,0.9701,5.678120,0.299002,0.077376,0.8918,0.1109,0.071818,0.859802,0.2267,5.678120,0.282767,0.397536,2.1981,-1.000000,-0.032829,1118.6893,0,1,clay,1.0000,0.500000,0,0,0.000000,0.000000,0.000000,0,nan,0.00,0.405573,0.6519,0.0051,0.214143,1.1307,0.50,5.67,6.67,7.45,0.006307,-18.6284,-1.2280,0.008000,0.085750,0.2436,0.138507,-0.004476,0.011633,52.865677886823164,-1244.6922221411642,-452.20217239173536,543.5896265395859,-0.046390,0.035092,6314.3,6306.2,0.379467,0.326396,0.082666,0.8863,1.0000,,,,,
4.2120,1778670398.686191,351,5.639617,0.355073,0.067502,1.0615,0.1447,0.088483,5.672860,0.323747,0.071940,0.9969,5.645674,0.357088,0.068017,0.9262,0.1134,0.070834,0.883207,0.2074,5.645674,0.269154,0.396866,2.1482,-1.000000,-0.152995,1111.0215,0,1,clay,1.0000,0.500000,0,0,0.000000,0.000000,0.000000,0,nan,0.00,0.382846,0.6603,0.0048,0.202143,1.1289,0.51,5.73,6.75,6.04,0.010847,-18.5674,-1.1513,0.008000,0.060049,-0.4664,0.150940,0.005034,0.015850,7.168953483138495,-2362.4069493100883,155.9067705885464,504.34076256305633,-0.056234,0.028636,6308.2,6312.3,0.390065,0.354352,-1.000000,0.9202,1.0000,,,,,
4.2240,1778670398.698078,352,5.688618,0.378252,0.078353,1.0069,0.1666,0.093615,5.684669,0.328412,0.073075,1.0192,5.694838,0.380417,0.078878,0.9431,0.1179,0.070357,0.891998,0.1954,5.694838,0.289787,0.397504,2.2234,-1.000000,-0.219470,1129.7602,0,1,clay,1.0000,0.500000,0,0,0.000000,0.000000,0.000000,0,nan,0.00,0.360119,0.6683,0.0046,0.190143,1.1263,0.52,5.66,6.71,5.27,0.015512,-18.5024,-1.2042,0.008000,0.037375,0.4266,0.141397,0.010414,0.015708,325.48878517887897,216.23855369931246,61.67789335197867,439.67630745588116,-0.075257,0.021314,6305.8,6314.8,0.394308,0.413613,-1.000000,0.9370,1.0000,,,,,
4.2360,1778670398.709690,353,5.708150,0.247781,0.069577,1.0728,0.2297,0.095709,5.696791,0.333249,0.074244,1.0473,5.714479,0.249992,0.070102,0.9694,0.1300,0.070758,0.912595,0.1834,5.714479,0.298030,0.397138,2.2529,1.000000,-0.283764,1133.4509,0,1,clay,1.0000,0.500000,0,0,0.000000,0.000000,0.000000,0,nan,0.00,0.382846,0.6759,0.0044,0.202143,1.1229,0.52,5.53,6.56,4.79,0.020349,-18.4354,-1.2056,0.008000,0.148311,0.1676,0.151151,0.033356,0.017745,357.7813625346747,668.4344500474257,-48.61146484476161,247.74640363664616,-0.101459,0.003430,6300.5,6320.1,0.403593,0.406933,-1.000000,0.9633,1.0000,,,,,
4.2480,1778670398.721856,354,5.632818,0.295456,0.085981,1.0216,0.0649,0.088501,5.709230,0.338085,0.075368,1.0737,5.639100,0.297689,0.086511,0.9807,0.1233,0.074294,0.929304,0.2087,5.639100,0.266399,0.396613,2.1380,-1.000000,-0.380138,1104.5561,0,1,clay,1.0000,0.500000,0,0,0.000000,0.000000,0.000000,0,nan,0.00,0.360119,0.6832,0.0042,0.190143,1.1183,0.53,5.39,6.46,4.60,0.025185,-18.3710,-1.0643,0.008000,0.159649,0.1894,0.145626,0.011825,0.018537,-16.60230991717242,-1492.6454459496395,-878.466743503048,443.0794056108168,-0.071001,0.019880,6296.1,6324.4,0.411149,0.464421,1.000000,0.9746,1.0000,,,,,
4.2600,1778670398.733671,355,5.758849,0.249660,0.078589,1.0715,0.1117,0.088889,5.722003,0.342851,0.076457,1.1115,5.765115,0.251766,0.079100,0.9994,0.1184,0.072109,0.946982,0.1837,5.765115,0.319204,0.394692,2.3268,1.000000,-0.411161,1152.0303,0,1,clay,1.0000,0.500000,0,0,0.000000,0.000000,0.000000,0,nan,0.00,0.382846,0.6901,0.0040,0.202143,1.1134,0.52,5.29,6.34,4.73,0.029951,-18.3086,-1.2153,0.008000,0.115175,0.4793,0.129188,0.011358,0.022051,58.03543919939215,548.4279026857121,39.44970127462675,487.73164539866394,-0.074514,0.023560,6291.5,6329.0,0.419207,0.496617,-1.000000,0.9933,1.0000,,,,,
4.2720,1778670398.745582,356,5.765293,0.403786,0.084602,1.1374,0.1438,0.104948,5.734995,0.347916,0.077696,1.1198,5.771593,0.405977,0.085131,1.0273,0.1248,0.078066,0.963217,0.2085,5.771593,0.321901,0.394329,2.3360,-1.000000,-0.449955,1142.7734,0,1,clay,1.0000,0.500000,0,0,0.000000,0.000000,0.000000,0,nan,0.00,0.360119,0.6966,0.0038,0.190143,1.1080,0.51,5.22,6.24,4.80,0.035016,-18.2376,-1.2162,0.008000,0.031044,0.5679,0.129087,0.006185,0.018982,363.20069972280123,801.0014429041624,-860.633910478055,506.757059231923,-0.062989,0.025224,6287.4,6333.2,0.426441,0.475961,1.000000,1.0212,1.0000,,,,,
4.2840,1778670398.757647,357,5.731974,0.376474,0.081977,1.0999,0.1408,0.115956,5.748223,0.353300,0.079085,1.1417,5.738279,0.378651,0.082513,1.0425,0.1238,0.078078,0.966019,0.1839,5.738279,0.308001,0.396220,2.2881,-1.000000,-0.478346,1119.4092,0,1,clay,1.0000,0.500000,0,0,0.000000,0.000000,0.000000,0,nan,0.00,0.337391,0.7028,0.0036,0.178143,1.1022,0.50,5.13,6.13,4.65,0.040400,-18.1580,-1.1463,0.008000,0.055381,0.1837,0.125481,0.024278,0.030542,194.71047981446412,354.16822140518616,8.545842005517564,559.1179668706959,-0.079652,0.030754,6286.6,6334.0,0.427768,0.504705,-1.000000,1.0365,1.0000,,,,,
4.2960,1778670398.769736,358,5.716074,0.420451,0.087792,1.2784,0.1716,0.121503,5.761741,0.358946,0.080591,1.1736,5.722582,0.422741,0.088345,1.0892,0.1288,0.080654,0.966580,0.1720,5.722582,0.301428,0.396884,2.2650,-1.000000,-0.497929,1085.9958,0,1,clay,1.0000,0.500000,0,0,0.000000,0.000000,0.000000,0,nan,0.00,0.314664,0.7086,0.0034,0.166143,1.0962,0.51,5.08,6.10,4.77,0.046046,-18.0718,-1.0914,0.008000,0.114142,0.8956,0.143275,0.037760,0.038577,-17.46860134997965,1470.3650037970372,-51.28862576402837,541.8968420691622,-0.093583,0.030168,6286.4,6334.1,0.428080,0.443247,-1.000000,1.0833,1.0000,,,,,
4.3080,1778670398.781905,359,5.698728,0.378719,0.087351,1.2284,0.1202,0.137697,5.775586,0.364819,0.082172,1.1999,5.705402,0.381041,0.087932,1.1174,0.1251,0.083365,0.982435,0.1600,5.705402,0.294222,0.397351,2.2393,-1.000000,-0.525340,1059.4113,0,1,clay,1.0000,0.500000,0,0,0.000000,0.000000,0.000000,0,nan,0.00,0.291937,0.7140,0.0033,0.154143,1.0899,0.53,4.99,6.06,4.50,0.051919,-17.9812,-1.0395,0.008000,0.083462,0.1600,0.133582,0.025613,0.037693,-205.95851755676554,1066.2327793507554,-92.97533506302908,664.7281852846256,-0.105137,0.043751,6282.4,6338.2,0.435133,0.486125,-1.000000,1.1114,1.0000,,,,,
4.3200,1778670398.793710,360,5.774728,0.470295,0.088995,1.2392,0.2182,0.134591,5.789718,0.370879,0.083806,1.2260,5.781435,0.472718,0.089589,1.1422,0.1356,0.085580,0.997593,0.1481,5.781435,0.325993,0.393796,2.3499,-1.000000,-0.533506,1072.0307,0,1,clay,1.0000,0.500000,0,0,0.000000,0.000000,0.000000,0,nan,0.00,0.269210,0.7192,0.0031,0.142143,1.0835,0.53,4.96,6.02,4.77,0.057979,-17.8876,-1.1239,0.008000,0.092650,0.7961,0.121633,0.040208,0.044394,-539.2683319132808,1568.8042918847998,-239.44968978774904,603.4834237557998,-0.130993,0.036529,6278.5,6342.0,0.441878,0.489278,-1.000000,1.1361,1.0000,,,,,
4.3320,1778670398.805746,361,5.775883,0.300815,0.097578,1.2617,0.2508,0.128002,5.804173,0.376855,0.085366,1.2523,5.782650,0.303403,0.098178,1.1665,0.1486,0.086536,1.012393,0.1361,5.782650,0.326498,0.393731,2.3516,1.000000,-0.542382,1046.1887,0,1,clay,1.0000,0.500000,0,0,0.000000,0.000000,0.000000,0,nan,0.00,0.291937,0.7240,0.0029,0.154143,1.0770,0.52,4.89,5.94,4.51,0.063955,-17.7982,-1.0993,0.008000,0.110554,0.6683,0.128153,0.056108,0.047678,-451.25713495802484,648.4433706044946,-531.8366168875561,462.313426180303,-0.155979,0.023507,6274.8,6345.8,0.448423,0.494623,-1.000000,1.1604,1.0000,,,,,
4.3440,1778670398.817774,362,5.810481,0.357472,0.077818,1.2702,0.1189,0.125473,5.818919,0.382758,0.086836,1.2744,5.817358,0.359901,0.078432,1.1878,0.1449,0.091326,1.026743,0.1601,5.817358,0.340881,0.392041,2.3995,0.797347,-0.557328,1045.0721,0,1,clay,1.0000,0.500000,0,0,0.000000,0.000000,0.000000,0,nan,0.00,0.310058,0.7285,0.0028,0.163711,1.0703,0.53,4.85,5.90,4.60,0.069858,-17.7139,-1.1251,0.008000,0.076576,0.0367,0.120996,0.054636,0.068859,-952.4186037529712,1507.026582209601,-1350.6185987329018,578.3601968630762,-0.133240,0.034256,6271.1,6349.4,0.454769,0.505344,1.000000,1.1817,1.0000,,,,,
4.3560,1778670398.831363,363,5.816752,0.401927,0.089765,1.1697,0.1794,0.103571,5.833898,0.386927,0.087177,1.2414,5.823557,0.404437,0.090369,1.1855,0.1489,0.091260,1.031478,0.1684,5.823557,0.343443,0.391768,2.4080,-0.200786,-0.569118,1049.2970,0,1,clay,1.0000,0.500000,0,0,0.000000,0.000000,0.000000,0,nan,0.00,0.305495,0.7327,0.0027,0.161301,1.0635,0.54,4.87,5.94,4.97,0.074027,-17.6944,-1.1666,0.008000,0.108854,-0.2392,0.105686,0.044088,0.044140,-2288.0874033298987,-1841.3995055854784,-1291.918909343759,508.7793883795133,-0.123477,0.027286,6269.9,6350.7,0.456893,0.492902,0.797347,1.1793,1.0000,,,,,
4.3680,1778670398.841803,364,5.790616,0.338783,0.085762,1.3187,0.1648,-0.043456,5.849168,0.388728,0.086103,1.2935,5.797636,0.341069,0.086230,1.2124,0.1483,0.074099,1.027982,0.1601,5.797636,0.332717,0.392967,2.3725,1.000000,-0.576175,1021.1797,0,1,clay,1.0000,0.500000,0,0,0.000000,0.000000,0.000000,0,nan,0.00,0.328222,0.7367,0.0025,0.173301,1.0566,0.54,4.82,5.90,4.59,0.075828,-17.7560,-1.0789,0.008000,0.091442,-0.0315,0.112167,0.064236,0.033575,-1693.2996123327239,-3195.8601057028923,-594.2569741968318,-74.37528426116444,-0.081972,-0.016831,6270.8,6349.8,0.455386,0.509175,-0.200786,1.2063,1.0000,,,,,
4.3800,1778670398.853769,365,5.899574,0.389690,0.086630,1.2901,0.1480,0.005297,5.864659,0.391794,0.086001,1.3177,5.906663,0.391876,0.087037,1.2287,0.1488,0.068477,1.041563,0.1792,5.906663,0.377628,0.388984,2.5172,0.217584,-0.568128,1040.2373,0,1,clay,1.0000,0.500000,0,0,0.000000,0.000000,0.000000,0,nan,0.00,0.333167,0.7404,0.0024,0.175912,1.0498,0.55,4.77,5.86,4.47,0.078894,-17.7618,-1.1995,0.008000,0.057044,-0.3614,0.098892,0.038243,-0.005237,-1337.2354945579305,-2431.497797894328,-824.7710978869453,-313.14712341762197,-0.045405,-0.035376,6267.3,6353.2,0.461394,0.560209,1.000000,1.2225,1.0000,,,,,
4.3920,1778670398.865583,366,6.024038,0.441032,0.082979,1.3607,0.2323,0.025878,5.880423,0.395322,0.086274,1.3443,6.031189,0.443193,0.083346,1.2554,0.1600,0.064462,1.055040,0.1772,6.031189,0.428538,0.387693,2.6714,1.000000,-0.552470,1053.6293,0,1,clay,1.0000,0.500000,0,0,0.000000,0.000000,0.000000,0,nan,0.00,0.355895,0.7438,0.0023,0.187912,1.0431,0.53,4.75,5.82,4.66,-0.020478,-17.2693,-1.3271,0.008000,0.186200,-0.4206,0.110196,0.052631,-0.013921,-1592.3628216501345,-566.3902380342581,-610.2416788903731,-571.2787825170473,-0.038526,-0.057009,6263.9,6356.6,0.467302,0.512952,0.217584,1.2493,1.0000,,,,,
4.4040,1778670398.877640,367,5.937673,0.439044,0.088313,1.3578,0.1976,0.022370,5.896510,0.398785,0.086538,1.3702,5.944897,0.441232,0.088652,1.2765,0.1662,0.062924,1.068400,0.1937,5.944897,0.393281,0.388247,2.5655,-0.620725,-0.579875,1017.3211,0,1,clay,1.0000,0.500000,0,0,0.000000,0.000000,0.000000,0,nan,0.00,0.341787,0.7470,0.0022,0.180464,1.0362,0.52,4.75,5.80,4.75,-0.017015,-17.2541,-1.1953,0.008000,0.110498,-0.4640,0.084380,0.054483,-0.022095,-1513.3210690307073,266.95573553049564,-720.158944176987,-708.863937886435,-0.017423,-0.069438,6260.6,6360.0,0.473153,0.515992,1.000000,1.2703,1.0000,,,,,
4.4160,1778670398.889706,368,5.941647,0.427923,0.083027,1.3966,0.1356,0.020989,5.912906,0.402137,0.086774,1.3946,5.949029,0.429986,0.083334,1.3010,0.1584,0.057556,1.080863,0.1769,5.949029,0.394971,0.388188,2.5707,0.365803,-0.607485,1000.8057,0,1,clay,1.0000,0.500000,0,0,0.000000,0.000000,0.000000,0,nan,0.00,0.350101,0.7500,0.0021,0.184853,1.0289,0.52,4.72,5.76,4.50,-0.013663,-17.2406,-1.1761,0.008000,0.127714,-0.7587,0.079055,0.057024,-0.019053,-1730.596927279703,-1104.9293990708175,306.207928776412,-728.7517897956689,-0.007356,-0.069826,6257.4,6363.2,0.478726,0.509923,-0.620725,1.2947,1.0000,,,,,
4.4280,1778670398.901685,369,5.863250,0.405252,0.091566,1.3775,0.1299,0.014646,5.929594,0.405280,0.086967,1.4158,5.870661,0.407296,0.091846,1.3170,0.1540,0.055158,1.080329,0.1870,5.870661,0.362852,0.389992,2.4706,-0.040608,-0.641254,969.6694,0,1,clay,1.0000,0.500000,0,0,0.000000,0.000000,0.000000,0,nan,0.00,0.349178,0.7528,0.0020,0.184366,1.0212,0.52,4.70,5.74,4.58,-0.010520,-17.2296,-1.0549,0.008000,0.108790,-0.3771,0.068832,0.038524,-0.031039,-1963.619493606744,-439.885168691783,-359.4601716643977,-748.3473552840624,0.012557,-0.071074,6257.5,6363.1,0.478550,0.524783,0.365803,1.3107,1.0000,,,,,
4.4400,1778670398.913549,370,5.922662,0.511829,0.085056,1.4750,0.0931,0.013770,5.946547,0.408250,0.087141,1.4355,5.930190,0.513715,0.085310,1.3488,0.1441,0.051907,1.091790,0.1841,5.930190,0.387264,0.388490,2.5470,-1.000000,-0.666652,967.0467,0,1,clay,1.0000,0.500000,0,0,0.000000,0.000000,0.000000,0,nan,0.00,0.326451,0.7552,0.0019,0.172366,1.0132,0.50,4.67,5.67,4.55,-0.007550,-17.2196,-1.1116,0.008000,0.170595,-1.2476,0.074798,0.043376,-0.007167,-2018.2348755222965,-2103.9168934055815,450.07565044795325,-721.5691469229148,0.031954,-0.065991,6254.5,6366.0,0.483678,0.502096,-0.040608,1.3425,1.0000,,,,,
4.4520,1778670398.925656,371,6.027772,0.336912,0.084424,1.5324,0.1707,0.005523,5.963753,0.411046,0.087272,1.4558,6.035472,0.338767,0.084644,1.3855,0.1459,0.046376,1.102711,0.1667,6.035472,0.430287,0.387674,2.6766,1.000000,-0.666510,958.6502,0,1,clay,1.0000,0.500000,0,0,0.000000,0.000000,0.000000,0,nan,0.00,0.349178,0.7575,0.0018,0.184366,1.0052,0.49,4.64,5.63,4.44,-0.004754,-17.2121,-1.2208,0.008000,0.112508,-0.1799,0.088834,0.036368,-0.030857,-2025.9816883298927,-1626.2765764183296,224.49928004677798,-821.3914766446798,0.027620,-0.074371,6251.7,6368.8,0.488554,0.492017,-1.000000,1.3793,1.0000,,,,,
4.4640,1778670398.937665,372,5.944960,0.397167,0.093353,1.4769,0.0800,-0.006304,5.981076,0.413470,0.087231,1.4535,5.952722,0.398992,0.093549,1.4044,0.1379,0.044985,1.107825,0.1900,5.952722,0.396481,0.388138,2.5753,1.000000,-0.699222,925.9740,0,1,clay,1.0000,0.500000,0,0,0.000000,0.000000,0.000000,0,nan,0.00,0.371905,0.7596,0.0017,0.196366,0.9968,0.50,4.62,5.62,4.53,-0.002330,-17.2144,-1.1218,0.008000,0.047683,-0.3519,0.109570,0.009620,-0.048513,-1577.0618158745126,-307.12839983371225,-328.8061299365693,-809.6526619822716,0.059366,-0.071725,6250.5,6370.1,0.490804,0.520200,1.000000,1.3982,1.0000,,,,,
4.4760,1778670398.949736,373,5.991829,0.409932,0.084004,1.4651,0.0947,-0.015173,5.998777,0.415112,0.086715,1.4826,5.999705,0.411615,0.084173,1.4174,0.1333,0.042465,1.117917,0.2020,5.999705,0.415680,0.387791,2.6332,1.000000,-0.718181,927.8907,0,1,clay,1.0000,0.500000,0,0,0.000000,0.000000,0.000000,0,nan,0.00,0.394633,0.7614,0.0016,0.208366,0.9882,0.51,4.60,5.63,4.49,-0.000688,-17.2440,-1.1506,0.008000,0.082184,-0.5521,0.095894,0.014918,-0.036163,-1962.0389000736318,-2082.8973610220964,-108.34370969887541,-839.5218876058836,0.086723,-0.073827,6247.9,6372.7,0.495345,0.528955,1.000000,1.4111,1.0000,,,,,
4.4880,1778670398.961753,374,5.951487,0.435527,0.079800,1.4610,0.0751,-0.064239,6.016787,0.416138,0.085959,1.5122,5.959446,0.437034,0.079906,1.4269,0.1268,0.034881,1.074612,0.2140,5.959446,0.399230,0.388057,2.5836,-1.000000,-0.695820,913.1368,0,1,clay,1.0000,0.500000,0,0,0.000000,0.000000,0.000000,0,nan,0.00,0.371905,0.7630,0.0016,0.196366,0.9798,0.53,4.61,5.67,4.66,0.000338,-17.2873,-1.0714,0.008000,0.075664,-0.8070,0.087912,-0.011234,-0.067303,-1398.967764053064,-2485.7084876169824,298.29619838104594,-922.7938772092446,0.124094,-0.084235,6258.8,6361.8,0.476274,0.539553,1.000000,1.4208,1.0000,,,,,
4.5000,1778670398.973736,375,6.083584,0.432977,0.088501,1.5553,0.0548,-0.068064,6.035026,0.416881,0.085150,1.5256,6.091730,0.434397,0.088541,1.4530,0.1146,0.023909,1.085816,0.1907,6.091730,0.453248,0.387275,2.7436,1.000000,-0.676648,919.5372,0,1,clay,1.0000,0.500000,0,0,0.000000,0.000000,0.000000,0,nan,0.00,0.394633,0.7645,0.0015,0.208366,0.9717,0.54,4.60,5.67,4.53,0.001081,-17.3336,-1.2181,0.008000,0.084611,-0.0739,0.085878,-0.022301,-0.071948,-1187.4059729626674,-2370.704682834963,856.6033162365824,-981.464139132672,0.136717,-0.089516,6256.0,6364.6,0.481174,0.522136,-1.000000,1.4468,1.0000,,,,,
4.5120,1778670398.985744,376,6.037889,0.373756,0.085503,1.3935,0.0116,-0.063483,6.053538,0.417563,0.084373,1.5512,6.046006,0.375005,0.085506,1.4427,0.1027,0.020719,1.096979,0.2141,6.046006,0.434588,0.387619,2.6892,1.000000,-0.682780,917.4598,0,1,clay,1.0000,0.500000,0,0,0.000000,0.000000,0.000000,0,nan,0.00,0.417360,0.7658,0.0014,0.220366,0.9635,0.55,4.60,5.69,4.58,0.001763,-17.3782,-1.1380,0.008000,0.110000,-0.5410,0.053174,-0.063694,-0.103739,-732.1258751269826,-2372.4973812212793,839.011837074725,-972.8913892171472,0.171935,-0.088853,6253.2,6367.4,0.486057,0.580894,1.000000,1.4365,1.0000,,,,,
4.5240,1778670398.997685,377,6.012971,0.412055,0.081070,1.6713,0.0139,-0.043817,6.072321,0.418696,0.083955,1.5744,6.021343,0.413200,0.081060,1.4883,0.0937,0.019971,1.107681,0.2260,6.021343,0.424517,0.387733,2.6595,1.000000,-0.711218,882.1566,0,1,clay,1.0000,0.500000,0,0,0.000000,0.000000,0.000000,0,nan,0.00,0.440087,0.7669,0.0013,0.232366,0.9550,0.54,4.60,5.68,4.61,0.002896,-17.4021,-1.0851,0.008000,0.083232,-0.4595,0.072865,-0.058672,-0.091417,-36.96576488074067,-685.1829310467244,1150.5666535232326,-930.2027379172497,0.199182,-0.081055,6250.5,6370.1,0.490794,0.501376,1.000000,1.4819,1.0000,,,,,
4.5360,1778670399.009583,378,6.088841,0.384366,0.078409,1.6343,-0.0588,-0.002238,6.091311,0.420479,0.083924,1.5977,6.097346,0.385414,0.078426,1.5178,0.0754,0.024578,1.117684,0.2380,6.097346,0.455538,0.387220,2.7503,1.000000,-0.731025,875.9094,0,1,clay,1.0000,0.500000,0,0,0.000000,0.000000,0.000000,0,nan,0.00,0.462815,0.7678,0.0013,0.244366,0.9462,0.53,4.60,5.65,4.58,0.004679,-17.4039,-1.1526,0.008000,0.107058,-1.0859,0.086426,-0.090467,-0.095852,1413.23135635684,-1219.864030924346,1327.5081614396292,-742.0650311964293,0.223602,-0.057128,6247.9,6372.7,0.495274,0.517566,1.000000,1.5114,1.0000,,,,,
4.5480,1778670399.021905,379,5.991540,0.521592,0.083844,1.6376,0.0115,0.023687,6.110497,0.422706,0.084122,1.6144,6.000243,0.522753,0.083908,1.5422,0.0721,0.032475,1.111695,0.2501,6.000243,0.415899,0.387790,2.6339,0.388871,-0.762098,845.2682,0,1,clay,1.0000,0.500000,0,0,0.000000,0.000000,0.000000,0,nan,0.00,0.471652,0.7685,0.0012,0.249033,0.9371,0.55,4.62,5.72,4.74,0.006906,-17.3925,-1.0195,0.008000,0.075804,-0.3814,0.077918,-0.097943,-0.094952,1067.4165491651156,-1536.1064403106793,1367.2565810415701,-602.4432505696217,0.231205,-0.041713,6249.4,6371.2,0.492693,0.528945,1.000000,1.5359,1.0000,,,,,
4.5600,1778670399.033724,380,6.185206,0.459169,0.086776,1.5999,0.1490,0.037780,6.129864,0.425244,0.084499,1.6310,6.193985,0.460550,0.086888,1.5547,0.0893,0.039531,1.120953,0.2513,6.193985,0.494880,0.385874,2.8621,-0.728599,-0.762761,866.2165,0,1,clay,1.0000,0.500000,0,0,0.000000,0.000000,0.000000,0,nan,0.00,0.455093,0.7691,0.0012,0.240289,0.9279,0.55,4.62,5.72,4.66,-0.092356,-17.2040,-1.2310,0.008000,0.087876,-0.1436,0.052448,-0.032597,-0.035378,1229.886212176183,175.9865933490712,837.0145826816117,-640.1369424756604,0.212373,-0.043913,6247.0,6373.6,0.496865,0.547259,0.388871,1.5483,1.0000,,,,,
4.5720,1778670399.045583,381,6.125499,0.400061,0.085327,1.6577,0.0297,0.059838,6.149435,0.428245,0.085146,1.6516,6.134360,0.401477,0.085489,1.5759,0.0825,0.045311,1.130185,0.2361,6.134360,0.470624,0.386797,2.7936,1.000000,-0.786008,841.7835,0,1,clay,1.0000,0.500000,0,0,0.000000,0.000000,0.000000,0,nan,0.00,0.477821,0.7695,0.0011,0.252289,0.9185,0.53,4.64,5.71,4.74,-0.089355,-17.1669,-1.1420,0.008000,0.047991,-0.7289,0.054221,-0.078054,-0.070083,504.4487386922076,442.63060279922314,1104.8068075383944,-471.41799781472616,0.195718,-0.026008,6244.6,6375.9,0.500935,0.542479,-0.728599,1.5694,1.0000,,,,,
4.5840,1778670399.057619,382,6.200744,0.353571,0.092523,1.6154,0.0535,0.077087,6.169177,0.431748,0.086018,1.6724,6.209609,0.355165,0.092753,1.5848,0.0849,0.056653,1.133475,0.2580,6.209609,0.501224,0.385583,2.8797,1.000000,-0.794658,846.6442,0,1,clay,1.0000,0.500000,0,0,0.000000,0.000000,0.000000,0,nan,0.00,0.500548,0.7697,0.0010,0.264289,0.9090,0.52,4.63,5.66,4.54,-0.085852,-17.1170,-1.2074,0.008000,0.108820,0.2351,0.049080,-0.068241,-0.052294,514.2110808906676,616.5312167686865,1099.651619622037,-297.3677425915165,0.194968,-0.011264,6243.8,6376.8,0.502440,0.561628,1.000000,1.5783,1.0000,,,,,
4.5960,1778670399.069695,383,6.184703,0.409947,0.082408,1.6331,-0.0377,0.062286,6.189202,0.435135,0.086730,1.6945,6.193607,0.411429,0.082678,1.5954,0.0723,0.063524,1.141994,0.2699,6.193607,0.494726,0.385881,2.8616,1.000000,-0.814496,838.2399,0,1,clay,1.0000,0.500000,0,0,0.000000,0.000000,0.000000,0,nan,0.00,0.523275,0.7698,0.0010,0.276289,0.8992,0.51,4.60,5.62,4.43,-0.082465,-17.0762,-1.1671,0.008000,0.101626,-0.0565,0.054602,-0.098587,-0.060856,-637.5205410819273,-889.9090228167461,1242.1011309856617,-7.88142414269015,0.210877,0.008535,6241.6,6378.9,0.506215,0.558802,1.000000,1.5889,1.0000,,,,,
4.6080,1778670399.081711,384,6.157864,0.478070,0.089007,1.6109,0.0010,0.044674,6.209532,0.438269,0.087297,1.7178,6.166766,0.479610,0.089296,1.5996,0.0686,0.067309,1.139411,0.2819,6.166766,0.483815,0.386332,2.8310,1.000000,-0.827811,830.4657,0,1,clay,1.0000,0.500000,0,0,0.000000,0.000000,0.000000,0,nan,0.00,0.546003,0.7698,0.0010,0.288289,0.8893,0.52,4.59,5.63,4.54,-0.079331,-17.0437,-1.1132,0.008000,0.078737,-0.1103,0.031599,-0.075244,-0.028737,-847.9579676884366,78.97787336776909,1329.5933047049093,120.09047608973293,0.224565,0.016013,6242.2,6378.3,0.505120,0.567114,1.000000,1.5932,1.0000,,,,,
4.6200,1778670399.093792,385,6.244538,0.327397,0.090762,1.6602,0.0164,0.038166,6.230140,0.441259,0.087783,1.7412,6.253546,0.328977,0.091063,1.6126,0.0685,0.070221,1.140426,0.2940,6.253546,0.519036,0.384657,2.9289,1.000000,-0.826466,837.1806,0,1,clay,1.0000,0.500000,0,0,0.000000,0.000000,0.000000,0,nan,0.00,0.568730,0.7696,0.0009,0.300289,0.8793,0.54,4.59,5.66,4.58,-0.076341,-17.0159,-1.1877,0.008000,0.092251,0.1824,0.053706,-0.101229,-0.060309,-849.1003231107661,-1075.5465510015576,1372.763663227961,156.58482421429736,0.237619,0.018694,6242.0,6378.6,0.505610,0.557443,1.000000,1.6062,1.0000,,,,,
4.6320,1778670399.105673,386,6.262161,0.442225,0.090602,1.7854,0.0841,0.024423,6.251057,0.443992,0.088115,1.7641,6.271349,0.443879,0.090902,1.6474,0.0794,0.071457,1.146553,0.3059,6.271349,0.526238,0.384253,2.9485,1.000000,-0.845990,812.5231,0,1,clay,1.0000,0.500000,0,0,0.000000,0.000000,0.000000,0,nan,0.00,0.591457,0.7693,0.0009,0.312289,0.8692,0.53,4.62,5.69,4.78,-0.073608,-16.9968,-1.1844,0.008000,0.093500,0.4323,0.041832,-0.063878,-0.037913,-959.0023835862544,274.32876562942414,1382.3629462858555,-14.030583835009367,0.245796,0.009757,6240.4,6380.1,0.508309,0.531982,1.000000,1.6409,1.0000,,,,,
4.6440,1778670399.117747,387,6.218215,0.464215,0.082735,1.7981,-0.0541,0.023739,6.272260,0.446644,0.088420,1.7878,6.227652,0.465735,0.083036,1.6778,0.0672,0.072816,1.147288,0.3180,6.227652,0.508544,0.385222,2.9000,1.000000,-0.866505,786.0253,0,1,clay,1.0000,0.500000,0,0,0.000000,0.000000,0.000000,0,nan,0.00,0.614184,0.7688,0.0008,0.324289,0.8588,0.54,4.60,5.67,4.50,-0.070956,-16.9793,-1.1122,0.008000,0.062914,0.1060,0.041748,-0.074298,-0.045026,-1003.9982288330041,-66.97099297842885,1365.5677682367073,115.2463076022677,0.271011,0.018688,6240.2,6380.4,0.508696,0.533766,1.000000,1.6713,1.0000,,,,,
4.6560,1778670399.129741,388,6.294503,0.453124,0.081139,1.9870,0.0464,0.030432,6.293761,0.449361,0.088786,1.8192,6.304253,0.454696,0.081447,1.7390,0.0733,0.075396,1.154562,0.3300,6.304253,0.539529,0.383505,2.9844,-1.000000,-0.898510,757.4079,0,1,clay,1.0000,0.500000,0,0,0.000000,0.000000,0.000000,0,nan,0.00,0.591457,0.7681,0.0008,0.312289,0.8480,0.54,4.62,5.69,4.70,-0.068239,-16.9584,-1.1652,0.008000,0.170508,-0.3447,0.079022,-0.048992,-0.024886,-669.1365444627836,-578.1680476931934,1348.4598956234756,11.822208448553184,0.281582,0.015166,6238.3,6382.2,0.511952,0.494645,1.000000,1.7324,1.0000,,,,,
4.6680,1778670399.141698,389,6.313758,0.442828,0.090092,1.7517,0.0936,0.083304,6.315497,0.452792,0.089635,1.8397,6.323508,0.444614,0.090440,1.7427,0.0812,0.079399,1.161204,0.3066,6.323508,0.547293,0.383066,3.0052,-1.000000,-0.923185,756.5462,0,1,clay,1.0000,0.500000,0,0,0.000000,0.000000,0.000000,0,nan,0.00,0.568730,0.7673,0.0007,0.300289,0.8369,0.53,4.60,5.66,4.53,-0.064808,-16.9098,-1.1654,0.008000,0.057383,-0.0430,0.069375,-0.058894,-0.034846,71.85148894670817,587.6255461537116,1415.9442060740253,23.931684504512305,0.252747,0.017644,6236.6,6384.0,0.514966,0.535280,-1.000000,1.7361,1.0000,,,,,
4.6800,1778670399.153740,390,6.385297,0.463426,0.086422,1.8140,0.0014,0.087724,6.337440,0.456593,0.090672,1.8525,6.395151,0.465203,0.086808,1.7577,0.0735,0.083689,1.137551,0.2946,6.395151,0.576095,0.381427,3.0813,1.000000,-0.914196,755.9825,0,1,clay,1.0000,0.500000,0,0,0.000000,0.000000,0.000000,0,nan,0.00,0.591457,0.7664,0.0007,0.312289,0.8260,0.54,4.60,5.68,4.57,-0.061007,-16.8503,-1.2288,0.008000,0.100804,-0.2061,0.062312,-0.066620,-0.031387,-545.1464905665854,730.7835011890045,1338.2698569170016,253.45762907980316,0.237107,0.030508,6242.6,6378.0,0.504587,0.517788,-1.000000,1.7512,1.0000,,,,,
4.6920,1778670399.165708,391,6.380872,0.429795,0.095566,1.8612,0.0224,0.092750,6.359548,0.460566,0.091780,1.8713,6.390823,0.431748,0.096000,1.7789,0.0751,0.092631,1.122553,0.3180,6.390823,0.574359,0.381527,3.0767,0.290194,-0.901265,740.9770,0,1,clay,1.0000,0.500000,0,0,0.000000,0.000000,0.000000,0,nan,0.00,0.598052,0.7654,0.0007,0.315772,0.8151,0.54,4.61,5.70,4.70,-0.057034,-16.7869,-1.2054,0.008000,0.045090,-0.1634,0.074384,-0.119149,-0.081615,-908.9779020239268,884.1464324658065,1429.1450526466424,387.1901093819566,0.243405,0.039153,6246.4,6374.2,0.497943,0.498564,1.000000,1.7725,1.0000,,,,,
4.7040,1778670399.177626,392,6.330577,0.495676,0.101693,1.9084,-0.1358,0.095551,6.381882,0.464593,0.092905,1.8918,6.340667,0.497597,0.102162,1.8052,0.0490,0.097928,1.129256,0.3174,6.340667,0.554204,0.382675,3.0236,-1.000000,-0.915025,716.2382,0,1,clay,1.0000,0.500000,0,0,0.000000,0.000000,0.000000,0,nan,0.00,0.575325,0.7642,0.0006,0.303772,0.8042,0.53,4.62,5.68,4.64,-0.153407,-16.3921,-1.1318,0.008000,0.057827,0.7255,0.089219,-0.109991,-0.029058,-1046.4959584263177,1182.614965394184,1021.5909846547681,660.2383003827495,0.259238,0.063225,6244.7,6375.9,0.500868,0.473592,0.290194,1.7988,1.0000,,,,,
4.7160,1778670399.189688,393,6.310307,0.432095,0.096311,1.9204,0.0251,0.079026,6.404502,0.467907,0.093580,1.9067,6.320529,0.434003,0.096786,1.8288,0.0509,0.097408,1.136404,0.2981,6.320529,0.546092,0.383134,3.0020,1.000000,-0.932624,699.8409,0,1,clay,1.0000,0.500000,0,0,0.000000,0.000000,0.000000,0,nan,0.00,0.598052,0.7629,0.0006,0.315772,0.7930,0.53,4.62,5.68,4.67,-0.150093,-16.3534,-1.0952,0.008000,0.080555,0.0163,0.108774,-0.085446,-0.012372,-2512.5910096047055,1301.001250882808,1376.6790268783334,644.9436260564248,0.242755,0.061991,6242.9,6377.7,0.504057,0.451431,-1.000000,1.8223,1.0000,,,,,
4.7280,1778670399.201646,394,6.473483,0.515312,0.095623,1.9792,0.0205,-0.016121,6.427348,0.470163,0.093600,1.9154,6.483873,0.517145,0.096029,1.8590,0.0565,0.089662,1.114458,0.3214,6.483873,0.611574,0.379382,3.1729,0.358181,-0.928234,700.2899,0,1,clay,1.0000,0.500000,0,0,0.000000,0.000000,0.000000,0,nan,0.00,0.606193,0.7614,0.0006,0.320070,0.7818,0.52,4.65,5.69,4.81,-0.147837,-16.3523,-1.2575,0.008000,0.165400,-0.1411,0.126028,-0.097830,-0.047750,-2953.6485436692174,147.66735990864947,1406.409861577501,443.7750912576159,0.267889,0.044188,6248.4,6372.2,0.494408,0.428083,1.000000,1.8527,1.0000,,,,,
4.7400,1778670399.213689,395,6.627900,0.488614,0.097691,1.8897,0.0789,-0.028245,6.450344,0.471851,0.093280,1.9255,6.638363,0.490439,0.098028,1.8661,0.0687,0.079674,1.099619,0.3221,6.638363,0.672843,0.375713,3.3264,1.000000,-0.916283,716.0846,0,1,clay,1.0000,0.500000,0,0,0.000000,0.000000,0.000000,0,nan,0.00,0.628920,0.7599,0.0006,0.332070,0.7708,0.52,4.65,5.68,4.62,-0.146149,-16.3706,-1.4009,0.008000,0.194479,-0.0204,0.097851,-0.105563,-0.083369,-2576.331697815329,-556.3851185041341,1064.831339064368,120.56655485729797,0.278072,0.022285,6252.2,6368.4,0.487852,0.437190,0.358181,1.8599,1.0000,,,,,
4.7520,1778670399.227056,396,6.314626,0.516552,0.094263,1.8661,-0.0129,-0.030479,6.473436,0.472964,0.092667,1.9017,6.325022,0.518210,0.094541,1.8672,0.0651,0.072751,1.079035,0.3377,6.325022,0.547903,0.383032,3.0068,0.704279,-0.893437,675.5321,0,1,clay,1.0000,0.500000,0,0,0.000000,0.000000,0.000000,0,nan,0.00,0.644926,0.7583,0.0005,0.340521,0.7601,0.49,4.64,5.63,4.61,-0.145036,-16.4057,-1.1051,0.008000,0.081138,0.2260,0.068498,-0.091077,-0.080276,-2342.875110612196,-168.675094049868,1354.502486516426,0.8989860783213857,0.304604,0.013890,6257.4,6363.2,0.478714,0.423278,1.000000,1.8611,1.0000,,,,,
4.7640,1778670399.237649,397,6.499472,0.476998,0.093442,1.9330,-0.0254,-0.119741,6.496763,0.472835,0.091367,1.9430,6.509958,0.478416,0.093594,1.8811,0.0600,0.054847,1.087820,0.3445,6.509958,0.621965,0.378777,3.1994,1.000000,-0.889615,690.7251,0,1,clay,1.0000,0.500000,0,0,0.000000,0.000000,0.000000,0,nan,0.00,0.667654,0.7566,0.0005,0.352521,0.7494,0.49,4.63,5.62,4.55,-0.145165,-16.4802,-1.2563,0.008000,0.025886,0.2553,0.020566,-0.099771,-0.109223,-2429.1370493921336,-967.9150214445982,1274.8339691908768,-366.7037972996968,0.340838,-0.007387,6255.2,6365.4,0.482533,0.423313,0.704279,1.8750,1.0000,,,,,
4.7760,1778670399.249676,398,6.451077,0.550030,0.089377,2.0237,-0.0007,-0.041696,6.520286,0.473765,0.090848,1.9651,6.461716,0.551372,0.089500,1.9099,0.0609,0.052023,1.096343,0.3581,6.461716,0.602733,0.379894,3.1503,-0.810777,-0.909656,667.9323,0,1,clay,1.0000,0.500000,0,0,0.000000,0.000000,0.000000,0,nan,0.00,0.649227,0.7548,0.0005,0.342792,0.7385,0.50,4.67,5.66,4.90,-0.144235,-16.5099,-1.1852,0.008000,0.081873,-0.5159,0.044909,-0.105069,-0.118710,-1846.774558702468,72.03571071527165,1339.2536092742725,-435.3881329291431,0.359598,-0.013039,6253.1,6367.5,0.486283,0.415289,1.000000,1.9038,1.0000,,,,,
4.7880,1778670399.261652,399,6.501685,0.472710,0.088839,1.9531,-0.0530,-0.054422,6.544043,0.474437,0.090241,1.9836,6.512454,0.473925,0.088918,1.9196,0.0495,0.043955,1.099127,0.3382,6.512454,0.622958,0.378719,3.2019,1.000000,-0.925131,671.2803,0,1,clay,1.0000,0.500000,0,0,0.000000,0.000000,0.000000,0,nan,0.00,0.671954,0.7530,0.0005,0.354792,0.7274,0.49,4.66,5.65,4.61,-0.143563,-16.5447,-1.2183,0.008000,0.072602,-0.3631,0.041889,-0.116318,-0.131368,-2152.090651331525,-67.35056491664992,1940.9757371971693,-463.1865843414869,0.362603,-0.014505,6252.3,6368.3,0.487576,0.426688,-0.810777,1.9133,1.0000,,,,,
4.8000,1778670399.273734,400,6.537601,0.414732,0.087497,2.0389,-0.0790,-0.058434,6.568054,0.474850,0.089546,2.0027,6.548520,0.415835,0.087548,1.9439,0.0406,0.041683,1.097335,0.3604,6.548520,0.637292,0.377873,3.2380,1.000000,-0.941843,666.7779,0,1,clay,1.0000,0.500000,0,0,0.000000,0.000000,0.000000,0,nan,0.00,0.694682,0.7510,0.0004,0.366792,0.7161,0.50,4.67,5.67,4.75,-0.143150,-16.5845,-1.2353,0.008000,0.062889,-1.0179,0.046492,-0.124991,-0.133445,-2630.6544002027763,-809.9864110279835,1401.6223041677931,-460.8310218868797,0.387753,-0.013630,6252.7,6367.8,0.486824,0.403344,1.000000,1.9376,1.0000,,,,,
4.8120,1778670399.285602,401,6.594255,0.523910,0.090176,2.0770,-0.0745,-0.063330,6.592300,0.474997,0.088779,2.0204,6.605350,0.524966,0.090201,1.9709,0.0339,0.038919,1.104884,0.3725,6.605350,0.659806,0.376515,3.2942,-0.862548,-0.970692,650.6685,0,1,clay,1.0000,0.500000,0,0,0.000000,0.000000,0.000000,0,nan,0.00,0.675078,0.7489,0.0004,0.356441,0.7045,0.49,4.67,5.66,4.65,-0.143003,-16.6285,-1.2739,0.008000,0.077087,-1.2478,0.046462,-0.121258,-0.139778,-2409.989756398511,-2.210826320459489,1472.3261241525595,-486.3277695244619,0.410266,-0.014167,6250.8,6369.8,0.490202,0.399385,1.000000,1.9646,1.0000,,,,,
4.8240,1778670399.297747,402,6.605429,0.444672,0.085922,1.9144,-0.0819,-0.060783,6.616750,0.475128,0.088061,2.0374,6.616493,0.445569,0.085915,1.9612,0.0231,0.032586,1.099600,0.3516,6.616493,0.664210,0.376245,3.3051,1.000000,-0.968356,660.4205,0,1,clay,1.0000,0.500000,0,0,0.000000,0.000000,0.000000,0,nan,0.00,0.697805,0.7468,0.0004,0.368441,0.6929,0.50,4.64,5.63,4.44,-0.142872,-16.6696,-1.2678,0.008000,0.108275,-1.1806,0.012470,-0.173907,-0.195492,-1971.2752049540366,-80.2500683703023,2155.689193992476,-469.6586988317156,0.409339,-0.013661,6252.1,6368.5,0.487944,0.451254,-0.862548,1.9549,1.0000,,,,,
4.8360,1778670399.309681,403,6.671678,0.480829,0.084847,2.0563,-0.1938,-0.053469,6.641417,0.475240,0.087384,2.0553,6.682810,0.481562,0.084834,1.9807,0.0008,0.033192,1.092258,0.3741,6.682810,0.690347,0.374616,3.3692,-1.000000,-0.974436,659.6380,0,1,clay,1.0000,0.500000,0,0,0.000000,0.000000,0.000000,0,nan,0.00,0.675078,0.7446,0.0004,0.356441,0.6812,0.50,4.63,5.63,4.57,-0.241460,-16.3604,-1.3139,0.008000,0.074054,-1.1544,0.004059,-0.165372,-0.147817,-2543.6729024334745,110.5915976728478,1582.923271139549,-293.8835281003891,0.437951,-0.000868,6254.0,6366.6,0.484684,0.409352,1.000000,1.9745,1.0000,,,,,
4.8480,1778670399.321617,404,6.539503,0.493393,0.091492,2.0761,-0.0780,-0.068191,6.666312,0.475039,0.086583,2.0709,6.550711,0.494140,0.091446,2.0003,-0.0036,0.026352,1.081990,0.3508,6.550711,0.638162,0.377821,3.2402,-1.000000,-0.973375,629.4933,0,1,clay,1.0000,0.500000,0,0,0.000000,0.000000,0.000000,0,nan,0.00,0.652351,0.7423,0.0004,0.344441,0.6695,0.50,4.63,5.62,4.62,-0.241661,-16.4062,-1.1693,0.008000,0.284844,-0.8310,0.018110,-0.180147,-0.160874,-2022.8089649188196,115.3030634537327,2265.956772008579,-345.95425938317504,0.430017,-0.004431,6256.6,6364.0,0.480158,0.409946,-1.000000,1.9942,1.0000,,,,,
4.8600,1778670399.333748,405,6.682806,0.437078,0.080456,2.0688,-0.0692,-0.058309,6.691427,0.474767,0.085816,2.0876,6.694123,0.437680,0.080394,2.0146,-0.0050,0.022870,1.059753,0.3388,6.694123,0.694794,0.374334,3.3800,1.000000,-0.957719,647.7241,0,1,clay,1.0000,0.500000,0,0,0.000000,0.000000,0.000000,0,nan,0.00,0.675078,0.7399,0.0003,0.356441,0.6580,0.50,4.64,5.64,4.70,-0.241933,-16.4502,-1.2924,0.008000,0.209049,-1.2239,0.033585,-0.175135,-0.157952,-1665.4953337748461,-310.9951746276389,2214.5150104468557,-354.58731691419393,0.418932,-0.006486,6262.2,6358.4,0.470340,0.423396,-1.000000,2.0086,1.0000,,,,,
4.8720,1778670399.345831,406,6.701249,0.478024,0.088998,2.1888,-0.1530,-0.029895,6.716637,0.474919,0.085374,2.0982,6.712794,0.478710,0.088962,2.0496,-0.0154,0.028687,1.068167,0.3621,6.712794,0.702124,0.373866,3.3978,1.000000,-0.974625,627.0941,0,1,clay,1.0000,0.500000,0,0,0.000000,0.000000,0.000000,0,nan,0.00,0.697805,0.7375,0.0003,0.368441,0.6463,0.51,4.60,5.61,4.35,-0.241781,-16.4755,-1.2996,0.008000,0.033003,-0.5776,0.053612,-0.200579,-0.165200,-1507.510636973735,91.84216697922352,1575.8809893810594,-207.50472291656763,0.434438,0.004507,6260.1,6360.5,0.474023,0.401367,1.000000,2.0435,1.0000,,,,,
4.8840,1778670399.357715,407,6.707671,0.450355,0.083504,2.1586,-0.1665,-0.032613,6.742029,0.474812,0.084799,2.1100,6.719249,0.450932,0.083483,2.0718,-0.0271,0.031898,1.072849,0.3740,6.719249,0.704655,0.373703,3.4039,1.000000,-0.992369,619.9770,0,1,clay,1.0000,0.500000,0,0,0.000000,0.000000,0.000000,0,nan,0.00,0.720533,0.7349,0.0003,0.380441,0.6344,0.50,4.60,5.61,4.65,-0.241888,-16.5085,-1.2939,0.008000,0.144041,-0.6417,0.046199,-0.200452,-0.144154,-2014.069324996065,413.856415877167,1649.9811304600148,-71.12075090901544,0.451069,0.013972,6258.9,6361.7,0.476112,0.412889,1.000000,2.0658,1.0000,,,,,
4.8960,1778670399.369822,408,6.803237,0.545086,0.077629,2.1277,-0.1026,-0.071871,6.767588,0.474127,0.083869,2.1227,6.814962,0.545580,0.077589,2.0838,-0.0248,0.030369,1.061378,0.3861,6.814962,0.742051,0.371203,3.4929,1.000000,-0.998623,618.7689,0,1,clay,1.0000,0.500000,0,0,0.000000,0.000000,0.000000,0,nan,0.00,0.743260,0.7321,0.0003,0.392441,0.6224,0.52,4.59,5.63,4.54,-0.242573,-16.5617,-1.3702,0.008000,0.109078,-0.8987,0.048300,-0.202896,-0.159502,-2237.77575144821,292.73595610100153,1726.1760646171751,-149.57168516252068,0.466849,0.009318,6261.8,6358.8,0.471107,0.419273,1.000000,2.0778,1.0000,,,,,
4.9080,1778670399.381752,409,6.788224,0.576094,0.087098,2.1508,-0.2056,-0.091744,6.793358,0.473216,0.082838,2.1389,6.800021,0.576552,0.087023,2.0978,-0.0399,0.026214,1.048105,0.3981,6.800021,0.736232,0.371610,3.4792,1.000000,-0.996631,605.6852,0,1,clay,1.0000,0.500000,0,0,0.000000,0.000000,0.000000,0,nan,0.00,0.765987,0.7292,0.0003,0.404441,0.6104,0.52,4.58,5.61,4.48,-0.243484,-16.6208,-1.3403,0.008000,0.140692,-0.2646,0.038323,-0.210748,-0.156759,-2353.987370568912,-519.212083411546,1845.7020326355678,-106.87600497944159,0.494020,0.011979,6265.1,6355.5,0.465259,0.410458,1.000000,2.0919,1.0000,,,,,
4.9200,1778670399.393695,410,6.793175,0.376831,0.074883,2.1086,-0.1734,-0.101833,6.819345,0.471930,0.081643,2.1567,6.804950,0.377039,0.074772,2.1009,-0.0467,0.021628,1.033542,0.4100,6.804950,0.377039,0.829026,3.4837,-1.000000,-0.971228,633.0746,0,1,clay,1.0000,0.500000,0,0,0.000000,0.000000,0.000000,0,nan,0.00,0.743260,0.7261,0.0003,0.392441,0.5988,0.51,4.55,5.58,4.40,-0.244770,-16.6893,-1.3270,0.008000,0.175590,-1.1006,0.013759,-0.221280,-0.172169,-2690.517360356594,-1372.0111867909914,1939.2625727081454,-136.65827593190465,0.517043,0.009588,6268.8,6351.8,0.458813,0.421886,1.000000,2.0951,1.0000,,,,,
4.9320,1778670399.405722,411,6.789889,0.474182,0.084006,2.1773,-0.1736,-0.100688,6.845528,0.470425,0.080410,2.1690,6.801697,0.474388,0.083854,2.1168,-0.0568,0.013193,1.024805,0.3869,6.801697,0.736885,0.371565,3.4807,-1.000000,-0.962101,591.0169,0,1,clay,1.0000,0.500000,0,0,0.000000,0.000000,0.000000,0,nan,0.00,0.720533,0.7229,0.0003,0.380441,0.5872,0.51,4.54,5.56,4.46,-0.246275,-16.7599,-1.3117,0.008000,0.021961,-0.2961,0.039923,-0.262444,-0.219239,-2300.4777291417668,-623.1327612349404,2574.1756583509296,-162.4127347890817,0.512981,0.007812,6271.1,6349.5,0.454879,0.405443,-1.000000,2.1110,1.0000,,,,,
4.9440,1778670399.417674,412,6.844867,0.503722,0.078787,2.1079,-0.1083,-0.101822,6.871869,0.468782,0.079201,2.1825,6.856625,0.503837,0.078602,2.1161,-0.0537,0.006760,1.015769,0.3749,6.856625,0.758241,0.370033,3.5309,1.000000,-0.944498,602.4551,0,1,clay,1.0000,0.500000,0,0,0.000000,0.000000,0.000000,0,nan,0.00,0.743260,0.7196,0.0002,0.392441,0.5759,0.51,4.59,5.60,4.88,-0.247918,-16.8292,-1.3484,0.008000,0.034984,-0.5366,0.020497,-0.212371,-0.180790,-2742.4523861405087,-1369.3506062945348,2534.058494073144,-268.0506735073169,0.502354,0.000277,6273.4,6347.2,0.450858,0.426439,-1.000000,2.1104,1.0000,,,,,
4.9560,1778670399.429779,413,6.962135,0.497666,0.074102,2.1273,-0.0930,-0.100524,6.898396,0.466942,0.077962,2.1964,6.974061,0.497763,0.073905,2.1194,-0.0432,0.007664,1.012625,0.3981,6.974061,0.497763,0.759500,3.6365,1.000000,-0.941028,630.7191,0,1,clay,1.0000,0.500000,0,0,0.000000,0.000000,0.000000,0,nan,0.00,0.765987,0.7161,0.0002,0.404441,0.5646,0.52,4.59,5.62,4.60,-0.346558,-16.4807,-1.4401,0.008000,0.213460,-1.1447,0.005211,-0.201269,-0.189120,-2646.2488634596243,-581.0871077822148,1929.6295017060884,-368.4026567351415,0.513673,-0.006996,6274.2,6346.4,0.449456,0.420753,1.000000,2.1137,1.0000,,,,,
4.9680,1778670399.441737,414,6.913092,0.421730,0.077169,2.1892,-0.1782,-0.108471,6.925072,0.464902,0.076678,2.2066,6.925091,0.421793,0.076953,2.1339,-0.0500,0.005868,0.993585,0.4101,6.925091,0.421793,0.824400,3.5927,1.000000,-0.925284,627.7906,0,1,clay,1.0000,0.500000,0,0,0.000000,0.000000,0.000000,0,nan,0.00,0.788715,0.7125,0.0002,0.416441,0.5535,0.51,4.59,5.62,4.59,-0.348598,-16.5543,-1.3860,0.008000,0.039542,-0.3158,0.007709,-0.200136,-0.179261,-2396.6316065251076,-754.5988331306852,1999.4511966944992,-352.7899171533162,0.533219,-0.006256,6279.0,6341.6,0.441038,0.407015,1.000000,2.1283,1.0000,,,,,
4.9800,1778670399.453811,415,6.982259,0.415372,0.067891,2.1931,-0.2044,-0.108993,6.951866,0.462653,0.075382,2.2164,6.994375,0.415243,0.067661,2.1464,-0.0591,0.004974,0.976738,0.4221,6.994375,0.415243,0.560635,3.6546,1.000000,-0.909029,634.2482,0,1,clay,1.0000,0.500000,0,0,0.000000,0.000000,0.000000,0,nan,0.00,0.811442,0.7088,0.0002,0.428441,0.5426,0.52,4.59,5.64,4.60,-0.350847,-16.6285,-1.4382,0.008000,0.107119,-1.3716,-0.015538,-0.220116,-0.202463,-2552.1836442398544,-913.119410555551,2059.3481588756017,-304.71695726867284,0.550000,-0.003374,6283.3,6337.3,0.433568,0.409886,1.000000,2.1408,1.0000,,,,,
4.9920,1778670399.465690,416,7.053493,0.438265,0.065182,2.2831,-0.2585,-0.114156,6.978835,0.460210,0.074020,2.2312,7.065736,0.437973,0.064932,2.1738,-0.0762,0.002809,0.968484,0.4341,7.065736,0.437973,0.558111,3.7178,1.000000,-0.917930,631.7479,0,1,clay,1.0000,0.500000,0,0,0.000000,0.000000,0.000000,0,nan,0.00,0.834169,0.7050,0.0002,0.440441,0.5316,0.51,4.61,5.64,4.72,-0.353290,-16.7066,-1.4866,0.008000,0.131792,-1.2313,-0.010710,-0.224973,-0.195702,-2717.7889028355203,217.9837697594963,2053.2966861609284,-216.9071685925364,0.550000,0.002977,6285.4,6335.2,0.429876,0.384833,1.000000,2.1684,1.0000,,,,,
5.0040,1778670399.477860,417,7.019113,0.513949,0.078931,2.2536,-0.1755,-0.114971,7.005954,0.457600,0.072622,2.2423,7.031548,0.513812,0.078666,2.1903,-0.0749,0.002443,0.954279,0.4461,7.031548,0.513812,0.755059,3.6876,-1.000000,-0.910301,602.8525,0,1,clay,1.0000,0.500000,0,0,0.000000,0.000000,0.000000,0,nan,0.00,0.811442,0.7011,0.0002,0.428441,0.5207,0.53,4.60,5.65,4.52,-0.355900,-16.7867,-1.4453,0.008000,0.050195,-0.0971,-0.005021,-0.214652,-0.184863,-2546.5510645962922,-54.03687221834031,2055.911969962308,-247.5357688644822,0.550000,0.000520,6289.0,6331.6,0.423644,0.396508,1.000000,2.1849,1.0000,,,,,
5.0160,1778670399.489766,418,6.995138,0.550239,0.075886,2.2518,-0.1705,-0.119146,7.033206,0.454777,0.071197,2.2522,7.007641,0.550024,0.075596,2.2032,-0.0775,-0.003297,0.940995,0.4228,7.007641,0.816424,0.365353,3.6664,1.000000,-0.894391,574.7992,0,1,clay,1.0000,0.500000,0,0,0.000000,0.000000,0.000000,0,nan,0.00,0.834169,0.6972,0.0002,0.440441,0.5099,0.53,4.63,5.69,4.82,-0.358723,-16.8683,-1.4143,0.008000,0.046844,-0.7883,-0.004802,-0.203924,-0.186048,-2487.4110633376645,-503.2626452590369,2673.744069756702,-287.4553833399541,0.550000,-0.002495,6292.4,6328.2,0.417758,0.402444,-1.000000,2.1978,1.0000,,,,,
5.0280,1778670399.501750,419,7.030330,0.458151,0.069559,2.3117,-0.2528,-0.126784,7.060606,0.451752,0.069720,2.2654,7.043029,0.457759,0.069251,2.2252,-0.0883,-0.003741,0.935709,0.4461,7.043029,0.457759,0.814786,3.6978,-0.571863,-0.865929,596.0329,0,1,clay,1.0000,0.500000,0,0,0.000000,0.000000,0.000000,0,nan,0.00,0.821172,0.6931,0.0002,0.433579,0.4995,0.53,4.65,5.71,4.76,-0.361748,-16.9529,-1.4324,0.008000,0.068531,-0.4226,0.015579,-0.249352,-0.226600,-2574.3705489553536,247.74255997921557,2045.444458810874,-239.64219697329764,0.550000,0.001161,6293.7,6326.9,0.415396,0.386198,1.000000,2.2199,1.0000,,,,,
5.0400,1778670399.513821,420,7.135343,0.506894,0.069168,2.3007,-0.1437,-0.128389,7.088170,0.448539,0.068204,2.2785,7.148214,0.506509,0.068836,2.2408,-0.0823,-0.007904,0.926913,0.4303,7.148214,0.506509,0.801438,3.7893,1.000000,-0.863287,610.4188,0,1,clay,1.0000,0.500000,0,0,0.000000,0.000000,0.000000,0,nan,0.00,0.843899,0.6890,0.0002,0.445579,0.4892,0.54,4.64,5.71,4.56,-0.364961,-17.0398,-1.5108,0.008000,0.123969,-0.9171,0.016276,-0.361204,-0.370250,-2771.6018199286164,-387.30231661115425,2564.435592299049,-335.10967238437297,0.550000,-0.005623,6296.0,6324.6,0.411455,0.390780,-0.571863,2.2355,1.0000,,,,,
5.0520,1778670399.525590,421,7.119870,0.485318,0.069276,2.1847,-0.2805,-0.204885,7.115792,0.444461,0.066200,2.2728,7.132557,0.484674,0.068853,2.2304,-0.1001,-0.022201,0.834089,0.4512,7.132557,0.484674,0.820353,3.7759,1.000000,-0.783773,610.0667,0,1,clay,1.0000,0.500000,0,0,0.000000,0.000000,0.000000,0,nan,0.00,0.866627,0.6849,0.0002,0.457579,0.4798,0.51,4.66,5.68,4.77,-0.369039,-17.1546,-1.5031,0.008000,0.060039,-0.5731,0.008026,-0.305313,-0.244627,-2564.710599292089,-1380.4179530735798,1999.4643597242045,-384.8156637976452,0.550000,-0.010613,6319.5,6301.1,0.370438,0.433034,1.000000,2.2257,1.0000,,,,,
5.0640,1778670399.537735,422,7.157959,0.320108,0.060056,2.2704,-0.2562,-0.216861,7.143651,0.439404,0.063655,2.3013,7.170733,0.319138,0.059542,2.2392,-0.1113,-0.036305,0.850211,0.4633,7.170733,0.319138,0.463032,3.8082,1.000000,-0.777780,648.7154,0,1,clay,1.0000,0.500000,0,0,0.000000,0.000000,0.000000,0,nan,0.00,0.889354,0.6807,0.0001,0.469579,0.4704,0.51,4.66,5.67,4.65,-0.468596,-16.8137,-1.5069,0.008000,0.192209,-0.8374,0.013658,-0.243533,-0.228370,-2193.500927422327,-1734.2769079914942,1981.7291978975989,-494.5059751174239,0.550000,-0.018436,6315.5,6305.0,0.377363,0.401667,1.000000,2.2343,1.0000,,,,,
5.0760,1778670399.549853,423,7.203441,0.461143,0.058996,2.3803,-0.2327,-0.162981,7.171746,0.435016,0.061656,2.3232,7.216453,0.460114,0.058463,2.2675,-0.1148,-0.038325,0.855512,0.4753,7.216453,0.460114,0.567712,3.8459,1.000000,-0.796517,600.0817,0,1,clay,1.0000,0.500000,0,0,0.000000,0.000000,0.000000,0,nan,0.00,0.912081,0.6764,0.0001,0.481579,0.4609,0.53,4.65,5.70,4.63,-0.472984,-16.9282,-1.5226,0.008000,0.070679,-1.0625,0.029323,-0.254953,-0.240363,-1747.4429593144473,338.93033969469855,2018.7973657249013,-494.08865583223076,0.550000,-0.018604,6314.2,6306.4,0.379700,0.377383,1.000000,2.2626,1.0000,,,,,
5.0880,1778670399.561795,424,7.223702,0.482603,0.059117,2.3886,-0.2313,-0.139973,7.200069,0.431002,0.059969,2.3404,7.236897,0.481580,0.058592,2.2918,-0.1174,-0.036607,0.845473,0.4873,7.236897,0.481580,0.552585,3.8622,-1.000000,-0.739506,620.2212,0,1,clay,1.0000,0.500000,0,0,0.000000,0.000000,0.000000,0,nan,0.00,0.889354,0.6722,0.0001,0.469579,0.4520,0.54,4.94,6.02,6.59,-0.476998,-17.0249,-1.5218,0.008000,0.059831,-0.5180,0.042934,-0.242352,-0.225465,-1623.9583243044758,27.65807024969496,2043.8874576137732,-444.39150987317737,0.550000,-0.015514,6316.7,6303.9,0.375322,0.385551,1.000000,2.2870,1.0000,,,,,
5.1000,1778670399.573823,425,7.298202,0.536943,0.070243,2.3722,-0.3096,-0.142369,7.228562,0.426864,0.058262,2.3557,7.312244,0.535970,0.069709,2.3086,-0.1284,-0.031668,0.841742,0.4635,7.312244,0.535970,0.533994,3.9199,-1.000000,-0.770967,569.6733,0,1,clay,1.0000,0.500000,0,0,0.000000,0.000000,0.000000,0,nan,0.00,0.866627,0.6679,0.0001,0.457579,0.4428,0.55,4.89,6.00,4.62,-0.481136,-17.1227,-1.5642,0.008000,0.093254,0.2882,0.032773,-0.255645,-0.230949,-1951.9833406612115,183.3384961051305,2688.5709110997373,-327.97187473794145,0.550000,-0.006851,6317.7,6302.9,0.373634,0.393739,-1.000000,2.3035,1.0000,,,,,
5.1120,1778670399.585884,426,7.331876,0.474520,0.058847,2.4518,-0.3008,-0.147232,7.257256,0.422599,0.056504,2.3740,7.346023,0.473319,0.058310,2.3373,-0.1409,-0.033508,0.845523,0.4516,7.346023,0.473319,0.583477,3.9454,0.963700,-0.790762,591.5821,0,1,clay,1.0000,0.500000,0,0,0.000000,0.000000,0.000000,0,nan,0.00,0.888529,0.6636,0.0001,0.469143,0.4333,0.56,4.92,6.04,5.06,-0.485401,-17.2234,-1.5714,0.008000,0.095542,-1.1496,0.046450,-0.297581,-0.262638,-1931.3277742236162,39.87777939349576,2710.0352017428845,-257.9216967052292,0.550000,-0.001373,6316.7,6303.9,0.375378,0.371819,-1.000000,2.3322,1.0000,,,,,
5.1240,1778670399.597870,427,7.344666,0.504331,0.052493,2.3615,-0.3950,-0.145772,7.286158,0.418246,0.054728,2.3907,7.358972,0.502861,0.051947,2.3429,-0.1658,-0.034269,0.832542,0.4750,7.358972,0.502861,0.559628,3.9552,-1.000000,-0.781633,602.4410,0,1,clay,1.0000,0.500000,0,0,0.000000,0.000000,0.000000,0,nan,0.00,0.865802,0.6593,0.0001,0.457143,0.4239,0.58,4.86,6.01,4.52,-0.489754,-17.3252,-1.5645,0.008000,0.128528,-1.3048,0.040590,-0.342755,-0.279931,-1374.203562669246,146.27658842070957,2061.849994208443,-59.29953841764016,0.550000,0.010975,6319.9,6300.7,0.369718,0.402715,0.963700,2.3379,1.0000,,,,,
5.1360,1778670399.609768,428,7.319965,0.367252,0.056051,2.4365,-0.2725,-0.147103,7.315256,0.413774,0.052922,2.4080,7.334212,0.365850,0.055509,2.3619,-0.1667,-0.035738,0.827648,0.4511,7.334212,0.365850,0.450585,3.9365,-1.000000,-0.838704,615.1175,0,1,clay,1.0000,0.500000,0,0,0.000000,0.000000,0.000000,0,nan,0.00,0.843074,0.6549,0.0001,0.445143,0.4138,0.57,4.83,5.96,4.64,-0.494226,-17.4287,-1.5285,0.008000,0.110595,-0.7348,0.038171,-0.293870,-0.234349,-1714.0178157077426,84.21845909327894,2709.616325259505,-68.13719157086041,0.550000,0.010511,6321.2,6299.4,0.367506,0.383770,-1.000000,2.3570,1.0000,,,,,
5.1480,1778670399.623056,429,7.443839,0.379396,0.044772,2.4088,-0.2770,-0.164548,7.344561,0.409040,0.050982,2.4212,7.458114,0.377805,0.044211,2.3717,-0.1678,-0.039148,0.791055,0.4392,7.458114,0.377805,0.458608,4.0354,1.000000,-0.839997,634.9089,0,1,clay,1.0000,0.500000,0,0,0.000000,0.000000,0.000000,0,nan,0.00,0.865802,0.6504,0.0001,0.457143,0.4037,0.58,4.81,5.97,4.69,-0.498960,-17.5398,-1.6142,0.008000,0.151016,-1.3335,0.033452,-0.260331,-0.191264,-1501.0935953170351,-242.93984446263397,2718.164058424535,-95.13701094021992,0.550000,0.008097,6330.4,6290.2,0.351498,0.361045,-1.000000,2.3670,1.0000,,,,,
5.1600,1778670399.633832,430,7.382521,0.408100,0.056433,2.5520,-0.2803,-0.123948,7.374215,0.404743,0.049410,2.4490,7.397012,0.406729,0.055900,2.4073,-0.1677,-0.034362,0.743908,0.4631,7.397012,0.406729,0.435255,3.9847,-1.000000,-0.820845,606.7390,0,1,clay,1.0000,0.500000,0,0,0.000000,0.000000,0.000000,0,nan,0.00,0.843074,0.6460,0.0001,0.445143,0.3939,0.59,4.77,5.94,4.55,-0.503257,-17.6299,-1.5357,0.008000,0.082777,-0.5844,0.088954,-0.282435,-0.217440,-939.3777710266331,420.245647984617,2082.481953362604,-7.395663757607792,0.550000,0.011952,6342.3,6278.3,0.330682,0.359060,1.000000,2.4028,1.0000,,,,,
5.1720,1778670399.645728,431,7.448946,0.476764,0.047964,2.5127,-0.2852,-0.083869,7.403928,0.401150,0.048312,2.4680,7.463410,0.475380,0.047498,2.4286,-0.1699,-0.026167,0.761428,0.4392,7.463410,0.475380,0.593513,4.0400,-1.000000,-0.841348,627.9750,0,1,clay,1.0000,0.500000,0,0,0.000000,0.000000,0.000000,0,nan,0.00,0.820347,0.6414,0.0001,0.433143,0.3838,0.58,4.73,5.89,4.49,-0.598850,-17.1707,-1.5721,0.008000,0.169858,-0.4553,0.099875,-0.277683,-0.196287,-521.9510330738782,465.6449371818937,2658.287237122341,122.43402559994868,0.550000,0.020879,6337.9,6282.7,0.338347,0.376192,-1.000000,2.4241,1.0000,,,,,
5.1840,1778670399.657623,432,7.496199,0.421396,0.044199,2.4822,-0.2964,-0.107959,7.433891,0.396702,0.046687,2.4777,7.510505,0.419993,0.043761,2.4396,-0.1747,-0.024175,0.729736,0.4273,7.510505,0.419993,0.436874,4.0838,1.000000,-0.846443,614.1838,0,1,clay,1.0000,0.500000,0,0,0.000000,0.000000,0.000000,0,nan,0.00,0.843074,0.6369,0.0001,0.445143,0.3736,0.56,4.67,5.79,4.38,-0.603298,-17.2638,-1.6061,0.008000,0.062717,-0.5977,0.082288,-0.281655,-0.195614,-2450.003033711438,775.5480938787281,2679.399378397342,201.19763249327093,0.550000,0.025649,6345.9,6274.6,0.324374,0.372762,-1.000000,2.4353,1.0000,,,,,
5.1960,1778670399.669671,433,7.398587,0.406520,0.044690,2.4609,-0.2369,-0.181811,7.463927,0.391255,0.044408,2.4854,7.412727,0.405094,0.044201,2.4443,-0.1683,-0.032826,0.696891,0.4509,7.412727,0.405094,0.426209,3.9973,1.000000,-0.797626,598.5464,0,1,clay,1.0000,0.500000,0,0,0.000000,0.000000,0.000000,0,nan,0.00,0.865802,0.6323,0.0001,0.457143,0.3641,0.54,4.64,5.73,4.46,-0.608745,-17.3944,-1.5119,0.008000,0.098357,-0.5868,0.063908,-0.310316,-0.255329,-2786.003761472587,594.1233091483421,2057.1832957893193,47.48448385024351,0.550000,0.014794,6354.2,6266.3,0.309855,0.368717,1.000000,2.4403,1.0000,,,,,
5.2080,1778670399.681721,434,7.573995,0.312429,0.045260,2.4954,-0.2359,-0.204937,7.494137,0.385434,0.041970,2.5016,7.588091,0.310949,0.044705,2.4550,-0.1633,-0.043748,0.708222,0.4629,7.588091,0.310949,0.365319,4.1612,1.000000,-0.815301,634.3383,0,1,clay,1.0000,0.500000,0,0,0.000000,0.000000,0.000000,0,nan,0.00,0.888529,0.6277,0.0001,0.469143,0.3543,0.54,4.61,5.68,4.45,-0.614566,-17.5341,-1.6596,0.008000,0.223972,-1.2194,0.058207,-0.422632,-0.413314,-2768.5264902015115,-1770.6460838370294,2035.5542597820634,-156.846151527722,0.550000,0.002853,6351.5,6269.1,0.314718,0.347211,1.000000,2.4509,1.0000,,,,,
5.2200,1778670399.693790,435,7.489873,0.354182,0.036807,2.5695,-0.3118,-0.199511,7.524572,0.379503,0.039559,2.5201,7.504039,0.352457,0.036202,2.4780,-0.1730,-0.052825,0.716498,0.4748,7.504039,0.352457,0.460312,4.0775,-1.000000,-0.811425,622.6494,0,1,clay,1.0000,0.500000,0,0,0.000000,0.000000,0.000000,0,nan,0.00,0.865802,0.6231,0.0001,0.457143,0.3445,0.54,4.61,5.69,4.61,-0.620497,-17.6723,-1.5574,0.008000,0.145528,-1.0401,0.052062,-0.254274,-0.220734,-2090.7947380628125,-985.894402257217,2031.5136564801394,-206.84021582332247,0.550000,0.000001,6349.3,6271.2,0.318409,0.320619,1.000000,2.4739,1.0000,,,,,
5.2320,1778670399.705775,436,7.576647,0.402665,0.043728,2.5549,-0.1567,-0.193566,7.555190,0.373468,0.037216,2.5365,7.590895,0.401122,0.043096,2.4938,-0.1523,-0.056669,0.734646,0.4515,7.590895,0.401122,0.453740,4.1640,1.000000,-0.867163,630.7212,0,1,clay,1.0000,0.500000,0,0,0.000000,0.000000,0.000000,0,nan,0.00,0.888529,0.6184,0.0001,0.469143,0.3341,0.54,4.63,5.70,4.71,-0.626532,-17.8064,-1.6275,0.008000,0.092018,-0.2746,0.063381,-0.235549,-0.257426,-2450.261957700797,-339.7713061185867,2791.289727668186,-417.01159117452073,0.550000,-0.013537,6344.7,6275.8,0.326410,0.317907,-1.000000,2.4896,1.0000,,,,,
5.2440,1778670399.717796,437,7.532041,0.319062,0.034649,2.5033,-0.3473,-0.172436,7.586011,0.367641,0.035101,2.5524,7.546365,0.317268,0.034005,2.4964,-0.1691,-0.058404,0.736885,0.4749,7.546365,0.317268,0.344659,4.1196,-1.000000,-0.934199,626.1950,0,1,clay,1.0000,0.500000,0,0,0.000000,0.000000,0.000000,0,nan,0.00,0.865802,0.6137,0.0001,0.457143,0.3229,0.54,4.63,5.72,4.65,-0.632359,-17.9277,-1.5671,0.008000,0.054171,-0.9904,0.047520,-0.251476,-0.255682,-2417.8789817386264,1147.1067673669331,2044.407121448388,-314.3033515671492,0.550000,-0.006820,6344.1,6276.5,0.327550,0.322249,1.000000,2.4922,1.0000,,,,,
5.2560,1778670399.729893,438,7.629246,0.351929,0.034549,2.6188,-0.2654,-0.199179,7.616912,0.361088,0.032570,2.5595,7.643834,0.350082,0.033870,2.5208,-0.1679,-0.062588,0.699928,0.4514,7.643834,0.350082,0.342408,4.2117,1.000000,-0.881100,555.3067,0,1,clay,1.0000,0.500000,0,0,0.000000,0.000000,0.000000,0,nan,0.00,0.888529,0.6089,0.0001,0.469143,0.3124,0.57,4.61,5.74,4.47,-0.638912,-18.0727,-1.6521,0.008000,0.068418,-0.3293,0.065875,-0.169176,-0.166545,-2577.9133724164085,-471.4070688052044,2811.1460362124285,-374.8321977836721,0.550000,-0.011215,6353.3,6267.2,0.311422,0.288255,-1.000000,2.5167,1.0000,,,,,
5.2680,1778670399.741801,439,7.685379,0.356158,0.036493,2.5811,-0.2800,-0.220122,7.647946,0.354236,0.029952,2.5714,7.700017,0.354253,0.035768,2.5332,-0.1709,-0.070656,0.698865,0.4749,7.700017,0.354253,0.348155,4.2491,-1.000000,-0.668273,618.9663,0,1,clay,1.0000,0.500000,0,0,0.000000,0.000000,0.000000,0,nan,0.00,0.865802,0.6042,0.0001,0.457143,0.3043,0.57,4.60,5.74,4.54,-0.735064,-17.6480,-1.6777,0.008000,0.062885,-0.9150,0.047529,-0.227887,-0.241975,-2394.4739832515197,-465.9095189855916,2036.1528526181341,-449.63294184393163,0.550000,-0.016363,6353.7,6266.9,0.310812,0.294178,1.000000,2.5292,1.0000,,,,,
5.2800,1778670399.753864,440,7.639854,0.257977,0.020327,2.5419,-0.2629,-0.208040,7.679145,0.347358,0.027395,2.5869,7.654513,0.255800,0.019574,2.5356,-0.1695,-0.074416,0.687651,0.4514,7.654513,0.255800,0.270890,4.2200,-1.000000,-0.710520,638.7318,0,1,clay,1.0000,0.500000,0,0,0.000000,0.000000,0.000000,0,nan,0.00,0.843074,0.5995,0.0001,0.445143,0.2958,0.59,4.59,5.76,4.52,-0.741942,-17.7945,-1.6331,0.008000,0.218404,-1.4068,0.026904,-0.153231,-0.172882,-2093.5133711008093,-478.23950638175324,2820.218794319062,-500.584307978208,0.550000,-0.020267,6356.8,6263.7,0.305325,0.303989,-1.000000,2.5316,1.0000,,,,,
5.2920,1778670399.765789,441,7.698584,0.321343,0.024796,2.6158,-0.3247,-0.205958,7.710486,0.340439,0.024924,2.5996,7.713324,0.319142,0.024023,2.5519,-0.1799,-0.078446,0.682902,0.4394,7.713324,0.319142,0.351126,4.2551,1.000000,-0.745235,624.2409,0,1,clay,1.0000,0.500000,0,0,0.000000,0.000000,0.000000,0,nan,0.00,0.865802,0.5947,0.0001,0.457143,0.2869,0.59,4.57,5.74,4.49,-0.748861,-17.9361,-1.6555,0.008000,0.104640,-0.9481,0.035357,-0.201153,-0.220474,-2408.664219970394,59.57762444040884,2830.442528960926,-472.95508076638225,0.550000,-0.018316,6358.0,6262.6,0.303333,0.282064,-1.000000,2.5479,1.0000,,,,,
5.3040,1778670399.777754,442,7.677131,0.383195,0.034847,2.6363,-0.3457,-0.212482,7.741948,0.333279,0.022371,2.6120,7.691927,0.381041,0.034051,2.5689,-0.1926,-0.083456,0.677670,0.4629,7.691927,0.381041,0.332487,4.2448,-1.000000,-0.751572,603.4538,0,1,clay,1.0000,0.500000,0,0,0.000000,0.000000,0.000000,0,nan,0.00,0.843074,0.5900,0.0001,0.445143,0.2778,0.58,4.57,5.73,4.54,-0.756021,-18.0823,-1.6328,0.008000,0.022051,-0.3479,0.051032,-0.239926,-0.245973,-2307.292697388288,-12.424885173656946,2050.8158826564927,-439.039505719879,0.550000,-0.015990,6359.3,6261.3,0.301102,0.277071,1.000000,2.5650,1.0000,,,,,
5.3160,1778670399.789834,443,7.786320,0.273519,0.024510,2.6591,-0.2316,-0.217280,7.773541,0.325810,0.019669,2.6227,7.801212,0.271246,0.023694,2.5871,-0.1817,-0.086096,0.672567,0.4394,7.801212,0.271246,0.279237,4.2597,-1.000000,-0.812992,615.9443,0,1,clay,1.0000,0.500000,0,0,0.000000,0.000000,0.000000,0,nan,0.00,0.820347,0.5853,0.0001,0.433143,0.2681,0.58,4.56,5.73,4.51,-0.763490,-18.2371,-1.6370,0.008000,0.054158,-0.9065,0.057412,-0.239321,-0.252430,-2366.2350536905624,578.1813448685525,2861.1078339711275,-540.0983591500119,0.550000,-0.023270,6360.5,6260.0,0.298867,0.271394,-1.000000,2.5832,1.0000,,,,,
5.3280,1778670399.801882,444,7.814409,0.418947,0.017370,2.5816,-0.3884,-0.226244,7.805274,0.318183,0.016942,2.6385,7.829279,0.416400,0.016522,2.5868,-0.2017,-0.092189,0.673483,0.4274,7.829279,0.416400,0.320518,4.2498,1.000000,-0.783026,630.5407,0,1,clay,1.0000,0.500000,0,0,0.000000,0.000000,0.000000,0,nan,0.00,0.843074,0.5805,0.0000,0.445143,0.2587,0.59,4.58,5.75,4.68,-0.771117,-18.3934,-1.6113,0.008000,0.103591,-0.7764,0.033280,-0.254510,-0.254042,-2449.99365101157,-1084.853184681715,2863.7046647523575,-475.71126561450774,0.550000,-0.018635,6360.2,6260.3,0.299426,0.296657,-1.000000,2.5829,1.0000,,,,,
5.3400,1778670399.813858,445,7.779223,0.323551,0.009134,2.6822,-0.3123,-0.228699,7.837178,0.310430,0.014209,2.6532,7.794234,0.320823,0.008258,2.6060,-0.2036,-0.095978,0.667677,0.4509,7.794234,0.320823,0.341933,4.2614,1.000000,-0.835616,646.4532,0,1,clay,1.0000,0.500000,0,0,0.000000,0.000000,0.000000,0,nan,0.00,0.865802,0.5757,0.0000,0.457143,0.2487,0.59,4.55,5.73,4.42,-0.778870,-18.5500,-1.6083,0.008000,0.088886,-1.6212,0.034909,-0.202172,-0.177237,-1938.2518966431444,323.20396215423796,2063.8021509440655,-502.8793902903351,0.550000,-0.020758,6361.7,6258.8,0.296794,0.276343,1.000000,2.6021,1.0000,,,,,
5.3520,1778670399.825816,446,7.856105,0.323110,0.006535,2.8192,-0.2737,-0.354126,7.869016,0.301141,0.010467,2.6466,7.871308,0.320138,0.005513,2.6481,-0.2009,-0.120263,0.686373,0.4629,7.871308,0.320138,0.251703,4.2293,1.000000,-0.896666,640.0671,0,1,clay,1.0000,0.500000,0,0,0.000000,0.000000,0.000000,0,nan,0.00,0.888529,0.5709,0.0000,0.469143,0.2379,0.59,4.56,5.75,4.61,-0.788159,-18.7644,-1.5827,0.008000,0.063824,-1.2393,0.074013,-0.262182,-0.294989,-2269.1872902385667,-2215.7523935951,2849.0289445843127,-767.2602351285042,0.550000,-0.040717,6356.9,6263.6,0.305176,0.245604,1.000000,2.6441,1.0000,,,,,
5.3640,1778670399.838006,447,7.932711,0.270764,0.006510,2.6874,-0.3467,-0.339448,7.901074,0.291264,0.006500,2.6715,7.948134,0.267535,0.005371,2.6566,-0.2104,-0.136905,0.703789,0.4749,7.948134,0.267535,0.271171,4.1871,1.000000,-1.008842,684.5581,0,1,clay,1.0000,0.500000,0,0,0.000000,0.000000,0.000000,0,nan,0.00,0.911256,0.5660,0.0000,0.481143,0.2258,0.62,4.56,5.80,4.53,-0.884336,-18.3355,-1.5156,0.008000,0.071056,-1.2090,0.061753,-0.285248,-0.325182,-1753.1525460017401,-1659.2092668697383,2554.1605040008835,-875.7107806062509,0.550000,-0.049739,6352.4,6268.2,0.313046,0.291794,1.000000,2.6525,1.0000,,,,,
5.3760,1778670399.849789,448,7.997142,0.305350,0.005533,2.6867,-0.2977,-0.312470,7.933359,0.281859,0.002966,2.6969,8.012552,0.302029,0.004339,2.6633,-0.2099,-0.146461,0.719248,0.4869,8.012552,0.302029,0.266207,4.1635,-1.000000,-1.055261,617.0225,0,1,clay,1.0000,0.500000,0,0,0.000000,0.000000,0.000000,0,nan,0.00,0.888529,0.5610,0.0000,0.469143,0.2131,0.61,4.54,5.77,4.47,-0.893741,-18.5381,-1.4667,0.008000,0.052450,-1.3275,0.056040,-0.262111,-0.309325,-1386.0560073079837,-1449.0948332080156,2331.836604835845,-949.595017516104,0.550000,-0.057186,6348.3,6272.2,0.320151,0.289820,1.000000,2.6591,1.0000,,,,,
5.3880,1778670399.861821,449,7.967396,0.294353,0.006400,2.7612,-0.3815,-0.247318,7.965879,0.273072,-0.000099,2.7151,7.982857,0.291006,0.005228,2.6830,-0.2237,-0.144627,0.718619,0.4634,7.982857,0.291006,0.265653,4.1719,-1.000000,-0.952047,664.3080,0,1,clay,1.0000,0.500000,0,0,0.000000,0.000000,0.000000,0,nan,0.00,0.865802,0.5560,0.0000,0.457143,0.2017,0.61,4.54,5.76,4.52,-0.902528,-18.7136,-1.4568,0.008000,0.085572,-0.3285,0.074510,-0.295304,-0.323793,417.92122064993134,-1430.6580862843518,2946.9986278249426,-842.0465838725406,0.550000,-0.048760,6348.4,6272.1,0.319980,0.279553,-1.000000,2.6789,1.0000,,,,,
5.4000,1778670399.873867,450,7.993720,0.232689,-0.009721,2.7789,-0.3435,-0.241514,7.998583,0.264534,-0.003005,2.7337,8.009270,0.229097,-0.010873,2.7024,-0.2273,-0.140969,0.721852,0.4514,8.009270,0.229097,0.200019,4.1642,1.000000,-1.129849,795.1752,0,1,clay,1.0000,0.500000,0,0,0.000000,0.000000,0.000000,0,nan,0.00,0.888529,0.5509,0.0000,0.469143,0.1882,0.62,4.55,5.78,4.58,-0.911066,-18.8802,-1.4305,0.008000,0.066990,-1.4839,0.078095,-0.240474,-0.257037,-46.776758331575934,-349.9588919829779,2947.0539496988704,-789.5334014696268,0.550000,-0.044010,6347.8,6272.8,0.321150,0.278117,-1.000000,2.6983,1.0000,,,,,
5.4120,1778670399.885861,451,8.023735,0.167679,-0.009257,2.8153,-0.2811,-0.234063,8.031497,0.256136,-0.005818,2.7531,8.039484,0.164176,-0.010383,2.7251,-0.2184,-0.135587,0.728519,0.4749,8.039484,0.164176,0.213447,4.1600,1.000000,-1.344843,718.7755,0,1,clay,1.0000,0.500000,0,0,0.000000,0.000000,0.000000,0,nan,0.00,0.911256,0.5456,0.0000,0.481143,0.1720,0.62,4.54,5.79,4.50,-0.919464,-19.0413,-1.4069,0.008000,0.203704,-2.0032,0.084214,-0.255163,-0.286102,-224.3578933252328,-845.315643616234,2047.345105612042,-785.9073831416868,0.550000,-0.043652,6345.8,6274.8,0.324559,0.269718,1.000000,2.7209,1.0000,,,,,
5.4240,1778670399.897801,452,8.079895,0.219785,-0.007452,2.8973,-0.2679,-0.230811,8.064600,0.247740,-0.008587,2.7690,8.095815,0.216412,-0.008550,2.7593,-0.2093,-0.131170,0.724433,0.4869,8.095815,0.216412,0.206069,4.1609,1.000000,-1.306493,655.7348,0,1,clay,1.0000,0.500000,0,0,0.000000,0.000000,0.000000,0,nan,0.00,0.933984,0.5401,0.0000,0.493143,0.1563,0.62,4.54,5.78,4.51,-0.927860,-19.2000,-1.3919,0.008000,0.032099,-1.2912,0.100687,-0.258332,-0.284567,-582.8306546627934,-282.0821925064501,2057.3254165058993,-784.5972659054141,0.550000,-0.043654,6346.5,6274.0,0.323298,0.255076,1.000000,2.7550,1.0000,,,,,
5.4360,1778670399.909763,453,8.099973,0.252389,-0.003522,2.7592,-0.3191,-0.226484,8.097887,0.239405,-0.011286,2.7876,8.115864,0.249112,-0.004594,2.7601,-0.2114,-0.127693,0.731645,0.4989,8.115864,0.249112,0.204526,4.1628,-1.000000,-1.226884,658.3299,0,1,clay,1.0000,0.500000,0,0,0.000000,0.000000,0.000000,0,nan,0.00,0.911256,0.5346,0.0000,0.481143,0.1416,0.62,4.51,5.74,4.35,-0.936195,-19.3547,-1.3752,0.008000,0.133940,-0.6202,0.101720,-0.188810,-0.210070,-859.9908304562,-1171.9301956341444,2030.9787025842752,-747.2051959519166,0.550000,-0.039971,6344.8,6275.8,0.326375,0.290685,1.000000,2.7559,1.0000,,,,,
5.4480,1778670399.921728,454,8.129961,0.298064,-0.020501,2.8731,-0.2823,-0.207314,8.131379,0.231110,-0.013901,2.8154,8.145766,0.294638,-0.021525,2.7828,-0.2068,-0.122017,0.745005,0.4754,8.145766,0.294638,0.180718,4.1658,1.000000,-1.297140,695.9899,0,1,clay,1.0000,0.500000,0,0,0.000000,0.000000,0.000000,0,nan,0.00,0.933984,0.5289,0.0000,0.493143,0.1261,0.60,4.50,5.70,4.46,-1.027490,-18.8315,-1.3504,0.008000,0.075625,-1.0979,0.105803,-0.212249,-0.235457,-231.45441088923218,-233.28395071350786,2929.321559168346,-715.9681966631185,0.550000,-0.036987,6341.5,6279.0,0.332039,0.286563,-1.000000,2.7786,1.0000,,,,,
5.4600,1778670399.933720,455,8.206435,0.235256,-0.019893,2.8114,-0.3537,-0.188645,8.165016,0.223244,-0.016209,2.8173,8.222210,0.231879,-0.020865,2.7890,-0.2155,-0.114790,0.722963,0.4988,8.222210,0.231879,0.197540,4.1667,-1.000000,-1.417466,690.4442,0,1,clay,1.0000,0.500000,0,0,0.000000,0.000000,0.000000,0,nan,0.00,0.911256,0.5231,0.0000,0.481143,0.1090,0.59,4.50,5.69,4.52,-1.035356,-18.9637,-1.3494,0.008000,0.084625,-0.7666,0.068171,-0.226488,-0.215235,-665.018483758401,-244.74659760070134,2027.5920168449484,-606.8932834015,0.550000,-0.027592,6347.0,6273.6,0.322470,0.298182,1.000000,2.7849,1.0000,,,,,
5.4720,1778670399.945815,456,8.127270,0.257124,-0.015099,2.8205,-0.2997,-0.209321,8.198817,0.215082,-0.018692,2.8334,8.143126,0.253866,-0.016051,2.7957,-0.2125,-0.111154,0.679088,0.4755,8.143126,0.253866,0.192511,4.1655,1.000000,-1.333548,605.0824,0,1,clay,1.0000,0.500000,0,0,0.000000,0.000000,0.000000,0,nan,0.00,0.933984,0.5148,0.0000,0.493143,0.0930,0.59,4.51,5.70,4.53,-1.043518,-19.1060,-1.3321,0.008000,0.091765,-0.3884,0.064803,-0.215935,-0.202376,-1336.5855666438442,-1378.8300985477904,2926.7660454391744,-578.7065627526811,0.550000,-0.026220,6357.9,6262.6,0.303406,0.291684,-1.000000,2.7918,1.0000,,,,,
5.4840,1778670399.957724,457,8.296903,0.140495,-0.016715,2.8730,-0.3124,-0.215215,8.232784,0.206690,-0.021291,2.8504,8.312800,0.137232,-0.017656,2.8113,-0.2128,-0.109853,0.672678,0.4988,8.312800,0.137232,0.169486,4.1359,-1.000000,-1.100703,677.7371,0,1,clay,1.0000,0.500000,0,0,0.000000,0.000000,0.000000,0,nan,0.00,0.911256,0.5068,0.0000,0.481143,0.0798,0.58,4.50,5.67,4.47,-1.051910,-19.2550,-1.2855,0.008000,0.119841,-0.3671,0.072275,-0.240232,-0.223412,-1622.520786495732,-395.60927249358076,2067.030002506363,-555.9341589219803,0.550000,-0.024846,6359.7,6260.9,0.300355,0.278446,1.000000,2.8075,1.0000,,,,,
5.4960,1778670399.969711,458,8.232633,0.201090,-0.022229,2.8605,-0.3083,-0.232188,8.266928,0.197809,-0.024125,2.8662,8.248493,0.197737,-0.023177,2.8217,-0.2129,-0.111920,0.689719,0.4755,8.248493,0.197737,0.151818,4.1620,1.000000,-1.117621,558.8452,0,1,clay,1.0000,0.500000,0,0,0.000000,0.000000,0.000000,0,nan,0.00,0.933984,0.4993,0.0000,0.493143,0.0664,0.57,4.54,5.68,4.72,-1.060791,-19.4173,-1.2958,0.008000,0.049462,-0.7445,0.062851,-0.250073,-0.246941,-1662.79668207558,-975.6796146847867,2977.6797023179543,-565.4245510938605,0.550000,-0.026040,6355.7,6264.8,0.307283,0.278373,-1.000000,2.8178,1.0000,,,,,
5.5080,1778670399.981740,459,8.251895,0.137112,-0.029799,2.9122,-0.2936,-0.227410,8.301295,0.188928,-0.026869,2.8880,8.267884,0.133642,-0.030750,2.8399,-0.2095,-0.111802,0.681925,0.4988,8.267884,0.133642,0.154113,4.1561,-1.000000,-0.790330,702.1189,0,1,clay,1.0000,0.500000,0,0,0.000000,0.000000,0.000000,0,nan,0.00,0.911256,0.4922,0.0000,0.481143,0.0569,0.57,4.56,5.70,4.73,-1.069672,-19.5745,-1.2681,0.008000,0.051598,-0.2767,0.061416,-0.123053,-0.107574,-1833.330908987619,-515.5885041414831,2085.8199838655337,-582.311112230653,0.550000,-0.027351,6357.7,6262.9,0.303892,0.266304,1.000000,2.8360,1.0000,,,,,
5.5200,1778670399.993703,460,8.297901,0.243955,-0.030067,2.8742,-0.3046,-0.224165,8.335863,0.179951,-0.029578,2.9082,8.313963,0.240480,-0.031019,2.8474,-0.2087,-0.111371,0.694187,0.4755,8.313963,0.240480,0.188034,4.1352,1.000000,-0.923158,691.0362,0,1,clay,1.0000,0.500000,0,0,0.000000,0.000000,0.000000,0,nan,0.00,0.933984,0.4853,0.0000,0.493143,0.0459,0.56,4.57,5.69,4.63,-1.078649,-19.7298,-1.2271,0.008000,0.126706,-0.3509,0.045429,-0.197876,-0.197407,-1463.6759475794518,-1046.7235374298923,2972.012804871898,-586.2233320616396,0.550000,-0.027345,6355.0,6265.5,0.308491,0.276948,-1.000000,2.8434,1.0000,,,,,
5.5320,1778670400.005644,461,8.369255,0.214254,-0.038982,2.9270,-0.2769,-0.229232,8.370621,0.170805,-0.032318,2.9248,8.385299,0.210672,-0.039934,2.8635,-0.2038,-0.112235,0.695323,0.4988,8.385299,0.210672,0.138100,4.0924,1.000000,-1.249854,672.8713,0,1,clay,1.0000,0.500000,0,0,0.000000,0.000000,0.000000,0,nan,0.00,0.956711,0.4788,0.0000,0.505143,0.0309,0.54,4.55,5.63,4.40,-1.087795,-19.8868,-1.1675,0.008000,0.041999,-0.9921,0.027898,-0.217387,-0.218170,-1628.6194400928857,-575.1722887104008,2085.658014338979,-611.4070532598164,0.550000,-0.029697,6354.6,6266.0,0.309315,0.265767,1.000000,2.8596,1.0000,,,,,
5.5440,1778670400.019164,462,8.354850,0.169413,-0.035231,2.9624,-0.2505,-0.233768,8.405562,0.161462,-0.035103,2.9415,8.370869,0.165957,-0.036183,2.8834,-0.1956,-0.113977,0.698174,0.5107,8.370869,0.165957,0.146388,4.1014,-1.000000,-1.198011,676.7067,0,1,clay,1.0000,0.500000,0,0,0.000000,0.000000,0.000000,0,nan,0.00,0.933984,0.4726,0.0000,0.493143,0.0165,0.53,4.56,5.61,4.63,-1.176838,-19.3071,-1.1599,0.008000,0.051907,-1.0237,0.046241,-0.227930,-0.246147,-1830.8346420522537,-1371.9802295482777,2104.687555322174,-659.2789425008675,0.550000,-0.033794,6353.4,6267.2,0.311359,0.255649,1.000000,2.8795,1.0000,,,,,
5.5560,1778670400.029792,463,8.355587,0.005078,-0.037884,2.9508,-0.3216,-0.254152,8.440628,0.151647,-0.038114,2.9615,8.371764,0.001481,-0.038869,2.8968,-0.2010,-0.118325,0.618000,0.4875,8.371764,0.001481,0.126007,4.1009,1.000000,-1.219674,799.9301,0,1,clay,1.0000,0.500000,0,0,0.000000,0.000000,0.000000,0,nan,0.00,0.956711,0.4668,0.0000,0.505143,0.0018,0.54,4.56,5.63,4.55,-1.186653,-19.4796,-1.1394,0.008000,0.252671,-0.2382,0.035974,-0.133634,-0.135878,-1668.762883179847,-1176.655182283462,3080.2578568524386,-657.9529633688584,0.550000,-0.034663,6373.7,6246.8,0.275848,0.275761,-1.000000,2.8933,1.0000,,,,,
5.5680,1778670400.041776,464,8.497848,0.115649,-0.044224,3.0099,-0.3188,-0.262065,8.475920,0.141413,-0.041304,2.9789,8.514085,0.111878,-0.045238,2.9195,-0.2056,-0.123952,0.633490,0.5108,8.514085,0.111878,0.110897,4.0298,-1.000000,-1.525665,691.5643,0,1,clay,1.0000,0.500000,0,0,0.000000,0.000000,0.000000,0,nan,0.00,0.933984,0.4612,0.0000,0.493143,-0.0165,0.53,4.55,5.61,4.51,-1.196887,-19.6624,-1.0509,0.008000,0.070707,-0.6806,0.054546,-0.229262,-0.259465,-1743.669221768058,-810.3659213965852,2328.017274240179,-670.505905164702,0.550000,-0.036299,6369.8,6250.8,0.282734,0.247395,1.000000,2.9159,1.0000,,,,,
5.5800,1778670400.053793,465,8.494218,0.089295,-0.041661,2.9758,-0.3177,-0.240331,8.511460,0.131382,-0.044238,3.0001,8.510565,0.085534,-0.042679,2.9311,-0.2084,-0.124287,0.643397,0.4875,8.510565,0.085534,0.115681,4.0307,1.000000,-1.274452,565.1363,0,1,clay,1.0000,0.500000,0,0,0.000000,0.000000,0.000000,0,nan,0.00,0.956711,0.4558,0.0000,0.505143,-0.0318,0.54,4.55,5.63,4.57,-1.206918,-19.8305,-1.0306,0.008000,0.141387,-0.8305,0.063879,-0.237268,-0.260480,-1493.1454003377462,-1187.1166914277742,3053.6403527791413,-671.7484308357523,0.550000,-0.035305,6366.8,6253.7,0.287876,0.246479,-1.000000,2.9275,1.0000,,,,,
5.5920,1778670400.065742,466,8.586557,0.087428,-0.053934,3.0209,-0.2135,-0.230017,8.547219,0.121488,-0.046992,3.0226,8.602984,0.083573,-0.054941,2.9492,-0.1914,-0.121519,0.649051,0.5108,8.602984,0.083573,0.106461,4.0249,-1.000000,-0.861096,628.4518,0,1,clay,1.0000,0.500000,0,0,0.000000,0.000000,0.000000,0,nan,0.00,0.933984,0.4507,0.0000,0.493143,-0.0421,0.54,4.56,5.64,4.59,-1.216812,-19.9883,-1.0023,0.008000,0.008802,-1.4491,0.066938,-0.212860,-0.252916,-1457.6256558279977,-1085.956923151864,2150.6603154038467,-735.7447227219066,0.550000,-0.040087,6365.8,6254.8,0.289752,0.249808,1.000000,2.9456,1.0000,,,,,
5.6040,1778670400.077688,467,8.531972,0.087779,-0.055477,3.0099,-0.3352,-0.231041,8.583195,0.111521,-0.049744,3.0411,8.548448,0.083854,-0.056479,2.9618,-0.2002,-0.121230,0.668047,0.4875,8.548448,0.083854,0.102534,4.0247,1.000000,-0.713729,749.7109,0,1,clay,1.0000,0.500000,0,0,0.000000,0.000000,0.000000,0,nan,0.00,0.956711,0.4459,0.0000,0.505143,-0.0506,0.54,4.56,5.63,4.55,-1.226779,-20.1460,-0.9837,0.008000,0.064393,-1.2094,0.067364,-0.231261,-0.260951,-1382.3438538295154,-8.21187788659904,3042.40732734187,-684.8116826743717,0.550000,-0.036099,6361.6,6259.0,0.297108,0.256435,-1.000000,2.9580,1.0000,,,,,
5.6160,1778670400.089679,468,8.511619,0.023460,-0.052136,2.9773,-0.2864,-0.228290,8.619363,0.101473,-0.052486,3.0601,8.528054,0.019627,-0.053127,2.9656,-0.1988,-0.120322,0.686676,0.5107,8.528054,0.019627,0.082053,4.0272,-1.000000,-0.809149,689.2762,0,1,clay,1.0000,0.500000,0,0,0.000000,0.000000,0.000000,0,nan,0.00,0.933984,0.4413,0.0000,0.493143,-0.0604,0.52,4.56,5.60,4.55,-1.236827,-20.3030,-0.9671,0.008000,0.073763,-0.5847,0.053629,-0.229938,-0.257583,-1298.2554206658278,-1535.9959456993479,2108.4713683180707,-684.8014434276126,0.550000,-0.035855,6357.1,6263.5,0.304959,0.263704,1.000000,2.9617,1.0000,,,,,
5.6280,1778670400.101794,469,8.694200,0.114900,-0.056303,3.1065,-0.3592,-0.234961,8.655707,0.091217,-0.055281,3.0766,8.710774,0.110916,-0.057297,2.9937,-0.2106,-0.121258,0.699824,0.4875,8.710774,0.110916,0.102381,4.0342,1.000000,-0.928683,734.3955,0,1,clay,1.0000,0.500000,0,0,0.000000,0.000000,0.000000,0,nan,0.00,0.956711,0.4369,0.0000,0.505143,-0.0715,0.52,4.54,5.59,4.46,-1.322983,-19.6588,-0.9576,0.008000,0.124775,-0.8106,0.072954,-0.205469,-0.215172,-1133.3765308163302,50.458258575149785,3078.920782239351,-613.5293627749779,0.550000,-0.031388,6353.6,6267.0,0.311001,0.236486,-1.000000,2.9898,1.0000,,,,,
5.6400,1778670400.113716,470,8.786450,0.160212,-0.055661,3.0585,-0.3243,-0.233040,8.692229,0.080885,-0.058053,3.0958,8.803021,0.156232,-0.056651,3.0070,-0.2142,-0.121767,0.707980,0.5107,8.803021,0.156232,0.100104,4.0249,-1.000000,-1.108608,674.2458,0,1,clay,1.0000,0.500000,0,0,0.000000,0.000000,0.000000,0,nan,0.00,0.933984,0.4327,0.0000,0.493143,-0.0848,0.52,4.53,5.57,4.49,-1.333315,-19.8177,-0.9291,0.008000,0.116609,-0.2580,0.069981,-0.226704,-0.231708,-1324.7346254455092,-600.1146962095545,2139.18969977227,-598.1692213953745,0.550000,-0.029965,6351.4,6269.2,0.314887,0.249019,1.000000,3.0031,1.0000,,,,,
5.6520,1778670400.125684,471,8.732126,0.011536,-0.064591,3.0882,-0.3409,-0.229016,8.728899,0.070474,-0.060793,3.1065,8.748704,0.007388,-0.065575,3.0236,-0.2200,-0.121580,0.721819,0.4876,8.748704,0.007388,0.074597,4.0336,-1.000000,-1.284408,685.0246,0,1,clay,1.0000,0.500000,0,0,0.000000,0.000000,0.000000,0,nan,0.00,0.911256,0.4287,0.0011,0.481143,-0.1002,0.51,4.53,5.56,4.53,-1.343726,-19.9747,-0.9271,0.008000,0.130089,-0.9746,0.066293,-0.268515,-0.265006,-1231.9030392534912,-2278.0434804562497,3069.4258586835435,-562.037967327997,0.550000,-0.027269,6347.6,6273.0,0.321433,0.242762,-1.000000,3.0195,1.0000,,,,,
5.6640,1778670400.137654,472,8.766587,-0.004008,-0.071911,3.1043,-0.3471,-0.249402,8.765707,0.059605,-0.063722,3.1241,8.783175,-0.008336,-0.072910,3.0400,-0.2261,-0.125056,0.733277,0.4756,8.783175,-0.008336,0.069152,4.0290,-1.000000,-1.332146,757.0320,0,1,clay,1.0000,0.500000,0,0,0.000000,0.000000,0.000000,0,nan,0.00,0.888529,0.4247,0.0024,0.469143,-0.1162,0.51,4.54,5.55,4.54,-1.354595,-20.1425,-0.9050,0.008000,0.116118,-1.2152,0.077356,-0.159723,-0.135927,-1386.706992726477,-2235.2805764955415,3145.780440792128,-537.3177952057847,0.550000,-0.026916,6344.5,6276.1,0.326916,0.243548,-1.000000,3.0360,1.0000,,,,,
5.6760,1778670400.149724,473,8.842572,-0.010680,-0.070642,3.1653,-0.2989,-0.237583,8.802705,0.048782,-0.066512,3.1419,8.859291,-0.014970,-0.071642,3.0651,-0.2219,-0.125097,0.734474,0.4636,8.859291,-0.014970,0.047710,4.0090,1.000000,-1.424245,794.4600,0,1,clay,1.0000,0.500000,0,0,0.000000,0.000000,0.000000,0,nan,0.00,0.911256,0.4208,0.0037,0.481143,-0.1333,0.50,4.53,5.54,4.51,-1.365418,-20.3023,-0.8671,0.008000,0.079214,-0.7454,0.078190,-0.262000,-0.259249,-1058.6138825093512,-1021.2634045425189,3129.066866941507,-561.0223615956547,0.550000,-0.028300,6344.1,6276.5,0.327558,0.231908,-1.000000,3.0610,1.0000,,,,,
5.6880,1778670400.161817,474,8.810761,0.015834,-0.067576,3.0595,-0.3217,-0.210090,8.839919,0.038159,-0.069110,3.1599,8.827588,0.011616,-0.068552,3.0647,-0.2218,-0.119974,0.714800,0.4867,8.827588,0.011616,0.071572,4.0185,-1.000000,-1.431080,708.0874,0,1,clay,1.0000,0.500000,0,0,0.000000,0.000000,0.000000,0,nan,0.00,0.888529,0.4170,0.0052,0.469143,-0.1505,0.52,4.50,5.55,4.35,-1.376041,-20.4512,-0.8587,0.008000,0.019275,-0.7143,0.065241,-0.272811,-0.267889,-1041.918884811983,187.13111385776824,2062.2287973904818,-550.52767452206,0.550000,-0.025188,6348.9,6271.6,0.319117,0.267951,1.000000,3.0607,1.0000,,,,,
5.7000,1778670400.173860,475,8.858822,0.091998,-0.068361,3.2007,-0.2126,-0.204229,8.877298,0.027706,-0.071574,3.1744,8.875769,0.087926,-0.069305,3.0918,-0.2021,-0.114242,0.711187,0.4636,8.875769,0.087926,0.063985,4.0038,1.000000,-1.478277,748.9475,0,1,clay,1.0000,0.500000,0,0,0.000000,0.000000,0.000000,0,nan,0.00,0.911256,0.4133,0.0068,0.481143,-0.1682,0.53,4.52,5.57,4.57,-1.458594,-19.7651,-0.8294,0.008000,0.072874,-0.0727,0.073651,-0.254075,-0.254016,-961.5000777440132,-520.5319845210586,3038.108579143656,-592.9033035387381,0.550000,-0.028680,6349.8,6270.7,0.317530,0.227791,-1.000000,3.0878,1.0000,,,,,
5.7120,1778670400.185766,476,8.927317,0.074081,-0.073437,3.2293,-0.2947,-0.210224,8.914858,0.017126,-0.074096,3.1932,8.944457,0.069930,-0.074367,3.1191,-0.2009,-0.111092,0.704863,0.4867,8.944457,0.069930,0.061270,3.9825,-1.000000,-1.578436,674.9184,0,1,clay,1.0000,0.500000,0,0,0.000000,0.000000,0.000000,0,nan,0.00,0.888529,0.4097,0.0086,0.469143,-0.1872,0.53,4.52,5.59,4.58,-1.469174,-19.9096,-0.7893,0.008000,0.097402,-0.2770,0.086597,-0.159915,-0.151201,-1061.1650917222573,-367.87430099280004,2106.0801813072776,-560.2651927567445,0.550000,-0.026938,6351.4,6269.2,0.314866,0.213626,1.000000,3.1152,1.0000,,,,,
5.7240,1778670400.197772,477,8.992398,0.017016,-0.071365,3.2822,-0.3267,-0.214408,8.952592,0.006402,-0.076666,3.2087,9.009796,0.012856,-0.072289,3.1515,-0.2058,-0.109519,0.707095,0.4635,9.009796,0.012856,0.044904,3.9692,1.000000,-1.611869,650.9652,0,1,clay,1.0000,0.500000,0,0,0.000000,0.000000,0.000000,0,nan,0.00,0.911256,0.4061,0.0104,0.481143,-0.2065,0.54,4.52,5.60,4.48,-1.479898,-20.0569,-0.7605,0.008000,0.178209,-0.3556,0.113235,-0.257412,-0.254485,-875.96866142349,20.67735465044484,3096.930510964081,-507.3209369146286,0.550000,-0.023946,6350.7,6269.9,0.316115,0.202218,-1.000000,3.1475,1.0000,,,,,
5.7360,1778670400.209640,478,8.995285,-0.016756,-0.085252,3.2441,-0.2425,-0.211914,8.990512,-0.004308,-0.079171,3.2270,9.012625,-0.021060,-0.086161,3.1702,-0.1951,-0.107844,0.704674,0.4867,9.012625,-0.021060,0.033324,3.9689,-1.000000,-1.276606,640.0245,0,1,clay,1.0000,0.500000,0,0,0.000000,0.000000,0.000000,0,nan,0.00,0.888529,0.4026,0.0124,0.469143,-0.2218,0.53,4.50,5.55,4.42,-1.490608,-20.2004,-0.7419,0.008000,0.071245,-0.9070,0.102528,-0.116119,-0.112180,-927.8143578795064,-941.0262577083879,2121.896446310532,-548.148864354414,0.550000,-0.026509,6351.2,6269.3,0.315103,0.213417,1.000000,3.1662,1.0000,,,,,
5.7480,1778670400.221804,479,9.103159,-0.065974,-0.088190,3.2274,-0.3340,-0.244671,9.028518,-0.015455,-0.081914,3.2382,9.120566,-0.070429,-0.089127,3.1821,-0.2032,-0.112567,0.719377,0.4636,9.120566,-0.070429,0.016266,3.9688,1.000000,-1.219684,576.5334,0,1,clay,1.0000,0.500000,0,0,0.000000,0.000000,0.000000,0,nan,0.00,0.911256,0.3992,0.0144,0.481143,-0.2364,0.54,4.51,5.58,4.54,-1.501755,-20.3576,-0.7306,0.008000,0.164516,-1.1094,0.100223,-0.234377,-0.246971,-859.3733006090747,42.31918006971489,3209.1822611131047,-510.977848730956,0.550000,-0.026421,6348.0,6272.6,0.320775,0.217566,-1.000000,3.1780,1.0000,,,,,
5.7600,1778670400.233933,480,9.150933,0.023899,-0.087383,3.2041,-0.2799,-0.240296,9.066682,-0.027165,-0.084921,3.2572,9.168465,0.019431,-0.088339,3.1872,-0.1992,-0.114497,0.724715,0.4867,9.168465,0.019431,0.030525,3.9716,1.000000,-1.003952,624.8139,0,1,clay,1.0000,0.500000,0,0,0.000000,0.000000,0.000000,0,nan,0.00,0.933984,0.3959,0.0165,0.493143,-0.2485,0.55,4.55,5.65,4.77,-1.513465,-20.5298,-0.7143,0.008000,0.129230,-0.5529,0.087334,-0.268864,-0.296234,-715.722662502255,-1643.3505754480286,2283.5064060099585,-558.1740313375653,0.550000,-0.029220,6346.7,6273.9,0.323007,0.222664,1.000000,3.1831,1.0000,,,,,
5.7720,1778670400.245775,481,9.000723,-0.071598,-0.092040,3.3018,-0.3375,-0.205147,9.105114,-0.038330,-0.087487,3.2789,9.018521,-0.076203,-0.092979,3.2103,-0.2057,-0.110166,0.741457,0.4988,9.018521,-0.076203,0.010389,3.9683,-1.000000,-0.941254,657.4176,0,1,clay,1.0000,0.500000,0,0,0.000000,0.000000,0.000000,0,nan,0.00,0.911256,0.3926,0.0186,0.481143,-0.2598,0.55,4.55,5.65,4.53,-1.524630,-20.6769,-0.6894,0.008000,0.082321,-0.3795,0.092688,-0.227176,-0.241336,1104.068509407557,-187.66594560282988,2093.459949674232,-515.3878878245451,0.550000,-0.024186,6342.8,6277.8,0.329888,0.193650,1.000000,3.2061,1.0000,,,,,
5.7840,1778670400.257859,482,9.194469,0.010786,-0.091316,3.3188,-0.2221,-0.191379,9.143789,-0.049051,-0.089764,3.2954,9.212497,0.006310,-0.092223,3.2322,-0.1897,-0.103141,0.750048,0.4755,9.212497,0.006310,0.026925,3.9725,1.000000,-1.305411,669.5882,0,1,clay,1.0000,0.500000,0,0,0.000000,0.000000,0.000000,0,nan,0.00,0.933984,0.3894,0.0207,0.493143,-0.2755,0.57,4.54,5.68,4.50,-1.603351,-19.9045,-0.6771,0.008000,0.095472,-0.4105,0.089350,-0.100742,-0.100017,765.0434030811399,-690.328606302013,3053.5086610558437,-549.3356585030594,0.550000,-0.025668,6340.7,6279.9,0.333536,0.191017,-1.000000,3.2279,1.0000,,,,,
5.7960,1778670400.269695,483,9.187674,-0.056996,-0.082911,3.3223,-0.2929,-0.178897,9.182662,-0.059456,-0.091848,3.3105,9.205767,-0.061255,-0.083776,3.2504,-0.1905,-0.097099,0.741061,0.4988,9.205767,-0.061255,0.020144,3.9725,-1.000000,-1.176641,554.7681,0,1,clay,1.0000,0.500000,0,0,0.000000,0.000000,0.000000,0,nan,0.00,0.911256,0.3862,0.0229,0.481143,-0.2896,0.56,4.55,5.67,4.58,-1.613756,-20.0239,-0.6620,0.008000,0.057551,-0.1353,0.109981,-0.220324,-0.234629,733.0425723223833,-936.9915318423925,2026.916069251938,-503.2913196687711,0.550000,-0.021350,6342.4,6278.1,0.330468,0.190052,1.000000,3.2462,1.0000,,,,,
5.8080,1778670400.281797,484,9.227036,-0.110800,-0.091672,3.2847,-0.3326,-0.162718,9.221723,-0.069680,-0.093815,3.3259,9.245177,-0.115198,-0.092491,3.2578,-0.1977,-0.089248,0.735074,0.4755,9.245177,-0.115198,0.015243,3.9709,-1.000000,-0.845083,635.0345,0,1,clay,1.0000,0.500000,0,0,0.000000,0.000000,0.000000,0,nan,0.00,0.888529,0.3831,0.0252,0.469143,-0.2997,0.56,4.54,5.66,4.49,-1.623980,-20.1366,-0.6451,0.008000,0.146441,-0.6270,0.090726,-0.132917,-0.102101,436.07571349719456,-111.02368390146012,2971.0956858071636,-415.50342555179304,0.550000,-0.013939,6344.1,6276.4,0.327509,0.201998,-1.000000,3.2536,1.0000,,,,,
5.8200,1778670400.293770,485,9.228100,-0.076538,-0.085831,3.3848,-0.2559,-0.154983,9.260949,-0.079820,-0.095714,3.3407,9.246398,-0.080715,-0.086600,3.2832,-0.1896,-0.080993,0.745549,0.4635,9.246398,-0.080715,0.018165,3.9708,1.000000,-0.956579,683.6552,0,1,clay,1.0000,0.500000,0,0,0.000000,0.000000,0.000000,0,nan,0.00,0.911256,0.3801,0.0274,0.481143,-0.3112,0.56,4.52,5.65,4.44,-1.634120,-20.2454,-0.6301,0.008000,0.089092,-0.0203,0.089376,-0.236641,-0.223579,239.37398857678963,-953.2783835557268,2966.9071982855094,-385.63452124667697,0.550000,-0.011681,6341.9,6278.6,0.331301,0.179116,-1.000000,3.2790,1.0000,,,,,
5.8320,1778670400.305791,486,9.310749,-0.139777,-0.094644,3.3426,-0.2332,-0.160282,9.300340,-0.089968,-0.097616,3.3553,9.329045,-0.143996,-0.095378,3.2955,-0.1791,-0.075146,0.740325,0.4868,9.329045,-0.143996,-0.001645,3.9559,-1.000000,-1.079034,505.7478,0,1,clay,1.0000,0.500000,0,0,0.000000,0.000000,0.000000,0,nan,0.00,0.888529,0.3771,0.0297,0.469143,-0.3241,0.56,4.54,5.66,4.61,-1.644268,-20.3544,-0.6006,0.008000,0.092594,-0.6533,0.069110,-0.103355,-0.082868,-103.97601118089928,-173.45204757988768,2014.949004222347,-382.68361833078814,0.550000,-0.011782,6343.1,6277.5,0.329268,0.189951,1.000000,3.2913,1.0000,,,,,
5.8440,1778670400.317788,487,9.359254,-0.108405,-0.101316,3.3598,-0.2977,-0.157908,9.339859,-0.100353,-0.099668,3.3671,9.377661,-0.112741,-0.102024,3.3088,-0.1819,-0.070190,0.736065,0.4635,9.377661,-0.112741,-0.009554,3.9427,1.000000,-0.679184,554.9400,0,1,clay,1.0000,0.500000,0,0,0.000000,0.000000,0.000000,0,nan,0.00,0.911256,0.3742,0.0319,0.481143,-0.3323,0.57,4.54,5.67,4.55,-1.654653,-20.4720,-0.5756,0.008000,0.041277,-0.2504,0.063946,-0.241770,-0.223943,-557.1280682694648,-1216.8811910127126,2973.8387389181607,-323.93187696786936,0.550000,-0.007833,6344.0,6276.6,0.327702,0.195245,-1.000000,3.3046,1.0000,,,,,
5.8560,1778670400.329827,488,9.361217,-0.104876,-0.097002,3.3621,-0.2042,-0.180129,9.379562,-0.110954,-0.101801,3.3866,9.379752,-0.109058,-0.097708,3.3200,-0.1673,-0.069027,0.757502,0.4868,9.379752,-0.109058,-0.005767,3.9421,-1.000000,-0.933713,555.4801,0,1,clay,1.0000,0.500000,0,0,0.000000,0.000000,0.000000,0,nan,0.00,0.888529,0.3713,0.0342,0.469143,-0.3435,0.57,4.55,5.70,4.65,-1.728954,-19.6543,-0.5555,0.008000,0.079283,0.1937,0.061686,-0.227398,-0.229645,46.006889493389174,-580.2673510500409,2027.5809287730756,-363.71206559508676,0.550000,-0.012346,6339.2,6281.4,0.336169,0.185887,1.000000,3.3157,1.0000,,,,,
5.8680,1778670400.341743,489,9.458875,-0.082475,-0.103658,3.3725,-0.3212,-0.150711,9.419472,-0.121196,-0.103688,3.4024,9.477421,-0.086793,-0.104334,3.3311,-0.1771,-0.064748,0.763611,0.4635,9.477421,-0.086793,-0.012576,3.9168,1.000000,-1.258813,577.9081,0,1,clay,1.0000,0.500000,0,0,0.000000,0.000000,0.000000,0,nan,0.00,0.911256,0.3684,0.0365,0.481143,-0.3586,0.56,4.55,5.68,4.55,-1.739196,-19.7624,-0.5143,0.008000,0.042757,-0.2217,0.067053,-0.206733,-0.183524,637.8574619349027,-302.36694781588386,2961.118523267306,-310.1817597198791,0.550000,-0.006222,6337.2,6283.3,0.339502,0.182026,-1.000000,3.3267,1.0000,,,,,
5.8800,1778670400.353753,490,9.477554,-0.104732,-0.105093,3.4706,-0.2153,-0.136740,9.459616,-0.131108,-0.105381,3.4198,9.496244,-0.108955,-0.105727,3.3589,-0.1652,-0.057482,0.762466,0.4868,9.496244,-0.108955,-0.013336,3.9133,-1.000000,-1.133881,527.7674,0,1,clay,1.0000,0.500000,0,0,0.000000,0.000000,0.000000,0,nan,0.00,0.888529,0.3657,0.0389,0.469143,-0.3722,0.56,4.56,5.67,4.58,-1.749108,-19.8594,-0.4935,0.008000,0.148405,-0.0628,0.070130,-0.208141,-0.197560,885.9314307349543,-119.54667054155777,2005.5318002910517,-315.34655413320786,0.550000,-0.006035,6337.1,6283.5,0.339808,0.154870,1.000000,3.3545,1.0000,,,,,
5.8920,1778670400.365725,491,9.459841,-0.202958,-0.097439,3.3957,-0.1793,-0.131258,9.499970,-0.140821,-0.106980,3.4359,9.478607,-0.206883,-0.098032,3.3669,-0.1495,-0.050956,0.767225,0.4635,9.478607,-0.206883,-0.014298,3.9165,1.000000,-1.045965,505.7208,0,1,clay,1.0000,0.500000,0,0,0.000000,0.000000,0.000000,0,nan,0.00,0.911256,0.3629,0.0413,0.481143,-0.3848,0.55,4.55,5.66,4.53,-1.758821,-19.9510,-0.4807,0.008000,0.160806,0.2921,0.055342,-0.097645,-0.076399,554.6044249042502,-23.718702349358523,2919.4205222011797,-342.780862365015,0.550000,-0.007448,6336.0,6284.5,0.341594,0.174458,-1.000000,3.3625,1.0000,,,,,
5.9040,1778670400.377787,492,9.599223,-0.066139,-0.107059,3.5109,-0.2661,-0.133798,9.540516,-0.150559,-0.108602,3.4531,9.618084,-0.070230,-0.107626,3.3957,-0.1519,-0.046088,0.781874,0.4868,9.618084,-0.070230,-0.016758,3.9062,-1.000000,-1.028469,543.3553,0,1,clay,1.0000,0.500000,0,0,0.000000,0.000000,0.000000,0,nan,0.00,0.888529,0.3602,0.0437,0.469143,-0.3971,0.55,4.56,5.66,4.59,-1.768559,-20.0440,-0.4531,0.008000,0.091975,-0.7777,0.066755,-0.196024,-0.185116,212.52861832722067,-41.55057829624987,1997.1615306574142,-285.8629750576737,0.550000,-0.003821,6332.5,6288.1,0.347838,0.142668,1.000000,3.3912,1.0000,,,,,
5.9160,1778670400.389720,493,9.513277,-0.177076,-0.109128,3.5774,-0.1991,-0.137874,9.581246,-0.160334,-0.110240,3.4687,9.532314,-0.181135,-0.109674,3.4317,-0.1428,-0.043471,0.779229,0.4635,9.532314,-0.181135,-0.027880,3.9086,1.000000,-1.056864,569.0052,0,1,clay,1.0000,0.500000,0,0,0.000000,0.000000,0.000000,0,nan,0.00,0.911256,0.3575,0.0462,0.481143,-0.4098,0.54,4.54,5.63,4.46,-1.778334,-20.1378,-0.4399,0.008000,0.053156,-0.4419,0.095957,-0.195788,-0.204626,300.3376400145913,-79.16344310904171,2960.1798105646267,-295.06309055351653,0.550000,-0.005110,6333.2,6287.4,0.346623,0.127803,-1.000000,3.4273,1.0000,,,,,
5.9280,1778670400.401619,494,9.589934,-0.121625,-0.118575,3.5021,-0.2205,-0.128518,9.622177,-0.170006,-0.111803,3.4858,9.608809,-0.125773,-0.119095,3.4461,-0.1391,-0.039647,0.781876,0.4867,9.608809,-0.125773,-0.026679,3.9060,-1.000000,-1.347377,530.7320,0,1,clay,1.0000,0.500000,0,0,0.000000,0.000000,0.000000,0,nan,0.00,0.888529,0.3549,0.0487,0.469143,-0.4260,0.52,4.60,5.64,4.89,-1.788006,-20.2274,-0.4202,0.008000,0.027430,-1.3680,0.083955,-0.082227,-0.076382,469.82003141129564,-140.05427181988296,1998.6917514587742,-292.3297541636318,0.550000,-0.004054,6332.5,6288.1,0.347833,0.144168,1.000000,3.4418,1.0000,,,,,
5.9400,1778670400.415187,495,9.737493,-0.215822,-0.115535,3.5526,-0.1259,-0.125696,9.663299,-0.179598,-0.113327,3.4996,9.756666,-0.219792,-0.116029,3.4676,-0.1184,-0.034892,0.775960,0.4635,9.756666,-0.219792,-0.031332,3.9129,1.000000,-1.419417,539.1094,0,1,clay,1.0000,0.500000,0,0,0.000000,0.000000,0.000000,0,nan,0.00,0.911256,0.3523,0.0512,0.481143,-0.4430,0.52,4.62,5.65,4.77,-1.856898,-19.3600,-0.4134,0.008000,0.083922,-0.7243,0.093668,-0.167415,-0.187756,381.3573426654724,-89.10348280270696,2927.3381372342387,-352.4703641806903,0.550000,-0.008221,6333.5,6287.0,0.345963,0.120115,-1.000000,3.4632,1.0000,,,,,
5.9520,1778670400.425743,496,9.757782,-0.160351,-0.116487,3.5194,-0.1812,-0.113489,9.704643,-0.188956,-0.114703,3.5163,9.777162,-0.164280,-0.116951,3.4784,-0.1104,-0.027970,0.763097,0.4868,9.777162,-0.164280,-0.034660,3.9136,-1.000000,-1.331737,464.4136,0,1,clay,1.0000,0.500000,0,0,0.000000,0.000000,0.000000,0,nan,0.00,0.888529,0.3498,0.0539,0.469143,-0.4590,0.52,4.61,5.66,4.54,-1.866256,-19.4388,-0.3973,0.008000,0.056110,-0.4265,0.091731,-0.089597,-0.108633,438.3241888546362,77.59077846672061,2017.2413108247488,-342.6329749178052,0.550000,-0.007320,6336.7,6283.9,0.340488,0.139097,1.000000,3.4741,1.0000,,,,,
5.9640,1778670400.437765,497,9.702712,-0.133355,-0.120459,3.5128,-0.2501,-0.113474,9.746146,-0.198290,-0.116088,3.5300,9.722086,-0.137367,-0.120899,3.4859,-0.1185,-0.025228,0.761134,0.4635,9.722086,-0.137367,-0.040328,3.9113,1.000000,-1.230966,498.6150,0,1,clay,1.0000,0.500000,0,0,0.000000,0.000000,0.000000,0,nan,0.00,0.911256,0.3473,0.0565,0.481143,-0.4737,0.53,4.64,5.69,4.79,-1.875590,-19.5182,-0.3813,0.008000,0.035909,-0.9080,0.085815,-0.185780,-0.192533,137.02804110183692,13.83316253123931,2896.111873983966,-274.58313449853625,0.550000,-0.002766,6337.3,6283.3,0.339397,0.139416,-1.000000,3.4816,1.0000,,,,,
5.9760,1778670400.449773,498,9.740222,-0.302227,-0.115551,3.5670,-0.1060,-0.121158,9.787797,-0.207762,-0.117564,3.5452,9.759850,-0.306030,-0.115977,3.5024,-0.0967,-0.020728,0.750024,0.4868,9.759850,-0.306030,-0.039522,3.9130,-1.000000,-1.112188,426.5421,0,1,clay,1.0000,0.500000,0,0,0.000000,0.000000,0.000000,0,nan,0.00,0.888529,0.3448,0.0592,0.469143,-0.4871,0.53,4.63,5.69,4.57,-1.885062,-19.6027,-0.3679,0.008000,0.166343,-0.2717,0.090708,-0.052312,-0.077742,-75.55680970657511,106.97256969265602,2013.4620477136875,-340.3160968606499,0.550000,-0.007813,6340.2,6280.3,0.334259,0.125515,1.000000,3.4981,1.0000,,,,,
5.9880,1778670400.461924,499,9.797834,-0.264547,-0.116243,3.5609,-0.1974,-0.121968,9.829623,-0.217283,-0.119053,3.5605,9.817685,-0.268391,-0.116664,3.5146,-0.0979,-0.020427,0.750694,0.4634,9.817685,-0.268391,-0.041408,3.9143,1.000000,-1.051885,454.1810,0,1,clay,1.0000,0.500000,0,0,0.000000,0.000000,0.000000,0,nan,0.00,0.911256,0.3424,0.0619,0.481143,-0.4997,0.56,4.64,5.75,4.72,-1.894583,-19.6880,-0.3538,0.008000,0.099192,-0.2732,0.075142,-0.165543,-0.197377,-58.269086686963846,-18.2851059412439,2920.7199882478235,-326.00468685906765,0.550000,-0.006888,6340.2,6280.3,0.334278,0.124492,-1.000000,3.5103,1.0000,,,,,
6.0000,1778670400.473727,500,9.902510,-0.142879,-0.121358,3.5338,-0.1533,-0.120109,9.871637,-0.226780,-0.120499,3.5765,9.922382,-0.146757,-0.121764,3.5192,-0.0882,-0.016536,0.748524,0.4869,9.922382,-0.146757,-0.039879,3.9138,-1.000000,-1.045368,427.1480,0,1,clay,1.0000,0.500000,0,0,0.000000,0.000000,0.000000,0,nan,0.00,0.888529,0.3400,0.0646,0.469143,-0.5123,0.55,4.65,5.75,4.71,-1.904080,-19.7709,-0.3372,0.008000,0.150707,-1.0445,0.071240,-0.176438,-0.215510,36.591231163180254,-3.084940614503779,2015.6684560755768,-348.6134015749026,0.550000,-0.008408,6340.9,6279.7,0.333168,0.131531,1.000000,3.5148,1.0000,,,,,
6.0120,1778670400.485940,501,9.901494,-0.217842,-0.123883,3.5395,-0.1792,-0.114562,9.913831,-0.236230,-0.121897,3.5904,9.921541,-0.221780,-0.124282,3.5239,-0.0881,-0.016114,0.743080,0.4634,9.921541,-0.221780,-0.050113,3.9138,1.000000,-0.967285,445.3030,0,1,clay,1.0000,0.500000,0,0,0.000000,0.000000,0.000000,0,nan,0.00,0.911256,0.3376,0.0673,0.481143,-0.5239,0.57,4.64,5.78,4.58,-1.968330,-18.8165,-0.3234,0.008000,0.102778,-0.6674,0.045750,-0.152402,-0.198000,57.24478329173167,-31.650232964977107,2903.8009474018368,-337.73130667199115,0.550000,-0.007684,6342.2,6278.3,0.330768,0.129986,-1.000000,3.5196,1.0000,,,,,
6.0240,1778670400.497802,502,9.945414,-0.185018,-0.122285,3.6049,-0.2089,-0.114506,9.956185,-0.245672,-0.123272,3.6051,9.965541,-0.188928,-0.122669,3.5404,-0.0900,-0.012044,0.740757,0.4869,9.965541,-0.188928,-0.039160,3.9131,-1.000000,-1.097130,441.6526,0,1,clay,1.0000,0.500000,0,0,0.000000,0.000000,0.000000,0,nan,0.00,0.888529,0.3352,0.0700,0.469143,-0.5370,0.57,4.65,5.79,4.73,-1.977772,-18.8953,-0.3080,0.008000,0.092357,-0.4735,0.026509,-0.080704,-0.100032,-118.03586946999958,-78.24769894766433,2021.6085803628293,-302.56825654787684,0.550000,-0.005443,6343.0,6277.6,0.329540,0.115001,1.000000,3.5361,1.0000,,,,,
6.0360,1778670400.509780,503,10.089183,-0.273758,-0.123383,3.6512,-0.2475,-0.113806,9.998709,-0.255116,-0.124638,3.6190,10.109478,-0.277775,-0.123764,3.5627,-0.1022,-0.013155,0.736225,0.4633,10.109478,-0.277775,-0.047133,3.9122,1.000000,-0.906521,438.8422,0,1,clay,1.0000,0.500000,0,0,0.000000,0.000000,0.000000,0,nan,0.00,0.911256,0.3329,0.0727,0.481143,-0.5479,0.57,4.64,5.78,4.57,-1.987216,-18.9736,-0.2932,0.008000,0.165277,-0.0185,0.034062,-0.186590,-0.201950,-89.2472967512861,-200.00568470041867,2912.788732786787,-240.27859566667436,0.550000,-0.001482,6343.9,6276.7,0.327878,0.102568,-1.000000,3.5584,1.0000,,,,,
6.0480,1778670400.521604,504,10.077052,-0.316274,-0.118931,3.6198,-0.1475,-0.128400,10.041356,-0.264743,-0.126098,3.6292,10.097213,-0.320113,-0.119312,3.5745,-0.0913,-0.012703,0.744017,0.4869,10.097213,-0.320113,-0.050791,3.9122,-1.000000,-0.954786,360.6079,0,1,clay,1.0000,0.500000,0,0,0.000000,0.000000,0.000000,0,nan,0.00,0.888529,0.3306,0.0754,0.469143,-0.5594,0.55,4.64,5.73,4.66,-1.996843,-19.0572,-0.2829,0.008000,0.044804,0.0337,0.025070,-0.104877,-0.115406,-63.70907352364435,467.6307599988152,2007.830263516061,-288.07926604329583,0.550000,-0.005090,6342.2,6278.3,0.330805,0.086812,1.000000,3.5703,1.0000,,,,,
6.0600,1778670400.533841,505,10.091126,-0.220287,-0.121774,3.6487,-0.1149,-0.152100,10.084064,-0.274817,-0.127856,3.6377,10.111463,-0.224190,-0.122191,3.5896,-0.0798,-0.019516,0.713971,0.4634,10.111463,-0.224190,-0.048024,3.9122,1.000000,-0.872900,386.2800,0,1,clay,1.0000,0.500000,0,0,0.000000,0.000000,0.000000,0,nan,0.00,0.911256,0.3284,0.0781,0.481143,-0.5698,0.56,4.62,5.74,4.50,-2.006917,-19.1579,-0.2745,0.008000,0.029685,-0.1161,0.030701,-0.181372,-0.218297,-162.04239604296768,-471.3281713709163,3020.9702010411283,-355.89439260156155,0.550000,-0.011917,6349.8,6270.8,0.317672,0.066062,-1.000000,3.5855,1.0000,,,,,
6.0720,1778670400.545839,506,10.123505,-0.282310,-0.121297,3.6817,-0.1327,-0.165170,10.126808,-0.285182,-0.129780,3.6474,10.143924,-0.286211,-0.121745,3.6080,-0.0697,-0.022698,0.678405,0.4869,10.143924,-0.286211,-0.054621,3.9123,-1.000000,-0.673021,332.3558,0,1,clay,1.0000,0.500000,0,0,0.000000,0.000000,0.000000,0,nan,0.00,0.888529,0.3261,0.0808,0.469143,-0.5779,0.57,4.64,5.77,4.73,-2.067182,-18.1923,-0.2649,0.008000,0.104265,0.1218,0.042062,-0.087095,-0.143555,339.65277540876207,-597.3715651815509,2088.082524414192,-415.272848056169,0.550000,-0.017591,6358.9,6261.7,0.301758,0.044294,1.000000,3.6041,1.0000,,,,,
6.0840,1778670400.557753,507,10.079498,-0.348317,-0.134695,3.5947,-0.2333,-0.133529,10.169677,-0.295084,-0.131388,3.6497,10.099891,-0.352581,-0.135149,3.6062,-0.0836,-0.025181,0.674418,0.4634,10.099891,-0.352581,-0.066056,3.9122,1.000000,-0.682507,456.3990,0,1,clay,1.0000,0.500000,0,0,0.000000,0.000000,0.000000,0,nan,0.00,0.911256,0.3239,0.0834,0.481143,-0.5861,0.56,4.64,5.77,4.67,-2.077084,-18.2844,-0.2624,0.008000,0.028915,-0.9537,0.024852,-0.196217,-0.231762,2005.8612046684543,-673.8814043922376,2979.5733469165116,-392.5482273756468,0.550000,-0.013919,6360.2,6260.4,0.299494,0.055990,-1.000000,3.6023,1.0000,,,,,
6.0960,1778670400.569818,508,10.221610,-0.240936,-0.138598,3.6388,-0.1660,-0.105457,10.212670,-0.304319,-0.132632,3.6530,10.242117,-0.245219,-0.139016,3.6131,-0.0781,-0.017098,0.652119,0.4869,10.242117,-0.245219,-0.063642,3.9126,1.000000,-0.759072,386.9113,0,1,clay,1.0000,0.500000,0,0,0.000000,0.000000,0.000000,0,nan,0.00,0.933984,0.3217,0.0860,0.493143,-0.5952,0.57,4.63,5.77,4.53,-2.086319,-18.3557,-0.2597,0.008000,0.098960,-1.1397,0.019654,-0.119838,-0.151729,2079.111948446339,-270.04072869009104,2085.0949844957654,-354.75886098464736,0.550000,-0.011964,6365.8,6254.7,0.289679,0.026887,1.000000,3.6093,1.0000,,,,,
6.1080,1778670400.581827,509,10.385796,-0.269320,-0.135591,3.6598,-0.0981,-0.081249,10.255703,-0.313116,-0.133666,3.6517,10.406393,-0.273375,-0.135955,3.6227,-0.0627,-0.007718,0.628598,0.4989,10.406393,-0.273375,-0.068087,3.9128,-1.000000,-0.649959,303.1129,0,1,clay,1.0000,0.500000,0,0,0.000000,0.000000,0.000000,0,nan,0.00,0.911256,0.3196,0.0885,0.481143,-0.6030,0.58,4.64,5.80,4.70,-2.095116,-18.4150,-0.2610,0.008000,0.134219,-0.6975,0.025092,-0.184120,-0.220773,2021.77162995557,-159.78877755680264,2129.898179946626,-336.6423814352472,0.550000,-0.011799,6371.7,6248.9,0.279489,0.024235,1.000000,3.6191,1.0000,,,,,
6.1200,1778670400.593843,510,10.380944,-0.227059,-0.134293,3.5894,-0.0571,-0.078890,10.298771,-0.321644,-0.134609,3.6515,10.401619,-0.230926,-0.134618,3.6169,-0.0460,-0.002903,0.601674,0.4753,10.401619,-0.230926,-0.067999,3.9128,1.000000,-0.552897,246.3662,0,1,clay,1.0000,0.500000,0,0,0.000000,0.000000,0.000000,0,nan,0.00,0.933984,0.3175,0.0910,0.493143,-0.6096,0.59,4.61,5.78,4.43,-2.103644,-18.4690,-0.2612,0.008000,0.121725,-0.4812,0.015106,-0.095604,-0.143444,2711.1522882449503,-619.3750964226966,2964.349999301023,-351.0544181412189,0.550000,-0.013691,6378.6,6241.9,0.267329,0.029097,-1.000000,3.6133,1.0000,,,,,
6.1320,1778670400.605912,511,10.431086,-0.304100,-0.138012,3.6414,-0.0687,-0.072467,10.341842,-0.329915,-0.135459,3.6475,10.451813,-0.307889,-0.138288,3.6221,-0.0303,0.006751,0.570403,0.4990,10.451813,-0.307889,-0.069111,3.9127,-1.000000,-0.180804,274.7893,0,1,clay,1.0000,0.500000,0,0,0.000000,0.000000,0.000000,0,nan,0.00,0.911256,0.3153,0.0934,0.481143,-0.6118,0.60,4.62,5.82,4.67,-2.111915,-18.5177,-0.2652,0.008000,0.130667,-0.8101,0.004280,-0.147643,-0.208118,2404.6921101785115,-255.70988287850608,2202.2983534387195,-341.56733994259713,0.550000,-0.013974,6386.7,6233.9,0.253273,0.005540,1.000000,3.6188,1.0000,,,,,
6.1440,1778670400.617873,512,10.339335,-0.380756,-0.142840,3.7194,-0.0707,-0.068442,10.384840,-0.338133,-0.136361,3.6595,10.360286,-0.384573,-0.143085,3.6414,-0.0225,0.010138,0.548226,0.4753,10.360286,-0.384573,-0.080249,3.9128,-1.000000,-0.235835,313.5249,0,1,clay,1.0000,0.500000,0,0,0.000000,0.000000,0.000000,0,nan,0.00,0.888529,0.3133,0.0958,0.469143,-0.6146,0.62,4.62,5.85,4.62,-2.165233,-17.4951,-0.2533,0.008000,0.130815,-1.0177,0.001942,-0.056532,-0.127697,-279.43136418146423,289.21465749111474,3056.074726965836,-326.99425860027344,0.550000,-0.013672,6392.9,6227.7,0.242529,-0.021811,-1.000000,3.6382,1.0000,,,,,
6.1560,1778670400.629824,513,10.384708,-0.327839,-0.139040,3.6045,-0.0952,-0.082628,10.427870,-0.346495,-0.137382,3.6404,10.405608,-0.331533,-0.139275,3.6348,-0.0208,0.010259,0.525145,0.4633,10.405608,-0.331533,-0.069799,3.9128,-1.000000,-0.216817,276.1702,0,1,clay,1.0000,0.500000,0,0,0.000000,0.000000,0.000000,0,nan,0.00,0.865802,0.3112,0.0980,0.457143,-0.6172,0.61,4.61,5.83,4.56,-2.173595,-17.5536,-0.2723,0.008000,0.080404,-1.0575,-0.017244,-0.131376,-0.197792,1166.6601730493428,-1194.418073956471,3089.149410111097,-310.93374929787956,0.541488,-0.013498,6398.6,6221.9,0.232479,0.000475,-1.000000,3.6317,1.0000,,,,,
6.1680,1778670400.641820,514,10.505167,-0.384409,-0.144699,3.7144,-0.1911,-0.082394,10.470799,-0.354794,-0.138394,3.6379,10.526062,-0.388306,-0.144929,3.6507,-0.0369,0.009553,0.507923,0.4513,10.526062,-0.388306,-0.081473,3.9126,1.000000,-0.093597,280.9987,0,1,clay,1.0000,0.500000,0,0,0.000000,0.000000,0.000000,0,nan,0.00,0.888529,0.3091,0.1002,0.469143,-0.6184,0.61,4.61,5.83,4.65,-2.181894,-17.6116,-0.2747,0.008000,0.112330,-1.1778,-0.013269,-0.087608,-0.121974,1645.717593015664,-965.87654266156,3105.2394861995917,-218.5555053477125,0.532296,-0.008168,6403.0,6217.6,0.224824,-0.030089,-1.000000,3.6477,1.0000,,,,,
6.1800,1778670400.653682,515,10.455365,-0.363463,-0.140752,3.6766,0.0265,-0.070098,10.513724,-0.362740,-0.139199,3.6270,10.476211,-0.367043,-0.140951,3.6561,-0.0074,0.016001,0.478271,0.4749,10.476211,-0.367043,-0.078379,3.9127,1.000000,-0.000741,243.3798,0,1,clay,1.0000,0.500000,0,0,0.000000,0.000000,0.000000,0,nan,0.00,0.911256,0.3071,0.1022,0.481143,-0.6184,0.59,4.61,5.79,4.62,-2.189840,-17.6577,-0.2857,0.008000,0.050851,-0.9590,-0.022540,-0.139200,-0.189503,1997.8222555383652,-510.8697653493931,2289.936173475677,-305.3413056395318,0.534192,-0.014326,6410.7,6209.9,0.211413,-0.032714,1.000000,3.6533,1.0000,,,,,
6.1920,1778670400.665782,516,10.432799,-0.370843,-0.139207,3.6566,-0.0508,-0.031732,10.556566,-0.370005,-0.139614,3.6151,10.453608,-0.374226,-0.139342,3.6565,0.0025,0.026944,0.451521,0.4869,10.453608,-0.374226,-0.076678,3.9127,-1.000000,0.122767,225.7551,0,1,clay,1.0000,0.500000,0,0,0.000000,0.000000,0.000000,0,nan,0.00,0.888529,0.3051,0.1041,0.469143,-0.6169,0.58,4.62,5.77,4.65,-2.197105,-17.6815,-0.2976,0.008000,0.048570,-0.0882,-0.019675,-0.050393,-0.105771,2249.3960436682864,-557.7558334701419,2383.9804068070816,-270.7868783308861,0.538970,-0.011734,6417.6,6202.9,0.199365,-0.043310,1.000000,3.6539,1.0000,,,,,
6.2040,1778670400.677853,517,10.569364,-0.360196,-0.133372,3.6249,0.0116,-0.018618,10.599363,-0.376782,-0.139794,3.6048,10.590248,-0.363283,-0.133457,3.6508,0.0172,0.033251,0.434221,0.4634,10.590248,-0.363283,-0.070512,3.9126,1.000000,0.136583,279.0395,0,1,clay,1.0000,0.500000,0,0,0.000000,0.000000,0.000000,0,nan,0.00,0.911256,0.3031,0.1059,0.481143,-0.6153,0.58,4.63,5.79,4.68,-2.203882,-17.6918,-0.3078,0.008000,0.061772,0.4213,-0.030014,-0.093154,-0.157381,2384.8368393192104,-568.7556619547352,3222.506861648064,-268.41858680212,0.516826,-0.011779,6422.2,6198.4,0.191411,-0.042120,-1.000000,3.6483,1.0000,,,,,
6.2160,1778670400.689812,518,10.673663,-0.357204,-0.144230,3.5674,-0.0481,-0.001230,10.642107,-0.383124,-0.139797,3.5992,10.694491,-0.360361,-0.144239,3.6350,0.0240,0.047138,0.408322,0.4869,10.694491,-0.360361,-0.080683,3.9126,-1.000000,0.132323,234.5117,0,1,clay,1.0000,0.500000,0,0,0.000000,0.000000,0.000000,0,nan,0.00,0.888529,0.3012,0.1077,0.469143,-0.6137,0.58,4.63,5.80,4.62,-2.250324,-16.5390,-0.3135,0.008000,0.094574,-0.4299,-0.052944,-0.139969,-0.203767,2645.9765443950914,4.072255763999749,2422.870072137068,-187.93893391675942,0.522436,-0.007089,6428.8,6191.8,0.179940,-0.040616,1.000000,3.6327,1.0000,,,,,
6.2280,1778670400.701809,519,10.699856,-0.342393,-0.143077,3.6089,0.0972,0.009298,10.684768,-0.389156,-0.139706,3.5887,10.720717,-0.345273,-0.143030,3.6303,0.0493,0.053902,0.385319,0.4633,10.720717,-0.345273,-0.079727,3.9126,1.000000,0.261564,228.3288,0,1,clay,1.0000,0.500000,0,0,0.000000,0.000000,0.000000,0,nan,0.00,0.911256,0.2992,0.1092,0.481143,-0.6105,0.59,4.62,5.79,4.58,-2.256356,-16.5338,-0.3239,0.008000,0.082989,-0.4680,-0.048966,-0.126629,-0.214936,2479.61200333966,-192.08697567942778,3279.0160253393547,-228.31592491709443,0.496521,-0.010063,6434.6,6186.0,0.169794,-0.062304,-1.000000,3.6281,1.0000,,,,,
6.2400,1778670400.713831,520,10.690517,-0.402783,-0.145704,3.4859,-0.0115,0.015852,10.727363,-0.394882,-0.139533,3.5745,10.711214,-0.405556,-0.145590,3.6027,0.0561,0.066274,0.371173,0.4869,10.711214,-0.405556,-0.080164,3.9126,-1.000000,0.199694,250.8696,0,1,clay,1.0000,0.500000,0,0,0.000000,0.000000,0.000000,0,nan,0.00,0.888529,0.2973,0.1107,0.469143,-0.6081,0.59,4.62,5.80,4.63,-2.262082,-16.5239,-0.3381,0.008000,0.127383,-0.4636,-0.078585,-0.084480,-0.157096,1979.0638021552616,185.98118820802216,2439.274365090908,-162.31316234580697,0.502654,-0.006103,6438.3,6182.2,0.163217,0.001039,1.000000,3.6006,1.0000,,,,,
6.2520,1778670400.725780,521,10.703401,-0.386866,-0.133451,3.6645,-0.0047,0.007726,10.769907,-0.400513,-0.139395,3.5742,10.724188,-0.389327,-0.133308,3.6150,0.0572,0.068853,0.365263,0.4634,10.724188,-0.389327,-0.068567,3.9126,1.000000,0.223176,207.1795,0,1,clay,1.0000,0.500000,0,0,0.000000,0.000000,0.000000,0,nan,0.00,0.911256,0.2954,0.1121,0.481143,-0.6055,0.58,4.64,5.81,4.74,-2.267713,-16.5160,-0.3385,0.008000,0.053213,0.4939,-0.083338,-0.051081,-0.100184,1978.3264967214632,75.07212526302374,3290.9843746783927,-125.84210339308383,0.486027,-0.003944,6439.8,6180.8,0.160767,-0.098168,-1.000000,3.6129,1.0000,,,,,
6.2640,1778670400.737795,522,10.833934,-0.427252,-0.140088,3.5880,0.0704,0.014932,10.812375,-0.405914,-0.139200,3.5609,10.854785,-0.429670,-0.139897,3.6100,0.0771,0.078633,0.327562,0.4870,10.854785,-0.429670,-0.080569,3.9127,1.000000,0.278372,194.5448,0,1,clay,1.0000,0.500000,0,0,0.000000,0.000000,0.000000,0,nan,0.00,0.933984,0.2935,0.1134,0.493143,-0.6021,0.59,4.63,5.80,4.55,-2.273114,-16.5048,-0.3517,0.008000,0.081847,-0.1054,-0.079179,-0.087209,-0.145560,2581.183072559048,-178.7163177386725,2510.6387192426123,-150.8993184718759,0.489728,-0.005590,6449.3,6171.2,0.144058,-0.084882,1.000000,3.6081,1.0000,,,,,
6.2760,1778670400.749758,523,10.940784,-0.381457,-0.130276,3.5858,0.0255,0.022705,10.854708,-0.410981,-0.138865,3.5467,10.961551,-0.383548,-0.130041,3.6055,0.0842,0.086588,0.295289,0.4989,10.961551,-0.383548,-0.071547,3.9127,1.000000,0.367925,190.4305,0,1,clay,1.0000,0.500000,0,0,0.000000,0.000000,0.000000,0,nan,0.00,0.956711,0.2916,0.1146,0.505143,-0.5977,0.58,4.65,5.81,4.76,-2.278181,-16.4856,-0.3660,0.008000,0.081776,0.7848,-0.097671,-0.000130,-0.064016,2532.7388293755494,53.578297820701266,2630.007894960616,-130.0695344813161,0.496764,-0.003798,6457.6,6163.0,0.129670,-0.095922,1.000000,3.6038,1.0000,,,,,
6.2880,1778670400.761849,524,10.920260,-0.442758,-0.143218,3.4684,0.0526,0.043283,10.896919,-0.415687,-0.138396,3.5333,10.940965,-0.444948,-0.142921,3.5792,0.0957,0.097383,0.273369,0.5110,10.940965,-0.444948,-0.082472,3.9127,-1.000000,0.459849,207.3299,0,1,clay,1.0000,0.500000,0,0,0.000000,0.000000,0.000000,0,nan,0.00,0.933984,0.2898,0.1157,0.493143,-0.5922,0.58,4.63,5.80,4.52,-2.317787,-15.3077,-0.3793,0.008000,0.085911,-0.2216,-0.126316,-0.071754,-0.119020,2606.165607070329,-24.91634667770188,2706.797064156701,-112.55351287491908,0.501508,-0.001930,6463.3,6157.3,0.119758,-0.071747,1.000000,3.5776,1.0000,,,,,
6.3000,1778670400.773935,525,10.882517,-0.380961,-0.133676,3.5343,0.0876,0.059773,10.938972,-0.419953,-0.137747,3.5117,10.903240,-0.382795,-0.133328,3.5705,0.1062,0.103311,0.225240,0.4873,10.903240,-0.382795,-0.067411,3.9127,-1.000000,0.559393,230.8404,0,1,clay,1.0000,0.500000,0,0,0.000000,0.000000,0.000000,0,nan,0.00,0.911256,0.2879,0.1166,0.481143,-0.5855,0.60,4.64,5.84,4.74,-2.322053,-15.2706,-0.4010,0.008000,0.077089,0.1703,-0.132476,-0.078768,-0.136893,2492.535959976978,296.35142443847,3431.603404492632,-142.44905120789795,0.480294,-0.000769,6475.6,6145.0,0.098270,-0.096806,-1.000000,3.5692,1.0000,,,,,
6.3120,1778670400.785936,526,10.969661,-0.371804,-0.140485,3.5327,0.0459,0.071641,10.980863,-0.423785,-0.136939,3.4941,10.990470,-0.373682,-0.140080,3.5634,0.1081,0.110794,0.208626,0.4753,10.990470,-0.373682,-0.081045,3.9127,1.000000,0.611879,220.0106,0,1,clay,1.0000,0.500000,0,0,0.000000,0.000000,0.000000,0,nan,0.00,0.933984,0.2861,0.1174,0.493143,-0.5781,0.61,4.66,5.87,4.72,-2.325885,-15.2243,-0.4186,0.008000,0.037064,-0.5932,-0.132106,-0.032944,-0.071493,2519.6583496497465,573.3500649909143,3374.945982315363,-90.1210585516241,0.462069,0.003539,6480.0,6140.6,0.090669,-0.098089,-1.000000,3.5621,1.0000,,,,,
6.3240,1778670400.797863,527,11.041749,-0.389573,-0.137945,3.4877,0.1931,0.065324,11.022616,-0.427417,-0.136134,3.4822,11.062560,-0.391123,-0.137487,3.5489,0.1398,0.120938,0.209454,0.4990,11.062560,-0.391123,-0.077615,3.9127,-1.000000,0.584504,209.1393,0,1,clay,1.0000,0.500000,0,0,0.000000,0.000000,0.000000,0,nan,0.00,0.911256,0.2843,0.1181,0.481143,-0.5711,0.61,4.64,5.85,4.54,-2.329517,-15.1782,-0.4304,0.008000,0.019397,0.0905,-0.128131,-0.065030,-0.134530,1818.3989027663192,-6.292320655500191,2783.150656687948,-182.00057648650306,0.461494,-0.001580,6479.8,6140.7,0.090896,-0.067387,1.000000,3.5477,1.0000,,,,,
6.3360,1778670400.810595,528,11.017826,-0.443449,-0.132999,3.4857,0.1810,0.067480,11.064321,-0.430836,-0.135323,3.4756,11.038617,-0.444724,-0.132513,3.5371,0.1577,0.123180,0.231626,0.4753,11.038617,-0.444724,-0.071170,3.9127,1.000000,0.573051,214.7481,0,1,clay,1.0000,0.500000,0,0,0.000000,0.000000,0.000000,0,nan,0.00,0.933984,0.2825,0.1187,0.493143,-0.5642,0.62,4.65,5.88,4.68,-2.332936,-15.1317,-0.4370,0.008000,0.087745,0.2659,-0.133101,0.004667,-0.060416,2274.8578630433185,825.6534841357833,3306.1376780763003,-209.72642626941416,0.439755,-0.004874,6474.2,6146.4,0.100755,-0.084018,-1.000000,3.5357,1.0000,,,,,
6.3480,1778670400.821863,529,11.051163,-0.463196,-0.142760,3.4107,0.0920,0.079343,11.105857,-0.433928,-0.134416,3.4599,11.071834,-0.464559,-0.142223,3.5127,0.1621,0.132943,0.210122,0.4990,11.071834,-0.464559,-0.079839,3.9127,1.000000,0.634405,227.8618,0,1,clay,1.0000,0.500000,0,0,0.000000,0.000000,0.000000,0,nan,0.00,0.956711,0.2807,0.1191,0.505143,-0.5566,0.62,4.63,5.87,4.54,-2.336028,-15.0797,-0.4527,0.008000,0.028492,-0.2175,-0.128297,-0.086027,-0.158777,2227.032066036353,612.2372665291948,2749.7791789835755,-185.14490292606376,0.447509,-0.001556,6479.6,6141.0,0.091288,-0.066270,1.000000,3.5115,1.0000,,,,,
6.3600,1778670400.833856,530,11.204136,-0.526710,-0.134583,3.4558,0.0661,0.084847,11.147277,-0.436730,-0.133434,3.4477,11.224687,-0.527836,-0.134003,3.5018,0.1603,0.140855,0.190026,0.5110,11.224687,-0.527836,-0.076035,3.9127,-1.000000,0.637272,214.3173,0,1,clay,1.0000,0.500000,0,0,0.000000,0.000000,0.000000,0,nan,0.00,0.933984,0.2789,0.1195,0.493143,-0.5490,0.61,4.68,5.91,5.00,-2.368630,-13.8357,-0.4650,0.008000,0.159763,-0.4675,-0.150843,-0.131574,-0.197455,2140.7547731166014,711.3428380316767,2821.620395606937,-134.3481962241862,0.457113,0.003104,6484.8,6135.8,0.082262,-0.078681,1.000000,3.5007,1.0000,,,,,
6.3720,1778670400.845701,531,11.094443,-0.459776,-0.126471,3.5143,0.1532,0.091069,11.188594,-0.439225,-0.132354,3.4339,11.115079,-0.460623,-0.125860,3.5043,0.1698,0.143479,0.158920,0.4873,11.115079,-0.460623,-0.063403,3.9127,1.000000,0.700410,218.3891,0,1,clay,1.0000,0.500000,0,0,0.000000,0.000000,0.000000,0,nan,0.00,0.956711,0.2772,0.1198,0.505143,-0.5406,0.59,4.68,5.87,4.66,-2.371125,-13.7738,-0.4788,0.008000,0.121214,0.3187,-0.139412,-0.043280,-0.095046,2355.7906879873944,94.98008110700721,3253.2795474037393,-172.32576488337367,0.437985,0.002636,6492.7,6127.9,0.068517,-0.098283,-1.000000,3.5034,1.0000,,,,,
6.3840,1778670400.857689,532,11.250443,-0.419637,-0.128680,3.4074,0.0850,0.098962,11.229782,-0.441399,-0.131168,3.4238,11.270854,-0.420443,-0.128028,3.4856,0.1704,0.152266,0.136256,0.5110,11.270854,-0.420443,-0.065931,3.9127,-1.000000,0.760391,222.4793,0,1,clay,1.0000,0.500000,0,0,0.000000,0.000000,0.000000,0,nan,0.00,0.933984,0.2754,0.1199,0.493143,-0.5315,0.58,4.67,5.82,4.59,-2.373299,-13.7058,-0.4889,0.008000,0.072363,-0.4182,-0.150247,-0.067388,-0.116993,2398.0303236757345,642.7216162603556,2899.7379978643103,-118.60490831295905,0.446966,0.006808,6498.5,6122.1,0.058357,-0.068917,1.000000,3.4848,1.0000,,,,,
6.3960,1778670400.869822,533,11.304747,-0.482535,-0.124907,3.4038,0.1215,0.101354,11.270898,-0.443318,-0.129942,3.4135,11.325064,-0.483193,-0.124231,3.4698,0.1721,0.153903,0.127239,0.4873,11.325064,-0.483193,-0.066636,3.9127,1.000000,0.790676,222.1007,0,1,clay,1.0000,0.500000,0,0,0.000000,0.000000,0.000000,0,nan,0.00,0.956711,0.2737,0.1199,0.505143,-0.5220,0.58,4.65,5.82,4.57,-2.375218,-13.6356,-0.4991,0.008000,0.012502,0.4742,-0.137396,-0.074499,-0.123699,2084.56052944518,261.70844222193455,3180.7376340122582,-97.11949828882562,0.430257,0.008400,6500.9,6119.7,0.054222,-0.070682,-1.000000,3.4691,1.0000,,,,,
6.4080,1778670400.881615,534,11.289032,-0.432923,-0.123621,3.3370,0.1032,0.110031,11.311878,-0.444931,-0.128622,3.4020,11.308923,-0.433455,-0.122914,3.4443,0.1747,0.161617,0.142347,0.5109,11.308923,-0.433455,-0.059704,3.9127,-1.000000,0.790193,233.9849,0,1,clay,1.0000,0.500000,0,0,0.000000,0.000000,0.000000,0,nan,0.00,0.933984,0.2720,0.1198,0.493143,-0.5125,0.55,4.63,5.72,4.47,-2.376831,-13.5600,-0.5106,0.008000,0.040882,-0.0357,-0.149513,-0.071810,-0.114751,2396.310931084708,744.3660685111059,2880.2758336556317,-42.180919660555446,0.438429,0.011591,6497.1,6123.5,0.060844,-0.050289,1.000000,3.4435,1.0000,,,,,
6.4200,1778670400.893660,535,11.409819,-0.448210,-0.120052,3.2686,0.1367,0.113480,11.352764,-0.446285,-0.127258,3.3908,11.429322,-0.448583,-0.119332,3.4103,0.1773,0.162390,0.119848,0.4875,11.429322,-0.448583,-0.061425,3.9127,0.272326,0.812000,240.0058,0,1,clay,1.0000,0.500000,0,0,0.000000,0.000000,0.000000,0,nan,0.00,0.940173,0.2703,0.1197,0.496411,-0.5027,0.53,4.65,5.71,4.76,-2.378185,-13.4818,-0.5218,0.008000,0.081585,0.5127,-0.174544,-0.034559,-0.080874,2168.1779524876533,672.766920033972,3119.1828166996856,-36.77718415898673,0.420831,0.012689,6502.8,6117.8,0.050931,-0.031412,-1.000000,3.4097,1.0000,,,,,
6.4320,1778670400.905729,536,11.407301,-0.459183,-0.128942,3.4031,0.0197,0.124043,11.393535,-0.447326,-0.125796,3.3778,11.426847,-0.459754,-0.128180,3.4090,0.1633,0.169511,0.104636,0.4980,11.426847,-0.459754,-0.069953,3.9127,1.000000,0.833957,245.9842,0,1,clay,1.0000,0.500000,0,0,0.000000,0.000000,0.000000,0,nan,0.00,0.962900,0.2686,0.1194,0.508411,-0.4927,0.53,4.63,5.69,4.55,-2.403626,-12.1821,-0.5349,0.008000,0.053552,-0.2033,-0.161496,-0.127036,-0.143870,2552.4837849260844,328.6177181661118,2716.8885806598773,120.60280651567336,0.425752,0.021155,6506.6,6113.9,0.044154,-0.065312,0.272326,3.4084,1.0000,,,,,
6.4440,1778670400.917783,537,11.299361,-0.491143,-0.130228,3.3701,0.1189,0.124851,11.434235,-0.448107,-0.124290,3.3694,11.318835,-0.491638,-0.129431,3.4015,0.1705,0.176675,0.090037,0.5141,11.318835,-0.491638,-0.070495,3.9127,1.000000,0.857483,246.9497,0,1,clay,1.0000,0.500000,0,0,0.000000,0.000000,0.000000,0,nan,0.00,0.985627,0.2670,0.1190,0.520411,-0.4824,0.53,4.64,5.70,4.66,-2.404407,-12.0958,-0.5433,0.008000,0.100880,-0.5748,-0.159242,-0.126615,-0.127958,2228.3522175818216,35.61608124848368,2901.7589971509137,151.3172676627085,0.433266,0.022474,6510.4,6110.2,0.037657,-0.062420,1.000000,3.4010,1.0000,,,,,
6.4560,1778670400.929825,538,11.490660,-0.454734,-0.126984,3.3290,0.2345,0.125943,11.474848,-0.448658,-0.122749,3.3598,11.510125,-0.454955,-0.126153,3.3876,0.1968,0.183039,0.097459,0.5261,11.510125,-0.454955,-0.067570,3.9127,0.632397,0.875673,248.5188,0,1,clay,1.0000,0.500000,0,0,0.000000,0.000000,0.000000,0,nan,0.00,1.000000,0.2653,0.1185,0.528000,-0.4719,0.54,4.63,5.70,4.58,-2.404958,-12.0074,-0.5529,0.008000,0.069119,0.1114,-0.146699,-0.102291,-0.131513,2156.795711157597,842.8477306395832,2902.838257752289,46.83622882850162,0.434790,0.017098,6508.5,6112.0,0.040870,-0.047303,1.000000,3.3871,1.0000,,,,,
6.4680,1778670400.941719,539,11.481800,-0.389208,-0.115734,3.3383,0.1956,0.136843,11.515351,-0.448920,-0.121147,3.3486,11.501180,-0.389071,-0.114871,3.3781,0.2103,0.188978,0.079278,0.5316,11.501180,-0.389071,-0.051333,3.9127,0.000000,0.906882,254.8076,0,1,clay,1.0000,0.500000,0,0,0.000000,0.000000,0.000000,0,nan,0.00,1.000000,0.2637,0.1179,0.528000,-0.4611,0.53,4.61,5.68,4.51,-2.405220,-11.9157,-0.5640,0.008000,0.175390,0.2397,-0.143215,-0.096362,-0.143847,2170.341149409778,806.7113220926499,2792.479190204283,42.739745247870445,0.435158,0.016022,6513.1,6107.4,0.032803,-0.049945,0.632397,3.3776,1.0000,,,,,
6.4800,1778670400.953699,540,11.465290,-0.389645,-0.122645,3.4027,0.2549,0.141117,11.555729,-0.448883,-0.119471,3.3348,11.484621,-0.389481,-0.121758,3.3828,0.2303,0.193088,0.065490,0.5280,11.484621,-0.389481,-0.058285,3.9127,0.000000,0.945802,257.9056,0,1,clay,1.0000,0.500000,0,0,0.000000,0.000000,0.000000,0,nan,0.00,1.000000,0.2620,0.1172,0.528000,-0.4497,0.53,4.65,5.70,4.84,-2.405183,-11.8197,-0.5779,0.008000,0.075518,-0.6378,-0.137695,-0.090578,-0.153278,2266.880882134142,1037.2638190479652,2649.740504763019,-10.95201243302084,0.425929,0.012120,6516.7,6103.9,0.026647,-0.070228,0.000000,3.3825,1.0000,,,,,
6.4920,1778670400.965751,541,11.599527,-0.433956,-0.116620,3.3576,0.1411,0.142319,11.595994,-0.448582,-0.117750,3.3264,11.618946,-0.433647,-0.115702,3.3780,0.2274,0.197376,0.067039,0.5280,11.618946,-0.433647,-0.057375,3.9126,-0.481213,0.935320,251.5048,0,1,clay,1.0000,0.500000,0,0,0.000000,0.000000,0.000000,0,nan,0.00,0.989063,0.2604,0.1165,0.522225,-0.4385,0.53,4.68,5.73,4.86,-2.404882,-11.7210,-0.5862,0.008000,0.024829,-0.2188,-0.121535,-0.078666,-0.135685,2112.0491838917096,1219.2244292594094,2650.8692254913594,50.35651956050977,0.424574,0.015640,6516.4,6104.2,0.027220,-0.057927,0.000000,3.3776,1.0000,,,,,
6.5040,1778670400.977718,542,11.678594,-0.489151,-0.110441,3.2471,0.1420,0.145810,11.636177,-0.448025,-0.116001,3.3170,11.697909,-0.488692,-0.109501,3.3527,0.2237,0.199679,0.058718,0.5195,11.697909,-0.488692,-0.049367,3.9126,-0.863848,0.939588,260.0332,0,1,clay,1.0000,0.500000,0,0,0.000000,0.000000,0.000000,0,nan,0.00,0.969430,0.2588,0.1156,0.511859,-0.4272,0.52,4.70,5.73,4.83,-2.423425,-10.3869,-0.5956,0.008000,0.005723,-0.0917,-0.130169,-0.060726,-0.110385,2106.448926802763,1075.8647169684054,2779.3000294896246,112.20132316588958,0.416672,0.018894,6518.4,6102.1,0.023567,-0.025435,-0.481213,3.3524,1.0000,,,,,
6.5160,1778670400.989912,543,11.697679,-0.447523,-0.112567,3.3250,0.1923,0.148968,11.676254,-0.447216,-0.114213,3.3053,11.717195,-0.447029,-0.111599,3.3473,0.2293,0.201761,0.045916,0.5069,11.717195,-0.447029,-0.052342,3.9126,1.000000,0.968259,266.8287,0,1,clay,1.0000,0.500000,0,0,0.000000,0.000000,0.000000,0,nan,0.00,0.992158,0.2572,0.1147,0.523859,-0.4156,0.54,4.73,5.81,4.91,-2.422616,-10.2844,-0.6074,0.008000,0.043889,-0.3332,-0.111476,-0.073825,-0.134779,2230.973757987764,1073.7927689811752,2835.992625132512,129.2825355614142,0.401885,0.018862,6521.7,6098.9,0.017877,-0.045677,-0.863848,3.3471,1.0000,,,,,
6.5280,1778670401.001723,544,11.718845,-0.398538,-0.110980,3.2813,0.2851,0.153031,11.716222,-0.446116,-0.112352,3.2962,11.738304,-0.397817,-0.109981,3.3346,0.2537,0.208475,0.038864,0.5296,11.738304,-0.397817,-0.045120,3.9126,0.345061,1.009624,277.4572,0,1,clay,1.0000,0.500000,0,0,0.000000,0.000000,0.000000,0,nan,0.00,1.000000,0.2556,0.1136,0.528000,-0.4035,0.52,4.75,5.80,4.88,-2.421516,-10.1778,-0.6165,0.008000,0.072317,-0.4519,-0.087966,-0.065196,-0.143059,2350.4889348313864,1010.6527887316499,2847.4513980503125,44.16379394568165,0.404345,0.013903,6523.5,6097.0,0.014690,-0.036873,1.000000,3.3344,1.0000,,,,,
6.5400,1778670401.013763,545,11.759353,-0.321347,-0.097553,3.3232,0.1773,0.179219,11.756056,-0.444657,-0.110360,3.2822,11.778894,-0.320289,-0.096501,3.3321,0.2530,0.216078,-0.010753,0.5300,11.778894,-0.320289,-0.033724,3.9127,-0.000000,1.074679,275.7927,0,1,clay,1.0000,0.500000,0,0,0.000000,0.000000,0.000000,0,nan,0.00,1.000000,0.2541,0.1125,0.528000,-0.3906,0.53,4.72,5.77,4.53,-2.420057,-10.0637,-0.6305,0.008000,0.139611,0.7836,-0.087241,-0.054416,-0.135212,1862.0472956421895,198.5477803604929,2461.466016822008,217.56367188777637,0.404842,0.018713,6536.2,6084.4,-0.007336,-0.007451,0.345061,3.3322,1.0000,,,,,
6.5520,1778670401.025699,546,11.727692,-0.431027,-0.107950,3.2296,0.1666,0.188923,11.795726,-0.442689,-0.108127,3.2649,11.746984,-0.430119,-0.106863,3.3123,0.2492,0.222244,0.003791,0.5280,11.746984,-0.430119,-0.047398,3.9127,0.000000,1.067752,280.4475,0,1,clay,1.0000,0.500000,0,0,0.000000,0.000000,0.000000,0,nan,0.00,1.000000,0.2525,0.1113,0.528000,-0.3778,0.52,4.71,5.75,4.62,-2.418089,-9.9358,-0.6478,0.008000,0.088494,0.2185,-0.098158,-0.054829,-0.121892,2290.2484565751984,1178.6914852680675,2462.290858807266,296.93242119060096,0.400941,0.024308,6532.6,6088.0,-0.001060,-0.024657,-0.000000,3.3123,1.0000,,,,,
6.5640,1778670401.037776,547,11.791153,-0.529520,-0.110606,3.2785,0.3039,0.189914,11.835349,-0.440431,-0.105846,3.2660,11.810417,-0.528470,-0.109483,3.3059,0.2706,0.228114,0.014096,0.5280,11.810417,-0.528470,-0.053412,3.9127,-0.355620,1.044796,280.4366,0,1,clay,1.0000,0.500000,0,0,0.000000,0.000000,0.000000,0,nan,0.00,0.991918,0.2509,0.1100,0.523733,-0.3652,0.53,4.70,5.75,4.68,-2.415831,-9.8051,-0.6467,0.008000,0.101155,-0.1580,-0.091549,-0.051203,-0.123383,1926.6395918648855,332.04943671095185,2467.799138159484,211.81715232902008,0.390148,0.020852,6530.0,6090.6,0.003510,-0.058186,0.000000,3.3058,1.0000,,,,,
6.5760,1778670401.049671,548,11.863818,-0.536407,-0.108707,3.2915,0.2141,0.181149,11.874894,-0.438189,-0.103693,3.2534,11.882970,-0.535289,-0.107572,3.3030,0.2711,0.230158,0.001440,0.5217,11.882970,-0.535289,-0.051265,3.9128,-0.910660,1.056588,282.4350,0,1,clay,1.0000,0.500000,0,0,0.000000,0.000000,0.000000,0,nan,0.00,0.971221,0.2494,0.1086,0.512805,-0.3525,0.51,4.66,5.69,4.44,-2.413589,-9.6817,-0.6593,0.008000,0.160774,-0.7296,-0.082958,-0.060754,-0.124717,1725.7515496294282,1006.8034493916446,2503.6551145574203,261.18315608832836,0.383234,0.022423,6533.1,6087.4,-0.002007,-0.045059,-0.355620,3.3030,1.0000,,,,,
6.5880,1778670401.061746,549,11.930488,-0.379658,-0.113370,3.2963,0.2102,0.171474,11.914331,-0.435893,-0.101635,3.2460,11.949489,-0.378641,-0.112244,3.3017,0.2692,0.228567,-0.008227,0.5076,11.949489,-0.378641,-0.047088,3.9128,1.000000,1.101763,293.4593,0,1,clay,1.0000,0.500000,0,0,0.000000,0.000000,0.000000,0,nan,0.00,0.993948,0.2479,0.1072,0.524805,-0.3393,0.51,4.68,5.70,4.77,-2.424893,-8.3339,-0.6667,0.008000,0.102987,-0.6257,-0.087662,-0.075647,-0.128678,1405.0495710726514,515.1292099241136,2615.037541850998,287.7903796860178,0.371320,0.022946,6535.6,6085.0,-0.006284,-0.050468,-0.910660,3.3017,1.0000,,,,,
6.6000,1778670401.073797,550,11.932635,-0.392866,-0.090083,3.2115,0.2641,0.170394,11.953635,-0.433504,-0.099588,3.2340,11.951611,-0.391299,-0.088938,3.2841,0.2823,0.232756,-0.015072,0.5305,11.951611,-0.391299,-0.029881,3.9128,0.122317,1.118473,292.9122,0,1,clay,1.0000,0.500000,0,0,0.000000,0.000000,0.000000,0,nan,0.00,0.996728,0.2464,0.1056,0.526272,-0.3259,0.52,4.65,5.68,4.47,-2.422504,-8.2166,-0.6788,0.008000,0.038516,0.3370,-0.100466,-0.062190,-0.129378,1696.9474521479465,265.52906341333784,2784.3757368851966,241.84594591734225,0.378811,0.020200,6537.4,6083.2,-0.009434,-0.033338,1.000000,3.2843,1.0000,,,,,
6.6120,1778670401.085778,551,11.997882,-0.411011,-0.098849,3.2395,0.2411,0.171154,11.992782,-0.430987,-0.097538,3.2213,12.016723,-0.409585,-0.097706,3.2754,0.2858,0.232916,-0.021497,0.5270,12.016723,-0.409585,-0.037965,3.9126,0.143962,1.130971,298.5273,0,1,clay,1.0000,0.500000,0,0,0.000000,0.000000,0.000000,0,nan,0.00,1.000000,0.2449,0.1040,0.528000,-0.3123,0.52,4.64,5.68,4.61,-2.419987,-8.0992,-0.6913,0.008000,0.072291,-0.5338,-0.082999,-0.066908,-0.141801,1107.9857095463285,328.25415595282004,2370.705745487512,234.51409521839838,0.378117,0.019373,6539.0,6081.5,-0.012298,-0.046395,0.122317,3.2756,1.0000,,,,,
6.6240,1778670401.097734,552,12.004823,-0.518725,-0.096321,3.1282,0.3352,0.170900,12.031766,-0.428344,-0.095479,3.2067,12.023474,-0.517116,-0.095176,3.2468,0.3054,0.233494,-0.033902,0.5288,12.023474,-0.517116,-0.038314,3.9126,-0.953731,1.156351,312.3607,0,1,clay,1.0000,0.500000,0,0,0.000000,0.000000,0.000000,0,nan,0.00,0.978324,0.2434,0.1023,0.516555,-0.2985,0.51,4.63,5.66,4.58,-2.417344,-7.9812,-0.7059,0.008000,0.103016,-0.2807,-0.104875,-0.041544,-0.131024,1209.931133191966,572.7957993109991,2336.1821290202142,126.48742404147889,0.371659,0.013191,6542.2,6078.4,-0.017801,-0.016473,0.143962,3.2471,1.0000,,,,,
6.6360,1778670401.109747,553,12.052032,-0.389915,-0.088154,3.1893,0.2575,0.176968,12.070561,-0.425465,-0.093323,3.1837,12.070601,-0.388140,-0.087008,3.2356,0.3052,0.232087,-0.041297,0.5111,12.070601,-0.388140,-0.027125,3.9124,-0.178070,1.186652,317.8174,0,1,clay,1.0000,0.500000,0,0,0.000000,0.000000,0.000000,0,nan,0.00,0.974277,0.2419,0.1006,0.514418,-0.2842,0.52,4.63,5.67,4.62,-2.414465,-7.8576,-0.7286,0.008000,0.028078,0.0561,-0.102574,-0.053094,-0.134238,1538.6922561342544,-110.64118173372492,2490.0972756260853,138.05888111963088,0.358073,0.013362,6544.1,6076.5,-0.021129,-0.037129,-0.953731,3.2359,1.0000,,,,,
6.6480,1778670401.121696,554,12.179367,-0.429365,-0.093665,3.1944,0.2817,0.198727,12.109232,-0.422105,-0.090948,3.1766,12.197856,-0.427614,-0.092495,3.2275,0.3110,0.236449,-0.049950,0.5134,12.197856,-0.427614,-0.031433,3.9123,0.489161,1.226006,325.9270,0,1,clay,1.0000,0.500000,0,0,0.000000,0.000000,0.000000,0,nan,0.00,0.985395,0.2404,0.0987,0.520288,-0.2695,0.51,4.64,5.67,4.72,-2.411105,-7.7216,-0.7357,0.008000,0.150209,-1.0755,-0.103207,-0.045388,-0.130948,1419.8243693283155,1035.8274446647156,2295.506543751722,163.86268241929417,0.350813,0.014278,6546.3,6074.3,-0.025016,-0.052843,-0.178070,3.2278,1.0000,,,,,
6.6600,1778670401.133736,555,12.174937,-0.361329,-0.084825,3.2042,0.3083,0.190491,12.147724,-0.418727,-0.088647,3.1636,12.193441,-0.359316,-0.083633,3.2229,0.3219,0.240411,-0.061070,0.5231,12.193441,-0.359316,-0.017578,3.9122,0.642640,1.264230,330.4073,0,1,clay,1.0000,0.500000,0,0,0.000000,0.000000,0.000000,0,nan,0.00,1.000000,0.2389,0.0968,0.528000,-0.2543,0.51,4.62,5.65,4.50,-2.416027,-6.3416,-0.7487,0.008000,0.101555,-0.0107,-0.089455,-0.031781,-0.129017,856.7359282591765,-256.25674602508036,2414.777970233988,147.3499235081144,0.351849,0.012569,6549.2,6071.4,-0.030033,-0.057291,0.489161,3.2233,1.0000,,,,,
6.6720,1778670401.145743,556,12.206371,-0.451333,-0.088608,3.1700,0.2138,0.181534,12.186010,-0.415363,-0.086454,3.1486,12.224768,-0.449428,-0.087413,3.2126,0.3143,0.242070,-0.068365,0.5316,12.224768,-0.449428,-0.025556,3.9124,0.000000,1.288949,334.9656,0,1,clay,1.0000,0.500000,0,0,0.000000,0.000000,0.000000,0,nan,0.00,1.000000,0.2375,0.0948,0.528000,-0.2389,0.52,4.64,5.67,4.74,-2.412663,-6.2160,-0.7638,0.008000,0.078237,-0.1110,-0.094314,-0.057028,-0.135073,1036.490278976287,570.0088074055894,2510.4440664434273,228.196370819408,0.361675,0.015979,6551.1,6069.5,-0.033341,-0.056276,0.642640,3.2130,1.0000,,,,,
6.6840,1778670401.157829,557,12.192258,-0.351437,-0.078894,3.1054,0.2303,0.182338,12.224083,-0.411928,-0.084269,3.1303,12.210650,-0.349349,-0.077686,3.1917,0.3100,0.242394,-0.081758,0.5280,12.210650,-0.349349,-0.011319,3.9123,0.000000,1.325782,345.5913,0,1,clay,1.0000,0.500000,0,0,0.000000,0.000000,0.000000,0,nan,0.00,1.000000,0.2360,0.0927,0.528000,-0.2230,0.53,4.63,5.68,4.55,-2.409228,-6.0907,-0.7820,0.008000,0.158158,0.3244,-0.111012,-0.062200,-0.135062,821.5411092563706,665.1142664956886,2222.68817202085,284.0487917089462,0.361708,0.017900,6554.5,6066.0,-0.039339,-0.040955,0.000000,3.1921,1.0000,,,,,
6.6960,1778670401.169755,558,12.323620,-0.456001,-0.095002,3.0611,0.2699,0.181651,12.261923,-0.408346,-0.082072,3.1103,12.341892,-0.454175,-0.093794,3.1661,0.3133,0.242400,-0.108393,0.5280,12.341892,-0.454175,-0.030902,3.9140,0.000000,1.376931,362.2602,0,1,clay,1.0000,0.500000,0,0,0.000000,0.000000,0.000000,0,nan,0.00,1.000000,0.2346,0.0906,0.528000,-0.2064,0.53,4.61,5.68,4.52,-2.405646,-5.9648,-0.8037,0.008000,0.110164,-0.3217,-0.134053,-0.060912,-0.137100,808.1425627741671,989.3245222850533,2167.6686204727307,300.4602917994675,0.359006,0.017030,6561.3,6059.2,-0.051191,-0.036011,0.000000,3.1668,1.0000,,,,,
6.7080,1778670401.181770,559,12.319213,-0.363877,-0.080694,3.0844,0.2077,0.184574,12.299533,-0.404598,-0.079832,3.0918,12.337343,-0.361827,-0.079484,3.1501,0.3052,0.242801,-0.125729,0.5280,12.337343,-0.361827,-0.011906,3.9139,0.000000,1.433571,369.1032,0,1,clay,1.0000,0.500000,0,0,0.000000,0.000000,0.000000,0,nan,0.00,1.000000,0.2332,0.0883,0.528000,-0.1892,0.54,4.61,5.69,4.62,-2.401898,-5.8365,-0.8222,0.008000,0.035709,-0.8613,-0.131811,-0.076965,-0.136039,611.1814901150092,294.6479623188451,2138.350890857396,389.90782747893894,0.360469,0.020418,6565.8,6054.8,-0.058970,-0.049370,0.000000,3.1508,1.0000,,,,,
6.7200,1778670401.193870,560,12.348927,-0.467180,-0.070178,3.2038,0.3389,0.179001,12.336915,-0.400816,-0.077664,3.0739,12.367183,-0.464835,-0.068962,3.1603,0.3218,0.243008,-0.141737,0.5280,12.367183,-0.464835,-0.005864,3.9143,0.000000,1.474229,368.3987,0,1,clay,1.0000,0.500000,0,0,0.000000,0.000000,0.000000,0,nan,0.00,1.000000,0.2317,0.0860,0.528000,-0.1715,0.55,4.63,5.73,4.74,-2.398116,-5.7123,-0.8404,0.008000,0.090980,0.2427,-0.112207,-0.062733,-0.138904,672.3796130110433,1295.6111556459982,2117.644405220478,284.10882025967214,0.355577,0.014393,6569.9,6050.6,-0.066196,-0.091516,0.000000,3.1611,1.0000,,,,,
6.7320,1778670401.206476,561,12.422542,-0.380678,-0.078285,3.0507,0.2477,0.181342,12.374054,-0.397093,-0.075608,3.0573,12.440721,-0.378484,-0.077067,3.1388,0.3191,0.242936,-0.153704,0.5280,12.440721,-0.378484,-0.015728,3.9143,-0.691060,1.513884,378.6625,0,1,clay,1.0000,0.500000,0,0,0.000000,0.000000,0.000000,0,nan,0.00,0.984294,0.2303,0.0835,0.519707,-0.1534,0.54,4.63,5.72,4.64,-2.394393,-5.5945,-0.8569,0.008000,0.121453,-0.3700,-0.103738,-0.078209,-0.137492,569.1536753169476,670.8529532903686,2090.2731155233523,320.8347087855075,0.355262,0.015523,6573.0,6047.5,-0.071589,-0.048249,0.000000,3.1397,1.0000,,,,,
6.7440,1778670401.217705,562,12.493734,-0.366048,-0.074262,3.0183,0.2534,0.145984,12.411126,-0.393834,-0.073863,3.0551,12.511690,-0.363859,-0.073090,3.1154,0.3158,0.235114,-0.145867,0.5158,12.511690,-0.363859,-0.004862,3.9121,0.691060,1.547614,395.0039,0,1,clay,1.0000,0.500000,0,0,0.000000,0.000000,0.000000,0,nan,0.00,1.000000,0.2289,0.0810,0.528000,-0.1348,0.53,4.62,5.68,4.52,-2.393834,-4.2320,-0.8570,0.008000,0.096150,-0.5994,-0.115287,-0.082093,-0.147563,216.54758703695904,138.99412642955053,2096.7438992826187,259.34507603701843,0.349422,0.012371,6571.1,6049.5,-0.068213,-0.061805,-0.691060,3.1162,1.0000,,,,,
6.7560,1778670401.229940,563,12.455825,-0.480355,-0.069201,3.0706,0.2595,0.157746,12.447945,-0.390215,-0.071876,3.0306,12.473868,-0.478059,-0.068029,3.1063,0.3184,0.235231,-0.184782,0.5320,12.473868,-0.478059,-0.003561,3.9136,0.000000,1.593150,399.8464,0,1,clay,1.0000,0.500000,0,0,0.000000,0.000000,0.000000,0,nan,0.00,1.000000,0.2275,0.0784,0.528000,-0.1157,0.56,4.62,5.75,4.64,-2.390215,-4.1182,-0.8830,0.008000,0.115332,-0.0201,-0.115155,-0.087700,-0.154282,1263.0736383145795,488.0820104795258,2407.259960903401,255.14815167315646,0.358757,0.010634,6581.0,6039.6,-0.085513,-0.081741,0.691060,3.1074,1.0000,,,,,
6.7680,1778670401.241642,564,12.538101,-0.390188,-0.065438,3.0383,0.3128,0.179288,12.484548,-0.386258,-0.069721,3.0138,12.555961,-0.387768,-0.064266,3.0929,0.3270,0.235738,-0.194606,0.5280,12.555961,-0.387768,-0.001957,3.9097,-1.000000,1.638929,406.6456,0,1,clay,1.0000,0.500000,0,0,0.000000,0.000000,0.000000,0,nan,0.00,0.977273,0.2263,0.0747,0.516000,-0.0960,0.55,4.61,5.70,4.56,-2.386258,-3.9947,-0.8959,0.008000,0.076179,-0.3350,-0.122772,-0.086599,-0.156622,1537.3408184943837,2023.7474097156305,2022.571816008718,193.43959387206348,0.353946,0.008214,6583.6,6037.0,-0.089943,-0.089346,0.000000,3.0940,1.0000,,,,,
6.7800,1778670401.253796,565,12.581140,-0.382122,-0.066853,3.0401,0.2264,0.185909,12.520949,-0.382079,-0.067518,2.9965,12.598940,-0.379767,-0.065676,3.0824,0.3170,0.234892,-0.200975,0.5103,12.598940,-0.379767,-0.003391,3.9073,-0.786244,1.669307,416.1867,0,1,clay,1.0000,0.500000,0,0,0.000000,0.000000,0.000000,0,nan,0.00,0.959404,0.2252,0.0711,0.506565,-0.0760,0.55,4.60,5.70,4.56,-2.382079,-3.8685,-0.9108,0.008000,0.039177,-0.2090,-0.122131,-0.088028,-0.151073,1013.2902385154766,938.093306419793,1975.5633262353274,280.6922592393622,0.342679,0.012380,6585.2,6035.3,-0.092870,-0.094175,-1.000000,3.0836,1.0000,,,,,
6.7920,1778670401.265933,566,12.542515,-0.251325,-0.063124,3.0251,0.2747,0.185583,12.557143,-0.377729,-0.065288,2.9790,12.560342,-0.248865,-0.061934,3.0710,0.3180,0.235066,-0.218776,0.5021,12.560342,-0.248865,0.011588,3.9094,1.000000,1.717550,426.0883,0,1,clay,1.0000,0.500000,0,0,0.000000,0.000000,0.000000,0,nan,0.00,0.982131,0.2242,0.0677,0.518565,-0.0554,0.57,4.60,5.74,4.56,-2.377729,-3.7407,-0.9304,0.008000,0.054012,-0.5544,-0.111227,-0.082020,-0.146699,1222.4385420213746,660.9889487412878,1875.677047133825,299.41780384851785,0.330757,0.012696,6589.8,6030.8,-0.100830,-0.094608,-0.786244,3.0723,1.0000,,,,,
6.8040,1778670401.277637,567,12.548134,-0.426080,-0.056483,2.8920,0.2560,0.191485,12.593097,-0.373134,-0.062979,2.9569,12.565616,-0.423480,-0.055282,3.0360,0.3189,0.239606,-0.234710,0.5243,12.565616,-0.423480,0.009053,3.9091,0.775785,1.745603,443.3009,0,1,clay,1.0000,0.500000,0,0,0.000000,0.000000,0.000000,0,nan,0.00,0.999762,0.2234,0.0644,0.527874,-0.0344,0.55,4.59,5.69,4.54,-2.373134,-3.6084,-0.9522,0.008000,0.117040,0.7489,-0.117921,-0.086728,-0.142214,1131.6995843837658,65.90081580394292,2614.9622890894348,351.85804923782484,0.339839,0.014897,6593.9,6026.7,-0.107956,-0.056119,1.000000,3.0374,1.0000,,,,,
6.8160,1778670401.289699,568,12.631659,-0.342680,-0.064628,2.8780,0.2602,0.194498,12.628789,-0.368456,-0.060666,2.9377,12.648893,-0.340197,-0.063417,3.0051,0.3194,0.242719,-0.245083,0.5323,12.648893,-0.340197,0.006375,3.9059,0.010458,1.797859,463.5699,0,1,clay,1.0000,0.500000,0,0,0.000000,0.000000,0.000000,0,nan,0.00,1.000000,0.2226,0.0613,0.528000,-0.0129,0.54,4.60,5.68,4.68,-2.365756,-2.2134,-0.9681,0.008000,0.035484,-0.5400,-0.130983,-0.082074,-0.136016,924.6954817276167,779.1650284004619,2437.722036757728,389.80869046405564,0.346028,0.016786,6596.5,6024.0,-0.112582,-0.052786,0.775785,3.0065,1.0000,,,,,
6.8280,1778670401.301843,569,12.676431,-0.339778,-0.061075,2.9397,0.2413,0.192228,12.664235,-0.363731,-0.058377,2.9175,12.693636,-0.337229,-0.059851,2.9921,0.3156,0.243760,-0.260277,0.5281,12.693636,-0.337229,0.010066,3.9068,0.000000,1.841859,478.0945,0,1,clay,1.0000,0.500000,0,0,0.000000,0.000000,0.000000,0,nan,0.00,1.000000,0.2220,0.0584,0.528000,0.0092,0.54,4.61,5.69,4.65,-2.361031,-2.0823,-0.9893,0.008000,0.076895,-0.9404,-0.152481,-0.099535,-0.135795,558.0204755252735,-199.10198437757685,1928.4938278946456,448.0985567671228,0.345715,0.019231,6600.5,6020.1,-0.119436,-0.085136,0.010458,2.9936,1.0000,,,,,
6.8400,1778670401.313714,570,12.688743,-0.312637,-0.056051,2.8306,0.2254,0.218338,12.699373,-0.358437,-0.055781,2.8910,12.705756,-0.309976,-0.054795,2.9606,0.3097,0.248459,-0.248937,0.5280,12.705756,-0.309976,0.014977,3.9076,-0.000000,1.859192,492.7777,0,1,clay,1.0000,0.500000,0,0,0.000000,0.000000,0.000000,0,nan,0.00,1.000000,0.2216,0.0556,0.528000,0.0316,0.54,4.59,5.67,4.50,-2.355737,-1.9336,-1.0166,0.008000,0.073716,-0.1878,-0.161403,-0.101757,-0.124694,1334.134160311109,1290.0607847181009,1932.1331168182382,548.0335832246876,0.342465,0.025324,6597.7,6022.9,-0.114540,-0.064805,0.000000,2.9620,1.0000,,,,,
6.8520,1778670401.325768,571,12.799643,-0.353738,-0.051769,2.8863,0.3377,0.210030,12.734344,-0.353053,-0.053253,2.8780,12.816525,-0.350890,-0.050499,2.9458,0.3243,0.251139,-0.267111,0.5280,12.816525,-0.350890,0.020655,3.9272,0.000000,1.903845,506.3803,0,1,clay,1.0000,0.500000,0,0,0.000000,0.000000,0.000000,0,nan,0.00,1.000000,0.2212,0.0529,0.528000,0.0544,0.54,4.63,5.70,4.81,-2.350353,-1.7887,-1.0492,0.008000,0.045694,-0.1255,-0.153378,-0.088197,-0.122173,687.1326513186939,1295.0291056623687,1907.2049390878055,482.68802554613904,0.334198,0.021920,6602.3,6018.3,-0.122596,-0.085238,-0.000000,2.9474,1.0000,,,,,
6.8640,1778670401.338000,572,12.768017,-0.381257,-0.053878,2.8724,0.2484,0.194910,12.769066,-0.347897,-0.050920,2.8601,12.785070,-0.378414,-0.052586,2.9312,0.3215,0.251658,-0.283132,0.5280,12.785070,-0.378414,0.012538,3.9195,-0.000000,1.937619,517.7054,0,1,clay,1.0000,0.500000,0,0,0.000000,0.000000,0.000000,0,nan,0.00,1.000000,0.2209,0.0504,0.528000,0.0777,0.57,4.72,5.85,5.24,-2.345197,-1.6550,-1.0594,0.008000,0.053023,-0.5370,-0.154945,-0.092638,-0.118349,-771.4962886918491,149.98396304187077,1880.1627623777226,537.2403703318823,0.334506,0.023351,6606.4,6014.1,-0.129852,-0.078100,0.000000,2.9329,1.0000,,,,,
6.8760,1778670401.349823,573,12.796653,-0.306630,-0.054455,2.8412,0.3037,0.189217,12.803536,-0.342898,-0.048668,2.8419,12.813908,-0.303702,-0.053145,2.9134,0.3290,0.251478,-0.292567,0.5280,12.813908,-0.303702,0.017389,3.9265,0.000000,1.970545,530.0037,0,1,clay,1.0000,0.500000,0,0,0.000000,0.000000,0.000000,0,nan,0.00,1.000000,0.2233,0.0479,0.528000,0.1013,0.57,4.68,5.82,4.48,-2.340198,-1.5260,-1.0846,0.008000,0.079112,-0.7886,-0.158282,-0.086283,-0.111344,-432.8141081376994,680.1203013452363,1863.7516788010826,475.32985255011687,0.331415,0.020255,6608.9,6011.6,-0.134191,-0.075653,-0.000000,2.9151,1.0000,,,,,
6.8880,1778670401.361789,574,12.883812,-0.259941,-0.040431,2.8231,0.3179,0.177874,12.837749,-0.337980,-0.046498,2.8217,12.900834,-0.256764,-0.039145,2.8955,0.3364,0.248593,-0.306679,0.5280,12.900834,-0.256764,0.038282,3.9507,0.000000,2.000000,547.9039,0,1,clay,1.0000,0.500000,0,0,0.000000,0.000000,0.000000,0,nan,0.00,1.000000,0.2263,0.0456,0.528000,0.1253,0.57,4.65,5.80,4.47,-2.335280,-1.4017,-1.1289,0.008000,0.076281,0.1006,-0.164990,-0.074560,-0.116895,76.07778618237072,-120.9862740924217,1846.7682291981862,382.3048567672039,0.328909,0.015506,6612.5,6008.0,-0.140481,-0.077620,0.000000,2.8973,1.0000,,,,,
6.9000,1778670401.373783,575,12.878893,-0.292754,-0.045794,2.8220,0.2414,0.179544,12.871697,-0.333063,-0.044343,2.8000,12.895764,-0.289742,-0.044526,2.8810,0.3293,0.246378,-0.302750,0.5280,12.895764,-0.289742,0.026138,3.9493,-0.000000,2.000000,554.4055,0,1,clay,1.0000,0.500000,0,0,0.000000,0.000000,0.000000,0,nan,0.00,1.000000,0.2299,0.0435,0.528000,0.1493,0.58,4.63,5.78,4.51,-2.330363,-1.2782,-1.1494,0.008000,0.094303,-0.4221,-0.166355,-0.090927,-0.125121,214.7440951409146,210.69237811519787,1842.4716837753326,407.7289672577995,0.331620,0.016964,6611.6,6009.0,-0.138798,-0.084576,0.000000,2.8827,1.0000,,,,,
6.9120,1778670401.385877,576,12.917881,-0.309319,-0.049080,2.7956,0.1805,0.178369,12.905379,-0.328118,-0.042198,2.7782,12.934670,-0.306472,-0.047822,2.8640,0.3133,0.244482,-0.319134,0.5280,12.934670,-0.306472,0.023743,3.9593,0.000000,2.000000,569.2952,0,1,clay,1.0000,0.500000,0,0,0.000000,0.000000,0.000000,0,nan,0.00,1.000000,0.2340,0.0414,0.528000,0.1733,0.59,4.62,5.80,4.57,-2.317118,0.0928,-1.1811,0.008000,0.075774,-1.0175,-0.146658,-0.104711,-0.121117,188.80229417435842,1145.6220687770056,1824.4455771954613,530.4228872046831,0.337574,0.022156,6615.7,6004.8,-0.146036,-0.084652,-0.000000,2.8659,1.0000,,,,,
6.9240,1778670401.397776,577,12.895764,-0.333105,-0.046575,2.6980,0.2050,0.174753,12.938788,-0.323166,-0.040101,2.7571,12.912258,-0.330301,-0.045339,2.8315,0.3041,0.241819,-0.327095,0.5280,12.912258,-0.330301,0.027817,3.9537,0.000000,2.000000,590.4494,0,1,clay,1.0000,0.500000,0,0,0.000000,0.000000,0.000000,0,nan,0.00,1.000000,0.2386,0.0394,0.528000,0.1973,0.58,4.59,5.74,4.40,-2.312166,0.2130,-1.1966,0.008000,0.073097,-0.4257,-0.147225,-0.113486,-0.120836,262.3861465391842,993.8093442071205,1809.0095385015602,587.5490789905725,0.339993,0.024470,6617.7,6002.8,-0.149521,-0.058859,0.000000,2.8334,1.0000,,,,,
6.9360,1778670401.409769,578,12.993285,-0.375593,-0.040299,2.7637,0.3127,0.172521,12.971907,-0.318055,-0.037955,2.7326,13.009530,-0.372664,-0.039088,2.8179,0.3149,0.239434,-0.349536,0.5280,13.009530,-0.372664,0.035492,3.9713,-0.000000,2.000000,604.2251,0,1,clay,1.0000,0.500000,0,0,0.000000,0.000000,0.000000,0,nan,0.00,1.000000,0.2437,0.0375,0.528000,0.2213,0.56,4.57,5.69,4.44,-2.307055,0.3360,-1.2387,0.008000,0.090826,-0.2764,-0.146158,-0.098122,-0.120812,1350.232676221281,2230.94327084553,1792.424406757421,453.7685617602554,0.335909,0.018605,6623.4,5997.2,-0.159382,-0.083414,0.000000,2.8199,1.0000,,,,,
6.9480,1778670401.421757,579,12.959919,-0.268200,-0.037942,2.6604,0.3417,0.172596,13.004799,-0.312806,-0.035842,2.7166,12.975911,-0.265172,-0.036748,2.7870,0.3286,0.237420,-0.357841,0.5280,12.975911,-0.265172,0.035270,3.9674,0.000000,2.000000,626.8425,0,1,clay,1.0000,0.500000,0,0,0.000000,0.000000,0.000000,0,nan,0.00,1.000000,0.2493,0.0357,0.528000,0.2453,0.56,4.56,5.69,4.52,-2.301806,0.4570,-1.2508,0.008000,0.047296,-0.4580,-0.146673,-0.076293,-0.122217,895.2955061185905,2698.826630743426,1779.9846734308894,303.33727961808137,0.329284,0.011930,6625.5,5995.1,-0.163026,-0.043100,-0.000000,2.7890,1.0000,,,,,
6.9600,1778670401.433751,580,13.094901,-0.295318,-0.033777,2.7325,0.1798,0.161349,13.037480,-0.307715,-0.033895,2.6997,13.110808,-0.292352,-0.032602,2.7759,0.3123,0.234243,-0.373456,0.5280,13.110808,-0.292352,0.040216,3.9698,0.000000,2.000000,640.5191,0,1,clay,1.0000,0.500000,0,0,0.000000,0.000000,0.000000,0,nan,0.00,1.000000,0.2553,0.0340,0.528000,0.2693,0.57,4.56,5.69,4.53,-2.296715,0.5686,-1.2701,0.008000,0.019869,-0.4809,-0.141052,-0.107495,-0.128739,-632.9324268693892,750.5784204571371,1774.7521968975084,409.3903476275247,0.336890,0.016343,6629.4,5991.1,-0.169919,-0.056753,0.000000,2.7781,1.0000,,,,,
6.9720,1778670401.445793,581,13.037821,-0.332812,-0.030281,2.6138,0.2392,0.138316,13.069960,-0.302958,-0.032136,2.6903,13.053517,-0.329870,-0.029146,2.7443,0.3090,0.227894,-0.351085,0.5280,13.053517,-0.329870,0.045831,3.9724,0.000000,2.000000,656.5515,0,1,clay,1.0000,0.500000,0,0,0.000000,0.000000,0.000000,0,nan,0.00,1.000000,0.2617,0.0323,0.528000,0.2933,0.56,4.55,5.68,4.55,-2.291958,0.6694,-1.2821,0.008000,0.045611,-0.1639,-0.156615,-0.109194,-0.135308,-882.8993387314937,374.436387946732,1794.34503469952,348.62161003436904,0.340029,0.013135,6623.8,5996.8,-0.160036,-0.026456,0.000000,2.7463,1.0000,,,,,
6.9840,1778670401.457743,582,13.152202,-0.205193,-0.033457,2.6597,0.2061,0.143818,13.102264,-0.298229,-0.030392,2.6638,13.167745,-0.202399,-0.032353,2.7274,0.3006,0.223535,-0.369682,0.5280,13.167745,-0.202399,0.047088,3.9669,0.000000,2.000000,684.5549,0,1,clay,1.0000,0.500000,0,0,0.000000,0.000000,0.000000,0,nan,0.00,1.000000,0.2686,0.0308,0.528000,0.3173,0.55,4.54,5.64,4.45,-2.287229,0.7693,-1.3031,0.008000,0.059540,-0.3128,-0.154613,-0.123554,-0.140100,1502.200949531299,-1467.0327904312444,1774.4159207067582,349.8495075266877,0.344871,0.013471,6628.5,5992.1,-0.168226,-0.039354,0.000000,2.7295,1.0000,,,,,
6.9960,1778670401.469704,583,13.098528,-0.331944,-0.027921,2.6554,0.3170,0.148365,13.134352,-0.293427,-0.028637,2.6567,13.113904,-0.329029,-0.026838,2.7134,0.3127,0.220785,-0.306042,0.5280,13.113904,-0.329029,0.048790,3.9697,0.000000,2.000000,680.3337,0,1,clay,1.0000,0.500000,0,0,0.000000,0.000000,0.000000,0,nan,0.00,1.000000,0.2759,0.0293,0.528000,0.3413,0.55,4.52,5.61,4.41,-2.268827,2.0998,-1.3129,0.008000,0.166560,-0.7812,-0.149663,-0.115241,-0.142673,600.2134682540748,2139.1494650988066,1786.6341878262047,166.35610289978268,0.340630,0.006397,6612.3,6008.2,-0.140104,-0.025803,0.000000,2.7152,1.0000,,,,,
7.0080,1778670401.481805,584,13.124652,-0.282854,-0.023911,2.6914,0.1819,0.133935,13.166256,-0.288759,-0.027009,2.6407,13.139960,-0.280003,-0.022858,2.7088,0.2996,0.216404,-0.310754,0.5280,13.139960,-0.280003,0.051172,3.9681,-0.000000,2.000000,680.7347,0,1,clay,1.0000,0.500000,0,0,0.000000,0.000000,0.000000,0,nan,0.00,1.000000,0.2835,0.0279,0.528000,0.3653,0.55,4.51,5.61,4.43,-2.264159,2.1930,-1.3274,0.008000,0.081739,-0.2305,-0.140099,-0.123538,-0.145176,83.53869380199741,1958.6302863363726,1790.5696787490278,221.76571801246223,0.348568,0.008522,6613.5,6007.1,-0.142175,-0.038888,0.000000,2.7106,1.0000,,,,,
7.0200,1778670401.493780,585,13.176847,-0.281020,-0.021571,2.5801,0.2123,0.136691,13.197939,-0.284064,-0.025401,2.6227,13.191988,-0.278197,-0.020539,2.6835,0.2940,0.213041,-0.317679,0.5280,13.191988,-0.278197,0.053961,3.9665,0.000000,2.000000,706.9525,0,1,clay,1.0000,0.500000,0,0,0.000000,0.000000,0.000000,0,nan,0.00,1.000000,0.2915,0.0266,0.528000,0.3893,0.56,4.52,5.63,4.58,-2.259464,2.2852,-1.3438,0.008000,0.057004,0.1033,-0.146758,-0.118661,-0.141217,370.74833791129674,200.90505910982222,1778.940748469136,218.81355463163266,0.351214,0.008469,6615.3,6005.3,-0.145227,0.009010,-0.000000,2.6853,1.0000,,,,,
7.0320,1778670401.505767,586,13.229968,-0.235402,-0.020630,2.5755,0.2518,0.136088,13.229418,-0.279304,-0.023759,2.6023,13.244995,-0.232573,-0.019613,2.6624,0.2963,0.210357,-0.285817,0.5280,13.244995,-0.232573,0.062473,3.9698,0.000000,2.000000,721.1222,0,1,clay,1.0000,0.500000,0,0,0.000000,0.000000,0.000000,0,nan,0.00,1.000000,0.2998,0.0253,0.528000,0.4133,0.55,4.51,5.61,4.44,-2.254704,2.3793,-1.3675,0.008000,0.049946,0.0302,-0.134681,-0.107187,-0.136762,-415.1214600109472,-1639.3493142776956,1784.7302521759786,135.19846634729842,0.350616,0.005486,6607.2,6013.4,-0.131162,0.015281,0.000000,2.6641,1.0000,,,,,
7.0440,1778670401.517808,587,13.270769,-0.245386,-0.021757,2.6278,0.2762,0.149579,13.260835,-0.274089,-0.021851,2.6051,13.285755,-0.242538,-0.020740,2.6557,0.3024,0.210362,-0.232752,0.5280,13.285755,-0.242538,0.061808,3.9775,0.000000,2.000000,722.1284,0,1,clay,1.0000,0.500000,0,0,0.000000,0.000000,0.000000,0,nan,0.00,1.000000,0.3084,0.0241,0.528000,0.4373,0.56,4.55,5.66,4.80,-2.249489,2.4886,-1.3724,0.008000,0.072510,-0.3789,-0.125869,-0.107501,-0.134906,1301.7603486798491,933.9197931950132,1809.3066598966236,38.59567388751087,0.347555,0.002938,6593.8,6026.8,-0.107729,-0.022934,0.000000,2.6571,1.0000,,,,,
7.0560,1778670401.529823,588,13.273182,-0.313013,-0.014143,2.6166,0.2282,0.181265,13.292157,-0.268335,-0.019658,2.5988,13.288274,-0.309982,-0.013081,2.6482,0.2996,0.215644,-0.177458,0.5280,13.288274,-0.309982,0.063102,3.9781,-0.000000,1.978694,722.2109,0,1,clay,1.0000,0.500000,0,0,0.000000,0.000000,0.000000,0,nan,0.00,1.000000,0.3174,0.0229,0.528000,0.4610,0.57,4.52,5.66,4.38,-2.243735,2.6142,-1.3793,0.008000,0.109416,-0.0651,-0.101953,-0.118842,-0.130969,653.3284456426347,1629.9585426031936,1851.0398290735375,81.05778303003689,0.344754,0.008335,6579.8,6040.8,-0.083372,-0.020039,0.000000,2.6492,1.0000,,,,,
7.0680,1778670401.541774,589,13.338680,-0.283935,-0.016930,2.5190,0.2330,0.151647,13.323404,-0.262722,-0.017657,2.5929,13.353586,-0.280974,-0.015878,2.6230,0.2974,0.214503,-0.165174,0.5280,13.353586,-0.280974,0.068844,3.9973,0.000000,1.967547,745.8139,0,1,clay,1.0000,0.500000,0,0,0.000000,0.000000,0.000000,0,nan,0.00,1.000000,0.3266,0.0218,0.528000,0.4847,0.57,4.53,5.67,4.58,-2.238122,2.7289,-1.4044,0.008000,0.072991,-0.4441,-0.114567,-0.108808,-0.124711,-1221.588443327214,1029.7575915727818,1869.5592033515995,83.9145088246182,0.344198,0.008712,6576.6,6043.9,-0.077877,0.019751,-0.000000,2.6240,1.0000,,,,,
7.0800,1778670401.553764,590,13.473940,-0.164101,-0.020050,2.5795,0.1965,0.130680,13.354550,-0.257775,-0.016067,2.5843,13.488831,-0.161264,-0.019019,2.6146,0.2898,0.210822,-0.131084,0.5280,13.488831,-0.161264,0.070994,4.0325,0.000000,1.943697,757.3577,0,1,clay,1.0000,0.500000,0,0,0.000000,0.000000,0.000000,0,nan,0.00,1.000000,0.3362,0.0208,0.528000,0.5080,0.57,4.53,5.67,4.52,-2.233175,2.8200,-1.4482,0.008000,0.179028,-0.7846,-0.093767,-0.112011,-0.124895,-2362.866489209862,860.1815731443901,1923.6931311264434,49.44828000583634,0.349559,0.009036,6568.0,6052.6,-0.062806,0.002189,0.000000,2.6154,1.0000,,,,,
7.0920,1778670401.565835,591,13.366273,-0.267590,-0.016917,2.5195,0.2209,0.107672,13.385628,-0.253343,-0.014717,2.5815,13.381056,-0.264783,-0.015928,2.5961,0.2876,0.204239,-0.115346,0.5280,13.381056,-0.264783,0.068956,4.0062,0.000000,1.901031,763.2780,0,1,clay,1.0000,0.500000,0,0,0.000000,0.000000,0.000000,0,nan,0.00,1.000000,0.3459,0.0198,0.528000,0.5308,0.57,4.52,5.66,4.43,-2.209643,4.1313,-1.4247,0.008000,0.144122,-0.3964,-0.093610,-0.109790,-0.125516,-1888.3388474882954,127.19358974325928,1956.5757410959295,-54.97964523480003,0.354040,0.004593,6564.0,6056.6,-0.055800,0.020371,0.000000,2.5968,1.0000,,,,,
7.1040,1778670401.577747,592,13.445398,-0.208492,-0.014109,2.4835,0.1892,0.097607,13.416645,-0.249307,-0.013548,2.5791,13.460005,-0.205764,-0.013167,2.5743,0.2803,0.197120,-0.096272,0.5280,13.460005,-0.205764,0.069811,4.0279,-0.000000,1.877671,779.1419,0,1,clay,1.0000,0.500000,0,0,0.000000,0.000000,0.000000,0,nan,0.00,1.000000,0.3559,0.0188,0.528000,0.5533,0.57,4.52,5.66,4.52,-2.205607,4.1982,-1.4488,0.008000,0.084605,-0.5357,-0.107927,-0.121899,-0.141602,-2430.001763993542,-204.0199085974226,1992.3903969468925,-132.13303846560697,0.360738,0.002054,6559.1,6061.5,-0.047257,0.036703,0.000000,2.5749,1.0000,,,,,
7.1160,1778670401.589778,593,13.500566,-0.348443,-0.019280,2.5726,0.2239,0.087282,13.447622,-0.245637,-0.012491,2.5765,13.515193,-0.345857,-0.018381,2.5740,0.2806,0.190323,-0.069743,0.5280,13.515193,-0.345857,0.060535,4.0342,0.000000,1.833976,782.4022,0,1,clay,1.0000,0.500000,0,0,0.000000,0.000000,0.000000,0,nan,0.00,1.000000,0.3661,0.0179,0.528000,0.5753,0.57,4.51,5.66,4.50,-2.201937,4.2588,-1.4578,0.008000,0.154297,-1.0349,-0.103292,-0.117754,-0.143908,-2945.5813577693198,-421.82315888472044,2059.155108273621,-271.9992962969502,0.365962,-0.003963,6552.3,6068.2,-0.035488,0.005466,-0.000000,2.5744,1.0000,,,,,
7.1280,1778670401.603349,594,13.349656,-0.274024,-0.014707,2.6797,0.1776,0.076872,13.478553,-0.242296,-0.011551,2.5729,13.364430,-0.271483,-0.013850,2.5945,0.2733,0.183657,-0.053884,0.5280,13.364430,-0.271483,0.071374,4.0008,-0.000000,1.790186,756.6451,0,1,clay,1.0000,0.500000,0,0,0.000000,0.000000,0.000000,0,nan,0.00,1.000000,0.3765,0.0171,0.528000,0.5968,0.58,4.55,5.72,4.75,-2.198596,4.3127,-1.4280,0.008000,0.124408,-0.8865,-0.056928,-0.120940,-0.147835,-2156.389293965896,-888.0494246729189,2123.1778022821463,-334.34119520514184,0.376004,-0.006618,6548.2,6072.3,-0.028391,-0.060361,0.000000,2.5948,1.0000,,,,,
7.1400,1778670401.613902,595,13.542652,-0.240815,-0.008295,2.6298,0.2442,0.098178,13.509498,-0.238826,-0.010447,2.5726,13.557600,-0.238141,-0.007443,2.6011,0.2791,0.181880,-0.075508,0.5280,13.557600,-0.238141,0.075406,4.0328,-0.000000,1.800486,762.5872,0,1,clay,1.0000,0.500000,0,0,0.000000,0.000000,0.000000,0,nan,0.00,1.000000,0.3870,0.0162,0.528000,0.6184,0.59,4.56,5.75,4.60,-2.195126,4.3759,-1.4602,0.008000,0.072633,-0.5568,-0.032264,-0.113894,-0.152700,-10.562878538988755,1103.5880975457042,2058.7741918528163,-370.18355123635956,0.376163,-0.011011,6553.7,6066.9,-0.037875,0.002045,-0.000000,2.6016,1.0000,,,,,
7.1520,1778670401.625780,596,13.513009,-0.226238,-0.010818,2.6118,0.1900,0.116324,13.540459,-0.234952,-0.009094,2.5775,13.527959,-0.223630,-0.009964,2.6033,0.2740,0.182458,-0.047358,0.5280,13.527959,-0.223630,0.072433,4.0343,0.000000,1.777547,756.2054,0,1,clay,1.0000,0.500000,0,0,0.000000,0.000000,0.000000,0,nan,0.00,1.000000,0.3977,0.0155,0.528000,0.6398,0.59,4.55,5.72,4.50,-2.191252,4.4534,-1.4567,0.008000,0.057929,-0.6368,-0.028868,-0.123956,-0.158970,-281.5997827569853,-337.3439337649746,2119.9578675420353,-368.8768571979923,0.377935,-0.008216,6546.6,6074.0,-0.025467,0.009144,-0.000000,2.6036,1.0000,,,,,
7.1640,1778670401.637800,597,13.620401,-0.259183,-0.010524,2.6373,0.1332,0.128095,13.571429,-0.230730,-0.007568,2.5790,13.635370,-0.256634,-0.009655,2.6100,0.2603,0.184649,-0.016640,0.5280,13.635370,-0.256634,0.073301,4.0250,-0.000000,1.738868,754.2936,0,1,clay,1.0000,0.500000,0,0,0.000000,0.000000,0.000000,0,nan,0.00,1.000000,0.4086,0.0147,0.528000,0.6606,0.59,4.54,5.72,4.48,-2.187030,4.5409,-1.4460,0.008000,0.067056,-1.0890,-0.020347,-0.138444,-0.164845,-183.69622446460076,1724.422529364595,2200.250601156099,-291.75884926781725,0.382393,-0.000257,6538.8,6081.8,-0.011841,0.002464,0.000000,2.6101,1.0000,,,,,
7.1760,1778670401.649947,598,13.566954,-0.241496,-0.005024,2.5853,0.1420,0.127177,13.602425,-0.226474,-0.006033,2.5822,13.581958,-0.238890,-0.004139,2.6053,0.2510,0.186521,0.005935,0.5280,13.581958,-0.238890,0.078445,4.0305,-0.061893,1.700964,752.2654,0,1,clay,1.0000,0.500000,0,0,0.000000,0.000000,0.000000,0,nan,0.00,0.998593,0.4195,0.0140,0.527257,0.6810,0.61,4.53,5.75,4.50,-2.182774,4.6288,-1.4483,0.008000,0.054274,-0.6071,-0.001232,-0.148280,-0.166476,-903.5046146636098,1213.6066258552394,2268.539028599957,-241.20688715875087,0.384905,0.005389,6533.0,6087.6,-0.001797,0.022044,-0.000000,2.6053,1.0000,,,,,
7.1880,1778670401.661745,599,13.547738,-0.217136,0.001017,2.5465,0.2614,0.087596,13.633448,-0.222413,-0.004634,2.5847,13.562572,-0.214431,0.001865,2.5941,0.2629,0.181442,0.034405,0.5269,13.562572,-0.214431,0.083861,4.0324,-0.079945,1.644268,757.3063,0,1,clay,1.0000,0.500000,0,0,0.000000,0.000000,0.000000,0,nan,0.00,0.996776,0.4306,0.0133,0.526298,0.7008,0.59,4.53,5.72,4.54,-2.154313,5.9250,-1.4477,0.008000,0.233601,-0.0599,-0.007588,-0.127321,-0.173952,-2068.6696150181097,1701.2936244701257,2394.4810593965944,-436.0985584870191,0.381676,-0.003968,6525.7,6094.8,0.010895,0.037391,-0.061893,2.5939,1.0000,,,,,
7.2000,1778670401.673885,600,13.630386,-0.257955,-0.004642,2.5407,0.1782,0.047549,13.664425,-0.219503,-0.003936,2.5794,13.645214,-0.255453,-0.003855,2.5838,0.2588,0.171696,0.040748,0.5258,13.645214,-0.255453,0.079764,4.0242,-0.081466,1.624664,769.7634,0,1,clay,1.0000,0.500000,0,0,0.000000,0.000000,0.000000,0,nan,0.00,0.994925,0.4417,0.0127,0.525320,0.7203,0.60,4.53,5.74,4.54,-2.151403,5.9649,-1.4448,0.008000,0.051643,-0.5236,-0.000992,-0.128283,-0.187922,-3210.5860993197884,-1285.383819037308,2457.0081769245653,-544.0456074308668,0.389423,-0.010475,6524.0,6096.5,0.013828,0.038219,-0.079945,2.5836,1.0000,,,,,
7.2120,1778670401.685889,601,13.726383,-0.218732,-0.009139,2.5507,0.1033,0.018157,13.695363,-0.217422,-0.003646,2.5759,13.741199,-0.216520,-0.008432,2.5775,0.2429,0.159348,0.051320,0.5249,13.741199,-0.216520,0.073507,4.0309,-0.048918,1.605827,779.0829,0,1,clay,1.0000,0.500000,0,0,0.000000,0.000000,0.000000,0,nan,0.00,0.993813,0.4529,0.0121,0.524733,0.7395,0.60,4.52,5.73,4.47,-2.149322,5.9816,-1.4550,0.008000,0.069436,-0.8987,0.012566,-0.140511,-0.202106,-2844.094625749789,-1882.8854670897308,2523.533673709062,-607.848290216425,0.404630,-0.013893,6521.3,6099.2,0.018542,0.031069,-0.081466,2.5772,1.0000,,,,,
7.2240,1778670401.697706,602,13.758187,-0.248782,-0.004098,2.4432,0.1279,0.014977,13.726298,-0.215790,-0.003499,2.5786,13.772724,-0.246680,-0.003466,2.5517,0.2335,0.148208,0.074053,0.5245,13.772724,-0.246680,0.080241,4.0421,0.013059,1.587860,800.3767,0,1,clay,1.0000,0.500000,0,0,0.000000,0.000000,0.000000,0,nan,0.00,0.994110,0.4642,0.0115,0.524890,0.7586,0.59,4.51,5.68,4.45,-2.147690,5.9900,-1.4635,0.008000,0.046249,-0.2721,-0.015729,-0.149467,-0.216895,-3433.200860870058,-1473.0103070846685,2590.3252058304383,-706.2257295822837,0.414863,-0.019078,6515.5,6105.0,0.028660,0.071760,-0.048918,2.5513,1.0000,,,,,
7.2360,1778670401.709976,603,13.755234,-0.183046,-0.007103,2.7241,0.1323,0.008766,13.757352,-0.214128,-0.003138,2.5941,13.770035,-0.181108,-0.006526,2.5852,0.2279,0.139734,0.085889,0.5250,13.770035,-0.181108,0.083688,4.0409,-0.000051,1.556334,775.5426,0,1,clay,1.0000,0.500000,0,0,0.000000,0.000000,0.000000,0,nan,0.00,0.994109,0.4756,0.0110,0.524889,0.7773,0.60,4.51,5.72,4.49,-2.146028,6.0107,-1.4469,0.008000,0.134989,-0.6657,-0.004344,-0.151245,-0.229935,-2199.35091449024,-1798.5878657666844,2646.875303107078,-775.8823278458276,0.426447,-0.023966,6512.5,6108.1,0.033912,-0.013330,0.013059,2.5847,1.0000,,,,,
7.2480,1778670401.721783,604,13.785753,-0.322611,-0.012524,2.6507,0.0310,0.081047,13.788468,-0.211690,-0.002179,2.5952,13.800568,-0.320865,-0.011928,2.5982,0.2056,0.142706,0.126623,0.5249,13.800568,-0.320865,0.073091,4.0558,-0.085001,1.505698,763.5848,0,1,clay,1.0000,0.500000,0,0,0.000000,0.000000,0.000000,0,nan,0.00,0.992177,0.4869,0.0104,0.523869,0.7953,0.59,4.51,5.70,4.53,-2.143590,6.0656,-1.4606,0.008000,0.143203,-1.3332,0.003933,-0.180894,-0.225212,-1195.382946814993,132.99303131973886,2699.944868934903,-619.4147152094818,0.433954,-0.011227,6502.1,6118.4,0.051996,0.021754,-0.000051,2.5975,1.0000,,,,,
7.2600,1778670401.733844,605,13.776919,-0.265731,-0.000959,2.5091,0.0898,0.009958,13.819529,-0.210193,-0.001818,2.5827,13.791660,-0.263940,-0.000414,2.5810,0.1976,0.134648,0.102862,0.5234,13.791660,-0.263940,0.082849,4.0511,-0.022172,1.502986,775.2107,0,1,clay,1.0000,0.500000,0,0,0.000000,0.000000,0.000000,0,nan,0.00,0.991673,0.4984,0.0099,0.523603,0.8134,0.60,4.52,5.72,4.57,-2.142093,6.0863,-1.4684,0.008000,0.096806,-0.5295,-0.018124,-0.187086,-0.235127,-3198.781072070552,781.0946317241921,2730.0132222585908,-671.678048538197,0.442100,-0.014573,6508.1,6112.5,0.041620,0.068917,-0.085001,2.5804,1.0000,,,,,
7.2720,1778670401.745868,606,13.837238,-0.349836,-0.002649,2.5861,0.0718,-0.021509,13.850507,-0.209686,-0.002013,2.5789,13.852043,-0.348234,-0.002173,2.5822,0.1884,0.123888,0.122599,0.5235,13.852043,-0.348234,0.074901,4.0870,0.059168,1.488571,773.9690,0,1,clay,1.0000,0.500000,0,0,0.000000,0.000000,0.000000,0,nan,0.00,0.993018,0.5098,0.0095,0.524313,0.8312,0.61,4.53,5.74,4.59,-2.141586,6.0751,-1.5081,0.008000,0.158027,-0.6565,-0.026789,-0.187236,-0.252208,-2897.301997036472,-1835.9204105616104,2773.778263977534,-748.9217193038456,0.454837,-0.019884,6503.1,6117.5,0.050327,0.045768,-0.022172,2.5815,1.0000,,,,,
7.2840,1778670401.757842,607,13.840673,-0.232612,-0.009487,2.5055,0.0186,-0.030033,13.881465,-0.209613,-0.002386,2.5798,13.855442,-0.231313,-0.009075,2.5676,0.1722,0.113974,0.136510,0.5247,13.855442,-0.231313,0.073175,4.0893,0.055819,1.467288,788.1604,0,1,clay,1.0000,0.500000,0,0,0.000000,0.000000,0.000000,0,nan,0.00,0.994286,0.5213,0.0090,0.524983,0.8488,0.61,4.54,5.75,4.57,-2.111713,7.2415,-1.5095,0.008000,0.047518,-1.3751,-0.039094,-0.200458,-0.266378,-3565.3868675616204,-1815.78435410659,2789.8516235540933,-772.4201030505156,0.470707,-0.021399,6499.6,6121.0,0.056496,0.073901,0.059168,2.5668,1.0000,,,,,
7.2960,1778670401.769786,608,13.892765,-0.171405,-0.008466,2.5779,0.0309,-0.034572,13.912420,-0.209930,-0.002842,2.5793,13.907533,-0.170255,-0.008114,2.5698,0.1610,0.105187,0.153501,0.5253,13.907533,-0.170255,0.081387,4.1230,0.117778,1.445068,791.8073,0,1,clay,1.0000,0.500000,0,0,0.000000,0.000000,0.000000,0,nan,0.00,0.996963,0.5328,0.0086,0.526397,0.8662,0.60,4.54,5.75,4.56,-2.112030,7.2154,-1.5437,0.008000,0.071724,-1.6315,-0.028580,-0.224490,-0.279605,-3588.568814478318,-955.1982281846716,2829.2789396835096,-803.7828963536863,0.483589,-0.024023,6495.2,6125.3,0.064055,0.056630,0.055819,2.5689,1.0000,,,,,
7.3080,1778670401.781901,609,13.952151,-0.292720,-0.005378,2.5557,0.0251,-0.046905,13.943381,-0.210655,-0.003404,2.5822,13.966925,-0.291675,-0.005082,2.5674,0.1514,0.096637,0.184142,0.5271,13.966925,-0.291675,0.078823,4.1551,-0.010533,1.402664,792.5410,0,1,clay,1.0000,0.500000,0,0,0.000000,0.000000,0.000000,0,nan,0.00,0.996724,0.5443,0.0082,0.526270,0.8830,0.61,4.53,5.75,4.51,-2.112755,7.1832,-1.5729,0.008000,0.101416,-1.0710,-0.021511,-0.234788,-0.289867,-2893.833731294044,-755.8551863733055,2849.621578919673,-830.3094112303469,0.496713,-0.027327,6487.4,6133.1,0.077635,0.069133,0.117778,2.5664,1.0000,,,,,
7.3200,1778670401.793802,610,14.018684,-0.247253,-0.000293,2.6911,-0.0405,-0.039007,13.974394,-0.211493,-0.003894,2.5855,14.033580,-0.246317,-0.000038,2.5916,0.1322,0.090447,0.198821,0.5262,14.033580,-0.246317,0.091015,4.1717,-0.003368,1.374052,778.5084,0,1,clay,1.0000,0.500000,0,0,0.000000,0.000000,0.000000,0,nan,0.00,0.996647,0.5558,0.0078,0.526230,0.8995,0.61,4.55,5.76,4.61,-2.113593,7.1551,-1.5862,0.008000,0.080421,-0.4467,0.007873,-0.246018,-0.291199,-3182.1762773260803,-636.2080423324903,2925.8300156195905,-767.4429107070662,0.510214,-0.023792,6483.7,6136.9,0.084226,0.027806,-0.010533,2.5905,1.0000,,,,,
7.3320,1778670401.805790,611,14.003507,-0.267815,-0.002672,2.5979,-0.0393,-0.045476,14.005424,-0.212622,-0.004424,2.5872,14.018404,-0.267071,-0.002456,2.5932,0.1170,0.084499,0.215430,0.5262,14.018404,-0.267071,0.079327,4.1701,-0.283987,1.334471,771.4354,0,1,clay,1.0000,0.500000,0,0,0.000000,0.000000,0.000000,0,nan,0.00,0.990193,0.5673,0.0074,0.522822,0.9155,0.60,4.54,5.74,4.51,-2.114722,7.1247,-1.5829,0.008000,0.071635,-0.8037,0.032850,-0.256828,-0.291704,-2948.253301351899,-657.7041007603602,2938.5887929020964,-723.3877083847173,0.521632,-0.022045,6479.4,6141.2,0.091634,0.072448,-0.003368,2.5920,1.0000,,,,,
7.3440,1778670401.817832,612,14.065941,-0.240075,-0.006313,2.5405,-0.1241,-0.052604,14.036477,-0.214113,-0.005078,2.5894,14.080751,-0.239618,-0.006138,2.5833,0.0895,0.077625,0.231303,0.5212,14.080751,-0.239618,0.084724,4.1709,0.078251,1.308431,787.1984,0,1,clay,1.0000,0.500000,0,0,0.000000,0.000000,0.000000,0,nan,0.00,0.991971,0.5788,0.0070,0.523761,0.9312,0.60,4.54,5.74,4.55,-2.116213,7.0873,-1.5814,0.008000,0.108718,-0.7884,-0.011803,-0.282890,-0.294923,-2929.0434550431037,-994.0109732481228,3055.748735328739,-607.7300257787925,0.534683,-0.015285,6475.3,6145.2,0.098751,0.102494,-0.283987,2.5820,1.0000,,,,,
7.3560,1778670401.829809,613,14.050620,-0.159054,-0.006350,2.5793,-0.0366,-0.057924,14.067548,-0.215910,-0.005804,2.5905,14.065445,-0.158692,-0.006210,2.5828,0.0833,0.072646,0.243741,0.5242,14.065445,-0.158692,0.081279,4.1719,-0.169695,1.277678,783.8574,0,1,clay,1.0000,0.500000,0,0,0.000000,0.000000,0.000000,0,nan,0.00,0.988115,0.5903,0.0067,0.521725,0.9465,0.60,4.59,5.79,4.87,-2.118010,7.0457,-1.5815,0.008000,0.122088,-0.4980,-0.029400,-0.272508,-0.298241,-3142.2320638784768,-47.56522375576469,2916.7589650173295,-612.6238989536539,0.542989,-0.017006,6472.1,6148.4,0.104304,0.102489,0.078251,2.5815,1.0000,,,,,
7.3680,1778670401.841812,614,14.089263,-0.160164,-0.004864,2.6087,-0.0482,-0.065825,14.098658,-0.217954,-0.006573,2.5954,14.104241,-0.159880,-0.004759,2.5883,0.0762,0.067326,0.268603,0.5207,14.104241,-0.159880,0.082305,4.1683,-0.193056,1.236956,778.1761,0,1,clay,1.0000,0.500000,0,0,0.000000,0.000000,0.000000,0,nan,0.00,0.983727,0.6017,0.0064,0.519408,0.9614,0.60,4.58,5.78,4.51,-2.120054,7.0017,-1.5729,0.008000,0.074043,-1.0264,-0.004514,-0.274226,-0.298396,-2924.830704353156,-32.258756153302954,3004.602972459532,-594.2736954051329,0.548647,-0.018497,6465.8,6154.8,0.115333,0.103611,-0.169695,2.5867,1.0000,,,,,
7.3800,1778670401.853822,615,14.068199,-0.173438,-0.004897,2.6778,0.0014,-0.073968,14.129818,-0.220290,-0.007415,2.6002,14.083263,-0.173204,-0.004831,2.6060,0.0782,0.061177,0.284325,0.5183,14.083263,-0.173204,0.082346,4.1706,-0.522850,1.194639,764.8357,0,1,clay,1.0000,0.500000,0,0,0.000000,0.000000,0.000000,0,nan,0.00,0.971844,0.6130,0.0061,0.513134,0.9757,0.60,4.57,5.77,4.53,-2.087490,8.1044,-1.5705,0.008000,0.143269,-0.8659,0.009910,-0.264038,-0.297582,-2983.866143874556,-198.71059079132255,2999.5676593256558,-652.2073828766269,0.549621,-0.024311,6461.8,6158.8,0.122382,0.086055,-0.193056,2.6044,1.0000,,,,,
7.3920,1778670401.865772,616,14.151535,-0.265980,-0.004731,2.6152,-0.0840,-0.080865,14.161020,-0.222933,-0.008346,2.6036,14.166570,-0.265893,-0.004708,2.6082,0.0642,0.053879,0.301495,0.5101,14.166570,-0.265893,0.085781,4.1608,0.050282,1.162980,770.1334,0,1,clay,1.0000,0.500000,0,0,0.000000,0.000000,0.000000,0,nan,0.00,0.972987,0.6243,0.0058,0.513737,0.9897,0.60,4.55,5.75,4.43,-2.090133,8.0511,-1.5573,0.008000,0.077801,-0.4041,0.025244,-0.264123,-0.294789,-3001.7740286766475,378.4336627419443,3113.2597935732274,-617.6159578561235,0.550000,-0.023615,6457.4,6163.2,0.130080,0.117118,-0.522850,2.6065,1.0000,,,,,
7.4040,1778670401.877773,617,14.226625,-0.278604,-0.012058,2.7355,-0.0970,-0.081718,14.192281,-0.225835,-0.009337,2.6099,14.241704,-0.278760,-0.012068,2.6333,0.0517,0.048757,0.323763,0.5140,14.241704,-0.278760,0.077691,4.1644,-0.699117,1.121473,750.2953,0,1,clay,1.0000,0.500000,0,0,0.000000,0.000000,0.000000,0,nan,0.00,0.957098,0.6356,0.0055,0.505348,1.0031,0.59,4.55,5.73,4.56,-2.093035,7.9943,-1.5545,0.008000,0.152113,-0.8287,0.046288,-0.267888,-0.291326,-2635.3528946854976,25.245657020309523,2848.800261983703,-560.6064644620883,0.550000,-0.022000,6451.7,6168.9,0.140011,0.093040,0.050282,2.6314,1.0000,,,,,
7.4160,1778670401.889846,618,14.155215,-0.333300,-0.007225,2.6102,-0.1221,-0.086313,14.223610,-0.228999,-0.010394,2.6153,14.170319,-0.333528,-0.007269,2.6293,0.0360,0.042589,0.340612,0.5013,14.170319,-0.333528,0.075048,4.1605,1.000000,1.088227,747.7454,0,1,clay,1.0000,0.500000,0,0,0.000000,0.000000,0.000000,0,nan,0.00,0.979825,0.6467,0.0052,0.517348,1.0162,0.60,4.54,5.74,4.48,-2.096199,7.9337,-1.5453,0.008000,0.098777,-0.6765,0.041497,-0.274876,-0.286161,-2938.4279174693966,-457.1282446896718,3130.228515043134,-506.9081119226203,0.550000,-0.019645,6447.3,6173.2,0.147547,0.146051,-0.699117,2.6273,1.0000,,,,,
7.4280,1778670401.901830,619,14.302896,-0.268604,-0.016175,2.6464,-0.1093,-0.095686,14.255007,-0.232427,-0.011512,2.6221,14.318004,-0.269065,-0.016248,2.6331,0.0291,0.040054,0.359443,0.5231,14.318004,-0.269065,0.072619,4.1980,0.151825,1.057344,750.8753,0,1,clay,1.0000,0.500000,0,0,0.000000,0.000000,0.000000,0,nan,0.00,0.983276,0.6578,0.0050,0.519170,1.0289,0.60,4.53,5.73,4.46,-2.099627,7.8697,-1.5759,0.008000,0.050907,-1.4428,0.019501,-0.268223,-0.282920,-2632.841210772802,-138.38227856366296,2548.239458964721,-489.5322399288076,0.550000,-0.019812,6442.5,6178.0,0.155948,0.143210,1.000000,2.6310,1.0000,,,,,
7.4400,1778670401.913748,620,14.354521,-0.163027,-0.015410,2.5911,-0.1338,-0.097016,14.286496,-0.236072,-0.012684,2.6312,14.369504,-0.163597,-0.015513,2.6255,0.0167,0.034896,0.380555,0.5200,14.369504,-0.163597,0.080001,4.2330,0.689501,1.029343,759.4213,0,1,clay,1.0000,0.500000,0,0,0.000000,0.000000,0.000000,0,nan,0.00,0.998946,0.6688,0.0048,0.527444,1.0412,0.59,4.54,5.72,4.60,-2.103272,7.8025,-1.6018,0.008000,0.110278,-1.2264,0.008584,-0.268718,-0.278649,-2464.4329452998536,-476.7518173292173,2714.459858924598,-452.2185193137242,0.550000,-0.018386,6437.1,6183.4,0.165363,0.170377,0.151825,2.6233,1.0000,,,,,
7.4520,1778670401.925820,621,14.343308,-0.276654,-0.014876,2.6360,-0.0830,-0.103973,14.318071,-0.239975,-0.013916,2.6379,14.358357,-0.277264,-0.015006,2.6280,0.0171,0.031691,0.395203,0.5314,14.358357,-0.277264,0.074055,4.2250,0.046368,0.997234,758.0499,0,1,clay,1.0000,0.500000,0,0,0.000000,0.000000,0.000000,0,nan,0.00,1.000000,0.6797,0.0045,0.528000,1.0532,0.60,4.54,5.74,4.57,-2.107175,7.7319,-1.5871,0.008000,0.056853,-0.9454,0.019329,-0.247141,-0.273268,-3019.3985824932456,-1189.6298787691899,2592.726765921141,-492.98321419676745,0.550000,-0.021793,6433.4,6187.2,0.171892,0.168221,0.689501,2.6258,1.0000,,,,,
7.4640,1778670401.937807,622,14.343077,-0.233795,-0.012595,2.7437,-0.0935,-0.106206,14.349735,-0.244134,-0.015195,2.6466,14.358280,-0.234432,-0.012752,2.6509,0.0142,0.027239,0.414392,0.5283,14.358280,-0.234432,0.073681,4.2249,0.000000,0.954801,734.1246,0,1,clay,1.0000,0.500000,0,0,0.000000,0.000000,0.000000,0,nan,0.00,1.000000,0.6905,0.0043,0.528000,1.0647,0.60,4.55,5.74,4.56,-2.111334,7.6586,-1.5784,0.008000,0.095293,-0.7820,0.041361,-0.246118,-0.272856,-2702.274991340091,-55.32738254923353,2687.538820124315,-510.02195573814265,0.550000,-0.023853,6428.5,6192.1,0.180442,0.149897,0.046368,2.6486,1.0000,,,,,
7.4760,1778670401.949837,623,14.371373,-0.215164,-0.023099,2.7019,-0.0947,-0.109845,14.381490,-0.248531,-0.016545,2.6550,14.386649,-0.216020,-0.023283,2.6614,0.0118,0.023138,0.429880,0.5280,14.386649,-0.216020,0.061995,4.2455,0.000000,0.915729,727.0793,0,1,clay,1.0000,0.500000,0,0,0.000000,0.000000,0.000000,0,nan,0.00,1.000000,0.7011,0.0041,0.528000,1.0756,0.60,4.55,5.75,4.57,-2.075631,8.7342,-1.5906,0.008000,0.072830,-1.4366,0.043764,-0.242271,-0.270001,-2663.0287353704825,56.38077991458732,2679.3481116156318,-533.19397593759,0.550000,-0.025933,6424.5,6196.1,0.187384,0.172844,0.000000,2.6589,1.0000,,,,,
7.4880,1778670401.961738,624,14.381572,-0.219529,-0.018020,2.6070,-0.0352,-0.115894,14.413337,-0.253166,-0.017934,2.6640,14.396756,-0.220294,-0.018229,2.6514,0.0200,0.019149,0.448906,0.5280,14.396756,-0.220294,0.067393,4.2530,0.000000,0.878105,733.2868,0,1,clay,1.0000,0.500000,0,0,0.000000,0.000000,0.000000,0,nan,0.00,1.000000,0.7117,0.0039,0.528000,1.0862,0.59,4.55,5.73,4.53,-2.080266,8.6547,-1.5889,0.008000,0.072961,-1.1062,0.014434,-0.235289,-0.270880,-2936.4391363889536,-704.756138042547,2646.463593386208,-628.7890063527782,0.550000,-0.032888,6419.6,6201.0,0.195890,0.214148,0.000000,2.6489,1.0000,,,,,
7.5000,1778670401.973876,625,14.354194,-0.324853,-0.017376,2.6127,-0.2407,-0.122724,14.445297,-0.258050,-0.019392,2.6749,14.369372,-0.325845,-0.017621,2.6446,-0.0099,0.012857,0.473548,0.5280,14.369372,-0.325845,0.062790,4.2329,-0.000000,0.837287,736.7499,0,1,clay,1.0000,0.500000,0,0,0.000000,0.000000,0.000000,0,nan,0.00,1.000000,0.7221,0.0037,0.528000,1.0962,0.60,4.54,5.74,4.51,-2.085150,8.5711,-1.5580,0.008000,0.103356,-1.0346,0.003521,-0.255682,-0.268308,-2575.0040792286,205.836416483488,2605.7161805640544,-498.15449119491086,0.550000,-0.024327,6413.3,6207.2,0.206860,0.222209,0.000000,2.6418,1.0000,,,,,
7.5120,1778670401.985760,626,14.461061,-0.292734,-0.018548,2.6802,-0.2817,-0.125065,14.477369,-0.263199,-0.020918,2.6851,14.476226,-0.293986,-0.018827,2.6520,-0.0419,0.006351,0.485928,0.5280,14.476226,-0.293986,0.069267,4.3065,0.000000,0.820050,739.5883,0,1,clay,1.0000,0.500000,0,0,0.000000,0.000000,0.000000,0,nan,0.00,1.000000,0.7321,0.0035,0.528000,1.1061,0.59,4.52,5.71,4.40,-2.090299,8.4837,-1.6214,0.008000,0.050424,-0.6507,-0.016382,-0.283148,-0.270577,-2563.5026484641394,-903.0722784072557,2587.606715244755,-349.6400384622781,0.550000,-0.014602,6410.1,6210.4,0.212437,0.214538,-0.000000,2.6493,1.0000,,,,,
7.5240,1778670401.998702,627,14.518101,-0.239216,-0.026781,2.6894,-0.1885,-0.128111,14.509551,-0.268559,-0.022479,2.6951,14.533211,-0.240684,-0.027085,2.6599,-0.0513,0.001397,0.503900,0.5280,14.533211,-0.240684,0.058180,4.3313,0.000000,0.787833,733.0350,0,1,clay,1.0000,0.500000,0,0,0.000000,0.000000,0.000000,0,nan,0.00,1.000000,0.7420,0.0034,0.528000,1.1155,0.59,4.52,5.69,4.50,-2.095659,8.3943,-1.6363,0.008000,0.120649,-1.3620,-0.006295,-0.275398,-0.262013,-3098.4705733460396,-73.97244996264843,2565.5901584039293,-339.11666054027023,0.550000,-0.013961,6405.5,6215.0,0.220428,0.223627,0.000000,2.6570,1.0000,,,,,
7.5360,1778670402.009852,628,14.524824,-0.275639,-0.034847,2.6852,-0.2028,-0.135704,14.541855,-0.274230,-0.024135,2.7068,14.540000,-0.277337,-0.035180,2.6655,-0.0609,-0.003301,0.537113,0.5280,14.540000,-0.277337,0.051514,4.3333,-0.000000,0.730157,729.6690,0,1,clay,1.0000,0.500000,0,0,0.000000,0.000000,0.000000,0,nan,0.00,1.000000,0.7516,0.0032,0.528000,1.1243,0.60,4.52,5.72,4.51,-2.101330,8.2994,-1.6264,0.008000,0.058148,-1.2952,-0.006530,-0.287663,-0.272122,-2503.341027055506,-567.0799882698647,2528.014110996044,-332.97020629549,0.550000,-0.013354,6397.1,6223.5,0.235167,0.232869,0.000000,2.6625,1.0000,,,,,
7.5480,1778670402.021852,629,14.558578,-0.221400,-0.023050,2.6632,-0.1864,-0.142625,14.574271,-0.280134,-0.025827,2.7171,14.573783,-0.222997,-0.023413,2.6658,-0.0661,-0.008333,0.555157,0.5280,14.573783,-0.222997,0.060525,4.3402,0.000000,0.686321,713.6959,0,1,clay,1.0000,0.500000,0,0,0.000000,0.000000,0.000000,0,nan,0.00,1.000000,0.7609,0.0031,0.528000,1.1325,0.60,4.51,5.72,4.49,-2.107234,8.2025,-1.6231,0.008000,0.095598,-0.6318,-0.000877,-0.280562,-0.269031,-2817.6277114836303,-684.7370998878419,2508.8317374676976,-360.78030743296904,0.550000,-0.014936,6392.4,6228.1,0.243278,0.249975,-0.000000,2.6626,1.0000,,,,,
7.5600,1778670402.033764,630,14.673210,-0.271823,-0.034673,2.7641,-0.2504,-0.145552,14.606812,-0.286267,-0.027572,2.7295,14.688465,-0.273739,-0.035066,2.6855,-0.0822,-0.014128,0.574382,0.5280,14.688465,-0.273739,0.049578,4.3375,-1.000000,0.672572,711.6339,0,1,clay,1.0000,0.500000,0,0,0.000000,0.000000,0.000000,0,nan,0.00,0.977273,0.7700,0.0029,0.516000,1.1406,0.60,4.51,5.70,4.46,-2.113367,8.1024,-1.6081,0.008000,0.051962,-1.3084,0.014742,-0.300499,-0.275019,-3040.2985696221986,-168.5156916629487,2492.55594006277,-319.9330517459608,0.550000,-0.011841,6387.5,6233.1,0.251882,0.225895,0.000000,2.6823,1.0000,,,,,
7.5720,1778670402.045799,631,14.601645,-0.366794,-0.033338,2.7203,-0.2288,-0.151981,14.639494,-0.292692,-0.029392,2.7423,14.616925,-0.368789,-0.033761,2.6930,-0.0913,-0.019474,0.599089,0.5103,14.616925,-0.368789,0.045245,4.3431,1.000000,0.632453,727.0835,0,1,clay,1.0000,0.500000,0,0,0.000000,0.000000,0.000000,0,nan,0.00,1.000000,0.7788,0.0028,0.528000,1.1482,0.60,4.51,5.70,4.52,-2.074692,9.0724,-1.6007,0.008000,0.136495,-1.3356,-0.002756,-0.305708,-0.276036,-2462.1894472210815,-513.1288280406254,2866.4738356305643,-328.2267937710407,0.550000,-0.011750,6381.2,6239.3,0.262827,0.244117,-1.000000,2.6896,1.0000,,,,,
7.5840,1778670402.057790,632,14.812633,-0.261925,-0.031058,2.7126,-0.1977,-0.151118,14.672291,-0.299312,-0.031246,2.7535,14.827962,-0.263930,-0.031504,2.6975,-0.0928,-0.022968,0.607889,0.5337,14.827962,-0.263930,0.062143,4.3144,-0.000000,0.595977,714.3787,0,1,clay,1.0000,0.500000,0,0,0.000000,0.000000,0.000000,0,nan,0.00,1.000000,0.7874,0.0026,0.528000,1.1553,0.60,4.52,5.72,4.59,-2.081312,8.9662,-1.5609,0.008000,0.165491,-0.5781,-0.010272,-0.305334,-0.277773,-2752.7382058903095,-185.33265850173075,2141.038135829736,-362.3382804230357,0.550000,-0.013808,6378.9,6241.6,0.266812,0.249327,1.000000,2.6941,1.0000,,,,,
7.5960,1778670402.069764,633,14.767333,-0.314817,-0.035083,2.7995,-0.2690,-0.158902,14.705225,-0.306152,-0.033140,2.7664,14.782763,-0.317018,-0.035557,2.7180,-0.1072,-0.028244,0.624445,0.5280,14.782763,-0.317018,0.049030,4.3214,0.000000,0.536779,690.8444,0,1,clay,1.0000,0.500000,0,0,0.000000,0.000000,0.000000,0,nan,0.00,1.000000,0.7958,0.0025,0.528000,1.1618,0.59,4.50,5.69,4.41,-2.088152,8.8577,-1.5550,0.008000,0.141782,-1.0754,0.018181,-0.325391,-0.279910,-2721.381842029632,-769.8902476017817,2459.772181791759,-334.63650217811903,0.550000,-0.011236,6374.7,6245.9,0.274214,0.222036,-0.000000,2.7145,1.0000,,,,,
7.6080,1778670402.081736,634,14.756734,-0.228283,-0.032363,2.7542,-0.3033,-0.161668,14.738278,-0.313214,-0.035061,2.7771,14.772109,-0.230581,-0.032863,2.7258,-0.1258,-0.034119,0.640413,0.5280,14.772109,-0.230581,0.058822,4.3232,0.000000,0.519659,693.1291,0,1,clay,1.0000,0.500000,0,0,0.000000,0.000000,0.000000,0,nan,0.00,1.000000,0.8039,0.0024,0.528000,1.1680,0.58,4.52,5.69,4.61,-2.095214,8.7476,-1.5461,0.008000,0.159174,-0.9183,0.030253,-0.320337,-0.277506,-2578.371501480129,-375.1561672485275,2453.886998476176,-279.1590444142454,0.550000,-0.007115,6370.6,6250.0,0.281423,0.233973,0.000000,2.7222,1.0000,,,,,
7.6200,1778670402.093853,635,14.806144,-0.261019,-0.036505,2.7722,-0.0943,-0.166177,14.771444,-0.320516,-0.037049,2.7887,14.821671,-0.263283,-0.037024,2.7356,-0.1015,-0.035426,0.653335,0.5280,14.821671,-0.263283,0.055424,4.3152,-1.000000,0.456076,693.8399,0,1,clay,1.0000,0.500000,0,0,0.000000,0.000000,0.000000,0,nan,0.00,0.977273,0.8118,0.0023,0.516000,1.1735,0.59,4.52,5.71,4.53,-2.102516,8.6337,-1.5265,0.008000,0.076705,-1.0493,0.031217,-0.268098,-0.270407,-2698.237717150671,-161.08042571345837,2447.572898349413,-465.91977227492714,0.550000,-0.019154,6367.3,6253.3,0.287162,0.224578,0.000000,2.7319,1.0000,,,,,
7.6320,1778670402.105815,636,14.817105,-0.355664,-0.029801,2.7090,-0.2902,-0.167754,14.804699,-0.328020,-0.039065,2.7920,14.832633,-0.357960,-0.030345,2.7310,-0.1181,-0.039961,0.625937,0.5103,14.832633,-0.357960,0.054989,4.3138,1.000000,0.472556,692.8892,0,1,clay,1.0000,0.500000,0,0,0.000000,0.000000,0.000000,0,nan,0.00,1.000000,0.8194,0.0022,0.528000,1.1792,0.60,4.53,5.72,4.57,-2.110020,8.5182,-1.5218,0.008000,0.104365,-0.1636,0.017143,-0.279573,-0.270200,-2526.343255987528,-700.497035727043,2869.9308542888884,-396.8106653096603,0.550000,-0.015226,6374.1,6246.5,0.275224,0.107046,-1.000000,2.7274,1.0000,,,,,
7.6440,1778670402.117804,637,14.795466,-0.277221,-0.043184,2.7864,-0.2303,-0.166014,14.837893,-0.335623,-0.041043,2.7882,14.811050,-0.279769,-0.043744,2.7422,-0.1205,-0.042394,0.586253,0.5337,14.811050,-0.279769,0.038430,4.3167,0.000000,0.488551,675.0392,0,1,clay,1.0000,0.500000,0,0,0.000000,0.000000,0.000000,0,nan,0.00,1.000000,0.8268,0.0021,0.528000,1.1850,0.60,4.52,5.71,4.48,-2.117623,8.4049,-1.5285,0.008000,0.019515,-0.4397,0.019588,-0.274337,-0.269206,-2414.882417284299,-400.62000444848934,2148.0480980565126,-392.4974859784056,0.550000,-0.015999,6384.2,6236.4,0.257658,-0.015767,1.000000,2.7388,1.0000,,,,,
7.6560,1778670402.129750,638,14.971244,-0.364957,-0.046520,2.8540,-0.2586,-0.160564,14.870875,-0.343293,-0.042974,2.7671,14.986870,-0.367609,-0.047087,2.7641,-0.1281,-0.044457,0.517442,0.5280,14.986870,-0.367609,0.036445,4.3228,0.000000,0.573411,656.5963,0,1,clay,1.0000,0.500000,0,0,0.000000,0.000000,0.000000,0,nan,0.00,1.000000,0.8340,0.0020,0.528000,1.1919,0.59,4.51,5.68,4.44,-2.125293,8.2942,-1.5557,0.008000,0.183417,-1.2762,0.039811,-0.277620,-0.266379,-1888.8719138125998,-366.26872334416095,2542.7638060487648,-333.81578415110994,0.550000,-0.013909,6401.6,6218.9,0.227241,-0.105318,0.000000,2.7611,1.0000,,,,,
7.6680,1778670402.141828,639,14.866681,-0.331956,-0.049698,2.6018,-0.2381,-0.159681,14.903676,-0.351069,-0.044905,2.7528,14.882078,-0.334662,-0.050268,2.7330,-0.1304,-0.045610,0.484479,0.5280,14.882078,-0.334662,0.033897,4.3098,-1.000000,0.681949,703.3465,0,1,clay,1.0000,0.500000,0,0,0.000000,0.000000,0.000000,0,nan,0.00,0.977273,0.8411,0.0019,0.516000,1.2001,0.58,4.51,5.68,4.48,-2.083169,9.2595,-1.5570,0.008000,0.097970,-0.7574,-0.012688,-0.263401,-0.258344,-2469.834622617479,-209.54652803167266,2584.5436493996726,-327.38865863221343,0.550000,-0.013807,6410.1,6210.5,0.212478,-0.074740,0.000000,2.7303,1.0000,,,,,
7.6800,1778670402.153780,640,14.885163,-0.349194,-0.045242,2.7091,-0.2528,-0.157108,14.936205,-0.358935,-0.046817,2.7276,14.900519,-0.351855,-0.045814,2.7286,-0.1348,-0.046240,0.434611,0.5103,14.900519,-0.351855,0.038965,4.3096,1.000000,0.754874,706.8051,0,1,clay,1.0000,0.500000,0,0,0.000000,0.000000,0.000000,0,nan,0.00,1.000000,0.8481,0.0018,0.528000,1.2091,0.58,4.51,5.67,4.51,-2.091035,9.1499,-1.5821,0.008000,0.040898,-0.5462,-0.026757,-0.146511,-0.122317,-1843.3435563605449,-351.0185355589413,3125.500710304438,-304.76840305126416,0.550000,-0.012265,6422.9,6197.7,0.190190,-0.159610,-1.000000,2.7262,1.0000,,,,,
7.6920,1778670402.165879,641,14.948484,-0.334447,-0.047544,2.6725,-0.3053,-0.158168,14.968480,-0.366843,-0.048708,2.7105,14.963804,-0.337227,-0.048121,2.7179,-0.1476,-0.047283,0.372945,0.5337,14.963804,-0.337227,0.035840,4.3167,0.000000,0.863184,712.5074,0,1,clay,1.0000,0.500000,0,0,0.000000,0.000000,0.000000,0,nan,0.00,1.000000,0.8550,0.0017,0.528000,1.2195,0.59,4.50,5.67,4.45,-2.098943,9.0416,-1.6061,0.008000,0.156599,-0.7875,-0.042527,-0.264344,-0.240723,-1823.1161244594332,-158.14822066041063,2491.9412151445954,-258.4133760925014,0.550000,-0.007439,6438.6,6182.0,0.162775,-0.194695,1.000000,2.7158,1.0000,,,,,
7.7040,1778670402.177727,642,14.941838,-0.339677,-0.046835,2.6816,-0.2692,-0.158065,15.000453,-0.374827,-0.050594,2.6847,14.957048,-0.342461,-0.047412,2.7111,-0.1519,-0.048298,0.340514,0.5280,14.957048,-0.342461,0.037035,4.3153,-0.000000,0.950644,719.0002,0,1,clay,1.0000,0.500000,0,0,0.000000,0.000000,0.000000,0,nan,0.00,1.000000,0.8618,0.0016,0.528000,1.2309,0.58,4.50,5.66,4.51,-2.106927,8.9335,-1.6306,0.008000,0.112091,-0.4844,-0.071308,-0.263746,-0.243961,-1478.1167736010239,-165.41092785977523,2796.1792207761882,-268.9005978993174,0.550000,-0.006081,6447.0,6173.6,0.148194,-0.244709,0.000000,2.7092,1.0000,,,,,
7.7160,1778670402.189852,643,15.111962,-0.402934,-0.049425,2.6810,-0.2388,-0.155815,15.032115,-0.382870,-0.052468,2.6596,15.127176,-0.405745,-0.050001,2.7053,-0.1492,-0.047599,0.286724,0.5280,15.127176,-0.405745,0.035650,4.4026,-0.000000,1.044557,733.3238,0,1,clay,1.0000,0.500000,0,0,0.000000,0.000000,0.000000,0,nan,0.00,1.000000,0.8685,0.0015,0.528000,1.2434,0.59,4.50,5.68,4.53,-2.114970,8.8261,-1.7429,0.008000,0.160626,-0.7534,-0.086114,-0.246183,-0.237359,-1123.1432180802506,-188.8391012641359,2863.117192484852,-350.59192988091274,0.550000,-0.006884,6460.7,6159.8,0.124219,-0.284053,-0.000000,2.7037,1.0000,,,,,
7.7280,1778670402.201807,644,15.014576,-0.410055,-0.059486,2.5670,-0.2113,-0.414865,15.062806,-0.394461,-0.056699,2.6344,15.029602,-0.413405,-0.060326,2.6792,-0.1466,-0.090635,0.337440,0.5280,15.029602,-0.413405,0.027610,4.3400,-0.579950,1.035429,758.1175,0,1,clay,1.0000,0.500000,0,0,0.000000,0.000000,0.000000,0,nan,0.00,0.986819,0.8748,0.0015,0.521041,1.2559,0.59,4.53,5.70,4.67,-2.126561,8.5837,-1.7056,0.008000,0.144880,-1.0840,-0.123646,-0.260286,-0.290993,-1179.2659748790193,-773.9936617692379,3285.255010548225,-947.1141227394745,0.550000,-0.041564,6448.0,6172.6,0.146375,-0.168541,-0.000000,2.6773,1.0000,,,,,
7.7400,1778670402.213918,645,15.083038,-0.430187,-0.063679,2.7118,-0.2473,-0.332481,15.093707,-0.406355,-0.060914,2.6303,15.098216,-0.433847,-0.064654,2.6856,-0.1488,-0.110906,0.289129,0.5177,15.098216,-0.433847,0.023308,4.3814,0.579950,1.091003,762.0280,0,1,clay,1.0000,0.500000,0,0,0.000000,0.000000,0.000000,0,nan,0.00,1.000000,0.8808,0.0014,0.528000,1.2690,0.60,4.54,5.74,4.62,-2.138455,8.3422,-1.7511,0.008000,0.050725,-1.6809,-0.109646,-0.201216,-0.257904,-832.7350365080661,-748.5376082375257,3252.727602235389,-1164.9269055226496,0.550000,-0.056537,6460.2,6160.3,0.125042,-0.086344,-0.579950,2.6839,1.0000,,,,,
7.7520,1778670402.225816,646,15.102817,-0.347072,-0.065108,2.5889,-0.2515,-0.229958,15.124687,-0.416128,-0.063718,2.6235,15.117931,-0.350764,-0.066085,2.6671,-0.1500,-0.110425,0.280154,0.5313,15.117931,-0.350764,0.018817,4.3957,-1.000000,1.122424,768.2879,0,1,clay,1.0000,0.500000,0,0,0.000000,0.000000,0.000000,0,nan,0.00,0.977273,0.8865,0.0013,0.516000,1.2824,0.60,4.53,5.74,4.49,-2.148228,8.1815,-1.7722,0.008000,0.040868,-0.9812,-0.135257,-0.248023,-0.307585,2100.498106658629,-1286.4444683269999,2732.903876194373,-1101.118602780195,0.550000,-0.056170,6462.6,6158.0,0.120930,-0.010155,0.579950,2.6656,1.0000,,,,,
7.7640,1778670402.237857,647,15.190563,-0.382428,-0.062595,2.4425,-0.2726,-0.209122,15.155638,-0.425367,-0.066222,2.6249,15.205441,-0.386061,-0.063550,2.6240,-0.1548,-0.107045,0.284523,0.5103,15.205441,-0.386061,0.023357,4.4651,1.000000,1.164468,799.9155,0,1,clay,1.0000,0.500000,0,0,0.000000,0.000000,0.000000,0,nan,0.00,1.000000,0.8920,0.0013,0.528000,1.2964,0.61,4.54,5.75,4.57,-2.102667,9.0726,-1.8402,0.008000,0.073688,-0.6338,-0.193420,-0.253287,-0.307106,2120.331184284522,-850.1793115306397,3255.377444142944,-1042.4672144010997,0.550000,-0.052302,6461.5,6159.0,0.122779,0.075839,-1.000000,2.6224,1.0000,,,,,
7.7760,1778670402.249744,648,15.334900,-0.314241,-0.061680,2.6261,-0.3384,-0.198269,15.186602,-0.434245,-0.068567,2.6264,15.349761,-0.317909,-0.062608,2.6248,-0.1705,-0.103707,0.295672,0.5337,15.349761,-0.317909,0.030888,4.5754,-1.000000,1.158613,814.6723,0,1,clay,1.0000,0.500000,0,0,0.000000,0.000000,0.000000,0,nan,0.00,0.977273,0.8971,0.0012,0.516000,1.3103,0.60,4.53,5.73,4.46,-2.111545,8.9382,-1.9489,0.008000,0.188933,-0.3925,-0.158379,-0.271411,-0.302210,2626.4259918088665,-1240.284794578617,2647.8639744965867,-893.7197546132759,0.550000,-0.042214,6458.8,6161.8,0.127599,0.027730,1.000000,2.6231,1.0000,,,,,
7.7880,1778670402.261812,649,15.181493,-0.559569,-0.070823,2.5806,-0.2527,-0.180304,15.217644,-0.442774,-0.070780,2.6315,15.196242,-0.563276,-0.071707,2.6166,-0.1674,-0.096884,0.309546,0.5103,15.196242,-0.563276,0.012634,4.4576,-1.000000,1.153795,821.3890,0,1,clay,1.0000,0.500000,0,0,0.000000,0.000000,0.000000,0,nan,0.00,0.954545,0.9021,0.0011,0.504000,1.3242,0.60,4.53,5.72,4.51,-2.120074,8.8114,-1.8261,0.008000,0.174724,-1.1680,-0.157224,-0.240482,-0.264549,2388.9041729140945,-337.9268198524688,3248.0840606652773,-821.4622547524706,0.550000,-0.038258,6455.3,6165.3,0.133747,0.056854,-1.000000,2.6149,1.0000,,,,,
7.8000,1778670402.273923,650,15.166231,-0.484231,-0.076920,2.7290,-0.1430,-0.166828,15.248750,-0.450953,-0.072832,2.6375,15.181119,-0.487824,-0.077751,2.6389,-0.1444,-0.087178,0.334338,0.4983,15.181119,-0.487824,0.013430,4.4452,1.000000,1.137623,839.1135,0,1,clay,1.0000,0.500000,0,0,0.000000,0.000000,0.000000,0,nan,0.00,0.977273,0.9068,0.0011,0.516000,1.3378,0.60,4.53,5.74,4.57,-2.128253,8.6939,-1.8077,0.008000,0.130712,-1.3791,-0.118229,-0.229299,-0.277779,2174.603366970732,-541.2210268219885,3240.12703081596,-834.7482056354415,0.550000,-0.041019,6449.0,6171.6,0.144702,0.032278,-1.000000,2.6370,1.0000,,,,,
7.8120,1778670402.285812,651,15.235963,-0.492230,-0.074579,2.6349,-0.1796,-0.155569,15.279975,-0.458793,-0.074724,2.6467,15.250867,-0.495634,-0.075358,2.6386,-0.1324,-0.078088,0.355063,0.5217,15.250867,-0.495634,0.015408,4.5018,-1.000000,1.090439,800.7309,0,1,clay,1.0000,0.500000,0,0,0.000000,0.000000,0.000000,0,nan,0.00,0.954545,0.9113,0.0010,0.504000,1.3509,0.60,4.52,5.72,4.46,-2.136093,8.5854,-1.8551,0.008000,0.114474,-1.2798,-0.108569,-0.219829,-0.275001,1683.826382990971,-333.51093276014075,2527.877153083269,-788.3694141482323,0.550000,-0.039416,6443.7,6176.9,0.153894,0.087402,1.000000,2.6366,1.0000,,,,,
7.8240,1778670402.297840,652,15.300823,-0.491921,-0.071047,2.6486,-0.2263,-0.148617,15.311367,-0.466349,-0.076482,2.6698,15.315737,-0.495188,-0.071777,2.6411,-0.1312,-0.070420,0.381659,0.4983,15.315737,-0.495188,0.018148,4.5512,-1.000000,1.059126,793.5146,0,1,clay,1.0000,0.500000,0,0,0.000000,0.000000,0.000000,0,nan,0.00,0.931818,0.9155,0.0010,0.492000,1.3636,0.60,4.52,5.72,4.50,-2.143649,8.4847,-1.8814,0.008000,0.107750,-0.9331,-0.095091,-0.226730,-0.273866,541.4184554046974,-750.6117783312495,3182.178261189715,-680.5155753462259,0.550000,-0.033795,6436.9,6183.7,0.165761,0.124272,-1.000000,2.6389,1.0000,,,,,
7.8360,1778670402.309815,653,15.431801,-0.577562,-0.081095,2.5682,-0.1691,-0.127280,15.342925,-0.473221,-0.077806,2.6687,15.446613,-0.580804,-0.081761,2.6273,-0.1195,-0.059691,0.368417,0.4863,15.446613,-0.580804,0.000602,4.6382,1.000000,1.042558,798.2868,0,1,clay,1.0000,0.500000,0,0,0.000000,0.000000,0.000000,0,nan,0.00,0.954545,0.9196,0.0009,0.504000,1.3761,0.60,4.52,5.73,4.55,-2.150521,8.4088,-1.9695,0.008000,0.180872,-0.6707,-0.087675,-0.218861,-0.238239,786.9169905833899,-97.28873523763232,3195.941848255041,-649.7642143966327,0.550000,-0.030968,6440.2,6180.4,0.159994,0.165224,-1.000000,2.6252,1.0000,,,,,
7.8480,1778670402.321818,654,15.344451,-0.610010,-0.085038,2.6907,-0.2515,-0.074211,15.374695,-0.479473,-0.078753,2.6851,15.359358,-0.613189,-0.085602,2.6401,-0.1238,-0.043099,0.384203,0.5097,15.359358,-0.613189,-0.001529,4.5820,-1.000000,1.013970,779.7250,0,1,clay,1.0000,0.500000,0,0,0.000000,0.000000,0.000000,0,nan,0.00,0.931818,0.9234,0.0009,0.492000,1.3883,0.60,4.51,5.72,4.47,-2.156773,8.3546,-1.8969,0.008000,0.127853,-0.5324,-0.076596,-0.223793,-0.210901,737.3937695566683,52.54638649772349,2507.0905968444017,-410.07645260683984,0.550000,-0.015711,6436.2,6184.4,0.167002,0.143462,1.000000,2.6379,1.0000,,,,,
7.8600,1778670402.333837,655,15.456857,-0.490799,-0.075521,2.6487,-0.2067,-0.065813,15.406661,-0.485559,-0.079580,2.7026,15.471817,-0.493666,-0.075992,2.6424,-0.1192,-0.027869,0.423972,0.4863,15.471817,-0.493666,0.012164,4.6531,-1.000000,1.010531,783.9129,0,1,clay,1.0000,0.500000,0,0,0.000000,0.000000,0.000000,0,nan,0.00,0.909091,0.9271,0.0008,0.480000,1.4004,0.61,4.53,5.74,4.60,-2.103559,9.2619,-1.9506,0.008000,0.117345,0.0920,-0.055178,-0.219956,-0.199057,-185.10060945112548,-63.5749081835512,3093.2474574665057,-240.98290821721764,0.550000,-0.005757,6426.1,6194.5,0.184634,0.178282,-1.000000,2.6400,1.0000,,,,,
7.8720,1778670402.345885,656,15.550675,-0.434838,-0.078602,2.6944,-0.2226,-0.060185,15.438856,-0.491527,-0.080311,2.7198,15.565719,-0.437629,-0.078993,2.6531,-0.1187,-0.015341,0.456374,0.4743,15.565719,-0.437629,0.016765,4.7046,1.000000,0.926084,785.1319,0,1,clay,1.0000,0.500000,0,0,0.000000,0.000000,0.000000,0,nan,0.00,0.931818,0.9306,0.0008,0.492000,1.4115,0.61,4.52,5.73,4.48,-2.109527,9.2200,-1.9848,0.008000,0.085970,-0.2491,-0.001944,-0.227205,-0.196673,-1080.0243872720644,215.5165871491925,3028.357614454443,-84.29611633628535,0.550000,0.004121,6417.9,6202.7,0.198946,0.180918,-1.000000,2.6505,1.0000,,,,,
7.8840,1778670402.357877,657,15.483034,-0.545953,-0.086024,2.7048,-0.1581,-0.072652,15.471179,-0.498031,-0.081322,2.7326,15.498157,-0.548707,-0.086361,2.6637,-0.1059,-0.005333,0.476450,0.4977,15.498157,-0.548707,0.003229,4.6682,1.000000,0.873981,765.6598,0,1,clay,1.0000,0.500000,0,0,0.000000,0.000000,0.000000,0,nan,0.00,0.954545,0.9339,0.0008,0.504000,1.4220,0.61,4.52,5.74,4.50,-2.116031,9.1621,-1.9356,0.008000,0.218278,-0.7475,0.006678,-0.198970,-0.180634,-2883.746192407689,-25.75097645363985,2352.4829350725367,-53.16422074051641,0.550000,0.005778,6412.7,6207.9,0.208020,0.187984,1.000000,2.6610,1.0000,,,,,
7.8960,1778670402.369803,658,15.459490,-0.493083,-0.094781,2.6428,-0.2466,-0.137238,15.503518,-0.505854,-0.083100,2.7426,15.474535,-0.496048,-0.095144,2.6604,-0.1131,-0.009801,0.514795,0.5097,15.474535,-0.496048,-0.007310,4.6547,1.000000,0.817958,765.5639,0,1,clay,1.0000,0.500000,0,0,0.000000,0.000000,0.000000,0,nan,0.00,0.977273,0.9371,0.0007,0.516000,1.4318,0.61,4.55,5.78,4.76,-2.123854,9.0603,-1.9122,0.008000,0.121110,-0.7669,0.009905,-0.204165,-0.181642,-3369.411434301448,-823.7847961776147,2256.8907126698937,-34.879539290044434,0.550000,0.005545,6402.9,6217.7,0.225086,0.219634,1.000000,2.6575,1.0000,,,,,
7.9080,1778670402.381840,659,15.620976,-0.585792,-0.088196,2.7222,-0.1960,-0.186662,15.535867,-0.514404,-0.085226,2.7504,15.636199,-0.588772,-0.088631,2.6731,-0.1100,-0.020464,0.529439,0.5218,15.636199,-0.588772,0.000787,4.7396,1.000000,0.771384,752.7377,0,1,clay,1.0000,0.500000,0,0,0.000000,0.000000,0.000000,0,nan,0.00,1.000000,0.9401,0.0007,0.528000,1.4411,0.61,4.59,5.81,4.82,-2.132404,8.9384,-1.9892,0.008000,0.185749,-0.0990,-0.002275,-0.093578,-0.060057,-3099.823297142305,-523.5538983918755,2207.1780809178003,-191.41911268425736,0.550000,-0.004465,6399.1,6221.5,0.231681,0.208206,1.000000,2.6700,1.0000,,,,,
7.9200,1778670402.394627,660,15.501509,-0.513446,-0.090045,2.6840,-0.1858,-0.194126,15.568305,-0.523388,-0.087534,2.7595,15.516810,-0.516545,-0.090545,2.6759,-0.1058,-0.030179,0.554065,0.5338,15.516810,-0.516545,-0.002890,4.6786,0.000000,0.725056,746.1390,0,1,clay,1.0000,0.500000,0,0,0.000000,0.000000,0.000000,0,nan,0.00,1.000000,0.9430,0.0007,0.528000,1.4498,0.60,4.60,5.81,4.64,-2.141388,8.8062,-1.9192,0.008000,0.029560,-0.3941,-0.001356,-0.213346,-0.215552,-2954.1463820915515,-641.2961273281145,2175.241496441872,-359.0906673347933,0.550000,-0.014169,6392.8,6227.8,0.242664,0.182635,1.000000,2.6727,1.0000,,,,,
7.9320,1778670402.405804,661,15.615967,-0.498809,-0.094024,2.7377,-0.2213,-0.230885,15.600602,-0.533101,-0.090236,2.7581,15.631303,-0.502142,-0.094616,2.6887,-0.1100,-0.045229,0.593941,0.5280,15.631303,-0.502142,-0.009245,4.7372,0.000000,0.651191,734.2552,0,1,clay,1.0000,0.500000,0,0,0.000000,0.000000,0.000000,0,nan,0.00,1.000000,0.9457,0.0006,0.528000,1.4576,0.60,4.57,5.77,4.37,-2.151101,8.6514,-1.9791,0.008000,0.055489,-0.8712,0.006066,-0.203879,-0.217443,-1982.6164460953664,-1777.8871957853105,2459.0246439681678,-528.3428886014904,0.550000,-0.023859,6382.6,6238.0,0.260390,-0.070001,0.000000,2.6853,1.0000,,,,,
7.9440,1778670402.417827,662,15.693997,-0.525510,-0.081514,2.7576,-0.2016,-0.257112,15.632638,-0.543454,-0.093290,2.7289,15.709341,-0.528799,-0.082205,2.7025,-0.1108,-0.062204,0.561245,0.5280,15.709341,-0.528799,0.002795,4.7737,0.000000,0.630846,723.3912,0,1,clay,1.0000,0.500000,0,0,0.000000,0.000000,0.000000,0,nan,0.00,1.000000,0.9483,0.0006,0.528000,1.4652,0.60,4.57,5.77,4.62,-2.097754,9.4163,-2.0448,0.008000,0.098988,0.3561,0.035129,-0.217139,-0.250215,-1798.1975977039626,-1262.7843139228041,2503.446793416895,-701.1621752792702,0.550000,-0.036182,6390.8,6229.8,0.246154,-0.175247,0.000000,2.6993,1.0000,,,,,
7.9560,1778670402.429876,663,15.702372,-0.589038,-0.100548,2.7940,-0.3571,-0.268215,15.664403,-0.554335,-0.096510,2.7177,15.717794,-0.592966,-0.101340,2.7208,-0.1389,-0.078913,0.550192,0.5280,15.717794,-0.592966,-0.014160,4.7775,0.000000,0.620326,720.9554,0,1,clay,1.0000,0.500000,0,0,0.000000,0.000000,0.000000,0,nan,0.00,1.000000,0.9508,0.0006,0.528000,1.4726,0.61,4.57,5.78,4.54,-2.108635,9.2318,-2.0598,0.008000,0.104945,-0.6094,0.039127,-0.251393,-0.287544,-1619.755243319315,-1166.478487144721,2538.1840755131725,-700.1390073045216,0.550000,-0.036195,6393.6,6227.0,0.241318,-0.265703,0.000000,2.7176,1.0000,,,,,
7.9680,1778670402.441796,664,15.711792,-0.449509,-0.096722,2.6748,-0.2098,-0.276777,15.695921,-0.565452,-0.099798,2.6917,15.727139,-0.453474,-0.097597,2.7121,-0.1355,-0.092348,0.483646,0.5280,15.727139,-0.453474,-0.005078,4.7818,-0.417119,0.649819,735.1563,0,1,clay,1.0000,0.500000,0,0,0.000000,0.000000,0.000000,0,nan,0.00,0.990520,0.9532,0.0005,0.522995,1.4804,0.60,4.56,5.77,4.53,-2.119752,9.0434,-2.0901,0.008000,0.083357,-1.0281,0.024553,-0.255262,-0.317948,-1263.6672407797619,-945.974044494729,2600.5829535499547,-893.1227128445735,0.550000,-0.048059,6410.4,6210.2,0.211965,-0.305814,0.000000,2.7093,1.0000,,,,,
7.9800,1778670402.453722,665,15.695650,-0.564474,-0.107153,2.6176,-0.2438,-0.275936,15.727158,-0.576663,-0.103091,2.6745,15.710758,-0.568693,-0.108092,2.6940,-0.1394,-0.103920,0.428622,0.5206,15.710758,-0.568693,-0.020891,4.7743,-1.000000,0.732546,751.4569,0,1,clay,1.0000,0.500000,0,0,0.000000,0.000000,0.000000,0,nan,0.00,0.967793,0.9554,0.0005,0.510995,1.4892,0.59,4.55,5.74,4.50,-2.130963,8.8548,-2.0998,0.008000,0.161866,-1.5256,-0.007160,-0.187105,-0.257406,-600.2320501632449,-826.4005189884447,2864.892052192249,-1031.7292500950234,0.550000,-0.055364,6424.4,6196.2,0.187603,-0.358823,-0.417119,2.6916,1.0000,,,,,
7.9920,1778670402.465892,666,15.794808,-0.620633,-0.106631,2.6145,-0.2860,-0.270026,15.758021,-0.587871,-0.106346,2.6466,15.809826,-0.624974,-0.107620,2.6789,-0.1496,-0.112293,0.382719,0.5052,15.809826,-0.624974,-0.018723,4.8190,1.000000,0.842793,807.9825,0,1,clay,1.0000,0.500000,0,0,0.000000,0.000000,0.000000,0,nan,0.00,0.990520,0.9576,0.0005,0.522995,1.4993,0.60,4.55,5.74,4.52,-2.142171,8.6682,-2.1724,0.008000,0.049437,-1.1309,-0.034723,-0.252594,-0.324580,142.92534245693287,-1044.9232480503765,3224.741598082255,-1094.0629908506494,0.550000,-0.057566,6436.1,6184.5,0.167125,-0.424242,-1.000000,2.6767,1.0000,,,,,
8.0040,1778670402.477813,667,15.869212,-0.600469,-0.104504,2.6058,-0.2650,-0.267783,15.788586,-0.598958,-0.109549,2.6218,15.884146,-0.604851,-0.105530,2.6648,-0.1541,-0.118453,0.323419,0.5287,15.884146,-0.604851,-0.017929,4.8523,-1.000000,0.914790,778.2331,0,1,clay,1.0000,0.500000,0,0,0.000000,0.000000,0.000000,0,nan,0.00,0.967793,0.9596,0.0005,0.510995,1.5103,0.60,4.54,5.74,4.51,-2.153258,8.4847,-2.2305,0.008000,0.146649,-0.4802,-0.048964,-0.254707,-0.333531,152.94772676176015,-672.4118245938105,2661.886057932812,-1167.9569764988466,0.550000,-0.060639,6451.3,6169.3,0.140662,-0.493302,1.000000,2.6629,1.0000,,,,,
8.0160,1778670402.489842,668,15.820050,-0.601951,-0.119855,2.4676,-0.2313,-0.254874,15.818859,-0.609737,-0.112565,2.5967,15.834675,-0.606536,-0.120893,2.6268,-0.1516,-0.120816,0.297487,0.5053,15.834675,-0.606536,-0.031165,4.8301,1.000000,1.009801,829.6508,0,1,clay,1.0000,0.500000,0,0,0.000000,0.000000,0.000000,0,nan,0.00,0.990520,0.9615,0.0004,0.522995,1.5224,0.60,4.55,5.75,4.62,-2.164037,8.3119,-2.2335,0.008000,0.084599,-1.6718,-0.100879,-0.256542,-0.332678,831.2058785655856,-578.9310040621722,3244.5921762151224,-1214.487975571705,0.550000,-0.064638,6458.0,6162.6,0.129033,-0.537825,-1.000000,2.6251,1.0000,,,,,
8.0280,1778670402.501839,669,15.812726,-0.618941,-0.122513,2.7308,-0.3187,-0.149471,15.849385,-0.616280,-0.112775,2.6143,15.827506,-0.623515,-0.123460,2.6476,-0.1630,-0.105903,0.347564,0.5287,15.827506,-0.623515,-0.033619,4.8269,-0.861969,0.986968,799.7954,0,1,clay,1.0000,0.500000,0,0,0.000000,0.000000,0.000000,0,nan,0.00,0.970930,0.9634,0.0004,0.512651,1.5342,0.60,4.54,5.74,4.46,-2.170580,8.2999,-2.2126,0.008000,0.070019,-1.6587,-0.085753,-0.275054,-0.310817,291.6173292405397,-741.3651399233304,2544.405054109407,-905.2592319879868,0.550000,-0.047136,6445.4,6175.1,0.150896,-0.257806,1.000000,2.6456,1.0000,,,,,
8.0400,1778670402.513721,670,15.851772,-0.632932,-0.113989,2.6359,-0.2219,-0.253996,15.879641,-0.626945,-0.115731,2.6005,15.866473,-0.637361,-0.114961,2.6458,-0.1574,-0.111126,0.360789,0.5077,15.866473,-0.637361,-0.025018,4.8444,-1.000000,0.958898,799.4259,0,1,clay,1.0000,0.500000,0,0,0.000000,0.000000,0.000000,0,nan,0.00,0.948203,0.9651,0.0004,0.500651,1.5458,0.59,4.52,5.70,4.42,-2.113245,9.0333,-2.2439,0.008000,0.098417,-0.8509,-0.104406,-0.263854,-0.307484,938.9533072456544,-731.2922480151973,3158.648532637014,-1045.8596799619245,0.550000,-0.053548,6442.0,6178.5,0.156812,-0.150451,-0.861969,2.6437,1.0000,,,,,
8.0520,1778670402.525849,671,15.752536,-0.599600,-0.128674,2.5615,-0.2520,-0.454506,15.909138,-0.641132,-0.120801,2.5660,15.766992,-0.604599,-0.129874,2.6295,-0.1616,-0.149200,0.302590,0.4950,15.766992,-0.604599,-0.039422,4.7998,1.000000,1.032225,790.0354,0,1,clay,1.0000,0.500000,0,0,0.000000,0.000000,0.000000,0,nan,0.00,0.970930,0.9668,0.0004,0.512651,1.5581,0.59,4.50,5.68,4.40,-2.127432,8.7428,-2.2338,0.008000,0.225607,-2.3061,-0.130822,-0.263667,-0.340832,-1457.8424263061054,-2117.7705668261606,3696.132089607133,-1422.9414622012782,0.550000,-0.081955,6456.7,6163.8,0.131192,-0.032392,-1.000000,2.6278,1.0000,,,,,
8.0640,1778670402.537728,672,15.944820,-0.742829,-0.122920,2.5855,-0.2287,-0.470171,15.938142,-0.656327,-0.126537,2.5479,15.959117,-0.748014,-0.124314,2.6212,-0.1615,-0.182852,0.278913,0.5183,15.959117,-0.748014,-0.040449,4.8863,1.000000,1.195572,801.7172,0,1,clay,1.0000,0.500000,0,0,0.000000,0.000000,0.000000,0,nan,0.00,0.993657,0.9684,0.0004,0.524651,1.5725,0.58,4.52,5.67,4.57,-2.142627,8.4142,-2.3384,0.008000,0.104507,-0.7843,-0.156202,-0.237534,-0.366620,-2492.12387117734,-3053.86033282239,3624.8994131405134,-1627.1128338950878,0.550000,-0.108489,6462.8,6157.8,0.120572,-0.020573,1.000000,2.6196,1.0000,,,,,
8.0760,1778670402.549805,673,15.886797,-0.666079,-0.129828,2.4996,-0.1186,-0.508037,15.966739,-0.672520,-0.132857,2.5315,15.900934,-0.671539,-0.131420,2.5982,-0.1415,-0.213702,0.322448,0.5303,15.900934,-0.671539,-0.038594,4.8599,-1.000000,1.170554,850.3421,0,1,clay,1.0000,0.500000,0,0,0.000000,0.000000,0.000000,0,nan,0.00,0.970930,0.9699,0.0004,0.512651,1.5865,0.58,4.52,5.68,4.58,-2.158820,8.0521,-2.3284,0.008000,0.191025,-1.3176,-0.164106,-0.223804,-0.403701,-2067.1897148646294,-3028.1176348584904,3639.832506506635,-1857.6537156832073,0.550000,-0.143513,6452.0,6168.5,0.139379,0.054729,1.000000,2.5964,1.0000,,,,,
8.0880,1778670402.561818,674,15.984942,-0.639013,-0.131413,2.5525,-0.1378,-0.569273,15.994896,-0.689403,-0.139582,2.5045,15.999026,-0.644776,-0.133230,2.5894,-0.1298,-0.249072,0.267707,0.5070,15.999026,-0.644776,-0.042494,4.9047,-1.000000,1.222627,860.6602,0,1,clay,1.0000,0.500000,0,0,0.000000,0.000000,0.000000,0,nan,0.00,0.948203,0.9714,0.0003,0.500651,1.6012,0.58,4.53,5.69,4.53,-2.175703,7.6668,-2.4002,0.008000,0.014541,-0.7408,-0.149004,-0.210508,-0.448054,-1965.8394377247746,-2317.9302577002973,3859.2714645959295,-1888.8750111957688,0.550000,-0.177490,6465.9,6154.7,0.115263,0.093096,-1.000000,2.5879,1.0000,,,,,
8.1000,1778670402.573853,675,16.029014,-0.681279,-0.149774,2.5029,-0.0868,-0.588654,16.022672,-0.706883,-0.146608,2.4983,16.042916,-0.687499,-0.151793,2.5732,-0.1114,-0.279853,0.316940,0.4949,16.042916,-0.687499,-0.059044,4.9252,1.000000,1.186513,912.6212,0,1,clay,1.0000,0.500000,0,0,0.000000,0.000000,0.000000,0,nan,0.00,0.970930,0.9727,0.0003,0.512651,1.6154,0.59,4.52,5.70,4.47,-2.193183,7.2642,-2.4269,0.008000,0.043478,-1.7719,-0.145669,-0.038652,-0.319090,-1343.501252470113,-2558.6886844681953,3959.8718427663953,-2089.7585798461573,0.550000,-0.211555,6453.5,6167.1,0.136860,0.137519,-1.000000,2.5715,1.0000,,,,,
8.1120,1778670402.585734,676,15.955198,-0.737919,-0.152406,2.5342,-0.1534,-0.587871,16.050228,-0.724638,-0.153671,2.4912,15.968930,-0.744371,-0.154577,2.5660,-0.1093,-0.306748,0.315286,0.5183,15.968930,-0.744371,-0.068952,4.8908,-1.000000,1.176521,893.1485,0,1,clay,1.0000,0.500000,0,0,0.000000,0.000000,0.000000,0,nan,0.00,0.948203,0.9741,0.0003,0.500651,1.6296,0.58,4.51,5.67,4.46,-2.210938,6.8595,-2.3996,0.008000,0.203141,-2.0072,-0.132883,-0.169883,-0.512544,-2035.1133659180919,-3005.8468868255154,3833.63957701458,-2148.8707828206648,0.550000,-0.233597,6453.8,6166.7,0.136237,0.166266,1.000000,2.5642,1.0000,,,,,
8.1240,1778670402.597801,677,16.130588,-0.667940,-0.164330,2.3220,-0.2086,-0.587771,16.077549,-0.742449,-0.160676,2.4636,16.143904,-0.674742,-0.166625,2.5192,-0.1180,-0.328328,0.319937,0.4950,16.143904,-0.674742,-0.073697,4.9690,1.000000,1.136674,949.3032,0,1,clay,1.0000,0.500000,0,0,0.000000,0.000000,0.000000,0,nan,0.00,0.970930,0.9753,0.0003,0.512651,1.6432,0.58,4.52,5.67,4.56,-2.228749,6.4582,-2.5055,0.008000,0.039405,-1.7965,-0.139209,-0.117790,-0.465096,-757.0622601715785,-2967.5584338788626,3823.7694317629134,-2210.5740075879203,0.550000,-0.251229,6452.6,6167.9,0.138323,0.092247,-1.000000,2.5174,1.0000,,,,,
8.1360,1778670402.609766,678,16.219926,-0.841674,-0.165261,2.5171,-0.1972,-0.578345,16.104715,-0.760319,-0.167615,2.4784,16.233218,-0.848663,-0.167653,2.5194,-0.1221,-0.344131,0.370225,0.5183,16.233218,-0.848663,-0.079383,4.9966,-1.000000,1.071901,947.7970,0,1,clay,1.0000,0.500000,0,0,0.000000,0.000000,0.000000,0,nan,0.00,0.948203,0.9765,0.0003,0.500651,1.6561,0.57,4.51,5.66,4.46,-2.246619,6.0606,-2.5182,0.008000,0.203119,-1.7883,-0.165024,-0.164848,-0.553254,-553.1998245712548,-2465.3697617652556,3772.934797580435,-2312.995192000052,0.550000,-0.261671,6439.8,6180.7,0.160625,-0.193184,1.000000,2.5173,1.0000,,,,,
8.1480,1778670402.621856,679,16.107458,-0.785593,-0.170067,2.5116,-0.0282,-0.576107,16.131666,-0.778359,-0.174541,2.4629,16.120731,-0.792596,-0.172530,2.5182,-0.0946,-0.354015,0.350785,0.4950,16.120731,-0.792596,-0.085062,4.9598,1.000000,1.078598,959.7115,0,1,clay,1.0000,0.500000,0,0,0.000000,0.000000,0.000000,0,nan,0.00,0.970930,0.9776,0.0003,0.512651,1.6690,0.58,4.50,5.66,4.46,-2.192559,6.4910,-2.4969,0.008000,0.086566,-2.5207,-0.165643,-0.141489,-0.561410,-266.2674562950333,-2510.6620960581727,3950.1307350848,-2329.9789897922583,0.550000,-0.281924,6444.7,6175.9,0.152201,-0.301399,-1.000000,2.5162,1.0000,,,,,
8.1600,1778670402.633826,680,16.204394,-0.816293,-0.180739,2.4555,-0.2068,-0.565939,16.158341,-0.796348,-0.181347,2.4453,16.217480,-0.823553,-0.183249,2.5062,-0.1051,-0.362971,0.320125,0.5183,16.217480,-0.823553,-0.095278,4.9929,-1.000000,1.086711,964.8845,0,1,clay,1.0000,0.500000,0,0,0.000000,0.000000,0.000000,0,nan,0.00,0.948203,0.9787,0.0002,0.500651,1.6820,0.58,4.51,5.67,4.57,-2.210548,6.1010,-2.5476,0.008000,0.228137,-2.0595,-0.155336,-0.166566,-0.573232,-95.43649165339298,-2479.517038099275,3704.4819425293185,-2278.0744549696983,0.550000,-0.285429,6452.4,6168.1,0.138651,-0.363757,1.000000,2.5044,1.0000,,,,,
8.1720,1778670402.645779,681,16.136255,-0.891866,-0.183738,2.3600,-0.2605,-0.556504,16.184701,-0.814210,-0.188047,2.4279,16.149145,-0.899296,-0.186283,2.4781,-0.1233,-0.368706,0.293778,0.4950,16.149145,-0.899296,-0.093359,4.9710,1.000000,1.096514,1027.3001,0,1,clay,1.0000,0.500000,0,0,0.000000,0.000000,0.000000,0,nan,0.00,0.970930,0.9797,0.0002,0.512651,1.6952,0.58,4.50,5.65,4.43,-2.228410,5.7172,-2.5431,0.008000,0.101330,-2.3571,-0.172586,-0.185874,-0.571118,225.49678099246023,-2353.669045022181,3677.977384816296,-2217.024284039576,0.550000,-0.285289,6459.1,6161.4,0.126995,-0.406448,-1.000000,2.4765,1.0000,,,,,
8.1840,1778670402.657808,682,16.139193,-0.888834,-0.199659,2.3059,-0.2094,-0.548537,16.210794,-0.831842,-0.194570,2.4106,16.151754,-0.896475,-0.202217,2.4452,-0.1289,-0.371351,0.303765,0.5183,16.151754,-0.896475,-0.108148,4.9720,-1.000000,1.103636,1057.3311,0,1,clay,1.0000,0.500000,0,0,0.000000,0.000000,0.000000,0,nan,0.00,0.948203,0.9807,0.0002,0.500651,1.7084,0.58,4.50,5.66,4.49,-2.246042,5.3434,-2.5613,0.008000,0.136176,-2.6854,-0.186981,-0.194593,-0.552995,437.3191851904704,-1984.6307500966145,3550.1440175127354,-2223.2394777204354,0.550000,-0.289062,6456.6,6164.0,0.131383,-0.477022,1.000000,2.4435,1.0000,,,,,
8.1960,1778670402.669733,683,16.228326,-0.852685,-0.205698,2.3356,-0.2233,-0.523067,16.236706,-0.848754,-0.200645,2.3845,16.240685,-0.860375,-0.208238,2.4241,-0.1355,-0.369788,0.265986,0.4950,16.240685,-0.860375,-0.115965,4.9982,1.000000,1.171025,1097.9003,0,1,clay,1.0000,0.500000,0,0,0.000000,0.000000,0.000000,0,nan,0.00,0.970930,0.9816,0.0002,0.512651,1.7225,0.57,4.51,5.65,4.57,-2.262954,4.9954,-2.6137,0.008000,0.123082,-2.7251,-0.193581,-0.200820,-0.537079,1290.3980748722283,-1901.0047719587255,3471.5554264180746,-2183.3852945477483,0.550000,-0.287301,6466.2,6154.4,0.114692,-0.564641,-1.000000,2.4226,1.0000,,,,,
8.2080,1778670402.681797,684,16.249070,-0.920462,-0.211412,2.3548,-0.1419,-0.463167,16.262411,-0.864945,-0.206326,2.3628,16.261380,-0.928049,-0.213882,2.4110,-0.1246,-0.356601,0.265620,0.5183,16.261380,-0.928049,-0.118545,5.0000,-1.000000,1.174705,1100.0319,0,1,clay,1.0000,0.500000,0,0,0.000000,0.000000,0.000000,0,nan,0.00,0.948203,0.9825,0.0002,0.500651,1.7366,0.57,4.51,5.65,4.48,-2.279145,4.6699,-2.6372,0.008000,0.144538,-1.8125,-0.195464,-0.082541,-0.382201,1419.1507289431415,-1345.3771662399931,3346.401843071781,-2201.5793621150797,0.550000,-0.283891,6466.4,6154.2,0.114356,-0.648114,1.000000,2.4095,1.0000,,,,,
8.2200,1778670402.694834,685,16.440364,-0.832879,-0.203138,2.3957,-0.1467,-0.477347,16.287817,-0.880805,-0.211887,2.3464,16.452686,-0.840216,-0.205553,2.4086,-0.1172,-0.349613,0.317835,0.4950,16.452686,-0.840216,-0.104907,5.0000,1.000000,1.115244,1089.6442,0,1,clay,1.0000,0.500000,0,0,0.000000,0.000000,0.000000,0,nan,0.00,0.970930,0.9833,0.0002,0.512651,1.7500,0.56,4.51,5.63,4.51,-2.295005,4.3512,-2.6536,0.008000,0.227903,-1.0248,-0.190729,-0.179919,-0.468947,281.7869796219312,-1257.124457127834,3448.901492070083,-2222.9903681157475,0.550000,-0.281669,6453.1,6167.4,0.137416,-0.594356,-1.000000,2.4068,1.0000,,,,,
8.2320,1778670402.705784,686,16.268151,-0.805807,-0.225772,2.4109,-0.0971,-0.459575,16.312952,-0.896582,-0.217470,2.3177,16.280341,-0.813245,-0.228130,2.4093,-0.1017,-0.339794,0.302331,0.5183,16.280341,-0.813245,-0.126211,5.0000,-1.000000,1.119663,1117.2654,0,1,clay,1.0000,0.500000,0,0,0.000000,0.000000,0.000000,0,nan,0.00,0.948203,0.9841,0.0002,0.500651,1.7634,0.56,4.54,5.66,4.74,-2.310782,4.0314,-2.6823,0.008000,0.115613,-1.5077,-0.143542,-0.112511,-0.398179,1015.5746665091799,-1703.0244636037603,3338.281481562979,-2216.096170708386,0.550000,-0.280981,6457.0,6163.6,0.130719,-0.678881,1.000000,2.4076,1.0000,,,,,
8.2440,1778670402.717758,687,16.314943,-0.940099,-0.218729,2.2132,-0.1327,-0.447289,16.337862,-0.911933,-0.222819,2.2978,16.327030,-0.947296,-0.221032,2.3717,-0.0959,-0.329261,0.300739,0.4950,16.327030,-0.947296,-0.124145,5.0000,1.000000,1.139368,1151.0890,0,1,clay,1.0000,0.500000,0,0,0.000000,0.000000,0.000000,0,nan,0.00,0.970930,0.9849,0.0002,0.512651,1.7771,0.55,4.55,5.65,4.63,-2.326133,3.7249,-2.7022,0.008000,0.155078,-0.9547,-0.186420,-0.139061,-0.415907,1033.0365313841185,-1118.5545868875497,3222.471612312017,-2224.361427376198,0.550000,-0.280447,6457.4,6163.2,0.130000,-0.800000,-1.000000,2.3700,1.0000,,,,,
8.2560,1778670402.729561,688,16.397143,-0.921328,-0.232983,2.2983,-0.1120,-0.431742,16.362460,-0.926807,-0.227895,2.2568,16.408989,-0.928482,-0.235209,2.3575,-0.0875,-0.319607,0.246313,0.5182,16.408989,-0.928482,-0.139674,5.0000,-1.000000,1.248597,1138.3108,0,1,clay,1.0000,0.500000,0,0,0.000000,0.000000,0.000000,0,nan,0.00,0.948203,0.9856,0.0002,0.500651,1.7921,0.52,4.58,5.62,4.74,-2.341007,3.4340,-2.7432,0.008000,0.046083,-1.4354,-0.197149,-0.118257,-0.360566,1279.8246757300744,-1037.1913139672017,3169.4724669885572,-2194.7372869424294,0.550000,-0.277704,6471.2,6149.4,0.105943,-0.795679,1.000000,2.3561,1.0000,,,,,
8.2680,1778670402.741932,689,16.368911,-0.867479,-0.231350,2.3260,-0.0969,-0.399446,16.386691,-0.941327,-0.232785,2.2338,16.380958,-0.874510,-0.233518,2.3514,-0.0760,-0.303100,0.206697,0.4950,16.380958,-0.874510,-0.139651,5.0000,1.000000,1.278697,1151.2813,0,1,clay,1.0000,0.500000,0,0,0.000000,0.000000,0.000000,0,nan,0.00,0.970930,0.9863,0.0002,0.512651,1.8074,0.55,4.57,5.66,4.51,-2.279627,3.9583,-2.7662,0.008000,0.106553,-0.6763,-0.187973,-0.136302,-0.379671,1295.6894636071106,-931.2263734072878,3065.123849827153,-2186.63020794259,0.550000,-0.271802,6481.4,6139.2,0.088136,-0.747443,-1.000000,2.3503,1.0000,,,,,
8.2800,1778670402.753910,690,16.452451,-0.848396,-0.236241,2.2203,-0.0300,-0.391759,16.410657,-0.955488,-0.237524,2.2097,16.464447,-0.855246,-0.238338,2.3261,-0.0551,-0.288090,0.168264,0.5184,16.464447,-0.855246,-0.133504,5.0000,-1.000000,1.298281,1167.1608,0,1,clay,1.0000,0.500000,0,0,0.000000,0.000000,0.000000,0,nan,0.00,0.948203,0.9870,0.0002,0.500651,1.8230,0.57,4.58,5.72,4.66,-2.293788,3.6867,-2.7903,0.008000,0.182090,-0.7499,-0.182379,-0.064466,-0.325933,907.1274824891907,-881.9047004686182,2961.942830718578,-2177.047949456535,0.550000,-0.273400,6491.2,6129.4,0.071073,-0.800000,1.000000,2.3251,1.0000,,,,,
8.2920,1778670402.765865,691,16.401217,-1.013621,-0.244848,2.2233,-0.0638,-0.381981,16.434367,-0.969293,-0.242138,2.1832,16.413158,-1.020410,-0.246880,2.3062,-0.0441,-0.274653,0.140156,0.4949,16.413158,-1.020410,-0.156213,5.0000,1.000000,1.283582,1219.5067,0,1,clay,1.0000,0.500000,0,0,0.000000,0.000000,0.000000,0,nan,0.00,0.970930,0.9876,0.0001,0.512651,1.8384,0.58,4.60,5.76,4.69,-2.307593,3.4224,-2.8168,0.008000,0.025379,-0.3149,-0.170119,-0.081426,-0.356040,795.2706891460194,-966.7453664391755,2907.6834727152814,-2160.343024308097,0.550000,-0.270713,6498.4,6122.2,0.058594,-0.800000,-1.000000,2.3054,1.0000,,,,,
8.3040,1778670402.777702,692,16.388872,-0.974236,-0.245258,2.1892,0.0048,-0.371739,16.457871,-0.982736,-0.246616,2.1587,16.400704,-0.980747,-0.247212,2.2835,-0.0233,-0.262130,0.095414,0.5184,16.400704,-0.980747,-0.146129,5.0000,-1.000000,1.343117,1217.9800,0,1,clay,1.0000,0.500000,0,0,0.000000,0.000000,0.000000,0,nan,0.00,0.948203,0.9882,0.0001,0.500651,1.8545,0.56,4.60,5.73,4.63,-2.321036,3.1658,-2.8413,0.008000,0.072727,-0.0024,-0.167748,-0.014305,-0.307006,881.368041769141,-1120.0636079071687,2792.9629083724208,-2127.246575301082,0.550000,-0.273270,6509.7,6110.9,0.038886,-0.800000,1.000000,2.2829,1.0000,,,,,
8.3160,1778670402.790008,693,16.445812,-1.023539,-0.261640,2.1469,-0.0095,-0.365764,16.481088,-0.995878,-0.250962,2.1351,16.457397,-1.030003,-0.263524,2.2570,-0.0092,-0.251251,0.080170,0.4950,16.457397,-1.030003,-0.171118,5.0000,1.000000,1.352113,1258.1095,0,1,clay,1.0000,0.500000,0,0,0.000000,0.000000,0.000000,0,nan,0.00,0.970930,0.9888,0.0001,0.512651,1.8707,0.55,4.60,5.69,4.55,-2.334178,2.9168,-2.8649,0.008000,0.042108,-0.6932,-0.180923,-0.043870,-0.352589,1123.7422147350912,-1183.2548608249176,2771.4704544007277,-2106.99416260985,0.550000,-0.274375,6513.6,6107.0,0.032017,-0.800000,-1.000000,2.2566,1.0000,,,,,
8.3280,1778670402.801761,694,16.461480,-1.021089,-0.259590,2.0942,-0.0532,-0.346073,16.504024,-1.008741,-0.255175,2.1102,16.472910,-1.027340,-0.261400,2.2254,-0.0054,-0.239654,0.044848,0.5183,16.472910,-1.027340,-0.167942,5.0000,-1.000000,1.429126,1259.7082,0,1,clay,1.0000,0.500000,0,0,0.000000,0.000000,0.000000,0,nan,0.00,0.948203,0.9893,0.0001,0.500651,1.8879,0.55,4.62,5.71,4.75,-2.347041,2.6754,-2.8898,0.008000,0.221297,-1.0930,-0.215212,-0.003210,-0.301821,1180.7955919493986,-1465.5683438561473,2604.188872657718,-2048.4255713201674,0.550000,-0.270244,6522.6,6098.0,0.016407,-0.575265,1.000000,2.2252,1.0000,,,,,
8.3400,1778670402.813891,695,16.587411,-1.052233,-0.255644,2.1437,-0.0747,-0.334705,16.526712,-1.021336,-0.259255,2.0847,16.598909,-1.058364,-0.257397,2.2094,-0.0051,-0.227304,0.000298,0.4949,16.598909,-1.058364,-0.152282,4.9979,-1.000000,1.563284,1268.1198,0,1,clay,1.0000,0.500000,0,0,0.000000,0.000000,0.000000,0,nan,0.00,0.925475,0.9898,0.0001,0.488651,1.9000,0.56,4.63,5.75,4.70,-2.359636,2.4416,-2.9132,0.008000,0.150096,0.3705,-0.230137,-0.057126,-0.332976,1426.4805157090177,-2132.8534909689733,2582.814310077284,-1983.4758133936728,0.550000,-0.262376,6534.0,6086.6,-0.003489,-0.476361,-1.000000,2.2094,1.0000,,,,,
8.3520,1778670402.825513,696,16.585316,-0.961593,-0.260926,2.0933,-0.0074,-0.321635,16.549201,-1.033578,-0.263135,2.0667,16.596569,-0.967515,-0.262593,2.1867,0.0061,-0.216767,-0.027391,0.4830,16.596569,-0.967515,-0.160541,4.9979,-1.000000,1.745212,1262.9042,0,1,clay,1.0000,0.500000,0,0,0.000000,0.000000,0.000000,0,nan,0.00,0.902748,0.9903,0.0001,0.476651,1.9000,0.52,4.66,5.70,4.79,-2.371878,2.2193,-2.9312,0.008000,0.106291,-0.3992,-0.214828,-0.012285,-0.288912,1497.480325160673,-1592.444683360346,2499.925930690138,-1934.3640076300417,0.550000,-0.260733,6541.1,6079.4,-0.016008,-0.393023,-1.000000,2.1869,1.0000,,,,,
8.3640,1778670402.837790,697,16.542374,-1.075610,-0.267853,2.0652,0.0903,-0.312713,16.571521,-1.045461,-0.266854,2.0475,16.553580,-1.081333,-0.269455,2.1631,0.0338,-0.203016,-0.045193,0.4710,16.553580,-1.081333,-0.172143,4.9983,1.000000,1.922288,1316.7913,0,1,clay,1.0000,0.500000,0,0,0.000000,0.000000,0.000000,0,nan,0.00,0.925475,0.9908,0.0001,0.488651,1.9000,0.52,4.66,5.70,4.65,-2.383761,2.0062,-2.9508,0.008000,0.088256,-0.0392,-0.218750,-0.030867,-0.334990,1597.9948380047617,-2930.177385525416,2432.670312936105,-1910.8038369021208,0.550000,-0.266884,6545.9,6074.6,-0.024344,-0.312010,-1.000000,2.1633,1.0000,,,,,
8.3760,1778670402.849776,698,16.633063,-1.059990,-0.272727,2.0320,0.0292,-0.299642,16.593718,-1.056887,-0.270328,2.0303,16.644171,-1.065571,-0.274263,2.1375,0.0452,-0.190875,-0.061654,0.4944,16.644171,-1.065571,-0.166004,4.9983,1.000000,1.971191,1343.0431,0,1,clay,1.0000,0.500000,0,0,0.000000,0.000000,0.000000,0,nan,0.00,0.948203,0.9912,0.0001,0.500651,1.9000,0.53,4.63,5.68,4.46,-2.395187,1.8072,-2.9679,0.008000,0.085959,-0.5099,-0.234176,0.028134,-0.288379,1992.699421393565,-3250.335899789126,2365.3166414920265,-1884.3724391636497,0.550000,-0.265679,6550.4,6070.2,-0.032067,-0.231407,1.000000,2.1379,1.0000,,,,,
8.3880,1778670402.861850,699,16.747317,-1.105453,-0.272323,1.9379,-0.0026,-0.258146,16.615844,-1.067900,-0.273518,2.0184,16.758266,-1.110804,-0.273762,2.0989,0.0491,-0.174667,-0.056127,0.5064,16.758266,-1.110804,-0.163106,5.0000,1.000000,2.000000,1421.7928,0,1,clay,1.0000,0.500000,0,0,0.000000,0.000000,0.000000,0,nan,0.00,0.970930,0.9916,0.0001,0.512651,1.9000,0.54,4.60,5.68,4.45,-2.406200,1.6244,-2.9816,0.008000,0.161518,-0.2966,-0.243683,-0.042521,-0.355780,1974.5372996281012,-2682.968548260867,2358.567707427756,-1837.3116501880731,0.550000,-0.258041,6549.0,6071.5,-0.029752,-0.123918,1.000000,2.0992,1.0000,,,,,
8.4000,1778670402.873757,700,16.620102,-1.052601,-0.281242,1.9898,0.0339,-0.248896,16.637929,-1.078582,-0.276489,2.0104,16.630892,-1.057806,-0.282587,2.0777,0.0589,-0.160368,-0.046471,0.5183,16.630892,-1.057806,-0.171362,4.9981,-0.267103,1.893767,1451.9654,0,1,clay,1.0000,0.500000,0,0,0.000000,0.000000,0.000000,0,nan,0.00,0.964859,0.9920,0.0001,0.509446,1.9000,0.54,4.62,5.70,4.73,-2.337182,2.1934,-2.9877,0.008000,0.070636,-0.3951,-0.242179,0.053829,-0.241152,2355.3624640800763,-3604.9937294894344,2358.454436666917,-1832.34513193338,0.550000,-0.252295,6546.6,6074.0,-0.025539,-0.070918,1.000000,2.0780,1.0000,,,,,
8.4120,1778670402.885677,701,16.676556,-1.067472,-0.275869,2.0429,0.0060,-0.225577,16.660049,-1.088912,-0.279219,2.0081,16.687337,-1.072432,-0.277118,2.0711,0.0625,-0.145754,-0.029479,0.5079,16.687337,-1.072432,-0.165674,4.9990,1.000000,1.863006,1446.3599,0,1,clay,1.0000,0.500000,0,0,0.000000,0.000000,0.000000,0,nan,0.00,0.987587,0.9924,0.0001,0.521446,1.9000,0.52,4.61,5.65,4.57,-2.347512,2.0370,-2.9909,0.008000,0.066841,-0.1401,-0.221744,-0.054547,-0.344469,2349.8064272338934,-3525.903357658798,2100.509746103094,-1814.665183117133,0.550000,-0.240421,6542.1,6078.4,-0.017750,-0.030250,-0.267103,2.0712,1.0000,,,,,
8.4240,1778670402.897732,702,16.721017,-1.169523,-0.282123,2.0568,-0.0008,-0.211629,16.682236,-1.098969,-0.281720,2.0092,16.731779,-1.174398,-0.283283,2.0684,0.0647,-0.131569,-0.004540,0.5271,16.731779,-1.174398,-0.180043,4.9997,-1.000000,1.822346,1431.6673,0,1,clay,1.0000,0.500000,0,0,0.000000,0.000000,0.000000,0,nan,0.00,0.964859,0.9928,0.0001,0.509446,1.9000,0.52,4.59,5.63,4.46,-2.357569,1.8937,-2.9905,0.008000,0.070321,0.3739,-0.196594,0.008470,-0.249964,3094.772466920619,-2473.101561253442,2444.077772317466,-1807.2466907986668,0.550000,-0.227729,6535.8,6084.8,-0.006655,0.024962,1.000000,2.0685,1.0000,,,,,
8.4360,1778670402.909794,703,16.746393,-1.181287,-0.282779,2.0651,0.0840,-0.192056,16.704536,-1.108649,-0.284000,2.0106,16.757213,-1.185928,-0.283844,2.0679,0.0821,-0.115389,0.015534,0.5038,16.757213,-1.185928,-0.180452,5.0000,-1.000000,1.808906,1412.1922,0,1,clay,1.0000,0.500000,0,0,0.000000,0.000000,0.000000,0,nan,0.00,0.942132,0.9931,0.0001,0.497446,1.9000,0.53,4.58,5.64,4.50,-2.367249,1.7631,-2.9894,0.008000,0.091206,0.1482,-0.162068,-0.049506,-0.320459,3002.231672728909,-2278.7359959922746,2496.737790205688,-1805.3804921239962,0.550000,-0.221826,6530.6,6089.9,0.002312,0.078066,-1.000000,2.0678,1.0000,,,,,
8.4480,1778670402.921748,704,16.766317,-1.152416,-0.290735,2.0574,0.1825,-0.155440,16.727054,-1.117826,-0.285992,2.0192,16.777174,-1.156774,-0.291680,2.0661,0.1133,-0.096229,0.052784,0.4918,16.777174,-1.156774,-0.189835,5.0000,-1.000000,1.835283,1366.1273,0,1,clay,1.0000,0.500000,0,0,0.000000,0.000000,0.000000,0,nan,0.00,0.919405,0.9935,0.0001,0.485446,1.9000,0.53,4.59,5.65,4.64,-2.376426,1.6489,-2.9808,0.008000,0.035707,-0.6078,-0.143604,-0.067317,-0.364332,3575.373255825831,-2462.782641233757,2604.075440297959,-1830.9865069997027,0.550000,-0.220413,6521.2,6099.4,0.018802,0.120607,-1.000000,2.0658,1.0000,,,,,
8.4600,1778670402.933686,705,16.789673,-1.049387,-0.292463,2.0041,0.1051,-0.137908,16.749827,-1.126534,-0.287678,2.0288,16.800516,-1.053509,-0.293298,2.0544,0.1249,-0.078984,0.095310,0.4798,16.800516,-1.053509,-0.183869,5.0000,1.000000,1.867925,1384.5755,0,1,clay,1.0000,0.500000,0,0,0.000000,0.000000,0.000000,0,nan,0.00,0.942132,0.9938,0.0001,0.497446,1.9000,0.52,4.58,5.63,4.56,-2.385134,1.5523,-2.9712,0.008000,0.011003,-0.4694,-0.130133,-0.128839,-0.425856,3395.8034366250276,-1765.849008832026,2710.082708242216,-1875.2048338863808,0.550000,-0.210681,6510.4,6110.1,0.037518,0.191389,-1.000000,2.0539,1.0000,,,,,
8.4720,1778670402.945766,706,16.757286,-1.141355,-0.283682,2.0048,0.0581,-0.119444,16.772869,-1.134810,-0.289130,2.0420,16.768168,-1.145202,-0.284413,2.0452,0.1274,-0.061554,0.144396,0.5031,16.768168,-1.145202,-0.181799,5.0000,-1.000000,1.837963,1414.5731,0,1,clay,1.0000,0.500000,0,0,0.000000,0.000000,0.000000,0,nan,0.00,0.919405,0.9941,0.0001,0.485446,1.9000,0.53,4.58,5.64,4.60,-2.393410,1.4692,-2.9580,0.008000,0.025444,0.3480,-0.114171,-0.048465,-0.286986,2812.4056755167776,-1408.6877945690644,2726.4686884297626,-1929.5591903861555,0.550000,-0.195560,6498.1,6122.5,0.059107,0.225333,1.000000,2.0444,1.0000,,,,,
8.4840,1778670402.957845,707,16.851252,-1.201574,-0.289902,2.0382,0.0545,-0.109196,16.796189,-1.142778,-0.290400,2.0571,16.862178,-1.205372,-0.290549,2.0442,0.1253,-0.049980,0.187421,0.4798,16.862178,-1.205372,-0.186707,5.0000,1.000000,1.680690,1416.2723,0,1,clay,1.0000,0.500000,0,0,0.000000,0.000000,0.000000,0,nan,0.00,0.942132,0.9944,0.0001,0.497446,1.9000,0.53,4.59,5.66,4.64,-2.401378,1.3964,-2.9429,0.008000,0.054188,0.1975,-0.088211,-0.052054,-0.277786,2948.367939319991,-1407.0371419086573,2887.1751198161055,-1969.0842142572312,0.550000,-0.180693,6487.1,6133.4,0.078164,0.245343,-1.000000,2.0432,1.0000,,,,,
8.4960,1778670402.969733,708,16.810108,-1.110092,-0.280697,2.1184,0.1825,-0.093934,16.819865,-1.150320,-0.291436,2.0778,16.821192,-1.113528,-0.281248,2.0591,0.1489,-0.034418,0.239726,0.5031,16.821192,-1.113528,-0.169366,5.0000,1.000000,1.544950,1386.5905,0,1,clay,1.0000,0.500000,0,0,0.000000,0.000000,0.000000,0,nan,0.00,0.964859,0.9946,0.0001,0.509446,1.9000,0.52,4.60,5.64,4.63,-2.408920,1.3370,-2.9222,0.008000,0.163619,0.6034,-0.035521,-0.026604,-0.261053,3164.9164654647902,-1669.779334956976,2667.847587258366,-2038.2301450159684,0.550000,-0.176691,6473.7,6146.9,0.101665,0.231103,1.000000,2.0577,1.0000,,,,,
8.5080,1778670402.981647,709,16.839484,-1.192388,-0.298191,2.1094,0.1173,-0.063485,16.843887,-1.157534,-0.292259,2.0976,16.850617,-1.195835,-0.298639,2.0693,0.1568,-0.017902,0.292182,0.5151,16.850617,-1.195835,-0.196424,5.0000,1.000000,1.439054,1364.9685,0,1,clay,1.0000,0.500000,0,0,0.000000,0.000000,0.000000,0,nan,0.00,0.987587,0.9949,0.0001,0.521446,1.9000,0.52,4.60,5.63,4.58,-2.416134,1.2899,-2.9024,0.008000,0.059783,0.0248,-0.005373,-0.011019,-0.233115,3009.3323406864965,-1304.8191606469554,2589.3319280862697,-2039.498508895797,0.550000,-0.162976,6460.2,6160.4,0.125166,0.259225,1.000000,2.0677,1.0000,,,,,
8.5200,1778670402.993595,710,16.806616,-1.150677,-0.286632,2.1200,0.1331,-0.047299,16.868213,-1.164458,-0.292899,2.1129,16.817874,-1.153802,-0.286980,2.0796,0.1661,-0.002097,0.325054,0.5271,16.817874,-1.153802,-0.186493,5.0000,0.546191,1.357475,1336.0640,0,1,clay,1.0000,0.500000,0,0,0.000000,0.000000,0.000000,0,nan,0.00,1.000000,0.9951,0.0001,0.528000,1.9000,0.51,4.63,5.65,4.81,-2.423058,1.2532,-2.8871,0.008000,0.074697,0.2900,0.009730,-0.006416,-0.219593,2624.178166689755,-817.8814791097797,2534.4706363483238,-1992.5759951580744,0.550000,-0.150737,6451.7,6168.9,0.139953,0.288035,1.000000,2.0778,1.0000,,,,,
8.5320,1778670403.005713,711,16.997046,-1.161433,-0.302715,2.1276,0.1168,-0.041593,16.892881,-1.171114,-0.293399,2.1372,17.008424,-1.164619,-0.302979,2.0896,0.1708,0.011623,0.375602,0.5311,17.008424,-1.164619,-0.193649,5.0000,0.000000,1.260100,1324.1589,0,1,clay,1.0000,0.500000,0,0,0.000000,0.000000,0.000000,0,nan,0.00,1.000000,0.9954,0.0001,0.528000,1.9000,0.51,4.62,5.65,4.60,-2.346714,1.8975,-2.8628,0.008000,0.110469,-0.3595,0.019525,-0.006304,-0.214255,2697.141457198408,-958.609448964643,2545.7275377208425,-1906.3430805302592,0.550000,-0.138454,6438.8,6181.8,0.162453,0.297206,0.546191,2.0875,1.0000,,,,,
8.5440,1778670403.017750,712,16.945063,-1.227062,-0.300319,2.1178,0.2040,-0.037069,16.917922,-1.177628,-0.293800,2.1637,16.956586,-1.230030,-0.300511,2.0957,0.1880,0.022425,0.425751,0.5280,16.956586,-1.230030,-0.199739,5.0000,0.000000,1.166724,1302.7198,0,1,clay,1.0000,0.500000,0,0,0.000000,0.000000,0.000000,0,nan,0.00,1.000000,0.9956,0.0001,0.528000,1.9000,0.52,4.62,5.67,4.61,-2.353228,1.8745,-2.8363,0.008000,0.027420,-0.2828,0.023918,-0.020933,-0.237907,2323.6461511537664,-702.9257459028527,2535.3158805071507,-1856.6212540881825,0.543906,-0.135934,6426.0,6194.6,0.184828,0.315475,0.000000,2.0933,1.0000,,,,,
8.5560,1778670403.029624,713,17.018209,-1.162087,-0.289450,2.2382,0.1449,-0.023570,16.943329,-1.183924,-0.294066,2.1869,17.029910,-1.164839,-0.289575,2.1240,0.1920,0.032204,0.472828,0.5280,17.029910,-1.164839,-0.182277,4.9999,0.000000,1.072123,1257.9306,0,1,clay,1.0000,0.500000,0,0,0.000000,0.000000,0.000000,0,nan,0.00,1.000000,0.9958,0.0000,0.528000,1.9000,0.52,4.60,5.64,4.50,-2.359524,1.8593,-2.8130,0.008000,0.072979,0.6791,0.050028,-0.171093,-0.386789,2277.8279856153968,-743.0813256467014,2469.985953791878,-1723.5951844852966,0.530868,-0.125082,6413.9,6206.7,0.205859,0.292870,0.000000,2.1214,1.0000,,,,,
8.5680,1778670403.041754,714,16.905701,-1.107904,-0.288854,2.1100,0.2202,-0.004345,16.969119,-1.189980,-0.294165,2.2134,16.917459,-1.110442,-0.288906,2.1221,0.2075,0.043314,0.518464,0.5280,16.917459,-1.110442,-0.182221,5.0000,0.000000,0.990078,1262.7544,0,1,clay,1.0000,0.500000,0,0,0.000000,0.000000,0.000000,0,nan,0.00,1.000000,0.9960,0.0000,0.528000,1.9000,0.53,4.62,5.68,4.74,-2.365580,1.8536,-2.7866,0.008000,0.090997,0.7072,0.055260,-0.064976,-0.194390,2565.661062608223,-1024.9516343911318,2390.801536799281,-1652.2108299941428,0.510835,-0.121696,6402.2,6218.4,0.226243,0.342630,0.000000,2.1192,1.0000,,,,,
8.5800,1778670403.053736,715,17.053878,-1.223118,-0.294727,2.2613,0.1598,0.003028,16.995310,-1.195834,-0.294140,2.2406,17.065874,-1.225665,-0.294710,2.1498,0.2108,0.053719,0.562155,0.5280,17.065874,-1.225665,-0.186536,4.9999,0.000000,0.895343,1224.7336,0,1,clay,1.0000,0.500000,0,0,0.000000,0.000000,0.000000,0,nan,0.00,1.000000,0.9962,0.0000,0.528000,1.9000,0.53,4.62,5.68,4.57,-2.371434,1.8550,-2.7593,0.008000,0.092222,-0.2382,0.087069,-0.009453,-0.210050,2016.2063183655353,-653.3296865116777,2348.5272701600134,-1504.4418902427983,0.499500,-0.110849,6391.0,6229.5,0.245726,0.308720,0.000000,2.1467,1.0000,,,,,
8.5920,1778670403.065644,716,17.051564,-1.230794,-0.287792,2.2677,0.1531,0.014461,17.021885,-1.201509,-0.293983,2.2667,17.063685,-1.233183,-0.287714,2.1735,0.2118,0.062981,0.603576,0.5280,17.063685,-1.233183,-0.180298,4.9999,0.000000,0.807987,1190.9551,0,1,clay,1.0000,0.500000,0,0,0.000000,0.000000,0.000000,0,nan,0.00,1.000000,0.9964,0.0000,0.528000,1.9000,0.52,4.63,5.68,4.73,-2.377109,1.8640,-2.7332,0.008000,0.029793,0.4443,0.107142,-0.018179,-0.165597,2224.254905879043,-777.2179668464954,2314.83402933475,-1356.3299398889274,0.489567,-0.099911,6380.4,6240.2,0.264262,0.317812,0.000000,2.1701,1.0000,,,,,
8.6040,1778670403.077750,717,17.014005,-1.264143,-0.295113,2.2706,0.1644,0.023068,17.048871,-1.206984,-0.293685,2.2951,17.026297,-1.266552,-0.294973,2.1932,0.2150,0.072377,0.643071,0.5280,17.026297,-1.266552,-0.198243,4.9999,0.000000,0.732313,1157.5459,0,1,clay,1.0000,0.500000,0,0,0.000000,0.000000,0.000000,0,nan,0.00,1.000000,0.9965,0.0000,0.528000,1.9000,0.53,4.61,5.67,4.51,-2.382584,1.8811,-2.7048,0.008000,0.102869,-0.5972,0.106511,-0.043019,-0.196101,1892.8828198264177,-1005.4228974704452,2284.231487173392,-1233.9893404107922,0.479522,-0.090922,6370.3,6250.3,0.281911,0.328349,0.000000,2.1895,1.0000,,,,,
8.6160,1778670403.089782,718,17.077197,-1.261670,-0.296386,2.2970,0.1443,0.030805,17.076237,-1.212276,-0.293254,2.3276,17.089607,-1.264048,-0.296191,2.2142,0.2140,0.080691,0.680784,0.5280,17.089607,-1.264048,-0.201420,4.9998,0.000000,0.653574,1123.2577,0,1,clay,1.0000,0.500000,0,0,0.000000,0.000000,0.000000,0,nan,0.00,1.000000,0.9967,0.0000,0.528000,1.9000,0.53,4.62,5.68,4.62,-2.387876,1.9058,-2.6723,0.008000,0.029911,0.2316,0.111779,-0.058147,-0.167569,1527.925183043546,-98.75197974445462,2263.4479965085857,-1106.2993067875582,0.472369,-0.080682,6360.6,6260.0,0.298755,0.344032,0.000000,2.2103,1.0000,,,,,
8.6280,1778670403.101753,719,17.083566,-1.246605,-0.291813,2.3367,0.1720,0.067637,17.103841,-1.217237,-0.292581,2.3289,17.096156,-1.248820,-0.291537,2.2387,0.2178,0.092776,0.696392,0.5280,17.096156,-1.248820,-0.198489,4.9998,0.000000,0.595877,1089.3666,0,1,clay,1.0000,0.500000,0,0,0.000000,0.000000,0.000000,0,nan,0.00,1.000000,0.9969,0.0000,0.528000,1.9000,0.53,4.63,5.69,4.72,-2.392837,1.9443,-2.6709,0.008000,0.079424,-0.2649,0.122653,-0.052184,-0.168702,1972.9749417994003,-773.4121467554961,2222.635792795827,-989.1049415642707,0.459463,-0.069267,6356.5,6264.0,0.305845,0.345356,0.000000,2.2348,1.0000,,,,,
8.6400,1778670403.113825,720,17.140025,-1.217677,-0.282946,2.3819,0.1302,0.085543,17.131892,-1.221715,-0.291607,2.3577,17.152882,-1.219730,-0.282586,2.2674,0.2144,0.105557,0.721263,0.5280,17.152882,-1.219730,-0.181700,4.9999,0.000000,0.534076,1058.9306,0,1,clay,1.0000,0.500000,0,0,0.000000,0.000000,0.000000,0,nan,0.00,1.000000,0.9970,0.0000,0.528000,1.9000,0.54,4.64,5.71,4.66,-2.311015,2.6562,-2.6422,0.008000,0.074435,1.0812,0.136139,-0.066429,-0.142974,1857.7738704019825,-108.85237614233787,2192.6246019981854,-829.24024829356,0.450708,-0.053823,6350.2,6270.4,0.316964,0.336095,0.000000,2.2633,1.0000,,,,,
8.6520,1778670403.125607,721,17.105981,-1.296426,-0.295041,2.4554,0.2232,0.090269,17.160341,-1.225999,-0.290537,2.3823,17.118986,-1.298504,-0.294614,2.3047,0.2267,0.116057,0.749901,0.5280,17.118986,-1.298504,-0.202718,4.9999,0.000000,0.463685,1017.0741,0,1,clay,1.0000,0.500000,0,0,0.000000,0.000000,0.000000,0,nan,0.00,1.000000,0.9972,0.0000,0.528000,1.9000,0.52,4.65,5.68,4.72,-2.315299,2.7175,-2.6175,0.008000,0.062891,0.1850,0.162149,-0.059727,-0.141054,1384.5829949736685,637.1205682309885,2148.7164364595033,-776.5815877927002,0.435934,-0.048509,6342.8,6277.7,0.329772,0.329881,0.000000,2.3005,1.0000,,,,,
8.6640,1778670403.137848,722,17.246027,-1.220042,-0.293191,2.4390,0.0954,0.079495,17.189010,-1.230529,-0.289666,2.4074,17.259298,-1.222148,-0.292711,2.3317,0.2161,0.123870,0.781985,0.5280,17.259298,-1.222148,-0.196319,5.0000,0.000000,0.391724,979.2426,0,1,clay,1.0000,0.500000,0,0,0.000000,0.000000,0.000000,0,nan,0.00,1.000000,0.9973,0.0000,0.528000,1.9000,0.53,4.63,5.69,4.51,-2.319829,2.7674,-2.5926,0.008000,0.018864,-0.3917,0.155968,-0.077088,-0.129632,597.1617520461376,-308.91007728522885,2158.3385904980473,-631.4983906047935,0.436193,-0.035322,6334.6,6286.0,0.344105,0.348174,0.000000,2.3273,1.0000,,,,,
8.6760,1778670403.149804,723,17.186658,-1.087792,-0.294025,2.4410,0.0644,0.051281,17.217869,-1.235528,-0.289065,2.4341,17.199960,-1.090004,-0.293538,2.3539,0.2016,0.125228,0.812418,0.5280,17.199960,-1.090004,-0.191083,4.9999,0.000000,0.324581,965.3984,0,1,clay,1.0000,0.500000,0,0,0.000000,0.000000,0.000000,0,nan,0.00,1.000000,0.9974,0.0000,0.528000,1.9000,0.53,4.65,5.71,4.78,-2.324828,2.8019,-2.5659,0.008000,0.080958,-0.5415,0.175358,-0.104039,-0.135752,239.4474527336822,-1104.3938885768466,2194.2965209341332,-524.2911177867229,0.442618,-0.026312,6326.8,6293.8,0.357729,0.348407,0.000000,2.3493,1.0000,,,,,
8.6880,1778670403.161728,724,17.218145,-1.228467,-0.275430,2.4305,0.1569,0.053588,17.247012,-1.240648,-0.288443,2.4581,17.231631,-1.230420,-0.274929,2.3697,0.2058,0.127295,0.829966,0.5280,17.231631,-1.230420,-0.179212,5.0000,0.000000,0.262058,938.5740,0,1,clay,1.0000,0.500000,0,0,0.000000,0.000000,0.000000,0,nan,0.00,1.000000,0.9976,0.0000,0.528000,1.9000,0.53,4.65,5.70,4.61,-2.329948,2.8375,-2.5418,0.008000,0.069732,0.7969,0.158934,-0.101335,-0.136856,267.02984559537714,-1500.0557548656466,2186.9143841529803,-532.9223649181928,0.439834,-0.026426,6322.2,6298.3,0.365643,0.360280,0.000000,2.3650,1.0000,,,,,
8.7000,1778670403.173753,725,17.354241,-1.177625,-0.283278,2.5486,0.2520,0.054627,17.276430,-1.245835,-0.287800,2.4827,17.367927,-1.179608,-0.282766,2.4054,0.2251,0.129152,0.857801,0.5280,17.367927,-1.179608,-0.181151,5.0000,0.000000,0.183047,898.2440,0,1,clay,1.0000,0.500000,0,0,0.000000,0.000000,0.000000,0,nan,0.00,1.000000,0.9977,0.0000,0.528000,1.9000,0.53,4.65,5.70,4.68,-2.335135,2.8743,-2.5173,0.008000,0.113990,-0.1067,0.166690,-0.080444,-0.138067,313.8545894898598,-441.165223886946,2159.61969768137,-630.2749313854015,0.430739,-0.033782,6315.1,6305.5,0.378091,0.337361,0.000000,2.4005,1.0000,,,,,
8.7120,1778670403.186907,726,17.269227,-1.258534,-0.285362,2.5247,0.2532,0.055621,17.306134,-1.251152,-0.287186,2.5094,17.283031,-1.260474,-0.284843,2.4296,0.2407,0.130627,0.882011,0.5280,17.283031,-1.260474,-0.191155,5.0000,-0.000000,0.117375,877.3616,0,1,clay,1.0000,0.500000,0,0,0.000000,0.000000,0.000000,0,nan,0.00,1.000000,0.9978,0.0000,0.528000,1.9000,0.52,4.66,5.69,4.70,-2.340452,2.9095,-2.4906,0.008000,0.046514,0.1360,0.167070,-0.065004,-0.140495,397.8139965823552,-1025.2385433662248,2134.5400749302094,-703.2286115296198,0.423197,-0.039586,6308.9,6311.7,0.388981,0.345643,0.000000,2.4246,1.0000,,,,,
8.7240,1778670403.197876,727,17.347832,-1.291127,-0.288840,2.5398,0.1284,0.044426,17.336122,-1.256578,-0.286564,2.5328,17.361855,-1.293218,-0.288318,2.4521,0.2331,0.130828,0.906902,0.5280,17.361855,-1.293218,-0.195382,5.0000,0.000000,0.049380,852.2960,0,1,clay,1.0000,0.500000,0,0,0.000000,0.000000,0.000000,0,nan,0.00,1.000000,0.9979,0.0000,0.528000,1.9000,0.54,4.63,5.71,4.50,-2.345878,2.9452,-2.4672,0.008000,0.036614,-0.0412,0.164580,-0.073765,-0.144429,550.8181014879624,-1347.2543180799316,2161.822327425453,-672.697733262612,0.428521,-0.035782,6302.5,6318.1,0.400134,0.354229,-0.000000,2.4469,1.0000,,,,,
8.7360,1778670403.209814,728,17.347903,-1.296971,-0.283341,2.5385,0.1777,0.062744,17.366395,-1.261827,-0.285765,2.5543,17.362024,-1.298978,-0.282805,2.4696,0.2347,0.133134,0.878566,0.5280,17.362024,-1.298978,-0.190274,5.0000,0.000000,0.040993,835.9443,0,1,clay,1.0000,0.500000,0,0,0.000000,0.000000,0.000000,0,nan,0.00,1.000000,0.9980,0.0000,0.528000,1.9000,0.54,4.65,5.74,4.77,-2.351127,2.9909,-2.4457,0.008000,0.032694,-0.0619,0.156212,-0.076041,-0.147959,695.8320331031208,-1403.0317991142083,2151.4004335525215,-653.715092164362,0.426629,-0.034186,6309.5,6311.0,0.387794,0.358232,0.000000,2.4646,1.0000,,,,,
8.7480,1778670403.221857,729,17.486269,-1.291517,-0.292344,2.5660,0.1061,0.079650,17.397014,-1.266940,-0.284862,2.5774,17.500578,-1.293715,-0.291774,2.4894,0.2245,0.138025,0.899572,0.5280,17.500578,-1.293715,-0.202343,5.0000,-0.000000,-0.005018,806.3060,0,1,clay,1.0000,0.500000,0,0,0.000000,0.000000,0.000000,0,nan,0.00,1.000000,0.9981,0.0000,0.528000,1.8999,0.55,4.64,5.75,4.53,-2.266940,3.6174,-2.4226,0.008000,0.114327,-1.1639,0.144715,-0.086926,-0.146723,689.1996364823548,-42.63776331150626,2153.967321432982,-574.6767250735886,0.428794,-0.025015,6304.2,6316.4,0.397090,0.356484,0.000000,2.4842,1.0000,,,,,
8.7600,1778670403.233846,730,17.371314,-1.339249,-0.287550,2.6724,0.1991,0.084639,17.427915,-1.271979,-0.283893,2.5980,17.385867,-1.341352,-0.286951,2.5260,0.2318,0.142637,0.922218,0.5280,17.385867,-1.341352,-0.195246,5.0000,0.000000,-0.050873,786.6333,0,1,clay,1.0000,0.500000,0,0,0.000000,0.000000,0.000000,0,nan,0.00,1.000000,0.9982,0.0000,0.528000,1.8993,0.57,4.64,5.77,4.69,-2.271979,3.6729,-2.4020,0.008000,0.023419,-0.2603,0.140957,-0.088482,-0.148998,714.8673177812094,-1459.8900121938773,2134.7680156099336,-583.9660657316551,0.423632,-0.024062,6298.4,6322.2,0.407206,0.338583,-0.000000,2.5206,1.0000,,,,,
8.7720,1778670403.245675,731,17.466325,-1.200139,-0.279904,2.7062,0.2771,0.087022,17.459117,-1.276937,-0.282841,2.6224,17.481070,-1.202030,-0.279282,2.5620,0.2505,0.146549,0.944274,0.5280,17.481070,-1.202030,-0.184897,5.0000,-0.303953,-0.125494,744.2371,0,1,clay,1.0000,0.500000,0,0,0.000000,0.000000,0.000000,0,nan,0.00,0.993092,0.9983,0.0000,0.524353,1.8978,0.55,4.64,5.73,4.59,-2.276937,3.7332,-2.3776,0.008000,0.057290,0.0240,0.146621,-0.058508,-0.145647,734.7464616592711,-1305.6959755711682,2097.4117519773886,-652.4691780185376,0.413739,-0.028846,6292.8,6327.8,0.417061,0.330435,0.000000,2.5566,1.0000,,,,,
8.7840,1778670403.257569,732,17.553607,-1.177454,-0.271891,2.5914,0.2557,0.092758,17.490635,-1.281882,-0.281731,2.6457,17.568260,-1.179121,-0.271255,2.5688,0.2607,0.148968,0.964777,0.5226,17.568260,-1.179121,-0.179523,5.0000,-1.000000,-0.205543,726.7685,0,1,clay,1.0000,0.500000,0,0,0.000000,0.000000,0.000000,0,nan,0.00,0.970365,0.9983,0.0000,0.512353,1.8954,0.52,4.63,5.67,4.58,-2.281882,3.7968,-2.3542,0.008000,0.129950,0.5228,0.128172,-0.034870,-0.137602,563.1493413969217,-306.11189347411295,2146.018473934423,-681.6676191942172,0.402192,-0.030539,6287.5,6333.1,0.426299,0.364491,-0.303953,2.5633,1.0000,,,,,
8.7960,1778670403.269752,733,17.529562,-1.333795,-0.281275,2.7501,0.1339,0.094824,17.522386,-1.286813,-0.280568,2.6634,17.544361,-1.335700,-0.280624,2.6050,0.2474,0.150084,0.972139,0.5067,17.544361,-1.335700,-0.194214,5.0000,1.000000,-0.268288,704.3656,0,1,clay,1.0000,0.500000,0,0,0.000000,0.000000,0.000000,0,nan,0.00,0.993092,0.9984,0.0000,0.524353,1.8921,0.52,4.63,5.67,4.65,-2.286813,3.8635,-2.3366,0.008000,0.098054,-1.0929,0.146740,-0.051311,-0.135406,624.1672377923949,-259.5946415853923,2297.040354514421,-601.751605201863,0.394056,-0.022195,6285.5,6335.1,0.429749,0.333593,-1.000000,2.5995,1.0000,,,,,
8.8080,1778670403.281823,734,17.561995,-1.294860,-0.271923,2.6825,0.1330,0.100314,17.554423,-1.291704,-0.279370,2.6872,17.576937,-1.296652,-0.271238,2.6211,0.2413,0.157152,0.983225,0.5300,17.576937,-1.296652,-0.176477,5.0000,-0.466178,-0.305717,692.3545,0,1,clay,1.0000,0.500000,0,0,0.000000,0.000000,0.000000,0,nan,0.00,0.982497,0.9985,0.0000,0.518758,1.8885,0.53,4.62,5.67,4.57,-2.291704,3.9321,-2.3128,0.008000,0.102013,-0.1187,0.124340,-0.074923,-0.137016,614.7004658543619,197.2124278159758,1529.6665306268833,-526.4233920027999,0.407954,-0.014948,6282.6,6338.0,0.434803,0.351346,1.000000,2.6155,1.0000,,,,,
8.8200,1778670403.293768,735,17.572244,-1.292007,-0.278488,2.7741,0.2099,0.129619,17.586811,-1.296151,-0.277864,2.7041,17.587351,-1.293847,-0.277761,2.6518,0.2454,0.162941,0.974597,0.5161,17.587351,-1.293847,-0.184452,5.0000,-1.000000,-0.334597,669.0433,0,1,clay,1.0000,0.500000,0,0,0.000000,0.000000,0.000000,0,nan,0.00,0.959770,0.9986,0.0000,0.506758,1.8845,0.53,4.65,5.70,4.79,-2.296151,4.0184,-2.2959,0.008000,0.043654,-0.3843,0.128451,-0.078151,-0.133065,1141.0327768450347,1131.2104159440373,2168.408691532898,-472.16493186047563,0.395724,-0.011067,6284.7,6335.9,0.431086,0.337010,-0.466178,2.6462,1.0000,,,,,
8.8320,1778670403.305809,736,17.646251,-1.306396,-0.279652,2.7162,0.2321,0.126249,17.619469,-1.300598,-0.276394,2.7311,17.661548,-1.308196,-0.278891,2.6654,0.2519,0.166462,0.992149,0.5010,17.661548,-1.308196,-0.186663,5.0000,1.000000,-0.372990,656.6569,0,1,clay,1.0000,0.500000,0,0,0.000000,0.000000,0.000000,0,nan,0.00,0.982497,0.9986,0.0000,0.518758,1.8800,0.53,4.63,5.70,4.56,-2.300598,4.1026,-2.2689,0.008000,0.039215,-0.2531,0.117013,-0.062475,-0.124893,318.1399751549749,983.5858875901006,2256.3427967973116,-469.99648919848727,0.376756,-0.010066,6280.2,6340.3,0.438914,0.353834,-1.000000,2.6598,1.0000,,,,,
8.8440,1778670403.317725,737,17.720211,-1.315644,-0.282676,2.7548,0.1857,0.101080,17.652293,-1.305430,-0.275159,2.7503,17.735542,-1.317493,-0.281906,2.6839,0.2535,0.170193,1.008801,0.5244,17.735542,-1.317493,-0.191146,5.0000,0.277316,-0.441799,632.6561,0,1,clay,1.0000,0.500000,0,0,0.000000,0.000000,0.000000,0,nan,0.00,0.988800,0.9987,0.0000,0.522086,1.8747,0.53,4.63,5.68,4.62,-2.213430,4.6953,-2.2497,0.008000,0.108867,-0.7554,0.120670,-0.066989,-0.124906,-49.60444016436399,-136.4808269137051,1464.5973372985773,-472.77770092715383,0.389712,-0.008997,6276.0,6344.6,0.446359,0.343030,1.000000,2.6781,1.0000,,,,,
8.8560,1778670403.329773,738,17.735030,-1.279542,-0.271518,2.7843,0.1791,0.098085,17.685327,-1.310391,-0.273969,2.7702,17.750468,-1.281258,-0.270748,2.7045,0.2517,0.170543,1.023915,0.5237,17.750468,-1.281258,-0.182390,5.0000,-1.000000,-0.500008,614.9433,0,1,clay,1.0000,0.500000,0,0,0.000000,0.000000,0.000000,0,nan,0.00,0.966072,0.9988,0.0000,0.510086,1.8687,0.52,4.63,5.68,4.65,-2.218391,4.7635,-2.2298,0.008000,0.046729,0.3698,0.119336,-0.061361,-0.126334,4.528834437487447,121.33023221208532,1851.9116477717112,-471.6725462511138,0.394874,-0.008021,6272.0,6348.5,0.453204,0.340256,0.277316,2.6987,1.0000,,,,,
8.8680,1778670403.341809,739,17.773780,-1.262547,-0.267554,2.7671,0.1562,0.102592,17.718588,-1.315397,-0.272766,2.7902,17.789324,-1.264268,-0.266784,2.7179,0.2437,0.168658,1.038193,0.5044,17.789324,-1.264268,-0.180180,5.0000,1.000000,-0.559273,602.5080,0,1,clay,1.0000,0.500000,0,0,0.000000,0.000000,0.000000,0,nan,0.00,0.988800,0.9988,0.0000,0.522086,1.8620,0.53,4.66,5.71,4.80,-2.223397,4.8324,-2.2098,0.008000,0.169930,0.2941,0.093755,-0.074912,-0.128365,84.40093581226284,156.63374740900417,2324.2270765780986,-442.3802430528701,0.385282,-0.005073,6268.3,6352.2,0.459657,0.344099,-1.000000,2.7119,1.0000,,,,,
8.8800,1778670403.353811,740,17.663947,-1.323008,-0.272034,2.7935,0.1809,0.110190,17.752123,-1.320313,-0.271463,2.8094,17.679709,-1.324797,-0.271237,2.7337,0.2470,0.174287,1.047898,0.5278,17.679709,-1.324797,-0.180947,5.0000,-0.269973,-0.597404,600.6746,0,1,clay,1.0000,0.500000,0,0,0.000000,0.000000,0.000000,0,nan,0.00,0.982664,0.9989,0.0000,0.518847,1.8548,0.54,4.68,5.76,4.83,-2.228313,4.9071,-2.1906,0.008000,0.123591,-0.4244,0.071326,-0.089450,-0.133706,246.849185846544,-321.49300267168053,1475.5576372505134,-425.00488273547955,0.396868,-0.003538,6265.8,6354.8,0.464102,0.337703,1.000000,2.7277,1.0000,,,,,
8.8920,1778670403.365853,741,17.798654,-1.331428,-0.265606,2.8015,0.1688,0.111114,17.785924,-1.325219,-0.270130,2.8322,17.814639,-1.333152,-0.264793,2.7481,0.2441,0.175188,1.052825,0.5173,17.814639,-1.333152,-0.176741,5.0000,-1.000000,-0.635680,582.3168,0,1,clay,1.0000,0.500000,0,0,0.000000,0.000000,0.000000,0,nan,0.00,0.959937,0.9989,0.0000,0.506847,1.8472,0.55,4.65,5.75,4.47,-2.233219,4.9835,-2.1678,0.008000,0.134877,-0.5299,0.076743,-0.101003,-0.136804,191.1774508842886,-9.997148176440305,2128.9428710068914,-398.5814653169364,0.394100,-0.001353,6264.5,6356.1,0.466387,0.333522,-0.269973,2.7420,1.0000,,,,,
8.9040,1778670403.377713,742,17.803278,-1.335063,-0.265382,2.8796,0.1364,0.113757,17.819983,-1.330136,-0.268785,2.8538,17.819258,-1.336856,-0.264573,2.7747,0.2341,0.173921,1.062346,0.5011,17.819258,-1.336856,-0.177316,5.0000,1.000000,-0.680907,564.9401,0,1,clay,1.0000,0.500000,0,0,0.000000,0.000000,0.000000,0,nan,0.00,0.982664,0.9990,0.0000,0.518847,1.8390,0.54,4.69,5.77,4.91,-2.238136,5.0605,-2.1462,0.008000,0.026828,0.0134,0.066442,-0.088829,-0.121542,155.92783027408515,-32.576957509338456,2359.068889603196,-340.89627617769327,0.385097,0.002978,6262.0,6358.6,0.470674,0.315909,-1.000000,2.7686,1.0000,,,,,
8.9160,1778670403.389704,743,17.853206,-1.409312,-0.262668,2.8551,0.1923,0.111869,17.854302,-1.335072,-0.267424,2.8740,17.869356,-1.411038,-0.261840,2.7915,0.2410,0.178645,1.072659,0.5246,17.869356,-1.411038,-0.172903,5.0000,-0.404980,-0.723221,552.6786,0,1,clay,1.0000,0.500000,0,0,0.000000,0.000000,0.000000,0,nan,0.00,0.973460,0.9990,0.0000,0.513987,1.8303,0.53,4.68,5.74,4.60,-2.243072,5.1385,-2.1260,0.008000,0.090352,-0.4094,0.065912,-0.090314,-0.134604,111.25057653124038,28.932913651601694,1463.399048797533,-360.114230346556,0.395647,0.002310,6259.3,6361.2,0.475349,0.322152,1.000000,2.7854,1.0000,,,,,
8.9280,1778670403.401750,744,18.037436,-1.418343,-0.261863,2.8320,0.1823,0.112267,17.888862,-1.340032,-0.266052,2.8951,18.053580,-1.420058,-0.261037,2.8006,0.2405,0.177760,1.082305,0.5117,18.053580,-1.420058,-0.174929,5.0000,-0.363890,-0.785364,536.5175,0,1,clay,1.0000,0.500000,0,0,0.000000,0.000000,0.000000,0,nan,0.00,0.965190,0.9991,0.0000,0.509620,1.8209,0.53,4.71,5.76,4.87,-2.153532,5.7042,-2.1049,0.008000,0.206743,-0.0227,0.045167,-0.099250,-0.139946,70.85195285356865,116.8737313959848,2173.3993757810613,-364.68117295000206,0.390074,0.002520,6256.8,6363.7,0.479708,0.328807,-0.404980,2.7944,1.0000,,,,,
8.9400,1778670403.413759,745,17.859594,-1.290988,-0.262168,2.9078,0.1637,0.116441,17.923685,-1.345023,-0.264678,2.9180,17.875880,-1.292747,-0.261334,2.8226,0.2378,0.178637,1.091807,0.5075,17.875880,-1.292747,-0.178228,5.0000,-0.274835,-0.821542,527.9510,0,1,clay,1.0000,0.500000,0,0,0.000000,0.000000,0.000000,0,nan,0.00,0.958943,0.9991,0.0000,0.506322,1.8110,0.52,4.68,5.71,4.50,-2.158523,5.7830,-2.0820,0.008000,0.083502,0.0044,0.051690,-0.075695,-0.106082,157.11977196659635,63.24370202511217,2145.4940253610102,-336.8470327072022,0.386588,0.004444,6254.3,6366.2,0.484064,0.306988,-0.363890,2.8163,1.0000,,,,,
8.9520,1778670403.425946,746,18.025363,-1.373951,-0.266839,2.9290,0.1483,0.117591,17.958789,-1.350011,-0.263285,2.9411,18.041770,-1.375836,-0.265996,2.8444,0.2330,0.179603,1.097061,0.5047,18.041770,-1.375836,-0.182846,5.0000,-0.248835,-0.876780,508.6582,0,1,clay,1.0000,0.500000,0,0,0.000000,0.000000,0.000000,0,nan,0.00,0.953288,0.9992,0.0000,0.503336,1.8005,0.53,4.72,5.79,5.00,-2.163511,5.8627,-2.0589,0.008000,0.036368,-0.1119,0.053365,-0.104596,-0.140918,157.13837900109797,537.4507536763895,2106.3554936725654,-297.681046875266,0.385077,0.007151,6252.9,6367.6,0.486477,0.303486,-0.274835,2.8381,1.0000,,,,,
8.9640,1778670403.437769,747,17.965504,-1.321319,-0.255113,2.8900,0.2158,0.117192,17.994146,-1.355041,-0.261892,2.9609,17.982155,-1.322983,-0.254256,2.8545,0.2411,0.180748,1.096345,0.5019,17.982155,-1.322983,-0.161342,5.0000,1.000000,-0.893487,509.7707,0,1,clay,1.0000,0.500000,0,0,0.000000,0.000000,0.000000,0,nan,0.00,0.976015,0.9992,0.0000,0.515336,1.7898,0.54,4.73,5.80,4.75,-2.168541,5.9426,-2.0391,0.008000,0.062322,-0.0813,0.041270,-0.103706,-0.142321,163.67322823533812,181.9896901564097,2067.038503853303,-335.48167540544165,0.378719,0.004690,6253.0,6367.5,0.486321,0.315088,-0.248835,2.8482,1.0000,,,,,
8.9760,1778670403.449764,748,18.037486,-1.465543,-0.261332,2.9438,0.0672,0.117897,18.029718,-1.360081,-0.260485,2.9788,18.054229,-1.467424,-0.260460,2.8730,0.2250,0.184689,1.092559,0.5211,18.054229,-1.467424,-0.174749,5.0000,-0.125978,-0.924666,493.4350,0,1,clay,1.0000,0.500000,0,0,0.000000,0.000000,0.000000,0,nan,0.00,0.973152,0.9992,0.0000,0.513824,1.7787,0.54,4.69,5.77,4.49,-2.173581,6.0232,-2.0212,0.008000,0.181018,-0.6540,0.045016,-0.102449,-0.122988,240.22583648785837,634.4276944961796,1470.1772512720045,-205.81592071582432,0.398290,0.012826,6254.0,6366.6,0.484695,0.305848,1.000000,2.8667,1.0000,,,,,
8.9880,1778670403.461705,749,18.036341,-1.360880,-0.256783,3.0455,0.0864,0.117977,18.065510,-1.365121,-0.259054,2.9970,18.053095,-1.362789,-0.255918,2.9076,0.2117,0.184173,1.094009,0.5131,18.053095,-1.362789,-0.175280,5.0000,0.224814,-0.955031,471.5400,0,1,clay,1.0000,0.500000,0,0,0.000000,0.000000,0.000000,0,nan,0.00,0.978262,0.9993,0.0000,0.516522,1.7672,0.53,4.69,5.75,4.69,-2.178621,6.1052,-2.0030,0.008000,0.080035,-0.1705,0.062756,-0.131423,-0.140846,203.0622165779245,444.29574401051934,2124.0433037875837,-117.00628029847446,0.402294,0.017906,6253.6,6367.0,0.485391,0.282799,-0.125978,2.9013,1.0000,,,,,
9.0000,1778670403.473960,750,18.097537,-1.358967,-0.252243,3.0360,0.1047,0.118644,18.101531,-1.370168,-0.257618,3.0166,18.114566,-1.360875,-0.251363,2.9337,0.2064,0.186257,1.095787,0.5178,18.114566,-1.360875,-0.161665,5.0000,-1.000000,-0.988783,458.7051,0,1,clay,1.0000,0.500000,0,0,0.000000,0.000000,0.000000,0,nan,0.00,0.955534,0.9993,0.0000,0.504522,1.7554,0.55,4.67,5.76,4.52,-2.183668,6.1875,-1.9834,0.008000,0.005712,-0.2847,0.073975,-0.137669,-0.137872,156.15606448423728,167.51141872896676,1950.418098404144,-68.10461640924639,0.408016,0.020793,6253.1,6367.5,0.486272,0.284891,0.224814,2.9274,1.0000,,,,,
9.0120,1778670403.485737,751,18.122227,-1.303222,-0.251724,3.1069,0.1887,0.118655,18.137770,-1.375267,-0.256207,3.0363,18.139351,-1.305118,-0.250854,2.9684,0.2126,0.183956,1.095469,0.4988,18.139351,-1.305118,-0.165070,5.0000,1.000000,-1.025059,437.4458,0,1,clay,1.0000,0.500000,0,0,0.000000,0.000000,0.000000,0,nan,0.00,0.978262,0.9994,0.0000,0.516522,1.7431,0.54,4.66,5.75,4.64,-2.091967,6.6863,-1.9637,0.008000,0.060980,-0.2603,0.081135,-0.105897,-0.119522,88.77637976224938,422.9090362329968,2474.340415579264,-113.74803739351717,0.393482,0.017494,6253.1,6367.5,0.486201,0.270910,-1.000000,2.9621,1.0000,,,,,
9.0240,1778670403.497866,752,18.210308,-1.341221,-0.251781,3.0406,0.1617,0.111715,18.174233,-1.380442,-0.254836,3.0558,18.227527,-1.343108,-0.250905,2.9836,0.2184,0.186828,1.091751,0.5223,18.227527,-1.343108,-0.165449,5.0000,-0.373672,-1.061048,425.3015,0,1,clay,1.0000,0.500000,0,0,0.000000,0.000000,0.000000,0,nan,0.00,0.969769,0.9994,0.0000,0.512038,1.7303,0.55,4.73,5.82,5.11,-2.097142,6.7649,-1.9442,0.008000,0.108087,-0.4472,0.078487,-0.122598,-0.140650,222.4687915308676,338.0613321883584,1477.9087479256991,-153.73783972137775,0.405439,0.015934,6254.0,6366.6,0.484652,0.284869,1.000000,2.9773,1.0000,,,,,
9.0360,1778670403.510006,753,18.272414,-1.336089,-0.252033,3.1117,0.2611,0.118042,18.210944,-1.385500,-0.253375,3.0724,18.290098,-1.337928,-0.251140,3.0097,0.2374,0.187150,1.088541,0.5099,18.290098,-1.337928,-0.167737,5.0000,1.000000,-1.099499,409.0146,0,1,clay,1.0000,0.500000,0,0,0.000000,0.000000,0.000000,0,nan,0.00,0.992496,0.9994,0.0000,0.524038,1.7171,0.56,4.79,5.91,5.16,-2.102200,6.8486,-1.9276,0.008000,0.124514,-0.5026,0.094487,-0.094824,-0.129108,728.6668161080356,556.5219731262965,2203.471531796066,-242.28067881131514,0.394462,0.008912,6254.7,6365.8,0.483371,0.271253,-0.373672,3.0033,1.0000,,,,,
9.0480,1778670403.521794,754,18.290420,-1.237587,-0.245831,3.1407,0.1894,0.123642,18.247900,-1.390501,-0.251895,3.0931,18.308383,-1.239308,-0.244914,3.0363,0.2439,0.192092,1.079282,0.5299,18.308383,-1.239308,-0.155262,5.0000,-0.789977,-1.122444,395.0244,0,1,clay,1.0000,0.500000,0,0,0.000000,0.000000,0.000000,0,nan,0.00,0.974542,0.9994,0.0000,0.514558,1.7037,0.54,4.88,5.96,5.34,-2.107201,6.9334,-1.9069,0.008000,0.149917,-0.1353,0.098107,-0.088535,-0.128179,293.22867633818385,605.2193526463919,1500.098538287713,-227.33271010780697,0.405494,0.008524,6257.0,6363.6,0.479399,0.264623,1.000000,3.0299,1.0000,,,,,
9.0600,1778670403.534132,755,18.151933,-1.404213,-0.245122,3.0728,0.1282,0.122891,18.285049,-1.395553,-0.250439,3.1095,18.170307,-1.406015,-0.244183,3.0447,0.2348,0.191525,1.074329,0.5098,18.170307,-1.406015,-0.167396,5.0000,-0.750478,-1.128290,393.4256,0,1,clay,1.0000,0.500000,0,0,0.000000,0.000000,0.000000,0,nan,0.00,0.957486,0.9995,0.0000,0.505553,1.6901,0.56,4.96,6.09,5.45,-2.112253,7.0169,-1.8905,0.008000,0.178276,0.1670,0.084047,-0.094377,-0.125697,230.1349476618732,640.487603985841,2406.7260681398047,-178.18623983445644,0.398657,0.012071,6258.2,6362.4,0.477332,0.283972,-0.789977,3.0382,1.0000,,,,,
9.0720,1778670403.545817,756,18.390848,-1.395142,-0.239602,3.1454,0.2828,0.121454,18.322411,-1.400588,-0.248971,3.1268,18.409404,-1.396755,-0.238662,3.0654,0.2536,0.190742,1.063829,0.5010,18.409404,-1.396755,-0.156376,5.0000,-0.327846,-1.154736,378.1966,0,1,clay,1.0000,0.500000,0,0,0.000000,0.000000,0.000000,0,nan,0.00,0.950035,0.9995,0.0000,0.501618,1.6763,0.53,5.14,6.19,6.15,-2.117288,7.1010,-1.8732,0.008000,0.129702,-0.1960,0.094770,-0.072882,-0.120667,272.3747082549204,323.6978627670344,2308.95492982055,-277.7802802732315,0.382784,0.004908,6260.8,6359.7,0.472715,0.267928,-0.750478,3.0590,1.0000,,,,,
9.0840,1778670403.557836,757,18.330873,-1.376729,-0.244185,3.1078,0.1850,0.122393,18.359985,-1.405613,-0.247500,3.1444,18.350078,-1.378481,-0.243206,3.0750,0.2546,0.192900,1.060584,0.4996,18.350078,-1.378481,-0.160954,5.0000,0.213165,-1.163818,375.8209,0,1,clay,1.0000,0.500000,0,0,0.000000,0.000000,0.000000,0,nan,0.00,0.954880,0.9995,0.0000,0.504176,1.6623,0.53,5.08,6.15,4.75,-2.122313,7.1853,-1.8556,0.008000,0.115739,-0.1257,0.086097,-0.074344,-0.135578,306.89983174676075,277.57162909459163,2112.6730436594917,-268.5786869264339,0.379068,0.005471,6261.6,6359.0,0.471451,0.278348,-0.327846,3.0684,1.0000,,,,,
9.0960,1778670403.569682,758,18.313045,-1.465253,-0.253574,3.0645,0.1495,0.123635,18.397784,-1.410629,-0.246015,3.1637,18.331972,-1.467194,-0.252605,3.0742,0.2480,0.193472,1.059755,0.5055,18.331972,-1.467194,-0.166343,5.0000,1.000000,-1.163459,380.9508,0,1,clay,1.0000,0.500000,0,0,0.000000,0.000000,0.000000,0,nan,0.00,0.977607,0.9995,0.0000,0.516176,1.6484,0.52,4.99,6.04,4.49,-2.028629,7.6238,-1.8363,0.008000,0.084832,-0.9209,0.050653,-0.062620,-0.117666,259.4874352522078,691.8146139979272,1851.8066637660395,-226.89036506649649,0.383551,0.008310,6261.8,6358.8,0.471068,0.282805,0.213165,3.0677,1.0000,,,,,
9.1080,1778670403.583071,759,18.488344,-1.364278,-0.253741,3.1265,0.1629,0.114127,18.435794,-1.415694,-0.244547,3.1820,18.506949,-1.366219,-0.252793,3.0854,0.2464,0.194073,1.059870,0.5222,18.506949,-1.366219,-0.162404,5.0000,0.019491,-1.187199,371.1653,0,1,clay,1.0000,0.500000,0,0,0.000000,0.000000,0.000000,0,nan,0.00,0.978050,0.9996,0.0000,0.516410,1.6341,0.50,4.96,5.97,4.76,-2.033694,7.7079,-1.8180,0.008000,0.079764,-1.2034,0.035748,-0.071163,-0.130607,281.127246317643,589.8893251666194,1459.4331450704835,-232.8606236641882,0.397677,0.008699,6261.8,6358.8,0.471055,0.269101,1.000000,3.0790,1.0000,,,,,
9.1200,1778670403.593798,760,18.456931,-1.362124,-0.239331,3.2339,0.1984,0.114992,18.474003,-1.420896,-0.243166,3.2023,18.475673,-1.363819,-0.238392,3.1154,0.2496,0.192991,1.058187,0.5165,18.475673,-1.363819,-0.148437,5.0000,0.965809,-1.210462,359.6976,0,1,clay,1.0000,0.500000,0,0,0.000000,0.000000,0.000000,0,nan,0.00,1.000000,0.9996,0.0000,0.528000,1.6196,0.51,4.92,5.94,4.71,-2.038896,7.7870,-1.7977,0.008000,0.036430,-0.3938,0.031060,-0.053549,-0.107246,185.54975095096097,152.90658725032168,2037.5790555269964,-248.4542499354195,0.398124,0.006833,6262.2,6358.4,0.470363,0.239038,0.019491,3.1090,1.0000,,,,,
9.1320,1778670403.605804,761,18.556941,-1.400705,-0.238982,3.2567,0.1652,0.128221,18.512472,-1.425937,-0.241661,3.2190,18.575711,-1.402405,-0.238033,3.1439,0.2490,0.197038,1.063481,0.5337,18.575711,-1.402405,-0.149027,5.0000,-0.000000,-1.255677,347.1744,0,1,clay,1.0000,0.500000,0,0,0.000000,0.000000,0.000000,0,nan,0.00,1.000000,0.9996,0.0000,0.528000,1.6045,0.51,4.94,5.95,5.05,-2.043937,7.8732,-1.7810,0.008000,0.043145,-0.3873,0.044828,-0.079687,-0.133641,-295.16926682064815,431.1459351819225,1536.3442337566375,-180.96263991054138,0.410785,0.008789,6260.8,6359.7,0.472738,0.234340,0.965809,3.1376,1.0000,,,,,
9.1440,1778670403.617717,762,18.448235,-1.428648,-0.232480,3.1811,0.1755,0.133783,18.551223,-1.430794,-0.240060,3.2393,18.467081,-1.430222,-0.231517,3.1523,0.2482,0.198686,1.058806,0.5280,18.467081,-1.430222,-0.151185,5.0000,-1.000000,-1.269434,342.0461,0,1,clay,1.0000,0.500000,0,0,0.000000,0.000000,0.000000,0,nan,0.00,0.977273,0.9996,0.0000,0.516000,1.5893,0.50,4.90,5.90,4.67,-2.048794,7.9650,-1.7607,0.008000,0.161751,-0.0032,0.027468,-0.082465,-0.113405,673.5790481821456,532.7450181969343,2098.092837830289,-148.5224680721451,0.409935,0.010339,6261.9,6358.6,0.470794,0.249096,-0.000000,3.1460,1.0000,,,,,
9.1560,1778670403.629733,763,18.663536,-1.343754,-0.236208,3.2566,0.1206,0.132882,18.590198,-1.435664,-0.238486,3.2586,18.682376,-1.345483,-0.235249,3.1737,0.2355,0.197157,1.059529,0.5101,18.682376,-1.345483,-0.151760,5.0000,-0.824908,-1.312915,331.6444,0,1,clay,1.0000,0.500000,0,0,0.000000,0.000000,0.000000,0,nan,0.00,0.958525,0.9996,0.0000,0.506101,1.5735,0.50,4.83,5.83,4.43,-2.053664,8.0552,-1.7414,0.008000,0.096371,-0.6018,0.023233,-0.113073,-0.136575,301.23228235602784,616.7408438566163,2547.2250058164036,-67.28955521087833,0.401193,0.014790,6261.7,6358.8,0.471131,0.236177,-1.000000,3.1674,1.0000,,,,,
9.1680,1778670403.641829,764,18.664556,-1.465758,-0.243358,3.3480,0.1736,0.124873,18.629360,-1.440652,-0.236975,3.2759,18.683436,-1.467665,-0.242412,3.2086,0.2348,0.195266,1.054073,0.5013,18.683436,-1.467665,-0.154301,5.0000,0.412348,-1.346637,323.8596,0,1,clay,1.0000,0.500000,0,0,0.000000,0.000000,0.000000,0,nan,0.00,0.967896,0.9997,0.0000,0.511049,1.5574,0.52,4.79,5.82,4.55,-1.958252,8.4519,-1.7241,0.008000,0.189378,-1.0501,0.050278,-0.089607,-0.115079,393.2765739587179,388.0278226584427,2410.4503544434083,-85.49408760305461,0.392104,0.014205,6263.1,6357.5,0.468809,0.217768,-0.824908,3.2024,1.0000,,,,,
9.1800,1778670403.653967,765,18.718303,-1.455985,-0.230300,3.2796,0.2014,0.130623,18.668737,-1.445581,-0.235435,3.2938,18.737244,-1.457606,-0.229347,3.2234,0.2420,0.197778,1.045045,0.5135,18.737244,-1.457606,-0.143146,5.0000,-0.088605,-1.370051,315.8761,0,1,clay,1.0000,0.500000,0,0,0.000000,0.000000,0.000000,0,nan,0.00,0.965883,0.9997,0.0000,0.509986,1.5409,0.53,4.95,6.00,5.86,-1.963181,8.5401,-1.7062,0.008000,0.040848,-0.6137,0.045567,-0.107529,-0.131592,584.8675321730302,655.5443331282075,1774.1532803881476,-97.15746690886753,0.395036,0.012718,6265.3,6355.2,0.464899,0.235150,0.412348,3.2173,1.0000,,,,,
9.1920,1778670403.666046,766,18.720220,-1.478563,-0.232493,3.3229,0.1989,0.132227,18.708361,-1.450397,-0.233832,3.3115,18.739842,-1.480252,-0.231500,3.2440,0.2477,0.200358,1.042796,0.5095,18.739842,-1.480252,-0.144891,5.0000,-0.838387,-1.390995,309.1167,0,1,clay,1.0000,0.500000,0,0,0.000000,0.000000,0.000000,0,nan,0.00,0.946828,0.9997,0.0000,0.499925,1.5242,0.53,5.07,6.14,5.77,-1.967997,8.6320,-1.6885,0.008000,0.098930,-0.4914,0.056684,-0.094682,-0.119142,580.559661983853,665.9474042945171,2075.369122824314,-96.83658509879503,0.392657,0.011809,6265.8,6354.8,0.464069,0.222364,-0.088605,3.2377,1.0000,,,,,
9.2040,1778670403.677973,767,18.795699,-1.551782,-0.223306,3.3749,0.1298,0.134157,18.748208,-1.455176,-0.232223,3.3296,18.815917,-1.553406,-0.222286,3.2707,0.2386,0.200645,1.037331,0.4948,18.815917,-1.553406,-0.145755,5.0000,-1.000000,-1.422780,296.3429,0,1,clay,1.0000,0.500000,0,0,0.000000,0.000000,0.000000,0,nan,0.00,0.924101,0.9997,0.0000,0.487925,1.5072,0.54,5.11,6.18,5.33,-1.972776,8.7241,-1.6704,0.008000,0.163684,0.5702,0.084148,-0.104848,-0.125831,459.49314023389957,718.679936174678,2393.413075397918,-22.42932693706591,0.385772,0.015343,6267.1,6353.5,0.461793,0.211788,-0.838387,3.2643,1.0000,,,,,
9.2160,1778670403.689940,768,18.797225,-1.495995,-0.233199,3.3928,0.1585,0.154611,18.788361,-1.459471,-0.230319,3.3430,18.817711,-1.497849,-0.232150,3.2956,0.2349,0.202846,1.040424,0.4817,18.817711,-1.497849,-0.147596,5.0000,-0.984258,-1.451464,290.5958,0,1,clay,1.0000,0.500000,0,0,0.000000,0.000000,0.000000,0,nan,0.00,0.901732,0.9997,0.0000,0.476114,1.4897,0.54,5.15,6.23,5.40,-1.977071,8.8333,-1.6570,0.008000,0.108537,0.0107,0.097742,-0.103348,-0.115538,511.73454173260916,1239.1105494015007,2442.5093349703025,145.76046382743297,0.372855,0.018501,6266.3,6354.3,0.463271,0.209305,-1.000000,3.2892,1.0000,,,,,
9.2280,1778670403.701932,769,18.835376,-1.493640,-0.226668,3.2665,0.1343,0.140227,18.828685,-1.463961,-0.228588,3.3644,18.856020,-1.495410,-0.225609,3.2913,0.2276,0.201988,1.038018,0.4700,18.856020,-1.495410,-0.141768,5.0000,-1.000000,-1.468280,290.0520,0,1,clay,1.0000,0.500000,0,0,0.000000,0.000000,0.000000,0,nan,0.00,0.879004,0.9997,0.0000,0.464114,1.4721,0.54,5.20,6.28,5.45,-1.981561,8.9324,-1.6356,0.008000,0.118696,-0.4340,0.063575,-0.116424,-0.119662,-12.517049845728252,890.8897680029156,2346.252215929848,82.7384617087713,0.362198,0.021146,6266.8,6353.8,0.462322,0.237356,-0.984258,3.2848,1.0000,,,,,
9.2400,1778670403.713969,770,18.780278,-1.454009,-0.213080,3.4135,0.1934,0.124400,18.869178,-1.468730,-0.227057,3.3824,18.801242,-1.455536,-0.212030,3.3162,0.2316,0.198662,1.040633,0.4578,18.801242,-1.455536,-0.129663,5.0000,-0.128935,-1.485583,282.8798,0,1,clay,1.0000,0.500000,0,0,0.000000,0.000000,0.000000,0,nan,0.00,0.876074,0.9997,0.0000,0.462567,1.4543,0.54,5.16,6.24,4.92,-1.986330,9.0202,-1.6176,0.008000,0.118866,0.3008,0.059395,-0.108662,-0.117957,-217.99117469907753,682.773225973868,2280.232551453765,1.2809530921107921,0.350136,0.018046,6266.1,6354.5,0.463551,0.207853,-1.000000,3.3097,1.0000,,,,,
9.2520,1778670403.725638,771,18.924943,-1.449690,-0.233506,3.4039,0.1305,0.119630,18.909840,-1.473680,-0.225616,3.4021,18.945674,-1.451712,-0.232488,3.3344,0.2247,0.196205,1.035325,0.4618,18.945674,-1.451712,-0.153305,5.0000,-0.066294,-1.514206,274.8077,0,1,clay,1.0000,0.500000,0,0,0.000000,0.000000,0.000000,0,nan,0.00,0.874567,0.9998,0.0000,0.461772,1.4361,0.52,5.06,6.10,4.54,-1.889480,9.3449,-1.5979,0.008000,0.137953,-1.2524,0.069708,-0.116592,-0.123477,-96.50558491977313,420.47094831103595,1923.4463578696982,-0.6225028701547757,0.352531,0.018776,6267.4,6353.1,0.461198,0.209053,-0.128935,3.3279,1.0000,,,,,
9.2640,1778670403.737740,772,18.978945,-1.421467,-0.215350,3.3775,0.1530,0.121808,18.950732,-1.478662,-0.224161,3.4197,18.999472,-1.423132,-0.214357,3.3438,0.2226,0.194041,1.027514,0.4614,18.999472,-1.423132,-0.125627,5.0000,0.150746,-1.527775,272.0865,0,1,clay,1.0000,0.500000,0,0,0.000000,0.000000,0.000000,0,nan,0.00,0.877993,0.9998,0.0000,0.463580,1.4178,0.52,4.97,6.02,4.45,-1.894462,9.4283,-1.5803,0.008000,0.060679,0.0105,0.057858,-0.105089,-0.118387,66.45301139464513,399.5960568778479,1898.5391616490044,-2.8781620946873545,0.353229,0.018295,6269.4,6351.2,0.457770,0.211098,-0.066294,3.3375,1.0000,,,,,
9.2760,1778670403.749879,773,18.944228,-1.469359,-0.220988,3.4779,0.2489,0.123107,18.991896,-1.483587,-0.222659,3.4423,18.964686,-1.471067,-0.220012,3.3707,0.2381,0.193320,0.996445,0.4645,18.964686,-1.471067,-0.141267,5.0000,-1.000000,-1.516863,260.1565,0,1,clay,1.0000,0.500000,0,0,0.000000,0.000000,0.000000,0,nan,0.00,0.855266,0.9998,0.0000,0.451580,1.3996,0.53,4.90,5.97,4.50,-1.899387,9.5143,-1.5577,0.008000,0.068018,0.1087,0.050704,-0.087859,-0.120423,202.68567405537928,646.7649619485536,1778.8323211613008,-77.76343984206973,0.351287,0.012421,6277.3,6343.3,0.444040,0.189959,0.150746,3.3647,1.0000,,,,,
9.2880,1778670403.761847,774,19.059988,-1.519444,-0.220180,3.4411,0.1902,0.121356,19.033295,-1.488534,-0.221172,3.4644,19.080309,-1.521157,-0.219231,3.3855,0.2373,0.188863,0.998340,0.4456,19.080309,-1.521157,-0.140758,5.0000,-1.000000,-1.533577,254.7810,0,1,clay,1.0000,0.500000,0,0,0.000000,0.000000,0.000000,0,nan,0.00,0.832539,0.9998,0.0000,0.439580,1.3812,0.54,4.85,5.92,4.57,-1.904334,9.5995,-1.5356,0.008000,0.042906,-0.6079,0.051522,-0.090187,-0.123357,-24.426046760422793,898.8089803580178,2208.4329593553857,-106.98960644135609,0.339545,0.010960,6276.8,6343.7,0.444804,0.192015,-1.000000,3.3795,1.0000,,,,,
9.3000,1778670403.773853,775,19.111695,-1.505685,-0.215718,3.5091,0.2194,0.117997,19.074919,-1.493575,-0.219729,3.4829,19.132048,-1.507317,-0.214791,3.4104,0.2420,0.185174,0.981399,0.4336,19.132048,-1.507317,-0.126434,5.0000,-0.063400,-1.539074,248.4644,0,1,clay,1.0000,0.500000,0,0,0.000000,0.000000,0.000000,0,nan,0.00,0.831098,0.9998,0.0000,0.438820,1.3627,0.54,4.80,5.89,4.50,-1.909375,9.6822,-1.5171,0.008000,0.043252,-0.2437,0.056234,-0.087843,-0.127437,20.1453246652666,511.14086494654043,2132.494318728265,-154.8183977932553,0.326839,0.007765,6281.1,6339.4,0.437344,0.179262,-1.000000,3.4046,1.0000,,,,,
9.3120,1778670403.785715,776,19.118776,-1.473741,-0.222445,3.5538,0.1179,0.120332,19.116743,-1.498620,-0.218253,3.4997,19.139014,-1.475608,-0.221535,3.4392,0.2299,0.184385,0.984760,0.4384,19.139014,-1.475608,-0.135624,5.0000,-0.085783,-1.559347,240.0001,0,1,clay,1.0000,0.500000,0,0,0.000000,0.000000,0.000000,0,nan,0.00,0.829148,0.9998,0.0000,0.437790,1.3440,0.53,4.76,5.83,4.54,-1.914420,9.7668,-1.5003,0.008000,0.101542,-1.1587,0.059026,-0.091573,-0.123962,174.83625395205826,-90.51571948415062,1816.6260916227666,-87.3762076202212,0.331247,0.011158,6280.3,6340.3,0.438793,0.173155,-0.063400,3.4334,1.0000,,,,,
9.3240,1778670403.797883,777,19.146265,-1.444963,-0.227250,3.5278,0.1459,0.143286,19.158821,-1.503336,-0.216566,3.5137,19.166506,-1.446943,-0.226326,3.4573,0.2247,0.187114,0.956286,0.4373,19.166506,-1.446943,-0.142826,5.0000,-0.668325,-1.553213,231.8638,0,1,clay,1.0000,0.500000,0,0,0.000000,0.000000,0.000000,0,nan,0.00,0.813959,0.9998,0.0000,0.429770,1.3254,0.54,4.78,5.85,4.87,-1.816236,10.0597,-1.4863,0.008000,0.074894,-0.8815,0.052051,-0.096193,-0.122143,-123.63864275293818,797.5584205883436,1881.8218038579635,34.73364518037572,0.330598,0.014502,6287.5,6333.1,0.426255,0.184518,-0.085783,3.4517,1.0000,,,,,
9.3360,1778670403.809602,778,19.155321,-1.520421,-0.221608,3.4840,0.1570,0.133424,19.201078,-1.508264,-0.215061,3.5342,19.175492,-1.522301,-0.220688,3.4636,0.2208,0.185936,0.960075,0.4259,19.175492,-1.522301,-0.133876,5.0000,0.797665,-1.557274,232.3343,0,1,clay,1.0000,0.500000,0,0,0.000000,0.000000,0.000000,0,nan,0.00,0.832088,0.9998,0.0000,0.439342,1.3067,0.51,4.73,5.76,4.45,-1.821164,10.1459,-1.4658,0.008000,0.034258,-0.9281,0.062886,-0.088045,-0.114119,-441.0102487203927,1694.5576361475946,2011.5129945517792,18.67464718347732,0.322874,0.015649,6286.5,6334.0,0.427890,0.189980,-0.668325,3.4580,1.0000,,,,,
9.3480,1778670403.821676,779,19.171201,-1.452591,-0.203497,3.5239,0.1975,0.099153,19.243498,-1.513531,-0.213800,3.5551,19.191239,-1.454104,-0.202613,3.4763,0.2282,0.183368,0.963725,0.4439,19.191239,-1.454104,-0.119895,5.0000,-1.000000,-1.569698,225.2971,0,1,clay,1.0000,0.500000,0,0,0.000000,0.000000,0.000000,0,nan,0.00,0.809361,0.9998,0.0000,0.427342,1.2878,0.50,4.70,5.71,4.54,-1.826431,10.2182,-1.4449,0.008000,0.039207,-0.6494,0.050413,-0.087407,-0.123340,-554.9251769103906,1409.2691745580246,1305.0215397177815,-139.30245015473264,0.333697,0.011011,6285.6,6334.9,0.429466,0.181356,0.797665,3.4707,1.0000,,,,,
9.3600,1778670403.833689,780,19.226379,-1.522759,-0.208815,3.6136,0.1334,0.090198,19.286111,-1.519074,-0.212707,3.5755,19.246404,-1.524513,-0.207978,3.5039,0.2184,0.174762,0.963450,0.4216,19.246404,-1.524513,-0.123619,5.0000,1.000000,-1.593203,219.8607,0,1,clay,1.0000,0.500000,0,0,0.000000,0.000000,0.000000,0,nan,0.00,0.832088,0.9998,0.0000,0.439342,1.2687,0.50,4.73,5.73,4.92,-1.831974,10.2808,-1.4245,0.008000,0.073132,0.2322,0.060471,-0.086326,-0.123208,-565.9088456476906,795.0803533098974,2121.561886012324,-167.081302482605,0.327508,0.009960,6285.7,6334.9,0.429349,0.158390,-1.000000,3.4984,1.0000,,,,,
9.3720,1778670403.845753,781,19.316558,-1.484259,-0.217533,3.5914,0.1392,0.088677,19.328972,-1.524730,-0.211663,3.5995,19.336808,-1.486270,-0.216709,3.5220,0.2175,0.174161,0.966319,0.4451,19.336808,-1.486270,-0.136403,5.0000,-0.691261,-1.623257,212.5112,0,1,clay,1.0000,0.500000,0,0,0.000000,0.000000,0.000000,0,nan,0.00,0.816377,0.9999,0.0000,0.431047,1.2492,0.50,4.71,5.72,4.60,-1.837630,10.3406,-1.4005,0.008000,0.046884,-1.2938,0.069803,-0.089042,-0.130324,-488.98302853433944,723.5766767628191,1303.22983364645,-190.10340934644722,0.343831,0.008672,6284.9,6335.6,0.430705,0.161692,1.000000,3.5164,1.0000,,,,,
9.3840,1778670403.857627,782,19.413038,-1.563767,-0.203641,3.5988,0.0882,0.087691,19.372116,-1.530415,-0.210600,3.6219,19.433228,-1.565630,-0.202853,3.5379,0.2024,0.167584,0.968861,0.4271,19.433228,-1.565630,-0.121156,5.0000,-0.528084,-1.658317,208.2804,0,1,clay,1.0000,0.500000,0,0,0.000000,0.000000,0.000000,0,nan,0.00,0.804375,0.9997,0.0000,0.424710,1.2293,0.49,4.69,5.67,4.53,-1.843315,10.4015,-1.3781,0.008000,0.129243,-0.1696,0.061953,-0.112383,-0.137779,-377.1062991684587,861.6164266200788,2078.6149995866167,-165.97794894146733,0.341887,0.010342,6284.3,6336.3,0.431873,0.156959,-0.691261,3.5323,1.0000,,,,,
9.3960,1778670403.869671,783,19.370325,-1.579636,-0.210357,3.6645,0.0940,0.088114,19.415493,-1.536132,-0.209560,3.6417,19.390462,-1.581741,-0.209599,3.5634,0.1921,0.163230,0.969211,0.4217,19.390462,-1.581741,-0.126856,5.0000,-0.241842,-1.682225,203.5060,0,1,clay,1.0000,0.500000,0,0,0.000000,0.000000,0.000000,0,nan,0.00,0.798879,0.9991,0.0000,0.421808,1.2092,0.48,4.67,5.63,4.55,-1.745232,10.6103,-1.3583,0.008000,0.064215,-0.5737,0.072619,-0.118369,-0.137514,-393.6502499220144,685.9705075793819,2007.5285491012046,-144.1517444933321,0.340584,0.011358,6284.1,6336.4,0.432082,0.140634,-0.528084,3.5579,1.0000,,,,,
9.4080,1778670403.881742,784,19.472871,-1.516973,-0.198173,3.6343,0.1140,0.094759,19.459118,-1.541895,-0.208518,3.6625,19.493095,-1.518887,-0.197424,3.5782,0.1880,0.161565,0.960445,0.4204,19.493095,-1.518887,-0.106963,5.0000,0.383468,-1.700636,199.8259,0,1,clay,1.0000,0.500000,0,0,0.000000,0.000000,0.000000,0,nan,0.00,0.807594,0.9980,0.0000,0.426410,1.1887,0.49,4.64,5.62,4.46,-1.750995,10.6699,-1.3375,0.008000,0.011421,-0.1088,0.064155,-0.125215,-0.139351,-329.2412511905148,141.6134332762179,1893.3145280839822,-122.08190274061077,0.339915,0.011719,6286.3,6334.2,0.428269,0.148233,-0.241842,3.5727,1.0000,,,,,
9.4200,1778670403.893729,785,19.470328,-1.570461,-0.203737,3.6614,0.2177,0.087158,19.502963,-1.547593,-0.207452,3.6792,19.490520,-1.572423,-0.203005,3.5952,0.2039,0.160271,0.947184,0.4286,19.490520,-1.572423,-0.123492,5.0000,-0.849479,-1.704466,191.7495,0,1,clay,1.0000,0.500000,0,0,0.000000,0.000000,0.000000,0,nan,0.00,0.788288,0.9964,0.0000,0.416216,1.1683,0.49,4.60,5.58,4.37,-1.756693,10.7310,-1.3208,0.008000,0.071951,-0.0367,0.052152,-0.098500,-0.139879,-498.59454719537865,2100.0519407652755,1486.5243875984434,-224.54306650594873,0.341514,0.005697,6289.7,6330.9,0.422433,0.146121,0.383468,3.5899,1.0000,,,,,
9.4320,1778670403.905678,786,19.540366,-1.519188,-0.204258,3.7562,0.1128,0.079310,19.546991,-1.553456,-0.206473,3.6964,19.560555,-1.521264,-0.203558,3.6273,0.1952,0.154380,0.941800,0.4115,19.560555,-1.521264,-0.115749,5.0000,0.241189,-1.718214,185.7033,0,1,clay,1.0000,0.500000,0,0,0.000000,0.000000,0.000000,0,nan,0.00,0.793769,0.9943,0.0000,0.419110,1.1477,0.49,4.58,5.56,4.52,-1.762556,10.7871,-1.3036,0.008000,0.051764,0.1923,0.069109,-0.100290,-0.144080,-679.3684278836961,-2129.6881935250426,2106.858731585437,-230.95901699313242,0.335591,0.005767,6291.1,6329.5,0.420032,0.129635,-0.849479,3.6221,1.0000,,,,,
9.4440,1778670403.917803,787,19.560624,-1.580632,-0.206580,3.6982,0.1477,0.073801,19.591180,-1.559549,-0.205579,3.7147,19.580900,-1.582792,-0.205898,3.6420,0.1974,0.152207,0.930736,0.4205,19.580900,-1.582792,-0.115557,5.0000,0.437144,-1.721370,182.8426,0,1,clay,1.0000,0.500000,0,0,0.000000,0.000000,0.000000,0,nan,0.00,0.803704,0.9919,0.0000,0.424356,1.1270,0.49,4.58,5.57,4.54,-1.768649,10.8383,-1.2853,0.008000,0.048505,-0.2570,0.077235,-0.097001,-0.149500,-856.2349480628245,-47.277876962505275,1575.1501151511598,-270.165885011577,0.340259,0.003482,6293.8,6326.7,0.415183,0.141417,0.241189,3.6368,1.0000,,,,,
9.4560,1778670403.929713,788,19.583325,-1.573571,-0.200809,3.6973,0.1717,0.072100,19.635547,-1.565770,-0.204707,3.7311,19.603668,-1.575619,-0.200143,3.6536,0.2035,0.150308,0.916953,0.4268,19.603668,-1.575619,-0.111070,5.0000,0.801373,-1.717379,179.1448,0,1,clay,1.0000,0.500000,0,0,0.000000,0.000000,0.000000,0,nan,0.00,0.821918,0.9890,0.0000,0.433972,1.1064,0.50,4.58,5.58,4.62,-1.670470,10.9754,-1.2689,0.008000,0.108555,-0.9473,0.075858,-0.094192,-0.148514,-917.7325727874631,-445.79321141042385,1441.2544827387915,-312.3155068712284,0.345798,0.000227,6297.3,6323.2,0.409103,0.135245,0.437144,3.6485,1.0000,,,,,
9.4680,1778670403.941681,789,19.738952,-1.595555,-0.205429,3.6817,0.1170,0.074642,19.680105,-1.572053,-0.203810,3.7483,19.759293,-1.597740,-0.204770,3.6600,0.1998,0.150176,0.908393,0.4384,19.759293,-1.597740,-0.118148,5.0000,-0.159759,-1.719809,173.9803,0,1,clay,1.0000,0.500000,0,0,0.000000,0.000000,0.000000,0,nan,0.00,0.818287,0.9858,0.0000,0.432055,1.0858,0.49,4.57,5.55,4.50,-1.676753,11.0268,-1.2517,0.008000,0.146854,-0.8553,0.054707,-0.095554,-0.150661,-1045.533967856851,410.76487066581626,1312.7747267199006,-299.1850248268045,0.358252,0.000741,6299.5,6321.1,0.405310,0.136621,0.801373,3.6549,1.0000,,,,,
9.4800,1778670403.953748,790,19.670627,-1.630518,-0.209763,3.7636,0.0913,0.077554,19.724823,-1.578396,-0.202890,3.7613,19.690963,-1.632873,-0.209116,3.6809,0.1899,0.147961,0.889337,0.4312,19.690963,-1.632873,-0.132598,5.0000,-0.416272,-1.707616,167.2887,0,1,clay,1.0000,0.500000,0,0,0.000000,0.000000,0.000000,0,nan,0.00,0.808826,0.9822,0.0000,0.427060,1.0653,0.48,4.56,5.53,4.50,-1.683096,11.0795,-1.2387,0.008000,0.118491,-0.5999,0.057389,-0.100692,-0.146200,-1013.5720878006176,-76.66497267270367,1946.925630447793,-257.58456048612226,0.360038,0.002767,6304.3,6316.2,0.396882,0.121357,-0.159759,3.6760,1.0000,,,,,
9.4920,1778670403.965725,791,19.696757,-1.523911,-0.204592,3.7685,0.0642,0.074416,19.769679,-1.584870,-0.201997,3.7753,19.717152,-1.526266,-0.203958,3.6988,0.1769,0.145427,0.877629,0.4248,19.717152,-1.526266,-0.121188,5.0000,-1.000000,-1.695559,162.9199,0,1,clay,1.0000,0.500000,0,0,0.000000,0.000000,0.000000,0,nan,0.00,0.786099,0.9782,0.0000,0.415060,1.0449,0.49,4.53,5.50,4.38,-1.689570,11.1307,-1.2247,0.008000,0.114250,-1.0598,0.059113,-0.099934,-0.141592,-749.1422009047543,122.86311246722033,2054.7433587265887,-215.3114676933428,0.359690,0.005521,6307.3,6313.3,0.391676,0.122766,-0.416272,3.6939,1.0000,,,,,
9.5040,1778670403.978896,792,19.782021,-1.569966,-0.198264,3.8893,0.0845,0.069847,19.814624,-1.591549,-0.201214,3.7797,19.802597,-1.572300,-0.197649,3.7365,0.1686,0.141144,0.859858,0.4095,19.802597,-1.572300,-0.115290,4.9999,-0.003309,-1.692498,153.9977,0,1,clay,1.0000,0.500000,0,0,0.000000,0.000000,0.000000,0,nan,0.00,0.786023,0.9740,0.0000,0.415020,1.0246,0.50,4.55,5.54,4.64,-1.696249,11.1756,-1.2202,0.008000,0.053512,-0.2858,0.071370,-0.097931,-0.140625,-996.0630381429369,-12.039889047740871,2241.828784040652,-197.8649333542257,0.351132,0.006216,6311.8,6308.7,0.383796,0.048633,-1.000000,3.7317,1.0000,,,,,
9.5160,1778670403.989845,793,19.848369,-1.617171,-0.193556,3.7901,0.0858,0.036986,19.859633,-1.598795,-0.200715,3.8032,19.869154,-1.619523,-0.192976,3.7477,0.1649,0.135267,0.836128,0.4150,19.869154,-1.619523,-0.109906,4.9999,-0.227365,-1.674210,149.5622,0,1,clay,1.0000,0.500000,0,0,0.000000,0.000000,0.000000,0,nan,0.00,0.780856,0.9694,0.0000,0.412292,1.0045,0.51,4.55,5.57,4.56,-1.703495,11.2041,-1.1967,0.008000,0.071859,-0.7040,0.068817,-0.099187,-0.147035,-703.6978596931729,-2148.166331816216,1846.5297265776885,-223.8526012657892,0.356134,0.003827,6317.8,6302.7,0.373341,0.123462,-0.003309,3.7430,1.0000,,,,,
9.5280,1778670404.001806,794,19.896002,-1.712126,-0.207456,3.7958,0.1636,0.067468,19.904831,-1.605829,-0.199997,3.8153,19.916887,-1.714738,-0.206879,3.7579,0.1745,0.134334,0.829901,0.4110,19.916887,-1.714738,-0.119941,4.9999,1.000000,-1.667690,149.8944,0,1,clay,1.0000,0.500000,0,0,0.000000,0.000000,0.000000,0,nan,0.00,0.803583,0.9645,0.0000,0.424292,0.9845,0.52,4.57,5.61,4.69,-1.605829,11.2748,-1.1846,0.008000,0.120256,-1.1733,0.063304,-0.100803,-0.150640,19.299130229275804,-250.95360877021415,1939.8871679187541,-265.3109941467319,0.350974,0.000585,6319.4,6301.1,0.370561,0.120756,-0.227365,3.7532,1.0000,,,,,
9.5400,1778670404.013861,795,20.017661,-1.485304,-0.193776,3.8461,0.0839,0.081460,19.950301,-1.612524,-0.199053,3.8308,20.038829,-1.487662,-0.193175,3.7758,0.1714,0.139443,0.817378,0.4299,20.038829,-1.487662,-0.090597,5.0000,-0.990554,-1.660131,144.4026,0,1,clay,1.0000,0.500000,0,0,0.000000,0.000000,0.000000,0,nan,0.00,0.781071,0.9594,0.0000,0.412405,0.9646,0.53,4.56,5.62,4.52,-1.612524,11.3289,-1.1692,0.008000,0.113934,-0.3241,0.049707,-0.098109,-0.142670,651.6767030600811,412.672827729382,1370.314641345246,-213.01938679186432,0.364124,0.003310,6322.6,6298.0,0.365045,0.103641,1.000000,3.7712,1.0000,,,,,
9.5520,1778670404.025654,796,19.975815,-1.652587,-0.185634,3.8517,0.1019,0.090273,19.995968,-1.618959,-0.197980,3.8417,19.996991,-1.654783,-0.185027,3.7914,0.1666,0.138857,0.810063,0.4069,19.996991,-1.654783,-0.104015,5.0000,-0.291480,-1.657754,138.3370,0,1,clay,1.0000,0.500000,0,0,0.000000,0.000000,0.000000,0,nan,0.00,0.774446,0.9540,0.0000,0.408908,0.9447,0.52,4.55,5.59,4.49,-1.618959,11.3903,-1.1582,0.008000,0.048083,0.2889,0.051708,-0.101801,-0.139663,401.80027994504417,457.9630203343425,2245.9366689509056,-172.00194576196418,0.351543,0.005338,6324.5,6296.1,0.361777,0.114251,-0.990554,3.7868,1.0000,,,,,
9.5640,1778670404.037843,797,20.040319,-1.629231,-0.197881,3.9539,0.0478,0.090275,20.041810,-1.625331,-0.196904,3.8552,20.061494,-1.631751,-0.197265,3.8236,0.1551,0.140626,0.801831,0.4073,20.061494,-1.631751,-0.104949,5.0000,0.616327,-1.658274,134.8388,0,1,clay,1.0000,0.500000,0,0,0.000000,0.000000,0.000000,0,nan,0.00,0.788454,0.9484,0.0000,0.416304,0.9248,0.50,4.55,5.56,4.56,-1.625331,11.4520,-1.1448,0.008000,0.073781,-0.7316,0.073798,-0.118376,-0.137387,168.40561311361785,407.9134392592938,1975.973876501208,-99.11065019075885,0.350536,0.009664,6326.6,6294.0,0.358110,0.091179,-0.291480,3.8191,1.0000,,,,,
9.5760,1778670404.049774,798,20.116532,-1.624946,-0.200682,3.8894,0.0781,0.085291,20.087789,-1.631809,-0.195907,3.8689,20.137816,-1.627542,-0.200054,3.8372,0.1533,0.143672,0.789314,0.4197,20.137816,-1.627542,-0.110250,5.0000,0.957874,-1.656512,130.8384,0,1,clay,1.0000,0.500000,0,0,0.000000,0.000000,0.000000,0,nan,0.00,0.810223,0.9425,0.0000,0.427798,0.9049,0.51,4.56,5.58,4.57,-1.631809,11.5091,-1.1311,0.008000,0.011236,-0.6262,0.081885,-0.119153,-0.136237,-22.47648633666566,460.53857536028397,1475.7478641155653,-76.51031923584341,0.358602,0.011182,6329.7,6290.8,0.352592,0.107867,0.616327,3.8327,1.0000,,,,,
9.5880,1778670404.061756,799,20.163086,-1.648622,-0.190874,3.8495,0.1023,0.084472,20.133935,-1.638285,-0.194897,3.8828,20.184473,-1.650987,-0.190233,3.8404,0.1570,0.146847,0.778672,0.4332,20.184473,-1.650987,-0.100403,5.0000,-0.842866,-1.646774,127.9511,0,1,clay,1.0000,0.500000,0,0,0.000000,0.000000,0.000000,0,nan,0.00,0.791067,0.9364,0.0000,0.417684,0.8852,0.52,4.55,5.58,4.48,-1.533585,11.5375,-1.1172,0.008000,0.104699,0.1974,0.066131,-0.108917,-0.131990,149.0883574009896,111.85306903417506,1404.890683268266,-73.47629939404152,0.369366,0.011131,6332.4,6288.1,0.347899,0.116013,0.957874,3.8360,1.0000,,,,,
9.6000,1778670404.073784,800,20.211009,-1.591748,-0.186030,3.9063,0.1699,0.091236,20.180258,-1.644694,-0.193833,3.8964,20.232441,-1.593944,-0.185387,3.8539,0.1675,0.145694,0.763004,0.4130,20.232441,-1.593944,-0.100653,5.0000,-1.000000,-1.634079,122.4763,0,1,clay,1.0000,0.500000,0,0,0.000000,0.000000,0.000000,0,nan,0.00,0.768340,0.9302,0.0000,0.405684,0.8656,0.51,4.55,5.58,4.58,-1.539994,11.5985,-1.1036,0.008000,0.126954,0.1940,0.063074,-0.083467,-0.126844,196.32590650344608,378.1766673400727,2211.262391027575,-104.5784284202272,0.354908,0.008243,6336.4,6284.2,0.340947,0.103730,-0.842866,3.8496,1.0000,,,,,
9.6120,1778670404.085777,801,20.255296,-1.781719,-0.203146,3.8630,0.0339,0.080487,20.226737,-1.651158,-0.192815,3.9107,20.276761,-1.784389,-0.202510,3.8563,0.1522,0.143192,0.732495,0.4001,20.276761,-1.784389,-0.122088,4.9996,0.238916,-1.601815,120.1775,0,1,clay,1.0000,0.500000,0,0,0.000000,0.000000,0.000000,0,nan,0.00,0.773770,0.9237,0.0000,0.408551,0.8463,0.52,4.54,5.58,4.45,-1.546458,11.6568,-1.0889,0.008000,0.191399,-1.1237,0.029716,-0.092204,-0.125377,114.06480271242275,-0.7830325919205734,2236.201192281138,-39.548304778877096,0.346948,0.011851,6344.1,6276.4,0.327460,0.120333,-1.000000,3.8522,1.0000,,,,,
9.6240,1778670404.097744,802,20.229406,-1.616921,-0.190081,3.9421,0.0788,0.065052,20.273309,-1.657940,-0.192026,3.9218,20.250890,-1.619355,-0.189463,3.8735,0.1502,0.141351,0.700467,0.4099,20.250890,-1.619355,-0.104054,5.0000,-0.051514,-1.554654,115.8159,0,1,clay,1.0000,0.500000,0,0,0.000000,0.000000,0.000000,0,nan,0.00,0.772599,0.9171,0.0000,0.407932,0.8277,0.52,4.57,5.60,4.77,-1.553240,11.7020,-1.0782,0.008000,0.040140,-0.6092,0.038280,-0.089709,-0.123211,267.193658658143,353.2253806469545,1753.6935840657247,-36.42785885986273,0.352276,0.011132,6352.3,6268.3,0.313220,0.103878,0.238916,3.8696,1.0000,,,,,
9.6360,1778670404.109669,803,20.298464,-1.758287,-0.193222,3.8754,0.0919,0.054063,20.320014,-1.664928,-0.191362,3.9374,20.319933,-1.760829,-0.192629,3.8746,0.1500,0.137016,0.695466,0.4076,20.319933,-1.760829,-0.114833,4.9989,-0.365387,-1.530951,113.4224,0,1,clay,1.0000,0.500000,0,0,0.000000,0.000000,0.000000,0,nan,0.00,0.764295,0.9103,0.0000,0.403548,0.8093,0.50,4.57,5.57,4.59,-1.560228,11.7400,-1.0616,0.008000,0.006791,0.0128,0.029820,-0.102446,-0.137218,592.7709723591215,135.6718548756528,1924.0118391873957,-67.80941124615121,0.353665,0.008998,6353.6,6266.9,0.310895,0.121836,-0.051514,3.8707,1.0000,,,,,
9.6480,1778670404.121881,804,20.331223,-1.653281,-0.179273,3.9150,0.0890,0.077133,20.366900,-1.671685,-0.190525,3.9474,20.352892,-1.655548,-0.178676,3.8831,0.1489,0.136876,0.673537,0.4015,20.352892,-1.655548,-0.094025,4.9984,-0.800074,-1.498317,111.1015,0,1,clay,1.0000,0.500000,0,0,0.000000,0.000000,0.000000,0,nan,0.00,0.746112,0.9034,0.0000,0.393947,0.7913,0.51,4.55,5.58,4.44,-1.566985,11.7880,-1.0510,0.008000,0.157190,-0.0025,0.021711,-0.092999,-0.128146,1465.3817404937936,-212.82432267133288,2043.211874663104,-43.81713139326898,0.349322,0.009379,6359.2,6261.3,0.301176,0.108791,-0.365387,3.8793,1.0000,,,,,
9.6600,1778670404.133741,805,20.395712,-1.724834,-0.182787,3.9957,0.0994,0.091620,20.413973,-1.677996,-0.189449,3.9554,20.417465,-1.727175,-0.182179,3.9055,0.1485,0.137632,0.654823,0.3895,20.417465,-1.727175,-0.095297,4.9981,-0.033811,-1.472382,106.9710,0,1,clay,1.0000,0.500000,0,0,0.000000,0.000000,0.000000,0,nan,0.00,0.745343,0.8964,0.0000,0.393541,0.7737,0.52,4.53,5.57,4.41,-1.468896,11.7625,-1.0427,0.008000,0.042746,-0.6673,0.029465,-0.093324,-0.132155,2291.2432268524653,315.790734084759,2159.2272695137244,-10.240249736715846,0.338312,0.010355,6364.0,6256.6,0.292826,0.093500,-0.800074,3.9018,1.0000,,,,,
9.6720,1778670404.145921,806,20.353908,-1.627739,-0.188760,4.0317,0.0373,0.102126,20.461218,-1.683963,-0.188211,3.9642,20.375819,-1.630258,-0.188126,3.9306,0.1390,0.142044,0.640464,0.3934,20.375819,-1.630258,-0.089796,4.9982,1.000000,-1.448696,105.6379,0,1,clay,1.0000,0.500000,0,0,0.000000,0.000000,0.000000,0,nan,0.00,0.768070,0.8893,0.0000,0.405541,0.7563,0.53,4.53,5.60,4.54,-1.474863,11.8335,-1.0339,0.008000,0.099704,-0.3184,0.023170,-0.093501,-0.123292,2557.3943875943114,89.87206343689155,1929.1442164391656,82.75132285019693,0.339110,0.015058,6367.7,6252.9,0.286428,0.085247,-0.033811,3.9270,1.0000,,,,,
9.6840,1778670404.157885,807,20.450365,-1.606106,-0.188474,3.9268,0.1089,0.109950,20.508630,-1.689607,-0.186850,3.9732,20.472406,-1.608540,-0.187801,3.9305,0.1464,0.149537,0.630759,0.4112,20.472406,-1.608540,-0.093900,4.9990,-0.736716,-1.428327,101.8059,0,1,clay,1.0000,0.500000,0,0,0.000000,0.000000,0.000000,0,nan,0.00,0.751327,0.8820,0.0000,0.396701,0.7391,0.55,4.53,5.62,4.49,-1.480507,11.9114,-1.0258,0.008000,0.093469,-0.1597,0.010846,-0.089061,-0.121620,2400.8983941586894,470.08704412328495,1662.8378623146732,109.8126813197006,0.347665,0.016036,6370.2,6250.4,0.282102,0.111588,1.000000,3.9269,1.0000,,,,,
9.6960,1778670404.169701,808,20.533067,-1.677925,-0.190035,3.9509,0.1476,0.119980,20.556209,-1.694909,-0.185354,3.9817,20.555035,-1.680293,-0.189341,3.9350,0.1544,0.151972,0.609204,0.3926,20.555035,-1.680293,-0.092813,5.0000,-0.938083,-1.399376,99.2367,0,1,clay,1.0000,0.500000,0,0,0.000000,0.000000,0.000000,0,nan,0.00,0.730007,0.8748,0.0000,0.385444,0.7223,0.54,4.52,5.59,4.49,-1.485809,11.9972,-1.0183,0.008000,0.036698,-0.8300,0.013352,-0.079800,-0.115919,2179.73903641753,434.07002379716795,2170.052790500136,131.42495177926685,0.333440,0.015746,6375.7,6244.9,0.272516,0.106002,-0.736716,3.9316,1.0000,,,,,
9.7080,1778670404.182039,809,20.644539,-1.752186,-0.181811,3.9612,0.0747,0.148058,20.603953,-1.699761,-0.183653,3.9867,20.666601,-1.754336,-0.181069,3.9406,0.1481,0.158657,0.586721,0.3802,20.666601,-1.754336,-0.082822,5.0000,0.937226,-1.365907,97.0163,0,1,clay,1.0000,0.500000,0,0,0.000000,0.000000,0.000000,0,nan,0.00,0.751307,0.8674,0.0000,0.396690,0.7060,0.54,4.52,5.61,4.54,-1.490661,12.0946,-1.0133,0.008000,0.129011,-0.6299,0.007146,-0.090877,-0.104605,2148.3261574767635,257.7348002193751,2262.139695357544,292.8525492605102,0.319263,0.021443,6381.4,6239.2,0.262523,0.105980,-0.938083,3.9373,1.0000,,,,,
9.7200,1778670404.193800,810,20.708026,-1.814423,-0.189902,4.0433,0.1259,0.148771,20.651836,-1.704272,-0.181857,3.9973,20.730192,-1.816651,-0.189108,3.9611,0.1563,0.169016,0.582363,0.4019,20.730192,-1.816651,-0.105722,5.0000,-0.574115,-1.351493,90.4735,0,1,clay,1.0000,0.500000,0,0,0.000000,0.000000,0.000000,0,nan,0.00,0.738259,0.8600,0.0000,0.389801,0.6897,0.54,4.51,5.60,4.47,-1.391372,12.0483,-1.0027,0.008000,0.046500,-0.0981,0.028268,-0.074427,-0.095561,2016.4025262572604,777.5443205589518,2024.5366040832773,341.63662571486054,0.325892,0.023480,6382.5,6238.0,0.260515,0.093713,0.937226,3.9578,1.0000,,,,,
9.7320,1778670404.205901,811,20.729572,-1.736422,-0.179582,3.9792,0.0810,0.146225,20.699887,-1.708700,-0.180099,4.0105,20.751771,-1.738406,-0.178760,3.9652,0.1509,0.172312,0.580959,0.3866,20.751771,-1.738406,-0.084825,4.9997,-1.000000,-1.342448,90.9841,0,1,clay,1.0000,0.500000,0,0,0.000000,0.000000,0.000000,0,nan,0.00,0.715532,0.8525,0.0000,0.377801,0.6736,0.54,4.50,5.59,4.45,-1.395800,12.1491,-0.9892,0.008000,0.121942,-0.2438,0.018400,-0.077017,-0.087491,1649.5679157004924,833.6294940630698,2153.8041923191904,394.778053797778,0.317457,0.027162,6382.9,6237.6,0.259857,0.097656,-0.574115,3.9620,1.0000,,,,,
9.7440,1778670404.217912,812,20.770148,-1.706102,-0.184191,3.9624,0.2240,0.145133,20.748094,-1.713070,-0.178372,4.0214,20.792434,-1.708039,-0.183347,3.9653,0.1714,0.174270,0.569191,0.3722,20.792434,-1.708039,-0.092657,4.9907,-1.000000,-1.326983,88.8094,0,1,clay,1.0000,0.500000,0,0,0.000000,0.000000,0.000000,0,nan,0.00,0.692805,0.8450,0.0000,0.365801,0.6577,0.56,4.51,5.62,4.53,-1.400170,12.2480,-0.9693,0.008000,0.112040,-0.3016,0.017896,-0.052263,-0.079683,1811.8938172959522,96.00026241238277,2198.3036131470303,328.66497977955527,0.297296,0.023078,6385.9,6234.7,0.254648,0.104344,-1.000000,3.9621,1.0000,,,,,
9.7560,1778670404.229805,813,20.782114,-1.624039,-0.171810,3.9693,0.1217,0.146582,20.796458,-1.717261,-0.176613,4.0334,20.804428,-1.625682,-0.170951,3.9666,0.1694,0.175652,0.564095,0.3602,20.804428,-1.625682,-0.067624,4.9874,-1.000000,-1.312905,89.0408,0,1,clay,1.0000,0.500000,0,0,0.000000,0.000000,0.000000,0,nan,0.00,0.670078,0.8375,0.0000,0.353801,0.6419,0.55,4.51,5.62,4.53,-1.404361,12.3488,-0.9541,0.008000,0.076123,-0.3909,0.013016,-0.051940,-0.076144,1550.061072148981,814.81017041083,2145.9630908915615,367.58765917474466,0.283599,0.024892,6387.2,6233.3,0.252359,0.098688,-1.000000,3.9635,1.0000,,,,,
9.7680,1778670404.241841,814,20.780071,-1.681209,-0.164401,4.0169,0.1245,0.156397,20.844966,-1.721221,-0.174777,4.0411,20.802493,-1.682666,-0.163519,3.9769,0.1679,0.178062,0.551681,0.3482,20.802493,-1.682666,-0.055663,4.9880,-0.680951,-1.296372,88.3890,0,1,clay,1.0000,0.500000,0,0,0.000000,0.000000,0.000000,0,nan,0.00,0.654601,0.8299,0.0000,0.345630,0.6264,0.56,4.51,5.62,4.47,-1.408321,12.4540,-0.9468,0.008000,0.085536,0.2301,0.002803,-0.053911,-0.072719,1961.2930598402431,1084.5293734484985,2120.3557118919334,441.2773906386476,0.269533,0.026974,6390.4,6230.2,0.246848,0.092770,-1.000000,3.9738,1.0000,,,,,
9.7800,1778670404.253921,815,20.858110,-1.684348,-0.175835,3.9713,0.0692,0.157683,20.893619,-1.724964,-0.172881,4.0508,20.880577,-1.686092,-0.174930,3.9764,0.1574,0.180642,0.538298,0.3418,20.880577,-1.686092,-0.069191,4.9611,-0.374642,-1.273941,86.1729,0,1,clay,1.0000,0.500000,0,0,0.000000,0.000000,0.000000,0,nan,0.00,0.646087,0.8223,0.0000,0.341134,0.6111,0.57,4.51,5.65,4.56,-1.309164,12.3664,-0.9104,0.008000,0.090487,-0.1096,-0.021316,-0.059393,-0.070441,1915.2922968389157,745.1229993108946,2053.7850044230877,527.5085117078083,0.262089,0.031506,6393.8,6226.8,0.240908,0.103488,-0.680951,3.9733,1.0000,,,,,
9.7920,1778670404.265698,816,21.050066,-1.730109,-0.169794,4.0609,0.0978,0.161267,20.942422,-1.728494,-0.170954,4.0609,21.072581,-1.731714,-0.168871,3.9932,0.1542,0.183653,0.524090,0.3390,21.072581,-1.731714,-0.066516,4.8765,-0.520795,-1.251739,80.4233,0,1,clay,1.0000,0.500000,0,0,0.000000,0.000000,0.000000,0,nan,0.00,0.634251,0.8147,0.0000,0.334884,0.5961,0.56,4.51,5.62,4.48,-1.312694,12.4768,-0.8156,0.008000,0.203181,0.1750,-0.003319,-0.066869,-0.067154,2011.0898376873813,987.9034913462284,2051.502138797285,599.4222787086019,0.256888,0.033920,6397.4,6223.1,0.234570,0.082041,-0.374642,3.9903,1.0000,,,,,
9.8040,1778670404.277881,817,20.934423,-1.737206,-0.172619,4.0774,0.1101,0.160061,20.991332,-1.731666,-0.168868,4.0478,20.957034,-1.738871,-0.171682,4.0100,0.1533,0.185306,0.508214,0.3320,20.957034,-1.738871,-0.065099,4.9285,0.290035,-1.229021,80.3936,0,1,clay,1.0000,0.500000,0,0,0.000000,0.000000,0.000000,0,nan,0.00,0.640842,0.8071,0.0000,0.338365,0.5813,0.56,4.52,5.64,4.58,-1.315866,12.5963,-0.8807,0.008000,0.026216,0.0874,0.011206,-0.074455,-0.066868,2166.0091768091193,1694.398791680171,2051.1229403336265,630.7029169021504,0.249642,0.035129,6401.5,6219.1,0.227506,0.083211,-0.520795,4.0071,1.0000,,,,,
9.8160,1778670404.289710,818,20.920582,-1.724805,-0.164799,4.2084,0.1163,0.189884,21.040431,-1.734366,-0.166598,4.0721,20.943340,-1.726241,-0.163820,4.0486,0.1552,0.193603,0.442032,0.3400,20.943340,-1.726241,-0.059171,4.9346,-0.108336,-1.159756,72.9860,0,1,clay,1.0000,0.500000,0,0,0.000000,0.000000,0.000000,0,nan,0.00,0.638380,0.7995,0.0000,0.337065,0.5674,0.54,4.50,5.59,4.41,-1.318566,12.7264,-0.8624,0.008000,0.153627,0.0232,0.046796,-0.074839,-0.066344,1834.5718087712512,1463.4115039108542,2355.4244341096583,822.5151494031356,0.250314,0.038012,6418.3,6202.3,0.198215,0.056074,0.290035,4.0461,1.0000,,,,,
9.8280,1778670404.301748,819,21.202411,-1.770892,-0.174341,4.1074,0.2205,0.171862,21.089620,-1.737055,-0.164443,4.0857,21.225099,-1.772410,-0.173353,4.0605,0.1741,0.195880,0.449124,0.3365,21.225099,-1.772410,-0.074406,4.8089,-0.872605,-1.129044,68.5694,0,1,clay,1.0000,0.500000,0,0,0.000000,0.000000,0.000000,0,nan,0.00,0.618548,0.7919,0.0000,0.326593,0.5539,0.53,4.50,5.57,4.51,-1.321255,12.8499,-0.7232,0.008000,0.108486,-0.1223,0.038616,-0.060749,-0.065802,1488.870312659272,1868.6715735037642,2184.0074801342,694.6633871141946,0.242784,0.034056,6416.6,6204.0,0.201157,0.075273,-0.108336,4.0580,1.0000,,,,,
9.8400,1778670404.313876,820,21.078247,-1.738282,-0.158548,3.9722,0.2203,0.158007,21.138915,-1.739912,-0.162488,4.0953,21.100954,-1.739356,-0.157563,4.0438,0.1878,0.193609,0.430870,0.3217,21.100954,-1.739356,-0.057237,4.8639,-1.000000,-1.094741,69.5874,0,1,clay,1.0000,0.500000,0,0,0.000000,0.000000,0.000000,0,nan,0.00,0.595821,0.7843,0.0000,0.314593,0.5407,0.54,4.51,5.59,4.53,-1.222312,12.7197,-0.7686,0.008000,0.076975,0.1708,0.018040,-0.038603,-0.065432,689.1621660147864,2312.07687229549,2101.901633729424,595.0467244480508,0.227737,0.029959,6421.2,6199.3,0.193031,0.106719,-0.872605,4.0414,1.0000,,,,,
9.8520,1778670404.325937,821,21.165343,-1.819226,-0.150655,4.0725,0.2108,0.151673,21.188323,-1.742824,-0.160634,4.1072,21.188243,-1.820092,-0.149675,4.0499,0.1970,0.190564,0.433986,0.3090,21.188243,-1.820092,-0.045809,4.8252,-0.701101,-1.078614,68.9815,0,1,clay,1.0000,0.500000,0,0,0.000000,0.000000,0.000000,0,nan,0.00,0.579887,0.7768,0.0000,0.306180,0.5278,0.56,4.59,5.70,5.04,-1.225224,12.8259,-0.7181,0.008000,0.086687,0.8746,0.025207,-0.043181,-0.070592,643.3168356236521,1566.6012415403209,2023.8489626530377,529.876525687233,0.213443,0.026443,6420.5,6200.1,0.194339,0.080221,-1.000000,4.0474,1.0000,,,,,
9.8640,1778670404.337819,822,21.238056,-1.727580,-0.158656,4.1428,0.2090,0.151777,21.237854,-1.745746,-0.158832,4.1174,21.261420,-1.728626,-0.157668,4.0683,0.2048,0.188963,0.431409,0.3022,21.261420,-1.728626,-0.040463,4.7927,-0.687712,-1.068263,68.0804,0,1,clay,1.0000,0.500000,0,0,0.000000,0.000000,0.000000,0,nan,0.00,0.564257,0.7693,0.0000,0.297928,0.5150,0.56,4.57,5.69,4.44,-1.228146,12.9291,-0.6753,0.008000,0.086098,-0.3019,0.042805,-0.032036,-0.070180,922.5857100867601,1327.9750364271888,1991.0887084683632,490.8564037602803,0.203603,0.023628,6421.1,6199.4,0.193204,0.065646,-0.701101,4.0659,1.0000,,,,,
9.8760,1778670404.349899,823,21.309902,-1.787106,-0.160769,4.1725,0.2131,0.146092,21.287502,-1.748691,-0.157072,4.1284,21.333326,-1.788199,-0.159797,4.0890,0.2111,0.185920,0.428687,0.2940,21.333326,-1.788199,-0.064244,4.7605,-1.000000,-1.063220,64.0900,0,1,clay,1.0000,0.500000,0,0,0.000000,0.000000,0.000000,0,nan,0.00,0.541530,0.7619,0.0000,0.285928,0.5022,0.57,4.60,5.73,4.79,-1.231091,13.0300,-0.6321,0.008000,0.136582,-0.8627,0.054408,-0.031646,-0.084115,853.8911219065849,909.628383134756,1952.901453357899,435.41842907388207,0.194587,0.020692,6421.9,6198.7,0.191969,0.054949,-0.687712,4.0865,1.0000,,,,,
9.8880,1778670404.361706,824,21.339604,-1.778868,-0.153681,4.0715,0.2114,0.143178,21.337262,-1.751562,-0.155333,4.1367,21.363072,-1.779794,-0.152725,4.0860,0.2148,0.181804,0.423299,0.2802,21.363072,-1.779794,-0.058997,4.7471,-1.000000,-1.054154,63.3291,0,1,clay,1.0000,0.500000,0,0,0.000000,0.000000,0.000000,0,nan,0.00,0.518802,0.7545,0.0000,0.273928,0.4896,0.56,4.59,5.70,4.53,-1.233962,13.1297,-0.6103,0.008000,0.089508,0.1825,0.053390,-0.018319,-0.083610,936.7113919485503,1389.2212888615923,1861.6812998956234,386.6902420009187,0.181779,0.018277,6423.2,6197.3,0.189584,0.081171,-1.000000,4.0836,1.0000,,,,,
9.9000,1778670404.375080,825,21.379787,-1.695527,-0.148251,4.0906,0.2102,0.149426,21.387151,-1.754238,-0.153508,4.1454,21.403171,-1.696318,-0.147309,4.0873,0.2172,0.179072,0.410747,0.2682,21.403171,-1.696318,-0.040422,4.7288,-1.000000,-1.035081,63.2302,0,1,clay,1.0000,0.500000,0,0,0.000000,0.000000,0.000000,0,nan,0.00,0.496075,0.7471,0.0000,0.261928,0.4771,0.55,4.60,5.70,4.66,-1.136238,12.9240,-0.5834,0.008000,0.111264,0.1292,0.039290,-0.010321,-0.085122,1270.53925003055,858.2210813444224,1811.331980808676,384.2874041523775,0.168810,0.016874,6426.4,6194.1,0.184008,0.081148,-1.000000,4.0849,1.0000,,,,,
9.9120,1778670404.385769,826,21.397999,-1.700452,-0.153335,4.1766,0.2317,0.162343,21.437121,-1.756572,-0.151559,4.1492,21.421538,-1.701333,-0.152385,4.1050,0.2227,0.178804,0.398619,0.2562,21.421538,-1.701333,-0.046034,4.7204,-1.000000,-1.015597,61.5039,0,1,clay,1.0000,0.500000,0,0,0.000000,0.000000,0.000000,0,nan,0.00,0.473348,0.7398,0.0000,0.249928,0.4650,0.55,4.58,5.68,4.44,-1.138572,13.0357,-0.5712,0.008000,0.073374,-0.0105,0.041835,-0.007889,-0.090641,1070.2527708628695,1459.14628440665,1748.3063817591808,398.9617728586761,0.154494,0.015707,6429.5,6191.0,0.178611,0.066930,-1.000000,4.1027,1.0000,,,,,
9.9240,1778670404.397625,827,21.502917,-1.796574,-0.149073,4.1813,0.2329,0.146212,21.487188,-1.759083,-0.149818,4.1608,21.526285,-1.797351,-0.148148,4.1201,0.2267,0.175243,0.396365,0.2443,21.526285,-1.797351,-0.036555,4.6719,0.201513,-1.003172,61.1527,0,1,clay,1.0000,0.500000,0,0,0.000000,0.000000,0.000000,0,nan,0.00,0.477928,0.7326,0.0000,0.252346,0.4529,0.53,4.58,5.64,4.60,-1.141083,13.1355,-0.5111,0.008000,0.160413,-0.2643,0.025088,-0.001728,-0.100390,926.6627024337052,1018.930559995462,1666.0250809026088,337.22718596354366,0.141803,0.013419,6430.1,6190.4,0.177538,0.064729,-1.000000,4.1179,1.0000,,,,,
9.9360,1778670404.409713,828,21.496658,-1.636901,-0.147036,4.2205,0.1881,0.136284,21.537369,-1.761638,-0.148144,4.1707,21.520084,-1.637682,-0.146126,4.1401,0.2248,0.173801,0.407717,0.2535,21.520084,-1.637682,-0.024118,4.6748,-1.000000,-1.010020,60.9992,0,1,clay,1.0000,0.500000,0,0,0.000000,0.000000,0.000000,0,nan,0.00,0.455200,0.7253,0.0000,0.240346,0.4408,0.52,4.58,5.62,4.56,-1.143638,13.2314,-0.5041,0.008000,0.209178,0.3855,0.032352,-0.032285,-0.116121,652.6692748932113,398.9538859801455,1996.6156203956657,306.7415133038935,0.146671,0.012867,6427.3,6193.3,0.182514,0.053555,0.201513,4.1378,1.0000,,,,,
9.9480,1778670404.421772,829,21.566598,-1.770110,-0.150473,4.2023,0.2254,0.146181,21.587693,-1.764044,-0.146418,4.1821,21.590100,-1.770980,-0.149573,4.1526,0.2265,0.170558,0.413113,0.2347,21.590100,-1.770980,-0.044194,4.6420,-0.548785,-1.019778,60.1871,0,1,clay,1.0000,0.500000,0,0,0.000000,0.000000,0.000000,0,nan,0.00,0.442728,0.7181,0.0000,0.233760,0.4286,0.53,4.58,5.64,4.62,-1.146044,13.3303,-0.4599,0.008000,0.060653,-0.7031,0.063364,-0.048723,-0.127590,518.7791314778233,1375.3298044804492,1579.3853800605891,292.7224845055401,0.134094,0.011486,6425.9,6194.7,0.184915,0.056718,-1.000000,4.1503,1.0000,,,,,
9.9600,1778670404.433688,830,21.695635,-1.748908,-0.147798,4.2721,0.0946,0.142936,21.638147,-1.766432,-0.144698,4.1935,21.719188,-1.749863,-0.146908,4.1762,0.2058,0.168668,0.414480,0.2307,21.719188,-1.749863,-0.021183,4.5820,0.056814,-1.024750,61.2416,0,1,clay,1.0000,0.500000,0,0,0.000000,0.000000,0.000000,0,nan,0.00,0.444019,0.7110,0.0000,0.234442,0.4163,0.52,4.60,5.63,4.72,-1.049732,13.0753,-0.3885,0.008000,0.128823,-0.9843,0.080591,-0.089473,-0.139080,537.1972006136812,622.2711985100301,1723.1965781307663,375.39324786077503,0.133626,0.016149,6425.5,6195.0,0.185536,0.041152,-0.548785,4.1738,1.0000,,,,,
9.9720,1778670404.445760,831,21.785143,-1.784363,-0.140660,4.2024,0.1410,0.138994,21.688725,-1.768862,-0.143030,4.2037,21.808819,-1.785213,-0.139775,4.1817,0.1986,0.167816,0.404433,0.2348,21.808819,-1.785213,-0.014393,4.5416,0.074825,-1.014235,60.5362,0,1,clay,1.0000,0.500000,0,0,0.000000,0.000000,0.000000,0,nan,0.00,0.445720,0.7039,0.0000,0.235340,0.4041,0.52,4.58,5.61,4.46,-1.052162,13.1709,-0.3379,0.008000,0.120671,-0.1082,0.067888,-0.100452,-0.132207,412.7046799502371,428.0490928556212,1981.657376779554,396.68323318128273,0.137048,0.017475,6428.1,6192.5,0.181122,0.057635,0.056814,4.1794,1.0000,,,,,
9.9840,1778670404.457785,832,21.768354,-1.745238,-0.140986,4.1717,0.1713,0.137279,21.739415,-1.771238,-0.141369,4.2136,21.791941,-1.746109,-0.140111,4.1802,0.1979,0.166516,0.400752,0.2358,21.791941,-1.746109,-0.019045,4.5491,-0.794775,-1.005233,59.5839,0,1,clay,1.0000,0.500000,0,0,0.000000,0.000000,0.000000,0,nan,0.00,0.427657,0.6968,0.0000,0.225803,0.3920,0.52,4.59,5.63,4.66,-1.054538,13.2661,-0.3355,0.008000,0.062355,0.0126,0.046056,-0.092806,-0.120118,426.0459168175543,1462.4050363794631,1987.148075098807,387.315999620922,0.138754,0.017031,6429.0,6191.5,0.179463,0.064949,0.074825,4.1779,1.0000,,,,,
9.9960,1778670404.469749,833,21.897813,-1.813177,-0.144393,4.1531,0.1682,0.140003,21.790205,-1.773542,-0.139709,4.2201,21.921444,-1.814156,-0.143526,4.1753,0.1947,0.163634,0.393473,0.2213,21.921444,-1.814156,-0.019461,4.4895,0.394356,-0.987022,59.8752,0,1,clay,1.0000,0.500000,0,0,0.000000,0.000000,0.000000,0,nan,0.00,0.436619,0.6897,0.0000,0.230535,0.3802,0.52,4.59,5.63,4.57,-1.056842,13.3612,-0.2694,0.008000,0.124769,-0.5643,0.044722,-0.094074,-0.118913,619.7559373770581,1233.2131203321724,1647.1488875003597,396.60836566587534,0.129728,0.017045,6430.9,6189.7,0.176235,0.069188,-0.794775,4.1731,1.0000,,,,,
