t,terrain,n_true,throttle_cmd,steer_cmd,u,v,omega,ax,ay,wheel_omega_fl,wheel_omega_fr,wheel_omega_rl,wheel_omega_rr,steering_angle
0.0000,dirt,0.715,0.350,0.0000,-0.1010,0.0197,-0.0006,-0.6800,-0.0012,-0.0170,-0.0170,-0.0170,-0.0170,0.0000
0.0120,dirt,0.715,0.350,0.0063,-0.1177,0.0230,0.0000,-0.5934,-0.0041,-0.0292,-0.0292,-0.0292,-0.0292,0.0000
0.0240,dirt,0.715,0.350,0.0126,-0.0450,0.0634,-0.0010,-0.2743,-0.0111,-0.0056,-0.0056,-0.0056,-0.0056,0.0032
0.0360,dirt,0.715,0.350,0.0188,0.0782,0.0481,-0.0033,-0.1463,0.0530,0.0153,0.0153,0.0153,0.0153,0.0079
0.0480,dirt,0.715,0.350,0.0251,-0.1527,0.0505,-0.0005,0.1075,-0.0173,0.0226,0.0226,0.0226,0.0226,0.0113
0.0600,dirt,0.715,0.350,0.0313,0.0165,-0.0152,-0.0009,1.0009,-0.0219,-0.0170,-0.0170,-0.0170,-0.0170,0.0134
0.0720,dirt,0.715,0.350,0.0376,0.0399,-0.0250,-0.0014,0.0393,-0.0191,-0.0174,-0.0174,-0.0174,-0.0174,0.0164
0.0840,dirt,0.715,0.350,0.0438,-0.1288,-0.0259,-0.0023,-0.1740,0.0398,-0.0075,-0.0075,-0.0075,-0.0075,0.0200
0.0960,dirt,0.715,0.350,0.0499,-0.0170,0.0027,-0.0032,-0.1017,0.0927,-0.0018,-0.0018,-0.0019,-0.0019,0.0230
0.1080,dirt,0.715,0.350,0.0561,0.0073,0.0456,-0.0002,0.0535,-0.0463,-0.0001,-0.0001,-0.0001,-0.0001,0.0260
0.1200,dirt,0.715,0.350,0.0622,0.0139,0.0172,-0.0023,0.0831,-0.0159,-0.0053,-0.0053,-0.0053,-0.0053,0.0289
0.1320,dirt,0.715,0.350,0.0682,-0.0185,-0.0145,-0.0016,-0.0760,0.2081,-0.0065,-0.0065,-0.0065,-0.0065,0.0322
0.1440,dirt,0.715,0.350,0.0743,-0.0057,0.0046,-0.0018,0.2590,-0.1144,-0.0110,-0.0110,-0.0110,-0.0110,0.0366
0.1560,dirt,0.715,0.350,0.0802,-0.0677,-0.0107,-0.0007,-0.0753,0.1018,-0.0157,-0.0157,-0.0157,-0.0157,0.0387
0.1680,dirt,0.715,0.350,0.0862,-0.0230,0.0476,-0.0008,0.0291,0.0509,-0.0223,-0.0223,-0.0223,-0.0223,0.0416
0.1800,dirt,0.715,0.350,0.0920,-0.0090,-0.0345,-0.0018,0.0111,-0.0074,-0.0302,-0.0302,-0.0302,-0.0302,0.0447
0.1920,dirt,0.715,0.350,0.0978,0.0873,0.0353,-0.0018,0.0691,-0.0194,-0.0360,-0.0360,-0.0360,-0.0360,0.0478
0.2040,dirt,0.715,0.350,0.1036,-0.0107,0.0166,-0.0020,-0.0011,0.0248,-0.0440,-0.0440,-0.0440,-0.0440,0.0508
0.2160,dirt,0.715,0.350,0.1093,0.0617,0.0560,-0.0005,0.0659,0.3353,-0.0523,-0.0522,-0.0523,-0.0523,0.0548
0.2280,dirt,0.715,0.350,0.1149,0.0709,0.0341,-0.0019,0.0022,0.0095,-0.0652,-0.0652,-0.0652,-0.0652,0.0581
0.2400,dirt,0.715,0.350,0.1204,0.0309,-0.0526,-0.0006,0.0359,-0.0245,-0.0781,-0.0781,-0.0781,-0.0781,0.0594
0.2520,dirt,0.715,0.350,0.1259,-0.0716,0.0720,-0.0002,-0.0372,0.2481,-0.0907,-0.0907,-0.0907,-0.0907,0.0608
0.2640,dirt,0.715,0.350,0.1313,0.0528,-0.0044,-0.0008,-0.0175,0.0318,-0.1066,-0.1066,-0.1066,-0.1066,0.0648
0.2760,dirt,0.715,0.350,0.1366,0.0039,-0.0596,-0.0026,0.0438,0.0533,-0.1229,-0.1229,-0.1229,-0.1229,0.0684
0.2880,dirt,0.715,0.350,0.1418,-0.0303,-0.0024,-0.0018,0.0674,0.0623,-0.1427,-0.1427,-0.1427,-0.1427,0.0697
0.3000,dirt,0.715,0.350,0.1469,0.0243,0.0149,-0.0001,-0.0525,-0.0121,-0.1654,-0.1654,-0.1654,-0.1654,0.0722
0.3120,dirt,0.715,0.350,0.1520,0.0186,0.0463,-0.0002,-0.1286,-0.0757,-0.1803,-0.1803,-0.1803,-0.1803,0.0759
0.3240,dirt,0.715,0.350,0.1569,-0.0003,0.0737,-0.0021,0.0254,-0.0506,-0.2023,-0.2023,-0.2023,-0.2023,0.0805
0.3360,dirt,0.715,0.350,0.1618,-0.0227,0.0687,-0.0012,-0.0180,0.0624,-0.2280,-0.2280,-0.2280,-0.2280,0.0829
0.3480,dirt,0.715,0.350,0.1665,0.0651,-0.0554,-0.0002,0.0358,0.0566,-0.2533,-0.2533,-0.2533,-0.2533,0.0839
0.3600,dirt,0.715,0.350,0.1711,0.1069,-0.0089,-0.0004,-0.0758,0.1826,-0.2802,-0.2801,-0.2801,-0.2801,0.0857
0.3720,dirt,0.715,0.350,0.1757,0.0191,-0.0071,-0.0024,-0.0125,-0.1220,-0.3086,-0.3085,-0.3085,-0.3085,0.0888
0.3840,dirt,0.715,0.350,0.1801,-0.0571,0.0065,-0.0011,0.0330,-0.3222,-0.3301,-0.3301,-0.3301,-0.3301,0.0928
0.3960,dirt,0.715,0.350,0.1844,0.0843,0.0335,-0.0004,0.0097,0.3811,-0.3707,-0.3707,-0.3707,-0.3707,0.0955
0.4080,dirt,0.715,0.350,0.1886,-0.0220,0.0381,-0.0002,-0.0078,0.1110,-0.3983,-0.3983,-0.3983,-0.3983,0.0966
0.4200,dirt,0.715,0.350,0.1926,0.0337,0.0905,-0.0001,0.0254,0.0366,-0.4413,-0.4413,-0.4413,-0.4413,0.0980
0.4320,dirt,0.715,0.350,0.1966,-0.0047,0.0452,-0.0028,0.4334,-2.2888,-0.3092,-0.3592,-0.3968,-0.3796,0.1002
0.4440,dirt,0.715,0.350,0.2004,0.0575,-0.0800,-0.0037,2.6206,-1.0470,-0.4229,0.2657,-0.3848,-0.5235,0.1019
0.4560,dirt,0.715,0.350,0.2041,0.0293,0.0516,0.0007,1.7562,3.4326,-0.3291,0.4898,-0.4190,-0.4794,0.1024
0.4680,dirt,0.715,0.350,0.2076,0.0714,0.0148,0.0058,1.7404,-1.4396,-0.0984,-0.4651,-0.3373,-0.4151,0.0988
0.4800,dirt,0.715,0.350,0.2111,0.1977,0.0585,0.0039,2.8180,-0.6570,-0.0400,-0.0919,-0.2446,-0.4745,0.1001
0.4920,dirt,0.715,0.350,0.2144,0.2053,0.0010,0.0037,2.3603,-0.6311,0.0070,-0.0513,-0.3239,-0.1909,0.1028
0.5040,dirt,0.715,0.350,0.2175,0.2001,-0.0681,0.0023,0.8319,-2.0060,-0.1337,0.0365,-1.6548,1.1537,0.1037
0.5160,dirt,0.715,0.350,0.2206,0.1050,-0.0237,-0.0055,-0.6549,-0.2350,-1.1416,0.7006,-1.3057,0.1058,0.1044
0.5280,dirt,0.715,0.350,0.2235,0.1157,0.0676,0.0047,-1.9168,-1.3275,-1.7176,1.1857,-1.8073,1.6362,0.1041
0.5400,dirt,0.715,0.350,0.2262,0.1139,-0.0828,-0.0156,1.7964,-0.3682,-1.8201,1.1791,-0.5012,0.5614,0.1051
0.5520,dirt,0.715,0.350,0.2288,0.1419,0.0185,-0.0101,-1.2879,0.9035,-1.0695,1.2842,-0.1854,0.1761,0.1044
0.5640,dirt,0.715,0.350,0.2313,0.0317,-0.0809,-0.0079,-5.5693,-1.9436,-0.2583,0.1487,0.1250,-0.0228,0.1038
0.5760,dirt,0.715,0.350,0.2336,-0.0425,0.0126,-0.0055,-2.7901,0.3552,0.3283,-0.1969,0.0914,0.1838,0.1102
0.5880,dirt,0.715,0.350,0.2357,0.0522,0.0267,0.0013,-1.5341,0.3721,0.0608,0.1390,0.0641,0.2188,0.1131
0.6000,dirt,0.715,0.350,0.2378,-0.0111,-0.0632,0.0008,-1.2929,-0.0621,0.0151,0.1946,0.1781,0.0296,0.1110
0.6120,dirt,0.715,0.350,0.2396,-0.0930,0.0079,-0.0018,-0.7111,-0.0962,0.1821,-0.0923,0.0730,0.0188,0.1140
0.6240,dirt,0.715,0.350,0.2413,-0.0179,-0.0540,-0.0016,-0.2314,0.0713,0.1478,-0.3399,-0.1089,0.0293,0.1186
0.6360,dirt,0.715,0.350,0.2429,-0.0352,-0.0442,-0.0012,-0.0381,-0.0177,-0.0643,-0.1900,-0.1580,-0.1429,0.1191
0.6480,dirt,0.715,0.350,0.2443,0.0149,-0.0715,-0.0025,0.0193,0.1518,-0.4912,-0.0839,-0.2312,-0.2567,0.1191
0.6600,dirt,0.715,0.350,0.2456,-0.0107,0.0142,-0.0023,0.5054,0.2215,-0.8033,-0.0646,-0.2136,-0.3045,0.1209
0.6720,dirt,0.715,0.350,0.2467,-0.0457,0.0326,0.0033,0.1606,-0.8575,-0.9483,-0.1460,-0.1970,-0.4819,0.1227
0.6840,dirt,0.715,0.350,0.2476,-0.0474,0.0274,-0.0038,-0.0162,0.7465,-1.0710,-0.2636,-0.3045,-0.6006,0.1233
0.6960,dirt,0.715,0.350,0.2484,0.0310,0.0070,-0.0057,-0.1157,0.0658,-1.1701,-0.3627,-0.4036,-0.6997,0.1238
0.7080,dirt,0.715,0.350,0.2490,-0.0568,-0.0400,-0.0046,-0.1157,0.0300,-1.2663,-0.4589,-0.4905,-0.7986,0.1245
0.7200,dirt,0.715,0.350,0.2495,0.0451,-0.0417,-0.0048,-0.1224,0.0343,-1.3681,-0.5607,-0.5434,-0.9149,0.1251
0.7320,dirt,0.715,0.350,0.2498,-0.0834,-0.1397,-0.0045,-0.1647,0.0249,-1.4785,-0.6710,-0.5473,-1.0565,0.1256
0.7440,dirt,0.715,0.350,0.2500,-0.0628,-0.0023,-0.0036,-0.0899,-0.1075,-1.6187,-0.8112,-0.1753,-1.3485,0.1258
0.7560,dirt,0.715,0.350,0.2500,-0.0824,-0.0171,-0.0037,0.0039,-0.1214,-1.7991,-0.9916,0.0644,-1.6533,0.1261
0.7680,dirt,0.715,0.350,0.2498,-0.0072,0.0387,0.0029,0.8952,0.6943,-2.0279,-1.2205,-0.1961,-0.7481,0.1263
0.7800,dirt,0.715,0.350,0.2495,-0.0271,0.0142,-0.0067,-0.1750,1.2393,-2.4106,-1.6032,-0.1629,-0.0065,0.1267
0.7920,dirt,0.715,0.350,0.2490,0.0721,-0.0140,-0.0049,0.0817,-0.5628,-2.7848,-1.9774,-0.0259,-0.1593,0.1268
0.8040,dirt,0.715,0.350,0.2484,-0.0371,-0.0442,-0.0026,0.4104,0.2082,-3.0871,-2.3297,-0.0422,0.0708,0.1267
0.8160,dirt,0.715,0.350,0.2476,-0.0082,-0.0364,-0.0094,0.0196,0.9065,-3.1959,-2.7460,0.0187,0.0113,0.1266
0.8280,dirt,0.715,0.350,0.2467,-0.0573,0.0047,-0.0186,0.4051,0.2842,-3.0498,-3.2676,0.0043,0.1037,0.1267
0.8400,dirt,0.715,0.350,0.2456,-0.0021,0.0325,-0.0214,0.2527,0.2952,-2.7675,-3.8887,-0.0676,0.1873,0.1270
0.8520,dirt,0.715,0.350,0.2443,0.0602,-0.0106,-0.0248,0.9107,0.0228,-2.6227,-4.2628,-0.0705,0.2147,0.1277
0.8640,dirt,0.715,0.350,0.2429,0.0601,-0.0096,-0.0210,0.9476,-0.4699,-2.4369,-4.6921,-0.0749,0.1222,0.1283
0.8760,dirt,0.715,0.350,0.2413,-0.0231,0.0504,-0.0209,1.4040,0.1490,-2.2796,-4.6749,0.0687,-0.0513,0.1285
0.8880,dirt,0.715,0.350,0.2396,0.0677,0.0162,-0.0010,2.4704,2.7854,-2.9337,-2.3379,-0.0800,-0.1358,0.1293
0.9000,dirt,0.715,0.350,0.2378,0.1666,0.0763,0.0291,1.9288,4.9211,-4.3958,0.3983,-0.2047,-0.2992,0.1323
0.9120,dirt,0.715,0.350,0.2357,0.2272,0.0396,0.0289,2.3575,-0.7967,-4.2232,-0.4649,-0.0830,-0.4038,0.1253
0.9240,dirt,0.715,0.350,0.2336,0.1704,0.0944,0.0307,1.9139,1.5022,-2.7123,-0.0596,-0.3253,-0.2799,0.1152
0.9360,dirt,0.715,0.350,0.2313,0.2747,0.0902,0.0248,4.1427,0.8970,-1.2715,-0.7845,-0.2275,-0.6617,0.1128
0.9480,dirt,0.715,0.350,0.2288,0.2023,-0.0612,0.0261,1.6445,1.4776,-0.8428,-0.4928,-0.0496,-0.5391,0.1137
0.9600,dirt,0.715,0.350,0.2262,0.1522,0.0764,0.0288,-0.1416,-1.9469,-0.3627,-0.4981,-0.1870,-0.6862,0.1134
0.9720,dirt,0.715,0.350,0.2235,0.2164,0.0639,0.0227,-1.1773,0.6305,-0.6764,-0.0801,-0.1837,-0.6803,0.1126
0.9840,dirt,0.715,0.350,0.2206,0.2067,0.0045,0.0276,-0.6218,-1.7225,-0.3772,-0.4541,-0.1328,-0.7496,0.1100
0.9960,dirt,0.715,0.350,0.2175,0.1478,0.1404,0.0192,-0.7783,0.3411,-0.2901,-0.6142,-0.3087,-0.5672,0.1080
1.0080,dirt,0.715,0.350,0.2144,0.1183,0.0595,0.0164,2.1350,-1.1205,-0.1306,-0.4071,-0.7847,0.0256,0.1070
1.0200,dirt,0.715,0.350,0.2111,0.2429,0.0671,0.0130,-3.3899,0.2851,-0.1480,-0.5636,0.1937,-0.9021,0.1059
1.0320,dirt,0.715,0.350,0.2076,0.2474,0.0441,0.0134,0.9471,0.5292,-0.0260,-0.6970,-0.4770,-0.5784,0.1048
1.0440,dirt,0.715,0.350,0.2041,0.1248,-0.0196,0.0144,-1.2045,-0.0099,-0.3475,-0.6130,-0.4136,-0.5584,0.1039
1.0560,dirt,0.715,0.350,0.2004,0.1083,0.0925,0.0174,0.9868,0.6552,-0.2872,-0.7173,-0.4602,-0.5835,0.1020
1.0680,dirt,0.715,0.350,0.1966,0.1388,0.0439,0.0169,0.3143,0.7494,-0.4313,-0.6930,-0.1928,-0.6307,0.1005
1.0800,dirt,0.715,0.350,0.1926,0.1972,0.0507,0.0234,-0.2232,0.3914,-0.3257,-0.6716,-0.0801,-0.7396,0.0992
1.0920,dirt,0.715,0.350,0.1886,0.1718,0.0361,0.0278,-0.7167,-0.5522,-0.3770,-0.9560,-0.7294,-0.2149,0.0972
1.1040,dirt,0.715,0.350,0.1844,0.2098,0.0478,0.0299,1.2224,0.3706,-0.5042,-0.9032,-0.5550,-0.5966,0.0960
1.1160,dirt,0.715,0.350,0.1801,0.2223,0.0554,0.0361,1.8351,0.2678,-0.4033,-1.0940,-0.7007,-0.4146,0.0938
1.1280,dirt,0.715,0.350,0.1757,0.2121,0.1575,0.0401,0.6958,-0.2613,-0.5930,-1.2051,-0.6139,-0.5500,0.0906
1.1400,dirt,0.715,0.350,0.1711,0.2041,0.0724,0.0461,1.4627,-0.5603,-0.7667,-0.9892,-0.6252,-0.5999,0.0876
1.1520,dirt,0.715,0.350,0.1665,0.1953,0.0085,0.0473,1.4062,-0.1879,-0.7447,-1.2602,-0.7022,-0.6694,0.0848
1.1640,dirt,0.715,0.350,0.1618,0.2378,-0.0050,0.0484,0.0645,-0.0538,-0.7360,-1.3954,-0.7891,-0.7056,0.0828
1.1760,dirt,0.715,0.350,0.1569,0.2133,0.0123,0.0451,1.9550,-0.9514,-0.7877,-1.6239,-0.7836,-0.6615,0.0806
1.1880,dirt,0.715,0.350,0.1520,0.2752,0.0556,0.0436,0.2372,0.2325,-0.9829,-1.2799,-0.8377,-0.7857,0.0778
1.2000,dirt,0.715,0.350,0.1469,0.2767,0.1180,0.0402,3.2828,0.3793,-0.7970,-1.4219,-0.9176,-0.5204,0.0750
1.2120,dirt,0.715,0.350,0.1418,0.3282,0.0885,0.0341,1.3121,0.2900,-0.8976,-1.5692,-0.9856,-0.7718,0.0730
1.2240,dirt,0.715,0.350,0.1366,0.2609,0.0556,0.0361,1.6891,-0.6379,-0.8282,-1.4328,-0.9244,-0.9896,0.0706
1.2360,dirt,0.715,0.350,0.1313,0.3832,0.0301,0.0339,3.1639,-0.6945,-0.8049,-1.4100,-1.0636,-0.9487,0.0676
1.2480,dirt,0.715,0.350,0.1259,0.3175,0.0053,0.0287,0.5535,-0.1003,-1.0380,-1.4934,-0.6908,-1.2780,0.0649
1.2600,dirt,0.715,0.350,0.1204,0.3997,0.1002,0.0309,1.7944,0.3363,-0.8920,-2.0435,-0.9052,-0.8258,0.0620
1.2720,dirt,0.715,0.350,0.1149,0.3933,0.1243,0.0313,2.4954,-0.4890,-0.9821,-2.2176,-1.0584,-0.9468,0.0600
1.2840,dirt,0.715,0.350,0.1093,0.4722,0.0353,0.0308,1.0006,0.6223,-1.0461,-1.9865,-0.9868,-1.1135,0.0579
1.2960,dirt,0.715,0.350,0.1036,0.4459,0.0915,0.0291,2.6589,-0.3131,-1.1069,-1.7955,-1.1639,-1.1285,0.0552
1.3080,dirt,0.715,0.350,0.0978,0.4287,0.0506,0.0295,0.7109,-1.3161,-1.1520,-1.6528,-1.2608,-1.2239,0.0521
1.3200,dirt,0.715,0.350,0.0920,0.4487,0.0677,0.0315,1.7848,-0.6206,-1.1194,-1.5693,-1.2787,-1.4062,0.0489
1.3320,dirt,0.715,0.350,0.0862,0.4619,0.0457,0.0252,2.5604,0.5026,-1.2340,-1.4779,-0.8167,-1.5361,0.0459
1.3440,dirt,0.715,0.350,0.0802,0.5621,0.1062,0.0246,2.2631,0.2591,-1.4308,-1.6721,-1.0189,-1.4520,0.0433
1.3560,dirt,0.715,0.350,0.0743,0.6313,-0.0179,0.0188,0.7536,-0.6420,-1.3720,-2.0604,-1.5298,-1.3442,0.0405
1.3680,dirt,0.715,0.350,0.0682,0.5474,0.1305,0.0246,1.3345,-0.4183,-1.3349,-2.4537,-1.4598,-1.2167,0.0381
1.3800,dirt,0.715,0.350,0.0622,0.5054,0.0319,0.0230,2.4456,0.3489,-1.5039,-2.5656,-1.2529,-1.4622,0.0359
1.3920,dirt,0.715,0.350,0.0561,0.6127,0.1072,0.0210,0.5707,-0.2499,-1.7443,-2.7526,-1.1766,-1.6272,0.0326
1.4040,dirt,0.715,0.350,0.0499,0.6653,0.0734,0.0259,2.4651,-0.3760,-1.6961,-2.9110,-1.3452,-1.5410,0.0287
1.4160,dirt,0.715,0.350,0.0438,0.6301,-0.0818,0.0232,2.0355,0.2128,-1.5549,-3.3966,-1.3162,-1.6605,0.0253
1.4280,dirt,0.715,0.350,0.0376,0.7020,0.0447,0.0206,0.8238,-0.9994,-1.6540,-3.5149,-1.7189,-1.5133,0.0224
1.4400,dirt,0.715,0.350,0.0313,0.7158,0.0242,0.0187,1.8580,0.3358,-1.6794,-3.3968,-1.5071,-1.6470,0.0204
1.4520,dirt,0.715,0.350,0.0251,0.6825,0.1281,0.0138,1.6140,0.2550,-1.8144,-3.1658,-1.8874,-1.8283,0.0180
1.4640,dirt,0.715,0.350,0.0188,0.7876,0.0429,0.0151,2.7383,0.1758,-1.8542,-3.0769,-1.5852,-1.9559,0.0146
1.4760,dirt,0.715,0.350,0.0126,0.7636,-0.0115,0.0154,2.4858,-0.8267,-2.1440,-2.9221,-1.6983,-2.1132,0.0106
1.4880,dirt,0.715,0.350,0.0063,0.6909,0.0006,0.0162,1.9187,0.3678,-2.4148,-2.9600,-1.8104,-2.0923,0.0079
1.5000,dirt,0.715,0.350,0.0000,0.7106,0.1018,0.0176,2.1599,0.3656,-2.7977,-2.6731,-1.9460,-2.0859,0.0055
1.5120,dirt,0.715,0.350,-0.0063,0.8200,0.0168,0.0209,1.6705,0.3906,-3.0722,-2.9059,-1.7858,-2.2067,0.0018
1.5240,dirt,0.715,0.350,-0.0126,0.7631,-0.0680,0.0227,1.6694,-0.3965,-2.9124,-3.5293,-2.0745,-1.9629,-0.0019
1.5360,dirt,0.715,0.350,-0.0188,0.9268,0.0243,0.0194,2.3425,0.2713,-2.6520,-3.6792,-1.9410,-2.2296,-0.0058
1.5480,dirt,0.715,0.350,-0.0251,0.8914,0.0317,0.0178,2.7020,-0.1472,-2.5258,-3.6799,-1.9973,-2.4338,-0.0089
1.5600,dirt,0.715,0.350,-0.0313,0.8819,0.1002,0.0154,1.8491,0.4461,-2.5356,-3.7814,-2.1332,-2.5854,-0.0110
1.5720,dirt,0.715,0.350,-0.0376,0.9195,0.1202,0.0118,2.0740,-0.1695,-2.4289,-3.9439,-2.1427,-2.7184,-0.0140
1.5840,dirt,0.715,0.350,-0.0438,0.9207,0.0617,0.0114,2.2202,-0.3948,-2.4210,-4.0145,-2.2722,-2.8440,-0.0178
1.5960,dirt,0.715,0.350,-0.0499,0.9915,0.0391,0.0095,1.8462,-0.2283,-2.6435,-4.0135,-2.3073,-2.8029,-0.0206
1.6080,dirt,0.715,0.350,-0.0561,0.9745,-0.0227,0.0131,2.5665,-0.3246,-3.0639,-3.9863,-2.2387,-2.8256,-0.0222
1.6200,dirt,0.715,0.350,-0.0622,0.9909,-0.0024,0.0142,2.6670,-0.4303,-2.9078,-4.1912,-2.3556,-2.8689,-0.0258
1.6320,dirt,0.715,0.350,-0.0682,1.0384,0.0609,0.0139,1.9782,-0.0121,-2.8987,-4.3968,-2.4537,-3.0603,-0.0302
1.6440,dirt,0.715,0.350,-0.0743,1.1012,0.0390,0.0141,1.9184,0.1829,-3.1314,-4.3685,-2.4969,-3.2226,-0.0326
1.6560,dirt,0.715,0.350,-0.0802,1.1500,-0.0334,0.0114,2.0602,-0.2678,-3.1919,-4.3562,-2.7320,-3.3236,-0.0344
1.6680,dirt,0.715,0.350,-0.0862,1.1612,0.0364,0.0106,2.0192,-0.1184,-3.2804,-4.4365,-2.9077,-3.0084,-0.0378
1.6800,dirt,0.715,0.350,-0.0920,1.1591,0.1032,0.0103,1.9353,-0.1768,-3.6713,-4.4851,-2.7830,-2.9480,-0.0416
1.6920,dirt,0.715,0.350,-0.0978,1.2398,-0.0469,0.0122,1.5844,0.0218,-3.8289,-4.6506,-2.7248,-3.0521,-0.0447
1.7040,dirt,0.715,0.350,-0.1036,1.2247,-0.0119,0.0121,2.2148,-0.4103,-3.7746,-4.8347,-2.6945,-3.3000,-0.0472
1.7160,dirt,0.715,0.350,-0.1093,1.2476,-0.0078,0.0133,2.3005,-0.2498,-3.9391,-4.8365,-2.8444,-3.4017,-0.0496
1.7280,dirt,0.715,0.350,-0.1149,1.3034,-0.0203,0.0102,2.2836,0.3841,-3.8150,-4.8772,-3.0973,-3.4160,-0.0522
1.7400,dirt,0.715,0.350,-0.1204,1.2253,0.0250,0.0112,2.0119,-0.0363,-3.9000,-4.8892,-3.2047,-3.3262,-0.0556
1.7520,dirt,0.715,0.350,-0.1259,1.3430,-0.0050,0.0092,2.0678,-0.5361,-3.9105,-5.2028,-3.1670,-3.3557,-0.0591
1.7640,dirt,0.715,0.350,-0.1313,1.4117,-0.0340,0.0085,2.1151,-0.4104,-3.9701,-5.2889,-3.1245,-3.4648,-0.0613
1.7760,dirt,0.715,0.350,-0.1366,1.4250,-0.0032,0.0077,2.1845,-0.7891,-4.0600,-5.3865,-3.0483,-3.8082,-0.0634
1.7880,dirt,0.715,0.350,-0.1418,1.3886,-0.1177,0.0075,1.7035,0.1915,-4.0477,-5.3432,-3.2265,-3.8994,-0.0656
1.8000,dirt,0.715,0.350,-0.1469,1.4983,-0.0452,0.0031,2.1840,0.1390,-3.9416,-5.3788,-3.5723,-3.7075,-0.0692
1.8120,dirt,0.715,0.350,-0.1520,1.4425,-0.0319,0.0049,1.8424,-0.1918,-4.0825,-5.5028,-3.5699,-3.6856,-0.0726
1.8240,dirt,0.715,0.350,-0.1569,1.4482,-0.0606,0.0027,2.1169,-0.1015,-4.2539,-5.4405,-3.4804,-3.8795,-0.0742
1.8360,dirt,0.715,0.350,-0.1618,1.5332,-0.0476,0.0053,1.9036,-0.2844,-4.3257,-5.5569,-3.4836,-4.0444,-0.0760
1.8480,dirt,0.715,0.350,-0.1665,1.5311,-0.0519,0.0006,2.0111,-0.0186,-4.2125,-5.6227,-3.6510,-4.0379,-0.0790
1.8600,dirt,0.715,0.350,-0.1711,1.5614,0.0071,-0.0008,2.6586,-0.5428,-4.2552,-5.6111,-3.8257,-3.9215,-0.0817
1.8720,dirt,0.715,0.350,-0.1757,1.6453,-0.0533,-0.0018,2.1494,-0.2067,-4.4696,-5.6059,-3.8172,-3.8976,-0.0834
1.8840,dirt,0.715,0.350,-0.1801,1.6082,-0.0837,-0.0022,1.4817,-0.0830,-4.6401,-5.6937,-3.6492,-4.2160,-0.0852
1.8960,dirt,0.715,0.350,-0.1844,1.5468,-0.0178,-0.0026,2.0252,-0.3166,-4.6423,-5.7394,-3.7377,-4.3145,-0.0883
1.9080,dirt,0.715,0.350,-0.1886,1.6560,0.0309,-0.0091,2.2649,-0.3709,-4.5171,-5.7981,-4.0374,-4.1374,-0.0910
1.9200,dirt,0.715,0.350,-0.1926,1.7115,-0.0046,-0.0117,1.6630,0.2462,-4.6740,-5.7971,-4.0721,-4.0424,-0.0926
1.9320,dirt,0.715,0.350,-0.1966,1.6682,0.0301,-0.0095,1.8158,-0.5014,-4.8875,-5.7622,-3.9138,-4.3585,-0.0939
1.9440,dirt,0.715,0.350,-0.2004,1.7352,-0.0876,-0.0097,2.2331,-0.6325,-4.8911,-5.8649,-3.9344,-4.5428,-0.0960
1.9560,dirt,0.715,0.350,-0.2041,1.7429,-0.0696,-0.0117,2.1157,0.1111,-4.7849,-5.8374,-4.3267,-4.3330,-0.0985
1.9680,dirt,0.715,0.350,-0.2076,1.6925,-0.0030,-0.0170,1.9688,0.1753,-4.8627,-5.8568,-4.3079,-4.2931,-0.1006
1.9800,dirt,0.715,0.350,-0.2111,1.8260,-0.0326,-0.0141,1.6521,-0.7080,-5.1258,-5.8105,-4.1284,-4.6062,-0.1016
1.9920,dirt,0.715,0.350,-0.2144,1.8627,-0.0318,-0.0170,1.9548,-0.2463,-5.1094,-5.8656,-4.2303,-4.7383,-0.1029
2.0040,dirt,0.715,0.350,-0.2175,1.7820,-0.0462,-0.0199,2.1425,0.0119,-5.0960,-5.7787,-4.4727,-4.5763,-0.1050
2.0160,dirt,0.715,0.350,-0.2206,1.9695,0.0630,-0.0229,2.2486,-0.2982,-5.1317,-5.8132,-4.4591,-4.5237,-0.1070
2.0280,dirt,0.715,0.350,-0.2235,1.8853,-0.0214,-0.0212,1.9284,-0.5585,-5.2020,-5.9016,-4.3155,-4.9170,-0.1085
2.0400,dirt,0.715,0.350,-0.2262,1.9629,-0.0718,-0.0258,1.7084,0.0554,-5.0811,-5.9812,-4.5958,-4.9311,-0.1095
2.0520,dirt,0.715,0.350,-0.2288,1.9479,-0.0895,-0.0287,2.2285,-0.3340,-5.1150,-5.9095,-4.6997,-4.7371,-0.1107
2.0640,dirt,0.715,0.350,-0.2313,1.9195,-0.0646,-0.0306,1.9849,-0.4512,-5.1681,-5.9571,-4.5850,-4.9293,-0.1125
2.0760,dirt,0.715,0.350,-0.2336,1.9006,0.0149,-0.0287,1.6796,-0.4029,-5.2336,-6.0058,-4.6096,-5.0769,-0.1138
2.0880,dirt,0.715,0.350,-0.2357,2.0312,-0.0148,-0.0363,1.9664,-0.4158,-5.1023,-6.0442,-4.8681,-4.9293,-0.1147
2.1000,dirt,0.715,0.350,-0.2378,1.9865,-0.0675,-0.0370,1.6982,-0.2398,-5.3057,-6.0148,-4.8428,-4.8746,-0.1154
2.1120,dirt,0.715,0.350,-0.2396,2.0723,-0.1098,-0.0358,1.7920,-0.5277,-5.4367,-6.0913,-4.7493,-5.1556,-0.1164
2.1240,dirt,0.715,0.350,-0.2413,2.0295,-0.1327,-0.0374,1.7662,-0.1074,-5.3800,-6.1033,-5.0114,-5.1127,-0.1178
2.1360,dirt,0.715,0.350,-0.2429,2.1657,-0.0357,-0.0416,2.1748,0.1250,-5.5007,-5.9898,-4.9849,-5.0003,-0.1186
2.1480,dirt,0.715,0.350,-0.2443,2.1469,-0.0705,-0.0398,1.7383,-0.2255,-5.6043,-6.0556,-4.9260,-5.1993,-0.1190
2.1600,dirt,0.715,0.350,-0.2456,2.0392,-0.1278,-0.0449,1.6509,-0.1724,-5.5379,-6.0731,-5.1166,-5.2790,-0.1201
2.1720,dirt,0.715,0.350,-0.2467,2.2094,0.0526,-0.0442,1.6376,-0.4381,-5.6121,-6.0754,-5.1538,-5.1579,-0.1207
2.1840,dirt,0.715,0.350,-0.2476,2.1274,-0.0513,-0.0455,1.5467,-0.0737,-5.7030,-6.1157,-5.0232,-5.3397,-0.1213
2.1960,dirt,0.715,0.350,-0.2484,2.1606,-0.1260,-0.0465,1.4403,-0.4242,-5.5897,-6.2135,-5.2144,-5.4817,-0.1220
2.2080,dirt,0.715,0.350,-0.2490,2.2158,-0.1440,-0.0501,1.7856,-0.0423,-5.5877,-6.1737,-5.2755,-5.3514,-0.1220
2.2200,dirt,0.715,0.350,-0.2495,2.1880,-0.1673,-0.0511,1.6725,-0.6124,-5.7309,-6.1800,-5.1941,-5.4187,-0.1220
2.2320,dirt,0.715,0.350,-0.2498,2.2351,-0.1200,-0.0521,1.6775,0.0015,-5.6818,-6.1704,-5.4022,-5.5975,-0.1225
2.2440,dirt,0.715,0.350,-0.2500,2.1979,-0.0708,-0.0525,1.7432,-0.1823,-5.7737,-6.1041,-5.4153,-5.5310,-0.1225
2.2560,dirt,0.715,0.350,-0.2500,2.3026,-0.0899,-0.0537,1.5671,-0.2151,-5.8346,-6.3097,-5.3722,-5.5368,-0.1224
2.2680,dirt,0.715,0.350,-0.2498,2.3860,-0.0899,-0.0559,1.3898,-0.1590,-5.7821,-6.4483,-5.4947,-5.6829,-0.1232
2.2800,dirt,0.715,0.350,-0.2495,2.3672,-0.0050,-0.0575,1.6304,-0.1318,-5.7949,-6.5017,-5.4469,-5.6252,-0.1230
2.2920,dirt,0.715,0.350,-0.2490,2.3349,-0.1045,-0.0580,1.2481,-0.4258,-5.9848,-6.5851,-5.4447,-5.6641,-0.1218
2.3040,dirt,0.715,0.350,-0.2484,2.3739,-0.0755,-0.0581,1.4892,-0.3140,-5.8688,-6.7767,-5.5752,-5.7519,-0.1217
2.3160,dirt,0.715,0.350,-0.2476,2.3863,-0.1021,-0.0606,1.3301,-0.0417,-5.9742,-6.8185,-5.5427,-5.6576,-0.1215
2.3280,dirt,0.715,0.350,-0.2467,2.4347,-0.1158,-0.0581,1.4583,-1.0035,-6.1202,-6.7398,-5.5602,-5.6780,-0.1207
2.3400,dirt,0.715,0.350,-0.2456,2.4576,-0.0660,-0.0611,1.2566,-0.4556,-6.0240,-6.8832,-5.6892,-5.8088,-0.1203
2.3520,dirt,0.715,0.350,-0.2443,2.4315,-0.0551,-0.0620,1.4055,-0.3432,-6.0839,-6.9431,-5.6672,-5.7420,-0.1198
2.3640,dirt,0.715,0.350,-0.2429,2.4311,-0.0758,-0.0621,1.3961,-0.5467,-6.0838,-6.9324,-5.7528,-5.8199,-0.1189
2.3760,dirt,0.715,0.350,-0.2413,2.4651,-0.0989,-0.0642,1.4112,-0.1755,-6.0721,-6.9667,-5.7445,-6.0096,-0.1181
2.3880,dirt,0.715,0.350,-0.2396,2.4560,-0.0710,-0.0622,1.6466,-0.1763,-6.2324,-6.8735,-5.7551,-5.9308,-0.1171
2.4000,dirt,0.715,0.350,-0.2378,2.4363,-0.1208,-0.0628,1.2593,-0.1702,-6.2034,-6.8748,-5.9628,-5.9865,-0.1164
2.4120,dirt,0.715,0.350,-0.2357,2.5591,-0.0850,-0.0627,1.3379,-0.3160,-6.2458,-6.8515,-5.8992,-6.1345,-0.1157
2.4240,dirt,0.715,0.350,-0.2336,2.5807,-0.1295,-0.0617,1.8137,0.0380,-6.3073,-6.7675,-5.9622,-6.0561,-0.1145
2.4360,dirt,0.715,0.350,-0.2313,2.5094,-0.0681,-0.0645,1.5281,0.0456,-6.3654,-6.8210,-6.1086,-6.1308,-0.1135
2.4480,dirt,0.715,0.350,-0.2288,2.5789,-0.1467,-0.0637,1.6210,-0.0545,-6.4626,-6.7900,-6.0726,-6.1660,-0.1125
2.4600,dirt,0.715,0.350,-0.2262,2.7160,-0.1974,-0.0628,1.4336,-0.2962,-6.4754,-6.7657,-6.1783,-6.1601,-0.1112
2.4720,dirt,0.715,0.350,-0.2235,2.5254,-0.1602,-0.0667,1.2406,-0.3630,-6.5658,-6.8978,-6.1631,-6.2995,-0.1101
2.4840,dirt,0.715,0.350,-0.2206,2.5080,-0.0883,-0.0652,1.3239,0.0002,-6.6832,-6.8693,-6.1461,-6.2133,-0.1085
2.4960,dirt,0.715,0.350,-0.2175,2.6006,-0.0718,-0.0643,1.7969,0.0534,-6.6930,-6.9744,-6.2853,-6.1933,-0.1073
2.5080,dirt,0.715,0.350,-0.2144,2.5601,-0.0591,-0.0664,1.2523,0.0375,-6.8478,-6.9864,-6.2200,-6.3022,-0.1060
2.5200,dirt,0.715,0.350,-0.2111,2.6199,-0.0924,-0.0667,1.3669,-0.1608,-6.9505,-6.9370,-6.3555,-6.2159,-0.1041
2.5320,dirt,0.715,0.350,-0.2076,2.6500,-0.1430,-0.0692,1.4269,-0.5249,-6.8801,-7.0550,-6.2945,-6.4154,-0.1030
2.5440,dirt,0.715,0.350,-0.2041,2.7316,-0.1021,-0.0684,1.1716,0.1617,-6.9699,-6.9750,-6.3018,-6.3766,-0.1015
2.5560,dirt,0.715,0.350,-0.2004,2.6249,-0.1040,-0.0686,1.2501,0.2764,-6.9160,-7.0863,-6.4803,-6.3693,-0.0995
2.5680,dirt,0.715,0.350,-0.1966,2.7146,-0.1897,-0.0679,1.4514,-0.0484,-6.9356,-7.0890,-6.3539,-6.5393,-0.0975
2.5800,dirt,0.715,0.350,-0.1926,2.7141,-0.1796,-0.0709,1.3327,0.2523,-6.9456,-7.0816,-6.5520,-6.4209,-0.0958
2.5920,dirt,0.715,0.350,-0.1886,2.7329,-0.1416,-0.0697,1.3393,-0.1623,-6.9450,-7.0665,-6.4960,-6.5956,-0.0944
2.6040,dirt,0.715,0.350,-0.1844,2.7679,-0.0815,-0.0679,1.5038,-0.0465,-7.0526,-7.0606,-6.5651,-6.5829,-0.0919
2.6160,dirt,0.715,0.350,-0.1801,2.8407,-0.1751,-0.0715,1.2473,0.1431,-6.9588,-7.2028,-6.6402,-6.6192,-0.0898
2.6280,dirt,0.715,0.350,-0.1757,2.8001,-0.0880,-0.0692,1.5645,0.0915,-6.9870,-7.3132,-6.5374,-6.7618,-0.0882
2.6400,dirt,0.715,0.350,-0.1711,2.9100,-0.1073,-0.0715,1.1946,0.0137,-6.9549,-7.4102,-6.7102,-6.6008,-0.0855
2.6520,dirt,0.715,0.350,-0.1665,2.8411,-0.1360,-0.0722,1.2410,-0.5242,-6.9556,-7.6045,-6.5479,-6.8319,-0.0828
2.6640,dirt,0.715,0.350,-0.1618,2.7928,0.0164,-0.0705,1.2796,0.1358,-6.9835,-7.6085,-6.6906,-6.7625,-0.0806
2.6760,dirt,0.715,0.350,-0.1569,2.8446,-0.0675,-0.0708,1.4873,0.2315,-7.0770,-7.6081,-6.6861,-6.8200,-0.0782
2.6880,dirt,0.715,0.350,-0.1520,2.8610,-0.0933,-0.0667,1.5005,0.2306,-7.1600,-7.5885,-6.7203,-6.8864,-0.0759
2.7000,dirt,0.715,0.350,-0.1469,2.8974,-0.1239,-0.0679,1.3986,-0.4177,-7.1003,-7.6015,-6.8409,-6.8037,-0.0734
2.7120,dirt,0.715,0.350,-0.1418,2.9459,-0.1174,-0.0655,1.3218,-0.3309,-7.1778,-7.5987,-6.8037,-7.0165,-0.0705
2.7240,dirt,0.715,0.350,-0.1366,2.8159,-0.0679,-0.0671,1.3611,0.1335,-7.1616,-7.4672,-6.9752,-6.8839,-0.0678
2.7360,dirt,0.715,0.350,-0.1313,2.9462,-0.1487,-0.0666,1.0215,-0.1063,-7.2200,-7.5740,-6.9121,-7.0583,-0.0653
2.7480,dirt,0.715,0.350,-0.1259,2.9463,-0.1292,-0.0636,1.3977,0.3785,-7.2367,-7.5160,-7.0607,-6.9890,-0.0629
2.7600,dirt,0.715,0.350,-0.1204,2.8559,-0.1240,-0.0618,1.1963,-0.2815,-7.2837,-7.5673,-7.0223,-7.0493,-0.0602
2.7720,dirt,0.715,0.350,-0.1149,2.9700,-0.1144,-0.0590,1.2936,-0.1040,-7.2915,-7.6340,-6.9896,-7.0965,-0.0574
2.7840,dirt,0.715,0.350,-0.1093,2.9363,-0.0755,-0.0591,1.1677,-0.0822,-7.4074,-7.6577,-7.1851,-7.0177,-0.0543
2.7960,dirt,0.715,0.350,-0.1036,2.9489,-0.1168,-0.0561,1.0747,-0.2116,-7.4845,-7.6475,-7.3959,-7.0884,-0.0515
2.8080,dirt,0.715,0.350,-0.0978,3.0325,-0.0934,-0.0566,1.6255,-0.1113,-7.5139,-7.5891,-7.3365,-7.0018,-0.0484
2.8200,dirt,0.715,0.350,-0.0920,3.0288,-0.1334,-0.0556,1.6678,0.0032,-7.6475,-7.6564,-7.1057,-7.1509,-0.0460
2.8320,dirt,0.715,0.350,-0.0862,3.0747,-0.1292,-0.0606,1.4842,0.1444,-7.6791,-7.6474,-7.2404,-7.1871,-0.0436
2.8440,dirt,0.715,0.350,-0.0802,3.0946,-0.1028,-0.0626,1.3357,0.3763,-7.6933,-7.6811,-7.4448,-7.3549,-0.0409
2.8560,dirt,0.715,0.350,-0.0743,3.0988,-0.0896,-0.0607,1.2822,0.2359,-7.5786,-7.5246,-7.7130,-7.6012,-0.0377
2.8680,dirt,0.715,0.350,-0.0682,3.1251,-0.0111,-0.0603,1.0693,0.4274,-7.4459,-7.4802,-8.0988,-7.8129,-0.0349
2.8800,dirt,0.715,0.350,-0.0622,3.0536,0.0295,-0.0596,1.0145,0.7619,-7.2847,-7.2727,-8.5391,-7.9087,-0.0318
2.8920,dirt,0.715,0.350,-0.0561,3.1376,-0.0665,-0.0578,0.5394,-0.1091,-7.1762,-7.1588,-9.0131,-7.8357,-0.0287
2.9040,dirt,0.715,0.350,-0.0499,3.1016,-0.1294,-0.0523,0.0786,0.0385,-7.0826,-7.1643,-9.4433,-7.9931,-0.0260
2.9160,dirt,0.715,0.350,-0.0438,3.0740,-0.1473,-0.0523,-0.0510,0.4751,-7.0139,-7.0976,-9.6795,-8.1140,-0.0232
2.9280,dirt,0.715,0.350,-0.0376,3.1209,-0.0331,-0.0458,0.2636,-0.7880,-6.9699,-7.1690,-9.2935,-8.5359,-0.0198
2.9400,dirt,0.715,0.350,-0.0313,3.1030,-0.0676,-0.0442,0.6442,-0.6989,-7.0169,-7.3159,-7.3436,-9.6097,-0.0159
2.9520,dirt,0.715,0.350,-0.0251,3.0620,-0.1799,-0.0085,-0.3294,-4.1118,-7.1017,-7.5829,-6.7627,-10.2699,-0.0129
2.9640,dirt,0.715,0.350,-0.0188,3.1237,-0.0197,0.0086,1.0861,-0.9835,-7.2110,-7.9234,-7.2425,-7.9970,-0.0105
2.9760,dirt,0.715,0.350,-0.0126,3.1081,-0.1137,0.0037,2.8989,3.4884,-7.6297,-8.5152,-6.9576,-7.0221,-0.0069
2.9880,dirt,0.715,0.350,-0.0063,3.1241,-0.0576,-0.0004,-0.3646,0.2544,-7.9868,-8.8994,-6.8658,-6.9387,-0.0029
3.0000,dirt,0.715,0.350,0.0000,3.0915,-0.0675,0.0027,0.3022,-0.6400,-8.2381,-9.1661,-6.8791,-6.6408,0.0004
3.0120,dirt,0.715,0.350,0.0063,3.1280,-0.1302,0.0069,-0.2081,0.3529,-8.3094,-9.1904,-6.7550,-6.7149,0.0031
3.0240,dirt,0.715,0.350,0.0126,3.1713,-0.0714,-0.0011,0.6892,0.9999,-8.4133,-9.1556,-7.0837,-6.7585,0.0058
3.0360,dirt,0.715,0.350,0.0188,3.1400,-0.0901,-0.0081,1.6963,1.8150,-8.3385,-8.9229,-7.0624,-6.7376,0.0090
3.0480,dirt,0.715,0.350,0.0251,3.2851,-0.0704,-0.0099,1.0584,0.1078,-8.3719,-8.7755,-7.0296,-6.7677,0.0117
3.0600,dirt,0.715,0.350,0.0313,3.2414,-0.0986,-0.0108,1.7968,0.5955,-8.2401,-8.5541,-7.1748,-6.8000,0.0139
3.0720,dirt,0.715,0.350,0.0376,3.2569,-0.1171,-0.0174,1.5269,0.3685,-8.2069,-8.4350,-6.9848,-7.0315,0.0163
3.0840,dirt,0.715,0.350,0.0438,3.2347,-0.1091,-0.0146,1.7032,0.1097,-7.9832,-8.3080,-7.2694,-7.0833,0.0194
3.0960,dirt,0.715,0.350,0.0499,3.2607,-0.0662,-0.0126,2.0809,0.1802,-7.9114,-8.1039,-7.3107,-7.0065,0.0234
3.1080,dirt,0.715,0.350,0.0561,3.3906,-0.1163,-0.0092,1.6750,0.6154,-7.7557,-7.9902,-7.3736,-7.2681,0.0262
3.1200,dirt,0.715,0.350,0.0622,3.3472,-0.0437,-0.0094,1.5065,0.7608,-7.7353,-7.8427,-7.6605,-7.2765,0.0289
3.1320,dirt,0.715,0.350,0.0682,3.3022,-0.0411,-0.0059,1.4449,0.2330,-7.5715,-7.8044,-7.3937,-7.5624,0.0325
3.1440,dirt,0.715,0.350,0.0743,3.3311,-0.0099,-0.0076,0.7209,0.6926,-7.5946,-7.8198,-7.6358,-7.6599,0.0357
3.1560,dirt,0.715,0.350,0.0802,3.3727,-0.0441,-0.0059,1.3798,0.6663,-7.4233,-7.8538,-7.7872,-7.5989,0.0393
3.1680,dirt,0.715,0.350,0.0862,3.3693,0.0039,-0.0029,0.7087,0.8674,-7.4969,-7.9578,-7.5710,-8.0177,0.0423
3.1800,dirt,0.715,0.350,0.0920,3.4138,-0.0400,-0.0056,0.6292,0.4157,-7.4555,-7.9782,-7.7243,-8.1485,0.0451
3.1920,dirt,0.715,0.350,0.0978,3.3475,-0.0166,-0.0028,0.8913,0.1608,-7.5080,-8.0399,-7.5976,-8.2647,0.0484
3.2040,dirt,0.715,0.350,0.1036,3.4277,0.0134,-0.0013,0.7082,0.4128,-7.5689,-8.0692,-7.7316,-8.1890,0.0514
3.2160,dirt,0.715,0.350,0.1093,3.3451,0.0802,-0.0011,0.8936,0.5843,-7.6081,-8.1905,-7.6148,-8.2628,0.0541
3.2280,dirt,0.715,0.350,0.1149,3.3429,0.0396,0.0026,0.8320,0.6338,-7.7406,-8.2513,-7.6698,-8.1852,0.0564
3.2400,dirt,0.715,0.350,0.1204,3.3480,0.0318,0.0040,1.0724,0.1690,-7.7757,-8.4004,-7.5548,-8.1836,0.0593
3.2520,dirt,0.715,0.350,0.1259,3.4205,0.1111,0.0036,1.0543,0.2719,-7.9297,-8.5165,-7.6227,-8.1076,0.0622
3.2640,dirt,0.715,0.350,0.1313,3.3840,0.0193,0.0053,0.9176,0.0702,-8.1356,-8.5616,-7.5029,-8.1558,0.0654
3.2760,dirt,0.715,0.350,0.1366,3.5629,0.0501,0.0065,0.9253,0.5048,-8.2843,-8.6427,-7.5987,-8.0034,0.0677
3.2880,dirt,0.715,0.350,0.1418,3.3848,0.0402,0.0114,0.9411,-0.1732,-8.3620,-8.7209,-7.5891,-7.9882,0.0700
3.3000,dirt,0.715,0.350,0.1469,3.4451,0.0273,0.0087,0.9985,0.3774,-8.4600,-8.7978,-7.5771,-7.9495,0.0730
3.3120,dirt,0.715,0.350,0.1520,3.4430,0.0950,0.0116,1.1871,0.1874,-8.4701,-8.8992,-7.5172,-7.9197,0.0758
3.3240,dirt,0.715,0.350,0.1569,3.5125,0.1341,0.0152,1.1842,0.3201,-8.4680,-8.9850,-7.6624,-7.7168,0.0779
3.3360,dirt,0.715,0.350,0.1618,3.5115,-0.0501,0.0150,1.1690,0.1990,-8.4614,-9.0554,-7.7706,-7.7602,0.0802
3.3480,dirt,0.715,0.350,0.1665,3.5354,0.0344,0.0216,1.0150,0.3113,-8.4442,-9.0849,-7.6671,-7.7487,0.0834
3.3600,dirt,0.715,0.350,0.1711,3.5324,0.0962,0.0277,0.7537,-0.0665,-8.4515,-9.1109,-7.7602,-7.7920,0.0860
3.3720,dirt,0.715,0.350,0.1757,3.5154,0.0663,0.0278,1.1168,0.3022,-8.4207,-9.1407,-7.6381,-7.9175,0.0882
3.3840,dirt,0.715,0.350,0.1801,3.6353,0.0097,0.0321,1.1689,0.0359,-8.4366,-9.1297,-7.6924,-7.8661,0.0900
3.3960,dirt,0.715,0.350,0.1844,3.5306,0.0774,0.0355,0.9509,-0.0480,-8.3466,-9.1787,-7.6106,-7.9510,0.0921
3.4080,dirt,0.715,0.350,0.1886,3.5617,0.1020,0.0488,0.9008,0.3496,-8.4894,-9.0455,-7.7479,-7.9373,0.0948
3.4200,dirt,0.715,0.350,0.1926,3.5717,0.0336,0.0530,1.0269,-0.6509,-8.3951,-9.1318,-7.7859,-7.9946,0.0969
3.4320,dirt,0.715,0.350,0.1966,3.6611,0.1175,0.0609,0.9490,1.1062,-8.5044,-9.0309,-7.7764,-8.0026,0.0989
3.4440,dirt,0.715,0.350,0.2004,3.6593,-0.0020,0.0588,1.4037,0.2344,-8.4257,-9.1115,-7.8479,-8.0828,0.1003
3.4560,dirt,0.715,0.350,0.2041,3.5560,-0.0285,0.0580,1.3248,0.9313,-8.4909,-9.0295,-7.7692,-8.1322,0.1018
3.4680,dirt,0.715,0.350,0.2076,3.6315,0.0624,0.0657,1.1711,0.9206,-8.4616,-9.0225,-7.8350,-7.9925,0.1037
3.4800,dirt,0.715,0.350,0.2111,3.6096,0.0115,0.0644,0.8010,0.2524,-8.4739,-9.0328,-7.8388,-8.0923,0.1052
3.4920,dirt,0.715,0.350,0.2144,3.7352,0.1097,0.0685,0.6841,0.9223,-8.4723,-8.9857,-7.9961,-8.0789,0.1066
3.5040,dirt,0.715,0.350,0.2175,3.6570,0.1112,0.0671,0.8192,0.1282,-8.3860,-9.0332,-7.8180,-8.2048,0.1080
3.5160,dirt,0.715,0.350,0.2206,3.7212,0.0684,0.0728,0.4718,0.2550,-8.4556,-8.9375,-8.0159,-8.1760,0.1096
3.5280,dirt,0.715,0.350,0.2235,3.6934,0.0856,0.0721,0.8941,0.0509,-8.3395,-8.9592,-7.9198,-8.2370,0.1111
3.5400,dirt,0.715,0.350,0.2262,3.7482,0.0215,0.0739,0.8052,0.9728,-8.4161,-8.9188,-8.0009,-8.2975,0.1123
3.5520,dirt,0.715,0.350,0.2288,3.7757,0.1103,0.0740,1.0486,0.6461,-8.5049,-8.8462,-8.0150,-8.3507,0.1135
3.5640,dirt,0.715,0.350,0.2313,3.7241,0.0106,0.0783,0.7436,0.4959,-8.5546,-8.8161,-8.2133,-8.3583,0.1147
3.5760,dirt,0.715,0.350,0.2336,3.7675,0.0560,0.0778,0.9247,0.3336,-8.5563,-8.7599,-8.1277,-8.3939,0.1157
3.5880,dirt,0.715,0.350,0.2357,3.8319,0.1360,0.0823,0.7783,0.3084,-8.6075,-8.7762,-8.1914,-8.3959,0.1167
3.6000,dirt,0.715,0.350,0.2378,3.7472,-0.0170,0.0827,0.5756,0.5187,-8.6618,-8.7942,-8.1582,-8.4339,0.1179
3.6120,dirt,0.715,0.350,0.2396,3.7771,0.1295,0.0864,0.6812,0.3875,-8.7202,-8.7956,-8.1941,-8.3727,0.1189
3.6240,dirt,0.715,0.350,0.2413,3.9319,0.0385,0.0851,0.8279,0.3056,-8.7720,-8.8571,-8.1754,-8.4551,0.1196
3.6360,dirt,0.715,0.350,0.2429,3.8131,0.1750,0.0841,0.4460,0.9618,-8.8619,-8.8620,-8.2420,-8.4176,0.1204
3.6480,dirt,0.715,0.350,0.2443,3.7953,0.1596,0.0881,1.3059,0.6380,-8.9189,-8.9006,-8.2603,-8.3649,0.1211
3.6600,dirt,0.715,0.350,0.2456,3.8280,0.0197,0.0887,1.0079,0.4996,-8.9280,-8.8767,-8.2228,-8.4609,0.1217
3.6720,dirt,0.715,0.350,0.2467,3.7968,0.1045,0.0874,1.1738,1.3532,-8.9626,-8.9316,-8.2241,-8.6280,0.1224
3.6840,dirt,0.715,0.350,0.2476,3.8480,0.0369,0.0894,0.9514,0.5831,-8.9357,-8.9839,-8.2627,-8.5745,0.1227
3.6960,dirt,0.715,0.350,0.2484,3.9599,0.0714,0.0888,1.2928,0.6288,-9.0051,-8.9706,-8.2576,-8.5336,0.1232
3.7080,dirt,0.715,0.350,0.2490,3.8183,0.1202,0.0879,0.8390,0.7420,-8.9456,-9.0868,-8.3806,-8.5467,0.1234
3.7200,dirt,0.715,0.350,0.2495,3.9217,0.1557,0.0882,0.5370,1.1280,-8.9345,-9.0802,-8.3161,-8.5698,0.1237
3.7320,dirt,0.715,0.350,0.2498,3.8900,0.1621,0.0836,1.3439,1.1055,-8.9283,-9.1434,-8.3564,-8.6242,0.1241
3.7440,dirt,0.715,0.350,0.2500,3.8741,0.1827,0.0864,0.7124,0.7540,-8.8835,-9.1558,-8.3193,-8.5931,0.1244
3.7560,dirt,0.715,0.350,0.2500,3.9995,0.1370,0.0772,0.5615,1.2761,-8.9769,-9.1426,-8.3616,-8.6043,0.1244
3.7680,dirt,0.715,0.350,0.2498,3.9464,0.1749,0.0810,0.8570,0.9906,-8.9203,-9.1712,-8.3990,-8.5841,0.1242
3.7800,dirt,0.715,0.350,0.2495,3.9395,0.2169,0.0841,0.8152,0.7632,-8.9344,-9.1160,-8.3751,-8.6979,0.1242
3.7920,dirt,0.715,0.350,0.2490,3.9502,0.1822,0.0846,0.8261,0.5159,-8.8748,-9.1905,-8.4243,-8.7029,0.1240
3.8040,dirt,0.715,0.350,0.2484,3.9723,0.1606,0.0848,0.6474,0.7857,-8.8901,-9.1794,-8.4461,-8.7391,0.1240
3.8160,dirt,0.715,0.350,0.2476,4.0054,0.0980,0.0863,0.7393,0.6461,-8.9473,-9.1933,-8.4380,-8.7671,0.1238
3.8280,dirt,0.715,0.350,0.2467,3.9507,0.1313,0.0857,0.6762,0.7517,-8.8533,-9.3165,-8.5254,-8.7528,0.1233
3.8400,dirt,0.715,0.350,0.2456,3.9171,0.1065,0.0870,0.5212,0.9839,-8.9362,-9.3335,-8.5730,-8.7296,0.1230
3.8520,dirt,0.715,0.350,0.2443,3.9534,0.1870,0.0858,0.6692,-0.2155,-8.8591,-9.4422,-8.5788,-8.8538,0.1226
3.8640,dirt,0.715,0.350,0.2429,3.9469,0.1828,0.0902,0.4011,0.3079,-8.8591,-9.5060,-8.6372,-8.8409,0.1220
3.8760,dirt,0.715,0.350,0.2413,4.0012,0.2115,0.0876,0.7171,0.0698,-8.8573,-9.5645,-8.6697,-8.8626,0.1215
3.8880,dirt,0.715,0.350,0.2396,3.9924,0.2517,0.0973,0.7298,-0.0770,-8.7580,-9.6699,-8.5963,-8.9205,0.1208
3.9000,dirt,0.715,0.350,0.2378,3.9336,0.1564,0.0979,0.7708,0.6216,-8.7876,-9.7068,-8.6687,-8.9414,0.1204
3.9120,dirt,0.715,0.350,0.2357,3.9897,0.1649,0.1004,0.8149,-0.1126,-8.6399,-9.7959,-8.6209,-8.9503,0.1200
3.9240,dirt,0.715,0.350,0.2336,4.0083,0.1494,0.1014,0.8951,0.7247,-8.6915,-9.7414,-8.6212,-9.1001,0.1190
3.9360,dirt,0.715,0.350,0.2313,4.0565,0.1173,0.1022,0.6039,0.2629,-8.7722,-9.6950,-8.5702,-9.2282,0.1181
3.9480,dirt,0.715,0.350,0.2288,4.0068,0.0994,0.1055,0.4917,0.5476,-8.8267,-9.6662,-8.6615,-9.0962,0.1170
3.9600,dirt,0.715,0.350,0.2262,4.1075,0.1520,0.1079,1.1045,0.5661,-8.9701,-9.6090,-8.6385,-9.1123,0.1156
3.9720,dirt,0.715,0.350,0.2235,4.0351,0.1236,0.1114,0.7614,0.0970,-9.0699,-9.6161,-8.4503,-9.1259,0.1140
3.9840,dirt,0.715,0.350,0.2206,4.0955,0.1158,0.1141,1.1608,0.5504,-9.2169,-9.6035,-8.6142,-9.0279,0.1123
3.9960,dirt,0.715,0.350,0.2175,3.9870,0.1315,0.1120,0.5810,0.1230,-9.2939,-9.5760,-8.6019,-9.1476,0.1106
4.0080,dirt,0.715,0.400,-0.6749,4.1830,0.1515,0.1117,0.7466,0.5058,-9.3196,-9.5463,-8.6918,-9.0498,0.1089
4.0200,dirt,0.715,0.400,-0.6633,4.0124,0.1630,0.1418,-8.6849,1.6859,-9.6024,-9.4201,-8.9373,-9.2538,0.0586
4.0320,dirt,0.715,0.400,-0.6509,4.1593,0.1354,0.1523,2.7224,0.6620,-10.1250,-8.9900,-8.6686,-9.2211,-0.0207
4.0440,dirt,0.715,0.400,-0.6378,4.0925,0.1088,0.1497,0.4251,0.8014,-10.6805,-8.4022,-8.6094,-9.2308,-0.1033
4.0560,dirt,0.715,0.400,-0.6239,4.0899,0.1886,0.1473,1.2625,0.3251,-10.9971,-7.9968,-8.7090,-9.1768,-0.1897
4.0680,dirt,0.715,0.400,-0.6093,4.1263,0.0972,0.1383,-0.2674,0.4008,-11.2141,-7.7446,-8.7470,-9.2748,-0.2821
4.0800,dirt,0.715,0.400,-0.5939,4.1352,0.1665,0.0968,0.6446,-0.4761,-11.1780,-7.7785,-8.7917,-9.1820,-0.3467
4.0920,dirt,0.715,0.400,-0.5779,4.1430,0.0803,0.0208,-0.2589,0.8731,-10.6293,-8.2624,-9.0204,-9.0601,-0.3353
4.1040,dirt,0.715,0.400,-0.5612,4.1285,0.0683,0.0019,0.1317,-2.1605,-9.8188,-9.0363,-8.9551,-9.0297,-0.3000
4.1160,dirt,0.715,0.400,-0.5438,4.1193,0.0313,-0.0065,0.4925,-1.6310,-9.2289,-9.5377,-8.9118,-9.0352,-0.2765
4.1280,dirt,0.715,0.400,-0.5258,4.1868,-0.0344,-0.0166,-0.3407,-1.6144,-8.8820,-9.8090,-8.9794,-9.0473,-0.2598
4.1400,dirt,0.715,0.400,-0.5071,4.1607,0.0790,-0.0229,0.7893,-1.2308,-8.7830,-9.8842,-8.9934,-9.0328,-0.2528
4.1520,dirt,0.715,0.400,-0.4879,4.0789,-0.0038,-0.0347,0.3604,-1.4059,-8.7659,-9.9116,-9.1008,-9.0156,-0.2475
4.1640,dirt,0.715,0.400,-0.4681,4.1169,-0.0411,-0.0450,-0.0917,-0.9911,-8.7420,-9.9798,-9.0327,-9.1321,-0.2389
4.1760,dirt,0.715,0.400,-0.4477,4.0204,0.0219,-0.0606,-0.0987,-0.8442,-8.5962,-10.1202,-9.1079,-9.0878,-0.2203
4.1880,dirt,0.715,0.400,-0.4269,4.1698,-0.0000,-0.0616,0.2991,-1.8592,-8.7175,-10.0757,-9.0966,-9.2252,-0.2140
4.2000,dirt,0.715,0.400,-0.4055,4.1545,-0.0365,-0.0712,0.3259,-0.8666,-8.8276,-10.0501,-9.0064,-9.2256,-0.2080
4.2120,dirt,0.715,0.400,-0.3836,4.1837,-0.0189,-0.0789,0.3011,-1.0372,-8.7690,-10.1081,-9.0667,-9.3441,-0.1966
4.2240,dirt,0.715,0.400,-0.3613,4.1177,-0.1103,-0.0835,0.2339,-1.5470,-8.7557,-10.1779,-9.1527,-9.3019,-0.1841
4.2360,dirt,0.715,0.400,-0.3386,4.0915,-0.0646,-0.0812,-0.0287,-1.4828,-8.7878,-10.2226,-9.1179,-9.4216,-0.1748
4.2480,dirt,0.715,0.400,-0.3155,4.2361,-0.1402,-0.0829,0.4514,-2.0050,-8.8385,-10.1771,-9.1778,-9.4109,-0.1642
4.2600,dirt,0.715,0.400,-0.2920,4.0899,-0.0376,-0.0876,0.3464,-1.0655,-8.8817,-10.2256,-9.2428,-9.3989,-0.1493
4.2720,dirt,0.715,0.400,-0.2681,4.1641,-0.0261,-0.0885,0.9440,-0.9415,-8.8603,-10.2233,-9.1661,-9.4805,-0.1370
4.2840,dirt,0.715,0.400,-0.2440,4.2534,-0.0555,-0.0863,0.1268,-1.5636,-8.9680,-10.1704,-9.3028,-9.4229,-0.1279
4.2960,dirt,0.715,0.400,-0.2195,4.2046,-0.0476,-0.0902,-0.3165,-1.3372,-9.0483,-10.1318,-9.2094,-9.4463,-0.1179
4.3080,dirt,0.715,0.400,-0.1948,4.1540,-0.0424,-0.0904,0.6457,-0.8634,-9.0429,-10.0978,-9.2884,-9.4307,-0.1049
4.3200,dirt,0.715,0.400,-0.1699,4.2370,-0.1666,-0.0863,0.1937,-0.9737,-9.0923,-10.0943,-9.3252,-9.4221,-0.0903
4.3320,dirt,0.715,0.400,-0.1447,4.1973,-0.0481,-0.0907,0.7868,-0.4850,-9.1270,-10.0808,-9.3383,-9.4196,-0.0785
4.3440,dirt,0.715,0.400,-0.1194,4.1378,0.0107,-0.0882,0.6702,-0.7535,-9.1873,-10.0490,-9.3899,-9.3310,-0.0672
4.3560,dirt,0.715,0.400,-0.0940,4.2687,-0.0980,-0.0896,0.3362,0.2018,-9.2570,-10.0490,-9.4568,-9.2360,-0.0546
4.3680,dirt,0.715,0.400,-0.0684,4.2648,-0.1882,-0.0861,0.7097,-0.7478,-9.2139,-10.1075,-9.4090,-9.2521,-0.0424
4.3800,dirt,0.715,0.400,-0.0428,4.2784,-0.1684,-0.0814,0.6912,-0.4688,-9.2558,-10.2058,-9.4708,-9.1706,-0.0280
4.3920,dirt,0.715,0.400,-0.0171,4.2066,-0.1202,-0.0795,0.5890,-0.3113,-9.2597,-10.2513,-9.4408,-9.1471,-0.0151
4.4040,dirt,0.715,0.400,0.0086,4.2640,-0.1266,-0.0724,0.5184,-0.0907,-9.3093,-10.2978,-9.3991,-9.2040,-0.0022
4.4160,dirt,0.715,0.400,0.0343,4.2649,-0.0635,-0.0719,0.4673,0.2611,-9.4036,-10.2772,-9.4187,-9.1606,0.0093
4.4280,dirt,0.715,0.400,0.0599,4.1852,-0.1031,-0.0594,0.6047,0.1971,-9.4681,-10.1486,-9.4193,-9.1653,0.0214
4.4400,dirt,0.715,0.400,0.0855,4.2393,-0.2012,-0.0583,0.7480,0.0518,-9.6130,-10.0936,-9.3703,-9.2261,0.0339
4.4520,dirt,0.715,0.400,0.1110,4.3279,-0.0669,-0.0528,0.5999,0.2521,-9.6436,-10.0979,-9.4665,-9.1907,0.0458
4.4640,dirt,0.715,0.400,0.1363,4.3435,0.0196,-0.0525,0.5617,0.2568,-9.6613,-10.0457,-9.3900,-9.2082,0.0574
4.4760,dirt,0.715,0.400,0.1615,4.3033,-0.0161,-0.0424,0.5622,0.9155,-9.7700,-9.9305,-9.4153,-9.2333,0.0642
4.4880,dirt,0.715,0.400,0.1865,4.2856,-0.1385,-0.0434,0.3984,0.2279,-9.6074,-10.0247,-9.4134,-9.2147,0.0828
4.5000,dirt,0.715,0.400,0.2113,4.2913,-0.0680,-0.0392,0.8420,0.8448,-9.6039,-10.0191,-9.3975,-9.2524,0.0996
4.5120,dirt,0.715,0.400,0.2358,4.3280,-0.0549,-0.0309,0.7497,0.6294,-9.6052,-9.9597,-9.3977,-9.3180,0.1105
4.5240,dirt,0.715,0.400,0.2601,4.2533,0.0079,-0.0250,0.3678,0.3108,-9.5517,-9.9445,-9.3993,-9.3097,0.1195
4.5360,dirt,0.715,0.400,0.2840,4.3219,-0.0667,-0.0180,0.3981,1.0234,-9.5815,-9.8257,-9.4547,-9.3206,0.1294
4.5480,dirt,0.715,0.400,0.3077,4.2562,0.0024,-0.0091,0.3142,0.8997,-9.5147,-9.8788,-9.4435,-9.3936,0.1475
4.5600,dirt,0.715,0.400,0.3309,4.2987,-0.0534,-0.0059,0.4372,0.3887,-9.4392,-9.8945,-9.4363,-9.4747,0.1587
4.5720,dirt,0.715,0.400,0.3538,4.3493,-0.0327,0.0039,0.2783,1.5938,-9.5082,-9.7420,-9.4485,-9.4322,0.1670
4.5840,dirt,0.715,0.400,0.3762,4.3713,0.0097,0.0097,0.3401,0.5848,-9.4805,-9.7011,-9.4578,-9.4314,0.1760
4.5960,dirt,0.715,0.400,0.3982,4.3579,-0.0461,0.0162,-0.5470,0.4820,-9.4109,-9.7395,-9.4077,-9.4210,0.1881
4.6080,dirt,0.715,0.400,0.4198,4.3139,0.0655,0.0292,0.4353,1.4941,-9.4403,-9.7383,-9.4056,-9.5309,0.2012
4.6200,dirt,0.715,0.400,0.4408,4.3689,0.0061,0.0356,0.5159,1.5171,-9.3613,-9.7207,-9.4666,-9.5179,0.2107
4.6320,dirt,0.715,0.400,0.4614,4.3229,-0.0120,0.0408,0.0049,0.9147,-9.3826,-9.7375,-9.3795,-9.5772,0.2207
4.6440,dirt,0.715,0.400,0.4814,4.4189,0.0389,0.0500,0.3644,1.1660,-9.4071,-9.7221,-9.4369,-9.5243,0.2311
4.6560,dirt,0.715,0.400,0.5008,4.3792,0.0340,0.0570,0.3549,1.4780,-9.3424,-9.7540,-9.4218,-9.5675,0.2384
4.6680,dirt,0.715,0.400,0.5196,4.3512,0.1175,0.0697,0.6203,1.5181,-9.3727,-9.6995,-9.4802,-9.5885,0.2470
4.6800,dirt,0.715,0.400,0.5378,4.4368,0.0631,0.0746,0.1569,1.1544,-9.2462,-9.7858,-9.6339,-9.5002,0.2573
4.6920,dirt,0.715,0.400,0.5554,4.3372,0.1265,0.0837,0.6418,1.2298,-9.2097,-9.8023,-9.4907,-9.5886,0.2672
4.7040,dirt,0.715,0.400,0.5724,4.3951,0.0850,0.0905,0.0333,1.2732,-9.2330,-9.8264,-9.4173,-9.6845,0.2763
4.7160,dirt,0.715,0.400,0.5887,4.4599,0.0874,0.0969,0.2450,0.7093,-9.2121,-9.9053,-9.5142,-9.6009,0.2830
4.7280,dirt,0.715,0.400,0.6042,4.4116,0.0365,0.1108,0.4416,0.9020,-9.2662,-9.8919,-9.4008,-9.7112,0.2886
4.7400,dirt,0.715,0.400,0.6191,4.3726,0.1818,0.1140,0.1275,1.3194,-9.2200,-9.9243,-9.5308,-9.7109,0.2977
4.7520,dirt,0.715,0.400,0.6332,4.3139,0.1469,0.1276,0.1507,0.9037,-9.2098,-9.9161,-9.5561,-9.7137,0.3060
4.7640,dirt,0.715,0.400,0.6466,4.3140,0.1721,0.1313,0.0237,1.2211,-9.2317,-9.8931,-9.4394,-9.8191,0.3109
4.7760,dirt,0.715,0.400,0.6593,4.3351,0.0982,0.1375,0.6152,1.2975,-9.2693,-9.8554,-9.4695,-9.8823,0.3165
4.7880,dirt,0.715,0.400,0.6711,4.3675,0.1580,0.1499,-0.1026,1.4343,-9.2899,-9.8987,-9.3828,-9.8725,0.3233
4.8000,dirt,0.715,0.400,0.6822,4.3415,0.1701,0.1556,0.1889,1.2185,-9.3304,-9.8802,-9.3229,-9.8377,0.3299
4.8120,dirt,0.715,0.400,0.6925,4.4100,0.1842,0.1589,-0.1403,1.8650,-9.4170,-9.9047,-9.3747,-9.9174,0.3340
4.8240,dirt,0.715,0.400,0.7020,4.4187,0.2157,0.1650,-0.3412,1.0996,-9.4997,-9.8392,-9.2657,-9.8409,0.3371
4.8360,dirt,0.715,0.400,0.7106,4.3249,0.1539,0.1687,-0.0737,1.8801,-9.5286,-9.8479,-9.2623,-9.9833,0.3422
4.8480,dirt,0.715,0.400,0.7184,4.3869,0.2568,0.1729,-0.1380,1.9749,-9.5756,-9.8329,-9.2512,-9.9675,0.3473
4.8600,dirt,0.715,0.400,0.7254,4.3605,0.2435,0.1799,-0.0018,1.2775,-9.6185,-9.8095,-9.3466,-9.8990,0.3502
4.8720,dirt,0.715,0.400,0.7315,4.3590,0.3168,0.1800,-0.2711,1.7473,-9.6178,-9.8356,-9.3999,-9.8358,0.3524
4.8840,dirt,0.715,0.400,0.7367,4.4356,0.1625,0.1792,-0.0405,1.7185,-9.6599,-9.7798,-9.4487,-9.7424,0.3550
4.8960,dirt,0.715,0.400,0.7411,4.3950,0.2111,0.1786,-0.3281,1.6949,-9.6101,-9.7935,-9.3727,-9.9304,0.3585
4.9080,dirt,0.715,0.400,0.7446,4.4125,0.2387,0.1789,-0.0257,1.8622,-9.5531,-9.8362,-9.2993,-9.9267,0.3606
4.9200,dirt,0.715,0.400,0.7472,4.3961,0.2698,0.1764,-0.0186,2.1708,-9.6147,-9.8069,-9.3866,-9.8436,0.3615
4.9320,dirt,0.715,0.400,0.7490,4.3909,0.2705,0.1784,0.2415,1.7441,-9.5998,-9.7824,-9.3456,-9.9365,0.3621
4.9440,dirt,0.715,0.400,0.7499,4.4251,0.2500,0.1795,0.3772,1.4120,-9.6003,-9.8233,-9.2820,-9.8943,0.3628
4.9560,dirt,0.715,0.400,0.7499,4.4220,0.3924,0.1794,-0.1621,1.7763,-9.6156,-9.8041,-9.2873,-9.8775,0.3636
4.9680,dirt,0.715,0.400,0.7490,4.4389,0.2942,0.1858,0.0322,1.8758,-9.5959,-9.8269,-9.2638,-9.9307,0.3634
4.9800,dirt,0.715,0.400,0.7472,4.4198,0.3088,0.1878,0.3105,1.1553,-9.6214,-9.8395,-9.3483,-9.8559,0.3627
4.9920,dirt,0.715,0.400,0.7446,4.3642,0.3569,0.1920,0.1306,1.7530,-9.6195,-9.8572,-9.2454,-9.9572,0.3618
5.0040,dirt,0.715,0.400,0.7411,4.4913,0.3564,0.1936,-0.1047,1.5975,-9.5415,-9.9202,-9.1955,-9.9827,0.3607
5.0160,dirt,0.715,0.400,0.7367,4.5049,0.3506,0.1933,0.5418,1.3135,-9.5069,-9.9859,-9.2120,-9.9225,0.3590
5.0280,dirt,0.715,0.400,0.7315,4.4242,0.3367,0.1982,-0.5030,1.4674,-9.5090,-9.9840,-9.1634,-10.0595,0.3567
5.0400,dirt,0.715,0.400,0.7254,4.4839,0.2986,0.2030,0.2455,2.0930,-9.5612,-9.9263,-9.1761,-10.0383,0.3543
5.0520,dirt,0.715,0.400,0.7184,4.3780,0.3855,0.2108,0.0605,1.0739,-9.5693,-9.9815,-9.1674,-9.9404,0.3513
5.0640,dirt,0.715,0.400,0.7106,4.4393,0.3579,0.2129,-0.1765,1.6945,-9.5528,-10.0125,-9.1825,-9.9802,0.3478
5.0760,dirt,0.715,0.400,0.7020,4.3331,0.4039,0.2242,0.1117,1.2428,-9.5722,-10.0345,-9.1435,-10.0127,0.3435
5.0880,dirt,0.715,0.400,0.6925,4.4022,0.3324,0.2378,0.0242,1.4038,-9.5158,-10.0882,-9.1687,-10.0142,0.3393
5.1000,dirt,0.715,0.400,0.6822,4.3865,0.3861,0.2427,0.0266,0.9440,-9.4634,-10.0665,-9.1193,-10.0174,0.3353
5.1120,dirt,0.715,0.400,0.6711,4.4203,0.4213,0.2501,0.1102,1.5041,-9.4598,-10.1040,-9.1439,-10.0511,0.3311
5.1240,dirt,0.715,0.400,0.6593,4.4596,0.3510,0.2577,-0.1457,1.1088,-9.4823,-10.0972,-9.0720,-10.0809,0.3257
5.1360,dirt,0.715,0.400,0.6466,4.4849,0.3729,0.2609,-0.2348,1.1382,-9.4987,-10.1315,-8.9847,-10.1457,0.3197
5.1480,dirt,0.715,0.400,0.6332,4.3519,0.3868,0.2775,0.0328,1.4631,-9.4909,-10.1050,-9.1015,-10.1594,0.3131
5.1600,dirt,0.715,0.400,0.6191,4.4242,0.3822,0.2840,-0.2194,0.9125,-9.4532,-10.1753,-9.0163,-10.1167,0.3065
5.1720,dirt,0.715,0.400,0.6042,4.5290,0.2913,0.2871,0.0907,0.8819,-9.4577,-10.1536,-9.0184,-10.1857,0.3000
5.1840,dirt,0.715,0.400,0.5887,4.5586,0.4273,0.2937,-0.0479,1.4012,-9.5150,-10.1452,-9.0683,-10.2078,0.2928
5.1960,dirt,0.715,0.400,0.5724,4.4286,0.4147,0.2960,-0.0821,1.0715,-9.5160,-10.1789,-9.0475,-10.1988,0.2860
5.2080,dirt,0.715,0.400,0.5554,4.4388,0.3688,0.3017,0.1885,1.1676,-9.5563,-10.1701,-9.1382,-10.1255,0.2779
5.2200,dirt,0.715,0.400,0.5378,4.4864,0.3828,0.3023,0.0784,1.3044,-9.5750,-10.0975,-9.0850,-10.2032,0.2685
5.2320,dirt,0.715,0.400,0.5196,4.5134,0.3635,0.3000,-0.2782,1.7717,-9.5923,-10.1185,-9.1678,-10.1786,0.2593
5.2440,dirt,0.715,0.400,0.5008,4.4044,0.3183,0.2967,-0.0054,1.1387,-9.6147,-10.1163,-9.1360,-10.1479,0.2512
5.2560,dirt,0.715,0.400,0.4814,4.4244,0.3435,0.2935,-0.0190,1.7547,-9.6277,-10.0889,-9.1840,-10.1681,0.2434
5.2680,dirt,0.715,0.400,0.4614,4.3725,0.3762,0.2938,-0.0035,1.6043,-9.6636,-10.0764,-9.1901,-10.1659,0.2338
5.2800,dirt,0.715,0.400,0.4408,4.4244,0.4248,0.2899,0.1998,0.9198,-9.6463,-10.0302,-9.2116,-10.1531,0.2218
5.2920,dirt,0.715,0.400,0.4198,4.4757,0.3336,0.2896,0.0692,0.8861,-9.6902,-9.9754,-9.2261,-10.1820,0.2115
5.3040,dirt,0.715,0.400,0.3982,4.5541,0.3270,0.2902,0.1415,1.3752,-9.6720,-9.9451,-9.2226,-10.1847,0.2030
5.3160,dirt,0.715,0.400,0.3762,4.4685,0.3521,0.2865,0.1264,0.4934,-9.6260,-10.0339,-9.2192,-10.1819,0.1945
5.3280,dirt,0.715,0.400,0.3538,4.3780,0.4379,0.2810,0.1363,0.6500,-9.6922,-10.0031,-9.1784,-10.2460,0.1814
5.3400,dirt,0.715,0.400,0.3309,4.4822,0.2846,0.2778,-0.0808,0.3110,-9.7597,-10.0019,-9.0741,-10.2242,0.1691
5.3520,dirt,0.715,0.400,0.3077,4.5102,0.2829,0.2737,-0.2104,0.8650,-9.8314,-10.0380,-9.1623,-10.2497,0.1583
5.3640,dirt,0.715,0.400,0.2840,4.5413,0.3432,0.2687,-0.1038,0.9472,-9.7732,-10.0378,-9.1544,-10.2029,0.1490
5.3760,dirt,0.715,0.400,0.2601,4.4269,0.4267,0.2619,0.4651,0.0350,-9.8485,-10.0085,-9.1058,-10.1915,0.1358
5.3880,dirt,0.715,0.400,0.2358,4.4267,0.3178,0.2457,0.0494,0.6806,-9.8635,-10.0091,-9.1359,-10.1405,0.1230
5.4000,dirt,0.715,0.400,0.2113,4.4012,0.3283,0.2415,0.0117,1.1640,-9.8969,-9.9769,-9.2333,-10.1235,0.1122
5.4120,dirt,0.715,0.400,0.1865,4.4217,0.3451,0.2321,0.3685,0.4276,-9.8532,-10.0355,-9.2112,-10.1165,0.1015
5.4240,dirt,0.715,0.400,0.1615,4.4634,0.3029,0.2253,0.2090,0.8744,-9.8363,-10.0166,-9.2734,-10.1074,0.0880
5.4360,dirt,0.715,0.400,0.1363,4.4713,0.3034,0.2242,0.2773,-0.5968,-9.8598,-10.0181,-9.2672,-10.1217,0.0743
5.4480,dirt,0.715,0.400,0.1110,4.4647,0.2507,0.2114,0.0666,0.1134,-9.8770,-10.0368,-9.2689,-10.0733,0.0618
5.4600,dirt,0.715,0.400,0.0855,4.4952,0.2336,0.2061,0.1015,0.2806,-9.7786,-10.0628,-9.2872,-10.0896,0.0511
5.4720,dirt,0.715,0.400,0.0599,4.4120,0.2559,0.1978,0.0438,0.0756,-9.7097,-10.0858,-9.2376,-10.1120,0.0407
5.4840,dirt,0.715,0.400,0.0343,4.4317,0.2678,0.1950,0.1528,0.4610,-9.7652,-10.0269,-9.2029,-10.0853,0.0257
5.4960,dirt,0.715,0.400,0.0086,4.3710,0.2416,0.1874,0.1739,-0.1216,-9.7960,-10.0243,-9.2624,-10.0531,0.0122
5.5080,dirt,0.715,0.400,-0.0171,4.4682,0.2438,0.1718,-0.2118,0.1680,-9.8207,-10.0146,-9.2720,-10.0056,-0.0016
5.5200,dirt,0.715,0.400,-0.0428,4.4028,0.2423,0.1624,-0.0005,0.1594,-9.7664,-10.0559,-9.3101,-10.0332,-0.0119
5.5320,dirt,0.715,0.400,-0.0684,4.4334,0.2745,0.1557,-0.0149,-0.6285,-9.6569,-10.1065,-9.3953,-10.0141,-0.0232
5.5440,dirt,0.715,0.400,-0.0940,4.5108,0.1405,0.1502,0.1470,-0.1407,-9.6726,-10.0781,-9.3947,-10.0309,-0.0374
5.5560,dirt,0.715,0.400,-0.1194,4.5021,0.1350,0.1407,0.0928,-0.2053,-9.7782,-9.9672,-9.4373,-10.0558,-0.0502
5.5680,dirt,0.715,0.400,-0.1447,4.4606,0.1942,0.1286,-0.0137,-0.2812,-9.7424,-9.9800,-9.4657,-9.9608,-0.0613
5.5800,dirt,0.715,0.400,-0.1699,4.4659,0.1816,0.1221,-0.4701,0.1488,-9.7390,-10.0247,-9.4274,-9.9962,-0.0723
5.5920,dirt,0.715,0.400,-0.1948,4.4589,0.0653,0.1157,-0.0706,-0.2821,-9.7393,-9.9795,-9.3946,-9.9957,-0.0874
5.6040,dirt,0.715,0.400,-0.2195,4.3939,0.1301,0.1104,0.2308,-1.0766,-9.6983,-10.0167,-9.4228,-9.9152,-0.1021
5.6160,dirt,0.715,0.400,-0.2440,4.4445,0.1719,0.1001,-0.0519,-0.3507,-9.6237,-10.0286,-9.4225,-9.8671,-0.1138
5.6280,dirt,0.715,0.400,-0.2681,4.4318,0.0623,0.0802,-0.1226,0.0537,-9.6479,-10.0145,-9.5019,-9.8923,-0.1236
5.6400,dirt,0.715,0.400,-0.2920,4.4263,0.0312,0.0787,-0.2426,-0.5998,-9.6800,-9.9570,-9.4914,-9.9677,-0.1350
5.6520,dirt,0.715,0.400,-0.3155,4.4528,0.0581,0.0692,-0.0961,-0.5678,-9.7305,-9.9217,-9.5333,-9.9670,-0.1477
5.6640,dirt,0.715,0.400,-0.3386,4.4798,0.1130,0.0612,0.0785,-0.5690,-9.7021,-9.9400,-9.6276,-9.9249,-0.1585
5.6760,dirt,0.715,0.400,-0.3613,4.4450,0.0304,0.0546,0.3422,-1.3492,-9.6549,-9.9703,-9.6304,-9.9317,-0.1700
5.6880,dirt,0.715,0.400,-0.3836,4.4676,0.0092,0.0405,-0.1373,-1.4681,-9.6598,-9.8732,-9.5712,-9.9013,-0.1821
5.7000,dirt,0.715,0.400,-0.4055,4.4306,0.0746,0.0303,-0.2205,-0.6081,-9.5899,-9.9412,-9.6108,-9.8822,-0.1934
5.7120,dirt,0.715,0.400,-0.4269,4.5112,0.0228,0.0214,-0.1624,-0.9095,-9.6445,-9.8693,-9.5898,-9.7520,-0.2023
5.7240,dirt,0.715,0.400,-0.4477,4.5332,-0.0422,0.0146,0.0827,-0.3199,-9.7802,-9.7488,-9.5757,-9.8174,-0.2111
5.7360,dirt,0.715,0.400,-0.4681,4.4213,0.0078,0.0098,0.2071,-1.5152,-9.7610,-9.8438,-9.6767,-9.8503,-0.2226
5.7480,dirt,0.715,0.400,-0.4879,4.4868,-0.0390,-0.0079,-0.2814,-0.5566,-9.7211,-9.8284,-9.6654,-9.8955,-0.2345
5.7600,dirt,0.715,0.400,-0.5071,4.5136,-0.0303,-0.0174,-0.2613,-1.2569,-9.7245,-9.7927,-9.7138,-9.8682,-0.2442
5.7720,dirt,0.715,0.400,-0.5258,4.3983,-0.0078,-0.0267,0.1075,-0.6623,-9.6809,-9.8345,-9.7231,-9.8615,-0.2518
5.7840,dirt,0.715,0.400,-0.5438,4.5711,-0.0519,-0.0323,0.0343,-0.9705,-9.6898,-9.8277,-9.6309,-9.8556,-0.2610
5.7960,dirt,0.715,0.400,-0.5612,4.4830,-0.1153,-0.0406,0.1506,-1.0892,-9.6177,-9.8693,-9.6452,-9.7934,-0.2686
5.8080,dirt,0.715,0.400,-0.5779,4.4353,-0.1172,-0.0579,0.3323,-0.9290,-9.5510,-9.9315,-9.7818,-9.6938,-0.2754
5.8200,dirt,0.715,0.400,-0.5939,4.4961,-0.0962,-0.0595,-0.3384,-1.4131,-9.6653,-9.7583,-9.7438,-9.7600,-0.2834
5.8320,dirt,0.715,0.400,-0.6093,4.4581,-0.1095,-0.0631,-0.1631,-1.1825,-9.7180,-9.6996,-9.7539,-9.8391,-0.2918
5.8440,dirt,0.715,0.400,-0.6239,4.3924,-0.1495,-0.0709,-0.1523,-1.1133,-9.7360,-9.7306,-9.8553,-9.8844,-0.2996
5.8560,dirt,0.715,0.400,-0.6378,4.4346,-0.0262,-0.0843,0.0384,-1.3467,-9.6776,-9.7282,-9.8010,-9.8023,-0.3057
5.8680,dirt,0.715,0.400,-0.6509,4.4243,-0.0272,-0.0948,-0.1043,-0.7184,-9.6978,-9.7308,-9.7447,-9.8012,-0.3139
5.8800,dirt,0.715,0.400,-0.6633,4.4823,-0.1138,-0.1034,-0.3909,-1.1468,-9.7190,-9.7302,-9.7594,-9.7465,-0.3201
5.8920,dirt,0.715,0.400,-0.6749,4.4622,-0.1537,-0.1090,-0.4625,-1.4596,-9.7118,-9.7474,-9.7940,-9.7160,-0.3249
5.9040,dirt,0.715,0.400,-0.6857,4.3651,-0.1786,-0.1136,-0.0937,-0.8024,-9.6642,-9.7749,-9.8640,-9.6632,-0.3303
5.9160,dirt,0.715,0.400,-0.6957,4.4971,-0.0850,-0.1193,-0.0845,-1.2149,-9.6640,-9.7609,-9.9182,-9.7375,-0.3357
5.9280,dirt,0.715,0.400,-0.7049,4.4309,-0.1528,-0.1355,-0.0413,-0.7080,-9.6131,-9.7510,-9.8776,-9.7656,-0.3400
5.9400,dirt,0.715,0.400,-0.7133,4.4835,-0.1468,-0.1433,0.0330,-1.2265,-9.5571,-9.7413,-9.8409,-9.7906,-0.3436
5.9520,dirt,0.715,0.400,-0.7208,4.3864,-0.2164,-0.1449,-0.3824,-0.8045,-9.5486,-9.6782,-9.8262,-9.8383,-0.3474
5.9640,dirt,0.715,0.400,-0.7275,4.5111,-0.1307,-0.1526,-0.4646,-2.1259,-9.5566,-9.6238,-9.8556,-9.8781,-0.3509
5.9760,dirt,0.715,0.400,-0.7333,4.4930,-0.2191,-0.1541,-0.3218,-1.1473,-9.5776,-9.6112,-9.8858,-9.9301,-0.3535
5.9880,dirt,0.715,0.400,-0.7383,4.3749,-0.1797,-0.1617,-0.2382,-1.5204,-9.6436,-9.5678,-10.0001,-9.6114,-0.3562
6.0000,dirt,0.715,0.400,-0.7424,4.4709,-0.1692,-0.1686,-0.2394,-1.0342,-9.6958,-9.6231,-10.0138,-9.5552,-0.3589
6.0120,dirt,0.715,0.400,-0.7456,4.4251,-0.1823,-0.1779,-0.2089,-1.1488,-9.7177,-9.6272,-9.9911,-9.5770,-0.3611
6.0240,dirt,0.715,0.400,-0.7479,4.4228,-0.2703,-0.1806,-0.0762,-1.2395,-9.6823,-9.6526,-10.0101,-9.6906,-0.3625
6.0360,dirt,0.715,0.400,-0.7494,4.4375,-0.1827,-0.1864,-0.0895,-1.3724,-9.6996,-9.6610,-10.0155,-9.6288,-0.3634
6.0480,dirt,0.715,0.400,-0.7500,4.4198,-0.1947,-0.1953,-0.2664,-1.9262,-9.7092,-9.6827,-9.8762,-9.6955,-0.3639
6.0600,dirt,0.715,0.400,-0.7497,4.4085,-0.3335,-0.2011,-0.0757,-0.9737,-9.7003,-9.6985,-10.0102,-9.5370,-0.3642
6.0720,dirt,0.715,0.400,-0.7485,4.4063,-0.3090,-0.2042,-0.2914,-0.7507,-9.7112,-9.7460,-10.0842,-9.4729,-0.3640
6.0840,dirt,0.715,0.400,-0.7465,4.4101,-0.2656,-0.2120,-0.0190,-1.2570,-9.7632,-9.7158,-10.0787,-9.3719,-0.3633
6.0960,dirt,0.715,0.400,-0.7435,4.4684,-0.1811,-0.2167,0.0371,-1.4871,-9.8053,-9.6832,-10.0488,-9.4390,-0.3622
6.1080,dirt,0.715,0.400,-0.7397,4.5197,-0.3650,-0.2249,-0.0618,-1.6586,-9.7760,-9.6961,-10.0918,-9.5701,-0.3608
6.1200,dirt,0.715,0.400,-0.7351,4.4425,-0.1959,-0.2299,-0.1844,-0.8837,-9.7598,-9.6400,-10.1384,-9.5973,-0.3591
6.1320,dirt,0.715,0.400,-0.7295,4.4327,-0.3155,-0.2367,-0.1205,-1.5327,-9.7373,-9.5970,-10.0754,-9.6336,-0.3568
6.1440,dirt,0.715,0.400,-0.7231,4.4774,-0.2326,-0.2399,-0.1230,-1.6091,-9.7311,-9.6439,-10.0755,-9.6906,-0.3537
6.1560,dirt,0.715,0.400,-0.7159,4.4415,-0.2732,-0.2442,-0.2708,-1.5196,-9.7604,-9.6166,-10.0320,-9.7645,-0.3505
6.1680,dirt,0.715,0.400,-0.7078,4.4129,-0.2890,-0.2497,-0.0097,-1.2295,-9.7481,-9.6129,-10.1492,-9.6349,-0.3475
6.1800,dirt,0.715,0.400,-0.6989,4.3775,-0.3348,-0.2555,0.3422,-1.7257,-9.7216,-9.6685,-10.1897,-9.5072,-0.3425
6.1920,dirt,0.715,0.400,-0.6892,4.4764,-0.3844,-0.2562,0.1485,-1.3104,-9.8010,-9.6473,-10.2331,-9.3770,-0.3386
6.2040,dirt,0.715,0.400,-0.6786,4.5302,-0.2451,-0.2598,0.1186,-1.4118,-9.8027,-9.6700,-10.1899,-9.4212,-0.3349
6.2160,dirt,0.715,0.400,-0.6673,4.4152,-0.3608,-0.2630,-0.0933,-0.7199,-9.8065,-9.6788,-10.1682,-9.5578,-0.3294
6.2280,dirt,0.715,0.400,-0.6552,4.4271,-0.3047,-0.2684,0.1987,-1.9082,-9.7675,-9.6644,-10.1663,-9.6324,-0.3218
6.2400,dirt,0.715,0.400,-0.6423,4.4512,-0.3333,-0.2680,-0.1496,-1.6390,-9.7948,-9.6475,-10.2027,-9.5864,-0.3175
6.2520,dirt,0.715,0.400,-0.6286,4.4724,-0.3320,-0.2702,-0.1221,-1.6171,-9.8516,-9.6226,-10.1948,-9.4914,-0.3126
6.2640,dirt,0.715,0.400,-0.6142,4.5391,-0.3004,-0.2678,-0.0631,-1.8058,-9.8205,-9.6718,-10.1840,-9.4292,-0.3053
6.2760,dirt,0.715,0.400,-0.5991,4.4191,-0.3578,-0.2639,-0.3044,-1.8841,-9.8292,-9.7278,-10.2004,-9.3664,-0.2978
6.2880,dirt,0.715,0.400,-0.5833,4.5033,-0.3859,-0.2594,0.1032,-2.2390,-9.8360,-9.7260,-10.1953,-9.2782,-0.2916
6.3000,dirt,0.715,0.400,-0.5668,4.3803,-0.2738,-0.2626,0.1113,-1.5054,-9.7947,-9.8254,-10.1928,-9.2663,-0.2823
6.3120,dirt,0.715,0.400,-0.5497,4.4768,-0.3057,-0.2621,0.0214,-1.3034,-9.7914,-9.8818,-10.1849,-9.2033,-0.2721
6.3240,dirt,0.715,0.400,-0.5318,4.5776,-0.2897,-0.2580,-0.0725,-1.6202,-9.7900,-9.9560,-10.2199,-9.1487,-0.2648
6.3360,dirt,0.715,0.400,-0.5134,4.4276,-0.3667,-0.2549,-0.0431,-0.8529,-9.8432,-9.9621,-10.0905,-9.2746,-0.2591
6.3480,dirt,0.715,0.400,-0.4944,4.4885,-0.3255,-0.2527,0.4036,-1.1110,-9.7950,-10.0113,-10.1177,-9.3151,-0.2495
6.3600,dirt,0.715,0.400,-0.4748,4.4156,-0.3834,-0.2498,0.0015,-1.2527,-9.6931,-10.0786,-10.1480,-9.3420,-0.2385
6.3720,dirt,0.715,0.400,-0.4546,4.3848,-0.2782,-0.2455,0.4031,-1.3013,-9.7434,-10.0618,-10.1131,-9.3034,-0.2292
6.3840,dirt,0.715,0.400,-0.4339,4.4370,-0.2636,-0.2446,-0.0251,-1.8182,-9.7165,-10.1037,-10.0454,-9.2288,-0.2197
6.3960,dirt,0.715,0.400,-0.4127,4.5083,-0.3276,-0.2417,-1.3043,-0.9548,-9.7533,-10.0808,-10.1488,-9.2039,-0.2070
6.4080,dirt,0.715,0.400,-0.3910,4.4748,-0.3559,-0.2321,-0.0205,-1.3339,-9.7576,-10.0265,-10.1104,-9.2722,-0.1975
6.4200,dirt,0.715,0.400,-0.3688,4.4806,-0.3823,-0.2275,-0.2512,-1.0583,-9.8305,-10.0049,-10.0878,-9.2451,-0.1892
6.4320,dirt,0.715,0.400,-0.3462,4.5000,-0.3740,-0.2205,-0.0374,-1.4235,-9.8623,-9.9691,-10.1306,-9.3095,-0.1784
6.4440,dirt,0.715,0.400,-0.3232,4.4555,-0.3296,-0.2217,0.3124,-0.8734,-9.8520,-9.9718,-10.0375,-9.2992,-0.1655
6.4560,dirt,0.715,0.400,-0.2998,4.4605,-0.2721,-0.2168,-0.3440,-0.4378,-9.8479,-10.0194,-10.0757,-9.2794,-0.1519
6.4680,dirt,0.715,0.400,-0.2761,4.4531,-0.2289,-0.2109,0.4736,-0.4452,-9.9336,-9.9921,-10.1197,-9.2980,-0.1418
6.4800,dirt,0.715,0.400,-0.2520,4.4025,-0.3298,-0.2165,0.3365,-0.1489,-10.0095,-9.9192,-10.0383,-9.2587,-0.1320
6.4920,dirt,0.715,0.400,-0.2277,4.4459,-0.3916,-0.2163,0.4845,-0.2770,-10.0020,-9.9493,-10.1146,-9.2589,-0.1196
6.5040,dirt,0.715,0.400,-0.2031,4.4350,-0.2629,-0.2153,-0.1633,-0.6064,-9.9857,-9.9679,-10.1282,-9.2875,-0.1074
6.5160,dirt,0.715,0.400,-0.1782,4.5853,-0.2471,-0.2078,0.2986,0.1410,-9.9783,-9.9513,-10.0507,-9.3023,-0.0958
6.5280,dirt,0.715,0.400,-0.1531,4.4848,-0.2238,-0.2006,0.5673,0.1386,-9.9963,-9.9506,-10.1086,-9.3270,-0.0819
6.5400,dirt,0.715,0.400,-0.1279,4.4894,-0.2824,-0.1936,-0.0212,0.1513,-10.0506,-9.8453,-10.0967,-9.3538,-0.0715
6.5520,dirt,0.715,0.400,-0.1025,4.5319,-0.2207,-0.1898,0.4358,-0.2260,-10.0414,-9.8135,-10.0254,-9.3225,-0.0593
6.5640,dirt,0.715,0.400,-0.0770,4.4476,-0.3404,-0.1894,0.5977,-0.2582,-9.9640,-9.8912,-9.9933,-9.3889,-0.0445
6.5760,dirt,0.715,0.400,-0.0514,4.4304,-0.3185,-0.1789,0.1166,-0.0602,-9.9453,-9.9522,-10.1147,-9.3886,-0.0321
6.5880,dirt,0.715,0.400,-0.0257,4.5468,-0.2819,-0.1679,0.0006,0.3592,-9.9129,-9.9986,-10.0694,-9.3667,-0.0217
6.6000,dirt,0.715,0.400,0.0000,4.4482,-0.2656,-0.1654,0.4568,-0.2082,-9.8417,-10.1054,-9.9201,-9.4493,-0.0085
6.6120,dirt,0.715,0.400,0.0257,4.5106,-0.2381,-0.1554,0.2809,0.7093,-9.8307,-10.1577,-10.0723,-9.4247,0.0046
6.6240,dirt,0.715,0.400,0.0514,4.5347,-0.2042,-0.1505,0.2798,-0.2450,-9.8087,-10.1400,-10.0347,-9.3747,0.0190
6.6360,dirt,0.715,0.400,0.0770,4.5694,-0.1799,-0.1437,0.3019,-0.2533,-9.7525,-10.1543,-9.9696,-9.4309,0.0323
6.6480,dirt,0.715,0.400,0.1025,4.5826,-0.1344,-0.1267,0.2293,0.1034,-9.7764,-10.1255,-9.9781,-9.4753,0.0436
6.6600,dirt,0.715,0.400,0.1279,4.4552,-0.1823,-0.1182,0.0405,0.5445,-9.7940,-10.0658,-9.9794,-9.4423,0.0558
6.6720,dirt,0.715,0.400,0.1531,4.5364,-0.1622,-0.1111,0.0659,0.3187,-9.7549,-10.0162,-9.8843,-9.5374,0.0674
6.6840,dirt,0.715,0.400,0.1782,4.5622,-0.1527,-0.1022,-0.1848,0.6177,-9.7559,-10.0181,-9.9385,-9.5458,0.0792
6.6960,dirt,0.715,0.400,0.2031,4.5570,-0.1125,-0.0967,0.1026,0.8798,-9.7344,-9.9936,-9.9359,-9.5099,0.0935
6.7080,dirt,0.715,0.400,0.2277,4.5647,-0.1212,-0.0787,0.1504,0.6204,-9.6770,-9.9907,-9.8371,-9.6055,0.1077
6.7200,dirt,0.715,0.400,0.2520,4.5565,-0.1054,-0.0742,-0.0291,0.8923,-9.6678,-9.9842,-9.8746,-9.6265,0.1176
6.7320,dirt,0.715,0.400,0.2761,4.4740,-0.1205,-0.0613,-0.0569,1.0935,-9.7278,-9.8984,-9.9021,-9.5677,0.1260
6.7440,dirt,0.715,0.400,0.2998,4.5149,-0.0852,-0.0561,0.1914,0.3759,-9.6660,-9.8895,-9.8511,-9.6556,0.1394
6.7560,dirt,0.715,0.400,0.3232,4.5338,-0.0751,-0.0472,-0.0203,1.2435,-9.6648,-9.9131,-9.9061,-9.6841,0.1534
6.7680,dirt,0.715,0.400,0.3462,4.5214,-0.0603,-0.0288,0.0749,1.5980,-9.6107,-9.8886,-9.8828,-9.6727,0.1649
6.7800,dirt,0.715,0.400,0.3688,4.5629,-0.1520,-0.0208,0.1387,0.9721,-9.6252,-9.8127,-9.8370,-9.7206,0.1747
6.7920,dirt,0.715,0.400,0.3910,4.5716,-0.0268,-0.0160,-0.1410,0.9667,-9.6575,-9.7776,-9.8821,-9.7066,0.1870
6.8040,dirt,0.715,0.400,0.4127,4.5585,-0.1006,-0.0105,-0.0851,1.1494,-9.6246,-9.7449,-9.9029,-9.6598,0.1978
6.8160,dirt,0.715,0.400,0.4339,4.5251,-0.0389,0.0011,-0.3826,1.6050,-9.6664,-9.7228,-9.8279,-9.7497,0.2064
6.8280,dirt,0.715,0.400,0.4546,4.4640,0.0399,0.0174,-0.1056,1.2775,-9.6398,-9.7321,-9.8562,-9.7564,0.2194
6.8400,dirt,0.715,0.400,0.4748,4.4445,0.0449,0.0245,-0.0825,1.3709,-9.6747,-9.6695,-9.9115,-9.7129,0.2258
6.8520,dirt,0.715,0.400,0.4944,4.5695,0.0953,0.0297,-0.0104,0.6433,-9.6540,-9.6894,-9.8000,-9.7938,0.2362
6.8640,dirt,0.715,0.400,0.5134,4.4876,0.0804,0.0316,-0.3295,1.4784,-9.6164,-9.7231,-9.8372,-9.8070,0.2454
6.8760,dirt,0.715,0.400,0.5318,4.5083,0.1338,0.0410,0.0288,1.1281,-9.5863,-9.7022,-9.9146,-9.7309,0.2538
6.8880,dirt,0.715,0.400,0.5497,4.4468,0.0468,0.0503,-0.2317,1.3785,-9.4908,-9.7757,-9.7935,-9.8320,0.2644
6.9000,dirt,0.715,0.400,0.5668,4.5734,0.0417,0.0565,-0.1945,1.1326,-9.5270,-9.7971,-9.7643,-9.8601,0.2729
6.9120,dirt,0.715,0.400,0.5833,4.4566,0.1561,0.0651,0.1021,1.7652,-9.4549,-9.8238,-9.7915,-9.8046,0.2799
6.9240,dirt,0.715,0.400,0.5991,4.4809,0.1740,0.0716,-0.5059,-0.0522,-9.4577,-9.8536,-9.6820,-9.8766,0.2867
6.9360,dirt,0.715,0.400,0.6142,4.5171,0.1203,0.0739,-0.1092,1.9260,-9.4112,-9.9495,-9.6518,-9.9141,0.2969
6.9480,dirt,0.715,0.400,0.6286,4.4506,0.0425,0.0886,-0.2395,1.4386,-9.3578,-9.9754,-9.6993,-9.8700,0.3038
6.9600,dirt,0.715,0.400,0.6423,4.4821,0.0898,0.0953,-0.0508,0.9723,-9.3837,-9.9671,-9.6203,-9.9315,0.3090
6.9720,dirt,0.715,0.400,0.6552,4.5012,0.1483,0.1026,-0.0316,1.2172,-9.3950,-9.9639,-9.6197,-9.9534,0.3144
6.9840,dirt,0.715,0.400,0.6673,4.5374,0.1752,0.1083,-0.0232,0.9971,-9.4046,-9.9571,-9.6243,-9.9742,0.3213
6.9960,dirt,0.715,0.400,0.6786,4.4981,0.2118,0.1157,0.0452,1.5982,-9.3946,-9.9775,-9.5707,-9.9725,0.3282
7.0080,dirt,0.715,0.400,0.6892,4.4785,0.0992,0.1314,-0.0860,1.0737,-9.3949,-10.0081,-9.5631,-10.0156,0.3327
7.0200,dirt,0.715,0.400,0.6989,4.5559,0.1396,0.1355,-0.2135,1.8971,-9.4186,-9.9529,-9.5751,-9.9925,0.3370
7.0320,dirt,0.715,0.400,0.7078,4.4920,0.1343,0.1455,-0.3680,1.2402,-9.4213,-9.9525,-9.4970,-9.9950,0.3410
7.0440,dirt,0.715,0.400,0.7159,4.4548,0.2217,0.1489,-0.2485,1.1959,-9.4393,-9.9475,-9.4696,-10.0091,0.3451
7.0560,dirt,0.715,0.400,0.7231,4.5519,0.2213,0.1593,-0.1780,1.3297,-9.4413,-9.9636,-9.5317,-10.0118,0.3494
7.0680,dirt,0.715,0.400,0.7295,4.4548,0.1704,0.1674,-0.1787,1.3766,-9.4520,-10.0038,-9.4362,-10.0479,0.3526
7.0800,dirt,0.715,0.400,0.7351,4.4603,0.2057,0.1742,-0.0316,1.6171,-9.4972,-9.9934,-9.4508,-9.9926,0.3553
7.0920,dirt,0.715,0.400,0.7397,4.4451,0.2524,0.1782,-0.2819,0.8434,-9.5042,-9.9791,-9.4271,-10.0329,0.3573
7.1040,dirt,0.715,0.400,0.7435,4.4057,0.1897,0.1793,-0.1219,1.4875,-9.4792,-9.9870,-9.4251,-10.0607,0.3592
7.1160,dirt,0.715,0.400,0.7465,4.4729,0.2104,0.1886,-0.0630,1.5248,-9.4362,-10.0437,-9.4657,-9.9898,0.3613
7.1280,dirt,0.715,0.400,0.7485,4.4081,0.2036,0.1986,-0.0027,1.3003,-9.5048,-9.9772,-9.4006,-10.0674,0.3628
7.1400,dirt,0.715,0.400,0.7497,4.2919,0.2321,0.2019,-0.0684,1.1023,-9.4961,-9.9983,-9.3577,-10.0579,0.3631
7.1520,dirt,0.715,0.400,0.7500,4.4966,0.3212,0.2089,-0.1164,1.5791,-9.5303,-9.9710,-9.3957,-10.0823,0.3631
7.1640,dirt,0.715,0.400,0.7494,4.4544,0.2373,0.2125,-0.0016,1.3463,-9.5631,-9.9403,-9.3421,-10.1704,0.3631
7.1760,dirt,0.715,0.400,0.7479,4.4431,0.2809,0.2168,-0.1307,1.3423,-9.5388,-9.9442,-9.3572,-10.1596,0.3629
7.1880,dirt,0.715,0.400,0.7456,4.3971,0.2599,0.2291,-0.1918,1.4339,-9.4871,-9.9788,-9.4187,-10.2006,0.3620
7.2000,dirt,0.715,0.400,0.7424,4.4568,0.2630,0.2335,0.0431,0.9776,-9.4636,-10.0007,-9.3273,-10.2755,0.3608
7.2120,dirt,0.715,0.400,0.7383,4.5256,0.2685,0.2423,-0.1245,1.4467,-9.4969,-9.9362,-9.3994,-10.2082,0.3591
7.2240,dirt,0.715,0.400,0.7333,4.3994,0.3201,0.2485,-0.0840,1.2299,-9.4837,-9.9642,-9.3948,-10.2787,0.3569
7.2360,dirt,0.715,0.400,0.7275,4.4084,0.2546,0.2543,-0.0384,1.5877,-9.5124,-9.9591,-9.3430,-10.3101,0.3544
7.2480,dirt,0.715,0.400,0.7208,4.4906,0.2627,0.2643,-0.1765,1.3115,-9.5359,-9.9621,-9.4167,-10.3152,0.3513
7.2600,dirt,0.715,0.400,0.7133,4.4327,0.2330,0.2702,-0.0929,1.7272,-9.5818,-9.9142,-9.4107,-10.2917,0.3475
7.2720,dirt,0.715,0.400,0.7049,4.4792,0.3893,0.2690,-0.1945,1.5566,-9.5614,-10.0039,-9.3756,-10.3011,0.3437
7.2840,dirt,0.715,0.400,0.6957,4.5231,0.3210,0.2701,-0.0829,1.7313,-9.5643,-9.9618,-9.4232,-10.2854,0.3402
7.2960,dirt,0.715,0.400,0.6857,4.4582,0.2174,0.2712,-0.0306,0.9098,-9.5920,-9.9969,-9.3633,-10.2535,0.3355
7.3080,dirt,0.715,0.400,0.6749,4.4772,0.2776,0.2742,0.0569,1.9095,-9.6244,-9.9962,-9.4123,-10.2509,0.3311
7.3200,dirt,0.715,0.400,0.6633,4.4255,0.2475,0.2766,-0.2341,2.0344,-9.6504,-10.0057,-9.3237,-10.2865,0.3271
7.3320,dirt,0.715,0.400,0.6509,4.5584,0.2684,0.2778,-0.0382,1.9476,-9.6997,-9.9747,-9.2852,-10.2708,0.3209
7.3440,dirt,0.715,0.400,0.6378,4.5137,0.3331,0.2755,-0.0183,2.2767,-9.6720,-10.0328,-9.4299,-10.1949,0.3146
7.3560,dirt,0.715,0.400,0.6239,4.4709,0.3262,0.2702,-0.2552,1.3798,-9.7310,-9.9365,-9.4424,-10.2208,0.3078
7.3680,dirt,0.715,0.400,0.6093,4.4977,0.3986,0.2661,0.0039,1.4043,-9.7417,-9.9457,-9.4169,-10.2312,0.3011
7.3800,dirt,0.715,0.400,0.5939,4.3007,0.3429,0.2636,0.0028,1.4573,-9.7600,-9.9267,-9.4787,-10.1897,0.2941
7.3920,dirt,0.715,0.400,0.5779,4.4630,0.3295,0.2618,0.1102,2.1877,-9.7247,-9.9684,-9.3981,-10.1728,0.2871
7.4040,dirt,0.715,0.400,0.5612,4.4462,0.4337,0.2611,0.2754,1.5530,-9.7306,-9.9721,-9.3533,-10.1884,0.2796
7.4160,dirt,0.715,0.400,0.5438,4.4369,0.3382,0.2612,0.2354,1.0713,-9.7232,-9.9564,-9.4215,-10.1753,0.2707
7.4280,dirt,0.715,0.400,0.5258,4.5268,0.4116,0.2605,0.1328,1.8800,-9.7567,-9.9706,-9.2851,-10.2004,0.2622
7.4400,dirt,0.715,0.400,0.5071,4.4340,0.3842,0.2639,0.0488,1.4659,-9.7144,-10.0225,-9.2597,-10.1717,0.2551
7.4520,dirt,0.715,0.400,0.4879,4.4457,0.4021,0.2640,-0.1661,1.2460,-9.7499,-9.9842,-9.2851,-10.1825,0.2446
7.4640,dirt,0.715,0.400,0.4681,4.4607,0.3023,0.2605,0.0358,1.1810,-9.7269,-10.0793,-9.2069,-10.2760,0.2364
7.4760,dirt,0.715,0.400,0.4477,4.4689,0.2992,0.2598,0.3198,1.2487,-9.7412,-10.0438,-9.1723,-10.2092,0.2268
7.4880,dirt,0.715,0.400,0.4269,4.5145,0.4563,0.2562,0.0277,1.4510,-9.8029,-10.0419,-9.2408,-10.2202,0.2169
7.5000,dirt,0.715,0.400,0.4055,4.4506,0.3180,0.2571,-0.4596,0.6534,-9.8116,-10.0524,-9.2331,-10.2100,0.2057
7.5120,dirt,0.715,0.400,0.3836,4.5455,0.3910,0.2527,-0.0288,1.7705,-9.8068,-10.0692,-9.2248,-10.2046,0.1957
7.5240,dirt,0.715,0.400,0.3613,4.3797,0.4268,0.2457,-0.0262,0.9966,-9.7268,-10.1037,-9.2603,-10.1769,0.1864
7.5360,dirt,0.715,0.400,0.3386,4.4507,0.2943,0.2383,0.0998,1.8779,-9.7795,-10.0427,-9.2733,-10.1520,0.1753
7.5480,dirt,0.715,0.400,0.3155,4.4420,0.3682,0.2333,0.2491,1.0219,-9.8748,-9.9806,-9.3218,-10.1440,0.1633
7.5600,dirt,0.715,0.400,0.2920,4.5011,0.4380,0.2347,0.2091,-0.0597,-9.8911,-10.0105,-9.3239,-10.1544,0.1527
7.5720,dirt,0.715,0.400,0.2681,4.4435,0.4056,0.2300,-0.1077,0.1312,-9.8284,-10.0372,-9.3207,-10.1686,0.1423
7.5840,dirt,0.715,0.400,0.2440,4.5633,0.3693,0.2314,0.1740,0.6098,-9.8647,-9.9648,-9.2631,-10.2277,0.1287
7.5960,dirt,0.715,0.400,0.2195,4.4962,0.3603,0.2278,0.2850,0.2572,-9.8965,-9.9574,-9.2529,-10.1488,0.1172
7.6080,dirt,0.715,0.400,0.1948,4.5429,0.3932,0.2227,0.6245,0.2074,-9.9006,-10.0004,-9.2638,-10.1401,0.1045
7.6200,dirt,0.715,0.400,0.1699,4.4540,0.1556,0.2161,0.1667,0.8210,-9.9363,-10.0474,-9.2752,-10.1620,0.0929
7.6320,dirt,0.715,0.400,0.1447,4.4783,0.2665,0.2045,0.1867,0.7163,-9.9079,-10.0336,-9.2483,-10.1619,0.0796
7.6440,dirt,0.715,0.400,0.1194,4.5049,0.2299,0.1992,0.1294,0.1380,-9.8452,-10.0816,-9.3546,-10.0702,0.0669
7.6560,dirt,0.715,0.400,0.0940,4.5701,0.2364,0.1932,0.4173,-0.2355,-9.8535,-10.0558,-9.3488,-10.0778,0.0530
7.6680,dirt,0.715,0.400,0.0684,4.4493,0.2950,0.1848,-0.1465,-0.0489,-9.8823,-10.0472,-9.3429,-10.0894,0.0420
7.6800,dirt,0.715,0.400,0.0428,4.5616,0.2339,0.1807,0.0925,-0.4966,-9.8108,-10.1079,-9.4189,-10.0288,0.0323
7.6920,dirt,0.715,0.400,0.0171,4.4799,0.2025,0.1802,-0.2159,-0.3583,-9.8806,-10.0486,-9.3308,-10.0790,0.0184
7.7040,dirt,0.715,0.400,-0.0086,4.5233,0.2496,0.1764,0.4844,0.0279,-9.7735,-10.0575,-9.2833,-10.0754,0.0039
7.7160,dirt,0.715,0.400,-0.0343,4.5255,0.2532,0.1709,0.1414,-0.2818,-9.7770,-10.0379,-9.3770,-10.0514,-0.0097
7.7280,dirt,0.715,0.400,-0.0599,4.5860,0.2763,0.1515,-0.1358,0.3716,-9.8591,-10.0021,-9.4120,-10.0664,-0.0209
7.7400,dirt,0.715,0.400,-0.0855,4.4118,0.1589,0.1460,-0.4632,0.0524,-9.8361,-10.0098,-9.4269,-10.1160,-0.0334
7.7520,dirt,0.715,0.400,-0.1110,4.4664,0.1317,0.1403,-0.0853,-0.6254,-9.8044,-10.0443,-9.4948,-10.0770,-0.0463
7.7640,dirt,0.715,0.400,-0.1363,4.5476,0.1429,0.1359,0.0023,-0.1808,-9.8011,-10.0646,-9.4811,-10.0686,-0.0598
7.7760,dirt,0.715,0.400,-0.1615,4.5360,0.2453,0.1264,0.3525,-1.0617,-9.6167,-10.1038,-9.5543,-10.0648,-0.0718
7.7880,dirt,0.715,0.400,-0.1865,4.4387,0.1144,0.1122,0.0969,-0.1784,-9.6996,-10.0085,-9.5492,-10.0344,-0.0832
7.8000,dirt,0.715,0.400,-0.2113,4.4583,0.0892,0.1056,-0.0892,-0.7469,-9.7972,-9.9942,-9.4682,-9.9963,-0.0947
7.8120,dirt,0.715,0.400,-0.2358,4.4945,0.0857,0.0983,-0.2979,-0.6069,-9.7875,-10.0333,-9.4697,-10.0286,-0.1082
7.8240,dirt,0.715,0.400,-0.2601,4.5812,0.1009,0.0934,-0.1159,-0.5450,-9.7613,-10.0601,-9.5601,-9.9484,-0.1195
7.8360,dirt,0.715,0.400,-0.2840,4.5005,0.0281,0.0798,1.2767,-0.7346,-9.7728,-10.0596,-9.5139,-10.0069,-0.1294
7.8480,dirt,0.715,0.400,-0.3077,4.4249,0.1021,0.0692,-0.1323,-0.8143,-9.6029,-10.0628,-9.6508,-10.0025,-0.1431
7.8600,dirt,0.715,0.400,-0.3309,4.4805,0.1915,0.0615,-0.4071,0.0528,-9.7040,-9.9231,-9.6536,-10.0245,-0.1548
7.8720,dirt,0.715,0.400,-0.3538,4.5646,0.0915,0.0556,-0.2162,-0.9974,-9.7647,-9.9060,-9.6658,-9.9998,-0.1638
7.8840,dirt,0.715,0.400,-0.3762,4.6181,0.1017,0.0511,-0.1077,-1.3607,-9.7296,-9.9128,-9.6313,-9.9975,-0.1767
7.8960,dirt,0.715,0.400,-0.3982,4.6178,0.1011,0.0431,-0.0364,-0.8414,-9.7252,-9.9674,-9.5877,-9.9312,-0.1905
7.9080,dirt,0.715,0.400,-0.4198,4.5758,0.1227,0.0242,-0.0574,-0.9349,-9.7690,-9.9401,-9.6124,-9.8471,-0.2009
7.9200,dirt,0.715,0.400,-0.4408,4.4915,-0.0580,0.0159,-0.1460,-0.4748,-9.6969,-9.9385,-9.7198,-9.8634,-0.2095
7.9320,dirt,0.715,0.400,-0.4614,4.4514,0.0577,0.0083,-0.2472,-1.4476,-9.6236,-9.9227,-9.6843,-9.9542,-0.2215
7.9440,dirt,0.715,0.400,-0.4814,4.5527,0.0375,0.0045,0.0522,-0.2474,-9.7090,-9.7681,-9.7303,-9.9571,-0.2308
7.9560,dirt,0.715,0.400,-0.5008,4.4957,-0.0300,-0.0037,0.0107,-1.3983,-9.6921,-9.8077,-9.8629,-9.8877,-0.2385
7.9680,dirt,0.715,0.400,-0.5196,4.4836,-0.0740,-0.0207,-0.2527,-0.9451,-9.6603,-9.8566,-9.7297,-9.9085,-0.2478
7.9800,dirt,0.715,0.400,-0.5378,4.4883,-0.0570,-0.0273,-0.0561,-1.5358,-9.7123,-9.8266,-9.6652,-9.8078,-0.2565
7.9920,dirt,0.715,0.400,-0.5554,4.5322,-0.0790,-0.0329,-0.1063,-0.7112,-9.7462,-9.8252,-9.7222,-9.8152,-0.2662
8.0040,dirt,0.715,0.400,-0.5724,4.5828,-0.0662,-0.0418,-0.6676,-1.5827,-9.7122,-9.8594,-9.7683,-9.8359,-0.2733
8.0160,dirt,0.715,0.400,-0.5887,4.5692,-0.0743,-0.0505,0.0239,-0.4638,-9.7091,-9.8485,-9.8026,-9.8651,-0.2817
8.0280,dirt,0.715,0.400,-0.6042,4.4874,-0.0922,-0.0663,0.0402,-0.2631,-9.5954,-9.8406,-9.9111,-9.8010,-0.2900
8.0400,dirt,0.715,0.400,-0.6191,4.4825,-0.1338,-0.0713,-0.1216,-0.8762,-9.5669,-9.7812,-9.8268,-9.8639,-0.2967
8.0520,dirt,0.715,0.400,-0.6332,4.5006,-0.0719,-0.0759,-0.3323,-0.6304,-9.6956,-9.6857,-9.7810,-9.8819,-0.3045
8.0640,dirt,0.715,0.400,-0.6466,4.5388,-0.2563,-0.0825,-0.2585,-1.0753,-9.7292,-9.7271,-9.8402,-9.8392,-0.3121
8.0760,dirt,0.715,0.400,-0.6593,4.3909,-0.0989,-0.0908,0.2006,-1.3376,-9.7074,-9.7405,-9.8235,-9.7980,-0.3181
8.0880,dirt,0.715,0.400,-0.6711,4.4216,-0.1881,-0.1051,-0.3197,-1.3628,-9.6884,-9.7389,-9.8516,-9.7614,-0.3231
8.1000,dirt,0.715,0.400,-0.6822,4.4580,-0.1023,-0.1125,-0.0325,-0.8513,-9.7109,-9.7489,-9.9556,-9.6924,-0.3291
8.1120,dirt,0.715,0.400,-0.6925,4.5149,-0.1075,-0.1224,-0.3534,-1.6100,-9.7371,-9.7105,-9.9785,-9.6889,-0.3345
8.1240,dirt,0.715,0.400,-0.7020,4.4733,-0.1438,-0.1281,-0.1032,-1.3283,-9.7110,-9.7403,-9.8505,-9.7644,-0.3389
8.1360,dirt,0.715,0.400,-0.7106,4.4907,-0.1117,-0.1334,-0.1043,-1.0052,-9.7065,-9.7331,-9.8957,-9.7692,-0.3426
8.1480,dirt,0.715,0.400,-0.7184,4.5038,-0.2376,-0.1416,-0.4488,-1.1731,-9.6808,-9.7275,-9.8789,-9.8414,-0.3474
8.1600,dirt,0.715,0.400,-0.7254,4.4783,-0.2204,-0.1485,-0.1308,-1.5176,-9.6519,-9.7100,-10.0138,-9.5605,-0.3508
8.1720,dirt,0.715,0.400,-0.7315,4.4071,-0.1343,-0.1522,-0.2669,-1.1898,-9.6220,-9.7299,-9.9763,-9.5549,-0.3529
8.1840,dirt,0.715,0.400,-0.7367,4.4682,-0.1944,-0.1596,-0.3180,-1.6329,-9.6352,-9.6966,-10.0191,-9.6106,-0.3551
8.1960,dirt,0.715,0.400,-0.7411,4.3750,-0.2667,-0.1646,-0.2062,-1.1812,-9.6682,-9.6970,-10.0064,-9.7597,-0.3579
8.2080,dirt,0.715,0.400,-0.7446,4.4739,-0.1135,-0.1790,-0.2660,-0.9904,-9.6918,-9.6268,-10.0024,-9.7519,-0.3603
8.2200,dirt,0.715,0.400,-0.7472,4.5079,-0.2464,-0.1825,-0.2553,-0.9000,-9.7400,-9.6356,-10.0087,-9.6664,-0.3616
8.2320,dirt,0.715,0.400,-0.7490,4.4839,-0.1871,-0.1853,-0.2977,-1.8487,-9.7585,-9.6640,-9.9671,-9.5603,-0.3628
8.2440,dirt,0.715,0.400,-0.7499,4.4817,-0.2454,-0.1874,-0.3741,-1.1561,-9.7357,-9.7100,-10.0430,-9.4688,-0.3638
8.2560,dirt,0.715,0.400,-0.7499,4.5358,-0.1799,-0.1941,-0.1940,-1.3883,-9.7839,-9.7029,-10.1337,-9.4941,-0.3643
8.2680,dirt,0.715,0.400,-0.7490,4.4667,-0.2339,-0.2028,-0.1262,-1.3911,-9.7499,-9.7398,-10.0682,-9.5869,-0.3641
8.2800,dirt,0.715,0.400,-0.7472,4.4941,-0.2828,-0.2098,-0.1673,-1.4446,-9.7461,-9.7129,-10.0655,-9.6441,-0.3633
8.2920,dirt,0.715,0.400,-0.7446,4.3304,-0.3701,-0.2174,-0.0271,-1.0403,-9.7528,-9.6815,-10.1030,-9.6535,-0.3624
8.3040,dirt,0.715,0.400,-0.7411,4.4893,-0.2302,-0.2189,-0.1792,-1.5219,-9.7659,-9.7016,-10.1046,-9.6564,-0.3613
8.3160,dirt,0.715,0.400,-0.7367,4.4837,-0.2159,-0.2264,-0.1227,-2.1724,-9.7422,-9.6769,-10.0358,-9.6738,-0.3595
8.3280,dirt,0.715,0.400,-0.7315,4.4467,-0.2828,-0.2340,-0.0938,-0.9638,-9.7803,-9.6517,-10.1808,-9.5208,-0.3574
8.3400,dirt,0.715,0.400,-0.7254,4.4436,-0.2079,-0.2387,-0.1404,-1.5161,-9.7684,-9.7151,-10.1819,-9.5831,-0.3546
8.3520,dirt,0.715,0.400,-0.7184,4.4986,-0.2506,-0.2437,-0.0748,-1.6861,-9.7821,-9.6521,-10.2069,-9.5495,-0.3521
8.3640,dirt,0.715,0.400,-0.7106,4.4480,-0.2347,-0.2467,0.0403,-1.2514,-9.7725,-9.6316,-10.1823,-9.6165,-0.3488
8.3760,dirt,0.715,0.400,-0.7020,4.5570,-0.1645,-0.2508,-0.3552,-1.6174,-9.7629,-9.6489,-10.2056,-9.6194,-0.3445
8.3880,dirt,0.715,0.400,-0.6925,4.4912,-0.4193,-0.2577,-0.0919,-1.7573,-9.7880,-9.6219,-10.1737,-9.6842,-0.3400
8.4000,dirt,0.715,0.400,-0.6822,4.4896,-0.2538,-0.2598,-0.2719,-1.4810,-9.7903,-9.6133,-10.1520,-9.7228,-0.3357
8.4120,dirt,0.715,0.400,-0.6711,4.4981,-0.3245,-0.2586,0.0194,-1.6668,-9.7777,-9.6457,-10.2065,-9.6834,-0.3311
8.4240,dirt,0.715,0.400,-0.6593,4.4637,-0.1805,-0.2607,-0.1355,-2.0404,-9.8385,-9.6314,-10.2172,-9.4349,-0.3260
8.4360,dirt,0.715,0.400,-0.6466,4.5141,-0.1956,-0.2619,-0.0275,-1.8903,-9.8341,-9.6811,-10.2644,-9.3424,-0.3203
8.4480,dirt,0.715,0.400,-0.6332,4.4558,-0.3600,-0.2651,0.0110,-1.4445,-9.8405,-9.7547,-10.2289,-9.3588,-0.3135
8.4600,dirt,0.715,0.400,-0.6191,4.4467,-0.2767,-0.2643,0.3083,-1.5887,-9.8600,-9.7309,-10.2413,-9.4626,-0.3065
8.4720,dirt,0.715,0.400,-0.6042,4.4640,-0.2437,-0.2657,-0.3051,-1.5341,-9.8621,-9.7423,-10.2541,-9.4790,-0.3001
8.4840,dirt,0.715,0.400,-0.5887,4.4652,-0.3120,-0.2672,0.2642,-2.1156,-9.8341,-9.7674,-10.1967,-9.4036,-0.2938
8.4960,dirt,0.715,0.400,-0.5724,4.4359,-0.3339,-0.2640,-0.2734,-1.8374,-9.8579,-9.7733,-10.1681,-9.4430,-0.2858
8.5080,dirt,0.715,0.400,-0.5554,4.4676,-0.3102,-0.2571,0.1445,-1.9266,-9.8549,-9.8290,-10.1675,-9.3962,-0.2776
8.5200,dirt,0.715,0.400,-0.5378,4.4496,-0.2676,-0.2569,-0.1726,-2.1532,-9.8905,-9.8142,-10.1840,-9.2872,-0.2693
8.5320,dirt,0.715,0.400,-0.5196,4.4913,-0.3184,-0.2520,0.0715,-1.0179,-9.8874,-9.8432,-10.2260,-9.2414,-0.2599
8.5440,dirt,0.715,0.400,-0.5008,4.4178,-0.3002,-0.2520,-0.3469,-1.3487,-9.9484,-9.8258,-10.1967,-9.2480,-0.2526
8.5560,dirt,0.715,0.400,-0.4814,4.5342,-0.3046,-0.2489,-0.0990,-1.3476,-9.9167,-9.8460,-10.2096,-9.2057,-0.2431
8.5680,dirt,0.715,0.400,-0.4614,4.5102,-0.3445,-0.2467,0.5889,-0.7786,-9.8792,-9.8845,-10.1085,-9.3084,-0.2334
8.5800,dirt,0.715,0.400,-0.4408,4.4952,-0.3108,-0.2500,0.2539,-0.5302,-9.9152,-9.8907,-10.2066,-9.2728,-0.2230
8.5920,dirt,0.715,0.400,-0.4198,4.5593,-0.4332,-0.2491,0.0893,-0.9549,-9.8760,-9.9648,-10.0635,-9.3382,-0.2118
8.6040,dirt,0.715,0.400,-0.3982,4.5312,-0.3435,-0.2475,0.2267,-0.7366,-9.8331,-9.9901,-10.2253,-9.2927,-0.2026
8.6160,dirt,0.715,0.400,-0.3762,4.5685,-0.4401,-0.2417,-0.5323,-0.7729,-9.9278,-9.9891,-10.2576,-9.2360,-0.1956
8.6280,dirt,0.715,0.400,-0.3538,4.4899,-0.3477,-0.2401,-0.0946,-0.7842,-9.8546,-10.0841,-10.2321,-9.2383,-0.1815
8.6400,dirt,0.715,0.400,-0.3309,4.5370,-0.3911,-0.2373,0.2463,-1.3199,-9.7938,-10.1555,-10.0850,-9.3086,-0.1681
8.6520,dirt,0.715,0.400,-0.3077,4.4964,-0.4105,-0.2315,-0.0522,-0.5570,-9.8250,-10.1719,-10.1371,-9.2969,-0.1567
8.6640,dirt,0.715,0.400,-0.2840,4.4966,-0.3286,-0.2288,-0.0348,-1.2803,-9.9104,-10.1621,-10.0876,-9.3019,-0.1475
8.6760,dirt,0.715,0.400,-0.2601,4.4508,-0.3336,-0.2219,-0.1416,-0.3429,-9.8386,-10.1295,-10.0933,-9.3322,-0.1359
8.6880,dirt,0.715,0.400,-0.2358,4.4331,-0.3421,-0.2124,0.3434,-0.6198,-9.7865,-10.1786,-10.1316,-9.3402,-0.1227
8.7000,dirt,0.715,0.400,-0.2113,4.4418,-0.3448,-0.2047,-0.4377,-0.9150,-9.7612,-10.2377,-10.2569,-9.3238,-0.1098
8.7120,dirt,0.715,0.400,-0.1865,4.4935,-0.3140,-0.2014,0.2732,0.0495,-9.7724,-10.2241,-10.1004,-9.3256,-0.0986
8.7240,dirt,0.715,0.400,-0.1615,4.4632,-0.2999,-0.2012,-0.5898,-0.0580,-9.8757,-10.1609,-10.1286,-9.2910,-0.0882
8.7360,dirt,0.715,0.400,-0.1363,4.4688,-0.3041,-0.1980,0.2383,0.2533,-9.8247,-10.1573,-10.2019,-9.3554,-0.0757
8.7480,dirt,0.715,0.400,-0.1110,4.5522,-0.3259,-0.1907,0.1460,-0.4090,-9.8148,-10.1013,-10.0401,-9.4130,-0.0612
8.7600,dirt,0.715,0.400,-0.0855,4.4137,-0.2977,-0.1810,0.6471,0.0602,-9.8832,-10.0433,-10.0086,-9.4237,-0.0488
8.7720,dirt,0.715,0.400,-0.0599,4.5428,-0.2871,-0.1769,0.1330,-0.3665,-9.9227,-10.0280,-10.0743,-9.4059,-0.0387
8.7840,dirt,0.715,0.400,-0.0343,4.5328,-0.2931,-0.1712,0.6500,0.0724,-9.9398,-9.9845,-9.9924,-9.4414,-0.0248
8.7960,dirt,0.715,0.400,-0.0086,4.4674,-0.2982,-0.1645,-0.5831,-0.2579,-9.9968,-9.9469,-10.0334,-9.4361,-0.0113
8.8080,dirt,0.715,0.400,0.0171,4.5560,-0.2394,-0.1511,-0.0123,0.1410,-10.0098,-9.9302,-10.1040,-9.3973,0.0010
8.8200,dirt,0.715,0.400,0.0428,4.5038,-0.2177,-0.1474,0.3473,-0.0414,-10.0899,-9.8845,-9.9593,-9.4715,0.0146
8.8320,dirt,0.715,0.400,0.0684,4.5628,-0.2619,-0.1389,0.4699,0.3687,-10.1676,-9.8524,-9.9919,-9.4897,0.0276
8.8440,dirt,0.715,0.400,0.0940,4.5105,-0.1709,-0.1327,0.0000,-0.1860,-10.1765,-9.8537,-9.9919,-9.4473,0.0387
8.8560,dirt,0.715,0.400,0.1194,4.4588,-0.2022,-0.1247,0.3527,-0.0621,-10.1466,-9.8570,-9.9673,-9.4607,0.0506
8.8680,dirt,0.715,0.400,0.1447,4.5124,-0.1591,-0.1161,0.1227,0.2020,-10.1368,-9.8307,-9.9704,-9.4490,0.0649
8.8800,dirt,0.715,0.400,0.1699,4.4523,-0.1214,-0.1062,0.1544,0.7945,-10.1055,-9.8633,-10.0069,-9.5128,0.0783
8.8920,dirt,0.715,0.400,0.1948,4.5166,-0.1712,-0.1003,0.0257,0.2168,-10.0398,-9.8256,-9.9678,-9.4895,0.0890
8.9040,dirt,0.715,0.400,0.2195,4.6115,-0.1488,-0.0945,-0.1648,0.7354,-10.0404,-9.8295,-9.9270,-9.5355,0.0999
8.9160,dirt,0.715,0.400,0.2440,4.5523,-0.1746,-0.0890,0.1083,0.4559,-10.0198,-9.8264,-9.9348,-9.5936,0.1125
8.9280,dirt,0.715,0.400,0.2681,4.4891,-0.1582,-0.0735,0.0670,0.7213,-9.9438,-9.8472,-9.9105,-9.5703,0.1258
8.9400,dirt,0.715,0.400,0.2920,4.5705,-0.1009,-0.0672,0.0137,0.8189,-9.9091,-9.8568,-9.9050,-9.6021,0.1386
8.9520,dirt,0.715,0.400,0.3155,4.4900,-0.1316,-0.0572,-0.0443,1.0556,-9.8767,-9.8623,-9.9315,-9.6863,0.1502
8.9640,dirt,0.715,0.400,0.3386,4.5041,-0.0746,-0.0495,0.1535,0.3382,-9.7896,-9.8564,-9.9000,-9.6295,0.1605
8.9760,dirt,0.715,0.400,0.3613,4.4341,-0.0040,-0.0399,-0.0439,1.1249,-9.7580,-9.8788,-9.9150,-9.6225,0.1714
8.9880,dirt,0.715,0.400,0.3836,4.5058,-0.0798,-0.0276,-0.2318,1.0328,-9.7089,-9.8534,-9.9362,-9.7446,0.1830
9.0000,dirt,0.715,0.400,0.4055,4.5350,0.0140,-0.0209,0.2306,0.6171,-9.7138,-9.8173,-9.9000,-9.6945,0.1933
9.0120,dirt,0.715,0.400,0.4269,4.4079,-0.0561,-0.0103,0.0706,0.6144,-9.7119,-9.8045,-9.8122,-9.7475,0.2032
9.0240,dirt,0.715,0.400,0.4477,4.4951,0.0471,-0.0046,-0.2562,1.6347,-9.7080,-9.8250,-9.8848,-9.7734,0.2135
9.0360,dirt,0.715,0.400,0.4681,4.5476,-0.0597,0.0013,-0.1112,1.0459,-9.6733,-9.8165,-9.8621,-9.7381,0.2257
9.0480,dirt,0.715,0.400,0.4879,4.5437,0.0495,0.0181,-0.1118,1.0156,-9.6333,-9.7641,-9.7919,-9.7475,0.2360
9.0600,dirt,0.715,0.400,0.5071,4.6146,0.0881,0.0270,-0.1624,0.7369,-9.6239,-9.7643,-9.8741,-9.7745,0.2446
9.0720,dirt,0.715,0.400,0.5258,4.5259,-0.0253,0.0330,0.1122,1.3546,-9.6355,-9.7684,-9.8528,-9.7964,0.2518
9.0840,dirt,0.715,0.400,0.5438,4.4551,-0.0095,0.0375,0.3879,0.6003,-9.6192,-9.7972,-9.8274,-9.8075,0.2619
9.0960,dirt,0.715,0.400,0.5612,4.5436,0.0091,0.0465,-0.2297,1.2783,-9.6108,-9.8199,-9.8163,-9.8590,0.2701
9.1080,dirt,0.715,0.400,0.5779,4.5026,0.0327,0.0596,-0.1300,1.3336,-9.6553,-9.7899,-9.7520,-9.8577,0.2775
9.1200,dirt,0.715,0.400,0.5939,4.4793,0.0436,0.0650,-0.0205,0.8930,-9.6523,-9.7854,-9.7104,-9.8274,0.2853
9.1320,dirt,0.715,0.400,0.6093,4.4421,0.1167,0.0722,-0.4887,1.4317,-9.6318,-9.8169,-9.6603,-9.9107,0.2957
9.1440,dirt,0.715,0.400,0.6239,4.4882,0.1396,0.0798,-0.2100,1.2607,-9.6405,-9.8158,-9.6626,-9.9135,0.3011
9.1560,dirt,0.715,0.400,0.6378,4.5081,0.0635,0.0858,-0.2215,1.4024,-9.6740,-9.7884,-9.6160,-9.8774,0.3057
9.1680,dirt,0.715,0.400,0.6509,4.4347,0.1701,0.0988,0.0651,1.4266,-9.6527,-9.8475,-9.6161,-9.9225,0.3130
9.1800,dirt,0.715,0.400,0.6633,4.4741,0.1403,0.1041,-0.2273,0.9901,-9.6138,-9.9236,-9.5974,-9.9671,0.3195
9.1920,dirt,0.715,0.400,0.6749,4.4522,0.1518,0.1105,-0.2978,1.6656,-9.6432,-9.9061,-9.5586,-9.9308,0.3254
9.2040,dirt,0.715,0.400,0.6857,4.5261,0.1919,0.1124,-0.0834,0.8575,-9.5893,-9.9533,-9.5969,-9.8921,0.3309
9.2160,dirt,0.715,0.400,0.6957,4.5476,0.1016,0.1184,-0.1381,1.9912,-9.5422,-9.9580,-9.5312,-9.9660,0.3342
9.2280,dirt,0.715,0.400,0.7049,4.4796,0.1692,0.1317,-0.5476,1.3785,-9.5395,-9.9542,-9.5081,-9.9337,0.3375
9.2400,dirt,0.715,0.400,0.7133,4.5582,0.1308,0.1356,-0.2577,1.2140,-9.4702,-10.0264,-9.5199,-9.9839,0.3435
9.2520,dirt,0.715,0.400,0.7208,4.5196,0.2673,0.1458,-0.2557,1.1250,-9.4744,-9.9939,-9.5132,-10.0228,0.3489
9.2640,dirt,0.715,0.400,0.7275,4.4968,0.1201,0.1544,-0.1430,1.2873,-9.4540,-10.0100,-9.4597,-10.0634,0.3512
9.2760,dirt,0.715,0.400,0.7333,4.4093,0.1240,0.1640,0.0770,0.9556,-9.4570,-9.9667,-9.4558,-10.0793,0.3536
9.2880,dirt,0.715,0.400,0.7383,4.4678,0.2291,0.1789,-0.2864,1.4491,-9.4574,-9.9954,-9.5000,-10.0439,0.3567
9.3000,dirt,0.715,0.400,0.7424,4.4524,0.2156,0.1875,-0.0160,1.0848,-9.4353,-10.0176,-9.4171,-10.1107,0.3592
9.3120,dirt,0.715,0.400,0.7456,4.3742,0.2529,0.1932,-0.2524,1.5644,-9.4934,-9.9963,-9.4645,-10.1011,0.3605
9.3240,dirt,0.715,0.400,0.7479,4.5270,0.2295,0.2002,-0.1537,1.2386,-9.4999,-10.0078,-9.4175,-10.1121,0.3616
9.3360,dirt,0.715,0.400,0.7494,4.4828,0.3165,0.2033,-0.1765,1.7108,-9.4616,-10.0260,-9.3869,-10.1432,0.3627
9.3480,dirt,0.715,0.400,0.7500,4.4768,0.1426,0.2149,-0.2518,1.5917,-9.4584,-10.0253,-9.4108,-10.1673,0.3636
9.3600,dirt,0.715,0.400,0.7497,4.4527,0.1945,0.2239,-0.3241,1.6913,-9.4559,-9.9860,-9.3543,-10.1926,0.3638
9.3720,dirt,0.715,0.400,0.7485,4.4803,0.2510,0.2291,-0.1161,1.1412,-9.4781,-10.0018,-9.3401,-10.2074,0.3631
9.3840,dirt,0.715,0.400,0.7465,4.4069,0.3603,0.2332,-0.1084,1.4916,-9.5676,-9.9483,-9.3585,-10.2108,0.3620
9.3960,dirt,0.715,0.400,0.7435,4.4619,0.2392,0.2395,-0.0400,1.2176,-9.5678,-9.9750,-9.3210,-10.2085,0.3606
9.4080,dirt,0.715,0.400,0.7397,4.4230,0.0882,0.2488,-0.0517,1.0416,-9.5485,-10.0000,-9.3380,-10.2279,0.3594
9.4200,dirt,0.715,0.400,0.7351,4.5233,0.3772,0.2493,-0.1439,1.5502,-9.5387,-10.0181,-9.3624,-10.2194,0.3578
9.4320,dirt,0.715,0.400,0.7295,4.4098,0.2677,0.2570,-0.2497,1.9169,-9.5690,-9.9826,-9.3989,-10.2299,0.3552
9.4440,dirt,0.715,0.400,0.7231,4.5108,0.2413,0.2588,-0.0787,0.9474,-9.5737,-9.9711,-9.5251,-10.1784,0.3521
9.4560,dirt,0.715,0.400,0.7159,4.4470,0.2539,0.2595,-0.3121,1.5106,-9.5724,-9.9414,-9.5409,-10.1835,0.3492
9.4680,dirt,0.715,0.400,0.7078,4.5014,0.2355,0.2646,-0.1788,1.2038,-9.5753,-9.9256,-9.5098,-10.2299,0.3454
9.4800,dirt,0.715,0.400,0.6989,4.4553,0.3505,0.2682,-0.1345,1.8053,-9.5618,-9.9207,-9.5619,-10.2083,0.3413
9.4920,dirt,0.715,0.400,0.6892,4.5034,0.2845,0.2684,-0.0419,0.8344,-9.5888,-9.9265,-9.4965,-10.2547,0.3374
9.5040,dirt,0.715,0.400,0.6786,4.4024,0.3619,0.2699,-0.0330,2.4769,-9.6014,-9.9240,-9.4769,-10.2384,0.3330
9.5160,dirt,0.715,0.400,0.6673,4.3665,0.2751,0.2726,-0.1162,1.6902,-9.6347,-9.9237,-9.4858,-10.2569,0.3283
9.5280,dirt,0.715,0.400,0.6552,4.4702,0.3308,0.2742,-0.0238,1.4523,-9.6368,-9.9504,-9.3686,-10.2718,0.3224
9.5400,dirt,0.715,0.400,0.6423,4.4346,0.2607,0.2741,0.3066,2.0324,-9.6257,-9.9786,-9.3243,-10.2552,0.3164
9.5520,dirt,0.715,0.400,0.6286,4.5084,0.2158,0.2789,-0.1844,1.6964,-9.6175,-10.0084,-9.3895,-10.2224,0.3095
9.5640,dirt,0.715,0.400,0.6142,4.4861,0.3675,0.2806,0.1565,1.6612,-9.6157,-10.0194,-9.2801,-10.2625,0.3037
9.5760,dirt,0.715,0.400,0.5991,4.5326,0.3140,0.2760,-0.0026,0.8695,-9.6522,-10.0137,-9.2844,-10.3192,0.2974
9.5880,dirt,0.715,0.400,0.5833,4.5261,0.3681,0.2760,0.3096,1.8494,-9.6759,-10.0165,-9.3011,-10.2317,0.2910
9.6000,dirt,0.715,0.400,0.5668,4.4047,0.3687,0.2727,-0.1710,1.6332,-9.6977,-10.0162,-9.1910,-10.3329,0.2823
9.6120,dirt,0.715,0.400,0.5497,4.4377,0.3732,0.2710,-0.0002,1.8179,-9.7049,-10.0560,-9.2297,-10.2824,0.2736
9.6240,dirt,0.715,0.400,0.5318,4.4062,0.3318,0.2710,-0.3099,1.8189,-9.7895,-9.9908,-9.1272,-10.3437,0.2652
9.6360,dirt,0.715,0.400,0.5134,4.4164,0.2733,0.2694,0.1425,1.6107,-9.8066,-9.9995,-9.1789,-10.2590,0.2560
9.6480,dirt,0.715,0.400,0.4944,4.3636,0.3685,0.2606,-0.1063,1.6088,-9.8261,-10.0107,-9.2495,-10.2812,0.2479
9.6600,dirt,0.715,0.400,0.4748,4.4360,0.4329,0.2576,0.1555,1.5022,-9.8065,-10.0616,-9.2560,-10.1831,0.2394
9.6720,dirt,0.715,0.400,0.4546,4.4741,0.3272,0.2522,-0.0575,1.4899,-9.8334,-9.9810,-9.2728,-10.2256,0.2293
9.6840,dirt,0.715,0.400,0.4339,4.5021,0.3205,0.2547,-0.2550,0.9828,-9.8752,-9.9466,-9.3090,-10.2008,0.2189
9.6960,dirt,0.715,0.400,0.4127,4.5318,0.4513,0.2523,-0.1461,0.7348,-9.8772,-9.9564,-9.2977,-10.1689,0.2089
9.7080,dirt,0.715,0.400,0.3910,4.4997,0.2950,0.2509,-0.3100,1.0818,-9.8268,-10.0186,-9.2933,-10.2396,0.1997
9.7200,dirt,0.715,0.400,0.3688,4.4387,0.3233,0.2485,0.2542,0.9107,-9.7920,-10.0183,-9.2622,-10.1572,0.1886
9.7320,dirt,0.715,0.400,0.3462,4.5215,0.3417,0.2482,-0.1172,0.7784,-9.8109,-9.9889,-9.2835,-10.2379,0.1783
9.7440,dirt,0.715,0.400,0.3232,4.5684,0.2887,0.2476,-0.3324,0.6797,-9.8246,-10.0076,-9.2467,-10.1777,0.1661
9.7560,dirt,0.715,0.400,0.2998,4.4958,0.4460,0.2404,-0.1125,0.2409,-9.8820,-10.0121,-9.2592,-10.1844,0.1553
9.7680,dirt,0.715,0.400,0.2761,4.5067,0.3618,0.2303,0.1138,0.8939,-9.8812,-9.9880,-9.2435,-10.1293,0.1425
9.7800,dirt,0.715,0.400,0.2520,4.5017,0.4446,0.2227,0.0723,0.6160,-9.8840,-9.9867,-9.3531,-10.1316,0.1322
9.7920,dirt,0.715,0.400,0.2277,4.5198,0.2810,0.2170,0.0279,0.7345,-9.8743,-9.9922,-9.3360,-10.1082,0.1226
9.8040,dirt,0.715,0.400,0.2031,4.4680,0.4528,0.2177,0.2920,0.3186,-9.9514,-9.9398,-9.4021,-10.1048,0.1085
9.8160,dirt,0.715,0.400,0.1782,4.5002,0.3583,0.2140,-0.1139,0.5232,-9.9720,-9.9425,-9.3940,-10.1251,0.0947
9.8280,dirt,0.715,0.400,0.1531,4.4894,0.1844,0.2029,0.0612,0.0564,-9.8625,-9.9767,-9.3740,-10.1633,0.0826
9.8400,dirt,0.715,0.400,0.1279,4.5046,0.2418,0.1961,-0.0161,0.4111,-9.8241,-10.0135,-9.3309,-10.1296,0.0724
9.8520,dirt,0.715,0.400,0.1025,4.4606,0.2549,0.1984,0.1316,0.0441,-9.8159,-10.0452,-9.3231,-10.1382,0.0620
9.8640,dirt,0.715,0.400,0.0770,4.5700,0.2859,0.1863,-0.0721,0.7813,-9.8336,-10.0710,-9.3330,-10.1244,0.0482
9.8760,dirt,0.715,0.400,0.0514,4.4689,0.3419,0.1833,0.2375,-0.0038,-9.9213,-10.0388,-9.4042,-10.0722,0.0333
9.8880,dirt,0.715,0.400,0.0257,4.4875,0.1450,0.1655,0.2575,-0.0628,-9.8906,-10.0673,-9.4198,-10.0359,0.0197
9.9000,dirt,0.715,0.400,-0.0000,4.4824,0.3239,0.1605,0.0838,0.2651,-9.7858,-10.1095,-9.4088,-10.1077,0.0089
9.9120,dirt,0.715,0.400,-0.0257,4.4772,0.3095,0.1535,-0.2437,-0.5128,-9.7533,-10.1330,-9.4527,-10.0703,0.0006
9.9240,dirt,0.715,0.400,-0.0514,4.5031,0.1900,0.1544,0.0634,-0.0978,-9.8712,-10.0534,-9.4025,-10.0668,-0.0140
9.9360,dirt,0.715,0.400,-0.0770,4.4569,0.2149,0.1476,-0.0542,-0.0957,-9.8503,-10.0839,-9.4007,-10.0413,-0.0306
9.9480,dirt,0.715,0.400,-0.1025,4.4814,0.2634,0.1366,-0.0081,-0.5089,-9.8669,-10.0517,-9.4036,-9.9847,-0.0455
9.9600,dirt,0.715,0.400,-0.1279,4.5672,0.1706,0.1278,0.6038,0.2500,-9.7499,-10.1256,-9.4466,-10.0274,-0.0540
9.9720,dirt,0.715,0.400,-0.1531,4.5689,0.1500,0.1179,-0.0627,-1.2599,-9.6312,-10.1284,-9.5180,-10.0223,-0.0609
9.9840,dirt,0.715,0.400,-0.1782,4.5199,0.1818,0.1191,-0.2174,-0.4564,-9.7893,-10.0262,-9.5309,-10.0341,-0.0765
9.9960,dirt,0.715,0.400,-0.2031,4.5242,0.1748,0.1213,0.5031,-0.9584,-9.9252,-9.9674,-9.5082,-10.0346,-0.0990
10.0080,dirt,0.715,0.850,-0.1350,4.4727,0.1514,0.0924,0.0308,0.2511,-9.8085,-9.9782,-9.6124,-9.9707,-0.1087
10.0200,dirt,0.715,0.850,-0.1422,4.5366,0.0930,0.0568,0.0229,-1.6757,-9.1363,-10.4427,-9.4603,-9.8520,-0.0430
10.0320,dirt,0.715,0.850,-0.1492,4.5626,0.1274,0.0621,-0.3820,-1.2269,-9.1317,-10.6252,-9.5068,-9.9146,-0.0290
10.0440,dirt,0.715,0.850,-0.1562,4.4574,0.1489,0.0707,-0.0474,-0.5458,-9.5229,-10.3381,-9.5397,-9.9633,-0.0366
10.0560,dirt,0.715,0.850,-0.1630,4.5433,0.0819,0.0721,-0.0539,-0.8128,-9.8781,-10.1160,-9.5565,-10.0416,-0.0502
10.0680,dirt,0.715,0.850,-0.1697,4.5903,0.1451,0.0642,-0.0022,-0.4482,-9.8967,-10.0677,-9.5940,-10.0784,-0.0652
10.0800,dirt,0.715,0.850,-0.1763,4.5195,0.0680,0.0612,-0.0463,-0.5493,-9.9108,-10.0228,-9.6765,-10.0249,-0.0808
10.0920,dirt,0.715,0.850,-0.1828,4.5645,0.1112,0.0543,0.4078,-0.1750,-9.8737,-9.9931,-9.6392,-10.0446,-0.0919
10.1040,dirt,0.715,0.850,-0.1891,4.5420,0.0927,0.0421,-0.3122,-1.0005,-9.7139,-10.0948,-9.6326,-10.0292,-0.0915
10.1160,dirt,0.715,0.850,-0.1953,4.5999,0.0477,0.0373,-0.1066,-1.1158,-9.6936,-10.1582,-9.6664,-9.9653,-0.0909
10.1280,dirt,0.715,0.850,-0.2014,4.6063,-0.0307,0.0299,-0.1714,-0.6132,-9.8081,-10.1700,-9.6529,-9.9733,-0.0947
10.1400,dirt,0.715,0.850,-0.2073,4.5304,0.0118,0.0216,-0.1039,-0.7155,-9.7979,-10.1723,-9.7000,-10.0365,-0.0997
10.1520,dirt,0.715,0.850,-0.2131,4.4791,0.0155,0.0195,-0.0913,-0.9905,-9.8140,-10.1507,-9.7559,-10.0195,-0.1030
10.1640,dirt,0.715,0.850,-0.2187,4.5453,-0.0215,0.0136,0.1246,-0.6164,-9.7741,-10.1416,-9.7697,-10.0264,-0.1052
10.1760,dirt,0.715,0.850,-0.2241,4.5556,0.0550,0.0102,0.2077,-0.6668,-9.7704,-10.0918,-9.8322,-9.9561,-0.1079
10.1880,dirt,0.715,0.850,-0.2294,4.5561,0.0757,-0.0026,0.0768,-0.3031,-9.8935,-10.0646,-9.7382,-9.9072,-0.1107
10.2000,dirt,0.715,0.850,-0.2345,4.5250,0.0397,-0.0040,-0.1101,-0.8307,-9.9605,-10.0993,-9.7589,-9.9123,-0.1138
10.2120,dirt,0.715,0.850,-0.2395,4.4972,0.0034,-0.0103,0.0304,-0.7404,-9.9113,-10.1522,-9.7411,-9.9700,-0.1166
10.2240,dirt,0.715,0.850,-0.2443,4.5197,-0.1070,-0.0127,-0.0283,-0.4135,-9.9157,-10.1307,-9.8332,-9.9255,-0.1189
10.2360,dirt,0.715,0.850,-0.2489,4.5497,0.0352,-0.0182,0.2629,-0.7045,-9.9607,-10.0990,-9.8572,-9.9001,-0.1208
10.2480,dirt,0.715,0.850,-0.2533,4.5494,-0.1091,-0.0281,0.2654,-0.5098,-9.8215,-10.1474,-9.9060,-9.8915,-0.1231
10.2600,dirt,0.715,0.850,-0.2575,4.5971,-0.0177,-0.0320,0.1365,-0.4616,-9.9219,-10.0153,-9.8266,-9.8933,-0.1253
10.2720,dirt,0.715,0.850,-0.2616,4.5954,-0.0815,-0.0314,-0.0917,-0.5250,-10.0032,-10.0575,-9.7788,-9.9051,-0.1276
10.2840,dirt,0.715,0.850,-0.2654,4.4601,-0.0101,-0.0376,0.0871,-0.8999,-9.9668,-10.1284,-9.7797,-9.9472,-0.1301
10.2960,dirt,0.715,0.850,-0.2691,4.5235,-0.0015,-0.0407,-0.0552,-0.8332,-9.9726,-10.1139,-9.9517,-9.8252,-0.1321
10.3080,dirt,0.715,0.850,-0.2726,4.6017,0.0005,-0.0499,0.3625,-0.4028,-10.0239,-10.0710,-9.9179,-9.8121,-0.1334
10.3200,dirt,0.715,0.850,-0.2759,4.5547,-0.0368,-0.0559,0.1681,-0.6535,-9.9879,-10.1003,-9.9139,-9.8304,-0.1348
10.3320,dirt,0.715,0.850,-0.2789,4.5943,-0.0436,-0.0592,0.2298,-1.0282,-9.9302,-10.0695,-9.8841,-9.9013,-0.1366
10.3440,dirt,0.715,0.850,-0.2818,4.4924,-0.0200,-0.0595,0.1760,-0.6502,-9.9610,-10.0175,-9.9024,-9.8339,-0.1384
10.3560,dirt,0.715,0.850,-0.2845,4.5695,-0.0348,-0.0663,0.0657,-0.5635,-10.0027,-9.9525,-9.9471,-9.7629,-0.1394
10.3680,dirt,0.715,0.850,-0.2869,4.5280,-0.0941,-0.0713,0.1517,-1.0018,-10.0367,-9.9840,-10.0058,-9.7753,-0.1405
10.3800,dirt,0.715,0.850,-0.2892,4.5673,-0.1028,-0.0724,-0.0891,-0.9460,-10.0707,-10.0316,-9.9536,-9.8674,-0.1423
10.3920,dirt,0.715,0.850,-0.2912,4.6053,-0.1269,-0.0793,0.2922,-0.8368,-10.0454,-10.0503,-9.9836,-9.8522,-0.1438
10.4040,dirt,0.715,0.850,-0.2931,4.5239,-0.0402,-0.0821,0.2235,-0.5367,-10.0216,-10.0481,-10.0459,-9.8044,-0.1446
10.4160,dirt,0.715,0.850,-0.2947,4.6062,-0.1714,-0.0872,0.2666,-0.4577,-10.0608,-10.0269,-10.0095,-9.7770,-0.1450
10.4280,dirt,0.715,0.850,-0.2961,4.5880,-0.0708,-0.0927,0.2451,-1.1149,-10.0587,-10.0501,-9.9693,-9.7566,-0.1454
10.4400,dirt,0.715,0.850,-0.2973,4.5761,-0.1316,-0.0940,0.0372,-1.0258,-9.9426,-10.0542,-10.0515,-9.7505,-0.1463
10.4520,dirt,0.715,0.850,-0.2983,4.6031,-0.0900,-0.0963,0.0022,-0.3841,-9.9961,-10.0002,-10.1210,-9.8177,-0.1468
10.4640,dirt,0.715,0.850,-0.2990,4.5728,-0.1861,-0.0981,-0.0803,-0.0805,-10.0808,-9.8826,-10.1128,-9.8844,-0.1469
10.4760,dirt,0.715,0.850,-0.2996,4.5997,-0.1094,-0.1005,-0.0954,-0.7444,-11.5388,-11.3592,-11.6488,-11.3062,-0.1472
10.4880,dirt,0.715,0.850,-0.2999,4.6043,-0.0680,-0.1062,2.0589,-0.3718,-13.6246,-13.8620,-13.6451,-13.7234,-0.1481
10.5000,dirt,0.715,0.850,-0.3000,4.6453,-0.1586,-0.1124,2.5414,-0.5408,-13.5556,-14.2327,-13.3023,-13.8782,-0.1492
10.5120,dirt,0.715,0.850,-0.2999,4.7455,-0.1013,-0.1201,2.7943,0.1469,-13.3581,-14.4604,-13.0420,-13.6544,-0.1489
10.5240,dirt,0.715,0.850,-0.2996,4.7396,-0.1146,-0.1209,2.5964,-0.7255,-13.1714,-14.6557,-12.7079,-13.7769,-0.1477
10.5360,dirt,0.715,0.850,-0.2990,4.6832,-0.1466,-0.1238,2.6356,0.0557,-13.1466,-14.7916,-12.5408,-13.8048,-0.1468
10.5480,dirt,0.715,0.850,-0.2983,4.7757,-0.1733,-0.1267,2.2383,-0.2998,-13.0876,-14.9808,-12.2652,-13.8864,-0.1468
10.5600,dirt,0.715,0.850,-0.2973,4.8001,0.0066,-0.1325,3.1321,-0.5589,-12.8258,-15.2906,-11.9651,-13.8611,-0.1468
10.5720,dirt,0.715,0.850,-0.2961,4.8105,-0.1144,-0.1330,2.4843,-0.2198,-12.7308,-15.5574,-11.6507,-13.8775,-0.1464
10.5840,dirt,0.715,0.850,-0.2947,4.8223,-0.1786,-0.1386,2.3731,-0.0658,-12.7997,-15.7828,-11.5774,-13.5781,-0.1453
10.5960,dirt,0.715,0.850,-0.2931,4.8269,-0.2049,-0.1386,2.3143,-0.4941,-12.9751,-15.8296,-11.3495,-13.5564,-0.1437
10.6080,dirt,0.715,0.850,-0.2912,4.8960,-0.0643,-0.1342,2.3214,-1.0026,-13.1068,-15.8956,-11.4406,-13.3386,-0.1433
10.6200,dirt,0.715,0.850,-0.2892,4.8666,-0.0922,-0.1336,2.2047,-0.6097,-13.2105,-16.1199,-11.3025,-13.3599,-0.1435
10.6320,dirt,0.715,0.850,-0.2869,4.8524,-0.0636,-0.1359,2.1975,-0.2200,-13.3003,-16.2805,-11.2079,-13.2249,-0.1425
10.6440,dirt,0.715,0.850,-0.2845,4.9802,-0.0971,-0.1363,2.2536,-0.8546,-13.3635,-16.4362,-11.2412,-13.1142,-0.1405
10.6560,dirt,0.715,0.850,-0.2818,5.0702,-0.0766,-0.1299,2.0559,-0.8806,-13.3186,-16.6085,-11.3321,-12.9654,-0.1388
10.6680,dirt,0.715,0.850,-0.2789,5.0819,-0.0503,-0.1269,2.5058,-0.7436,-13.3795,-16.7799,-11.3412,-12.7304,-0.1375
10.6800,dirt,0.715,0.850,-0.2759,5.0355,-0.1856,-0.1237,1.9798,0.0390,-13.4220,-16.9440,-11.4938,-12.5084,-0.1362
10.6920,dirt,0.715,0.850,-0.2726,5.0929,-0.1701,-0.1282,2.1910,-0.7184,-13.2394,-17.0969,-11.4830,-12.4675,-0.1348
10.7040,dirt,0.715,0.850,-0.2691,5.1406,-0.1237,-0.1305,2.3006,-0.2492,-13.2048,-17.1903,-11.4440,-12.4704,-0.1327
10.7160,dirt,0.715,0.850,-0.2654,5.1431,-0.0746,-0.1316,1.6782,-0.7408,-13.3310,-17.0611,-11.4395,-12.4793,-0.1300
10.7280,dirt,0.715,0.850,-0.2616,5.1553,-0.1487,-0.1177,2.2198,-1.0696,-13.5222,-16.9390,-11.6219,-12.2638,-0.1282
10.7400,dirt,0.715,0.850,-0.2575,5.1530,-0.0638,-0.1187,2.1728,-0.5601,-13.6643,-16.9605,-11.6169,-12.0789,-0.1277
10.7520,dirt,0.715,0.850,-0.2533,5.2801,-0.0928,-0.1217,1.8985,-0.8953,-13.7059,-17.0688,-11.6942,-11.8497,-0.1263
10.7640,dirt,0.715,0.850,-0.2489,5.2675,-0.1443,-0.1199,2.5234,-0.8170,-13.6798,-17.1676,-11.8503,-11.8438,-0.1238
10.7760,dirt,0.715,0.850,-0.2443,5.2362,-0.0580,-0.1215,1.6337,-0.7594,-13.6937,-17.2130,-11.7408,-12.1638,-0.1208
10.7880,dirt,0.715,0.850,-0.2395,5.2137,-0.1858,-0.1117,1.7728,-0.4184,-13.7077,-17.1887,-11.8780,-12.3486,-0.1184
10.8000,dirt,0.715,0.850,-0.2345,5.3242,-0.0753,-0.1159,1.8927,-0.3873,-13.7374,-17.1516,-11.8837,-12.2753,-0.1157
10.8120,dirt,0.715,0.850,-0.2294,5.3678,-0.1451,-0.1144,2.1609,-0.6892,-13.6084,-17.1640,-11.9574,-12.2051,-0.1135
10.8240,dirt,0.715,0.850,-0.2241,5.3839,-0.1268,-0.1103,1.8923,-1.2020,-13.5542,-17.1841,-12.0231,-12.2337,-0.1112
10.8360,dirt,0.715,0.850,-0.2187,5.3962,-0.1653,-0.1129,1.7147,-0.6602,-13.6879,-17.1357,-12.0217,-12.5439,-0.1076
10.8480,dirt,0.715,0.850,-0.2131,5.4347,-0.2048,-0.1050,1.9985,-0.2762,-13.9609,-16.8965,-12.0634,-12.6010,-0.1034
10.8600,dirt,0.715,0.850,-0.2073,5.4124,-0.1595,-0.1052,2.2180,-0.0632,-14.1121,-16.6314,-12.0997,-12.6891,-0.1015
10.8720,dirt,0.715,0.850,-0.2014,5.4041,-0.1219,-0.1038,2.0180,-0.2288,-14.1710,-16.6623,-12.2093,-12.5032,-0.1008
10.8840,dirt,0.715,0.850,-0.1953,5.5216,-0.1025,-0.1046,1.9319,-0.9026,-14.1810,-16.8019,-12.2640,-12.5977,-0.0994
10.8960,dirt,0.715,0.850,-0.1891,5.4690,-0.0910,-0.1108,1.6237,-0.2666,-14.1602,-16.8553,-12.3089,-12.7365,-0.0955
10.9080,dirt,0.715,0.850,-0.1828,5.5268,-0.1289,-0.1102,1.5655,-1.2393,-14.1810,-16.8952,-12.3385,-12.9145,-0.0905
10.9200,dirt,0.715,0.850,-0.1763,5.5110,-0.0426,-0.1071,1.9263,0.0035,-14.2709,-16.8643,-12.3748,-13.0246,-0.0867
10.9320,dirt,0.715,0.850,-0.1697,5.5488,-0.0995,-0.1079,1.8652,0.0422,-14.2019,-16.8331,-12.5025,-12.9922,-0.0843
10.9440,dirt,0.715,0.850,-0.1630,5.5381,0.0095,-0.1074,2.0243,-0.3661,-14.0969,-16.8003,-12.5541,-13.0378,-0.0815
10.9560,dirt,0.715,0.850,-0.1562,5.7187,-0.0481,-0.1083,1.8077,-0.5055,-14.1145,-16.7791,-12.5523,-13.2004,-0.0777
10.9680,dirt,0.715,0.850,-0.1492,5.5616,-0.1358,-0.1062,2.4602,-0.1805,-14.2799,-16.6635,-12.6095,-13.2654,-0.0735
10.9800,dirt,0.715,0.850,-0.1422,5.6830,-0.1112,-0.0995,1.9313,-0.3144,-14.4609,-16.5062,-12.6774,-13.3355,-0.0701
10.9920,dirt,0.715,0.850,-0.1350,5.7609,-0.1264,-0.0965,1.6351,0.0959,-14.6431,-16.2960,-12.6875,-13.3712,-0.0681
11.0040,dirt,0.715,0.850,-0.1277,5.6930,-0.0375,-0.0953,1.7348,-0.5819,-14.6994,-16.2879,-12.8111,-13.3895,-0.0650
11.0160,dirt,0.715,0.850,-0.1204,5.7080,-0.0710,-0.0972,1.8581,-0.3508,-14.7097,-16.3571,-12.8290,-13.4207,-0.0609
11.0280,dirt,0.715,0.850,-0.1129,5.7085,-0.1556,-0.0978,1.7892,-0.0855,-14.7031,-16.4739,-12.8212,-13.4402,-0.0575
11.0400,dirt,0.715,0.850,-0.1054,5.8646,-0.0767,-0.0978,1.6570,-0.8260,-14.6579,-16.5708,-12.9045,-13.5241,-0.0529
11.0520,dirt,0.715,0.850,-0.0978,5.7258,-0.0966,-0.0968,1.8053,-0.8352,-14.6342,-16.6163,-12.8347,-13.7313,-0.0487
11.0640,dirt,0.715,0.850,-0.0901,5.7689,-0.1226,-0.0962,1.3593,-0.4213,-14.4865,-16.6719,-12.9635,-13.8056,-0.0449
11.0760,dirt,0.715,0.850,-0.0824,5.8128,-0.0333,-0.0934,1.5532,-0.1623,-14.4121,-16.7522,-13.0116,-13.8434,-0.0417
11.0880,dirt,0.715,0.850,-0.0746,5.7096,-0.0886,-0.0866,1.5493,0.3177,-14.5685,-16.6958,-13.1284,-13.8647,-0.0372
11.1000,dirt,0.715,0.850,-0.0668,5.9216,-0.0899,-0.0832,1.6454,0.1470,-14.7304,-16.6090,-13.0728,-13.8082,-0.0324
11.1120,dirt,0.715,0.850,-0.0589,5.8362,-0.0237,-0.0805,2.2366,-0.4194,-14.9223,-16.4921,-13.0122,-13.7923,-0.0287
11.1240,dirt,0.715,0.850,-0.0509,5.9147,-0.0656,-0.0785,1.6968,-0.0051,-14.9440,-16.4610,-12.9914,-13.7287,-0.0257
11.1360,dirt,0.715,0.850,-0.0429,5.8645,-0.0903,-0.0743,1.4630,-0.2789,-14.9795,-16.5449,-13.1177,-13.6320,-0.0226
11.1480,dirt,0.715,0.850,-0.0349,5.9434,-0.1096,-0.0705,2.2492,-0.7621,-15.0039,-16.6502,-13.1874,-13.4321,-0.0187
11.1600,dirt,0.715,0.850,-0.0269,5.9163,-0.1074,-0.0672,1.6056,-0.5240,-15.1055,-16.7330,-13.2265,-13.3326,-0.0139
11.1720,dirt,0.715,0.850,-0.0188,5.9918,-0.0129,-0.0590,1.4123,-0.5110,-15.0689,-16.8442,-13.2576,-13.2168,-0.0094
11.1840,dirt,0.715,0.850,-0.0108,5.9855,-0.1839,-0.0578,1.7005,-0.0261,-14.9798,-16.9225,-13.3049,-13.1725,-0.0056
11.1960,dirt,0.715,0.850,-0.0027,6.0057,0.0160,-0.0570,2.2762,-0.4382,-14.9725,-17.0294,-13.3423,-13.1681,-0.0018
11.2080,dirt,0.715,0.850,0.0054,6.0527,-0.0354,-0.0445,1.6630,0.0753,-15.1052,-16.9854,-13.3845,-13.1827,0.0027
11.2200,dirt,0.715,0.850,0.0135,5.9548,-0.0957,-0.0398,1.3699,-0.0711,-15.2590,-16.8288,-13.3374,-13.3237,0.0072
11.2320,dirt,0.715,0.850,0.0215,6.0509,-0.0049,-0.0383,1.9306,-0.1454,-15.3773,-16.7754,-13.4840,-13.3123,0.0108
11.2440,dirt,0.715,0.850,0.0296,6.0242,-0.0448,-0.0343,1.0832,-0.3600,-15.4268,-16.8556,-13.4552,-13.4202,0.0128
11.2560,dirt,0.715,0.850,0.0376,6.1048,-0.0717,-0.0356,1.5033,-0.0105,-15.3669,-16.9551,-13.4412,-13.5119,0.0174
11.2680,dirt,0.715,0.850,0.0456,6.1367,0.0637,-0.0341,1.9744,-0.1237,-15.3825,-17.0575,-13.5231,-13.5287,0.0229
11.2800,dirt,0.715,0.850,0.0536,6.2107,-0.0046,-0.0303,1.5151,-0.0068,-15.3563,-17.1433,-13.6410,-13.4816,0.0270
11.2920,dirt,0.715,0.850,0.0615,6.1906,-0.0054,-0.0260,1.5003,-0.2360,-15.3458,-17.2328,-13.6398,-13.5454,0.0303
11.3040,dirt,0.715,0.850,0.0694,6.2012,0.0106,-0.0232,1.4299,-0.1323,-15.3472,-17.2156,-13.6801,-13.5583,0.0349
11.3160,dirt,0.715,0.850,0.0772,6.2491,-0.0084,-0.0180,1.7946,0.2013,-15.4870,-17.0867,-13.6859,-13.5849,0.0390
11.3280,dirt,0.715,0.850,0.0850,6.2518,0.0503,-0.0088,1.4738,0.2211,-15.5992,-16.9229,-13.7085,-13.7056,0.0426
11.3400,dirt,0.715,0.850,0.0927,6.2521,-0.0266,-0.0035,1.3757,0.2618,-15.6644,-16.9311,-13.7001,-13.8302,0.0459
11.3520,dirt,0.715,0.850,0.1004,6.2912,0.0428,-0.0053,1.8567,0.3158,-15.6874,-17.0193,-13.8202,-13.7947,0.0494
11.3640,dirt,0.715,0.850,0.1079,6.1984,0.0475,-0.0045,1.5394,0.4248,-15.6595,-17.1292,-13.8419,-13.8652,0.0528
11.3760,dirt,0.715,0.850,0.1154,6.3028,0.0967,-0.0041,1.4536,0.3837,-15.6771,-17.1639,-13.9025,-13.7751,0.0570
11.3880,dirt,0.715,0.850,0.1228,6.3237,-0.0672,0.0020,1.6107,-0.4364,-15.6500,-17.2058,-13.8669,-13.9225,0.0610
11.4000,dirt,0.715,0.850,0.1302,6.3345,-0.0169,0.0073,1.9413,-0.1202,-15.6312,-17.2273,-13.9649,-13.9232,0.0648
11.4120,dirt,0.715,0.850,0.1374,6.4104,0.0815,0.0174,1.7984,0.3084,-15.7585,-17.1024,-14.0099,-13.8800,0.0691
11.4240,dirt,0.715,0.850,0.1445,6.4875,-0.0363,0.0180,1.2133,0.1929,-15.9416,-17.0175,-14.0390,-13.9480,0.0729
11.4360,dirt,0.715,0.850,0.1516,6.3765,0.0559,0.0260,1.0376,0.4621,-16.0657,-16.9425,-14.0526,-14.1497,0.0752
11.4480,dirt,0.715,0.850,0.1585,6.3712,-0.0115,0.0248,1.8210,0.3922,-16.0818,-16.9852,-14.0651,-14.1429,0.0774
11.4600,dirt,0.715,0.850,0.1653,6.5233,-0.0441,0.0224,1.2824,0.7042,-16.0965,-17.0682,-14.1501,-14.1214,0.0809
11.4720,dirt,0.715,0.850,0.1720,6.5333,0.0849,0.0252,1.3715,0.5815,-16.0755,-17.1040,-14.2187,-14.1609,0.0854
11.4840,dirt,0.715,0.850,0.1785,6.4901,-0.0045,0.0296,1.6253,0.0191,-16.0072,-17.1304,-14.1943,-14.2527,0.0892
11.4960,dirt,0.715,0.850,0.1849,6.5257,0.0022,0.0347,2.1883,0.2580,-16.1337,-17.0638,-14.1829,-14.3303,0.0924
11.5080,dirt,0.715,0.850,0.1912,6.5934,-0.0277,0.0470,1.7155,0.4119,-16.2695,-16.9705,-14.1759,-14.3855,0.0949
11.5200,dirt,0.715,0.850,0.1974,6.5526,0.0257,0.0525,1.3804,0.3489,-16.3253,-16.9701,-14.2450,-14.4579,0.0971
11.5320,dirt,0.715,0.850,0.2034,6.5701,0.0608,0.0500,1.3707,0.4898,-16.3488,-17.0632,-14.2465,-14.4062,0.1000
11.5440,dirt,0.715,0.850,0.2093,6.7131,0.0407,0.0490,1.7170,0.5571,-16.3404,-17.1505,-14.3784,-14.3324,0.1034
11.5560,dirt,0.715,0.850,0.2150,6.4706,0.0163,0.0450,1.5302,0.5885,-16.3344,-17.1471,-14.4612,-14.5381,0.1070
11.5680,dirt,0.715,0.850,0.2205,6.6735,-0.0348,0.0490,1.4326,0.8578,-16.3766,-17.0553,-14.4480,-14.5951,0.1101
11.5800,dirt,0.715,0.850,0.2259,6.5983,0.0327,0.0540,1.5186,0.2303,-16.4267,-17.0137,-14.4712,-14.6360,0.1125
11.5920,dirt,0.715,0.850,0.2312,6.6536,0.0852,0.0598,1.5244,0.4512,-16.4760,-16.9649,-14.5291,-14.6556,0.1144
11.6040,dirt,0.715,0.850,0.2362,6.5944,0.1138,0.0659,1.4538,-0.0247,-16.4860,-17.0132,-14.4710,-14.7698,0.1164
11.6160,dirt,0.715,0.850,0.2411,6.6726,0.0637,0.0685,1.5194,0.6255,-16.5011,-17.0689,-14.5164,-14.7971,0.1188
11.6280,dirt,0.715,0.850,0.2458,6.6715,-0.0059,0.0728,1.1168,0.4815,-16.4750,-17.1639,-14.5632,-14.8448,0.1215
11.6400,dirt,0.715,0.850,0.2504,6.7029,0.0548,0.0700,1.0458,1.2566,-16.5146,-17.1713,-14.6630,-14.8507,0.1244
11.6520,dirt,0.715,0.850,0.2547,6.7485,0.0590,0.0705,1.1190,1.2207,-16.5352,-17.1834,-14.7270,-14.8878,0.1267
11.6640,dirt,0.715,0.850,0.2589,6.7331,0.0500,0.0705,1.2482,1.2988,-16.6410,-17.1187,-14.6879,-14.9927,0.1286
11.6760,dirt,0.715,0.850,0.2629,6.7628,0.1275,0.0745,2.1975,0.9492,-16.6680,-17.1431,-14.7090,-14.9663,0.1304
11.6880,dirt,0.715,0.850,0.2667,6.6956,0.0794,0.0785,1.1360,0.4688,-16.6430,-17.2269,-14.7492,-15.0211,0.1319
11.7000,dirt,0.715,0.850,0.2703,6.8203,0.1507,0.0837,1.2157,0.6981,-16.6551,-17.2695,-14.7546,-15.0712,0.1338
11.7120,dirt,0.715,0.850,0.2737,6.7532,0.0506,0.0895,1.3235,0.8672,-16.6878,-17.2863,-14.6981,-15.1245,0.1362
11.7240,dirt,0.715,0.850,0.2769,6.7933,0.1066,0.0943,1.4989,0.7717,-16.7435,-17.2735,-14.7993,-15.1498,0.1379
11.7360,dirt,0.715,0.850,0.2799,6.8342,0.0017,0.0961,1.4902,1.1725,-16.7851,-17.3111,-14.9702,-15.2016,0.1388
11.7480,dirt,0.715,0.850,0.2827,6.8150,0.1049,0.0890,1.1069,0.9992,-16.8241,-17.3223,-15.0443,-15.1394,0.1398
11.7600,dirt,0.715,0.850,0.2853,6.8529,0.0711,0.0915,1.6025,0.5875,-16.8361,-17.3800,-14.9710,-15.2522,0.1415
11.7720,dirt,0.715,0.850,0.2877,6.8803,0.0565,0.0958,1.2939,1.1492,-16.9010,-17.3594,-14.9846,-15.2674,0.1433
11.7840,dirt,0.715,0.850,0.2899,6.9111,0.1075,0.1006,1.1844,0.6959,-16.9550,-17.3185,-14.9605,-15.3291,0.1442
11.7960,dirt,0.715,0.850,0.2919,7.0132,0.1045,0.1066,1.6558,0.7557,-16.9823,-17.3480,-14.9715,-15.3788,0.1446
11.8080,dirt,0.715,0.850,0.2936,6.9134,0.1615,0.1072,1.2824,0.5669,-17.0044,-17.4364,-15.0406,-15.3798,0.1454
11.8200,dirt,0.715,0.850,0.2952,6.9340,0.0926,0.1039,1.0249,1.2707,-17.0040,-17.4390,-15.2178,-15.3303,0.1469
11.8320,dirt,0.715,0.850,0.2965,6.9496,0.1484,0.1036,1.0358,1.2579,-17.0202,-17.4070,-15.2277,-15.3952,0.1483
11.8440,dirt,0.715,0.850,0.2976,7.0003,0.1132,0.1076,1.3452,0.9169,-17.0382,-17.4360,-15.2624,-15.4150,0.1486
11.8560,dirt,0.715,0.850,0.2985,7.1197,0.1402,0.1118,1.0838,0.8416,-17.1029,-17.4017,-15.1696,-15.5305,0.1483
11.8680,dirt,0.715,0.850,0.2992,7.0907,0.1109,0.1176,1.1231,0.1462,-17.1664,-17.4226,-15.1074,-15.6149,0.1483
11.8800,dirt,0.715,0.850,0.2997,7.0992,0.0761,0.1193,0.9096,1.0233,-17.2049,-17.4162,-15.1893,-15.5305,0.1492
11.8920,dirt,0.715,0.850,0.3000,7.0006,0.0449,0.1192,1.6781,1.4309,-17.1959,-17.4909,-15.2545,-15.5736,0.1502
11.9040,dirt,0.715,0.850,0.3000,7.0065,0.0196,0.1140,1.3510,1.9844,-17.2057,-17.5073,-15.3152,-15.7488,0.1501
11.9160,dirt,0.715,0.850,0.2998,7.0781,0.1366,0.1174,1.2514,0.9266,-17.2187,-17.5176,-15.4014,-15.7092,0.1491
11.9280,dirt,0.715,0.850,0.2994,7.0411,0.1956,0.1205,1.0016,0.5415,-17.2042,-17.5839,-15.3762,-15.7529,0.1487
11.9400,dirt,0.715,0.850,0.2988,7.1634,0.0333,0.1241,1.2815,0.4976,-17.2149,-17.5941,-15.2649,-15.8438,0.1490
11.9520,dirt,0.715,0.850,0.2980,7.0802,0.1713,0.1313,1.0726,1.0403,-17.2969,-17.5652,-15.3409,-15.7954,0.1492
11.9640,dirt,0.715,0.850,0.2969,7.1245,0.1746,0.1296,1.3720,1.1900,-17.3042,-17.6172,-15.4093,-15.8384,0.1485
11.9760,dirt,0.715,0.850,0.2956,7.0826,0.1972,0.1262,1.2097,1.3424,-17.3071,-17.6644,-15.5141,-15.8912,0.1474
11.9880,dirt,0.715,0.850,0.2942,7.1847,0.1301,0.1284,1.2788,0.8945,-17.3181,-17.6667,-15.5731,-15.9543,0.1467
12.0000,dirt,0.715,0.850,0.2925,7.2321,0.1814,0.1298,1.1178,0.8435,-17.3722,-17.6551,-15.5454,-15.9407,0.1465
12.0120,dirt,0.715,0.850,0.2906,7.1134,0.1064,0.1340,0.9848,0.7476,-17.4330,-17.7168,-15.4472,-15.9623,0.1456
12.0240,dirt,0.715,0.850,0.2885,7.1551,0.1010,0.1350,0.9904,0.7642,-17.5084,-17.7627,-15.5289,-15.8466,0.1442
12.0360,dirt,0.715,0.850,0.2861,7.2223,0.1211,0.1339,1.0545,1.2250,-17.5391,-17.7918,-15.6461,-16.0456,0.1432
12.0480,dirt,0.715,0.850,0.2836,7.1404,0.0276,0.1289,1.4077,0.7612,-17.5436,-17.7679,-15.7919,-16.0385,0.1424
12.0600,dirt,0.715,0.850,0.2809,7.2992,0.0925,0.1348,1.1846,0.6363,-17.5671,-17.7578,-15.7868,-16.1296,0.1410
12.0720,dirt,0.715,0.850,0.2779,7.2515,0.0581,0.1377,1.6190,1.0107,-17.5798,-17.7863,-15.7041,-16.1564,0.1391
12.0840,dirt,0.715,0.850,0.2748,7.2040,0.1059,0.1385,1.4322,0.7834,-17.6028,-17.8482,-15.6503,-16.1728,0.1379
12.0960,dirt,0.715,0.850,0.2714,7.3201,0.1861,0.1384,1.4142,1.2278,-17.6888,-17.8135,-15.7460,-16.1434,0.1369
12.1080,dirt,0.715,0.850,0.2679,7.3004,0.0357,0.1381,0.8865,0.9870,-17.7743,-17.7401,-15.8845,-16.2807,0.1345
12.1200,dirt,0.715,0.850,0.2642,7.3761,0.0219,0.1370,0.9325,0.6435,-17.7340,-17.7578,-15.9330,-16.3403,0.1321
12.1320,dirt,0.715,0.850,0.2603,7.3033,0.1476,0.1400,0.9907,0.9232,-17.7555,-17.7642,-15.8025,-16.3608,0.1308
12.1440,dirt,0.715,0.850,0.2561,7.1948,0.1297,0.1402,1.1494,1.4509,-17.7885,-17.8057,-15.8557,-16.2915,0.1292
12.1560,dirt,0.715,0.850,0.2518,7.3877,0.1098,0.1354,1.0878,0.4938,-17.8436,-17.8148,-15.8928,-16.3012,0.1268
12.1680,dirt,0.715,0.850,0.2474,7.3071,0.0528,0.1335,1.1061,0.4887,-17.8734,-17.8398,-15.9969,-16.3783,0.1243
12.1800,dirt,0.715,0.850,0.2427,7.3740,0.0255,0.1346,1.0568,0.8506,-17.8672,-17.8694,-16.0574,-16.4593,0.1221
12.1920,dirt,0.715,0.850,0.2379,7.3811,0.1446,0.1344,1.4724,0.8352,-17.8506,-17.9177,-15.9561,-16.4603,0.1200
12.2040,dirt,0.715,0.850,0.2329,7.5704,0.0831,0.1341,1.3640,1.6436,-17.8859,-17.9835,-15.9317,-16.4661,0.1178
12.2160,dirt,0.715,0.850,0.2277,7.4218,0.1046,0.1293,0.9742,1.2999,-17.9216,-17.9981,-16.0341,-16.4591,0.1154
12.2280,dirt,0.715,0.850,0.2223,7.3376,0.0999,0.1315,0.8228,0.7079,-17.9464,-18.0110,-16.2007,-16.5519,0.1126
12.2400,dirt,0.715,0.850,0.2168,7.4549,0.1730,0.1302,1.0105,0.5230,-17.9539,-18.0183,-16.2541,-16.6030,0.1097
12.2520,dirt,0.715,0.850,0.2112,7.4929,0.1835,0.1298,1.0720,0.8760,-17.9623,-18.0839,-16.1913,-16.5030,0.1069
12.2640,dirt,0.715,0.850,0.2054,7.3851,0.0325,0.1260,1.1098,0.9265,-17.9643,-18.1042,-16.1423,-16.5167,0.1045
12.2760,dirt,0.715,0.850,0.1994,7.5127,0.1507,0.1219,0.8464,0.9598,-18.0006,-18.1505,-16.2453,-16.5688,0.1017
12.2880,dirt,0.715,0.850,0.1933,7.5025,0.1048,0.1252,1.0564,0.5321,-18.0371,-18.1160,-16.3238,-16.7075,0.0983
12.3000,dirt,0.715,0.850,0.1870,7.5849,0.1309,0.1249,1.1197,0.6765,-18.0389,-18.1289,-16.3048,-16.6865,0.0952
12.3120,dirt,0.715,0.850,0.1807,7.5426,0.1451,0.1244,1.2261,0.5126,-18.0221,-18.1718,-16.2434,-16.6469,0.0929
12.3240,dirt,0.715,0.850,0.1741,7.4781,0.1147,0.1203,1.0657,1.1600,-18.0010,-18.2995,-16.2867,-16.6957,0.0902
12.3360,dirt,0.715,0.850,0.1675,7.5259,0.0981,0.1221,1.0362,0.4095,-17.9991,-18.3176,-16.4175,-16.8038,0.0862
12.3480,dirt,0.715,0.850,0.1607,7.5786,0.0496,0.1209,1.1602,0.5434,-18.0120,-18.2949,-16.4477,-16.8170,0.0825
12.3600,dirt,0.715,0.850,0.1539,7.5675,0.0507,0.1171,0.7280,0.8891,-18.0336,-18.3495,-16.3993,-16.7794,0.0793
12.3720,dirt,0.715,0.850,0.1469,7.5353,0.1899,0.1169,1.2996,0.5721,-18.0590,-18.3666,-16.4324,-16.8036,0.0765
12.3840,dirt,0.715,0.850,0.1398,7.6294,0.1175,0.1145,0.8525,0.4690,-18.0672,-18.3870,-16.6022,-16.8365,0.0735
12.3960,dirt,0.715,0.850,0.1326,7.6527,0.0313,0.1135,0.9990,0.7699,-18.0890,-18.3869,-16.5815,-16.9586,0.0696
12.4080,dirt,0.715,0.850,0.1253,7.6120,0.0820,0.1112,0.7048,0.6859,-18.1575,-18.3815,-16.5331,-16.9190,0.0648
12.4200,dirt,0.715,0.850,0.1179,7.7071,0.0743,0.1097,0.9534,0.8745,-18.2249,-18.4424,-16.4954,-16.9040,0.0610
12.4320,dirt,0.715,0.850,0.1104,7.5871,-0.0513,0.1073,0.7946,0.6040,-18.2553,-18.4511,-16.5924,-17.0024,0.0584
12.4440,dirt,0.715,0.850,0.1029,7.7383,0.0058,0.1064,0.8013,0.6007,-18.3049,-18.4133,-16.6608,-17.0516,0.0551
12.4560,dirt,0.715,0.850,0.0953,7.7079,0.0983,0.1071,1.2394,0.5265,-18.3064,-18.4894,-16.5587,-16.9863,0.0505
12.4680,dirt,0.715,0.850,0.0876,7.6326,0.0767,0.0983,1.0163,0.6726,-18.3236,-18.5116,-16.6203,-16.9749,0.0463
12.4800,dirt,0.715,0.850,0.0798,7.7675,0.0130,0.0979,0.8503,0.0633,-18.2511,-18.5487,-16.7353,-17.1216,0.0423
12.4920,dirt,0.715,0.850,0.0720,7.7503,0.0592,0.0971,1.0908,0.4375,-18.2783,-18.5895,-16.7604,-17.0813,0.0386
12.5040,dirt,0.715,0.850,0.0641,7.6833,0.0747,0.0937,1.0049,0.7528,-18.3839,-18.6026,-16.7377,-17.0444,0.0353
12.5160,dirt,0.715,0.850,0.0562,7.7543,0.0561,0.0903,1.1380,0.1785,-18.4092,-18.6210,-16.7264,-17.1536,0.0314
12.5280,dirt,0.715,0.850,0.0483,7.7135,0.0785,0.0886,0.8919,0.2042,-18.4433,-18.6863,-16.9137,-17.1641,0.0270
12.5400,dirt,0.715,0.850,0.0403,7.6405,0.0675,0.0846,0.9554,0.6574,-18.4526,-18.6710,-16.9236,-17.1155,0.0229
12.5520,dirt,0.715,0.850,0.0323,7.7650,0.0576,0.0782,1.2506,0.4659,-18.4493,-18.6871,-16.8361,-17.1045,0.0195
12.5640,dirt,0.715,0.850,0.0242,7.7821,0.0594,0.0774,0.5455,0.1322,-18.4590,-18.7223,-16.8901,-17.2035,0.0163
12.5760,dirt,0.715,0.850,0.0161,7.8697,-0.0089,0.0766,1.0140,0.1944,-18.4444,-18.7507,-17.0380,-17.2685,0.0108
12.5880,dirt,0.715,0.850,0.0081,7.7787,0.0488,0.0730,1.1481,0.4283,-18.4199,-18.6727,-16.9624,-17.2788,0.0067
12.6000,dirt,0.715,0.850,-0.0000,7.7984,0.0619,0.0677,0.8791,0.2601,-18.4197,-18.7677,-16.9438,-17.2455,0.0044
12.6120,dirt,0.715,0.850,-0.0081,7.7232,0.0569,0.0643,0.7422,0.3082,-18.4599,-18.8170,-17.0433,-17.3355,-0.0001
12.6240,dirt,0.715,0.850,-0.0161,7.8068,0.0303,0.0656,0.7260,0.6570,-18.5010,-18.7959,-17.1311,-17.2680,-0.0051
12.6360,dirt,0.715,0.850,-0.0242,7.9218,0.0920,0.0579,0.7606,0.6030,-18.5389,-18.8756,-17.0535,-17.2690,-0.0090
12.6480,dirt,0.715,0.850,-0.0323,7.8947,-0.0234,0.0528,0.7502,0.1856,-18.5443,-18.9573,-17.1148,-17.3460,-0.0126
12.6600,dirt,0.715,0.850,-0.0403,7.9321,0.0018,0.0523,0.9101,0.1814,-18.5187,-18.9588,-17.2739,-17.3709,-0.0162
12.6720,dirt,0.715,0.850,-0.0483,7.9064,-0.0180,0.0486,0.8181,0.2464,-18.5055,-18.9626,-17.2571,-17.3831,-0.0207
12.6840,dirt,0.715,0.850,-0.0562,7.9385,-0.0096,0.0464,1.0799,-0.3232,-18.5547,-19.0166,-17.1476,-17.3734,-0.0248
12.6960,dirt,0.715,0.850,-0.0641,7.9328,0.0546,0.0435,0.8925,-0.2080,-18.5563,-19.0591,-17.2374,-17.4863,-0.0287
12.7080,dirt,0.715,0.850,-0.0720,7.9900,-0.0135,0.0393,1.1994,-0.1223,-18.5114,-19.0499,-17.3147,-17.4312,-0.0321
12.7200,dirt,0.715,0.850,-0.0798,7.9317,0.0007,0.0333,0.8347,0.1730,-18.5311,-19.1152,-17.2479,-17.4156,-0.0361
12.7320,dirt,0.715,0.850,-0.0876,7.9025,0.0601,0.0339,0.7322,-0.3452,-18.5457,-19.1784,-17.3118,-17.5586,-0.0406
12.7440,dirt,0.715,0.850,-0.0953,7.9751,0.0171,0.0333,0.8349,-0.4062,-18.4811,-19.2126,-17.4519,-17.5462,-0.0447
12.7560,dirt,0.715,0.850,-0.1029,7.9150,-0.0085,0.0275,1.0988,-0.1527,-18.5397,-19.2414,-17.3817,-17.5036,-0.0479
12.7680,dirt,0.715,0.850,-0.1104,7.9597,-0.0543,0.0212,0.7535,-0.0241,-18.5821,-19.3098,-17.4132,-17.5463,-0.0508
12.7800,dirt,0.715,0.850,-0.1179,7.9192,-0.0170,0.0197,1.0066,0.0737,-18.6298,-19.2486,-17.5134,-17.5492,-0.0548
12.7920,dirt,0.715,0.850,-0.1253,7.9151,-0.0836,0.0164,0.8577,-0.1677,-18.6225,-19.2785,-17.5595,-17.5054,-0.0593
12.8040,dirt,0.715,0.850,-0.1326,8.0478,0.0570,0.0121,0.8107,-0.0208,-18.6704,-19.2906,-17.5053,-17.5489,-0.0631
12.8160,dirt,0.715,0.850,-0.1398,8.0173,-0.0951,0.0080,0.8569,-0.3813,-18.6458,-19.2769,-17.5793,-17.6845,-0.0664
12.8280,dirt,0.715,0.850,-0.1469,7.9841,-0.0259,0.0034,1.0336,-0.2119,-18.6135,-19.2894,-17.6709,-17.6460,-0.0692
12.8400,dirt,0.715,0.850,-0.1539,8.0813,-0.0326,-0.0033,0.9524,-0.0085,-18.6617,-19.3318,-17.6047,-17.5903,-0.0727
12.8520,dirt,0.715,0.850,-0.1607,8.0314,0.0324,-0.0052,0.9631,-0.0434,-18.6948,-19.3660,-17.6405,-17.7011,-0.0768
12.8640,dirt,0.715,0.850,-0.1675,8.0638,-0.0592,-0.0053,0.8307,-0.1243,-18.6551,-19.3336,-17.6673,-17.7713,-0.0809
12.8760,dirt,0.715,0.850,-0.1741,8.1205,0.0185,-0.0087,1.0490,-0.2759,-18.6726,-19.3971,-17.7063,-17.7292,-0.0839
12.8880,dirt,0.715,0.850,-0.1807,8.2036,-0.0584,-0.0179,0.9260,-0.2294,-18.6591,-19.4584,-17.7659,-17.7801,-0.0864
12.9000,dirt,0.715,0.850,-0.1870,8.1151,-0.1481,-0.0193,0.6728,-0.4620,-18.6127,-19.4737,-17.8028,-17.8388,-0.0895
12.9120,dirt,0.715,0.850,-0.1933,8.0846,-0.0362,-0.0224,1.1885,-0.4756,-18.6675,-19.5226,-17.7271,-17.7701,-0.0927
12.9240,dirt,0.715,0.850,-0.1994,8.0833,-0.0924,-0.0238,0.8613,-0.3418,-18.6533,-19.6255,-17.7786,-17.8248,-0.0963
12.9360,dirt,0.715,0.850,-0.2054,8.1171,-0.1027,-0.0291,1.0814,-0.2150,-18.7211,-19.6000,-17.8735,-17.8345,-0.0994
12.9480,dirt,0.715,0.850,-0.2112,8.1026,-0.1048,-0.0357,0.6788,-0.1147,-18.7049,-19.5590,-17.9377,-17.7664,-0.1018
12.9600,dirt,0.715,0.850,-0.2168,8.2491,-0.1380,-0.0391,0.7235,-0.7073,-18.7518,-19.5921,-17.9099,-17.7924,-0.1046
12.9720,dirt,0.715,0.850,-0.2223,8.2607,0.0255,-0.0400,1.0274,-0.6199,-18.7898,-19.5874,-17.9792,-17.9020,-0.1074
12.9840,dirt,0.715,0.850,-0.2277,8.1392,-0.1772,-0.0438,0.7040,-0.1819,-18.7800,-19.5352,-17.9653,-17.9039,-0.1101
12.9960,dirt,0.715,0.850,-0.2329,8.2132,-0.1102,-0.0494,0.9989,-0.7880,-18.7749,-19.5486,-17.9792,-17.9225,-0.1130
13.0080,dirt,0.715,0.850,-0.2379,8.1839,-0.0200,-0.0574,0.7051,-0.6036,-18.7753,-19.5693,-18.0571,-17.9273,-0.1156
13.0200,dirt,0.715,0.850,-0.2427,8.1922,-0.0622,-0.0600,0.8518,-0.2065,-18.7594,-19.6152,-18.0794,-17.9668,-0.1179
13.0320,dirt,0.715,0.850,-0.2474,8.2381,-0.0102,-0.0605,0.7955,-0.4651,-18.7315,-19.5949,-18.0992,-17.9563,-0.1200
13.0440,dirt,0.715,0.850,-0.2518,8.2296,-0.0118,-0.0647,0.4972,-0.3119,-18.7572,-19.6381,-18.1242,-17.9701,-0.1221
13.0560,dirt,0.715,0.850,-0.2561,8.2047,-0.0981,-0.0689,0.7083,-0.4256,-18.7982,-19.6335,-18.1012,-18.0595,-0.1245
13.0680,dirt,0.715,0.850,-0.2603,8.2393,0.0526,-0.0714,0.8780,-0.5413,-18.8016,-19.5895,-18.1614,-17.9973,-0.1267
13.0800,dirt,0.715,0.850,-0.2642,8.2797,0.0161,-0.0725,0.6294,-0.9443,-18.8116,-19.5632,-18.2107,-18.0453,-0.1286
13.0920,dirt,0.715,0.850,-0.2679,8.2824,-0.0458,-0.0788,0.8453,-0.6683,-18.8633,-19.6100,-18.1966,-18.0425,-0.1305
13.1040,dirt,0.715,0.850,-0.2714,8.2616,0.1004,-0.0796,0.5731,0.1049,-18.8152,-19.6539,-18.2558,-18.0310,-0.1325
13.1160,dirt,0.715,0.850,-0.2748,8.3174,-0.0773,-0.0829,0.9117,-0.6729,-18.6899,-19.6990,-18.2120,-18.0862,-0.1341
13.1280,dirt,0.715,0.850,-0.2779,8.3172,-0.0969,-0.0856,0.5561,-0.3844,-18.7072,-19.7226,-18.3430,-18.0470,-0.1358
13.1400,dirt,0.715,0.850,-0.2809,8.3608,-0.1124,-0.0895,0.5069,-0.8211,-18.7604,-19.7590,-18.2562,-18.0485,-0.1372
13.1520,dirt,0.715,0.850,-0.2836,8.3108,-0.0650,-0.0878,0.6069,-0.9908,-18.7137,-19.8260,-18.2939,-18.0194,-0.1383
13.1640,dirt,0.715,0.850,-0.2861,8.2782,-0.0359,-0.0878,0.8923,-0.6385,-18.6628,-19.7709,-18.3172,-18.1042,-0.1394
13.1760,dirt,0.715,0.850,-0.2885,8.3801,0.0100,-0.0894,0.7084,-0.8260,-18.7313,-19.7169,-18.3824,-18.0903,-0.1409
13.1880,dirt,0.715,0.850,-0.2906,8.3580,-0.0489,-0.0947,0.7873,-0.9319,-18.7768,-19.7020,-18.2826,-18.1521,-0.1423
13.2000,dirt,0.715,0.850,-0.2925,8.3695,-0.1062,-0.0953,0.4614,-0.7874,-18.7587,-19.7205,-18.3970,-18.1130,-0.1430
13.2120,dirt,0.715,0.850,-0.2942,8.3676,-0.0539,-0.0986,0.8261,-0.3732,-18.6733,-19.7123,-18.4171,-18.1614,-0.1435
13.2240,dirt,0.715,0.850,-0.2956,8.3048,-0.0778,-0.0996,0.8310,-0.5014,-18.7171,-19.7214,-18.3321,-18.2061,-0.1446
13.2360,dirt,0.715,0.850,-0.2969,8.3846,-0.1324,-0.1001,0.6057,-0.6038,-18.7468,-19.7237,-18.3975,-18.1601,-0.1456
13.2480,dirt,0.715,0.850,-0.2980,8.4400,-0.0435,-0.1036,0.7850,-0.5802,-18.7597,-19.7071,-18.4391,-18.2001,-0.1462
13.2600,dirt,0.715,0.850,-0.2988,8.3845,-0.1305,-0.1070,0.2839,-0.8362,-18.7031,-19.6764,-18.4311,-18.1971,-0.1464
13.2720,dirt,0.715,0.850,-0.2994,8.2941,-0.0602,-0.1068,0.5783,-1.0882,-18.7460,-19.6743,-18.4731,-18.2060,-0.1466
13.2840,dirt,0.715,0.850,-0.2998,8.3792,-0.0926,-0.1101,0.8760,-0.7595,-18.7528,-19.6740,-18.5390,-18.2445,-0.1471
13.2960,dirt,0.715,0.850,-0.3000,8.3948,-0.1005,-0.1130,0.7095,-0.9470,-18.7445,-19.6888,-18.5243,-18.2672,-0.1475
13.3080,dirt,0.715,0.850,-0.3000,8.4891,-0.1657,-0.1145,0.7487,-0.9991,-18.6735,-19.6958,-18.5288,-18.2540,-0.1474
13.3200,dirt,0.715,0.850,-0.2997,8.4681,-0.1017,-0.1141,0.5674,-0.8794,-18.7204,-19.6670,-18.5759,-18.2706,-0.1471
13.3320,dirt,0.715,0.850,-0.2992,8.4209,-0.1221,-0.1160,0.5371,-0.9356,-18.7375,-19.6914,-18.5830,-18.2828,-0.1471
13.3440,dirt,0.715,0.850,-0.2985,8.4237,-0.0475,-0.1154,0.2622,-1.3054,-18.7927,-19.6907,-18.5934,-18.2125,-0.1470
13.3560,dirt,0.715,0.850,-0.2976,8.4412,-0.0065,-0.1199,0.4890,-1.2277,-18.7363,-19.6840,-18.6751,-18.2284,-0.1465
13.3680,dirt,0.715,0.850,-0.2965,8.3522,-0.1323,-0.1185,0.4084,-1.0657,-18.7674,-19.6716,-18.6380,-18.3008,-0.1458
13.3800,dirt,0.715,0.850,-0.2952,8.4925,-0.0412,-0.1186,0.3023,-0.6050,-18.7909,-19.6998,-18.6665,-18.2410,-0.1455
13.3920,dirt,0.715,0.850,-0.2936,8.4802,-0.0068,-0.1190,0.3065,-1.4246,-18.7709,-19.7621,-18.6600,-18.2346,-0.1450
13.4040,dirt,0.715,0.850,-0.2919,8.4940,-0.1465,-0.1188,0.4685,-1.4669,-18.7004,-19.8064,-18.6635,-18.3281,-0.1440
13.4160,dirt,0.715,0.850,-0.2899,8.4651,-0.0824,-0.1184,0.4392,-0.9225,-18.7655,-19.6540,-18.6480,-18.3335,-0.1426
13.4280,dirt,0.715,0.850,-0.2877,8.4447,-0.1246,-0.1205,0.3055,-0.9774,-18.8379,-19.6884,-18.6298,-18.3205,-0.1415
13.4400,dirt,0.715,0.850,-0.2853,8.5211,-0.0019,-0.1194,0.3059,-1.0946,-18.8028,-19.7572,-18.7054,-18.3895,-0.1408
13.4520,dirt,0.715,0.850,-0.2827,8.3788,-0.1106,-0.1202,0.4541,-1.0287,-18.7526,-19.7624,-18.7346,-18.4302,-0.1399
13.4640,dirt,0.715,0.850,-0.2799,8.5277,-0.0688,-0.1247,0.6848,-0.7961,-18.7821,-19.6810,-18.6839,-18.4350,-0.1378
13.4760,dirt,0.715,0.850,-0.2769,8.4559,-0.0428,-0.1240,0.7396,-0.6954,-18.8681,-19.6715,-18.7512,-18.3612,-0.1364
13.4880,dirt,0.715,0.850,-0.2737,8.5590,-0.0613,-0.1243,0.7333,-1.4424,-18.8395,-19.7332,-18.7567,-18.4021,-0.1357
13.5000,dirt,0.715,0.850,-0.2703,8.5820,-0.0628,-0.1228,0.5597,-1.3253,-18.7994,-19.7512,-18.7104,-18.4640,-0.1343
13.5120,dirt,0.715,0.850,-0.2667,8.5270,-0.1312,-0.1256,0.4997,-1.2698,-18.7111,-19.8120,-18.7499,-18.4329,-0.1319
13.5240,dirt,0.715,0.850,-0.2629,8.5250,-0.1496,-0.1242,0.5574,-0.6197,-18.7999,-19.7168,-18.8650,-18.4396,-0.1294
13.5360,dirt,0.715,0.850,-0.2589,8.4431,-0.0509,-0.1237,0.5917,-0.9272,-18.8101,-19.7717,-18.8859,-18.4395,-0.1278
13.5480,dirt,0.715,0.850,-0.2547,8.4120,-0.0379,-0.1197,0.3325,-1.0820,-18.8367,-19.7584,-18.7180,-18.5404,-0.1265
13.5600,dirt,0.715,0.850,-0.2504,8.5060,-0.0551,-0.1191,0.0509,-0.9502,-18.8388,-19.7578,-18.8103,-18.3702,-0.1242
13.5720,dirt,0.715,0.850,-0.2458,8.4741,-0.1134,-0.1192,0.6092,-1.1154,-18.7626,-19.7682,-18.8576,-18.4617,-0.1217
13.5840,dirt,0.715,0.850,-0.2411,8.5454,-0.1140,-0.1196,0.3363,-0.5731,-18.8240,-19.7076,-18.8359,-18.4964,-0.1192
13.5960,dirt,0.715,0.850,-0.2362,8.5899,-0.0415,-0.1191,0.3639,-1.0240,-18.8606,-19.7276,-18.7317,-18.4874,-0.1171
13.6080,dirt,0.715,0.850,-0.2312,8.5552,-0.1301,-0.1187,0.3578,-0.6066,-18.9003,-19.7423,-18.8230,-18.4311,-0.1147
13.6200,dirt,0.715,0.850,-0.2259,8.5088,0.0162,-0.1201,0.4766,-0.7845,-18.7728,-19.8051,-18.8960,-18.4628,-0.1123
13.6320,dirt,0.715,0.850,-0.2205,8.6010,-0.0412,-0.1230,0.3890,-1.2876,-18.7214,-19.8487,-18.8702,-18.5439,-0.1096
13.6440,dirt,0.715,0.850,-0.2150,8.5608,-0.0405,-0.1186,0.4657,-1.1769,-18.8114,-19.7022,-18.7949,-18.5459,-0.1063
13.6560,dirt,0.715,0.850,-0.2093,8.6032,-0.0695,-0.1157,0.2370,-0.9845,-18.8844,-19.6929,-18.9395,-18.4819,-0.1036
13.6680,dirt,0.715,0.850,-0.2034,8.5236,-0.1266,-0.1151,0.7523,-0.8514,-18.9132,-19.7175,-18.8926,-18.5536,-0.1016
13.6800,dirt,0.715,0.850,-0.1974,8.5942,-0.0918,-0.1141,0.5688,-1.0214,-18.8434,-19.7694,-18.8804,-18.5968,-0.0987
13.6920,dirt,0.715,0.850,-0.1912,8.5787,-0.0263,-0.1137,0.3368,-1.0303,-18.8864,-19.7540,-18.9106,-18.5550,-0.0952
13.7040,dirt,0.715,0.850,-0.1849,8.6850,-0.0999,-0.1128,0.7168,-0.2183,-18.9032,-19.6682,-19.0214,-18.4792,-0.0915
13.7160,dirt,0.715,0.850,-0.1785,8.5619,-0.1181,-0.1124,0.5812,-0.2806,-18.8982,-19.6990,-18.9447,-18.5834,-0.0886
13.7280,dirt,0.715,0.850,-0.1720,8.5660,-0.1119,-0.1105,0.5485,-0.7210,-18.9372,-19.6785,-18.9126,-18.6642,-0.0861
13.7400,dirt,0.715,0.850,-0.1653,8.6424,-0.0847,-0.1064,0.2704,-1.1278,-18.9632,-19.6692,-18.9222,-18.6846,-0.0830
13.7520,dirt,0.715,0.850,-0.1585,8.5560,-0.1031,-0.1079,0.3164,-0.7813,-18.8747,-19.7371,-19.0223,-18.5585,-0.0793
13.7640,dirt,0.715,0.850,-0.1516,8.5753,-0.0014,-0.1047,0.2152,-0.9764,-18.9421,-19.7235,-18.9788,-18.6465,-0.0754
13.7760,dirt,0.715,0.850,-0.1445,8.7386,-0.0728,-0.1033,0.5419,-0.8127,-18.9958,-19.6580,-18.9420,-18.7444,-0.0719
13.7880,dirt,0.715,0.850,-0.1374,8.6574,-0.0458,-0.0972,0.1662,-1.0303,-18.9642,-19.6673,-19.0025,-18.7306,-0.0690
13.8000,dirt,0.715,0.850,-0.1302,8.6740,-0.1269,-0.0986,0.4859,-0.3698,-18.9317,-19.7183,-18.9537,-18.6517,-0.0658
13.8120,dirt,0.715,0.850,-0.1228,8.5224,-0.1187,-0.0986,0.2381,-0.8365,-18.8826,-19.7672,-18.9444,-18.6739,-0.0620
13.8240,dirt,0.715,0.850,-0.1154,8.6211,-0.1055,-0.0993,0.6686,-0.2277,-18.9600,-19.7623,-19.0568,-18.6988,-0.0575
13.8360,dirt,0.715,0.850,-0.1079,8.5792,-0.0445,-0.0954,0.4338,0.1720,-19.0234,-19.6516,-19.0306,-18.7308,-0.0535
13.8480,dirt,0.715,0.850,-0.1004,8.7081,-0.1243,-0.0871,0.6575,-0.2426,-19.0327,-19.7040,-18.9344,-18.7659,-0.0508
13.8600,dirt,0.715,0.850,-0.0927,8.6777,-0.0460,-0.0856,0.4378,-0.0152,-19.0580,-19.7700,-18.9583,-18.7419,-0.0476
13.8720,dirt,0.715,0.850,-0.0850,8.7028,-0.0358,-0.0850,0.4228,-0.5512,-18.9222,-19.8161,-19.0655,-18.7563,-0.0435
13.8840,dirt,0.715,0.850,-0.0772,8.7104,-0.0294,-0.0848,0.3403,-0.7508,-18.8983,-19.8220,-18.9904,-18.8265,-0.0390
13.8960,dirt,0.715,0.850,-0.0694,8.6044,-0.0143,-0.0785,0.1092,-0.3822,-18.9759,-19.6867,-18.9205,-18.8883,-0.0349
13.9080,dirt,0.715,0.850,-0.0615,8.6767,-0.0297,-0.0726,0.4602,-0.6066,-19.0337,-19.7133,-18.9808,-18.7823,-0.0315
13.9200,dirt,0.715,0.850,-0.0536,8.6293,-0.0582,-0.0718,0.4034,-1.1047,-19.0481,-19.7757,-19.0543,-18.7771,-0.0287
13.9320,dirt,0.715,0.850,-0.0456,8.7433,-0.0224,-0.0749,0.5862,-0.5588,-19.0130,-19.8369,-19.0122,-18.8109,-0.0253
13.9440,dirt,0.715,0.850,-0.0376,8.7699,-0.0477,-0.0712,0.4224,-0.6819,-19.0291,-19.8286,-18.9868,-18.8935,-0.0198
13.9560,dirt,0.715,0.850,-0.0296,8.6526,-0.0038,-0.0696,0.3091,-0.4372,-19.0171,-19.7742,-18.9690,-18.9186,-0.0148
13.9680,dirt,0.715,0.850,-0.0215,8.6623,0.0279,-0.0613,0.3052,0.1705,-19.0364,-19.7527,-19.0403,-18.7983,-0.0115
13.9800,dirt,0.715,0.850,-0.0135,8.6845,-0.0505,-0.0604,0.3058,-0.1678,-19.0666,-19.7667,-19.0296,-18.8728,-0.0087
13.9920,dirt,0.715,0.850,-0.0054,8.7440,0.0350,-0.0583,0.5167,-0.1617,-19.0683,-19.7517,-19.0763,-18.8971,-0.0046
14.0040,dirt,0.715,0.850,0.0027,8.6196,0.0014,-0.0564,0.3764,-0.4332,-19.0184,-19.7599,-19.0324,-18.9609,-0.0003
14.0160,dirt,0.715,0.850,0.0108,8.6698,-0.0029,-0.0529,0.0868,-0.6139,-19.0456,-19.7560,-18.9910,-18.9783,0.0038
14.0280,dirt,0.715,0.850,0.0188,8.8398,0.0380,-0.0437,0.2375,-0.3633,-19.1406,-19.6473,-19.0362,-18.9096,0.0078
14.0400,dirt,0.715,0.850,0.0269,8.7164,0.0024,-0.0437,0.3528,0.1440,-19.1424,-19.6376,-19.0848,-18.9076,0.0112
14.0520,dirt,0.715,0.850,0.0349,8.7331,0.0008,-0.0454,0.5686,-0.6972,-19.1067,-19.6761,-19.1119,-18.9766,0.0157
14.0640,dirt,0.715,0.850,0.0429,8.6589,-0.0170,-0.0423,0.7371,-0.4868,-19.0491,-19.7040,-19.0035,-19.0745,0.0207
14.0760,dirt,0.715,0.850,0.0509,8.7592,-0.1539,-0.0383,0.3245,0.0806,-19.0793,-19.6609,-18.9909,-19.0726,0.0244
14.0880,dirt,0.715,0.850,0.0589,8.8306,-0.0442,-0.0278,0.3343,0.6333,-19.1646,-19.5534,-19.0845,-18.9660,0.0280
14.1000,dirt,0.715,0.850,0.0668,8.6938,-0.0339,-0.0262,0.3747,0.3966,-19.2280,-19.5274,-19.0901,-19.0141,0.0315
14.1120,dirt,0.715,0.850,0.0746,8.7229,-0.0953,-0.0258,0.3058,0.0737,-19.2626,-19.5354,-19.1011,-19.0571,0.0353
14.1240,dirt,0.715,0.850,0.0824,8.7774,0.0367,-0.0206,0.3641,0.0016,-19.1562,-19.5847,-19.0952,-19.1232,0.0394
14.1360,dirt,0.715,0.850,0.0901,8.7604,-0.0352,-0.0191,0.3134,-0.2053,-19.1408,-19.5964,-19.0147,-19.1919,0.0435
14.1480,dirt,0.715,0.850,0.0978,8.7890,0.0685,-0.0107,0.1761,0.2076,-19.2442,-19.5006,-19.0553,-19.0723,0.0475
14.1600,dirt,0.715,0.850,0.1054,8.8072,-0.0019,-0.0076,0.3444,0.7634,-19.2986,-19.4543,-19.1365,-19.0708,0.0513
14.1720,dirt,0.715,0.850,0.1129,8.7450,0.0789,-0.0066,0.3219,-0.4809,-19.2499,-19.4950,-19.1302,-19.1302,0.0545
14.1840,dirt,0.715,0.850,0.1204,8.7581,0.0210,-0.0008,1.0906,-0.0855,-19.2227,-19.5011,-19.0661,-19.2220,0.0587
14.1960,dirt,0.715,0.850,0.1277,8.7795,0.0624,0.0001,0.3249,0.0989,-19.2184,-19.5050,-19.0106,-19.2573,0.0621
14.2080,dirt,0.715,0.850,0.1350,8.7916,0.0364,0.0097,0.3419,1.0975,-19.2557,-19.4603,-19.1338,-19.0976,0.0655
14.2200,dirt,0.715,0.850,0.1422,8.7727,0.0225,0.0101,0.0479,0.7309,-19.2606,-19.4737,-19.1694,-19.0953,0.0690
14.2320,dirt,0.715,0.850,0.1492,8.8394,0.0358,0.0142,0.4909,0.1949,-19.2960,-19.4559,-19.1282,-19.2466,0.0721
14.2440,dirt,0.715,0.850,0.1562,8.8144,-0.0015,0.0152,0.2720,0.1430,-19.2121,-19.4829,-19.1703,-19.2962,0.0759
14.2560,dirt,0.715,0.850,0.1630,8.8422,0.0785,0.0210,0.2149,0.3318,-19.2019,-19.4055,-19.0890,-19.3358,0.0799
14.2680,dirt,0.715,0.850,0.1697,8.7465,0.0492,0.0318,0.2113,0.5864,-19.2580,-19.3628,-19.1240,-19.2733,0.0831
14.2800,dirt,0.715,0.850,0.1763,8.8474,0.1108,0.0298,0.2144,0.5322,-19.2454,-19.3912,-19.2003,-19.2188,0.0860
14.2920,dirt,0.715,0.850,0.1828,8.7573,0.0346,0.0332,0.3211,0.3857,-19.2471,-19.4007,-19.2466,-19.2304,0.0892
14.3040,dirt,0.715,0.850,0.1891,8.8389,0.0110,0.0384,0.3627,0.2790,-19.2062,-19.4314,-19.1683,-19.3219,0.0924
14.3160,dirt,0.715,0.850,0.1953,8.7696,0.0415,0.0441,-0.0193,0.5120,-19.2493,-19.4279,-19.0796,-19.3676,0.0953
14.3280,dirt,0.715,0.850,0.2014,8.8026,0.0936,0.0535,-0.1100,0.6989,-19.2987,-19.3730,-19.1414,-19.3507,0.0987
14.3400,dirt,0.715,0.850,0.2073,8.8709,0.1146,0.0538,0.1521,1.0594,-19.2784,-19.3925,-19.2373,-19.3034,0.1020
14.3520,dirt,0.715,0.850,0.2131,8.8391,0.0970,0.0567,0.1632,0.3916,-19.2555,-19.3954,-19.2388,-19.3195,0.1047
14.3640,dirt,0.715,0.850,0.2187,8.8403,-0.0027,0.0614,0.2627,0.3122,-19.2564,-19.3439,-19.2737,-19.3375,0.1072
14.3760,dirt,0.715,0.850,0.2241,8.8428,0.0433,0.0678,0.2368,0.5031,-19.2202,-19.3849,-19.1857,-19.4526,0.1097
14.3880,dirt,0.715,0.850,0.2294,8.8302,0.1314,0.0796,0.2518,0.5327,-19.2333,-19.4087,-19.0973,-19.4400,0.1123
14.4000,dirt,0.715,0.850,0.2345,8.8752,-0.0219,0.0804,0.1041,0.4365,-19.2079,-19.4192,-19.2466,-19.3455,0.1151
14.4120,dirt,0.715,0.850,0.2395,8.8706,0.0807,0.0798,0.1375,0.1597,-19.1647,-19.4045,-19.4219,-19.3773,0.1181
14.4240,dirt,0.715,0.850,0.2443,8.7889,-0.0026,0.0870,0.2417,0.3486,-19.1709,-19.3805,-19.3915,-19.4574,0.1205
14.4360,dirt,0.715,0.850,0.2489,8.8184,0.0911,0.0946,-0.0085,0.6372,-19.1990,-19.3987,-19.3637,-19.4650,0.1223
14.4480,dirt,0.715,0.850,0.2533,8.8233,0.1132,0.1014,0.1589,1.0164,-19.2103,-19.3776,-19.2406,-19.5153,0.1243
14.4600,dirt,0.715,0.850,0.2575,8.8393,0.0544,0.1033,0.1113,1.3906,-19.2056,-19.4058,-19.2388,-19.4911,0.1266
14.4720,dirt,0.715,0.850,0.2616,8.7773,-0.0030,0.1062,-0.0569,0.8682,-19.1868,-19.4278,-19.3327,-19.4754,0.1286
14.4840,dirt,0.715,0.850,0.2654,8.8587,0.0007,0.1084,0.0408,0.4362,-19.1822,-19.4079,-19.3458,-19.5162,0.1307
14.4960,dirt,0.715,0.850,0.2691,8.7749,0.1103,0.1124,0.2613,0.5584,-19.1478,-19.4476,-19.2940,-19.5661,0.1326
14.5080,dirt,0.715,0.850,0.2726,8.8632,0.0187,0.1204,0.1326,0.6832,-19.1603,-19.4473,-19.2465,-19.4645,0.1345
14.5200,dirt,0.715,0.850,0.2759,8.9013,0.0012,0.1174,-0.0365,1.8303,-19.2361,-19.3936,-19.2544,-19.5332,0.1364
14.5320,dirt,0.715,0.850,0.2789,8.9053,0.0553,0.1187,0.1726,1.3948,-19.2347,-19.3972,-19.3508,-19.5370,0.1378
14.5440,dirt,0.715,0.850,0.2818,8.8541,0.0194,0.1207,0.0180,0.8926,-19.2242,-19.4161,-19.3398,-19.5696,0.1386
14.5560,dirt,0.715,0.850,0.2845,8.9499,-0.0307,0.1265,0.2530,0.3470,-19.2151,-19.3874,-19.2842,-19.5901,0.1399
14.5680,dirt,0.715,0.850,0.2869,8.9269,0.0664,0.1309,0.2056,1.6828,-19.2496,-19.3733,-19.2461,-19.5455,0.1416
14.5800,dirt,0.715,0.850,0.2892,8.8287,0.0179,0.1298,0.2556,1.5731,-19.2682,-19.4068,-19.2047,-19.5735,0.1430
14.5920,dirt,0.715,0.850,0.2912,8.9477,0.0979,0.1288,0.0843,1.3152,-19.2928,-19.3906,-19.2422,-19.6050,0.1439
14.6040,dirt,0.715,0.850,0.2931,8.7820,0.0796,0.1301,0.3103,0.7440,-19.3376,-19.3317,-19.2586,-19.6384,0.1445
14.6160,dirt,0.715,0.850,0.2947,8.8528,-0.0444,0.1335,0.2967,1.1605,-19.3584,-19.3260,-19.2607,-19.5773,0.1451
14.6280,dirt,0.715,0.850,0.2961,8.8014,0.0867,0.1344,-0.0044,1.0178,-19.3517,-19.3407,-19.1397,-19.6152,0.1460
14.6400,dirt,0.715,0.850,0.2973,8.8470,0.0989,0.1311,0.1187,1.4920,-19.3579,-19.3345,-19.2033,-19.6150,0.1469
14.6520,dirt,0.715,0.850,0.2983,8.8672,0.0228,0.1309,0.1776,1.3054,-19.3559,-19.3103,-19.3380,-19.5810,0.1475
14.6640,dirt,0.715,0.850,0.2990,8.8632,0.1005,0.1346,0.0573,1.4508,-19.3686,-19.2783,-19.2241,-19.6315,0.1477
14.6760,dirt,0.715,0.850,0.2996,8.8829,0.0489,0.1366,0.0911,1.3389,-19.3660,-19.3007,-19.1666,-19.6349,0.1479
14.6880,dirt,0.715,0.850,0.2999,8.9131,0.0530,0.1347,0.1904,1.4486,-19.3970,-19.3183,-19.1867,-19.6067,0.1481
14.7000,dirt,0.715,0.850,0.3000,8.9194,0.0752,0.1326,0.2140,1.1301,-19.4426,-19.3001,-19.2617,-19.6369,0.1483
14.7120,dirt,0.715,0.850,0.2999,8.7934,0.1472,0.1339,0.1117,1.3461,-19.4201,-19.2732,-19.2690,-19.6392,0.1483
14.7240,dirt,0.715,0.850,0.2996,8.8958,0.0572,0.1347,0.1318,0.9846,-19.4198,-19.2798,-19.2945,-19.5353,0.1481
14.7360,dirt,0.715,0.850,0.2990,8.9603,0.1425,0.1352,0.1546,1.4216,-19.4195,-19.2553,-19.1913,-19.6413,0.1480
14.7480,dirt,0.715,0.850,0.2983,8.9717,0.0385,0.1320,0.1740,1.4747,-19.4106,-19.2528,-19.2224,-19.6438,0.1477
14.7600,dirt,0.715,0.850,0.2973,8.8752,0.0522,0.1343,0.3754,1.3908,-19.4227,-19.2464,-19.2962,-19.6104,0.1471
14.7720,dirt,0.715,0.850,0.2961,8.7942,0.0398,0.1364,0.3753,0.7550,-19.4283,-19.2586,-19.2074,-19.6491,0.1465
14.7840,dirt,0.715,0.850,0.2947,8.8966,0.0422,0.1364,0.0616,1.7154,-19.4863,-19.2248,-19.1356,-19.6846,0.1459
14.7960,dirt,0.715,0.850,0.2931,8.9777,0.0070,0.1334,0.1292,1.1849,-19.4427,-19.2500,-19.2231,-19.6580,0.1453
14.8080,dirt,0.715,0.850,0.2912,8.7345,0.0505,0.1350,0.0168,1.2318,-19.4171,-19.2732,-19.2626,-19.6424,0.1446
14.8200,dirt,0.715,0.850,0.2892,8.8279,0.0487,0.1333,0.0686,0.8378,-19.4156,-19.2756,-19.1684,-19.6981,0.1435
14.8320,dirt,0.715,0.850,0.2869,8.8262,0.1063,0.1332,0.0484,1.7585,-19.4183,-19.2799,-19.1411,-19.6537,0.1423
14.8440,dirt,0.715,0.850,0.2845,8.8668,0.1008,0.1335,0.0047,1.5898,-19.4413,-19.2602,-19.1816,-19.6682,0.1413
14.8560,dirt,0.715,0.850,0.2818,8.8847,0.0291,0.1348,0.2023,1.3742,-19.4738,-19.2298,-19.2621,-19.6883,0.1402
14.8680,dirt,0.715,0.850,0.2789,8.9139,0.0251,0.1326,0.1755,1.3003,-19.4689,-19.2479,-19.1698,-19.5826,0.1388
14.8800,dirt,0.715,0.850,0.2759,8.9257,0.0385,0.1306,-0.0439,1.5690,-19.5048,-19.2477,-19.1790,-19.6257,0.1370
14.8920,dirt,0.715,0.850,0.2726,8.8971,0.0520,0.1314,0.1166,1.0050,-19.4810,-19.2755,-19.2054,-19.6664,0.1354
14.9040,dirt,0.715,0.850,0.2691,8.8378,0.1616,0.1282,0.2009,0.8745,-19.4518,-19.3058,-19.2368,-19.6555,0.1339
14.9160,dirt,0.715,0.850,0.2654,8.9504,0.1074,0.1305,0.2712,1.2183,-19.4629,-19.3316,-19.1431,-19.5840,0.1325
14.9280,dirt,0.715,0.850,0.2616,8.8557,0.0402,0.1267,-0.0575,1.4270,-19.5087,-19.3000,-19.1678,-19.6660,0.1307
14.9400,dirt,0.715,0.850,0.2575,8.8927,0.1551,0.1278,-0.0279,1.1279,-19.5199,-19.2784,-19.2486,-19.6705,0.1284
14.9520,dirt,0.715,0.850,0.2533,8.9810,0.0687,0.1254,0.2486,1.4387,-19.4867,-19.2876,-19.2186,-19.6508,0.1260
14.9640,dirt,0.715,0.850,0.2489,8.8410,0.0344,0.1278,0.5025,1.3606,-19.4708,-19.3523,-19.0875,-19.6772,0.1239
14.9760,dirt,0.715,0.850,0.2443,8.9173,0.0112,0.1251,0.1931,1.1792,-19.4596,-19.3655,-19.1968,-19.6411,0.1224
14.9880,dirt,0.715,0.850,0.2395,8.9510,0.0331,0.1255,0.2976,1.2522,-19.4766,-19.3185,-19.2760,-19.6263,0.1205
15.0000,dirt,0.715,0.850,0.2345,8.8700,0.0324,0.1266,0.2117,1.1366,-19.4811,-19.3266,-19.2950,-19.5526,0.1176
15.0120,dirt,0.715,0.850,0.2294,8.9313,0.1381,0.1251,-0.0011,1.0479,-19.4490,-19.3472,-19.1799,-19.6849,0.1147
15.0240,dirt,0.715,0.850,0.2241,8.9053,0.0073,0.1248,0.0595,1.0047,-19.4071,-19.3484,-19.2587,-19.6808,0.1123
15.0360,dirt,0.715,0.850,0.2187,8.9868,-0.0074,0.1239,0.1641,0.6866,-19.3973,-19.3630,-19.2349,-19.6979,0.1101
15.0480,dirt,0.715,0.850,0.2131,8.9477,0.0548,0.1260,0.4113,1.0493,-19.4271,-19.3836,-19.1815,-19.5446,0.1075
15.0600,dirt,0.715,0.850,0.2073,8.9263,0.0908,0.1249,0.2566,1.3098,-19.4448,-19.3985,-19.2299,-19.6277,0.1048
15.0720,dirt,0.715,0.850,0.2014,8.9016,0.0628,0.1273,0.3238,1.3278,-19.4512,-19.3653,-19.3116,-19.6220,0.1019
15.0840,dirt,0.715,0.850,0.1953,8.9324,-0.0002,0.1247,0.5243,0.9919,-19.4184,-19.3592,-19.1932,-19.6734,0.0985
15.0960,dirt,0.715,0.850,0.1891,8.9394,0.1697,0.1204,0.0474,1.1747,-19.4180,-19.4071,-19.2050,-19.6921,0.0957
15.1080,dirt,0.715,0.850,0.1828,8.9421,0.0731,0.1214,0.1445,1.0231,-19.4247,-19.4109,-19.2791,-19.6663,0.0927
15.1200,dirt,0.715,0.850,0.1763,8.9871,-0.0003,0.1176,0.0720,1.3509,-19.4534,-19.4114,-19.2329,-19.7073,0.0897
15.1320,dirt,0.715,0.850,0.1697,8.9829,0.0087,0.1159,-0.1349,1.1782,-19.4804,-19.3942,-19.1697,-19.6921,0.0864
15.1440,dirt,0.715,0.850,0.1630,8.9630,0.0392,0.1160,0.0161,0.8942,-19.4789,-19.3815,-19.2741,-19.6744,0.0829
15.1560,dirt,0.715,0.850,0.1562,8.9722,0.0913,0.1165,0.1754,0.6461,-19.4748,-19.4016,-19.3378,-19.6459,0.0793
15.1680,dirt,0.715,0.850,0.1492,8.9191,-0.0096,0.1076,0.2373,1.0018,-19.5142,-19.3782,-19.1845,-19.6823,0.0757
15.1800,dirt,0.715,0.850,0.1422,8.9126,0.0729,0.1080,0.1490,0.6752,-19.4736,-19.4176,-19.2868,-19.6698,0.0724
15.1920,dirt,0.715,0.850,0.1350,8.9262,0.0973,0.1085,0.1134,0.7333,-19.4594,-19.4020,-19.3370,-19.5980,0.0690
15.2040,dirt,0.715,0.850,0.1277,8.9944,0.0910,0.1064,0.1341,0.9404,-19.4802,-19.4415,-19.2030,-19.6080,0.0654
15.2160,dirt,0.715,0.850,0.1204,8.9477,0.1039,0.1045,0.2529,1.0401,-19.5063,-19.4182,-19.2691,-19.6685,0.0619
15.2280,dirt,0.715,0.850,0.1129,8.9673,0.0394,0.1011,-0.1464,0.9114,-19.4681,-19.4244,-19.3313,-19.6439,0.0583
15.2400,dirt,0.715,0.850,0.1054,9.0208,0.0668,0.0972,0.1262,0.5593,-19.4807,-19.4296,-19.2502,-19.6094,0.0549
15.2520,dirt,0.715,0.850,0.0978,8.9826,0.0920,0.0991,0.2464,0.3203,-19.4422,-19.4215,-19.2654,-19.6638,0.0516
15.2640,dirt,0.715,0.850,0.0901,8.9298,0.0082,0.0990,0.1117,0.9386,-19.4469,-19.4149,-19.3713,-19.6431,0.0473
15.2760,dirt,0.715,0.850,0.0824,8.9075,0.0583,0.0953,-0.2263,0.2565,-19.4343,-19.4342,-19.2556,-19.6279,0.0432
15.2880,dirt,0.715,0.850,0.0746,9.0114,0.0024,0.0925,0.2723,0.0091,-19.3728,-19.4835,-19.2898,-19.6804,0.0396
15.3000,dirt,0.715,0.850,0.0668,8.9464,0.0542,0.0894,-0.0753,0.8238,-19.3965,-19.4636,-19.3586,-19.6468,0.0365
15.3120,dirt,0.715,0.850,0.0589,9.0043,0.0661,0.0862,0.1378,0.8673,-19.4209,-19.4624,-19.2902,-19.6104,0.0326
15.3240,dirt,0.715,0.850,0.0509,8.9049,0.1008,0.0847,0.0294,0.6604,-19.4662,-19.4552,-19.2902,-19.6752,0.0277
15.3360,dirt,0.715,0.850,0.0429,8.9999,0.0374,0.0842,0.1911,0.4215,-19.4905,-19.4556,-19.3855,-19.5859,0.0232
15.3480,dirt,0.715,0.850,0.0349,8.8721,0.0245,0.0765,0.0204,0.1947,-19.4601,-19.4413,-19.2938,-19.6785,0.0196
15.3600,dirt,0.715,0.850,0.0269,8.9978,0.1255,0.0772,0.0674,0.4624,-19.4407,-19.4914,-19.3566,-19.6642,0.0163
15.3720,dirt,0.715,0.850,0.0188,9.0025,0.0695,0.0729,0.1254,0.3507,-19.4465,-19.4792,-19.3699,-19.5778,0.0126
15.3840,dirt,0.715,0.850,0.0108,8.9481,0.1865,0.0732,0.4326,0.3196,-19.4434,-19.5038,-19.3201,-19.6354,0.0080
15.3960,dirt,0.715,0.850,0.0027,9.0068,0.0218,0.0686,0.0804,0.2552,-19.4507,-19.5343,-19.4224,-19.6231,0.0037
15.4080,dirt,0.715,0.850,-0.0054,8.9909,0.0217,0.0601,-0.0223,0.5394,-19.4494,-19.5168,-19.4568,-19.5328,-0.0004
15.4200,dirt,0.715,0.850,-0.0135,9.0450,0.1076,0.0619,0.1374,-0.0970,-19.4686,-19.5176,-19.3554,-19.5861,-0.0044
15.4320,dirt,0.715,0.850,-0.0215,9.0102,-0.0650,0.0570,-0.0109,0.1452,-19.4553,-19.5373,-19.4229,-19.6157,-0.0083
15.4440,dirt,0.715,0.850,-0.0296,8.9593,-0.0050,0.0531,0.1102,0.5115,-19.4379,-19.5694,-19.4862,-19.5639,-0.0118
15.4560,dirt,0.715,0.850,-0.0376,8.9869,-0.0918,0.0488,-0.1106,0.3792,-19.4683,-19.5289,-19.4007,-19.6434,-0.0155
15.4680,dirt,0.715,0.850,-0.0456,8.9979,-0.0147,0.0452,0.3233,0.0838,-19.4437,-19.5227,-19.4896,-19.5969,-0.0199
15.4800,dirt,0.715,0.850,-0.0536,8.9474,-0.0053,0.0406,-0.1144,-0.1347,-19.4197,-19.5586,-19.4166,-19.5782,-0.0245
15.4920,dirt,0.715,0.850,-0.0615,8.9519,0.0470,0.0362,-0.0963,0.0852,-19.4585,-19.5828,-19.4342,-19.6192,-0.0276
15.5040,dirt,0.715,0.850,-0.0694,8.9941,-0.1038,0.0357,0.2164,-0.0467,-19.4523,-19.5577,-19.5192,-19.5494,-0.0307
15.5160,dirt,0.715,0.850,-0.0772,9.0191,0.0275,0.0326,0.1409,0.0418,-19.4350,-19.5477,-19.4483,-19.6052,-0.0355
15.5280,dirt,0.715,0.850,-0.0850,9.0360,-0.0441,0.0267,0.1140,-0.4618,-19.4639,-19.5472,-19.4331,-19.6309,-0.0399
15.5400,dirt,0.715,0.850,-0.0927,8.8718,-0.0908,0.0227,0.2730,0.2545,-19.4355,-19.5850,-19.5696,-19.5462,-0.0432
15.5520,dirt,0.715,0.850,-0.1004,9.0477,0.0116,0.0213,0.0035,-0.1496,-19.3962,-19.6321,-19.5187,-19.6167,-0.0463
15.5640,dirt,0.715,0.850,-0.1079,9.0093,-0.0313,0.0164,0.2539,-0.0701,-19.4075,-19.6098,-19.5324,-19.6165,-0.0492
15.5760,dirt,0.715,0.850,-0.1154,9.0209,0.0621,0.0167,0.2719,-0.4302,-19.4313,-19.5792,-19.5589,-19.5251,-0.0549
15.5880,dirt,0.715,0.850,-0.1228,8.9982,0.0022,0.0069,-0.1777,-0.2455,-19.4357,-19.6026,-19.4924,-19.6042,-0.0587
15.6000,dirt,0.715,0.850,-0.1302,9.0042,-0.0672,0.0061,0.3187,0.4479,-19.4521,-19.5518,-19.5737,-19.5805,-0.0610
15.6120,dirt,0.715,0.850,-0.1374,8.9373,-0.0823,0.0013,0.0314,0.0768,-19.3964,-19.5595,-19.6121,-19.5768,-0.0651
15.6240,dirt,0.715,0.850,-0.1445,9.0885,-0.1189,-0.0038,0.1038,-0.1448,-19.3833,-19.5698,-19.5968,-19.5969,-0.0691
15.6360,dirt,0.715,0.850,-0.1516,8.9482,-0.0043,-0.0077,0.0838,-0.2825,-19.3404,-19.5940,-19.6610,-19.5675,-0.0720
15.6480,dirt,0.715,0.850,-0.1585,9.0988,-0.0267,-0.0135,0.0841,-0.1471,-19.3478,-19.6120,-19.6344,-19.5581,-0.0756
15.6600,dirt,0.715,0.850,-0.1653,9.0864,0.0055,-0.0132,-0.3074,-0.7601,-19.3470,-19.6403,-19.5767,-19.6350,-0.0798
15.6720,dirt,0.715,0.850,-0.1720,8.9701,-0.1829,-0.0178,-0.0742,-0.3403,-19.3435,-19.5926,-19.6871,-19.6106,-0.0828
15.6840,dirt,0.715,0.850,-0.1785,9.0220,-0.0856,-0.0225,0.0745,-0.6289,-19.3269,-19.5992,-19.5969,-19.6199,-0.0856
15.6960,dirt,0.715,0.850,-0.1849,9.0778,-0.0656,-0.0256,0.1558,-0.6812,-19.3755,-19.6131,-19.5814,-19.6424,-0.0885
15.7080,dirt,0.715,0.850,-0.1912,8.9968,-0.0769,-0.0349,-0.0051,-0.6554,-19.3461,-19.5921,-19.6733,-19.5204,-0.0919
15.7200,dirt,0.715,0.850,-0.1974,9.0347,-0.1183,-0.0369,-0.0796,-0.2786,-19.3770,-19.6114,-19.5910,-19.6143,-0.0955
15.7320,dirt,0.715,0.850,-0.2034,8.9330,-0.1109,-0.0404,0.2666,-0.2725,-19.4097,-19.6083,-19.6520,-19.6291,-0.0986
15.7440,dirt,0.715,0.850,-0.2093,9.0410,-0.1542,-0.0449,0.0080,-0.5284,-19.3273,-19.6237,-19.6840,-19.6012,-0.1015
15.7560,dirt,0.715,0.850,-0.2150,9.0365,-0.0728,-0.0486,-0.0046,-0.4037,-19.3467,-19.5930,-19.6964,-19.6414,-0.1041
15.7680,dirt,0.715,0.850,-0.2205,9.0016,-0.0668,-0.0571,0.0996,-0.1610,-19.4309,-19.5385,-19.6690,-19.6546,-0.1064
15.7800,dirt,0.715,0.850,-0.2259,8.9766,-0.1799,-0.0618,0.0771,-0.4616,-19.3579,-19.5503,-19.6383,-19.6487,-0.1092
15.7920,dirt,0.715,0.850,-0.2312,8.9458,0.0101,-0.0656,-0.0229,-0.6696,-19.3546,-19.5557,-19.7163,-19.7106,-0.1122
15.8040,dirt,0.715,0.850,-0.2362,8.9884,-0.0872,-0.0697,-0.2831,-0.4959,-19.4129,-19.5159,-19.6860,-19.6942,-0.1148
15.8160,dirt,0.715,0.850,-0.2411,8.9404,-0.1084,-0.0751,0.1143,-0.5995,-19.3395,-19.4939,-19.6958,-19.6797,-0.1175
15.8280,dirt,0.715,0.850,-0.2458,9.0654,-0.0765,-0.0855,-0.0287,-0.6426,-19.3133,-19.5389,-19.7222,-19.7441,-0.1200
15.8400,dirt,0.715,0.850,-0.2504,9.0276,-0.0301,-0.0896,0.0277,-0.3873,-19.3743,-19.5400,-19.6726,-19.6298,-0.1219
15.8520,dirt,0.715,0.850,-0.2547,8.9523,-0.0911,-0.0918,0.1234,-0.9096,-19.2957,-19.5460,-19.6997,-19.7018,-0.1237
15.8640,dirt,0.715,0.850,-0.2589,8.9764,-0.0914,-0.0973,0.0951,-0.2208,-19.2815,-19.5371,-19.7817,-19.7573,-0.1259
15.8760,dirt,0.715,0.850,-0.2629,8.9580,-0.0475,-0.0988,0.1232,-0.7592,-19.3457,-19.5074,-19.7457,-19.7343,-0.1281
15.8880,dirt,0.715,0.850,-0.2667,8.9755,-0.1326,-0.1053,-0.0822,-1.4026,-19.2468,-19.5096,-19.7753,-19.7370,-0.1303
15.9000,dirt,0.715,0.850,-0.2703,9.0112,-0.0415,-0.1099,0.0274,-0.6782,-19.2857,-19.5209,-19.8588,-19.5749,-0.1322
15.9120,dirt,0.715,0.850,-0.2737,9.0174,-0.1374,-0.1151,-0.0740,-1.0943,-19.3570,-19.5360,-19.7781,-19.6175,-0.1339
15.9240,dirt,0.715,0.850,-0.2769,8.9468,-0.1051,-0.1156,-0.0252,-0.5114,-19.2710,-19.5390,-19.8186,-19.6494,-0.1355
15.9360,dirt,0.715,0.850,-0.2799,9.0137,-0.0308,-0.1186,-0.2238,-0.8887,-19.2691,-19.5366,-19.8966,-19.6117,-0.1368
15.9480,dirt,0.715,0.850,-0.2827,8.8855,-0.0011,-0.1206,0.0995,-0.9277,-19.3297,-19.5538,-19.8117,-19.6607,-0.1381
15.9600,dirt,0.715,0.850,-0.2853,9.0840,-0.1139,-0.1209,0.1268,-0.7153,-19.2793,-19.5481,-19.8691,-19.6629,-0.1397
15.9720,dirt,0.715,0.850,-0.2877,9.0365,-0.1043,-0.1230,-0.1341,-1.5831,-19.2821,-19.5048,-19.8678,-19.5449,-0.1411
15.9840,dirt,0.715,0.850,-0.2899,8.9854,-0.0966,-0.1271,-0.0507,-1.2484,-19.3438,-19.5201,-19.9199,-19.5016,-0.1421
15.9960,dirt,0.715,0.850,-0.2919,8.9642,-0.0680,-0.1277,0.2721,-1.5716,-19.3213,-19.5655,-19.8220,-19.5839,-0.1428
16.0080,dirt,0.715,0.050,0.3620,9.0702,-0.0218,-0.1279,-0.0582,-1.2568,-19.2487,-19.5703,-19.8159,-19.6033,-0.1438
16.0200,dirt,0.715,0.050,0.3334,8.9011,-0.1663,-0.1494,-1.3251,0.7908,-18.4237,-18.7778,-19.1756,-18.7239,-0.1321
16.0320,dirt,0.715,0.050,0.3043,9.0112,-0.0385,-0.1450,-1.7827,-1.7130,-17.8537,-18.5847,-19.2149,-18.4446,-0.0990
16.0440,dirt,0.715,0.050,0.2747,8.9575,-0.0763,-0.1583,-2.2994,0.0151,-17.1267,-18.2502,-19.1269,-18.0169,-0.0447
16.0560,dirt,0.715,0.050,0.2447,8.9347,-0.0065,-0.1692,-1.2306,-0.8103,-16.5039,-17.9615,-19.0297,-17.6948,0.0258
16.0680,dirt,0.715,0.050,0.2143,8.9387,0.0417,-0.1649,-1.8007,-0.6672,-15.8362,-17.6088,-18.8177,-17.3466,0.1051
16.0800,dirt,0.715,0.050,0.1835,8.8930,-0.0989,-0.1439,-1.9509,-0.5371,-15.2817,-17.3421,-18.6525,-17.1344,0.1481
16.0920,dirt,0.715,0.050,0.1525,8.8492,0.0642,-0.1032,-1.4947,0.2012,-15.1241,-16.6439,-18.5138,-16.8865,0.1379
16.1040,dirt,0.715,0.050,0.1212,8.8120,0.0222,-0.0818,-2.7313,0.8108,-15.0691,-15.9310,-18.3194,-16.6623,0.1108
16.1160,dirt,0.715,0.050,0.0898,8.9094,-0.0179,-0.0694,-2.5580,1.0475,-15.0014,-15.3167,-18.0967,-16.4412,0.0838
16.1280,dirt,0.715,0.050,0.0582,8.7747,0.1155,-0.0552,-2.7280,0.3919,-14.8423,-14.8225,-17.9415,-16.1227,0.0546
16.1400,dirt,0.715,0.050,0.0265,8.7909,0.0885,-0.0478,-2.9465,0.3977,-14.7063,-14.3888,-17.6955,-15.8503,0.0240
16.1520,dirt,0.715,0.050,-0.0053,8.6857,0.0225,-0.0498,-2.5658,0.7180,-14.5192,-14.0038,-17.3447,-15.6729,0.0021
16.1640,dirt,0.715,0.050,-0.0370,8.6801,0.1255,-0.0516,-3.0952,0.3568,-14.2968,-13.7024,-17.1283,-15.4506,-0.0074
16.1760,dirt,0.715,0.050,-0.0687,8.7793,0.0968,-0.0519,-1.2365,-0.2566,-13.9608,-13.4974,-16.9463,-15.1930,-0.0182
16.1880,dirt,0.715,0.050,-0.1003,8.5933,0.0997,-0.0479,-2.6557,-0.2234,-13.7009,-13.2104,-16.6013,-15.0104,-0.0360
16.2000,dirt,0.715,0.050,-0.1317,8.6535,0.1065,-0.0503,-2.6987,-0.2981,-13.4518,-12.9416,-16.4075,-14.7005,-0.0563
16.2120,dirt,0.715,0.050,-0.1629,8.5981,0.1612,-0.0478,-3.1716,-0.0238,-13.2495,-12.6351,-16.1731,-14.3825,-0.0732
16.2240,dirt,0.715,0.050,-0.1938,8.5673,0.0892,-0.0496,-3.0828,-0.1917,-13.0125,-12.4162,-15.9487,-14.1602,-0.0840
16.2360,dirt,0.715,0.050,-0.2245,8.4845,0.0951,-0.0504,-3.4233,-1.1365,-12.6960,-12.1747,-15.7790,-13.8354,-0.0976
16.2480,dirt,0.715,0.050,-0.2547,8.5250,0.0576,-0.0528,-3.4065,-0.1189,-12.4747,-11.8873,-15.5328,-13.5550,-0.1152
16.2600,dirt,0.715,0.050,-0.2846,8.4311,0.1272,-0.0536,-3.2295,-0.1339,-12.2343,-11.6309,-15.3245,-13.3190,-0.1311
16.2720,dirt,0.715,0.050,-0.3141,8.5185,0.0256,-0.0538,-3.2598,0.0099,-11.9146,-11.3734,-15.2418,-13.0176,-0.1439
16.2840,dirt,0.715,0.050,-0.3430,8.3540,0.0434,-0.0516,-3.3841,-0.0543,-11.6038,-11.0892,-15.0849,-12.7301,-0.1593
16.2960,dirt,0.715,0.050,-0.3714,8.3299,0.1513,-0.0584,-3.0703,0.1784,-11.4050,-10.7095,-14.8573,-12.5233,-0.1727
16.3080,dirt,0.715,0.050,-0.3992,8.2018,0.1148,-0.0587,-3.0771,-0.6815,-11.1499,-10.4775,-14.7748,-12.2231,-0.1889
16.3200,dirt,0.715,0.050,-0.4264,8.3377,0.1234,-0.0600,-2.9865,-0.2660,-10.8455,-10.2661,-14.6265,-11.9862,-0.2019
16.3320,dirt,0.715,0.050,-0.4529,8.2717,0.0517,-0.0640,-3.5728,-0.8346,-10.6448,-9.9015,-14.4454,-11.7390,-0.2147
16.3440,dirt,0.715,0.050,-0.4787,8.1534,0.2188,-0.0710,-3.5695,-0.5642,-10.4088,-9.5458,-14.3011,-11.4720,-0.2258
16.3560,dirt,0.715,0.050,-0.5038,8.2234,0.1649,-0.0647,-2.9166,-0.4398,-10.1475,-9.3007,-14.2000,-11.2058,-0.2394
16.3680,dirt,0.715,0.050,-0.5281,8.1795,0.0423,-0.0722,-3.5777,-0.4754,-9.8595,-9.0712,-14.0712,-10.9481,-0.2510
16.3800,dirt,0.715,0.050,-0.5515,8.0758,0.0937,-0.0728,-2.5377,-1.6117,-9.5825,-8.7242,-13.9241,-10.7227,-0.2604
16.3920,dirt,0.715,0.050,-0.5740,8.0216,0.0979,-0.0736,-3.2526,-0.5946,-9.3119,-8.4613,-13.8342,-10.4356,-0.2699
16.4040,dirt,0.715,0.050,-0.5957,7.8641,0.1640,-0.0723,-3.6164,-1.0039,-9.0333,-8.1582,-13.6905,-10.2046,-0.2827
16.4160,dirt,0.715,0.050,-0.6164,7.9041,0.0823,-0.0735,-3.2412,-1.0383,-8.6702,-7.9293,-13.4880,-9.8785,-0.2954
16.4280,dirt,0.715,0.050,-0.6362,7.8695,-0.0009,-0.0820,-3.6512,-0.7623,-8.4687,-7.5129,-13.3582,-9.6512,-0.3045
16.4400,dirt,0.715,0.050,-0.6549,7.8889,0.1562,-0.0848,-3.5885,-0.5167,-8.0829,-7.4217,-13.1336,-9.4282,-0.3125
16.4520,dirt,0.715,0.050,-0.6726,7.8884,0.1041,-0.0857,-3.4268,-0.2758,-5.7163,-4.9675,-10.6661,-7.0854,-0.3216
16.4640,dirt,0.715,0.050,-0.6893,7.7701,0.0773,-0.0848,-3.4221,-0.2818,-4.4847,-3.8318,-9.5441,-5.8713,-0.3301
16.4760,dirt,0.715,0.050,-0.7048,7.6065,0.0472,-0.0861,-3.0578,-1.0034,-4.1752,-3.2650,-9.2718,-5.3145,-0.3366
16.4880,dirt,0.715,0.050,-0.7193,7.5576,0.0122,-0.0878,-3.5852,0.3194,-3.8835,-3.1249,-9.0350,-5.1519,-0.3435
16.5000,dirt,0.715,0.050,-0.7326,7.7634,0.1729,-0.0845,-3.2844,-0.2336,-3.7521,-3.0515,-8.8769,-4.9190,-0.3498
16.5120,dirt,0.715,0.050,-0.7448,7.5945,0.1401,-0.0845,-3.3265,0.2563,-3.5556,-2.9747,-8.8480,-4.7309,-0.3566
16.5240,dirt,0.715,0.050,-0.7558,7.5850,0.0998,-0.0810,-2.4728,-0.0754,-3.3706,-2.8703,-8.8179,-4.5768,-0.3627
16.5360,dirt,0.715,0.050,-0.7656,7.5187,0.0766,-0.0871,-3.5359,0.5824,-3.2445,-2.8564,-8.6478,-4.5246,-0.3673
16.5480,dirt,0.715,0.050,-0.7742,7.3784,0.1390,-0.0916,-4.0640,-0.1832,-3.0640,-2.8491,-8.5815,-4.4644,-0.3716
16.5600,dirt,0.715,0.050,-0.7816,7.4948,0.1841,-0.0904,-3.4162,-0.2123,-2.8951,-2.7184,-8.4742,-4.3766,-0.3746
16.5720,dirt,0.715,0.050,-0.7877,7.3169,0.0858,-0.0931,-3.6443,-0.5327,-2.8617,-2.5179,-8.3566,-4.3087,-0.3778
16.5840,dirt,0.715,0.050,-0.7927,7.3792,0.1199,-0.0948,-3.8974,-0.0550,-2.6210,-2.5894,-8.2442,-4.2887,-0.3814
16.5960,dirt,0.715,0.050,-0.7963,7.2394,0.1851,-0.0942,-3.7747,-0.3085,-2.5312,-2.4607,-8.1197,-4.3178,-0.3839
16.6080,dirt,0.715,0.050,-0.7987,7.1701,0.0887,-0.0971,-3.6896,-0.1176,-2.3550,-2.3336,-8.0711,-4.2674,-0.3845
16.6200,dirt,0.715,0.050,-0.7999,7.1727,0.2250,-0.0968,-3.7794,-0.0431,-2.2519,-2.1769,-8.1279,-4.2372,-0.3848
16.6320,dirt,0.715,0.050,-0.7998,7.0670,0.2071,-0.0964,-3.7350,0.2919,-2.1565,-1.9964,-8.0890,-4.1934,-0.3856
16.6440,dirt,0.715,0.050,-0.7984,7.0658,0.2516,-0.0948,-3.8512,-0.2710,-1.9084,-2.1019,-8.1456,-4.2103,-0.3866
16.6560,dirt,0.715,0.050,-0.7958,7.1487,0.1113,-0.0966,-3.9277,-0.5589,-1.7935,-2.0188,-8.1246,-4.1061,-0.3853
16.6680,dirt,0.715,0.050,-0.7919,6.9927,0.1681,-0.0973,-3.7351,-0.5758,-1.7462,-1.8408,-8.0815,-3.9654,-0.3826
16.6800,dirt,0.715,0.050,-0.7868,6.9474,0.1680,-0.0969,-4.3036,-0.4341,-1.7366,-1.7251,-8.1427,-3.8260,-0.3803
16.6920,dirt,0.715,0.050,-0.7804,6.9407,0.2020,-0.0962,-4.0816,-0.1758,-1.6100,-1.5566,-8.1663,-3.8417,-0.3792
16.7040,dirt,0.715,0.050,-0.7729,6.8280,0.1244,-0.1004,-3.8294,-0.0877,-1.4542,-1.6171,-8.2055,-3.7563,-0.3765
16.7160,dirt,0.715,0.050,-0.7640,6.8464,0.2758,-0.0981,-3.8368,-0.3718,-1.3601,-1.5527,-8.1678,-3.5009,-0.3699
16.7280,dirt,0.715,0.050,-0.7540,6.8137,0.2942,-0.0939,-4.3149,-0.6402,-1.3009,-1.4616,-8.2515,-3.4041,-0.3647
16.7400,dirt,0.715,0.050,-0.7428,6.7765,0.1969,-0.0903,-3.9441,-0.2587,-1.1843,-1.3082,-8.2643,-3.2866,-0.3626
16.7520,dirt,0.715,0.050,-0.7305,6.6727,0.2195,-0.0916,-2.6919,-0.1451,-1.1672,-1.0305,-8.3572,-3.1516,-0.3590
16.7640,dirt,0.715,0.050,-0.7170,6.5922,0.2016,-0.0915,-3.8457,-0.2014,-1.0606,-1.0962,-8.3116,-3.0291,-0.3518
16.7760,dirt,0.715,0.050,-0.7023,6.5642,0.2444,-0.0917,-3.8006,-0.4356,-1.0113,-1.0236,-8.1974,-2.9503,-0.3434
16.7880,dirt,0.715,0.050,-0.6866,6.5832,0.2493,-0.0856,-3.4458,0.1185,-0.9606,-0.8960,-8.2224,-2.8377,-0.3364
16.8000,dirt,0.715,0.050,-0.6697,6.5119,0.2339,-0.0894,-3.5278,-0.7001,-0.8262,-0.8894,-8.0885,-2.7937,-0.3311
16.8120,dirt,0.715,0.050,-0.6518,6.5015,0.1878,-0.0887,-2.7131,-0.1284,-0.8181,-0.6686,-7.9928,-2.6732,-0.3231
16.8240,dirt,0.715,0.050,-0.6329,6.3448,0.2248,-0.0857,-4.6626,-1.3413,-0.7253,-0.6902,-7.9327,-2.5326,-0.3130
16.8360,dirt,0.715,0.050,-0.6130,6.4489,0.2268,-0.0819,-4.7836,-0.0399,-0.6194,-0.7485,-7.9104,-2.3079,-0.3041
16.8480,dirt,0.715,0.050,-0.5921,6.3119,0.1259,-0.0840,-3.7613,-0.7245,-0.4805,-0.7088,-7.7369,-2.2661,-0.2948
16.8600,dirt,0.715,0.050,-0.5703,6.3223,0.1427,-0.0814,-3.6152,-0.5371,-0.4516,-0.6207,-7.5828,-2.1738,-0.2841
16.8720,dirt,0.715,0.050,-0.5476,6.2199,0.2952,-0.0821,-2.6385,-0.2756,-0.4012,-0.4639,-7.3828,-2.0571,-0.2750
16.8840,dirt,0.715,0.050,-0.5241,6.1811,0.2583,-0.0808,-4.7987,-0.7705,-0.3718,-0.3586,-7.3459,-1.9464,-0.2637
16.8960,dirt,0.715,0.050,-0.4997,6.1355,0.2907,-0.0771,-4.0594,-0.1393,-0.3563,-0.3832,-7.2437,-1.9522,-0.2517
16.9080,dirt,0.715,0.050,-0.4745,6.1752,0.2205,-0.0736,-3.7017,-0.2976,-0.2034,-0.3881,-7.1000,-1.8447,-0.2401
16.9200,dirt,0.715,0.050,-0.4486,6.1284,0.1429,-0.0753,-3.9245,-0.3281,-0.1540,-0.3505,-6.9247,-1.7391,-0.2275
16.9320,dirt,0.715,0.050,-0.4219,6.0389,0.2589,-0.0738,-3.7222,0.0575,-0.0129,-1.0905,-6.7561,-1.6270,-0.2158
16.9440,dirt,0.715,0.050,-0.3946,6.0189,0.2249,-0.0762,-3.7647,-0.5368,0.1161,-0.8155,-6.6274,-1.4289,-0.2037
16.9560,dirt,0.715,0.050,-0.3667,5.9137,0.3003,-0.0743,-3.5669,-0.3687,0.2014,-0.7712,-6.4412,-1.3599,-0.1888
16.9680,dirt,0.715,0.050,-0.3382,5.9408,0.3561,-0.0707,-3.5908,-0.0493,-0.4263,-0.5065,-6.0962,-1.2815,-0.1730
16.9800,dirt,0.715,0.050,-0.3092,5.7919,0.2470,-0.0723,-3.1287,0.2586,-0.2503,-0.4358,-5.8604,-1.1174,-0.1608
16.9920,dirt,0.715,0.050,-0.2797,5.7458,0.2176,-0.0682,-4.2868,-0.4889,-0.2453,-0.4346,-5.7731,-0.9724,-0.1501
17.0040,dirt,0.715,0.050,-0.2497,5.7121,0.2079,-0.0770,-2.9922,-1.2561,0.0173,-1.1858,-5.5906,-0.8735,-0.1310
17.0160,dirt,0.715,0.050,-0.2194,5.6721,0.3055,-0.0729,-3.0378,-0.6540,0.1836,-0.9517,-5.3371,-0.8086,-0.1151
17.0280,dirt,0.715,0.050,-0.1887,5.6049,0.2658,-0.0673,-3.6118,-0.3226,-0.4953,-0.5961,-5.1555,-0.7627,-0.1015
17.0400,dirt,0.715,0.050,-0.1577,5.6363,0.4519,-0.0660,-3.9636,-0.3399,-0.3883,-0.5280,-4.9670,-0.5544,-0.0897
17.0520,dirt,0.715,0.050,-0.1265,5.4975,0.2777,-0.0692,-3.8028,0.3964,-0.3391,-0.4346,-4.7283,-0.5260,-0.0733
17.0640,dirt,0.715,0.050,-0.0950,5.4738,0.3059,-0.0686,-4.1165,-0.8580,-0.2362,-0.4194,-4.6319,-0.5610,-0.0566
17.0760,dirt,0.715,0.050,-0.0634,5.4002,0.2801,-0.0686,-4.5810,-0.3203,-0.2642,-0.3637,-4.4206,-0.4444,-0.0406
17.0880,dirt,0.715,0.050,-0.0317,5.4089,0.3040,-0.0640,-3.8458,-0.1087,-0.0985,-0.4369,-4.2269,-0.4150,-0.0264
17.1000,dirt,0.715,0.050,0.0000,5.2871,0.3163,-0.0638,-4.1099,-0.0173,-0.0883,-0.3773,-4.1875,-0.3271,-0.0095
17.1120,dirt,0.715,0.050,0.0317,5.4033,0.2927,-0.0650,-4.1138,-0.9066,0.1585,-1.0819,-3.8829,-0.2021,0.0057
17.1240,dirt,0.715,0.050,0.0634,5.2198,0.3125,-0.0632,-2.4445,-0.9835,-0.5362,-0.6143,-3.3610,-0.7701,0.0216
17.1360,dirt,0.715,0.050,0.0950,5.2858,0.4419,-0.0637,-4.5238,0.2276,-0.3923,-0.4465,-3.1469,-0.5622,0.0381
17.1480,dirt,0.715,0.050,0.1265,5.1354,0.3060,-0.0578,-4.4316,-0.4513,-0.1304,-1.1712,-2.9029,-0.3376,0.0524
17.1600,dirt,0.715,0.050,0.1577,5.1315,0.2038,-0.0592,-3.9070,0.0276,0.0464,-1.1557,-2.6790,-0.1565,0.0656
17.1720,dirt,0.715,0.050,0.1887,5.0638,0.2459,-0.0584,-3.7858,-0.7081,0.0194,-0.9606,-2.4588,-0.0197,0.0814
17.1840,dirt,0.715,0.050,0.2194,5.0218,0.2801,-0.0586,-3.7686,-0.5327,-0.0243,-0.8708,-2.0431,-0.6225,0.1021
17.1960,dirt,0.715,0.050,0.2497,5.0574,0.3669,-0.0607,-3.6040,-0.0631,0.0372,-0.7983,-1.6074,-0.5956,0.1174
17.2080,dirt,0.715,0.050,0.2797,4.9037,0.2998,-0.0544,-3.4190,-0.4230,-0.0363,-0.6189,-1.4442,-0.4441,0.1293
17.2200,dirt,0.715,0.050,0.3092,4.8638,0.3002,-0.0523,-3.7829,-0.6079,-0.0984,-0.5891,-1.1927,-0.1882,0.1379
17.2320,dirt,0.715,0.050,0.3382,4.7971,0.2324,-0.0538,-3.4509,0.0751,0.0195,-0.5273,-1.0973,-0.0146,0.1545
17.2440,dirt,0.715,0.050,0.3667,4.6702,0.2503,-0.0514,-3.6409,-0.5927,-0.0136,-0.3653,-0.6348,-0.7304,0.1726
17.2560,dirt,0.715,0.050,0.3946,4.7142,0.2715,-0.0459,-4.0929,-0.4029,0.0816,-0.2895,-0.3764,-0.4696,0.1840
17.2680,dirt,0.715,0.050,0.4219,4.6974,0.3286,-0.0508,-4.5167,0.4908,0.2512,-0.8652,-0.1030,-0.4515,0.1984
17.2800,dirt,0.715,0.050,0.4486,4.6430,0.2932,-0.0493,-3.7462,-0.2208,0.3099,-0.7132,-0.7026,0.0370,0.2142
17.2920,dirt,0.715,0.050,0.4745,4.6061,0.2870,-0.0475,-3.4505,0.2375,-0.1384,-0.8113,0.0105,-0.4645,0.2286
17.3040,dirt,0.715,0.050,0.4997,4.5731,0.2302,-0.0446,-3.1114,-0.4908,0.0893,-0.4727,-0.1096,-0.5679,0.2383
17.3160,dirt,0.715,0.050,0.5241,4.5204,0.3520,-0.0435,-3.7347,0.0747,0.1852,-0.1950,-0.5881,-0.0327,0.2485
17.3280,dirt,0.715,0.050,0.5476,4.4021,0.3396,-0.0362,-4.0149,-0.0100,-0.1327,-0.4984,0.0445,-0.3993,0.2596
17.3400,dirt,0.715,0.050,0.5703,4.4044,0.2259,-0.0380,-3.9678,-0.4826,0.1871,-0.1428,-0.0398,-0.6744,0.2718
17.3520,dirt,0.715,0.050,0.5921,4.3907,0.3520,-0.0394,-4.4553,-0.7553,-0.2329,-0.3157,-0.3480,-0.1266,0.2832
17.3640,dirt,0.715,0.050,0.6130,4.2694,0.2116,-0.0399,-3.7343,-0.5211,-0.3150,-0.4787,-0.4126,-0.2997,0.2928
17.3760,dirt,0.715,0.050,0.6329,4.2731,0.3642,-0.0379,-3.6129,-0.7470,0.1706,-0.7661,0.3442,-0.6760,0.3029
17.3880,dirt,0.715,0.050,0.6518,4.2919,0.3107,-0.0344,-4.5513,-0.2563,-0.3730,-0.0999,0.1811,-0.1722,0.3115
17.4000,dirt,0.715,0.050,0.6697,4.2212,0.2586,-0.0316,-4.3650,-0.6418,-0.5248,-0.3030,0.0767,-0.3126,0.3181
17.4120,dirt,0.715,0.050,0.6866,4.2051,0.2971,-0.0295,-3.3487,0.1583,0.0719,-0.6916,0.0453,-0.4360,0.3277
17.4240,dirt,0.715,0.050,0.7023,4.1156,0.3745,-0.0302,-3.2710,-0.0869,-0.0967,-0.7243,-0.5365,-0.3723,0.3373
17.4360,dirt,0.715,0.050,0.7170,4.0561,0.2594,-0.0305,-3.6504,-0.5831,-0.6003,0.0809,-0.1343,0.0878,0.3439
17.4480,dirt,0.715,0.050,0.7305,4.0188,0.2692,-0.0290,-3.7978,-0.2422,-0.0886,-0.2031,-0.0139,-0.2167,0.3488
17.4600,dirt,0.715,0.050,0.7428,3.9234,0.3127,-0.0281,-3.3519,-0.1147,-0.0615,-0.4120,-0.0663,-0.3650,0.3546
17.4720,dirt,0.715,0.050,0.7540,3.8736,0.2250,-0.0246,-3.4621,-0.4263,-0.2038,-0.5724,-0.0059,-0.5479,0.3627
17.4840,dirt,0.715,0.050,0.7640,3.8646,0.2755,-0.0265,-3.7812,-0.6591,0.2558,-0.7043,-0.0154,0.0528,0.3672
17.4960,dirt,0.715,0.050,0.7729,3.8566,0.3456,-0.0242,-3.7383,-0.3834,-0.0797,-0.1694,0.1033,-0.1202,0.3707
17.5080,dirt,0.715,0.050,0.7804,3.8096,0.2208,-0.0239,-3.9455,-0.2859,-0.4444,-0.1054,-0.6319,-0.0996,0.3735
17.5200,dirt,0.715,0.050,0.7868,3.7757,0.2765,-0.0198,-3.5571,-0.3194,-0.5146,-0.2899,0.0664,-0.2910,0.3773
17.5320,dirt,0.715,0.050,0.7919,3.6918,0.3220,-0.0202,-3.4935,0.0272,0.2314,-0.5391,-0.6133,-0.2321,0.3806
17.5440,dirt,0.715,0.050,0.7958,3.6337,0.2832,-0.0206,-3.8016,-0.1982,-0.0379,-0.4492,-0.5870,-0.2745,0.3832
17.5560,dirt,0.715,0.050,0.7984,3.5359,0.3005,-0.0197,-4.0822,-0.4356,-0.3133,-0.3998,0.3148,-0.6659,0.3844
17.5680,dirt,0.715,0.050,0.7998,3.5204,0.2823,-0.0186,-2.6863,0.2505,-0.2653,-0.4340,-0.5581,0.2158,0.3841
17.5800,dirt,0.715,0.050,0.7999,3.5547,0.1989,-0.0178,-3.1475,-0.4224,-0.2529,-0.6613,-0.1534,-0.6173,0.3847
17.5920,dirt,0.715,0.050,0.7987,3.4602,0.3704,-0.0173,-3.6711,-0.5284,0.0999,0.0136,-0.0102,-0.6074,0.3857
17.6040,dirt,0.715,0.050,0.7963,3.3702,0.1775,-0.0173,-3.9538,-0.3049,-0.0373,-0.0723,-0.2589,0.1355,0.3852
17.6160,dirt,0.715,0.050,0.7927,3.4986,0.3015,-0.0134,-2.9894,0.3867,-0.2561,-0.1335,-0.1665,0.0181,0.3829
17.6280,dirt,0.715,0.050,0.7877,3.3105,0.2008,-0.0148,-4.1981,-0.2524,-0.4152,-0.1442,-0.0031,-0.1693,0.3805
17.6400,dirt,0.715,0.050,0.7816,3.2818,0.2250,-0.0148,-4.0039,-0.2663,-0.5107,-0.1163,0.0578,-0.1266,0.3789
17.6520,dirt,0.715,0.050,0.7742,3.2853,0.1713,-0.0157,-3.4198,-0.5368,-0.5119,-0.1127,-0.5317,0.0269,0.3767
17.6640,dirt,0.715,0.050,0.7656,3.1731,0.1896,-0.0100,-3.9693,0.3716,-0.5528,-0.1338,-0.4112,-0.0627,0.3722
17.6760,dirt,0.715,0.050,0.7558,3.1581,0.2702,-0.0100,-3.6431,-0.5346,-0.7231,-0.0380,-0.1527,-0.1047,0.3680
17.6880,dirt,0.715,0.050,0.7448,3.0707,0.3357,-0.0102,-3.4837,0.0463,-0.0793,-0.0473,-0.0407,-0.2124,0.3633
17.7000,dirt,0.715,0.050,0.7326,3.0771,0.1438,-0.0066,-4.0810,-0.1261,-0.0676,-0.1852,0.1607,-0.3002,0.3582
17.7120,dirt,0.715,0.050,0.7193,3.1379,0.1758,-0.0052,-4.6351,0.0948,-0.1959,-0.2678,-0.5436,-0.0494,0.3533
17.7240,dirt,0.715,0.050,0.7048,2.9150,0.2571,-0.0062,-3.4662,-0.3825,-0.3987,-0.0570,-0.4383,-0.0927,0.3459
17.7360,dirt,0.715,0.050,0.6893,2.8880,0.2737,-0.0050,-4.1980,-0.2514,-0.4288,-0.1606,-0.4115,-0.1118,0.3378
17.7480,dirt,0.715,0.050,0.6726,2.8416,0.2615,-0.0054,-3.8354,-0.5259,-0.5893,-0.2133,-0.3035,-0.1738,0.3319
17.7600,dirt,0.715,0.050,0.6549,2.7901,0.1123,-0.0030,-4.0453,-0.2333,-0.6687,-0.2419,-0.0930,-0.3001,0.3250
17.7720,dirt,0.715,0.050,0.6362,2.7033,0.1885,0.0031,-3.7918,-0.0824,-0.7259,-0.2675,-0.0516,-0.2851,0.3163
17.7840,dirt,0.715,0.050,0.6164,2.7112,0.2101,-0.0016,-3.8447,0.0457,-0.0609,-0.4680,0.0720,-0.4001,0.3063
17.7960,dirt,0.715,0.050,0.5957,2.6226,0.2544,-0.0019,-4.4004,-0.0025,-0.0086,-0.5076,-0.6545,-0.1561,0.2966
17.8080,dirt,0.715,0.050,0.5740,2.6805,0.1948,-0.0016,-3.6723,0.1463,-0.8256,-0.1492,-0.2932,-0.2565,0.2887
17.8200,dirt,0.715,0.050,0.5515,2.6743,0.1393,0.0037,-3.8111,-0.2692,-0.1611,-0.4445,-0.0931,-0.2662,0.2767
17.8320,dirt,0.715,0.050,0.5281,2.5712,0.1186,0.0034,-3.9041,-0.4226,-0.3218,-0.3354,0.0454,-0.2436,0.2643
17.8440,dirt,0.715,0.050,0.5038,2.4938,0.1874,0.0057,-3.6219,0.0677,-0.4882,-0.1576,-0.6594,0.0842,0.2548
17.8560,dirt,0.715,0.050,0.4787,2.4464,0.1363,0.0079,-3.7455,0.4973,-0.4814,-0.2636,-0.6427,0.1078,0.2460
17.8680,dirt,0.715,0.050,0.4529,2.4564,0.1450,0.0093,-2.6416,0.7299,-0.6012,-0.2813,-0.5191,0.0684,0.2326
17.8800,dirt,0.715,0.050,0.4264,2.3753,0.1846,0.0062,-3.7310,-0.2146,-0.0287,-0.3729,-0.4063,-0.0130,0.2164
17.8920,dirt,0.715,0.050,0.3992,2.2779,0.0826,0.0081,-3.9709,-0.4469,-0.1778,-0.3265,-0.1853,-0.6612,0.2037
17.9040,dirt,0.715,0.050,0.3714,2.2775,0.1972,0.0117,-4.3526,0.2833,-0.8494,-0.2592,0.0158,-0.5999,0.1943
17.9160,dirt,0.715,0.050,0.3430,2.1966,0.1777,0.0082,-2.9625,0.0109,-0.3193,0.1702,0.2998,-0.6964,0.1808
17.9280,dirt,0.715,0.050,0.3141,2.1693,0.1926,0.0101,-4.8405,-0.8428,-0.4813,0.0802,-0.6362,0.2947,0.1634
17.9400,dirt,0.715,0.050,0.2846,2.1095,0.2228,0.0084,-4.2268,-0.0242,-0.7046,0.0467,-0.5586,0.3195,0.1481
17.9520,dirt,0.715,0.050,0.2547,2.0533,0.2006,0.0068,-3.5774,-0.3089,-0.7510,0.0558,0.0229,-0.5874,0.1343
17.9640,dirt,0.715,0.050,0.2245,2.0027,0.1998,0.0112,-3.0584,0.3476,-0.7979,0.0482,0.3001,-0.6092,0.1215
17.9760,dirt,0.715,0.050,0.1938,1.9685,0.1585,0.0100,-3.5225,-0.5559,-0.9124,0.1050,-0.3575,-0.2972,0.1082
17.9880,dirt,0.715,0.050,0.1629,1.9237,0.0085,0.0128,-3.7803,-0.4097,-0.9465,0.0555,-0.0074,-0.3847,0.0913
18.0000,dirt,0.715,0.050,0.1317,1.8409,0.1779,0.0182,-3.9565,-0.4761,-0.1029,-0.2687,-0.5997,-0.1502,0.0739
18.0120,dirt,0.715,0.050,0.1003,1.8312,0.1725,0.0163,-4.8590,-0.3002,-0.2799,-0.1575,-0.4451,-0.1084,0.0598
18.0240,dirt,0.715,0.050,0.0687,1.8449,0.1356,0.0156,-4.0942,0.1492,-0.2385,-0.3623,-0.2510,-0.0714,0.0463
18.0360,dirt,0.715,0.050,0.0370,1.7308,0.1436,0.0155,-4.5157,-0.2078,-0.5083,-0.3831,-0.1658,0.0013,0.0312
18.0480,dirt,0.715,0.050,0.0053,1.6692,0.1404,0.0157,-3.8712,-0.7501,-1.0383,0.3873,-0.2525,-0.0075,0.0142
18.0600,dirt,0.715,0.050,-0.0265,1.7110,0.1646,0.0197,-3.5387,0.5323,-0.9834,0.3324,-0.0812,0.0995,-0.0031
18.0720,dirt,0.715,0.050,-0.0582,1.6625,0.1157,0.0184,-4.5010,-0.2869,-0.3396,0.0290,-0.1527,0.1402,-0.0186
18.0840,dirt,0.715,0.050,-0.0898,1.5477,0.1819,0.0174,-4.0326,-0.1529,-0.4633,-0.1040,-0.1732,0.1545,-0.0321
18.0960,dirt,0.715,0.050,-0.1212,1.5656,0.2148,0.0198,-3.3904,-0.1233,-0.5500,-0.1345,0.1334,-0.6447,-0.0488
18.1080,dirt,0.715,0.050,-0.1525,1.4470,0.1466,0.0162,-4.1685,0.0454,-0.7199,0.0072,0.0207,0.1343,-0.0657
18.1200,dirt,0.715,0.050,-0.1835,1.4273,0.0800,0.0146,-3.9071,-0.5592,-0.9208,0.0458,0.3619,-0.6130,-0.0813
18.1320,dirt,0.715,0.050,-0.2143,1.3526,0.1436,0.0167,-3.7417,-0.4018,-0.7773,0.1394,-0.3177,-0.3402,-0.0972
18.1440,dirt,0.715,0.050,-0.2447,1.3304,0.0797,0.0177,-3.5192,0.1314,-0.7914,0.0695,-0.1483,-0.3090,-0.1114
18.1560,dirt,0.715,0.050,-0.2747,1.2785,0.1814,0.0114,-4.2430,-0.4397,-0.6623,0.0117,0.0982,-0.1632,-0.1247
18.1680,dirt,0.715,0.050,-0.3043,1.1869,0.1410,0.0126,-4.3458,-0.7341,-0.7349,0.1302,-0.5407,0.1736,-0.1391
18.1800,dirt,0.715,0.050,-0.3334,1.2302,0.0827,0.0140,-3.9440,0.0105,-0.7263,0.1075,-0.2044,-0.5461,-0.1571
18.1920,dirt,0.715,0.050,-0.3620,1.1169,0.1543,0.0134,-3.6850,-0.2131,-0.5874,0.0353,0.0765,-0.5707,-0.1703
18.2040,dirt,0.715,0.050,-0.3900,1.1249,0.1013,0.0093,-3.3981,-0.5840,-0.5574,0.0217,-0.5657,-0.2351,-0.1804
18.2160,dirt,0.715,0.050,-0.4174,1.0596,0.0900,0.0111,-3.6609,-0.8298,-0.3451,-0.2021,-0.5354,-0.0809,-0.1943
18.2280,dirt,0.715,0.050,-0.4442,1.0543,0.1413,0.0127,-4.8770,-0.2907,-0.4341,-0.3093,-0.3190,-0.0313,-0.2125
18.2400,dirt,0.715,0.050,-0.4702,0.9477,0.0736,0.0087,-3.4283,-0.1220,-0.3018,-0.5311,-0.0139,-0.0638,-0.2208
18.2520,dirt,0.715,0.050,-0.4955,0.9353,0.1127,0.0112,-3.5872,-1.0479,-0.6311,0.3210,-0.0496,0.1050,-0.2314
18.2640,dirt,0.715,0.050,-0.5201,1.0051,0.1509,0.0156,-4.2550,-0.2919,-0.5096,0.2624,0.3427,-0.7188,-0.2463
18.2760,dirt,0.715,0.050,-0.5438,0.8172,-0.0130,0.0125,-2.9423,0.4152,-0.4052,0.2443,-0.1382,-0.6476,-0.2594
18.2880,dirt,0.715,0.050,-0.5666,0.7622,0.0830,0.0065,-3.8780,-0.5320,-0.1766,0.1394,-0.0659,-0.4936,-0.2695
18.3000,dirt,0.715,0.050,-0.5886,0.7778,0.0224,0.0098,-3.2766,-0.2686,-0.0958,0.1387,0.1274,-0.4901,-0.2782
18.3120,dirt,0.715,0.050,-0.6096,0.6449,0.1207,0.0085,-3.9297,-0.3541,-0.0424,0.1337,-0.3253,-0.2300,-0.2896
18.3240,dirt,0.715,0.050,-0.6297,0.5809,0.0175,0.0098,-3.3763,0.1949,-0.5383,0.2615,-0.3072,-0.0879,-0.3003
18.3360,dirt,0.715,0.050,-0.6488,0.8061,0.1074,0.0075,-2.4334,-0.8519,-0.0846,-0.4498,-0.0888,0.1244,-0.3100
18.3480,dirt,0.715,0.050,-0.6668,0.5169,0.0269,0.0031,-3.5677,-0.2748,0.1002,-0.3815,-0.4400,-0.2306,-0.3171
18.3600,dirt,0.715,0.050,-0.6838,0.4760,0.0165,0.0048,-3.4997,0.0604,0.2350,-0.3482,-0.3465,0.0105,-0.3248
18.3720,dirt,0.715,0.050,-0.6998,0.4887,0.0220,0.0059,-3.4902,-0.8259,-0.5459,0.2755,-0.1059,-0.5752,-0.3336
18.3840,dirt,0.715,0.050,-0.7146,0.4603,0.0133,0.0046,-3.2568,-0.6812,0.1112,-0.4092,0.0920,-0.4356,-0.3416
18.3960,dirt,0.715,0.050,-0.7283,0.3197,0.0561,-0.0010,-2.6987,-0.8582,-0.3521,0.1804,-0.5213,-0.0522,-0.3472
18.4080,dirt,0.715,0.050,-0.7409,0.3350,-0.0293,0.0029,-3.4048,-1.4451,-0.0095,-0.1424,-0.1143,-0.6613,-0.3536
18.4200,dirt,0.715,0.050,-0.7523,0.3345,0.0003,0.0005,-3.6431,-1.4063,-0.0392,-0.4041,0.0911,-0.5209,-0.3596
18.4320,dirt,0.715,0.050,-0.7625,0.2374,0.0245,-0.0064,-2.4941,-0.6708,0.0572,-0.3863,-0.4662,-0.0234,-0.3658
18.4440,dirt,0.715,0.050,-0.7715,0.3376,-0.0400,-0.0078,-1.5409,-0.5681,0.0102,-0.2189,-0.4528,-0.0670,-0.3701
18.4560,dirt,0.715,0.050,-0.7793,0.1479,-0.0297,-0.0112,-1.7967,-0.7746,0.2578,-0.3640,0.0234,-0.1261,-0.3740
18.4680,dirt,0.715,0.050,-0.7858,0.2280,0.0210,-0.0085,-2.7019,-0.7383,0.2920,-0.4441,0.0281,-0.3082,-0.3767
18.4800,dirt,0.715,0.050,-0.7912,0.1982,-0.0376,-0.0095,-0.9682,-0.2601,0.0941,-0.2769,0.4742,-0.5876,-0.3789
18.4920,dirt,0.715,0.050,-0.7952,0.2483,-0.0933,-0.0128,-1.4659,0.3789,0.0965,-0.1206,0.5326,-0.5890,-0.3810
18.5040,dirt,0.715,0.050,-0.7981,0.1750,-0.0251,-0.0118,-2.1109,-0.6518,0.1532,-0.2301,0.4669,-0.5262,-0.3834
18.5160,dirt,0.715,0.050,-0.7996,0.1433,0.0232,-0.0106,-2.0146,-0.5842,0.2223,-0.1868,0.4423,-0.6085,-0.3846
18.5280,dirt,0.715,0.050,-0.8000,0.1996,-0.0489,-0.0053,-2.0244,-0.5156,0.2101,-0.2087,0.4272,-0.2061,-0.3853
18.5400,dirt,0.715,0.050,-0.7990,0.0849,-0.0576,-0.0104,-2.3151,-0.3598,0.6663,-0.3064,0.2442,-0.2091,-0.3853
18.5520,dirt,0.715,0.050,-0.7968,0.1275,-0.0102,-0.0137,-1.5771,0.2901,0.3492,-0.3436,0.6057,-0.5757,-0.3846
18.5640,dirt,0.715,0.050,-0.7934,0.1716,0.0065,-0.0124,0.5637,-0.6070,0.3382,-0.4652,0.4773,-0.1735,-0.3837
18.5760,dirt,0.715,0.050,-0.7886,0.1297,0.0009,-0.0042,-0.9464,0.3784,0.7507,-0.2603,0.7380,-0.1728,-0.3815
18.5880,dirt,0.715,0.050,-0.7827,0.1235,-0.0309,-0.0168,-0.6904,-0.3040,0.7981,-0.6032,0.6430,-0.2677,-0.3797
18.6000,dirt,0.715,0.050,-0.7755,0.0845,0.0422,-0.0123,-1.6012,-0.4629,0.5673,-0.1018,0.5150,-0.0038,-0.3767
18.6120,dirt,0.715,0.050,-0.7671,0.1049,-0.0655,-0.0116,-0.2181,0.0799,0.9156,-0.2615,0.7356,-0.4139,-0.3739
18.6240,dirt,0.715,0.050,-0.7575,0.0327,0.0062,-0.0112,-1.8637,-0.8415,0.2106,0.3391,0.6730,-0.1781,-0.3697
18.6360,dirt,0.715,0.050,-0.7467,0.0145,-0.0382,-0.0042,-1.7402,0.7870,0.8626,-0.5681,0.7869,-0.0604,-0.3658
18.6480,dirt,0.715,0.050,-0.7347,0.0114,-0.0445,-0.0087,-0.9020,-0.8292,0.8762,-0.1356,0.9808,-0.1159,-0.3597
18.6600,dirt,0.715,0.050,-0.7216,0.0101,-0.0219,-0.0067,-0.3343,0.5365,0.9711,-0.1165,-0.2490,0.4393,-0.3541
18.6720,dirt,0.715,0.050,-0.7073,-0.0798,0.0119,-0.0077,-0.2322,-0.8147,-0.0251,0.1997,0.0333,0.5449,-0.3486
18.6840,dirt,0.715,0.050,-0.6919,-0.1438,0.0727,-0.0092,2.0831,-0.6452,-0.1211,0.4363,-0.0295,-0.0240,-0.3393
18.6960,dirt,0.715,0.050,-0.6755,-0.1205,0.0626,-0.0153,-0.0914,-0.6388,0.1791,0.6603,0.6828,-0.6882,-0.3321
18.7080,dirt,0.715,0.050,-0.6579,0.0079,0.0162,-0.0093,-1.5589,-0.5998,0.2010,-0.1647,0.2689,-0.1138,-0.3264
18.7200,dirt,0.715,0.050,-0.6394,-0.0082,-0.0906,-0.0073,-0.1527,0.4119,0.8844,-0.2967,0.5524,0.1403,-0.3188
18.7320,dirt,0.715,0.050,-0.6198,-0.0081,-0.0615,-0.0120,0.3953,-0.7277,-0.0833,0.5191,0.1747,0.0184,-0.3061
18.7440,dirt,0.715,0.050,-0.5992,-0.0710,0.0164,-0.0091,-0.6851,-0.8071,-0.2019,0.6623,0.6243,0.1404,-0.2976
18.7560,dirt,0.715,0.050,-0.5777,-0.0671,-0.0277,-0.0118,-0.8435,2.3306,-0.3087,0.7587,1.0304,-0.6500,-0.2894
18.7680,dirt,0.715,0.050,-0.5553,-0.0939,-0.0840,-0.0078,-0.2196,0.0848,-0.2764,0.7578,0.3681,0.0154,-0.2802
18.7800,dirt,0.715,0.050,-0.5320,-0.0381,-0.1158,-0.0119,-0.2441,-0.4223,-0.2288,0.6020,0.7101,-0.5603,-0.2714
18.7920,dirt,0.715,0.050,-0.5079,-0.0872,-0.0663,-0.0133,0.5178,-0.1715,0.1886,-0.3845,0.7364,-0.0892,-0.2584
18.8040,dirt,0.715,0.050,-0.4830,-0.1591,-0.0367,-0.0144,-0.0556,-0.4842,0.1695,-0.3420,1.0449,0.0294,-0.2448
18.8160,dirt,0.715,0.050,-0.4573,-0.1188,0.0373,-0.0079,0.9473,0.1221,0.0661,0.2852,0.4585,0.0603,-0.2348
18.8280,dirt,0.715,0.050,-0.4309,-0.1685,0.0950,-0.0090,-0.2175,-1.0477,0.0954,0.5007,0.8868,-0.4778,-0.2210
18.8400,dirt,0.715,0.050,-0.4038,-0.0578,-0.0152,-0.0079,0.1479,-0.0750,0.1054,0.4940,0.9360,-0.3086,-0.2075
18.8520,dirt,0.715,0.050,-0.3761,-0.0882,0.0363,-0.0108,0.1840,-0.1801,0.2337,0.5872,0.8827,-0.1126,-0.1951
18.8640,dirt,0.715,0.050,-0.3478,-0.1753,-0.1014,-0.0148,-0.0321,-0.2146,0.0959,0.5091,0.9315,0.0585,-0.1806
18.8760,dirt,0.715,0.050,-0.3189,-0.1006,-0.0220,-0.0060,-0.9996,0.1820,0.1722,0.7075,-0.3858,0.4505,-0.1683
18.8880,dirt,0.715,0.050,-0.2896,-0.1354,0.0006,-0.0091,0.5926,-0.3780,-0.1900,0.4918,-0.2076,0.7359,-0.1561
18.9000,dirt,0.715,0.050,-0.2598,-0.1195,-0.0257,-0.0138,0.2098,-1.0348,-0.1537,0.6769,-0.0911,1.1092,-0.1410
18.9120,dirt,0.715,0.050,-0.2295,-0.1444,0.0137,-0.0140,0.7604,0.2559,0.4044,-0.1938,-0.0071,-0.0081,-0.1257
18.9240,dirt,0.715,0.050,-0.1990,-0.0826,-0.1181,-0.0113,2.5793,-0.2473,0.9768,-0.5451,0.0551,0.0624,-0.1095
18.9360,dirt,0.715,0.050,-0.1681,-0.0557,0.0158,-0.0110,2.4199,-0.8544,0.5658,0.1248,0.0594,-0.0835,-0.0936
18.9480,dirt,0.715,0.050,-0.1369,0.0298,-0.0490,-0.0125,0.5856,-0.0277,0.3691,0.2931,0.7653,-0.2052,-0.0808
18.9600,dirt,0.715,0.050,-0.1055,-0.0567,-0.0592,-0.0159,0.0631,-0.2688,0.7691,-0.4902,0.7299,-0.1282,-0.0663
18.9720,dirt,0.715,0.050,-0.0740,-0.0814,-0.0145,-0.0220,-0.1649,-0.0251,0.4914,-0.0080,0.5682,-0.0761,-0.0475
18.9840,dirt,0.715,0.050,-0.0423,-0.1286,0.0159,-0.0166,0.0780,0.0134,0.4876,0.1875,0.4426,0.0161,-0.0337
18.9960,dirt,0.715,0.050,-0.0106,-0.0262,-0.0769,-0.0093,-0.9913,-0.1631,0.5492,0.1564,0.4926,-0.2428,-0.0227
19.0080,dirt,0.715,0.050,0.0212,-0.0945,0.0236,-0.0156,-0.1869,0.1790,0.7039,-0.4935,0.4150,-0.0611,-0.0068
19.0200,dirt,0.715,0.050,0.0529,-0.0315,-0.0425,-0.0193,-0.4676,-0.8181,0.4095,-0.1065,-0.2314,0.4730,0.0121
19.0320,dirt,0.715,0.050,0.0845,-0.0298,0.0038,-0.0202,-0.1889,-0.0428,0.3662,-0.0863,-0.2653,0.4068,0.0277
19.0440,dirt,0.715,0.050,0.1160,-0.0287,-0.0441,-0.0155,-0.0599,-0.2161,0.3610,-0.0456,-0.2778,0.3551,0.0405
19.0560,dirt,0.715,0.050,0.1473,-0.1259,0.0153,-0.0153,-0.5579,0.2313,0.4771,-0.2343,-0.0361,0.2430,0.0578
19.0680,dirt,0.715,0.050,0.1784,-0.0992,0.0542,-0.0134,-0.5706,0.1587,0.3918,-0.1511,-0.1358,0.2809,0.0761
19.0800,dirt,0.715,0.050,0.2092,-0.0345,-0.0408,-0.0142,-0.1701,-0.0661,0.2978,-0.0591,-0.2208,0.3000,0.0894
19.0920,dirt,0.715,0.050,0.2397,-0.0410,0.0363,-0.0182,-0.0335,-0.4047,0.4368,-0.1572,-0.2782,0.4779,0.1058
19.1040,dirt,0.715,0.050,0.2697,-0.1007,0.0037,-0.0092,0.4398,-0.9878,0.3292,-0.0354,0.0454,0.2871,0.1181
19.1160,dirt,0.715,0.050,0.2994,-0.0883,-0.0494,-0.0154,-0.0053,-0.0590,0.3978,-0.0847,-0.0462,0.3337,0.1313
19.1280,dirt,0.715,0.050,0.3286,-0.0906,0.0266,-0.0140,-0.1175,-0.5831,0.4818,-0.2569,0.1935,0.2362,0.1503
19.1400,dirt,0.715,0.050,0.3573,-0.0608,-0.0473,-0.0100,-0.0489,-0.2058,0.3259,0.0342,0.2226,0.1609,0.1645
19.1520,dirt,0.715,0.050,0.3854,-0.1373,-0.0104,-0.0117,0.0701,-0.1431,0.3673,0.0259,0.1170,0.0725,0.1769
19.1640,dirt,0.715,0.050,0.4129,-0.0617,-0.0181,-0.0150,-1.9620,-0.4371,0.3223,0.0899,-0.0694,0.0726,0.1869
19.1760,dirt,0.715,0.050,0.4398,-0.0873,0.0955,-0.0149,1.9110,0.2029,0.3345,-0.0641,0.3680,-0.1188,0.1982
19.1880,dirt,0.715,0.050,0.4659,-0.1093,-0.0135,-0.0175,0.1737,0.6440,0.4681,-0.1705,0.1716,-0.0367,0.2162
19.2000,dirt,0.715,0.050,0.4914,-0.0330,-0.0165,-0.0169,0.0940,-0.1554,0.4779,-0.0774,0.2718,-0.1015,0.2310
19.2120,dirt,0.715,0.050,0.5160,-0.0516,0.0052,-0.0081,0.0316,0.4179,0.4108,-0.0710,0.0287,-0.0278,0.2403
19.2240,dirt,0.715,0.050,0.5399,-0.1067,0.0871,-0.0080,-1.9579,-0.2252,0.3766,-0.0478,0.3407,-0.1534,0.2483
19.2360,dirt,0.715,0.050,0.5629,-0.1662,-0.1023,-0.0050,-0.1750,0.3135,0.3950,-0.0460,0.1820,-0.0984,0.2604
19.2480,dirt,0.715,0.050,0.5850,0.0143,0.0708,-0.0157,0.5131,1.1689,0.4436,-0.0678,0.3608,0.0412,0.2752
19.2600,dirt,0.715,0.050,0.6062,-0.0766,0.0146,-0.0130,-0.5194,0.0203,0.3012,-0.0006,0.1809,0.0023,0.2836
19.2720,dirt,0.715,0.050,0.6264,-0.1419,-0.0474,-0.0122,0.4434,-0.3251,0.1725,0.4258,-0.0738,0.1059,0.2880
19.2840,dirt,0.715,0.050,0.6457,-0.0687,-0.0035,-0.0148,-1.6856,0.1340,0.2803,0.1154,0.4457,-0.1127,0.2961
19.2960,dirt,0.715,0.050,0.6639,-0.0060,-0.1140,-0.0255,0.0131,0.6744,0.3546,-0.1382,-0.1499,0.3723,0.3149
19.3080,dirt,0.715,0.050,0.6811,-0.0235,-0.0859,-0.0128,0.0225,-0.2816,0.2346,0.0921,-0.2551,0.4170,0.3261
19.3200,dirt,0.715,0.050,0.6972,-0.1602,-0.0492,-0.0135,-0.3515,0.6400,-0.2722,0.5213,0.2255,0.2243,0.3292
19.3320,dirt,0.715,0.050,0.7122,-0.0716,-0.1131,-0.0132,-0.8226,0.0376,0.3463,-0.0435,-0.2086,0.3689,0.3360
19.3440,dirt,0.715,0.050,0.7261,-0.0776,-0.0657,-0.0104,-0.3022,-0.0149,0.1605,0.1421,0.0685,0.2342,0.3425
19.3560,dirt,0.715,0.050,0.7389,0.0146,0.0341,-0.0113,-0.3343,0.1868,0.1164,0.2289,-0.1068,0.3723,0.3482
19.3680,dirt,0.715,0.050,0.7504,0.1064,0.0062,-0.0122,1.9759,-0.5236,0.2156,-0.0196,0.2921,0.1720,0.3542
19.3800,dirt,0.715,0.050,0.7608,-0.0202,0.0756,-0.0071,0.0822,-0.0427,0.3025,-0.0914,0.2152,0.0126,0.3600
19.3920,dirt,0.715,0.050,0.7701,-0.0495,0.0007,-0.0066,-0.1987,0.1089,0.1383,0.1971,0.0897,0.0433,0.3651
19.4040,dirt,0.715,0.050,0.7781,-0.1585,-0.0155,-0.0078,-1.3055,0.7473,0.1567,0.2304,-0.0593,0.0983,0.3691
19.4160,dirt,0.715,0.050,0.7848,-0.0700,-0.0239,-0.0050,0.1847,0.4491,0.1828,0.0475,0.2119,0.1651,0.3718
19.4280,dirt,0.715,0.050,0.7904,-0.0504,0.0972,-0.0048,1.9267,0.3016,-0.2279,0.4231,0.1003,0.2576,0.3752
19.4400,dirt,0.715,0.050,0.7946,-0.0352,0.0444,-0.0048,0.0364,-0.0303,0.0337,0.1780,-0.2076,0.4134,0.3782
19.4520,dirt,0.715,0.050,0.7977,-0.0329,0.0569,-0.0071,0.0228,0.0529,0.1917,-0.0104,-0.3085,0.4547,0.3806
19.4640,dirt,0.715,0.050,0.7995,-0.0353,0.0659,-0.0044,-0.3107,0.1827,-0.3519,0.3848,0.0822,0.3330,0.3824
19.4760,dirt,0.715,0.050,0.8000,-0.0719,-0.0902,-0.0095,-0.8440,0.8502,-0.2423,0.5052,-0.3053,0.4022,0.3828
19.4880,dirt,0.715,0.050,0.7993,0.0104,-0.0275,-0.0043,-0.0975,-0.1164,-0.0745,0.0257,-0.1076,0.2748,0.3833
19.5000,dirt,0.715,0.050,0.7973,-0.0582,-0.0229,-0.0033,0.0454,-0.4461,0.0544,0.0284,-0.1617,0.2560,0.3826
19.5120,dirt,0.715,0.050,0.7940,0.0099,0.0178,-0.0064,0.1202,-0.1111,-0.0734,0.1721,-0.2382,0.2656,0.3824
19.5240,dirt,0.715,0.050,0.7895,0.0597,-0.0263,-0.0046,-0.2105,0.6411,-0.3870,0.4460,-0.2942,0.2804,0.3814
19.5360,dirt,0.715,0.050,0.7838,-0.0815,-0.0943,-0.0017,1.3397,0.5732,0.0771,0.2368,-0.3765,0.2716,0.3790
19.5480,dirt,0.715,0.050,0.7768,-0.0147,0.0578,-0.0071,0.3214,0.1911,-0.4435,0.5779,-0.3385,0.2812,0.3762
19.5600,dirt,0.715,0.050,0.7686,-0.0564,0.0106,-0.0106,-0.7875,-0.3822,-0.1187,0.2494,-0.3733,0.2249,0.3730
19.5720,dirt,0.715,0.050,0.7592,-0.0728,-0.0002,-0.0102,-0.0055,-0.3192,-0.2840,0.3485,-0.3856,0.2004,0.3694
19.5840,dirt,0.715,0.050,0.7486,0.0299,-0.0438,-0.0068,0.2518,0.2407,-0.2576,0.3897,-0.4023,0.1770,0.3653
19.5960,dirt,0.715,0.050,0.7368,0.0417,-0.0385,-0.0067,-0.0266,-0.2843,-0.2872,0.4352,-0.3448,0.1233,0.3605
19.6080,dirt,0.715,0.050,0.7239,-0.0829,-0.0159,-0.0060,0.0505,0.0767,-0.3685,0.4380,-0.4192,0.1016,0.3549
19.6200,dirt,0.715,0.050,0.7098,0.0756,-0.0099,-0.0065,0.2898,-0.1235,-0.3764,0.3729,0.0659,-0.1367,0.3492
19.6320,dirt,0.715,0.050,0.6946,0.0090,-0.0644,-0.0066,0.2488,-0.0854,-0.3676,0.3348,0.0364,-0.2233,0.3424
19.6440,dirt,0.715,0.050,0.6783,0.0305,-0.0175,-0.0063,0.4469,0.0136,-0.2278,0.3290,0.3287,-0.3909,0.3350
19.6560,dirt,0.715,0.050,0.6609,0.0049,0.0506,-0.0060,-0.7777,-0.0277,-0.3869,0.2831,0.2448,-0.3301,0.3282
19.6680,dirt,0.715,0.050,0.6425,0.0060,0.0342,-0.0055,0.4162,0.0086,-0.3796,0.3384,0.2491,-0.4046,0.3209
19.6800,dirt,0.715,0.050,0.6231,-0.0406,0.0631,-0.0044,0.7210,0.5165,-0.2904,0.3402,0.1450,-0.2758,0.3111
19.6920,dirt,0.715,0.050,0.6027,0.0037,-0.0293,-0.0029,0.2584,-0.0947,-0.2659,0.3074,0.1304,-0.3702,0.3021
19.7040,dirt,0.715,0.050,0.5814,0.0372,-0.0067,-0.0043,0.0541,0.4747,-0.3911,0.3317,0.0895,-0.3743,0.2942
19.7160,dirt,0.715,0.050,0.5591,-0.0039,0.1247,-0.0033,0.5328,0.0680,-0.2237,0.1891,0.1312,-0.3917,0.2822
19.7280,dirt,0.715,0.050,0.5360,-0.0467,-0.0401,-0.0050,0.7286,-0.2996,-0.3017,0.2461,0.1605,-0.4529,0.2719
19.7400,dirt,0.715,0.050,0.5120,0.0510,0.0055,-0.0015,-0.0256,-0.0171,-0.3524,0.2532,0.1774,-0.3087,0.2615
19.7520,dirt,0.715,0.050,0.4872,-0.0304,-0.1003,0.0005,0.4694,0.3276,-0.3799,0.2674,0.2538,-0.3184,0.2498
19.7640,dirt,0.715,0.050,0.4616,0.0342,0.0136,0.0050,-0.0547,-0.0942,-0.3819,0.1787,0.1138,-0.2487,0.2399
19.7760,dirt,0.715,0.050,0.4353,0.0331,0.0561,0.0041,0.5851,0.5176,-0.4710,0.2400,0.2149,-0.2241,0.2214
19.7880,dirt,0.715,0.050,0.4084,-0.0072,0.0416,-0.0028,0.4805,-0.0072,-0.2848,0.0220,0.2134,-0.1405,0.2096
19.8000,dirt,0.715,0.050,0.3808,0.0198,0.0547,0.0012,-0.0041,-0.2938,-0.1951,0.0554,0.2959,-0.3041,0.2012
19.8120,dirt,0.715,0.050,0.3525,0.0441,0.0012,0.0050,0.1441,-0.2382,-0.3983,0.2816,0.3695,-0.1984,0.1879
19.8240,dirt,0.715,0.050,0.3238,-0.0807,0.0189,0.0084,-1.3334,0.8617,-0.4214,0.2669,-0.1525,0.1354,0.1696
19.8360,dirt,0.715,0.050,0.2945,0.0895,-0.0160,0.0027,0.0990,0.8320,-0.3693,0.2882,-0.2432,0.2568,0.1579
19.8480,dirt,0.715,0.050,0.2648,0.0218,0.0702,0.0069,-0.3490,-0.2439,-0.3769,0.2370,-0.0860,0.1093,0.1491
19.8600,dirt,0.715,0.050,0.2346,0.0361,-0.1328,0.0102,-0.2607,0.0577,-0.3762,0.2598,0.0062,0.0748,0.1367
19.8720,dirt,0.715,0.050,0.2041,0.0263,-0.0202,0.0131,0.2623,-0.7159,-0.4443,0.2084,0.2926,-0.2597,0.1168
19.8840,dirt,0.715,0.050,0.1732,0.0481,-0.0264,0.0077,0.0943,0.3773,-0.4898,0.2380,0.3400,-0.1727,0.0932
19.8960,dirt,0.715,0.050,0.1421,0.0243,0.0352,0.0031,0.3049,0.3337,-0.2239,0.0656,0.3006,0.0354,0.0799
19.9080,dirt,0.715,0.050,0.1108,0.0099,0.0385,0.0114,0.1254,1.1450,-0.1736,0.0809,-0.2956,0.3039,0.0688
19.9200,dirt,0.715,0.050,0.0792,-0.0973,0.0205,0.0121,0.1787,-0.0437,-0.1737,0.1008,-0.2097,0.3439,0.0571
19.9320,dirt,0.715,0.050,0.0476,-0.0093,0.0711,0.0091,-0.9793,0.1577,-0.2012,0.0718,-0.0659,0.1685,0.0442
19.9440,dirt,0.715,0.050,0.0159,0.0774,0.0244,0.0141,-0.0046,0.6934,-0.2006,0.1574,-0.1369,0.2647,0.0245
19.9560,dirt,0.715,0.050,-0.0159,0.0038,0.0152,0.0177,-0.1498,0.3172,-0.1464,0.1712,0.0437,-0.1270,0.0063
19.9680,dirt,0.715,0.050,-0.0476,0.0626,0.0167,0.0194,-0.4822,0.2410,-0.1994,0.2174,0.1731,-0.0829,-0.0118
19.9800,dirt,0.715,0.050,-0.0792,0.0307,-0.0866,0.0205,-0.6911,-0.8745,-0.1385,0.1222,0.3530,-0.2816,-0.0275
19.9920,dirt,0.715,0.050,-0.1108,-0.0129,-0.0024,0.0218,-0.2166,-0.2852,-0.1534,0.1608,0.3972,-0.1185,-0.0415
20.0040,dirt,0.715,0.050,-0.1421,-0.0448,0.0651,0.0150,-0.1952,0.3356,-0.0941,0.1371,0.0209,-0.0698,-0.0559
20.0160,dirt,0.715,0.050,-0.1732,-0.0431,0.0024,0.0159,-1.8525,0.1264,-0.0824,0.1375,-0.0080,-0.0636,-0.0694
20.0280,dirt,0.715,0.050,-0.2041,-0.0348,0.0451,0.0189,-1.7571,0.1490,-0.1728,0.2338,0.0023,0.0650,-0.0837
20.0400,dirt,0.715,0.050,-0.2346,0.0171,0.1073,0.0222,-0.5499,0.2674,-0.2267,0.2681,-0.1207,0.2473,-0.1021
20.0520,dirt,0.715,0.050,-0.2648,-0.0387,0.0910,0.0240,-0.6148,0.1614,-0.1926,0.1276,0.0064,0.2783,-0.1199
20.0640,dirt,0.715,0.050,-0.2945,0.0526,0.0042,0.0223,0.7554,0.6289,-0.0648,0.1368,0.0247,0.3081,-0.1319
20.0760,dirt,0.715,0.050,-0.3238,-0.0293,0.0101,0.0162,-0.5544,-0.4655,-0.1957,0.2756,-0.0753,0.3167,-0.1441
20.0880,dirt,0.715,0.050,-0.3525,-0.0678,0.0079,0.0198,-0.4150,-0.0026,-0.2532,0.2199,-0.0298,0.3952,-0.1611
20.1000,dirt,0.715,0.050,-0.3808,-0.0947,0.0822,0.0188,-0.5346,0.0360,-0.1086,0.3469,0.2238,-0.1366,-0.1807
20.1120,dirt,0.715,0.050,-0.4084,-0.0162,0.0523,0.0155,-0.7073,0.0711,-0.0813,0.2905,0.2989,-0.1076,-0.1906
20.1240,dirt,0.715,0.050,-0.4353,-0.0381,-0.0404,0.0157,0.2031,0.3135,-0.1567,0.3275,0.3433,-0.0242,-0.2001
20.1360,dirt,0.715,0.050,-0.4616,-0.0309,0.0659,0.0195,0.1810,-0.7947,-0.3659,0.3860,0.4650,-0.0674,-0.2174
20.1480,dirt,0.715,0.050,-0.4872,0.0230,0.0711,0.0066,-0.0291,-0.0195,-0.1871,0.3092,0.5083,-0.0983,-0.2282
20.1600,dirt,0.715,0.050,-0.5120,-0.0084,-0.0243,0.0058,-0.1054,-0.4166,-0.2693,0.4534,0.3692,-0.1029,-0.2381
20.1720,dirt,0.715,0.050,-0.5360,-0.0997,-0.0398,0.0100,-0.0589,-0.0010,-0.0409,0.2646,0.4667,-0.1502,-0.2486
20.1840,dirt,0.715,0.050,-0.5591,-0.0096,-0.0700,0.0100,0.0176,0.1554,-0.2272,0.4337,0.1164,-0.0035,-0.2608
20.1960,dirt,0.715,0.050,-0.5814,-0.0166,-0.0834,0.0095,0.1891,0.0873,-0.1256,0.4133,0.4725,-0.1973,-0.2713
20.2080,dirt,0.715,0.050,-0.6027,0.0340,0.0244,0.0098,-0.4621,0.6612,-0.0522,0.4048,0.4019,-0.3012,-0.2836
20.2200,dirt,0.715,0.050,-0.6231,-0.0371,0.0157,0.0150,0.2822,0.6446,-0.0710,0.4123,0.3984,-0.1730,-0.2949
20.2320,dirt,0.715,0.050,-0.6425,-0.0365,0.0388,0.0128,-0.4195,-0.6830,-0.0440,0.2897,0.3861,-0.1806,-0.3025
20.2440,dirt,0.715,0.050,-0.6609,-0.2065,0.0295,0.0117,-0.0164,-0.2335,0.2470,0.1521,0.3646,-0.3125,-0.3088
20.2560,dirt,0.715,0.050,-0.6783,-0.0206,0.0335,0.0186,-0.2356,-0.8801,-0.1016,0.4253,0.3016,-0.1890,-0.3185
20.2680,dirt,0.715,0.050,-0.6946,0.0164,0.0538,0.0182,-0.4413,0.0310,0.0281,0.3117,0.2064,-0.2835,-0.3304
20.2800,dirt,0.715,0.050,-0.7098,-0.0759,-0.0336,0.0086,0.1515,-0.5020,0.5541,-0.1454,0.1364,-0.3333,-0.3348
20.2920,dirt,0.715,0.050,-0.7239,-0.0722,-0.0038,0.0221,-0.0514,-0.8083,-0.0583,0.4019,0.1016,-0.0733,-0.3421
20.3040,dirt,0.715,0.050,-0.7368,-0.0076,-0.0520,0.0213,-0.5422,0.8235,-0.0754,0.3478,-0.2221,0.3022,-0.3487
20.3160,dirt,0.715,0.050,-0.7486,-0.0241,0.0079,0.0159,0.3644,-0.7603,-0.0861,0.3195,-0.1345,0.0792,-0.3534
20.3280,dirt,0.715,0.050,-0.7592,-0.0476,0.0441,0.0160,-0.4561,-0.6257,0.1916,0.1542,-0.2271,0.2215,-0.3591
20.3400,dirt,0.715,0.050,-0.7686,-0.1549,0.1253,0.0127,-0.9156,-0.3000,0.0432,0.2549,0.4607,-0.3870,-0.3657
20.3520,dirt,0.715,0.050,-0.7768,-0.0383,0.0660,0.0114,-1.6565,0.5592,0.2303,0.0401,0.1761,0.0227,-0.3680
20.3640,dirt,0.715,0.050,-0.7838,-0.0661,0.0495,0.0114,-0.0353,-0.4996,0.0050,0.2118,0.1880,-0.2303,-0.3719
20.3760,dirt,0.715,0.050,-0.7895,-0.0263,0.0400,0.0178,0.2721,0.5670,0.1514,0.1002,0.2982,-0.2249,-0.3759
20.3880,dirt,0.715,0.050,-0.7940,-0.0394,-0.0069,0.0169,0.8478,0.5635,-0.0998,0.2432,0.1197,0.0767,-0.3779
20.4000,dirt,0.715,0.050,-0.7973,-0.0922,0.0055,0.0149,0.0017,0.3592,0.5150,-0.2744,-0.2210,0.0313,-0.3807
20.4120,dirt,0.715,0.050,-0.7993,-0.0888,-0.0352,0.0107,0.7662,0.3518,0.1713,-0.0406,-0.0026,0.1065,-0.3815
20.4240,dirt,0.715,0.050,-0.8000,-0.0419,0.0659,0.0114,-0.2138,-0.4805,-0.2109,0.1848,-0.1430,0.3123,-0.3825
20.4360,dirt,0.715,0.050,-0.7995,-0.0406,-0.0292,0.0093,-0.0795,0.2258,0.0789,0.2309,-0.2298,0.1454,-0.3822
20.4480,dirt,0.715,0.050,-0.7977,0.0313,0.0016,0.0088,1.6830,-0.5989,0.4352,-0.4134,0.1741,0.0944,-0.3828
20.4600,dirt,0.715,0.050,-0.7946,-0.0483,-0.0054,0.0070,-0.4825,1.4697,-0.0694,-0.0821,-0.0730,0.1484,-0.3816
20.4720,dirt,0.715,0.050,-0.7904,-0.0170,-0.0185,0.0004,0.7058,-1.1077,0.0242,0.1179,-0.2510,-0.0065,-0.3804
20.4840,dirt,0.715,0.050,-0.7848,0.0708,-0.0283,0.0035,0.1669,-0.0687,0.3906,-0.4300,0.2486,-0.3190,-0.3787
20.4960,dirt,0.715,0.050,-0.7781,0.0557,0.0308,0.0100,0.0640,0.3924,0.5532,-0.4203,0.0070,-0.2668,-0.3768
20.5080,dirt,0.715,0.050,-0.7701,-0.0587,-0.0897,0.0090,0.0806,-0.0695,0.0518,-0.0308,0.0628,-0.3512,-0.3739
20.5200,dirt,0.715,0.050,-0.7608,-0.0033,-0.0025,0.0071,0.1996,-0.1373,0.0800,-0.1030,-0.3502,0.2659,-0.3702
20.5320,dirt,0.715,0.050,-0.7504,0.0554,-0.0498,0.0002,0.1914,-0.1340,0.0252,-0.1437,0.1245,-0.0086,-0.3660
20.5440,dirt,0.715,0.050,-0.7389,-0.1261,-0.0061,0.0031,0.2116,0.7940,-0.0989,-0.1004,0.1021,0.0304,-0.3616
20.5560,dirt,0.715,0.050,-0.7261,-0.0373,-0.0100,0.0011,-1.7143,0.2610,-0.0178,-0.1313,-0.0887,0.0221,-0.3557
20.5680,dirt,0.715,0.050,-0.7122,-0.0288,-0.1046,0.0027,0.2234,0.2227,-0.0289,-0.1129,-0.2922,0.0496,-0.3493
20.5800,dirt,0.715,0.050,-0.6972,0.0462,0.0015,-0.0014,0.4986,-0.8339,-0.0836,-0.0984,-0.4626,0.0990,-0.3423
20.5920,dirt,0.715,0.050,-0.6811,0.0326,-0.0865,-0.0011,0.8829,-0.0644,-0.1630,-0.0600,0.1277,-0.2116,-0.3351
20.6040,dirt,0.715,0.050,-0.6639,0.0270,-0.0624,-0.0019,0.3004,-0.3158,-0.1141,-0.1572,-0.0674,-0.1964,-0.3293
20.6160,dirt,0.715,0.050,-0.6457,0.0381,-0.0532,-0.0003,0.0652,2.0151,-0.0948,-0.1660,-0.4061,0.2602,-0.3214
20.6280,dirt,0.715,0.050,-0.6264,-0.0184,0.0765,-0.0029,2.3094,-0.1082,0.0241,-0.1784,-0.0041,0.0775,-0.3132
20.6400,dirt,0.715,0.050,-0.6062,-0.0345,0.0000,-0.0100,0.1461,-0.3247,0.1160,-0.3527,-0.3505,0.1836,-0.3032
20.6520,dirt,0.715,0.050,-0.5850,0.0100,-0.0517,-0.0066,0.3980,-0.2681,0.2255,-0.4421,-0.4312,0.1807,-0.2947
20.6640,dirt,0.715,0.050,-0.5629,0.0323,0.0167,-0.0072,-0.5377,0.8067,0.1826,-0.3634,-0.2753,0.0875,-0.2863
20.6760,dirt,0.715,0.050,-0.5399,-0.0649,-0.0167,-0.0070,0.4206,0.0343,0.3112,-0.4418,-0.3218,0.0781,-0.2744
20.6880,dirt,0.715,0.050,-0.5160,0.1398,-0.0535,-0.0042,0.7246,-0.0147,0.2948,-0.4424,-0.3727,0.0796,-0.2619
20.7000,dirt,0.715,0.050,-0.4914,-0.0319,-0.0726,-0.0044,-0.6144,-1.0109,0.1832,-0.2928,-0.3186,0.0020,-0.2499
20.7120,dirt,0.715,0.050,-0.4659,0.0740,0.0281,-0.0100,0.2878,-0.5630,0.1560,-0.3199,-0.2936,-0.0137,-0.2386
20.7240,dirt,0.715,0.050,-0.4398,0.1370,-0.0578,-0.0109,-0.4184,-0.6498,0.1723,-0.3279,-0.1138,-0.1747,-0.2253
20.7360,dirt,0.715,0.050,-0.4129,-0.0423,-0.0174,-0.0099,0.7197,-0.3567,0.2321,-0.4148,-0.2908,-0.1591,-0.2120
20.7480,dirt,0.715,0.050,-0.3854,0.0862,-0.0119,-0.0047,-1.4565,-0.6932,0.1979,-0.3590,-0.1220,-0.1332,-0.1964
20.7600,dirt,0.715,0.050,-0.3573,0.0076,-0.0179,-0.0081,1.6480,0.1120,0.1400,-0.3050,0.0525,-0.0100,-0.1867
20.7720,dirt,0.715,0.050,-0.3286,0.0013,-0.0022,-0.0207,0.5313,-0.4650,0.0670,-0.1433,-0.1494,-0.0608,-0.1739
20.7840,dirt,0.715,0.050,-0.2994,0.0464,0.0127,-0.0198,1.7779,1.2095,0.2993,-0.3809,-0.0660,-0.1939,-0.1562
20.7960,dirt,0.715,0.050,-0.2697,0.0929,-0.0539,-0.0113,-0.0981,0.1840,0.2652,-0.3466,0.1792,-0.2611,-0.1446
20.8080,dirt,0.715,0.050,-0.2397,0.0599,-0.1089,-0.0146,-0.0248,-0.3574,0.2385,-0.3121,0.2736,-0.2121,-0.1322
20.8200,dirt,0.715,0.050,-0.2092,-0.0322,-0.0470,-0.0189,-0.0850,-0.0689,0.3241,-0.3065,-0.2838,0.1710,-0.1134
20.8320,dirt,0.715,0.050,-0.1784,0.0658,0.0054,-0.0167,0.0237,0.1982,0.1815,-0.3371,-0.2405,0.3141,-0.1003
20.8440,dirt,0.715,0.050,-0.1473,0.0027,-0.0462,-0.0135,-0.0815,-0.4338,0.1932,-0.2715,-0.1828,-0.0310,-0.0862
20.8560,dirt,0.715,0.050,-0.1160,0.0876,-0.0578,-0.0126,-0.4440,0.2298,0.1988,-0.2422,0.0773,0.1227,-0.0719
20.8680,dirt,0.715,0.050,-0.0845,0.0523,-0.0080,-0.0153,-0.6052,-0.8280,0.3019,-0.3528,0.2638,-0.3666,-0.0549
20.8800,dirt,0.715,0.050,-0.0529,0.0407,-0.0659,-0.0149,-0.2692,-0.4706,0.3346,-0.2550,0.2600,-0.1688,-0.0393
20.8920,dirt,0.715,0.050,-0.0212,0.0811,-0.0900,-0.0209,-1.3458,0.5686,0.1090,-0.1485,-0.2627,0.3010,-0.0223
20.9040,dirt,0.715,0.050,0.0106,-0.0059,-0.0317,-0.0176,0.0804,-0.6006,0.1658,-0.1694,-0.0801,0.3788,-0.0071
20.9160,dirt,0.715,0.050,0.0423,0.0425,0.0250,-0.0179,-0.5821,0.3686,0.2421,-0.2284,0.0014,0.2946,0.0056
20.9280,dirt,0.715,0.050,0.0740,0.0624,-0.0059,-0.0199,-0.5073,-0.2160,0.2986,-0.2502,0.2812,-0.1738,0.0217
20.9400,dirt,0.715,0.050,0.1055,0.0549,-0.0147,-0.0216,-0.4126,0.3290,0.2575,-0.2891,0.3743,-0.0784,0.0353
20.9520,dirt,0.715,0.050,0.1369,-0.0564,-0.0118,-0.0237,-0.2698,0.8777,0.1667,-0.1486,-0.0176,0.2059,0.0525
20.9640,dirt,0.715,0.050,0.1681,-0.0823,0.0190,-0.0224,-1.1806,0.1438,0.3224,-0.4884,0.1431,0.2173,0.0716
20.9760,dirt,0.715,0.050,0.1990,-0.0463,-0.0799,-0.0146,-1.5437,0.6807,0.2192,-0.2678,-0.2234,0.2661,0.0862
20.9880,dirt,0.715,0.050,0.2295,0.0039,0.0420,-0.0128,0.0139,0.0156,0.1370,-0.2062,0.0234,0.1830,0.0992
21.0000,dirt,0.715,0.050,0.2598,-0.0575,-0.0253,-0.0164,1.8173,-0.0111,0.2518,-0.1885,0.0973,-0.0074,0.1132
21.0120,dirt,0.715,0.050,0.2896,-0.0171,-0.0281,-0.0225,-0.0856,-0.6731,0.5416,-0.3889,0.3412,-0.2646,0.1418
21.0240,dirt,0.715,0.050,0.3189,-0.1559,-0.0802,-0.0097,-0.9263,-1.4369,-0.3571,0.4262,0.1632,0.2331,0.1464
21.0360,dirt,0.715,0.050,0.3478,-0.1114,0.0313,-0.0112,0.7800,0.1263,0.2260,-0.0805,-0.0839,0.1386,0.1538
21.0480,dirt,0.715,0.050,0.3761,-0.0313,-0.0296,-0.0131,-0.2857,0.3979,0.2920,-0.1580,0.1513,-0.1000,0.1668
21.0600,dirt,0.715,0.050,0.4038,-0.0870,0.0220,-0.0122,0.3428,-0.5203,0.2443,-0.1255,0.2072,-0.0459,0.1814
21.0720,dirt,0.715,0.050,0.4309,0.0742,-0.0330,-0.0117,0.0333,-0.5322,0.3240,-0.1378,0.4027,-0.3205,0.1964
21.0840,dirt,0.715,0.050,0.4573,0.0056,-0.0236,-0.0112,0.8852,-0.4747,0.2179,-0.2094,-0.2057,0.1608,0.2096
21.0960,dirt,0.715,0.050,0.4830,0.0525,0.0593,-0.0100,0.2095,-0.1589,0.2192,-0.1450,0.0137,-0.1850,0.2226
21.1080,dirt,0.715,0.050,0.5079,-0.0565,0.0016,-0.0048,0.1435,0.3808,0.1383,-0.1338,-0.0457,0.0867,0.2325
21.1200,dirt,0.715,0.050,0.5320,0.0347,-0.0186,-0.0103,-1.1401,-0.1739,0.5015,-0.3850,0.1290,-0.3043,0.2620
21.1320,dirt,0.715,0.050,0.5553,-0.0846,-0.0766,0.0010,-1.7709,-0.1769,0.1685,0.0422,0.0894,0.0042,0.2648
21.1440,dirt,0.715,0.050,0.5777,-0.0667,0.1541,-0.0031,-0.1652,-0.1666,-0.4844,0.4529,0.3343,-0.3488,0.2690
21.1560,dirt,0.715,0.050,0.5992,-0.0529,-0.0069,-0.0010,0.4648,-2.2772,0.2435,-0.1677,0.0256,0.1008,0.2804
21.1680,dirt,0.715,0.050,0.6198,-0.1061,0.0484,-0.0039,-1.6563,-0.7484,0.2308,-0.0986,-0.1524,-0.0979,0.2922
21.1800,dirt,0.715,0.050,0.6394,-0.0082,-0.0371,-0.0034,0.1788,0.3025,0.1617,-0.0399,-0.1252,0.1520,0.3006
21.1920,dirt,0.715,0.050,0.6579,0.0324,-0.0841,-0.0100,1.6965,0.7825,0.2200,-0.1173,-0.0353,0.0387,0.3066
21.2040,dirt,0.715,0.050,0.6755,-0.0291,-0.0144,-0.0076,-0.0035,0.7075,0.0791,0.0285,-0.1230,0.0833,0.3145
21.2160,dirt,0.715,0.050,0.6919,0.0495,-0.0181,-0.0107,-0.4716,0.9334,0.1822,-0.0982,-0.1886,0.0962,0.3267
21.2280,dirt,0.715,0.050,0.7073,-0.0651,-0.0183,-0.0049,-0.2713,0.5836,0.1460,-0.0487,-0.1224,0.2267,0.3340
21.2400,dirt,0.715,0.050,0.7216,0.0752,0.0397,-0.0078,-0.2231,0.0616,0.0077,0.1480,-0.0464,-0.0548,0.3379
21.2520,dirt,0.715,0.050,0.7347,0.0142,0.0048,-0.0095,-0.0870,-0.0624,0.1769,-0.0533,-0.0483,0.0574,0.3459
21.2640,dirt,0.715,0.050,0.7467,-0.0240,-0.0429,-0.0054,-0.7119,-0.0459,0.1456,0.0127,0.0079,-0.0203,0.3527
21.2760,dirt,0.715,0.050,0.7575,-0.0227,0.0635,-0.0066,-2.1995,0.1420,0.1541,0.0334,0.1762,-0.3049,0.3583
21.2880,dirt,0.715,0.050,0.7671,-0.0957,0.0279,-0.0056,0.3131,0.6265,0.1460,0.0390,0.0030,0.1199,0.3638
21.3000,dirt,0.715,0.050,0.7755,-0.0477,0.0327,-0.0079,-0.7481,0.7401,0.0970,0.0367,0.3678,-0.2830,0.3678
21.3120,dirt,0.715,0.050,0.7827,-0.0881,-0.0649,-0.0062,-2.6911,0.4390,-0.2826,0.2879,0.2459,-0.0415,0.3704
21.3240,dirt,0.715,0.050,0.7886,-0.0282,0.0103,-0.0107,0.1285,-0.1132,-0.0888,0.4100,0.3148,-0.3300,0.3730
21.3360,dirt,0.715,0.050,0.7934,-0.1232,0.0011,-0.0079,-0.2064,0.3465,0.1340,-0.0209,0.1703,-0.0897,0.3781
21.3480,dirt,0.715,0.050,0.7968,-0.0744,-0.0319,-0.0129,0.6075,-0.1143,0.0909,0.0175,0.2612,-0.4350,0.3801
21.3600,dirt,0.715,0.050,0.7990,-0.0160,0.0095,-0.0058,-1.8449,-0.3560,-0.2237,0.2673,-0.4015,0.3186,0.3810
21.3720,dirt,0.715,0.050,0.8000,-0.0157,-0.0204,-0.0098,0.9552,0.9033,-0.2194,0.4341,-0.2164,0.1742,0.3820
21.3840,dirt,0.715,0.050,0.7996,-0.0435,-0.0391,-0.0055,-0.6829,0.6680,-0.1993,0.4646,0.4142,-0.3197,0.3825
21.3960,dirt,0.715,0.050,0.7981,-0.0547,0.0279,-0.0070,0.4209,-0.1056,-0.4471,0.5795,0.2369,-0.0679,0.3820
21.4080,dirt,0.715,0.050,0.7952,-0.0573,0.0238,-0.0116,0.2988,-0.2845,-0.1116,0.0568,0.3231,-0.3725,0.3814
21.4200,dirt,0.715,0.050,0.7912,-0.0371,0.0107,-0.0071,-3.6226,-0.2226,0.0829,0.0733,0.0939,0.0047,0.3801
21.4320,dirt,0.715,0.050,0.7858,0.0623,-0.0278,-0.0080,0.6013,0.0173,-0.2723,0.1560,0.1587,-0.2665,0.3791
21.4440,dirt,0.715,0.050,0.7793,-0.0000,-0.0651,-0.0112,0.6863,-0.1270,-0.0860,0.1497,-0.0750,0.1484,0.3770
21.4560,dirt,0.715,0.050,0.7715,0.0437,-0.0118,-0.0079,-1.5709,-0.5620,0.0906,0.1666,-0.2743,0.2957,0.3737
21.4680,dirt,0.715,0.050,0.7625,0.0209,0.0298,-0.0058,-0.2653,0.2927,0.1021,0.1252,-0.3647,0.0429,0.3700
21.4800,dirt,0.715,0.050,0.7523,0.0159,0.0108,-0.0066,-0.5271,0.7619,-0.2207,0.1949,0.1141,-0.2459,0.3660
21.4920,dirt,0.715,0.050,0.7409,-0.0661,0.0460,-0.0085,0.1944,0.1420,-0.0520,0.2475,-0.0507,-0.3076,0.3619
21.5040,dirt,0.715,0.050,0.7283,0.0658,-0.0064,-0.0045,0.3795,0.5774,-0.4088,0.5049,-0.4256,0.1460,0.3575
21.5160,dirt,0.715,0.050,0.7146,-0.0013,-0.0331,-0.0049,2.5802,-1.0752,-0.1926,0.2529,0.0291,-0.2633,0.3492
21.5280,dirt,0.715,0.050,0.6998,0.0108,-0.0334,-0.0076,-0.3484,0.1742,-0.1514,0.1530,-0.0060,-0.2686,0.3443
21.5400,dirt,0.715,0.050,0.6838,-0.0001,-0.0059,-0.0092,1.5155,-0.1049,-0.1588,0.1219,0.0340,-0.0530,0.3376
21.5520,dirt,0.715,0.050,0.6668,-0.0382,-0.0739,-0.0042,-0.4251,0.3735,-0.1072,0.2224,-0.0079,-0.3583,0.3300
21.5640,dirt,0.715,0.050,0.6488,0.0389,-0.0026,-0.0078,0.4632,0.1910,-0.1489,0.1616,-0.3732,0.1404,0.3221
21.5760,dirt,0.715,0.050,0.6297,0.0225,-0.0188,-0.0082,0.0696,0.2396,-0.1237,0.1274,-0.3910,-0.0572,0.3146
21.5880,dirt,0.715,0.050,0.6096,-0.0398,-0.0129,-0.0069,0.7004,-0.3913,-0.2224,0.0964,-0.0211,-0.1255,0.3057
21.6000,dirt,0.715,0.050,0.5886,0.0671,-0.0559,-0.0083,-0.4947,0.3413,-0.2601,0.2275,0.1977,-0.3985,0.2959
21.6120,dirt,0.715,0.050,0.5666,-0.0276,0.0563,-0.0055,-0.0030,0.3673,-0.1597,0.1799,-0.1833,0.1261,0.2874
21.6240,dirt,0.715,0.050,0.5438,-0.0418,-0.0710,0.0003,-0.1683,0.3610,-0.3060,0.3465,-0.3691,0.2167,0.2762
21.6360,dirt,0.715,0.050,0.5201,0.0471,-0.0616,-0.0041,0.1095,-0.5622,-0.2700,0.3797,-0.2859,-0.0304,0.2645
21.6480,dirt,0.715,0.050,0.4955,0.1359,0.0514,-0.0003,0.0795,0.2155,-0.2458,0.3018,-0.2671,-0.1180,0.2546
21.6600,dirt,0.715,0.050,0.4702,0.0087,-0.0009,-0.0007,0.7398,0.1443,-0.3249,0.4105,-0.1482,-0.2447,0.2431
21.6720,dirt,0.715,0.050,0.4442,-0.0024,0.0687,-0.0012,2.4850,0.8907,-0.2614,0.4255,-0.1056,0.0410,0.2275
21.6840,dirt,0.715,0.050,0.4174,0.0844,0.0081,-0.0005,0.1587,0.3769,-0.2515,0.3407,-0.2781,0.2243,0.2141
21.6960,dirt,0.715,0.050,0.3900,-0.0072,-0.0051,-0.0015,-1.0263,-0.4709,-0.2547,0.1801,-0.2434,0.0968,0.2053
21.7080,dirt,0.715,0.050,0.3620,0.0156,0.0470,0.0036,-0.4701,0.2560,-0.3568,0.2511,-0.0302,-0.0224,0.1943
21.7200,dirt,0.715,0.050,0.3334,0.0659,0.0403,0.0080,-0.3582,-0.2216,-0.2990,0.3456,-0.3316,0.2110,0.1794
21.7320,dirt,0.715,0.050,0.3043,0.0530,0.0786,0.0091,-0.2249,0.8581,-0.4657,0.4268,-0.0612,0.0648,0.1579
21.7440,dirt,0.715,0.050,0.2747,0.1136,0.0583,0.0100,-0.5489,-0.2381,-0.2300,0.2901,-0.2319,-0.0386,0.1448
21.7560,dirt,0.715,0.050,0.2447,0.0111,0.0713,0.0046,0.7563,-0.2721,-0.3764,0.2702,-0.2000,0.0594,0.1361
21.7680,dirt,0.715,0.050,0.2143,-0.0353,0.0591,0.0161,0.3401,-0.5023,-0.3472,0.2933,0.0493,-0.1095,0.1184
21.7800,dirt,0.715,0.050,0.1835,0.0439,0.1406,0.0091,-1.0174,0.7752,-0.1537,0.1218,0.3122,-0.3079,0.1026
21.7920,dirt,0.715,0.050,0.1525,-0.0313,0.0652,0.0170,-0.2270,0.1523,-0.1411,0.1725,0.3613,-0.2309,0.0895
21.8040,dirt,0.715,0.050,0.1212,0.0672,-0.0259,0.0188,0.3747,1.5403,-0.2044,0.2645,0.1199,-0.0358,0.0733
21.8160,dirt,0.715,0.050,0.0898,0.0264,0.0802,0.0172,-1.1746,-1.1252,-0.2154,0.1998,0.1821,0.1020,0.0565
21.8280,dirt,0.715,0.050,0.0582,0.0020,0.0219,0.0149,0.2944,0.0826,-0.0917,0.1987,-0.0832,0.3195,0.0432
21.8400,dirt,0.715,0.050,0.0265,0.0703,0.0268,0.0164,0.5643,0.1044,-0.1188,0.2507,-0.2716,0.2706,0.0291
21.8520,dirt,0.715,0.050,-0.0053,0.0111,-0.0084,0.0204,-0.1197,-0.8531,-0.1963,0.2630,-0.2034,0.3067,0.0130
21.8640,dirt,0.715,0.050,-0.0370,0.0519,0.0066,0.0200,-0.6637,1.1250,-0.0984,0.2237,-0.0972,0.2617,-0.0021
21.8760,dirt,0.715,0.050,-0.0687,0.0618,-0.0284,0.0210,-0.4517,0.1595,-0.0596,0.1556,-0.0141,0.2595,-0.0182
21.8880,dirt,0.715,0.050,-0.1003,0.0797,-0.0625,0.0196,-0.6000,0.4931,-0.1222,0.1631,0.0323,0.2916,-0.0345
21.9000,dirt,0.715,0.050,-0.1317,-0.0048,0.0339,0.0162,-1.3882,0.4909,-0.0336,0.1100,-0.1876,0.3031,-0.0522
21.9120,dirt,0.715,0.050,-0.1629,0.0486,-0.0351,0.0259,-0.1567,1.9303,-0.0567,0.1414,-0.0709,0.2124,-0.0756
21.9240,dirt,0.715,0.050,-0.1938,-0.1544,-0.0190,0.0198,-0.1444,0.5922,-0.0409,0.0380,-0.0448,0.2929,-0.0857
21.9360,dirt,0.715,0.050,-0.2245,-0.0399,-0.0889,0.0157,0.2483,0.9842,-0.0710,0.1700,0.0476,0.1051,-0.0911
21.9480,dirt,0.715,0.050,-0.2547,-0.0265,0.0544,0.0210,-0.2676,0.2860,-0.0119,0.1222,-0.1759,0.3315,-0.1030
21.9600,dirt,0.715,0.050,-0.2846,-0.0450,-0.0074,0.0276,-0.0310,0.5638,-0.1304,0.1758,-0.1679,0.2602,-0.1322
21.9720,dirt,0.715,0.050,-0.3141,0.0287,0.0491,0.0159,-0.3167,-0.1195,-0.0018,0.1299,-0.2777,0.3283,-0.1429
21.9840,dirt,0.715,0.050,-0.3430,-0.0260,-0.0359,0.0167,-0.4049,0.2017,0.0369,0.1022,0.0811,0.1428,-0.1508
21.9960,dirt,0.715,0.050,-0.3714,-0.0463,-0.0593,0.0250,-1.2745,-0.9359,-0.0738,0.1554,0.1426,0.0130,-0.1735
22.0080,dirt,0.715,0.354,0.0083,0.0610,0.0154,0.0117,-0.2224,0.0770,-0.0062,0.0968,0.3120,-0.2811,-0.1857
22.0200,dirt,0.715,0.359,0.0209,-0.0764,-0.0194,-0.0109,2.4282,-0.3170,0.7822,-0.6215,0.1397,-0.0020,-0.1673
22.0320,dirt,0.715,0.364,0.0337,-0.0361,-0.0638,-0.0285,0.3270,-1.1269,1.6470,-1.2463,0.1508,-0.0947,-0.0968
22.0440,dirt,0.715,0.370,0.0466,0.0157,-0.0560,-0.0407,0.0315,-2.2506,1.7724,-1.4878,0.0795,-0.1455,-0.0007
22.0560,dirt,0.715,0.375,0.0596,-0.0377,-0.0413,-0.0181,0.0066,-0.5839,1.1071,-0.7973,0.3108,-0.4046,0.0514
22.0680,dirt,0.715,0.380,0.0727,-0.0423,0.0116,0.0176,-0.6921,0.5574,-0.2358,0.2978,0.2110,-0.3588,0.0608
22.0800,dirt,0.715,0.386,0.0859,-0.0596,0.0821,0.0113,-0.3887,0.8812,-0.3992,0.5739,0.2541,-0.3600,0.0558
22.0920,dirt,0.715,0.391,0.0992,0.0113,-0.0468,-0.0016,0.3759,0.2449,-0.2734,0.4255,0.2661,-0.4548,0.0499
22.1040,dirt,0.715,0.396,0.1126,-0.0100,0.0700,-0.0002,1.9418,-0.1958,-0.0581,-0.0563,0.1267,0.0344,0.0462
22.1160,dirt,0.715,0.402,0.1261,0.0370,-0.0205,-0.0065,-0.9876,-0.6330,0.1000,-0.0478,0.1743,-0.1947,0.0525
22.1280,dirt,0.715,0.407,0.1396,0.0672,0.0371,-0.0044,0.6808,-0.3702,0.1808,-0.1696,0.1798,-0.2997,0.0630
22.1400,dirt,0.715,0.412,0.1532,0.0112,0.0485,0.0004,0.0439,0.0982,0.1119,-0.1141,0.0466,0.0745,0.0705
22.1520,dirt,0.715,0.417,0.1669,0.0022,0.1085,0.0009,0.5891,0.2728,0.3241,-0.1910,0.1249,-0.2019,0.0755
22.1640,dirt,0.715,0.423,0.1806,0.1119,-0.0487,-0.0060,-0.0721,-0.1737,0.0357,-0.0948,-0.0664,0.1507,0.0830
22.1760,dirt,0.715,0.428,0.1942,0.0563,-0.0636,-0.0057,0.3034,-0.0045,-0.0707,0.0770,-0.1504,0.0317,0.0901
22.1880,dirt,0.715,0.433,0.2079,-0.0179,0.0314,0.0018,-1.5352,0.0259,0.1267,-0.0949,-0.1411,-0.2231,0.0955
22.2000,dirt,0.715,0.438,0.2216,0.0823,0.0052,-0.0008,0.2489,0.0884,0.0593,-0.1622,-0.3018,0.1469,0.1012
22.2120,dirt,0.715,0.443,0.2352,0.0326,0.0009,-0.0069,0.5612,-0.3732,0.1360,-0.2427,-0.2212,-0.1031,0.1105
22.2240,dirt,0.715,0.448,0.2489,0.0387,-0.0017,-0.0028,-2.0308,0.5171,0.1877,-0.2962,-0.3167,0.2462,0.1168
22.2360,dirt,0.715,0.453,0.2624,0.0599,-0.0458,0.0010,-0.0250,0.1275,-0.3126,0.3441,-0.2967,-0.0747,0.1210
22.2480,dirt,0.715,0.458,0.2759,0.0464,-0.0194,-0.0098,0.3214,0.3285,0.1383,-0.1553,0.2318,-0.5182,0.1286
22.2600,dirt,0.715,0.462,0.2893,0.0126,0.0432,-0.0076,1.7299,0.0562,0.0658,-0.2813,-0.0005,-0.0877,0.1355
22.2720,dirt,0.715,0.467,0.3025,0.0110,0.0365,-0.0023,-0.8768,0.0036,0.0285,-0.1127,0.0379,-0.4843,0.1422
22.2840,dirt,0.715,0.472,0.3157,-0.0307,0.0143,-0.0032,1.7444,1.2945,0.0300,-0.1789,-0.4080,0.2019,0.1480
22.2960,dirt,0.715,0.477,0.3287,0.1019,-0.0003,-0.0041,0.2941,-0.3674,0.0509,-0.2238,-0.3416,-0.0682,0.1523
22.3080,dirt,0.715,0.481,0.3415,-0.0157,0.0307,-0.0042,-2.3424,-0.2498,0.1150,-0.2547,-0.2807,-0.2431,0.1609
22.3200,dirt,0.715,0.486,0.3542,0.0093,0.0196,-0.0061,-0.8836,0.5677,-0.0238,-0.1483,-0.3431,0.1081,0.1667
22.3320,dirt,0.715,0.490,0.3667,0.0364,0.0006,-0.0065,-0.2330,0.4814,-0.0412,-0.1071,-0.3771,0.0090,0.1726
22.3440,dirt,0.715,0.495,0.3789,0.0561,0.0434,-0.0089,0.4098,-0.5640,-0.1225,-0.0632,-0.3216,0.0085,0.1805
22.3560,dirt,0.715,0.499,0.3909,0.0554,0.0116,-0.0062,0.1065,0.2237,-0.1931,0.1126,-0.2959,-0.0504,0.1862
22.3680,dirt,0.715,0.503,0.4026,0.0572,0.0354,-0.0033,1.1931,0.6788,-0.0637,0.0656,-0.3786,0.1931,0.1894
22.3800,dirt,0.715,0.508,0.4141,-0.0672,0.0819,-0.0058,0.0544,0.4724,-0.0275,-0.2454,-0.4052,0.1612,0.1950
22.3920,dirt,0.715,0.512,0.4252,0.0434,-0.0111,-0.0069,-0.0379,-1.1468,-0.2255,0.0531,-0.5079,0.1908,0.2011
22.4040,dirt,0.715,0.516,0.4360,0.0158,0.0125,-0.0060,1.6068,-1.5450,-0.0991,-0.1824,0.0012,-0.2833,0.2097
22.4160,dirt,0.715,0.520,0.4465,0.0310,0.0070,-0.0049,0.1993,-0.1491,-0.3618,0.2366,0.0216,-0.3166,0.2122
22.4280,dirt,0.715,0.524,0.4566,0.0346,-0.0011,-0.0043,0.2444,-0.2045,-0.3605,0.2145,-0.0371,-0.3446,0.2149
22.4400,dirt,0.715,0.528,0.4663,0.1007,0.0243,-0.0084,0.2861,-0.3082,-0.0868,-0.2544,-0.0778,-0.3779,0.2193
22.4520,dirt,0.715,0.531,0.4756,0.1741,0.0497,-0.0035,0.5065,-0.7462,-0.1200,-0.3575,-0.1295,-0.2426,0.2252
22.4640,dirt,0.715,0.535,0.4844,0.0796,-0.0120,-0.0082,-0.3578,-0.0140,-0.3824,0.1420,-0.2937,-0.2212,0.2286
22.4760,dirt,0.715,0.539,0.4928,0.1471,-0.0366,-0.0105,1.9113,-0.5033,-0.1428,-0.2991,-0.2294,-0.1301,0.2375
22.4880,dirt,0.715,0.542,0.5007,0.0118,0.0929,-0.0022,0.1922,-0.2294,-0.2563,-0.1454,-0.6794,0.1247,0.2396
22.5000,dirt,0.715,0.545,0.5081,0.0326,0.0410,-0.0061,0.4303,0.4273,-0.2797,-0.1482,-0.3930,-0.0772,0.2442
22.5120,dirt,0.715,0.549,0.5150,0.1179,-0.0215,0.0037,1.2627,-0.5206,-0.3632,-0.3515,-0.5063,0.0904,0.2455
22.5240,dirt,0.715,0.552,0.5213,0.0987,0.0141,0.0057,0.0488,0.0151,-0.3806,-0.1098,-0.4863,-0.1286,0.2493
22.5360,dirt,0.715,0.555,0.5271,0.0594,-0.0692,0.0024,0.7212,0.0757,-0.2421,-0.3392,-0.5670,-0.1239,0.2518
22.5480,dirt,0.715,0.558,0.5322,0.2377,-0.0546,0.0007,1.1596,-0.4182,-0.4633,-0.1099,-0.6098,-0.3545,0.2555
22.5600,dirt,0.715,0.561,0.5368,0.1149,-0.0170,-0.0009,0.1854,0.5241,-0.4861,-0.0786,-0.1717,-0.6157,0.2586
22.5720,dirt,0.715,0.564,0.5407,0.1348,-0.0402,0.0041,1.4136,0.4574,-0.4608,-0.3982,-0.5462,-0.3841,0.2603
22.5840,dirt,0.715,0.567,0.5439,0.1307,0.0397,0.0047,-0.3849,1.6400,-0.7500,-0.3662,-0.2282,-0.5344,0.2614
22.5960,dirt,0.715,0.569,0.5465,0.1988,0.0464,0.0076,1.1717,-1.5196,-0.4410,-0.5464,-0.4679,-0.8168,0.2645
22.6080,dirt,0.715,0.572,0.5484,0.0258,0.0231,0.0037,0.4384,0.2848,-0.4000,-0.7151,-0.5146,-0.8247,0.2663
22.6200,dirt,0.715,0.574,0.5496,0.1973,0.0569,0.0091,1.9427,0.1602,-0.8456,-0.7976,-0.3930,-0.7678,0.2664
22.6320,dirt,0.715,0.577,0.5500,0.2419,-0.0429,0.0142,3.8764,0.7930,-0.6516,-0.8870,-0.8813,-0.5346,0.2664
22.6440,dirt,0.715,0.579,0.5497,0.2466,0.0469,0.0187,3.4099,-0.3410,-0.9409,-0.7183,-0.8730,-0.7060,0.2673
22.6560,dirt,0.715,0.581,0.5486,0.4102,0.0106,0.0180,3.5175,0.1689,-0.8230,-0.8231,-0.5102,-1.1812,0.2681
22.6680,dirt,0.715,0.583,0.5467,0.2870,0.0736,0.0270,0.5970,1.0595,-0.8239,-0.8542,-1.1680,-0.6463,0.2676
22.6800,dirt,0.715,0.585,0.5441,0.2261,0.0850,0.0281,3.7745,-0.1989,-1.0826,-1.0308,-0.9786,-0.8793,0.2671
22.6920,dirt,0.715,0.587,0.5406,0.2668,0.1092,0.0289,2.3202,1.6553,-1.2382,-0.9575,-1.2302,-0.7384,0.2662
22.7040,dirt,0.715,0.588,0.5363,0.3894,0.0886,0.0314,3.4023,1.0561,-1.2171,-1.0199,-1.1465,-1.0993,0.2649
22.7160,dirt,0.715,0.590,0.5312,0.4832,0.1580,0.0395,3.2115,0.9149,-1.0950,-1.2139,-0.8124,-1.2136,0.2627
22.7280,dirt,0.715,0.591,0.5253,0.6033,0.1171,0.0471,3.3479,0.7936,-1.3148,-1.3752,-1.0071,-1.6001,0.2595
22.7400,dirt,0.715,0.593,0.5185,0.4438,0.2057,0.0480,2.7841,1.9245,-1.3339,-1.5292,-1.2836,-1.4552,0.2563
22.7520,dirt,0.715,0.594,0.5108,0.6202,0.1550,0.0489,3.6300,0.2589,-1.4531,-1.6637,-1.1339,-1.6102,0.2541
22.7640,dirt,0.715,0.595,0.5023,0.5852,0.1864,0.0496,2.9985,-0.3154,-1.5133,-2.0735,-1.1789,-1.6796,0.2504
22.7760,dirt,0.715,0.596,0.4930,0.5950,0.0525,0.0532,3.5476,-0.0866,-1.7031,-2.6519,-1.2069,-1.6149,0.2459
22.7880,dirt,0.715,0.597,0.4827,0.6824,0.1488,0.0558,3.6830,0.3027,-1.7178,-3.0642,-1.4224,-2.0421,0.2415
22.8000,dirt,0.715,0.598,0.4716,0.6760,0.1049,0.0637,2.7196,0.0007,-1.7338,-3.6208,-1.4474,-2.0729,0.2369
22.8120,dirt,0.715,0.598,0.4597,0.6056,0.0674,0.0656,3.1131,0.9464,-1.7504,-4.0422,-1.8986,-1.7523,0.2325
22.8240,dirt,0.715,0.599,0.4469,0.7337,0.2677,0.0669,3.6491,0.1392,-1.9123,-4.2759,-1.5232,-2.0860,0.2270
22.8360,dirt,0.715,0.599,0.4332,0.7634,0.1604,0.0731,1.6250,-1.5283,-2.0626,-4.7663,-1.6284,-2.1082,0.2211
22.8480,dirt,0.715,0.600,0.4187,0.8224,0.1442,0.0742,3.0684,-0.1100,-2.0417,-5.0602,-1.6903,-2.3846,0.2145
22.8600,dirt,0.715,0.600,0.4034,0.7060,0.1872,0.0787,3.2504,0.2892,-2.2871,-5.5719,-1.9186,-2.5052,0.2068
22.8720,dirt,0.715,0.600,0.3873,0.8867,0.1458,0.0839,2.6217,0.7026,-2.6178,-5.8118,-2.0339,-2.7408,0.1991
22.8840,dirt,0.715,0.600,0.3704,0.9420,0.1484,0.0864,2.9032,-0.3924,-2.7401,-6.0465,-2.0647,-2.8832,0.1913
22.8960,dirt,0.715,0.600,0.3526,0.8449,0.0587,0.0868,2.6165,0.1588,-3.0501,-6.1950,-2.1111,-3.1111,0.1844
22.9080,dirt,0.715,0.600,0.3342,0.9605,0.2223,0.0863,2.4371,0.6951,-3.0896,-6.5381,-2.2050,-3.3156,0.1749
22.9200,dirt,0.715,0.599,0.3150,1.0039,0.1601,0.0901,2.9525,0.2899,-3.2144,-6.9092,-2.1708,-3.4349,0.1639
22.9320,dirt,0.715,0.599,0.2950,1.1022,0.1385,0.0871,2.2163,-0.3377,-3.1940,-7.5389,-2.2293,-3.8125,0.1550
22.9440,dirt,0.715,0.598,0.2744,1.0998,0.1702,0.0878,2.1858,-0.1413,-3.3031,-7.9716,-2.3711,-3.6959,0.1476
22.9560,dirt,0.715,0.597,0.2531,1.1289,0.1556,0.0931,2.6435,0.2779,-3.5147,-8.3108,-2.3956,-3.7314,0.1361
22.9680,dirt,0.715,0.597,0.2312,1.1723,0.1875,0.0970,2.1366,0.3035,-3.7251,-8.6726,-2.5216,-3.7466,0.1237
22.9800,dirt,0.715,0.596,0.2087,1.1680,0.1127,0.0985,3.8252,0.6852,-4.1531,-8.7951,-2.6386,-3.6302,0.1147
22.9920,dirt,0.715,0.595,0.1856,1.2790,0.2290,0.0990,2.9894,-0.5294,-4.2384,-9.4744,-2.5903,-3.6460,0.1051
23.0040,dirt,0.715,0.593,0.1620,1.2951,0.0977,0.1017,2.6753,0.0838,-4.4149,-9.9755,-2.6361,-3.7758,0.0895
23.0160,dirt,0.715,0.592,0.1380,1.2588,0.0808,0.1060,2.4578,0.3654,-4.6890,-10.1633,-2.8582,-3.7903,0.0769
23.0280,dirt,0.715,0.591,0.1135,1.2787,0.1238,0.0988,2.8327,-0.2838,-4.5806,-10.4222,-3.0358,-3.8608,0.0671
23.0400,dirt,0.715,0.589,0.0886,1.2239,0.0596,0.1045,2.6653,0.4011,-4.7051,-10.6470,-2.9785,-4.0609,0.0581
23.0520,dirt,0.715,0.587,0.0634,1.3628,0.1575,0.1050,2.5066,0.3835,-4.6909,-11.0063,-2.9644,-4.0721,0.0403
23.0640,dirt,0.715,0.586,0.0379,1.4035,0.1059,0.1038,2.9940,0.2909,-4.7647,-11.2905,-3.1210,-4.1369,0.0307
23.0760,dirt,0.715,0.584,0.0122,1.3640,0.1803,0.0925,2.6748,-0.7799,-4.8158,-11.5065,-3.1213,-4.1982,0.0329
23.0880,dirt,0.715,0.582,-0.0137,1.4628,0.1283,0.1042,2.5179,0.1135,-4.9529,-11.6034,-3.1771,-4.4038,0.0181
23.1000,dirt,0.715,0.580,-0.0397,1.4876,0.1011,0.1043,2.0078,0.1089,-4.8940,-11.8274,-3.4463,-4.3886,-0.0029
23.1120,dirt,0.715,0.578,-0.0658,1.5946,0.1589,0.1019,2.7304,0.0417,-5.0110,-11.9921,-3.4794,-4.3896,-0.0264
23.1240,dirt,0.715,0.575,-0.0919,1.4354,0.2060,0.0989,1.4881,-0.1324,-5.3016,-12.2133,-3.5119,-4.4813,-0.0411
23.1360,dirt,0.715,0.573,-0.1179,1.6560,0.1056,0.0957,2.2456,-0.0693,-5.5630,-12.3213,-3.3453,-4.6254,-0.0481
23.1480,dirt,0.715,0.571,-0.1437,1.5572,0.1762,0.0886,2.0881,0.2786,-5.6557,-12.4829,-3.6348,-4.5020,-0.0603
23.1600,dirt,0.715,0.568,-0.1694,1.5980,0.0635,0.0865,2.5221,0.0647,-5.7886,-12.5973,-3.8835,-4.3263,-0.0748
23.1720,dirt,0.715,0.565,-0.1949,1.6760,0.0851,0.0847,2.3936,-0.4041,-5.9577,-12.6567,-3.8324,-4.4338,-0.0874
23.1840,dirt,0.715,0.563,-0.2199,1.6858,0.0228,0.0839,2.8049,0.2918,-6.0540,-12.9715,-3.9509,-4.3090,-0.1008
23.1960,dirt,0.715,0.560,-0.2446,1.7741,0.1684,0.0762,2.4977,-0.2415,-6.0378,-13.1226,-3.8970,-4.2464,-0.1116
23.2080,dirt,0.715,0.557,-0.2689,1.7295,0.1334,0.0710,3.1356,-0.3567,-6.1460,-13.2760,-4.1826,-4.3064,-0.1242
23.2200,dirt,0.715,0.554,-0.2925,1.8188,0.0630,0.0695,2.0900,-0.6102,-6.1760,-13.3628,-4.1046,-4.6252,-0.1371
23.2320,dirt,0.715,0.550,-0.3156,1.8604,0.1556,0.0636,2.2041,-0.2531,-6.1169,-13.6481,-4.1178,-4.9136,-0.1476
23.2440,dirt,0.715,0.547,-0.3380,1.8673,0.1190,0.0574,1.9011,-0.5457,-5.9366,-13.7010,-4.2297,-4.9366,-0.1568
23.2560,dirt,0.715,0.544,-0.3596,1.9170,0.0938,0.0545,2.9415,-0.6795,-5.9027,-13.7704,-4.3347,-5.0808,-0.1701
23.2680,dirt,0.715,0.540,-0.3804,2.0151,0.0099,0.0436,2.5810,-0.6403,-6.0554,-13.7990,-4.3373,-5.2532,-0.1809
23.2800,dirt,0.715,0.537,-0.4004,1.9807,0.1713,0.0340,2.4492,-0.8262,-5.9158,-14.1496,-4.3797,-5.3570,-0.1906
23.2920,dirt,0.715,0.533,-0.4193,2.0011,0.0473,0.0330,2.4178,-0.6172,-5.9111,-14.3367,-4.4787,-5.3254,-0.1994
23.3040,dirt,0.715,0.529,-0.4372,2.0096,0.1108,0.0271,1.7154,-0.2893,-6.0300,-14.3394,-4.5137,-5.3228,-0.2072
23.3160,dirt,0.715,0.526,-0.4541,2.0003,-0.0245,0.0263,2.3560,-0.3186,-6.1395,-14.2055,-4.4015,-5.4433,-0.2160
23.3280,dirt,0.715,0.522,-0.4697,2.0515,0.0167,0.0217,2.0889,-0.3588,-6.1286,-14.3557,-4.5211,-5.4071,-0.2266
23.3400,dirt,0.715,0.518,-0.4842,2.0139,0.0760,0.0154,2.5127,-0.3867,-6.2322,-14.1834,-4.6319,-5.2974,-0.2349
23.3520,dirt,0.715,0.514,-0.4973,2.1061,0.0241,0.0112,1.8171,-0.4886,-6.4365,-14.3194,-4.5889,-5.3928,-0.2403
23.3640,dirt,0.715,0.510,-0.5092,2.0593,-0.0597,0.0081,2.3911,-1.2663,-6.2450,-14.6808,-4.8109,-5.3299,-0.2465
23.3760,dirt,0.715,0.506,-0.5196,2.2161,0.0397,0.0003,2.1106,-0.4551,-6.1846,-14.7614,-4.9648,-5.3449,-0.2531
23.3880,dirt,0.715,0.501,-0.5285,2.2193,0.0914,-0.0116,2.3667,-0.5151,-6.4151,-14.7435,-4.9784,-5.2343,-0.2576
23.4000,dirt,0.715,0.497,-0.5360,2.2775,-0.0457,-0.0181,2.4650,-1.2465,-6.3541,-14.9303,-4.8794,-5.1329,-0.2613
23.4120,dirt,0.715,0.493,-0.5419,2.2463,0.0384,-0.0184,1.5394,-0.4172,-6.4189,-14.9482,-5.1002,-5.2962,-0.2641
23.4240,dirt,0.715,0.488,-0.5462,2.3009,-0.0115,-0.0228,1.7212,-1.0004,-6.4349,-14.9873,-5.1138,-5.6275,-0.2666
23.4360,dirt,0.715,0.484,-0.5489,2.2485,-0.1073,-0.0279,1.7656,-0.7056,-6.2784,-15.0139,-5.1529,-5.7920,-0.2694
23.4480,dirt,0.715,0.479,-0.5500,2.3022,-0.0633,-0.0389,1.7445,-0.0258,-6.3982,-14.9539,-5.3109,-5.7178,-0.2701
23.4600,dirt,0.715,0.474,-0.5493,2.2818,-0.0969,-0.0423,2.1183,-1.1212,-6.4687,-14.8257,-5.5409,-5.8048,-0.2695
23.4720,dirt,0.715,0.470,-0.5470,2.3654,-0.0838,-0.0505,2.3010,-1.3570,-6.3498,-14.8390,-5.6090,-5.9096,-0.2692
23.4840,dirt,0.715,0.465,-0.5429,2.2842,-0.0598,-0.0586,1.9852,-0.5652,-6.4934,-14.8645,-5.6119,-5.9126,-0.2678
23.4960,dirt,0.715,0.460,-0.5371,2.3486,-0.0772,-0.0604,2.2087,-0.7942,-6.5120,-14.8515,-5.3929,-5.9929,-0.2658
23.5080,dirt,0.715,0.455,-0.5296,2.4132,-0.1106,-0.0648,2.2087,-0.2073,-6.5420,-14.7784,-5.4369,-6.1426,-0.2623
23.5200,dirt,0.715,0.450,-0.5203,2.4180,-0.1712,-0.0727,1.6917,-0.6025,-6.6428,-14.6649,-5.5156,-6.3199,-0.2574
23.5320,dirt,0.715,0.445,-0.5092,2.4481,-0.1107,-0.0768,2.0188,-1.1651,-6.6301,-14.5406,-5.5119,-6.2166,-0.2521
23.5440,dirt,0.715,0.440,-0.4965,2.4181,-0.0706,-0.0735,1.8651,-0.8572,-6.6531,-14.5494,-5.6311,-6.0940,-0.2476
23.5560,dirt,0.715,0.435,-0.4820,2.5079,-0.1397,-0.0788,1.6465,-0.2523,-6.6882,-14.4810,-5.6342,-6.1538,-0.2415
23.5680,dirt,0.715,0.430,-0.4659,2.5131,-0.1604,-0.0730,3.0767,-1.5684,-6.6461,-14.3055,-5.6494,-6.3333,-0.2336
23.5800,dirt,0.715,0.425,-0.4481,2.5199,-0.1576,-0.0770,2.3872,-0.2203,-6.7579,-14.1255,-5.9894,-5.9402,-0.2264
23.5920,dirt,0.715,0.420,-0.4287,2.5604,-0.1843,-0.0806,2.1325,-0.6863,-7.0743,-13.7696,-6.1089,-5.9686,-0.2175
23.6040,dirt,0.715,0.415,-0.4077,2.6184,-0.1131,-0.0809,1.5275,-0.7585,-7.0262,-13.7355,-6.1944,-5.9425,-0.2093
23.6160,dirt,0.715,0.410,-0.3852,2.6248,-0.1832,-0.0918,1.9502,0.1402,-7.1890,-13.6303,-6.2984,-5.8005,-0.1973
23.6280,dirt,0.715,0.404,-0.3612,2.6136,-0.2328,-0.0921,2.5411,-0.7461,-7.3031,-13.2625,-6.2378,-6.1607,-0.1849
23.6400,dirt,0.715,0.399,-0.3359,2.7075,-0.1327,-0.0964,2.0517,-0.8107,-7.2632,-13.2331,-6.2631,-6.4497,-0.1748
23.6520,dirt,0.715,0.394,-0.3092,2.7251,-0.1280,-0.1033,3.0088,-0.3799,-7.3518,-13.0045,-6.2830,-6.3432,-0.1637
23.6640,dirt,0.715,0.388,-0.2814,2.7278,-0.1267,-0.1090,2.4478,-0.9339,-7.2768,-13.0682,-6.3346,-6.3559,-0.1491
23.6760,dirt,0.715,0.383,-0.2523,2.7139,-0.1544,-0.1124,1.7312,-0.0054,-7.3676,-13.0140,-6.3137,-6.4835,-0.1344
23.6880,dirt,0.715,0.378,-0.2222,2.8458,-0.2073,-0.1010,2.3295,-0.2928,-7.2945,-12.9417,-6.3969,-6.4632,-0.1214
23.7000,dirt,0.715,0.372,-0.1912,2.7820,-0.1834,-0.1013,1.9726,-0.1124,-7.3478,-12.8046,-6.4222,-6.3759,-0.1061
23.7120,dirt,0.715,0.367,-0.1593,2.8656,-0.2339,-0.1026,2.2316,-0.6052,-7.4922,-12.6719,-6.3829,-6.3868,-0.0897
23.7240,dirt,0.715,0.362,-0.1266,2.9037,-0.0601,-0.0995,2.6454,-0.2275,-7.4378,-12.4528,-6.5845,-6.2014,-0.0738
23.7360,dirt,0.715,0.356,-0.0934,2.8793,-0.1395,-0.0992,0.8145,0.9869,-7.6704,-12.3531,-6.7731,-6.2674,-0.0554
23.7480,dirt,0.715,0.351,-0.0596,2.8697,-0.1689,-0.0928,2.0655,-0.3072,-7.6511,-12.0777,-6.7673,-6.2747,-0.0385
23.7600,dirt,0.715,0.346,-0.0254,2.9501,-0.1753,-0.0947,2.6677,0.4191,-7.7396,-11.8690,-6.8924,-6.3001,-0.0235
23.7720,dirt,0.715,0.340,0.0090,2.9562,-0.0307,-0.0961,2.2962,0.6862,-7.8945,-11.6234,-6.8334,-6.3039,-0.0079
23.7840,dirt,0.715,0.335,0.0435,3.0108,-0.2014,-0.0939,1.6298,0.0068,-7.9229,-11.3645,-6.9789,-6.4624,0.0068
23.7960,dirt,0.715,0.329,0.0780,3.0229,-0.1600,-0.0928,2.1565,0.0921,-7.9522,-11.1883,-6.9339,-6.7328,0.0319
23.8080,dirt,0.715,0.324,0.1123,3.1034,-0.1184,-0.0842,2.0021,0.0242,-7.8489,-10.8823,-6.9992,-6.9156,0.0511
23.8200,dirt,0.715,0.319,0.1463,3.0840,-0.1196,-0.0782,1.5929,0.6040,-7.9522,-10.5778,-7.0517,-6.9625,0.0654
23.8320,dirt,0.715,0.313,0.1799,3.1319,-0.1265,-0.0699,1.9391,0.2615,-8.0279,-10.2853,-6.9518,-7.1582,0.0800
23.8440,dirt,0.715,0.308,0.2129,3.1233,-0.1502,-0.0676,2.3150,0.6936,-8.2080,-9.9025,-6.9458,-6.9921,0.0969
23.8560,dirt,0.715,0.303,0.2451,3.0995,-0.1132,-0.0540,2.3681,-0.6576,-8.2313,-9.7959,-7.0294,-6.8774,0.1122
23.8680,dirt,0.715,0.297,0.2764,3.1094,-0.0992,-0.0414,1.8737,0.5363,-8.3764,-9.6263,-7.0113,-6.9121,0.1268
23.8800,dirt,0.715,0.292,0.3067,3.1259,-0.1172,-0.0394,2.0929,0.4832,-8.4945,-9.5132,-7.0766,-7.0073,0.1442
23.8920,dirt,0.715,0.287,0.3359,3.2545,-0.0535,-0.0292,0.7042,0.3855,-8.4787,-9.4769,-7.1816,-7.0177,0.1608
23.9040,dirt,0.715,0.282,0.3637,3.2619,-0.0316,-0.0184,0.9828,1.0091,-8.5669,-9.3247,-7.2927,-6.9957,0.1719
23.9160,dirt,0.715,0.277,0.3900,3.1814,-0.0510,-0.0147,0.5419,0.8038,-8.5866,-9.1633,-7.2880,-7.0421,0.1874
23.9280,dirt,0.715,0.271,0.4148,3.2344,-0.0913,-0.0100,1.2843,1.0995,-8.5707,-9.1748,-7.1263,-7.1922,0.1997
23.9400,dirt,0.715,0.266,0.4378,3.2820,-0.0620,0.0035,2.0424,0.7084,-8.6238,-9.0585,-7.1726,-7.1721,0.2103
23.9520,dirt,0.715,0.261,0.4590,3.2349,-0.0524,0.0035,2.2296,1.5513,-8.6556,-8.9200,-7.1426,-7.2548,0.2167
23.9640,dirt,0.715,0.256,0.4783,3.2582,0.0047,0.0058,1.9147,0.7569,-8.7162,-8.7735,-7.3048,-7.2046,0.2309
23.9760,dirt,0.715,0.251,0.4954,3.3361,-0.0286,0.0143,1.1586,1.1147,-8.5120,-8.8317,-7.3306,-7.3622,0.2422
23.9880,dirt,0.715,0.246,0.5104,3.3043,0.0989,0.0322,1.2623,0.8294,-8.3904,-8.7737,-7.2998,-7.4358,0.2483
24.0000,dirt,0.715,0.242,0.5231,3.4115,0.0683,0.0405,1.3206,1.2318,-8.3786,-8.6897,-7.3772,-7.3346,0.2537
24.0120,dirt,0.715,0.237,0.5334,3.4657,0.0224,0.0519,1.4578,1.0855,-8.4116,-8.6335,-7.3121,-7.4708,0.2597
24.0240,dirt,0.715,0.232,0.5413,3.3959,-0.0404,0.0567,0.8125,0.2035,-8.3918,-8.6041,-7.1924,-7.4998,0.2647
24.0360,dirt,0.715,0.227,0.5467,3.4418,0.0774,0.0673,0.2185,1.3616,-8.3708,-8.5418,-7.2217,-7.5985,0.2682
24.0480,dirt,0.715,0.223,0.5495,3.3500,0.1834,0.0796,0.5310,0.6958,-8.3467,-8.4970,-7.1634,-7.6620,0.2702
24.0600,dirt,0.715,0.218,0.5498,3.3630,0.1585,0.0886,0.7311,1.6587,-8.4108,-8.3829,-7.2296,-7.7146,0.2712
24.0720,dirt,0.715,0.213,0.5474,3.4804,0.1003,0.0908,1.3194,2.2652,-8.3926,-8.3772,-7.2342,-7.8778,0.2711
24.0840,dirt,0.715,0.209,0.5423,3.4186,0.1640,0.0981,1.0134,0.9632,-8.3686,-8.2876,-7.3649,-7.6690,0.2693
24.0960,dirt,0.715,0.205,0.5346,3.4597,0.0726,0.1004,1.8596,1.8805,-8.3099,-8.2416,-7.4844,-7.7387,0.2663
24.1080,dirt,0.715,0.200,0.5242,3.5228,0.1365,0.1104,1.2158,1.4321,-8.2861,-8.1596,-7.4629,-7.7611,0.2618
24.1200,dirt,0.715,0.196,0.5112,3.4777,0.1674,0.1195,-0.0041,1.5191,-8.2651,-8.0423,-7.3700,-7.9950,0.2566
24.1320,dirt,0.715,0.192,0.4956,3.5263,0.1389,0.1293,0.6021,0.9792,-8.2625,-7.9919,-7.5852,-7.7522,0.2498
24.1440,dirt,0.715,0.188,0.4774,3.4487,0.1587,0.1347,0.2021,0.5904,-8.1948,-7.9505,-7.9186,-7.8502,0.2404
24.1560,dirt,0.715,0.183,0.4567,3.5137,0.1306,0.1413,0.8624,0.1918,-8.1577,-7.8365,-7.9875,-7.9053,0.2296
24.1680,dirt,0.715,0.180,0.4337,3.5099,0.1274,0.1505,0.3102,1.4222,-8.0675,-7.8587,-8.0924,-7.9868,0.2199
24.1800,dirt,0.715,0.176,0.4083,3.4674,0.1053,0.1568,0.6307,1.4655,-7.9560,-7.8067,-8.0405,-7.9964,0.2107
24.1920,dirt,0.715,0.172,0.3807,3.5057,0.2223,0.1487,-0.0207,3.1132,-7.9688,-7.8139,-7.4376,-8.1258,0.1979
24.2040,dirt,0.715,0.168,0.3510,3.5445,0.1536,0.1425,-1.1865,0.7809,-8.0977,-7.8350,-7.5653,-7.9417,0.1831
24.2160,dirt,0.715,0.164,0.3194,3.5715,0.2041,0.1446,0.5809,-0.2573,-8.1719,-7.8293,-7.4092,-7.9767,0.1687
24.2280,dirt,0.715,0.161,0.2859,3.5600,0.0944,0.1487,0.2901,1.3257,-8.1475,-7.8838,-7.4391,-8.0146,0.1543
24.2400,dirt,0.715,0.157,0.2508,3.4830,0.1990,0.1494,-0.1345,0.6419,-8.2079,-7.8221,-7.2840,-8.0224,0.1382
24.2520,dirt,0.715,0.154,0.2142,3.5638,0.2507,0.1477,0.0488,0.9987,-8.2032,-7.8192,-7.1715,-8.1642,0.1209
24.2640,dirt,0.715,0.151,0.1763,3.5597,0.2482,0.1397,-0.2918,1.1898,-8.1914,-7.7216,-7.2247,-8.0369,0.1001
24.2760,dirt,0.715,0.147,0.1374,3.5788,0.1983,0.1385,-0.1098,0.9548,-8.2671,-7.5459,-7.4482,-7.8353,0.0795
24.2880,dirt,0.715,0.144,0.0975,3.5320,0.2323,0.1295,0.3641,0.6320,-8.2795,-7.4811,-7.4495,-7.7858,0.0619
24.3000,dirt,0.715,0.141,0.0569,3.5982,0.2150,0.1313,-0.0641,-0.2957,-8.2369,-7.5403,-7.3469,-7.8266,0.0417
24.3120,dirt,0.715,0.138,0.0159,3.6398,0.2604,0.1256,-0.1580,0.2221,-8.2881,-7.5298,-7.3902,-7.9198,0.0229
24.3240,dirt,0.715,0.136,-0.0254,3.4985,0.1738,0.1249,0.0802,0.1497,-8.1234,-7.5826,-7.3365,-7.8161,0.0025
24.3360,dirt,0.715,0.133,-0.0667,3.4315,0.2471,0.1200,0.5813,-0.7409,-8.0776,-7.6205,-7.3363,-7.9315,-0.0202
24.3480,dirt,0.715,0.130,-0.1077,3.6095,0.1868,0.1036,0.6957,0.5219,-7.8579,-7.5805,-7.4708,-7.7760,-0.0393
24.3600,dirt,0.715,0.128,-0.1483,3.5480,0.1348,0.0977,-0.0388,-0.3502,-7.7197,-7.6030,-7.4661,-7.8357,-0.0593
24.3720,dirt,0.715,0.125,-0.1881,3.5997,0.1787,0.0911,-0.1876,0.0402,-7.6490,-7.5387,-7.5253,-7.8781,-0.0779
24.3840,dirt,0.715,0.123,-0.2270,3.5879,0.0812,0.0875,-0.0050,-0.1314,-7.7544,-7.4139,-7.5080,-7.7988,-0.0957
24.3960,dirt,0.715,0.121,-0.2647,3.5419,0.0866,0.0759,-0.1506,-0.8053,-7.6863,-7.4089,-7.5600,-7.8244,-0.1103
24.4080,dirt,0.715,0.119,-0.3010,3.5195,0.1341,0.0700,-0.5557,-0.9723,-7.7261,-7.3499,-7.4877,-7.8650,-0.1320
24.4200,dirt,0.715,0.117,-0.3356,3.4820,0.0744,0.0671,0.1047,-0.3678,-7.7131,-7.3219,-7.5381,-7.7564,-0.1549
24.4320,dirt,0.715,0.115,-0.3683,3.5367,0.1227,0.0573,-0.3780,-0.8630,-7.5919,-7.3609,-7.5394,-7.7401,-0.1755
24.4440,dirt,0.715,0.113,-0.3990,3.5696,0.1527,0.0485,-0.3420,-0.5281,-7.5261,-7.3929,-7.5606,-7.6474,-0.1900
24.4560,dirt,0.715,0.111,-0.4273,3.6182,0.1458,0.0370,-0.4399,-1.0132,-7.3776,-7.4547,-7.4997,-7.8123,-0.2003
24.4680,dirt,0.715,0.110,-0.4530,3.5290,0.0605,0.0225,-0.2193,-0.6053,-7.2873,-7.4667,-7.5822,-7.7574,-0.2121
24.4800,dirt,0.715,0.108,-0.4761,3.5525,0.1127,0.0195,-0.4491,-1.3829,-7.1702,-7.4564,-7.6550,-7.7292,-0.2258
24.4920,dirt,0.715,0.107,-0.4963,3.5426,0.0589,0.0174,-0.3373,0.1167,-7.2319,-7.4266,-7.5607,-7.8208,-0.2381
24.5040,dirt,0.715,0.106,-0.5135,3.5296,-0.0296,0.0140,-1.3312,-2.1279,-7.2530,-7.2911,-7.5480,-7.7261,-0.2458
24.5160,dirt,0.715,0.105,-0.5275,3.5062,0.0144,0.0023,0.1866,-1.4623,-7.2255,-7.3774,-7.4920,-7.7454,-0.2513
24.5280,dirt,0.715,0.104,-0.5382,3.5949,-0.0238,-0.0060,0.1563,-0.6898,-7.1789,-7.3581,-7.6921,-7.7097,-0.2617
24.5400,dirt,0.715,0.103,-0.5455,3.4758,0.0261,-0.0160,-0.0218,-2.5563,-7.1887,-7.3885,-7.5976,-7.6350,-0.2676
24.5520,dirt,0.715,0.102,-0.5494,3.5067,-0.0315,-0.0176,-1.2180,-1.6205,-7.0657,-7.4463,-7.4238,-7.8302,-0.2676
24.5640,dirt,0.715,0.101,-0.5497,3.6057,-0.0266,-0.0183,-0.6687,-1.7620,-7.0598,-7.4906,-7.4058,-7.7338,-0.2677
24.5760,dirt,0.715,0.101,-0.5464,3.5353,-0.0217,-0.0261,-0.6942,-1.5852,-7.0884,-7.4533,-7.5039,-7.6919,-0.2687
24.5880,dirt,0.715,0.101,-0.5396,3.5543,-0.0555,-0.0459,-0.3876,-1.1796,-7.0059,-7.4771,-7.5531,-7.6727,-0.2676
24.6000,dirt,0.715,0.100,-0.5291,3.4695,-0.0152,-0.0541,-0.3177,-0.6204,-6.8320,-7.5431,-7.5616,-7.6051,-0.2619
24.6120,dirt,0.715,0.100,-0.5151,3.5266,-0.0330,-0.0549,-0.7037,-1.2435,-6.7974,-7.5348,-7.4086,-7.7027,-0.2563
24.6240,dirt,0.715,0.100,-0.4976,3.5077,-0.1434,-0.0590,0.2227,-1.4193,-6.9119,-7.4429,-7.5370,-7.5469,-0.2494
24.6360,dirt,0.715,0.100,-0.4768,3.4278,-0.1340,-0.0625,-0.6763,-0.6380,-6.9144,-7.3867,-7.5468,-7.5703,-0.2420
24.6480,dirt,0.715,0.100,-0.4526,3.4478,-0.0607,-0.0818,-0.1731,-0.8628,-6.9509,-7.4011,-7.5573,-7.3936,-0.2316
24.6600,dirt,0.715,0.100,-0.4252,3.4479,-0.1801,-0.0869,-0.0415,-2.2749,-6.8211,-7.4866,-7.4211,-7.3527,-0.2167
24.6720,dirt,0.715,0.101,-0.3949,3.3799,-0.0714,-0.0913,-0.7857,-1.4199,-6.9090,-7.4920,-7.5102,-7.3734,-0.2040
24.6840,dirt,0.715,0.101,-0.3617,3.4673,-0.1089,-0.0921,-1.0911,-1.8901,-6.8770,-7.4728,-7.5415,-7.2601,-0.1903
24.6960,dirt,0.715,0.102,-0.3259,3.4439,-0.1258,-0.0975,-1.0284,-1.5200,-6.8581,-7.5316,-7.4121,-7.3084,-0.1739
24.7080,dirt,0.715,0.103,-0.2877,3.5072,-0.1330,-0.1004,-0.8489,-1.0676,-6.8325,-7.5326,-7.4624,-7.3023,-0.1563
24.7200,dirt,0.715,0.104,-0.2474,3.4392,-0.2358,-0.1154,-0.3330,-1.9510,-6.6907,-7.6820,-7.6311,-7.1068,-0.1241
24.7320,dirt,0.715,0.105,-0.2051,3.4061,-0.2070,-0.0962,-0.6309,-0.7781,-6.8432,-7.4936,-7.5204,-7.1690,-0.1133
24.7440,dirt,0.715,0.106,-0.1613,3.4735,-0.1883,-0.1052,-1.0236,-1.5787,-6.9278,-7.3634,-7.5134,-7.1403,-0.1023
24.7560,dirt,0.715,0.107,-0.1162,3.4022,-0.2153,-0.1114,-1.1473,0.2897,-6.5081,-7.6045,-7.4940,-7.1288,-0.0732
24.7680,dirt,0.715,0.108,-0.0701,3.4398,-0.1759,-0.1082,-0.5812,0.1171,-6.3768,-7.7255,-7.5844,-7.0884,-0.0414
24.7800,dirt,0.715,0.110,-0.0233,3.3646,-0.2007,-0.0959,0.0312,0.2381,-6.7491,-7.4976,-7.5033,-7.1028,-0.0244
24.7920,dirt,0.715,0.111,0.0238,3.3629,-0.2296,-0.0955,-0.1766,0.8425,-6.8191,-7.3673,-7.4440,-7.0722,-0.0071
24.8040,dirt,0.715,0.113,0.0709,3.4128,-0.1239,-0.0897,-2.1303,0.5668,-6.6764,-7.4064,-7.4328,-7.1202,0.0151
24.8160,dirt,0.715,0.115,0.1175,3.3535,-0.2055,-0.0894,-0.5171,0.7793,-6.4841,-7.4947,-7.2999,-7.1262,0.0413
24.8280,dirt,0.715,0.116,0.1635,3.3295,-0.0821,-0.0738,-0.3952,0.6692,-6.4527,-7.4529,-7.2187,-7.2820,0.0669
24.8400,dirt,0.715,0.118,0.2084,3.4084,-0.1040,-0.0628,0.3316,-0.1870,-6.3850,-7.4119,-7.2422,-7.0823,0.0894
24.8520,dirt,0.715,0.120,0.2518,3.3219,-0.2240,-0.0617,-0.0403,0.4701,-6.5204,-7.2656,-7.4208,-7.0406,0.1071
24.8640,dirt,0.715,0.123,0.2935,3.3948,-0.1855,-0.0621,-0.2408,-0.7175,-6.4739,-7.2055,-7.3211,-7.0534,0.1279
24.8760,dirt,0.715,0.125,0.3330,3.3277,-0.1344,-0.0582,-0.1864,0.1428,-6.3788,-7.2052,-7.3987,-6.9407,0.1550
24.8880,dirt,0.715,0.127,0.3701,3.3560,-0.1534,-0.0353,-0.0683,1.0099,-6.3781,-7.1371,-7.2879,-7.1313,0.1724
24.9000,dirt,0.715,0.130,0.4045,3.3627,-0.1044,-0.0313,-2.0556,0.7589,-6.5362,-6.9003,-7.2675,-7.1170,0.1809
24.9120,dirt,0.715,0.132,0.4358,3.4171,-0.1217,-0.0271,-1.9983,0.8988,-6.5626,-6.8726,-7.1733,-7.1395,0.1963
24.9240,dirt,0.715,0.135,0.4638,3.2867,0.0802,-0.0195,-0.1510,0.8064,-6.3873,-6.9810,-7.1172,-7.1445,0.2176
24.9360,dirt,0.715,0.138,0.4882,3.2880,-0.1114,-0.0094,-1.1206,0.5167,-6.3894,-6.8993,-7.1203,-7.1389,0.2353
24.9480,dirt,0.715,0.141,0.5088,3.3848,-0.0667,0.0112,-1.0438,0.7770,-6.4453,-6.7665,-7.1155,-7.1331,0.2453
24.9600,dirt,0.715,0.144,0.5254,3.3012,-0.0693,0.0145,-0.5506,1.4552,-6.5486,-6.6612,-7.0965,-7.1231,0.2512
24.9720,dirt,0.715,0.147,0.5379,3.3297,-0.0906,0.0163,-0.4878,1.7372,-6.5035,-6.6788,-7.1044,-7.0329,0.2597
24.9840,dirt,0.715,0.150,0.5460,3.2768,-0.0186,0.0202,-0.6502,0.6442,-6.5360,-6.6294,-6.9809,-7.2057,0.2667
24.9960,dirt,0.715,0.153,0.5498,3.1499,0.0995,0.0265,0.1093,1.0804,-6.5750,-6.5690,-6.9582,-7.3295,0.2703
25.0080,dirt,0.715,0.157,0.5490,3.2740,-0.0502,0.0332,-0.4944,1.2195,-6.6161,-6.5350,-6.9961,-7.0866,0.2712
25.0200,dirt,0.715,0.160,0.5437,3.2885,0.0319,0.0457,-0.7167,1.4292,-6.6509,-6.4494,-6.9552,-7.0622,0.2691
25.0320,dirt,0.715,0.164,0.5339,3.3105,-0.0222,0.0511,-0.5882,1.0706,-6.6907,-6.3907,-6.9149,-7.1755,0.2651
25.0440,dirt,0.715,0.167,0.5197,3.2928,0.0706,0.0561,-0.6624,0.9360,-6.7367,-6.3356,-6.8882,-7.2049,0.2603
25.0560,dirt,0.715,0.171,0.5010,3.2744,0.1123,0.0604,-0.2319,0.8885,-6.7763,-6.3330,-6.8885,-7.1523,0.2536
25.0680,dirt,0.715,0.175,0.4781,3.2566,0.0817,0.0749,-0.5341,1.7462,-6.8414,-6.2669,-6.7917,-7.1354,0.2435
25.0800,dirt,0.715,0.179,0.4511,3.1901,0.0745,0.0816,-0.3284,1.0844,-6.8979,-6.2443,-6.7730,-7.2392,0.2313
25.0920,dirt,0.715,0.183,0.4201,3.1565,0.0727,0.0893,-1.2418,1.1255,-6.9803,-6.2332,-6.7990,-7.0479,0.2170
25.1040,dirt,0.715,0.187,0.3854,3.1733,0.1296,0.0922,-0.5573,1.4076,-7.0407,-6.3339,-6.8923,-6.9885,0.2022
25.1160,dirt,0.715,0.191,0.3473,3.2598,0.0839,0.0970,-0.6500,2.1906,-7.0788,-6.3036,-6.7441,-7.0056,0.1849
25.1280,dirt,0.715,0.195,0.3061,3.1929,0.1208,0.1018,-0.9787,1.6951,-7.1906,-6.2697,-6.7422,-7.0824,0.1600
25.1400,dirt,0.715,0.199,0.2621,3.2253,0.1167,0.1032,-0.9450,1.4392,-7.1694,-6.3319,-6.7428,-7.0171,0.1392
25.1520,dirt,0.715,0.204,0.2157,3.2201,0.2481,0.1045,-0.4090,2.1265,-7.1253,-6.3006,-6.7996,-7.1816,0.1206
25.1640,dirt,0.715,0.208,0.1672,3.1682,0.1403,0.1060,-1.1333,1.5165,-7.0505,-6.3834,-6.7643,-7.0244,0.1021
25.1760,dirt,0.715,0.213,0.1171,3.2244,0.2457,0.1100,0.1455,0.4351,-7.2051,-6.1977,-6.6789,-7.0271,0.0751
25.1880,dirt,0.715,0.217,0.0658,3.1216,0.1775,0.1067,-1.2584,0.9635,-7.3847,-6.1468,-6.6997,-7.0360,0.0458
25.2000,dirt,0.715,0.222,0.0138,3.1388,0.1904,0.0990,-0.2646,-0.3522,-7.3685,-6.2850,-6.7202,-7.0076,0.0245
25.2120,dirt,0.715,0.226,-0.0385,3.1416,0.1373,0.0975,-0.3743,-0.2036,-7.2792,-6.3964,-6.7044,-7.0114,-0.0016
25.2240,dirt,0.715,0.231,-0.0906,3.2204,0.2165,0.0934,-0.5280,0.1689,-7.3026,-6.4240,-6.7096,-7.0086,-0.0270
25.2360,dirt,0.715,0.236,-0.1420,3.1930,0.1639,0.0867,0.1076,-0.6478,-7.1931,-6.4123,-6.7586,-7.0273,-0.0504
25.2480,dirt,0.715,0.241,-0.1922,3.1215,0.2038,0.0773,0.0451,0.2111,-7.2436,-6.3047,-6.6767,-7.0380,-0.0884
25.2600,dirt,0.715,0.246,-0.2408,3.2040,0.1415,0.0584,-0.4879,-0.1813,-7.0935,-6.4134,-6.7336,-7.0081,-0.1086
25.2720,dirt,0.715,0.251,-0.2874,3.0307,0.1398,0.0532,-0.2055,-0.2761,-7.0166,-6.5122,-6.7858,-7.0254,-0.1219
25.2840,dirt,0.715,0.255,-0.3313,3.2779,0.1222,0.0538,-0.4416,-0.3777,-7.1634,-6.4041,-6.8690,-6.9830,-0.1479
25.2960,dirt,0.715,0.260,-0.3723,3.1769,0.1330,0.0532,0.1846,0.3148,-7.4069,-6.2481,-6.8863,-7.0021,-0.1751
25.3080,dirt,0.715,0.266,-0.4099,3.2158,0.1300,0.0285,0.3246,-0.6097,-7.2878,-6.2827,-6.9100,-7.0052,-0.1962
25.3200,dirt,0.715,0.271,-0.4437,3.2167,0.1813,0.0153,-0.2528,-0.3327,-7.1085,-6.5475,-6.9099,-6.9830,-0.2066
25.3320,dirt,0.715,0.276,-0.4733,3.2378,0.1512,0.0119,0.0269,-1.3891,-6.9118,-6.7427,-6.9501,-6.9666,-0.2173
25.3440,dirt,0.715,0.281,-0.4985,3.1992,0.0408,0.0093,0.0618,-1.1167,-6.9772,-6.7825,-6.9069,-6.9769,-0.2363
25.3560,dirt,0.715,0.286,-0.5189,3.1797,-0.0220,0.0073,0.0243,-1.5827,-6.9252,-6.8381,-6.9014,-6.9349,-0.2507
25.3680,dirt,0.715,0.291,-0.5343,3.1953,0.0585,-0.0148,-0.0510,-0.5465,-6.8815,-6.9802,-6.9929,-6.8967,-0.2574
25.3800,dirt,0.715,0.297,-0.5446,3.2635,-0.0152,-0.0265,-0.5051,-1.5018,-6.7945,-7.1459,-6.9586,-6.9382,-0.2635
25.3920,dirt,0.715,0.302,-0.5495,3.2682,0.0771,-0.0289,0.3024,-1.0702,-6.7810,-7.2390,-7.0433,-6.9289,-0.2684
25.4040,dirt,0.715,0.307,-0.5491,3.2087,0.0010,-0.0410,0.1202,-1.2201,-6.6318,-7.3798,-6.8896,-6.9263,-0.2697
25.4160,dirt,0.715,0.312,-0.5431,3.2618,-0.0902,-0.0400,-0.4372,-1.9249,-6.5959,-7.5005,-6.9961,-6.9177,-0.2681
25.4280,dirt,0.715,0.318,-0.5318,3.2200,0.0541,-0.0472,0.3357,-2.0877,-6.6234,-7.5713,-7.1143,-6.8625,-0.2635
25.4400,dirt,0.715,0.323,-0.5151,3.1759,-0.0701,-0.0573,0.9146,-1.2803,-6.7644,-7.5250,-7.0153,-6.9940,-0.2582
25.4520,dirt,0.715,0.328,-0.4931,3.2595,-0.0645,-0.0592,0.0091,-2.0233,-6.6950,-7.6452,-7.0138,-6.9954,-0.2489
25.4640,dirt,0.715,0.334,-0.4660,3.1718,-0.1548,-0.0623,0.7662,-1.0841,-6.7552,-7.7282,-7.2025,-7.0038,-0.2396
25.4760,dirt,0.715,0.339,-0.4342,3.2067,-0.0137,-0.0704,-0.9338,-0.3888,-6.6764,-7.8697,-7.1327,-6.8573,-0.2225
25.4880,dirt,0.715,0.345,-0.3978,3.2080,-0.0910,-0.0788,0.4216,-1.4060,-6.7569,-7.9657,-7.2607,-6.8626,-0.2085
25.5000,dirt,0.715,0.350,-0.3572,3.2741,-0.0580,-0.0893,-0.0123,-0.7583,-6.8053,-8.0050,-7.2000,-6.8867,-0.1949
25.5120,dirt,0.715,0.355,-0.3128,3.1157,-0.1072,-0.1040,0.3711,-1.2997,-6.6575,-8.2340,-7.2122,-6.9431,-0.1659
25.5240,dirt,0.715,0.361,-0.2650,3.1858,-0.2082,-0.1054,0.6543,-1.1419,-6.8017,-8.4908,-7.5061,-6.9240,-0.1411
25.5360,dirt,0.715,0.366,-0.2143,3.1830,-0.0971,-0.0966,-0.7893,-0.9566,-6.8511,-8.3396,-7.2643,-6.9273,-0.1263
25.5480,dirt,0.715,0.372,-0.1612,3.2294,-0.1877,-0.1065,1.4313,-1.3945,-6.8269,-8.3913,-7.2037,-7.0149,-0.0993
25.5600,dirt,0.715,0.377,-0.1063,3.2099,-0.2318,-0.1120,1.6014,-0.3551,-6.5244,-8.6052,-7.4008,-7.0196,-0.0695
25.5720,dirt,0.715,0.382,-0.0501,3.2300,-0.1270,-0.1064,0.4370,-1.3305,-6.7928,-8.5240,-7.3727,-7.0891,-0.0452
25.5840,dirt,0.715,0.388,0.0068,3.2460,-0.0866,-0.1048,0.8867,-1.2345,-6.7769,-8.5708,-7.3305,-7.0658,-0.0187
25.5960,dirt,0.715,0.393,0.0637,3.2785,-0.1668,-0.1015,0.3803,-0.3262,-6.7473,-8.7701,-7.3755,-7.1271,0.0166
25.6080,dirt,0.715,0.398,0.1201,3.3493,-0.1451,-0.0791,1.1945,-0.4734,-6.7943,-8.8712,-7.3920,-7.2033,0.0466
25.6200,dirt,0.715,0.403,0.1754,3.2679,-0.2313,-0.0745,1.5069,0.4281,-7.0108,-8.8785,-7.4304,-7.2186,0.0663
25.6320,dirt,0.715,0.409,0.2289,3.2656,-0.0608,-0.0735,0.5115,0.4326,-7.1754,-8.8664,-7.3837,-7.1814,0.0952
25.6440,dirt,0.715,0.414,0.2800,3.3882,-0.1956,-0.0727,1.6488,0.5257,-7.2752,-8.8847,-7.3476,-7.2477,0.1256
25.6560,dirt,0.715,0.419,0.3282,3.3208,-0.1385,-0.0708,2.3398,1.0061,-7.4124,-8.9061,-7.5425,-7.3348,0.1627
25.6680,dirt,0.715,0.424,0.3728,3.3912,-0.1466,-0.0474,1.1158,0.6886,-7.5068,-8.8811,-7.4469,-7.2824,0.1822
25.6800,dirt,0.715,0.429,0.4134,3.4341,-0.1522,-0.0350,0.9507,0.8309,-7.6088,-8.8066,-7.5428,-7.3305,0.1938
25.6920,dirt,0.715,0.434,0.4494,3.4182,-0.1213,-0.0283,1.2337,1.3360,-7.7143,-8.7172,-7.4657,-7.4387,0.2055
25.7040,dirt,0.715,0.440,0.4805,3.3490,-0.1269,-0.0245,1.1018,0.6363,-7.7938,-8.6751,-7.5087,-7.4847,0.2264
25.7160,dirt,0.715,0.445,0.5063,3.4264,-0.0930,-0.0207,1.4362,1.1650,-7.8294,-8.6473,-7.5460,-7.5556,0.2484
25.7280,dirt,0.715,0.449,0.5263,3.4377,-0.1581,0.0037,1.3449,0.7138,-7.8439,-8.6832,-7.4823,-7.6224,0.2611
25.7400,dirt,0.715,0.454,0.5403,3.4311,-0.0978,0.0147,0.8839,1.5075,-8.0634,-8.6100,-7.5405,-7.6317,0.2647
25.7520,dirt,0.715,0.459,0.5482,3.4844,-0.1038,0.0250,1.2363,0.9503,-8.2341,-8.5691,-7.5610,-7.6068,0.2670
25.7640,dirt,0.715,0.464,0.5498,3.4329,-0.0548,0.0307,0.9657,1.8771,-8.4277,-8.4885,-7.5483,-7.7447,0.2705
25.7760,dirt,0.715,0.469,0.5450,3.4666,0.0483,0.0431,1.0374,0.8488,-8.5459,-8.4701,-7.6231,-7.6459,0.2725
25.7880,dirt,0.715,0.474,0.5338,3.5202,0.0511,0.0477,1.0122,1.2449,-8.7501,-8.4182,-7.5758,-7.8504,0.2694
25.8000,dirt,0.715,0.478,0.5163,3.4881,0.0527,0.0531,1.1094,2.0252,-9.0003,-8.2926,-7.6236,-7.8077,0.2620
25.8120,dirt,0.715,0.483,0.4927,3.5210,0.1125,0.0597,0.9140,0.6024,-9.1293,-8.2701,-7.6955,-7.8733,0.2518
25.8240,dirt,0.715,0.487,0.4632,3.5186,0.0496,0.0673,0.8618,1.6478,-9.1631,-8.2267,-7.7866,-7.9466,0.2372
25.8360,dirt,0.715,0.492,0.4281,3.4995,-0.0100,0.0710,1.0782,0.9483,-9.2211,-8.0922,-7.8005,-8.0153,0.2239
25.8480,dirt,0.715,0.496,0.3878,3.5167,0.1638,0.0918,1.5018,1.1539,-9.2728,-8.1752,-7.8726,-7.9350,0.2059
25.8600,dirt,0.715,0.501,0.3427,3.5717,0.1179,0.0989,1.5110,1.4603,-9.4012,-8.1403,-7.7068,-8.0904,0.1855
25.8720,dirt,0.715,0.505,0.2934,3.6657,0.0430,0.1036,1.3880,1.0561,-9.4945,-8.2302,-7.7579,-8.0926,0.1637
25.8840,dirt,0.715,0.509,0.2404,3.5702,0.0769,0.1106,0.8966,1.4551,-9.5218,-8.1916,-7.6956,-8.0426,0.1366
25.8960,dirt,0.715,0.513,0.1843,3.5838,0.2133,0.1131,1.9678,1.2374,-9.6663,-8.2032,-7.8767,-8.2071,0.1062
25.9080,dirt,0.715,0.517,0.1258,3.6367,0.1296,0.1062,1.2220,1.9033,-9.7375,-8.0871,-7.8743,-8.0715,0.0800
25.9200,dirt,0.715,0.521,0.0656,3.7394,0.1102,0.1073,1.5280,0.7001,-9.8047,-8.1434,-7.9865,-8.1967,0.0581
25.9320,dirt,0.715,0.525,0.0045,3.7251,0.1045,0.1061,1.1616,0.9837,-9.8681,-8.1433,-7.8711,-8.2525,0.0298
25.9440,dirt,0.715,0.529,-0.0568,3.7273,0.2031,0.1019,1.1871,0.7423,-9.9492,-8.2140,-8.0069,-8.3437,-0.0036
25.9560,dirt,0.715,0.533,-0.1176,3.6606,0.1997,0.1021,2.0031,1.1371,-10.1586,-8.2290,-8.0667,-8.3018,-0.0388
25.9680,dirt,0.715,0.536,-0.1770,3.7256,0.1244,0.0817,1.3386,0.0645,-10.1813,-8.4679,-8.0905,-8.3919,-0.0693
25.9800,dirt,0.715,0.540,-0.2344,3.8105,0.1283,0.0831,1.1223,-0.3583,-10.1584,-8.6639,-8.1601,-8.4273,-0.0957
25.9920,dirt,0.715,0.543,-0.2889,3.7497,0.0593,0.0703,1.2645,0.1654,-10.0368,-8.8119,-8.1921,-8.3810,-0.1204
26.0040,dirt,0.715,0.547,-0.3398,3.8025,0.0668,0.0688,1.5394,-0.0949,-9.9795,-8.9984,-8.1055,-8.3416,-0.1494
26.0160,dirt,0.715,0.550,-0.3866,3.8756,0.1844,0.0621,0.7160,0.2199,-9.9775,-9.0866,-8.2003,-8.4501,-0.1751
26.0280,dirt,0.715,0.553,-0.4284,3.8571,0.1229,0.0389,0.9641,-0.2679,-9.7865,-9.3158,-8.2717,-8.4066,-0.2002
26.0400,dirt,0.715,0.556,-0.4648,3.8937,0.0779,0.0243,1.1295,-0.5742,-9.7271,-9.4381,-8.2109,-8.4987,-0.2182
26.0520,dirt,0.715,0.559,-0.4953,3.7896,0.0314,0.0185,1.0063,-0.2459,-9.6669,-9.4802,-8.3884,-8.4761,-0.2337
26.0640,dirt,0.715,0.562,-0.5193,3.8845,0.0634,0.0148,1.1292,-0.7169,-9.6343,-9.5163,-8.4607,-8.4726,-0.2477
26.0760,dirt,0.715,0.565,-0.5367,3.8198,0.0768,0.0028,1.3199,-1.4023,-9.5804,-9.6758,-8.4359,-8.5457,-0.2589
26.0880,dirt,0.715,0.568,-0.5469,4.0497,-0.0033,-0.0153,1.3555,-1.1020,-9.4352,-9.7888,-8.4843,-8.5325,-0.2685
26.1000,dirt,0.715,0.570,-0.5500,3.9371,0.0332,-0.0203,1.2920,-1.6657,-9.3486,-9.9318,-8.5940,-8.5440,-0.2726
26.1120,dirt,0.715,0.573,-0.5457,3.8981,0.1819,-0.0295,0.9040,-1.0476,-9.2032,-10.0611,-8.5238,-8.5971,-0.2695
26.1240,dirt,0.715,0.575,-0.5341,3.8747,0.0618,-0.0354,0.8458,-1.5593,-9.0742,-10.2461,-8.6702,-8.4931,-0.2665
26.1360,dirt,0.715,0.577,-0.5154,3.9126,-0.0313,-0.0422,0.9077,-1.2556,-9.0185,-10.4197,-8.7380,-8.5158,-0.2615
26.1480,dirt,0.715,0.580,-0.4896,3.9368,-0.0258,-0.0604,0.9215,-1.9337,-8.7655,-10.6296,-8.8212,-8.4522,-0.2518
26.1600,dirt,0.715,0.582,-0.4571,3.9607,0.0528,-0.0668,0.9870,-1.1033,-8.6920,-10.7273,-8.7166,-8.6296,-0.2367
26.1720,dirt,0.715,0.584,-0.4184,3.9854,-0.0445,-0.0771,1.0975,-1.5515,-8.6017,-10.6740,-8.8459,-8.7325,-0.2157
26.1840,dirt,0.715,0.585,-0.3738,3.9909,-0.0443,-0.0780,0.7070,-1.1156,-8.6665,-10.6296,-8.8245,-8.8640,-0.2012
26.1960,dirt,0.715,0.587,-0.3239,4.0437,-0.1131,-0.0816,0.8716,-2.4993,-8.6851,-10.6296,-8.8821,-8.9117,-0.1849
26.2080,dirt,0.715,0.589,-0.2695,3.9645,-0.1991,-0.0899,1.0598,-1.9184,-8.6172,-10.6765,-8.9040,-8.7692,-0.1626
26.2200,dirt,0.715,0.590,-0.2112,3.9205,-0.1824,-0.0999,1.0578,-0.6586,-8.6078,-10.7965,-8.9706,-8.6256,-0.1315
26.2320,dirt,0.715,0.592,-0.1499,3.9593,-0.1147,-0.1097,1.5785,-1.1535,-8.4248,-10.9063,-9.1658,-8.6777,-0.0915
26.2440,dirt,0.715,0.593,-0.0863,4.0456,-0.0555,-0.1065,0.2963,-0.2644,-8.5042,-10.8855,-9.1846,-8.6264,-0.0634
26.2560,dirt,0.715,0.594,-0.0213,3.9652,-0.1395,-0.1023,0.9702,-0.7686,-8.3104,-11.0266,-9.1005,-8.7352,-0.0346
26.2680,dirt,0.715,0.595,0.0441,4.0827,-0.0655,-0.0917,1.4230,-1.6845,-8.3309,-11.0169,-9.1285,-8.6588,-0.0005
26.2800,dirt,0.715,0.596,0.1090,4.0663,-0.1148,-0.0950,0.8114,-0.6604,-8.3955,-10.9746,-9.0572,-8.8011,0.0353
26.2920,dirt,0.715,0.597,0.1726,4.0862,-0.0771,-0.0856,1.7525,0.1770,-8.5432,-10.9752,-9.1484,-8.8221,0.0690
26.3040,dirt,0.715,0.598,0.2337,4.1194,-0.0918,-0.0789,0.9601,-0.6997,-8.5802,-10.9059,-9.0644,-8.8930,0.0996
26.3160,dirt,0.715,0.599,0.2917,4.1546,-0.0396,-0.0652,0.7598,0.8551,-8.6718,-10.8581,-9.0614,-8.9061,0.1333
26.3280,dirt,0.715,0.599,0.3456,4.1483,-0.1979,-0.0434,1.0156,0.7666,-8.8595,-10.8254,-8.9848,-8.9648,0.1619
26.3400,dirt,0.715,0.600,0.3946,4.1952,-0.1727,-0.0378,0.5465,0.5419,-8.8682,-10.8141,-9.0264,-8.9145,0.1879
26.3520,dirt,0.715,0.600,0.4379,4.2406,-0.0325,-0.0312,0.8126,0.9730,-8.9418,-10.7291,-9.1669,-8.9236,0.2064
26.3640,dirt,0.715,0.600,0.4749,4.1582,-0.0831,-0.0244,0.9975,0.8753,-8.9890,-10.6324,-9.0466,-8.9894,0.2237
26.3760,dirt,0.715,0.600,0.5050,4.1742,0.0260,-0.0156,0.8610,-0.3198,-9.0655,-10.4759,-9.1241,-9.0920,0.2414
26.3880,dirt,0.715,0.600,0.5278,4.1604,-0.0464,0.0046,0.6589,-0.0245,-9.1442,-10.3264,-9.0062,-9.1295,0.2552
26.4000,dirt,0.715,0.600,0.5427,4.2439,0.0451,0.0165,0.7503,0.7005,-9.2239,-10.1860,-9.0374,-9.1607,0.2684
26.4120,dirt,0.715,0.599,0.5495,4.2316,0.0172,0.0262,0.8086,0.1102,-9.3287,-10.1196,-9.0637,-9.2584,0.2728
26.4240,dirt,0.715,0.599,0.5482,4.1465,0.0464,0.0427,0.6734,1.2856,-9.5379,-9.8914,-9.0557,-9.2780,0.2685
26.4360,dirt,0.715,0.599,0.5386,4.2138,-0.0307,0.0508,0.4441,1.8403,-9.7026,-9.8101,-8.9858,-9.3387,0.2684
26.4480,dirt,0.715,0.598,0.5208,4.1982,0.0145,0.0657,0.8349,1.6894,-9.7720,-9.7471,-9.0914,-9.2526,0.2674
26.4600,dirt,0.715,0.597,0.4951,4.2083,0.1094,0.0788,0.5413,1.0100,-9.8708,-9.6392,-9.0399,-9.3137,0.2554
26.4720,dirt,0.715,0.596,0.4617,4.2138,0.0774,0.0833,0.9662,1.6254,-10.0383,-9.4940,-9.1790,-9.4376,0.2414
26.4840,dirt,0.715,0.595,0.4213,4.2206,0.1307,0.0918,0.6486,1.1472,-10.1546,-9.3078,-9.1041,-9.4096,0.2231
26.4960,dirt,0.715,0.594,0.3742,4.3296,0.0925,0.1010,0.7858,1.0228,-10.2345,-9.1986,-9.2209,-9.3897,0.2051
26.5080,dirt,0.715,0.593,0.3213,4.2068,0.0595,0.1129,0.4980,1.6236,-10.2990,-9.1446,-9.1681,-9.5550,0.1823
26.5200,dirt,0.715,0.592,0.2633,4.2789,0.0405,0.1145,0.9381,1.5924,-10.4221,-8.9969,-9.0492,-9.4569,0.1526
26.5320,dirt,0.715,0.590,0.2010,4.2638,0.1675,0.1157,0.2916,1.4085,-10.4702,-8.9672,-9.1149,-9.4261,0.1203
26.5440,dirt,0.715,0.589,0.1355,4.2579,0.1262,0.1205,0.6887,2.1994,-10.4769,-8.8495,-9.0905,-9.6157,0.0876
26.5560,dirt,0.715,0.587,0.0677,4.2743,0.1503,0.1173,2.0154,0.7140,-10.5518,-8.7021,-9.0745,-9.5039,0.0516
26.5680,dirt,0.715,0.585,-0.0014,4.2724,0.1319,0.0972,0.6499,1.1133,-10.6265,-8.7525,-9.2458,-9.5365,0.0240
26.5800,dirt,0.715,0.583,-0.0705,4.3024,0.2169,0.0942,0.7232,-0.1051,-10.5427,-8.9772,-9.2145,-9.5051,0.0034
26.5920,dirt,0.715,0.581,-0.1387,4.3845,0.1336,0.0920,0.5752,-0.6003,-10.4520,-9.1501,-9.2339,-9.5812,-0.0239
26.6040,dirt,0.715,0.579,-0.2048,4.2819,0.1601,0.1010,0.0175,1.1701,-10.5548,-9.0075,-9.1844,-9.5697,-0.0688
26.6160,dirt,0.715,0.577,-0.2677,4.3169,0.1178,0.1215,-1.9527,3.7206,-10.7311,-8.7132,-9.1636,-9.5057,-0.1542
26.6280,dirt,0.715,0.575,-0.3265,4.3733,0.1556,0.0649,-0.2346,1.7070,-10.8739,-8.6077,-9.3066,-9.6232,-0.1960
26.6400,dirt,0.715,0.572,-0.3801,4.3258,0.0354,0.0458,0.0582,-0.7838,-10.5231,-8.9202,-9.3753,-9.5227,-0.2074
26.6520,dirt,0.715,0.570,-0.4276,4.3743,0.0907,0.0360,-0.7397,-0.3765,-10.2547,-9.1145,-9.3602,-9.4388,-0.2201
26.6640,dirt,0.715,0.567,-0.4683,4.3239,0.1679,0.0333,0.5122,-0.4144,-10.0755,-9.2938,-9.5007,-9.3540,-0.2323
26.6760,dirt,0.715,0.564,-0.5013,4.3599,0.0507,0.0193,0.9931,-0.2710,-9.9546,-9.4033,-9.5596,-9.4111,-0.2413
26.6880,dirt,0.715,0.562,-0.5262,4.2832,0.0712,-0.0074,0.1352,-0.8515,-9.8153,-9.5725,-9.4672,-9.4587,-0.2490
26.7000,dirt,0.715,0.559,-0.5424,4.4920,-0.0194,-0.0153,0.4596,-0.9818,-9.7272,-9.6555,-9.4753,-9.4899,-0.2635
26.7120,dirt,0.715,0.556,-0.5496,4.3348,0.0796,-0.0211,0.1591,-1.2151,-9.6556,-9.7106,-9.5205,-9.4188,-0.2733
26.7240,dirt,0.715,0.553,-0.5477,4.3992,0.0017,-0.0346,0.1681,-1.4242,-9.5568,-9.8523,-9.5276,-9.4024,-0.2744
26.7360,dirt,0.715,0.549,-0.5366,4.3610,-0.0276,-0.0409,-0.0883,-1.6385,-9.3820,-10.0541,-9.5774,-9.4418,-0.2690
26.7480,dirt,0.715,0.546,-0.5164,4.2365,0.0083,-0.0556,0.4923,-2.1715,-9.1753,-10.2819,-9.5649,-9.4064,-0.2607
26.7600,dirt,0.715,0.543,-0.4875,4.3799,-0.0406,-0.0636,0.5386,-0.7248,-9.1216,-10.3492,-9.6002,-9.4152,-0.2504
26.7720,dirt,0.715,0.539,-0.4502,4.4364,-0.0825,-0.0703,0.6593,-0.8488,-9.1066,-10.3442,-9.6865,-9.4866,-0.2375
26.7840,dirt,0.715,0.536,-0.4052,4.3908,-0.0225,-0.0800,0.1927,-1.6924,-9.0477,-10.4609,-9.7003,-9.4505,-0.2175
26.7960,dirt,0.715,0.532,-0.3531,4.3778,-0.1378,-0.0938,0.6602,-1.4833,-8.9915,-10.5868,-9.7883,-9.3736,-0.1906
26.8080,dirt,0.715,0.528,-0.2949,4.3300,-0.0120,-0.0900,0.2646,-1.2197,-8.9324,-10.6701,-9.7546,-9.3852,-0.1660
26.8200,dirt,0.715,0.524,-0.2315,4.3567,-0.0797,-0.0926,0.2239,-1.3275,-9.0812,-10.6164,-9.7426,-9.3716,-0.1458
26.8320,dirt,0.715,0.520,-0.1639,4.3189,-0.0641,-0.1037,0.6764,-0.9690,-8.9539,-10.7497,-9.7443,-9.3689,-0.1139
26.8440,dirt,0.715,0.517,-0.0934,4.3742,-0.1015,-0.1142,0.8025,-2.5698,-8.5826,-11.0304,-9.6393,-9.4915,-0.0705
26.8560,dirt,0.715,0.512,-0.0210,4.3721,-0.1234,-0.1096,0.9344,-3.5020,-8.6748,-10.9999,-9.6624,-9.3926,-0.0365
26.8680,dirt,0.715,0.508,0.0518,4.4707,-0.2188,-0.0972,1.0020,-0.2253,-8.7779,-10.9977,-9.7261,-9.4506,-0.0062
26.8800,dirt,0.715,0.504,0.1239,4.3547,-0.1344,-0.0998,1.4964,0.1966,-8.7284,-11.0636,-9.6344,-9.6532,0.0335
26.8920,dirt,0.715,0.500,0.1939,4.3819,-0.1526,-0.0927,0.1000,-0.8031,-8.5972,-11.1142,-9.7514,-9.4964,0.0808
26.9040,dirt,0.715,0.495,0.2607,4.4033,-0.1266,-0.0875,2.8969,-1.0790,-8.6047,-11.1968,-9.7527,-9.4558,0.1203
26.9160,dirt,0.715,0.491,0.3229,4.4263,-0.0553,-0.0695,0.0147,1.8079,-8.7653,-11.0403,-9.8187,-9.4745,0.1408
26.9280,dirt,0.715,0.487,0.3795,4.4547,-0.0579,-0.0482,0.7788,-0.9286,-8.7864,-10.9990,-9.6668,-9.5270,0.1732
26.9400,dirt,0.715,0.482,0.4293,4.4427,-0.0842,-0.0386,0.9911,0.4892,-8.9310,-10.8201,-9.6778,-9.5468,0.2000
26.9520,dirt,0.715,0.477,0.4715,4.5271,-0.1084,-0.0277,-0.4298,0.2877,-8.9933,-10.7375,-9.7363,-9.6875,0.2204
26.9640,dirt,0.715,0.473,0.5053,4.5598,0.0362,-0.0128,0.4748,1.1578,-9.2186,-10.4483,-9.6534,-9.6543,0.2324
26.9760,dirt,0.715,0.468,0.5299,4.4357,-0.1239,-0.0073,1.0107,1.7408,-9.2176,-10.3946,-9.6031,-9.6443,0.2583
26.9880,dirt,0.715,0.463,0.5450,4.4959,-0.0505,0.0222,-0.0706,0.7159,-9.2608,-10.2706,-9.6462,-9.6870,0.2726
27.0000,dirt,0.715,0.458,0.5500,4.4324,-0.0415,0.0326,0.1771,0.8335,-9.4454,-10.1771,-9.5841,-9.7249,0.2755
27.0120,dirt,0.715,0.454,0.5449,4.4576,-0.0207,0.0463,0.3507,1.8389,-9.7079,-9.9431,-9.5651,-9.8317,0.2706
27.0240,dirt,0.715,0.449,0.5298,4.4984,-0.0605,0.0517,0.4214,1.2001,-9.7984,-9.8099,-9.6155,-9.8227,0.2662
27.0360,dirt,0.715,0.444,0.5048,4.4104,-0.0114,0.0598,0.0511,1.6989,-9.9272,-9.6378,-9.6502,-9.7940,0.2608
27.0480,dirt,0.715,0.439,0.4703,4.5231,0.0099,0.0752,-0.4603,1.8618,-10.0480,-9.5035,-9.5981,-9.9738,0.2488
27.0600,dirt,0.715,0.434,0.4270,4.4379,-0.0163,0.0840,0.3469,1.1586,-10.1715,-9.3705,-9.6124,-9.9188,0.2319
27.0720,dirt,0.715,0.429,0.3755,4.5178,-0.0452,0.0922,-0.1740,1.2635,-10.3547,-9.2366,-9.7301,-9.7995,0.2069
27.0840,dirt,0.715,0.423,0.3169,4.5541,0.0387,0.0940,0.1698,1.2322,-10.5074,-9.1526,-9.6005,-10.0102,0.1816
27.0960,dirt,0.715,0.418,0.2522,4.5191,0.0801,0.1115,0.1474,2.6569,-10.6385,-8.9813,-9.5973,-9.9611,0.1487
27.1080,dirt,0.715,0.413,0.1826,4.4422,0.2146,0.1026,0.2885,1.8436,-10.4303,-9.2338,-9.5442,-9.9129,0.1281
27.1200,dirt,0.715,0.408,0.1093,4.4957,0.1019,0.1082,1.3355,2.2087,-10.6483,-9.0050,-9.5951,-9.8452,0.0812
27.1320,dirt,0.715,0.403,0.0338,4.5535,0.1175,0.1070,-2.0515,2.5783,-10.7916,-8.7866,-9.6246,-9.8548,0.0451
27.1440,dirt,0.715,0.397,-0.0425,4.5087,0.2388,0.1052,0.6329,1.8677,-10.9107,-8.7802,-9.6113,-9.8752,0.0042
27.1560,dirt,0.715,0.392,-0.1181,4.5726,0.0907,0.1091,2.0780,-0.2336,-11.0597,-8.6971,-9.6385,-9.9996,-0.0442
27.1680,dirt,0.715,0.387,-0.1916,4.4217,0.1187,0.0731,-0.0489,0.5080,-10.8842,-8.9061,-9.5719,-9.9270,-0.0752
27.1800,dirt,0.715,0.381,-0.2615,4.5552,0.1143,0.0676,0.2827,-1.0176,-10.7070,-9.1363,-9.6802,-9.9285,-0.0971
27.1920,dirt,0.715,0.376,-0.3264,4.3999,0.0780,0.0661,-0.2627,-0.6042,-10.5320,-9.1758,-9.6876,-9.7498,-0.1254
27.2040,dirt,0.715,0.371,-0.3851,4.5244,0.0754,0.0684,-1.2257,0.3183,-10.5095,-9.0606,-9.6714,-9.7598,-0.1708
27.2160,dirt,0.715,0.365,-0.4363,4.4975,0.0840,0.0538,0.3052,-0.5888,-10.4828,-8.9101,-9.5820,-9.8065,-0.2081
27.2280,dirt,0.715,0.360,-0.4789,4.4898,0.1521,0.0166,0.0785,0.1921,-10.4679,-9.0312,-9.8489,-9.7703,-0.2256
27.2400,dirt,0.715,0.354,-0.5122,4.6107,0.0605,0.0136,0.2733,-0.6416,-10.3355,-9.1538,-9.7514,-9.7843,-0.2393
27.2520,dirt,0.715,0.349,-0.5353,4.4091,0.1801,0.0037,0.2729,-1.4379,-10.1169,-9.3461,-9.8596,-9.7713,-0.2554
27.2640,dirt,0.715,0.344,-0.5478,4.5231,0.0591,-0.0066,0.0455,-0.6360,-10.0235,-9.4263,-9.8962,-9.7276,-0.2711
27.2760,dirt,0.715,0.338,-0.5493,4.5320,0.0274,-0.0195,-0.1916,-0.9301,-9.8346,-9.5184,-9.7924,-9.7557,-0.2765
27.2880,dirt,0.715,0.333,-0.5397,4.4794,-0.0012,-0.0428,-0.2002,-0.8745,-9.6738,-9.7308,-9.8629,-9.7480,-0.2725
27.3000,dirt,0.715,0.328,-0.5192,4.5619,-0.0128,-0.0519,0.2978,-2.2129,-9.4251,-9.9753,-9.8447,-9.7182,-0.2609
27.3120,dirt,0.715,0.322,-0.4882,4.4950,0.0005,-0.0592,-0.1181,-1.1701,-9.2335,-10.1676,-9.9186,-9.7284,-0.2515
27.3240,dirt,0.715,0.317,-0.4471,4.5242,-0.1722,-0.0680,0.0063,-2.2610,-9.0908,-10.3308,-9.8670,-9.6981,-0.2355
27.3360,dirt,0.715,0.312,-0.3968,4.5632,-0.1056,-0.0684,-0.3716,-1.1762,-9.0706,-10.3386,-9.9618,-9.6828,-0.2168
27.3480,dirt,0.715,0.306,-0.3383,4.4600,-0.0199,-0.0834,0.1098,-1.3496,-9.0860,-10.4251,-9.9178,-9.7183,-0.1909
27.3600,dirt,0.715,0.301,-0.2727,4.5816,-0.0630,-0.0954,0.1759,-1.4618,-8.9575,-10.5922,-9.9279,-9.7135,-0.1573
27.3720,dirt,0.715,0.296,-0.2013,4.5111,-0.1153,-0.1008,1.4243,-2.1314,-8.8927,-10.6941,-10.0617,-9.6126,-0.1256
27.3840,dirt,0.715,0.290,-0.1256,4.5204,-0.0549,-0.0984,0.0354,-0.4688,-9.1193,-10.6077,-10.0958,-9.6669,-0.0989
27.3960,dirt,0.715,0.285,-0.0472,4.5353,-0.1279,-0.1011,0.7351,-0.7995,-8.8340,-10.8060,-10.1153,-9.5500,-0.0577
27.4080,dirt,0.715,0.280,0.0324,4.4854,-0.0712,-0.1045,-0.1801,-1.7734,-8.5287,-11.0169,-10.0319,-9.5283,-0.0084
27.4200,dirt,0.715,0.275,0.1114,4.5387,-0.1280,-0.0978,0.1633,-1.0088,-8.7008,-11.0263,-9.8937,-9.6810,0.0287
27.4320,dirt,0.715,0.270,0.1882,4.5233,-0.0290,-0.0916,0.9017,0.1866,-8.7008,-11.0426,-10.1195,-9.5919,0.0702
27.4440,dirt,0.715,0.265,0.2612,4.5928,-0.1012,-0.0859,-1.2023,0.0433,-8.7985,-11.1379,-9.9593,-9.8470,0.1051
27.4560,dirt,0.715,0.260,0.3288,4.5577,-0.0489,-0.0623,-0.2805,-1.2430,-8.9508,-10.8306,-9.9653,-9.6959,0.1286
27.4680,dirt,0.715,0.255,0.3895,4.4477,-0.0644,-0.0487,-0.1300,0.0435,-8.8808,-10.8228,-9.8299,-9.7495,0.1680
27.4800,dirt,0.715,0.250,0.4420,4.6600,-0.0027,-0.0380,0.2258,0.1124,-8.7543,-10.8618,-9.8178,-9.7811,0.2067
27.4920,dirt,0.715,0.245,0.4851,4.6019,-0.0589,-0.0224,-0.7371,0.8582,-8.7521,-10.8041,-9.7246,-9.9422,0.2322
27.5040,dirt,0.715,0.240,0.5178,4.5477,-0.0375,-0.0144,0.0342,0.7861,-8.9334,-10.5631,-9.8067,-9.7564,0.2509
27.5160,dirt,0.715,0.235,0.5394,4.4865,-0.0693,0.0013,2.2261,0.2946,-9.0795,-10.3958,-9.9199,-9.8976,0.2630
27.5280,dirt,0.715,0.230,0.5493,4.6028,-0.0568,0.0242,-0.0441,0.6577,-9.2157,-10.1271,-9.8017,-9.8463,0.2702
27.5400,dirt,0.715,0.226,0.5473,4.5859,-0.0297,0.0338,0.0958,1.3171,-9.3915,-9.9753,-9.7534,-9.9032,0.2726
27.5520,dirt,0.715,0.221,0.5333,4.4565,-0.0599,0.0438,-0.1213,0.8711,-9.5253,-9.7635,-9.7524,-9.9152,0.2701
27.5640,dirt,0.715,0.216,0.5076,4.5330,-0.0059,0.0528,-0.9542,1.6878,-9.6832,-9.5767,-9.6954,-9.9700,0.2593
27.5760,dirt,0.715,0.212,0.4706,4.5346,-0.0320,0.0596,0.0857,1.7041,-9.8153,-9.4102,-9.7568,-9.9017,0.2477
27.5880,dirt,0.715,0.207,0.4232,4.5787,0.0531,0.0735,0.0548,1.2525,-9.9381,-9.3240,-9.6421,-9.9638,0.2336
27.6000,dirt,0.715,0.203,0.3663,4.6691,0.0876,0.0857,-0.0062,0.9911,-10.1755,-9.0917,-9.6087,-10.0212,0.2033
27.6120,dirt,0.715,0.199,0.3011,4.5330,0.0633,0.0931,0.2499,0.6098,-10.4117,-8.9833,-9.7363,-9.9472,0.1722
27.6240,dirt,0.715,0.194,0.2291,4.4750,0.1148,0.0979,-0.5545,2.8249,-10.5041,-8.9318,-9.6752,-9.9613,0.1421
27.6360,dirt,0.715,0.190,0.1519,4.5073,0.0223,0.1017,0.3281,0.4284,-10.5847,-8.8142,-9.6299,-9.9978,0.1041
27.6480,dirt,0.715,0.186,0.0710,4.5976,0.1070,0.1061,-0.2055,0.0631,-10.6893,-8.7454,-9.6089,-10.0192,0.0597
27.6600,dirt,0.715,0.182,-0.0115,4.4358,0.1269,0.1063,-0.4647,1.0825,-10.6804,-8.7032,-9.6422,-10.0247,0.0269
27.6720,dirt,0.715,0.178,-0.0940,4.5084,0.1302,0.1168,2.2360,1.6468,-10.9385,-8.4548,-9.6486,-10.1317,-0.0507
27.6840,dirt,0.715,0.174,-0.1745,4.5385,0.1536,0.1012,-1.8217,-1.6679,-10.8959,-8.3782,-9.6517,-9.9553,-0.0839
27.6960,dirt,0.715,0.171,-0.2511,4.5509,0.0836,0.0760,-0.6945,0.6432,-10.6398,-8.6533,-9.7818,-9.7786,-0.1089
27.7080,dirt,0.715,0.167,-0.3221,4.5731,0.0226,0.0478,-0.1283,-0.4838,-10.4079,-8.8916,-9.6755,-9.8972,-0.1380
27.7200,dirt,0.715,0.163,-0.3859,4.4793,0.0353,0.0478,0.3876,0.5775,-10.2472,-8.9320,-9.7344,-9.7619,-0.1700
27.7320,dirt,0.715,0.160,-0.4408,4.5242,0.0492,0.0442,-0.7125,-0.6707,-10.1953,-8.8409,-9.6665,-9.8276,-0.2138
27.7440,dirt,0.715,0.156,-0.4856,4.5868,0.0902,0.0324,-0.0028,0.1877,-10.1424,-8.8143,-9.7103,-9.8559,-0.2395
27.7560,dirt,0.715,0.153,-0.5193,4.5407,0.0699,0.0159,-0.0875,-3.2332,-9.8300,-8.8714,-9.7255,-9.7198,-0.2561
27.7680,dirt,0.715,0.150,-0.5408,4.5136,0.0839,-0.0171,-0.4911,-1.3198,-9.5652,-8.9577,-9.8113,-9.7298,-0.2636
27.7800,dirt,0.715,0.146,-0.5498,4.4586,-0.0001,-0.0224,-0.8004,-2.0649,-9.3031,-9.1278,-9.7864,-9.6559,-0.2673
27.7920,dirt,0.715,0.143,-0.5458,4.5274,0.0077,-0.0266,-0.3769,-1.3741,-9.2516,-9.1340,-9.9702,-9.5829,-0.2708
27.8040,dirt,0.715,0.140,-0.5290,4.4918,0.0052,-0.0362,-0.2594,-0.7930,-9.1895,-9.1206,-9.8288,-9.6469,-0.2703
27.8160,dirt,0.715,0.137,-0.4996,4.5761,0.0087,-0.0472,-0.2801,-0.8324,-9.0542,-9.2713,-9.8591,-9.5460,-0.2623
27.8280,dirt,0.715,0.135,-0.4583,4.4954,0.0088,-0.0715,-0.7651,-2.0490,-8.7992,-9.5268,-9.8759,-9.5476,-0.2347
27.8400,dirt,0.715,0.132,-0.4060,4.4231,-0.0729,-0.0744,0.1587,-1.2449,-8.6824,-9.6154,-9.8284,-9.5598,-0.2157
27.8520,dirt,0.715,0.129,-0.3439,4.5210,-0.1068,-0.0804,-0.4049,-1.0088,-8.7098,-9.7277,-9.7699,-9.4967,-0.1944
27.8640,dirt,0.715,0.127,-0.2735,4.4462,-0.1081,-0.0867,-0.7896,-1.1816,-8.6056,-9.8439,-9.8369,-9.5198,-0.1720
27.8760,dirt,0.715,0.125,-0.1963,4.4092,-0.1054,-0.1161,0.0242,-1.8705,-8.1637,-10.1757,-9.9038,-9.4281,-0.1186
27.8880,dirt,0.715,0.122,-0.1143,4.4062,-0.1559,-0.0971,-0.5506,-1.3559,-8.0719,-10.3943,-9.9344,-9.4715,-0.0751
27.9000,dirt,0.715,0.120,-0.0294,4.3918,-0.1414,-0.0995,-0.3479,-1.4249,-8.2456,-10.0629,-9.5807,-9.3345,-0.0417
27.9120,dirt,0.715,0.118,0.0564,4.3881,-0.0321,-0.0993,-2.1226,-1.0872,-8.3845,-10.2140,-9.8762,-9.4379,-0.0029
27.9240,dirt,0.715,0.116,0.1410,4.4774,-0.0420,-0.1009,-1.7276,-1.9178,-8.0478,-10.1804,-9.6926,-9.3377,0.0419
27.9360,dirt,0.715,0.114,0.2223,4.4864,-0.1125,-0.0833,-0.6620,-0.7273,-8.3027,-10.0650,-9.7207,-9.3720,0.0751
27.9480,dirt,0.715,0.113,0.2982,4.4001,-0.0635,-0.0688,-0.2723,0.2548,-8.2505,-10.0548,-9.6831,-9.3706,0.1156
27.9600,dirt,0.715,0.111,0.3669,4.4141,-0.2093,-0.0659,-1.0719,1.0447,-8.1088,-10.0135,-9.7156,-9.3888,0.1555
27.9720,dirt,0.715,0.109,0.4267,4.3741,-0.0400,-0.0538,0.2920,0.0301,-7.9427,-10.0281,-9.6808,-9.4306,0.2012
27.9840,dirt,0.715,0.108,0.4759,4.4033,-0.0767,-0.0365,-0.0542,-2.0459,-7.9846,-9.7660,-9.4856,-9.4129,0.2266
27.9960,dirt,0.715,0.107,0.5134,4.4123,-0.1084,-0.0239,-1.2736,1.2726,-8.1159,-9.5117,-9.4173,-9.4418,0.2431
28.0080,dirt,0.715,0.105,0.5381,4.4620,-0.0252,0.0033,-0.5021,0.8732,-8.3494,-9.3352,-9.5514,-9.5059,0.2514
28.0200,dirt,0.715,0.104,0.5493,4.3293,-0.0801,0.0119,-0.7251,0.3663,-8.3989,-9.1862,-9.4321,-9.5505,0.2692
28.0320,dirt,0.715,0.103,0.5467,4.3238,-0.0015,0.0227,-0.5414,1.0912,-8.3799,-9.0803,-9.3998,-9.5567,0.2798
28.0440,dirt,0.715,0.103,0.5303,4.3255,-0.0701,0.0320,-1.7273,1.2495,-8.5215,-8.8263,-9.3636,-9.5112,0.2746
28.0560,dirt,0.715,0.102,0.5005,4.3633,0.0510,0.0415,-1.3685,1.7355,-8.7706,-8.4873,-9.2426,-9.5865,0.2540
28.0680,dirt,0.715,0.101,0.4578,4.4071,0.0953,0.0456,0.1339,1.7572,-8.9517,-8.3231,-9.3740,-9.4728,0.2395
28.0800,dirt,0.715,0.101,0.4034,4.4244,-0.0412,0.0547,-0.8736,1.7158,-9.0200,-8.2608,-9.2897,-9.5567,0.2228
28.0920,dirt,0.715,0.100,0.3385,4.3376,0.0318,0.0690,-0.9986,1.1066,-9.2731,-7.9699,-9.2773,-9.4306,0.1874
28.1040,dirt,0.715,0.100,0.2649,4.3799,-0.0076,0.0776,-0.6194,2.1133,-9.4767,-7.8402,-9.1778,-9.4544,0.1528
28.1160,dirt,0.715,0.100,0.1843,4.3031,0.0888,0.0794,-1.7234,2.5846,-9.5396,-7.8278,-9.1076,-9.4450,0.1201
28.1280,dirt,0.715,0.100,0.0988,4.2591,0.0996,0.0767,0.6854,1.4940,-9.3965,-8.0712,-9.1286,-9.3744,0.0976
28.1400,dirt,0.715,0.100,0.0106,4.2865,0.1526,0.0988,0.4764,1.5641,-9.7296,-7.5746,-9.0539,-9.1637,0.0151
28.1520,dirt,0.715,0.100,-0.0781,4.3093,0.0473,0.0715,-2.1109,0.7634,-9.6502,-7.7855,-9.0940,-9.4023,-0.0139
28.1640,dirt,0.715,0.101,-0.1648,4.4317,0.1643,0.0772,-4.2167,1.2055,-9.6277,-7.7180,-8.9975,-9.3646,-0.0519
28.1760,dirt,0.715,0.101,-0.2474,4.3003,0.0743,0.0719,-0.4222,-0.5341,-9.6781,-7.5727,-9.0368,-9.3754,-0.0962
28.1880,dirt,0.715,0.102,-0.3236,4.2416,0.0898,0.0440,-1.0382,0.2070,-9.6080,-7.5927,-9.0598,-9.2422,-0.1380
28.2000,dirt,0.715,0.102,-0.3913,4.3355,0.0996,0.0251,-1.6897,-0.1092,-9.3679,-7.7555,-9.1405,-9.1833,-0.1699
28.2120,dirt,0.715,0.103,-0.4489,4.2699,0.0677,0.0247,-0.5364,0.1153,-9.1701,-7.7919,-9.0891,-9.1521,-0.2073
28.2240,dirt,0.715,0.104,-0.4946,4.2568,-0.0171,0.0143,-1.4878,-0.7640,-9.0867,-7.7407,-9.1412,-9.2234,-0.2359
28.2360,dirt,0.715,0.105,-0.5271,4.2269,0.0079,-0.0004,1.2201,-2.0183,-8.8044,-7.7663,-9.1390,-9.0759,-0.2547
28.2480,dirt,0.715,0.106,-0.5457,4.2478,0.0142,-0.0274,-0.8970,-1.4838,-8.6371,-7.7710,-9.1443,-9.0219,-0.2663
28.2600,dirt,0.715,0.107,-0.5496,4.0890,0.0727,-0.0361,-0.4847,-1.3083,-8.3990,-7.9221,-9.0900,-9.1327,-0.2711
28.2720,dirt,0.715,0.109,-0.5387,4.2955,-0.0263,-0.0427,-0.9744,-1.5561,-8.1156,-8.0794,-9.1129,-9.1055,-0.2722
28.2840,dirt,0.715,0.110,-0.5133,4.1497,-0.0320,-0.0556,-1.0990,0.5922,-7.8705,-8.2882,-9.2108,-8.9239,-0.2585
28.2960,dirt,0.715,0.112,-0.4739,4.1940,-0.0074,-0.0668,0.0794,-1.1091,-7.9056,-8.4025,-9.1020,-8.8776,-0.2447
28.3080,dirt,0.715,0.113,-0.4215,4.2214,0.0256,-0.0757,-0.4795,-1.6531,-7.8620,-8.4231,-9.0627,-8.9127,-0.2277
28.3200,dirt,0.715,0.115,-0.3576,4.1874,-0.1005,-0.0818,-0.1543,-1.5687,-7.7003,-8.6691,-9.1466,-8.8211,-0.1975
28.3320,dirt,0.715,0.117,-0.2837,4.1289,-0.0990,-0.0900,-0.3989,-3.3531,-7.6240,-8.8416,-9.1151,-8.7854,-0.1641
28.3440,dirt,0.715,0.119,-0.2020,4.0732,-0.2000,-0.0870,-1.2275,-2.1970,-7.5650,-8.9828,-9.1100,-8.7359,-0.1302
28.3560,dirt,0.715,0.121,-0.1145,4.1047,-0.0150,-0.0961,-0.4137,-2.4587,-7.5320,-9.1460,-8.9939,-8.7524,-0.0908
28.3680,dirt,0.715,0.123,-0.0238,4.1812,-0.1171,-0.0982,-0.6855,-1.4489,-7.2137,-9.3799,-9.0481,-8.6901,-0.0402
28.3800,dirt,0.715,0.126,0.0678,4.2093,-0.1542,-0.0967,-0.4248,-1.1553,-7.2129,-9.4633,-9.0461,-8.6547,0.0079
28.3920,dirt,0.715,0.128,0.1576,4.1728,-0.1735,-0.0772,1.1714,-1.5289,-7.2532,-9.4175,-8.8885,-8.7073,0.0461
28.4040,dirt,0.715,0.131,0.2432,4.0607,-0.1486,-0.0674,-1.5269,0.9186,-7.6012,-9.1304,-8.9763,-8.6527,0.0719
28.4160,dirt,0.715,0.133,0.3220,4.1748,-0.1527,-0.0611,-0.5620,0.4934,-7.2816,-9.2957,-8.8919,-8.7494,0.1266
28.4280,dirt,0.715,0.136,0.3920,4.1180,0.0384,-0.0483,-0.0323,-0.1999,-6.9065,-9.4059,-8.8008,-8.6816,0.1910
28.4400,dirt,0.715,0.139,0.4511,4.0639,-0.0928,-0.0194,-0.5035,0.7657,-6.9974,-9.3155,-8.8445,-8.8602,0.2184
28.4520,dirt,0.715,0.142,0.4974,3.9878,-0.1094,-0.0154,-0.1613,1.1446,-7.2452,-9.0485,-8.7344,-8.8735,0.2348
28.4640,dirt,0.715,0.145,0.5298,4.0963,-0.0334,-0.0074,-0.6779,-0.2108,-7.3815,-8.8128,-8.7363,-8.9002,0.2535
28.4760,dirt,0.715,0.148,0.5471,4.1148,-0.1522,0.0012,-0.3117,2.1109,-7.5393,-8.6047,-8.7683,-8.8016,0.2690
28.4880,dirt,0.715,0.151,0.5488,4.0983,-0.0077,0.0308,-0.2480,1.7180,-7.6743,-8.4419,-8.7689,-8.8386,0.2759
28.5000,dirt,0.715,0.155,0.5348,4.0161,0.0021,0.0412,-0.5570,1.1740,-7.8894,-8.1466,-8.7192,-8.7470,0.2707
28.5120,dirt,0.715,0.158,0.5054,4.0241,0.0299,0.0503,-0.4132,0.9614,-8.1054,-7.9388,-8.6387,-8.7665,0.2577
28.5240,dirt,0.715,0.161,0.4614,4.0785,0.0884,0.0585,-0.5131,1.5558,-8.2594,-7.7832,-8.5644,-8.8748,0.2440
28.5360,dirt,0.715,0.165,0.4040,3.9808,-0.0164,0.0644,-0.6679,2.1023,-8.3886,-7.6927,-8.5735,-8.7832,0.2233
28.5480,dirt,0.715,0.169,0.3348,3.9192,0.0643,0.0679,-0.3887,2.7593,-8.5933,-7.5021,-8.5629,-8.7449,0.1953
28.5600,dirt,0.715,0.172,0.2557,3.9624,0.0568,0.0701,-0.6423,2.6137,-8.8124,-7.3297,-8.3858,-8.8605,0.1608
28.5720,dirt,0.715,0.176,0.1690,3.9284,0.0889,0.0725,-0.9430,2.1337,-8.9867,-7.1602,-8.5321,-8.6894,0.1158
28.5840,dirt,0.715,0.180,0.0773,3.9520,0.0785,0.0820,0.1255,2.0965,-9.2991,-6.9259,-8.6330,-8.6211,0.0671
28.5960,dirt,0.715,0.184,-0.0169,3.9700,0.0923,0.0859,0.4960,1.7623,-9.4841,-6.8533,-8.3939,-8.8840,0.0139
28.6080,dirt,0.715,0.188,-0.1107,3.9950,0.0365,0.0653,-0.9874,-1.0736,-9.4812,-7.0566,-8.4211,-8.6591,-0.0291
28.6200,dirt,0.715,0.192,-0.2014,3.9586,0.1314,0.0507,0.8853,0.3177,-9.3502,-7.1935,-8.4207,-8.5721,-0.0768
28.6320,dirt,0.715,0.197,-0.2862,3.9441,0.0750,0.0708,-0.5315,-0.6572,-9.4967,-7.0098,-8.3563,-8.8510,-0.1516
28.6440,dirt,0.715,0.201,-0.3627,3.9811,0.1011,0.0486,-1.5384,1.5224,-9.3107,-6.9853,-8.4552,-8.6898,-0.1856
28.6560,dirt,0.715,0.205,-0.4285,3.9779,0.0051,0.0252,1.6648,-4.6115,-8.9031,-7.2014,-8.4457,-8.6648,-0.2071
28.6680,dirt,0.715,0.210,-0.4815,3.9445,0.0721,-0.0152,-0.8371,-0.8517,-8.6652,-7.3693,-8.4480,-8.5619,-0.2284
28.6800,dirt,0.715,0.214,-0.5202,3.9280,0.0119,-0.0347,0.3758,-0.3186,-8.5413,-7.4126,-8.6146,-8.5345,-0.2427
28.6920,dirt,0.715,0.219,-0.5432,3.9485,-0.0393,-0.0405,-0.1595,-0.4622,-8.3342,-7.4912,-8.4424,-8.5373,-0.2599
28.7040,dirt,0.715,0.223,-0.5499,3.8747,-0.0231,-0.0488,0.0963,-0.6680,-8.2195,-7.5470,-8.6816,-8.4238,-0.2729
28.7160,dirt,0.715,0.228,-0.5399,3.9163,-0.0037,-0.0659,0.2808,-1.4678,-8.0579,-7.6862,-8.6152,-8.4145,-0.2738
28.7280,dirt,0.715,0.233,-0.5135,3.9129,0.0399,-0.0854,-0.2128,-1.6839,-7.8812,-7.8891,-8.6805,-8.3767,-0.2651
28.7400,dirt,0.715,0.238,-0.4714,3.9800,-0.0253,-0.0894,-0.3460,-2.2685,-7.7720,-8.0872,-8.6232,-8.4059,-0.2496
28.7520,dirt,0.715,0.242,-0.4148,3.8958,0.0933,-0.1002,-0.3694,-2.0060,-7.5870,-8.2552,-8.5781,-8.4007,-0.2282
28.7640,dirt,0.715,0.247,-0.3454,3.9183,-0.0038,-0.1034,-0.0422,-3.0052,-7.5167,-8.5148,-8.6576,-8.3263,-0.2046
28.7760,dirt,0.715,0.252,-0.2652,3.8134,0.0117,-0.1180,0.4204,-5.6902,-7.3540,-8.7530,-8.6164,-8.4028,-0.1640
28.7880,dirt,0.715,0.257,-0.1767,3.8248,-0.0105,-0.1045,0.0619,-3.5103,-7.1429,-9.0502,-8.6822,-8.2529,-0.1172
28.8000,dirt,0.715,0.262,-0.0826,3.8792,-0.1521,-0.1067,-0.8021,-1.3903,-7.3942,-9.1543,-8.6094,-8.3018,-0.0817
28.8120,dirt,0.715,0.267,0.0142,3.8205,-0.1613,-0.1194,1.2633,-3.1971,-6.8657,-9.4828,-8.6682,-8.3056,-0.0194
28.8240,dirt,0.715,0.272,0.1107,3.9181,-0.1167,-0.1188,0.0287,-1.4131,-6.6863,-9.7596,-8.6829,-8.2948,0.0408
28.8360,dirt,0.715,0.277,0.2039,3.8564,-0.0842,-0.1032,0.5951,-1.1900,-6.7600,-9.8072,-8.5467,-8.3691,0.0863
28.8480,dirt,0.715,0.283,0.2908,3.9147,-0.1246,-0.0571,-0.0640,-0.3083,-7.0813,-9.6307,-8.5802,-8.3172,0.1146
28.8600,dirt,0.715,0.288,0.3687,3.8139,-0.1497,-0.0421,0.8835,0.4539,-7.4873,-9.3520,-8.5020,-8.3393,0.1345
28.8720,dirt,0.715,0.293,0.4351,3.9927,-0.0884,-0.0329,0.3965,0.0256,-7.1942,-9.5130,-8.4890,-8.3865,0.1830
28.8840,dirt,0.715,0.298,0.4879,3.8802,-0.1474,-0.0264,0.2756,-0.2034,-7.0740,-9.6088,-8.4297,-8.5178,0.2283
28.8960,dirt,0.715,0.304,0.5252,3.9036,-0.1157,-0.0096,0.6421,-0.2264,-7.1751,-9.5477,-8.4748,-8.4168,0.2621
28.9080,dirt,0.715,0.309,0.5459,3.9005,-0.0058,0.0285,0.2710,0.9333,-7.3119,-9.3897,-8.4757,-8.4130,0.2786
28.9200,dirt,0.715,0.314,0.5491,3.8375,0.0150,0.0401,0.0687,1.1832,-7.6364,-9.0560,-8.4385,-8.4946,0.2838
28.9320,dirt,0.715,0.320,0.5348,3.8477,-0.0946,0.0562,-0.0869,1.7260,-7.9737,-8.6765,-8.4083,-8.4559,0.2774
28.9440,dirt,0.715,0.325,0.5033,3.9203,-0.0077,0.0671,0.0050,1.2976,-8.3180,-8.4091,-8.2884,-8.5746,0.2637
28.9560,dirt,0.715,0.330,0.4555,3.8827,0.0086,0.0805,-0.1827,1.5966,-8.6605,-8.1568,-8.2738,-8.7671,0.2474
28.9680,dirt,0.715,0.336,0.3929,3.8755,-0.1163,0.0919,0.4121,1.3347,-8.9103,-8.0363,-8.3893,-8.4735,0.2266
28.9800,dirt,0.715,0.341,0.3175,3.8895,-0.0543,0.1022,0.6090,2.0425,-9.1258,-7.8798,-8.3019,-8.6531,0.1977
28.9920,dirt,0.715,0.346,0.2316,3.8922,-0.0357,0.1096,-0.2107,4.7578,-9.3921,-7.7372,-8.3132,-8.6386,0.1594
29.0040,dirt,0.715,0.352,0.1381,3.9419,0.0152,0.1132,-0.0572,5.3411,-9.6561,-7.4047,-8.3546,-8.6572,0.1064
29.0160,dirt,0.715,0.357,0.0399,3.8872,0.0694,0.1152,0.4514,3.1319,-9.9805,-7.2607,-8.4916,-8.6775,0.0531
29.0280,dirt,0.715,0.363,-0.0597,3.9482,0.0347,0.1009,-0.0196,1.1866,-9.9989,-7.1497,-8.4851,-8.5758,0.0060
29.0400,dirt,0.715,0.368,-0.1576,3.9003,0.0880,0.0929,0.2211,0.7778,-10.1467,-7.0594,-8.6451,-8.6263,-0.0427
29.0520,dirt,0.715,0.373,-0.2503,3.8773,0.0834,0.0887,-0.2285,1.0329,-10.2782,-6.9352,-8.5158,-8.6879,-0.0937
29.0640,dirt,0.715,0.379,-0.3349,3.8713,0.0357,0.0797,-0.2876,1.7456,-10.3801,-7.0223,-8.5786,-8.6474,-0.1405
29.0760,dirt,0.715,0.384,-0.4086,3.8433,0.0547,0.0634,2.1986,-1.3047,-10.2152,-7.3315,-8.5213,-8.5911,-0.1816
29.0880,dirt,0.715,0.389,-0.4687,3.8687,0.1678,0.0125,-4.8218,0.0206,-10.0139,-7.6428,-8.5102,-8.6274,-0.2077
29.1000,dirt,0.715,0.395,-0.5133,3.9127,0.0869,0.0025,1.2327,-0.2031,-9.8027,-7.7848,-8.6994,-8.6123,-0.2356
29.1120,dirt,0.715,0.400,-0.5407,3.9314,0.0332,-0.0083,0.0404,-0.5555,-9.6118,-7.9674,-8.6628,-8.5081,-0.2632
29.1240,dirt,0.715,0.405,-0.5500,3.8210,0.0886,-0.0288,0.8486,-0.1912,-9.4064,-8.1401,-8.5982,-8.4935,-0.2749
29.1360,dirt,0.715,0.410,-0.5408,3.8902,-0.0005,-0.0497,0.7269,-1.0316,-9.1611,-8.4876,-8.7898,-8.4683,-0.2724
29.1480,dirt,0.715,0.416,-0.5133,3.9794,0.0537,-0.0815,0.2009,-1.3322,-8.7976,-8.8291,-8.8538,-8.4323,-0.2627
29.1600,dirt,0.715,0.421,-0.4683,3.9500,-0.0323,-0.0947,0.8116,-0.6415,-8.5586,-9.1900,-8.7275,-8.4702,-0.2482
29.1720,dirt,0.715,0.426,-0.4074,3.9637,0.0349,-0.1129,1.9325,-1.5351,-8.2163,-9.4852,-8.7618,-8.5150,-0.2238
29.1840,dirt,0.715,0.431,-0.3325,3.9959,-0.0038,-0.1238,1.2087,-2.1106,-8.0235,-9.9111,-8.7818,-8.5730,-0.1883
29.1960,dirt,0.715,0.436,-0.2461,3.9774,-0.0051,-0.1211,0.6533,-2.2256,-7.9340,-10.0612,-8.9370,-8.5582,-0.1531
29.2080,dirt,0.715,0.441,-0.1512,3.8913,0.0652,-0.1194,0.7746,-0.8939,-7.8573,-10.1883,-8.8896,-8.7074,-0.1173
29.2200,dirt,0.715,0.446,-0.0509,4.0215,0.0251,-0.1234,2.7598,5.8315,-7.6251,-10.6441,-9.0567,-8.7715,-0.0589
29.2320,dirt,0.715,0.451,0.0513,4.0157,-0.0628,-0.1188,0.4324,-1.8196,-7.3900,-10.9268,-8.8269,-8.6468,-0.0077
29.2440,dirt,0.715,0.456,0.1519,4.0643,-0.1137,-0.1087,1.8701,-3.0332,-7.6041,-11.0658,-8.9419,-8.7072,0.0414
29.2560,dirt,0.715,0.461,0.2473,4.0424,-0.0810,-0.1056,-1.0820,1.8275,-7.4135,-11.3022,-9.0137,-8.7387,0.0970
29.2680,dirt,0.715,0.466,0.3343,4.0054,-0.1358,-0.0739,1.0618,-0.0802,-7.6677,-11.2845,-8.8629,-8.9518,0.1344
29.2800,dirt,0.715,0.470,0.4097,3.8947,-0.0735,-0.0596,1.1862,0.0165,-7.7490,-11.2230,-8.8442,-8.9548,0.1717
29.2920,dirt,0.715,0.475,0.4709,4.0459,0.0192,-0.0512,0.6218,0.3115,-7.8157,-11.2089,-8.9398,-9.0324,0.2110
29.3040,dirt,0.715,0.480,0.5157,3.9887,-0.0083,-0.0316,1.0301,-0.6761,-7.8423,-11.1401,-8.9374,-9.1177,0.2465
29.3160,dirt,0.715,0.484,0.5423,4.0311,-0.0387,-0.0116,0.2102,0.8653,-8.1081,-10.9288,-8.8632,-9.0915,0.2700
29.3280,dirt,0.715,0.489,0.5499,4.0496,0.0426,0.0437,2.6664,1.0073,-8.4487,-10.5916,-8.8090,-9.1176,0.2737
29.3400,dirt,0.715,0.493,0.5380,4.0176,-0.0684,0.0519,1.3465,1.1616,-8.8908,-10.3192,-8.8219,-9.0120,0.2698
29.3520,dirt,0.715,0.498,0.5070,4.0957,0.0132,0.0656,0.5343,1.8834,-9.1791,-10.0065,-8.8765,-9.0336,0.2659
29.3640,dirt,0.715,0.502,0.4578,4.0377,0.0400,0.0801,0.1762,-0.2871,-9.4970,-9.7360,-8.7775,-9.1095,0.2466
29.3760,dirt,0.715,0.506,0.3923,4.1477,0.0113,0.0921,0.8608,1.1827,-9.7846,-9.4721,-8.7919,-9.0976,0.2250
29.3880,dirt,0.715,0.510,0.3126,4.1313,0.0475,0.1114,1.0674,2.0632,-10.0896,-9.1529,-8.8656,-9.1589,0.1952
29.4000,dirt,0.715,0.514,0.2216,4.0936,0.0910,0.1289,0.9791,2.6565,-10.5036,-8.7937,-8.7531,-9.1602,0.1459
29.4120,dirt,0.715,0.519,0.1225,4.1467,0.0021,0.1332,0.0516,2.7827,-10.9705,-8.4636,-8.9364,-9.1849,0.0919
29.4240,dirt,0.715,0.522,0.0188,4.1143,-0.0187,0.1308,-0.4890,2.3421,-11.0255,-8.4203,-8.8614,-9.3596,0.0428
29.4360,dirt,0.715,0.526,-0.0857,4.1675,0.1047,0.1285,-2.4078,2.1287,-11.2228,-8.3284,-8.9623,-9.2737,-0.0090
29.4480,dirt,0.715,0.530,-0.1873,4.1502,0.1473,0.0956,1.4165,1.6266,-11.3578,-8.2313,-8.9730,-9.2078,-0.0588
29.4600,dirt,0.715,0.534,-0.2822,4.1351,0.0318,0.0947,0.9434,0.0261,-11.3911,-8.1798,-9.1065,-9.2163,-0.1011
29.4720,dirt,0.715,0.537,-0.3669,4.1981,0.0599,0.0896,1.0894,0.1950,-11.4686,-8.1123,-9.1626,-9.2198,-0.1582
29.4840,dirt,0.715,0.541,-0.4382,4.1536,0.0657,0.0734,0.3046,1.0739,-11.4396,-8.0192,-9.1704,-9.2540,-0.2008
29.4960,dirt,0.715,0.544,-0.4936,4.2570,0.0389,0.0609,2.2866,-0.7075,-11.4084,-8.1046,-9.1895,-9.1951,-0.2321
29.5080,dirt,0.715,0.548,-0.5309,4.2623,0.1383,0.0149,-0.0083,-0.5901,-11.0955,-8.3023,-9.1071,-9.2714,-0.2499
29.5200,dirt,0.715,0.551,-0.5486,4.1916,0.0749,-0.0056,0.7048,-0.3454,-10.8113,-8.6253,-9.2167,-9.0962,-0.2695
29.5320,dirt,0.715,0.554,-0.5460,4.2114,0.1398,-0.0268,-0.1730,-0.7526,-10.4382,-8.9276,-9.2718,-9.0505,-0.2763
29.5440,dirt,0.715,0.557,-0.5231,4.2124,-0.0909,-0.0467,0.5843,-0.8344,-10.0707,-9.2666,-9.3046,-9.0762,-0.2694
29.5560,dirt,0.715,0.560,-0.4807,4.2304,0.0519,-0.0628,0.5397,-0.7793,-9.6945,-9.6197,-9.3452,-9.0722,-0.2579
29.5680,dirt,0.715,0.563,-0.4203,4.1831,0.0116,-0.1002,0.9506,-1.1590,-9.4228,-9.8429,-9.4025,-9.0706,-0.2419
29.5800,dirt,0.715,0.566,-0.3440,4.3085,0.1072,-0.1159,1.0456,-1.5015,-9.0979,-10.1827,-9.3979,-9.0024,-0.2127
29.5920,dirt,0.715,0.568,-0.2547,4.2631,0.1262,-0.1469,-0.0430,-1.8993,-8.4975,-10.7618,-9.3909,-9.1001,-0.1509
29.6040,dirt,0.715,0.571,-0.1557,4.1469,0.0017,-0.1473,1.1142,-3.0886,-8.2044,-11.1252,-9.4291,-9.1420,-0.1037
29.6160,dirt,0.715,0.573,-0.0507,4.2090,-0.0318,-0.1404,0.8199,-2.0818,-8.2971,-11.1123,-9.4932,-9.0639,-0.0608
29.6280,dirt,0.715,0.576,0.0564,4.2741,0.0617,-0.1261,0.5993,-1.3314,-8.1269,-11.2109,-9.5134,-9.1013,-0.0115
29.6400,dirt,0.715,0.578,0.1615,4.2961,-0.0102,-0.1186,0.7008,-1.1496,-7.9904,-11.4692,-9.5097,-9.0647,0.0386
29.6520,dirt,0.715,0.580,0.2606,4.2986,-0.0094,-0.1120,0.5873,-1.5388,-7.8231,-11.7028,-9.6577,-9.1832,0.1055
29.6640,dirt,0.715,0.582,0.3499,4.3865,-0.0042,-0.1041,0.7569,-1.4518,-7.6979,-11.8102,-9.3495,-9.2613,0.1704
29.6760,dirt,0.715,0.584,0.4259,4.2380,-0.0663,-0.0851,0.0861,-0.7816,-7.7222,-11.8844,-9.4960,-9.4008,0.2145
29.6880,dirt,0.715,0.586,0.4856,4.2918,-0.0129,-0.0406,-0.2440,0.1104,-7.9338,-11.7164,-9.4257,-9.4482,0.2363
29.7000,dirt,0.715,0.588,0.5267,4.2359,0.0306,-0.0226,-0.0588,-0.0836,-8.2603,-11.3782,-9.3668,-9.4583,0.2527
29.7120,dirt,0.715,0.589,0.5475,4.2635,-0.0700,-0.0036,0.7414,0.2448,-8.5225,-11.0084,-9.2350,-9.5403,0.2681
29.7240,dirt,0.715,0.591,0.5471,4.3380,0.0770,0.0152,0.4189,-0.2363,-8.7024,-10.7905,-9.3952,-9.5322,0.2789
29.7360,dirt,0.715,0.592,0.5255,4.3181,0.0352,0.0348,0.9173,0.1464,-9.0299,-10.4537,-9.1880,-9.6747,0.2749
29.7480,dirt,0.715,0.594,0.4834,4.4566,0.0362,0.0815,0.4434,1.4004,-9.4075,-10.1200,-9.2789,-9.5925,0.2610
29.7600,dirt,0.715,0.595,0.4224,4.3089,-0.0175,0.0953,0.1310,1.2653,-9.7237,-9.8109,-9.1771,-9.5879,0.2361
29.7720,dirt,0.715,0.596,0.3447,4.3619,0.0154,0.1117,0.2708,1.2934,-10.0441,-9.5400,-9.1875,-9.6354,0.2014
29.7840,dirt,0.715,0.597,0.2534,4.3937,0.0944,0.1279,0.1838,1.5642,-10.4367,-9.0885,-9.2809,-9.6748,0.1537
29.7960,dirt,0.715,0.597,0.1520,4.3604,0.0178,0.1349,2.1934,0.8842,-10.6555,-8.8259,-9.2887,-9.7325,0.1188
29.8080,dirt,0.715,0.598,0.0444,4.3466,-0.0002,0.1391,0.8453,0.0861,-10.5414,-8.9598,-9.2306,-9.6442,0.0880
29.8200,dirt,0.715,0.599,-0.0650,4.3339,0.0644,0.1459,-0.1672,2.1368,-10.7710,-8.8134,-9.2238,-9.8200,0.0443
29.8320,dirt,0.715,0.599,-0.1720,4.3263,0.0768,0.1665,-1.3611,0.4120,-11.2470,-8.5109,-9.2505,-9.7442,-0.0473
29.8440,dirt,0.715,0.600,-0.2724,4.3609,0.0557,0.1543,-0.2434,2.2055,-11.4561,-8.2964,-9.3373,-9.7448,-0.1203
29.8560,dirt,0.715,0.600,-0.3619,4.3907,0.1456,0.1162,-0.6735,1.6568,-11.5504,-8.2662,-9.4225,-9.6842,-0.1686
29.8680,dirt,0.715,0.600,-0.4371,4.3333,0.0872,0.0651,0.0940,-0.8946,-11.4921,-8.3043,-9.5103,-9.5980,-0.2075
29.8800,dirt,0.715,0.600,-0.4949,4.4671,0.1189,0.0524,-0.0550,-0.6193,-11.1871,-8.4894,-9.5823,-9.5722,-0.2280
29.8920,dirt,0.715,0.600,-0.5328,4.3343,-0.1166,0.0364,0.3454,-0.2405,-10.9021,-8.7055,-9.5453,-9.6291,-0.2500
29.9040,dirt,0.715,0.600,-0.5493,4.3902,0.0603,0.0273,-0.0121,0.8181,-10.8826,-8.6061,-9.5679,-9.5638,-0.2731
29.9160,dirt,0.715,0.599,-0.5436,4.4240,-0.0625,0.0073,0.4753,-0.9305,-10.6903,-8.7877,-9.6257,-9.5411,-0.2787
29.9280,dirt,0.715,0.599,-0.5159,4.4315,0.0820,-0.0472,0.7054,-1.3379,-10.2386,-9.2205,-9.5747,-9.4162,-0.2619
29.9400,dirt,0.715,0.598,-0.4671,4.4033,0.0771,-0.0607,0.5246,-0.7110,-9.9402,-9.5283,-9.6172,-9.3770,-0.2507
29.9520,dirt,0.715,0.598,-0.3992,4.4052,0.0199,-0.0770,0.7490,-0.0567,-9.6904,-9.7976,-9.7447,-9.3839,-0.2377
29.9640,dirt,0.715,0.597,-0.3149,4.4842,0.0076,-0.0988,0.0364,-1.8622,-9.3203,-10.1843,-9.9728,-9.3614,-0.2021
29.9760,dirt,0.715,0.596,-0.2175,4.4743,-0.0116,-0.1120,0.0763,-1.1230,-9.0414,-10.4926,-9.7012,-9.4551,-0.1642
29.9880,dirt,0.715,0.595,-0.1111,4.3769,-0.1000,-0.1451,1.5514,-0.2534,-8.6071,-10.9330,-9.9220,-9.3159,-0.1022
30.0000,dirt,0.715,0.594,0.0000,4.4159,-0.0717,-0.1495,0.1724,-1.2175,-8.1775,-11.3753,-9.9233,-9.3810,-0.0454
