sim_time,wall_time,seq,x_fa_meas,y_fa_meas,psi_meas,u_meas,v_meas,omega_meas,x_fa_true,y_fa_true,psi_true,u_true,x_fa_comp,y_fa_comp,psi_comp,u_comp,v_comp,omega_comp,ax_state,delta_prev_state,x_ref_0,y_ref_0,psi_ref_0,v_ref_0,delta_dot,Jx,mpc_cost,solver_status,solver_iters,terrain_class_est,terrain_confidence,n_terrain_est,terrain_update_applied,residual_enabled,residual_du_pred,residual_dv_pred,residual_domega_pred,residual_updates,residual_last_loss,residual_last_update_ms,steering,throttle,braking,steering_angle,acceleration,tau_one_way_ms,tau_solve_ms,tau_comp_ms,solve_time_ms,crosstrack_err,heading_err_deg,speed_err,pred1_age_s,pred1_pos_err_m,pred1_psi_err_deg,pred1_u_err_mps,pred1_v_err_mps,pred1_omega_err_radps,actual_Fy_front,actual_Fy_rear,pred_Fy_front,pred_Fy_rear,alpha_f,alpha_r,Fz_f_mean,Fz_r_mean,kappa_diag,kappa_meas_diag,sr_diag,u_safe_diag,speed_fade_diag,force_resid_dFy_f,force_resid_dFy_r,force_resid_updates,force_resid_bias_f,force_resid_bias_r
0.0000,1778839078.607741,0,1.637349,0.006366,0.001071,-0.0437,0.0451,-0.000367,1.648994,-0.000000,-0.000000,-0.0020,1.637231,0.006738,0.001078,-0.0052,0.0002,0.000007,-0.113967,0.0000,1.637231,0.000000,0.000000,5.0000,0.000000,2.000000,3415.8924,4,1,clay,1.0000,0.500000,0,0,0.000000,0.000000,0.000000,0,nan,0.00,0.000000,0.0724,0.0000,0.000000,0.2000,17.75,9.47,44.98,6.47,-0.000000,-0.0000,-5.0020,nan,nan,nan,nan,nan,nan,0.0,0.0,48.37455465032576,-141.32931121150216,-0.088821,-0.091225,6560.8,6059.7,-0.050321,0.000000,0.000000,0.5000,1.0000,,,,,
0.0120,1778839078.615065,1,1.724403,0.006549,0.005555,-0.0718,-0.0188,-0.001415,1.648913,-0.000001,-0.000000,-0.0094,1.724338,0.006815,0.005559,-0.0025,0.0002,0.000008,-0.018265,0.0000,1.724338,0.000000,-0.000000,5.0000,0.000000,2.000000,3350.4049,4,1,clay,1.0000,0.500000,0,0,0.000000,0.000000,0.000000,0,nan,0.00,0.000000,0.0786,0.0000,0.000000,0.2240,15.99,8.66,40.64,4.06,-0.000001,-0.0000,-5.0094,nan,nan,nan,nan,nan,nan,0.0,0.0,70.6593023842326,-8.739283113117224,-0.063593,-0.067339,6557.6,6063.0,-0.044668,0.000000,0.000000,0.5000,1.0000,,,,,
0.0240,1778839078.621517,2,1.657339,0.037640,0.002912,0.0549,-0.0050,0.002910,1.648775,-0.000002,-0.000001,-0.0125,1.657682,0.037851,0.002916,0.0089,0.0003,0.000013,-0.010708,0.0000,1.657682,0.000000,-0.000000,5.0000,0.000000,2.000000,3349.6981,4,1,clay,1.0000,0.500000,0,0,0.000000,0.000000,0.000000,0,nan,0.00,0.000000,0.0856,0.0000,0.000000,0.2480,13.63,7.97,35.24,4.10,-0.000002,-0.0001,-5.0125,nan,nan,nan,nan,nan,nan,0.0,0.0,56.14190457829402,38.58654988570201,-0.051149,-0.050465,6552.9,6067.7,-0.036456,0.000000,0.000000,0.5000,1.0000,,,,,
0.0360,1778839078.633342,3,1.583318,-0.000538,0.001769,-0.0101,0.0568,-0.000038,1.648627,-0.000005,-0.000003,-0.0120,1.583567,-0.000281,0.001775,0.0077,0.0007,0.000027,0.004747,0.0000,1.583567,0.000000,0.000000,5.0000,0.000000,2.000000,3053.3067,0,1,clay,1.0000,0.500000,0,0,0.000000,0.000000,0.000000,0,nan,0.00,0.000000,0.0933,0.0000,0.000000,0.2720,11.63,8.30,31.57,10.15,-0.000005,-0.0002,-5.0120,nan,nan,nan,nan,nan,nan,0.0,0.0,73.75838085367558,-7.393818246459361,-0.063159,-0.062657,6546.6,6074.0,-0.025491,0.000000,0.000000,0.5000,1.0000,,,,,
0.0480,1778839078.645630,4,1.525303,-0.007510,-0.009228,0.0113,-0.1623,0.000846,1.648492,-0.000007,-0.000005,-0.0106,1.525555,-0.007559,-0.009228,0.0091,-0.0002,-0.000007,0.027146,0.0000,1.525555,0.000000,0.000000,5.0000,0.000000,2.000000,3002.2879,0,1,clay,1.0000,0.500000,0,0,0.000000,0.000000,0.000000,0,nan,0.00,0.000000,0.1017,0.0000,0.000000,0.2960,9.95,8.06,27.96,6.71,-0.000007,-0.0003,-5.0106,nan,nan,nan,nan,nan,nan,0.0,0.0,-85.1961552340023,33.278389519693576,0.011302,0.012791,6539.4,6081.2,-0.012914,0.000000,0.000000,0.5000,1.0000,,,,,
0.0600,1778839078.657496,5,1.599320,0.062612,0.012995,-0.0139,-0.0758,0.000675,1.648463,-0.000004,-0.000003,0.0010,1.599515,0.062461,0.012993,0.0083,-0.0009,-0.000034,0.062197,0.0000,1.599515,0.000000,0.000000,5.0000,0.000000,2.000000,2993.6645,0,1,clay,1.0000,0.500000,0,0,0.000000,0.000000,0.000000,0,nan,0.00,0.000000,0.1107,0.0000,0.000000,0.3200,8.50,7.86,24.86,6.69,-0.000004,-0.0002,-4.9990,nan,nan,nan,nan,nan,nan,0.0,0.0,-36.98195512075327,90.19072234764229,0.038017,0.040077,6528.9,6091.7,0.005330,0.000000,0.000000,0.5000,1.0000,,,,,
0.0720,1778839078.669450,6,1.690254,0.043697,-0.003379,0.0191,-0.0967,0.000027,1.648468,0.000001,-0.000000,0.0001,1.690481,0.043429,-0.003383,0.0109,-0.0022,-0.000081,0.079789,0.0000,1.690481,0.000000,-0.000000,5.0000,0.000000,2.000000,2987.2740,0,1,clay,1.0000,0.500000,0,0,0.000000,0.000000,0.000000,0,nan,0.00,0.000000,0.1203,0.0000,0.000000,0.3440,7.26,7.74,22.26,7.05,0.000001,-0.0000,-4.9999,nan,nan,nan,nan,nan,nan,0.0,0.0,49.503769637323245,177.85667709391626,0.067979,0.069669,6523.1,6097.5,0.015464,0.000000,0.000000,0.5000,1.0000,,,,,
0.0840,1778839078.681489,7,1.646629,0.052567,-0.004117,0.0234,-0.0573,0.000905,1.648453,0.000006,0.000003,-0.0009,1.646889,0.052272,-0.004121,0.0138,-0.0032,-0.000118,0.095424,0.0000,1.646889,0.000000,0.000000,5.0000,0.000000,2.000000,2982.8636,0,1,clay,1.0000,0.500000,0,0,0.000000,0.000000,0.000000,0,nan,0.00,0.000000,0.1304,0.0000,0.000000,0.3680,6.22,7.70,20.15,7.51,0.000006,0.0002,-5.0009,nan,nan,nan,nan,nan,nan,0.0,0.0,91.67764280592499,218.396005610596,0.076393,0.078905,6518.0,6102.5,0.024309,0.000000,0.000000,0.5000,1.0000,,,,,
0.0960,1778839078.693531,8,1.675825,0.031135,-0.001525,-0.0245,-0.0233,0.000076,1.648434,0.000014,0.000007,-0.0008,1.676021,0.030869,-0.001529,0.0117,-0.0037,-0.000134,0.113411,0.0000,1.676021,0.000000,-0.000000,5.0000,0.000000,2.000000,2977.2612,0,1,clay,1.0000,0.500000,0,0,0.000000,0.000000,0.000000,0,nan,0.00,0.000000,0.1412,0.0000,0.000000,0.3920,5.34,7.66,18.35,7.44,0.000014,0.0004,-5.0008,nan,nan,nan,nan,nan,nan,0.0,0.0,99.42232467750125,225.75561449292903,0.070588,0.072713,6512.6,6108.0,0.033838,0.000000,0.000000,0.5000,1.0000,,,,,
0.1080,1778839078.705453,9,1.768058,0.022087,0.004276,-0.0238,-0.0402,-0.000537,1.648415,0.000021,0.000011,-0.0007,1.768210,0.021822,0.004272,0.0099,-0.0046,-0.000157,0.132919,0.0000,1.768210,-0.000000,-0.000000,5.0000,0.000000,2.000000,2971.6900,0,1,clay,1.0000,0.500000,0,0,0.000000,0.000000,0.000000,0,nan,0.00,0.000000,0.1524,0.0000,0.000000,0.4160,4.59,7.54,16.71,6.85,0.000021,0.0006,-5.0007,0.008000,0.082262,0.1858,-0.492006,-0.036700,0.000606,0.0,0.0,128.95167626393135,252.00376280979967,0.072772,0.073801,6506.8,6113.7,0.043823,0.000000,0.000000,0.5000,1.0000,,,,,
0.1200,1778839078.717361,10,1.680603,0.035318,-0.008542,0.0429,0.0273,-0.001201,1.648397,0.000027,0.000015,-0.0006,1.680845,0.035143,-0.008545,0.0168,-0.0036,-0.000128,0.152004,0.0000,1.680845,0.000000,-0.000000,5.0000,0.000000,2.000000,2966.4098,0,1,clay,1.0000,0.500000,0,0,0.000000,0.000000,0.000000,0,nan,0.00,0.000000,0.1642,0.0000,0.000000,0.4400,3.94,7.42,15.31,6.75,0.000027,0.0008,-5.0006,0.008000,0.097891,-0.7995,-0.485259,-0.024316,0.001363,0.0,0.0,69.62055930140178,187.1737477873267,0.048930,0.048232,6501.3,6119.3,0.053491,0.000000,0.000000,0.5000,1.0000,,,,,
0.1320,1778839078.729469,11,1.671441,0.004300,-0.004527,0.0268,-0.0061,-0.000127,1.648380,0.000034,0.000018,-0.0005,1.671698,0.004155,-0.004530,0.0193,-0.0036,-0.000126,0.170164,0.0000,1.671698,0.000000,-0.000000,5.0000,0.000000,2.000000,2961.3624,0,1,clay,1.0000,0.500000,0,0,0.000000,0.000000,0.000000,0,nan,0.00,0.000000,0.1764,0.0000,0.000000,0.4640,3.40,7.32,14.11,6.72,0.000034,0.0010,-5.0005,0.008000,0.049486,-0.4161,-0.482926,-0.020795,0.001699,0.0,0.0,55.800420072897026,170.58631215545898,0.041917,0.041191,6496.1,6124.5,0.062577,0.000000,0.000000,0.5000,1.0000,,,,,
0.1440,1778839078.741523,12,1.566868,-0.040433,0.014118,-0.0738,0.0636,-0.000051,1.648364,0.000042,0.000023,-0.0004,1.567065,-0.040460,0.014118,0.0161,-0.0009,-0.000033,0.188555,0.0000,1.567065,0.000000,0.000000,5.0000,0.000000,2.000000,2957.0031,0,1,clay,1.0000,0.500000,0,0,0.000000,0.000000,0.000000,0,nan,0.00,0.000000,0.1891,0.0000,0.000000,0.4880,2.94,7.23,13.11,6.76,0.000042,0.0013,-5.0004,0.008000,0.077934,0.7071,-0.486706,-0.005115,-0.000126,0.0,0.0,-50.65024853199216,45.50900596359891,0.009228,0.008578,6490.9,6129.7,0.071607,0.000000,0.000000,0.5000,1.0000,,,,,
0.1560,1778839078.753461,13,1.681882,0.024453,-0.001377,-0.0402,-0.0143,0.000788,1.648349,0.000050,0.000027,-0.0003,1.682033,0.024412,-0.001378,0.0135,-0.0014,-0.000034,0.206865,0.0000,1.682033,0.000000,-0.000000,5.0000,0.000000,2.000000,2952.0027,0,1,clay,1.0000,0.500000,0,0,0.000000,0.000000,0.000000,0,nan,0.00,0.000000,0.2022,0.0000,0.000000,0.5120,2.54,7.16,12.24,6.73,0.000050,0.0015,-5.0003,0.008000,0.111180,0.4499,-0.491610,-0.006172,0.000080,0.0,0.0,-48.91756778201214,55.89092246248559,0.012473,0.012955,6485.8,6134.8,0.080466,0.000000,0.000000,0.5000,1.0000,,,,,
0.1680,1778839078.765451,14,1.654532,-0.012714,-0.002559,0.0754,0.0890,0.000243,1.648334,0.000058,0.000031,-0.0002,1.654818,-0.012638,-0.002557,0.0260,0.0029,0.000092,0.224690,0.0000,1.654818,0.000000,0.000000,5.0000,0.000000,2.000000,2947.3502,0,1,clay,1.0000,0.500000,0,0,0.000000,0.000000,0.000000,0,nan,0.00,0.000000,0.2157,0.0000,0.000000,0.5360,2.20,7.10,11.51,6.76,0.000058,0.0018,-5.0002,0.008000,0.075904,-0.8909,-0.482665,0.012972,0.000140,0.0,0.0,-112.91835193831639,-70.5815676186978,-0.024546,-0.023846,6480.9,6139.6,0.088996,0.000000,0.000000,0.5000,1.0000,,,,,
0.1800,1778839078.777473,15,1.683731,0.042879,-0.000561,-0.0295,-0.0938,-0.000140,1.648320,0.000066,0.000035,-0.0002,1.683953,0.042827,-0.000561,0.0215,-0.0022,-0.000058,0.242507,0.0000,1.683953,0.000000,-0.000000,5.0000,0.000000,2.000000,2943.3540,0,1,clay,1.0000,0.500000,0,0,0.000000,0.000000,0.000000,0,nan,0.00,0.000000,0.2296,0.0000,0.000000,0.5600,1.92,7.05,10.89,6.76,0.000066,0.0020,-5.0002,0.008000,0.056757,0.1622,-0.488983,-0.006241,0.000142,0.0,0.0,-51.23174374281653,63.33245591083481,0.016579,0.016964,6476.1,6144.5,0.097414,0.000000,0.000000,0.5000,1.0000,,,,,
0.1920,1778839078.789449,16,1.612920,-0.044409,0.000416,-0.0636,-0.0165,0.000779,1.648307,0.000075,0.000039,-0.0001,1.613093,-0.044467,0.000416,0.0179,-0.0027,-0.000061,0.259681,0.0000,1.613093,0.000000,0.000000,5.0000,0.000000,2.000000,2939.4296,0,1,clay,1.0000,0.500000,0,0,0.000000,0.000000,0.000000,0,nan,0.00,0.000000,0.2439,0.0000,0.000000,0.5840,1.68,7.00,10.36,6.76,0.000075,0.0022,-5.0001,0.008000,0.127643,0.2606,-0.494223,-0.006807,0.000308,0.0,0.0,-48.52488239232626,77.19718149727274,0.019292,0.020598,6471.5,6149.1,0.105468,0.000000,0.000000,0.5000,1.0000,,,,,
0.2040,1778839078.801746,17,1.536136,-0.014303,0.003223,0.0004,-0.0591,-0.000994,1.648295,0.000084,0.000044,-0.0000,1.536274,-0.014417,0.003221,0.0151,-0.0056,-0.000164,0.277473,0.0000,1.536274,0.000000,0.000000,5.0000,0.000000,2.000000,2934.7079,0,1,clay,1.0000,0.500000,0,0,0.000000,0.000000,0.000000,0,nan,0.00,0.000000,0.2585,0.0000,0.000000,0.6080,1.50,7.69,10.69,11.57,0.000084,0.0025,-5.0000,0.008000,0.195078,0.2730,-0.498912,-0.015832,0.000095,0.0,0.0,62.277739863895675,190.11158622358653,0.039014,0.038798,6466.8,6153.8,0.113676,0.000000,0.000000,0.5000,1.0000,,,,,
0.2160,1778839078.814538,18,1.638305,-0.023028,-0.000851,-0.0489,-0.1094,-0.000750,1.648284,0.000094,0.000048,0.0000,1.638426,-0.023251,-0.000855,0.0130,-0.0100,-0.000304,0.295852,0.0000,1.638426,0.000000,0.000000,5.0000,0.000000,2.000000,2930.5917,0,1,clay,1.0000,0.500000,0,0,0.000000,0.000000,0.000000,0,nan,0.00,0.000000,0.2735,0.0000,0.000000,0.6320,1.42,8.10,10.94,10.44,0.000094,0.0028,-5.0000,0.008000,0.185350,-0.2926,-0.503268,-0.032356,-0.000027,0.0,0.0,286.3751916355778,423.6533894911751,0.074167,0.073040,6462.4,6158.2,0.121329,0.000000,0.000000,0.5000,1.0000,,,,,
0.2280,1778839078.825910,19,1.567584,-0.022439,0.000520,0.0388,-0.0245,0.000121,1.648273,0.000104,0.000053,0.0001,1.567767,-0.022648,0.000516,0.0188,-0.0092,-0.000277,0.313223,0.0000,1.567767,0.000000,0.000000,5.0000,0.000000,2.000000,2926.6935,0,1,clay,1.0000,0.500000,0,0,0.000000,0.000000,0.000000,0,nan,0.00,0.000000,0.2888,0.0000,0.000000,0.6560,1.28,8.25,10.80,9.07,0.000104,0.0030,-4.9999,0.008000,0.172844,0.5201,-0.499600,-0.030936,-0.000007,0.0,0.0,268.6619041878263,410.9847424615564,0.069210,0.068454,6458.0,6162.5,0.128891,0.000000,0.000000,0.5000,1.0000,,,,,
0.2400,1778839078.837811,20,1.695021,-0.122892,0.001662,-0.0114,-0.0199,-0.000246,1.648263,0.000114,0.000057,0.0001,1.695171,-0.123083,0.001659,0.0160,-0.0086,-0.000260,0.330733,0.0000,1.695171,0.000000,-0.000000,5.0000,0.000000,2.000000,2926.4472,0,1,clay,1.0000,0.500000,0,0,0.000000,0.000000,0.000000,0,nan,0.00,0.000000,0.3044,0.0000,0.000000,0.6800,1.15,8.10,10.40,7.27,0.000114,0.0033,-4.9999,0.008000,0.129233,0.3555,-0.504436,-0.028165,-0.000033,0.0,0.0,241.16153508612098,384.48992487386073,0.063685,0.062762,6453.6,6167.0,0.136714,0.000000,0.000000,0.5000,1.0000,,,,,
0.2520,1778839078.849610,21,1.643796,-0.042105,-0.005918,-0.0268,0.0121,0.000609,1.648253,0.000125,0.000062,0.0001,1.643915,-0.042242,-0.005921,0.0136,-0.0066,-0.000188,0.346369,0.0000,1.643915,0.000000,0.000000,5.0000,0.000000,2.000000,2920.0966,0,1,clay,1.0000,0.500000,0,0,0.000000,0.000000,0.000000,0,nan,0.00,0.000000,0.3203,0.0000,0.000000,0.7040,1.03,7.90,9.95,6.77,0.000125,0.0035,-4.9999,0.008000,0.026818,-1.1478,-0.508710,-0.022386,0.000016,0.0,0.0,107.71905708777626,257.79751581155307,0.046335,0.046366,6449.4,6171.2,0.143971,0.000000,0.000000,0.5000,1.0000,,,,,
0.2640,1778839078.861498,22,1.568786,-0.013551,0.006451,0.0651,-0.0456,0.000590,1.648245,0.000137,0.000067,0.0002,1.569006,-0.013708,0.006449,0.0242,-0.0082,-0.000221,0.361878,0.0000,1.569006,0.000000,0.000000,5.0000,0.000000,2.000000,2916.1455,0,1,clay,1.0000,0.500000,0,0,0.000000,0.000000,0.000000,0,nan,0.00,0.000000,0.3365,0.0000,0.000000,0.7280,0.91,7.72,9.55,6.71,0.000137,0.0038,-4.9998,0.008000,0.167555,0.4487,-0.499909,-0.026225,0.000163,0.0,0.0,179.01041223685044,341.03160653525083,0.054646,0.055422,6445.2,6175.3,0.151193,0.000000,0.000000,0.5000,1.0000,,,,,
0.2760,1778839078.873479,23,1.699480,-0.009484,-0.001280,0.0279,-0.0863,0.000881,1.648236,0.000149,0.000072,0.0002,1.699703,-0.009704,-0.001282,0.0256,-0.0122,-0.000312,0.377231,0.0000,1.699703,0.000000,-0.000000,5.0000,0.000000,2.000000,2912.9539,0,1,clay,1.0000,0.500000,0,0,0.000000,0.000000,0.000000,0,nan,0.00,0.000000,0.3529,0.0000,0.000000,0.7520,0.83,7.57,9.22,6.69,0.000149,0.0041,-4.9998,0.008000,0.006114,0.0727,-0.500312,-0.041892,0.000137,0.0,0.0,359.36021646629905,525.8469084275318,0.076826,0.078569,6441.2,6179.4,0.158285,0.000000,0.000000,0.5000,1.0000,,,,,
0.2880,1778839078.885432,24,1.631126,-0.013394,-0.003351,-0.0902,-0.0449,0.000143,1.648229,0.000162,0.000077,0.0002,1.631302,-0.013616,-0.003353,0.0213,-0.0130,-0.000332,0.391628,0.0000,1.631302,0.000000,0.000000,5.0000,0.000000,2.000000,2910.0579,0,1,clay,1.0000,0.500000,0,0,0.000000,0.000000,0.000000,0,nan,0.00,0.000000,0.3696,0.0000,0.000000,0.7760,0.74,7.43,8.92,6.66,0.000162,0.0044,-4.9998,0.008000,0.117073,-0.1595,-0.506382,-0.038066,0.000309,0.0,0.0,386.16193540211674,551.4888174222156,0.079210,0.080798,6437.4,6183.2,0.164922,0.000000,0.000000,0.5000,1.0000,,,,,
0.3000,1778839078.897533,25,1.622736,-0.005681,0.007810,0.0679,-0.0008,0.001754,1.648222,0.000176,0.000082,0.0002,1.622995,-0.005853,0.007809,0.0310,-0.0109,-0.000232,0.405534,0.0000,1.622995,0.000000,0.000000,5.0000,0.000000,2.000000,2907.2597,0,1,clay,1.0000,0.500000,0,0,0.000000,0.000000,0.000000,0,nan,0.00,0.000000,0.3865,0.0000,0.000000,0.8000,0.68,7.32,8.67,6.70,0.000176,0.0047,-4.9998,0.008000,0.056154,0.4240,-0.498413,-0.029837,0.000613,0.0,0.0,263.68455288756695,457.5083246478621,0.063141,0.066657,6433.7,6186.9,0.171302,0.000000,0.000000,0.5000,1.0000,,,,,
0.3120,1778839078.909541,26,1.572712,-0.043638,0.000606,0.0875,0.0342,-0.000259,1.648215,0.000190,0.000087,0.0002,1.573062,-0.043741,0.000606,0.0427,-0.0068,-0.000133,0.419118,0.0000,1.573062,0.000000,0.000000,5.0000,0.000000,2.000000,2905.0145,0,1,clay,1.0000,0.500000,0,0,0.000000,0.000000,0.000000,0,nan,0.00,0.000000,0.4036,0.0000,0.000000,0.8240,0.62,7.23,8.47,6.73,0.000190,0.0050,-4.9998,0.008000,0.031833,-0.1489,-0.488593,-0.014048,0.000608,0.0,0.0,2.737132674903833,206.1720663198156,0.037885,0.040397,6430.2,6190.4,0.177493,0.000000,0.000000,0.5000,1.0000,,,,,
0.3240,1778839078.921476,27,1.659519,-0.067668,0.001643,0.0036,0.0910,0.000620,1.648209,0.000205,0.000092,0.0002,1.659804,-0.067656,0.001644,0.0358,0.0007,0.000075,0.432937,0.0000,1.659804,0.000000,-0.000000,5.0000,0.000000,2.000000,2902.9037,0,1,clay,1.0000,0.500000,0,0,0.000000,0.000000,0.000000,0,nan,0.00,0.000000,0.4209,0.0000,0.000000,0.8480,0.57,7.14,8.28,6.63,0.000205,0.0053,-4.9998,0.008000,0.052074,0.1449,-0.497311,0.011629,0.000719,0.0,0.0,-331.3456510780472,-116.58939221561826,-0.005048,-0.002227,6426.6,6194.0,0.183766,0.000000,0.000000,0.5000,1.0000,,,,,
0.3360,1778839078.933547,28,1.675779,0.022097,0.001403,-0.0485,0.0424,0.000573,1.648203,0.000221,0.000097,0.0002,1.676007,0.022151,0.001405,0.0296,0.0035,0.000157,0.446819,0.0000,1.676007,0.000000,-0.000000,5.0000,0.000000,2.000000,2899.4994,0,1,clay,1.0000,0.500000,0,0,0.000000,0.000000,0.000000,0,nan,0.00,0.000000,0.4385,0.0000,0.000000,0.8720,0.53,7.07,8.12,6.67,0.000221,0.0056,-4.9998,0.008000,0.073839,0.0524,-0.505295,0.018825,0.000788,0.0,0.0,-390.7144400472937,-199.24854893198827,-0.020835,-0.017828,6423.0,6197.6,0.190051,0.000000,0.000000,0.5000,1.0000,,,,,
0.3480,1778839078.945470,29,1.591857,0.103132,-0.003953,0.0115,0.0544,-0.000985,1.648197,0.000238,0.000102,0.0002,1.592059,0.103227,-0.003951,0.0269,0.0068,0.000203,0.459643,0.0000,1.592059,0.000000,0.000000,5.0000,0.000000,2.000000,2899.4201,0,1,clay,1.0000,0.500000,0,0,0.000000,0.000000,0.000000,0,nan,0.00,0.000000,0.4562,0.0000,0.000000,0.8960,0.49,7.01,7.99,6.66,0.000238,0.0059,-4.9998,0.008000,0.273947,-0.3200,-0.509857,0.026619,0.000264,0.0,0.0,-435.21484756161266,-295.1647606451639,-0.037247,-0.036082,6419.6,6200.9,0.195840,0.000000,0.000000,0.5000,1.0000,,,,,
0.3600,1778839078.957458,30,1.688045,0.010599,-0.004683,0.0384,0.1023,-0.000435,1.648192,0.000255,0.000107,0.0002,1.688267,0.010777,-0.004681,0.0298,0.0129,0.000346,0.472392,0.0000,1.688267,0.000000,-0.000000,5.0000,0.000000,2.000000,2894.7232,0,1,clay,1.0000,0.500000,0,0,0.000000,0.000000,0.000000,0,nan,0.00,0.000000,0.4742,0.0000,0.000000,0.9200,0.46,6.97,7.88,6.72,0.000255,0.0062,-4.9998,0.008000,0.054170,0.0720,-0.508478,0.041538,0.000811,0.0,0.0,-506.06555893535557,-488.7896157260563,-0.069270,-0.068888,6416.3,6204.2,0.201580,0.000000,0.000000,0.5000,1.0000,,,,,
0.3720,1778839078.969578,31,1.690242,-0.003135,-0.001446,-0.0802,0.0250,0.000845,1.648187,0.000274,0.000113,0.0002,1.690422,-0.002967,-0.001443,0.0248,0.0124,0.000352,0.484227,0.0000,1.690422,0.000000,-0.000000,5.0000,0.000000,2.000000,2892.4400,0,1,clay,1.0000,0.500000,0,0,0.000000,0.000000,0.000000,0,nan,0.00,0.000000,0.4921,0.0000,0.000000,0.9440,0.44,6.92,7.79,6.64,0.000274,0.0065,-4.9998,0.008000,0.072083,-0.4510,-0.515092,0.041107,0.000860,0.0,0.0,-517.3061813223935,-472.61814345273103,-0.066063,-0.064679,6413.3,6207.3,0.206880,0.000000,0.000000,0.5000,1.0000,,,,,
0.3840,1778839078.981646,32,1.609567,-0.034405,-0.003047,-0.0233,-0.0289,-0.000507,1.648182,0.000293,0.000118,0.0001,1.609714,-0.034300,-0.003045,0.0208,0.0080,0.000216,0.496644,0.0000,1.609714,0.000000,0.000000,5.0000,0.000000,2.000000,2890.4624,0,1,clay,1.0000,0.500000,0,0,0.000000,0.000000,0.000000,0,nan,0.00,0.000000,0.5097,0.0000,0.000000,0.9680,0.42,6.88,7.71,6.65,0.000293,0.0068,-4.9999,0.008000,0.142069,-0.0993,-0.520710,0.032695,0.000415,0.0,0.0,-482.50381993566054,-342.9782538735992,-0.041844,-0.041372,6410.1,6210.5,0.212445,0.000000,0.000000,0.5000,1.0000,,,,,
0.3960,1778839078.994184,33,1.602510,0.093272,0.000964,-0.0337,0.0235,0.001089,1.648181,0.000372,0.000146,0.0012,1.602629,0.093381,0.000966,0.0176,0.0082,0.000253,0.508099,0.0000,1.602629,0.000000,0.000000,5.0000,0.000000,2.000000,2890.5028,0,1,clay,1.0000,0.500000,0,0,0.000000,0.000000,0.000000,0,nan,0.00,0.000000,0.5271,0.0000,0.000000,0.9920,0.39,6.85,7.64,6.68,0.000372,0.0083,-4.9988,0.008000,0.134024,0.2493,-0.525443,0.034144,0.000632,105.72530948446791,27.537015509594653,-496.9521354599482,-350.367701010024,-0.043489,-0.041719,6407.2,6213.4,0.217575,0.000000,0.000000,0.5000,1.0000,,,,,
0.4080,1778839079.005679,34,1.649643,0.063256,0.002407,0.0213,0.0200,0.012030,1.648293,0.000609,0.000251,0.0218,1.649774,0.063376,0.002417,0.0194,0.0082,0.000616,0.564407,0.0000,1.649774,0.000000,0.000000,5.0000,0.000000,2.000000,2880.0149,0,1,clay,1.0000,0.500000,0,0,0.000000,0.000000,0.000000,0,nan,0.00,0.000000,0.5443,0.0000,0.000000,1.0160,0.38,6.82,7.58,6.67,0.000609,0.0144,-4.9782,0.008000,0.073610,-0.3082,-0.525366,0.031973,0.002949,80.64730879116314,-805.8239615939369,-557.5457208978078,-319.6267394132019,-0.050221,-0.033444,6392.9,6227.7,0.242486,0.000000,0.000000,0.5000,1.0000,,,,,
0.4200,1778839079.017652,35,1.579993,0.023912,-0.002123,0.0046,-0.0181,0.008117,1.648647,0.000798,0.000341,0.0397,1.580109,0.023999,-0.002110,0.0177,0.0053,0.000720,0.607249,0.0000,1.580109,0.000000,0.000000,5.0000,0.000000,2.000000,2872.3007,0,1,clay,1.0000,0.500000,0,0,0.000000,0.000000,0.000000,0,nan,0.00,0.000000,0.5612,0.0000,0.000000,1.0400,0.37,6.84,7.57,6.97,0.000798,0.0195,-4.9603,0.008000,0.080786,-0.1556,-0.528771,0.020047,0.003684,184.15244346172403,175.0399994556892,-526.0150159420064,-211.56935786565936,-0.038496,-0.014585,6382.0,6238.6,0.261454,0.000000,0.000000,0.5000,1.0000,,,,,
0.4320,1778839079.029712,36,1.698167,-0.052068,0.001803,0.0399,0.0122,0.001485,1.649204,0.000873,0.000367,0.0589,1.698323,-0.051984,0.001815,0.0230,0.0052,0.000652,0.630586,0.0000,1.698323,0.000000,-0.000000,5.0000,0.000000,2.000000,2869.2187,0,1,clay,1.0000,0.500000,0,0,0.000000,0.000000,0.000000,0,nan,0.00,0.000000,0.5780,0.0000,0.000000,1.0640,0.35,6.81,7.51,6.61,0.000873,0.0210,-4.9411,0.008000,0.019321,0.0087,-0.524975,0.012604,0.003227,-229.5630495824198,-37.025978852408116,-515.3572155281397,-215.3270960039145,-0.036701,-0.015522,6376.1,6244.5,0.271763,0.000000,0.000000,0.5000,1.0000,,,,,
0.4440,1778839079.041683,37,1.623458,-0.050820,0.005713,0.1773,-0.0031,0.000769,1.649868,0.000948,0.000386,0.0747,1.623844,-0.050752,0.005723,0.0539,0.0040,0.000548,0.650968,0.0000,1.623844,0.000000,0.000000,5.0000,0.000000,2.000000,2866.0819,0,1,clay,1.0000,0.500000,0,0,0.000000,0.000000,0.000000,0,nan,0.00,0.000000,0.5945,0.0000,0.000000,1.0880,0.35,6.78,7.48,6.66,0.000948,0.0221,-4.9253,0.008000,0.126120,0.2459,-0.495592,0.007227,0.003597,1110.9822226688539,79.76815460497255,-472.25435896204283,-184.50726919062583,-0.028895,-0.010827,6370.9,6249.7,0.280800,0.000000,0.000000,0.5000,1.0000,,,,,
0.4560,1778839079.053580,38,1.652951,-0.057640,-0.000938,0.0739,0.1002,0.007300,1.650711,0.001170,0.000463,0.0981,1.653372,-0.057486,-0.000925,0.0590,0.0111,0.001181,0.684418,0.0000,1.653372,0.000000,0.000000,5.0000,0.000000,2.000000,2861.4709,0,1,clay,1.0000,0.500000,0,0,0.000000,0.000000,0.000000,0,nan,0.00,0.000000,0.6109,0.0000,0.000000,1.1120,0.34,6.76,7.44,6.63,0.001170,0.0265,-4.9019,0.008000,0.161721,0.1715,-0.492064,0.020424,0.003314,229.27121993463243,500.3948733544512,-634.3315158442732,-376.64157323139625,-0.066508,-0.042672,6362.4,6258.1,0.295606,0.000000,0.000000,0.5000,1.0000,,,,,
0.4680,1778839079.065623,39,1.688614,-0.059114,0.004094,0.1318,0.1109,0.010328,1.651791,0.001467,0.000560,0.1204,1.689145,-0.058873,0.004112,0.0742,0.0176,0.001631,0.707962,0.0000,1.689145,0.000000,-0.000000,5.0000,0.000000,1.986078,2858.2483,0,1,clay,1.0000,0.500000,0,0,0.000000,0.000000,0.000000,0,nan,0.00,0.000000,0.6270,0.0000,0.000000,1.1358,0.33,6.75,7.41,6.68,0.001467,0.0321,-4.8796,0.008000,0.086645,0.5008,-0.478257,0.030471,0.004517,424.5939029541314,-195.24118225262646,-798.556781038191,-560.7874978725163,-0.102644,-0.070408,6356.4,6264.1,0.306034,0.000000,0.000000,0.5000,1.0000,,,,,
0.4800,1778839079.077755,40,1.643323,-0.044689,0.002247,0.1460,0.0008,0.011419,1.653007,0.001767,0.000651,0.1240,1.643962,-0.044484,0.002268,0.0890,0.0143,0.001950,0.697112,0.0000,1.643962,0.000000,0.000000,5.0000,0.000000,1.989331,2859.4758,0,1,clay,1.0000,0.500000,0,0,0.000000,0.000000,0.000000,0,nan,0.00,0.000000,0.6430,0.0000,0.000000,1.1597,0.32,6.74,7.38,6.65,0.001767,0.0373,-4.8760,0.008000,0.106179,0.2094,-0.464534,0.022589,0.005780,-422.8936712132854,1807.590911824168,-744.5884047460788,-419.47398423805123,-0.090165,-0.049579,6359.1,6261.4,0.301314,0.000000,0.000000,0.5000,1.0000,,,,,
0.4920,1778839079.089663,41,1.736518,-0.054222,-0.005787,0.0178,0.0823,0.016742,1.654203,0.002129,0.000745,0.1131,1.737062,-0.053967,-0.005759,0.0760,0.0181,0.002576,0.677170,0.0000,1.737062,0.000000,-0.000000,5.0000,0.000000,2.000000,2862.3906,0,1,clay,1.0000,0.500000,0,0,0.000000,0.000000,0.000000,0,nan,0.00,0.000000,0.6589,0.0000,0.000000,1.1837,0.32,6.73,7.36,6.67,0.002129,0.0427,-4.8869,0.008000,0.079514,-0.1583,-0.478566,0.036039,0.008009,-376.8505120720438,1651.5477157180283,-854.32824998517,-502.3173051857478,-0.114579,-0.060713,6364.2,6256.4,0.292520,0.000000,0.000000,0.5000,1.0000,,,,,
0.5040,1778839079.101682,42,1.658144,0.003720,-0.004001,0.0954,-0.0714,-0.002615,1.655392,0.002452,0.000795,0.0968,1.658719,0.003856,-0.003981,0.0805,0.0090,0.001863,0.649247,0.0000,1.658719,0.000000,-0.000000,5.0000,0.000000,2.000000,2865.9015,0,1,clay,1.0000,0.500000,0,0,0.000000,0.000000,0.000000,0,nan,0.00,0.000000,0.6746,0.0000,0.000000,1.2077,0.31,6.71,7.34,6.65,0.002452,0.0456,-4.9032,0.008000,0.090760,-0.2860,-0.475004,0.013827,0.006327,-355.84360888254264,4619.307060349855,-629.9035011130189,-258.80963859911714,-0.063489,-0.023126,6371.3,6249.3,0.280176,0.000000,0.000000,0.5000,1.0000,,,,,
0.5160,1778839079.113655,43,1.772675,0.019657,0.004339,0.1316,-0.0883,0.012689,1.656444,0.002817,0.000844,0.0704,1.773327,0.019698,0.004361,0.0912,0.0003,0.002112,0.634149,0.0000,1.773327,-0.000000,-0.000000,5.0000,0.000000,2.000000,2868.2316,0,1,clay,1.0000,0.500000,0,0,0.000000,0.000000,0.000000,0,nan,0.00,0.000000,0.6901,0.0000,0.000000,1.2317,0.31,6.70,7.33,6.65,0.002817,0.0483,-4.9296,0.008000,0.085552,0.1066,-0.469844,-0.007947,0.006646,-711.3880940907042,3331.1346687444156,-461.35018262381595,53.50725269505524,-0.024901,0.023925,6375.1,6245.5,0.273522,0.000000,0.000000,0.5000,1.0000,,,,,
0.5280,1778839079.125688,44,1.677090,-0.049986,-0.005514,-0.0310,0.0330,-0.000708,1.657190,0.003069,0.000846,0.0250,1.677616,-0.049927,-0.005496,0.0740,0.0029,0.001695,0.582093,0.0000,1.677616,0.000000,-0.000000,5.0000,0.000000,2.000000,2876.5618,0,1,clay,1.0000,0.500000,0,0,0.000000,0.000000,0.000000,0,nan,0.00,0.000000,0.7050,0.0000,0.000000,1.2557,0.31,6.70,7.31,6.69,0.003069,0.0485,-4.9750,0.008000,0.088075,-0.1992,-0.490889,0.001164,0.005022,2546.6261515368387,-368.7868116296254,-500.9168615492723,-87.29084530670282,-0.032403,0.006064,6388.3,6232.3,0.250554,0.000000,0.000000,0.5000,1.0000,,,,,
0.5400,1778839079.137635,45,1.616994,-0.038811,-0.000695,-0.0159,0.0441,0.002017,1.657466,0.003340,0.000860,-0.0161,1.617420,-0.038718,-0.000679,0.0601,0.0058,0.001522,0.531275,0.0000,1.617420,0.000000,0.000000,5.0000,0.000000,2.000000,2884.6063,0,1,clay,1.0000,0.500000,0,0,0.000000,0.000000,0.000000,0,nan,0.00,0.000000,0.7191,0.0000,0.000000,1.2797,0.30,6.69,7.30,6.65,0.003340,0.0493,-5.0161,0.008000,0.131915,-0.1475,-0.506739,0.008766,0.004634,-216.4108513580386,451.37566395537897,-518.886191571024,-187.41461076436156,-0.044438,-0.010858,6401.1,6219.4,0.228124,0.000000,0.000000,0.5000,1.0000,,,,,
0.5520,1778839079.149690,46,1.583377,-0.067532,-0.001037,-0.0399,0.0460,-0.001304,1.657346,0.003621,0.000862,-0.0483,1.583722,-0.067415,-0.001024,0.0489,0.0083,0.001203,0.481659,0.0000,1.583722,0.000000,0.000000,5.0000,0.000000,2.000000,2893.8055,0,1,clay,1.0000,0.500000,0,0,0.000000,0.000000,0.000000,0,nan,0.00,0.000000,0.7326,0.0000,0.000000,1.3037,0.31,6.68,7.30,6.63,0.003621,0.0494,-5.0483,0.008000,0.092155,-0.3904,-0.519678,0.016102,0.003454,16.39935159343895,586.9215721680166,-489.3551502739416,-262.1069653907314,-0.052833,-0.027437,6413.7,6206.9,0.206220,0.000000,0.000000,0.5000,1.0000,,,,,
0.5640,1778839079.161679,47,1.676279,0.066747,0.000154,-0.0244,-0.0052,-0.004358,1.656934,0.003889,0.000839,-0.0668,1.676558,0.066833,0.000162,0.0399,0.0063,0.000725,0.449081,0.0000,1.676558,0.000000,-0.000000,5.0000,0.000000,2.000000,2900.0121,0,1,clay,1.0000,0.500000,0,0,0.000000,0.000000,0.000000,0,nan,0.00,0.000000,0.7454,0.0000,0.000000,1.3277,0.30,6.68,7.29,6.65,0.003889,0.0481,-5.0668,0.008000,0.125975,0.0551,-0.531814,0.004478,0.001283,-140.02705915347042,-768.8535245096191,-426.1365811289215,-225.9486161880091,-0.037931,-0.023001,6421.9,6198.6,0.191844,0.000000,0.000000,0.5000,1.0000,,,,,
0.5760,1778839079.173612,48,1.698086,0.076075,-0.002718,-0.0429,-0.0210,-0.005170,1.656359,0.004146,0.000801,-0.0736,1.698313,0.076119,-0.002714,0.0327,0.0034,0.000279,0.436215,0.0000,1.698313,0.000000,-0.000000,5.0000,0.000000,2.000000,2902.5502,0,1,clay,1.0000,0.500000,0,0,0.000000,0.000000,0.000000,0,nan,0.00,0.000000,0.7577,0.0000,0.000000,1.3517,0.30,6.69,7.30,6.73,0.004146,0.0459,-5.0736,0.008000,0.138892,-0.4007,-0.541257,-0.008767,-0.000252,364.1770978035854,726.7385141844546,-378.89232765794463,-176.44732579000782,-0.019302,-0.013860,6425.2,6195.4,0.186169,0.000000,0.000000,0.5000,1.0000,,,,,
0.5880,1778839079.185706,49,1.606788,0.055696,-0.002615,-0.1489,0.0331,-0.006404,1.655706,0.004398,0.000749,-0.0731,1.606973,0.055757,-0.002615,0.0270,0.0054,-0.000092,0.446753,0.0000,1.606973,0.000000,0.000000,5.0000,0.000000,2.000000,2900.0119,0,1,clay,1.0000,0.500000,0,0,0.000000,0.000000,0.000000,0,nan,0.00,0.000000,0.7693,0.0000,0.000000,1.3757,0.30,6.68,7.28,6.64,0.004398,0.0429,-5.0731,0.008000,0.131411,-0.2910,-0.545890,-0.001028,-0.002033,-181.92582710545355,233.12898370832227,-400.1377657788821,-250.01757486074922,-0.024418,-0.028211,6422.5,6198.0,0.190819,0.000000,0.000000,0.5000,1.0000,,,,,
0.6000,1778839079.197659,50,1.627439,0.027050,0.007653,-0.0828,0.0229,-0.006682,1.655025,0.004632,0.000681,-0.0693,1.627590,0.027116,0.007649,0.0225,0.0061,-0.000415,0.458832,0.0000,1.627590,0.000000,0.000000,5.0000,0.000000,2.000000,2897.4156,0,1,clay,1.0000,0.500000,0,0,0.000000,0.000000,0.000000,0,nan,0.00,0.000000,0.7804,0.0000,0.000000,1.3997,0.30,6.68,7.28,6.69,0.004632,0.0390,-5.0693,0.008000,0.178175,0.7537,-0.548506,-0.002968,-0.004146,370.99529887877867,107.02941029911085,-411.4803893237887,-295.32717807328754,-0.024443,-0.036035,6419.5,6201.1,0.196163,0.000000,0.000000,0.5000,1.0000,,,,,
0.6120,1778839079.209810,51,1.702089,-0.036010,0.005636,0.0505,0.0109,-0.009681,1.654347,0.004837,0.000592,-0.0640,1.702285,-0.035955,0.005628,0.0287,0.0058,-0.000858,0.476478,0.0000,1.702285,0.000000,-0.000000,5.0000,0.000000,2.000000,2894.1259,0,1,clay,1.0000,0.500000,0,0,0.000000,0.000000,0.000000,0,nan,0.00,0.000000,0.7909,0.0000,0.000000,1.4237,0.31,6.68,7.30,6.69,0.004837,0.0339,-5.0640,0.008000,0.041407,0.5403,-0.539651,0.005435,-0.004391,0.0,-370.65125625822384,-408.9738688919456,-323.8088866751988,-0.017951,-0.039663,6415.0,6205.6,0.203933,0.000000,0.000000,0.5000,1.0000,,,,,
0.6240,1778839079.221490,52,1.726890,0.013876,-0.007341,-0.0371,0.0199,-0.008931,1.653704,0.004964,0.000466,-0.0542,1.727052,0.013929,-0.007353,0.0239,0.0062,-0.001161,0.490794,0.0000,1.727052,0.000000,-0.000000,5.0000,0.000000,2.000000,2891.3353,0,1,clay,1.0000,0.500000,0,0,0.000000,0.000000,0.000000,0,nan,0.00,0.000000,0.8009,0.0000,0.000000,1.4477,0.31,6.67,7.29,6.61,0.004964,0.0267,-5.0542,0.008000,0.096647,-0.6826,-0.543033,0.014558,-0.006362,0.0,220.63588506272896,-414.4075601259346,-364.31540569274165,-0.016691,-0.045601,6411.4,6209.2,0.210260,0.000000,0.000000,0.5000,1.0000,,,,,
0.6360,1778839079.233644,53,1.582352,0.076465,-0.001638,0.0261,-0.0425,-0.010038,1.653158,0.005128,0.000358,-0.0461,1.582522,0.076458,-0.001653,0.0253,0.0017,-0.001530,0.524952,0.0000,1.582522,0.000000,0.000000,5.0000,0.000000,2.000000,2886.6764,0,1,clay,1.0000,0.500000,0,0,0.000000,0.000000,0.000000,0,nan,0.00,0.000000,0.8105,0.0000,0.000000,1.4717,0.31,6.68,7.29,6.70,0.005128,0.0205,-5.0461,0.008000,0.192413,0.2114,-0.536717,0.001273,-0.006882,0.0,133.7577395403018,-302.7676244068075,-274.0990560671329,0.009173,-0.026989,6402.7,6217.9,0.225350,0.000000,0.000000,0.5000,1.0000,,,,,
0.6480,1778839079.245677,54,1.619942,-0.057726,-0.006750,-0.0448,0.0338,-0.013060,1.652625,0.005304,0.000219,-0.0446,1.620082,-0.057712,-0.006770,0.0212,0.0040,-0.001914,0.536183,0.0000,1.620082,0.000000,0.000000,5.0000,0.000000,2.000000,2884.4806,0,1,clay,1.0000,0.500000,0,0,0.000000,0.000000,0.000000,0,nan,0.00,0.000000,0.8196,0.0000,0.000000,1.4957,0.30,6.67,7.28,6.66,0.005304,0.0126,-5.0446,0.008000,0.051453,-0.3566,-0.535795,0.004092,-0.008120,0.0,59.014791764143276,-346.29833978166806,-372.43338350529245,0.002358,-0.043476,6399.9,6220.7,0.230312,0.000000,0.000000,0.5000,1.0000,,,,,
0.6600,1778839079.257705,55,1.734669,0.070762,0.005804,-0.0445,-0.0331,-0.011776,1.652096,0.005482,0.000069,-0.0423,1.734785,0.070733,0.005781,0.0179,0.0006,-0.002221,0.549781,0.0000,1.734785,0.000000,-0.000000,5.0000,0.000000,2.000000,2882.4123,0,1,clay,1.0000,0.500000,0,0,0.000000,0.000000,0.000000,0,nan,0.00,0.000000,0.8283,0.0000,0.000000,1.5197,0.30,6.67,7.27,6.63,0.005482,0.0040,-5.0423,0.008000,0.170341,0.3843,-0.534188,-0.007065,-0.009039,0.0,-106.09740429745594,-199.92305249078436,-297.11359159273616,0.021972,-0.030054,6396.4,6224.1,0.236326,0.800000,0.000000,0.5000,1.0000,,,,,
0.6720,1778839079.269710,56,1.669741,0.002650,-0.002444,0.0150,0.1288,-0.010759,1.651588,0.005688,-0.000065,-0.0395,1.669859,0.002736,-0.002467,0.0182,0.0107,-0.002235,0.563166,0.0000,1.669859,0.000000,-0.000000,5.0000,0.000000,2.000000,2879.0324,0,1,clay,1.0000,0.500000,0,0,0.000000,0.000000,0.000000,0,nan,0.00,0.000000,0.8365,0.0000,0.000000,1.5437,0.30,6.66,7.25,6.63,0.005688,-0.0037,-5.0395,0.008000,0.086288,-0.1535,-0.530739,0.020438,-0.008019,0.0,-70.53505471832597,-472.34895967158354,-636.2216598989262,-0.025484,-0.081030,6393.0,6227.5,0.242248,0.800000,0.000000,0.5000,1.0000,,,,,
0.6840,1778839079.281624,57,1.640898,0.013756,-0.004191,-0.0934,-0.0007,-0.010092,1.651107,0.005923,-0.000180,-0.0366,1.640996,0.013816,-0.004215,0.0156,0.0086,-0.002353,0.577580,0.0000,1.640996,0.000000,0.000000,5.0000,0.000000,2.000000,2876.7667,0,1,clay,1.0000,0.500000,0,0,0.000000,0.000000,0.000000,0,nan,0.00,0.000000,0.8443,0.0000,0.000000,1.5677,0.29,6.66,7.24,6.62,0.005923,-0.0103,-5.0366,0.008000,0.124326,-0.0862,-0.532195,0.017121,-0.009060,0.0,-8.788607006298957,-426.8782671662956,-577.0049011725354,-0.014080,-0.071792,6389.4,6231.2,0.248619,0.800000,0.000000,0.5000,1.0000,,,,,
0.6960,1778839079.293660,58,1.682310,-0.024105,-0.005122,-0.0082,0.0543,-0.007580,1.650672,0.006180,-0.000266,-0.0320,1.682393,-0.024013,-0.005145,0.0135,0.0112,-0.002247,0.594100,0.0000,1.682393,0.000000,-0.000000,5.0000,0.000000,2.000000,2874.2619,0,1,clay,1.0000,0.500000,0,0,0.000000,0.000000,0.000000,0,nan,0.00,0.000000,0.8518,0.0000,0.000000,1.5917,0.29,6.67,7.25,6.72,0.006180,-0.0153,-5.0320,0.008000,0.084158,-0.1431,-0.535460,0.021663,-0.008590,0.0,-42.04162354983554,-482.8822428795129,-667.8024762568815,-0.027706,-0.083845,6385.2,6235.4,0.255924,0.800000,0.000000,0.5000,1.0000,,,,,
0.7080,1778839079.305644,59,1.674899,0.037734,-0.000117,0.0028,0.0336,-0.005878,1.650315,0.006440,-0.000350,-0.0249,1.674973,0.037835,-0.000139,0.0124,0.0117,-0.002097,0.616876,0.0000,1.674973,0.000000,-0.000000,5.0000,0.000000,2.000000,2871.0408,0,1,clay,1.0000,0.500000,0,0,0.000000,0.000000,0.000000,0,nan,0.00,0.000000,0.8589,0.0000,0.000000,1.6157,0.29,6.66,7.24,6.64,0.006440,-0.0200,-5.0249,0.008000,0.010010,-0.4426,-0.537914,0.022100,-0.007663,0.0,-68.57405098415818,-496.72677519329045,-676.2652136067695,-0.031702,-0.084451,6379.4,6241.2,0.265975,0.800000,0.000000,0.5000,1.0000,,,,,
0.7200,1778839079.317623,60,1.627897,0.055561,0.001211,-0.0754,0.0081,-0.008261,1.650060,0.006701,-0.000430,-0.0166,1.627961,0.055642,0.001189,0.0110,0.0101,-0.002134,0.643773,0.0000,1.627961,0.000000,0.000000,5.0000,0.000000,2.000000,2867.4652,0,1,clay,1.0000,0.500000,0,0,0.000000,0.000000,0.000000,0,nan,0.00,0.000000,0.8657,0.0000,0.000000,1.6397,0.29,6.66,7.24,6.65,0.006701,-0.0246,-5.0166,0.008000,0.154002,-0.2481,-0.541221,0.018557,-0.007139,0.0,-65.81076126371696,-450.88933275654256,-622.3264070047841,-0.023624,-0.076729,6372.6,6248.0,0.277850,0.800000,0.000000,0.5000,1.0000,,,,,
0.7320,1778839079.329793,61,1.663990,0.027608,-0.001898,-0.0131,0.0537,-0.009827,1.649901,0.006957,-0.000526,-0.0092,1.664045,0.027714,-0.001920,0.0100,0.0124,-0.002198,0.668917,0.0000,1.664045,0.000000,-0.000000,5.0000,0.000000,2.000000,2863.2762,0,1,clay,1.0000,0.500000,0,0,0.000000,0.000000,0.000000,0,nan,0.00,0.000000,0.8721,0.0000,0.000000,1.6637,0.29,6.65,7.24,6.62,0.006957,-0.0301,-5.0092,0.008000,0.113892,0.3192,-0.543897,0.023742,-0.007134,0.0,-38.653541974573486,-484.87493039758516,-703.0809271019594,-0.033760,-0.089042,6366.2,6254.3,0.288952,0.800000,0.000000,0.5000,1.0000,,,,,
0.7440,1778839079.341442,62,1.708725,-0.014286,-0.001214,-0.0215,0.0396,-0.006425,1.649864,0.007215,-0.000616,0.0002,1.708773,-0.014168,-0.001235,0.0092,0.0131,-0.002076,0.694066,0.0000,1.708773,0.000000,-0.000000,5.0000,0.000000,1.998776,2859.6309,0,1,clay,1.0000,0.500000,0,0,0.000000,0.000000,0.000000,0,nan,0.00,0.000000,0.8783,0.0000,0.000000,1.6877,0.29,6.66,7.24,6.68,0.007215,-0.0353,-4.9998,0.008000,0.118396,0.0340,-0.548316,0.029945,-0.006482,0.0,-49.28004515814378,-490.7965405977385,-709.5367548673185,-0.038593,-0.091332,6359.9,6260.7,0.300063,0.800000,0.000000,0.5000,1.0000,,,,,
0.7560,1778839079.353665,63,1.616147,-0.031843,-0.002438,0.0635,0.0804,-0.009070,1.649964,0.007468,-0.000702,0.0117,1.616280,-0.031682,-0.002459,0.0208,0.0170,-0.002077,0.720708,0.0000,1.616280,0.000000,0.000000,5.0000,0.000000,1.972284,2856.1488,0,1,clay,1.0000,0.500000,0,0,0.000000,0.000000,0.000000,0,nan,0.00,0.000000,0.8841,0.0000,0.000000,1.7114,0.29,6.65,7.23,6.60,0.007468,-0.0402,-4.9883,0.008000,0.059934,0.2591,-0.537964,0.037335,-0.005970,0.0,-98.085858610005,-559.9660604356247,-806.4169482373458,-0.056598,-0.110521,6353.1,6267.5,0.311829,0.800000,0.000000,0.5000,1.0000,,,,,
0.7680,1778839079.365719,64,1.722472,-0.049801,-0.006421,-0.0221,0.0145,-0.012405,1.650223,0.007650,-0.000826,0.0245,1.722583,-0.049669,-0.006445,0.0180,0.0149,-0.002332,0.754766,0.0000,1.722583,0.000000,-0.000000,5.0000,0.000000,1.926126,2852.0523,0,1,clay,1.0000,0.500000,0,0,0.000000,0.000000,0.000000,0,nan,0.00,0.000000,0.8897,0.0000,0.000000,1.7345,0.29,6.65,7.23,6.64,0.007650,-0.0474,-4.9755,0.008000,0.135744,-0.6864,-0.542353,0.036132,-0.005596,-20.18861390773573,-80.53594205148771,-456.37310356799,-746.5409411884383,-0.043621,-0.102943,6344.4,6276.1,0.326961,0.800000,0.000000,0.5000,1.0000,,,,,
0.7800,1778839079.377668,65,1.613682,0.071408,0.001336,0.0657,0.0369,-0.013624,1.650662,0.007693,-0.001005,0.0395,1.613867,0.071537,0.001309,0.0285,0.0149,-0.002579,0.789262,0.0000,1.613867,0.000000,0.000000,5.0000,0.000000,1.864472,2848.5329,0,1,clay,1.0000,0.500000,0,0,0.000000,0.000000,0.000000,0,nan,0.00,0.000000,0.8950,0.0000,0.000000,1.7568,0.29,6.64,7.22,6.61,0.007693,-0.0576,-4.9605,0.008000,0.126148,0.2307,-0.533421,0.025631,-0.007473,-38.631526220665485,-208.15614378696972,-398.6852512039703,-741.3529248002492,-0.041069,-0.106217,6335.6,6285.0,0.342342,0.800000,0.000000,0.5000,1.0000,,,,,
0.7920,1778839079.389943,66,1.627776,0.037416,-0.000159,0.0558,0.0900,-0.018660,1.651324,0.007619,-0.001238,0.0594,1.628010,0.037588,-0.000190,0.0353,0.0192,-0.002993,0.834605,0.0000,1.628010,0.000000,0.000000,5.0000,0.000000,1.789360,2842.1078,0,1,clay,1.0000,0.500000,0,0,0.000000,0.000000,0.000000,0,nan,0.00,0.000000,0.9000,0.0000,0.000000,1.7783,0.30,6.64,7.24,6.64,0.007619,-0.0710,-4.9406,0.008000,0.067392,0.2459,-0.528492,0.037705,-0.009211,-78.12891302820341,-343.7181535581143,-419.1366039107546,-836.458582175922,-0.056429,-0.132405,6324.0,6296.5,0.362551,0.800000,0.000000,0.5000,1.0000,,,,,
0.8040,1778839079.401706,67,1.608717,-0.048476,-0.005249,-0.0540,-0.0422,-0.022987,1.652233,0.007424,-0.001538,0.0787,1.608910,-0.048401,-0.005288,0.0298,0.0121,-0.003703,0.873230,0.0000,1.608910,0.000000,0.000000,5.0000,0.000000,1.711316,2837.6076,0,1,clay,1.0000,0.500000,0,0,0.000000,0.000000,0.000000,0,nan,0.00,0.000000,0.9048,0.0000,0.000000,1.7989,0.28,6.65,7.22,6.72,0.007424,-0.0881,-4.9213,0.008000,0.126173,0.0069,-0.535808,0.017956,-0.011491,-60.93117332121717,-425.12957403113006,-142.37291251967795,-672.8782687817578,-0.015049,-0.105884,6314.1,6306.5,0.379870,0.800000,0.000000,0.5000,1.0000,,,,,
0.8160,1778839079.413546,68,1.634287,0.045240,-0.005825,0.0721,0.0472,-0.022641,1.653371,0.007187,-0.001841,0.0984,1.634550,0.045324,-0.005868,0.0395,0.0135,-0.004170,0.907469,0.0000,1.634550,0.000000,0.000000,5.0000,0.000000,1.632222,2833.7039,0,1,clay,1.0000,0.500000,0,0,0.000000,0.000000,0.000000,0,nan,0.00,0.000000,0.9094,0.0000,0.000000,1.8184,0.29,6.66,7.23,6.66,0.007187,-0.1055,-4.9016,0.008000,0.090922,-0.3138,-0.528700,0.021103,-0.013089,-70.64988377584037,-960.9482489818752,-102.18550888285898,-720.211453484029,-0.016453,-0.118411,6305.3,6315.3,0.395222,0.800000,0.000000,0.5000,1.0000,,,,,
0.8280,1778839079.425662,69,1.570158,0.005149,-0.011251,0.0747,0.0191,-0.022580,1.654765,0.006916,-0.002155,0.1200,1.570480,0.005211,-0.011298,0.0478,0.0124,-0.004574,0.943234,0.0000,1.570480,0.000000,0.000000,5.0000,0.000000,1.553990,2829.1585,0,1,clay,1.0000,0.500000,0,0,0.000000,0.000000,0.000000,0,nan,0.00,0.000000,0.9137,0.0000,0.000000,1.8371,0.29,6.65,7.23,6.65,0.006916,-0.1235,-4.8800,0.008000,0.119355,-0.7005,-0.523323,0.019614,-0.014898,-81.7470712639013,-1974.781600436142,-8.788648131378181,-688.2233707729583,-0.006746,-0.117733,6296.1,6324.5,0.411261,0.800000,0.000000,0.5000,1.0000,,,,,
0.8400,1778839079.437670,70,1.647184,-0.001429,0.001414,0.0480,-0.0617,-0.012865,1.656380,0.006705,-0.002350,0.1369,1.647516,-0.001445,0.001368,0.0494,0.0050,-0.004463,0.975198,0.0000,1.647516,0.000000,0.000000,5.0000,0.000000,1.481724,2825.7395,0,1,clay,1.0000,0.500000,0,0,0.000000,0.000000,0.000000,0,nan,0.00,0.000000,0.9179,0.0000,0.000000,1.8549,0.29,6.65,7.23,6.65,0.006705,-0.1347,-4.8631,0.008000,0.073250,0.2036,-0.524493,-0.000331,-0.014001,-87.06397569744347,-2195.4583066667738,189.54185900398872,-399.50375874468193,0.026387,-0.079828,6287.8,6332.7,0.425625,0.800000,0.000000,0.5000,1.0000,,,,,
0.8520,1778839079.449694,71,1.720573,-0.032355,-0.003527,0.2497,-0.1163,0.000370,1.658175,0.006601,-0.002397,0.1528,1.721197,-0.032480,-0.003566,0.0897,-0.0052,-0.003715,0.995710,0.0000,1.721197,0.000000,-0.000000,5.0000,0.000000,1.425393,2823.8352,0,1,clay,1.0000,0.500000,0,0,0.000000,0.000000,0.000000,0,nan,0.00,0.000000,0.9218,0.0000,0.000000,1.8720,0.30,6.66,7.26,6.71,0.006601,-0.1373,-4.8472,0.008000,0.042716,-0.1194,-0.486876,-0.025840,-0.010735,-199.99650512599104,-2257.78251293171,447.34451000523177,-73.87154785793014,0.065972,-0.019255,6282.5,6338.0,0.434897,0.800000,0.000000,0.5000,1.0000,,,,,
0.8640,1778839079.461776,72,1.676160,0.009549,0.004061,0.1340,-0.0314,0.006990,1.660197,0.006596,-0.002317,0.1767,1.676859,0.009430,0.004034,0.0999,-0.0067,-0.002649,1.026288,0.0000,1.676859,0.000000,-0.000000,5.0000,0.000000,1.364671,2820.5318,0,1,clay,1.0000,0.500000,0,0,0.000000,0.000000,0.000000,0,nan,0.00,0.000000,0.9256,0.0000,0.000000,1.8883,0.30,6.66,7.25,6.64,0.006596,-0.1327,-4.8233,0.008000,0.041194,0.3855,-0.479578,-0.033253,-0.006900,-138.63299451779326,-2400.7894193694106,417.31365554880887,22.86581790659355,0.061064,0.001263,6274.7,6345.9,0.448578,0.800000,0.000000,0.5000,1.0000,,,,,
0.8760,1778839079.473692,73,1.665916,0.068696,0.001638,0.1343,-0.0662,0.024526,1.662574,0.006989,-0.001996,0.2153,1.666673,0.068560,0.001628,0.1083,-0.0106,-0.000867,1.062550,0.0000,1.666673,0.000000,-0.000000,5.0000,0.000000,1.295361,2818.0511,0,1,clay,1.0000,0.500000,0,0,0.000000,0.000000,0.000000,0,nan,0.00,0.000000,0.9291,0.0000,0.000000,1.9000,0.29,6.66,7.25,6.64,0.006989,-0.1144,-4.7847,0.008000,0.158775,0.4764,-0.474886,-0.040988,-0.000226,-434.5223535058555,-1719.111326350554,412.05609074465286,216.22229261702518,0.059719,0.042825,6265.4,6355.2,0.464787,0.800000,0.000000,0.5000,1.0000,,,,,
0.8880,1778839079.485649,74,1.666891,-0.063321,-0.005559,0.2746,-0.0757,0.029719,1.665353,0.007280,-0.001624,0.2411,1.667891,-0.063481,-0.005551,0.1422,-0.0146,0.000838,1.097085,0.0000,1.667891,0.000000,-0.000000,5.0000,0.000000,1.229286,2814.7700,0,1,clay,1.0000,0.500000,0,0,0.000000,0.000000,0.000000,0,nan,0.00,0.000000,0.9325,0.0000,0.000000,1.9000,0.30,6.65,7.24,6.64,0.007280,-0.0930,-4.7589,0.008000,0.136097,-0.3788,-0.444651,-0.049065,0.008039,-479.2205592627083,-2379.806205857722,409.6180354092282,476.20087495939464,0.059121,0.083323,6256.5,6364.1,0.480259,0.800000,0.000000,0.5000,1.0000,,,,,
0.9000,1778839079.497722,75,1.653847,0.024757,-0.003030,0.2106,-0.0314,0.035602,1.668443,0.007501,-0.001230,0.2666,1.654959,0.024632,-0.003004,0.1572,-0.0142,0.002589,1.126761,0.0000,1.654959,0.000000,-0.000000,5.0000,0.000000,1.162725,2811.1668,0,1,clay,1.0000,0.500000,0,0,0.000000,0.000000,0.000000,0,nan,0.00,0.000000,0.9358,0.0000,0.000000,1.9000,0.31,6.65,7.27,6.65,0.007501,-0.0704,-4.7334,0.008000,0.028052,-0.1456,-0.434413,-0.053865,0.012912,-146.3815629068531,521.8492224361682,316.06356180258877,581.1982448070684,0.037914,0.102694,6248.9,6371.7,0.493563,0.800000,0.000000,0.5000,1.0000,,,,,
0.9120,1778839079.509598,76,1.714504,0.082545,0.003158,0.2943,0.0075,0.037760,1.671938,0.007794,-0.000789,0.3083,1.715822,0.082493,0.003201,0.1855,-0.0108,0.004161,1.158238,0.0000,1.715822,0.000000,-0.000000,5.0000,0.000000,1.090459,2809.9205,0,1,clay,1.0000,0.500000,0,0,0.000000,0.000000,0.000000,0,nan,0.00,0.000000,0.9389,0.0000,0.000000,1.9000,0.31,6.66,7.27,6.68,0.007794,-0.0452,-4.6917,0.008000,0.141965,0.5051,-0.410163,-0.038742,0.019264,-422.1889395979679,-420.43033965909024,210.60351579919148,574.7781996719624,0.004414,0.104813,6240.8,6379.8,0.507673,0.800000,0.000000,0.5000,1.0000,,,,,
0.9240,1778839079.521646,77,1.818222,0.023799,-0.005284,0.3136,-0.0987,0.038891,1.675816,0.008075,-0.000360,0.3360,1.819732,0.023689,-0.005229,0.2122,-0.0165,0.005357,1.188071,0.0000,1.819732,-0.000000,-0.000000,5.0000,0.000000,1.023148,2805.8674,0,1,clay,1.0000,0.500000,0,0,0.000000,0.000000,0.000000,0,nan,0.00,0.000000,0.9418,0.0000,0.000000,1.9000,0.30,6.65,7.26,6.62,0.008075,-0.0206,-4.6640,0.008000,0.135454,0.0574,-0.387181,-0.052836,0.025419,-299.27762423978015,-496.2493618793173,261.2783226373175,725.7043005012907,0.017763,0.147670,6233.1,6387.5,0.521079,0.800000,0.000000,0.5000,1.0000,,,,,
0.9360,1778839079.533720,78,1.667143,-0.072565,0.009267,0.4044,-0.0383,0.034295,1.680120,0.008330,0.000071,0.3733,1.668934,-0.072635,0.009331,0.2512,-0.0163,0.006135,1.216432,0.0000,1.668934,0.000000,-0.000000,5.0000,0.000000,0.961064,2804.5667,0,1,clay,1.0000,0.500000,0,0,0.000000,0.000000,0.000000,0,nan,0.00,0.000000,0.9446,0.0000,0.000000,1.9000,0.30,6.65,7.25,6.62,0.008330,0.0041,-4.6267,0.008000,0.090610,1.2045,-0.351881,-0.052220,0.027633,-285.4614680571559,-1863.0146815544158,240.23266093438227,734.920965288389,0.008006,0.156195,6225.8,6394.8,0.533823,0.800000,0.000000,0.5000,1.0000,,,,,
0.9480,1778839079.545640,79,1.680822,0.027452,0.008011,0.4201,0.0486,0.038867,1.684856,0.008633,0.000523,0.4099,1.682861,0.027481,0.008085,0.2858,-0.0092,0.007122,1.243432,0.0000,1.682861,0.000000,-0.000000,5.0000,0.000000,0.899105,2801.8229,0,1,clay,1.0000,0.500000,0,0,0.000000,0.000000,0.000000,0,nan,0.00,0.000000,0.9473,0.0000,0.000000,1.9000,0.30,6.64,7.24,6.62,0.008633,0.0300,-4.5901,0.008000,0.033386,0.4062,-0.320683,-0.028205,0.030387,-242.068753842038,1552.2311315601514,99.37791136272213,646.8044369636023,-0.036290,0.133123,6218.8,6401.7,0.545946,0.800000,0.000000,0.5000,1.0000,,,,,
0.9600,1778839079.557797,80,1.757235,-0.018037,-0.001269,0.4219,0.0280,0.038690,1.690016,0.008974,0.000969,0.4456,1.759474,-0.017968,-0.001187,0.3141,-0.0052,0.007876,1.269063,0.0000,1.759474,-0.000000,-0.000000,5.0000,0.000000,0.842136,2799.3296,0,1,clay,1.0000,0.500000,0,0,0.000000,0.000000,0.000000,0,nan,0.00,0.000000,0.9498,0.0000,0.000000,1.9000,0.30,6.64,7.24,6.64,0.008974,0.0555,-4.5544,0.008000,0.021069,0.1529,-0.294659,-0.008049,0.032380,-280.80430193418977,827.4788074010227,-46.654610692671056,593.308048212182,-0.063876,0.122154,6212.2,6408.3,0.557465,0.800000,0.000000,0.5000,1.0000,,,,,
0.9720,1778839079.569615,81,1.760265,0.075070,0.001149,0.4755,-0.0703,0.034365,1.695625,0.009300,0.001387,0.4814,1.762749,0.075096,0.001234,0.3473,-0.0097,0.008148,1.293471,0.0000,1.762749,-0.000000,-0.000000,5.0000,0.000000,0.785222,2799.0914,0,1,clay,1.0000,0.500000,0,0,0.000000,0.000000,0.000000,0,nan,0.00,0.000000,0.9522,0.0000,0.000000,1.9000,0.30,6.65,7.25,6.66,0.009300,0.0795,-4.5186,0.008000,0.074372,-0.1501,-0.264696,-0.016799,0.033115,-234.62966956401306,2108.935919226504,58.42193742585293,667.2273715597286,-0.045522,0.147872,6205.9,6414.6,0.568419,0.789440,0.000000,0.5000,1.0000,,,,,
0.9840,1778839079.581631,82,1.698963,-0.000710,0.000562,0.5313,-0.0008,0.035679,1.701674,0.009740,0.001825,0.5185,1.701718,-0.000656,0.000651,0.3849,-0.0079,0.008514,1.316618,0.0000,1.701718,0.000000,-0.000000,5.0000,0.000000,0.734368,2796.0491,0,1,clay,1.0000,0.500000,0,0,0.000000,0.000000,0.000000,0,nan,0.00,0.000000,0.9545,0.0000,0.000000,1.9000,0.30,6.64,7.25,6.62,0.009740,0.1045,-4.4815,0.008000,0.070393,-0.0561,-0.230889,-0.009520,0.031305,-113.87514065016532,2463.6498350740735,-21.70334253062026,640.9234432627106,-0.058380,0.143041,6200.0,6420.6,0.578822,0.760993,0.000000,0.5000,1.0000,,,,,
0.9960,1778839079.593605,83,1.683343,0.037180,0.003241,0.5139,-0.0047,0.032997,1.708175,0.010253,0.002235,0.5550,1.686291,0.037258,0.003331,0.4119,-0.0067,0.008653,1.338657,0.0000,1.686291,0.000000,-0.000000,5.0000,0.000000,0.681077,2794.9304,0,1,clay,1.0000,0.500000,0,0,0.000000,0.000000,0.000000,0,nan,0.00,0.000000,0.9567,0.0000,0.000000,1.9000,0.30,6.64,7.24,6.60,0.010253,0.1281,-4.4450,0.008000,0.108009,0.4989,-0.207530,-0.001021,0.032090,-36.112240722717665,1039.1499694251522,-78.20494342472571,618.0255487677124,-0.065552,0.138913,6194.3,6426.3,0.588718,0.766620,0.000000,0.5000,1.0000,,,,,
1.0080,1778839079.605772,84,1.779770,0.066677,0.001699,0.5696,-0.0219,0.023968,1.715119,0.010758,0.002582,0.5901,1.782960,0.066739,0.001785,0.4444,-0.0071,0.008275,1.359545,0.0000,1.782960,-0.000000,-0.000000,5.0000,0.000000,0.627600,2794.3038,0,1,clay,1.0000,0.500000,0,0,0.000000,0.000000,0.000000,0,nan,0.00,0.000000,0.9588,0.0000,0.000000,1.9000,0.31,6.63,7.26,6.62,0.010758,0.1480,-4.4099,0.008000,0.086375,0.2546,-0.178101,-0.001555,0.029755,-15.378174987314749,1119.7524574945926,-48.388128212988974,600.9192680034414,-0.059165,0.136245,6188.9,6431.7,0.598106,0.741195,0.000000,0.5000,1.0000,,,,,
1.0200,1778839079.617605,85,1.698256,0.117689,-0.002793,0.5677,-0.0009,0.022353,1.722495,0.011253,0.002872,0.6279,1.701629,0.117745,-0.002710,0.4703,-0.0058,0.007884,1.379286,0.0000,1.701629,0.000000,-0.000000,5.0000,0.000000,0.577246,2795.0061,0,1,clay,1.0000,0.500000,0,0,0.000000,0.000000,0.000000,0,nan,0.00,0.000000,0.9607,0.0000,0.000000,1.9000,0.31,6.64,7.25,6.68,0.011253,0.1645,-4.3721,0.008000,0.076278,-0.3672,-0.155479,-0.003887,0.023894,-45.286996987773094,1540.50049629561,-75.87457482147934,556.7819227697128,-0.061144,0.125025,6183.8,6436.8,0.606997,0.739256,0.000000,0.5000,1.0000,,,,,
1.0320,1778839079.629685,86,1.632422,0.027510,0.002616,0.6848,-0.0494,0.017092,1.730307,0.011780,0.003097,0.6635,1.636114,0.027543,0.002693,0.5139,-0.0087,0.007139,1.398001,0.0000,1.636114,0.000000,0.000000,5.0000,0.000000,0.525394,2787.1660,0,1,clay,1.0000,0.500000,0,0,0.000000,0.000000,0.000000,0,nan,0.00,0.000000,0.9626,0.0000,0.000000,1.9000,0.31,6.64,7.25,6.63,0.011780,0.1775,-4.3365,0.008000,0.237363,0.4188,-0.115020,-0.005000,0.021142,-72.6359937592524,2088.960218515562,40.340996687244896,567.7716372497229,-0.040478,0.130038,6179.0,6441.6,0.615420,0.686237,0.000000,0.5038,1.0000,,,,,
1.0440,1778839079.641622,87,1.747098,0.100580,-0.000284,0.5912,0.0377,0.015802,1.738522,0.012401,0.003299,0.6964,1.750909,0.100652,-0.000210,0.5310,-0.0040,0.006534,1.415642,0.0000,1.750909,-0.000000,-0.000000,5.0000,0.000000,0.470334,2783.2589,0,1,clay,1.0000,0.500000,0,0,0.000000,0.000000,0.000000,0,nan,0.00,0.000000,0.9644,0.0000,0.000000,1.9000,0.30,6.64,7.25,6.63,0.012401,0.1890,-4.3036,0.008000,0.175509,-0.5861,-0.100931,0.007538,0.019487,7.9428745648103245,324.61073461255626,-76.8476779820804,436.917123145445,-0.054920,0.097743,6174.4,6446.1,0.623377,0.730027,0.000000,0.5207,1.0000,,,,,
1.0560,1778839079.653624,88,1.733306,0.083440,-0.001076,0.7491,-0.0382,0.015165,1.747110,0.013130,0.003497,0.7269,1.737439,0.083481,-0.001001,0.5753,-0.0068,0.005954,1.432196,0.0000,1.737439,0.000000,-0.000000,5.0000,0.000000,0.404698,2769.5365,0,1,clay,1.0000,0.500000,0,0,0.000000,0.000000,0.000000,0,nan,0.00,0.000000,0.9661,0.0000,0.000000,1.9000,0.31,6.64,7.25,6.67,0.013130,0.2004,-4.2731,0.008000,0.055370,-0.5657,-0.059418,-0.003684,0.017446,118.67432747900773,1679.6087481645595,8.84377498290344,422.40148629531814,-0.036039,0.094571,6170.1,6450.4,0.630862,0.665832,0.000000,0.5649,1.0000,,,,,
1.0680,1778839079.665672,89,1.813792,-0.051856,0.003381,0.7436,0.0243,0.011389,1.756067,0.013895,0.003650,0.7591,1.818173,-0.051764,0.003453,0.6100,-0.0034,0.005534,1.447506,0.0000,1.818173,-0.000000,-0.000000,5.0000,0.000000,0.326881,2758.9566,0,1,clay,1.0000,0.500000,0,0,0.000000,0.000000,0.000000,0,nan,0.00,0.000000,0.9677,0.0000,0.000000,1.9000,0.30,6.65,7.25,6.67,0.013895,0.2091,-4.2409,0.008000,0.034712,0.2166,-0.027401,-0.001086,0.013480,81.76126779500872,1418.9868854038311,-59.78482871333384,319.5165278552647,-0.041094,0.070389,6166.1,6454.4,0.637832,0.672306,0.000000,0.5995,1.0000,,,,,
1.0800,1778839079.677638,90,1.791551,0.028046,0.005695,0.8186,0.0011,0.008785,1.765354,0.014718,0.003781,0.7828,1.796245,0.028151,0.005763,0.6525,-0.0028,0.005121,1.456113,0.0000,1.796245,-0.000000,-0.000000,5.0000,0.000000,0.237622,2747.8379,0,1,clay,1.0000,0.500000,0,0,0.000000,0.000000,0.000000,0,nan,0.00,0.000000,0.9693,0.0000,0.000000,1.9000,0.30,6.66,7.26,6.71,0.014718,0.2166,-4.2172,0.008000,0.051976,0.2089,0.012559,0.003645,0.009978,31.562264054964736,1227.099567494522,-56.28039419338334,275.246715482269,-0.035501,0.057240,6163.8,6456.8,0.641881,0.660463,0.000000,0.6419,1.0000,,,,,
1.0920,1778839079.689652,91,1.809463,0.044491,0.010722,0.8815,0.0772,0.007305,1.774930,0.015555,0.003870,0.8088,1.814514,0.044702,0.010786,0.6990,0.0055,0.004902,1.468717,0.0000,1.814514,-0.000000,-0.000000,5.0000,0.000000,0.135798,2736.9840,0,1,clay,1.0000,0.500000,0,0,0.000000,0.000000,0.000000,0,nan,0.00,0.000000,0.9708,0.0000,0.000000,1.9000,0.31,6.65,7.28,6.65,0.015555,0.2217,-4.1912,0.008000,0.072941,0.5283,0.056626,0.018317,0.007531,-48.12616836540436,802.7895365686556,-215.0999383492987,192.26365522354797,-0.051652,0.024889,6160.5,6460.1,0.647728,0.642074,0.000000,0.6883,1.0000,,,,,
1.1040,1778839079.701675,92,1.756382,0.063624,0.001430,0.8485,0.1230,0.004061,1.784813,0.016402,0.003931,0.8350,1.761652,0.063897,0.001487,0.7300,0.0173,0.004583,1.479713,0.0000,1.761652,-0.000000,-0.000000,5.0000,0.000000,0.043783,2729.9531,0,1,clay,1.0000,0.500000,0,0,0.000000,0.000000,0.000000,0,nan,0.00,0.000000,0.9722,0.0000,0.000000,1.9000,0.31,6.66,7.27,6.67,0.016402,0.2252,-4.1650,0.008000,0.032438,-0.1585,0.085426,0.038448,0.004428,-19.70162367179906,1057.8213837483197,-386.69935913935024,99.5878773210251,-0.074588,-0.012012,6157.5,6463.1,0.652912,0.666299,0.000000,0.7193,1.0000,,,,,
1.1160,1778839079.713857,93,1.755097,0.022634,-0.007886,0.8539,0.1408,0.003946,1.794964,0.017199,0.003965,0.8551,1.760568,0.022964,-0.007834,0.7560,0.0292,0.004318,1.467610,0.0000,1.760568,-0.000000,-0.000000,5.0000,0.000000,-0.014905,2723.5249,0,1,clay,1.0000,0.500000,0,0,0.000000,0.000000,0.000000,0,nan,0.00,0.000000,0.9735,0.0000,0.000000,1.8998,0.31,6.66,7.28,6.66,0.017199,0.2272,-4.1449,0.008000,0.089817,-0.6015,0.109386,0.059125,0.002072,-146.16332046725645,626.6744226485404,-482.45800554630983,-13.077945344281204,-0.096052,-0.044128,6160.4,6460.2,0.647863,0.679453,0.000000,0.7453,1.0000,,,,,
1.1280,1778839079.725673,94,1.844849,0.041248,0.008256,0.9507,0.0695,0.001263,1.805345,0.018027,0.003979,0.8734,1.850600,0.041678,0.008301,0.7958,0.0319,0.003847,1.477057,0.0000,1.850600,-0.000000,-0.000000,5.0000,0.000000,-0.092330,2715.7529,0,1,clay,1.0000,0.500000,0,0,0.000000,0.000000,0.000000,0,nan,0.00,0.000000,0.9748,0.0000,0.000000,1.8987,0.31,6.66,7.29,6.70,0.018027,0.2280,-4.1266,0.008000,0.120887,0.5832,0.147153,0.060000,-0.000933,-65.02938559778511,151.2465100666575,-484.81530653872295,-55.19890047047661,-0.091148,-0.050371,6157.9,6462.7,0.652223,0.664022,0.000000,0.7851,1.0000,,,,,
1.1400,1778839079.737647,95,1.938405,0.009719,0.010034,0.8670,0.0875,0.002108,1.815965,0.018891,0.003995,0.8936,1.944279,0.010188,0.010073,0.8117,0.0356,0.003456,1.481415,0.0000,1.944279,-0.000000,0.000000,5.0000,0.000000,-0.151163,2712.1051,0,1,clay,1.0000,0.500000,0,0,0.000000,0.000000,0.000000,0,nan,0.00,0.000000,0.9760,0.0000,0.000000,1.8969,0.31,6.66,7.29,6.63,0.018891,0.2289,-4.1064,0.008000,0.251571,0.3797,0.147217,0.068433,-0.002049,-91.82606402236472,876.5148766509783,-504.45671623436203,-107.47676729692121,-0.093923,-0.060046,6156.6,6463.9,0.654396,0.699451,0.000000,0.8009,1.0000,,,,,
1.1520,1778839079.749666,96,1.869952,-0.004973,-0.000284,0.9406,-0.0048,-0.002071,1.826826,0.019765,0.003995,0.9143,1.876027,-0.004649,-0.000254,0.8388,0.0287,0.002703,1.486162,0.0000,1.876027,-0.000000,-0.000000,5.0000,0.000000,-0.210054,2706.3807,0,1,clay,1.0000,0.500000,0,0,0.000000,0.000000,0.000000,0,nan,0.00,0.000000,0.9771,0.0000,0.000000,1.8944,0.32,6.65,7.28,6.62,0.019765,0.2289,-4.0857,0.008000,0.125017,-0.0417,0.155449,0.051360,-0.003788,-126.06414258610923,234.97563464604013,-432.03158927768595,-56.956052776127315,-0.071469,-0.046568,6155.3,6465.2,0.656682,0.682539,0.000000,0.8280,1.0000,,,,,
1.1640,1778839079.761642,97,1.824434,-0.042069,0.003800,0.9766,0.0391,0.000749,1.837940,0.020669,0.004000,0.9334,1.830705,-0.041737,0.003825,0.8676,0.0281,0.002364,1.490612,0.0000,1.830705,-0.000000,-0.000000,5.0000,0.000000,-0.270317,2701.1215,0,1,clay,1.0000,0.500000,0,0,0.000000,0.000000,0.000000,0,nan,0.00,0.000000,0.9782,0.0000,0.000000,1.8911,0.31,6.65,7.27,6.62,0.020669,0.2292,-4.0666,0.008000,0.129156,0.2409,0.138233,0.051234,-0.005177,-135.11794697188273,-552.6321650305288,-419.7860596390118,-61.628599939970464,-0.064798,-0.044824,6154.1,6466.5,0.658835,0.678327,0.000000,0.8567,1.0000,,,,,
1.1760,1778839079.773662,98,1.891025,0.062392,0.003136,0.9511,0.1249,0.003856,1.849273,0.021626,0.004042,0.9530,1.897429,0.062808,0.003161,0.8859,0.0374,0.002452,1.490306,0.0000,1.897429,-0.000000,-0.000000,5.0000,0.000000,-0.321792,2699.0381,0,1,clay,1.0000,0.500000,0,0,0.000000,0.000000,0.000000,0,nan,0.00,0.000000,0.9793,0.0000,0.000000,1.8873,0.31,6.64,7.27,6.61,0.021626,0.2316,-4.0470,0.008000,0.113983,-0.0499,0.120269,0.064979,-0.003779,-184.0700092828318,-299.9235348771785,-489.8091050391421,-149.2321757894961,-0.080059,-0.061516,6154.0,6466.5,0.658893,0.688941,0.000000,0.8750,1.0000,,,,,
1.1880,1778839079.786255,99,1.857324,-0.019345,-0.004903,0.9708,0.1283,0.011671,1.860883,0.022718,0.004130,0.9768,1.863862,-0.018896,-0.004870,0.9044,0.0455,0.003109,1.492209,0.0000,1.863862,-0.000000,-0.000000,5.0000,0.000000,-0.364574,2694.4551,0,1,clay,1.0000,0.500000,0,0,0.000000,0.000000,0.000000,0,nan,0.00,0.000000,0.9803,0.0000,0.000000,1.8829,0.31,6.65,7.28,6.68,0.022718,0.2366,-4.0232,0.008000,0.048607,-0.6404,0.095466,0.078473,-0.000970,-181.18492621644415,691.6483370386177,-545.7929287923318,-213.20372887129514,-0.094881,-0.071977,6153.5,6467.1,0.659898,0.683133,0.000000,0.8935,1.0000,,,,,
1.2000,1778839079.797611,100,1.865507,0.076822,0.009507,0.8699,0.0923,0.010450,1.872739,0.023863,0.004260,0.9958,1.872013,0.077390,0.009544,0.8998,0.0474,0.003437,1.490748,0.0000,1.872013,-0.000000,-0.000000,5.0000,0.000000,-0.384893,2696.9529,0,1,clay,1.0000,0.500000,0,0,0.000000,0.000000,0.000000,0,nan,0.00,0.000000,0.9812,0.0000,0.000000,1.8783,0.32,6.65,7.28,6.65,0.023863,0.2441,-4.0042,0.008000,0.035445,-0.1014,0.043114,0.071808,-0.003912,-174.38864508876512,-522.9357297118964,-562.2131107659231,-224.25485811442312,-0.100513,-0.074505,6153.8,6466.8,0.659392,0.722354,0.000000,0.8890,1.0000,,,,,
1.2120,1778839079.809524,101,1.941628,0.071940,0.015474,0.9974,0.1330,0.007426,1.884830,0.024946,0.004353,1.0172,1.948277,0.072614,0.015511,0.9208,0.0544,0.003626,1.495622,0.0000,1.948277,-0.000000,0.000000,5.0000,0.000000,-0.418716,2693.6832,0,1,clay,1.0000,0.500000,0,0,0.000000,0.000000,0.000000,0,nan,0.00,0.000000,0.9821,0.0000,0.000000,1.8733,0.31,6.64,7.27,6.60,0.024946,0.2494,-3.9828,0.008000,0.107117,0.7751,0.031927,0.070550,-0.005765,-216.87702711531932,39.468755682884364,-603.2565829320941,-289.7988573592138,-0.109824,-0.084203,6152.5,6468.1,0.661608,0.686040,0.000000,0.9099,1.0000,,,,,
1.2240,1778839079.821624,102,1.916330,0.000781,0.004968,1.0275,0.1241,0.005849,1.897190,0.026068,0.004440,1.0398,1.923152,0.001427,0.005004,0.9436,0.0593,0.003651,1.499880,0.0000,1.923152,-0.000000,0.000000,5.0000,0.000000,-0.459079,2688.0507,0,1,clay,1.0000,0.500000,0,0,0.000000,0.000000,0.000000,0,nan,0.00,0.000000,0.9830,0.0000,0.000000,1.8677,0.32,6.64,7.27,6.61,0.026068,0.2544,-3.9602,0.008000,0.083960,0.7087,0.029899,0.068288,-0.004242,-165.99488354045604,-71.96370739999384,-626.7463673373459,-334.69462331037363,-0.113950,-0.089845,6151.4,6469.2,0.663597,0.678506,0.000000,0.9327,1.0000,,,,,
1.2360,1778839079.833568,103,1.950764,-0.026896,-0.006732,1.0548,0.0430,0.008412,1.909826,0.027216,0.004544,1.0624,1.957756,-0.026386,-0.006694,0.9673,0.0536,0.003724,1.502788,0.0000,1.957756,-0.000000,0.000000,5.0000,0.000000,-0.503898,2684.2359,0,1,clay,1.0000,0.500000,0,0,0.000000,0.000000,0.000000,0,nan,0.00,0.000000,0.9838,0.0000,0.000000,1.8617,0.31,6.63,7.26,6.60,0.027216,0.2604,-3.9376,0.008000,0.076052,-0.8833,0.012792,0.055257,-0.004249,-165.2209516188314,-346.16613254016227,-588.4936482719298,-272.7428102593148,-0.101077,-0.076494,6150.5,6470.0,0.665009,0.677016,0.000000,0.9563,1.0000,,,,,
1.2480,1778839079.845626,104,1.922774,0.036471,0.011894,1.1085,0.0950,0.008783,1.922733,0.028356,0.004653,1.0845,1.929956,0.037130,0.011934,0.9967,0.0556,0.003943,1.505571,0.0000,1.929956,-0.000000,0.000000,5.0000,0.000000,-0.558798,2680.4653,0,1,clay,1.0000,0.500000,0,0,0.000000,0.000000,0.000000,0,nan,0.00,0.000000,0.9846,0.0000,0.000000,1.8550,0.31,6.64,7.26,6.67,0.028356,0.2666,-3.9155,0.008000,0.104826,0.0845,0.025907,0.054065,-0.003749,-169.23887333180306,135.34223943106423,-595.308195165135,-283.48135139527034,-0.100412,-0.075526,6149.8,6470.8,0.666379,0.667617,0.000000,0.9858,1.0000,,,,,
1.2600,1778839079.857633,105,1.929884,0.006218,0.006846,1.1091,0.0740,0.008686,1.935892,0.029509,0.004760,1.1060,1.937258,0.006832,0.006888,1.0206,0.0545,0.004066,1.507774,0.0000,1.937258,-0.000000,0.000000,5.0000,0.000000,-0.598365,2652.1110,0,1,clay,1.0000,0.500000,0,0,0.000000,0.000000,0.000000,0,nan,0.00,0.000000,0.9853,0.0000,0.000000,1.8478,0.32,6.63,7.27,6.62,0.029509,0.2727,-3.8940,0.008000,0.031025,0.3913,0.022222,0.058260,-0.002407,-176.7712676822799,-34.701685534623095,-589.5253365425897,-271.0514456928029,-0.095866,-0.070796,6149.1,6471.5,0.667531,0.675027,0.000000,1.0096,1.0000,,,,,
1.2720,1778839079.869657,106,1.897051,0.010411,0.005504,1.0444,0.0993,0.009831,1.949298,0.030655,0.004871,1.1248,1.904483,0.011036,0.005547,1.0274,0.0564,0.004280,1.509567,0.0000,1.904483,-0.000000,-0.000000,5.0000,0.000000,-0.623181,2643.1528,0,1,clay,1.0000,0.500000,0,0,0.000000,0.000000,0.000000,0,nan,0.00,0.000000,0.9860,0.0000,0.000000,1.8403,0.32,6.63,7.27,6.60,0.030655,0.2791,-3.8752,0.008000,0.052693,0.0826,-0.000282,0.063273,-0.000764,-194.20173510925068,76.94178212587099,-599.5558867179583,-284.1419540699411,-0.098600,-0.072387,6148.6,6472.0,0.668452,0.700749,0.000000,1.0164,1.0000,,,,,
1.2840,1778839079.881360,107,1.947521,-0.006728,0.004542,1.0705,0.1347,0.012588,1.962930,0.031834,0.005032,1.1446,1.955018,-0.006048,0.004590,1.0378,0.0626,0.004770,1.510358,0.0000,1.955018,-0.000000,0.000000,5.0000,0.000000,-0.640353,2629.2547,0,1,clay,1.0000,0.500000,0,0,0.000000,0.000000,0.000000,0,nan,0.00,0.000000,0.9867,0.0000,0.000000,1.8327,0.32,6.62,7.26,6.59,0.031834,0.2883,-3.8554,0.008000,0.083347,0.0650,-0.008040,0.067198,0.002474,-215.8761759791921,-756.8328086499216,-630.0999399692492,-326.1807534595605,-0.107715,-0.079055,6148.3,6472.2,0.668877,0.697411,0.000000,1.0268,1.0000,,,,,
1.2960,1778839079.893611,108,1.937128,0.103406,0.007056,1.1042,0.0810,0.013279,1.976812,0.032981,0.005177,1.1647,1.944716,0.104095,0.007108,1.0528,0.0611,0.005147,1.511765,0.0000,1.944716,-0.000000,0.000000,5.0000,0.000000,-0.658580,2612.3752,0,1,clay,1.0000,0.500000,0,0,0.000000,0.000000,0.000000,0,nan,0.00,0.000000,0.9873,0.0000,0.000000,1.8247,0.31,6.63,7.26,6.69,0.032981,0.2966,-3.8353,0.008000,0.119049,0.6655,-0.011796,0.054224,-0.000913,-247.52650311298473,-228.2744413393683,-623.807503339561,-305.27506999559876,-0.104544,-0.073665,6147.9,6472.6,0.669550,0.692024,0.000000,1.0418,1.0000,,,,,
1.3080,1778839079.905671,109,2.041165,-0.055135,0.004309,1.2802,0.0948,0.019315,1.990919,0.034188,0.005368,1.1831,2.049116,-0.054443,0.004371,1.0989,0.0622,0.006093,1.503185,0.0000,2.049116,0.000000,0.000000,5.0000,0.000000,-0.671819,2550.0734,0,1,clay,1.0000,0.500000,0,0,0.000000,0.000000,0.000000,0,nan,0.00,0.000000,0.9879,0.0000,0.000000,1.8167,0.32,6.65,7.30,6.78,0.034188,0.3076,-3.8169,0.008000,0.159893,-0.3196,0.039052,0.055485,0.003886,-194.000840281244,-1128.5555674024856,-626.9958577527902,-292.74179500697846,-0.102995,-0.067872,6150.1,6470.5,0.665827,0.649718,0.000000,1.0880,1.0000,,,,,
1.3200,1778839079.917636,110,1.923294,0.049182,0.012110,1.2306,0.0210,0.022105,2.005277,0.035484,0.005615,1.2052,1.931465,0.049875,0.012182,1.1265,0.0534,0.006959,1.495924,0.0000,1.931465,-0.000000,0.000000,5.0000,0.000000,-0.681861,2514.4363,0,1,clay,1.0000,0.500000,0,0,0.000000,0.000000,0.000000,0,nan,0.00,0.000000,0.9885,0.0000,0.000000,1.8085,0.32,6.65,7.29,6.60,0.035484,0.3217,-3.7948,0.008000,0.120995,-0.2156,0.045167,0.031819,0.001072,-240.0506205198853,-116.29785600587738,-597.1392203641453,-209.72178728747633,-0.090793,-0.050506,6151.9,6468.7,0.662669,0.665817,0.000000,1.1156,1.0000,,,,,
1.3320,1778839079.929625,111,2.067081,-0.009236,0.005773,1.1691,-0.0338,0.022385,2.019898,0.036804,0.005869,1.2269,2.075325,-0.008714,0.005853,1.1369,0.0389,0.007565,1.497031,0.0000,2.075325,0.000000,0.000000,5.0000,0.000000,-0.691925,2500.6348,0,1,clay,1.0000,0.500000,0,0,0.000000,0.000000,0.000000,0,nan,0.00,0.000000,0.9891,0.0000,0.000000,1.8002,0.32,6.64,7.29,6.63,0.036804,0.3362,-3.7731,0.008000,0.052591,0.0231,0.032336,0.008013,0.004721,-229.06320241844207,41.59810698172336,-558.7082421521708,-100.06768625370431,-0.072937,-0.027998,6151.6,6469.0,0.663189,0.687330,0.000000,1.1259,1.0000,,,,,
1.3440,1778839079.941650,112,1.986896,0.040773,0.002375,1.2838,0.1003,0.019385,2.034775,0.038100,0.006108,1.2493,1.995350,0.041327,0.002460,1.1674,0.0449,0.008151,1.494698,0.0000,1.995350,-0.000000,0.000000,5.0000,0.000000,-0.705598,2461.9473,0,1,clay,1.0000,0.500000,0,0,0.000000,0.000000,0.000000,0,nan,0.00,0.000000,0.9896,0.0000,0.000000,1.7917,0.32,6.64,7.27,6.63,0.038100,0.3500,-3.7507,0.008000,0.091758,0.4983,0.038957,0.021924,0.006032,-238.71515776179612,-114.1268023721729,-579.7151245293724,-139.0969041849848,-0.079155,-0.033216,6152.2,6468.4,0.662187,0.660326,0.000000,1.1565,1.0000,,,,,
1.3560,1778839079.953589,113,2.004491,0.061846,-0.002796,1.2117,0.0483,0.018789,2.049920,0.039367,0.006332,1.2713,2.013016,0.062340,-0.002709,1.1781,0.0427,0.008415,1.495454,0.0000,2.013016,0.000000,0.000000,5.0000,0.000000,-0.717780,2448.7902,0,1,clay,1.0000,0.500000,0,0,0.000000,0.000000,0.000000,0,nan,0.00,0.000000,0.9901,0.0000,0.000000,1.7831,0.31,6.65,7.27,6.66,0.039367,0.3628,-3.7287,0.008000,0.030363,-0.8665,0.019914,0.020439,0.009381,-252.37174111187278,-316.43314119560284,-576.5433800990805,-124.4214531495743,-0.076207,-0.029228,6151.9,6468.6,0.662563,0.682541,0.000000,1.1672,1.0000,,,,,
1.3680,1778839079.965650,114,2.107184,-0.008730,0.008086,1.3252,0.0486,0.021149,2.065304,0.040657,0.006587,1.2896,2.115936,-0.008148,0.008179,1.2086,0.0413,0.008941,1.485601,0.0000,2.115936,0.000000,0.000000,5.0000,0.000000,-0.726159,2410.0964,0,1,clay,1.0000,0.500000,0,0,0.000000,0.000000,0.000000,0,nan,0.00,0.000000,0.9906,0.0000,0.000000,1.7744,0.32,6.65,7.28,6.66,0.040657,0.3774,-3.7104,0.008000,0.071474,0.0454,0.026378,0.014292,0.004424,-262.11187948922515,-1033.975689660187,-572.0890682232389,-112.01623241023202,-0.073164,-0.024977,6154.4,6466.1,0.658254,0.659302,0.000000,1.1978,1.0000,,,,,
1.3800,1778839079.977773,115,2.051185,-0.048890,-0.004879,1.4089,-0.0006,0.025902,2.080931,0.041952,0.006871,1.3111,2.060227,-0.048478,-0.004778,1.2495,0.0336,0.009833,1.486628,0.0000,2.060227,0.000000,0.000000,5.0000,0.000000,-0.743784,2358.8373,0,1,clay,1.0000,0.500000,0,0,0.000000,0.000000,0.000000,0,nan,0.00,0.000000,0.9910,0.0000,0.000000,1.7655,0.31,6.65,7.27,6.67,0.041952,0.3937,-3.6889,0.008000,0.079982,-0.6219,0.060315,0.001620,0.006161,-325.7779466500392,-912.138668967117,-561.4209876644431,-70.39489873959474,-0.063427,-0.012471,6154.1,6466.4,0.658731,0.641440,0.000000,1.2386,1.0000,,,,,
1.3920,1778839079.989533,116,2.049795,-0.045985,0.009698,1.3356,0.1646,0.028501,2.096781,0.043290,0.007199,1.3301,2.058976,-0.045284,0.009810,1.2682,0.0496,0.011024,1.479170,0.0000,2.058976,0.000000,0.000000,5.0000,0.000000,-0.753248,2335.6323,0,1,clay,1.0000,0.500000,0,0,0.000000,0.000000,0.000000,0,nan,0.00,0.000000,0.9915,0.0000,0.000000,1.7564,0.31,6.64,7.27,6.61,0.043290,0.4125,-3.6699,0.008000,0.048255,0.2654,0.068542,0.020262,0.008519,-268.52070994226284,-420.09968396172764,-603.3351124639562,-151.1338939768767,-0.082591,-0.027737,6156.0,6464.6,0.655497,0.665006,0.000000,1.2574,1.0000,,,,,
1.4040,1778839080.001639,117,2.086367,0.161241,0.016183,1.2927,0.0624,0.028939,2.112891,0.044677,0.007553,1.3514,2.095594,0.162006,0.016303,1.2750,0.0486,0.011816,1.477781,0.0000,2.095594,0.000000,0.000000,5.0000,0.000000,-0.766060,2333.4192,0,1,clay,1.0000,0.500000,0,0,0.000000,0.000000,0.000000,0,nan,0.00,0.000000,0.9919,0.0000,0.000000,1.7472,0.32,6.67,7.30,6.82,0.044677,0.4327,-3.6486,0.008000,0.061411,0.4905,0.060267,0.018105,0.007504,-308.24273527507285,-90.22738204236416,-604.7736659011907,-135.5072503182549,-0.082817,-0.024231,6156.3,6464.2,0.654915,0.677411,0.000000,1.2642,1.0000,,,,,
1.4160,1778839080.013614,118,2.104409,0.039130,0.003934,1.3471,0.0399,0.033229,2.129271,0.046093,0.007903,1.3746,2.113800,0.039769,0.004065,1.2911,0.0447,0.012866,1.478455,0.0000,2.113800,0.000000,0.000000,5.0000,0.000000,-0.776165,2308.6681,0,1,clay,1.0000,0.500000,0,0,0.000000,0.000000,0.000000,0,nan,0.00,0.000000,0.9923,0.0000,0.000000,1.7379,0.32,6.67,7.31,6.67,0.046093,0.4528,-3.6254,0.008000,0.101794,-0.0600,0.031042,0.013863,0.010222,-282.36151276177065,6.36212776475125,-602.4571104825511,-105.90875765250303,-0.079968,-0.016747,6156.1,6464.4,0.655264,0.665974,0.000000,1.2803,1.0000,,,,,
1.4280,1778839080.025672,119,2.242620,0.101722,0.010004,1.3137,0.0998,0.026582,2.145923,0.047473,0.008245,1.3967,2.252050,0.102466,0.010139,1.2976,0.0498,0.013169,1.477274,0.0000,2.252050,-0.000000,-0.000000,5.0000,0.000000,-0.790560,2304.3008,0,1,clay,1.0000,0.500000,0,0,0.000000,0.000000,0.000000,0,nan,0.00,0.000000,0.9926,0.0000,0.000000,1.7284,0.32,6.66,7.30,6.62,0.047473,0.4724,-3.6033,0.008000,0.203398,-0.1647,0.010652,0.036111,0.018536,-363.1416627418809,3.280829534802791,-615.2948560532608,-132.6039082282473,-0.085468,-0.021607,6156.4,6464.2,0.654774,0.676043,0.000000,1.2867,1.0000,,,,,
1.4400,1778839080.037623,120,2.195329,0.011606,0.003859,1.3771,-0.1036,0.029498,2.162832,0.048828,0.008591,1.4177,2.204878,0.012090,0.003997,1.3150,0.0262,0.013432,1.472549,0.0000,2.204878,0.000000,-0.000000,5.0000,0.000000,-0.796022,2280.3115,0,1,clay,1.0000,0.500000,0,0,0.000000,0.000000,0.000000,0,nan,0.00,0.000000,0.9930,0.0000,0.000000,1.7189,0.32,6.66,7.29,6.65,0.048828,0.4922,-3.5823,0.008000,0.015977,-0.1576,0.017670,0.005055,0.008492,-314.1020288289397,-564.4982789843359,-562.2686129428989,-6.568955816519193,-0.059697,0.005661,6157.6,6463.0,0.652730,0.663369,0.000000,1.3042,1.0000,,,,,
1.4520,1778839080.049626,121,2.187296,0.009982,0.003573,1.4725,0.1034,0.031881,2.179989,0.050206,0.008973,1.4383,2.197071,0.010557,0.003719,1.3475,0.0356,0.014369,1.468072,0.0000,2.197071,0.000000,-0.000000,5.0000,0.000000,-0.807926,2241.2683,0,1,clay,1.0000,0.500000,0,0,0.000000,0.000000,0.000000,0,nan,0.00,0.000000,0.9933,0.0000,0.000000,1.7092,0.31,6.66,7.28,6.62,0.050206,0.5141,-3.5617,0.008000,0.083990,0.0171,0.019944,0.015617,0.010095,-358.32132378504167,-796.9154008851233,-588.7134550813638,-56.06142719842453,-0.069242,-0.002632,6158.7,6461.9,0.650768,0.641920,0.000000,1.3368,1.0000,,,,,
1.4640,1778839080.061725,122,2.192508,0.069537,0.016682,1.4247,0.0462,0.036771,2.197411,0.051666,0.009406,1.4607,2.202378,0.070254,0.016838,1.3645,0.0353,0.015477,1.468517,0.0000,2.202378,0.000000,-0.000000,5.0000,0.000000,-0.823722,2222.7491,0,1,clay,1.0000,0.500000,0,0,0.000000,0.000000,0.000000,0,nan,0.00,0.000000,0.9936,0.0000,0.000000,1.6993,0.31,6.66,7.28,6.71,0.051666,0.5389,-3.5393,0.008000,0.061696,1.0628,0.026190,0.014210,0.008862,-353.32603467409973,-90.28498753875242,-594.3735586316033,-50.086592475101575,-0.070095,0.000280,6158.6,6462.0,0.650998,0.653639,0.000000,1.3538,1.0000,,,,,
1.4760,1778839080.073644,123,2.284351,0.011092,0.013897,1.4851,0.0840,0.034102,2.215096,0.053156,0.009841,1.4833,2.294412,0.011838,0.014059,1.3899,0.0404,0.016238,1.466350,0.0000,2.294412,-0.000000,-0.000000,5.0000,0.000000,-0.844146,2193.3909,0,1,clay,1.0000,0.500000,0,0,0.000000,0.000000,0.000000,0,nan,0.00,0.000000,0.9939,0.0000,0.000000,1.6892,0.30,6.67,7.28,6.68,0.053156,0.5638,-3.5167,0.008000,0.049242,0.2764,0.022061,0.024674,0.011560,-344.7864018731009,-18.59947542039501,-608.2021327727012,-77.71842565132778,-0.074847,-0.003385,6159.1,6461.5,0.650093,0.640954,0.000000,1.3792,1.0000,,,,,
1.4880,1778839080.085775,124,2.223874,0.043080,0.000879,1.5040,-0.0029,0.034523,2.233050,0.054618,0.010261,1.5059,2.234153,0.043635,0.001047,1.4141,0.0324,0.016751,1.464115,0.0000,2.234153,0.000000,-0.000000,5.0000,0.000000,-0.860259,2164.5173,0,1,clay,1.0000,0.500000,0,0,0.000000,0.000000,0.000000,0,nan,0.00,0.000000,0.9942,0.0000,0.000000,1.6789,0.31,6.66,7.29,6.63,0.054618,0.5879,-3.4941,0.008000,0.095539,0.2678,0.005242,0.020030,0.012155,-396.75988800538573,121.92803934574684,-596.8731931499667,-41.672954325241335,-0.066513,0.005860,6159.6,6460.9,0.649180,0.635654,0.000000,1.4034,1.0000,,,,,
1.5000,1778839080.097520,125,2.246953,0.009575,0.007329,1.4977,-0.0134,0.033489,2.251275,0.056021,0.010663,1.5288,2.257355,0.010132,0.007500,1.4323,0.0243,0.017069,1.462869,0.0000,2.257355,-0.000000,-0.000000,5.0000,0.000000,-0.876720,2143.8001,0,1,clay,1.0000,0.500000,0,0,0.000000,0.000000,0.000000,0,nan,0.00,0.000000,0.9945,0.0000,0.000000,1.6683,0.32,6.66,7.29,6.65,0.056021,0.6109,-3.4712,0.008000,0.076997,-0.2053,0.005527,-0.000454,0.013139,-498.22627576413555,74.39338437102381,-585.2477221450392,-7.892828339747922,-0.058397,0.014285,6159.9,6460.7,0.648680,0.638330,0.000000,1.4216,1.0000,,,,,
1.5120,1778839080.109693,126,2.315992,-0.014896,0.009906,1.5056,0.0557,0.035561,2.269751,0.057494,0.011097,1.5478,2.326493,-0.014275,0.010082,1.4485,0.0276,0.017681,1.451301,0.0000,2.326493,-0.000000,-0.000000,5.0000,0.000000,-0.885045,2126.6387,0,1,clay,1.0000,0.500000,0,0,0.000000,0.000000,0.000000,0,nan,0.00,0.000000,0.9948,0.0000,0.000000,1.6577,0.31,6.66,7.28,6.65,0.057494,0.6358,-3.4522,0.008000,0.207779,-0.4342,0.015091,0.015293,0.026465,-404.1920333257194,-3.9629275855008643,-589.0138697595337,-17.768889807184138,-0.061656,0.012077,6162.8,6457.8,0.643621,0.637332,0.000000,1.4379,1.0000,,,,,
1.5240,1778839080.121587,127,2.355545,0.055514,0.002087,1.5466,0.1719,0.038308,2.288457,0.059026,0.011555,1.5677,2.366197,0.056229,0.002271,1.4695,0.0468,0.018711,1.446564,0.0000,2.366197,-0.000000,-0.000000,5.0000,0.000000,-0.898503,2104.8757,0,1,clay,1.0000,0.500000,0,0,0.000000,0.000000,0.000000,0,nan,0.00,0.000000,0.9950,0.0000,0.000000,1.6469,0.31,6.67,7.28,6.72,0.059026,0.6621,-3.4323,0.008000,0.113043,-0.1871,0.019989,0.032424,0.013766,-425.6688821868235,-546.6291305062947,-626.6318876683875,-107.76423107417145,-0.079801,-0.004523,6164.0,6456.6,0.641554,0.629523,0.000000,1.4589,1.0000,,,,,
1.5360,1778839080.133657,128,2.357102,-0.035752,0.009809,1.6703,0.0881,0.037582,2.307401,0.060508,0.011978,1.5871,2.368073,-0.034909,0.009999,1.5104,0.0507,0.019472,1.446397,0.0000,2.368073,-0.000000,-0.000000,5.0000,0.000000,-0.923534,2059.3139,0,1,clay,1.0000,0.500000,0,0,0.000000,0.000000,0.000000,0,nan,0.00,0.000000,0.9953,0.0000,0.000000,1.6359,0.31,6.67,7.29,6.66,0.060508,0.6863,-3.4129,0.008000,0.148730,-0.0944,0.054563,0.030454,0.009698,-496.6759543265686,254.4959017593814,-638.2623846073178,-138.77926905075302,-0.081651,-0.006633,6164.0,6456.6,0.641531,0.601711,0.000000,1.4998,1.0000,,,,,
1.5480,1778839080.145704,129,2.344736,0.063375,0.019776,1.7369,0.0018,0.030734,2.326582,0.061865,0.012346,1.6069,2.356039,0.064250,0.019964,1.5562,0.0415,0.019307,1.436252,0.0000,2.356039,-0.000000,-0.000000,5.0000,0.000000,-0.949807,2010.5850,0,1,clay,1.0000,0.500000,0,0,0.000000,0.000000,0.000000,0,nan,0.00,0.000000,0.9955,0.0000,0.000000,1.6245,0.32,6.66,7.30,6.65,0.061865,0.7074,-3.3931,0.008000,0.046847,0.8272,0.083463,0.038524,0.013458,-636.2781835675316,273.56521787795566,-620.854109003561,-111.11324846216135,-0.070281,0.001155,6166.5,6454.0,0.637134,0.586145,0.000000,1.5457,1.0000,,,,,
1.5600,1778839080.157867,130,2.335570,0.104250,0.021456,1.6562,-0.0381,0.031509,2.345989,0.063172,0.012698,1.6254,2.347042,0.105030,0.021641,1.5775,0.0281,0.019073,1.424323,0.0000,2.347042,-0.000000,-0.000000,5.0000,0.000000,-0.961184,1988.7664,0,1,clay,1.0000,0.500000,0,0,0.000000,0.000000,0.000000,0,nan,0.00,0.000000,0.9957,0.0000,0.000000,1.6129,0.32,6.66,7.31,6.67,0.063172,0.7275,-3.3746,0.008000,0.087440,0.9339,0.072776,0.014130,0.010915,-755.8482031612502,172.3256777853165,-597.4134996214514,-52.07483808436747,-0.057433,0.012269,6169.5,6451.1,0.631955,0.604911,0.000000,1.5671,1.0000,,,,,
1.5720,1778839080.169685,131,2.304306,0.050590,0.006944,1.6676,-0.0057,0.033020,2.365618,0.064507,0.013073,1.6438,2.315908,0.051152,0.007130,1.5970,0.0219,0.019144,1.423976,0.0000,2.315908,-0.000000,-0.000000,5.0000,0.000000,-0.972273,1965.1043,0,1,clay,1.0000,0.500000,0,0,0.000000,0.000000,0.000000,0,nan,0.00,0.000000,0.9959,0.0000,0.000000,1.6013,0.31,6.68,7.30,6.74,0.064507,0.7490,-3.3562,0.008000,0.044435,-0.6555,0.075203,0.004450,0.008363,-586.3633110547504,203.53050045390358,-590.3869623095113,-33.184125125051736,-0.051480,0.017347,6169.6,6451.0,0.631832,0.603443,0.000000,1.5866,1.0000,,,,,
1.5840,1778839080.182140,132,2.443067,0.039258,0.011726,1.6881,0.0669,0.031965,2.385454,0.065864,0.013454,1.6615,2.454821,0.039924,0.011911,1.6166,0.0275,0.019193,1.413223,0.0000,2.454821,-0.000000,0.000000,5.0000,0.000000,-0.989146,1949.9714,0,1,clay,1.0000,0.500000,0,0,0.000000,0.000000,0.000000,0,nan,0.00,0.000000,0.9961,0.0000,0.000000,1.5894,0.31,6.67,7.30,6.66,0.065864,0.7708,-3.3385,0.008000,0.021267,-0.2267,0.069660,0.010193,0.009139,-774.9884760419275,92.4456294163958,-596.1890805976906,-60.41626814955957,-0.055188,0.012338,6172.3,6448.3,0.627123,0.599922,0.000000,1.6062,1.0000,,,,,
1.5960,1778839080.193541,133,2.462260,0.045779,0.008913,1.6607,0.0126,0.030342,2.405519,0.067130,0.013793,1.6804,2.474068,0.046378,0.009095,1.6270,0.0241,0.018960,1.403574,0.0000,2.474068,-0.000000,0.000000,5.0000,0.000000,-0.994381,1939.9118,0,1,clay,1.0000,0.500000,0,0,0.000000,0.000000,0.000000,0,nan,0.00,0.000000,0.9963,0.0000,0.000000,1.5775,0.31,6.67,7.28,6.65,0.067130,0.7903,-3.3196,0.008000,0.086760,0.3547,0.056263,0.010857,0.008178,-921.38079879523,236.9215245860822,-585.8987198175971,-44.711126108364034,-0.051511,0.014583,6174.7,6445.9,0.622911,0.606366,0.000000,1.6168,1.0000,,,,,
1.6080,1778839080.205603,134,2.418281,0.043506,0.011714,1.6450,0.0681,0.028971,2.425805,0.068364,0.014125,1.6990,2.430069,0.044175,0.011893,1.6324,0.0295,0.018714,1.396859,0.0000,2.430069,-0.000000,0.000000,5.0000,0.000000,-0.988637,1932.4866,0,1,clay,1.0000,0.500000,0,0,0.000000,0.000000,0.000000,0,nan,0.00,0.000000,0.9965,0.0000,0.000000,1.5656,0.29,6.67,7.25,6.65,0.068364,0.8093,-3.3010,0.008000,0.032376,0.1437,0.043606,0.023696,0.007057,-922.8539952566185,-589.7613512227754,-590.4180647037706,-69.74348502686904,-0.055009,0.009508,6176.4,6444.2,0.619947,0.607934,0.000000,1.6222,1.0000,,,,,
1.6200,1778839080.217645,135,2.422755,0.123142,0.013829,1.7267,0.1214,0.029038,2.446307,0.069592,0.014468,1.7168,2.434695,0.123937,0.014005,1.6525,0.0417,0.018649,1.386671,0.0000,2.434695,-0.000000,0.000000,5.0000,0.000000,-0.987801,1914.5778,0,1,clay,1.0000,0.500000,0,0,0.000000,0.000000,0.000000,0,nan,0.00,0.000000,0.9966,0.0000,0.000000,1.5537,0.29,6.66,7.25,6.64,0.069592,0.8290,-3.2832,0.008000,0.139105,0.1134,0.048841,0.038774,0.006675,-788.6572763296614,-158.32569752070788,-605.9296870982232,-129.74652931301736,-0.063529,-0.000881,6179.0,6441.6,0.615433,0.589243,0.000000,1.6424,1.0000,,,,,
1.6320,1778839080.229634,136,2.512074,0.057304,0.014346,1.7488,-0.0093,0.026436,2.467026,0.070774,0.014794,1.7349,2.524152,0.058021,0.014518,1.6730,0.0324,0.018137,1.380334,0.0000,2.524152,0.000000,0.000000,5.0000,0.000000,-0.998080,1896.0706,0,1,clay,1.0000,0.500000,0,0,0.000000,0.000000,0.000000,0,nan,0.00,0.000000,0.9968,0.0000,0.000000,1.5418,0.29,6.67,7.25,6.69,0.070774,0.8476,-3.2651,0.008000,0.006884,0.5847,0.048890,0.017059,0.008289,-975.4298938092772,59.56168738800949,-589.1409488096449,-96.52417691671569,-0.054434,0.005636,6180.6,6440.0,0.612628,0.585656,0.000000,1.6630,1.0000,,,,,
1.6440,1778839080.241698,137,2.568762,0.098082,0.016509,1.6960,0.0661,0.022865,2.487970,0.071865,0.015071,1.7532,2.580882,0.098842,0.016673,1.6794,0.0360,0.017362,1.373903,0.0000,2.580882,0.000000,0.000000,5.0000,0.000000,-1.005679,1893.8268,0,1,clay,1.0000,0.500000,0,0,0.000000,0.000000,0.000000,0,nan,0.00,0.000000,0.9970,0.0000,0.000000,1.5297,0.29,6.69,7.27,6.82,0.071865,0.8635,-3.2468,0.008000,0.132899,0.2614,0.014345,0.018596,0.007085,-766.2595838662853,347.09935574829734,-589.3985267858718,-118.55145823099667,-0.055608,0.001390,6182.2,6438.4,0.609822,0.598422,0.000000,1.6694,1.0000,,,,,
1.6560,1778839080.253644,138,2.455811,0.063217,0.010592,1.8067,0.0681,0.024425,2.509125,0.072979,0.015365,1.7705,2.468163,0.063930,0.010752,1.7059,0.0392,0.016998,1.365140,0.0000,2.468163,-0.000000,0.000000,5.0000,0.000000,-1.002367,1860.7380,0,1,clay,1.0000,0.500000,0,0,0.000000,0.000000,0.000000,0,nan,0.00,0.000000,0.9971,0.0000,0.000000,1.5177,0.29,6.69,7.27,6.69,0.072979,0.8803,-3.2295,0.008000,0.056851,-0.6476,-0.003866,0.035158,0.013479,-622.4687665482035,-405.5809480640985,-591.8574108209787,-143.35642640689994,-0.056345,-0.001909,6184.4,6436.2,0.605986,0.571971,0.000000,1.6960,1.0000,,,,,
1.6680,1778839080.265764,139,2.527536,0.023147,0.014940,1.7607,0.1071,0.028245,2.530479,0.074120,0.015692,1.7869,2.539989,0.023986,0.015101,1.7184,0.0476,0.017162,1.356774,0.0000,2.539989,0.000000,0.000000,5.0000,0.000000,-1.005747,1851.6659,0,1,clay,1.0000,0.500000,0,0,0.000000,0.000000,0.000000,0,nan,0.00,0.000000,0.9972,0.0000,0.000000,1.5056,0.29,6.68,7.27,6.63,0.074120,0.8991,-3.2131,0.008000,0.093976,-0.4933,-0.011452,0.046222,0.003576,-499.73777240056455,-98.62812824032744,-602.3068274569589,-179.4055536820007,-0.062308,-0.008197,6186.5,6434.0,0.602285,0.584453,0.000000,1.7085,1.0000,,,,,
1.6800,1778839080.277646,140,2.515492,0.037759,0.023418,1.8630,-0.0140,0.023176,2.552020,0.075195,0.015978,1.8023,2.528142,0.038606,0.023574,1.7482,0.0365,0.016638,1.347106,0.0000,2.528142,0.000000,0.000000,5.0000,0.000000,-1.012235,1822.8444,0,1,clay,1.0000,0.500000,0,0,0.000000,0.000000,0.000000,0,nan,0.00,0.000000,0.9974,0.0000,0.000000,1.4934,0.29,6.69,7.27,6.74,0.075195,0.9155,-3.1977,0.008000,0.044442,0.8236,-0.000962,0.038102,0.004344,-532.6813171342469,131.509660297111,-581.1865710834805,-139.72747690326403,-0.051951,-0.000527,6189.0,6431.6,0.598023,0.563830,0.000000,1.7384,1.0000,,,,,
1.6920,1778839080.289684,141,2.555375,0.030328,0.015503,1.7741,-0.0079,0.022031,2.573768,0.076281,0.016254,1.8202,2.568151,0.031002,0.015653,1.7551,0.0282,0.015956,1.342338,0.0000,2.568151,0.000000,0.000000,5.0000,0.000000,-1.017246,1818.1890,0,1,clay,1.0000,0.500000,0,0,0.000000,0.000000,0.000000,0,nan,0.00,0.000000,0.9975,0.0000,0.000000,1.4812,0.31,6.68,7.30,6.64,0.076281,0.9313,-3.1798,0.008000,0.063448,0.0958,-0.012564,0.022824,0.001269,-477.82174690107445,327.54350210566093,-561.8291481601425,-107.32459725041673,-0.044756,0.004626,6190.1,6430.4,0.595957,0.582912,0.000000,1.7453,1.0000,,,,,
1.7040,1778839080.301672,142,2.552840,0.139676,0.017651,1.7446,0.0411,0.026681,2.595736,0.077419,0.016565,1.8388,2.565588,0.140383,0.017802,1.7549,0.0289,0.016044,1.326816,0.0000,2.565588,0.000000,0.000000,5.0000,0.000000,-1.004793,1821.3000,0,1,clay,1.0000,0.500000,0,0,0.000000,0.000000,0.000000,0,nan,0.00,0.000000,0.9976,0.0000,0.000000,1.4692,0.30,6.68,7.29,6.66,0.077419,0.9491,-3.1612,0.008000,0.120449,0.3816,-0.022183,0.026085,0.001870,-410.5214889696101,325.3815326125869,-550.00523452874,-95.70850349185108,-0.045367,0.004225,6194.1,6426.5,0.589112,0.590100,0.000000,1.7452,1.0000,,,,,
1.7160,1778839080.313613,143,2.597731,0.049350,0.011154,1.8531,0.0944,0.029316,2.617878,0.078596,0.016896,1.8528,2.610634,0.050054,0.011309,1.7756,0.0376,0.016580,1.301615,0.0000,2.610634,0.000000,0.000000,5.0000,0.000000,-0.986251,1800.9391,0,1,clay,1.0000,0.500000,0,0,0.000000,0.000000,0.000000,0,nan,0.00,0.000000,0.9977,0.0000,0.000000,1.4574,0.30,6.67,7.28,6.63,0.078596,0.9681,-3.1472,0.008000,0.005259,-0.1496,-0.005985,0.034122,0.002313,-332.47831717925555,76.3499072345324,-554.1679319526834,-117.76839165738352,-0.051592,-0.001485,6200.5,6420.1,0.577945,0.566737,0.000000,1.7661,1.0000,,,,,
1.7280,1778839080.325599,144,2.629961,0.027161,0.016501,1.9443,0.0766,0.021668,2.640237,0.079734,0.017185,1.8716,2.643089,0.027965,0.016651,1.8100,0.0420,0.016175,1.298819,0.0000,2.643089,0.000000,0.000000,5.0000,0.000000,-0.995136,1771.5515,0,1,clay,1.0000,0.500000,0,0,0.000000,0.000000,0.000000,0,nan,0.00,0.000000,0.9978,0.0000,0.000000,1.4454,0.30,6.67,7.28,6.67,0.079734,0.9846,-3.1284,0.008000,0.110428,0.0361,0.009372,0.031653,0.000555,-306.626058492393,196.96622532867912,-565.0599710404034,-155.5761464128922,-0.052738,-0.005425,6201.2,6419.3,0.576646,0.545944,0.000000,1.8006,1.0000,,,,,
1.7400,1778839080.337649,145,2.604948,0.025485,0.012521,1.9420,0.0544,0.025608,2.662815,0.080884,0.017479,1.8896,2.618268,0.026241,0.012671,1.8374,0.0422,0.016267,1.295694,0.0000,2.618268,0.000000,0.000000,5.0000,0.000000,-1.007652,1745.4189,0,1,clay,1.0000,0.500000,0,0,0.000000,0.000000,0.000000,0,nan,0.00,0.000000,0.9979,0.0000,0.000000,1.4333,0.30,6.68,7.28,6.72,0.080884,1.0015,-3.1104,0.008000,0.095671,-0.2183,0.016866,0.041892,0.006854,-400.137276938224,517.8908390361769,-568.0911686040747,-165.82505907074824,-0.051969,-0.005440,6202.0,6418.6,0.575292,0.542307,0.000000,1.8279,1.0000,,,,,
1.7520,1778839080.349704,146,2.709721,0.062684,0.023023,1.9321,0.0038,0.025283,2.685607,0.082051,0.017787,1.9068,2.723189,0.063520,0.023173,1.8575,0.0347,0.016212,1.284481,0.0000,2.723189,0.000000,-0.000000,5.0000,0.000000,-1.024408,1736.1790,0,1,clay,1.0000,0.500000,0,0,0.000000,0.000000,0.000000,0,nan,0.00,0.000000,0.9980,0.0000,0.000000,1.4210,0.30,6.68,7.28,6.66,0.082051,1.0191,-3.0932,0.008000,0.059775,0.2644,0.031335,0.026256,0.002217,-473.6158569922989,133.09067750724228,-547.9877748627019,-131.02019319458674,-0.046076,-0.000214,6204.8,6415.8,0.570384,0.545976,0.000000,1.8481,1.0000,,,,,
1.7640,1778839080.361682,147,2.800458,0.111984,0.019366,1.8932,-0.0036,0.023152,2.708600,0.083197,0.018068,1.9241,2.814026,0.112709,0.019513,1.8662,0.0275,0.015858,1.275151,0.0000,2.814026,-0.000000,-0.000000,5.0000,0.000000,-1.036415,1737.0478,0,1,clay,1.0000,0.500000,0,0,0.000000,0.000000,0.000000,0,nan,0.00,0.000000,0.9981,0.0000,0.000000,1.4086,0.31,6.68,7.29,6.66,0.083197,1.0352,-3.0759,0.008000,0.166579,0.3961,0.014387,0.018668,0.005705,-308.70071189192294,206.7870883625916,-523.4565459786634,-95.56929017218006,-0.040455,0.004330,6207.1,6413.4,0.566326,0.557050,0.000000,1.8568,1.0000,,,,,
1.7760,1778839080.373661,148,2.715523,0.136544,0.017459,1.9859,0.0319,0.019885,2.731822,0.084308,0.018315,1.9435,2.729253,0.137233,0.017600,1.8912,0.0271,0.015320,1.277399,0.0000,2.729253,0.000000,-0.000000,5.0000,0.000000,-1.048641,1710.3754,0,1,clay,1.0000,0.500000,0,0,0.000000,0.000000,0.000000,0,nan,0.00,0.000000,0.9982,0.0000,0.000000,1.3960,0.30,6.68,7.28,6.68,0.084308,1.0494,-3.0565,0.008000,0.102506,0.0368,0.027730,0.011848,0.002973,-531.6913899182484,378.657249144573,-528.3806748426663,-113.82982804657513,-0.038724,0.003665,6206.6,6414.0,0.567352,0.533108,0.000000,1.8818,1.0000,,,,,
1.7880,1778839080.385533,149,2.699230,0.064802,0.009503,1.8703,0.0600,0.022512,2.755263,0.085430,0.018570,1.9612,2.712962,0.065411,0.009642,1.8888,0.0310,0.015141,1.265061,0.0000,2.712962,0.000000,-0.000000,5.0000,0.000000,-1.038700,1708.0562,0,1,clay,1.0000,0.500000,0,0,0.000000,0.000000,0.000000,0,nan,0.00,0.000000,0.9983,0.0000,0.000000,1.3835,0.31,6.67,7.29,6.67,0.085430,1.0640,-3.0388,0.008000,0.016100,-0.9015,-0.003342,0.023668,0.004046,-485.76505600614996,181.601495679566,-524.1517344199676,-120.04079706321517,-0.041130,0.000742,6209.7,6410.9,0.561946,0.559551,0.000000,1.8796,1.0000,,,,,
1.8000,1778839080.397669,150,2.749725,0.046745,0.010690,1.9973,0.0238,0.022118,2.778909,0.086573,0.018836,1.9778,2.763602,0.047349,0.010828,1.9115,0.0287,0.015000,1.252589,0.0000,2.763602,-0.000000,-0.000000,5.0000,0.000000,-1.038705,1692.4392,0,1,clay,1.0000,0.500000,0,0,0.000000,0.000000,0.000000,0,nan,0.00,0.000000,0.9984,0.0000,0.000000,1.3711,0.30,6.68,7.29,6.71,0.086573,1.0792,-3.0222,0.008000,0.009901,-0.3758,0.012986,0.025609,0.003605,-366.42559642011344,123.94968170684575,-510.4715902979102,-108.7696677885306,-0.038776,0.002016,6212.8,6407.7,0.556403,0.531972,0.000000,1.9024,1.0000,,,,,
1.8120,1778839080.409625,151,2.790152,0.159559,0.013583,2.0045,0.0392,0.019191,2.802764,0.087709,0.019078,1.9965,2.804201,0.160203,0.013716,1.9313,0.0291,0.014532,1.245809,0.0000,2.804201,-0.000000,-0.000000,5.0000,0.000000,-1.046925,1683.1484,0,1,clay,1.0000,0.500000,0,0,0.000000,0.000000,0.000000,0,nan,0.00,0.000000,0.9985,0.0000,0.000000,1.3585,0.31,6.67,7.29,6.65,0.087709,1.0931,-3.0035,0.008000,0.050328,-0.3337,0.034576,0.026853,0.003345,-473.1786554071173,239.70187076478408,-507.42266121358807,-117.92840905158599,-0.037968,0.000969,6214.5,6406.0,0.553417,0.531059,0.000000,1.9221,1.0000,,,,,
1.8240,1778839080.421656,152,2.759300,0.083372,0.014814,1.9735,0.0127,0.019111,2.826855,0.088835,0.019309,2.0157,2.773411,0.083998,0.014943,1.9411,0.0255,0.014102,1.241473,0.0000,2.773411,-0.000000,-0.000000,5.0000,0.000000,-1.046614,1669.7396,0,1,clay,1.0000,0.500000,0,0,0.000000,0.000000,0.000000,0,nan,0.00,0.000000,0.9985,0.0000,0.000000,1.3460,0.31,6.67,7.29,6.64,0.088835,1.1063,-2.9843,0.008000,0.038138,0.1058,0.026324,0.020641,0.006184,-481.57360780323955,379.54652621893,-492.88939312172636,-105.11482697659972,-0.034785,0.002776,6215.6,6404.9,0.551526,0.534858,0.000000,1.9321,1.0000,,,,,
1.8360,1778839080.433652,153,2.884466,0.015526,0.018049,2.0467,-0.0282,0.018253,2.851151,0.089994,0.019556,2.0316,2.898715,0.016117,0.018174,1.9633,0.0163,0.013642,1.230666,0.0000,2.898715,-0.000000,-0.000000,5.0000,0.000000,-1.059488,1660.5508,0,1,clay,1.0000,0.500000,0,0,0.000000,0.000000,0.000000,0,nan,0.00,0.000000,0.9986,0.0000,0.000000,1.3332,0.30,6.67,7.28,6.66,0.089994,1.1205,-2.9684,0.008000,0.064465,-0.0126,0.014338,0.004216,0.003386,-302.66870782595396,91.13157904263682,-454.3201527616347,-64.33922921474965,-0.027829,0.008092,6218.4,6402.2,0.546748,0.519758,0.000000,1.9543,1.0000,,,,,
1.8480,1778839080.445623,154,2.741691,0.113787,0.020588,2.0317,0.1552,0.017674,2.875643,0.091159,0.019794,2.0488,2.756037,0.114580,0.020710,1.9781,0.0370,0.013428,1.216975,0.0000,2.756037,-0.000000,-0.000000,5.0000,0.000000,-1.044889,1638.7179,0,1,clay,1.0000,0.500000,0,0,0.000000,0.000000,0.000000,0,nan,0.00,0.000000,0.9987,0.0000,0.000000,1.3207,0.30,6.68,7.28,6.72,0.091159,1.1341,-2.9512,0.008000,0.098900,0.3604,0.002277,0.030583,0.002925,-364.9170055489783,137.54429152060015,-504.1107984124256,-157.31442913577422,-0.040278,-0.005810,6221.8,6398.7,0.540743,0.527749,0.000000,1.9692,1.0000,,,,,
1.8600,1778839080.457630,155,2.898520,0.074048,0.017128,2.1162,0.0815,0.020425,2.900361,0.092339,0.020022,2.0682,2.913078,0.074840,0.017250,2.0065,0.0425,0.013536,1.210311,0.0000,2.913078,-0.000000,0.000000,5.0000,0.000000,-1.060258,1626.2003,0,1,clay,1.0000,0.500000,0,0,0.000000,0.000000,0.000000,0,nan,0.00,0.000000,0.9987,0.0000,0.000000,1.3080,0.30,6.67,7.27,6.64,0.092339,1.1472,-2.9318,0.008000,0.010248,-0.4392,0.011765,0.043064,0.004982,-393.14043272329053,384.7513187222768,-518.1269955493109,-186.6999579146642,-0.043057,-0.009131,6223.5,6397.0,0.537754,0.503209,0.000000,1.9977,1.0000,,,,,
1.8720,1778839080.469760,156,2.827735,0.062914,0.019016,2.0925,-0.0203,0.019898,2.925286,0.093512,0.020255,2.0851,2.842430,0.063642,0.019137,2.0248,0.0312,0.013408,1.201227,0.0000,2.842430,-0.000000,-0.000000,5.0000,0.000000,-1.058864,1605.2246,0,1,clay,1.0000,0.500000,0,0,0.000000,0.000000,0.000000,0,nan,0.00,0.000000,0.9988,0.0000,0.000000,1.2953,0.30,6.67,7.27,6.64,0.093512,1.1605,-2.9149,0.008000,0.182445,-0.1193,0.022379,0.032545,0.004704,-388.14450819101654,70.14471015154417,-483.1457565808123,-134.93526824736074,-0.035504,-0.002080,6225.8,6394.8,0.533793,0.510047,0.000000,2.0161,1.0000,,,,,
1.8840,1778839080.481511,157,2.956844,0.061232,0.014378,2.0440,0.0427,0.019723,2.950408,0.094727,0.020495,2.1013,2.971568,0.061896,0.014498,2.0301,0.0318,0.013346,1.190627,0.0000,2.971568,-0.000000,0.000000,5.0000,0.000000,-1.061628,1610.2613,0,1,clay,1.0000,0.500000,0,0,0.000000,0.000000,0.000000,0,nan,0.00,0.000000,0.9989,0.0000,0.000000,1.2825,0.30,6.67,7.27,6.68,0.094727,1.1742,-2.8987,0.008000,0.092844,-0.2724,0.002568,0.035566,0.006853,-340.4262039219793,186.7409952175177,-474.1283833634299,-129.12343293440154,-0.035648,-0.002532,6228.5,6392.1,0.529106,0.524297,0.000000,2.0215,1.0000,,,,,
1.8960,1778839080.493632,158,3.018579,0.086236,0.018221,2.1444,-0.0356,0.017108,2.975751,0.095933,0.020713,2.1211,3.033469,0.086858,0.018337,2.0539,0.0202,0.012916,1.187140,0.0000,3.033469,0.000000,0.000000,5.0000,0.000000,-1.072416,1595.4181,0,1,clay,1.0000,0.500000,0,0,0.000000,0.000000,0.000000,0,nan,0.00,0.000000,0.9989,0.0000,0.000000,1.2697,0.30,6.67,7.27,6.67,0.095933,1.1868,-2.8789,0.008000,0.117604,0.4048,0.029908,0.021873,0.008920,-470.9873219983031,343.92834197918006,-436.65384099642745,-84.23827875253775,-0.027626,0.004120,6229.4,6391.2,0.527573,0.498694,0.000000,2.0453,1.0000,,,,,
1.9080,1778839080.505708,159,3.078900,0.060250,0.028140,2.1502,0.0210,0.018383,3.001304,0.097128,0.020935,2.1369,3.093915,0.061016,0.028255,2.0741,0.0196,0.012807,1.174867,0.0000,3.093915,0.000000,0.000000,5.0000,0.000000,-1.078892,1583.0304,0,1,clay,1.0000,0.500000,0,0,0.000000,0.000000,0.000000,0,nan,0.00,0.000000,0.9990,0.0000,0.000000,1.2567,0.30,6.68,7.27,6.74,0.097128,1.1995,-2.8631,0.008000,0.124340,0.9060,0.028790,0.019086,0.005828,-420.64544868909917,322.50021145094513,-424.2236179868539,-77.37236316918597,-0.026767,0.004270,6232.5,6388.1,0.522186,0.496602,0.000000,2.0656,1.0000,,,,,
1.9200,1778839080.517667,160,3.017974,0.111336,0.024633,2.2306,0.0603,0.019461,3.027051,0.098363,0.021168,2.1531,3.033239,0.112103,0.024749,2.1060,0.0252,0.012933,1.163786,0.0000,3.033239,0.000000,0.000000,5.0000,0.000000,-1.078029,1552.5153,0,1,clay,1.0000,0.500000,0,0,0.000000,0.000000,0.000000,0,nan,0.00,0.000000,0.9990,0.0000,0.000000,1.2438,0.30,6.68,7.27,6.67,0.098363,1.2128,-2.8469,0.008000,0.060428,0.5423,0.041663,0.029050,0.009781,-349.8493422504988,214.21512357801845,-440.8775172182949,-105.91030288374108,-0.029683,0.000893,6235.3,6385.3,0.517317,0.481367,0.000000,2.0975,1.0000,,,,,
1.9320,1778839080.529616,161,3.133330,0.046818,0.022217,2.1606,0.0492,0.017451,3.053003,0.099592,0.021373,2.1717,3.148674,0.047569,0.022331,2.1182,0.0280,0.012739,1.160625,0.0000,3.148674,0.000000,0.000000,5.0000,0.000000,-1.088387,1549.3535,0,1,clay,1.0000,0.500000,0,0,0.000000,0.000000,0.000000,0,nan,0.00,0.000000,0.9990,0.0000,0.000000,1.2307,0.29,6.68,7.26,6.68,0.099592,1.2246,-2.8283,0.008000,0.171860,0.3360,0.044409,0.036909,0.012839,-474.34644846337966,342.0843832463964,-448.4851763346103,-123.45050813091459,-0.030857,-0.001059,6236.1,6384.5,0.515916,0.495934,0.000000,2.1097,1.0000,,,,,
1.9440,1778839080.541592,162,3.044972,0.126013,0.016980,2.1172,-0.0211,0.017665,3.079168,0.100854,0.021603,2.1882,3.060334,0.126610,0.017092,2.1195,0.0193,0.012495,1.148944,0.0000,3.060334,0.000000,0.000000,5.0000,0.000000,-1.073519,1543.2548,0,1,clay,1.0000,0.500000,0,0,0.000000,0.000000,0.000000,0,nan,0.00,0.000000,0.9986,0.0000,0.000000,1.2178,0.29,6.67,7.26,6.65,0.100854,1.2378,-2.8118,0.008000,0.114041,-0.1465,0.024835,0.024845,0.006717,-516.8133112992582,233.7504036240353,-401.745599449956,-69.16453606668776,-0.025513,0.003851,6239.0,6381.6,0.510793,0.503962,0.000000,2.1112,1.0000,,,,,
1.9560,1778839080.553660,163,3.157812,0.054361,0.024378,2.2040,0.0130,0.020358,3.105527,0.102154,0.021850,2.2051,3.173286,0.055064,0.024492,2.1374,0.0176,0.012730,1.139882,0.0000,3.173286,0.000000,-0.000000,5.0000,0.000000,-1.074192,1534.5136,0,1,clay,1.0000,0.500000,0,0,0.000000,0.000000,0.000000,0,nan,0.00,0.000000,0.9979,0.0000,0.000000,1.2049,0.29,6.69,7.27,6.77,0.102154,1.2519,-2.7949,0.008000,0.215845,0.1332,0.029301,0.019358,0.014323,-368.8512290228851,141.25231934982855,-390.60902969509965,-55.17954998920438,-0.024534,0.005057,6241.3,6379.2,0.506741,0.486819,0.000000,2.1291,1.0000,,,,,
1.9680,1778839080.565812,164,3.083709,0.085975,0.027209,2.2280,0.1527,0.017559,3.132098,0.103446,0.022071,2.2233,3.099345,0.086891,0.027322,2.1566,0.0382,0.012735,1.136999,0.0000,3.099345,0.000000,0.000000,5.0000,0.000000,-1.072234,1513.7840,0,1,clay,1.0000,0.500000,0,0,0.000000,0.000000,0.000000,0,nan,0.00,0.000000,0.9969,0.0000,0.000000,1.1921,0.29,6.68,7.27,6.65,0.103446,1.2646,-2.7767,0.008000,0.029888,0.4930,0.020704,0.038319,0.010983,-497.64189083436344,265.86899291951715,-463.0667230558278,-161.82845542891897,-0.035878,-0.007014,6242.0,6378.5,0.505476,0.479542,0.000000,2.1483,1.0000,,,,,
1.9800,1778839080.577980,165,3.151938,0.115348,0.018120,2.2689,-0.0170,0.020079,3.158887,0.104737,0.022296,2.2408,3.167727,0.116045,0.018235,2.1798,0.0282,0.012882,1.127348,0.0000,3.167727,0.000000,-0.000000,5.0000,0.000000,-1.076715,1499.7011,0,1,clay,1.0000,0.500000,0,0,0.000000,0.000000,0.000000,0,nan,0.00,0.000000,0.9956,0.0000,0.000000,1.1792,0.29,6.69,7.27,6.73,0.104737,1.2774,-2.7592,0.008000,0.115308,-0.1351,0.026677,0.030066,0.010303,-606.3334556148659,56.93250950822136,-427.5266685004806,-111.26645455196905,-0.029961,-0.001021,6244.5,6376.1,0.501203,0.466727,0.000000,2.1716,1.0000,,,,,
1.9920,1778839080.589728,166,3.202241,0.201933,0.029708,2.1678,0.0583,0.020808,3.185872,0.106116,0.022556,2.2567,3.218022,0.202847,0.029825,2.1790,0.0319,0.013135,1.115303,0.0000,3.218022,0.000000,-0.000000,5.0000,0.000000,-1.068253,1507.3726,0,1,clay,1.0000,0.500000,0,0,0.000000,0.000000,0.000000,0,nan,0.00,0.000000,0.9941,0.0000,0.000000,1.1663,0.29,6.69,7.26,6.67,0.106116,1.2924,-2.7433,0.008000,0.134751,0.7950,0.021672,0.034374,0.010464,-343.47309306761,252.34115393628852,-427.76210683568075,-112.42056761524765,-0.032320,-0.002852,6247.5,6373.0,0.495901,0.493971,0.000000,2.1709,1.0000,,,,,
2.0040,1778839080.601723,167,3.299540,0.133837,0.023463,2.1996,0.0448,0.018663,3.213058,0.107455,0.022780,2.2749,3.315349,0.134658,0.023578,2.1845,0.0328,0.013067,1.112019,0.0000,3.315349,-0.000000,-0.000000,5.0000,0.000000,-1.067784,1505.9208,0,1,clay,1.0000,0.500000,0,0,0.000000,0.000000,0.000000,0,nan,0.00,0.000000,0.9923,0.0000,0.000000,1.1535,0.29,6.69,7.26,6.68,0.107455,1.3052,-2.7251,0.008000,0.072281,0.2196,0.003818,0.042332,0.012632,-498.70906041017435,223.9669205737992,-427.8470977924768,-115.97980249349335,-0.032624,-0.003442,6248.4,6372.2,0.494420,0.485341,0.000000,2.1764,1.0000,,,,,
2.0160,1778839080.613624,168,3.248720,0.217581,0.026402,2.3194,0.0462,0.019367,3.240476,0.108848,0.023027,2.2932,3.264725,0.218462,0.026519,2.2122,0.0338,0.013154,1.113318,0.0000,3.264725,-0.000000,-0.000000,5.0000,0.000000,-1.075890,1483.6717,0,1,clay,1.0000,0.500000,0,0,0.000000,0.000000,0.000000,0,nan,0.00,0.000000,0.9903,0.0000,0.000000,1.1406,0.29,6.69,7.26,6.70,0.108848,1.3194,-2.7068,0.008000,0.155722,-0.1795,0.012503,0.044005,0.013270,-445.8742301475787,173.82327821704487,-440.0464496329292,-133.7780217997101,-0.032745,-0.003893,6248.1,6372.5,0.494992,0.453798,0.000000,2.2041,1.0000,,,,,
2.0280,1778839080.625705,169,3.295544,0.050548,0.024783,2.2911,-0.0607,0.019635,3.268092,0.110284,0.023291,2.3090,3.311688,0.051277,0.024899,2.2290,0.0177,0.013111,1.101822,0.0000,3.311688,-0.000000,-0.000000,5.0000,0.000000,-1.077102,1466.5994,0,1,clay,1.0000,0.500000,0,0,0.000000,0.000000,0.000000,0,nan,0.00,0.000000,0.9881,0.0000,0.000000,1.1277,0.29,6.70,7.27,6.75,0.110284,1.3345,-2.6910,0.008000,0.088194,-0.0722,-0.001427,0.022352,0.014909,-404.055894012203,227.15075089921953,-373.1859712380559,-45.395977890793716,-0.023650,0.005096,6251.0,6369.6,0.489945,0.464782,0.000000,2.2209,1.0000,,,,,
2.0400,1778839080.637632,170,3.364294,0.149113,0.022918,2.3278,0.0161,0.018199,3.295902,0.111649,0.023512,2.3268,3.380631,0.149808,0.023033,2.2497,0.0168,0.012990,1.103706,0.0000,3.380631,-0.000000,-0.000000,5.0000,0.000000,-1.091529,1455.2535,0,1,clay,1.0000,0.500000,0,0,0.000000,0.000000,0.000000,0,nan,0.00,0.000000,0.9856,0.0000,0.000000,1.1146,0.29,6.69,7.27,6.64,0.111649,1.3472,-2.6732,0.008000,0.092106,-0.0394,0.007388,0.020274,0.015435,-553.3283408428017,197.57587094379636,-378.6634194551875,-54.72711245872157,-0.022787,0.005370,6250.5,6370.1,0.490789,0.455305,0.000000,2.2416,1.0000,,,,,
2.0520,1778839080.649843,171,3.325152,0.158447,0.020974,2.4009,0.1027,0.020113,3.323940,0.113077,0.023759,2.3458,3.341714,0.159223,0.021091,2.2805,0.0299,0.013286,1.096050,0.0000,3.341714,-0.000000,-0.000000,5.0000,0.000000,-1.097865,1428.5951,0,1,clay,1.0000,0.500000,0,0,0.000000,0.000000,0.000000,0,nan,0.00,0.000000,0.9829,0.0000,0.000000,1.1014,0.30,6.69,7.28,6.71,0.113077,1.3613,-2.6542,0.008000,0.058314,0.1508,0.038019,0.042820,0.018821,-542.2767522341683,-446.0800457600549,-426.72292651084814,-123.2218255447022,-0.029599,-0.001550,6252.4,6368.2,0.487455,0.434246,0.000000,2.2724,1.0000,,,,,
2.0640,1778839080.661651,172,3.405460,0.042227,0.026542,2.4227,-0.0505,0.022518,3.352186,0.114536,0.024026,2.3621,3.422244,0.042997,0.026663,2.3094,0.0161,0.013663,1.082162,0.0000,3.422244,-0.000000,0.000000,5.0000,0.000000,-1.103625,1404.6854,0,1,clay,1.0000,0.500000,0,0,0.000000,0.000000,0.000000,0,nan,0.00,0.000000,0.9800,0.0000,0.000000,1.0882,0.30,6.68,7.28,6.64,0.114536,1.3766,-2.6379,0.008000,0.028722,0.0445,0.050107,0.025808,0.018670,-449.92684829101375,87.03628936201181,-372.2838594749254,-44.329025036824945,-0.022344,0.006247,6255.9,6364.7,0.481346,0.433324,0.000000,2.3015,1.0000,,,,,
2.0760,1778839080.673603,173,3.355940,0.096899,0.026849,2.3260,0.0056,0.019649,3.380632,0.115925,0.024252,2.3798,3.372744,0.097655,0.026969,2.3141,0.0139,0.013624,1.074925,0.0000,3.372744,-0.000000,-0.000000,5.0000,0.000000,-1.094818,1400.0901,0,1,clay,1.0000,0.500000,0,0,0.000000,0.000000,0.000000,0,nan,0.00,0.000000,0.9769,0.0000,0.000000,1.0750,0.30,6.70,7.30,6.80,0.115925,1.3895,-2.6202,0.008000,0.041206,-0.1001,0.036000,0.012160,0.017315,-679.8961915979106,263.8997793415947,-354.6270331698491,-24.67032338556747,-0.021079,0.007376,6257.7,6362.9,0.478166,0.455138,0.000000,2.3063,1.0000,,,,,
2.0880,1778839080.685625,174,3.502742,0.194445,0.028431,2.4031,-0.0204,0.022603,3.409297,0.117382,0.024511,2.3969,3.519717,0.195190,0.028555,2.3328,0.0079,0.013970,1.068291,0.0000,3.519717,0.000000,0.000000,5.0000,0.000000,-1.100878,1396.8439,0,1,clay,1.0000,0.500000,0,0,0.000000,0.000000,0.000000,0,nan,0.00,0.000000,0.9737,0.0000,0.000000,1.0618,0.30,6.69,7.29,6.65,0.117382,1.4044,-2.6031,0.008000,0.136319,0.5104,0.032425,0.010507,0.019847,-382.44951730487577,-104.98628420379609,-330.4181395067477,11.010900662099374,-0.018163,0.010812,6259.4,6361.2,0.475216,0.436040,0.000000,2.3250,1.0000,,,,,
2.1000,1778839080.697662,175,3.460612,0.137882,0.036059,2.4139,0.1290,0.021487,3.438155,0.118871,0.024781,2.4129,3.477685,0.138916,0.036185,2.3500,0.0270,0.014298,1.060017,0.0000,3.477685,-0.000000,0.000000,5.0000,0.000000,-1.095927,1379.5175,0,1,clay,1.0000,0.500000,0,0,0.000000,0.000000,0.000000,0,nan,0.00,0.000000,0.9702,0.0000,0.000000,1.0487,0.30,6.69,7.29,6.69,0.118871,1.4198,-2.5871,0.008000,0.080787,0.2820,0.051657,0.033852,0.022075,-447.02425699097216,122.07191304546544,-400.97839613997115,-84.06125749317061,-0.028020,0.001033,6261.5,6359.1,0.471579,0.438419,0.000000,2.3422,1.0000,,,,,
2.1120,1778839080.709706,176,3.447186,0.130810,0.027066,2.4404,-0.0555,0.018009,3.467212,0.120300,0.025014,2.4308,3.464413,0.131576,0.027189,2.3689,0.0129,0.013889,1.057260,0.0000,3.464413,-0.000000,0.000000,5.0000,0.000000,-1.098345,1362.1504,0,1,clay,1.0000,0.500000,0,0,0.000000,0.000000,0.000000,0,nan,0.00,0.000000,0.9666,0.0000,0.000000,1.0355,0.30,6.69,7.29,6.66,0.120300,1.4332,-2.5692,0.008000,0.087567,0.1250,0.065459,0.019083,0.024917,-612.1200981705099,349.74635341866235,-347.1717249899795,-18.865140530917486,-0.020219,0.007900,6262.2,6358.4,0.470347,0.430559,0.000000,2.3612,1.0000,,,,,
2.1240,1778839080.721572,177,3.497946,0.193666,0.033583,2.4716,-0.0067,0.023072,3.496474,0.121768,0.025273,2.4462,3.515340,0.194528,0.033709,2.3902,0.0093,0.014299,1.048598,0.0000,3.515340,0.000000,0.000000,5.0000,0.000000,-1.101908,1353.1684,0,1,clay,1.0000,0.500000,0,0,0.000000,0.000000,0.000000,0,nan,0.00,0.000000,0.9629,0.0000,0.000000,1.0223,0.30,6.71,7.32,6.81,0.121768,1.4480,-2.5538,0.008000,0.038154,0.3294,0.059019,0.012065,0.023645,-481.31235569749845,0.5060371755939741,-331.7456103638415,6.130343642648171,-0.018600,0.010062,6264.4,6356.2,0.466533,0.424307,0.000000,2.3826,1.0000,,,,,
2.1360,1778839080.733763,178,3.629760,0.167146,0.030026,2.4095,0.0957,0.021555,3.525914,0.123247,0.025538,2.4614,3.647223,0.168060,0.030154,2.3954,0.0228,0.014515,1.040695,0.0000,3.647223,0.000000,0.000000,5.0000,0.000000,-1.106589,1355.5868,0,1,clay,1.0000,0.500000,0,0,0.000000,0.000000,0.000000,0,nan,0.00,0.000000,0.9589,0.0000,0.000000,1.0090,0.30,6.69,7.30,6.63,0.123247,1.4632,-2.5386,0.008000,0.142944,0.2186,0.048631,0.039810,0.028914,-576.2790768351904,84.81303666806639,-377.62387759915185,-55.32725999746355,-0.025500,0.003330,6266.4,6354.2,0.463062,0.443624,0.000000,2.3878,1.0000,,,,,
2.1480,1778839080.745587,179,3.652266,0.212751,0.024012,2.4306,0.0252,0.024005,3.555537,0.124695,0.025798,2.4765,3.669759,0.213562,0.024144,2.4036,0.0224,0.014962,1.032116,0.0000,3.669759,0.000000,-0.000000,5.0000,0.000000,-1.101342,1354.1577,0,1,clay,1.0000,0.500000,0,0,0.000000,0.000000,0.000000,0,nan,0.00,0.000000,0.9549,0.0000,0.000000,0.9958,0.30,6.69,7.29,6.66,0.124695,1.4781,-2.5235,0.008000,0.071510,-0.0183,0.036015,0.043231,0.033750,-729.8452852314282,-317.1074051785067,-372.173049977339,-40.9373948025668,-0.025619,0.003952,6268.5,6352.0,0.459282,0.436702,0.000000,2.3961,1.0000,,,,,
2.1600,1778839080.757847,180,3.561683,0.007945,0.021073,2.4488,0.1151,0.025274,3.585340,0.126183,0.026082,2.4920,3.579266,0.008828,0.021210,2.4138,0.0365,0.015591,1.023286,0.0000,3.579266,0.000000,0.000000,5.0000,0.000000,-1.087387,1333.5713,0,1,clay,1.0000,0.500000,0,0,0.000000,0.000000,0.000000,0,nan,0.00,0.000000,0.9506,0.0000,0.000000,0.9827,0.31,6.68,7.30,6.65,0.126183,1.4944,-2.5080,0.008000,0.161356,-0.0772,0.016212,0.046630,0.026442,-500.4346770265825,13.35872311476254,-421.367627295704,-103.1942158099164,-0.033061,-0.002609,6270.8,6349.8,0.455369,0.435243,0.000000,2.4063,1.0000,,,,,
2.1720,1778839080.769607,181,3.557715,0.162964,0.033246,2.5196,-0.0026,0.023148,3.615329,0.127652,0.026352,2.5082,3.575407,0.164006,0.033383,2.4357,0.0291,0.015726,1.022167,0.0000,3.575407,0.000000,0.000000,5.0000,0.000000,-1.088378,1322.1677,0,1,clay,1.0000,0.500000,0,0,0.000000,0.000000,0.000000,0,nan,0.00,0.000000,0.9463,0.0000,0.000000,0.9697,0.30,6.69,7.29,6.73,0.127652,1.5099,-2.4918,0.008000,0.145542,0.2989,0.010544,0.044009,0.027715,-650.1422684590356,54.525259526007005,-399.060781229963,-70.38669195159315,-0.029154,0.001276,6271.1,6349.5,0.454822,0.417625,0.000000,2.4282,1.0000,,,,,
2.1840,1778839080.781528,182,3.685250,0.208100,0.028728,2.5221,0.0837,0.024356,3.645532,0.129123,0.026631,2.5256,3.703079,0.209133,0.028868,2.4539,0.0369,0.016088,1.022430,0.0000,3.703079,0.000000,-0.000000,5.0000,0.000000,-1.107039,1320.7995,0,1,clay,1.0000,0.500000,0,0,0.000000,0.000000,0.000000,0,nan,0.00,0.000000,0.9419,0.0000,0.000000,0.9564,0.30,6.69,7.29,6.72,0.129123,1.5258,-2.4744,0.008000,0.129379,0.0227,0.024763,0.057134,0.031146,-507.8836027724835,-480.2866197807154,-431.94852727614557,-117.14995693615691,-0.033023,-0.002308,6271.0,6349.5,0.454942,0.414615,0.000000,2.4464,1.0000,,,,,
2.1960,1778839080.793784,183,3.694928,0.147005,0.016742,2.5778,0.0223,0.026666,3.675920,0.130625,0.026944,2.5408,3.712967,0.147807,0.016887,2.4792,0.0334,0.016642,1.014450,0.0000,3.712967,0.000000,-0.000000,5.0000,0.000000,-1.116378,1301.5348,0,1,clay,1.0000,0.500000,0,0,0.000000,0.000000,0.000000,0,nan,0.00,0.000000,0.9373,0.0000,0.000000,0.9430,0.30,6.69,7.29,6.69,0.130625,1.5438,-2.4592,0.008000,0.081851,-0.7569,0.032168,0.056353,0.033192,-525.551104924285,-170.66392036929534,-422.82331018382064,-95.15499924303779,-0.031426,-0.000017,6273.0,6347.6,0.451481,0.405125,0.000000,2.4718,1.0000,,,,,
2.2080,1778839080.805684,184,3.622968,0.150449,0.032175,2.5511,-0.0912,0.024337,3.706521,0.132131,0.027247,2.5596,3.641096,0.151364,0.032320,2.4946,0.0122,0.016644,1.013146,0.0000,3.641096,0.000000,0.000000,5.0000,0.000000,-1.121516,1286.2209,0,1,clay,1.0000,0.500000,0,0,0.000000,0.000000,0.000000,0,nan,0.00,0.000000,0.9326,0.0000,0.000000,0.9295,0.30,6.69,7.28,6.65,0.132131,1.5612,-2.4404,0.008000,0.089454,-0.3117,0.031213,0.021037,0.032297,-577.0256209713679,102.2441858741355,-349.2742443794783,13.347359117669825,-0.021110,0.010322,6273.3,6347.2,0.450932,0.406965,0.000000,2.4872,1.0000,,,,,
2.2200,1778839080.817614,185,3.754183,0.217201,0.028603,2.6162,0.0117,0.028590,3.737325,0.133667,0.027577,2.5759,3.772487,0.218062,0.028754,2.5195,0.0117,0.017369,1.008966,0.0000,3.772487,-0.000000,-0.000000,5.0000,0.000000,-1.141345,1285.5818,0,1,clay,1.0000,0.500000,0,0,0.000000,0.000000,0.000000,0,nan,0.00,0.000000,0.9277,0.0000,0.000000,0.9158,0.30,6.69,7.29,6.71,0.133667,1.5800,-2.4241,0.008000,0.092531,0.0014,0.037467,0.026694,0.033867,-453.323114828289,-129.83250999550322,-356.3258179653991,15.580936093359185,-0.021264,0.011106,6274.4,6346.2,0.449102,0.392669,0.000000,2.5121,1.0000,,,,,
2.2320,1778839080.829602,186,3.690642,0.120170,0.033498,2.6297,0.0696,0.027824,3.768331,0.135241,0.027923,2.5932,3.709104,0.121204,0.033653,2.5422,0.0207,0.017920,1.003267,0.0000,3.709104,0.000000,-0.000000,5.0000,0.000000,-1.150086,1261.4489,0,1,clay,1.0000,0.500000,0,0,0.000000,0.000000,0.000000,0,nan,0.00,0.000000,0.9228,0.0000,0.000000,0.9020,0.30,6.70,7.29,6.74,0.135241,1.5999,-2.4068,0.008000,0.106640,-0.0941,0.039780,0.041097,0.037154,-521.7603321449722,152.06984686767274,-392.2270335739636,-31.043553696096225,-0.025693,0.007189,6275.8,6344.8,0.446649,0.388970,0.000000,2.5349,1.0000,,,,,
2.2440,1778839080.841624,187,3.794830,0.112503,0.028425,2.6264,-0.0162,0.026465,3.799551,0.136751,0.028242,2.6107,3.813444,0.113397,0.028582,2.5599,0.0140,0.018077,1.000667,0.0000,3.813444,-0.000000,-0.000000,5.0000,0.000000,-1.167483,1260.1079,0,1,clay,1.0000,0.500000,0,0,0.000000,0.000000,0.000000,0,nan,0.00,0.000000,0.9177,0.0000,0.000000,0.8880,0.30,6.70,7.29,6.70,0.136751,1.6181,-2.3893,0.008000,0.113718,-0.1822,0.053113,0.026859,0.037210,-653.5363864046009,116.31367220639385,-371.53599644400856,0.9651020876579111,-0.022545,0.010415,6276.4,6344.1,0.445533,0.385686,0.000000,2.5526,1.0000,,,,,
2.2560,1778839080.853684,188,3.900939,0.102308,0.037368,2.5951,0.0723,0.025404,3.830972,0.138198,0.028549,2.6283,3.919614,0.103443,0.037525,2.5681,0.0230,0.018144,0.990457,0.0000,3.919614,-0.000000,0.000000,5.0000,0.000000,-1.177532,1264.7786,0,1,clay,1.0000,0.500000,0,0,0.000000,0.000000,0.000000,0,nan,0.00,0.000000,0.9126,0.0000,0.000000,0.8739,0.30,6.69,7.28,6.63,0.138198,1.6357,-2.3717,0.008000,0.121937,0.6720,0.053993,0.037170,0.036827,-750.7286223411146,-46.214506114862445,-394.30789799255626,-35.477537218322524,-0.026641,0.006191,6279.0,6341.6,0.441083,0.394175,0.000000,2.5608,1.0000,,,,,
2.2680,1778839080.865599,189,3.857344,0.094924,0.030734,2.5790,0.0164,0.023876,3.862595,0.139648,0.028836,2.6443,3.876023,0.095917,0.030889,2.5716,0.0212,0.017931,0.989794,0.0000,3.876023,-0.000000,-0.000000,5.0000,0.000000,-1.175818,1259.2818,0,1,clay,1.0000,0.500000,0,0,0.000000,0.000000,0.000000,0,nan,0.00,0.000000,0.9073,0.0000,0.000000,0.8598,0.30,6.68,7.28,6.65,0.139648,1.6522,-2.3557,0.008000,0.083492,0.4564,0.048254,0.024221,0.031615,-467.1790930409063,219.0491399470351,-386.2793505713805,-28.689332221246218,-0.025563,0.006828,6279.1,6341.4,0.440817,0.397522,0.000000,2.5644,1.0000,,,,,
2.2800,1778839080.877575,190,3.975976,0.173274,0.028479,2.6897,0.0315,0.027049,3.894417,0.141133,0.029149,2.6609,3.994823,0.174242,0.028637,2.5958,0.0222,0.018257,0.985040,0.0000,3.994823,-0.000000,0.000000,5.0000,0.000000,-1.194766,1260.3271,0,1,clay,1.0000,0.500000,0,0,0.000000,0.000000,0.000000,0,nan,0.00,0.000000,0.9019,0.0000,0.000000,0.8454,0.30,6.68,7.27,6.66,0.141133,1.6701,-2.3391,0.008000,0.157300,-0.3711,0.050728,0.053003,0.060607,-429.14058054989675,53.20227749472933,-394.19981582788256,-37.52550048951955,-0.025998,0.006556,6280.3,6340.2,0.438710,0.371518,0.000000,2.5886,1.0000,,,,,
2.2920,1778839080.889627,191,3.947363,0.132385,0.028664,2.7233,0.0384,0.027131,3.926452,0.142626,0.029469,2.6786,3.966383,0.133379,0.028824,2.6219,0.0242,0.018557,0.988596,0.0000,3.966383,-0.000000,0.000000,5.0000,0.000000,-1.214986,1242.9334,0,1,clay,1.0000,0.500000,0,0,0.000000,0.000000,0.000000,0,nan,0.00,0.000000,0.8964,0.0000,0.000000,0.8309,0.30,6.68,7.28,6.71,0.142626,1.6885,-2.3214,0.008000,0.090031,-0.1039,0.058595,0.031116,0.036316,-586.0442039490844,101.88978688338942,-411.81431764439117,-64.90639366161838,-0.026795,0.005826,6279.4,6341.2,0.440338,0.361236,0.000000,2.6147,1.0000,,,,,
2.3040,1778839080.901654,192,3.898798,0.147050,0.033467,2.7352,0.0380,0.022742,3.958701,0.144080,0.029756,2.6958,3.917984,0.148147,0.033623,2.6452,0.0257,0.018193,0.983412,0.0000,3.917984,-0.000000,0.000000,5.0000,0.000000,-1.227055,1226.8900,0,1,clay,1.0000,0.500000,0,0,0.000000,0.000000,0.000000,0,nan,0.00,0.000000,0.8908,0.0000,0.000000,0.8161,0.29,6.68,7.27,6.66,0.144080,1.7049,-2.3042,0.008000,0.062815,0.8546,0.057316,0.034009,0.036876,-481.31350149004186,51.98515198182967,-413.0762270878464,-80.91928945413974,-0.026866,0.004717,6280.7,6339.9,0.438114,0.358349,0.000000,2.6380,1.0000,,,,,
2.3160,1778839080.913502,193,3.998873,0.092359,0.017326,2.7694,0.0563,0.025109,3.991164,0.145552,0.030067,2.7132,4.018239,0.093183,0.017483,2.6706,0.0299,0.018265,0.982769,0.0000,4.018239,0.000000,0.000000,5.0000,0.000000,-1.255199,1222.8684,0,1,clay,1.0000,0.500000,0,0,0.000000,0.000000,0.000000,0,nan,0.00,0.000000,0.8851,0.0000,0.000000,0.8011,0.29,6.68,7.27,6.69,0.145552,1.7227,-2.2868,0.008000,0.129671,-0.9544,0.067545,0.049624,0.038498,-402.73505230595794,-51.335168965869784,-431.60527663346124,-115.37166045513871,-0.028455,0.002795,6280.8,6339.7,0.437865,0.351713,0.000000,2.6634,1.0000,,,,,
2.3280,1778839080.925794,194,4.053997,0.186172,0.024826,2.7738,-0.1120,0.020969,4.023831,0.147015,0.030351,2.7318,4.073521,0.186945,0.024978,2.6920,0.0058,0.017563,0.979360,0.0000,4.073521,0.000000,0.000000,5.0000,0.000000,-1.281444,1223.2266,0,1,clay,1.0000,0.500000,0,0,0.000000,0.000000,0.000000,0,nan,0.00,0.000000,0.8792,0.0000,0.000000,0.7857,0.29,6.68,7.27,6.68,0.147015,1.7390,-2.2682,0.008000,0.052346,-0.3246,0.064397,0.023370,0.040216,-413.2583560344113,191.58306269590219,-352.6574973156921,-4.153834972023219,-0.017105,0.012891,6281.6,6338.9,0.436451,0.349796,0.000000,2.6848,1.0000,,,,,
2.3400,1778839080.937663,195,3.994783,0.102285,0.030576,2.7682,-0.0333,0.026151,4.056707,0.148505,0.030655,2.7486,4.014411,0.103125,0.030730,2.7080,-0.0008,0.017803,0.970830,0.0000,4.014411,0.000000,0.000000,5.0000,0.000000,-1.286452,1206.7228,0,1,clay,1.0000,0.500000,0,0,0.000000,0.000000,0.000000,0,nan,0.00,0.000000,0.8733,0.0000,0.000000,0.7703,0.29,6.68,7.26,6.66,0.148505,1.7564,-2.2514,0.008000,0.045368,-0.2790,0.058397,0.009928,0.039053,-255.53909924221475,89.87788803110712,-326.33753330783276,37.13187159938684,-0.014310,0.015923,6283.7,6336.8,0.432767,0.351972,0.000000,2.7009,1.0000,,,,,
2.3520,1778839080.949856,196,4.095985,0.097009,0.038617,2.7470,-0.0286,0.025074,4.089791,0.150008,0.030954,2.7668,4.115708,0.097976,0.038770,2.7170,-0.0054,0.017830,0.970643,0.0000,4.115708,0.000000,0.000000,5.0000,0.000000,-1.305090,1215.0232,0,1,clay,1.0000,0.500000,0,0,0.000000,0.000000,0.000000,0,nan,0.00,0.000000,0.8672,0.0000,0.000000,0.7546,0.30,6.69,7.28,6.73,0.150008,1.7735,-2.2332,0.008000,0.038720,0.4714,0.049867,0.005291,0.037121,-327.52382595140585,201.43061340910896,-312.0876443515026,56.77832543049834,-0.012310,0.017904,6283.8,6336.8,0.432708,0.355678,0.000000,2.7099,1.0000,,,,,
2.3640,1778839080.961654,197,4.191020,0.143790,0.034343,2.7104,-0.0297,0.022970,4.123083,0.151522,0.031242,2.7836,4.210754,0.144639,0.034494,2.7170,-0.0092,0.017549,0.966730,0.0000,4.210754,0.000000,-0.000000,5.0000,0.000000,-1.319856,1228.0673,0,1,clay,1.0000,0.500000,0,0,0.000000,0.000000,0.000000,0,nan,0.00,0.000000,0.8611,0.0000,0.000000,0.7388,0.30,6.68,7.28,6.67,0.151522,1.7901,-2.2164,0.008000,0.029501,-0.2863,0.042838,-0.003881,0.036309,-254.15119058882402,246.72786637929647,-288.60421511053363,81.52176391587984,-0.010420,0.019361,6284.7,6335.8,0.431041,0.365339,0.000000,2.7100,1.0000,,,,,
2.3760,1778839080.974072,198,4.226689,0.160096,0.026317,2.8479,0.0450,0.023673,4.156592,0.153097,0.031553,2.8022,4.246639,0.160863,0.026468,2.7437,-0.0001,0.017551,0.960000,0.0000,4.246639,0.000000,-0.000000,5.0000,0.000000,-1.336322,1222.7435,0,1,clay,1.0000,0.500000,0,0,0.000000,0.000000,0.000000,0,nan,0.00,0.000000,0.8548,0.0000,0.000000,0.7227,0.30,6.68,7.28,6.66,0.153097,1.8079,-2.1978,0.008000,0.106964,-0.3647,0.066093,0.007331,0.036013,-192.71512905160785,281.17855822345194,-325.1138706575175,27.26318164725555,-0.014171,0.015141,6286.4,6334.2,0.428121,0.331785,0.000000,2.7367,1.0000,,,,,
2.3880,1778839080.985681,199,4.167382,0.156767,0.034589,2.7541,-0.0327,0.025194,4.190310,0.154684,0.031850,2.8200,4.187318,0.157658,0.034741,2.7471,-0.0055,0.017659,0.961247,0.0000,4.187318,0.000000,-0.000000,5.0000,0.000000,-1.339842,1214.5845,0,1,clay,1.0000,0.500000,0,0,0.000000,0.000000,0.000000,0,nan,0.00,0.000000,0.8484,0.0000,0.000000,0.7066,0.30,6.68,7.27,6.66,0.154684,1.8249,-2.1800,0.008000,0.091784,0.2364,0.045708,0.004170,0.040813,-228.0268147670439,304.03942204635086,-308.8574506784102,52.40108624210474,-0.011936,0.017549,6286.1,6334.5,0.428717,0.355336,0.000000,2.7400,1.0000,,,,,
2.4000,1778839080.997613,200,4.252090,0.128648,0.035143,2.8545,0.0945,0.025644,4.224246,0.156269,0.032143,2.8379,4.272158,0.129688,0.035297,2.7691,0.0110,0.017981,0.947952,0.0000,4.272158,-0.000000,-0.000000,5.0000,0.000000,-1.351580,1216.3360,0,1,clay,1.0000,0.500000,0,0,0.000000,0.000000,0.000000,0,nan,0.00,0.000000,0.8419,0.0000,0.000000,0.6904,0.29,6.69,7.28,6.76,0.156269,1.8417,-2.1621,0.008000,0.029622,0.2558,0.041421,0.021518,0.039877,-238.15295418238748,265.41391731921544,-362.00219254166626,-23.453261825463173,-0.019031,0.010490,6289.4,6331.1,0.422854,0.331690,0.000000,2.7622,1.0000,,,,,
2.4120,1778839081.009647,201,4.270027,0.131590,0.032116,2.7946,-0.0148,0.021777,4.258394,0.157893,0.032427,2.8550,4.290172,0.132530,0.032266,2.7754,0.0064,0.017547,0.945926,0.0000,4.290172,-0.000000,-0.000000,5.0000,0.000000,-1.359294,1216.6744,0,1,clay,1.0000,0.500000,0,0,0.000000,0.000000,0.000000,0,nan,0.00,0.000000,0.8353,0.0000,0.000000,0.6741,0.29,6.69,7.27,6.68,0.157893,1.8579,-2.1450,0.008000,0.093120,-0.1906,0.024924,0.014332,0.038693,-162.5947469232035,368.37046111564985,-341.07427185801384,-3.135544978779677,-0.016704,0.012076,6289.9,6330.6,0.422003,0.345032,0.000000,2.7685,1.0000,,,,,
2.4240,1778839081.021628,202,4.302500,0.159204,0.041826,2.9006,0.0291,0.021656,4.292750,0.159501,0.032692,2.8724,4.322832,0.160372,0.041974,2.8009,0.0099,0.017269,0.942743,0.0000,4.322832,-0.000000,-0.000000,5.0000,0.000000,-1.378859,1215.4249,0,1,clay,1.0000,0.500000,0,0,0.000000,0.000000,0.000000,0,nan,0.00,0.000000,0.8287,0.0000,0.000000,0.6576,0.30,6.68,7.27,6.65,0.159501,1.8731,-2.1276,0.008000,0.058264,1.2901,0.025134,0.014446,0.036295,-202.89308256180357,299.6329526776208,-356.0255945151666,-35.047174159285426,-0.017754,0.010196,6290.7,6329.9,0.420624,0.320254,0.000000,2.7940,1.0000,,,,,
2.4360,1778839081.033636,203,4.303374,0.166740,0.034652,2.9918,-0.0077,0.023053,4.327321,0.161140,0.032957,2.8900,4.323979,0.167744,0.034799,2.8392,0.0067,0.017241,0.942076,0.0000,4.323979,-0.000000,-0.000000,5.0000,0.000000,-1.409000,1207.4581,0,1,clay,1.0000,0.500000,0,0,0.000000,0.000000,0.000000,0,nan,0.00,0.000000,0.8219,0.0000,0.000000,0.6407,0.30,7.06,7.65,9.19,0.161140,1.8883,-2.1100,0.008000,0.049583,0.4537,0.042413,0.033713,0.051242,-201.42125282638852,333.5093992323378,-357.0844034267117,-41.671800232751224,-0.016111,0.011327,6290.8,6329.7,0.420390,0.297900,0.000000,2.8323,1.0000,,,,,
2.4480,1778839081.045870,204,4.352833,0.159502,0.031966,2.8986,-0.0297,0.019495,4.362103,0.162753,0.033200,2.9076,4.374638,0.160443,0.032114,2.8523,0.0005,0.016380,0.930858,0.0000,4.374638,-0.000000,-0.000000,5.0000,0.000000,-1.427136,1213.3507,0,1,clay,1.0000,0.500000,0,0,0.000000,0.000000,0.000000,0,nan,0.00,0.000000,0.8150,0.0000,0.000000,0.6235,0.30,7.40,8.01,9.37,0.162753,1.9022,-2.0924,0.008000,0.081516,-0.0312,0.040027,0.023939,0.043557,-274.28025355515524,315.95821617954357,-321.11420984722986,-4.077130760469558,-0.013027,0.013380,6293.5,6327.1,0.415774,0.319125,0.000000,2.8451,1.0000,,,,,
2.4600,1778839081.057650,205,4.347346,0.173297,0.034802,2.8922,-0.0494,0.020784,4.397090,0.164385,0.033443,2.9260,4.370208,0.174270,0.034953,2.8617,-0.0077,0.015832,0.930874,0.0000,4.370208,-0.000000,-0.000000,5.0000,0.000000,-1.440820,1212.2589,0,1,clay,1.0000,0.500000,0,0,0.000000,0.000000,0.000000,0,nan,0.00,0.000000,0.8080,0.0000,0.000000,0.6062,0.30,7.77,8.38,9.87,0.164385,1.9161,-2.0740,0.008000,0.074050,-0.3295,0.040229,0.013669,0.040765,-172.49264526876706,341.2921028985449,-292.5997818581311,29.21042892645835,-0.009368,0.016513,6293.3,6327.2,0.416060,0.321478,0.000000,2.8542,1.0000,,,,,
2.4720,1778839081.069605,206,4.386320,0.181038,0.036400,2.9823,0.0217,0.017987,4.432275,0.166030,0.033666,2.9404,4.410429,0.182135,0.036551,2.8868,-0.0027,0.015072,0.922589,0.0000,4.410429,-0.000000,0.000000,5.0000,0.000000,-1.461668,1217.8188,0,1,clay,1.0000,0.500000,0,0,0.000000,0.000000,0.000000,0,nan,0.00,0.000000,0.8009,0.0000,0.000000,0.5887,0.30,8.06,8.66,9.69,0.166030,1.9289,-2.0596,0.008000,0.099137,0.0086,0.065314,0.023816,0.042928,-277.31282222062873,333.92738596807396,-305.9022759709077,-4.906534518521838,-0.010877,0.013808,6295.3,6325.3,0.412682,0.299851,0.000000,2.8790,1.0000,,,,,
2.4840,1778839081.081685,207,4.450328,0.146858,0.027057,2.9946,0.0339,0.018514,4.467682,0.167659,0.033890,2.9599,4.475475,0.147814,0.027209,2.9094,0.0032,0.014567,0.914295,0.0000,4.475475,-0.000000,0.000000,5.0000,0.000000,-1.487576,1227.6325,0,1,clay,1.0000,0.500000,0,0,0.000000,0.000000,0.000000,0,nan,0.00,0.000000,0.7936,0.0000,0.000000,0.5709,0.30,8.30,8.90,9.68,0.167659,1.9417,-2.0401,0.008000,0.074409,-0.0668,0.061705,0.025929,0.041541,-296.5235106788832,215.2326353791367,-323.8553757669348,-40.96400446201865,-0.012929,0.010903,6297.2,6323.4,0.409285,0.296988,0.000000,2.9014,1.0000,,,,,
2.4960,1778839081.093713,208,4.444462,0.199049,0.036383,3.0655,-0.1274,0.021399,4.503289,0.169351,0.034131,2.9769,4.470620,0.200078,0.036539,2.9413,-0.0179,0.014382,0.909003,0.0000,4.470620,-0.000000,0.000000,5.0000,0.000000,-1.515702,1229.1627,0,1,clay,1.0000,0.500000,0,0,0.000000,0.000000,0.000000,0,nan,0.00,0.000000,0.7863,0.0000,0.000000,0.5527,0.30,8.52,9.13,9.75,0.169351,1.9556,-2.0231,0.008000,0.034259,-0.0071,0.089974,0.004146,0.043456,-329.4766513058264,136.60416175438374,-246.3208022867185,60.72712894455785,-0.004160,0.019512,6298.4,6322.2,0.407212,0.282232,0.000000,2.9332,1.0000,,,,,
2.5080,1778839081.105761,209,4.420593,0.139596,0.037270,3.0037,-0.0739,0.019221,4.539120,0.171005,0.034343,2.9957,4.447645,0.140593,0.037427,2.9551,-0.0262,0.013948,0.901297,0.0000,4.447645,-0.000000,0.000000,5.0000,0.000000,-1.526866,1221.5262,0,1,clay,1.0000,0.500000,0,0,0.000000,0.000000,0.000000,0,nan,0.00,0.000000,0.7789,0.0000,0.000000,0.5343,0.33,8.39,9.04,7.64,0.171005,1.9677,-2.0043,0.008000,0.128209,0.0100,0.082907,-0.016276,0.039819,-243.1279128788065,77.79158012566484,-200.0152278109797,108.47061621196531,-0.000496,0.022673,6300.2,6320.4,0.404095,0.297676,0.000000,2.9468,1.0000,,,,,
2.5200,1778839081.117772,210,4.553834,0.203716,0.027704,3.0381,0.0998,0.019157,4.575177,0.172754,0.034586,3.0157,4.580750,0.204658,0.027858,2.9727,-0.0053,0.013990,0.900551,0.0000,4.580750,0.000000,0.000000,5.0000,0.000000,-1.567758,1257.2994,0,1,clay,1.0000,0.500000,0,0,0.000000,0.000000,0.000000,0,nan,0.00,0.000000,0.7713,0.0000,0.000000,0.5155,0.34,8.31,9.00,7.89,0.172754,1.9816,-1.9843,0.008000,0.060388,-0.3619,0.094521,0.011586,0.040757,-275.38161316465573,545.8742068747858,-295.98285350844424,-16.933002346881352,-0.008905,0.013800,6300.4,6320.2,0.403743,0.288535,0.000000,2.9645,1.0000,,,,,
2.5320,1778839081.129796,211,4.543342,0.212248,0.036213,3.0489,0.0235,0.018914,4.611488,0.174452,0.034807,3.0365,4.570270,0.213464,0.036365,2.9891,-0.0005,0.013881,0.904366,0.0000,4.570270,0.000000,0.000000,5.0000,0.000000,-1.601125,1258.8270,0,1,clay,1.0000,0.500000,0,0,0.000000,0.000000,0.000000,0,nan,0.00,0.000000,0.7636,0.0000,0.000000,0.4963,0.36,8.18,8.90,7.45,0.174452,1.9943,-1.9635,0.008000,0.069502,-0.4290,0.085636,0.017481,0.042772,-430.51472283532684,556.4553663906297,-324.5758335347174,-61.50975968380122,-0.010621,0.011644,6299.3,6321.2,0.405562,0.285307,0.000000,2.9808,1.0000,,,,,
2.5440,1778839081.141821,212,4.609007,0.256931,0.037240,3.1216,-0.0303,0.016338,4.648015,0.176160,0.035008,3.0540,4.635884,0.258114,0.037385,3.0162,-0.0054,0.013443,0.901549,0.0000,4.635884,0.000000,0.000000,5.0000,0.000000,-1.648076,1284.0149,0,1,clay,1.0000,0.500000,0,0,0.000000,0.000000,0.000000,0,nan,0.00,0.000000,0.7558,0.0000,0.000000,0.4765,0.37,8.12,8.86,7.72,0.176160,2.0058,-1.9460,0.008000,0.075958,0.0411,0.074683,0.014028,0.043712,-333.14301600718255,436.6037829490693,-309.61633494189937,-53.8115574470108,-0.008213,0.013051,6300.0,6320.5,0.404381,0.272925,0.000000,3.0081,1.0000,,,,,
2.5560,1778839081.153827,213,4.755048,0.192501,0.031038,3.0361,-0.0021,0.014186,4.684774,0.177858,0.035172,3.0732,4.781851,0.193508,0.031175,3.0216,-0.0047,0.012779,0.900413,0.0000,4.781851,-0.000000,-0.000000,5.0000,0.000000,-1.701950,1322.5062,0,1,clay,1.0000,0.500000,0,0,0.000000,0.000000,0.000000,0,nan,0.00,0.000000,0.7479,0.0000,0.000000,0.4561,0.39,8.06,8.84,7.78,0.177858,2.0152,-1.9268,0.008000,0.097575,-0.1555,0.068098,0.017405,0.042901,-378.84719080018647,187.96358015064968,-307.4298662104016,-66.10145163639925,-0.007925,0.012201,6300.2,6320.3,0.404034,0.295639,0.000000,3.0135,1.0000,,,,,
2.5680,1778839081.165700,214,4.727962,0.201510,0.027976,3.1354,-0.0222,0.013895,4.721709,0.179604,0.035337,3.0858,4.754905,0.202402,0.028106,3.0449,-0.0074,0.012203,0.876702,0.0000,4.754905,-0.000000,-0.000000,5.0000,0.000000,-1.715760,1320.1675,0,1,clay,1.0000,0.500000,0,0,0.000000,0.000000,0.000000,0,nan,0.00,0.000000,0.7398,0.0000,0.000000,0.4355,0.40,8.01,8.81,7.71,0.179604,2.0247,-1.9142,0.008000,0.073455,-0.4905,0.082266,0.019654,0.044687,-260.7318919713713,180.19221918951516,-267.9792264828394,-31.102075480227,-0.006336,0.012692,6306.1,6314.4,0.393758,0.275067,0.000000,3.0371,1.0000,,,,,
2.5800,1778839081.177845,215,4.789533,0.188547,0.027775,3.0117,0.0033,0.014134,4.758848,0.181377,0.035508,3.1035,4.816323,0.189441,0.027900,3.0399,-0.0055,0.011770,0.861347,0.0000,4.816323,-0.000000,-0.000000,5.0000,0.000000,-1.715045,1335.2371,0,1,clay,1.0000,0.500000,0,0,0.000000,0.000000,0.000000,0,nan,0.00,0.000000,0.7315,0.0000,0.000000,0.4149,0.41,7.98,8.80,7.82,0.181377,2.0345,-1.8965,0.008000,0.090912,-0.5892,0.053124,0.019820,0.044298,-374.3376308896885,65.98897395924851,-248.3796032046253,-16.32898536684519,-0.006763,0.011587,6310.0,6310.6,0.387005,0.305978,0.000000,3.0322,1.0000,,,,,
2.5920,1778839081.189797,216,4.720216,0.167820,0.037766,3.1386,0.0386,0.011572,4.796134,0.183143,0.035670,3.1151,4.747164,0.169046,0.037884,3.0603,0.0018,0.011132,0.847242,0.0000,4.747164,0.000000,-0.000000,5.0000,0.000000,-1.701540,1320.0088,0,1,clay,1.0000,0.500000,0,0,0.000000,0.000000,0.000000,0,nan,0.00,0.000000,0.7232,0.0000,0.000000,0.3945,0.42,7.95,8.79,7.75,0.183143,2.0437,-1.8849,0.008000,0.046910,0.5214,0.051976,0.023817,0.041404,-251.68831361541783,75.56366487181802,-263.71763603097963,-51.34694510310068,-0.009035,0.008086,6313.6,6307.0,0.380771,0.281968,0.000000,3.0528,1.0000,,,,,
2.6040,1778839081.201844,217,4.795431,0.232153,0.037290,3.0542,0.0408,0.014225,4.833593,0.184937,0.035842,3.1296,4.822311,0.233420,0.037406,3.0605,0.0080,0.010967,0.841971,0.0000,4.822311,-0.000000,-0.000000,5.0000,0.000000,-1.704824,1346.1608,0,1,clay,1.0000,0.500000,0,0,0.000000,0.000000,0.000000,0,nan,0.00,0.000000,0.7147,0.0000,0.000000,0.3741,0.43,7.92,8.77,7.73,0.184937,2.0536,-1.8704,0.008000,0.037181,-0.0394,0.020840,0.046919,0.049519,-335.7339281843445,-41.53695236947997,-283.56300958188564,-78.92204790912086,-0.011307,0.005476,6314.9,6305.6,0.378375,0.300166,0.000000,3.0531,1.0000,,,,,
2.6160,1778839081.213849,218,4.884464,0.136292,0.041403,3.0950,0.0846,0.011734,4.871189,0.186751,0.036034,3.1385,4.911383,0.137780,0.041513,3.0685,0.0201,0.010548,0.822699,0.0000,4.911383,-0.000000,0.000000,5.0000,0.000000,-1.709831,1372.0934,0,1,clay,1.0000,0.500000,0,0,0.000000,0.000000,0.000000,0,nan,0.00,0.000000,0.7061,0.0000,0.000000,0.3536,0.44,7.82,8.70,7.28,0.186751,2.0646,-1.8615,0.008000,0.142289,0.1479,0.015904,0.065499,0.049063,-205.9186578689329,-11.342470318222148,-316.09052396147536,-125.13825303394539,-0.015626,0.000322,6319.8,6300.7,0.369873,0.296567,0.000000,3.0612,1.0000,,,,,
2.6280,1778839081.225812,219,4.981323,0.227710,0.034533,3.1122,0.1237,0.017584,4.908925,0.188610,0.036246,3.1515,5.008055,0.229164,0.034647,3.0782,0.0363,0.011088,0.811823,0.0000,5.008055,0.000000,0.000000,5.0000,-1.000000,-1.727660,1411.4625,0,1,clay,1.0000,0.500000,0,0,0.000000,0.000000,0.000000,0,nan,0.00,-0.022727,0.6975,0.0000,-0.012000,0.3328,0.44,7.76,8.65,7.42,0.188610,2.0767,-1.8485,0.008000,0.104398,0.3023,0.008278,0.075231,0.048951,-129.01043619681192,-33.68410623449369,-386.2251606796334,-197.8475080329141,-0.022119,-0.005643,6322.6,6298.0,0.365022,0.290762,0.000000,3.0711,1.0000,,,,,
2.6400,1778839081.238039,220,4.963818,0.162855,0.045580,3.1116,0.0815,0.016519,4.946796,0.190512,0.036475,3.1586,4.990488,0.164616,0.045677,3.0858,0.0385,0.006962,0.789455,-0.0207,4.990488,-0.000000,0.000000,5.0000,1.000000,-1.714866,1404.7074,0,1,clay,1.0000,0.500000,0,0,0.000000,0.000000,0.000000,0,nan,0.00,0.000000,0.6887,0.0000,0.000000,0.3122,0.45,7.71,8.62,7.45,0.190512,2.0899,-1.8414,0.008000,0.114236,0.4484,-0.000601,0.078088,0.047088,-140.26311974882938,-5.408724657499493,-153.84656822795108,-207.95960660668888,-0.036571,-0.007890,6328.2,6292.3,0.355186,0.294405,-1.000000,3.0789,1.0000,,,,,
2.6520,1778839081.249796,221,4.957249,0.131627,0.044320,3.1262,-0.0534,0.022795,4.984770,0.192527,0.036765,3.1680,4.983801,0.133255,0.044448,3.0948,0.0267,0.013423,0.778144,0.0086,4.983801,-0.000000,0.000000,5.0000,0.000000,-1.701564,1404.2485,0,1,clay,1.0000,0.500000,0,0,0.000000,0.000000,0.000000,0,nan,0.00,0.000000,0.6798,0.0000,0.000000,0.2918,0.44,7.73,8.62,7.85,0.192527,2.1065,-1.8320,0.008000,0.140793,0.3203,-0.018301,0.062051,0.051288,-196.57045198724344,580.3608429444546,-305.2432339243502,-96.09182625910492,-0.018684,-0.000553,6331.2,6289.4,0.350094,0.286407,1.000000,3.0881,1.0000,,,,,
2.6640,1778839081.261842,222,5.096746,0.260939,0.032916,3.1582,-0.0091,0.011141,5.023045,0.194351,0.036967,3.1966,5.123539,0.262190,0.033032,3.1085,0.0191,0.011395,0.784209,0.0000,5.123539,0.000000,0.000000,5.0000,-1.000000,-1.740991,1465.1780,0,1,clay,1.0000,0.500000,0,0,0.000000,0.000000,0.000000,0,nan,0.00,-0.022727,0.6708,0.0000,-0.012000,0.2709,0.45,7.73,8.63,7.68,0.194351,2.1180,-1.8034,0.008000,0.057990,0.0265,-0.009977,0.053094,0.049172,-207.73503229967397,590.5457291096618,-301.3125676131849,-79.68508141163093,-0.015540,0.001315,6329.6,6290.9,0.352746,0.229038,0.000000,3.1016,1.0000,,,,,
2.6760,1778839081.273791,223,5.141181,0.226136,0.043087,3.1460,0.0910,0.008989,5.061602,0.196168,0.037157,3.2147,5.168010,0.227706,0.043176,3.1171,0.0262,0.006199,0.789286,-0.0206,5.168010,0.000000,-0.000000,5.0000,-1.000000,-1.782127,1484.6517,0,1,clay,1.0000,0.500000,0,0,0.000000,0.000000,0.000000,0,nan,0.00,-0.045455,0.6617,0.0000,-0.024000,0.2495,0.45,7.72,8.63,7.69,0.196168,2.1289,-1.7853,0.008000,0.083162,0.7884,-0.022382,0.066383,0.047138,-151.56903914408824,-323.53940709946846,-118.94960702829054,-161.60036389687036,-0.031052,-0.003651,6328.3,6292.3,0.355133,0.221989,-1.000000,3.1102,1.0000,,,,,
2.6880,1778839081.285887,224,5.022903,0.201391,0.036877,3.2564,0.0064,0.014459,5.100266,0.198154,0.037385,3.2225,5.050022,0.202723,0.036952,3.1453,0.0185,0.003022,0.781744,-0.0326,5.050022,0.000000,0.000000,5.0000,-1.000000,-1.793072,1454.3558,0,1,clay,1.0000,0.500000,0,0,0.000000,0.000000,0.000000,0,nan,0.00,-0.068182,0.6525,0.0000,-0.036000,0.2280,0.46,7.69,8.61,7.53,0.198154,2.1420,-1.7775,0.008000,0.097261,0.4469,0.012541,0.059872,0.047639,-184.169759065393,136.7119594888245,-198.26668552619748,-140.95208868008794,-0.041043,-0.001791,6330.1,6290.5,0.351968,0.212386,-1.000000,3.1385,1.0000,,,,,
2.7000,1778839081.297860,225,5.115894,0.144966,0.029005,3.2789,0.0506,0.013115,5.139008,0.200101,0.037574,3.2279,5.143163,0.146081,0.029063,3.1722,0.0189,-0.000241,0.751850,-0.0446,5.143163,0.000000,0.000000,5.0000,-1.000000,-1.806332,1497.4500,0,1,clay,1.0000,0.500000,0,0,0.000000,0.000000,0.000000,0,nan,0.00,-0.090909,0.6432,0.0000,-0.048000,0.2064,0.46,7.64,8.56,7.33,0.200101,2.1528,-1.7721,0.008000,0.073316,-0.5725,0.020659,0.059468,0.046434,-507.89327815876726,-203.2394057880024,-342.91934801006903,-138.7515683876312,-0.053998,-0.003156,6337.6,6282.9,0.338787,0.209887,-1.000000,3.1657,1.0000,,,,,
2.7120,1778839081.309829,226,5.096467,0.184262,0.035203,3.1611,0.0524,0.008091,5.177817,0.201922,0.037684,3.2339,5.123564,0.185517,0.035239,3.1711,0.0191,-0.004131,0.723481,-0.0566,5.123564,0.000000,0.000000,5.0000,-1.000000,-1.780253,1488.9222,0,1,clay,1.0000,0.500000,0,0,0.000000,0.000000,0.000000,0,nan,0.00,-0.113636,0.6338,0.0000,-0.060000,0.1850,0.46,7.64,8.57,7.68,0.201922,2.1591,-1.7661,0.008000,0.070589,-0.1891,0.020086,0.061752,0.047135,-592.2768547151867,-53.70075080337642,-514.6278816081215,-135.21207878888242,-0.066514,-0.004908,6344.8,6275.7,0.326272,0.250411,-1.000000,3.1648,1.0000,,,,,
2.7240,1778839081.321841,227,5.228693,0.189947,0.033085,3.3190,-0.0031,0.010204,5.216677,0.203742,0.037822,3.2409,5.256077,0.191050,0.033103,3.2007,0.0095,-0.007717,0.697240,-0.0686,5.256077,-0.000000,-0.000000,5.0000,-1.000000,-1.784225,1554.9200,0,1,clay,1.0000,0.500000,0,0,0.000000,0.000000,0.000000,0,nan,0.00,-0.136364,0.6243,0.0000,-0.072000,0.1636,0.46,7.64,8.56,7.61,0.203742,2.1670,-1.7591,0.008000,0.037329,-0.5433,0.043899,0.045701,0.043149,-656.9327820315704,295.4175147580845,-671.6952570515875,-86.64261347201987,-0.075588,-0.002677,6351.5,6269.0,0.314594,0.212840,-1.000000,3.1947,1.0000,,,,,
2.7360,1778839081.333889,228,5.275616,0.287231,0.045732,3.1892,0.0281,0.015475,5.255608,0.205575,0.037958,3.2501,5.302988,0.288649,0.045739,3.1994,0.0062,-0.010453,0.666265,-0.0806,5.302988,-0.000000,-0.000000,5.0000,-1.000000,-1.760264,1576.1586,0,1,clay,1.0000,0.500000,0,0,0.000000,0.000000,0.000000,0,nan,0.00,-0.159091,0.6147,0.0000,-0.084000,0.1425,0.47,7.77,8.70,8.50,0.205575,2.1748,-1.7499,0.008000,0.057918,0.5716,0.034238,0.038973,0.044247,-833.6501368911755,1804.2062670791727,-871.4240488926223,-52.13516763066282,-0.087773,-0.002260,6359.4,6261.2,0.300936,0.244559,-1.000000,3.1936,1.0000,,,,,
2.7480,1778839081.345729,229,5.241300,0.284257,0.041189,3.1928,-0.0250,0.009831,5.294652,0.207389,0.038049,3.2603,5.269026,0.285435,0.041176,3.1991,-0.0059,-0.014400,0.647685,-0.0927,5.269026,-0.000000,-0.000000,5.0000,-1.000000,-1.721964,1560.6483,0,1,clay,1.0000,0.500000,0,0,0.000000,0.000000,0.000000,0,nan,0.00,-0.181818,0.6051,0.0000,-0.096000,0.1218,0.46,7.92,8.83,8.78,0.207389,2.1801,-1.7397,0.008000,0.115726,-0.2970,0.028702,0.030553,0.048160,-1137.2533692320076,-307.3752936303197,-993.2728179483202,15.981249980477727,-0.096153,0.000712,6364.1,6256.5,0.292724,0.241410,-1.000000,3.1935,1.0000,,,,,
2.7600,1778839081.357768,230,5.432066,0.217721,0.042617,3.3454,0.0035,0.005275,5.333803,0.209096,0.038087,3.2710,5.460568,0.218888,0.042576,3.2285,-0.0118,-0.019089,0.625901,-0.1048,5.460568,-0.000000,0.000000,5.0000,-1.000000,-1.726586,1651.1334,0,1,clay,1.0000,0.500000,0,0,0.000000,0.000000,0.000000,0,nan,0.00,-0.204545,0.5954,0.0000,-0.108000,0.1011,0.46,7.98,8.91,8.33,0.209096,2.1822,-1.7290,0.008000,0.154136,-0.1819,0.050239,0.024085,0.036997,-1227.7039170447053,-261.0357970213838,-1129.207918992543,26.3409825305789,-0.106429,0.000898,6369.6,6251.0,0.283082,0.209138,-1.000000,3.2229,1.0000,,,,,
2.7720,1778839081.370309,231,5.337373,0.283547,0.046069,3.2967,0.0089,0.004666,5.373106,0.210759,0.038100,3.2842,5.366121,0.284757,0.046003,3.2427,-0.0161,-0.023345,0.612716,-0.1169,5.366121,0.284757,-0.394484,5.0000,-1.000000,-1.711382,1626.4490,0,1,clay,1.0000,0.500000,0,0,0.000000,0.000000,0.000000,0,nan,0.00,-0.227273,0.5836,0.0000,-0.120000,0.0805,0.45,8.34,9.24,10.36,0.210759,2.1830,-1.7158,0.008000,0.096926,0.6817,0.050268,0.035248,0.046766,-1408.0465161478912,361.0818503938938,-1236.9947537702749,26.909182819166773,-0.117350,0.000665,6372.9,6247.7,0.277307,0.217584,-1.000000,3.2372,1.0000,,,,,
2.7840,1778839081.381561,232,5.396332,0.208339,0.040545,3.3843,0.0301,0.003220,5.412552,0.212287,0.038074,3.2939,5.426367,0.209394,0.040445,3.2712,-0.0177,-0.028632,0.592619,-0.1292,5.426367,-0.000000,0.000000,5.0000,-1.000000,-1.694139,1664.3950,0,1,clay,1.0000,0.500000,0,0,0.000000,0.000000,0.000000,0,nan,0.00,-0.250000,0.5724,0.0000,-0.132000,0.0602,0.43,8.72,9.57,10.84,0.212287,2.1815,-1.7061,0.008000,0.090721,-0.1863,0.069612,0.038492,0.049682,-1410.7566089692245,-239.46795407277136,-1348.3102360843432,1.2579332576703592,-0.129562,-0.000925,6377.9,6242.7,0.268611,0.199611,-1.000000,3.2656,1.0000,,,,,
2.7960,1778839081.393672,233,5.396149,0.235491,0.038421,3.2925,0.0215,-0.004070,5.452146,0.213672,0.037981,3.3090,5.427434,0.236438,0.038273,3.2765,-0.0216,-0.035090,0.581474,-0.1416,5.427434,-0.000000,0.000000,5.0000,-1.000000,-1.674953,1668.7567,0,1,clay,1.0000,0.500000,0,0,0.000000,0.000000,0.000000,0,nan,0.00,-0.272727,0.5617,0.0000,-0.144000,0.0401,0.42,8.77,9.62,9.08,0.213672,2.1761,-1.6910,0.008000,0.037108,0.0668,0.047323,0.045178,0.051583,-1689.6703239619574,-226.52384781810906,-1426.1459099173867,-22.43300113319833,-0.140586,-0.002428,6380.6,6240.0,0.263894,0.218684,-1.000000,3.2708,1.0000,,,,,
2.8080,1778839081.405858,234,5.505489,0.311414,0.032242,3.2162,0.0914,-0.003819,5.491940,0.214959,0.037868,3.3254,5.536922,0.312222,0.032059,3.2659,-0.0134,-0.040087,0.579351,-0.1536,5.536922,0.312222,-0.432862,5.0000,-1.000000,-1.649174,1710.1007,0,1,clay,1.0000,0.500000,0,0,0.000000,0.000000,0.000000,0,nan,0.00,-0.295455,0.5516,0.0000,-0.156000,0.0203,0.43,8.90,9.76,9.61,0.214959,2.1697,-1.6746,0.008000,0.160841,0.1835,0.012846,0.061440,0.052449,-1752.1431137978063,340.13531425864426,-1510.1417038592244,-119.8308948265512,-0.156010,-0.007776,6381.2,6239.4,0.262931,0.236080,-1.000000,3.2603,1.0000,,,,,
2.8200,1778839081.417758,235,5.598862,0.292144,0.043544,3.2465,-0.0268,-0.004557,5.531923,0.216213,0.037772,3.3407,5.630728,0.293144,0.043323,3.2633,-0.0268,-0.045406,0.577476,-0.1658,5.630728,0.293144,-0.404150,5.0000,-1.000000,-1.586721,1745.2635,0,1,clay,1.0000,0.500000,0,0,0.000000,0.000000,0.000000,0,nan,0.00,-0.318182,0.5419,0.0000,-0.168000,0.0013,0.44,9.17,10.05,10.74,0.216213,2.1642,-1.6593,0.008000,0.184231,0.4996,0.014178,0.061160,0.064296,-1843.2313276422378,-156.7453497678291,-1550.975328924767,-67.91571034710688,-0.163671,-0.005148,6381.6,6238.9,0.262097,0.224143,-1.000000,3.2576,1.0000,,,,,
2.8320,1778839081.429754,236,5.538410,0.237699,0.034247,3.3255,-0.0933,-0.016541,5.572096,0.217240,0.037584,3.3548,5.571332,0.238109,0.033962,3.2766,-0.0496,-0.052875,0.573913,-0.1781,5.571332,0.000000,0.000000,5.0000,-1.000000,-1.199853,1767.7263,0,1,clay,1.0000,0.500000,0,0,0.000000,0.000000,0.000000,0,nan,0.00,-0.340909,0.5327,0.0000,-0.180000,-0.0131,0.44,9.40,10.28,10.67,0.217240,2.1534,-1.6452,0.008000,0.052258,0.1098,0.000321,0.042708,0.060907,-1601.1846707213965,339.79601620628557,-1573.6228021902975,21.720940559519306,-0.167083,-0.000288,6382.6,6238.0,0.260448,0.207200,-1.000000,3.2707,1.0000,,,,,
2.8440,1778839081.441633,237,5.566379,0.178186,0.039196,3.3722,-0.0903,-0.015719,5.612460,0.218097,0.037336,3.3694,5.600224,0.178513,0.038855,3.2964,-0.0682,-0.059588,0.579221,-0.1903,5.600224,0.000000,0.000000,5.0000,0.516865,-0.874792,1683.0603,0,1,clay,1.0000,0.500000,0,0,0.000000,0.000000,0.000000,0,nan,0.00,-0.329162,0.5239,0.0000,-0.173798,-0.0236,0.44,9.66,10.54,11.18,0.218097,2.1392,-1.6306,0.008000,0.136390,-0.3150,0.024367,0.033571,0.065924,-2238.2318751853168,335.3294318281031,-1601.55931846048,87.24315299312414,-0.172480,0.003501,6382.2,6238.4,0.261189,0.192358,-1.000000,3.2904,1.0000,,,,,
2.8560,1778839081.453644,238,5.670716,0.165139,0.032329,3.3630,0.0402,-0.023278,5.653020,0.218793,0.037026,3.3856,5.705486,0.165332,0.031962,3.3107,-0.0557,-0.058606,0.596460,-0.1684,5.705486,0.000000,-0.000000,5.0000,1.000000,-0.374792,2216.9097,0,1,clay,1.0000,0.500000,0,0,0.000000,0.000000,0.000000,0,nan,0.00,-0.306435,0.5156,0.0000,-0.161798,-0.0281,0.42,9.63,10.47,9.43,0.218793,2.1214,-1.6144,0.008000,0.154158,-0.4244,0.040522,0.055563,0.069316,-1842.4941668012477,-120.40350857736996,-1600.8918130098627,-30.90775328538767,-0.167942,-0.001874,6378.6,6242.0,0.267418,0.193038,0.516865,3.3044,1.0000,,,,,
2.8680,1778839081.466115,239,5.669359,0.169759,0.028028,3.4998,-0.0790,-0.045782,5.693762,0.219150,0.036538,3.3987,5.704487,0.169638,0.027621,3.3486,-0.0628,-0.059199,0.605508,-0.1513,5.704487,0.000000,-0.000000,5.0000,1.000000,-0.162173,12189.5190,0,1,clay,1.0000,0.500000,0,0,0.000000,0.000000,0.000000,0,nan,0.00,-0.283708,0.5076,0.0000,-0.149798,-0.0301,0.43,9.58,10.45,9.30,0.219150,2.0935,-1.6013,0.008000,0.128193,-0.7241,0.051183,0.048598,0.067384,-2263.4474832678884,623.9239831067773,-1528.3298965440085,-46.49676069075109,-0.148330,-0.001448,6377.6,6242.9,0.269091,0.158992,1.000000,3.3422,1.0000,,,,,
2.8800,1778839081.477935,240,5.785042,0.248642,0.040774,3.3813,-0.0186,-0.066293,5.734692,0.219171,0.035865,3.4110,5.820136,0.248891,0.040303,3.3560,-0.0586,-0.062139,0.589641,-0.1393,5.820136,-0.000000,-0.000000,5.0000,1.000000,0.337827,56077.6089,0,1,clay,1.0000,0.500000,0,0,0.000000,0.000000,0.000000,0,nan,0.00,-0.260980,0.5001,0.0000,-0.137798,-0.0260,0.44,9.59,10.47,9.65,0.219171,2.0549,-1.5890,0.008000,0.105137,-0.1658,0.045863,0.057607,0.065586,-2042.9638084958992,-620.672250827044,-1475.1731386700499,-145.8041048348896,-0.131787,-0.006638,6382.2,6238.4,0.261097,0.183486,1.000000,3.3498,1.0000,,,,,
2.8920,1778839081.489874,241,5.747281,0.262026,0.038368,3.4852,-0.0675,-0.063044,5.775868,0.218928,0.035075,3.4341,5.782748,0.262062,0.037851,3.3826,-0.0626,-0.063667,0.629175,-0.1273,5.782748,-0.000000,-0.000000,5.0000,1.000000,0.837827,25423.8292,0,1,clay,1.0000,0.500000,0,0,0.000000,0.000000,0.000000,0,nan,0.00,-0.238253,0.4929,0.0000,-0.125798,-0.0160,0.45,9.76,10.66,10.72,0.218928,2.0097,-1.5659,0.008000,0.046156,0.0450,0.045584,0.051924,0.061161,-2030.424474996363,546.3119331252119,-1380.4532433551797,-193.67093555739572,-0.113762,-0.007620,6373.5,6247.0,0.276239,0.158279,1.000000,3.3760,1.0000,,,,,
2.9040,1778839081.501684,242,5.764967,0.274667,0.034379,3.4895,-0.0031,-0.062513,5.817223,0.218688,0.034337,3.4506,5.801223,0.274582,0.033821,3.4049,-0.0551,-0.064285,0.653965,-0.1151,5.801223,-0.000000,-0.000000,5.0000,1.000000,0.337827,18148.2916,0,1,clay,1.0000,0.500000,0,0,0.000000,0.000000,0.000000,0,nan,0.00,-0.215526,0.4860,0.0000,-0.113798,-0.0119,0.45,9.67,10.57,9.20,0.218688,1.9674,-1.5494,0.008000,0.034844,-0.0221,0.063349,0.068489,0.067322,-1678.4337419450007,-181.5479059118921,-1296.192941141665,-293.10589196651915,-0.100693,-0.012014,6368.6,6252.0,0.284809,0.162473,1.000000,3.3980,1.0000,,,,,
2.9160,1778839081.513878,243,5.841363,0.231655,0.033698,3.3813,-0.1259,-0.064866,5.858783,0.218334,0.033553,3.4652,5.877334,0.231339,0.033120,3.4017,-0.0675,-0.063997,0.654455,-0.1032,5.877334,-0.000000,-0.000000,5.0000,1.000000,2.000000,7780.7978,4,1,clay,1.0000,0.500000,0,0,0.000000,0.000000,0.000000,0,nan,0.00,-0.192799,0.4795,0.0000,-0.101798,0.0121,0.45,9.66,10.56,9.56,0.218334,1.9225,-1.5348,0.008000,0.086201,0.3236,0.070884,0.057502,0.075407,-1452.7265632541162,176.3254505083579,-1138.9193395313914,-239.9843379008629,-0.080469,-0.008838,6367.1,6253.4,0.287388,0.189109,1.000000,3.3948,1.0000,,,,,
2.9280,1778839081.525890,244,5.882594,0.233832,0.035248,3.3868,-0.0713,-0.074282,5.900534,0.217838,0.032726,3.4813,5.918492,0.233490,0.034639,3.4006,-0.0682,-0.064313,0.708418,-0.0912,5.918492,-0.000000,0.000000,5.0000,0.138684,2.140612,8585.7217,0,1,clay,1.0000,0.500000,0,0,0.000000,0.000000,0.000000,0,nan,0.00,-0.189647,0.4733,0.0000,-0.100133,0.0378,0.45,9.59,10.49,9.23,0.217838,1.8751,-1.5187,0.008000,0.098303,-0.2025,0.072134,0.059382,0.070617,-1252.0087029489375,-381.2542949205691,-953.0338596668764,-297.7824448830794,-0.064098,-0.010304,6357.9,6262.7,0.303469,0.191253,1.000000,3.3932,1.0000,,,,,
2.9400,1778839081.537779,245,6.002138,0.168019,0.032200,3.5421,-0.0802,-0.078337,5.942490,0.217149,0.031794,3.4989,6.038082,0.167439,0.031544,3.4297,-0.0738,-0.069264,0.743613,-0.0987,6.038082,0.000000,0.000000,5.0000,-1.000000,2.000000,4132.6971,0,1,clay,1.0000,0.500000,0,0,0.000000,0.000000,0.000000,0,nan,0.00,-0.212374,0.4673,0.0000,-0.112133,0.0618,0.44,9.56,10.45,9.38,0.217149,1.8217,-1.5011,0.008000,0.123284,0.2019,0.088056,0.061232,0.065431,-1185.2356568696305,170.59198330038117,-906.7861568480155,-356.09631130356445,-0.058401,-0.011274,6349.3,6271.2,0.318426,0.157988,0.138684,3.4220,1.0000,,,,,
2.9520,1778839081.549938,246,5.965646,0.256964,0.033891,3.4245,-0.0380,-0.074161,5.984636,0.216477,0.030924,3.5153,6.001536,0.256356,0.033176,3.4306,-0.0763,-0.077516,0.783182,-0.1226,6.001536,0.000000,0.000000,5.0000,-1.000000,1.500000,2525.7257,0,1,clay,1.0000,0.500000,0,0,0.000000,0.000000,0.000000,0,nan,0.00,-0.235101,0.4617,0.0000,-0.124133,0.0798,0.45,9.30,10.21,7.86,0.216477,1.7718,-1.4847,0.008000,0.089164,0.0570,0.068193,0.071874,0.063481,-1048.3757122579425,-924.5984733301614,-588.2011083511127,-426.1944182477315,-0.069661,-0.014111,6338.9,6281.6,0.336565,0.189424,-1.000000,3.4225,1.0000,,,,,
2.9640,1778839081.561777,247,6.063347,0.256855,0.040126,3.4912,0.0262,-0.069871,6.026956,0.215909,0.030151,3.5285,6.098563,0.256553,0.039391,3.4440,-0.0666,-0.082302,0.808572,-0.1344,6.098563,0.000000,0.000000,5.0000,-1.000000,2.000000,2956.0646,0,1,clay,1.0000,0.500000,0,0,0.000000,0.000000,0.000000,0,nan,0.00,-0.257828,0.4590,0.0000,-0.136133,0.1038,0.46,10.51,11.43,17.35,0.215909,1.7275,-1.4715,0.008000,0.099441,0.8036,0.065402,0.075035,0.053774,-886.5303735933311,-114.31716827161955,-704.1369851660668,-513.9174543918689,-0.085222,-0.019539,6331.1,6289.5,0.350242,0.184879,-1.000000,3.4358,1.0000,,,,,
2.9760,1778839081.579649,248,6.022105,0.180138,0.029174,3.5733,-0.0386,-0.057039,6.069399,0.215389,0.029416,3.5380,6.067989,0.179059,0.028158,3.4733,-0.0795,-0.092238,0.840340,-0.1494,6.067989,0.000000,0.000000,5.0000,1.000000,1.500000,2019.2670,0,1,clay,1.0000,0.500000,0,0,0.000000,0.000000,0.000000,0,nan,0.00,-0.235101,0.4568,0.0000,-0.124133,0.1218,1.35,10.26,12.97,8.86,0.215389,1.6854,-1.4620,0.008000,0.024412,0.4282,0.053242,0.062797,0.038204,-853.7387864047722,-996.796261638133,-803.1127219065881,-511.74915463974696,-0.097763,-0.018930,6325.8,6294.7,0.359370,0.168698,-1.000000,3.4624,1.0000,,,,,
2.9880,1778839081.588990,249,6.069932,0.209974,0.035457,3.4923,-0.0276,-0.077267,6.111997,0.214573,0.028508,3.5512,6.117477,0.209257,0.034425,3.4797,-0.0696,-0.084890,0.854800,-0.1105,6.117477,0.000000,0.000000,5.0000,-0.360664,1.000000,1773.7722,0,1,clay,1.0000,0.500000,0,0,0.000000,0.000000,0.000000,0,nan,0.00,-0.243298,0.4551,0.0000,-0.128461,0.1338,1.70,9.51,12.92,5.25,0.214573,1.6334,-1.4488,0.008000,0.093912,0.0784,0.053260,0.028777,-0.002774,-900.5433634893252,232.10871207137086,-994.7354253872462,-567.3596314008289,-0.084836,-0.021067,6320.7,6299.9,0.368372,0.189092,1.000000,3.4682,1.0000,,,,,
3.0000,1778839081.597946,250,6.194566,0.212664,0.026941,3.6061,-0.0086,-0.081161,6.154760,0.213656,0.027571,3.5667,6.238556,0.211614,0.025942,3.5058,-0.0677,-0.091010,0.873108,-0.1330,6.238556,0.000000,-0.000000,5.0000,0.344178,0.500000,1718.4756,0,1,clay,1.0000,0.500000,0,0,0.000000,0.000000,0.000000,0,nan,0.00,-0.235476,0.4536,0.0000,-0.124331,0.1398,1.52,8.87,11.92,5.25,0.213656,1.5797,-1.4333,0.008000,0.086342,-0.2603,0.049387,0.016040,-0.026320,-1227.821702566038,-1361.4960474487411,-1295.3505341252826,-619.0005853678613,-0.089376,-0.024060,6314.0,6306.5,0.379966,0.161550,-0.360664,3.4949,1.0000,,,,,
3.0120,1778839081.609824,251,6.252979,0.192404,0.023046,3.5380,-0.1296,-0.079294,6.197715,0.212652,0.026625,3.5812,6.293762,0.191105,0.022122,3.5134,-0.0781,-0.088349,0.877507,-0.1203,6.293762,-0.000000,-0.000000,5.0000,-0.199089,0.000000,1716.9150,0,1,clay,1.0000,0.500000,0,0,0.000000,0.000000,0.000000,0,nan,0.00,-0.240001,0.4521,0.0000,-0.126720,0.1398,1.37,8.30,11.04,5.04,0.212652,1.5255,-1.4188,0.008000,0.135588,-0.2490,0.032945,-0.012105,-0.033733,-1008.4923289049241,-1741.9673976631168,-846.114186662789,-584.1298219094272,-0.078760,-0.019682,6311.2,6309.4,0.384888,0.177379,0.344178,3.5032,1.0000,,,,,
3.0240,1778839081.621842,252,6.292914,0.350811,0.020478,3.6114,0.0415,-0.073621,6.240865,0.211678,0.025776,3.5987,6.330877,0.349680,0.019614,3.5338,-0.0633,-0.089603,0.895801,-0.1289,6.330877,0.349680,-0.451579,5.0000,-1.000000,-0.500000,1774.6936,0,1,clay,1.0000,0.500000,0,0,0.000000,0.000000,0.000000,0,nan,0.00,-0.262728,0.4506,0.0000,-0.138720,0.1338,1.23,7.81,10.26,5.06,0.211678,1.4768,-1.4013,0.008000,0.128185,-0.1455,0.057074,-0.031811,0.030919,-990.8571403130466,-862.2573164044237,-1244.5699661709104,-628.4299819928619,-0.086025,-0.024967,6305.1,6315.5,0.395529,0.159771,-0.199089,3.5242,1.0000,,,,,
3.0360,1778839081.633873,253,6.175070,0.273817,0.027457,3.6325,-0.0356,-0.071045,6.284213,0.210803,0.025037,3.6149,6.210762,0.272964,0.026630,3.5542,-0.0666,-0.093716,0.895890,-0.1488,6.210762,0.000000,-0.000000,5.0000,-1.000000,-0.831829,1709.8192,0,1,clay,1.0000,0.500000,0,0,0.000000,0.000000,0.000000,0,nan,0.00,-0.285455,0.4489,0.0000,-0.150720,0.1238,1.12,7.62,9.85,6.53,0.210803,1.4345,-1.3851,0.008000,0.094664,0.1796,0.073726,-0.029942,0.034204,-922.1264579063485,20.195306449227417,-718.5111493850941,-627.9556114022315,-0.097980,-0.024701,6303.8,6316.8,0.397786,0.156795,-1.000000,3.5451,1.0000,,,,,
3.0480,1778839081.645827,254,6.311057,0.291771,0.023139,3.5698,-0.0712,-0.062088,6.327733,0.209895,0.024342,3.6301,6.345428,0.290726,0.022343,3.5586,-0.0750,-0.095362,0.892786,-0.1604,6.345428,0.290726,-0.378232,5.0000,0.613116,-1.068771,1799.0692,0,1,clay,1.0000,0.500000,0,0,0.000000,0.000000,0.000000,0,nan,0.00,-0.271521,0.4470,0.0000,-0.143363,0.1110,1.02,7.23,9.27,5.03,0.209895,1.3947,-1.3699,0.008000,0.149509,-0.0847,0.045846,0.107266,0.067000,-1042.5931016546715,-614.7825118367462,-833.5037207604609,-593.9275829361209,-0.108640,-0.021796,6303.8,6316.7,0.397746,0.174276,-1.000000,3.5499,1.0000,,,,,
3.0600,1778839081.657834,255,6.369245,0.256149,0.028918,3.6398,-0.0728,-0.064830,6.371424,0.208848,0.023587,3.6419,6.401873,0.255370,0.028194,3.5754,-0.0747,-0.089369,0.878885,-0.1378,6.401873,-0.000000,-0.000000,5.0000,-0.488243,-1.226007,1747.4275,0,1,clay,1.0000,0.500000,0,0,0.000000,0.000000,0.000000,0,nan,0.00,-0.282617,0.4423,0.0000,-0.149222,0.0963,0.95,7.45,9.35,8.71,0.208848,1.3514,-1.3581,0.008000,0.025423,0.2002,0.058401,0.066268,0.047648,-1154.2081960441865,-211.56715646432502,-995.0365609306175,-586.0849109297445,-0.100049,-0.019556,6306.9,6313.6,0.392367,0.158154,0.613116,3.5673,1.0000,,,,,
3.0720,1778839081.669781,256,6.356003,0.173454,0.025561,3.5841,0.0679,-0.071607,6.415301,0.207579,0.022750,3.6581,6.388896,0.172705,0.024813,3.5786,-0.0589,-0.093072,0.871916,-0.1537,6.388896,-0.000000,-0.000000,5.0000,0.644475,-1.415640,1765.3855,0,1,clay,1.0000,0.500000,0,0,0.000000,0.000000,0.000000,0,nan,0.00,-0.267970,0.4379,0.0000,-0.141488,0.0793,0.87,7.10,8.84,5.08,0.207579,1.3035,-1.3419,0.008000,0.116472,-0.3208,0.045705,0.109406,0.079816,-1128.217450334998,-676.2413536312158,-1483.1776610000406,-637.5927415422669,-0.111815,-0.026066,6308.3,6312.3,0.389959,0.171299,-0.488243,3.5706,1.0000,,,,,
3.0840,1778839081.681772,257,6.476553,0.142579,0.022153,3.6464,-0.1409,-0.071803,6.459338,0.206198,0.021907,3.6715,6.507882,0.141625,0.021457,3.5927,-0.0735,-0.089121,0.849469,-0.1359,6.507882,0.000000,0.000000,5.0000,1.000000,-1.408941,1768.9379,0,1,clay,1.0000,0.500000,0,0,0.000000,0.000000,0.000000,0,nan,0.00,-0.245243,0.4337,0.0000,-0.129488,0.0624,0.81,7.05,8.68,6.82,0.206198,1.2552,-1.3285,0.008000,0.065197,0.1844,0.027853,0.113356,0.103666,-1419.6997899497078,-2285.301207745949,-1028.3867918706271,-593.2577416303952,-0.097678,-0.019955,6313.7,6306.9,0.380523,0.155237,0.644475,3.5852,1.0000,,,,,
3.0960,1778839081.693913,258,6.539161,0.343825,0.026600,3.7135,-0.2249,-0.070386,6.503568,0.204657,0.021058,3.6863,6.570249,0.342790,0.025929,3.6174,-0.0996,-0.085725,0.854222,-0.1209,6.570249,0.342790,-0.431894,5.0000,-1.000000,-1.386886,1835.8847,0,1,clay,1.0000,0.500000,0,0,0.000000,0.000000,0.000000,0,nan,0.00,-0.267970,0.4296,0.0000,-0.141488,0.0457,0.77,6.76,8.30,5.11,0.204657,1.2066,-1.3137,0.008000,0.160410,0.0381,0.044826,-0.019812,-0.011485,-1360.1995319075586,-738.1888971528399,-871.8203685852545,-523.7205892350886,-0.076357,-0.010374,6312.6,6308.0,0.382515,0.139929,1.000000,3.6101,1.0000,,,,,
3.1080,1778839081.705807,259,6.652058,0.158474,0.022091,3.6692,-0.1197,-0.060532,6.547982,0.203111,0.020279,3.7027,6.681827,0.157276,0.021445,3.6284,-0.1102,-0.089197,0.839106,-0.1497,6.681827,0.000000,-0.000000,5.0000,1.000000,-1.455142,1835.5235,0,1,clay,1.0000,0.500000,0,0,0.000000,0.000000,0.000000,0,nan,0.00,-0.245243,0.4258,0.0000,-0.129488,0.0283,0.72,6.67,8.11,6.13,0.203111,1.1619,-1.2973,0.008000,0.074725,0.3008,0.028418,0.012882,0.048990,-1400.4621021640082,-880.6800053509419,-654.1493837547252,-480.2797153698047,-0.087236,-0.007469,6316.6,6304.0,0.375519,0.148425,-1.000000,3.6215,1.0000,,,,,
3.1200,1778839081.717785,260,6.693773,0.181856,0.015556,3.7064,-0.1016,-0.057475,6.592573,0.201674,0.019617,3.7162,6.723009,0.180551,0.014958,3.6444,-0.1073,-0.082204,0.802332,-0.1215,6.723009,0.000000,-0.000000,5.0000,1.000000,-1.427950,1883.9151,0,1,clay,1.0000,0.500000,0,0,0.000000,0.000000,0.000000,0,nan,0.00,-0.222515,0.4222,0.0000,-0.117488,0.0111,0.68,6.43,7.79,5.11,0.201674,1.1240,-1.2838,0.008000,0.048473,0.1300,0.036794,0.020352,0.053115,-1080.6978486162825,-70.50549617296349,-915.9667070073016,-433.71299170640395,-0.075669,-0.005819,6325.8,6294.7,0.359414,0.139198,1.000000,3.6379,1.0000,,,,,
3.1320,1778839081.729831,261,6.593625,0.153289,0.019690,3.7813,-0.1011,-0.071702,6.637303,0.199950,0.018799,3.7280,6.622025,0.152159,0.019119,3.6718,-0.1059,-0.079816,0.780912,-0.1098,6.622025,0.000000,0.000000,5.0000,1.000000,-1.454478,1841.1187,0,1,clay,1.0000,0.500000,0,0,0.000000,0.000000,0.000000,0,nan,0.00,-0.199788,0.4187,0.0000,-0.105488,-0.0063,0.65,6.40,7.70,6.20,0.199950,1.0771,-1.2720,0.008000,0.204185,0.5177,0.042301,0.026419,0.071789,-1248.3820288079314,-933.9052744825983,-848.988363079833,-427.2666925324859,-0.063056,-0.005788,6331.4,6289.2,0.349677,0.119762,1.000000,3.6657,1.0000,,,,,
3.1440,1778839081.741805,262,6.672241,0.204286,0.015471,3.7299,-0.0945,-0.071409,6.682181,0.198016,0.017933,3.7403,6.700393,0.203071,0.014913,3.6840,-0.1033,-0.077525,0.763123,-0.0978,6.700393,0.000000,-0.000000,5.0000,-0.176111,-1.462944,1882.1084,0,1,clay,1.0000,0.500000,0,0,0.000000,0.000000,0.000000,0,nan,0.00,-0.203791,0.4154,0.0000,-0.107601,-0.0239,0.62,6.30,7.54,5.73,0.198016,1.0275,-1.2597,0.008000,0.119644,-0.1024,0.034358,0.041980,0.088012,-1329.774318283889,-2290.7040029508426,-748.862615969347,-416.0074899120233,-0.050792,-0.006100,6335.9,6284.7,0.341855,0.129756,1.000000,3.6781,1.0000,,,,,
3.1560,1778839081.753643,263,6.808029,0.279399,0.014739,3.8014,-0.1499,-0.072192,6.727230,0.196009,0.017091,3.7559,6.835792,0.278094,0.014182,3.7077,-0.1143,-0.079777,0.754699,-0.1089,6.835792,-0.000000,-0.000000,5.0000,-1.000000,-1.503236,1949.3678,0,1,clay,1.0000,0.500000,0,0,0.000000,0.000000,0.000000,0,nan,0.00,-0.226518,0.4123,0.0000,-0.119601,-0.0419,0.59,6.27,7.46,6.13,0.196009,0.9792,-1.2441,0.008000,0.106294,0.1107,0.054114,0.011767,0.057883,-1405.1548816959903,-1246.6626634228064,-951.3282373972888,-380.10422372210746,-0.049945,-0.003500,6338.1,6282.5,0.338064,0.108304,-0.176111,3.7020,1.0000,,,,,
3.1680,1778839081.766354,264,6.768226,0.203256,0.017685,3.7918,0.0113,-0.046244,6.772455,0.194217,0.016454,3.7713,6.795974,0.202212,0.017147,3.7251,-0.0979,-0.079895,0.763427,-0.1271,6.795974,-0.000000,-0.000000,5.0000,0.265551,-1.550433,1951.9178,0,1,clay,1.0000,0.500000,0,0,0.000000,0.000000,0.000000,0,nan,0.00,-0.220483,0.4093,0.0000,-0.116415,-0.0605,0.59,6.35,7.52,6.77,0.194217,0.9427,-1.2287,0.008000,0.041418,-0.0901,0.056104,0.042780,0.072774,-992.337926580965,-120.38081373247178,-578.2792131855845,-430.6282255005806,-0.070065,-0.007510,6335.8,6284.8,0.342025,0.118476,-1.000000,3.7194,1.0000,,,,,
3.1800,1778839081.777859,265,6.772891,0.215280,0.005699,3.7967,-0.0814,-0.050291,6.817816,0.192460,0.015837,3.7821,6.800908,0.213939,0.005181,3.7400,-0.0962,-0.075993,0.755204,-0.1144,6.800908,-0.000000,-0.000000,5.0000,0.994452,-1.579583,1968.6407,0,1,clay,1.0000,0.500000,0,0,0.000000,0.000000,0.000000,0,nan,0.00,-0.197882,0.4064,0.0000,-0.104481,-0.0795,0.57,6.36,7.50,6.39,0.192460,0.9074,-1.2179,0.008000,0.060108,-0.5619,0.068522,0.029602,0.070540,-1030.518676468065,147.69148325667368,-884.7204390476552,-416.14474020802305,-0.068260,-0.006267,6337.8,6282.8,0.338581,0.115372,0.265551,3.7343,1.0000,,,,,
3.1920,1778839081.789952,266,6.785086,0.139691,0.013862,3.8298,-0.1111,-0.087081,6.863315,0.190182,0.014909,3.8001,6.813207,0.138521,0.013324,3.7578,-0.0979,-0.076428,0.657583,-0.0970,6.813207,-0.000000,-0.000000,5.0000,1.000000,-1.518560,1973.6203,0,1,clay,1.0000,0.500000,0,0,0.000000,0.000000,0.000000,0,nan,0.00,-0.175154,0.4037,0.0000,-0.092481,-0.0977,0.56,6.63,7.76,8.20,0.190182,0.8542,-1.1999,0.008000,0.083361,0.0755,0.075180,0.012406,0.041644,-1688.6972868383891,-1064.57382686955,-894.9711006043174,-346.2144568066754,-0.052970,-0.006976,6362.4,6258.1,0.295566,0.109355,0.994452,3.7528,1.0000,,,,,
3.2040,1778839081.801813,267,6.819345,0.236556,0.010332,3.8747,-0.1613,-0.082771,6.909021,0.187756,0.013947,3.8079,6.848562,0.235135,0.009766,3.7816,-0.1081,-0.076353,0.668716,-0.0848,6.848562,-0.000000,-0.000000,5.0000,-0.836479,-1.511726,2015.1786,0,1,clay,1.0000,0.500000,0,0,0.000000,0.000000,0.000000,0,nan,0.00,-0.194165,0.4010,0.0013,-0.102519,-0.1158,0.55,6.62,7.72,6.57,0.187756,0.7991,-1.1921,0.008000,0.145940,-0.4024,0.073536,0.053743,0.088464,-1096.3593906583355,-277.4576268522727,-690.8508015506208,-322.8041672205645,-0.036198,-0.004573,6359.6,6260.9,0.300444,0.105305,1.000000,3.7764,1.0000,,,,,
3.2160,1778839081.813819,268,6.944587,0.194392,0.013107,3.7182,-0.1138,-0.069141,6.954886,0.185539,0.013170,3.8241,6.973639,0.193003,0.012529,3.7703,-0.1140,-0.080469,0.657701,-0.1090,6.973639,-0.000000,0.000000,5.0000,0.413743,-1.522585,2051.8416,0,1,clay,1.0000,0.500000,0,0,0.000000,0.000000,0.000000,0,nan,0.00,-0.184762,0.3984,0.0027,-0.097554,-0.1341,0.54,6.54,7.62,6.07,0.185539,0.7546,-1.1759,0.008000,0.114433,0.0334,0.052797,0.020332,0.040378,-886.1162016924752,-336.24972599053035,-583.0205303614619,-296.6185787230329,-0.045494,-0.003922,6362.5,6258.1,0.295542,0.132945,-0.836479,3.7651,1.0000,,,,,
3.2280,1778839081.825747,269,6.987050,0.193133,0.016602,3.8303,-0.1259,-0.057582,7.000911,0.183403,0.012479,3.8375,7.015843,0.191878,0.016055,3.7828,-0.1155,-0.076204,0.655137,-0.0944,7.015843,0.000000,0.000000,5.0000,0.458743,-1.527890,2082.1261,0,1,clay,1.0000,0.500000,0,0,0.000000,0.000000,0.000000,0,nan,0.00,-0.174336,0.3958,0.0043,-0.092049,-0.1524,0.54,6.48,7.56,6.17,0.183403,0.7150,-1.1625,0.008000,0.105377,0.5652,0.053094,0.006553,0.037712,-870.2532741054476,-630.5070788142914,-694.7497866213124,-259.2486004879628,-0.040579,-0.001742,6363.1,6257.4,0.294383,0.109186,0.413743,3.7778,1.0000,,,,,
3.2400,1778839081.837884,270,6.951832,0.188956,0.008138,3.7876,-0.0364,-0.063406,7.047081,0.181189,0.011761,3.8487,6.980376,0.187592,0.007606,3.7846,-0.1019,-0.074140,0.644478,-0.0886,6.980376,-0.000000,0.000000,5.0000,0.750295,-1.533244,2066.9689,0,1,clay,1.0000,0.500000,0,0,0.000000,0.000000,0.000000,0,nan,0.00,-0.157284,0.3932,0.0060,-0.083046,-0.1708,0.53,6.40,7.46,5.94,0.181189,0.6739,-1.1513,0.008000,0.065127,-0.1718,0.029805,0.013401,0.030646,-896.4140061371866,96.86679291815335,-688.1813144920897,-305.9747254716778,-0.039090,-0.005090,6365.8,6254.7,0.289650,0.118251,0.458743,3.7797,1.0000,,,,,
3.2520,1778839081.849695,271,7.091576,0.153315,0.013371,3.9174,-0.1897,-0.065437,7.093392,0.178836,0.010981,3.8616,7.119876,0.152016,0.012857,3.8110,-0.1160,-0.071666,0.622851,-0.0775,7.119876,0.000000,0.000000,5.0000,1.000000,-1.514056,2151.5542,0,1,clay,1.0000,0.500000,0,0,0.000000,0.000000,0.000000,0,nan,0.00,-0.134556,0.3906,0.0078,-0.071046,-0.1890,0.51,6.42,7.44,6.49,0.178836,0.6292,-1.1384,0.008000,0.039589,0.3558,0.046012,0.004968,0.043196,-936.0318737512287,-421.1333010495241,-553.594951530416,-201.9779609321316,-0.025712,-0.000117,6371.3,6249.2,0.280038,0.088669,0.750295,3.8063,1.0000,,,,,
3.2640,1778839081.861987,272,7.161350,0.117969,0.007456,3.8503,-0.1215,-0.070121,7.139871,0.176326,0.010143,3.8756,7.189738,0.116510,0.006948,3.8194,-0.1148,-0.069225,0.614836,-0.0636,7.189738,0.000000,-0.000000,5.0000,1.000000,-1.555043,2190.4134,0,1,clay,1.0000,0.500000,0,0,0.000000,0.000000,0.000000,0,nan,0.00,-0.111829,0.3881,0.0097,-0.059046,-0.2077,0.51,6.29,7.31,5.59,0.176326,0.5811,-1.1244,0.008000,0.148449,0.0717,0.031688,0.034509,0.072903,-891.4680047433054,-2200.1848449517533,-390.42711597237377,-192.74451988374344,-0.013093,-0.000008,6373.4,6247.2,0.276442,0.100157,1.000000,3.8148,1.0000,,,,,
3.2760,1778839081.874077,273,7.204031,0.114739,0.011157,3.8376,-0.0664,-0.073081,7.186526,0.173775,0.009336,3.8910,7.232074,0.113483,0.010659,3.8238,-0.1039,-0.067305,0.615352,-0.0517,7.232074,0.000000,-0.000000,5.0000,1.000000,-1.555406,2208.6772,0,1,clay,1.0000,0.500000,0,0,0.000000,0.000000,0.000000,0,nan,0.00,-0.089102,0.3855,0.0117,-0.047046,-0.2263,0.52,6.31,7.35,6.40,0.173775,0.5349,-1.1090,0.008000,0.079544,0.1145,0.017795,0.022224,0.052181,-868.499653324689,182.60243644115508,-224.76441524567383,-249.83513168679252,-0.003106,-0.002972,6373.2,6247.3,0.276736,0.101342,1.000000,3.8192,1.0000,,,,,
3.2880,1778839081.885816,274,7.370001,0.150183,0.012810,3.8834,-0.1705,-0.059614,7.233347,0.171260,0.008591,3.9052,7.398172,0.148930,0.012333,3.8362,-0.1126,-0.063275,0.611847,-0.0397,7.398172,-0.000000,-0.000000,5.0000,0.247348,-1.606300,2302.9428,0,1,clay,1.0000,0.500000,0,0,0.000000,0.000000,0.000000,0,nan,0.00,-0.083480,0.3830,0.0139,-0.044078,-0.2456,0.52,6.61,7.65,8.34,0.171260,0.4923,-1.0948,0.008000,0.199909,0.8725,0.016099,0.000863,0.045658,-511.6682758940627,-405.0936147360375,27.81426423628446,-174.0037314550895,0.011310,0.001077,6374.1,6246.4,0.275196,0.087986,1.000000,3.8317,1.0000,,,,,
3.3000,1778839081.897889,275,7.223655,0.096019,0.007744,3.9644,-0.0349,-0.059271,7.280354,0.168765,0.007880,3.9203,7.253125,0.094703,0.007259,3.8620,-0.0983,-0.062040,0.608332,-0.0422,7.253125,-0.000000,-0.000000,5.0000,1.000000,-1.610954,2262.5876,0,1,clay,1.0000,0.500000,0,0,0.000000,0.000000,0.000000,0,nan,0.00,-0.060753,0.3806,0.0162,-0.032078,-0.2649,0.51,6.40,7.42,5.19,0.168765,0.4515,-1.0797,0.008000,0.042770,0.1182,0.033805,-0.002436,0.022922,-412.11163550054255,87.19181097157798,8.172229043385826,-243.8565849498265,0.009159,-0.002471,6374.8,6245.8,0.274014,0.069146,0.247348,3.8573,1.0000,,,,,
3.3120,1778839081.909849,276,7.317202,0.212414,0.007547,3.8612,-0.2156,-0.051915,7.327509,0.166370,0.007237,3.9324,7.345861,0.211033,0.007105,3.8626,-0.1148,-0.056671,0.601562,-0.0247,7.345861,-0.000000,-0.000000,5.0000,-1.000000,-1.614380,2314.1403,0,1,clay,1.0000,0.500000,0,0,0.000000,0.000000,0.000000,0,nan,0.00,-0.083480,0.3781,0.0185,-0.044078,-0.2843,0.51,6.27,7.29,5.53,0.166370,0.4147,-1.0676,0.008000,0.090332,0.3104,0.009614,-0.014133,0.036138,-281.81774297197256,-161.31228318409194,282.83396289489724,-106.55192875160805,0.025786,0.004371,6376.6,6244.0,0.270890,0.093806,1.000000,3.8581,1.0000,,,,,
3.3240,1778839081.921839,277,7.358897,0.077569,0.008180,4.0001,-0.1795,-0.058927,7.374831,0.163919,0.006564,3.9458,7.387186,0.076128,0.007734,3.8898,-0.1288,-0.060908,0.575406,-0.0514,7.387186,-0.000000,-0.000000,5.0000,1.000000,-1.628929,2367.1898,0,1,clay,1.0000,0.500000,0,0,0.000000,0.000000,0.000000,0,nan,0.00,-0.060753,0.3757,0.0210,-0.032078,-0.3039,0.50,6.32,7.32,6.57,0.163919,0.3761,-1.0542,0.008000,0.096348,0.2119,0.049549,-0.012484,0.048030,-27.554606893622122,225.1782013345446,111.00291719686342,-17.039931007199073,0.015853,0.007424,6383.3,6237.3,0.259248,0.055664,-1.000000,3.8856,1.0000,,,,,
3.3360,1778839081.933625,278,7.400182,0.151670,0.011137,4.0279,-0.0927,-0.046144,7.422302,0.161657,0.006003,3.9593,7.428811,0.150433,0.010724,3.9173,-0.1175,-0.053957,0.568860,-0.0248,7.428811,-0.000000,0.000000,5.0000,0.106691,-1.651738,2422.2544,0,1,clay,1.0000,0.500000,0,0,0.000000,0.000000,0.000000,0,nan,0.00,-0.058328,0.3733,0.0236,-0.030797,-0.3237,0.50,6.23,7.22,5.72,0.161657,0.3440,-1.0407,0.008000,0.023346,0.1548,0.064839,-0.011967,0.039848,-25.946002929342114,-124.05195502044978,263.8937265084446,-33.93176979915613,0.024132,0.006629,6384.9,6235.7,0.256429,0.050711,1.000000,3.9131,1.0000,,,,,
3.3480,1778839081.945757,279,7.431643,0.214022,0.006742,4.0537,-0.0538,-0.044550,7.469927,0.159407,0.005437,3.9731,7.460063,0.212801,0.006352,3.9445,-0.1057,-0.052312,0.564229,-0.0300,7.460063,-0.000000,0.000000,5.0000,-1.000000,-1.640011,2475.4646,0,1,clay,1.0000,0.500000,0,0,0.000000,0.000000,0.000000,0,nan,0.00,-0.081056,0.3709,0.0263,-0.042797,-0.3434,0.49,6.29,7.27,6.64,0.159407,0.3115,-1.0269,0.008000,0.085760,0.3753,0.091324,-0.008831,0.036310,41.08099432580792,574.6353870455476,257.5577888062483,-84.20342822396945,0.020349,0.004210,6386.1,6234.5,0.254384,0.041328,0.106691,3.9403,1.0000,,,,,
3.3600,1778839081.957856,280,7.598529,0.134266,0.013194,4.0548,-0.1062,-0.045670,7.517696,0.157224,0.004903,3.9838,7.627354,0.133219,0.012801,3.9666,-0.1080,-0.054494,0.551926,-0.0501,7.627354,0.000000,0.000000,5.0000,0.336368,-1.679310,2602.2230,0,1,clay,1.0000,0.500000,0,0,0.000000,0.000000,0.000000,0,nan,0.00,-0.073411,0.3686,0.0290,-0.038761,-0.3635,0.49,6.28,7.26,6.27,0.157224,0.2809,-1.0162,0.008000,0.097234,0.4299,0.089233,-0.014319,0.024018,86.30533932702568,-507.0654720975788,-36.942945451843315,-62.842981166643895,0.006957,0.004753,6389.2,6231.4,0.248958,0.043365,-1.000000,3.9625,1.0000,,,,,
3.3720,1778839081.969824,281,7.619455,0.078383,0.001497,3.9645,-0.1435,-0.036296,7.565605,0.155169,0.004438,3.9960,7.648248,0.077008,0.001133,3.9669,-0.1118,-0.049662,0.545255,-0.0363,7.648248,0.000000,0.000000,5.0000,1.000000,-1.711939,2610.2928,0,1,clay,1.0000,0.500000,0,0,0.000000,0.000000,0.000000,0,nan,0.00,-0.050684,0.3662,0.0319,-0.026761,-0.3841,0.49,6.87,7.85,10.19,0.155169,0.2543,-1.0040,0.008000,0.051016,0.0843,0.081969,-0.038976,0.006710,121.19673173644196,189.21307729475916,65.90835338778362,8.501023584645907,0.011185,0.007813,6390.8,6229.8,0.246134,0.063717,0.336368,3.9629,1.0000,,,,,
3.3840,1778839081.981786,282,7.551519,0.198425,0.012028,4.0923,-0.1111,-0.040359,7.613643,0.153069,0.003941,4.0058,7.582838,0.197337,0.011662,3.9921,-0.1070,-0.044395,0.527363,-0.0189,7.582838,0.000000,0.000000,5.0000,-1.000000,-1.695244,2608.4499,0,1,clay,1.0000,0.500000,0,0,0.000000,0.000000,0.000000,0,nan,0.00,-0.073411,0.3639,0.0348,-0.038761,-0.4044,0.49,7.11,8.09,8.49,0.153069,0.2258,-0.9942,0.008000,0.119880,0.4641,0.102610,-0.046341,0.002777,-70.94671267829824,356.1095064252658,227.98409986136005,36.03445464044772,0.021775,0.008308,6395.0,6225.6,0.238781,0.034481,1.000000,3.9879,1.0000,,,,,
3.3960,1778839081.993976,283,7.700275,-0.022890,0.011425,3.9978,-0.0793,-0.042760,7.661817,0.150918,0.003409,4.0182,7.732592,-0.024009,0.011038,3.9941,-0.1052,-0.048566,0.518998,-0.0469,7.732592,0.000000,-0.000000,5.0000,1.000000,-1.690442,2710.8927,0,1,clay,1.0000,0.500000,0,0,0.000000,0.000000,0.000000,0,nan,0.00,-0.050684,0.3616,0.0379,-0.026761,-0.4247,0.49,7.54,8.52,9.94,0.150918,0.1953,-0.9818,0.008000,0.175439,0.3105,0.092470,-0.034740,0.004558,-22.801953821032242,35.02026290459719,-32.919562821381874,16.615563206088993,0.007509,0.006996,6397.1,6223.5,0.235214,0.055391,-1.000000,3.9898,1.0000,,,,,
3.4080,1778839082.005816,284,7.668110,0.121259,0.001206,3.9801,-0.1216,-0.048500,7.710096,0.148791,0.002884,4.0231,7.702121,0.119763,0.000817,3.9920,-0.1021,-0.043227,0.470645,-0.0182,7.702121,0.000000,-0.000000,5.0000,1.000000,-1.675678,2676.0142,0,1,clay,1.0000,0.500000,0,0,0.000000,0.000000,0.000000,0,nan,0.00,-0.027956,0.3593,0.0410,-0.014761,-0.4448,0.49,7.67,8.66,8.42,0.148791,0.1652,-0.9769,0.008000,0.052057,0.0087,0.065082,-0.053478,-0.008941,206.8728098316807,70.36778671770912,233.6218028543413,81.40584474893407,0.020213,0.007523,6409.1,6211.4,0.214169,0.058580,1.000000,3.9880,1.0000,,,,,
3.4200,1778839082.017879,285,7.934979,0.204402,0.001356,3.9629,-0.1079,-0.049323,7.758488,0.146561,0.002292,4.0349,7.969495,0.202927,0.000974,3.9871,-0.0983,-0.040104,0.456845,-0.0061,7.969495,-0.000000,0.000000,5.0000,-0.730150,-1.638297,2840.8698,0,1,clay,1.0000,0.500000,0,0,0.000000,0.000000,0.000000,0,nan,0.00,-0.044551,0.3570,0.0442,-0.023523,-0.4645,0.50,8.03,9.02,10.06,0.146561,0.1313,-0.9651,0.008000,0.203068,-0.0046,0.060330,-0.037631,-0.000109,84.55209845276667,-329.69093572282816,430.75153140758044,88.2547678182828,0.032223,0.007222,6412.6,6208.0,0.208122,0.064062,1.000000,3.9831,1.0000,,,,,
3.4320,1778839082.029773,286,7.785111,0.123976,-0.003310,3.9726,-0.0774,-0.046260,7.806986,0.144368,0.001723,4.0452,7.821012,0.122291,-0.003722,3.9852,-0.0965,-0.044242,0.452719,-0.0301,7.821012,-0.000000,-0.000000,5.0000,1.000000,-1.642950,2738.8298,0,1,clay,1.0000,0.500000,0,0,0.000000,0.000000,0.000000,0,nan,0.00,-0.021823,0.3548,0.0474,-0.011523,-0.4842,0.49,8.25,9.24,9.51,0.144368,0.0987,-0.9548,0.008000,0.067974,-0.2838,0.033719,-0.036655,-0.011430,407.37028394602123,-307.2162530933349,256.96010037606004,56.02331912457949,0.021729,0.005746,6413.6,6207.0,0.206413,0.062322,-0.730150,3.9811,1.0000,,,,,
3.4440,1778839082.041859,287,7.899300,0.164593,0.002883,4.0738,-0.1203,-0.043436,7.855584,0.142284,0.001210,4.0508,7.936235,0.163140,0.002492,4.0031,-0.0938,-0.037782,0.435813,-0.0023,7.936235,-0.000000,0.000000,5.0000,-0.319780,-1.609442,2831.4621,0,1,clay,1.0000,0.500000,0,0,0.000000,0.000000,0.000000,0,nan,0.00,-0.029091,0.3526,0.0507,-0.015360,-0.5035,0.49,8.34,9.32,8.86,0.142284,0.0693,-0.9492,0.008000,0.084246,-0.1401,0.024786,-0.037862,-0.005894,635.438248331599,-537.077528942694,458.3778142167582,95.15563402969775,0.033971,0.006843,6417.8,6202.8,0.199123,0.044909,1.000000,3.9990,1.0000,,,,,
3.4560,1778839082.054068,288,7.956399,0.193497,-0.002293,4.0289,-0.0583,-0.041346,7.904262,0.140295,0.000746,4.0586,7.993806,0.191903,-0.002691,4.0089,-0.0881,-0.039832,0.433029,-0.0183,7.993806,-0.000000,0.000000,5.0000,-1.000000,-1.599639,2878.5680,0,1,clay,1.0000,0.500000,0,0,0.000000,0.000000,0.000000,0,nan,0.00,-0.051818,0.3504,0.0541,-0.027360,-0.5227,0.50,8.58,9.58,9.94,0.140295,0.0427,-0.9414,0.008000,0.101826,-0.1956,0.003917,-0.020555,0.009284,767.3722145683593,468.6043481493956,482.8495737616194,49.00919035580655,0.027277,0.004914,6418.5,6202.1,0.197833,0.048447,-0.319780,4.0048,1.0000,,,,,
3.4680,1778839082.065875,289,8.018825,0.203940,0.003657,4.1225,-0.0093,-0.031747,7.953018,0.138401,0.000313,4.0649,8.057406,0.202672,0.003251,4.0317,-0.0774,-0.042236,0.419623,-0.0369,8.057406,0.000000,0.000000,5.0000,-1.000000,-1.575507,2961.2484,0,1,clay,1.0000,0.500000,0,0,0.000000,0.000000,0.000000,0,nan,0.00,-0.074546,0.3482,0.0575,-0.039360,-0.5416,0.50,8.63,9.62,8.90,0.138401,0.0179,-0.9351,0.008000,0.085258,-0.2117,0.005830,-0.005345,0.010397,259.18986691684296,537.677277962833,16.04938073340199,-22.154343333258964,0.009713,0.001782,6421.8,6198.7,0.192040,0.026159,-1.000000,4.0276,1.0000,,,,,
3.4800,1778839082.078071,290,7.922057,0.151424,-0.001824,4.1400,-0.0396,-0.034108,8.001840,0.136621,-0.000077,4.0707,7.961041,0.149986,-0.002235,4.0533,-0.0739,-0.044546,0.401111,-0.0490,7.961041,-0.000000,0.000000,5.0000,0.879919,-1.582166,2927.9380,0,1,clay,1.0000,0.500000,0,0,0.000000,0.000000,0.000000,0,nan,0.00,-0.054547,0.3460,0.0609,-0.028801,-0.5606,0.50,8.57,9.57,8.26,0.136621,-0.0044,-0.9293,0.008000,0.154199,0.1151,0.027924,-0.013150,-0.008149,26.269859670117114,696.8273370358625,-276.71176613767943,-44.77987826742951,-0.005133,0.000536,6426.5,6194.0,0.183800,0.023139,-1.000000,4.0493,1.0000,,,,,
3.4920,1778839082.089998,291,8.039392,0.174175,-0.000712,4.1066,-0.1340,-0.036099,8.050731,0.134870,-0.000495,4.0766,8.078304,0.172756,-0.001088,4.0641,-0.0788,-0.037900,0.379156,-0.0204,8.078304,0.000000,0.000000,5.0000,0.628338,-1.553396,3028.4533,0,1,clay,1.0000,0.500000,0,0,0.000000,0.000000,0.000000,0,nan,0.00,-0.040267,0.3439,0.0644,-0.021261,-0.5792,0.50,8.67,9.67,9.20,0.134870,-0.0284,-0.9234,0.008000,0.058097,-0.4546,0.015572,-0.022722,-0.004841,-136.97575129925758,594.3902279682878,14.049944569733626,55.63307821165792,0.007846,0.003875,6432.1,6188.5,0.174103,0.028445,0.879919,4.0604,1.0000,,,,,
3.5040,1778839082.101858,292,8.065060,0.239773,0.002918,4.0297,-0.0969,-0.050578,8.099661,0.132847,-0.001107,4.0791,8.104261,0.238463,0.002532,4.0581,-0.0790,-0.037471,0.371516,-0.0152,8.104261,0.000000,0.000000,5.0000,-1.000000,-1.496944,3024.0567,0,1,clay,1.0000,0.500000,0,0,0.000000,0.000000,0.000000,0,nan,0.00,-0.062994,0.3417,0.0679,-0.033261,-0.5972,0.50,8.96,9.96,10.65,0.132847,-0.0634,-0.9209,0.008000,0.285602,-0.1870,0.008479,-0.056808,-0.041485,89.67715439149174,-266.02004540413463,203.7567502935247,55.47186351067387,0.016801,0.003627,6434.1,6186.5,0.170666,0.045551,0.628338,4.0545,1.0000,,,,,
3.5160,1778839082.113732,293,8.236584,0.027849,-0.003924,4.1226,-0.1082,-0.051539,8.148646,0.130793,-0.001713,4.0849,8.277014,0.026094,-0.004364,4.0712,-0.0880,-0.045002,0.352964,-0.0432,8.277014,-0.000000,-0.000000,5.0000,1.000000,-1.374360,3168.1144,0,1,clay,1.0000,0.500000,0,0,0.000000,0.000000,0.000000,0,nan,0.00,-0.040267,0.3396,0.0715,-0.021261,-0.6137,0.49,9.15,10.12,10.17,0.130793,-0.0981,-0.9151,0.008000,0.154637,-0.0240,0.028564,-0.035568,-0.015789,284.8813781718151,-695.3657912369059,-38.22917716743838,72.54007409857421,0.006383,0.003872,6438.8,6181.8,0.162415,0.020371,-1.000000,4.0677,1.0000,,,,,
3.5280,1778839082.125900,294,8.161279,0.068411,-0.006333,4.0973,-0.0728,-0.039369,8.197673,0.128907,-0.002212,4.0852,8.202566,0.066646,-0.006742,4.0767,-0.0785,-0.037292,0.316594,-0.0111,8.202566,0.000000,-0.000000,5.0000,1.000000,-1.336633,3121.4534,0,1,clay,1.0000,0.500000,0,0,0.000000,0.000000,0.000000,0,nan,0.00,-0.017540,0.3375,0.0750,-0.009261,-0.6297,0.49,9.39,10.38,10.77,0.128907,-0.1267,-0.9148,0.008000,0.238553,-0.1889,0.040598,-0.038096,-0.018352,379.4580109959276,400.929028156487,205.5547420023431,73.63352344099721,0.017103,0.003382,6448.3,6172.3,0.145938,0.029602,1.000000,4.0734,1.0000,,,,,
3.5400,1778839082.137836,295,8.188198,0.196151,-0.005411,4.1046,-0.0550,-0.035851,8.246740,0.127134,-0.002668,4.0906,8.230595,0.194516,-0.005796,4.0828,-0.0694,-0.032227,0.318875,0.0011,8.230595,0.000000,-0.000000,5.0000,-0.037739,-1.089770,3158.0081,0,1,clay,1.0000,0.500000,0,0,0.000000,0.000000,0.000000,0,nan,0.00,-0.018397,0.3354,0.0785,-0.009714,-0.6428,0.50,9.63,10.63,10.97,0.127134,-0.1529,-0.9094,0.008000,0.097213,0.1567,0.048957,-0.033923,-0.018152,336.9526930489291,-227.39045000998487,367.3188425734578,44.16375219981079,0.026951,0.002427,6447.7,6172.9,0.146927,0.029556,1.000000,4.0794,1.0000,,,,,
3.5520,1778839082.149532,296,8.271680,0.082381,-0.000810,4.0834,-0.0780,-0.040233,8.295829,0.125367,-0.003138,4.0939,8.314791,0.080911,-0.001206,4.0837,-0.0705,-0.033860,0.320012,-0.0101,8.314791,-0.000000,-0.000000,5.0000,1.000000,-1.041430,3206.6261,0,1,clay,1.0000,0.500000,0,0,0.000000,0.000000,0.000000,0,nan,0.00,0.004330,0.3333,0.0820,0.002286,-0.6553,0.47,9.67,10.61,9.92,0.125367,-0.1798,-0.9061,0.008000,0.092808,0.0273,0.033534,-0.034327,-0.018499,107.99282897780466,-468.1171718121674,529.633603936026,44.16817488462674,0.026221,0.002394,6448.0,6172.6,0.146379,0.031513,-0.037739,4.0802,1.0000,,,,,
3.5640,1778839082.162318,297,8.365108,0.151481,-0.013964,4.0741,-0.0706,-0.042725,8.344968,0.123526,-0.003659,4.0966,8.408298,0.149526,-0.014334,4.0823,-0.0635,-0.028231,0.306752,0.0129,8.408298,-0.000000,0.000000,5.0000,1.000000,-1.059073,3257.9342,0,1,clay,1.0000,0.500000,0,0,0.000000,0.000000,0.000000,0,nan,0.00,0.027057,0.3313,0.0855,0.014286,-0.6680,0.46,9.84,10.76,10.79,0.123526,-0.2097,-0.9034,0.008000,0.038187,-0.4177,0.026824,-0.022607,-0.005402,233.1903584819727,487.7732652655954,521.5010481864886,32.05446520502703,0.037853,0.001818,6451.5,6169.1,0.140312,0.030460,1.000000,4.0790,1.0000,,,,,
3.5760,1778839082.173595,298,8.324473,0.070995,-0.001374,4.1164,-0.0696,-0.043877,8.394147,0.121709,-0.004172,4.1000,8.368314,0.069635,-0.001730,4.0895,-0.0582,-0.024429,0.296333,0.0250,8.368314,-0.000000,-0.000000,5.0000,1.000000,-1.006919,3264.4255,0,1,clay,1.0000,0.500000,0,0,0.000000,0.000000,0.000000,0,nan,0.00,0.049784,0.3292,0.0889,0.026286,-0.6801,0.44,10.03,10.91,11.08,0.121709,-0.2391,-0.9000,0.008000,0.180508,-0.0230,0.012637,-0.010061,0.011299,484.9141930357493,-449.6145622041166,664.5824488787556,16.454210734968413,0.049521,0.001207,6454.0,6166.5,0.135857,0.022231,1.000000,4.0863,1.0000,,,,,
3.5880,1778839082.185758,299,8.383184,0.165343,-0.005062,4.1400,-0.1138,-0.042091,8.443357,0.119946,-0.004676,4.1027,8.427899,0.163784,-0.005399,4.0998,-0.0603,-0.020185,0.283099,0.0372,8.427899,-0.000000,0.000000,5.0000,0.021847,-1.040204,3301.1166,0,1,clay,1.0000,0.500000,0,0,0.000000,0.000000,0.000000,0,nan,0.00,0.050281,0.3272,0.0923,0.026548,-0.6926,0.44,10.15,11.04,10.87,0.119946,-0.2679,-0.8973,0.008000,0.035067,0.0933,0.003273,-0.025177,0.004357,518.0456018840669,832.5866547249453,819.3461290059072,72.65020796366875,0.063168,0.002949,6457.5,6163.1,0.129850,0.014939,1.000000,4.0967,1.0000,,,,,
3.6000,1778839082.197631,300,8.433006,0.125406,0.000673,4.1549,-0.0638,-0.040213,8.492597,0.118242,-0.005160,4.1053,8.478316,0.124122,0.000330,4.1109,-0.0584,-0.021530,0.265894,0.0268,8.478316,-0.000000,0.000000,5.0000,-0.298903,-1.004689,3360.2281,0,1,clay,1.0000,0.500000,0,0,0.000000,0.000000,0.000000,0,nan,0.00,0.043488,0.3252,0.0957,0.022961,-0.7046,0.44,10.29,11.16,11.04,0.118242,-0.2956,-0.8947,0.008000,0.061338,0.3181,0.005884,-0.032605,-0.010361,694.8611858947756,-312.51072861326884,1029.4525864694913,50.59365283265943,0.062233,0.002140,6461.7,6158.8,0.122466,0.009689,0.021847,4.1079,1.0000,,,,,
3.6120,1778839082.209729,301,8.601925,0.075901,-0.005523,4.1504,0.0007,-0.032385,8.541861,0.116714,-0.005565,4.1058,8.647878,0.074484,-0.005861,4.1190,-0.0467,-0.021808,0.252693,0.0196,8.647878,0.000000,0.000000,5.0000,1.000000,-0.928169,3464.5382,0,1,clay,1.0000,0.500000,0,0,0.000000,0.000000,0.000000,0,nan,0.00,0.066215,0.3232,0.0990,0.034961,-0.7157,0.44,10.20,11.08,9.72,0.116714,-0.3189,-0.8942,0.008000,0.175672,-0.2469,0.020865,-0.008287,0.000852,1003.0382139253824,-28.401406764037233,914.6804218213044,-48.164226441832405,0.054079,-0.000912,6465.1,6155.4,0.116525,0.010937,-0.298903,4.1162,1.0000,,,,,
3.6240,1778839082.222018,302,8.663424,0.073775,-0.003171,4.1932,0.0281,-0.025258,8.591145,0.115403,-0.005863,4.1075,8.709323,0.072782,-0.003447,4.1338,-0.0257,-0.013120,0.237103,0.0461,8.709323,0.000000,-0.000000,5.0000,0.774013,-0.918902,3523.8933,0,1,clay,1.0000,0.500000,0,0,0.000000,0.000000,0.000000,0,nan,0.00,0.083806,0.3212,0.1023,0.044250,-0.7268,0.45,9.68,10.59,6.72,0.115403,-0.3359,-0.8925,0.008000,0.068614,0.3262,0.024539,-0.017760,-0.030095,1100.987414870232,-77.78617347832505,801.0897734243244,-156.13349628809408,0.060538,-0.004070,6469.3,6151.3,0.109242,-0.003106,1.000000,4.1311,1.0000,,,,,
3.6360,1778839082.233822,303,8.657675,0.073544,-0.012556,4.1778,-0.0649,-0.027458,8.640445,0.114108,-0.006207,4.1087,8.701577,0.072200,-0.012792,4.1426,-0.0273,-0.010191,0.233257,0.0525,8.701577,0.000000,-0.000000,5.0000,1.000000,-0.910586,3536.6967,0,1,clay,1.0000,0.500000,0,0,0.000000,0.000000,0.000000,0,nan,0.00,0.106533,0.3192,0.1056,0.056250,-0.7377,0.46,9.73,10.65,10.00,0.114108,-0.3556,-0.8913,0.008000,0.053021,-0.1194,0.031769,-0.015630,-0.021595,1043.0047596933935,-45.14410816232214,916.3423304433164,-101.83804907269482,0.069907,-0.002436,6470.4,6150.1,0.107294,-0.002164,0.774013,4.1401,1.0000,,,,,
3.6480,1778839082.245759,304,8.739175,0.057264,-0.002022,4.1990,-0.0528,-0.031453,8.689753,0.112818,-0.006585,4.1090,8.783375,0.056445,-0.002229,4.1538,-0.0237,-0.005250,0.215636,0.0669,8.783375,-0.000000,-0.000000,5.0000,0.756264,-0.913503,3623.5171,0,1,clay,1.0000,0.500000,0,0,0.000000,0.000000,0.000000,0,nan,0.00,0.123721,0.3173,0.1088,0.065325,-0.7487,0.46,9.50,10.41,8.19,0.112818,-0.3773,-0.8910,0.008000,0.158637,0.4009,0.036787,-0.022384,-0.024756,951.7699306811023,855.3865877860379,1041.2713832643499,-88.8908748647042,0.081680,-0.002005,6474.9,6145.7,0.099491,-0.009135,1.000000,4.1515,1.0000,,,,,
3.6600,1778839082.257829,305,8.671098,0.152121,-0.010593,4.0818,-0.0645,-0.021866,8.739072,0.111705,-0.006891,4.1099,8.714172,0.150988,-0.010762,4.1402,-0.0243,-0.001562,0.207043,0.0732,8.714172,0.000000,-0.000000,5.0000,-1.000000,-0.861638,3555.5735,0,1,clay,1.0000,0.500000,0,0,0.000000,0.000000,0.000000,0,nan,0.00,0.100994,0.3153,0.1120,0.053325,-0.7590,0.46,9.08,10.00,6.75,0.111705,-0.3948,-0.8901,0.008000,0.098892,-0.3438,0.022363,-0.038785,-0.038543,1228.113767295886,-55.78242513389557,1147.9155641415864,-35.76363147556981,0.090547,-0.000351,6477.1,6143.4,0.095615,0.013756,0.756264,4.1380,1.0000,,,,,
3.6720,1778839082.269823,306,8.782383,0.143579,-0.008710,4.1389,0.0449,-0.015633,8.788372,0.110845,-0.007080,4.1065,8.823814,0.142702,-0.008880,4.1402,-0.0151,-0.006739,0.195193,0.0433,8.823814,-0.000000,-0.000000,5.0000,-1.000000,-0.853477,3609.6986,0,1,clay,1.0000,0.500000,0,0,0.000000,0.000000,0.000000,0,nan,0.00,0.078267,0.3134,0.1151,0.041325,-0.7692,0.46,9.35,10.27,10.82,0.110845,-0.4056,-0.8935,0.008000,0.035739,0.4840,0.025178,-0.014912,-0.028912,1375.1581454268328,408.37433800176393,1045.4553219078362,-156.10676419821843,0.072733,-0.003631,6480.3,6140.2,0.089994,0.005181,-1.000000,4.1382,1.0000,,,,,
3.6840,1778839082.281710,307,8.813443,0.026611,-0.004985,4.0840,0.0151,-0.003597,8.837647,0.110313,-0.007115,4.1041,8.855812,0.025986,-0.005133,4.1296,-0.0101,-0.006437,0.180316,0.0311,8.855812,-0.000000,-0.000000,5.0000,1.000000,-0.801351,3615.1841,0,1,clay,1.0000,0.500000,0,0,0.000000,0.000000,0.000000,0,nan,0.00,0.100994,0.3115,0.1182,0.053325,-0.7789,0.46,8.98,9.89,6.89,0.110313,-0.4077,-0.8958,0.008000,0.048792,-0.0466,0.008559,-0.022143,-0.041442,1264.1318681908124,1438.5884164875124,866.5939645871136,-174.01583661001115,0.056578,-0.003932,6484.1,6136.5,0.083483,0.012692,-1.000000,4.1277,1.0000,,,,,
3.6960,1778839082.293795,308,8.797165,0.166326,-0.013505,4.1357,-0.0319,0.004903,8.886882,0.110061,-0.007060,4.1008,8.837998,0.165508,-0.013574,4.1310,-0.0056,0.004098,0.173315,0.0632,8.837998,-0.000000,-0.000000,5.0000,-1.000000,-0.762896,3586.8129,0,1,clay,1.0000,0.500000,0,0,0.000000,0.000000,0.000000,0,nan,0.00,0.078267,0.3096,0.1213,0.041325,-0.7880,0.46,8.57,9.48,6.25,0.110061,-0.4045,-0.8992,0.008000,0.043016,-0.3488,0.001123,-0.022041,-0.035692,1486.7610682094246,227.57895197564847,887.5626848486718,-79.57623683523846,0.066750,-0.001282,6486.1,6134.5,0.080024,-0.001278,1.000000,4.1292,1.0000,,,,,
3.7080,1778839082.305861,309,8.924711,0.164327,-0.002139,4.0696,0.1551,-0.000166,8.936084,0.109802,-0.007087,4.0985,8.963812,0.164267,-0.002206,4.1192,0.0180,-0.000403,0.156775,0.0318,8.963812,-0.000000,0.000000,5.0000,-1.000000,-0.704859,3648.9423,0,1,clay,1.0000,0.500000,0,0,0.000000,0.000000,0.000000,0,nan,0.00,0.055539,0.3077,0.1243,0.029325,-0.7965,0.46,8.26,9.19,6.53,0.109802,-0.4060,-0.9015,0.008000,0.060700,-0.0181,-0.019809,0.009483,-0.035732,1497.8598040593001,802.160781530462,729.6531998695659,-349.52870793558907,0.044906,-0.008338,6490.4,6130.1,0.072420,0.008411,-1.000000,4.1177,1.0000,,,,,
3.7200,1778839082.317815,310,8.969007,0.095462,-0.010908,4.0798,-0.0822,0.001178,8.985217,0.109677,-0.007076,4.0901,9.006824,0.094914,-0.010966,4.1118,-0.0008,-0.001923,0.154026,0.0201,9.006824,0.000000,0.000000,5.0000,0.379933,-0.674255,3695.8540,0,1,clay,1.0000,0.500000,0,0,0.000000,0.000000,0.000000,0,nan,0.00,0.064174,0.3058,0.1272,0.033884,-0.8046,0.47,7.95,8.89,6.18,0.109677,-0.4054,-0.9099,0.008000,0.096094,-0.1642,-0.033928,-0.023035,-0.046443,1203.1468951296185,538.9534849280457,599.2225798701222,-142.23651775079603,0.036002,-0.002770,6491.3,6129.2,0.070871,0.019127,-1.000000,4.1104,1.0000,,,,,
3.7320,1778839082.329799,311,9.097117,0.142823,-0.013893,4.0168,0.0612,0.007755,9.034276,0.109767,-0.006983,4.0858,9.133548,0.142371,-0.013910,4.0936,0.0135,0.003875,0.142384,0.0373,9.133548,0.000000,0.000000,5.0000,-1.000000,-0.698457,3739.2587,0,1,clay,1.0000,0.500000,0,0,0.000000,0.000000,0.000000,0,nan,0.00,0.041447,0.3039,0.1301,0.021884,-0.8129,0.48,7.67,8.62,6.06,0.109767,-0.4001,-0.9142,0.008000,0.080280,-0.5233,-0.065205,-0.013747,-0.041040,1074.4715567716337,439.7639974860948,572.5044786973322,-213.09221360294487,0.035812,-0.004513,6494.4,6126.2,0.065518,0.019880,0.379933,4.0923,1.0000,,,,,
3.7440,1778839082.341793,312,9.057004,0.112458,-0.003513,3.9806,0.0756,0.007714,9.083259,0.109970,-0.006869,4.0786,9.092086,0.112483,-0.003527,4.0717,0.0207,0.000992,0.118380,0.0133,9.092086,0.000000,0.000000,5.0000,0.922869,-0.640516,3673.6147,0,1,clay,1.0000,0.500000,0,0,0.000000,0.000000,0.000000,0,nan,0.00,0.062421,0.3021,0.1330,0.032958,-0.8206,0.48,7.51,8.46,6.62,0.109970,-0.3936,-0.9214,0.008000,0.077172,0.5901,-0.095305,-0.022515,-0.064873,732.77552466952,561.1118439144498,308.1451985337665,-307.8312354451057,0.019268,-0.006627,6500.5,6120.1,0.054926,0.030256,-1.000000,4.0707,1.0000,,,,,
3.7560,1778839082.353797,313,9.106290,0.101094,-0.004762,4.0108,0.0823,0.012054,9.132157,0.110321,-0.006706,4.0709,9.140596,0.101261,-0.004732,4.0600,0.0361,0.008737,0.101447,0.0408,9.140596,0.000000,0.000000,5.0000,-0.677350,-0.633281,3692.9323,0,1,clay,1.0000,0.500000,0,0,0.000000,0.000000,0.000000,0,nan,0.00,0.047027,0.3003,0.1358,0.024830,-0.8282,0.47,7.36,8.30,6.52,0.110321,-0.3842,-0.9291,0.008000,0.104385,-0.1151,-0.116338,-0.003021,-0.050265,299.48903199282364,54.71511643061831,376.8100492767717,-384.18783355644655,0.026002,-0.008302,6504.9,6115.7,0.047182,0.019554,0.922869,4.0591,1.0000,,,,,
3.7680,1778839082.365893,314,9.187992,0.197577,-0.005468,4.0785,-0.0639,0.013552,9.180986,0.110617,-0.006591,4.0657,9.221725,0.197571,-0.005432,4.0634,0.0162,0.006816,0.069326,0.0192,9.221725,0.000000,-0.000000,5.0000,-1.000000,-0.591598,3735.3064,0,1,clay,1.0000,0.500000,0,0,0.000000,0.000000,0.000000,0,nan,0.00,0.024300,0.2984,0.1385,0.012830,-0.8353,0.47,7.18,8.12,6.15,0.110617,-0.3776,-0.9343,0.008000,0.080354,0.3123,-0.098096,-0.017520,-0.044856,537.3744476072478,115.52001127545554,373.62978233811873,-168.2315873508129,0.021241,-0.002542,6513.1,6107.5,0.032931,-0.000888,-0.677350,4.0628,1.0000,,,,,
3.7800,1778839082.377875,315,9.274130,-0.000704,-0.001110,4.0597,-0.0262,0.022757,9.229716,0.111096,-0.006362,4.0567,9.307186,-0.000612,-0.001060,4.0626,0.0064,0.006503,0.041780,0.0047,9.307186,-0.000000,-0.000000,5.0000,1.000000,-0.534410,3811.7507,0,1,clay,1.0000,0.500000,0,0,0.000000,0.000000,0.000000,0,nan,0.00,0.047027,0.2966,0.1412,0.024830,-0.8417,0.48,7.05,8.01,6.34,0.111096,-0.3645,-0.9433,0.008000,0.141889,0.4838,-0.097480,-0.014503,-0.025728,386.4173314211252,581.9183780916673,101.75705595250008,-23.19612952722126,0.009458,0.001052,6520.2,6100.4,0.020573,0.000223,-1.000000,4.0622,1.0000,,,,,
3.7920,1778839082.389774,316,9.198882,0.071470,-0.002663,3.9595,0.0859,0.019933,9.278351,0.111686,-0.006091,4.0499,9.231308,0.071707,-0.002575,4.0425,0.0248,0.013948,0.021339,0.0329,9.231308,0.000000,-0.000000,5.0000,1.000000,-0.492506,3706.1024,0,1,clay,1.0000,0.500000,0,0,0.000000,0.000000,0.000000,0,nan,0.00,0.069754,0.2948,0.1438,0.036830,-0.8477,0.48,6.98,7.95,6.59,0.111686,-0.3490,-0.9501,0.008000,0.085675,0.1784,-0.105280,-0.030115,-0.058668,-402.3499035032147,-154.12156352272348,216.49745768212196,-144.04357023572987,0.016466,-0.001627,6525.5,6095.1,0.011315,0.021847,1.000000,4.0423,1.0000,,,,,
3.8040,1778839082.401796,317,9.319090,0.091688,-0.004060,4.0133,0.0595,0.008775,9.326891,0.111995,-0.006001,4.0409,9.351172,0.091966,-0.003959,4.0369,0.0341,0.017033,0.023735,0.0448,9.351172,-0.000000,-0.000000,5.0000,-0.461480,-0.458435,3782.5288,0,1,clay,1.0000,0.500000,0,0,0.000000,0.000000,0.000000,0,nan,0.00,0.059266,0.2930,0.1463,0.031292,-0.8532,0.48,6.90,7.86,6.43,0.111995,-0.3439,-0.9591,0.008000,0.096295,0.5216,-0.111602,0.000289,-0.027542,-996.0191760860473,802.287127566668,411.3185346389392,-225.3123488012211,0.026552,-0.003448,6525.0,6095.6,0.012208,0.005426,1.000000,4.0367,1.0000,,,,,
3.8160,1778839082.413866,318,9.395386,0.113418,-0.001975,4.0392,0.0059,0.002612,9.375352,0.112315,-0.005874,4.0329,9.427170,0.113691,-0.001893,4.0374,0.0277,0.013172,0.020868,0.0277,9.427170,-0.000000,0.000000,5.0000,-1.000000,-0.455484,3851.2907,0,1,clay,1.0000,0.500000,0,0,0.000000,0.000000,0.000000,0,nan,0.00,0.036539,0.2912,0.1488,0.019292,-0.8586,0.49,6.79,7.76,6.15,0.112315,-0.3365,-0.9671,0.008000,0.055330,0.0156,-0.097705,0.024285,0.006364,486.2640964880174,-481.3654324720127,427.39413562807044,-200.8670387290594,0.022521,-0.002851,6525.8,6094.8,0.010807,-0.001056,-0.461480,4.0372,1.0000,,,,,
3.8280,1778839082.425781,319,9.333975,0.128444,-0.007305,3.9859,0.0614,0.029201,9.423716,0.112904,-0.005584,4.0277,9.365172,0.128612,-0.007209,4.0274,0.0308,0.012982,0.010153,0.0115,9.365172,-0.000000,-0.000000,5.0000,0.277466,-0.427102,3762.0130,0,1,clay,1.0000,0.500000,0,0,0.000000,0.000000,0.000000,0,nan,0.00,0.042845,0.2895,0.1513,0.022622,-0.8637,0.48,6.78,7.74,6.75,0.112904,-0.3199,-0.9722,0.008000,0.092402,0.2208,-0.099962,0.015163,-0.012632,682.9877417769819,130.20903422658785,52.1041512125509,-196.67841302673247,0.007015,-0.002857,6528.5,6092.1,0.006041,0.004394,-1.000000,4.0273,1.0000,,,,,
3.8400,1778839082.437853,320,9.492216,0.078930,-0.013179,3.9404,0.0421,0.031502,9.471976,0.113684,-0.005196,4.0180,9.523247,0.078992,-0.013050,4.0104,0.0345,0.018125,-0.011789,0.0248,9.523247,0.000000,0.000000,5.0000,0.331497,-0.389029,3847.1930,0,1,clay,1.0000,0.500000,0,0,0.000000,0.000000,0.000000,0,nan,0.00,0.050379,0.2877,0.1536,0.026600,-0.8684,0.48,6.67,7.63,6.04,0.113684,-0.2977,-0.9820,0.008000,0.078317,0.0197,-0.097344,0.012516,-0.011054,369.40311413847735,-203.9074015696517,70.94787099947976,-149.91916100141225,0.008228,-0.001746,6534.1,6086.5,-0.003746,0.016249,0.277466,4.0105,1.0000,,,,,
3.8520,1778839082.449762,321,9.527581,0.165575,-0.006416,4.0967,-0.0005,0.035019,9.520125,0.114516,-0.004800,4.0092,9.558240,0.165845,-0.006259,4.0269,0.0295,0.022106,-0.031140,0.0291,9.558240,0.000000,0.000000,5.0000,-1.000000,-0.341235,3912.4908,0,1,clay,1.0000,0.500000,0,0,0.000000,0.000000,0.000000,0,nan,0.00,0.027652,0.2860,0.1559,0.014600,-0.8725,0.47,6.73,7.67,7.05,0.114516,-0.2750,-0.9908,0.008000,0.059455,-0.1712,-0.056385,0.000725,-0.012566,-379.26224994421466,38.20868610622381,175.51343192287618,-2.372997801790987,0.012381,0.001496,6539.1,6081.5,-0.012442,-0.023876,0.331497,4.0272,1.0000,,,,,
3.8640,1778839082.461777,322,9.610673,0.174057,-0.006148,3.9518,0.0057,0.028826,9.568164,0.115264,-0.004451,4.0003,9.641425,0.174291,-0.005992,4.0122,0.0221,0.019345,-0.052189,0.0069,9.641425,0.000000,0.000000,5.0000,-1.000000,-0.317647,3948.3789,0,1,clay,1.0000,0.500000,0,0,0.000000,0.000000,0.000000,0,nan,0.00,0.004924,0.2842,0.1581,0.002600,-0.8763,0.47,6.68,7.61,6.40,0.115264,-0.2550,-0.9997,0.008000,0.094676,-0.1312,-0.057524,-0.012339,-0.016741,-373.0272784776999,86.98638995819056,-86.95910927990553,80.36539025151609,0.000603,0.003314,6544.5,6076.0,-0.021889,0.010998,-1.000000,4.0126,1.0000,,,,,
3.8760,1778839082.473912,323,9.622597,0.049519,-0.011619,4.0814,-0.0230,0.030784,9.616094,0.116061,-0.004060,3.9901,9.653350,0.049512,-0.011463,4.0253,0.0115,0.017899,-0.078564,-0.0050,9.653350,0.000000,0.000000,5.0000,1.000000,-0.281611,3973.6905,0,1,clay,1.0000,0.500000,0,0,0.000000,0.000000,0.000000,0,nan,0.00,0.027652,0.2825,0.1603,0.014600,-0.8797,0.48,6.64,7.60,6.40,0.116061,-0.2326,-1.0099,0.008000,0.148655,-0.3935,-0.044468,0.021232,0.029285,-281.34864524285166,1350.1231235644339,-311.8248635886697,226.0243702676957,-0.009904,0.006297,6551.2,6069.3,-0.033617,-0.027012,-1.000000,4.0259,1.0000,,,,,
3.8880,1778839082.485851,324,9.683633,0.150533,-0.011876,3.9316,0.0258,0.024713,9.663920,0.116841,-0.003692,3.9817,9.714035,0.150580,-0.011702,4.0068,0.0179,0.023016,-0.109400,0.0222,9.714035,0.000000,-0.000000,5.0000,-1.000000,-0.229178,3978.5720,0,1,clay,1.0000,0.500000,0,0,0.000000,0.000000,0.000000,0,nan,0.00,0.004924,0.2808,0.1624,0.002600,-0.8825,0.47,6.57,7.52,6.19,0.116841,-0.2116,-1.0183,0.008000,0.152840,-0.6570,-0.059123,-0.001913,-0.002013,-1280.1677823307814,610.5702928395942,-74.41564985741758,220.98995501464563,0.001324,0.005896,6559.1,6061.4,-0.047361,0.011178,1.000000,4.0076,1.0000,,,,,
3.9000,1778839082.497862,325,9.796481,0.240699,-0.002115,3.9713,0.0063,0.022242,9.711642,0.117379,-0.003435,3.9732,9.826522,0.240984,-0.001959,3.9997,0.0120,0.018084,-0.126809,-0.0049,9.826522,-0.000000,-0.000000,4.9996,-1.000000,-0.147324,4039.3981,0,1,clay,1.0000,0.500000,0,0,0.000000,0.000000,0.000000,0,nan,0.00,-0.017803,0.2791,0.1644,-0.009400,-0.8842,0.47,6.53,7.47,6.27,0.117379,-0.1968,-1.0264,0.008000,0.230708,-0.0535,-0.044050,-0.023673,-0.020495,-460.02115796454575,-158.59308519042008,-273.2095164222432,248.39429612815815,-0.010146,0.006295,6563.6,6056.9,-0.055231,-0.009552,-1.000000,4.0006,1.0000,,,,,
3.9120,1778839082.509907,326,9.701122,0.105941,-0.003387,3.9347,-0.0047,0.032833,9.759254,0.118043,-0.003079,3.9647,9.730936,0.106153,-0.003231,3.9869,0.0061,0.016713,-0.128110,-0.0169,9.730936,0.000000,-0.000000,5.0000,-0.418023,-0.099855,3960.0615,0,1,clay,1.0000,0.500000,0,0,0.000000,0.000000,0.000000,0,nan,0.00,-0.027304,0.2774,0.1663,-0.014416,-0.8854,0.48,6.51,7.46,6.42,0.118043,-0.1764,-1.0353,0.008000,0.054602,-0.0648,-0.051441,-0.028387,-0.016956,-173.40434660915145,154.26125835929474,-478.5059512018718,328.4312525757992,-0.022022,0.008045,6564.1,6056.4,-0.056079,-0.001403,-1.000000,3.9879,1.0000,,,,,
3.9240,1778839082.521769,327,9.834468,0.086634,-0.006100,3.9547,-0.0538,0.036272,9.806760,0.118827,-0.002648,3.9544,9.864164,0.086693,-0.005934,3.9804,-0.0057,0.017756,-0.140746,-0.0175,9.864164,-0.000000,-0.000000,4.9994,1.000000,-0.116626,4032.6163,0,1,clay,1.0000,0.500000,0,0,0.000000,0.000000,0.000000,0,nan,0.00,-0.004576,0.2757,0.1681,-0.002416,-0.8868,0.48,6.48,7.43,6.32,0.118827,-0.1517,-1.0450,0.008000,0.031363,-0.3165,-0.058025,-0.012290,0.015850,-532.3930711670702,676.4995354658677,-522.8141407230493,509.16825055945077,-0.024804,0.012128,6567.4,6053.1,-0.061816,-0.009054,-0.418023,3.9814,1.0000,,,,,
3.9360,1778839082.533770,328,9.881076,0.113428,-0.006455,3.9831,-0.0190,0.023108,9.854156,0.119304,-0.002394,3.9443,9.910679,0.113481,-0.006280,3.9808,-0.0048,0.021303,-0.135738,0.0050,9.910679,-0.000000,0.000000,4.9993,-0.339606,-0.086537,4075.5724,0,1,clay,1.0000,0.500000,0,0,0.000000,0.000000,0.000000,0,nan,0.00,-0.012295,0.2741,0.1699,-0.006492,-0.8879,0.48,6.50,7.45,6.61,0.119304,-0.1372,-1.0550,0.008000,0.114482,-0.0312,-0.046620,-0.017144,0.012752,-1506.76869792795,-309.91933861133646,-325.6180485311411,522.6755873420379,-0.011660,0.012622,6566.1,6054.4,-0.059551,-0.020281,1.000000,3.9818,1.0000,,,,,
3.9480,1778839082.545863,329,9.942703,0.090170,-0.001095,3.8683,-0.0128,0.014601,9.901435,0.119579,-0.002211,3.9363,9.972163,0.090330,-0.000942,3.9587,-0.0081,0.017259,-0.151938,-0.0090,9.972163,-0.000000,0.000000,4.9996,-0.124864,-0.059742,4083.8421,0,1,clay,1.0000,0.500000,0,0,0.000000,0.000000,0.000000,0,nan,0.00,-0.015132,0.2724,0.1716,-0.007990,-0.8886,0.47,6.48,7.42,6.34,0.119579,-0.1267,-1.0633,0.008000,0.020967,0.5811,-0.049402,-0.036143,-0.007653,-1108.1447344646344,-367.9052193387023,-353.2972462995532,504.28365520710423,-0.014501,0.012078,6570.3,6050.3,-0.066802,0.006970,-0.339606,3.9598,1.0000,,,,,
3.9600,1778839082.558220,330,9.916377,0.239319,0.001098,3.8953,0.0710,0.020885,9.948609,0.119853,-0.001995,3.9268,9.945645,0.239640,0.001246,3.9459,0.0052,0.016676,-0.186141,-0.0089,9.945645,-0.000000,0.000000,4.9994,-1.000000,-0.009927,4023.9903,0,1,clay,1.0000,0.500000,0,0,0.000000,0.000000,0.000000,0,nan,0.00,-0.037860,0.2708,0.1732,-0.019990,-0.8887,0.47,6.47,7.41,6.46,0.119853,-0.1143,-1.0726,0.008000,0.082596,0.2948,-0.076500,0.011218,0.029607,-723.2957197569153,-642.3590734144516,-385.62487579746545,356.5470236894676,-0.019584,0.008038,6579.0,6041.6,-0.081992,-0.004619,-0.124864,3.9473,1.0000,,,,,
3.9720,1778839082.569808,331,10.007221,0.101999,0.001636,3.8809,-0.0351,0.025690,9.995652,0.120253,-0.001694,3.9175,10.036400,0.102248,0.001774,3.9330,-0.0056,0.013326,-0.199874,-0.0274,10.036400,0.000000,0.000000,5.0000,-1.000000,0.073004,4092.3516,0,1,clay,1.0000,0.500000,0,0,0.000000,0.000000,0.000000,0,nan,0.00,-0.060587,0.2691,0.1747,-0.031990,-0.8878,0.47,6.43,7.38,6.19,0.120253,-0.0971,-1.0825,0.008000,0.083107,0.3262,-0.072499,0.011634,0.038000,-156.25409724458353,-252.0016619606173,-475.65015928351437,460.4980787146044,-0.029657,0.010390,6582.6,6038.0,-0.088219,-0.001704,-1.000000,3.9345,1.0000,,,,,
3.9840,1778839082.582052,332,9.974182,0.117432,-0.005726,3.9741,0.0102,0.029609,10.042583,0.120781,-0.001319,3.9076,10.003371,0.117464,-0.005592,3.9406,-0.0064,0.011397,-0.208013,-0.0394,10.003371,0.000000,0.000000,5.0000,0.400420,0.089469,4078.3880,0,1,clay,1.0000,0.500000,0,0,0.000000,0.000000,0.000000,0,nan,0.00,-0.051486,0.2675,0.1761,-0.027185,-0.8867,0.49,6.49,7.47,6.85,0.120781,-0.0756,-1.0924,0.008000,0.106607,0.2261,-0.075302,0.008174,0.031182,-267.54552664640585,-156.8804317904162,-609.7473047315598,466.6591886011704,-0.042585,0.010349,6584.8,6035.8,-0.092084,-0.033557,-1.000000,3.9421,1.0000,,,,,
3.9960,1778839082.593812,333,10.049973,0.172739,-0.001325,3.8905,-0.0500,0.028077,10.089395,0.121037,-0.001105,3.8957,10.079301,0.172855,-0.001179,3.9305,-0.0132,0.014157,-0.226128,-0.0242,10.079301,0.000000,0.000000,5.0000,-1.000000,0.110694,4086.0946,0,1,clay,1.0000,0.500000,0,0,0.000000,0.000000,0.000000,0,nan,0.00,-0.074214,0.2659,0.1775,-0.039185,-0.8854,0.48,6.47,7.44,6.36,0.121037,-0.0633,-1.1043,0.008000,0.068208,0.4626,-0.063724,-0.020286,0.013641,-2014.7513966301597,-591.296924691952,-546.3842668985642,582.8024205040009,-0.035491,0.013190,6589.4,6031.2,-0.100138,-0.016401,0.400420,3.9322,1.0000,,,,,
4.0080,1778839082.605772,334,10.099320,0.054955,0.001745,3.8696,0.0094,0.013022,10.136088,0.121079,-0.000996,3.8874,10.128437,0.055122,0.001860,3.9182,-0.0139,0.008141,-0.245222,-0.0466,10.128437,0.000000,0.000000,5.0000,0.626719,0.182936,4128.8620,0,1,clay,1.0000,0.500000,0,0,0.000000,0.000000,0.000000,0,nan,0.00,-0.059970,0.2643,0.1788,-0.031664,-0.8832,0.48,6.52,7.47,6.76,0.121079,-0.0571,-1.1126,0.008000,0.228079,0.1086,-0.066944,0.018485,0.050240,-817.4623609077322,93.33119131611261,-593.5685141404751,511.61490441406613,-0.047394,0.011303,6594.3,6026.3,-0.108638,-0.013864,-1.000000,3.9200,1.0000,,,,,
4.0200,1778839082.617811,335,10.223391,0.145783,-0.006559,3.9180,-0.0344,0.013997,10.182634,0.121166,-0.000817,3.8737,10.252618,0.145675,-0.006444,3.9177,-0.0160,0.009944,-0.259021,-0.0270,10.252618,-0.000000,-0.000000,4.9998,0.169212,0.229048,4198.9436,0,1,clay,1.0000,0.500000,0,0,0.000000,0.000000,0.000000,0,nan,0.00,-0.056124,0.2627,0.1799,-0.029634,-0.8805,0.47,6.50,7.44,6.39,0.121166,-0.0468,-1.1261,0.008000,0.101059,-0.2864,-0.054452,0.014177,0.047224,-660.1730857841245,236.27372567698762,-499.96982840742805,542.8966978604178,-0.037686,0.011997,6597.9,6022.7,-0.114970,-0.025761,0.626719,3.9196,1.0000,,,,,
4.0320,1778839082.629799,336,10.232289,0.081454,-0.002064,3.7840,-0.1084,0.016297,10.229048,0.121238,-0.000630,3.8631,10.261297,0.081336,-0.001956,3.8914,-0.0328,0.009133,-0.264520,-0.0284,10.261297,-0.000000,-0.000000,4.9992,-0.221446,0.292001,4168.5954,0,1,clay,1.0000,0.500000,0,0,0.000000,0.000000,0.000000,0,nan,0.00,-0.061157,0.2611,0.1810,-0.032291,-0.8770,0.48,6.52,7.47,6.62,0.121238,-0.0361,-1.1361,0.008000,0.030326,0.1199,-0.072930,-0.015501,0.033976,-1182.7659580539257,-289.1211190530287,-411.0025054806514,699.6435910952993,-0.030425,0.016512,6599.4,6021.2,-0.117549,0.007335,0.169212,3.8934,1.0000,,,,,
4.0440,1778839082.641902,337,10.247400,0.144478,0.003796,3.8410,-0.0208,0.010866,10.275313,0.121124,-0.000529,3.8503,10.276346,0.144513,0.003888,3.8811,-0.0321,0.006677,-0.286539,-0.0339,10.276346,-0.000000,-0.000000,4.9980,-0.873363,0.293113,4153.4686,0,1,clay,1.0000,0.500000,0,0,0.000000,0.000000,0.000000,0,nan,0.00,-0.081006,0.2595,0.1820,-0.042771,-0.8734,0.47,6.65,7.59,7.39,0.121124,-0.0303,-1.1477,0.008000,0.068553,0.4552,-0.083931,-0.016650,0.031686,-1102.652170116178,1007.7584730726289,-392.80570546051973,656.740585720501,-0.032760,0.015311,6605.1,6015.5,-0.127479,-0.010285,-0.221446,3.8832,1.0000,,,,,
4.0560,1778839082.654075,338,10.361678,0.116520,0.001611,3.7994,-0.0207,0.003315,10.321444,0.120880,-0.000476,3.8403,10.391124,0.116439,0.001673,3.8647,-0.0338,0.000958,-0.300304,-0.0494,10.391124,-0.000000,-0.000000,4.9819,-1.000000,0.348156,4214.6964,0,1,clay,1.0000,0.500000,0,0,0.000000,0.000000,0.000000,0,nan,0.00,-0.103734,0.2580,0.1829,-0.054771,-0.8693,0.49,6.59,7.56,6.27,0.120880,-0.0273,-1.1415,0.008000,0.025429,0.0474,-0.076455,-0.006170,0.037584,-1406.2508330489527,-257.2893535663776,-433.611609367711,598.693264943133,-0.042378,0.013720,6608.6,6012.0,-0.133581,-0.004525,-0.873363,3.8670,1.0000,,,,,
4.0680,1778839082.665840,339,10.451905,0.210518,0.002293,3.8202,0.0056,0.012132,10.367431,0.120682,-0.000369,3.8282,10.481029,0.210466,0.002339,3.8556,-0.0310,-0.002432,-0.308829,-0.0623,10.481029,-0.000000,0.000000,4.9597,-1.000000,0.377250,4252.4453,0,1,clay,1.0000,0.500000,0,0,0.000000,0.000000,0.000000,0,nan,0.00,-0.126461,0.2564,0.1837,-0.066771,-0.8647,0.48,6.62,7.58,6.78,0.120682,-0.0211,-1.1314,0.008000,0.116381,-0.0355,-0.069363,0.014184,0.053618,-396.59663381275453,660.8991358946562,-537.0369039576019,535.3154659762588,-0.055706,0.011848,6610.8,6009.7,-0.137520,-0.012814,-1.000000,3.8580,1.0000,,,,,
4.0800,1778839082.677843,340,10.375311,0.111499,-0.003813,3.7927,-0.0190,0.011904,10.413306,0.120528,-0.000220,3.8193,10.404440,0.111235,-0.003783,3.8429,-0.0334,-0.005845,-0.313215,-0.0743,10.404440,-0.000000,-0.000000,4.9791,0.225733,0.420549,4190.8243,0,1,clay,1.0000,0.500000,0,0,0.000000,0.000000,0.000000,0,nan,0.00,-0.121331,0.2549,0.1844,-0.064063,-0.8597,0.48,6.54,7.50,6.09,0.120528,-0.0126,-1.1599,0.008000,0.054819,-0.3965,-0.067676,0.013705,0.048300,-672.6167347177559,-275.92881771464056,-639.9582707894313,523.5255423263923,-0.067526,0.011566,6612.0,6008.6,-0.139558,-0.010673,-1.000000,3.8453,1.0000,,,,,
4.0920,1778839082.689816,341,10.414094,0.036884,0.000465,3.8568,-0.0359,0.010403,10.459053,0.120338,-0.000089,3.8088,10.442923,0.036731,0.000496,3.8451,-0.0344,-0.004468,-0.322492,-0.0624,10.442923,-0.000000,0.000000,4.9702,1.000000,0.418002,4208.2246,0,1,clay,1.0000,0.500000,0,0,0.000000,0.000000,0.000000,0,nan,0.00,-0.098603,0.2533,0.1850,-0.052063,-0.8547,0.48,6.57,7.53,6.78,0.120338,-0.0051,-1.1614,0.008000,0.081314,0.2817,-0.072260,0.009134,0.046753,-1243.4725371100258,-68.65793100768565,-623.6048600595566,540.697093490287,-0.063697,0.012023,6614.4,6006.1,-0.143784,-0.030874,0.225733,3.8475,1.0000,,,,,
4.1040,1778839082.701875,342,10.499183,0.159287,-0.000838,3.8217,-0.0379,-0.002031,10.504681,0.119670,-0.000228,3.7984,10.528127,0.159075,-0.000814,3.8400,-0.0336,-0.003341,-0.337603,-0.0445,10.528127,0.000000,0.000000,4.9443,-1.000000,0.465994,4267.5259,0,1,clay,1.0000,0.500000,0,0,0.000000,0.000000,0.000000,0,nan,0.00,-0.121331,0.2518,0.1855,-0.064063,-0.8491,0.48,6.60,7.56,6.71,0.119670,-0.0131,-1.1459,0.008000,0.030253,-0.0616,-0.065316,0.009910,0.048938,-1550.978351222414,-572.4689397562481,-437.17149490109114,521.6138717408139,-0.049697,0.011442,6618.3,6002.3,-0.150455,-0.030058,1.000000,3.8425,1.0000,,,,,
4.1160,1778839082.713789,343,10.577703,0.224573,0.006281,3.7573,-0.0787,-0.019868,10.550198,0.118753,-0.000446,3.7901,10.606600,0.224390,0.006249,3.8234,-0.0469,-0.012810,-0.342319,-0.0716,10.606600,0.000000,0.000000,4.9141,-1.000000,0.484358,4292.9069,0,1,clay,1.0000,0.500000,0,0,0.000000,0.000000,0.000000,0,nan,0.00,-0.144058,0.2503,0.1860,-0.076063,-0.8433,0.48,6.56,7.52,6.39,0.118753,-0.0256,-1.1239,0.008000,0.178316,0.2067,-0.067668,0.001363,0.042390,-1005.5303334354913,-263.19306331775886,-472.25692385276545,524.8769075539924,-0.056563,0.011532,6619.5,6001.0,-0.152701,-0.017316,-1.000000,3.8260,1.0000,,,,,
4.1280,1778839082.725859,344,10.611687,0.105879,-0.009483,3.7859,-0.0714,0.003653,10.595584,0.118053,-0.000474,3.7775,10.640434,0.105164,-0.009528,3.8155,-0.0555,-0.015818,-0.361433,-0.0836,10.640434,0.000000,0.000000,4.8998,-0.059890,0.547408,4318.2395,0,1,clay,1.0000,0.500000,0,0,0.000000,0.000000,0.000000,0,nan,0.00,-0.145419,0.2488,0.1863,-0.076781,-0.8367,0.48,6.54,7.51,6.41,0.118053,-0.0271,-1.1223,0.008000,0.049533,-0.2311,-0.073552,-0.011511,0.036792,125.62734147216392,-321.30752982324486,-525.4910539938509,574.9325016361514,-0.066680,0.013252,6624.4,5996.1,-0.161197,-0.023690,-1.000000,3.8183,1.0000,,,,,
4.1400,1778839082.737796,345,10.596181,0.094065,-0.004248,3.7675,-0.0764,0.004945,10.640846,0.117476,-0.000422,3.7683,10.624782,0.093462,-0.004290,3.8057,-0.0605,-0.015017,-0.367321,-0.0772,10.624782,0.000000,0.000000,4.9065,1.000000,0.542845,4274.7339,0,1,clay,1.0000,0.500000,0,0,0.000000,0.000000,0.000000,0,nan,0.00,-0.122692,0.2473,0.1866,-0.064781,-0.8302,0.49,6.53,7.50,6.44,0.117476,-0.0242,-1.1382,0.008000,0.056396,-0.1836,-0.056523,-0.010681,0.045125,-923.402927123447,-88.65859913602446,-530.4680924427836,626.2637925334243,-0.065715,0.015025,6626.0,5994.5,-0.164002,-0.023964,-0.059890,3.8084,1.0000,,,,,
4.1520,1778839082.749789,346,10.717139,0.124791,-0.004455,3.8408,-0.0178,0.001002,10.685974,0.116822,-0.000402,3.7558,10.745713,0.124254,-0.004488,3.8118,-0.0516,-0.011646,-0.382548,-0.0573,10.745713,0.000000,-0.000000,4.8537,-1.000000,0.577657,4392.0487,0,1,clay,1.0000,0.500000,0,0,0.000000,0.000000,0.000000,0,nan,0.00,-0.145419,0.2458,0.1867,-0.076781,-0.8233,0.48,6.48,7.44,6.20,0.116822,-0.0230,-1.0979,0.008000,0.055983,-0.5163,-0.037741,0.000673,0.048563,-1059.3693521341136,56.885443482818346,-389.8615270483763,569.3189563948138,-0.055050,0.013086,6629.9,5990.7,-0.170705,-0.043696,1.000000,3.8147,1.0000,,,,,
4.1640,1778839082.761860,347,10.714042,0.204056,-0.007408,3.8122,-0.0740,-0.011595,10.730966,0.115894,-0.000520,3.7446,10.742417,0.203327,-0.007476,3.8114,-0.0610,-0.018619,-0.381254,-0.0842,10.742417,0.000000,-0.000000,4.8551,-1.000000,0.611522,4374.6384,0,1,clay,1.0000,0.500000,0,0,0.000000,0.000000,0.000000,0,nan,0.00,-0.168146,0.2443,0.1868,-0.088781,-0.8159,0.48,6.45,7.42,6.32,0.115894,-0.0298,-1.1105,0.008000,0.110327,-0.5258,-0.020472,0.002881,0.053058,-1340.7229447045615,-269.53305966586754,-461.66571745683746,577.0926857156348,-0.064242,0.013303,6629.6,5991.0,-0.170236,-0.043556,-1.000000,3.8142,1.0000,,,,,
4.1760,1778839082.773791,348,10.825458,0.153918,0.001431,3.6669,-0.0736,-0.009161,10.775814,0.115009,-0.000575,3.7327,10.853540,0.153361,0.001340,3.7828,-0.0676,-0.022931,-0.393059,-0.0962,10.853540,-0.000000,-0.000000,4.8080,-1.000000,0.642700,4415.3249,0,1,clay,1.0000,0.500000,0,0,0.000000,0.000000,0.000000,0,nan,0.00,-0.190874,0.2428,0.1868,-0.100781,-0.8082,0.48,6.80,7.77,8.76,0.115009,-0.0329,-1.0753,0.008000,0.067862,-0.0381,-0.039031,0.007589,0.060174,-732.5941327433532,319.0117748913397,-523.1327616520393,582.7055185030247,-0.074085,0.013771,6632.7,5987.9,-0.175554,-0.006399,-1.000000,3.7857,1.0000,,,,,
4.1880,1778839082.785862,349,10.859773,0.160217,0.001876,3.6755,-0.0693,-0.007057,10.820519,0.114104,-0.000622,3.7210,10.888963,0.159575,0.001757,3.7612,-0.0735,-0.027695,-0.406962,-0.1085,10.888963,-0.000000,-0.000000,4.7934,-0.876811,0.670393,4396.0249,0,1,clay,1.0000,0.500000,0,0,0.000000,0.000000,0.000000,0,nan,0.00,-0.210801,0.2414,0.1867,-0.111303,-0.8002,0.48,6.71,7.67,6.23,0.114104,-0.0357,-1.0724,0.008000,0.089720,0.3577,-0.047242,0.003752,0.055071,-1239.1831166755967,869.3831594740861,-587.2501880249206,586.1973559372891,-0.084720,0.014113,6636.3,5984.3,-0.181890,-0.015358,-1.000000,3.7644,1.0000,,,,,
4.2000,1778839082.797889,350,10.871424,0.098334,0.003000,3.7107,-0.0324,-0.004034,10.865084,0.113112,-0.000707,3.7089,10.900267,0.097738,0.002871,3.7510,-0.0713,-0.030161,-0.382744,-0.1180,10.900267,-0.000000,-0.000000,4.7887,0.837484,0.678313,4385.7253,0,1,clay,1.0000,0.500000,0,0,0.000000,0.000000,0.000000,0,nan,0.00,-0.191767,0.2399,0.1865,-0.101253,-0.7920,0.49,6.62,7.59,6.08,0.113112,-0.0405,-1.0798,0.008000,0.078932,0.1690,-0.058877,-0.008492,0.037590,-1361.427050582728,138.62285347958482,-749.7111304111078,543.5363957233808,-0.096311,0.012729,6630.2,5990.4,-0.171271,-0.029726,-0.876811,3.7540,1.0000,,,,,
4.2120,1778839082.809786,351,10.937520,0.090358,-0.004265,3.7254,-0.0734,-0.016536,10.909464,0.111877,-0.000903,3.6959,10.965907,0.089544,-0.004395,3.7455,-0.0710,-0.027890,-0.388612,-0.0949,10.965907,-0.000000,0.000000,4.7617,1.000000,0.703330,4437.5189,0,1,clay,1.0000,0.500000,0,0,0.000000,0.000000,0.000000,0,nan,0.00,-0.169040,0.2385,0.1862,-0.089253,-0.7836,0.48,6.54,7.50,6.08,0.111877,-0.0517,-1.0658,0.008000,0.069332,-0.1786,-0.057775,0.007861,0.062383,-1495.352010486973,-83.53578904194455,-633.612244100331,541.4611449271733,-0.083995,0.012612,6631.7,5988.9,-0.173856,-0.036711,0.837484,3.7484,1.0000,,,,,
4.2240,1778839082.821802,352,10.990588,0.103114,-0.002298,3.6774,-0.0931,-0.032229,10.953710,0.110248,-0.001298,3.6819,11.018632,0.102287,-0.002450,3.7316,-0.0743,-0.028814,-0.403861,-0.0817,11.018632,0.000000,0.000000,4.7399,-0.047755,0.727901,4450.4023,0,1,clay,1.0000,0.500000,0,0,0.000000,0.000000,0.000000,0,nan,0.00,-0.170125,0.2370,0.1859,-0.089826,-0.7749,0.49,6.46,7.44,6.05,0.110248,-0.0744,-1.0580,0.008000,0.116933,-0.4163,-0.054500,0.011249,0.058552,-1734.4119899282243,-204.64207312347378,-447.85602400820136,533.6715941117789,-0.067799,0.012180,6635.6,5985.0,-0.180653,-0.032576,1.000000,3.7347,1.0000,,,,,
4.2360,1778839082.833805,353,11.037562,0.214490,-0.000802,3.6969,-0.0101,-0.038184,10.997792,0.108378,-0.001775,3.6690,11.065290,0.213722,-0.000990,3.7243,-0.0660,-0.033909,-0.409944,-0.0902,11.065290,0.000000,0.000000,4.7203,-1.000000,0.748810,4467.5617,0,1,clay,1.0000,0.500000,0,0,0.000000,0.000000,0.000000,0,nan,0.00,-0.192853,0.2356,0.1854,-0.101826,-0.7659,0.49,6.87,7.84,9.14,0.108378,-0.1017,-1.0513,0.008000,0.122017,0.5906,-0.051988,0.020309,0.052894,-1436.2776838630182,389.1895469979575,-461.3884072874503,390.63813497397973,-0.068807,0.006979,6637.2,5983.4,-0.183397,-0.037280,-0.047755,3.7274,1.0000,,,,,
4.2480,1778839082.845865,354,11.093061,0.129701,0.000460,3.6542,-0.0443,-0.035336,11.041715,0.106460,-0.002230,3.6557,11.122121,0.128856,0.000219,3.7100,-0.0686,-0.041545,-0.405204,-0.1097,11.122121,0.000000,0.000000,4.6962,-1.000000,0.769601,4486.3069,0,1,clay,1.0000,0.500000,0,0,0.000000,0.000000,0.000000,0,nan,0.00,-0.215580,0.2342,0.1849,-0.113826,-0.7566,0.48,7.06,8.02,8.16,0.106460,-0.1278,-1.0404,0.008000,0.099167,0.3582,-0.055712,0.014962,0.040768,-881.5735574527723,78.86726312364897,-535.5307942995059,322.66874712257925,-0.079570,0.004810,6636.1,5984.5,-0.181501,-0.027249,-1.000000,3.7132,1.0000,,,,,
4.2600,1778839082.857974,355,11.065736,0.117485,-0.004556,3.6982,-0.0578,-0.027985,11.085503,0.104652,-0.002604,3.6464,11.095490,0.116406,-0.004830,3.7071,-0.0728,-0.046318,-0.395761,-0.1219,11.095490,0.000000,0.000000,4.7075,0.266993,0.766425,4462.9731,0,1,clay,1.0000,0.500000,0,0,0.000000,0.000000,0.000000,0,nan,0.00,-0.209512,0.2328,0.1843,-0.110622,-0.7474,0.48,7.07,8.03,7.11,0.104652,-0.1492,-1.0611,0.008000,0.061167,0.0628,-0.063249,0.013925,0.044312,-802.1989253899869,740.0689723360114,-657.6799885611274,302.5582341440329,-0.090525,0.004402,6633.8,5986.8,-0.177470,-0.043602,-1.000000,3.7103,1.0000,,,,,
4.2720,1778839082.869998,356,11.158137,0.134290,-0.008696,3.6314,-0.0892,-0.029240,11.129152,0.102848,-0.002950,3.6333,11.187787,0.133034,-0.008974,3.6918,-0.0770,-0.045377,-0.400563,-0.1085,11.187787,0.000000,-0.000000,4.6680,-0.184586,0.792148,4500.3582,0,1,clay,1.0000,0.500000,0,0,0.000000,0.000000,0.000000,0,nan,0.00,-0.213707,0.2314,0.1836,-0.112837,-0.7379,0.48,7.11,8.08,7.36,0.102848,-0.1690,-1.0347,0.008000,0.066830,0.0368,-0.078198,0.019359,0.052363,-1010.7311074740385,57.13784265829668,-632.5650658822665,337.0152535497326,-0.084645,0.005618,6635.0,5985.6,-0.179581,-0.032957,0.266993,3.6950,1.0000,,,,,
4.2840,1778839082.881908,357,11.245407,0.153998,-0.003833,3.6216,-0.1212,-0.044294,11.172653,0.100676,-0.003507,3.6211,11.275124,0.152732,-0.004147,3.6775,-0.0884,-0.049745,-0.404460,-0.1143,11.275124,-0.000000,-0.000000,4.6302,-1.000000,0.799856,4554.3047,0,1,clay,1.0000,0.500000,0,0,0.000000,0.000000,0.000000,0,nan,0.00,-0.236434,0.2300,0.1829,-0.124837,-0.7283,0.48,7.05,8.01,6.67,0.100676,-0.2009,-1.0091,0.008000,0.017101,-0.1650,-0.062639,0.016787,0.055522,-1577.188159906135,557.6678159983088,-576.104467178945,382.2641306593122,-0.081726,0.006943,6636.0,5984.6,-0.181410,-0.032069,-0.184586,3.6808,1.0000,,,,,
4.2960,1778839082.893865,358,11.115148,0.128141,-0.008032,3.5225,-0.0217,-0.048803,11.216004,0.098365,-0.004072,3.6085,11.144412,0.126752,-0.008387,3.6469,-0.0832,-0.056602,-0.407089,-0.1329,11.144412,0.000000,0.000000,4.6866,1.000000,0.799996,4385.6965,0,1,clay,1.0000,0.500000,0,0,0.000000,0.000000,0.000000,0,nan,0.00,-0.213707,0.2286,0.1821,-0.112837,-0.7187,0.49,6.99,7.96,6.64,0.098365,-0.2333,-1.0781,0.008000,0.151356,-0.4022,-0.070325,0.030011,0.052964,-1271.471452560144,-293.09807539510905,-655.5895242089041,253.22036796718257,-0.094267,0.002373,6636.7,5983.9,-0.182578,-0.009988,-1.000000,3.6502,1.0000,,,,,
4.3080,1778839082.905848,359,11.249720,0.087118,-0.002383,3.5288,-0.1535,-0.049559,11.259185,0.096040,-0.004600,3.5947,11.278552,0.085782,-0.002741,3.6234,-0.0938,-0.054071,-0.414753,-0.1049,11.278552,-0.000000,-0.000000,4.6288,0.815934,0.827128,4452.7719,0,1,clay,1.0000,0.500000,0,0,0.000000,0.000000,0.000000,0,nan,0.00,-0.195163,0.2272,0.1812,-0.103046,-0.7088,0.48,7.33,8.30,9.31,0.096040,-0.2636,-1.0341,0.008000,0.025728,-0.1282,-0.086056,0.011880,0.047743,-1261.57715842778,-448.70398786833454,-490.95366947386594,340.7649239861405,-0.075630,0.005596,6638.6,5982.0,-0.185938,-0.009232,1.000000,3.6267,1.0000,,,,,
4.3200,1778839082.917799,360,11.186947,0.051731,-0.002895,3.5775,-0.1551,-0.069670,11.302204,0.093368,-0.005312,3.5805,11.216943,0.050149,-0.003311,3.6137,-0.1047,-0.057570,-0.418533,-0.0963,11.216943,0.000000,-0.000000,4.6554,1.000000,0.859101,4371.9590,0,1,clay,1.0000,0.500000,0,0,0.000000,0.000000,0.000000,0,nan,0.00,-0.172436,0.2259,0.1802,-0.091046,-0.6985,0.48,7.26,8.22,6.81,0.093368,-0.3043,-1.0749,0.008000,0.155378,0.2457,-0.089455,-0.010827,0.033299,-1459.193165716189,106.93802220190685,-338.6482613645816,379.2608363937152,-0.058737,0.006455,6639.7,5980.9,-0.187828,-0.030401,0.815934,3.6172,1.0000,,,,,
4.3320,1778839082.929806,361,11.268280,0.056305,0.000969,3.4916,-0.0942,-0.071974,11.345071,0.090343,-0.006187,3.5690,11.297755,0.054824,0.000530,3.5894,-0.1014,-0.058532,-0.423627,-0.0828,11.297755,-0.000000,-0.000000,4.6204,1.000000,0.914759,4404.3149,0,1,clay,1.0000,0.500000,0,0,0.000000,0.000000,0.000000,0,nan,0.00,-0.149709,0.2245,0.1792,-0.079046,-0.6875,0.48,7.31,8.26,7.61,0.090343,-0.3545,-1.0514,0.008000,0.127870,0.3610,-0.098390,-0.012496,0.027387,-1604.1449628260925,-268.4251165608763,-222.12114805698596,304.04558410193397,-0.043832,0.003690,6641.0,5979.5,-0.190160,-0.009702,1.000000,3.5929,1.0000,,,,,
4.3440,1778839082.941873,362,11.330408,0.093662,-0.013707,3.5296,-0.1045,-0.068901,11.387777,0.087290,-0.007020,3.5549,11.359966,0.091706,-0.014165,3.5770,-0.1002,-0.058604,-0.431845,-0.0708,11.359966,-0.000000,-0.000000,4.5934,-0.443473,0.938087,4436.1817,0,1,clay,1.0000,0.500000,0,0,0.000000,0.000000,0.000000,0,nan,0.00,-0.159788,0.2232,0.1781,-0.084368,-0.6763,0.48,7.22,8.18,6.71,0.087290,-0.4022,-1.0385,0.008000,0.152039,-0.5343,-0.102691,-0.006130,0.033061,-1092.5755501034928,-268.15754824541574,-120.5271189453623,267.56076654830065,-0.029272,0.002268,6643.2,5977.3,-0.194014,-0.017697,1.000000,3.5806,1.0000,,,,,
4.3560,1778839082.954301,363,11.374501,0.083625,-0.011914,3.5399,-0.1362,-0.069436,11.430318,0.084274,-0.007799,3.5419,11.403634,0.081623,-0.012401,3.5691,-0.1094,-0.064098,-0.438037,-0.0880,11.403634,-0.000000,-0.000000,4.5743,1.000000,0.946145,4435.1241,0,1,clay,1.0000,0.500000,0,0,0.000000,0.000000,0.000000,0,nan,0.00,-0.137060,0.2218,0.1769,-0.072368,-0.6649,0.47,7.11,8.05,6.49,0.084274,-0.4469,-1.0325,0.008000,0.122863,-0.4571,-0.096767,-0.009381,0.030864,-837.0101205536282,-416.9056194199167,-184.97986672124284,282.78766740393235,-0.030788,0.002781,6644.8,5975.7,-0.196791,-0.024339,-0.443473,3.5727,1.0000,,,,,
4.3680,1778839082.965990,364,11.415697,0.072483,-0.016936,3.4967,-0.1661,-0.061701,11.472704,0.081364,-0.008498,3.5294,11.444350,0.070301,-0.017409,3.5544,-0.1156,-0.060419,-0.440448,-0.0643,11.444350,-0.000000,0.000000,4.5565,0.750967,1.013699,4451.6697,0,1,clay,1.0000,0.500000,0,0,0.000000,0.000000,0.000000,0,nan,0.00,-0.119993,0.2205,0.1756,-0.063356,-0.6527,0.48,6.98,7.94,6.24,0.081364,-0.4869,-1.0272,0.008000,0.057422,-0.4282,-0.109511,-0.021440,0.028116,-452.8659977276792,-295.71244359326283,-31.515968243220115,343.5135127401659,-0.014619,0.005553,6645.4,5975.1,-0.197844,-0.013176,1.000000,3.5580,1.0000,,,,,
4.3800,1778839082.977876,365,11.471640,0.047252,-0.022766,3.5450,-0.1745,-0.070322,11.514935,0.078300,-0.009276,3.5166,11.499849,0.044845,-0.023243,3.5520,-0.1236,-0.060507,-0.442781,-0.0574,11.499849,-0.000000,0.000000,4.5322,1.000000,1.017297,4493.6987,0,1,clay,1.0000,0.500000,0,0,0.000000,0.000000,0.000000,0,nan,0.00,-0.097266,0.2192,0.1743,-0.051356,-0.6405,0.49,6.90,7.88,6.48,0.078300,-0.5315,-1.0156,0.008000,0.108708,-0.5303,-0.096228,-0.032884,0.025256,-1430.6586285030198,-310.679309975097,47.806493676922386,397.24295625345565,-0.001183,0.007438,6646.1,5974.4,-0.199063,-0.030094,0.750967,3.5555,1.0000,,,,,
4.3920,1778839082.989903,366,11.610481,0.068292,-0.006956,3.3810,-0.1798,-0.069622,11.557005,0.075099,-0.010094,3.5027,11.638193,0.066288,-0.007429,3.5181,-0.1294,-0.058771,-0.452078,-0.0435,11.638193,0.000000,0.000000,4.4709,-1.000000,1.072453,4563.4065,0,1,clay,1.0000,0.500000,0,0,0.000000,0.000000,0.000000,0,nan,0.00,-0.119993,0.2179,0.1729,-0.063356,-0.6277,0.49,6.81,7.79,6.30,0.075099,-0.5783,-0.9682,0.008000,0.073638,0.1241,-0.115343,-0.030897,0.034799,-742.9557616392441,-315.8255198565575,142.7151684405954,435.66422995985664,0.015209,0.009399,6648.5,5972.1,-0.203147,0.013733,1.000000,3.5217,1.0000,,,,,
4.4040,1778839083.001753,367,11.556519,0.032385,-0.020144,3.4934,-0.1295,-0.070752,11.598935,0.071915,-0.010871,3.4934,11.583760,0.029998,-0.020641,3.5128,-0.1325,-0.065113,-0.444364,-0.0711,11.583760,0.000000,0.000000,4.4952,1.000000,1.061046,4493.6372,0,1,clay,1.0000,0.500000,0,0,0.000000,0.000000,0.000000,0,nan,0.00,-0.097266,0.2165,0.1714,-0.051356,-0.6149,0.48,6.74,7.69,6.31,0.071915,-0.6229,-1.0018,0.008000,0.087946,-0.3494,-0.089917,-0.033768,0.025658,216.47855120911834,-198.42936247829448,33.19179253686835,401.9426185234205,0.003717,0.008061,6646.6,5974.0,-0.199879,-0.026563,-1.000000,3.5163,1.0000,,,,,
4.4160,1778839083.013709,368,11.718756,0.091856,0.002906,3.5184,-0.2121,-0.054227,11.640735,0.068990,-0.011503,3.4811,11.745757,0.090070,0.002444,3.5132,-0.1411,-0.059035,-0.444948,-0.0437,11.745757,0.000000,-0.000000,4.4224,-1.000000,1.092270,4638.7363,0,1,clay,1.0000,0.500000,0,0,0.000000,0.000000,0.000000,0,nan,0.00,-0.119993,0.2152,0.1698,-0.063356,-0.6018,0.47,6.66,7.60,6.22,0.068990,-0.6591,-0.9412,0.008000,0.081764,0.6334,-0.065213,-0.049831,0.026470,402.55609042099593,-203.3593137801829,162.39047827111003,514.2957274935682,0.019119,0.013071,6646.7,5973.9,-0.200059,-0.033030,1.000000,3.5167,1.0000,,,,,
4.4280,1778839083.025929,369,11.700546,0.084101,-0.005599,3.4857,-0.0917,-0.049343,11.682388,0.066071,-0.012131,3.4690,11.727172,0.082174,-0.006057,3.5072,-0.1355,-0.061976,-0.450437,-0.0709,11.727172,0.000000,-0.000000,4.4308,-1.000000,1.064042,4582.4733,0,1,clay,1.0000,0.500000,0,0,0.000000,0.000000,0.000000,0,nan,0.00,-0.142720,0.2140,0.1682,-0.075356,-0.5891,0.47,6.61,7.54,6.30,0.066071,-0.6951,-0.9618,0.008000,0.133997,0.1987,-0.061132,-0.047890,0.015667,293.0458966626866,-249.96090601570654,17.64073099000717,460.39924728614807,0.002962,0.010966,6648.1,5972.4,-0.202546,-0.027386,-1.000000,3.5107,1.0000,,,,,
4.4400,1778839083.037800,370,11.756868,0.019204,-0.011023,3.5360,-0.1407,-0.044351,11.723881,0.063317,-0.012662,3.4560,11.783335,0.017147,-0.011470,3.5122,-0.1385,-0.062644,-0.451456,-0.0829,11.783335,-0.000000,-0.000000,4.4051,-1.000000,1.111466,4672.2049,0,1,clay,1.0000,0.500000,0,0,0.000000,0.000000,0.000000,0,nan,0.00,-0.165447,0.2127,0.1665,-0.087356,-0.5757,0.47,6.60,7.53,6.56,0.063317,-0.7255,-0.9491,0.008000,0.101458,-0.3266,-0.031415,-0.044823,0.024431,412.6894939670031,18.342262780253805,-53.59295751952896,494.3991546053393,-0.010326,0.012404,6648.3,5972.2,-0.202876,-0.042502,-1.000000,3.5156,1.0000,,,,,
4.4520,1778839083.049840,371,11.686459,0.097359,-0.011057,3.5020,-0.0587,-0.039534,11.765231,0.060604,-0.013159,3.4440,11.712878,0.095420,-0.011494,3.5095,-0.1274,-0.062924,-0.450004,-0.0949,11.712878,0.000000,-0.000000,4.4373,-1.000000,1.055190,4566.4579,0,1,clay,1.0000,0.500000,0,0,0.000000,0.000000,0.000000,0,nan,0.00,-0.188175,0.2114,0.1648,-0.099356,-0.5631,0.46,6.56,7.49,6.31,0.060604,-0.7540,-0.9933,0.008000,0.043091,0.5138,-0.020888,-0.032857,0.023242,2.5270577291709913,179.76671008274258,-146.4571522451293,422.01580147402814,-0.028167,0.009520,6648.0,5972.5,-0.202389,-0.038031,-1.000000,3.5130,1.0000,,,,,
4.4640,1778839083.061880,372,11.821124,0.100102,-0.010210,3.3147,-0.1943,-0.039758,11.806428,0.057939,-0.013641,3.4312,11.847202,0.098097,-0.010639,3.4711,-0.1418,-0.063711,-0.452726,-0.1069,11.847202,-0.000000,-0.000000,4.3756,-1.000000,1.130869,4646.4246,0,1,clay,1.0000,0.500000,0,0,0.000000,0.000000,0.000000,0,nan,0.00,-0.210902,0.2101,0.1629,-0.111356,-0.5495,0.48,6.58,7.54,6.72,0.057939,-0.7815,-0.9445,0.008000,0.075146,0.4928,-0.050750,-0.041311,0.029746,-359.35416109117256,1026.770533424978,-191.934080468456,538.0982049284735,-0.036770,0.014799,6648.6,5971.9,-0.203396,0.014991,-1.000000,3.4746,1.0000,,,,,
4.4760,1778839083.073798,373,11.871997,0.006884,-0.017579,3.3887,-0.0536,-0.045157,11.847480,0.055139,-0.014194,3.4188,11.898014,0.004780,-0.018014,3.4546,-0.1302,-0.065677,-0.447118,-0.1189,11.898014,-0.000000,-0.000000,4.3522,1.000000,1.118537,4633.1602,0,1,clay,1.0000,0.500000,0,0,0.000000,0.000000,0.000000,0,nan,0.00,-0.188175,0.2089,0.1611,-0.099356,-0.5361,0.48,6.55,7.50,6.34,0.055139,-0.8132,-0.9334,0.008000,0.081076,0.3364,-0.052438,-0.029335,0.025519,-790.7506310821061,252.8379927734635,-289.09033443400966,437.72509105901446,-0.053613,0.010673,6647.4,5973.2,-0.201182,-0.011959,-1.000000,3.4580,1.0000,,,,,
4.4880,1778839083.085928,374,11.928377,0.053240,-0.014559,3.3629,-0.0601,-0.064503,11.888360,0.052143,-0.014843,3.4046,11.954110,0.051323,-0.014994,3.4361,-0.1154,-0.063040,-0.453728,-0.0919,11.954110,-0.000000,0.000000,4.3265,-1.000000,1.197187,4671.0083,0,1,clay,1.0000,0.500000,0,0,0.000000,0.000000,0.000000,0,nan,0.00,-0.210902,0.2076,0.1591,-0.111356,-0.5217,0.47,6.57,7.52,6.71,0.052143,-0.8504,-0.9219,0.008000,0.083428,0.8442,-0.068116,-0.018737,0.020327,-1335.7823250872837,627.4618251361047,-195.8533599269094,329.0247504082671,-0.043384,0.005830,6649.0,5971.6,-0.204038,0.000245,1.000000,3.4396,1.0000,,,,,
4.5000,1778839083.097829,375,11.914762,-0.015294,-0.011473,3.4355,-0.1624,-0.065901,11.929121,0.048827,-0.015653,3.3952,11.940562,-0.017277,-0.011943,3.4354,-0.1286,-0.069809,-0.442946,-0.1189,11.940562,-0.000000,0.000000,4.3327,1.000000,1.148850,4630.4557,0,1,clay,1.0000,0.500000,0,0,0.000000,0.000000,0.000000,0,nan,0.00,-0.188175,0.2064,0.1571,-0.099356,-0.5079,0.47,6.64,7.58,7.03,0.048827,-0.8969,-0.9375,0.008000,0.094078,0.1051,-0.034152,-0.019503,0.028559,-896.9661680380674,154.33629081940182,-266.72431537806654,365.0931527759892,-0.051186,0.007502,6646.4,5974.1,-0.199548,-0.032293,-1.000000,3.4388,1.0000,,,,,
4.5120,1778839083.109809,376,11.925887,0.061231,-0.020620,3.3061,-0.1643,-0.067075,11.969714,0.045488,-0.016454,3.3820,11.951742,0.058947,-0.021095,3.4097,-0.1317,-0.066942,-0.444699,-0.0918,11.951742,-0.000000,0.000000,4.3276,-1.000000,1.186881,4617.9690,0,1,clay,1.0000,0.500000,0,0,0.000000,0.000000,0.000000,0,nan,0.00,-0.210902,0.2051,0.1550,-0.111356,-0.4937,0.48,6.77,7.73,7.53,0.045488,-0.9428,-0.9456,0.008000,0.062669,0.3742,-0.055226,-0.027663,0.022562,-750.7894200794639,950.1601861251208,-156.44031874412167,391.0468366008296,-0.035121,0.008911,6646.8,5973.8,-0.200202,0.008266,1.000000,3.4131,1.0000,,,,,
4.5240,1778839083.121845,377,12.049463,0.020873,-0.016998,3.4447,-0.0355,-0.072173,12.010165,0.042029,-0.017311,3.3704,12.075826,0.018699,-0.017518,3.4158,-0.1206,-0.074044,-0.440868,-0.1191,12.075826,0.000000,0.000000,4.2722,-1.000000,1.189003,4719.5809,0,1,clay,1.0000,0.500000,0,0,0.000000,0.000000,0.000000,0,nan,0.00,-0.233629,0.2039,0.1529,-0.123356,-0.4794,0.48,6.77,7.72,6.77,0.042029,-0.9918,-0.9017,0.008000,0.066618,-0.7757,-0.049503,-0.000234,0.031537,-615.4128943430942,64.87230155346174,-265.1256827459408,239.16821145899797,-0.051133,0.002199,6645.9,5974.6,-0.198707,-0.034466,-1.000000,3.4192,1.0000,,,,,
4.5360,1778839083.133816,378,12.036840,0.069052,-0.015136,3.3655,-0.1384,-0.068263,12.050479,0.038696,-0.018080,3.3614,12.063103,0.066845,-0.015677,3.4054,-0.1279,-0.078098,-0.444425,-0.1311,12.063103,0.000000,0.000000,4.2778,-1.000000,1.205974,4702.8628,0,1,clay,1.0000,0.500000,0,0,0.000000,0.000000,0.000000,0,nan,0.00,-0.256356,0.2027,0.1507,-0.135356,-0.4649,0.47,6.89,7.83,7.53,0.038696,-1.0359,-0.9164,0.008000,0.042746,-0.1651,-0.053344,-0.005767,0.027773,153.48074026200482,1368.5048182647013,-323.3056889277482,255.4992975957502,-0.060629,0.003015,6646.8,5973.7,-0.200281,-0.018029,-1.000000,3.4088,1.0000,,,,,
4.5480,1778839083.145877,379,12.038044,-0.056602,-0.028758,3.4403,-0.0786,-0.071505,12.090686,0.035339,-0.018876,3.3526,12.064707,-0.059206,-0.029333,3.4115,-0.1245,-0.082678,-0.435178,-0.1432,12.064707,0.000000,0.000000,4.2771,1.000000,1.190797,4702.8166,0,1,clay,1.0000,0.500000,0,0,0.000000,0.000000,0.000000,0,nan,0.00,-0.233629,0.2014,0.1485,-0.123356,-0.4506,0.47,6.81,7.75,6.38,0.035339,-1.0815,-0.9245,0.008000,0.106597,-0.6316,-0.052078,0.004826,0.030203,-1300.3644437401717,173.46282322927732,-425.4433129667293,182.9430512933475,-0.073961,-0.000044,6644.6,5976.0,-0.196317,-0.045179,-1.000000,3.4149,1.0000,,,,,
4.5600,1778839083.157850,380,12.145850,-0.095773,-0.020522,3.3120,-0.0187,-0.078721,12.130739,0.031794,-0.019801,3.3393,12.172071,-0.097986,-0.021092,3.3916,-0.1047,-0.079637,-0.430249,-0.1156,12.172071,0.000000,-0.000000,4.2279,1.000000,1.205830,4786.7126,0,1,clay,1.0000,0.500000,0,0,0.000000,0.000000,0.000000,0,nan,0.00,-0.210902,0.2002,0.1462,-0.111356,-0.4362,0.46,7.02,7.95,8.19,0.031794,-1.1345,-0.8886,0.008000,0.183811,-0.1568,-0.069531,0.023850,0.030140,-991.1553177875246,1424.9014249707668,-375.5207877545253,24.618198531224508,-0.065340,-0.006639,6643.3,5977.3,-0.194040,-0.010402,1.000000,3.3950,1.0000,,,,,
4.5720,1778839083.169810,381,12.166031,0.030715,-0.021510,3.3527,-0.1324,-0.092449,12.170655,0.027933,-0.020892,3.3273,12.192877,0.028331,-0.022118,3.3833,-0.1091,-0.080706,-0.444005,-0.1034,12.192877,0.000000,-0.000000,4.2177,-1.000000,1.215322,4776.6773,0,1,clay,1.0000,0.500000,0,0,0.000000,0.000000,0.000000,0,nan,0.00,-0.233629,0.1990,0.1438,-0.123356,-0.4216,0.46,6.98,7.91,6.77,0.027933,-1.1970,-0.8904,0.008000,0.048320,-0.2578,-0.039046,0.031977,0.039934,-1147.7211812778594,-780.6922033116682,-226.66107214814983,38.081110005759314,-0.048503,-0.006828,6646.8,5973.7,-0.200274,-0.025097,1.000000,3.3868,1.0000,,,,,
4.5840,1778839083.181894,382,12.216494,0.041408,-0.021436,3.2478,-0.1889,-0.104853,12.210440,0.023806,-0.022108,3.3183,12.243078,0.038791,-0.022105,3.3564,-0.1285,-0.090477,-0.438259,-0.1313,12.243078,0.000000,-0.000000,4.1918,-1.000000,1.254612,4761.4957,0,1,clay,1.0000,0.500000,0,0,0.000000,0.000000,0.000000,0,nan,0.00,-0.256356,0.1978,0.1414,-0.135356,-0.4065,0.48,6.99,7.94,7.03,0.023806,-1.2667,-0.8735,0.008000,0.071417,0.1802,-0.049933,0.008007,0.023948,-481.63126948435547,247.4698571426129,-253.36382611270446,74.3750308541377,-0.051811,-0.004990,6645.4,5975.2,-0.197764,0.001527,-1.000000,3.3599,1.0000,,,,,
4.5960,1778839083.193887,383,12.258254,0.001296,-0.016200,3.3808,-0.1035,-0.090023,12.250103,0.019985,-0.023103,3.3083,12.284918,-0.001223,-0.016898,3.3605,-0.1290,-0.095213,-0.432235,-0.1433,12.284918,-0.000000,-0.000000,4.1686,-1.000000,1.263583,4800.9088,0,1,clay,1.0000,0.500000,0,0,0.000000,0.000000,0.000000,0,nan,0.00,-0.279084,0.1967,0.1390,-0.147356,-0.3914,0.48,6.93,7.89,6.62,0.019985,-1.3237,-0.8604,0.008000,0.045577,0.2921,-0.026808,0.001725,0.018272,473.7720870636331,161.4172176440802,-341.96211345961217,22.679402315384507,-0.063549,-0.006918,6644.0,5976.6,-0.195247,-0.043849,-1.000000,3.3640,1.0000,,,,,
4.6080,1778839083.205784,384,12.269465,-0.008716,-0.014009,3.3209,-0.0555,-0.079230,12.289681,0.016330,-0.024024,3.3021,12.295866,-0.011100,-0.014711,3.3523,-0.1218,-0.097777,-0.423246,-0.1552,12.295866,-0.000000,-0.000000,4.1624,-0.833256,1.255300,4809.2980,0,1,clay,1.0000,0.500000,0,0,0.000000,0.000000,0.000000,0,nan,0.00,-0.298021,0.1955,0.1365,-0.157355,-0.3763,0.47,6.82,7.77,6.22,0.016330,-1.3765,-0.8603,0.008000,0.039400,0.2816,-0.035499,0.017430,0.018897,-18.467622194197403,814.2387046546588,-483.8639557879493,-66.57878634517397,-0.078831,-0.010203,6641.7,5978.9,-0.191276,-0.028565,-1.000000,3.3556,1.0000,,,,,
4.6200,1778839083.217900,385,12.312226,-0.054189,-0.024830,3.2702,-0.0819,-0.087127,12.329141,0.012511,-0.025048,3.2915,12.338078,-0.056820,-0.025539,3.3359,-0.1200,-0.100684,-0.413119,-0.1638,12.338078,-0.000000,-0.000000,4.1384,0.741155,1.291222,4832.6265,0,1,clay,1.0000,0.500000,0,0,0.000000,0.000000,0.000000,0,nan,0.00,-0.281177,0.1943,0.1339,-0.148461,-0.3608,0.47,6.78,7.72,6.52,0.012511,-1.4351,-0.8469,0.008000,0.084539,0.1696,-0.026138,0.020716,0.016823,-1056.779621344488,276.0915926896596,-593.3585012402392,-120.11380189354335,-0.089046,-0.012152,6639.1,5981.5,-0.186710,-0.013756,-0.833256,3.3391,1.0000,,,,,
4.6320,1778839083.229830,386,12.352577,-0.044000,-0.022988,3.3500,-0.0782,-0.106507,12.368455,0.008349,-0.026263,3.2800,12.378347,-0.046565,-0.023714,3.3379,-0.1131,-0.100579,-0.415904,-0.1427,12.378347,-0.000000,-0.000000,4.1164,-0.035987,1.284536,4866.8859,0,1,clay,1.0000,0.500000,0,0,0.000000,0.000000,0.000000,0,nan,0.00,-0.281995,0.1931,0.1313,-0.148893,-0.3454,0.48,6.76,7.71,6.62,0.008349,-1.5048,-0.8363,0.008000,0.072290,0.1108,-0.030505,0.029878,0.018861,-1469.0771509958247,759.5216741973602,-505.88313437218346,-191.18263905352495,-0.079074,-0.015805,6639.8,5980.7,-0.188045,-0.038062,0.741155,3.3412,1.0000,,,,,
4.6440,1778839083.241871,387,12.365395,0.011420,-0.029947,3.2603,-0.1422,-0.111646,12.407644,0.003880,-0.027602,3.2714,12.390972,0.008561,-0.030707,3.3224,-0.1217,-0.105051,-0.403862,-0.1492,12.390972,-0.000000,-0.000000,4.1098,-0.133571,1.280867,4832.9871,0,1,clay,1.0000,0.500000,0,0,0.000000,0.000000,0.000000,0,nan,0.00,-0.285031,0.1920,0.1287,-0.150496,-0.3300,0.48,6.75,7.71,6.74,0.003880,-1.5815,-0.8384,0.008000,0.045272,-0.3701,-0.035383,0.030685,0.022708,-1308.0082705538373,-918.6859521780988,-485.50284685906576,-200.9278588523241,-0.074094,-0.015634,6636.8,5983.8,-0.182697,-0.016221,-0.035987,3.3256,1.0000,,,,,
4.6560,1778839083.254044,388,12.477995,0.057958,-0.026092,3.2924,-0.1388,-0.112729,12.446717,-0.000663,-0.028932,3.2622,12.503579,0.055096,-0.026883,3.3160,-0.1279,-0.108678,-0.399170,-0.1515,12.503579,0.000000,0.000000,4.0661,-1.000000,1.287449,4920.1113,0,1,clay,1.0000,0.500000,0,0,0.000000,0.000000,0.000000,0,nan,0.00,-0.307758,0.1908,0.1260,-0.162496,-0.3146,0.49,6.73,7.71,6.61,-0.000663,-1.6577,-0.8039,0.008000,0.169327,0.6594,-0.048830,0.016637,0.009177,-1375.063639427823,248.68834544443325,-474.4355098825786,-208.8573243839038,-0.071541,-0.015770,6635.6,5985.0,-0.180621,-0.031824,-0.133571,3.3191,1.0000,,,,,
4.6680,1778839083.265849,389,12.499567,0.078732,-0.023089,3.2196,-0.0812,-0.089463,12.485677,-0.005041,-0.030099,3.2535,12.524949,0.075976,-0.023884,3.2968,-0.1263,-0.111337,-0.395034,-0.1702,12.524949,0.000000,0.000000,4.0619,-1.000000,1.263182,4906.8909,0,1,clay,1.0000,0.500000,0,0,0.000000,0.000000,0.000000,0,nan,0.00,-0.330485,0.1897,0.1232,-0.174496,-0.2994,0.49,7.06,8.04,8.90,-0.005041,-1.7245,-0.8083,0.008000,0.207374,0.3418,-0.048746,0.001901,-0.007469,-23.292634654506074,-428.7488940789344,-591.2101311920158,-253.43106306591886,-0.085351,-0.016998,6634.5,5986.0,-0.178807,-0.010981,-1.000000,3.2999,1.0000,,,,,
4.6800,1778839083.277961,390,12.592980,-0.029329,-0.039077,3.3118,-0.0640,-0.097851,12.524535,-0.009422,-0.031241,3.2437,12.619401,-0.032612,-0.039926,3.2990,-0.1231,-0.115485,-0.394485,-0.1825,12.619401,0.000000,0.000000,4.0571,-0.384582,1.297224,4998.8929,0,1,clay,1.0000,0.500000,0,0,0.000000,0.000000,0.000000,0,nan,0.00,-0.339226,0.1885,0.1205,-0.179111,-0.2839,0.49,6.99,7.98,6.64,-0.009422,-1.7900,-0.8134,0.008000,0.067729,-0.5093,-0.036685,0.020971,0.004318,-1640.4602231203012,288.6219358334854,-710.6695112264482,-314.2573185383684,-0.099455,-0.019747,6634.4,5986.1,-0.178663,-0.035749,-1.000000,3.3022,1.0000,,,,,
4.6920,1778839083.289881,391,12.627654,0.037096,-0.026803,3.1942,-0.1259,-0.100688,12.563256,-0.013947,-0.032436,3.2335,12.653702,0.034111,-0.027652,3.2782,-0.1281,-0.116508,-0.384988,-0.1822,12.653702,0.000000,0.000000,4.0590,-1.000000,1.296746,4992.5081,0,1,clay,1.0000,0.500000,0,0,0.000000,0.000000,0.000000,0,nan,0.00,-0.361953,0.1874,0.1177,-0.191111,-0.2683,0.49,7.03,8.00,7.22,-0.013947,-1.8585,-0.8255,0.008000,0.059575,0.2492,-0.031310,0.036055,0.020645,-1213.6406236443654,-1607.874279657111,-774.4766791896031,-301.6695178634151,-0.101366,-0.018753,6632.1,5988.5,-0.174548,-0.001766,-0.384582,3.2813,1.0000,,,,,
4.7040,1778839083.301880,392,12.653139,-0.039597,-0.028849,3.3539,-0.1153,-0.104464,12.601854,-0.018724,-0.033720,3.2249,12.679437,-0.042729,-0.029731,3.2923,-0.1337,-0.121568,-0.373483,-0.1991,12.679437,0.000000,-0.000000,4.0611,-1.000000,1.254608,5032.6933,0,1,clay,1.0000,0.500000,0,0,0.000000,0.000000,0.000000,0,nan,0.00,-0.384680,0.1863,0.1148,-0.203111,-0.2532,0.49,6.99,7.97,6.77,-0.018724,-1.9320,-0.8362,0.008000,0.032917,-0.1392,-0.021940,0.034334,0.017908,-1565.217247538962,-159.35032408633992,-864.4251914849293,-313.60637379245145,-0.112172,-0.018771,6629.2,5991.4,-0.169492,-0.052017,-1.000000,3.2953,1.0000,,,,,
4.7160,1778839083.313722,393,12.675224,0.014452,-0.030494,3.3104,-0.1194,-0.108871,12.640353,-0.023393,-0.034881,3.2181,12.701376,0.011221,-0.031397,3.2952,-0.1386,-0.126051,-0.374031,-0.2111,12.701376,0.000000,-0.000000,4.0630,-1.000000,1.281812,5077.8839,0,1,clay,1.0000,0.500000,0,0,0.000000,0.000000,0.000000,0,nan,0.00,-0.407407,0.1852,0.1119,-0.215111,-0.2379,0.49,6.92,7.89,6.50,-0.023393,-1.9985,-0.8449,0.008000,0.073326,-0.3441,-0.011683,0.030788,0.016158,-362.420623231833,1082.2955379680916,-948.1326008072458,-318.5067877301241,-0.122368,-0.019037,6629.2,5991.3,-0.169558,-0.038893,-1.000000,3.2982,1.0000,,,,,
4.7280,1778839083.325845,394,12.746461,0.047384,-0.042776,3.2529,-0.2030,-0.101555,12.678749,-0.028164,-0.036046,3.2095,12.772246,0.043703,-0.043683,3.2866,-0.1569,-0.129038,-0.358527,-0.2230,12.772246,-0.000000,-0.000000,4.0682,-1.000000,1.286616,5125.5331,0,1,clay,1.0000,0.500000,0,0,0.000000,0.000000,0.000000,0,nan,0.00,-0.430135,0.1840,0.1090,-0.227111,-0.2224,0.48,6.84,7.81,6.41,-0.028164,-2.0653,-0.8587,0.008000,0.159783,-0.4107,-0.005064,0.008272,0.010552,-1443.1305815030664,-106.15637248211556,-1039.6012906072444,-211.30997856612072,-0.128437,-0.013665,6625.3,5995.2,-0.162765,-0.017581,-1.000000,3.2895,1.0000,,,,,
4.7400,1778839083.337847,395,12.639707,-0.076399,-0.044305,3.2554,-0.1744,-0.107911,12.717014,-0.033232,-0.037356,3.1993,12.665193,-0.080193,-0.045225,3.2801,-0.1673,-0.132829,-0.352257,-0.2349,12.665193,0.000000,-0.000000,4.0599,1.000000,1.272521,5015.6304,0,1,clay,1.0000,0.500000,0,0,0.000000,0.000000,0.000000,0,nan,0.00,-0.407407,0.1829,0.1061,-0.215111,-0.2071,0.49,6.80,7.78,6.61,-0.033232,-2.1403,-0.8606,0.008000,0.071966,-0.6035,-0.013475,-0.007638,0.003099,-1418.7010209209543,-1032.7293024461753,-1107.5109390334378,-167.6198624716621,-0.136727,-0.011634,6623.7,5996.8,-0.159971,-0.029986,-1.000000,3.2829,1.0000,,,,,
4.7520,1778839083.350244,396,12.727723,-0.035708,-0.034211,3.2060,-0.1385,-0.117776,12.755169,-0.038580,-0.038745,3.1916,12.753008,-0.039217,-0.035130,3.2651,-0.1631,-0.130033,-0.362509,-0.2073,12.753008,-0.000000,-0.000000,4.0671,1.000000,1.298721,5070.2058,0,1,clay,1.0000,0.500000,0,0,0.000000,0.000000,0.000000,0,nan,0.00,-0.384680,0.1818,0.1031,-0.203111,-0.1916,0.48,6.81,7.78,6.86,-0.038580,-2.2199,-0.8756,0.008000,0.007588,0.4011,-0.014017,0.001218,0.007390,-2351.4436391933696,-659.641150850137,-1039.1954265449845,-191.14017140807096,-0.122637,-0.013141,6626.3,5994.3,-0.164428,-0.018419,1.000000,3.2680,1.0000,,,,,
4.7640,1778839083.361842,397,12.767807,0.008896,-0.042022,3.2513,-0.1334,-0.124757,12.793197,-0.044251,-0.040238,3.1815,12.793050,0.005181,-0.042956,3.2620,-0.1599,-0.130002,-0.355227,-0.1953,12.793050,-0.000000,-0.000000,4.0690,-1.000000,1.296185,5087.1283,0,1,clay,1.0000,0.500000,0,0,0.000000,0.000000,0.000000,0,nan,0.00,-0.407407,0.1808,0.1001,-0.215111,-0.1760,0.48,6.79,7.76,6.67,-0.044251,-2.3054,-0.8875,0.008000,0.066880,-0.2447,-0.011325,0.021074,0.023412,-1756.8668624180928,-737.9123241882851,-919.1390678512953,-249.14980870728243,-0.108836,-0.015337,6624.5,5996.1,-0.161305,-0.033407,1.000000,3.2648,1.0000,,,,,
4.7760,1778839083.373895,398,12.876435,-0.007072,-0.039522,3.1596,-0.2086,-0.126056,12.831117,-0.049995,-0.041669,3.1738,12.901500,-0.010893,-0.040493,3.2417,-0.1764,-0.137261,-0.345757,-0.2229,12.901500,-0.000000,-0.000000,4.0691,-1.000000,1.324995,5162.9935,0,1,clay,1.0000,0.500000,0,0,0.000000,0.000000,0.000000,0,nan,0.00,-0.430135,0.1797,0.0971,-0.227111,-0.1601,0.49,6.78,7.75,6.69,-0.049995,-2.3875,-0.8953,0.008000,0.050119,-0.2581,-0.012869,0.008276,0.021592,-1535.0306724671668,-374.3618324885726,-931.2499080154838,-202.66275740093636,-0.114297,-0.012853,6622.1,5998.5,-0.157111,-0.005465,-1.000000,3.2444,1.0000,,,,,
4.7880,1778839083.385903,399,12.880241,-0.107781,-0.037413,3.1820,-0.2097,-0.100924,12.868957,-0.055609,-0.042955,3.1688,12.905147,-0.111624,-0.038379,3.2298,-0.1889,-0.138433,-0.324424,-0.2349,12.905147,-0.000000,0.000000,4.0691,1.000000,1.297807,5132.7921,0,1,clay,1.0000,0.500000,0,0,0.000000,0.000000,0.000000,0,nan,0.00,-0.407407,0.1786,0.0940,-0.215111,-0.1445,0.49,6.74,7.71,6.53,-0.055609,-2.4611,-0.9003,0.008000,0.074456,0.8056,-0.027189,-0.006150,0.021558,-1160.0441864621753,-265.69484635708505,-1079.6083629818868,-114.63096841596453,-0.123419,-0.008177,6616.7,6003.8,-0.147778,-0.019020,-1.000000,3.2323,1.0000,,,,,
4.8000,1778839083.397762,400,12.899556,0.027370,-0.034191,3.1474,-0.2817,-0.121238,12.906686,-0.061330,-0.044277,3.1577,12.924172,0.023491,-0.035147,3.2134,-0.2043,-0.135089,-0.324290,-0.2074,12.924172,-0.000000,0.000000,4.0686,-1.000000,1.320285,5129.9247,0,1,clay,1.0000,0.500000,0,0,0.000000,0.000000,0.000000,0,nan,0.00,-0.430135,0.1775,0.0909,-0.227111,-0.1287,0.48,6.83,7.78,7.33,-0.061330,-2.5369,-0.9109,0.008000,0.087914,0.2929,-0.023772,-0.022835,0.024626,-1688.7391026447463,151.80927104818107,-940.0259281076668,30.666271548377978,-0.102660,-0.002147,6616.6,6003.9,-0.147596,0.000134,1.000000,3.2159,1.0000,,,,,
4.8120,1778839083.409808,401,12.908421,-0.065809,-0.043996,3.0560,-0.1650,-0.128790,12.944277,-0.067495,-0.045799,3.1496,12.933032,-0.070014,-0.045002,3.1824,-0.2054,-0.142246,-0.320039,-0.2349,12.933032,-0.000000,0.000000,4.0684,1.000000,1.348588,5082.4311,0,1,clay,1.0000,0.500000,0,0,0.000000,0.000000,0.000000,0,nan,0.00,-0.407407,0.1765,0.0878,-0.215111,-0.1125,0.48,6.77,7.73,6.45,-0.067495,-2.6241,-0.9189,0.008000,0.101084,-0.1208,-0.070006,-0.011940,0.027308,-1902.5715931842583,-1681.1245110125335,-982.2200548140584,-47.86515236310998,-0.113154,-0.005094,6615.6,6004.9,-0.145845,0.020201,-1.000000,3.1849,1.0000,,,,,
4.8240,1778839083.421864,402,12.969163,-0.071102,-0.057558,3.2491,-0.2521,-0.128720,12.981749,-0.073879,-0.047342,3.1403,12.993641,-0.075700,-0.058558,3.1948,-0.2128,-0.139405,-0.319421,-0.2074,12.993641,-0.000000,0.000000,4.0671,1.000000,1.338362,5156.9022,0,1,clay,1.0000,0.500000,0,0,0.000000,0.000000,0.000000,0,nan,0.00,-0.384680,0.1755,0.0836,-0.203111,-0.0964,0.48,6.70,7.66,6.32,-0.073879,-2.7125,-0.9268,0.008000,0.071518,-0.7767,-0.060484,-0.016682,0.033598,-1829.4593187084593,-861.0694331930323,-872.0915622706808,23.609423796094077,-0.096060,-0.002147,6615.5,6005.1,-0.145639,-0.037724,1.000000,3.1973,1.0000,,,,,
4.8360,1778839083.433903,403,13.027242,-0.074843,-0.041671,3.1483,-0.2667,-0.128582,13.019078,-0.080498,-0.048907,3.1297,13.051483,-0.079100,-0.042663,3.1854,-0.2219,-0.137922,-0.318746,-0.1955,13.051483,0.000000,0.000000,4.0663,-1.000000,1.340153,5197.9560,0,1,clay,1.0000,0.500000,0,0,0.000000,0.000000,0.000000,0,nan,0.00,-0.407407,0.1747,0.0796,-0.215111,-0.0804,0.48,6.70,7.66,6.69,-0.080498,-2.8022,-0.9366,0.008000,0.098858,0.8546,-0.062914,-0.015256,0.041805,-1971.418555204682,-2081.0160819606745,-693.6919670949534,100.05814163339662,-0.078383,0.001111,6615.3,6005.3,-0.145263,-0.011889,1.000000,3.1878,1.0000,,,,,
4.8480,1778839083.445887,404,13.088219,-0.044384,-0.050152,3.0569,-0.2014,-0.119500,13.056308,-0.087180,-0.050426,3.1251,13.112275,-0.048873,-0.051160,3.1601,-0.2249,-0.142391,-0.303551,-0.2228,13.112275,0.000000,0.000000,4.0662,-1.000000,1.332408,5202.0568,0,1,clay,1.0000,0.500000,0,0,0.000000,0.000000,0.000000,0,nan,0.00,-0.430135,0.1740,0.0758,-0.227111,-0.0644,0.49,7.02,7.99,8.83,-0.087180,-2.8892,-0.9411,0.008000,0.131300,0.4788,-0.082367,-0.022428,0.027578,-973.3942763514297,501.6235493216212,-808.2883580614185,78.5346908162264,-0.089872,0.000730,6611.4,6009.1,-0.138568,0.014563,-1.000000,3.1625,1.0000,,,,,
4.8600,1778839083.457825,405,13.145073,-0.112143,-0.048194,3.0584,-0.2682,-0.111739,13.093443,-0.093730,-0.051797,3.1162,13.169964,-0.116869,-0.049249,3.1401,-0.2383,-0.144891,-0.282255,-0.2351,13.169964,0.000000,-0.000000,4.0665,-0.069038,1.338021,5231.4865,0,1,clay,1.0000,0.500000,0,0,0.000000,0.000000,0.000000,0,nan,0.00,-0.431704,0.1734,0.0721,-0.227940,-0.0483,0.48,7.16,8.13,7.95,-0.093730,-2.9677,-0.9502,0.008000,0.071162,-0.0035,-0.086538,-0.023598,0.043978,-1412.8042253369067,-1967.077472757359,-946.8524210067421,179.04804271919136,-0.098169,0.005347,6606.1,6014.4,-0.129325,0.012916,-1.000000,3.1423,1.0000,,,,,
4.8720,1778839083.469851,406,13.197976,-0.131719,-0.056653,3.0644,-0.1720,-0.114440,13.130486,-0.100346,-0.053155,3.1087,13.223146,-0.136656,-0.057720,3.1249,-0.2301,-0.143751,-0.282600,-0.2285,13.223146,0.000000,-0.000000,4.0668,-0.332951,1.362843,5265.5172,0,1,clay,1.0000,0.500000,0,0,0.000000,0.000000,0.000000,0,nan,0.00,-0.439271,0.1730,0.0687,-0.231935,-0.0320,0.48,7.06,8.03,6.48,-0.100346,-3.0455,-0.9581,0.008000,0.117988,-0.0399,-0.099175,-0.025591,0.032065,-1766.5873077396882,150.70820928766227,-974.0317903905038,114.21210122738525,-0.101615,0.002876,6606.3,6014.3,-0.129580,0.012295,-0.069038,3.1273,1.0000,,,,,
4.8840,1778839083.481799,407,13.143648,-0.121183,-0.059964,3.1489,-0.1905,-0.117162,13.167405,-0.107165,-0.054574,3.0995,13.168491,-0.126117,-0.061019,3.1292,-0.2278,-0.144668,-0.275452,-0.2346,13.168491,0.000000,-0.000000,4.0665,1.000000,1.333604,5222.0346,0,1,clay,1.0000,0.500000,0,0,0.000000,0.000000,0.000000,0,nan,0.00,-0.416544,0.1726,0.0654,-0.219935,-0.0160,0.48,6.98,7.94,6.53,-0.107165,-3.1268,-0.9669,0.008000,0.098807,-0.3291,-0.075663,-0.003577,0.047628,-1536.4642989463882,-1584.570841794533,-1021.4425659540977,81.58741941822232,-0.106996,0.001715,6604.5,6016.1,-0.126446,-0.015081,-0.332951,3.1314,1.0000,,,,,
4.8960,1778839083.493879,408,13.209248,-0.029979,-0.056598,3.0956,-0.2297,-0.121437,13.204194,-0.114342,-0.056144,3.0915,13.233820,-0.034780,-0.057632,3.1223,-0.2275,-0.140666,-0.271920,-0.2120,13.233820,0.000000,-0.000000,4.0669,-1.000000,1.339178,5252.1875,0,1,clay,1.0000,0.500000,0,0,0.000000,0.000000,0.000000,0,nan,0.00,-0.439271,0.1724,0.0622,-0.231935,0.0001,0.48,6.94,7.90,6.72,-0.114342,-3.2168,-0.9754,0.008000,0.136090,-0.2507,-0.072816,-0.013153,0.034370,-1778.7642866697693,-38.404413553618724,-961.9401907630306,103.86845205826184,-0.092904,0.002756,6603.5,6017.1,-0.124739,0.000539,1.000000,3.1245,1.0000,,,,,
4.9080,1778839083.505778,409,13.251138,-0.189472,-0.060437,3.0036,-0.2755,-0.132824,13.240886,-0.121814,-0.057806,3.0855,13.275377,-0.194495,-0.061502,3.0989,-0.2425,-0.147428,-0.268676,-0.2398,13.275377,-0.000000,-0.000000,4.0671,1.000000,1.350362,5265.5412,0,1,clay,1.0000,0.500000,0,0,0.000000,0.000000,0.000000,0,nan,0.00,-0.416544,0.1722,0.0593,-0.219935,0.0163,0.48,6.88,7.84,6.53,-0.121814,-3.3120,-0.9815,0.008000,0.159873,-0.6750,-0.079813,-0.012879,0.042301,-1726.1591754762976,-1614.4390853472423,-957.2954030960798,158.1585580116747,-0.098552,0.005270,6602.7,6017.9,-0.123303,0.027792,-1.000000,3.1011,1.0000,,,,,
4.9200,1778839083.517809,410,13.229699,-0.038391,-0.064622,3.0863,-0.2836,-0.128853,13.277495,-0.129251,-0.059355,3.0796,13.253702,-0.043530,-0.065670,3.0962,-0.2478,-0.143505,-0.255547,-0.2121,13.253702,-0.000000,-0.000000,4.0670,-1.000000,1.329803,5229.5510,0,1,clay,1.0000,0.500000,0,0,0.000000,0.000000,0.000000,0,nan,0.00,-0.439271,0.1721,0.0564,-0.231935,0.0323,0.48,6.88,7.85,6.93,-0.129251,-3.4008,-0.9874,0.008000,0.091172,-0.3091,-0.052160,-0.011907,0.053372,-1229.8108127492833,231.7320139307252,-876.1561222196303,226.5733881746541,-0.081970,0.008211,6599.4,6021.2,-0.117509,0.000868,1.000000,3.0982,1.0000,,,,,
4.9320,1778839083.529806,411,13.352998,-0.178956,-0.065865,3.0338,-0.2537,-0.134558,13.314018,-0.136829,-0.060941,3.0730,13.376908,-0.184216,-0.066947,3.0838,-0.2552,-0.150008,-0.245556,-0.2398,13.376908,-0.000000,-0.000000,4.0671,1.000000,1.356081,5328.3518,0,1,clay,1.0000,0.500000,0,0,0.000000,0.000000,0.000000,0,nan,0.00,-0.416544,0.1722,0.0537,-0.219935,0.0485,0.48,6.86,7.83,6.75,-0.136829,-3.4916,-0.9941,0.008000,0.059484,0.3801,-0.077129,-0.023222,0.037275,-1370.5995501918385,-2214.7777170596023,-929.5537528557774,217.74510453889778,-0.091093,0.008134,6596.8,6023.8,-0.113029,0.021208,-1.000000,3.0858,1.0000,,,,,
4.9440,1778839083.541869,412,13.301554,-0.115381,-0.066187,3.0002,-0.3380,-0.126121,13.350439,-0.144508,-0.062503,3.0653,13.325287,-0.120728,-0.067251,3.0673,-0.2670,-0.145205,-0.242171,-0.2121,13.325287,-0.000000,-0.000000,4.0671,-0.895553,1.375887,5246.9455,0,1,clay,1.0000,0.500000,0,0,0.000000,0.000000,0.000000,0,nan,0.00,-0.436897,0.1723,0.0511,-0.230682,0.0651,0.48,6.96,7.93,7.53,-0.144508,-3.5812,-1.0019,0.008000,0.069920,-0.5576,-0.084291,-0.039566,0.040420,-1754.2550903395068,-439.5471661371628,-803.9768702180431,368.25750223770024,-0.072078,0.014320,6596.0,6024.6,-0.111618,0.029199,1.000000,3.0692,1.0000,,,,,
4.9560,1778839083.553874,413,13.269186,-0.160532,-0.068447,3.0448,-0.2647,-0.142224,13.386755,-0.152563,-0.064265,3.0607,13.293191,-0.166093,-0.069565,3.0627,-0.2723,-0.152360,-0.224164,-0.2378,13.293191,-0.000000,-0.000000,4.0671,1.000000,1.352715,5208.9014,0,1,clay,1.0000,0.500000,0,0,0.000000,0.000000,0.000000,0,nan,0.00,-0.414170,0.1725,0.0487,-0.218682,0.0813,0.49,6.95,7.92,6.84,-0.152563,-3.6822,-1.0064,0.008000,0.164312,-0.1746,-0.065290,-0.025982,0.051709,-1647.4828558777797,706.9166818850786,-853.8129108807389,326.9540891464724,-0.080496,0.012930,6591.5,6029.1,-0.103802,0.006682,-0.895553,3.0645,1.0000,,,,,
4.9680,1778839083.565778,414,13.454446,-0.148579,-0.068375,3.0068,-0.2527,-0.146941,13.422990,-0.160672,-0.065988,3.0545,13.478268,-0.154094,-0.069496,3.0516,-0.2666,-0.149913,-0.215080,-0.2108,13.478268,-0.000000,0.000001,4.0670,-1.000000,1.326634,5374.8161,0,1,clay,1.0000,0.500000,0,0,0.000000,0.000000,0.000000,0,nan,0.00,-0.436897,0.1728,0.0463,-0.230682,0.0972,0.48,6.91,7.87,6.67,-0.160672,-3.7809,-1.0125,0.008000,0.040805,-0.2657,-0.058497,-0.020040,0.044652,-1699.7678336156196,-493.9875911722386,-779.76679179096,261.45320418179625,-0.066530,0.010564,6589.1,6031.4,-0.099690,0.023773,1.000000,3.0533,1.0000,,,,,
4.9800,1778839083.577821,415,13.335282,-0.157533,-0.066585,2.9230,-0.1617,-0.148084,13.459143,-0.168953,-0.067779,3.0516,13.358795,-0.162900,-0.067735,3.0265,-0.2549,-0.156581,-0.195022,-0.2385,13.358795,-0.000000,-0.000000,4.0672,1.000000,1.256357,5193.8227,0,1,clay,1.0000,0.500000,0,0,0.000000,0.000000,0.000000,0,nan,0.00,-0.414170,0.1760,0.0441,-0.218682,0.1123,0.48,6.96,7.93,7.29,-0.168953,-3.8835,-1.0156,0.008000,0.201860,0.3157,-0.068561,-0.007725,0.039117,-341.13621918710885,412.08584008296936,-923.3537778961061,47.143726033720625,-0.081691,0.002751,6584.0,6036.6,-0.090718,0.055167,-1.000000,3.0281,1.0000,,,,,
4.9920,1778839083.589824,416,13.482696,-0.098128,-0.067991,3.0121,-0.2002,-0.145995,13.495225,-0.177243,-0.069521,3.0447,13.506317,-0.103482,-0.069145,3.0235,-0.2440,-0.153192,-0.182144,-0.2108,13.506317,0.000000,0.000001,4.0669,-1.000000,1.243612,5340.0232,0,1,clay,1.0000,0.500000,0,0,0.000000,0.000000,0.000000,0,nan,0.00,-0.436897,0.1795,0.0420,-0.230682,0.1272,0.48,7.00,7.95,7.24,-0.177243,-3.9833,-1.0223,0.008000,0.092971,0.4295,-0.076641,-0.008956,0.027322,-1464.4579449540029,-1146.8696838722535,-897.162058069212,-57.849076615131224,-0.070899,-0.000931,6580.6,6040.0,-0.084813,0.020586,1.000000,3.0250,1.0000,,,,,
5.0040,1778839083.601760,417,13.510786,-0.183995,-0.073977,3.0816,-0.2218,-0.167053,13.531201,-0.186004,-0.071526,3.0408,13.534581,-0.189621,-0.075195,3.0345,-0.2470,-0.162563,-0.175476,-0.2386,13.534581,0.000000,0.000001,4.0669,-0.754184,1.261416,5401.1606,0,1,clay,1.0000,0.500000,0,0,0.000000,0.000000,0.000000,0,nan,0.00,-0.454038,0.1833,0.0400,-0.239732,0.1423,0.48,6.99,7.94,6.90,-0.186004,-4.0982,-1.0262,0.008000,0.091939,-0.1306,-0.059160,0.008260,0.040755,-1401.7049350691073,-231.477142020835,-920.1562179650548,-173.0247462431537,-0.081081,-0.004809,6578.9,6041.7,-0.081848,-0.005209,-1.000000,3.0360,1.0000,,,,,
5.0160,1778839083.613863,418,13.611933,-0.214274,-0.078417,3.0928,-0.2131,-0.155970,13.567142,-0.194599,-0.073361,3.0403,13.635749,-0.220029,-0.079659,3.0456,-0.2462,-0.166446,-0.165233,-0.2457,13.635749,0.000000,0.000001,4.0669,-0.720843,1.221564,5516.2967,0,1,clay,1.0000,0.500000,0,0,0.000000,0.000000,0.000000,0,nan,0.00,-0.470420,0.1874,0.0381,-0.248382,0.1570,0.48,7.00,7.96,7.07,-0.194599,-4.2034,-1.0266,0.008000,0.055751,-0.1245,-0.025122,0.016153,0.033062,-413.65187278529754,-140.10600775011278,-1055.714777473256,-243.1316396184944,-0.090418,-0.007260,6576.3,6044.2,-0.077380,-0.012655,-0.754184,3.0470,1.0000,,,,,
5.0280,1778839083.625794,419,13.478708,-0.216336,-0.072261,3.0073,-0.3271,-0.145590,13.603026,-0.203070,-0.075101,3.0337,13.502508,-0.222110,-0.073513,3.0380,-0.2646,-0.168593,-0.151113,-0.2541,13.502508,0.000000,0.000001,4.0670,1.000000,1.233299,5375.9080,0,1,clay,1.0000,0.500000,0,0,0.000000,0.000000,0.000000,0,nan,0.00,-0.447693,0.1918,0.0362,-0.236382,0.1718,0.47,6.96,7.91,6.71,-0.203070,-4.3031,-1.0333,0.008000,0.132482,0.4446,-0.031358,0.009162,0.048389,-739.7253575799048,202.09533168583607,-1117.9994641609558,-70.78044109000942,-0.092433,-0.000883,6572.7,6047.9,-0.071010,0.020444,-0.720843,3.0393,1.0000,,,,,
5.0400,1778839083.637891,420,13.587056,-0.166816,-0.074599,3.0665,-0.4027,-0.155918,13.638824,-0.211731,-0.076928,3.0269,13.610798,-0.172834,-0.075845,3.0433,-0.2861,-0.165623,-0.152098,-0.2285,13.610798,0.000000,0.000001,4.0669,-0.973869,1.224871,5483.8264,0,1,clay,1.0000,0.500000,0,0,0.000000,0.000000,0.000000,0,nan,0.00,-0.469826,0.1964,0.0345,-0.248068,0.1865,0.48,7.03,8.00,7.48,-0.211731,-4.4074,-1.0400,0.008000,0.128590,0.4211,-0.014686,-0.030455,0.027846,-1174.3842473879943,-602.7283364132991,-935.75994595732,174.82778119622938,-0.069972,0.007948,6573.0,6047.6,-0.071473,0.001119,1.000000,3.0446,1.0000,,,,,
5.0520,1778839083.649855,421,13.676430,-0.293558,-0.082518,3.0256,-0.2520,-0.171597,13.674528,-0.220760,-0.078937,3.0240,13.700306,-0.299879,-0.083825,3.0397,-0.2867,-0.173970,-0.140885,-0.2559,13.700306,-0.299879,0.424679,4.0669,1.000000,1.233429,5580.9618,0,1,clay,1.0000,0.500000,0,0,0.000000,0.000000,0.000000,0,nan,0.00,-0.447099,0.2013,0.0328,-0.236068,0.2013,0.48,7.28,8.24,8.67,-0.220760,-4.5225,-1.0429,0.008000,0.113326,-0.0427,-0.002147,-0.019730,0.032385,-1527.503422553265,41.898680050085204,-979.6874721672227,48.66578833292233,-0.080595,0.003793,6570.1,6050.4,-0.066532,0.014625,-0.973869,3.0409,1.0000,,,,,
5.0640,1778839083.661845,422,13.720768,-0.237364,-0.077508,3.0251,-0.3007,-0.172714,13.710142,-0.229994,-0.081014,3.0172,13.745372,-0.243797,-0.078866,3.0366,-0.2870,-0.172244,-0.140409,-0.2278,13.745372,0.000000,-0.000004,4.0670,-1.000000,1.225120,5614.7410,0,1,clay,1.0000,0.500000,0,0,0.000000,0.000000,0.000000,0,nan,0.00,-0.469826,0.2063,0.0313,-0.248068,0.2160,0.48,7.14,8.10,6.35,-0.229994,-4.6415,-1.0497,0.008000,0.125582,0.4179,-0.002413,-0.031167,0.015771,-1438.0753818695334,-629.7230528632541,-879.8147307949628,36.96531277742582,-0.064607,0.003414,6570.1,6050.5,-0.066484,0.014280,1.000000,3.0378,1.0000,,,,,
5.0760,1778839083.673815,423,13.699386,-0.244857,-0.086673,2.9263,-0.1440,-0.183071,13.745680,-0.239465,-0.083161,3.0158,13.723332,-0.251287,-0.088059,3.0151,-0.2694,-0.180370,-0.136884,-0.2562,13.723332,0.000000,-0.000003,4.0669,1.000000,1.216275,5557.4407,0,1,clay,1.0000,0.500000,0,0,0.000000,0.000000,0.000000,0,nan,0.00,-0.447099,0.2116,0.0298,-0.236068,0.2306,0.48,7.08,8.04,6.74,-0.239465,-4.7645,-1.0511,0.008000,0.082108,-0.1252,-0.013830,0.009367,0.033756,-1283.8803914605598,-18.063382049030224,-980.0472326962542,-288.20878377980955,-0.081043,-0.008066,6569.1,6051.4,-0.064819,0.044668,-1.000000,3.0162,1.0000,,,,,
5.0880,1778839083.685848,424,13.786205,-0.259973,-0.090931,2.8737,-0.2237,-0.176769,13.781151,-0.248950,-0.085269,3.0096,13.809765,-0.266388,-0.092308,2.9875,-0.2597,-0.176918,-0.133659,-0.2280,13.809765,-0.000000,-0.000006,4.0670,0.705048,1.247602,5590.3468,0,1,clay,1.0000,0.500000,0,0,0.000000,0.000000,0.000000,0,nan,0.00,-0.431075,0.2172,0.0283,-0.227608,0.2456,0.48,6.98,7.95,6.40,-0.248950,-4.8853,-1.0574,0.008000,0.131360,-0.4319,-0.018381,0.002035,0.013166,-1296.99768111329,-377.41776717472027,-925.7766180991864,-378.7314786955355,-0.067735,-0.011644,6568.3,6052.3,-0.063337,0.063108,1.000000,2.9887,1.0000,,,,,
5.1000,1778839083.697829,425,13.861440,-0.234268,-0.083077,3.0187,-0.3213,-0.183468,13.816538,-0.258622,-0.087428,3.0057,13.884730,-0.240534,-0.084452,2.9934,-0.2703,-0.177902,-0.131280,-0.2220,13.884730,-0.000001,-0.000002,4.0670,-1.000000,1.245550,5681.9679,0,1,clay,1.0000,0.500000,0,0,0.000000,0.000000,0.000000,0,nan,0.00,-0.453803,0.2229,0.0270,-0.239608,0.2605,0.47,6.96,7.91,6.88,-0.258622,-5.0090,-1.0613,0.008000,0.083462,0.0795,-0.010851,-0.006227,0.024851,-1004.192831792575,263.3292257856515,-755.8999616615902,-313.1830887930637,-0.052963,-0.008870,6567.7,6052.8,-0.062332,0.015797,0.705048,2.9945,1.0000,,,,,
5.1120,1778839083.709821,426,13.805613,-0.313728,-0.086948,2.9621,-0.2177,-0.185509,13.851840,-0.268496,-0.089670,3.0013,13.828744,-0.320073,-0.088356,2.9872,-0.2674,-0.184800,-0.126315,-0.2475,13.828744,-0.320073,0.457702,4.0670,1.000000,1.241206,5619.4593,0,1,clay,1.0000,0.500000,0,0,0.000000,0.000000,0.000000,0,nan,0.00,-0.431075,0.2288,0.0257,-0.227608,0.2754,0.47,6.81,7.75,5.96,-0.268496,-5.1375,-1.0657,0.008000,0.057936,0.2581,-0.028771,0.005049,0.020200,-1149.182836953767,-68.94261871658813,-816.0643270825477,-438.5551097815922,-0.065556,-0.013603,6566.4,6054.1,-0.060117,0.024332,-1.000000,2.9882,1.0000,,,,,
5.1240,1778839083.721798,427,13.956662,-0.377090,-0.099762,3.0100,-0.2712,-0.174578,13.887099,-0.278223,-0.091790,2.9988,13.979293,-0.383592,-0.101129,2.9916,-0.2658,-0.180294,-0.099845,-0.2199,13.979293,-0.383592,0.253077,4.0670,1.000000,1.200272,5785.8111,0,1,clay,1.0000,0.500000,0,0,0.000000,0.000000,0.000000,0,nan,0.00,-0.408348,0.2349,0.0244,-0.215608,0.2898,0.46,6.71,7.64,6.11,-0.278223,-5.2600,-1.0681,0.008000,0.084540,-0.1981,-0.036653,-0.003107,0.016000,-200.03890433225249,154.87039882036947,-806.2280687275729,-429.82344952652386,-0.052300,-0.012711,6559.7,6060.9,-0.048329,0.015922,1.000000,2.9924,1.0000,,,,,
5.1360,1778839083.733799,428,13.997295,-0.301859,-0.085450,2.9562,-0.1817,-0.184570,13.922281,-0.288180,-0.094031,2.9944,14.019680,-0.307845,-0.086803,2.9846,-0.2507,-0.178954,-0.098520,-0.2080,14.019680,-0.307845,0.442023,4.0669,-1.000000,1.183165,5812.2539,0,1,clay,1.0000,0.500000,0,0,0.000000,0.000000,0.000000,0,nan,0.00,-0.431075,0.2412,0.0233,-0.227608,0.3040,0.47,6.61,7.55,6.06,-0.288180,-5.3884,-1.0725,0.008000,0.195646,0.2821,-0.037521,0.012894,0.008219,-824.1306417642467,-1484.6768664685032,-692.8169547785096,-589.6974714662076,-0.043310,-0.018941,6559.2,6061.3,-0.047551,0.034349,1.000000,2.9854,1.0000,,,,,
5.1480,1778839083.746352,429,13.918374,-0.274522,-0.093717,3.0354,-0.2925,-0.190778,13.957391,-0.298325,-0.096355,2.9925,13.940543,-0.280781,-0.095093,2.9944,-0.2634,-0.186134,-0.088020,-0.2352,13.940543,-0.000001,0.000005,4.0670,-1.000000,1.137442,5753.1598,0,1,clay,1.0000,0.500000,0,0,0.000000,0.000000,0.000000,0,nan,0.00,-0.453803,0.2476,0.0222,-0.239608,0.3177,0.48,6.85,7.81,8.23,-0.298325,-5.5216,-1.0744,0.008000,0.025148,-0.0750,-0.033016,0.021365,0.019708,-321.9301795859522,177.68547016943234,-698.1719442588003,-562.1932839052417,-0.051038,-0.017395,6556.5,6064.0,-0.042817,0.016150,-1.000000,2.9951,1.0000,,,,,
5.1600,1778839083.757897,430,13.986982,-0.294561,-0.103434,2.9464,-0.2636,-0.184499,13.992494,-0.308358,-0.098562,2.9936,14.009759,-0.301310,-0.104878,2.9850,-0.2684,-0.190142,-0.074400,-0.2474,14.009759,-0.301310,0.425840,4.0669,-1.000000,1.109066,5803.4362,0,1,clay,1.0000,0.500000,0,0,0.000000,0.000000,0.000000,0,nan,0.00,-0.476530,0.2541,0.0211,-0.251608,0.3310,0.48,6.76,7.73,6.24,-0.308358,-5.6481,-1.0734,0.008000,0.087727,-0.1267,-0.039985,0.011728,0.008036,-275.2240647390064,-634.2977112880444,-849.8500367245889,-563.1063074610913,-0.061043,-0.017426,6553.1,6067.5,-0.036779,0.038498,-1.000000,2.9857,1.0000,,,,,
5.1720,1778839083.769763,431,13.965402,-0.381638,-0.095282,2.8575,-0.2648,-0.168920,14.027612,-0.318166,-0.100588,2.9936,13.987706,-0.388104,-0.096702,2.9604,-0.2724,-0.191035,-0.057160,-0.2593,13.987706,-0.388104,0.263058,4.0670,1.000000,1.142556,5740.6221,0,1,clay,1.0000,0.500000,0,0,0.000000,0.000000,0.000000,0,nan,0.00,-0.453803,0.2608,0.0201,-0.239608,0.3447,0.47,7.15,8.10,9.35,-0.318166,-5.7642,-1.0734,0.008000,0.097420,0.0463,-0.061750,0.022214,0.026482,-60.72990770678083,243.38902483167317,-1018.1680333443535,-511.81450951668,-0.071892,-0.015731,6548.6,6072.0,-0.029013,0.071302,-1.000000,2.9608,1.0000,,,,,
5.1840,1778839083.781870,432,14.041352,-0.365995,-0.112464,2.9923,-0.2187,-0.170697,14.062694,-0.328063,-0.102675,2.9903,14.064737,-0.373096,-0.113932,2.9665,-0.2625,-0.185779,-0.045481,-0.2315,14.064737,-0.373096,0.238394,4.0669,1.000000,1.110918,5821.6252,0,1,clay,1.0000,0.500000,0,0,0.000000,0.000000,0.000000,0,nan,0.00,-0.431075,0.2676,0.0191,-0.227608,0.3580,0.48,6.99,7.95,6.11,-0.328063,-5.8837,-1.0767,0.008000,0.039739,-0.3649,-0.034479,0.016217,0.016475,-1238.8249818924442,-19.014588705477195,-1005.7542700195365,-561.1320150987425,-0.063242,-0.017424,6545.8,6074.7,-0.024169,0.025159,1.000000,2.9669,1.0000,,,,,
5.1960,1778839083.793709,433,14.106228,-0.398383,-0.105117,2.9086,-0.2455,-0.185383,14.097684,-0.338391,-0.105002,2.9887,14.129070,-0.405132,-0.106552,2.9553,-0.2589,-0.183861,-0.035637,-0.2197,14.129070,-0.405132,0.270955,4.0669,-1.000000,1.083362,5880.8620,0,1,clay,1.0000,0.500000,0,0,0.000000,0.000000,0.000000,0,nan,0.00,-0.453803,0.2744,0.0182,-0.239608,0.3710,0.47,6.92,7.85,6.48,-0.338391,-6.0171,-1.0782,0.008000,0.050689,0.2798,-0.018519,0.004576,0.005045,-1317.7996733489545,-1526.9923484519236,-856.4357568371704,-594.2113942049707,-0.049817,-0.018773,6543.2,6077.3,-0.019623,0.063180,1.000000,2.9556,1.0000,,,,,
5.2080,1778839083.805877,434,14.238341,-0.306136,-0.105904,3.0338,-0.1552,-0.194316,14.132649,-0.348920,-0.107384,2.9907,14.261074,-0.312798,-0.107364,2.9706,-0.2481,-0.191150,-0.022750,-0.2475,14.261074,-0.312798,0.442884,4.0670,-1.000000,1.007422,6045.9364,0,1,clay,1.0000,0.500000,0,0,0.000000,0.000000,0.000000,0,nan,0.00,-0.476530,0.2814,0.0173,-0.251608,0.3831,0.47,6.82,7.75,6.25,-0.348920,-6.1494,-1.0763,0.008000,0.061768,-0.2098,-0.009488,0.041094,0.019488,-1048.5357873065493,-794.7849560048139,-953.0485437399632,-782.468706517832,-0.066896,-0.026583,6539.9,6080.7,-0.013799,0.018299,-1.000000,2.9708,1.0000,,,,,
5.2200,1778839083.817812,435,14.281583,-0.403568,-0.110291,2.9737,-0.2668,-0.172708,14.167643,-0.359110,-0.109464,2.9911,14.303985,-0.410301,-0.111733,2.9713,-0.2566,-0.192789,-0.005605,-0.2594,14.303985,-0.410301,0.269965,4.0671,-1.000000,0.972995,6100.1682,0,1,clay,1.0000,0.500000,0,0,0.000000,0.000000,0.000000,0,nan,0.00,-0.499257,0.2884,0.0165,-0.263608,0.3948,0.46,6.76,7.68,6.41,-0.359110,-6.2686,-1.0760,0.008000,0.160181,-0.1980,-0.003212,0.025384,0.011441,-266.3252595529321,-1132.3524316409266,-1117.562002231557,-703.2070150839484,-0.077435,-0.023285,6535.4,6085.2,-0.005920,0.048132,-1.000000,2.9713,1.0000,,,,,
5.2320,1778839083.829880,436,14.219833,-0.438903,-0.109773,3.0150,-0.2797,-0.161011,14.202665,-0.369124,-0.111411,2.9931,14.242193,-0.445651,-0.111197,2.9798,-0.2663,-0.193188,-0.000093,-0.2713,14.242193,-0.445651,0.297831,4.0669,-1.000000,0.973649,6046.7783,0,1,clay,1.0000,0.500000,0,0,0.000000,0.000000,0.000000,0,nan,0.00,-0.521984,0.2954,0.0157,-0.275608,0.4065,0.48,6.76,7.71,6.76,-0.369124,-6.3801,-1.0739,0.008000,0.059582,0.5377,-0.001849,0.004256,0.001496,-839.0052344883179,-1056.3064744256176,-1247.8413185149307,-583.7397384608817,-0.089076,-0.018431,6533.9,6086.7,-0.003353,0.032193,-1.000000,2.9798,1.0000,,,,,
5.2440,1778839083.841835,437,14.221732,-0.297903,-0.112333,2.9430,-0.2681,-0.156712,14.237681,-0.379135,-0.113282,2.9933,14.243998,-0.304716,-0.113742,2.9727,-0.2726,-0.193243,0.004595,-0.2833,14.243998,-0.304716,0.428886,4.0669,-1.000000,0.918394,6038.0862,0,1,clay,1.0000,0.500000,0,0,0.000000,0.000000,0.000000,0,nan,0.00,-0.544712,0.3025,0.0149,-0.287608,0.4175,0.47,6.71,7.66,6.48,-0.379135,-6.4873,-1.0736,0.008000,0.127304,-0.4374,-0.002094,0.015508,0.028958,-1036.7901350370626,-951.9246629779624,-1361.7805313231154,-485.05262374110345,-0.101153,-0.014883,6532.7,6087.9,-0.001282,0.060760,-1.000000,2.9727,1.0000,,,,,
5.2560,1778839083.853911,438,14.353017,-0.369445,-0.111253,3.0193,-0.2267,-0.157599,14.272675,-0.389349,-0.115234,2.9961,14.375285,-0.376186,-0.112650,2.9818,-0.2715,-0.194069,0.014457,-0.2953,14.375285,-0.376186,0.240263,4.0672,-1.000000,0.873434,6196.7097,0,1,clay,1.0000,0.500000,0,0,0.000000,0.000000,0.000000,0,nan,0.00,-0.567439,0.3096,0.0142,-0.299608,0.4280,0.48,6.68,7.64,6.51,-0.389349,-6.5991,-1.0711,0.008000,0.119752,0.1406,-0.003882,0.031705,0.039513,-1700.8562840976033,-162.7822937622247,-1484.4046130728425,-480.90633629036904,-0.116580,-0.014735,6530.1,6090.5,0.003271,0.030486,-1.000000,2.9817,1.0000,,,,,
5.2680,1778839083.865869,439,14.286747,-0.471285,-0.125169,2.9977,-0.2720,-0.168490,14.307642,-0.399798,-0.117243,2.9962,14.308855,-0.478375,-0.126572,2.9850,-0.2785,-0.196797,0.025220,-0.3073,14.308855,-0.478375,0.313263,4.0671,1.000000,0.881857,6132.2945,0,1,clay,1.0000,0.500000,0,0,0.000000,0.000000,0.000000,0,nan,0.00,-0.544712,0.3167,0.0135,-0.287608,0.4385,0.48,7.09,8.05,9.39,-0.399798,-6.7143,-1.0708,0.008000,0.083079,-0.0731,0.007205,0.028752,0.040321,-1398.1611407931236,-1335.0003395509061,-1556.0374888600459,-429.50914893899665,-0.127155,-0.012906,6527.3,6093.3,0.008187,0.046328,-1.000000,2.9848,1.0000,,,,,
5.2800,1778839083.877996,440,14.350438,-0.392084,-0.116459,3.0642,-0.2095,-0.177535,14.342605,-0.410456,-0.119310,2.9988,14.373942,-0.399301,-0.117938,3.0004,-0.2687,-0.194443,0.034539,-0.2795,14.373942,-0.399301,0.253647,4.0672,-1.000000,0.812389,6228.8524,0,1,clay,1.0000,0.500000,0,0,0.000000,0.000000,0.000000,0,nan,0.00,-0.567439,0.3238,0.0129,-0.299608,0.4483,0.49,7.05,8.02,6.82,-0.410456,-6.8327,-1.0684,0.008000,0.110083,-0.0374,0.045517,0.025681,0.024341,-1684.6667207662135,66.06973838996248,-1551.6501010911295,-525.0885606005922,-0.117750,-0.016412,6525.0,6095.5,0.012111,0.021903,1.000000,3.0002,1.0000,,,,,
5.2920,1778839083.889799,441,14.381335,-0.394548,-0.114123,3.1278,-0.2394,-0.181898,14.377538,-0.421449,-0.121510,3.0005,14.404888,-0.401752,-0.115625,3.0253,-0.2729,-0.201298,0.050116,-0.3076,14.404888,-0.401752,0.254504,4.0672,-1.000000,0.749159,6313.7138,0,1,clay,1.0000,0.500000,0,0,0.000000,0.000000,0.000000,0,nan,0.00,-0.590166,0.3309,0.0123,-0.311608,0.4573,0.48,7.14,8.10,7.64,-0.421449,-6.9743,-1.0668,0.008000,0.073400,1.0535,0.062900,0.012803,0.011569,-1808.832384720035,-1347.4857042590177,-1572.982807172986,-554.899936874544,-0.130204,-0.017700,6520.9,6099.6,0.019256,0.010841,-1.000000,3.0249,1.0000,,,,,
5.3040,1778839083.901863,442,14.456186,-0.497545,-0.126185,3.0456,-0.2169,-0.176677,14.412502,-0.432467,-0.123633,3.0069,14.479930,-0.505123,-0.127722,3.0294,-0.2719,-0.205101,0.061737,-0.3197,14.479930,-0.505123,0.152903,4.0671,0.672654,0.723717,6397.5591,0,1,clay,1.0000,0.500000,0,0,0.000000,0.000000,0.000000,0,nan,0.00,-0.574879,0.3379,0.0117,-0.303536,0.4660,0.48,7.52,8.48,9.70,-0.432467,-7.0958,-1.0601,0.008000,0.039511,-0.0714,0.077117,0.020542,0.015734,-1741.326048324816,-429.3334000402491,-1663.3282841265773,-597.8781262862394,-0.143604,-0.019687,6517.9,6102.7,0.024583,0.034521,-1.000000,3.0289,1.0000,,,,,
5.3160,1778839083.913639,443,14.499138,-0.419230,-0.124499,3.0444,-0.2482,-0.173286,14.447500,-0.443513,-0.125729,3.0090,14.524022,-0.427116,-0.126099,3.0325,-0.2715,-0.202405,0.079905,-0.2978,14.524022,-0.427116,0.267003,4.0668,-1.000000,0.634653,6461.8525,0,1,clay,1.0000,0.500000,0,0,0.000000,0.000000,0.000000,0,nan,0.00,-0.597606,0.3449,0.0111,-0.315536,0.4736,0.47,7.33,8.27,6.24,-0.443513,-7.2160,-1.0578,0.008000,0.055023,0.1135,0.063614,0.045651,0.052472,-1863.7013325667224,-74.2867959319251,-1683.031386611926,-564.8333423915105,-0.135041,-0.018921,6513.3,6107.3,0.032575,0.041005,0.672654,3.0319,1.0000,,,,,
5.3280,1778839083.925794,444,14.543788,-0.393880,-0.118948,3.0371,-0.2956,-0.190671,14.482464,-0.454940,-0.127984,3.0123,14.568124,-0.401608,-0.120550,3.0336,-0.2846,-0.209218,0.085636,-0.3238,14.568124,-0.401608,0.250073,4.0664,-1.000000,0.561825,6524.7314,0,1,clay,1.0000,0.500000,0,0,0.000000,0.000000,0.000000,0,nan,0.00,-0.620333,0.3518,0.0106,-0.327536,0.4803,0.47,7.13,8.07,5.98,-0.454940,-7.3452,-1.0541,0.008000,0.116558,0.6912,0.062213,0.038491,0.048615,-1861.970696350556,44.41500785105745,-1642.6999363049272,-514.6489570572004,-0.141914,-0.017182,6511.6,6109.0,0.035494,0.050283,-1.000000,3.0329,1.0000,,,,,
5.3400,1778839083.937815,445,14.522572,-0.525796,-0.131566,3.1131,-0.1700,-0.182049,14.517464,-0.466485,-0.130225,3.0196,14.546408,-0.533591,-0.133150,3.0492,-0.2736,-0.212428,0.096407,-0.3356,14.546408,-0.533591,0.161168,4.0666,-0.591525,0.587063,6510.8116,0,1,clay,1.0000,0.500000,0,0,0.000000,0.000000,0.000000,0,nan,0.00,-0.633777,0.3587,0.0101,-0.334634,0.4874,0.48,6.98,7.94,6.15,-0.466485,-7.4736,-1.0470,0.008000,0.013873,-0.0602,0.068677,0.049371,0.037794,-1729.8261695068486,-334.0287600793916,-1739.1823916353856,-648.610651387392,-0.159214,-0.022742,6508.7,6111.9,0.040561,0.025263,-1.000000,3.0484,1.0000,,,,,
5.3520,1778839083.949886,446,14.624602,-0.411456,-0.130061,3.0228,-0.1382,-0.185583,14.552487,-0.478136,-0.132447,3.0231,14.648048,-0.418975,-0.131633,3.0444,-0.2583,-0.214123,0.121539,-0.3393,14.648048,-0.418975,0.255454,4.0659,-1.000000,0.476771,6627.5505,0,1,clay,1.0000,0.500000,0,0,0.000000,0.000000,0.000000,0,nan,0.00,-0.656504,0.3654,0.0096,-0.346634,0.4931,0.49,6.84,7.82,6.06,-0.478136,-7.6009,-1.0428,0.008000,0.092994,0.1722,0.070328,0.088935,0.058436,-1321.1337567186952,120.29921917822958,-1792.117216148195,-786.801109162586,-0.171252,-0.029746,6502.4,6118.2,0.051601,0.061949,-0.591525,3.0435,1.0000,,,,,
5.3640,1778839083.961763,447,14.580556,-0.496760,-0.140584,3.0183,-0.2849,-0.193622,14.587522,-0.490036,-0.134752,3.0281,14.603426,-0.504524,-0.142156,3.0396,-0.2719,-0.218893,0.124801,-0.3544,14.603426,-0.504524,0.140026,4.0661,-1.000000,0.484543,6559.8781,0,1,clay,1.0000,0.500000,0,0,0.000000,0.000000,0.000000,0,nan,0.00,-0.679232,0.3721,0.0091,-0.358634,0.4989,0.48,6.90,7.87,7.22,-0.490036,-7.7330,-1.0380,0.008000,0.089676,-0.4885,0.055362,0.078681,0.058084,-2055.2560536148094,-373.4855257491579,-1812.7810487438421,-717.7019938593731,-0.177322,-0.026961,6501.3,6119.3,0.053460,0.063946,-1.000000,3.0386,1.0000,,,,,
5.3760,1778839083.973800,448,14.570051,-0.560586,-0.128460,2.9738,-0.3002,-0.192339,14.622604,-0.502075,-0.137061,3.0357,14.593038,-0.568257,-0.130068,3.0271,-0.2864,-0.223339,0.136937,-0.3665,14.593038,-0.568257,0.183063,4.0662,1.000000,0.515115,6518.1362,0,1,clay,1.0000,0.500000,0,0,0.000000,0.000000,0.000000,0,nan,0.00,-0.656504,0.3787,0.0087,-0.346634,0.5051,0.48,6.77,7.73,6.06,-0.502075,-7.8653,-1.0304,0.008000,0.030950,1.0194,0.038558,0.054494,0.041277,-1874.5814406164473,-46.57410099277905,-1838.3513053418774,-627.6235216326477,-0.183226,-0.023659,6498.2,6122.3,0.058782,0.079795,-1.000000,3.0261,1.0000,,,,,
5.3880,1778839083.985887,449,14.659964,-0.494464,-0.144236,3.0164,-0.3449,-0.204941,14.657698,-0.514349,-0.139434,3.0384,14.682442,-0.502506,-0.145827,3.0253,-0.2982,-0.221088,0.146004,-0.3389,14.682442,-0.502506,0.137275,4.0660,-1.000000,0.481427,6614.7464,0,1,clay,1.0000,0.500000,0,0,0.000000,0.000000,0.000000,0,nan,0.00,-0.679232,0.3852,0.0083,-0.358634,0.5109,0.48,6.71,7.67,6.32,-0.514349,-7.9434,-1.0276,0.008000,0.005928,-0.3927,0.020304,0.030532,0.039194,-1997.0444098571065,-819.4235233385621,-1772.8795104804813,-513.6753414220423,-0.162748,-0.019432,6496.0,6124.6,0.062706,0.073760,1.000000,3.0242,1.0000,,,,,
5.4000,1778839083.997813,450,14.687250,-0.576968,-0.146448,2.9432,-0.2947,-0.214782,14.692770,-0.527020,-0.141986,3.0445,14.709394,-0.585111,-0.148075,3.0097,-0.3074,-0.229207,0.159634,-0.3663,14.709394,-0.585111,0.179031,4.0662,1.000000,0.479601,6616.3874,0,1,clay,1.0000,0.500000,0,0,0.000000,0.000000,0.000000,0,nan,0.00,-0.656504,0.3916,0.0079,-0.346634,0.5166,0.49,6.70,7.67,6.66,-0.527020,-8.0896,-1.0218,0.008000,0.082077,-0.6126,-0.021769,0.036839,0.048411,-1908.819373781442,-165.21046244691883,-1748.936410715282,-521.0567466501702,-0.169192,-0.020407,6492.5,6128.1,0.068853,0.097905,-1.000000,3.0085,1.0000,,,,,
5.4120,1778839084.009775,451,14.800020,-0.506899,-0.145207,3.0074,-0.4133,-0.220058,14.727841,-0.539918,-0.144600,3.0474,14.822077,-0.515201,-0.146848,3.0096,-0.3269,-0.228423,0.170545,-0.3390,14.822077,-0.515201,0.144708,4.0692,-1.000000,0.394732,6745.9098,0,1,clay,1.0000,0.500000,0,0,0.000000,0.000000,0.000000,0,nan,0.00,-0.679232,0.3979,0.0075,-0.358634,0.5214,0.48,6.84,7.79,7.63,-0.539918,-8.2394,-1.0218,0.008000,0.099957,0.1733,-0.027258,0.001349,0.035359,-2197.858668429261,-971.8789795250566,-1688.819355638947,-350.81762039498847,-0.145600,-0.014065,6489.7,6130.9,0.073681,0.086816,1.000000,3.0083,1.0000,,,,,
5.4240,1778839084.021884,452,14.740131,-0.595457,-0.150366,3.0311,-0.3280,-0.221162,14.762917,-0.553071,-0.147262,3.0540,14.762562,-0.604171,-0.152086,3.0141,-0.3370,-0.237086,0.184957,-0.3664,14.762562,-0.604171,0.185195,4.0673,1.000000,0.434917,6689.4723,0,1,clay,1.0000,0.500000,0,0,0.000000,0.000000,0.000000,0,nan,0.00,-0.656504,0.4042,0.0071,-0.346634,0.5266,0.48,7.21,8.16,9.29,-0.553071,-8.3919,-1.0133,0.008000,0.105269,-0.2308,-0.027852,0.002080,0.039219,-2035.3241824199033,-1021.0284050938054,-1655.7920704138955,-350.76455902698774,-0.153737,-0.014533,6485.9,6134.7,0.080307,0.083692,-1.000000,3.0127,1.0000,,,,,
5.4360,1778839084.033875,453,14.840638,-0.547958,-0.149979,3.1043,-0.2532,-0.212006,14.798063,-0.566173,-0.149767,3.0596,14.864285,-0.557016,-0.151780,3.0321,-0.3258,-0.234897,0.206421,-0.3385,14.864285,-0.557016,0.160278,4.0704,0.134899,0.313145,6832.5747,0,1,clay,1.0000,0.500000,0,0,0.000000,0.000000,0.000000,0,nan,0.00,-0.653438,0.4103,0.0068,-0.345015,0.5303,0.48,7.12,8.07,6.62,-0.566173,-8.5354,-1.0109,0.008000,0.053038,-0.4874,-0.011747,0.014364,0.035234,-1628.1892367907244,-189.3544882289577,-1679.4349864892674,-439.6146772001208,-0.145057,-0.018620,6480.6,6140.0,0.089575,0.071987,1.000000,3.0304,1.0000,,,,,
5.4480,1778839084.045786,454,14.847102,-0.648302,-0.151878,3.0228,-0.3348,-0.222323,14.833185,-0.579605,-0.152384,3.0636,14.870426,-0.657390,-0.153682,3.0306,-0.3327,-0.237647,0.208145,-0.3439,14.870426,-0.657390,0.089588,4.0705,1.000000,0.241596,6822.0986,0,1,clay,1.0000,0.500000,0,0,0.000000,0.000000,0.000000,0,nan,0.00,-0.630711,0.4163,0.0065,-0.333015,0.5332,0.47,7.29,8.24,8.27,-0.579605,-8.6854,-1.0069,0.008000,0.015041,0.1441,-0.029894,0.009391,0.043718,-2247.1939791611167,-827.5264024732821,-1660.4631294072092,-418.73209873466686,-0.139069,-0.017905,6479.9,6140.7,0.090789,0.103089,0.134899,3.0289,1.0000,,,,,
5.4600,1778839084.057907,455,14.828813,-0.664951,-0.163980,3.0418,-0.3603,-0.228108,14.868300,-0.593354,-0.155110,3.0693,14.852575,-0.674643,-0.165841,3.0332,-0.3394,-0.237207,0.217523,-0.3248,14.852575,-0.674643,0.084612,4.0701,1.000000,0.251102,6796.1884,0,1,clay,1.0000,0.500000,0,0,0.000000,0.000000,0.000000,0,nan,0.00,-0.607984,0.4222,0.0062,-0.321015,0.5362,0.48,7.36,8.33,7.76,-0.593354,-8.8416,-1.0008,0.008000,0.185377,-0.6265,-0.025150,0.004940,0.056921,-1850.3993405158808,-749.2999940964182,-1563.687138006576,-371.17799503624036,-0.121681,-0.016316,6477.4,6143.2,0.095164,0.104515,1.000000,3.0314,1.0000,,,,,
5.4720,1778839084.069893,456,14.837146,-0.581367,-0.155391,3.1523,-0.3889,-0.229080,14.903445,-0.607343,-0.157875,3.0786,14.861378,-0.591094,-0.157282,3.0568,-0.3495,-0.237324,0.239355,-0.3127,14.861378,-0.591094,0.170717,4.0703,-1.000000,0.182159,6870.1164,0,1,clay,1.0000,0.500000,0,0,0.000000,0.000000,0.000000,0,nan,0.00,-0.630711,0.4280,0.0059,-0.333015,0.5384,0.48,7.21,8.18,6.38,-0.607343,-9.2158,-0.9917,0.008000,0.064741,0.4958,0.002776,-0.011540,0.044143,-2047.323410881882,-1047.2905915087101,-1460.0934255376314,-282.19186081199115,-0.104990,-0.013224,6471.9,6148.7,0.104760,0.074464,1.000000,3.0548,1.0000,,,,,
5.4840,1778839084.081854,457,14.979281,-0.604753,-0.156367,3.0735,-0.3468,-0.236871,14.938657,-0.621558,-0.160684,3.0906,15.003057,-0.614443,-0.158270,3.0605,-0.3571,-0.245306,0.251311,-0.3412,15.003057,-0.614443,0.182531,4.0667,1.000000,0.091109,7037.5877,0,1,clay,1.0000,0.500000,0,0,0.000000,0.000000,0.000000,0,nan,0.00,-0.607984,0.4335,0.0056,-0.321015,0.5395,0.48,7.28,8.24,7.64,-0.621558,-9.3767,-0.9760,0.008000,0.115085,-0.2272,0.017613,-0.008500,0.042447,-1720.7114206859842,-99.01324281038853,-1413.583508852309,-302.3356313244474,-0.113993,-0.014322,6468.7,6151.9,0.110306,0.103700,-1.000000,3.0584,1.0000,,,,,
5.4960,1778839084.093808,458,15.020289,-0.623595,-0.160455,3.1352,-0.3069,-0.224769,14.973964,-0.635761,-0.163381,3.0974,15.044302,-0.633394,-0.162358,3.0754,-0.3487,-0.241235,0.258950,-0.3128,15.044302,-0.633394,0.071726,4.0619,1.000000,0.015638,7100.3888,0,1,clay,1.0000,0.500000,0,0,0.000000,0.000000,0.000000,0,nan,0.00,-0.585257,0.4389,0.0053,-0.309015,0.5397,0.47,7.39,8.34,8.04,-0.635761,-9.5312,-0.9646,0.008000,0.049588,0.4286,0.033394,0.011316,0.051165,-1414.0558865661833,-304.16513472041925,-1454.8573967397901,-350.6726388237856,-0.103972,-0.016360,6466.6,6154.0,0.114005,0.093359,1.000000,3.0733,1.0000,,,,,
5.5080,1778839084.105815,459,15.001505,-0.628099,-0.167078,3.1930,-0.3410,-0.231783,15.009313,-0.650162,-0.166154,3.1067,15.025940,-0.638234,-0.169011,3.0987,-0.3487,-0.240448,0.268126,-0.3007,15.025940,-0.638234,0.065728,4.0642,1.000000,-0.059108,7129.7032,0,1,clay,1.0000,0.500000,0,0,0.000000,0.000000,0.000000,0,nan,0.00,-0.562529,0.4441,0.0051,-0.297015,0.5390,0.47,7.52,8.46,8.27,-0.650162,-9.6901,-0.9574,0.008000,0.068055,0.2245,0.070793,0.008068,0.046354,-1746.236236299927,-172.8737187051794,-1359.509528633507,-350.9837787803447,-0.091609,-0.016542,6464.1,6156.5,0.118330,0.080235,1.000000,3.0965,1.0000,,,,,
5.5200,1778839084.117909,460,15.062587,-0.583523,-0.164135,3.1955,-0.3270,-0.240549,15.044695,-0.664874,-0.169060,3.1158,15.087651,-0.593803,-0.166117,3.1180,-0.3460,-0.240462,0.280219,-0.2885,15.087651,-0.593803,0.161661,4.0566,-1.000000,-0.185320,7262.7300,0,1,clay,1.0000,0.500000,0,0,0.000000,0.000000,0.000000,0,nan,0.00,-0.585257,0.4491,0.0048,-0.309015,0.5368,0.48,7.82,8.77,9.51,-0.664874,-9.8566,-0.9409,0.008000,0.064700,0.3183,0.089002,0.035446,0.063128,-1667.7609841519827,-704.1499332787836,-1241.6836792463823,-391.13986412156794,-0.079353,-0.018481,6460.9,6159.7,0.123948,0.085243,1.000000,3.1156,1.0000,,,,,
5.5320,1778839084.129897,461,15.095567,-0.744899,-0.178695,3.0840,-0.3173,-0.248834,15.080142,-0.679815,-0.172020,3.1277,15.121243,-0.755983,-0.180799,3.1120,-0.3497,-0.249491,0.283596,-0.3178,15.121243,-0.755983,0.015427,4.0535,1.000000,-0.240444,7239.8791,0,1,clay,1.0000,0.500000,0,0,0.000000,0.000000,0.000000,0,nan,0.00,-0.562529,0.4538,0.0046,-0.297015,0.5339,0.47,7.66,8.59,6.71,-0.679815,-10.0262,-0.9258,0.008000,0.051766,-0.1662,0.076892,0.026197,0.042510,-1476.8943585496568,-402.8927145831254,-1217.9294764028982,-460.9677689401179,-0.089481,-0.021655,6459.7,6160.8,0.125935,0.124799,-1.000000,3.1095,1.0000,,,,,
5.5440,1778839084.142065,462,15.028528,-0.727365,-0.165654,3.0217,-0.2596,-0.235727,15.115737,-0.694668,-0.174853,3.1394,15.053778,-0.737751,-0.167704,3.0950,-0.3330,-0.243899,0.293871,-0.2884,15.053778,-0.737751,0.101012,4.0608,0.845412,-0.215516,7141.6136,0,1,clay,1.0000,0.500000,0,0,0.000000,0.000000,0.000000,0,nan,0.00,-0.543315,0.4583,0.0044,-0.286871,0.5313,0.48,7.50,8.45,6.62,-0.694668,-10.1885,-0.9214,0.008000,0.136831,0.5510,0.039780,0.048113,0.060997,-1455.9449323909967,-548.1452491010549,-1252.2937586963014,-564.8846315296684,-0.079813,-0.026521,6457.0,6163.5,0.130668,0.145596,1.000000,3.0925,1.0000,,,,,
5.5560,1778839084.153780,463,15.185445,-0.761200,-0.180346,3.1139,-0.3042,-0.230714,15.151443,-0.709644,-0.177677,3.1513,15.210128,-0.771721,-0.182346,3.0994,-0.3289,-0.241239,0.323092,-0.2797,15.210128,-0.771721,0.019360,4.0567,1.000000,-0.292030,7311.2845,0,1,clay,1.0000,0.500000,0,0,0.000000,0.000000,0.000000,0,nan,0.00,-0.520588,0.4626,0.0042,-0.274871,0.5278,0.47,7.79,8.74,9.41,-0.712144,-11.2639,-0.9054,0.008000,0.029110,-0.1662,0.045235,0.039697,0.043178,-1448.1291739602595,-142.27860983353912,-1151.2044278204683,-560.0795314787578,-0.070592,-0.026991,6449.7,6170.9,0.143461,0.121960,0.845412,3.0967,1.0000,,,,,
5.5680,1778839084.166042,464,15.230186,-0.689546,-0.182150,3.1965,-0.3639,-0.254664,15.187192,-0.724947,-0.180647,3.1628,15.255865,-0.700619,-0.184242,3.1188,-0.3350,-0.241829,0.325615,-0.2661,15.255865,-0.700619,0.074678,4.0691,1.000000,-0.400719,7438.8547,0,1,clay,1.0000,0.500000,0,0,0.000000,0.000000,0.000000,0,nan,0.00,-0.497861,0.4667,0.0040,-0.262871,0.5230,0.48,7.64,8.60,6.80,-0.727447,-11.4341,-0.9063,0.008000,0.139109,0.4247,0.061015,0.008105,0.013382,-1283.375152076459,-545.4135879756685,-916.2023479057912,-534.7947480504012,-0.054610,-0.026061,6448.9,6171.7,0.144899,0.103391,1.000000,3.1160,1.0000,,,,,
5.5800,1778839084.177851,465,15.238191,-0.651222,-0.184047,3.1253,-0.3081,-0.260053,15.222991,-0.740583,-0.183753,3.1743,15.263420,-0.662150,-0.186123,3.1204,-0.3296,-0.241985,0.300880,-0.2543,15.263420,-0.662150,0.060059,4.0720,1.000000,-0.447331,7463.3801,0,1,clay,1.0000,0.500000,0,0,0.000000,0.000000,0.000000,0,nan,0.00,-0.475134,0.4705,0.0038,-0.250871,0.5176,0.48,7.55,8.51,7.08,-0.743083,-11.6120,-0.8977,0.008000,0.104810,-0.1737,0.037052,0.036396,0.037356,-1196.7385770744522,-1093.8703744094228,-714.9828020099603,-617.1381634393931,-0.041273,-0.029465,6454.9,6165.7,0.134371,0.131296,1.000000,3.1178,1.0000,,,,,
5.5920,1778839084.189711,466,15.226319,-0.763696,-0.180475,3.2010,-0.3239,-0.246860,15.258952,-0.756208,-0.186762,3.1902,15.251477,-0.774441,-0.182527,3.1364,-0.3276,-0.240075,0.293401,-0.2424,15.251477,-0.774441,0.018060,4.0675,1.000000,-0.452166,7441.3845,0,1,clay,1.0000,0.500000,0,0,0.000000,0.000000,0.000000,0,nan,0.00,-0.452406,0.4741,0.0036,-0.238871,0.5122,0.48,7.58,8.53,7.70,-0.758708,-11.7844,-0.8772,0.008000,0.072633,0.1332,0.048293,0.041003,0.038281,-987.5434824997957,-384.43612038436794,-521.1712032921731,-631.24945089164,-0.029509,-0.029688,6456.7,6163.9,0.131228,0.112593,1.000000,3.1339,1.0000,,,,,
5.6040,1778839084.201839,467,15.316892,-0.767553,-0.188366,3.1689,-0.2877,-0.244026,15.295049,-0.771869,-0.189703,3.2042,15.342074,-0.778447,-0.190410,3.1434,-0.3194,-0.237334,0.314034,-0.2303,15.342074,-0.778447,0.012363,4.1163,1.000000,-0.540354,7567.7167,0,1,clay,1.0000,0.500000,0,0,0.000000,0.000000,0.000000,0,nan,0.00,-0.429679,0.4774,0.0034,-0.226871,0.5057,0.47,7.53,8.48,7.26,-0.774369,-11.9530,-0.9121,0.008000,0.022745,-0.1079,0.039354,0.020133,0.010660,-868.8262385433637,-977.2548882818878,-319.66263872089877,-668.4285847241349,-0.019667,-0.031861,6451.5,6169.1,0.140359,0.123566,1.000000,3.1407,1.0000,,,,,
5.6160,1778839084.213646,468,15.324522,-0.721215,-0.194231,3.2085,-0.2992,-0.242066,15.331266,-0.787649,-0.192626,3.2180,15.349609,-0.732157,-0.196250,3.1566,-0.3143,-0.234465,0.327603,-0.2184,15.349609,-0.732157,0.073320,4.1216,1.000000,-0.636809,7634.2687,0,1,clay,1.0000,0.500000,0,0,0.000000,0.000000,0.000000,0,nan,0.00,-0.406952,0.4804,0.0033,-0.214871,0.4981,0.47,7.48,8.43,7.24,-0.790149,-12.1204,-0.9036,0.008000,0.041642,-0.0673,0.028288,0.025348,0.017127,-844.5231363049513,-923.2518439220631,-82.2786743476663,-678.4933237588275,-0.009421,-0.032611,6447.8,6172.7,0.146670,0.119410,1.000000,3.1538,1.0000,,,,,
5.6280,1778839084.225819,469,15.383440,-0.829173,-0.189363,3.2211,-0.3440,-0.247020,15.367577,-0.803603,-0.195581,3.2301,15.408559,-0.839989,-0.191367,3.1696,-0.3169,-0.232388,0.331418,-0.2064,15.408559,-0.839989,0.025391,4.1677,1.000000,-0.693325,7677.7620,0,1,clay,1.0000,0.500000,0,0,0.000000,0.000000,0.000000,0,nan,0.00,-0.384224,0.4832,0.0031,-0.202871,0.4898,0.47,7.44,8.39,7.20,-0.806103,-12.2897,-0.9377,0.008000,0.111873,0.0458,0.020790,0.006399,0.003203,-787.9307812259235,-936.0356154460467,234.05170903303414,-643.4686410063596,0.004085,-0.030966,6446.7,6173.9,0.148704,0.124657,1.000000,3.1668,1.0000,,,,,
5.6400,1778839084.237838,470,15.453358,-0.885747,-0.198442,3.2213,-0.3116,-0.245068,15.404007,-0.819644,-0.198509,3.2442,15.478363,-0.896724,-0.200427,3.1802,-0.3132,-0.229805,0.333745,-0.1945,15.478363,-0.896724,-0.028120,4.2284,1.000000,-0.747411,7739.7292,0,1,clay,1.0000,0.500000,0,0,0.000000,0.000000,0.000000,0,nan,0.00,-0.361497,0.4856,0.0029,-0.190871,0.4808,0.48,7.40,8.35,7.13,-0.829444,-13.6048,-0.9842,0.008000,0.039434,0.4186,0.037002,-0.007130,-0.011660,-552.4265656719224,-612.5857473933806,453.2621246473622,-653.7504550238559,0.015227,-0.031417,6446.0,6174.6,0.149931,0.136123,1.000000,3.1774,1.0000,,,,,
5.6520,1778839084.249887,471,15.466154,-0.813238,-0.202436,3.2737,-0.2824,-0.232243,15.440607,-0.835583,-0.201331,3.2594,15.491206,-0.824206,-0.204387,3.1989,-0.3050,-0.225466,0.344001,-0.1825,15.491206,-0.824206,0.008976,4.2397,1.000000,-0.823258,7838.7149,0,1,clay,1.0000,0.500000,0,0,0.000000,0.000000,0.000000,0,nan,0.00,-0.338770,0.4878,0.0028,-0.178871,0.4709,0.49,7.45,8.43,7.79,-0.845383,-13.7664,-0.9803,0.008000,0.128183,-0.5926,0.071573,-0.029590,-0.035868,-230.46021329129258,-321.1591850275629,564.3951566790718,-668.7783564801299,0.023000,-0.032120,6443.3,6177.3,0.154650,0.125932,1.000000,3.1960,1.0000,,,,,
5.6640,1778839084.261895,472,15.512041,-0.744088,-0.200328,3.2852,-0.2665,-0.229117,15.477383,-0.851460,-0.204064,3.2740,15.537469,-0.754989,-0.202263,3.2163,-0.2952,-0.220776,0.351446,-0.1704,15.537469,-0.754989,-0.005687,4.2798,1.000000,-0.963435,7950.6908,0,1,clay,1.0000,0.500000,0,0,0.000000,0.000000,0.000000,0,nan,0.00,-0.316043,0.4897,0.0027,-0.166871,0.4593,0.49,7.48,8.46,7.64,-0.861260,-13.9230,-1.0059,0.008000,0.154272,0.3519,0.081567,-0.013173,-0.022314,-128.77843414042673,-570.8421469672267,663.4039700641147,-691.8717373825259,0.030279,-0.033291,6441.2,6179.4,0.158240,0.130100,1.000000,3.2133,1.0000,,,,,
5.6760,1778839084.273812,473,15.481725,-0.912464,-0.214709,3.3551,-0.2312,-0.228945,15.514286,-0.867442,-0.206826,3.2871,15.507315,-0.923651,-0.216623,3.2437,-0.2810,-0.216591,0.349682,-0.1584,15.507315,-0.923651,-0.041633,4.2538,1.000000,-1.010763,7891.1906,0,1,clay,1.0000,0.500000,0,0,0.000000,0.000000,0.000000,0,nan,0.00,-0.293315,0.4913,0.0025,-0.154871,0.4472,0.48,7.52,8.49,7.77,-0.877242,-14.0813,-0.9668,0.008000,0.107672,-0.3601,0.089327,-0.013315,-0.037697,-169.07533173638797,-339.2263143129412,742.8136825045214,-751.4212374074812,0.035628,-0.036173,6441.3,6179.2,0.157991,0.117999,1.000000,3.2407,1.0000,,,,,
5.6880,1778839084.285708,474,15.566391,-0.823288,-0.208306,3.3123,-0.2845,-0.231725,15.551320,-0.883547,-0.209618,3.3025,15.592307,-0.834342,-0.210208,3.2576,-0.2777,-0.212855,0.345785,-0.1464,15.592307,-0.834342,0.003949,4.3247,1.000000,-1.095464,8072.9096,0,1,clay,1.0000,0.500000,0,0,0.000000,0.000000,0.000000,0,nan,0.00,-0.270588,0.4925,0.0024,-0.142871,0.4341,0.48,7.61,8.58,8.11,-0.893347,-14.2412,-1.0222,0.008000,0.034610,0.1155,0.104109,-0.004226,-0.026270,-133.09817744045196,-450.49436375373443,862.0908818872813,-745.5342846196977,0.046118,-0.035679,6442.2,6178.3,0.156466,0.136029,1.000000,3.2546,1.0000,,,,,
5.7000,1778839084.297830,475,15.554563,-0.898007,-0.215904,3.2717,-0.2292,-0.223270,15.588542,-0.899603,-0.212339,3.3196,15.580662,-0.909202,-0.217788,3.2610,-0.2652,-0.207706,0.360224,-0.1343,15.580662,-0.909202,-0.045277,4.3155,1.000000,-1.152872,8032.6153,0,1,clay,1.0000,0.500000,0,0,0.000000,0.000000,0.000000,0,nan,0.00,-0.247861,0.4935,0.0023,-0.130871,0.4202,0.47,7.92,8.87,9.68,-0.909403,-14.3971,-0.9958,0.008000,0.008296,-0.5368,0.092150,-0.007907,-0.039468,116.29303301017137,-602.9653509192752,897.7976186449091,-782.6926362370716,0.053456,-0.037787,6438.4,6182.2,0.163192,0.144683,1.000000,3.2579,1.0000,,,,,
5.7120,1778839084.309880,476,15.587663,-0.959719,-0.210609,3.3882,-0.3332,-0.218761,15.625971,-0.915609,-0.214986,3.3372,15.615006,-0.971248,-0.212525,3.2866,-0.2714,-0.202068,0.381726,-0.1220,15.615006,-0.971248,-0.030432,4.3419,1.000000,-1.211431,8139.9176,0,1,clay,1.0000,0.500000,0,0,0.000000,0.000000,0.000000,0,nan,0.00,-0.225134,0.4941,0.0022,-0.118871,0.4057,0.48,8.18,9.14,9.66,-0.937409,-15.5715,-1.0047,0.008000,0.072926,0.2025,0.108361,-0.034614,-0.051509,332.5346892508987,-449.33336786725044,1001.2116645232437,-676.4165169057375,0.065901,-0.032637,6432.7,6187.9,0.173064,0.117230,1.000000,3.2831,1.0000,,,,,
5.7240,1778839084.321901,477,15.620538,-0.945277,-0.216282,3.3558,-0.2569,-0.216887,15.663589,-0.931610,-0.217591,3.3550,15.648760,-0.957204,-0.218214,3.3008,-0.2631,-0.196279,0.388011,-0.1097,15.648760,-0.957204,-0.038552,4.3658,1.000000,-1.247786,8224.4736,0,1,clay,1.0000,0.500000,0,0,0.000000,0.000000,0.000000,0,nan,0.00,-0.202406,0.4944,0.0021,-0.106871,0.3907,0.47,8.03,8.98,7.17,-0.953410,-15.7207,-1.0108,0.008000,0.087830,0.1956,0.107840,-0.034618,-0.054501,233.81345757516115,-760.2209384009311,1050.0771205478472,-681.3099913853026,0.074141,-0.032881,6430.9,6189.7,0.176206,0.124242,1.000000,3.2972,1.0000,,,,,
5.7360,1778839084.333999,478,15.701156,-0.963987,-0.210525,3.3846,-0.2419,-0.215649,15.701383,-0.947663,-0.220174,3.3702,15.729159,-0.975469,-0.212395,3.3177,-0.2541,-0.191946,0.388273,-0.0979,15.729159,-0.975469,-0.029719,4.4118,1.000000,-1.391783,8315.1318,0,1,clay,1.0000,0.500000,0,0,0.000000,0.000000,0.000000,0,nan,0.00,-0.179679,0.4943,0.0020,-0.094871,0.3740,0.48,8.29,9.24,9.72,-0.969463,-15.8687,-1.0416,0.008000,0.006341,0.2338,0.111343,-0.029575,-0.056208,157.1337142613392,-787.4899010578666,1108.8164141216828,-700.8131992913325,0.081857,-0.033775,6430.8,6189.8,0.176386,0.125387,1.000000,3.3141,1.0000,,,,,
5.7480,1778839084.345755,479,15.701672,-0.971219,-0.216327,3.3223,-0.2954,-0.204654,15.739357,-0.963651,-0.222676,3.3854,15.730412,-0.983127,-0.218196,3.3193,-0.2541,-0.184905,0.386060,-0.0856,15.730412,-0.983127,-0.075917,4.4124,1.000000,-1.513999,8265.1393,0,1,clay,1.0000,0.500000,0,0,0.000000,0.000000,0.000000,0,nan,0.00,-0.156952,0.4939,0.0019,-0.082871,0.3559,0.47,8.25,9.19,8.02,-0.985451,-16.0121,-1.0270,0.008000,0.092896,0.4057,0.102133,-0.039948,-0.058227,438.5159089517842,-608.8564183468632,1149.311190063474,-636.5613869136206,0.093118,-0.030398,6430.9,6189.6,0.176134,0.148110,1.000000,3.3157,1.0000,,,,,
5.7600,1778839084.357949,480,15.769885,-1.010937,-0.222886,3.4180,-0.3089,-0.192714,15.777528,-0.979497,-0.225056,3.3995,15.798675,-1.022993,-0.224693,3.3391,-0.2563,-0.177976,0.380787,-0.0737,15.798675,-1.022993,-0.077028,4.4363,1.000000,-1.601295,8371.8443,0,1,clay,1.0000,0.500000,0,0,0.000000,0.000000,0.000000,0,nan,0.00,-0.134224,0.4931,0.0018,-0.070871,0.3366,0.48,8.19,9.15,7.85,-1.001297,-16.1484,-1.0368,0.008000,0.060534,0.2319,0.102195,-0.054051,-0.059085,648.3776753799941,-385.43738060056455,1207.3121533870785,-540.9891419742536,0.103192,-0.025560,6432.0,6188.6,0.174291,0.131371,1.000000,3.3355,1.0000,,,,,
5.7720,1778839084.369803,481,15.821607,-1.017333,-0.224576,3.3951,-0.2571,-0.191352,15.815889,-0.995280,-0.227377,3.4165,15.850286,-1.029231,-0.226319,3.3506,-0.2492,-0.171604,0.387270,-0.0617,15.850286,-1.029231,-0.077680,4.4478,1.000000,-1.721563,8453.9831,0,1,clay,1.0000,0.500000,0,0,0.000000,0.000000,0.000000,0,nan,0.00,-0.111497,0.4919,0.0017,-0.058871,0.3160,0.48,8.24,9.19,8.54,-1.017080,-16.2814,-1.0313,0.008000,0.135608,-0.0135,0.095625,-0.055767,-0.058746,635.0273501905519,-439.3636894360724,1250.1669325214414,-519.9387735011386,0.110880,-0.024584,6430.2,6190.4,0.177457,0.141042,1.000000,3.3470,1.0000,,,,,
5.7840,1778839084.381817,482,15.857814,-1.007222,-0.233471,3.4299,-0.2908,-0.192983,15.854436,-1.011059,-0.229683,3.4319,15.886732,-1.019427,-0.235180,3.3668,-0.2481,-0.165733,0.394378,-0.0497,15.886732,-1.019427,-0.087771,4.4549,1.000000,-1.866288,8541.3248,0,1,clay,1.0000,0.500000,0,0,0.000000,0.000000,0.000000,0,nan,0.00,-0.088770,0.4903,0.0016,-0.046871,0.2936,0.48,8.35,9.31,8.99,-1.032859,-16.4136,-1.0230,0.008000,0.066845,0.2757,0.084378,-0.073413,-0.067880,713.3795300339127,-386.88229839893194,1325.1265777645312,-464.13054336403707,0.121092,-0.021976,6428.1,6192.5,0.181126,0.134709,1.000000,3.3631,1.0000,,,,,
5.7960,1778839084.393868,483,15.886738,-0.941512,-0.228769,3.4805,-0.2044,-0.190026,15.893162,-1.026813,-0.231933,3.4479,15.916288,-0.953553,-0.230454,3.3895,-0.2323,-0.159694,0.393634,-0.0376,15.916288,-0.953553,-0.051451,4.4611,1.000000,-2.000000,8683.4965,0,1,clay,1.0000,0.500000,0,0,0.000000,0.000000,0.000000,0,nan,0.00,-0.066043,0.4882,0.0016,-0.034871,0.2696,0.48,8.57,9.52,9.78,-1.065013,-17.5465,-1.0132,0.008000,0.023658,0.1561,0.093652,-0.062106,-0.068488,758.952385005429,-473.7589548969114,1361.650342408892,-520.6384058569455,0.126103,-0.024485,6427.9,6192.7,0.181470,0.128205,1.000000,3.3858,1.0000,,,,,
5.8080,1778839084.405973,484,15.996091,-1.038242,-0.228713,3.4319,-0.1717,-0.178930,15.932087,-1.042480,-0.234102,3.4633,16.026538,-1.050335,-0.230378,3.3985,-0.2131,-0.151731,0.385799,-0.0253,16.026538,-1.050335,-0.078699,4.5002,1.000000,-2.000000,8803.0889,0,1,clay,1.0000,0.500000,0,0,0.000000,0.000000,0.000000,0,nan,0.00,-0.043315,0.4857,0.0015,-0.022871,0.2456,0.49,8.77,9.74,9.89,-1.080680,-17.6708,-1.0369,0.008000,0.110106,0.5641,0.097671,-0.054128,-0.071418,897.0508804723356,-419.7356283190876,1364.5966364215387,-585.4305788313443,0.130188,-0.027335,6429.4,6191.1,0.178768,0.145095,1.000000,3.3947,1.0000,,,,,
5.8200,1778839084.417788,485,16.007611,-1.119975,-0.229844,3.5127,-0.1839,-0.173530,15.971211,-1.058040,-0.236190,3.4782,16.038905,-1.132167,-0.231478,3.4213,-0.1990,-0.144079,0.376633,-0.0131,16.038905,-1.132167,-0.103190,4.5069,1.000000,-2.000000,8796.5484,0,1,clay,1.0000,0.500000,0,0,0.000000,0.000000,0.000000,0,nan,0.00,-0.020588,0.4828,0.0014,-0.010871,0.2216,0.48,8.60,9.56,7.65,-1.096240,-17.7904,-1.0287,0.008000,0.086946,0.1655,0.092831,-0.043711,-0.069191,874.7046780814658,-322.645081794065,1408.0833872950502,-611.8947980768946,0.135302,-0.028277,6431.7,6188.9,0.174885,0.133184,1.000000,3.4176,1.0000,,,,,
5.8320,1778839084.429837,486,16.023706,-1.020176,-0.237294,3.5392,-0.2242,-0.169614,16.010536,-1.073518,-0.238229,3.4948,16.054605,-1.032325,-0.238849,3.4448,-0.1948,-0.138244,0.379640,-0.0013,16.054605,-1.032325,-0.090716,4.5161,1.000000,-2.000000,8917.0199,0,1,clay,1.0000,0.500000,0,0,0.000000,0.000000,0.000000,0,nan,0.00,0.002139,0.4796,0.0013,0.001129,0.1976,0.48,8.78,9.74,9.84,-1.111718,-17.9072,-1.0213,0.008000,0.091926,0.0313,0.101505,-0.052180,-0.073202,1029.1201155628628,-328.9738092754601,1463.60477564158,-573.8835736049427,0.143453,-0.026343,6431.0,6189.6,0.176061,0.123982,1.000000,3.4411,1.0000,,,,,
5.8440,1778839084.441893,487,16.082109,-1.081067,-0.231900,3.5629,-0.2637,-0.165293,16.050082,-1.088920,-0.240192,3.5118,16.113919,-1.093277,-0.233426,3.4685,-0.1960,-0.130824,0.383299,0.0109,16.113919,-1.093277,-0.109839,4.5554,1.000000,-2.000000,8975.2319,0,1,clay,1.0000,0.500000,0,0,0.000000,0.000000,0.000000,0,nan,0.00,0.024866,0.4760,0.0013,0.013129,0.1736,0.48,8.88,9.83,9.41,-1.127120,-18.0197,-1.0435,0.008000,0.044989,-0.0178,0.108183,-0.067057,-0.076289,1039.3152693916372,-528.9439528003901,1536.076187787592,-485.2927870746551,0.153967,-0.022151,6430.0,6190.6,0.177843,0.120460,1.000000,3.4647,1.0000,,,,,
5.8560,1778839084.453947,488,16.132467,-1.096954,-0.241611,3.5618,-0.2318,-0.160094,16.089840,-1.104277,-0.242110,3.5278,16.164690,-1.109522,-0.243092,3.4875,-0.1913,-0.123584,0.394754,0.0230,16.164690,-1.109522,-0.117755,4.5920,1.000000,-2.000000,9079.4831,0,1,clay,1.0000,0.500000,0,0,0.000000,0.000000,0.000000,0,nan,0.00,0.047594,0.4720,0.0012,0.025129,0.1496,0.48,8.64,9.61,7.32,-1.142477,-18.1296,-1.0642,0.008000,0.090826,-0.2821,0.125554,-0.070329,-0.076564,1057.6157897027374,-424.53363432662763,1587.402361580785,-440.66700293671556,0.162610,-0.020089,6427.0,6193.6,0.182988,0.122176,1.000000,3.4835,1.0000,,,,,
5.8680,1778839084.465833,489,16.146887,-1.130614,-0.233151,3.5608,-0.2601,-0.149353,16.129802,-1.119512,-0.243931,3.5433,16.178539,-1.142561,-0.234536,3.5022,-0.1930,-0.117283,0.380660,0.0347,16.178539,-1.142561,-0.106430,4.6020,1.000000,-2.000000,9096.9597,0,1,clay,1.0000,0.500000,0,0,0.000000,0.000000,0.000000,0,nan,0.00,0.070321,0.4677,0.0012,0.037129,0.1256,0.47,8.76,9.70,9.40,-1.178512,-19.2189,-1.0588,0.008000,0.039933,0.5351,0.121286,-0.078453,-0.075302,1077.1280979659846,-405.2166645940966,1664.2444562005678,-349.50732242397,0.172539,-0.015865,6430.7,6189.9,0.176542,0.129828,1.000000,3.4984,1.0000,,,,,
5.8800,1778839084.477786,490,16.215143,-1.091187,-0.252910,3.5868,-0.2956,-0.142408,16.169974,-1.134607,-0.245662,3.5572,16.247075,-1.103903,-0.254240,3.5192,-0.1982,-0.109052,0.364101,0.0468,16.247075,-1.103903,-0.129364,4.6489,1.000000,-2.000000,9242.0073,0,1,clay,1.0000,0.500000,0,0,0.000000,0.000000,0.000000,0,nan,0.00,0.093048,0.4631,0.0011,0.049129,0.1016,0.47,8.87,9.81,9.52,-1.193607,-19.3181,-1.0917,0.008000,0.081462,-0.5403,0.126175,-0.098073,-0.077293,1248.597731577642,-330.65528577338006,1761.3151952554595,-208.92236528290238,0.183994,-0.009856,6434.8,6185.7,0.169325,0.129658,1.000000,3.5155,1.0000,,,,,
5.8920,1778839084.490079,491,16.140024,-1.119873,-0.248565,3.5196,-0.2270,-0.134910,16.210352,-1.149543,-0.247291,3.5712,16.172571,-1.132469,-0.249840,3.5200,-0.1900,-0.100069,0.363154,0.0590,16.172571,-1.132469,-0.123078,4.5977,1.000000,-2.000000,9133.2903,0,1,clay,1.0000,0.500000,0,0,0.000000,0.000000,0.000000,0,nan,0.00,0.115776,0.4562,0.0010,0.061129,0.0776,0.49,8.79,9.77,8.32,-1.208543,-19.4114,-1.0265,0.008000,0.067952,0.1827,0.110120,-0.098460,-0.075910,1302.82027080943,-339.2923702492488,1815.235664510648,-167.2188378903649,0.191752,-0.008141,6435.0,6185.6,0.169043,0.148512,1.000000,3.5163,1.0000,,,,,
5.9040,1778839084.501855,492,16.251562,-1.219051,-0.244984,3.5907,-0.0893,-0.128995,16.250932,-1.164362,-0.248849,3.5870,16.284107,-1.231071,-0.246179,3.5344,-0.1616,-0.092400,0.372114,0.0709,16.284107,-1.231071,-0.134620,4.6708,1.000000,-2.000000,9311.8590,0,1,clay,1.0000,0.500000,0,0,0.000000,0.000000,0.000000,0,nan,0.00,0.138503,0.4498,0.0010,0.073129,0.0536,0.49,8.93,9.91,9.76,-1.223362,-19.5007,-1.0838,0.008000,0.141791,0.0824,0.101828,-0.082553,-0.082087,1379.3752884287128,-296.4280100632952,1813.7059358718598,-307.3608837291465,0.191872,-0.013727,6432.8,6187.8,0.172924,0.133931,1.000000,3.5307,1.0000,,,,,
5.9160,1778839084.513896,493,16.249410,-1.203936,-0.252591,3.6101,-0.1982,-0.126969,16.291709,-1.179084,-0.250338,3.6016,16.282533,-1.216265,-0.253736,3.5498,-0.1546,-0.084199,0.366254,0.0830,16.282533,-1.216265,-0.143717,4.6699,1.000000,-2.000000,9292.0296,0,1,clay,1.0000,0.500000,0,0,0.000000,0.000000,0.000000,0,nan,0.00,0.161230,0.4438,0.0010,0.085129,0.0296,0.49,8.37,9.34,5.15,-1.238084,-19.5860,-1.0683,0.008000,0.102421,-0.4034,0.109021,-0.090883,-0.084936,1452.9932517441994,-350.08699065809833,1879.8321465999475,-269.4107918981198,0.199888,-0.012047,6434.2,6186.4,0.170465,0.132708,1.000000,3.5461,1.0000,,,,,
5.9280,1778839084.525852,494,16.266702,-1.081303,-0.249301,3.6108,-0.1280,-0.118646,16.332694,-1.193713,-0.251776,3.6163,16.298133,-1.092639,-0.250332,3.5620,-0.1407,-0.079675,0.353346,0.0945,16.298133,-1.092639,-0.127431,4.6783,1.000000,-2.000000,9447.4015,0,1,clay,1.0000,0.500000,0,0,0.000000,0.000000,0.000000,0,nan,0.00,0.183957,0.4381,0.0009,0.097129,0.0056,0.49,8.53,9.50,9.43,-1.252713,-19.6684,-1.0620,0.008000,0.195671,-0.1957,0.099641,-0.089757,-0.091935,1426.1834038509996,-401.7794254098201,1921.5348670289786,-317.0854295153781,0.204217,-0.013748,6437.7,6182.8,0.164264,0.131483,1.000000,3.5586,1.0000,,,,,
5.9400,1778839084.538510,495,16.295577,-1.266823,-0.254208,3.6952,-0.1284,-0.108028,16.373893,-1.208149,-0.253099,3.6297,16.327800,-1.278322,-0.255178,3.5885,-0.1257,-0.070349,0.353572,0.1066,16.327800,-1.278322,-0.140916,4.6933,1.000000,-2.000000,9460.4218,0,1,clay,1.0000,0.500000,0,0,0.000000,0.000000,0.000000,0,nan,0.00,0.206685,0.4328,0.0009,0.109129,-0.0184,0.49,8.73,9.71,9.91,-1.267149,-19.7441,-1.0636,0.008000,0.140438,-0.0879,0.102287,-0.083510,-0.090353,1467.7624564650832,-486.53146781631904,1960.3232701136353,-330.7533500379445,0.208669,-0.014042,6437.6,6183.0,0.164506,0.113771,1.000000,3.5851,1.0000,,,,,
5.9520,1778839084.549720,496,16.329216,-1.252457,-0.261976,3.5710,-0.1131,-0.096081,16.415315,-1.222338,-0.254280,3.6428,16.362019,-1.264150,-0.262875,3.5859,-0.1099,-0.059904,0.353869,0.1188,16.362019,-1.264150,-0.149232,4.7092,1.000000,-2.000000,9508.6611,0,1,clay,1.0000,0.500000,0,0,0.000000,0.000000,0.000000,0,nan,0.00,0.229412,0.4279,0.0008,0.121129,-0.0424,0.48,8.48,9.43,7.05,-1.306338,-20.7400,-1.0664,0.008000,0.119241,-0.8862,0.075513,-0.074280,-0.085844,1714.8078876163995,-208.16115175013712,1996.7884341040328,-334.66649734741213,0.213523,-0.014094,6437.4,6183.1,0.164799,0.146021,1.000000,3.5823,1.0000,,,,,
5.9640,1778839084.561846,497,16.477199,-1.246090,-0.261123,3.6269,-0.1201,-0.097113,16.456912,-1.236479,-0.255450,3.6568,16.509231,-1.257275,-0.261940,3.5945,-0.1002,-0.053635,0.366751,0.1305,16.509231,-1.257275,-0.147635,4.7715,1.000000,-2.000000,9726.7900,0,1,clay,1.0000,0.500000,0,0,0.000000,0.000000,0.000000,0,nan,0.00,0.252139,0.4233,0.0008,0.133129,-0.0664,0.47,8.51,9.45,8.70,-1.320479,-20.8070,-1.1147,0.008000,0.022334,-0.3250,0.064022,-0.072384,-0.085922,1513.3079607012714,-196.9670528294481,2035.8720963987398,-326.6770147515839,0.219914,-0.013808,6434.3,6186.2,0.170251,0.135644,1.000000,3.5910,1.0000,,,,,
5.9760,1778839084.573716,498,16.473130,-1.292863,-0.260522,3.6138,-0.0833,-0.090461,16.498723,-1.250409,-0.256495,3.6687,16.505385,-1.303829,-0.261271,3.5989,-0.0843,-0.045354,0.363920,0.1426,16.505385,-1.303829,-0.163648,4.7698,1.000000,-2.000000,9687.5685,0,1,clay,1.0000,0.500000,0,0,0.000000,0.000000,0.000000,0,nan,0.00,0.274866,0.4190,0.0007,0.145129,-0.0904,0.47,8.42,9.36,7.89,-1.334409,-20.8669,-1.1011,0.008000,0.048864,-0.8169,0.055126,-0.060168,-0.081865,1830.4948310054174,-206.27344566152436,2073.1143287101777,-357.89399643946507,0.224942,-0.014957,6435.0,6185.5,0.169029,0.141723,1.000000,3.5954,1.0000,,,,,
5.9880,1778839084.585978,499,16.502524,-1.267150,-0.251012,3.6977,-0.1115,-0.072581,16.540745,-1.264121,-0.257419,3.6823,16.534831,-1.277568,-0.251673,3.6186,-0.0763,-0.036317,0.358243,0.1545,16.534831,-1.277568,-0.136348,4.7831,1.000000,-2.000000,9806.7884,0,1,clay,1.0000,0.500000,0,0,0.000000,0.000000,0.000000,0,nan,0.00,0.297594,0.4148,0.0020,0.157129,-0.1144,0.47,8.23,9.18,7.16,-1.348121,-20.9199,-1.1007,0.008000,0.085264,0.8098,0.059599,-0.055160,-0.075181,1918.7337355372852,-153.77716924349187,2122.5533960792477,-307.3674258273238,0.230922,-0.012668,6436.5,6184.1,0.166450,0.122609,1.000000,3.6152,1.0000,,,,,
6.0000,1778839084.597870,500,16.542914,-1.341543,-0.258113,3.5441,-0.0030,-0.071213,16.582961,-1.277712,-0.258282,3.6952,16.574472,-1.351617,-0.258693,3.6047,-0.0519,-0.028738,0.345426,0.1663,16.574472,-1.351617,-0.157528,4.8018,1.000000,-2.000000,9704.4871,0,1,clay,1.0000,0.500000,0,0,0.000000,0.000000,0.000000,0,nan,0.00,0.320321,0.4108,0.0034,0.169129,-0.1384,0.48,8.30,9.26,8.72,-1.361712,-20.9693,-1.1066,0.008000,0.096206,0.0993,0.045110,-0.038533,-0.075780,1821.6188602783802,-209.61961822277885,2136.370554202611,-409.87869852543616,0.232864,-0.016635,6439.8,6180.7,0.160627,0.159238,1.000000,3.6014,1.0000,,,,,
6.0120,1778839084.609798,501,16.630406,-1.378385,-0.260642,3.7675,0.0120,-0.062476,16.625371,-1.291166,-0.259074,3.7078,16.662543,-1.388353,-0.261149,3.6368,-0.0280,-0.019429,0.337165,0.1784,16.662543,-1.388353,-0.157638,4.8457,1.000000,-2.000000,9945.3058,0,1,clay,1.0000,0.500000,0,0,0.000000,0.000000,0.000000,0,nan,0.00,0.343048,0.4068,0.0050,0.181129,-0.1624,0.47,8.50,9.45,9.62,-1.404166,-21.8989,-1.1379,0.008000,0.033279,-0.2992,0.061913,-0.035206,-0.084325,1772.3782988811045,-241.35304787502977,2156.7831335336227,-496.613376642999,0.234348,-0.019624,6441.9,6178.7,0.157038,0.107173,1.000000,3.6336,1.0000,,,,,
6.0240,1778839084.621882,502,16.690959,-1.324237,-0.263087,3.6258,-0.0705,-0.059256,16.667986,-1.304395,-0.259749,3.7195,16.723837,-1.334337,-0.263527,3.6353,-0.0207,-0.009635,0.329955,0.1906,16.723837,-1.334337,-0.162886,4.8770,1.000000,-2.000000,10036.3860,0,1,clay,1.0000,0.500000,0,0,0.000000,0.000000,0.000000,0,nan,0.00,0.365776,0.4029,0.0069,0.193129,-0.1864,0.48,8.52,9.48,8.65,-1.417395,-21.9376,-1.1575,0.008000,0.072663,-0.0534,0.045622,-0.039600,-0.082754,1956.5055341521827,-213.8096662382712,2205.0914622672917,-445.5609389500597,0.242530,-0.017474,6443.6,6177.0,0.154041,0.143990,1.000000,3.6321,1.0000,,,,,
6.0360,1778839084.633988,503,16.721137,-1.345080,-0.262326,3.7379,-0.1148,-0.047267,16.710809,-1.317370,-0.260299,3.7308,16.754299,-1.355136,-0.262687,3.6557,-0.0225,-0.000531,0.323618,0.2026,16.754299,-1.355136,-0.160955,4.8925,1.000000,-2.000000,10139.7943,0,1,clay,1.0000,0.500000,0,0,0.000000,0.000000,0.000000,0,nan,0.00,0.388503,0.3991,0.0089,0.205129,-0.2104,0.48,8.64,9.60,9.33,-1.430370,-21.9691,-1.1618,0.008000,0.162251,-0.2307,0.055199,-0.056542,-0.083749,2098.04553321117,-144.36824895943613,2264.1820865931672,-314.04550766979423,0.252433,-0.012212,6445.2,6175.4,0.151260,0.114613,1.000000,3.6525,1.0000,,,,,
6.0480,1778839084.645993,504,16.623296,-1.318613,-0.257262,3.7762,0.0013,-0.037804,16.753818,-1.330156,-0.260768,3.7423,16.657256,-1.328382,-0.257539,3.6796,-0.0034,0.009772,0.317759,0.2147,16.657256,-1.328382,-0.159048,4.8430,1.000000,-2.000000,10072.9293,0,1,clay,1.0000,0.500000,0,0,0.000000,0.000000,0.000000,0,nan,0.00,0.411230,0.3954,0.0110,0.217129,-0.2344,0.48,8.70,9.66,9.02,-1.443156,-21.9960,-1.1007,0.008000,0.086342,0.2837,0.052596,-0.052300,-0.086046,1839.775319127655,-140.09548220304495,2288.1843654392355,-350.36189489981393,0.255760,-0.013252,6446.6,6173.9,0.148785,0.109126,1.000000,3.6765,1.0000,,,,,
6.0600,1778839084.657876,505,16.836171,-1.426700,-0.267737,3.7961,-0.0535,-0.033190,16.797006,-1.342797,-0.261169,3.7529,16.870519,-1.436777,-0.267935,3.7028,0.0033,0.019117,0.316275,0.2268,16.870519,-1.436777,-0.177965,4.9473,1.000000,-2.000000,10405.0831,0,1,clay,1.0000,0.500000,0,0,0.000000,0.000000,0.000000,0,nan,0.00,0.433957,0.3918,0.0134,0.229129,-0.2584,0.48,8.91,9.87,10.07,-1.455797,-22.0190,-1.1944,0.008000,0.142120,0.0647,0.078373,-0.062259,-0.088486,2117.080888547271,-114.79401206433886,2329.2340308157304,-287.91580565037395,0.263272,-0.010788,6447.0,6173.6,0.148186,0.103488,1.000000,3.6996,1.0000,,,,,
6.0720,1778839084.669877,506,16.761808,-1.362698,-0.259468,3.6916,-0.0137,-0.024748,16.840385,-1.355223,-0.261473,3.7626,16.797093,-1.372452,-0.259578,3.7011,0.0172,0.029932,0.299949,0.2390,16.797093,-1.372452,-0.157528,4.9138,1.000000,-2.000000,10315.1784,0,1,clay,1.0000,0.500000,0,0,0.000000,0.000000,0.000000,0,nan,0.00,0.456685,0.3883,0.0159,0.241129,-0.2824,0.49,8.92,9.91,9.01,-1.468223,-22.0364,-1.1512,0.008000,0.089841,0.4489,0.066896,-0.060842,-0.088025,2114.192726147512,-131.86200143469162,2355.5467827441807,-277.33452001562057,0.269143,-0.010200,6451.0,6169.6,0.141176,0.126094,1.000000,3.6981,1.0000,,,,,
6.0840,1778839084.681863,507,16.862736,-1.349276,-0.267288,3.7522,-0.0417,-0.017941,16.883954,-1.367433,-0.261671,3.7738,16.898144,-1.359176,-0.267317,3.7115,0.0232,0.039038,0.285908,0.2510,16.898144,-1.359176,-0.165345,4.9582,1.000000,-2.000000,10511.7745,0,1,clay,1.0000,0.500000,0,0,0.000000,0.000000,0.000000,0,nan,0.00,0.479412,0.3849,0.0185,0.253129,-0.3064,0.49,8.79,9.78,8.04,-1.513233,-22.8743,-1.1844,0.008000,0.064101,-0.0849,0.073249,-0.070722,-0.090007,2492.731901833007,-122.46614333940403,2389.7377902616213,-209.3888236042178,0.276975,-0.007629,6454.5,6166.0,0.134990,0.110501,1.000000,3.7085,1.0000,,,,,
6.0960,1778839084.693923,508,16.859802,-1.379487,-0.266674,3.8966,-0.0035,-0.006268,16.927723,-1.379330,-0.261723,3.7833,16.895169,-1.389107,-0.266620,3.7477,0.0339,0.047701,0.275473,0.2629,16.895169,-1.389107,-0.179966,4.9571,1.000000,-2.000000,10539.5809,0,1,clay,1.0000,0.500000,0,0,0.000000,0.000000,0.000000,0,nan,0.00,0.502139,0.3815,0.0213,0.265129,-0.3304,0.50,8.84,9.83,9.09,-1.525130,-22.8773,-1.1738,0.008000,0.021924,-0.6514,0.090499,-0.069216,-0.088567,2389.3139194942305,-105.8437367518393,2419.2769121751626,-184.44278876807738,0.282457,-0.006465,6457.2,6163.3,0.130271,0.078541,1.000000,3.7449,1.0000,,,,,
6.1080,1778839084.705791,509,16.981415,-1.323105,-0.250627,3.8752,0.0122,0.007411,16.971655,-1.391008,-0.261678,3.7916,17.017320,-1.331973,-0.250475,3.7728,0.0466,0.058321,0.258743,0.2749,17.017320,-1.331973,-0.150690,4.9890,1.000000,-2.000000,10896.0249,0,1,clay,1.0000,0.500000,0,0,0.000000,0.000000,0.000000,0,nan,0.00,0.524866,0.3782,0.0242,0.277129,-0.3544,0.49,9.12,10.09,10.73,-1.536808,-22.8747,-1.1974,0.008000,0.143748,0.6268,0.130930,-0.076276,-0.091386,2361.4295016982833,-92.88669855223546,2441.3052551411693,-152.39702241658784,0.287394,-0.005154,6461.5,6159.1,0.122904,0.083451,1.000000,3.7701,1.0000,,,,,
6.1200,1778839084.717649,510,17.029164,-1.425956,-0.266130,3.7751,-0.0498,0.010724,17.015760,-1.402454,-0.261539,3.8011,17.065908,-1.435471,-0.265873,3.7739,0.0492,0.069885,0.265413,0.2872,17.065908,-1.435471,-0.175930,4.9926,1.000000,-2.000000,10878.7797,0,1,clay,1.0000,0.500000,0,0,0.000000,0.000000,0.000000,0,nan,0.00,0.547594,0.3749,0.0272,0.289129,-0.3784,0.47,9.06,10.01,8.75,-1.548254,-22.8667,-1.1915,0.008000,0.064228,-0.1741,0.100619,-0.097880,-0.096034,2321.6427306033816,-115.93349494503792,2474.678298277638,-12.165105607528957,0.296760,-0.000658,6459.7,6160.9,0.126074,0.106848,1.000000,3.7711,1.0000,,,,,
6.1320,1778839084.729851,511,17.009086,-1.333550,-0.262239,3.8426,0.0977,0.016387,17.060025,-1.413698,-0.261332,3.8092,17.045917,-1.342534,-0.261900,3.7876,0.0742,0.078866,0.251867,0.2991,17.045917,-1.342534,-0.161437,4.9916,1.000000,-2.000000,10979.7916,0,1,clay,1.0000,0.500000,0,0,0.000000,0.000000,0.000000,0,nan,0.00,0.570321,0.3718,0.0304,0.301129,-0.4024,0.47,9.22,10.17,10.13,-1.559498,-22.8549,-1.1825,0.008000,0.118292,0.1290,0.116687,-0.079706,-0.094399,2407.9963727816507,146.42293499201458,2481.5155362660253,-122.3415082952816,0.298572,-0.004095,6463.1,6157.5,0.120048,0.089820,1.000000,3.7850,1.0000,,,,,
6.1440,1778839084.741810,512,17.021150,-1.354747,-0.267944,3.7927,0.0031,0.022468,17.104462,-1.424730,-0.261049,3.8176,17.058595,-1.363906,-0.267508,3.7890,0.0811,0.089237,0.241075,0.3113,17.058595,-1.363906,-0.181679,4.9923,1.000000,-2.000000,10929.7668,0,1,clay,1.0000,0.500000,0,0,0.000000,0.000000,0.000000,0,nan,0.00,0.593048,0.3687,0.0336,0.313129,-0.4264,0.47,9.36,10.31,10.14,-1.570530,-22.8387,-1.1747,0.008000,0.129745,-0.2981,0.098392,-0.078783,-0.091042,1980.2526486983625,132.054272667996,2504.58951385491,-41.34465182616108,0.306754,-0.001496,6465.8,6154.8,0.115427,0.101337,1.000000,3.7864,1.0000,,,,,
6.1560,1778839084.753798,513,17.157770,-1.449787,-0.256632,3.7438,0.0217,0.027059,17.149059,-1.435499,-0.260651,3.8242,17.195776,-1.458402,-0.256104,3.7807,0.0904,0.098985,0.230050,0.3234,17.195776,-1.458402,-0.164022,4.9884,1.000000,-2.000000,11070.7953,0,1,clay,1.0000,0.500000,0,0,0.000000,0.000000,0.000000,0,nan,0.00,0.615776,0.3656,0.0370,0.325129,-0.4504,0.47,9.48,10.42,10.12,-1.617699,-23.6274,-1.1642,0.008000,0.147329,-0.0040,0.066806,-0.088451,-0.096516,2569.274264781811,85.47375270501868,2520.8138224258373,8.732307800116516,0.314354,0.000047,6468.5,6152.1,0.110676,0.112440,1.000000,3.7782,1.0000,,,,,
6.1680,1778839084.765814,514,17.180026,-1.370121,-0.262405,3.7836,0.0222,0.046425,17.193811,-1.445997,-0.260124,3.8328,17.218508,-1.378827,-0.261762,3.7818,0.0987,0.110453,0.230151,0.3356,17.218508,-1.378827,-0.173632,4.9874,1.000000,-2.000000,11144.9110,0,1,clay,1.0000,0.500000,0,0,0.000000,0.000000,0.000000,0,nan,0.00,0.638503,0.3626,0.0405,0.337129,-0.4744,0.48,9.66,10.61,10.70,-1.628197,-23.5973,-1.1546,0.008000,0.168683,0.2073,0.044850,-0.090774,-0.094160,2741.5043326634604,84.02518611862165,2541.970090187441,102.89786885233201,0.321192,0.002963,6468.4,6152.2,0.110829,0.101018,1.000000,3.7792,1.0000,,,,,
6.1800,1778839084.777773,515,17.252791,-1.397868,-0.268125,3.8254,0.0767,0.056451,17.238707,-1.456216,-0.259487,3.8363,17.292049,-1.406628,-0.267356,3.7905,0.1157,0.122588,0.212797,0.3477,17.292049,-1.406628,-0.177274,4.9869,1.000000,-2.000000,11261.9734,0,1,clay,1.0000,0.500000,0,0,0.000000,0.000000,0.000000,0,nan,0.00,0.661230,0.3597,0.0441,0.349129,-0.4984,0.47,9.81,10.75,10.66,-1.638416,-23.5608,-1.1506,0.008000,0.115327,-0.6612,0.057050,-0.087718,-0.094064,2354.286394185301,106.60459192532159,2550.60597331808,117.00955170793301,0.325448,0.003394,6472.7,6147.9,0.103320,0.088191,1.000000,3.7882,1.0000,,,,,
6.1920,1778839084.789766,516,17.357646,-1.452530,-0.258431,3.8258,0.0131,0.066380,17.283754,-1.466101,-0.258715,3.8417,17.397697,-1.460852,-0.257534,3.7976,0.1198,0.134594,0.188429,0.3599,17.397697,-1.460852,-0.177558,4.9931,1.000000,-1.999999,11894.2989,0,1,clay,1.0000,0.500000,0,0,0.000000,0.000000,0.000000,0,nan,0.00,0.683957,0.3568,0.0477,0.361129,-0.5224,0.48,9.95,10.90,10.72,-1.648301,-23.5165,-1.1514,0.008000,0.099123,0.2854,0.055403,-0.094298,-0.090982,2622.006627292877,52.11936982127048,2563.6313834192265,259.9070478684491,0.333667,0.007848,6478.8,6141.8,0.092699,0.087661,1.000000,3.7955,1.0000,,,,,
6.2040,1778839084.801695,517,17.335039,-1.489641,-0.260334,3.8735,0.1163,0.071263,17.328945,-1.475699,-0.257853,3.8473,17.375749,-1.497788,-0.259319,3.8126,0.1406,0.145789,0.173881,0.3720,17.375749,-1.497788,-0.178170,4.9914,1.000000,-2.000000,12086.0983,0,1,clay,1.0000,0.500000,0,0,0.000000,0.000000,0.000000,0,nan,0.00,0.706685,0.3540,0.0515,0.373129,-0.5464,0.46,9.93,10.86,9.86,-1.657899,-23.4672,-1.1441,0.008000,0.076393,0.0868,0.035290,-0.083991,-0.091087,2380.83919276062,161.3788775335397,2569.6839873997733,219.33127443511162,0.337041,0.006584,6482.4,6138.1,0.086375,0.075543,1.000000,3.8106,1.0000,,,,,
6.2160,1778839084.813871,518,17.411004,-1.573127,-0.250466,3.8684,0.0278,0.074974,17.374251,-1.485093,-0.256923,3.8531,17.451874,-1.580739,-0.249360,3.8236,0.1427,0.155052,0.155089,0.3840,17.451874,-1.580739,-0.175795,4.9971,-1.000000,-1.500000,13452.8521,0,1,clay,1.0000,0.500000,0,0,0.000000,0.000000,0.000000,0,nan,0.00,0.683957,0.3512,0.0553,0.361129,-0.5644,0.46,9.85,10.77,9.41,-1.667293,-23.4139,-1.1441,0.008000,0.163121,-0.3336,0.023099,-0.095551,-0.093005,2604.8770878661553,245.59147685053952,2582.8682279872955,342.1994416602404,0.346304,0.010373,6487.2,6133.4,0.078060,0.073896,1.000000,3.8218,1.0000,,,,,
6.2280,1778839084.825883,519,17.434847,-1.528708,-0.248866,3.8348,0.1019,0.098941,17.419695,-1.494184,-0.255864,3.8555,17.475509,-1.536026,-0.247709,3.8258,0.1458,0.154497,0.134158,0.3504,17.475509,-1.536026,-0.164365,4.9987,1.000000,-1.000000,21021.0521,0,1,clay,1.0000,0.500000,0,0,0.000000,0.000000,0.000000,0,nan,0.00,0.706685,0.3485,0.0590,0.373129,-0.5764,0.46,9.91,10.83,10.20,-1.716384,-24.1273,-1.1432,0.008000,0.009405,0.5740,0.023865,-0.085169,-0.089254,2485.4387929424065,187.48901746728015,2444.5383206648567,384.96265150081075,0.326385,0.011759,6493.9,6126.7,0.066372,0.079609,-1.000000,3.8243,1.0000,,,,,
6.2400,1778839084.837718,520,17.416541,-1.452551,-0.252867,3.9114,0.1287,0.105541,17.465234,-1.502840,-0.254612,3.8567,17.457621,-1.459718,-0.251575,3.8427,0.1662,0.169858,0.140314,0.3839,17.457621,-1.459718,-0.172054,4.9975,-1.000000,2.000000,78216.5182,4,1,clay,1.0000,0.500000,0,0,0.000000,0.000000,0.000000,0,nan,0.00,0.683957,0.3458,0.0623,0.361129,-0.5524,0.46,9.04,9.96,4.16,-1.725040,-24.0556,-1.1408,0.008000,0.031237,0.0657,0.028387,-0.085298,-0.088277,2651.3547370350034,319.5827487516526,2550.850715168178,392.9573961321201,0.330289,0.012043,6493.7,6126.9,0.066731,0.063922,1.000000,3.8411,1.0000,,,,,
6.2520,1778839084.849802,521,17.488179,-1.535994,-0.250241,3.9052,0.0872,0.106182,17.510907,-1.511294,-0.253328,3.8629,17.526101,-1.542545,-0.249051,3.8554,0.1562,0.161704,0.192904,0.3512,17.526101,-1.542545,-0.165595,5.0000,-1.000000,2.000000,77651.8590,4,1,clay,1.0000,0.500000,0,0,0.000000,0.000000,0.000000,0,nan,0.00,0.661230,0.3432,0.0652,0.349129,-0.5284,0.46,8.11,9.02,2.81,-1.733494,-23.9820,-1.1371,0.008000,0.109924,0.4781,0.040433,-0.080182,-0.080774,2539.763690485376,387.2679322496949,2440.473411228373,463.75459059814006,0.313831,0.014416,6488.2,6132.4,0.076385,0.062106,-1.000000,3.8535,1.0000,,,,,
6.2640,1778839084.861865,522,17.548422,-1.498447,-0.252036,3.9125,0.0706,0.111164,17.556685,-1.519499,-0.251963,3.8648,17.582879,-1.504506,-0.250951,3.8669,0.1460,0.156990,0.228955,0.3401,17.582879,-1.504506,-0.168911,5.0000,-1.000000,2.000000,77168.0369,4,1,clay,1.0000,0.500000,0,0,0.000000,0.000000,0.000000,0,nan,0.00,0.638503,0.3406,0.0676,0.337129,-0.5044,0.46,7.32,8.23,2.83,-1.741699,-23.9038,-1.1352,0.008000,0.037146,-0.3341,0.061275,-0.092431,-0.086266,2390.379165920095,451.66504592726756,2417.414373815149,547.122279867393,0.298710,0.017569,6478.6,6142.0,0.093124,0.057722,-1.000000,3.8649,1.0000,,,,,
6.2760,1778839084.873662,523,17.627915,-1.598887,-0.259223,3.9715,0.0763,0.118601,17.602561,-1.527384,-0.250481,3.8672,17.659455,-1.604686,-0.258218,3.8876,0.1382,0.153970,0.252863,0.3289,17.659455,-1.604686,-0.183391,5.0000,-1.000000,2.000000,76266.0973,4,1,clay,1.0000,0.500000,0,0,0.000000,0.000000,0.000000,0,nan,0.00,0.615776,0.3380,0.0697,0.325129,-0.4804,0.46,6.64,7.55,2.81,-1.749584,-23.8189,-1.1328,0.008000,0.153101,-0.4874,0.080810,-0.133605,-0.128763,2697.9242503461687,714.0615169002524,2381.9472077412206,619.7613383593261,0.283488,0.020386,6472.1,6148.5,0.104384,0.037612,-1.000000,3.8856,1.0000,,,,,
6.2880,1778839084.885987,524,17.583659,-1.514768,-0.248884,3.8466,0.1554,0.135274,17.648540,-1.534925,-0.248882,3.8693,17.612677,-1.519651,-0.247929,3.8801,0.1450,0.153730,0.282198,0.3176,17.612677,-1.519651,-0.165250,5.0000,-1.000000,2.000000,76799.2564,4,1,clay,1.0000,0.500000,0,0,0.000000,0.000000,0.000000,0,nan,0.00,0.593048,0.3355,0.0714,0.313129,-0.4564,0.46,6.07,6.99,2.83,-1.800425,-24.4455,-1.1307,0.008000,0.090881,0.3560,0.066210,-0.119086,-0.128947,2647.262280119782,727.2747767342505,2308.243422790151,606.1522307881118,0.263314,0.020255,6464.3,6156.2,0.117924,0.066170,-1.000000,3.8780,1.0000,,,,,
6.3000,1778839084.897893,525,17.680726,-1.618147,-0.248282,3.9115,0.1597,0.142563,17.694607,-1.542182,-0.247209,3.8704,17.707707,-1.622551,-0.247364,3.8866,0.1512,0.154615,0.299178,0.3061,17.707707,-1.622551,-0.171512,5.0000,-1.000000,2.000000,75810.9118,4,1,clay,1.0000,0.500000,0,0,0.000000,0.000000,0.000000,0,nan,0.00,0.570321,0.3330,0.0728,0.301129,-0.4324,0.47,5.61,6.55,2.99,-1.807682,-24.3496,-1.1296,0.008000,0.131276,-0.2411,0.068059,-0.081410,-0.095604,2593.5138340891726,730.3498569306385,2229.9370307248455,609.0912543819119,0.244134,0.020489,6459.7,6160.8,0.125908,0.047018,-1.000000,3.8845,1.0000,,,,,
6.3120,1778839084.909843,526,17.754608,-1.599919,-0.251081,3.8856,0.1752,0.145777,17.740766,-1.549173,-0.245475,3.8728,17.779829,-1.603991,-0.250195,3.8867,0.1587,0.155624,0.309901,0.2946,17.779829,-1.603991,-0.174500,4.9997,-1.000000,2.000000,75405.3972,4,1,clay,1.0000,0.500000,0,0,0.000000,0.000000,0.000000,0,nan,0.00,0.547594,0.3306,0.0738,0.289129,-0.4084,0.47,5.21,6.16,3.00,-1.814673,-24.2503,-1.1269,0.008000,0.040346,-0.3633,0.054754,-0.096529,-0.104308,2210.945982636913,865.3876168997251,2139.690978469679,596.8312407988982,0.225248,0.020204,6456.8,6163.8,0.131050,0.055256,-1.000000,3.8847,1.0000,,,,,
6.3240,1778839084.921824,527,17.906740,-1.590468,-0.246467,3.9027,0.1299,0.150787,17.787013,-1.555869,-0.243647,3.8765,17.930484,-1.594149,-0.245609,3.8901,0.1566,0.156961,0.321071,0.2830,17.930484,-1.594149,-0.169204,4.9997,-1.000000,2.000000,74626.3342,4,1,clay,1.0000,0.500000,0,0,0.000000,0.000000,0.000000,0,nan,0.00,0.524866,0.3282,0.0745,0.277129,-0.3844,0.47,4.89,5.83,3.05,-1.821369,-24.1456,-1.1232,0.008000,0.088149,-0.7226,0.049138,-0.116130,-0.127076,2697.332819569543,435.20752594938136,2060.1935285659406,656.9329233211643,0.209618,0.022640,6453.8,6166.8,0.136332,0.047410,-1.000000,3.8882,1.0000,,,,,
6.3360,1778839084.934234,528,17.851266,-1.527629,-0.232161,3.7911,0.1444,0.158214,17.833358,-1.562262,-0.241712,3.8777,17.873660,-1.530706,-0.231324,3.8713,0.1571,0.158874,0.336432,0.2713,17.873660,-1.530706,-0.157445,4.9995,-1.000000,2.000000,74467.1349,4,1,clay,1.0000,0.500000,0,0,0.000000,0.000000,0.000000,0,nan,0.00,0.502139,0.3258,0.0749,0.265129,-0.3604,0.46,4.59,5.52,2.92,-1.827762,-24.0347,-1.1218,0.008000,0.064510,0.0056,0.030168,-0.239616,-0.274835,2741.744627908678,561.7432390831549,1956.8340617433907,694.4047920402006,0.192927,0.024644,6449.7,6170.9,0.143413,0.074370,-1.000000,3.8694,1.0000,,,,,
6.3480,1778839084.945836,529,17.972075,-1.708884,-0.248693,3.8197,0.2180,0.168289,17.879792,-1.568388,-0.239720,3.8806,17.993275,-1.712015,-0.247869,3.8617,0.1702,0.161893,0.350218,0.2596,17.993275,-1.712015,-0.176446,5.0000,-1.000000,2.000000,73970.8345,4,1,clay,1.0000,0.500000,0,0,0.000000,0.000000,0.000000,0,nan,0.00,0.479412,0.3235,0.0751,0.253129,-0.3364,0.46,4.33,5.25,2.80,-1.880388,-24.6126,-1.1194,0.008000,0.208125,-1.7879,0.003033,0.141406,-0.205236,2202.2641595062732,1004.8940215441316,1841.5350625106007,658.7810269984188,0.172781,0.023412,6446.1,6174.5,0.149758,0.063873,-1.000000,3.8598,1.0000,,,,,
6.3600,1778839084.957853,530,17.954446,-1.515609,-0.243805,3.9576,0.1479,0.170745,17.926298,-1.574312,-0.237701,3.8831,17.974728,-1.518477,-0.242997,3.8806,0.1681,0.164533,0.364305,0.2479,17.974728,-1.518477,-0.168923,4.9999,-1.000000,2.000000,74289.9205,4,1,clay,1.0000,0.500000,0,0,0.000000,0.000000,0.000000,0,nan,0.00,0.456685,0.3212,0.0749,0.241129,-0.3124,0.46,4.12,5.05,2.96,-1.886312,-24.4969,-1.1168,0.008000,0.133353,-1.4245,0.004053,0.142664,-0.158670,2740.548708324205,934.7535198660214,1759.2133946903896,723.3761260720862,0.158140,0.025967,6442.4,6178.2,0.156216,0.025806,-1.000000,3.8787,1.0000,,,,,
6.3720,1778839084.969804,531,18.100398,-1.626175,-0.241093,3.9170,0.1715,0.173697,17.972886,-1.580001,-0.235638,3.8855,18.119975,-1.628840,-0.240294,3.8880,0.1705,0.167004,0.377038,0.2361,18.119975,-1.628840,-0.171170,5.0000,-1.000000,2.000000,73456.1584,4,1,clay,1.0000,0.500000,0,0,0.000000,0.000000,0.000000,0,nan,0.00,0.433957,0.3189,0.0745,0.229129,-0.2884,0.47,3.92,4.85,2.78,-1.892001,-24.3787,-1.1145,0.008000,0.142937,-1.0877,-0.003707,0.148242,-0.139937,2244.194640339945,979.2500468324736,1657.1244300294338,745.6482705014139,0.142440,0.027143,6439.0,6181.5,0.162013,0.036473,-1.000000,3.8861,1.0000,,,,,
6.3840,1778839084.981923,532,17.996239,-1.523310,-0.232747,3.9907,0.2005,0.172444,18.019532,-1.585473,-0.233534,3.8869,18.015180,-1.525673,-0.231964,3.9082,0.1773,0.168546,0.392676,0.2243,18.015180,-1.525673,-0.157821,5.0000,-1.000000,2.000000,74062.2055,4,1,clay,1.0000,0.500000,0,0,0.000000,0.000000,0.000000,0,nan,0.00,0.411230,0.3167,0.0739,0.217129,-0.2644,0.47,3.80,4.74,3.13,-1.897473,-24.2582,-1.1131,0.008000,0.185990,-0.1225,-0.006517,0.158355,-0.122973,1957.8231131908274,1096.0219813497397,1553.8133499028415,725.0432830748769,0.126513,0.026443,6435.0,6185.6,0.169092,0.018573,-1.000000,3.9064,1.0000,,,,,
6.3960,1778839084.993814,533,18.114161,-1.692877,-0.236431,3.8658,0.2217,0.179146,18.066244,-1.590667,-0.231341,3.8880,18.132609,-1.695166,-0.235652,3.9004,0.1865,0.170657,0.404693,0.2124,18.132609,-1.695166,-0.164482,5.0000,-1.000000,2.000000,43896.0987,0,1,clay,1.0000,0.500000,0,0,0.000000,0.000000,0.000000,0,nan,0.00,0.388503,0.3145,0.0730,0.205129,-0.2404,0.47,4.93,5.86,11.31,-1.902667,-24.1325,-1.1120,0.008000,0.144945,-0.8405,-0.009812,0.170615,-0.103507,2149.96882602001,924.7050767956598,1436.610398936005,692.0934519663952,0.109162,0.025561,6431.9,6188.7,0.174503,0.049697,-1.000000,3.8985,1.0000,,,,,
6.4080,1778839085.005649,534,18.095858,-1.601278,-0.239557,3.8764,0.2802,0.186537,18.113008,-1.595666,-0.229114,3.8887,18.118610,-1.603996,-0.238565,3.8966,0.2071,0.175552,0.408078,0.1993,18.118610,-1.603996,-0.170406,5.0000,1.000000,1.500000,46867.5690,0,1,clay,1.0000,0.500000,0,0,0.000000,0.000000,0.000000,0,nan,0.00,0.411230,0.3123,0.0719,0.217129,-0.2224,0.46,5.50,6.41,8.74,-1.907666,-24.0049,-1.1113,0.008000,0.117470,-0.9737,-0.022247,0.191828,-0.084351,1658.6622155771104,724.9689354964925,1329.5414380414816,625.0152781991624,0.089446,0.022554,6431.6,6189.0,0.175024,0.037850,-1.000000,3.8942,1.0000,,,,,
6.4200,1778839085.017964,535,18.206975,-1.660826,-0.224106,3.9026,0.1775,0.185932,18.159852,-1.600528,-0.226888,3.8960,18.232103,-1.663373,-0.222973,3.8986,0.2094,0.184000,0.431531,0.2236,18.232103,-1.663373,-0.152126,5.0000,1.000000,1.000000,17193.1434,0,1,clay,1.0000,0.500000,0,0,0.000000,0.000000,0.000000,0,nan,0.00,0.433957,0.3101,0.0708,0.229129,-0.2104,0.47,5.46,6.39,5.22,-1.962028,-24.5117,-1.1040,0.008000,0.062262,0.1551,-0.021847,0.189052,-0.065861,1765.8406433235587,1202.603000116302,1262.1065755549293,668.5347978545008,0.100456,0.025148,6425.1,6195.4,0.186277,0.041158,1.000000,3.8958,1.0000,,,,,
6.4320,1778839085.029839,536,18.220593,-1.586636,-0.224332,3.8738,0.1418,0.181164,18.206725,-1.605371,-0.224721,3.8989,18.245544,-1.589181,-0.223183,3.8944,0.2032,0.188419,0.437286,0.2355,18.245544,-1.589181,-0.154597,5.0000,-1.000000,1.500000,40005.4432,0,1,clay,1.0000,0.500000,0,0,0.000000,0.000000,0.000000,0,nan,0.00,0.411230,0.3080,0.0696,0.217129,-0.1924,0.47,7.15,8.09,16.77,-1.966871,-24.3875,-1.1011,0.008000,0.136918,-0.0403,-0.030663,0.179899,-0.049290,1045.22514185605,922.4057213477023,1342.6440098871458,734.7581278522057,0.113618,0.028647,6422.8,6197.7,0.190254,0.036778,1.000000,3.8916,1.0000,,,,,
6.4440,1778839085.047108,537,18.180408,-1.584450,-0.227668,3.8756,0.1808,0.173681,18.253608,-1.610252,-0.222633,3.9005,18.218243,-1.588357,-0.225905,3.8929,0.2088,0.190724,0.460210,0.2074,18.218243,-1.588357,-0.157512,5.0000,1.000000,1.000000,36992.9588,0,1,clay,1.0000,0.500000,0,0,0.000000,0.000000,0.000000,0,nan,0.00,0.433957,0.3059,0.0682,0.229129,-0.1804,1.27,7.41,9.96,8.85,-1.971752,-24.2679,-1.0995,0.008000,0.081610,-0.9628,-0.016487,0.180064,-0.033476,1243.1835082553455,895.3111759277358,1310.8587607404124,717.6081843219474,0.101238,0.028897,6419.1,6201.5,0.196774,0.037667,-1.000000,3.8885,1.0000,,,,,
6.4560,1778839085.056427,538,18.288301,-1.660956,-0.218264,3.9756,0.0779,0.174748,18.300502,-1.614969,-0.220488,3.8971,18.329547,-1.664913,-0.216303,3.9101,0.2010,0.200013,0.452306,0.2397,18.329547,-1.664913,-0.153463,5.0000,1.000000,0.500000,33222.6858,0,1,clay,1.0000,0.500000,0,0,0.000000,0.000000,0.000000,0,nan,0.00,0.456685,0.3038,0.0669,0.241129,-0.1744,1.56,7.08,10.19,5.19,-1.976469,-24.1450,-1.1029,0.008000,0.168388,0.6078,0.008640,0.160284,-0.018140,1345.824926896983,1286.3721311782697,1366.2952815578076,855.6953791302866,0.118452,0.034138,6420.1,6200.5,0.195062,0.017533,1.000000,3.9054,1.0000,,,,,
6.4680,1778839085.065883,539,18.334381,-1.663838,-0.225643,3.9764,0.2454,0.181415,18.347415,-1.619491,-0.218297,3.8982,18.373270,-1.667676,-0.223773,3.9234,0.2161,0.203731,0.437198,0.2510,18.373270,-1.667676,-0.160760,5.0000,-1.000000,-0.000000,46154.8103,0,1,clay,1.0000,0.500000,0,0,0.000000,0.000000,0.000000,0,nan,0.00,0.433957,0.3018,0.0656,0.229129,-0.1744,1.41,7.42,10.23,9.34,-1.980991,-24.0195,-1.1018,0.008000,0.055085,-0.0182,0.002082,0.176752,-0.003026,1623.12775207489,994.9222772536679,1456.2349224684958,797.498926065833,0.125944,0.030629,6422.5,6198.1,0.190856,0.017849,1.000000,3.9191,1.0000,,,,,
6.4800,1778839085.078014,540,18.320356,-1.689940,-0.219799,3.9116,0.1738,0.179998,18.394362,-1.623945,-0.216145,3.9010,18.359452,-1.693627,-0.217937,3.9219,0.2095,0.197880,0.421363,0.2192,18.359452,-1.693627,-0.154256,5.0000,1.000000,-0.484540,14328.2397,0,1,clay,1.0000,0.500000,0,0,0.000000,0.000000,0.000000,0,nan,0.00,0.456685,0.2997,0.0644,0.241129,-0.1802,1.26,7.09,9.62,5.25,-2.037745,-24.5047,-1.0990,0.008000,0.183776,0.2416,-0.008040,0.176178,0.012123,1711.3611063146302,788.6509132615863,1447.7031466194799,817.7863996090716,0.113556,0.031319,6425.3,6195.3,0.186047,0.035118,-1.000000,3.9177,1.0000,,,,,
6.4920,1778839085.089924,541,18.427571,-1.580081,-0.217952,3.9472,0.2289,0.185286,18.441368,-1.628120,-0.213910,3.9015,18.464648,-1.583353,-0.216153,3.9272,0.2226,0.204905,0.405837,0.2505,18.464648,-1.583353,-0.146708,5.0000,1.000000,-0.984540,108307.2720,0,1,clay,1.0000,0.500000,0,0,0.000000,0.000000,0.000000,0,nan,0.00,0.479412,0.2977,0.0635,0.253129,-0.1920,1.16,7.29,9.60,8.41,-2.041920,-24.3767,-1.0985,0.008000,0.046007,-0.0528,-0.024127,0.186387,0.027579,1403.3175541837581,1134.2971510771067,1459.4920230649668,796.89757517377,0.122352,0.029548,6428.0,6192.5,0.181204,0.027417,1.000000,3.9234,1.0000,,,,,
6.5040,1778839085.101882,542,18.440135,-1.585560,-0.219833,3.8855,0.0907,0.189186,18.488417,-1.632095,-0.211636,3.9030,18.477108,-1.588973,-0.217999,3.9197,0.2097,0.209978,0.382582,0.2625,18.477108,-1.588973,-0.148149,5.0000,-1.000000,2.000000,71510.4745,4,1,clay,1.0000,0.500000,0,0,0.000000,0.000000,0.000000,0,nan,0.00,0.456685,0.2957,0.0623,0.241129,-0.1680,1.06,6.81,8.92,4.09,-2.045895,-24.2464,-1.0970,0.008000,0.176533,-0.0714,-0.024820,-0.011602,0.018973,2011.9753230470594,1289.2423970080333,1601.5719898273778,951.1803134878012,0.137842,0.035361,6432.7,6187.8,0.173011,0.039553,1.000000,3.9161,1.0000,,,,,
6.5160,1778839085.113839,543,18.546298,-1.585039,-0.199810,3.9479,0.1537,0.189922,18.535506,-1.635930,-0.209365,3.9039,18.580778,-1.587615,-0.198120,3.9260,0.1993,0.203830,0.434247,0.2324,18.580778,-1.587615,-0.127703,5.0000,-1.000000,2.000000,70426.4477,4,1,clay,1.0000,0.500000,0,0,0.000000,0.000000,0.000000,0,nan,0.00,0.433957,0.2938,0.0609,0.229129,-0.1440,0.97,6.21,8.14,2.79,-2.049730,-24.1163,-1.0961,0.008000,0.074069,1.2147,-0.015155,-0.020889,0.024479,1690.46167895398,1714.5618996011835,1566.690250595048,972.9220983791349,0.125888,0.036900,6426.4,6194.1,0.184015,0.023306,-1.000000,3.9222,1.0000,,,,,
6.5280,1778839085.125807,544,18.656221,-1.594376,-0.199105,3.9082,0.2363,0.194313,18.582616,-1.639555,-0.207061,3.9029,18.687760,-1.596632,-0.197561,3.9230,0.2060,0.201196,0.441680,0.2211,18.687760,-1.596632,-0.134547,5.0000,-1.000000,2.000000,68494.7061,4,1,clay,1.0000,0.500000,0,0,0.000000,0.000000,0.000000,0,nan,0.00,0.411230,0.2918,0.0593,0.217129,-0.1200,0.90,5.70,7.49,2.83,-2.053355,-23.9843,-1.0971,0.008000,0.111155,0.3133,-0.022236,-0.077913,-0.057436,1601.320286222917,1764.7400064117783,1473.8449660333597,909.7425653031275,0.109336,0.034508,6424.2,6196.4,0.187954,0.033807,-1.000000,3.9195,1.0000,,,,,
6.5400,1778839085.138003,545,18.563779,-1.737076,-0.209954,3.9855,0.1801,0.198580,18.629765,-1.642943,-0.204708,3.9043,18.592958,-1.739504,-0.208525,3.9356,0.2017,0.199639,0.457062,0.2097,18.592958,-1.739504,-0.149721,5.0000,-1.000000,2.000000,65924.5649,4,1,clay,1.0000,0.500000,0,0,0.000000,0.000000,0.000000,0,nan,0.00,0.388503,0.2901,0.0565,0.205129,-0.0960,0.84,5.29,6.97,2.96,-2.111743,-24.4040,-1.0957,0.008000,0.132502,-0.3216,-0.005812,-0.026748,-0.000178,1680.863140977167,1394.2640055668853,1412.9794456373215,939.2714159940758,0.096525,0.035574,6420.0,6200.6,0.195290,0.017670,-1.000000,3.9323,1.0000,,,,,
6.5520,1778839085.149873,546,18.731454,-1.582995,-0.197573,3.8997,0.2295,0.197744,18.676966,-1.646142,-0.202335,3.9058,18.758622,-1.584863,-0.196241,3.9291,0.2066,0.197953,0.465992,0.1983,18.758622,-1.584863,-0.133176,5.0000,-1.000000,2.000000,66643.1470,4,1,clay,1.0000,0.500000,0,0,0.000000,0.000000,0.000000,0,nan,0.00,0.365776,0.2885,0.0537,0.193129,-0.0720,0.79,4.95,6.54,3.03,-2.114942,-24.2680,-1.0942,0.008000,0.129519,0.5305,-0.012925,-0.006148,0.016588,1597.2437164804592,1449.0256934614504,1256.2230551866046,881.7704554605345,0.081034,0.034080,6417.4,6203.1,0.199680,0.039215,-1.000000,3.9260,1.0000,,,,,
6.5640,1778839085.161769,547,18.801485,-1.677502,-0.203471,3.8805,0.2988,0.194846,18.724218,-1.649199,-0.199978,3.9115,18.826914,-1.679281,-0.202226,3.9203,0.2225,0.195945,0.489769,0.1867,18.826914,-1.679281,-0.135830,5.0000,1.000000,1.939807,53004.1535,0,1,clay,1.0000,0.500000,0,0,0.000000,0.000000,0.000000,0,nan,0.00,0.388503,0.2871,0.0512,0.205129,-0.0488,0.75,5.92,7.42,11.43,-2.117999,-24.1330,-1.0885,0.008000,0.081568,-0.4108,-0.038117,-0.039533,-0.051514,1642.1263667391718,1067.0108186071816,1032.5476100175129,734.0332085434726,0.062949,0.029236,6411.2,6209.4,0.210557,0.042527,-1.000000,3.9172,1.0000,,,,,
6.5760,1778839085.173694,548,18.744840,-1.578964,-0.197388,3.8889,0.1736,0.191072,18.771519,-1.652238,-0.197666,3.9147,18.773598,-1.580793,-0.195960,3.9154,0.2217,0.201195,0.514984,0.2124,18.773598,-1.580793,-0.132703,5.0000,-1.000000,2.000000,18459.3182,0,1,clay,1.0000,0.500000,0,0,0.000000,0.000000,0.000000,0,nan,0.00,0.365776,0.2858,0.0487,0.193129,-0.0248,0.69,6.43,7.80,9.30,-2.121038,-24.0005,-1.0853,0.008000,0.125399,0.3444,-0.055419,-0.049774,-0.049879,1276.248549360943,583.4256923532823,992.0094468498372,747.067089696161,0.076464,0.031173,6405.1,6215.4,0.221134,0.037828,1.000000,3.9117,1.0000,,,,,
6.5880,1778839085.185893,549,18.797933,-1.694880,-0.195183,3.9781,0.2064,0.183648,18.818859,-1.655245,-0.195410,3.9185,18.828546,-1.696813,-0.193690,3.9286,0.2190,0.196049,0.526935,0.1854,18.828546,-1.696813,-0.134472,5.0000,1.000000,1.959932,53794.3682,0,1,clay,1.0000,0.500000,0,0,0.000000,0.000000,0.000000,0,nan,0.00,0.388503,0.2847,0.0464,0.205129,-0.0012,0.66,7.32,8.64,12.40,-2.124045,-23.8713,-1.0815,0.008000,0.054680,0.1700,-0.039430,0.012439,0.016037,950.9792720070732,1529.3009241620223,1001.149151545826,717.7456197605688,0.065227,0.030355,6402.4,6218.1,0.225822,0.015029,-1.000000,3.9246,1.0000,,,,,
6.6000,1778839085.198820,550,18.852634,-1.649758,-0.185074,3.8890,0.1967,0.187094,18.866223,-1.658190,-0.193191,3.9203,18.887829,-1.651554,-0.183331,3.9224,0.2252,0.202399,0.541125,0.2140,18.887829,-1.651554,-0.117396,5.0000,-1.000000,2.000000,21827.8014,0,1,clay,1.0000,0.500000,0,0,0.000000,0.000000,0.000000,0,nan,0.00,0.365776,0.2838,0.0441,0.193129,0.0228,0.79,7.55,9.14,8.85,-2.126990,-23.7441,-1.0797,0.008000,0.036490,0.6067,-0.050132,-0.049627,-0.044853,1100.2564144410374,1774.5609821338091,971.7448432900194,706.2135304500094,0.077489,0.030599,6399.3,6221.2,0.231216,0.034960,1.000000,3.9177,1.0000,,,,,
6.6120,1778839085.209868,551,18.855163,-1.672126,-0.199057,3.9338,0.3074,0.185413,18.913610,-1.660979,-0.190949,3.9211,18.890878,-1.674347,-0.197317,3.9257,0.2377,0.196229,0.550209,0.1841,18.890878,-1.674347,-0.130713,5.0000,1.000000,1.500000,9822.2206,0,1,clay,1.0000,0.500000,0,0,0.000000,0.000000,0.000000,0,nan,0.00,0.388503,0.2830,0.0420,0.205129,0.0408,0.74,7.30,8.78,5.87,-2.187179,-24.1344,-1.0789,0.008000,0.008723,-0.0409,-0.037160,0.222698,-0.008582,1156.9626365987942,2296.9770966312794,926.6601076011159,575.0622766267975,0.060738,0.025128,6397.2,6223.4,0.234957,0.020515,-1.000000,3.9208,1.0000,,,,,
6.6240,1778839085.221885,552,18.962653,-1.674616,-0.181062,3.9029,0.1596,0.193017,18.961026,-1.663566,-0.188662,3.9221,18.997122,-1.676170,-0.179354,3.9221,0.2318,0.202437,0.557266,0.2139,18.997122,-1.676170,-0.119553,5.0000,-1.000000,1.351718,11415.5488,0,1,clay,1.0000,0.500000,0,0,0.000000,0.000000,0.000000,0,nan,0.00,0.365776,0.2823,0.0400,0.193129,0.0570,0.71,7.82,9.24,10.77,-2.189766,-24.0033,-1.0779,0.008000,0.011488,0.0602,-0.052039,0.210490,0.028867,1205.6488754812103,1132.155476391709,949.9336185768876,652.2674740067574,0.075295,0.028690,6394.2,6226.4,0.240277,0.035198,1.000000,3.9173,1.0000,,,,,
6.6360,1778839085.233595,553,18.997893,-1.638867,-0.189062,3.9435,0.1845,0.179013,19.008463,-1.666272,-0.186533,3.9269,19.033956,-1.640906,-0.187313,3.9276,0.2229,0.195488,0.571957,0.1840,19.033956,-1.640906,-0.120714,5.0000,-1.000000,1.307059,76570.0312,0,1,clay,1.0000,0.500000,0,0,0.000000,0.000000,0.000000,0,nan,0.00,0.343048,0.2817,0.0381,0.181129,0.0727,0.65,9.17,10.48,16.83,-2.192472,-23.8813,-1.0731,0.008000,0.086541,-0.3510,-0.044742,0.205468,0.040778,875.6136351991997,883.697836391013,936.4483427589357,625.0840470282149,0.065488,0.029096,6390.2,6230.3,0.247095,0.028905,-1.000000,3.9224,1.0000,,,,,
6.6480,1778839085.250982,554,19.044971,-1.734960,-0.185459,3.9440,0.2213,0.182527,19.055963,-1.668834,-0.184369,3.9302,19.092470,-1.737466,-0.183182,3.9334,0.2259,0.192333,0.578497,0.1691,19.092470,-1.737466,-0.121368,5.0000,-1.000000,0.807059,78658.7498,0,1,clay,1.0000,0.500000,0,0,0.000000,0.000000,0.000000,0,nan,0.00,0.320321,0.2813,0.0363,0.169129,0.0823,1.41,8.98,11.81,7.91,-2.195034,-23.7574,-1.0698,0.008000,0.107097,0.5603,-0.054720,0.208527,0.053297,1167.7729862763717,1219.9513500076396,792.9564743639352,602.6730609410956,0.053204,0.027908,6389.4,6231.1,0.248503,0.026793,-1.000000,3.9266,1.0000,,,,,
6.6600,1778839085.259408,555,19.122745,-1.611607,-0.173236,3.9967,0.2180,0.186517,19.103505,-1.671200,-0.182139,3.9320,19.170460,-1.613606,-0.170982,3.9470,0.2235,0.188275,0.573317,0.1571,19.170460,-1.613606,-0.104550,5.0000,1.000000,1.307059,27746.3864,0,1,clay,1.0000,0.500000,0,0,0.000000,0.000000,0.000000,0,nan,0.00,0.343048,0.2810,0.0345,0.181129,0.0980,1.51,8.42,11.44,5.20,-2.197400,-23.6296,-1.0680,0.008000,0.056964,0.6381,-0.035565,0.210368,0.067542,981.2498635381569,1939.1996267431973,632.6927070479312,607.0416221771435,0.041152,0.027375,6389.2,6231.3,0.248862,0.017495,-1.000000,3.9402,1.0000,,,,,
6.6720,1778839085.269836,556,19.195072,-1.685964,-0.177338,3.8584,0.2236,0.195284,19.151101,-1.673313,-0.179818,3.9355,19.239151,-1.687831,-0.175195,3.9307,0.2322,0.197375,0.575813,0.1923,19.239151,-1.687831,-0.113678,5.0000,1.000000,1.752749,49530.9939,0,1,clay,1.0000,0.500000,0,0,0.000000,0.000000,0.000000,0,nan,0.00,0.365776,0.2838,0.0329,0.193129,0.1191,1.36,9.37,12.09,14.81,-2.259313,-24.0022,-1.0645,0.008000,0.033106,0.3033,-0.044933,-0.033641,-0.037937,1166.639201862924,2387.6894018258904,683.737616638059,612.3646108184998,0.051298,0.027595,6389.8,6230.7,0.247818,0.048789,1.000000,3.9243,1.0000,,,,,
6.6840,1778839085.285156,557,19.193534,-1.698591,-0.177204,4.0291,0.2670,0.184850,19.198725,-1.675505,-0.177619,3.9386,19.244732,-1.700551,-0.174691,3.9522,0.2481,0.203514,0.603832,0.2060,19.244732,-1.700551,-0.113133,5.0000,-1.000000,1.252749,50633.4209,0,1,clay,1.0000,0.500000,0,0,0.000000,0.000000,0.000000,0,nan,0.00,0.343048,0.2869,0.0313,0.181129,0.1341,1.74,9.56,13.04,10.62,-2.261505,-23.8762,-1.0614,0.008000,0.097963,-0.0781,-0.022306,-0.010396,-0.026733,972.1087467838454,366.13925718202086,774.5647029409114,525.2719913404472,0.061589,0.024539,6384.8,6235.8,0.256667,0.004885,1.000000,3.9446,1.0000,,,,,
6.6960,1778839085.296282,558,19.290683,-1.687892,-0.183367,3.9719,0.2641,0.178233,19.246360,-1.677794,-0.175541,3.9434,19.344188,-1.690347,-0.180818,3.9579,0.2461,0.192818,0.606034,0.1677,19.344188,-1.690347,-0.118934,5.0000,1.000000,1.752749,15081.5242,0,1,clay,1.0000,0.500000,0,0,0.000000,0.000000,0.000000,0,nan,0.00,0.365776,0.2905,0.0298,0.193129,0.1551,1.93,9.72,13.58,10.65,-2.263794,-23.7571,-1.0566,0.008000,0.073881,-0.5319,-0.031387,0.002052,-0.023046,845.926627255423,876.953551499478,692.1484178219278,436.2868129997205,0.048504,0.021747,6382.7,6237.8,0.260163,0.016348,-1.000000,3.9499,1.0000,,,,,
6.7080,1778839085.307453,559,19.250159,-1.700551,-0.168207,3.9411,0.2611,0.175668,19.294010,-1.679989,-0.173463,3.9397,19.304648,-1.702025,-0.165571,3.9561,0.2608,0.202264,0.593861,0.2068,19.304648,-1.702025,-0.103674,5.0000,-1.000000,2.000000,13273.6391,0,1,clay,1.0000,0.500000,0,0,0.000000,0.000000,0.000000,0,nan,0.00,0.343048,0.2946,0.0284,0.181129,0.1791,1.97,9.69,13.62,9.48,-2.265989,-23.6381,-1.0603,0.008000,0.045716,-0.2931,-0.028345,0.004996,-0.026066,442.9785696661186,326.8391368899779,744.0891987235113,397.7599181651361,0.059774,0.019464,6387.6,6232.9,0.251642,0.032656,1.000000,3.9482,1.0000,,,,,
6.7200,1778839085.317781,560,19.361524,-1.602372,-0.168765,3.9267,0.3013,0.169335,19.341666,-1.682124,-0.171439,3.9465,19.413998,-1.603871,-0.166314,3.9520,0.2608,0.189681,0.616661,0.1680,19.413998,-1.603871,-0.106118,5.0000,-1.000000,2.000000,11437.5236,0,1,clay,1.0000,0.500000,0,0,0.000000,0.000000,0.000000,0,nan,0.00,0.320321,0.2992,0.0270,0.169129,0.2031,1.74,9.74,13.22,10.04,-2.268124,-23.5221,-1.0535,0.008000,0.120949,0.5116,-0.036679,0.057398,0.023493,1152.4684784261808,1970.4663747255538,632.5722072694177,263.4785321987667,0.045639,0.015128,6382.5,6238.1,0.260650,0.038083,-1.000000,3.9440,1.0000,,,,,
6.7320,1778839085.330269,561,19.303258,-1.632076,-0.173067,4.0230,0.1596,0.167488,19.389354,-1.684166,-0.169410,3.9453,19.354510,-1.634114,-0.170739,3.9670,0.2423,0.183336,0.616333,0.1563,19.354510,-1.634114,-0.110370,5.0000,1.000000,1.500000,8912.7462,0,1,clay,1.0000,0.500000,0,0,0.000000,0.000000,0.000000,0,nan,0.00,0.343048,0.3041,0.0257,0.181129,0.2211,1.54,9.76,12.84,9.84,-2.332166,-23.8569,-1.0547,0.008000,0.107619,-0.7996,-0.018559,-0.000571,-0.030872,1461.3443636394693,1490.395115736551,544.6104154380316,342.8980929342312,0.039499,0.018342,6382.4,6238.2,0.260804,0.011619,-1.000000,3.9593,1.0000,,,,,
6.7440,1778839085.341730,562,19.396673,-1.730298,-0.171321,3.9251,0.2611,0.176772,19.437067,-1.685996,-0.167306,3.9458,19.446681,-1.732006,-0.169001,3.9603,0.2554,0.192491,0.617113,0.1937,19.446681,-1.732006,-0.112245,5.0000,1.000000,2.000000,7751.8095,0,1,clay,1.0000,0.500000,0,0,0.000000,0.000000,0.000000,0,nan,0.00,0.365776,0.3095,0.0245,0.193129,0.2451,1.39,9.76,12.54,9.80,-2.333996,-23.7364,-1.0542,0.008000,0.049808,0.0318,-0.032071,0.133801,0.016430,879.9541141490023,1621.4868824473187,607.7479947616396,308.8182381249172,0.050003,0.016822,6380.4,6240.1,0.264179,0.038893,1.000000,3.9527,1.0000,,,,,
6.7560,1778839085.353814,563,19.465987,-1.565151,-0.163288,4.0127,0.2988,0.174440,19.484785,-1.687861,-0.165298,3.9498,19.515126,-1.566266,-0.160994,3.9719,0.2690,0.196365,0.628022,0.2054,19.515126,-1.566266,-0.101378,5.0000,1.000000,2.000000,7718.3848,0,1,clay,1.0000,0.500000,0,0,0.000000,0.000000,0.000000,0,nan,0.00,0.388503,0.3154,0.0233,0.205129,0.2691,1.25,9.43,11.93,7.54,-2.335861,-23.6213,-1.0502,0.008000,0.192999,0.0379,-0.026976,0.031366,-0.010112,832.5808152160388,235.10301581226622,714.270381120321,234.12369784693576,0.059727,0.013494,6379.1,6241.4,0.266463,0.019123,1.000000,3.9643,1.0000,,,,,
6.7680,1778839085.365923,564,19.596348,-1.630905,-0.165684,3.9163,0.1726,0.150108,19.532509,-1.689955,-0.163470,3.9530,19.643139,-1.632256,-0.163526,3.9623,0.2597,0.195860,0.638113,0.2168,19.643139,-1.632256,-0.107889,5.0000,1.000000,2.000000,7554.4696,0,1,clay,1.0000,0.500000,0,0,0.000000,0.000000,0.000000,0,nan,0.00,0.411230,0.3216,0.0222,0.217129,0.2931,1.14,9.17,11.46,7.71,-2.337955,-23.5166,-1.0470,0.008000,0.028088,-0.7752,-0.049314,0.089448,0.062309,699.2305675830175,588.7039194682327,843.0145488854067,197.5521913375401,0.077205,0.015017,6376.3,6244.3,0.271404,0.042114,1.000000,3.9550,1.0000,,,,,
6.7800,1778839085.377847,565,19.580631,-1.550685,-0.159543,4.0490,0.3154,0.149139,19.580266,-1.692051,-0.161685,3.9569,19.625829,-1.551598,-0.157490,3.9804,0.2759,0.196292,0.649264,0.2284,19.625829,-1.551598,-0.097637,5.0000,1.000000,2.000000,7755.5732,0,1,clay,1.0000,0.500000,0,0,0.000000,0.000000,0.000000,0,nan,0.00,0.433957,0.3283,0.0211,0.229129,0.3171,1.04,8.91,11.00,7.42,-2.340051,-23.4143,-1.0431,0.008000,0.161523,-0.2341,-0.015046,0.010958,-0.047708,1162.80248504429,603.9835475860003,922.5061105361394,62.66274345724828,0.087661,0.009105,6373.2,6247.3,0.276731,0.008012,1.000000,3.9732,1.0000,,,,,
6.7920,1778839085.389859,566,19.640603,-1.628968,-0.152453,3.9703,0.3233,0.147967,19.628056,-1.694056,-0.159910,3.9578,19.684072,-1.629412,-0.150496,3.9797,0.2907,0.196596,0.664103,0.2400,19.684072,-1.629412,-0.094949,5.0000,1.000000,2.000000,7564.9774,0,1,clay,1.0000,0.500000,0,0,0.000000,0.000000,0.000000,0,nan,0.00,0.456685,0.3353,0.0201,0.241129,0.3411,0.96,8.65,10.57,7.19,-2.406056,-23.7236,-1.0422,0.008000,0.084052,0.1081,-0.039963,0.018294,-0.052779,1328.1377616042435,1634.3425945885128,982.8087819816843,-74.03906909902153,0.097645,0.003913,6369.3,6251.3,0.283667,0.035306,1.000000,3.9726,1.0000,,,,,
6.8040,1778839085.401838,567,19.743155,-1.797820,-0.167324,3.9160,0.1591,0.153025,19.675886,-1.695864,-0.158047,3.9597,19.784826,-1.799039,-0.165447,3.9685,0.2758,0.197514,0.666954,0.2515,19.784826,-1.799039,-0.111372,5.0000,1.000000,2.000000,7273.0275,0,1,clay,1.0000,0.500000,0,0,0.000000,0.000000,0.000000,0,nan,0.00,0.479412,0.3427,0.0191,0.253129,0.3651,0.88,8.46,10.22,7.38,-2.407864,-23.6169,-1.0403,0.008000,0.090562,-0.3316,-0.056826,0.062498,0.018643,1101.6365522833278,334.44882433121086,1106.7513128673354,16.896531310544773,0.115174,0.008170,6368.3,6252.2,0.285287,0.042672,1.000000,3.9617,1.0000,,,,,
6.8160,1778839085.413817,568,19.706374,-1.677412,-0.159815,4.0518,0.1417,0.159171,19.723739,-1.697495,-0.156139,3.9600,19.746907,-1.678472,-0.157986,3.9858,0.2615,0.199951,0.671348,0.2632,19.746907,-1.678472,-0.101012,5.0000,0.924103,2.000000,7531.3887,0,1,clay,1.0000,0.500000,0,0,0.000000,0.000000,0.000000,0,nan,0.00,0.500414,0.3504,0.0182,0.264219,0.3891,0.82,8.30,9.93,7.40,-2.409495,-23.5075,-1.0400,0.008000,0.032383,-0.8291,-0.036391,-0.020566,-0.047247,1792.4704824101946,1297.5062687670254,1241.8310870956384,139.19428861704833,0.132817,0.012897,6367.1,6253.5,0.287513,0.011715,1.000000,3.9791,1.0000,,,,,
6.8280,1778839085.425881,569,19.741361,-1.649072,-0.150114,3.8797,0.1967,0.158228,19.771615,-1.699042,-0.154236,3.9615,19.780706,-1.649723,-0.148324,3.9664,0.2590,0.201654,0.674912,0.2733,19.780706,-1.649723,-0.091565,5.0000,1.000000,2.000000,7538.5741,0,1,clay,1.0000,0.500000,0,0,0.000000,0.000000,0.000000,0,nan,0.00,0.523142,0.3584,0.0173,0.276219,0.4131,0.77,8.19,9.73,7.57,-2.411042,-23.3985,-1.0385,0.008000,0.079947,-0.1586,-0.053756,0.029573,0.017210,1673.3296281066912,1796.4585310390785,1321.2457120283043,138.9916247799012,0.144885,0.014056,6366.0,6254.5,0.289307,0.054746,0.924103,3.9599,1.0000,,,,,
6.8400,1778839085.437909,570,19.921352,-1.618766,-0.149096,3.9393,0.2764,0.159524,19.819526,-1.700404,-0.152331,3.9638,19.959869,-1.619228,-0.147330,3.9624,0.2711,0.204459,0.682258,0.2859,19.959869,-1.619228,-0.090103,5.0000,-1.000000,2.000000,7497.2445,0,1,clay,1.0000,0.500000,0,0,0.000000,0.000000,0.000000,0,nan,0.00,0.500414,0.3668,0.0165,0.264219,0.4371,0.72,8.08,9.53,7.44,-2.412404,-23.2893,-1.0362,0.008000,0.169704,0.1896,-0.072782,0.056838,0.028627,1640.6837209343876,207.11855870076624,1369.8408734011498,75.56041020867528,0.154080,0.011163,6364.1,6256.5,0.292730,0.041453,1.000000,3.9559,1.0000,,,,,
6.8520,1778839085.449928,571,19.912303,-1.650367,-0.153856,3.9780,0.2772,0.166038,19.867492,-1.701563,-0.150328,3.9672,19.950186,-1.650988,-0.152142,3.9667,0.2725,0.198228,0.694338,0.2547,19.950186,-1.650988,-0.094300,5.0000,-1.000000,2.000000,7490.6929,0,1,clay,1.0000,0.500000,0,0,0.000000,0.000000,0.000000,0,nan,0.00,0.477687,0.3754,0.0157,0.252219,0.4611,0.70,8.24,9.63,9.13,-2.413563,-23.1746,-1.0328,0.008000,0.113987,-0.2352,-0.061842,-0.007992,-0.052187,1710.7759042201842,513.8129686797284,1306.7947120294677,41.541074432669745,0.139509,0.009313,6360.9,6259.6,0.298213,0.031401,-1.000000,3.9602,1.0000,,,,,
6.8640,1778839085.461927,572,20.006765,-1.746727,-0.147859,3.9619,0.1464,0.173851,19.915491,-1.702361,-0.148159,3.9657,20.044978,-1.747293,-0.146126,3.9671,0.2539,0.196617,0.696940,0.2427,20.044978,-1.747293,-0.091684,5.0000,1.000000,2.000000,7241.8382,0,1,clay,1.0000,0.500000,0,0,0.000000,0.000000,0.000000,0,nan,0.00,0.500414,0.3844,0.0150,0.264219,0.4851,0.66,8.45,9.77,9.67,-2.480161,-23.4079,-1.0343,0.008000,0.196157,-0.3725,-0.074155,-0.129636,-0.161329,2063.7987372882826,834.5566162983733,1296.509267429022,174.1402761567526,0.131036,0.014872,6360.3,6260.3,0.299285,0.040203,-1.000000,3.9605,1.0000,,,,,
6.8760,1778839085.473773,573,19.974891,-1.720724,-0.135000,3.9478,0.2652,0.194032,19.963545,-1.702746,-0.145809,3.9677,20.013767,-1.720565,-0.133158,3.9647,0.2677,0.208111,0.699186,0.2739,20.013767,-1.720565,-0.079448,5.0000,0.471685,2.000000,7320.5687,0,1,clay,1.0000,0.500000,0,0,0.000000,0.000000,0.000000,0,nan,0.00,0.511134,0.3936,0.0142,0.269879,0.5091,0.63,8.29,9.56,7.39,-2.480546,-23.2732,-1.0323,0.008000,0.105889,0.5122,-0.068111,-0.158431,-0.214928,2000.479694139297,590.8893466716013,1328.3205491355543,232.48225544014,0.138529,0.015245,6359.8,6260.7,0.300132,0.045607,1.000000,3.9580,1.0000,,,,,
6.8880,1778839085.485891,574,20.022935,-1.597581,-0.144776,3.9803,0.2315,0.191772,20.011672,-1.703047,-0.143502,3.9743,20.061093,-1.597740,-0.142932,3.9690,0.2680,0.211560,0.710047,0.2744,20.061093,-1.597740,-0.085666,5.0000,-1.000000,2.000000,7439.3917,0,1,clay,1.0000,0.500000,0,0,0.000000,0.000000,0.000000,0,nan,0.00,0.488407,0.4030,0.0136,0.257879,0.5331,0.62,8.47,9.70,9.46,-2.480847,-23.1411,-1.0257,0.008000,0.041953,-0.3962,-0.082946,-0.119122,-0.125507,1714.4766050691744,296.6677995966958,1620.5057879884193,256.89786846968946,0.142554,0.016983,6357.0,6263.6,0.305098,0.036301,0.471685,3.9624,1.0000,,,,,
6.9000,1778839085.497847,575,19.996142,-1.743206,-0.139783,4.0055,0.2171,0.188153,20.059838,-1.703275,-0.141223,3.9782,20.034895,-1.743226,-0.137913,3.9776,0.2610,0.208310,0.724561,0.2482,20.034895,-1.743226,-0.083774,5.0000,1.000000,2.000000,7212.2672,0,1,clay,1.0000,0.500000,0,0,0.000000,0.000000,0.000000,0,nan,0.00,0.511134,0.4127,0.0129,0.269879,0.5571,0.60,8.37,9.57,7.85,-2.481075,-23.0105,-1.0218,0.008000,0.145485,-0.5126,-0.075416,-0.120942,-0.149762,2050.1716259937903,891.756742095146,1359.554792360033,273.8537029947963,0.130361,0.018759,6353.4,6267.2,0.311391,0.034067,-1.000000,3.9707,1.0000,,,,,
6.9120,1778839085.509786,576,20.051166,-1.672818,-0.131251,3.8999,0.2001,0.195204,20.108060,-1.703277,-0.138872,3.9804,20.089281,-1.672434,-0.129352,3.9639,0.2618,0.216949,0.735577,0.2794,20.089281,-1.672434,-0.076198,5.0000,-1.000000,2.000000,7224.7920,0,1,clay,1.0000,0.500000,0,0,0.000000,0.000000,0.000000,0,nan,0.00,0.488407,0.4226,0.0123,0.257879,0.5811,0.58,8.27,9.43,7.68,-2.481077,-22.8758,-1.0196,0.008000,0.190718,0.8276,-0.078220,-0.052305,-0.063211,1572.0232642001238,911.9816669459098,1312.5361163705634,325.0131993203216,0.141828,0.021707,6350.5,6270.1,0.316369,0.059300,1.000000,3.9570,1.0000,,,,,
6.9240,1778839085.521763,577,20.078962,-1.758358,-0.133270,3.9982,0.2538,0.193555,20.156329,-1.703187,-0.136544,3.9852,20.116540,-1.758052,-0.131410,3.9719,0.2607,0.212102,0.751998,0.2485,20.116540,-1.758052,-0.076461,5.0000,1.000000,2.000000,7178.2475,0,1,clay,1.0000,0.500000,0,0,0.000000,0.000000,0.000000,0,nan,0.00,0.511134,0.4328,0.0117,0.269879,0.6051,0.55,8.22,9.33,7.96,-2.548387,-23.0878,-1.0148,0.008000,0.102700,0.2705,-0.087971,-0.046080,-0.062463,1816.715474497219,816.5753063404525,1356.5544447836696,308.6509459377512,0.127557,0.021231,6346.3,6274.3,0.323755,0.039159,-1.000000,3.9650,1.0000,,,,,
6.9360,1778839085.533981,578,20.173431,-1.670524,-0.130566,4.0389,0.2674,0.198229,20.204648,-1.702844,-0.134138,3.9868,20.210973,-1.669968,-0.128664,3.9863,0.2729,0.220768,0.765667,0.2792,20.210973,-1.669968,-0.075158,5.0000,0.033477,2.000000,7180.6644,0,1,clay,1.0000,0.500000,0,0,0.000000,0.000000,0.000000,0,nan,0.00,0.511895,0.4431,0.0111,0.270281,0.6291,0.55,8.12,9.23,7.55,-2.548044,-22.9500,-1.0132,0.008000,0.021136,-0.1379,-0.054652,-0.037749,-0.062196,1889.9007759075334,1553.9161650902718,1289.6493122490892,307.055812604519,0.136986,0.020533,6342.8,6277.8,0.329832,0.031693,1.000000,3.9793,1.0000,,,,,
6.9480,1778839085.545624,579,20.206045,-1.806051,-0.128480,4.0956,0.3107,0.207613,20.253023,-1.702282,-0.131674,3.9913,20.243269,-1.805288,-0.126576,4.0088,0.2839,0.222639,0.775197,0.2706,20.243269,-1.805288,-0.075868,5.0000,-1.000000,2.000000,6876.0726,0,1,clay,1.0000,0.500000,0,0,0.000000,0.000000,0.000000,0,nan,0.00,0.489168,0.4537,0.0106,0.258281,0.6531,0.54,8.00,9.08,7.33,-2.547482,-22.8088,-1.0087,0.008000,0.243128,-0.0915,-0.028833,-0.081039,-0.118805,1741.7938329773474,692.3515655177157,2456.5022350138397,311.9618348637038,0.132927,0.018599,6340.3,6280.3,0.334159,0.022241,0.033477,4.0018,1.0000,,,,,
6.9600,1778839085.557806,580,20.237637,-1.730822,-0.130205,4.0284,0.3065,0.210898,20.301441,-1.701519,-0.129162,3.9940,20.274361,-1.730053,-0.128320,4.0140,0.2885,0.220616,0.788317,0.2492,20.274361,-1.730053,-0.073601,5.0000,-1.000000,2.000000,7088.7260,0,1,clay,1.0000,0.500000,0,0,0.000000,0.000000,0.000000,0,nan,0.00,0.466441,0.4644,0.0101,0.246281,0.6771,0.53,7.95,9.00,7.63,-2.546719,-22.6648,-1.0060,0.008000,0.138123,0.1211,-0.029154,-0.013181,-0.054796,1904.6709722448725,797.2523144801671,1390.0876854164449,279.61527106983056,0.116870,0.017584,6336.9,6283.7,0.340074,0.042577,-1.000000,4.0069,1.0000,,,,,
6.9720,1778839085.569805,581,20.367887,-1.747717,-0.136544,3.9622,0.2718,0.215940,20.349924,-1.700490,-0.126574,3.9982,20.404204,-1.747148,-0.134661,4.0053,0.2868,0.220170,0.792819,0.2373,20.404204,-1.747148,-0.084112,5.0000,1.000000,2.000000,6808.9533,0,1,clay,1.0000,0.500000,0,0,0.000000,0.000000,0.000000,0,nan,0.00,0.489168,0.4753,0.0096,0.258281,0.7011,0.51,7.86,8.88,7.36,-2.545690,-22.5166,-1.0018,0.008000,0.078008,-0.5776,-0.038482,-0.000244,-0.040868,1506.224748834064,1811.572084567978,1246.2590494881497,305.2571736913626,0.102417,0.018918,6335.7,6284.8,0.342135,0.060483,-1.000000,3.9983,1.0000,,,,,
6.9840,1778839085.581895,582,20.499949,-1.653009,-0.122686,4.0009,0.2942,0.215403,20.398468,-1.699318,-0.123996,4.0036,20.535914,-1.651803,-0.120772,4.0058,0.2971,0.228499,0.804124,0.2672,20.535914,-1.651803,-0.066057,5.0000,1.000000,2.000000,7013.9170,0,1,clay,1.0000,0.500000,0,0,0.000000,0.000000,0.000000,0,nan,0.00,0.511895,0.4864,0.0091,0.270281,0.7251,0.51,7.95,8.98,8.49,-2.613518,-22.6807,-0.9964,0.008000,0.104724,-0.5924,-0.035882,-0.012236,-0.050533,2044.8557981720344,1216.0893294154394,1103.727395262932,299.22196157176273,0.111679,0.018832,6332.8,6287.7,0.347206,0.056299,1.000000,3.9988,1.0000,,,,,
6.9960,1778839085.593862,583,20.373040,-1.683364,-0.124393,3.9934,0.2629,0.203530,20.447072,-1.698246,-0.121570,4.0102,20.409337,-1.682171,-0.122442,4.0052,0.2994,0.232366,0.841674,0.2792,20.409337,-1.682171,-0.067829,5.0000,1.000000,2.000000,7053.7194,0,1,clay,1.0000,0.500000,0,0,0.000000,0.000000,0.000000,0,nan,0.00,0.534623,0.4976,0.0087,0.282281,0.7491,0.51,7.90,8.91,7.59,-2.612446,-22.5416,-0.9898,0.008000,0.126353,-0.1499,-0.042287,-0.080057,-0.128333,1185.377130484586,1607.7784959335754,1136.9452720333302,220.58583847852285,0.123798,0.019300,6323.4,6297.2,0.363713,0.061465,1.000000,3.9978,1.0000,,,,,
7.0080,1778839085.605843,584,20.530097,-1.659140,-0.113532,4.0227,0.2598,0.206637,20.495745,-1.697035,-0.119105,4.0165,20.566163,-1.657534,-0.111573,4.0101,0.3009,0.236256,0.849507,0.2912,20.566163,-1.657534,-0.061950,5.0000,-0.324220,2.000000,6758.8667,0,1,clay,1.0000,0.500000,0,0,0.000000,0.000000,0.000000,0,nan,0.00,0.527254,0.5090,0.0083,0.278390,0.7731,0.50,7.89,8.89,7.84,-2.611235,-22.4004,-0.9835,0.008000,0.122482,0.2034,-0.047489,-0.000621,-0.037167,1384.4996603332756,266.35109813661154,1245.7257562582508,249.1896367571908,0.136011,0.020057,6321.3,6299.2,0.367229,0.057585,1.000000,4.0026,1.0000,,,,,
7.0200,1778839085.617779,585,20.537774,-1.695399,-0.110756,4.0011,0.2221,0.212605,20.544494,-1.695602,-0.116574,4.0230,20.573725,-1.693772,-0.108799,4.0098,0.2907,0.234758,0.858521,0.2755,20.573725,-1.693772,-0.058489,5.0000,-1.000000,2.000000,6760.6629,0,1,clay,1.0000,0.500000,0,0,0.000000,0.000000,0.000000,0,nan,0.00,0.504527,0.5205,0.0079,0.266390,0.7971,0.49,7.86,8.85,7.70,-2.609802,-22.2554,-0.9770,0.008000,0.057258,-0.1775,-0.035171,-0.053610,-0.086543,2023.965916590203,1125.6500612562556,2267.138273449197,319.42373425990854,0.133478,0.023004,6319.0,6301.5,0.371231,0.066242,-0.324220,4.0023,1.0000,,,,,
7.0320,1778839085.629824,586,20.568560,-1.705310,-0.109779,3.9516,0.1723,0.219304,20.593323,-1.693876,-0.113955,4.0280,20.604262,-1.703795,-0.107828,4.0001,0.2722,0.232381,0.868706,0.2576,20.604262,-1.703795,-0.057063,5.0000,1.000000,2.000000,6714.3589,0,1,clay,1.0000,0.500000,0,0,0.000000,0.000000,0.000000,0,nan,0.00,0.527254,0.5322,0.0075,0.278390,0.8211,0.49,7.91,8.89,8.19,-2.608076,-22.1054,-0.9720,0.008000,0.067619,0.0241,-0.054639,-0.026697,-0.038963,1871.7597418342202,1321.319477658522,1406.4927832949456,428.36066081132833,0.124090,0.028409,6316.4,6304.1,0.375759,0.079869,-1.000000,3.9925,1.0000,,,,,
7.0440,1778839085.641876,587,20.609702,-1.656868,-0.115832,4.1046,0.2640,0.222945,20.642226,-1.691888,-0.111282,4.0335,20.645777,-1.655451,-0.113824,4.0219,0.2816,0.240982,0.882347,0.2873,20.645777,-1.655451,-0.063953,5.0000,1.000000,2.000000,6753.4312,0,1,clay,1.0000,0.500000,0,0,0.000000,0.000000,0.000000,0,nan,0.00,0.549981,0.5440,0.0072,0.290390,0.8451,0.48,7.80,8.77,7.19,-2.676388,-22.2130,-0.9665,0.008000,0.005329,-0.5297,-0.048706,-0.047187,-0.054249,2101.2146399534363,1449.9583343383226,1290.804280146669,482.213616574037,0.134622,0.028427,6313.0,6307.6,0.381748,0.037835,1.000000,4.0142,1.0000,,,,,
7.0560,1778839085.653854,588,20.621116,-1.738012,-0.108844,4.0701,0.2275,0.217601,20.691224,-1.689850,-0.108690,4.0443,20.656835,-1.736352,-0.106836,4.0328,0.2811,0.245114,0.902103,0.2992,20.656835,-1.736352,-0.055606,5.0000,0.599267,2.000000,6676.4147,0,1,clay,1.0000,0.500000,0,0,0.000000,0.000000,0.000000,0,nan,0.00,0.563601,0.5559,0.0068,0.297581,0.8691,0.48,7.70,8.67,7.14,-2.674350,-22.0645,-0.9557,0.008000,0.061462,-0.2596,-0.061334,-0.231906,-0.256242,1774.1997315367107,1043.516676017028,1366.2231925019755,458.44356176223397,0.147331,0.029803,6308.0,6312.6,0.390567,0.065499,1.000000,4.0250,1.0000,,,,,
7.0680,1778839085.665929,589,20.663526,-1.744378,-0.108167,3.9491,0.2475,0.209332,20.740281,-1.687756,-0.106142,4.0491,20.698791,-1.742680,-0.106175,4.0182,0.2830,0.245741,0.916800,0.3028,20.698791,-1.742680,-0.054438,5.0000,-1.000000,2.000000,6635.1813,0,1,clay,1.0000,0.500000,0,0,0.000000,0.000000,0.000000,0,nan,0.00,0.540874,0.5679,0.0065,0.285581,0.8931,0.49,7.64,8.62,7.27,-2.672256,-21.9185,-0.9509,0.008000,0.032063,-0.1094,-0.082507,-0.146463,-0.070823,1419.3764107259653,1149.1160322062692,1737.5174350862249,356.8853221120751,0.153952,0.029445,6304.2,6316.4,0.397128,0.089621,0.599267,4.0103,1.0000,,,,,
7.0800,1778839085.677738,590,20.808604,-1.744499,-0.105398,4.0825,0.2631,0.212838,20.789409,-1.685519,-0.103560,4.0539,20.843675,-1.742750,-0.103443,4.0322,0.2814,0.240670,0.926670,0.2770,20.843675,-1.742750,-0.051127,5.0000,-1.000000,2.000000,6586.1636,0,1,clay,1.0000,0.500000,0,0,0.000000,0.000000,0.000000,0,nan,0.00,0.518146,0.5801,0.0062,0.273581,0.9171,0.49,7.61,8.58,7.42,-2.670019,-21.7705,-0.9461,0.008000,0.006691,0.4151,-0.060317,-0.042562,-0.050596,1776.42021471101,804.4579328875187,1538.4800558177608,387.4467821183254,0.141401,0.028505,6301.6,6318.9,0.401553,0.056133,-1.000000,4.0243,1.0000,,,,,
7.0920,1778839085.689924,591,20.827542,-1.663284,-0.102551,4.0285,0.1937,0.224678,20.838564,-1.682951,-0.100847,4.0549,20.862438,-1.661535,-0.100601,4.0332,0.2692,0.239197,0.953676,0.2650,20.862438,-1.661535,-0.049676,5.0000,-1.000000,2.000000,6570.9799,0,1,clay,1.0000,0.500000,0,0,0.000000,0.000000,0.000000,0,nan,0.00,0.495419,0.5923,0.0059,0.261581,0.9411,0.48,7.59,8.56,7.52,-2.667451,-21.6151,-0.9451,0.008000,0.117625,-0.2652,-0.061169,-0.220656,-0.227886,2163.5663411290175,1235.1965049555515,1480.4759338803535,474.5920983391369,0.130967,0.032126,6294.8,6325.8,0.413513,0.076313,-1.000000,4.0251,1.0000,,,,,
7.1040,1778839085.701828,592,20.892385,-1.682389,-0.097108,4.0146,0.2432,0.227590,20.887775,-1.680129,-0.098096,4.0583,20.927194,-1.680447,-0.095156,4.0311,0.2672,0.237904,0.946152,0.2530,20.927194,-1.680447,-0.043551,5.0000,-1.000000,-1.710143,68093.3034,4,1,clay,1.0000,0.500000,0,0,0.000000,0.000000,0.000000,0,nan,0.00,0.472692,0.6036,0.0056,0.249581,0.9206,0.48,7.08,8.05,4.18,-2.736129,-21.6956,-0.9417,0.008000,0.078019,0.1202,-0.066331,-0.171756,-0.108265,2076.7488104557733,1682.1593405639505,1336.4675944532046,507.0431353722688,0.117585,0.032930,6296.7,6323.9,0.410204,0.086688,-1.000000,4.0231,1.0000,,,,,
7.1160,1778839085.713765,593,20.934204,-1.688539,-0.097686,4.0836,0.2699,0.227882,20.937084,-1.677142,-0.095345,4.0688,20.966959,-1.686721,-0.095857,4.0420,0.2683,0.235606,0.894541,0.2416,20.966959,-1.686721,-0.044058,5.0000,-1.000000,-1.210143,24517.1959,0,1,clay,1.0000,0.500000,0,0,0.000000,0.000000,0.000000,0,nan,0.00,0.449964,0.6140,0.0053,0.237581,0.9061,0.47,7.57,8.52,10.36,-2.733142,-21.5380,-0.9312,0.008000,0.065845,-0.5580,-0.060247,-0.093727,-0.083512,1971.787936099066,1298.6753362184854,1198.3347474283453,541.7207979710565,0.103671,0.032214,6301.9,6318.6,0.401036,0.063877,-1.000000,4.0348,1.0000,,,,,
7.1280,1778839085.726761,594,21.011930,-1.688992,-0.098957,4.0856,0.1281,0.225485,20.986487,-1.674071,-0.092616,4.0792,21.046807,-1.687298,-0.097015,4.0522,0.2470,0.234193,0.879883,0.2290,21.046807,-1.687298,-0.044902,5.0000,-1.000000,-1.500000,20598.3745,0,1,clay,1.0000,0.500000,0,0,0.000000,0.000000,0.000000,0,nan,0.00,0.427237,0.6235,0.0051,0.225581,0.8881,0.48,7.85,8.81,9.43,-2.730071,-21.3817,-0.9208,0.008000,0.036481,-0.7812,-0.051094,-0.077647,-0.042910,1617.761948200396,1410.6563443144141,1123.4733703456563,667.982909504454,0.096972,0.038216,6306.5,6314.0,0.393060,0.066526,-1.000000,4.0446,1.0000,,,,,
7.1400,1778839085.737761,595,20.977520,-1.694058,-0.086251,4.1181,0.2215,0.233101,21.035983,-1.670803,-0.089832,4.0856,21.013656,-1.691858,-0.084237,4.0664,0.2446,0.233326,0.852164,0.2168,21.013656,-1.691858,-0.032457,5.0000,1.000000,-1.892279,21273.1434,0,1,clay,1.0000,0.500000,0,0,0.000000,0.000000,0.000000,0,nan,0.00,0.449964,0.6321,0.0048,0.237581,0.8654,0.48,7.43,8.40,5.05,-2.726803,-21.2222,-0.9144,0.008000,0.033409,-0.0952,-0.028125,-0.104637,-0.084678,1299.3036037032846,1187.90837479528,1017.276452342852,768.2122784750209,0.084509,0.039142,6312.8,6307.8,0.382101,0.058254,-1.000000,4.0588,1.0000,,,,,
7.1520,1778839085.749716,596,21.011188,-1.664694,-0.087481,4.0784,0.2627,0.233503,21.085566,-1.667384,-0.087014,4.0937,21.045645,-1.662515,-0.085529,4.0696,0.2556,0.240169,0.824847,0.2460,21.045645,-1.662515,-0.034137,5.0000,-1.000000,-2.000000,16533.7307,0,1,clay,1.0000,0.500000,0,0,0.000000,0.000000,0.000000,0,nan,0.00,0.427237,0.6397,0.0046,0.225581,0.8414,0.48,7.73,8.70,9.45,-2.723384,-21.0607,-0.9063,0.008000,0.051580,0.1286,-0.047553,-0.144228,-0.126366,1323.104449776643,840.1343772732644,912.7175485051459,765.7067586148767,0.093920,0.038031,6319.0,6301.5,0.371215,0.068489,1.000000,4.0626,1.0000,,,,,
7.1640,1778839085.761972,597,21.152504,-1.682390,-0.082412,4.0723,0.3453,0.232291,21.135252,-1.663912,-0.084233,4.1042,21.188273,-1.679793,-0.080394,4.0714,0.2710,0.236209,0.786467,0.2169,21.188273,-1.679793,-0.027993,5.0000,1.000000,-1.972040,10245.9949,0,1,clay,1.0000,0.500000,0,0,0.000000,0.000000,0.000000,0,nan,0.00,0.449964,0.6465,0.0044,0.237581,0.8177,0.49,7.62,8.60,6.98,-2.792412,-21.0865,-0.8958,0.008000,0.092171,-0.0050,-0.058549,-0.085905,-0.069542,1016.5627376533687,685.8049050626373,965.1430385884553,698.7548631874022,0.076035,0.033118,6328.4,6292.2,0.354947,0.070305,-1.000000,4.0645,1.0000,,,,,
7.1760,1778839085.773875,598,21.161525,-1.718497,-0.089165,4.2360,0.2640,0.229645,21.185037,-1.660383,-0.081483,4.1143,21.197121,-1.716117,-0.087146,4.1043,0.2781,0.242736,0.764496,0.2462,21.197121,-1.716117,-0.034417,5.0000,-1.000000,-2.000000,9656.5195,0,1,clay,1.0000,0.500000,0,0,0.000000,0.000000,0.000000,0,nan,0.00,0.427237,0.6523,0.0042,0.225581,0.7937,0.49,7.95,8.92,9.81,-2.788883,-20.9290,-0.8857,0.008000,0.055613,-0.4334,-0.012204,-0.084476,-0.087420,1328.8513002899253,847.9759604985575,929.9477777818903,760.4605498448148,0.088422,0.032557,6334.1,6286.5,0.345037,0.039073,1.000000,4.0977,1.0000,,,,,
7.1880,1778839085.785773,599,21.305383,-1.665760,-0.080980,4.0823,0.2545,0.229509,21.234912,-1.656749,-0.078721,4.1221,21.342277,-1.663029,-0.078901,4.1014,0.2735,0.237680,0.737935,0.2167,21.342277,-1.663029,-0.026361,5.0000,-1.000000,-1.500000,7099.4127,0,1,clay,1.0000,0.500000,0,0,0.000000,0.000000,0.000000,0,nan,0.00,0.404510,0.6574,0.0040,0.213581,0.7757,0.49,8.32,9.29,10.41,-2.785249,-20.7707,-0.8779,0.008000,0.074965,-0.0919,-0.030141,-0.045678,-0.038267,1047.422109612849,950.3977238545328,1033.9842080928263,749.4704788328713,0.076116,0.032783,6340.6,6280.0,0.333703,0.076525,-1.000000,4.0947,1.0000,,,,,
7.2000,1778839085.797796,600,21.261852,-1.625727,-0.074017,4.1857,0.2488,0.231703,21.284872,-1.652977,-0.075948,4.1300,21.300356,-1.622662,-0.071863,4.1191,0.2702,0.235351,0.721062,0.2043,21.300356,-1.622662,-0.020511,5.0000,-1.000000,-1.000000,7040.6828,0,1,clay,1.0000,0.500000,0,0,0.000000,0.000000,0.000000,0,nan,0.00,0.381783,0.6619,0.0038,0.201581,0.7637,0.48,8.19,9.14,7.44,-2.781477,-20.6119,-0.8700,0.008000,0.014635,0.1527,-0.016232,-0.019831,-0.020874,1150.7047955092294,1192.1018843573693,920.1881228744651,827.7505840053345,0.064690,0.033251,6345.8,6274.7,0.324519,0.054281,-1.000000,4.1123,1.0000,,,,,
7.2120,1778839085.810051,601,21.286318,-1.583063,-0.072693,4.1394,0.2595,0.230204,21.334920,-1.649103,-0.073187,4.1383,21.324427,-1.580013,-0.070577,4.1241,0.2679,0.232205,0.711800,0.1924,21.324427,-1.580013,-0.019919,5.0000,-1.000000,-0.111103,65201.4191,4,1,clay,1.0000,0.500000,0,0,0.000000,0.000000,0.000000,0,nan,0.00,0.359055,0.6662,0.0036,0.189581,0.7624,0.49,8.42,9.41,9.76,-2.777603,-20.4537,-0.8617,0.008000,0.145998,0.1830,-0.008124,0.254484,0.035917,1142.973298774568,1340.2757377493945,741.2210466003864,823.4254200769415,0.052444,0.033072,6349.4,6271.2,0.318335,0.065793,-1.000000,4.1176,1.0000,,,,,
7.2240,1778839085.821756,602,21.499116,-1.556142,-0.073240,4.1489,0.2008,0.229318,21.385047,-1.645155,-0.070444,4.1455,21.538233,-1.553170,-0.071087,4.1303,0.2560,0.228835,0.714273,0.1802,21.538233,-1.553170,-0.019852,5.0000,-1.000000,0.374047,22623.3703,0,1,clay,1.0000,0.500000,0,0,0.000000,0.000000,0.000000,0,nan,0.00,0.336328,0.6704,0.0034,0.177581,0.7669,0.49,8.60,9.59,9.64,-2.846955,-20.4594,-0.8545,0.008000,0.162350,-0.0541,-0.007831,0.007190,0.022005,1345.9979065559035,1101.3980493693016,605.6009185160518,887.2456232413917,0.043072,0.035594,6350.8,6269.8,0.315839,0.062879,-1.000000,4.1236,1.0000,,,,,
7.2360,1778839085.833926,603,21.448503,-1.669447,-0.073141,4.1902,0.2599,0.231429,21.435233,-1.641025,-0.067638,4.1498,21.488490,-1.666431,-0.070959,4.1432,0.2556,0.225796,0.705762,0.1680,21.488490,-1.666431,-0.018150,5.0000,1.000000,-0.125953,10721.7183,0,1,clay,1.0000,0.500000,0,0,0.000000,0.000000,0.000000,0,nan,0.00,0.359055,0.6744,0.0033,0.189581,0.7654,0.49,8.52,9.50,8.07,-2.842825,-20.2986,-0.8502,0.008000,0.008796,0.0261,-0.003638,0.036167,0.042456,1391.7201848877758,1475.3628030791153,441.44846491466143,914.9821985329975,0.030604,0.034959,6354.1,6266.4,0.310038,0.053277,-1.000000,4.1365,1.0000,,,,,
7.2480,1778839085.845801,604,21.501939,-1.638916,-0.065399,4.1076,0.2684,0.248865,21.485490,-1.636565,-0.064676,4.1554,21.541515,-1.635461,-0.063177,4.1375,0.2649,0.235172,0.690791,0.1991,21.541515,-1.635461,-0.010615,5.0000,-1.000000,0.050693,19282.7236,0,1,clay,1.0000,0.500000,0,0,0.000000,0.000000,0.000000,0,nan,0.00,0.336328,0.6782,0.0031,0.177581,0.7660,0.49,8.38,9.35,7.55,-2.838365,-20.1289,-0.8446,0.008000,0.082155,-0.2575,-0.020712,0.027502,0.030466,1014.2321569719024,1185.401280454524,398.4781044847841,990.5635696030729,0.040004,0.035579,6356.7,6263.8,0.305538,0.076475,1.000000,4.1309,1.0000,,,,,
7.2600,1778839085.857975,605,21.604136,-1.556138,-0.053308,4.1492,0.2855,0.239223,21.535806,-1.632026,-0.061759,4.1650,21.643129,-1.552258,-0.051135,4.1410,0.2647,0.229728,0.699724,0.1682,21.643129,-1.552258,0.000373,5.0000,-1.000000,-0.125266,62542.1824,4,1,clay,1.0000,0.500000,0,0,0.000000,0.000000,0.000000,0,nan,0.00,0.313601,0.6817,0.0030,0.165581,0.7645,0.49,7.74,8.72,4.12,-2.833826,-19.9618,-0.8350,0.008000,0.166886,0.4700,-0.017648,-0.000050,0.000743,713.3245828989498,1512.094960100773,388.3568963074874,929.08059716762,0.026113,0.034439,6354.9,6265.7,0.308744,0.064971,-1.000000,4.1345,1.0000,,,,,
7.2720,1778839085.869872,606,21.550235,-1.617266,-0.054306,4.0741,0.3007,0.229912,21.586208,-1.627589,-0.058982,4.1726,21.586390,-1.613672,-0.052306,4.1289,0.2685,0.226054,0.700004,0.1569,21.586390,-1.613672,0.000137,5.0000,-1.000000,-0.030937,62995.9263,4,1,clay,1.0000,0.500000,0,0,0.000000,0.000000,0.000000,0,nan,0.00,0.290874,0.6851,0.0028,0.153581,0.7641,0.48,7.00,7.96,2.80,-2.829389,-19.8026,-0.8274,0.008000,0.057985,0.1413,-0.027311,0.021534,0.025000,344.60273392688845,1248.8994557787582,129.18626033711647,810.7187513927421,0.012045,0.032181,6354.4,6266.2,0.309559,0.084955,-1.000000,4.1228,1.0000,,,,,
7.2840,1778839085.881923,607,21.655980,-1.634593,-0.054343,4.2651,0.2707,0.222750,21.636670,-1.623276,-0.056328,4.1805,21.689267,-1.631363,-0.052537,4.1559,0.2666,0.222332,0.694665,0.1456,21.689267,-1.631363,0.000430,5.0000,-1.000000,-0.193486,61304.5127,4,1,clay,1.0000,0.500000,0,0,0.000000,0.000000,0.000000,0,nan,0.00,0.268146,0.6883,0.0027,0.141581,0.7618,0.48,6.37,7.33,2.81,-2.899076,-19.7636,-0.8195,0.008000,0.067638,0.4887,-0.030457,-0.012072,-0.011689,-21.09624745238746,1132.087337600127,-13.19494631665728,820.309222400084,0.001618,0.030910,6356.0,6264.6,0.306829,0.045947,-1.000000,4.1503,1.0000,,,,,
7.2960,1778839085.893899,608,21.707123,-1.611369,-0.056446,4.1936,0.2333,0.218684,21.687207,-1.619041,-0.053742,4.1888,21.737836,-1.608558,-0.054807,4.1638,0.2584,0.218286,0.689240,0.1342,21.737836,-1.608558,-0.002064,5.0000,-1.000000,-0.202493,60675.9274,4,1,clay,1.0000,0.500000,0,0,0.000000,0.000000,0.000000,0,nan,0.00,0.245419,0.6912,0.0025,0.129581,0.7593,0.48,5.86,6.82,2.97,-2.894841,-19.6154,-0.8112,0.008000,0.052799,-0.0752,-0.016469,0.034661,0.046845,-27.805280179509523,1004.5730234159969,-161.55607040684546,807.2256578530299,-0.007625,0.031412,6357.1,6263.5,0.304951,0.065374,-1.000000,4.1587,1.0000,,,,,
7.3080,1778839085.905859,609,21.686692,-1.612539,-0.042985,4.2614,0.2127,0.212288,21.737826,-1.614838,-0.051189,4.1975,21.715392,-1.609653,-0.041484,4.1833,0.2479,0.213846,0.685876,0.1228,21.715392,-1.609653,0.010827,5.0000,-1.000000,-0.324865,61317.4041,4,1,clay,1.0000,0.500000,0,0,0.000000,0.000000,0.000000,0,nan,0.00,0.222692,0.6939,0.0024,0.117581,0.7554,0.48,5.41,6.38,2.86,-2.890638,-19.4692,-0.8025,0.008000,0.037989,0.3061,-0.012614,0.027593,0.042776,150.6427879470871,1058.2385333712705,-272.4576140792195,828.0893838690188,-0.015558,0.032163,6357.9,6262.6,0.303450,0.048488,-1.000000,4.1786,1.0000,,,,,
7.3200,1778839085.917840,610,21.831257,-1.656246,-0.055249,4.1989,0.1051,0.209297,21.788526,-1.610654,-0.048667,4.2050,21.858100,-1.654100,-0.053873,4.1868,0.2202,0.209384,0.676446,0.1112,21.858100,-1.654100,0.000001,5.0000,-1.000000,-0.259129,58746.3059,4,1,clay,1.0000,0.500000,0,0,0.000000,0.000000,0.000000,0,nan,0.00,0.199964,0.6964,0.0023,0.105581,0.7523,0.48,5.06,6.02,3.05,-2.886454,-19.3247,-0.7950,0.008000,0.099903,0.2036,-0.012805,0.222957,0.104767,172.00903446323633,999.5637385145225,-336.2455848769862,941.3570930249797,-0.019607,0.037595,6360.1,6260.4,0.299591,0.061132,-1.000000,4.1825,1.0000,,,,,
7.3320,1778839085.929877,611,21.856293,-1.558655,-0.047892,4.1866,0.1801,0.223137,21.839313,-1.606296,-0.046057,4.2117,21.881654,-1.556502,-0.046595,4.1876,0.2107,0.207778,0.702548,0.0996,21.881654,-1.556502,0.005646,5.0000,-1.000000,-0.525896,59437.7509,4,1,clay,1.0000,0.500000,0,0,0.000000,0.000000,0.000000,0,nan,0.00,0.177237,0.6986,0.0022,0.093581,0.7460,0.49,4.72,5.69,2.81,-2.882096,-19.1752,-0.7883,0.008000,0.105441,0.0178,-0.018461,0.012524,0.061250,-4.803856438775654,721.1690003702106,-438.0934987902657,1013.9344372595771,-0.029678,0.039619,6353.6,6266.9,0.310890,0.066403,-1.000000,4.1833,1.0000,,,,,
7.3440,1778839085.941813,612,21.857757,-1.668969,-0.044694,4.2033,0.1675,0.232202,21.890140,-1.601685,-0.043307,4.2159,21.881735,-1.666907,-0.043463,4.1910,0.2005,0.207873,0.676531,0.0879,21.881735,-1.666907,0.010625,5.0000,-1.000000,-0.293677,58865.0016,4,1,clay,1.0000,0.500000,0,0,0.000000,0.000000,0.000000,0,nan,0.00,0.154510,0.7007,0.0021,0.081581,0.7425,0.49,4.44,5.42,2.89,-2.951885,-19.0983,-0.7841,0.008000,0.059173,0.2112,-0.026642,0.020475,0.079313,-300.0816629280001,1223.988699789306,-549.658826729049,1154.7503184883508,-0.040108,0.042511,6359.9,6260.7,0.300036,0.067509,-1.000000,4.1872,1.0000,,,,,
7.3560,1778839085.953783,613,21.919662,-1.478108,-0.035925,4.2159,0.1519,0.212672,21.941026,-1.597542,-0.040878,4.2252,21.942429,-1.476035,-0.034772,4.1964,0.1893,0.204580,0.683043,0.0762,21.942429,-1.476035,0.016196,5.0000,-0.427442,-0.401900,59717.1336,4,1,clay,1.0000,0.500000,0,0,0.000000,0.000000,0.000000,0,nan,0.00,0.144795,0.7025,0.0020,0.076452,0.7377,0.48,4.23,5.19,3.00,-2.947742,-18.9591,-0.7748,0.008000,0.125787,0.2140,-0.013822,-0.044183,0.015069,-1300.4855261171756,966.5014212269996,-693.8644723211621,1109.4217019573746,-0.048646,0.043997,6358.6,6262.0,0.302290,0.067045,-1.000000,4.1927,1.0000,,,,,
7.3680,1778839085.965995,614,21.979077,-1.625106,-0.048460,4.2338,0.2017,0.182603,21.991963,-1.593701,-0.038644,4.2313,22.001090,-1.623439,-0.047386,4.2042,0.1902,0.198026,0.668880,0.0742,22.001090,-1.623439,0.006439,5.0000,0.357111,-0.322271,57182.6447,4,1,clay,1.0000,0.500000,0,0,0.000000,0.000000,0.000000,0,nan,0.00,0.152912,0.7041,0.0019,0.080737,0.7338,0.49,4.05,5.04,3.04,-2.943901,-18.8311,-0.7687,0.008000,0.098951,-0.4124,-0.010283,0.196424,0.115807,-1009.5488930535709,1128.2916189200992,-871.7064824416922,932.8562484781692,-0.050971,0.040499,6362.0,6258.5,0.296260,0.062832,-0.427442,4.2007,1.0000,,,,,
7.3800,1778839085.977824,615,22.115239,-1.616631,-0.032046,4.2636,0.2550,0.185528,22.042980,-1.589943,-0.036445,4.2403,22.136500,-1.614655,-0.031032,4.2162,0.2020,0.194894,0.668177,0.0825,22.136500,-1.614655,0.023063,5.0000,0.033747,-0.411562,56469.5544,4,1,clay,1.0000,0.500000,0,0,0.000000,0.000000,0.000000,0,nan,0.00,0.153678,0.7055,0.0018,0.081142,0.7289,0.49,3.89,4.87,3.00,-2.940143,-18.7051,-0.7597,0.008000,0.111172,0.5865,0.013998,0.207770,0.108684,-482.94792219985135,912.8816814087058,-905.3715703077088,835.7715246514081,-0.046882,0.035419,6362.3,6258.2,0.295740,0.051621,0.357111,4.2129,1.0000,,,,,
7.3920,1778839085.989869,616,22.035053,-1.512237,-0.030574,4.2433,0.1546,0.181902,22.094090,-1.586173,-0.034252,4.2485,22.055732,-1.510373,-0.029611,4.2220,0.1926,0.190654,0.660439,0.0813,22.055732,-1.510373,0.022194,5.0000,-1.000000,0.088438,24172.1945,0,1,clay,1.0000,0.500000,0,0,0.000000,0.000000,0.000000,0,nan,0.00,0.130951,0.7069,0.0017,0.069142,0.7299,0.50,4.92,5.92,10.78,-2.936373,-18.5795,-0.7515,0.008000,0.160532,0.6746,-0.006570,0.197469,0.101812,-375.1070132738173,1193.364949604031,-900.8346078916547,838.14316578747,-0.041954,0.035692,6364.2,6256.4,0.292496,0.052536,0.033747,4.2188,1.0000,,,,,
7.4040,1778839086.001570,617,22.252095,-1.682751,-0.035073,4.3082,0.0518,0.177025,22.145283,-1.582488,-0.032145,4.2563,22.276997,-1.680866,-0.033963,4.2399,0.1633,0.181013,0.660932,0.0633,22.276997,-1.680866,0.021721,5.0000,-1.000000,-0.411562,15719.2735,0,1,clay,1.0000,0.500000,0,0,0.000000,0.000000,0.000000,0,nan,0.00,0.108224,0.7081,0.0016,0.057142,0.7250,0.47,5.67,6.60,9.87,-3.007488,-18.5282,-0.7437,0.008000,0.104867,0.5484,0.003378,0.169267,0.096906,-445.80101889261437,920.8896738723478,-683.7739296371436,952.4808540949957,-0.044977,0.040115,6364.7,6255.8,0.291597,0.035982,-1.000000,4.2361,1.0000,,,,,
7.4160,1778839086.013815,618,22.180439,-1.545963,-0.035241,4.2687,0.0863,0.164994,22.196545,-1.579010,-0.030177,4.2627,22.208531,-1.544042,-0.034045,4.2467,0.1458,0.170944,0.656176,0.0505,22.208531,-1.544042,0.018868,5.0000,1.000000,-0.911143,11164.6009,0,1,clay,1.0000,0.500000,0,0,0.000000,0.000000,0.000000,0,nan,0.00,0.130951,0.7089,0.0016,0.069142,0.7141,0.47,5.63,6.56,5.43,-3.004010,-18.4154,-0.7373,0.008000,0.090729,-0.2224,-0.009461,0.153217,0.090793,-409.8227539291817,964.1177458661971,-755.4879834942241,933.9598019602338,-0.050664,0.041222,6365.1,6255.5,0.290925,0.050278,-1.000000,4.2424,1.0000,,,,,
7.4280,1778839086.025864,619,22.248131,-1.617965,-0.030959,4.3411,0.0785,0.161564,22.247875,-1.575612,-0.028265,4.2698,22.276200,-1.616053,-0.029791,4.2657,0.1364,0.170250,0.636717,0.0757,22.276200,-1.616053,0.024430,5.0000,1.000000,-1.411142,7330.8127,0,1,clay,1.0000,0.500000,0,0,0.000000,0.000000,0.000000,0,nan,0.00,0.153678,0.7093,0.0015,0.081142,0.6971,0.47,6.41,7.34,10.80,-3.000612,-18.3058,-0.7302,0.008000,0.068537,0.7150,0.007023,0.138751,0.081793,-287.9617150180351,1148.042577503396,-705.3137382872958,991.5778776516966,-0.032646,0.042064,6369.2,6251.4,0.283776,0.031516,1.000000,4.2615,1.0000,,,,,
7.4400,1778839086.037708,620,22.272771,-1.633887,-0.029018,4.1879,0.1058,0.158047,22.299263,-1.572188,-0.026349,4.2754,22.304012,-1.631773,-0.027746,4.2518,0.1332,0.166972,0.613349,0.0885,22.304012,-1.631773,0.027037,5.0000,1.000000,-0.911142,6719.5738,0,1,clay,1.0000,0.500000,0,0,0.000000,0.000000,0.000000,0,nan,0.00,0.176406,0.7094,0.0014,0.093142,0.6862,0.46,7.00,7.93,10.36,-2.997188,-18.1961,-0.7246,0.008000,0.066948,0.4270,-0.010557,0.132368,0.079450,-304.8846727029368,1068.8101827938133,-491.06246708429313,966.519441635322,-0.017478,0.041522,6374.0,6246.6,0.275386,0.066628,1.000000,4.2473,1.0000,,,,,
7.4520,1778839086.049769,621,22.438095,-1.579892,-0.020530,4.2718,0.2749,0.146508,22.350720,-1.568957,-0.024567,4.2826,22.471943,-1.577157,-0.019191,4.2567,0.1609,0.163984,0.592233,0.1011,22.471943,-1.577157,0.035381,5.0000,-1.000000,-0.411142,5902.5693,0,1,clay,1.0000,0.500000,0,0,0.000000,0.000000,0.000000,0,nan,0.00,0.153678,0.7093,0.0013,0.081142,0.6813,0.47,7.24,8.19,8.63,-2.993957,-18.0940,-0.7174,0.008000,0.168128,0.7131,-0.006692,0.159961,0.069216,-488.6806159700539,1230.288147147003,-358.74514022946755,742.9066934002119,-0.009338,0.032338,6380.1,6240.4,0.264687,0.048756,1.000000,4.2520,1.0000,,,,,
7.4640,1778839086.061848,622,22.344686,-1.520107,-0.025336,4.3483,0.1076,0.138542,22.402238,-1.565935,-0.022925,4.2881,22.379728,-1.517668,-0.024026,4.2755,0.1473,0.153046,0.589816,0.0730,22.379728,-1.517668,0.028884,5.0000,-1.000000,0.088858,23569.0657,0,1,clay,1.0000,0.500000,0,0,0.000000,0.000000,0.000000,0,nan,0.00,0.130951,0.7093,0.0013,0.069142,0.6823,0.47,7.97,8.91,12.10,-3.065935,-18.0202,-0.7119,0.008000,0.037807,-0.0262,0.005916,0.149818,0.068270,-566.0526996852126,1101.311908576708,-354.8574255074554,731.2373376977912,-0.016001,0.031819,6381.7,6238.8,0.261911,0.031892,-1.000000,4.2707,1.0000,,,,,
7.4760,1778839086.074478,623,22.477447,-1.547959,-0.025989,4.2342,0.0216,0.133666,22.453824,-1.562919,-0.021307,4.2950,22.516494,-1.545608,-0.024604,4.2690,0.1222,0.142820,0.594145,0.0600,22.516494,-1.545608,0.029557,5.0000,-1.000000,-0.411142,23900.7790,0,1,clay,1.0000,0.500000,0,0,0.000000,0.000000,0.000000,0,nan,0.00,0.108224,0.7092,0.0012,0.057142,0.6774,0.58,8.16,9.32,9.22,-3.062919,-17.9275,-0.7050,0.008000,0.107860,0.6263,-0.007483,0.125002,0.056055,-411.7350490186999,1184.0320094419603,-407.90422057617127,785.8243466259876,-0.019987,0.035087,6381.7,6238.9,0.261978,0.057441,-1.000000,4.2636,1.0000,,,,,
7.4880,1778839086.085950,624,22.481796,-1.416847,-0.012019,4.3282,0.1346,0.130520,22.505473,-1.559937,-0.019723,4.3006,22.521596,-1.414006,-0.010676,4.2815,0.1207,0.134644,0.582841,0.0478,22.521596,-1.414006,0.041007,5.0000,1.000000,-0.911142,16165.0108,0,1,clay,1.0000,0.500000,0,0,0.000000,0.000000,0.000000,0,nan,0.00,0.130951,0.7088,0.0012,0.069142,0.6665,0.57,7.71,8.85,5.18,-3.059937,-17.8367,-0.6994,0.008000,0.226756,0.4850,-0.006941,0.126853,0.049388,-236.38891744518895,1132.812974742656,-532.3708263560455,727.418721758338,-0.029997,0.032219,6383.4,6237.2,0.259033,0.038077,-1.000000,4.2761,1.0000,,,,,
7.5000,1778839086.097825,625,22.609096,-1.528188,-0.015109,4.3043,0.1180,0.122706,22.557185,-1.557025,-0.018215,4.3061,22.646976,-1.525633,-0.013853,4.2865,0.1251,0.136709,0.558599,0.0780,22.646976,-1.525633,0.040319,5.0000,-1.000000,-1.411142,24218.9630,0,1,clay,1.0000,0.500000,0,0,0.000000,0.000000,0.000000,0,nan,0.00,0.108224,0.7080,0.0011,0.057142,0.6495,0.56,8.17,9.29,10.78,-3.057025,-17.7503,-0.6939,0.008000,0.141018,-0.2614,-0.006471,0.031499,0.086214,-249.07654805760768,1074.9726027749934,-453.9395168987236,681.1528121107019,-0.015189,0.030096,6388.5,6232.1,0.250195,0.044376,1.000000,4.2816,1.0000,,,,,
7.5120,1778839086.109761,626,22.563335,-1.518514,-0.008345,4.2868,0.1128,0.120632,22.608954,-1.554246,-0.016797,4.3117,22.603030,-1.515725,-0.007101,4.2876,0.1175,0.125795,0.535878,0.0479,22.603030,-1.515725,0.046606,5.0000,-1.000000,-0.911142,8768.9661,0,1,clay,1.0000,0.500000,0,0,0.000000,0.000000,0.000000,0,nan,0.00,0.085497,0.7069,0.0011,0.045142,0.6386,0.54,8.31,9.40,9.10,-3.054246,-17.6691,-0.6883,0.008000,0.191088,0.4307,-0.023458,0.041096,0.060094,-377.40668108967094,1013.0711164069123,-485.5277952795999,659.6702624586217,-0.024615,0.028482,6392.9,6227.6,0.242378,0.047733,-1.000000,4.2826,1.0000,,,,,
7.5240,1778839086.122462,627,22.579075,-1.573949,-0.012926,4.2470,0.0344,0.111030,22.660782,-1.551538,-0.015435,4.3176,22.619217,-1.571586,-0.011737,4.2807,0.0994,0.117146,0.527728,0.0358,22.619217,-1.571586,0.043123,5.0000,-1.000000,-0.411142,6995.6977,0,1,clay,1.0000,0.500000,0,0,0.000000,0.000000,0.000000,0,nan,0.00,0.062769,0.7058,0.0010,0.033142,0.6337,0.53,8.51,9.58,9.65,-3.126538,-17.5666,-0.6824,0.008000,0.079315,0.2306,-0.036655,0.033850,0.070768,-282.5760773116924,1015.8045796086736,-569.836374124271,690.2046162896667,-0.030462,0.030038,6396.2,6224.4,0.236783,0.057519,-1.000000,4.2757,1.0000,,,,,
7.5360,1778839086.133778,628,22.743464,-1.528819,-0.013257,4.3535,0.1282,0.117291,22.712649,-1.548723,-0.014040,4.3197,22.784556,-1.526483,-0.012095,4.2958,0.0999,0.110392,0.525837,0.0236,22.784556,-1.526483,0.042654,5.0000,1.000000,0.088858,6906.5314,0,1,clay,1.0000,0.500000,0,0,0.000000,0.000000,0.000000,0,nan,0.00,0.085497,0.7048,0.0010,0.045142,0.6347,0.53,8.59,9.65,9.06,-3.123723,-17.4866,-0.6803,0.008000,0.071445,-0.0281,-0.038619,-0.007430,0.006800,-356.9893540426185,1104.9101094497707,-708.6882045803662,659.2678016129867,-0.041802,0.027397,6397.8,6222.8,0.233913,0.036923,-1.000000,4.2908,1.0000,,,,,
7.5480,1778839086.146042,629,22.738813,-1.521874,-0.014739,4.3632,0.0621,0.106986,22.764570,-1.545882,-0.012664,4.3247,22.780381,-1.519664,-0.013582,4.3098,0.0980,0.113070,0.519072,0.0548,22.780381,-1.519664,0.040875,5.0000,-1.000000,0.588858,6194.6404,0,1,clay,1.0000,0.500000,0,0,0.000000,0.000000,0.000000,0,nan,0.00,0.062769,0.7039,0.0009,0.033142,0.6418,0.52,8.56,9.61,8.40,-3.120882,-17.4078,-0.6753,0.008000,0.082368,-0.2114,-0.008337,-0.032482,-0.004930,-356.2261904723762,979.1360288854924,-630.056682349436,657.5799555723165,-0.025550,0.027450,6400.7,6219.8,0.228811,0.033850,1.000000,4.3048,1.0000,,,,,
7.5600,1778839086.157940,630,22.825792,-1.572155,-0.022363,4.3085,0.0865,0.100215,22.816551,-1.543241,-0.011421,4.3319,22.867148,-1.570440,-0.021285,4.3106,0.0897,0.102396,0.534647,0.0236,22.867148,-1.570440,0.034519,5.0000,1.000000,1.024462,7586.9085,0,1,clay,1.0000,0.500000,0,0,0.000000,0.000000,0.000000,0,nan,0.00,0.085497,0.7035,0.0009,0.045142,0.6541,0.51,8.35,9.38,7.16,-3.118241,-17.3365,-0.6681,0.008000,0.078086,-1.1213,-0.010450,-0.020413,0.021273,-627.1407346728422,926.4073434270667,-634.8309225645485,579.9173665947083,-0.034913,0.025943,6398.0,6222.6,0.233573,0.046171,-1.000000,4.3055,1.0000,,,,,
7.5720,1778839086.169896,631,22.865567,-1.524512,0.000721,4.2263,0.1188,0.097789,22.868585,-1.540718,-0.010258,4.3351,22.905823,-1.521860,0.001763,4.2953,0.0993,0.105471,0.547878,0.0545,22.905823,-1.521860,0.056908,5.0000,-1.000000,1.026841,7142.9962,0,1,clay,1.0000,0.500000,0,0,0.000000,0.000000,0.000000,0,nan,0.00,0.062769,0.7033,0.0008,0.033142,0.6664,0.51,8.32,9.35,8.16,-3.115718,-17.2699,-0.6649,0.008000,0.067643,0.5410,-0.044297,0.072038,0.113150,-681.4524567187816,677.0379927439753,-583.988083928625,476.19188063692275,-0.022307,0.023177,6395.6,6224.9,0.237666,0.067186,1.000000,4.2902,1.0000,,,,,
7.5840,1778839086.181766,632,22.898556,-1.487198,-0.000292,4.3508,0.0824,0.087624,22.920682,-1.538346,-0.009191,4.3418,22.938698,-1.484775,0.000671,4.3071,0.0904,0.094707,0.558854,0.0238,22.938698,-1.484775,0.055223,5.0000,1.000000,1.526841,5833.6927,0,1,clay,1.0000,0.500000,0,0,0.000000,0.000000,0.000000,0,nan,0.00,0.085497,0.7037,0.0008,0.045142,0.6847,0.50,8.36,9.36,8.57,-3.188146,-17.1604,-0.6582,0.008000,0.056531,0.5747,-0.026509,0.053484,0.050339,-482.9603897600394,862.4568164581035,-573.9457512167291,404.65224163989353,-0.031086,0.021670,6392.9,6227.7,0.242526,0.041730,-1.000000,4.3019,1.0000,,,,,
7.5960,1778839086.194047,633,22.877656,-1.484410,-0.004175,4.3965,0.1389,0.093188,22.972842,-1.535913,-0.008085,4.3476,22.918113,-1.482048,-0.003212,4.3255,0.1032,0.098393,0.576785,0.0545,22.918113,-1.482048,0.051009,5.0000,-1.000000,1.846549,5724.1080,0,1,clay,1.0000,0.500000,0,0,0.000000,0.000000,0.000000,0,nan,0.00,0.062769,0.7046,0.0007,0.033142,0.7069,0.50,8.40,9.39,8.61,-3.185713,-17.0971,-0.6524,0.008000,0.122944,-0.3990,-0.019601,-0.005296,-0.005535,-238.35337877172537,675.3857126402706,-536.1796651449862,317.4127835158205,-0.019293,0.018312,6389.5,6231.1,0.248364,0.029228,1.000000,4.3202,1.0000,,,,,
7.6080,1778839086.205897,634,23.107659,-1.522374,-0.005224,4.3433,0.0284,0.087342,23.025075,-1.533551,-0.007039,4.3538,23.148289,-1.520301,-0.004319,4.3302,0.0844,0.088767,0.600825,0.0238,23.148289,-1.520301,0.051628,5.0000,-1.000000,2.000000,5277.9235,0,1,clay,1.0000,0.500000,0,0,0.000000,0.000000,0.000000,0,nan,0.00,0.040042,0.7060,0.0007,0.021142,0.7309,0.49,8.30,9.29,7.75,-3.183351,-17.0371,-0.6462,0.008000,0.040309,-0.2889,-0.017691,-0.009308,0.011191,-143.21248486673858,528.6203626550723,-483.77445573709986,314.0629043093238,-0.026270,0.020159,6384.2,6236.4,0.257633,0.043305,-1.000000,4.3247,1.0000,,,,,
7.6200,1778839086.217901,635,23.103631,-1.481053,-0.008043,4.3884,0.0914,0.091484,23.077364,-1.531098,-0.005942,4.3582,23.143943,-1.479189,-0.007184,4.3427,0.0814,0.083571,0.617380,0.0119,23.143943,-1.479189,0.047932,5.0000,-0.550806,2.000000,5097.9689,0,1,clay,1.0000,0.500000,0,0,0.000000,0.000000,0.000000,0,nan,0.00,0.027524,0.7080,0.0007,0.014533,0.7549,0.49,8.21,9.19,7.66,-3.180898,-16.9742,-0.6418,0.008000,0.071913,-0.7747,-0.004150,0.038447,0.062499,-86.26395256503373,1066.3186413770395,-597.1121588423116,278.92476349716776,-0.037209,0.019107,6380.3,6240.2,0.264396,0.033898,-1.000000,4.3370,1.0000,,,,,
7.6320,1778839086.229820,636,23.045497,-1.536654,-0.008107,4.2570,0.0276,0.090650,23.129695,-1.528612,-0.004839,4.3613,23.085188,-1.534964,-0.007282,4.3272,0.0696,0.080687,0.631390,0.0095,23.085188,-1.534964,0.048667,5.0000,0.884889,2.000000,5145.1685,0,1,clay,1.0000,0.500000,0,0,0.000000,0.000000,0.000000,0,nan,0.00,0.047635,0.7105,0.0006,0.025151,0.7789,0.48,8.30,9.27,8.84,-3.252912,-16.8135,-0.6387,0.008000,0.011608,-0.4632,-0.011913,0.048430,0.069562,-289.65925538152,605.2267949174679,-812.6821881492831,291.68404972760135,-0.040397,0.021164,6376.7,6243.9,0.270679,0.066705,-0.550806,4.3215,1.0000,,,,,
7.6440,1778839086.241780,637,23.150519,-1.575364,-0.005226,4.2418,0.0488,0.086181,23.182072,-1.526275,-0.003845,4.3643,23.190439,-1.573575,-0.004395,4.3120,0.0691,0.083533,0.647843,0.0333,23.190439,-1.573575,0.052881,5.0000,-1.000000,2.000000,5065.3900,0,1,clay,1.0000,0.500000,0,0,0.000000,0.000000,0.000000,0,nan,0.00,0.024908,0.7135,0.0006,0.013151,0.8029,0.48,8.19,9.15,7.55,-3.250575,-16.7566,-0.6357,0.008000,0.095558,-0.2389,-0.042281,0.035350,0.058613,-563.9628418574778,429.9173502550662,-635.5786454452227,255.1610184972815,-0.027664,0.021556,6372.6,6248.0,0.277867,0.071435,0.884889,4.3061,1.0000,,,,,
7.6560,1778839086.253747,638,23.151470,-1.536669,0.009740,4.4119,0.0951,0.069569,23.234484,-1.524223,-0.003029,4.3685,23.190974,-1.534406,0.010494,4.3326,0.0676,0.073651,0.667982,0.0040,23.190974,-1.534406,0.066700,5.0000,-1.000000,2.000000,5094.9988,0,1,clay,1.0000,0.500000,0,0,0.000000,0.000000,0.000000,0,nan,0.00,0.002180,0.7169,0.0006,0.001151,0.8269,0.47,8.53,9.48,10.50,-3.248523,-16.7099,-0.6315,0.008000,0.071544,0.6884,-0.035120,-0.006287,0.000029,-545.98006662343,766.5333235734237,-538.7500759952034,111.08096226035678,-0.038448,0.018364,6367.4,6253.1,0.286877,0.039122,-1.000000,4.3266,1.0000,,,,,
7.6680,1778839086.265728,639,23.317155,-1.471958,0.004730,4.3868,0.1010,0.075551,23.286924,-1.522113,-0.002163,4.3709,23.358186,-1.469869,0.005464,4.3446,0.0681,0.067144,0.680181,-0.0083,23.358186,-1.469869,0.061315,5.0000,-1.000000,2.000000,4969.1048,0,1,clay,1.0000,0.500000,0,0,0.000000,0.000000,0.000000,0,nan,0.00,-0.020547,0.7208,0.0006,-0.010849,0.8509,0.46,8.75,9.67,9.95,-3.246413,-16.6602,-0.6291,0.008000,0.084515,0.9039,-0.025851,0.063579,0.079059,-567.610278171722,525.8217746090025,-660.9071235644433,55.88877492955771,-0.050216,0.016026,6364.5,6256.1,0.291977,0.043571,-1.000000,4.3382,1.0000,,,,,
7.6800,1778839086.277846,640,23.383543,-1.484096,-0.002006,4.3601,-0.0030,0.075604,23.339428,-1.519947,-0.001254,4.3778,23.425578,-1.482476,-0.001297,4.3490,0.0503,0.061061,0.689981,-0.0205,23.425578,-1.482476,0.055104,5.0000,-1.000000,2.000000,4902.3744,0,1,clay,1.0000,0.500000,0,0,0.000000,0.000000,0.000000,0,nan,0.00,-0.043274,0.7251,0.0005,-0.022849,0.8749,0.46,8.53,9.46,7.31,-3.244247,-16.6082,-0.6222,0.008000,0.048975,-0.8203,-0.007594,-0.026919,-0.019838,-469.3173376556639,464.0579032041383,-732.1961991865419,99.82944398227063,-0.057470,0.018802,6362.1,6258.4,0.296111,0.048597,-1.000000,4.3425,1.0000,,,,,
7.6920,1778839086.289764,641,23.328532,-1.555444,-0.005773,4.3585,0.0987,0.076878,23.391972,-1.517729,-0.000316,4.3801,23.369608,-1.554021,-0.005110,4.3521,0.0530,0.056730,0.702408,-0.0323,23.369608,-1.554021,0.052211,5.0000,0.445491,2.000000,4888.5564,0,1,clay,1.0000,0.500000,0,0,0.000000,0.000000,0.000000,0,nan,0.00,-0.033149,0.7298,0.0005,-0.017503,0.8989,0.46,8.39,9.30,7.57,-3.315929,-16.4243,-0.6199,0.008000,0.103472,-0.9118,-0.017395,0.060227,0.083977,-363.5271009656575,998.1402986506675,-867.9108627476942,33.630781158280456,-0.070261,0.016610,6358.9,6261.7,0.301800,0.048053,-1.000000,4.3456,1.0000,,,,,
7.7040,1778839086.301811,642,23.389332,-1.468641,0.006181,4.4464,0.1027,0.070060,23.444566,-1.515690,0.000501,4.3844,23.429959,-1.466699,0.006828,4.3716,0.0619,0.058706,0.713402,-0.0134,23.429959,-1.466699,0.062624,5.0000,-1.000000,2.000000,4888.3819,0,1,clay,1.0000,0.500000,0,0,0.000000,0.000000,0.000000,0,nan,0.00,-0.055877,0.7349,0.0005,-0.029503,0.9229,0.46,8.25,9.16,7.45,-3.313890,-16.3775,-0.6156,0.008000,0.040441,-0.0256,-0.018139,-0.015866,-0.024444,-998.9417710799338,574.4715142603144,-988.841517831553,-49.27493538643602,-0.065063,0.014090,6356.0,6264.6,0.306778,0.032262,0.445491,4.3651,1.0000,,,,,
7.7160,1778839086.313916,643,23.418588,-1.465897,0.003608,4.3984,0.0172,0.056506,23.497202,-1.514010,0.001102,4.3862,23.458784,-1.464300,0.004186,4.3781,0.0469,0.049675,0.728202,-0.0387,23.458784,-1.464300,0.060029,5.0000,-1.000000,2.000000,4850.3298,0,1,clay,1.0000,0.500000,0,0,0.000000,0.000000,0.000000,0,nan,0.00,-0.078604,0.7403,0.0005,-0.041503,0.9469,0.47,8.10,9.04,7.25,-3.312210,-16.3431,-0.6138,0.008000,0.166346,-0.0544,-0.018794,0.042962,0.061232,-1027.7537659404074,37.37063284952073,-834.5522688948269,-97.57755467097809,-0.072548,0.014862,6352.2,6268.4,0.313413,0.037373,-1.000000,4.3715,1.0000,,,,,
7.7280,1778839086.325831,644,23.514049,-1.599159,0.001482,4.4363,0.0679,0.053955,23.549875,-1.512389,0.001709,4.3916,23.553720,-1.597760,0.002001,4.3907,0.0446,0.043265,0.738150,-0.0505,23.553720,-1.597760,0.060362,5.0000,0.684852,2.000000,4695.0564,0,1,clay,1.0000,0.500000,0,0,0.000000,0.000000,0.000000,0,nan,0.00,-0.063039,0.7461,0.0004,-0.033285,0.9709,0.47,7.97,8.92,7.28,-3.310589,-16.3083,-0.6084,0.008000,0.152403,0.0177,-0.020344,0.062162,0.065765,-1052.732402464796,741.7994030119894,-945.5456579406065,-150.89062537086897,-0.082907,0.013025,6349.6,6271.0,0.317935,0.030174,-1.000000,4.3841,1.0000,,,,,
7.7400,1778839086.338017,645,23.595315,-1.494833,0.002708,4.4012,0.0715,0.053810,23.602614,-1.510749,0.002346,4.3966,23.634491,-1.493395,0.003211,4.3940,0.0499,0.045379,0.748920,-0.0272,23.634491,-1.493395,0.060182,5.0000,-1.000000,2.000000,4681.7256,0,1,clay,1.0000,0.500000,0,0,0.000000,0.000000,0.000000,0,nan,0.00,-0.085766,0.7522,0.0004,-0.045285,0.9949,0.47,7.87,8.82,7.28,-3.308949,-16.2718,-0.6034,0.008000,0.080906,0.1101,-0.003004,0.041039,0.027691,-1174.6635453392191,635.0801642539066,-1022.3110022624242,-196.6804837153296,-0.073582,0.011400,6346.8,6273.7,0.322796,0.039609,0.684852,4.3874,1.0000,,,,,
7.7520,1778839086.350003,646,23.605984,-1.545851,0.007061,4.5086,-0.0196,0.038345,23.655416,-1.509353,0.002840,4.4018,23.644979,-1.544523,0.007492,4.4176,0.0304,0.035424,0.773839,-0.0541,23.644979,-1.544523,0.065009,5.0000,-1.000000,2.000000,4619.8267,0,1,clay,1.0000,0.500000,0,0,0.000000,0.000000,0.000000,0,nan,0.00,-0.108494,0.7587,0.0004,-0.057285,1.0189,0.48,8.06,9.03,9.16,-3.380853,-16.1025,-0.5982,0.008000,0.018312,0.1777,0.034031,0.009363,0.013319,-1009.0387369631277,249.3469938173629,-827.2659885124018,-241.57293779645053,-0.079436,0.012878,6340.5,6280.1,0.333876,0.011567,-1.000000,4.4108,1.0000,,,,,
7.7640,1778839086.362018,647,23.675745,-1.509297,0.009993,4.4562,0.0123,0.034792,23.708273,-1.508115,0.003256,4.4073,23.715736,-1.507998,0.010372,4.4267,0.0204,0.027148,0.796060,-0.0663,23.715736,-1.507998,0.067477,5.0000,-1.000000,2.000000,4580.5054,0,1,clay,1.0000,0.500000,0,0,0.000000,0.000000,0.000000,0,nan,0.00,-0.131221,0.7654,0.0004,-0.069285,1.0429,0.49,8.21,9.19,9.06,-3.379615,-16.0787,-0.5927,0.008000,0.051719,-0.4507,0.020234,0.053364,0.070948,-1026.6215872105054,833.0272884351978,-897.1089504243841,-288.00731513081035,-0.087740,0.012428,6334.9,6285.6,0.343503,0.027416,-1.000000,4.4196,1.0000,,,,,
7.7760,1778839086.373889,648,23.796802,-1.523140,0.000948,4.3946,0.0399,0.033768,23.761193,-1.506910,0.003680,4.4139,23.837435,-1.522299,0.001277,4.4222,0.0164,0.019628,0.810725,-0.0785,23.837435,-1.522299,0.059337,5.0000,-1.000000,2.000000,4472.4004,0,1,clay,1.0000,0.500000,0,0,0.000000,0.000000,0.000000,0,nan,0.00,-0.153948,0.7724,0.0004,-0.081285,1.0669,0.49,8.14,9.12,7.70,-3.378410,-16.0544,-0.5861,0.008000,0.073219,-0.6435,0.002203,0.067118,0.070228,-1263.9535049502451,509.0621929125935,-1007.2400313288977,-330.392651031435,-0.097979,0.010815,6331.3,6289.3,0.349844,0.042217,-1.000000,4.4148,1.0000,,,,,
7.7880,1778839086.385790,649,23.864066,-1.540240,0.008443,4.4531,-0.0454,0.031283,23.814176,-1.505766,0.004080,4.4175,23.904363,-1.539343,0.008720,4.4297,-0.0013,0.013167,0.829603,-0.0904,23.904363,-1.539343,0.067191,4.9999,-0.371088,2.000000,4420.3758,0,1,clay,1.0000,0.500000,0,0,0.000000,0.000000,0.000000,0,nan,0.00,-0.162382,0.7797,0.0003,-0.085738,1.0909,0.49,8.01,8.98,7.27,-3.377266,-16.0315,-0.5825,0.008000,0.071966,0.2082,0.004151,0.074401,0.085164,-1075.1024006760254,536.0185351389199,-1065.292559090315,-338.21940718063865,-0.104581,0.013036,6326.5,6294.1,0.358259,0.028584,-1.000000,4.4222,1.0000,,,,,
7.8000,1778839086.397856,650,23.849152,-1.539455,0.003214,4.4543,0.0408,0.015388,23.867216,-1.504806,0.004370,4.4232,23.888940,-1.538838,0.003435,4.4360,0.0014,0.008194,0.856532,-0.0891,23.888940,-1.538838,0.061804,4.9999,-1.000000,2.000000,4408.8518,0,1,clay,1.0000,0.500000,0,0,0.000000,0.000000,0.000000,0,nan,0.00,-0.185109,0.7872,0.0003,-0.097738,1.1149,0.49,7.86,8.83,7.02,-3.376306,-16.0148,-0.5768,0.008000,0.044563,0.1519,0.006041,0.046634,0.045206,-1177.0661095678838,35.722255635284114,-1707.1389674996149,-417.8935492004921,-0.107353,0.009865,6319.6,6301.0,0.370263,0.028188,-0.371088,4.4284,1.0000,,,,,
7.8120,1778839086.409878,651,23.920334,-1.475037,0.004571,4.4355,-0.1763,0.015253,23.920315,-1.504084,0.004550,4.4268,23.959572,-1.474812,0.004731,4.4374,-0.0369,0.000184,0.869054,-0.1066,23.959572,-1.474812,0.062350,5.0000,-1.000000,2.000000,4387.8769,0,1,clay,1.0000,0.500000,0,0,0.000000,0.000000,0.000000,0,nan,0.00,-0.207837,0.7950,0.0003,-0.109738,1.1389,0.50,7.77,8.76,7.24,-3.448084,-15.8120,-0.5731,0.008000,0.059619,-0.4657,-0.013209,0.018906,0.065390,-1469.0909834361569,406.6227496680039,-1057.4600009367878,-390.3055326019313,-0.108524,0.016795,6316.4,6304.2,0.375904,0.035049,-1.000000,4.4298,1.0000,,,,,
7.8240,1778839086.421794,652,23.954188,-1.514718,0.006150,4.4509,-0.0019,0.012923,23.973472,-1.503476,0.004697,4.4325,23.993076,-1.514512,0.006259,4.4415,-0.0379,-0.006473,0.884824,-0.1185,23.993076,-1.514512,0.064607,5.0000,1.000000,2.000000,4335.7646,0,1,clay,1.0000,0.500000,0,0,0.000000,0.000000,0.000000,0,nan,0.00,-0.185109,0.8030,0.0003,-0.097738,1.1629,0.50,7.65,8.65,7.00,-3.447476,-15.8036,-0.5675,0.008000,0.086834,-0.1721,-0.017097,0.044134,0.076933,-1469.2956298263862,1030.3094030624316,-1176.59452238998,-429.80247699510664,-0.119243,0.014579,6312.3,6308.2,0.382944,0.028539,-1.000000,4.4339,1.0000,,,,,
7.8360,1778839086.433774,653,24.064373,-1.598730,0.016789,4.3727,-0.0032,0.011667,24.026684,-1.503059,0.004759,4.4358,24.102569,-1.598099,0.016890,4.4297,-0.0312,-0.003330,0.895067,-0.0891,24.102569,-1.598099,0.077126,5.0000,0.425107,1.999574,4240.9469,0,1,clay,1.0000,0.500000,0,0,0.000000,0.000000,0.000000,0,nan,0.00,-0.175448,0.8113,0.0003,-0.092636,1.1869,0.49,7.60,8.58,7.29,-3.447059,-15.8000,-0.5642,0.008000,0.072964,0.5994,-0.042450,0.018031,0.043709,-1450.1100110106204,200.2559727225539,-1169.913103049176,-455.99066536717623,-0.106099,0.012800,6309.7,6310.9,0.387583,0.044866,1.000000,4.4220,1.0000,,,,,
7.8480,1778839086.445848,654,24.086827,-1.552435,0.006410,4.5052,0.0567,-0.019831,24.079931,-1.503027,0.004620,4.4373,24.124936,-1.552201,0.006444,4.4457,-0.0190,-0.009774,0.889292,-0.0890,24.124936,-1.552201,0.065946,5.0000,-1.000000,1.988819,4214.9467,0,1,clay,1.0000,0.500000,0,0,0.000000,0.000000,0.000000,0,nan,0.00,-0.198175,0.8197,0.0003,-0.104636,1.2107,0.49,7.56,8.54,7.33,-3.447027,-15.8080,-0.5627,0.008000,0.073805,-0.0767,-0.030744,0.049539,0.062005,-1747.145095388495,-225.51778397027033,-1071.261099513339,-474.92580950733907,-0.100451,0.006334,6311.1,6309.5,0.385080,0.021080,0.425107,4.4381,1.0000,,,,,
7.8600,1778839086.457860,655,24.191450,-1.485910,0.006957,4.3955,0.0260,-0.018333,24.133229,-1.503288,0.004366,4.4433,24.229286,-1.485759,0.006917,4.4375,-0.0195,-0.020318,0.903472,-0.1132,24.229286,-1.485759,0.065906,5.0000,-1.000000,1.948567,4181.1630,0,1,clay,1.0000,0.500000,0,0,0.000000,0.000000,0.000000,0,nan,0.00,-0.220902,0.8284,0.0003,-0.116636,1.2341,0.49,7.64,8.62,8.10,-3.518788,-15.5918,-0.5567,0.008000,0.114699,-0.2337,-0.065095,0.060077,0.051659,-1744.3029162633131,-111.6029661114473,-1050.8008405466344,-508.95674976630653,-0.110809,0.002614,6307.5,6313.1,0.391422,0.043893,-1.000000,4.4299,1.0000,,,,,
7.8720,1778839086.469852,656,24.156531,-1.506943,-0.001497,4.4793,-0.0647,-0.010134,24.186584,-1.503463,0.004241,4.4482,24.194782,-1.507320,-0.001586,4.4472,-0.0352,-0.027281,0.909863,-0.1252,24.194782,-1.507320,0.057568,5.0000,0.117801,1.942980,4164.6863,0,1,clay,1.0000,0.500000,0,0,0.000000,0.000000,0.000000,0,nan,0.00,-0.218225,0.8366,0.0002,-0.115223,1.2574,0.49,7.58,8.55,7.28,-3.518963,-15.5989,-0.5518,0.008000,0.010055,-0.8356,-0.066904,0.059579,0.062939,-1149.0614940456217,504.9050358334093,-1138.9599866975798,-510.4991358092518,-0.118079,0.004170,6305.8,6314.8,0.394331,0.022710,-1.000000,4.4394,1.0000,,,,,
7.8840,1778839086.481850,657,24.196882,-1.523776,-0.001997,4.4670,0.0097,-0.004252,24.239990,-1.503631,0.004164,4.4522,24.234918,-1.524157,-0.002096,4.4525,-0.0307,-0.027118,0.915082,-0.1142,24.234918,-1.524157,0.057447,5.0000,-1.000000,1.905703,4115.8812,0,1,clay,1.0000,0.500000,0,0,0.000000,0.000000,0.000000,0,nan,0.00,-0.240952,0.8444,0.0002,-0.127223,1.2803,0.48,7.53,8.50,7.24,-3.519131,-15.6034,-0.5478,0.008000,0.082829,-0.3001,-0.058461,0.062914,0.063305,-1604.321715254395,327.59226910627103,-1359.0026681445725,-521.7994406168011,-0.116512,0.002620,6304.4,6316.1,0.396707,0.029578,0.117801,4.4448,1.0000,,,,,
7.8960,1778839086.493880,658,24.164872,-1.458430,0.005871,4.3740,-0.0389,-0.015238,24.293450,-1.504084,0.003928,4.4565,24.202533,-1.458659,0.005725,4.4389,-0.0408,-0.034666,0.925090,-0.1357,24.202533,-1.458659,0.064150,5.0000,-1.000000,1.899985,4211.3609,0,1,clay,1.0000,0.500000,0,0,0.000000,0.000000,0.000000,0,nan,0.00,-0.263680,0.8519,0.0002,-0.139223,1.3031,0.48,7.48,8.44,7.20,-3.519584,-15.6169,-0.5435,0.008000,0.197352,-0.2387,-0.081546,0.060957,0.057483,-1535.798813209111,166.9577229305105,-1217.4086183719437,-531.4310966810741,-0.125507,0.002680,6301.8,6318.8,0.401316,0.048254,-1.000000,4.4311,1.0000,,,,,
7.9080,1778839086.505877,659,24.390746,-1.507884,0.003038,4.5727,-0.0437,-0.031294,24.346950,-1.504789,0.003588,4.4598,24.428330,-1.508376,0.002833,4.4663,-0.0492,-0.042679,0.937299,-0.1476,24.428330,-1.508376,0.062743,4.9993,-1.000000,1.826255,3984.2882,0,1,clay,1.0000,0.500000,0,0,0.000000,0.000000,0.000000,0,nan,0.00,-0.286407,0.8590,0.0002,-0.151223,1.3250,0.47,7.49,8.43,7.53,-3.520289,-15.6363,-0.5395,0.008000,0.064706,-0.0697,-0.063181,0.063242,0.067914,-1524.0240316494273,-218.10778123140904,-1321.0017660364197,-535.6522444056345,-0.133787,0.001723,6298.6,6321.9,0.406787,0.005472,-1.000000,4.4585,1.0000,,,,,
7.9200,1778839086.518346,660,24.393678,-1.501631,0.001314,4.3728,-0.0014,-0.029634,24.400491,-1.505639,0.003207,4.4629,24.431202,-1.502260,0.001059,4.4498,-0.0495,-0.049735,0.944314,-0.1597,24.431202,-1.502260,0.061115,4.9993,-1.000000,1.794259,3998.7937,0,1,clay,1.0000,0.500000,0,0,0.000000,0.000000,0.000000,0,nan,0.00,-0.309134,0.8658,0.0002,-0.163223,1.3466,0.48,7.42,8.38,7.06,-3.591439,-15.3752,-0.5365,0.008000,0.027047,-0.1968,-0.082389,0.115781,0.096256,-1818.494072659572,108.6888026734448,-1421.23481687972,-555.9107283758469,-0.144705,-0.000751,6296.7,6323.8,0.410143,0.051387,-1.000000,4.4419,1.0000,,,,,
7.9320,1778839086.529749,661,24.498731,-1.522710,0.006353,4.4541,-0.0798,-0.033430,24.454080,-1.506596,0.002820,4.4673,24.536018,-1.523336,0.006052,4.4522,-0.0635,-0.056384,0.950784,-0.1716,24.536018,-1.523336,0.066821,5.0000,-1.000000,1.777747,3915.1505,0,1,clay,1.0000,0.500000,0,0,0.000000,0.000000,0.000000,0,nan,0.00,-0.331861,0.8722,0.0002,-0.175223,1.3679,0.48,7.35,8.31,6.96,-3.592396,-15.3974,-0.5327,0.008000,0.061750,0.0425,-0.085766,0.054685,0.038987,-1501.7953858159146,603.7267480470357,-1488.9145811676262,-554.7384369668262,-0.152176,0.000381,6295.0,6325.6,0.413166,0.031940,-1.000000,4.4443,1.0000,,,,,
7.9440,1778839086.541580,662,24.534681,-1.497230,0.001547,4.4615,-0.0688,-0.032744,24.507708,-1.507627,0.002437,4.4698,24.571643,-1.498165,0.001210,4.4555,-0.0733,-0.062081,0.960617,-0.1835,24.571643,-1.498165,0.061735,5.0000,-1.000000,1.743341,3885.8644,0,1,clay,1.0000,0.500000,0,0,0.000000,0.000000,0.000000,0,nan,0.00,-0.354589,0.8784,0.0002,-0.187223,1.3888,0.47,7.35,8.30,7.31,-3.593427,-15.4193,-0.5302,0.008000,0.097545,-0.8600,-0.071582,0.062280,0.060142,-1684.3078121661651,3.9589144586935845,-1557.3712778716942,-561.4365232612911,-0.161059,0.000864,6292.4,6328.1,0.417631,0.029808,-1.000000,4.4476,1.0000,,,,,
7.9560,1778839086.553871,663,24.483850,-1.497361,0.000888,4.5586,-0.0948,-0.036239,24.561370,-1.508925,0.001946,4.4728,24.521018,-1.498490,0.000510,4.4770,-0.0865,-0.068215,0.964634,-0.1955,24.521018,-1.498490,0.060549,5.0000,-1.000000,1.709700,3903.1594,0,1,clay,1.0000,0.500000,0,0,0.000000,0.000000,0.000000,0,nan,0.00,-0.377316,0.8842,0.0002,-0.199223,1.4093,0.48,7.34,8.30,7.30,-3.594725,-15.4475,-0.5272,0.008000,0.101943,-0.2623,-0.065528,0.046465,0.065818,-2021.7951464063094,200.83994885169943,-1622.4508036817424,-553.4472181753738,-0.169250,0.002118,6291.3,6329.2,0.419526,0.008788,-1.000000,4.4691,1.0000,,,,,
7.9680,1778839086.565824,664,24.555525,-1.469928,-0.001879,4.4894,-0.1431,-0.055951,24.615050,-1.510504,0.001355,4.4738,24.592685,-1.471419,-0.002320,4.4810,-0.1059,-0.076768,0.964784,-0.2075,24.592685,-1.471419,0.057569,5.0000,-1.000000,1.678892,3852.8639,0,1,clay,1.0000,0.500000,0,0,0.000000,0.000000,0.000000,0,nan,0.00,-0.400043,0.8898,0.0002,-0.211223,1.4295,0.48,7.33,8.29,7.29,-3.596304,-15.4813,-0.5262,0.008000,0.118925,-0.3876,-0.054848,0.068983,0.114389,-2254.6563195185163,-342.3495898786215,-1675.3328945113542,-514.4363008003444,-0.174698,0.003759,6291.2,6329.3,0.419722,0.026113,-1.000000,4.4730,1.0000,,,,,
7.9800,1778839086.577861,665,24.729396,-1.501496,0.007157,4.4791,-0.1115,-0.065615,24.668758,-1.512418,0.000635,4.4764,24.766509,-1.502839,0.006649,4.4821,-0.1166,-0.085694,0.964952,-0.2195,24.766509,-1.502839,0.067669,4.9988,-1.000000,1.645860,3731.9450,0,1,clay,1.0000,0.500000,0,0,0.000000,0.000000,0.000000,0,nan,0.00,-0.422771,0.8950,0.0002,-0.223223,1.4492,0.48,7.27,8.22,6.91,-3.667118,-15.2281,-0.5225,0.008000,0.091230,0.6573,-0.063980,0.018133,0.036336,-2346.134946368928,-250.41538141948234,-1729.1760088970973,-498.41680591275997,-0.182107,0.003005,6291.1,6329.5,0.419920,0.028693,-1.000000,4.4742,1.0000,,,,,
7.9920,1778839086.589858,666,24.673886,-1.528857,-0.002075,4.4554,-0.0658,-0.069187,24.722500,-1.514569,-0.000160,4.4789,24.710673,-1.530624,-0.002639,4.4785,-0.1175,-0.093713,0.966440,-0.2314,24.710673,-1.530624,0.058745,5.0000,0.165832,1.656542,3734.4553,0,1,clay,1.0000,0.500000,0,0,0.000000,0.000000,0.000000,0,nan,0.00,-0.419002,0.9001,0.0001,-0.221233,1.4691,0.48,7.29,8.24,7.38,-3.669269,-15.2737,-0.5211,0.008000,0.007259,0.1566,-0.073455,0.039000,0.075099,-2232.3120796643334,-859.1056250961745,-1783.4503042590259,-516.3034229542196,-0.192107,0.000154,6290.6,6329.9,0.420744,0.033041,-1.000000,4.4706,1.0000,,,,,
8.0040,1778839086.602026,667,24.763317,-1.572196,-0.004677,4.4516,-0.0810,-0.069669,24.776269,-1.516944,-0.001019,4.4817,24.800210,-1.574130,-0.005278,4.4749,-0.1174,-0.096332,0.973240,-0.2199,24.800210,-1.574130,0.057261,4.9957,1.000000,1.618650,3639.1506,0,1,clay,1.0000,0.500000,0,0,0.000000,0.000000,0.000000,0,nan,0.00,-0.396274,0.9049,0.0001,-0.209233,1.4885,0.48,7.59,8.56,9.32,-3.671644,-15.3229,-0.5140,0.008000,0.157982,-0.3974,-0.064467,0.042149,0.066126,-2520.3783022213793,103.04950418166214,-1675.4162605932024,-534.1058550247848,-0.187805,-0.001525,6289.0,6331.6,0.423684,0.034846,0.165832,4.4669,1.0000,,,,,
8.0160,1778839086.613770,668,24.810596,-1.409210,0.005641,4.4043,-0.1312,-0.083417,24.830044,-1.519701,-0.002047,4.4809,24.848735,-1.410969,0.004975,4.4630,-0.1246,-0.099150,0.970550,-0.2007,24.848735,-1.410969,0.065126,4.9893,-1.000000,1.626773,3740.6589,0,1,clay,1.0000,0.500000,0,0,0.000000,0.000000,0.000000,0,nan,0.00,-0.419002,0.9094,0.0001,-0.221233,1.5080,0.48,7.53,8.49,7.19,-3.674401,-15.3818,-0.5084,0.008000,0.127136,0.4054,-0.105247,0.030947,0.063708,-2299.9620684042775,-504.64079178661063,-1608.5196365168636,-508.95668729969657,-0.170736,-0.001726,6289.7,6330.9,0.422422,0.045451,1.000000,4.4548,1.0000,,,,,
8.0280,1778839086.625749,669,24.922267,-1.542797,-0.006916,4.5082,-0.0084,-0.079214,24.883861,-1.522796,-0.003201,4.4887,24.960188,-1.545007,-0.007633,4.4733,-0.1161,-0.108303,0.973177,-0.2297,24.960188,-1.545007,0.055148,4.9651,1.000000,1.579496,3542.1993,0,1,clay,1.0000,0.500000,0,0,0.000000,0.000000,0.000000,0,nan,0.00,-0.396274,0.9138,0.0001,-0.209233,1.5270,0.48,7.45,8.41,6.99,-3.744996,-15.1195,-0.4764,0.008000,0.053958,-0.1720,-0.079113,0.066008,0.085675,-1856.8066543295813,607.4107082547602,-1758.8173173947127,-560.1846532880197,-0.184428,-0.006894,6289.0,6331.6,0.423596,0.025908,-1.000000,4.4651,1.0000,,,,,
8.0400,1778839086.637832,670,25.049611,-1.574207,-0.000632,4.4327,-0.1384,-0.089743,24.937660,-1.525963,-0.004312,4.4833,25.087123,-1.576279,-0.001364,4.4671,-0.1222,-0.107038,0.994810,-0.2008,25.087123,-1.576279,0.062457,4.9202,-1.000000,1.548767,3449.7495,0,1,clay,1.0000,0.500000,0,0,0.000000,0.000000,0.000000,0,nan,0.00,-0.419002,0.9179,0.0001,-0.221233,1.5456,0.48,7.40,8.35,7.10,-3.748163,-15.1832,-0.4369,0.008000,0.078106,-0.0599,-0.088406,0.045018,0.057062,-2619.548790314971,-3.566888462303041,-1606.1585874423495,-547.1227636366789,-0.167306,-0.006215,6283.4,6337.2,0.433383,0.038821,1.000000,4.4588,1.0000,,,,,
8.0520,1778839086.649828,671,25.021176,-1.517578,-0.006060,4.5186,-0.0383,-0.105879,24.991501,-1.529463,-0.005564,4.4875,25.058496,-1.519911,-0.006864,4.4787,-0.1190,-0.118587,1.005855,-0.2296,25.058496,-1.519911,0.055832,4.9317,-1.000000,1.499595,3476.0213,0,1,clay,1.0000,0.500000,0,0,0.000000,0.000000,0.000000,0,nan,0.00,-0.441729,0.9219,0.0001,-0.233233,1.5636,0.47,7.30,8.24,6.73,-3.751663,-15.2549,-0.4443,0.008000,0.004809,-0.0608,-0.081181,0.073583,0.080061,-2392.1936443219315,-522.0693848877563,-1773.8233953982758,-554.598014178396,-0.178552,-0.011174,6280.5,6340.1,0.438416,0.022896,-1.000000,4.4704,1.0000,,,,,
8.0640,1778839086.661835,672,25.130978,-1.496334,-0.005800,4.4708,-0.1407,-0.106304,25.045380,-1.533021,-0.006756,4.4924,25.167856,-1.498833,-0.006654,4.4788,-0.1326,-0.126468,1.011515,-0.2415,25.167856,-1.498833,0.056141,4.8848,-1.000000,1.391049,3413.4052,0,1,clay,1.0000,0.500000,0,0,0.000000,0.000000,0.000000,0,nan,0.00,-0.464456,0.9256,0.0001,-0.245233,1.5803,0.47,7.25,8.19,6.96,-3.755221,-15.3232,-0.3924,0.008000,0.163537,0.0293,-0.103029,0.063008,0.060199,-1672.0199273406179,-187.05093850137922,-1809.351983489803,-553.9932852356469,-0.185405,-0.010784,6278.9,6341.6,0.441162,0.035681,-1.000000,4.4705,1.0000,,,,,
8.0760,1778839086.673806,673,25.071806,-1.549510,-0.009648,4.5375,-0.0605,-0.093423,25.099288,-1.536684,-0.007937,4.4967,25.108563,-1.552159,-0.010530,4.4916,-0.1304,-0.131577,1.003875,-0.2534,25.108563,-1.552159,0.052752,4.9111,1.000000,1.408394,3404.7962,0,1,clay,1.0000,0.500000,0,0,0.000000,0.000000,0.000000,0,nan,0.00,-0.441729,0.9292,0.0001,-0.233233,1.5972,0.48,7.21,8.16,6.98,-3.758884,-15.3909,-0.4144,0.008000,0.062508,0.0200,-0.093989,0.069109,0.059593,-2344.757306664419,-329.7383659058243,-1851.3349530124078,-596.1344673454329,-0.197745,-0.012953,6280.6,6339.9,0.438213,0.019991,-1.000000,4.4835,1.0000,,,,,
8.0880,1778839086.685866,674,25.132780,-1.557087,-0.007735,4.5383,-0.1817,-0.122697,25.153205,-1.540702,-0.009288,4.4951,25.169476,-1.559846,-0.008651,4.5022,-0.1425,-0.132455,0.997485,-0.2251,25.169476,-1.559846,0.054835,4.8841,-0.932174,1.402595,3347.7470,0,1,clay,1.0000,0.500000,0,0,0.000000,0.000000,0.000000,0,nan,0.00,-0.462915,0.9326,0.0001,-0.244419,1.6140,0.48,7.19,8.14,7.09,-3.828702,-15.0890,-0.3890,0.008000,0.088397,-0.3332,-0.084573,0.101734,0.111791,-2202.9915250755776,-787.2057616516349,-1728.4499713370517,-496.0130922644918,-0.178808,-0.011626,6282.3,6338.3,0.435350,0.024732,1.000000,4.4941,1.0000,,,,,
8.1000,1778839086.697754,675,25.265060,-1.599812,-0.010027,4.5112,-0.2390,-0.121525,25.207151,-1.545159,-0.010805,4.5000,25.301608,-1.602963,-0.011001,4.5054,-0.1705,-0.142359,0.988016,-0.2520,25.301608,-1.602963,0.053679,4.8246,1.000000,1.403243,3216.8292,0,1,clay,1.0000,0.500000,0,0,0.000000,0.000000,0.000000,0,nan,0.00,-0.440187,0.9358,0.0001,-0.232419,1.6308,0.47,7.13,8.07,6.80,-3.833159,-15.1759,-0.3246,0.008000,0.114356,0.1136,-0.077728,0.044521,0.042203,-2142.1876479564517,-65.73605551819844,-1902.2721309981205,-450.1125441235718,-0.181981,-0.008022,6284.6,6335.9,0.431213,0.029816,-0.932174,4.4974,1.0000,,,,,
8.1120,1778839086.709928,676,25.305083,-1.483126,-0.011409,4.4950,-0.1299,-0.131801,25.261100,-1.549767,-0.012329,4.5011,25.341475,-1.486349,-0.012410,4.5049,-0.1657,-0.142512,0.987462,-0.2243,25.341475,-1.486349,0.050576,4.8073,-1.000000,1.369607,3264.2864,0,1,clay,1.0000,0.500000,0,0,0.000000,0.000000,0.000000,0,nan,0.00,-0.462915,0.9389,0.0001,-0.244419,1.6473,0.48,7.16,8.13,7.35,-3.837767,-15.2633,-0.3062,0.008000,0.133385,0.2006,-0.075295,0.019857,0.049040,-2359.468814872133,34.17717732418737,-1726.548921250619,-447.3523868107733,-0.167460,-0.010574,6284.8,6335.8,0.430986,0.037082,1.000000,4.4969,1.0000,,,,,
8.1240,1778839086.721814,677,25.279202,-1.496660,-0.005870,4.5240,-0.1834,-0.136957,25.315068,-1.554715,-0.013964,4.5040,25.315743,-1.499896,-0.006941,4.5101,-0.1800,-0.153267,0.979675,-0.2525,25.315743,-1.499896,0.056034,4.8184,1.000000,1.332842,3296.4258,0,1,clay,1.0000,0.500000,0,0,0.000000,0.000000,0.000000,0,nan,0.00,-0.440187,0.9418,0.0001,-0.232419,1.6633,0.48,7.16,8.11,7.15,-3.842715,-15.3569,-0.3144,0.008000,0.062040,-0.0533,-0.057926,0.040404,0.068230,-2429.3907473588233,-1330.6018696225863,-1828.6850173493795,-419.51924419083616,-0.174870,-0.010697,6286.7,6333.9,0.427656,0.029221,-1.000000,4.5022,1.0000,,,,,
8.1360,1778839086.733848,678,25.368147,-1.675283,-0.019084,4.4788,-0.1834,-0.128791,25.369077,-1.559692,-0.015520,4.5066,25.404587,-1.679060,-0.020163,4.5056,-0.1827,-0.150932,0.985516,-0.2243,25.404587,-1.679060,0.046232,4.7804,1.000000,1.347153,3083.9095,0,1,clay,1.0000,0.500000,0,0,0.000000,0.000000,0.000000,0,nan,0.00,-0.417460,0.9446,0.0001,-0.220419,1.6794,0.47,7.17,8.12,7.24,-3.847692,-15.4461,-0.2738,0.008000,0.105489,-0.0356,-0.072994,0.001673,0.037150,-2057.1729926332523,-655.4499571622852,-1694.4521056497501,-455.1273582038385,-0.159593,-0.010215,6285.1,6335.4,0.430369,0.039024,1.000000,4.4976,1.0000,,,,,
8.1480,1778839086.745788,679,25.413090,-1.625368,-0.015052,4.4046,-0.1053,-0.146626,25.423104,-1.564987,-0.017185,4.5096,25.449387,-1.628973,-0.016163,4.4875,-0.1724,-0.152834,0.971662,-0.2123,25.449387,-1.628973,0.049816,4.7614,-1.000000,1.381655,3102.9032,0,1,clay,1.0000,0.500000,0,0,0.000000,0.000000,0.000000,0,nan,0.00,-0.440187,0.9473,0.0001,-0.232419,1.6960,0.47,7.15,8.08,7.00,-3.916987,-15.1363,-0.2518,0.008000,0.122482,-0.1710,-0.086979,0.035316,0.065270,-2256.9747759170996,-1199.723193049027,-1695.6736249494766,-459.84003861637837,-0.146840,-0.014549,6288.7,6331.9,0.424203,0.054940,1.000000,4.4796,1.0000,,,,,
8.1600,1778839086.757794,680,25.452252,-1.546453,-0.016228,4.5220,-0.1803,-0.145978,25.477140,-1.570627,-0.018957,4.5125,25.488447,-1.550251,-0.017390,4.4956,-0.1839,-0.162149,0.971709,-0.2405,25.488447,-1.550251,0.047368,4.7447,0.143378,1.341270,3119.6027,0,1,clay,1.0000,0.500000,0,0,0.000000,0.000000,0.000000,0,nan,0.00,-0.436929,0.9498,0.0001,-0.230698,1.7121,0.46,7.09,8.01,6.76,-3.922627,-15.2378,-0.2322,0.008000,0.054475,0.1429,-0.091481,0.011564,0.044563,-2267.4129651841313,-1203.594479659998,-1736.6389044280572,-445.622157829869,-0.155432,-0.014696,6288.7,6331.9,0.424121,0.030787,-1.000000,4.4878,1.0000,,,,,
8.1720,1778839086.769802,681,25.482716,-1.593282,-0.027209,4.5715,-0.0445,-0.144419,25.531206,-1.576353,-0.020692,4.5145,25.518780,-1.597332,-0.028385,4.5117,-0.1643,-0.163337,0.965390,-0.2295,25.518780,-1.597332,0.037128,4.7317,1.000000,1.303834,3036.8361,0,1,clay,1.0000,0.500000,0,0,0.000000,0.000000,0.000000,0,nan,0.00,-0.414201,0.9522,0.0001,-0.218698,1.7278,0.47,7.05,7.98,6.84,-3.928353,-15.3372,-0.2172,0.008000,0.145108,-0.4531,-0.075894,0.035737,0.052266,-1913.4258537378055,-754.2552961978954,-1792.8095960530945,-526.6114576834898,-0.157049,-0.020502,6290.2,6330.4,0.421504,0.022170,0.143378,4.5040,1.0000,,,,,
8.1840,1778839086.781806,682,25.579956,-1.705851,-0.031535,4.5096,-0.2280,-0.144833,25.585282,-1.582295,-0.022467,4.5165,25.615794,-1.710176,-0.032711,4.5127,-0.1779,-0.161787,0.961873,-0.2107,25.615794,-1.710176,0.035006,4.6894,1.000000,1.332259,2887.3720,0,1,clay,1.0000,0.500000,0,0,0.000000,0.000000,0.000000,0,nan,0.00,-0.391474,0.9545,0.0001,-0.206698,1.7437,0.46,7.02,7.95,6.87,-3.934295,-15.4390,-0.1729,0.008000,0.117212,-0.4496,-0.086915,0.019090,0.057067,-1849.1902939832216,-149.14170765422142,-1668.8551191019224,-483.8278235674055,-0.139670,-0.017371,6291.0,6329.6,0.420111,0.034189,1.000000,4.5051,1.0000,,,,,
8.1960,1778839086.793783,683,25.651456,-1.564461,-0.014357,4.5430,-0.2290,-0.158103,25.639351,-1.588648,-0.024411,4.5180,25.687300,-1.568305,-0.015554,4.5200,-0.1892,-0.162859,0.958063,-0.1987,25.687300,-1.568305,0.049876,4.6578,-1.000000,1.281892,2959.0737,0,1,clay,1.0000,0.500000,0,0,0.000000,0.000000,0.000000,0,nan,0.00,-0.414201,0.9567,0.0001,-0.218698,1.7591,0.46,6.91,7.84,6.30,-4.002648,-15.0977,-0.1398,0.008000,0.046962,0.4319,-0.089457,0.025878,0.066543,-2347.9108372332394,-104.33380071555871,-1601.7064366613663,-391.11323459101493,-0.122510,-0.015752,6292.0,6328.5,0.418344,0.031904,1.000000,4.5125,1.0000,,,,,
8.2080,1778839086.805879,684,25.701448,-1.591299,-0.024153,4.5029,-0.1976,-0.157318,25.693435,-1.595228,-0.026401,4.5209,25.736830,-1.595583,-0.025380,4.5180,-0.1994,-0.170928,0.951370,-0.2266,25.736830,-1.595583,0.040796,4.6357,1.000000,1.212533,2903.1221,0,1,clay,1.0000,0.500000,0,0,0.000000,0.000000,0.000000,0,nan,0.00,-0.391474,0.9588,0.0001,-0.206698,1.7737,0.47,6.85,7.80,6.50,-4.009228,-15.2117,-0.1148,0.008000,0.075512,0.0621,-0.093567,0.042656,0.076767,-2192.633053649409,-669.2784599331233,-1591.358071072234,-400.3557068663897,-0.131605,-0.015767,6293.6,6327.0,0.415617,0.039404,-1.000000,4.5106,1.0000,,,,,
8.2200,1778839086.817911,685,25.686551,-1.622625,-0.034149,4.5531,-0.1650,-0.158457,25.747560,-1.601797,-0.028286,4.5259,25.721767,-1.627226,-0.035376,4.5263,-0.1939,-0.168530,0.958395,-0.1989,25.721767,-1.627226,0.031231,4.6424,1.000000,1.233978,2860.6167,0,1,clay,1.0000,0.500000,0,0,0.000000,0.000000,0.000000,0,nan,0.00,-0.368747,0.9608,0.0001,-0.194698,1.7885,0.48,6.84,7.81,6.78,-4.015797,-15.3197,-0.1165,0.008000,0.139400,-0.4290,-0.084787,0.063095,0.095136,-1769.6021284082299,-798.216931145731,-1574.1461714392601,-409.8040752837426,-0.118762,-0.017225,6291.7,6328.9,0.418981,0.027105,1.000000,4.5188,1.0000,,,,,
8.2320,1778839086.829813,686,25.745029,-1.637412,-0.036195,4.4445,-0.1934,-0.155885,25.801721,-1.608502,-0.030169,4.5290,25.780003,-1.642094,-0.037421,4.5118,-0.1953,-0.167198,0.953075,-0.1869,25.780003,-1.642094,0.029863,4.6164,1.000000,1.261521,2813.3748,0,1,clay,1.0000,0.500000,0,0,0.000000,0.000000,0.000000,0,nan,0.00,-0.346020,0.9626,0.0001,-0.182698,1.8036,0.47,6.81,7.76,6.66,-4.022502,-15.4276,-0.0874,0.008000,0.094702,-0.7980,-0.103596,0.032429,0.067430,-1842.396961845638,-1177.8431195766452,-1441.490597536498,-440.3451306104752,-0.104635,-0.017072,6293.0,6327.5,0.416573,0.052189,1.000000,4.5044,1.0000,,,,,
8.2440,1778839086.841835,687,25.856231,-1.722253,-0.035563,4.5287,-0.2010,-0.161022,25.855899,-1.615428,-0.032116,4.5317,25.891151,-1.726943,-0.036793,4.5165,-0.1973,-0.166477,0.950616,-0.1749,25.891151,-1.726943,0.032178,4.5666,0.217822,1.260159,2677.0012,0,1,clay,1.0000,0.500000,0,0,0.000000,0.000000,0.000000,0,nan,0.00,-0.341069,0.9644,0.0001,-0.180085,1.8187,0.48,6.81,7.76,6.78,-4.029428,-15.5391,-0.0348,0.008000,0.008419,-0.0176,-0.095008,0.019414,0.052688,-1946.2345300430366,-1197.453747133091,-1310.8770350168395,-399.1102184671198,-0.090568,-0.016935,6293.7,6326.9,0.415404,0.034249,1.000000,4.5091,1.0000,,,,,
8.2560,1778839086.853806,688,25.844277,-1.632283,-0.030278,4.4317,-0.0986,-0.168057,25.910088,-1.622630,-0.034130,4.5344,25.879117,-1.636710,-0.031533,4.5015,-0.1833,-0.169392,0.948174,-0.1784,25.879117,-1.636710,0.036116,4.5720,1.000000,1.234798,2768.0645,0,1,clay,1.0000,0.500000,0,0,0.000000,0.000000,0.000000,0,nan,0.00,-0.318342,0.9661,0.0000,-0.168085,1.8336,0.48,6.71,7.67,6.15,-4.096430,-15.1494,-0.0376,0.008000,0.070047,0.0670,-0.090486,0.022417,0.047801,-1654.187235662914,-1300.898652434535,-1371.7606323036425,-470.62491047053436,-0.089798,-0.021826,6294.3,6326.2,0.414329,0.056580,0.217822,4.4942,1.0000,,,,,
8.2680,1778839086.865817,689,25.895869,-1.618428,-0.040292,4.6107,-0.1707,-0.163925,25.964306,-1.629907,-0.036090,4.5400,25.930361,-1.623144,-0.041531,4.5242,-0.1810,-0.167336,0.980740,-0.1604,25.930361,-1.623144,0.025845,4.5489,-1.000000,1.168207,2708.3827,0,1,clay,1.0000,0.500000,0,0,0.000000,0.000000,0.000000,0,nan,0.00,-0.341069,0.9678,0.0000,-0.180085,1.8476,0.48,6.67,7.62,6.43,-4.103707,-15.2617,-0.0089,0.008000,0.044518,-0.3832,-0.076101,0.044316,0.078972,-1225.7934335476602,-395.6674496077938,-1144.3346942007556,-463.07313565063356,-0.077184,-0.022201,6286.0,6334.6,0.428853,0.217210,1.000000,4.5167,1.0000,,,,,
8.2800,1778839086.877831,690,26.000812,-1.697417,-0.031416,4.5078,-0.1227,-0.158003,26.018739,-1.637218,-0.038017,4.5655,26.035138,-1.701788,-0.032668,4.5227,-0.1780,-0.172599,1.015635,-0.1877,26.035138,-1.701788,0.036272,4.5015,1.000000,1.049785,2610.2859,0,1,clay,1.0000,0.500000,0,0,0.000000,0.000000,0.000000,0,nan,0.00,-0.318342,0.9693,0.0000,-0.168085,1.8602,0.48,6.73,7.69,7.10,-4.111018,-15.3721,0.0640,0.008000,0.055213,0.7622,-0.093278,0.019060,0.052093,-950.5167685834729,-244.59639744718265,-990.5738494115474,-541.2779007553318,-0.090734,-0.024223,6277.0,6343.6,0.444508,0.303309,-1.000000,4.5150,1.0000,,,,,
8.2920,1778839086.889719,691,26.019813,-1.520559,-0.041021,4.5310,-0.1873,-0.158765,26.073492,-1.644516,-0.039903,4.5937,26.054369,-1.525305,-0.042270,4.5261,-0.1791,-0.168311,1.048029,-0.1604,26.054369,-1.525305,0.023948,4.4927,1.000000,0.907793,2701.5054,0,1,clay,1.0000,0.500000,0,0,0.000000,0.000000,0.000000,0,nan,0.00,-0.295615,0.9708,0.0000,-0.156085,1.8711,0.47,6.69,7.63,6.42,-4.118316,-15.4801,0.1010,0.008000,0.251991,0.4508,-0.090839,0.006106,0.034006,-870.4634443860152,-350.0219626056228,-1080.5690574764737,-522.8184192122981,-0.077278,-0.023121,6268.6,6352.0,0.459184,0.301551,1.000000,4.5181,1.0000,,,,,
8.3040,1778839086.901837,692,26.186587,-1.636691,-0.038864,4.5967,-0.1583,-0.166582,26.128553,-1.652103,-0.041928,4.6221,26.221089,-1.641329,-0.040109,4.5415,-0.1756,-0.167022,1.077697,-0.1484,26.221089,-1.641329,0.028285,4.4159,1.000000,0.769057,2500.8106,0,1,clay,1.0000,0.500000,0,0,0.000000,0.000000,0.000000,0,nan,0.00,-0.272887,0.9722,0.0000,-0.144085,1.8803,0.48,6.69,7.64,6.71,-4.183303,-15.0774,0.2061,0.008000,0.050553,-0.4025,-0.082524,0.042013,0.070743,-1084.8142816088493,-412.649724993885,-935.8137357372993,-493.87242859266286,-0.065060,-0.023977,6260.8,6359.8,0.472781,0.290564,1.000000,4.5333,1.0000,,,,,
8.3160,1778839086.914240,693,26.196006,-1.670124,-0.045175,4.6834,-0.2260,-0.181329,26.183906,-1.659975,-0.044099,4.6465,26.230687,-1.675102,-0.046439,4.5708,-0.1841,-0.167940,1.105084,-0.1364,26.230687,-1.675102,0.022152,4.4114,1.000000,0.655780,2423.8973,0,1,clay,1.0000,0.500000,0,0,0.000000,0.000000,0.000000,0,nan,0.00,-0.250160,0.9735,0.0000,-0.132085,1.8882,0.47,6.68,7.63,6.63,-4.191175,-15.2018,0.2351,0.008000,0.018165,-0.1548,-0.050814,0.014678,0.044997,-918.1775474584822,-415.3278197693657,-776.2173871209577,-392.52999242259295,-0.049387,-0.022773,6253.6,6367.0,0.485342,0.276882,1.000000,4.5624,1.0000,,,,,
8.3280,1778839086.925864,694,26.229978,-1.696920,-0.045663,4.6786,-0.1530,-0.190529,26.239575,-1.668071,-0.046348,4.6773,26.264845,-1.701926,-0.046954,4.5935,-0.1777,-0.169499,1.130675,-0.1244,26.264845,-1.701926,0.021847,4.3954,1.000000,0.541975,2363.2466,0,1,clay,1.0000,0.500000,0,0,0.000000,0.000000,0.000000,0,nan,0.00,-0.227433,0.9748,0.0000,-0.120085,1.8947,0.48,6.68,7.64,6.68,-4.199271,-15.3306,0.2819,0.008000,0.057939,0.3762,-0.037257,-0.017470,0.003644,-849.3075354927577,-812.7984675475437,-661.5024762346534,-392.22649351479265,-0.036877,-0.025558,6246.9,6373.7,0.497022,0.275828,1.000000,4.5849,1.0000,,,,,
8.3400,1778839086.937819,695,26.260409,-1.675272,-0.060346,4.7034,-0.0949,-0.184845,26.295563,-1.676196,-0.048537,4.7025,26.295351,-1.680698,-0.061647,4.6166,-0.1618,-0.169273,1.154301,-0.1125,26.295351,-1.680698,0.006703,4.3809,1.000000,0.437243,2321.0105,0,1,clay,1.0000,0.500000,0,0,0.000000,0.000000,0.000000,0,nan,0.00,-0.204706,0.9760,0.0000,-0.108085,1.8999,0.48,6.85,7.80,7.82,-4.207396,-15.4561,0.3216,0.008000,0.043105,-0.3555,0.000670,-0.008386,-0.003466,-736.6242168609815,-1093.2310820331074,-586.6024775124558,-473.7678436625702,-0.027369,-0.029789,6240.7,6379.9,0.507840,0.272440,1.000000,4.6078,1.0000,,,,,
8.3520,1778839086.949717,696,26.382645,-1.712061,-0.053460,4.6945,-0.2610,-0.175752,26.351862,-1.684311,-0.050665,4.7273,26.418504,-1.717497,-0.054784,4.6337,-0.1776,-0.167080,1.176272,-0.1003,26.418504,-1.717497,0.014229,4.3225,-1.000000,0.329816,2212.9951,0,1,clay,1.0000,0.500000,0,0,0.000000,0.000000,0.000000,0,nan,0.00,-0.227433,0.9772,0.0000,-0.120085,1.9000,0.47,6.85,7.80,6.83,-4.215511,-15.5780,0.4048,0.008000,0.088139,-0.0011,0.013029,-0.026631,-0.003753,-523.4080433997551,-1031.191900084202,-488.26657373194996,-454.512774470864,-0.011037,-0.025586,6234.9,6385.6,0.517862,0.277317,1.000000,4.6246,1.0000,,,,,
8.3640,1778839086.961807,697,26.384494,-1.723784,-0.043522,4.7556,-0.1071,-0.174972,26.408441,-1.692392,-0.052722,4.7523,26.420584,-1.728821,-0.044867,4.6592,-0.1702,-0.172693,1.196340,-0.1279,26.420584,-1.728821,0.023876,4.3215,1.000000,0.169897,2214.4459,0,1,clay,1.0000,0.500000,0,0,0.000000,0.000000,0.000000,0,nan,0.00,-0.204706,0.9783,0.0000,-0.108085,1.9000,0.47,6.76,7.71,6.28,-4.278592,-15.1412,0.4308,0.008000,0.063279,0.2836,0.053622,0.003716,0.028764,-484.5281311814688,-1172.0697483481385,221.6090048502409,-484.99656791728984,-0.026217,-0.028505,6229.6,6390.9,0.527093,0.269132,-1.000000,4.6499,1.0000,,,,,
8.3760,1778839086.973818,698,26.491596,-1.748530,-0.053819,4.7110,-0.1444,-0.160657,26.465282,-1.700392,-0.054669,4.7741,26.527359,-1.753794,-0.055116,4.6711,-0.1625,-0.165845,1.211992,-0.1004,26.527359,-1.753794,0.014256,4.2720,1.000000,-0.005169,2101.3893,0,1,clay,1.0000,0.500000,0,0,0.000000,0.000000,0.000000,0,nan,0.00,-0.181978,0.9793,0.0000,-0.096085,1.8999,0.48,6.66,7.61,6.09,-4.286592,-15.2527,0.5021,0.008000,0.127126,0.2547,0.039491,-0.015118,0.000480,-433.8774610082414,-1316.6646048524262,-524.5491061980432,-540.6420815603559,-0.015995,-0.028333,6225.4,6395.2,0.534560,0.277935,1.000000,4.6618,1.0000,,,,,
8.3880,1778839086.985789,699,26.376035,-1.801931,-0.049515,4.8250,-0.1314,-0.164475,26.522363,-1.708548,-0.056644,4.7957,26.411553,-1.806901,-0.050775,4.7027,-0.1551,-0.162193,1.226737,-0.0885,26.411553,-1.806901,0.018578,4.3258,1.000000,-0.079385,2126.6809,0,1,clay,1.0000,0.500000,0,0,0.000000,0.000000,0.000000,0,nan,0.00,-0.159251,0.9803,0.0000,-0.084085,1.8990,0.47,6.54,7.49,5.87,-4.294748,-15.3659,0.4699,0.008000,0.116900,0.0237,0.069087,-0.019786,0.004997,-537.7470315624064,-1731.7782961354537,-460.2140875747409,-513.4769729086626,-0.006131,-0.028868,6221.3,6399.3,0.541667,0.263657,1.000000,4.6933,1.0000,,,,,
8.4000,1778839086.997916,700,26.532913,-1.738515,-0.055051,4.8391,-0.2024,-0.161515,26.579715,-1.716751,-0.058584,4.8191,26.568183,-1.743655,-0.056276,4.7308,-0.1611,-0.158327,1.232608,-0.0766,26.568183,-1.743655,0.012216,4.2534,1.000000,-0.188431,2046.3168,0,1,clay,1.0000,0.500000,0,0,0.000000,0.000000,0.000000,0,nan,0.00,-0.136524,0.9812,0.0000,-0.072085,1.8967,0.48,6.49,7.46,6.21,-4.302951,-15.4770,0.5657,0.008000,0.152122,0.2320,0.090649,-0.033945,-0.006250,-435.37624256096115,-1414.0470021580104,-391.5929965264428,-480.0824944235395,0.006815,-0.026159,6219.7,6400.9,0.544505,0.264606,1.000000,4.7216,1.0000,,,,,
8.4120,1778839087.009834,701,26.631683,-1.766068,-0.057538,4.8123,-0.1447,-0.151284,26.637348,-1.724870,-0.060402,4.8429,26.666865,-1.771186,-0.058724,4.7484,-0.1554,-0.152927,1.245217,-0.0646,26.666865,-1.771186,0.010245,4.2070,1.000000,-0.386973,1975.3609,0,1,clay,1.0000,0.500000,0,0,0.000000,0.000000,0.000000,0,nan,0.00,-0.113796,0.9821,0.0000,-0.060085,1.8921,0.49,6.35,7.32,5.55,-4.363370,-14.9731,0.6358,0.008000,0.075024,-0.0417,0.089840,-0.037611,-0.007953,-296.25539403379514,-739.9607708446549,-360.19144833430903,-509.89797411226675,0.016670,-0.025665,6216.3,6404.3,0.550430,0.269545,1.000000,4.7391,1.0000,,,,,
8.4240,1778839087.021854,702,26.781825,-1.699575,-0.056164,4.9213,-0.2176,-0.145842,26.695269,-1.732946,-0.062149,4.8687,26.816660,-1.704586,-0.057295,4.7836,-0.1632,-0.147489,1.254563,-0.0527,26.816660,-1.704586,0.010569,4.1250,1.000000,-0.579983,1931.3623,0,1,clay,1.0000,0.500000,0,0,0.000000,0.000000,0.000000,0,nan,0.00,-0.091069,0.9830,0.0000,-0.048085,1.8851,0.49,6.28,7.26,5.84,-4.371446,-15.0732,0.7437,0.008000,0.105341,0.4050,0.093090,-0.048949,-0.007983,-252.49060967059785,-1114.9524811272067,-288.83539831579895,-462.7784473021204,0.029152,-0.021830,6213.5,6407.0,0.555189,0.252541,1.000000,4.7744,1.0000,,,,,
8.4360,1778839087.033806,703,26.772069,-1.774984,-0.063019,4.8538,-0.1270,-0.142799,26.753465,-1.741029,-0.063873,4.8910,26.806617,-1.780064,-0.064105,4.7989,-0.1532,-0.141915,1.261283,-0.0408,26.806617,-1.780064,0.004716,4.1309,1.000000,-0.672384,1856.7073,0,1,clay,1.0000,0.500000,0,0,0.000000,0.000000,0.000000,0,nan,0.00,-0.068342,0.9838,0.0000,-0.036085,1.8771,0.49,6.19,7.17,5.70,-4.379529,-15.1720,0.7601,0.008000,0.051019,0.0507,0.083200,-0.054868,-0.011787,-165.45997529305515,-927.208718662438,-246.46126268895648,-481.6292485891184,0.037951,-0.022277,6211.5,6409.1,0.558762,0.266846,1.000000,4.7897,1.0000,,,,,
8.4480,1778839087.045837,704,26.801733,-1.756193,-0.065738,5.0034,-0.1306,-0.141710,26.811949,-1.749136,-0.065582,4.9159,26.836152,-1.761227,-0.066782,4.8402,-0.1453,-0.136929,1.260802,-0.0289,26.836152,-1.761227,0.001282,4.1137,1.000000,-0.680597,1818.8261,0,1,clay,1.0000,0.500000,0,0,0.000000,0.000000,0.000000,0,nan,0.00,-0.045615,0.9846,0.0000,-0.024085,1.8689,0.49,6.04,7.03,5.22,-4.387636,-15.2699,0.8023,0.008000,0.048442,0.7354,0.099076,-0.068606,-0.017584,-94.04968647392874,13.490554200042567,-162.00971087761064,-454.0566305676906,0.046959,-0.022283,6211.4,6409.1,0.558820,0.245633,1.000000,4.8311,1.0000,,,,,
8.4600,1778839087.057836,705,26.897368,-1.686039,-0.066211,4.9902,-0.1207,-0.132409,26.870716,-1.757221,-0.067231,4.9405,26.931317,-1.690892,-0.067198,4.8708,-0.1369,-0.131057,1.264553,-0.0171,26.931317,-1.690892,-0.000352,4.0637,1.000000,-0.799759,1817.0792,0,1,clay,1.0000,0.500000,0,0,0.000000,0.000000,0.000000,0,nan,0.00,-0.022887,0.9853,0.0000,-0.012085,1.8593,0.49,6.03,7.02,5.98,-4.395721,-15.3644,0.8769,0.008000,0.102640,0.3026,0.110536,-0.040987,-0.004399,-5.931214096505663,-696.4183765257598,-122.25803781475923,-472.5875507235593,0.055649,-0.022057,6210.5,6410.1,0.560458,0.249656,1.000000,4.8619,1.0000,,,,,
8.4720,1778839087.069840,706,26.871012,-1.718321,-0.068040,4.8922,-0.1500,-0.131736,26.929772,-1.765250,-0.068830,4.9630,26.904920,-1.723167,-0.068993,4.8765,-0.1347,-0.125378,1.242681,-0.0051,26.904920,-1.723167,-0.001796,4.0762,1.000000,-0.782171,1788.9846,0,1,clay,1.0000,0.500000,0,0,0.000000,0.000000,0.000000,0,nan,0.00,-0.000160,0.9860,0.0000,-0.000085,1.8499,0.49,6.04,7.02,6.09,-4.453250,-14.8201,0.8868,0.008000,0.076741,-0.3383,0.088887,-0.057368,-0.002953,80.71344328172312,-532.3849477475399,-20.737773189802567,-459.7987513377612,0.066421,-0.020756,6215.8,6404.7,0.551165,0.265630,1.000000,4.8678,1.0000,,,,,
8.4840,1778839087.081823,707,27.000076,-1.790693,-0.067988,5.0304,-0.0820,-0.135133,26.989112,-1.773292,-0.070438,4.9893,27.034267,-1.795426,-0.068918,4.9080,-0.1204,-0.120815,1.248905,0.0069,27.034267,-1.795426,-0.000750,4.0327,1.000000,-0.773082,1683.3860,0,1,clay,1.0000,0.500000,0,0,0.000000,0.000000,0.000000,0,nan,0.00,0.022567,0.9867,0.0000,0.011915,1.8406,0.49,6.04,7.02,6.04,-4.461292,-14.9122,0.9566,0.008000,0.032553,0.2127,0.106944,-0.052767,-0.011682,118.35461303952572,-144.09050183042262,85.40621513568065,-443.459538777825,0.074553,-0.022515,6214.3,6406.3,0.553862,0.244691,1.000000,4.8992,1.0000,,,,,
8.4960,1778839087.093718,708,27.032469,-1.750070,-0.075091,4.9923,-0.0641,-0.131865,27.048740,-1.781265,-0.071992,5.0113,27.066688,-1.754902,-0.075993,4.9261,-0.1052,-0.116099,1.255052,0.0189,27.066688,-1.754902,-0.008540,4.0295,1.000000,-0.868613,1672.1484,0,1,clay,1.0000,0.500000,0,0,0.000000,0.000000,0.000000,0,nan,0.00,0.045294,0.9873,0.0000,0.023915,1.8302,0.48,6.05,7.02,6.11,-4.469265,-15.0012,0.9818,0.008000,0.195941,-0.4639,0.091907,-0.047317,-0.015015,293.29220467704715,-190.20390298441743,150.74868596828554,-473.2789732186799,0.082671,-0.024436,6212.8,6407.8,0.556543,0.253826,1.000000,4.9173,1.0000,,,,,
8.5080,1778839087.105806,709,27.099349,-1.767389,-0.069241,5.0362,-0.0826,-0.123995,27.108638,-1.789176,-0.073508,5.0343,27.133872,-1.771934,-0.070114,4.9491,-0.0957,-0.110402,1.256074,0.0309,27.133872,-1.771934,-0.002598,4.0299,1.000000,-0.971660,1626.5337,0,1,clay,1.0000,0.500000,0,0,0.000000,0.000000,0.000000,0,nan,0.00,0.068022,0.9879,0.0000,0.035915,1.8185,0.49,6.10,7.08,6.38,-4.477176,-15.0880,1.0045,0.008000,0.075450,0.1643,0.086194,-0.040132,-0.019747,300.00959307381805,-353.03472018043476,227.59646530285522,-486.5617861462367,0.091676,-0.024679,6212.3,6408.2,0.557299,0.249963,1.000000,4.9403,1.0000,,,,,
8.5200,1778839087.117802,710,27.088047,-1.835914,-0.079730,5.0570,0.0835,-0.110877,27.168826,-1.796913,-0.074917,5.0580,27.122901,-1.840521,-0.080563,4.9718,-0.0582,-0.102940,1.258873,0.0430,27.122901,-1.840521,-0.012300,4.0293,1.000000,-1.119530,1566.4365,0,1,clay,1.0000,0.500000,0,0,0.000000,0.000000,0.000000,0,nan,0.00,0.090749,0.9885,0.0000,0.047915,1.8051,0.48,6.05,7.02,5.75,-4.531413,-14.4828,1.0287,0.008000,0.050451,-0.3274,0.089917,-0.014218,-0.028614,527.0998420802562,-288.65818336345484,204.11625679347387,-563.0893651670267,0.093964,-0.030451,6211.4,6409.1,0.558871,0.248427,1.000000,4.9629,1.0000,,,,,
8.5320,1778839087.129744,711,27.241661,-1.854209,-0.081668,5.0162,-0.1981,-0.104660,27.229302,-1.804435,-0.076191,5.0821,27.276275,-1.858928,-0.082449,4.9820,-0.0776,-0.095897,1.257219,0.0549,27.276275,-1.858928,-0.013694,4.0407,1.000000,-1.154334,1464.8624,0,1,clay,1.0000,0.500000,0,0,0.000000,0.000000,0.000000,0,nan,0.00,0.113476,0.9891,0.0000,0.059915,1.7913,0.48,5.95,6.91,5.40,-4.538935,-14.5558,1.0414,0.008000,0.096632,-0.5514,0.064144,-0.033941,-0.028831,502.6778479660025,-210.28080884551886,352.23883256585907,-518.1061838684693,0.108809,-0.023759,6211.6,6409.0,0.558573,0.257635,1.000000,4.9732,1.0000,,,,,
8.5440,1778839087.141859,712,27.264901,-1.778242,-0.072625,5.0820,-0.0916,-0.103455,27.290056,-1.811890,-0.077436,5.1052,27.299277,-1.782525,-0.073358,5.0030,-0.0741,-0.089655,1.258429,0.0668,27.299277,-1.782525,-0.006005,4.0415,1.000000,-1.174367,1526.5442,0,1,clay,1.0000,0.500000,0,0,0.000000,0.000000,0.000000,0,nan,0.00,0.136204,0.9896,0.0000,0.071915,1.7772,0.49,5.84,6.81,5.22,-4.546390,-14.6272,1.0636,0.008000,0.072605,0.3249,0.069205,-0.042288,-0.032157,361.78069783081037,-233.20249574627832,483.97355168088995,-497.5910355977161,0.118745,-0.022382,6211.2,6409.3,0.559170,0.247870,1.000000,4.9942,1.0000,,,,,
8.5560,1778839087.153810,713,27.362766,-1.796725,-0.079965,5.1212,-0.0853,-0.101099,27.351113,-1.819309,-0.078671,5.1299,27.396718,-1.801122,-0.080653,5.0274,-0.0699,-0.083967,1.259511,0.0787,27.396718,-1.801122,-0.013094,4.0416,1.000000,-1.347092,1464.7493,0,1,clay,1.0000,0.500000,0,0,0.000000,0.000000,0.000000,0,nan,0.00,0.158931,0.9901,0.0000,0.083915,1.7610,0.48,5.75,6.72,5.26,-4.553809,-14.6980,1.0883,0.008000,0.056789,0.0292,0.052571,-0.042593,-0.027900,326.8917321010646,-331.0015968037126,606.5991090315028,-482.78127275828217,0.128622,-0.021334,6211.0,6409.6,0.559651,0.241101,1.000000,5.0188,1.0000,,,,,
8.5680,1778839087.165883,714,27.481857,-1.862355,-0.087404,5.1633,-0.0946,-0.098131,27.412451,-1.826702,-0.079881,5.1523,27.515632,-1.866914,-0.088052,5.0552,-0.0677,-0.078322,1.250990,0.0907,27.515632,-1.866914,-0.019624,4.0390,0.959760,-1.330640,1331.4673,0,1,clay,1.0000,0.500000,0,0,0.000000,0.000000,0.000000,0,nan,0.00,0.180744,0.9906,0.0000,0.095433,1.7450,0.49,5.81,6.79,6.11,-4.604502,-14.0262,1.1133,0.008000,0.124064,-0.4068,0.049509,-0.047083,-0.027087,342.23173990386584,-255.67074571143755,731.9782138531182,-462.18044137840707,0.139010,-0.019912,6212.9,6407.7,0.556367,0.237743,1.000000,5.0468,1.0000,,,,,
8.5800,1778839087.177630,715,27.473014,-1.840240,-0.081633,5.1808,-0.0693,-0.096114,27.474080,-1.834012,-0.081031,5.1771,27.507167,-1.844549,-0.082253,5.0812,-0.0607,-0.072602,1.250461,0.1019,27.507167,-1.844549,-0.014539,4.0392,-0.414180,-1.375483,1358.4291,0,1,clay,1.0000,0.500000,0,0,0.000000,0.000000,0.000000,0,nan,0.00,0.171330,0.9910,0.0000,0.090462,1.7285,0.48,5.75,6.71,5.40,-4.611812,-14.0922,1.1379,0.008000,0.097905,-0.0059,0.071950,-0.039049,-0.024759,384.17684708554117,-207.1088197802692,853.019793486239,-452.54465232957676,0.148118,-0.019599,6213.0,6407.6,0.556104,0.234179,0.959760,5.0727,1.0000,,,,,
8.5920,1778839087.189828,716,27.515545,-1.809924,-0.083318,5.1829,-0.0461,-0.090797,27.536001,-1.841273,-0.082146,5.2013,27.549550,-1.814189,-0.083916,5.1025,-0.0551,-0.071743,1.249130,0.0877,27.549550,-1.814189,-0.016818,4.0387,1.000000,-1.480939,1364.1705,0,1,clay,1.0000,0.500000,0,0,0.000000,0.000000,0.000000,0,nan,0.00,0.194058,0.9915,0.0000,0.102462,1.7108,0.48,5.66,6.63,5.16,-4.619073,-14.1560,1.1626,0.008000,0.050751,-0.1329,0.061125,-0.059599,-0.046398,276.72163396972104,-276.0352948080979,2256.111480361384,-462.16616982801673,0.140018,-0.019883,6213.3,6407.3,0.555616,0.235903,-0.414180,5.0940,1.0000,,,,,
8.6040,1778839087.201809,717,27.518504,-1.856299,-0.079501,5.1861,0.0107,-0.091543,27.598210,-1.848544,-0.083250,5.2258,27.552210,-1.860222,-0.080062,5.1202,-0.0357,-0.065889,1.246235,0.1091,27.552210,-1.860222,-0.012557,4.0387,1.000000,-1.509439,1328.3938,0,1,clay,1.0000,0.500000,0,0,0.000000,0.000000,0.000000,0,nan,0.00,0.216785,0.9919,0.0000,0.114462,1.6926,0.48,5.61,6.58,5.34,-4.626344,-14.2192,1.1871,0.008000,0.051085,0.4642,0.060288,-0.050448,-0.044800,291.8196959497626,-266.81211295676064,791.4316440196008,-470.1649651971348,0.147407,-0.022306,6213.9,6406.7,0.554593,0.235205,1.000000,5.1119,1.0000,,,,,
8.6160,1778839087.213762,718,27.707433,-1.838835,-0.076132,5.2843,-0.0072,-0.091324,27.660732,-1.855847,-0.084348,5.2616,27.741143,-1.842521,-0.076666,5.1535,-0.0235,-0.061448,1.243520,0.1210,27.741143,-1.842521,-0.009516,4.0392,1.000000,-1.603702,1264.4542,0,1,clay,1.0000,0.500000,0,0,0.000000,0.000000,0.000000,0,nan,0.00,0.239512,0.9923,0.0000,0.126462,1.6734,0.49,5.55,6.52,5.18,-4.673547,-13.5261,1.2224,0.008000,0.082135,0.2878,0.070507,-0.043240,-0.044828,246.14044541586605,285.11509649677805,903.9509611434023,-458.582373912387,0.156217,-0.023469,6214.5,6406.0,0.553447,0.230160,1.000000,5.1452,1.0000,,,,,
8.6280,1778839087.225850,719,27.734171,-1.863489,-0.082254,5.2330,0.1000,-0.115305,27.723483,-1.863543,-0.085684,5.2719,27.767689,-1.867178,-0.082792,5.1702,0.0060,-0.061397,1.215337,0.1330,27.767689,-1.867178,-0.015423,4.0394,1.000000,-1.599098,1235.8845,0,1,clay,1.0000,0.500000,0,0,0.000000,0.000000,0.000000,0,nan,0.00,0.262239,0.9926,0.0000,0.138462,1.6542,0.49,5.48,6.46,5.10,-4.681243,-13.6027,1.2325,0.008000,0.123859,0.4929,0.064561,-0.054932,-0.072829,96.61875108466212,-651.1328778388328,1294.2907043744294,-441.9649397578495,0.163167,-0.029995,6221.5,6399.0,0.541236,0.234320,1.000000,5.1622,1.0000,,,,,
8.6400,1778839087.237779,720,27.769727,-1.921713,-0.092528,5.2851,0.0145,-0.101085,27.786484,-1.871226,-0.086982,5.2929,27.802966,-1.925643,-0.093049,5.1938,0.0147,-0.058807,1.206063,0.1449,27.802966,-1.925643,-0.025042,4.0395,1.000000,-1.659164,1150.8246,0,1,clay,1.0000,0.500000,0,0,0.000000,0.000000,0.000000,0,nan,0.00,0.284967,0.9930,0.0000,0.150462,1.6343,0.48,5.45,6.42,5.28,-4.688926,-13.6770,1.2535,0.008000,0.001491,-0.0281,0.078268,-0.033445,-0.083071,661.2098269610909,-841.5749366535423,1210.3491039281669,-477.06392603686186,0.173396,-0.031063,6223.9,6396.6,0.537073,0.232401,1.000000,5.1860,1.0000,,,,,
8.6520,1778839087.249761,721,27.912742,-1.912416,-0.089829,5.3499,0.0162,-0.080908,27.849770,-1.878496,-0.088010,5.3145,27.946003,-1.916153,-0.090313,5.2255,0.0225,-0.052763,1.202319,0.1569,27.946003,-1.916153,-0.022629,4.0394,1.000000,-1.694951,1127.9737,0,1,clay,1.0000,0.500000,0,0,0.000000,0.000000,0.000000,0,nan,0.00,0.307694,0.9933,0.0000,0.162462,1.6140,0.48,5.41,6.37,5.19,-4.696196,-13.7360,1.2751,0.008000,0.136742,-0.4300,0.088918,-0.022001,-0.080429,1023.6461071889455,-630.2943502226339,1083.3055179994717,-505.90546384050253,0.182644,-0.030627,6224.8,6395.8,0.535563,0.225588,1.000000,5.2177,1.0000,,,,,
8.6640,1778839087.261811,722,27.911416,-1.892236,-0.084914,5.2959,-0.0220,-0.069357,27.913357,-1.885387,-0.088802,5.3384,27.944678,-1.895745,-0.085355,5.2406,0.0223,-0.045422,1.197889,0.1688,27.944678,-1.895745,-0.018177,4.0394,1.000000,-1.712850,1136.0624,0,1,clay,1.0000,0.500000,0,0,0.000000,0.000000,0.000000,0,nan,0.00,0.330421,0.9936,0.0000,0.174462,1.5934,0.49,5.39,6.36,5.25,-4.739587,-12.9877,1.2990,0.008000,0.033949,0.2369,0.079507,-0.036541,-0.091881,1312.4362909279725,-1369.6386535092272,1124.3940195544487,-511.1004451133239,0.193240,-0.028198,6225.9,6394.7,0.533691,0.232840,1.000000,5.2329,1.0000,,,,,
8.6760,1778839087.273800,723,27.949119,-1.868041,-0.084901,5.3356,0.0375,-0.056873,27.977225,-1.892004,-0.089415,5.3579,27.982362,-1.871400,-0.085290,5.2603,0.0332,-0.036998,1.179433,0.1808,27.982362,-1.871400,-0.018640,4.0393,1.000000,-1.588675,1148.4506,0,1,clay,1.0000,0.500000,0,0,0.000000,0.000000,0.000000,0,nan,0.00,0.353149,0.9939,0.0000,0.186462,1.5743,0.48,5.37,6.34,5.25,-4.746204,-13.0228,1.3186,0.008000,0.092621,0.6293,0.072429,-0.022440,-0.094388,1211.7822391550126,-1346.4094382055184,1201.0551615882378,-528.3189695214257,0.201145,-0.027618,6230.5,6390.0,0.525570,0.228416,1.000000,5.2528,1.0000,,,,,
8.6880,1778839087.285689,724,27.984257,-1.949856,-0.089697,5.4695,-0.0079,-0.036870,28.041381,-1.898390,-0.089878,5.3810,28.017615,-1.953281,-0.090020,5.3022,0.0341,-0.026456,1.172130,0.1928,28.017615,-1.953281,-0.022684,4.0393,1.000000,-1.765436,1090.4173,0,1,clay,1.0000,0.500000,0,0,0.000000,0.000000,0.000000,0,nan,0.00,0.375876,0.9942,0.0000,0.198462,1.5532,0.48,5.35,6.31,5.24,-4.752590,-13.0493,1.3418,0.008000,0.053782,-0.0105,0.088441,-0.008927,-0.076472,1156.4288744427986,-1290.9299358986657,1294.0493097968365,-546.9563387807515,0.210247,-0.024112,6232.6,6388.0,0.521978,0.208877,1.000000,5.2947,1.0000,,,,,
8.7000,1778839087.297777,725,27.995670,-1.875322,-0.089629,5.4242,-0.0163,-0.033404,28.105815,-1.904682,-0.090278,5.4034,28.029063,-1.878664,-0.089895,5.3272,0.0337,-0.016893,1.167190,0.2048,28.029063,-1.878664,-0.023872,4.0393,1.000000,-1.814363,1123.3778,0,1,clay,1.0000,0.500000,0,0,0.000000,0.000000,0.000000,0,nan,0.00,0.398603,0.9945,0.0000,0.210462,1.5314,0.48,5.31,6.27,5.11,-4.758882,-13.0723,1.3641,0.008000,0.060848,0.0837,0.092389,-0.036686,-0.085786,785.2595729562797,-1451.3609523502769,1426.4362510255232,-533.9833773700022,0.220083,-0.020837,6233.6,6387.0,0.520271,0.215547,1.000000,5.3198,1.0000,,,,,
8.7120,1778839087.310293,726,28.204842,-1.875031,-0.085568,5.4557,-0.0428,-0.029418,28.170521,-1.910983,-0.090691,5.4257,28.238160,-1.878183,-0.085782,5.3534,0.0288,-0.008272,1.162622,0.2167,28.238160,-1.878183,-0.019831,4.0393,1.000000,-1.870191,1044.3743,0,1,clay,1.0000,0.500000,0,0,0.000000,0.000000,0.000000,0,nan,0.00,0.421330,0.9948,0.0000,0.222462,1.5089,0.47,5.31,6.25,5.29,-4.797983,-12.2462,1.3865,0.008000,0.149035,0.0620,0.101306,-0.054503,-0.096240,857.6923680984853,-777.271468292093,1578.9248301290213,-521.0115251040929,0.231059,-0.016993,6234.7,6385.9,0.518352,0.211652,1.000000,5.3461,1.0000,,,,,
8.7240,1778839087.321800,727,28.241893,-1.870701,-0.082700,5.4563,-0.0550,-0.049067,28.235508,-1.917774,-0.091434,5.4620,28.275365,-1.873777,-0.082892,5.3747,0.0234,-0.003810,1.157368,0.2287,28.275365,-1.873777,-0.017231,4.0393,1.000000,-1.889146,1035.4428,0,1,clay,1.0000,0.500000,0,0,0.000000,0.000000,0.000000,0,nan,0.00,0.444058,0.9950,0.0000,0.234462,1.4863,0.48,5.29,6.24,5.18,-4.804774,-12.2887,1.4227,0.008000,0.026182,0.0064,0.089606,-0.074308,-0.117557,713.5313998556227,-1035.2683742099973,1784.717524081343,-404.33501924046385,0.243809,-0.014688,6235.9,6384.7,0.516188,0.212391,1.000000,5.3674,1.0000,,,,,
8.7360,1778839087.333791,728,28.365233,-1.968777,-0.100471,5.4364,-0.0900,-0.067065,28.300818,-1.924459,-0.092089,5.4768,28.398617,-1.972522,-0.100665,5.3880,0.0132,-0.002946,1.146528,0.2407,28.398617,-1.972522,-0.033592,4.0393,1.000000,-1.905457,912.7037,0,1,clay,1.0000,0.500000,0,0,0.000000,0.000000,0.000000,0,nan,0.00,0.466785,0.9953,0.0000,0.246462,1.4634,0.48,5.29,6.24,5.31,-4.811459,-12.3262,1.4375,0.008000,0.096786,-0.6612,0.089044,-0.107398,-0.140844,1792.1037252544752,-438.6980818720569,2029.0648718268662,-279.76102236832617,0.258713,-0.012701,6238.6,6381.9,0.511438,0.216595,1.000000,5.3808,1.0000,,,,,
8.7480,1778839087.345796,729,28.277723,-1.949848,-0.092446,5.5375,0.0428,-0.022236,28.366369,-1.930679,-0.092441,5.4944,28.311384,-1.953168,-0.092589,5.4183,0.0292,0.006026,1.141465,0.2527,28.311384,-1.953168,-0.026283,4.0393,1.000000,-1.916801,966.1763,0,1,clay,1.0000,0.500000,0,0,0.000000,0.000000,0.000000,0,nan,0.00,0.489512,0.9955,0.0000,0.258462,1.4404,0.48,5.28,6.24,5.24,-4.817679,-12.3465,1.4551,0.008000,0.052591,0.3715,0.096671,-0.087317,-0.142029,2075.303661973676,-556.7800592377146,2084.746589012914,-490.2265307252506,0.265649,-0.013074,6239.9,6380.7,0.509254,0.202295,1.000000,5.4111,1.0000,,,,,
8.7600,1778839087.357859,730,28.525933,-1.899187,-0.090558,5.4211,0.0566,-0.004251,28.432187,-1.936463,-0.092562,5.5129,28.559582,-1.902245,-0.090638,5.4201,0.0448,0.016654,1.129163,0.2647,28.559582,-1.902245,-0.024795,4.0392,-1.000000,-2.000000,925.1818,0,1,clay,1.0000,0.500000,0,0,0.000000,0.000000,0.000000,0,nan,0.00,0.466785,0.9957,0.0000,0.246462,1.4164,0.48,5.27,6.22,5.18,-4.852463,-11.4769,1.4737,0.008000,0.092470,0.2883,0.067319,-0.078078,-0.151427,2259.1156827177697,-475.9214841121369,2180.5328417538776,-522.6324289193465,0.272149,-0.012823,6243.0,6377.6,0.503846,0.219089,1.000000,5.4130,1.0000,,,,,
8.7720,1778839087.369788,731,28.454920,-1.945966,-0.082789,5.5504,0.0597,0.012430,28.498255,-1.941816,-0.092463,5.5294,28.488656,-1.948621,-0.082817,5.4465,0.0526,0.022089,1.103083,0.2402,28.488656,-1.948621,-0.016781,4.0393,1.000000,-2.000000,924.3872,0,1,clay,1.0000,0.500000,0,0,0.000000,0.000000,0.000000,0,nan,0.00,0.489512,0.9959,0.0000,0.258462,1.3924,0.47,5.27,6.22,5.27,-4.857816,-11.4712,1.4901,0.008000,0.011237,0.4073,0.079275,-0.054612,-0.143626,2226.880675490101,-303.90513018809906,1950.454717070666,-467.13559687878774,0.254619,-0.011658,6249.5,6371.1,0.492542,0.202064,-1.000000,5.4396,1.0000,,,,,
8.7840,1778839087.381860,732,28.604360,-1.866347,-0.090078,5.5759,0.1036,0.025343,28.564558,-1.946778,-0.092186,5.5459,28.638294,-1.869023,-0.090030,5.4728,0.0731,0.035765,1.087005,0.2647,28.638294,-1.869023,-0.025189,4.0392,1.000000,-2.000000,935.4028,0,1,clay,1.0000,0.500000,0,0,0.000000,0.000000,0.000000,0,nan,0.00,0.512239,0.9960,0.0000,0.270462,1.3684,0.48,5.26,6.21,5.21,-4.862778,-11.4554,1.5067,0.008000,0.111305,-0.0623,0.087760,-0.051993,-0.144579,1987.3288943172495,-552.7772430786129,2082.561387642335,-391.63921717510993,0.259910,-0.011492,6253.5,6367.0,0.485448,0.201558,1.000000,5.4660,1.0000,,,,,
8.7960,1778839087.393853,733,28.615159,-1.940764,-0.097513,5.4990,0.0561,0.029407,28.631128,-1.951464,-0.091808,5.5671,28.649094,-1.943549,-0.097400,5.4792,0.0804,0.046783,1.082341,0.2767,28.649094,-1.943549,-0.031595,4.0392,1.000000,-2.000000,897.3181,0,1,clay,1.0000,0.500000,0,0,0.000000,0.000000,0.000000,0,nan,0.00,0.534967,0.9953,0.0000,0.282462,1.3444,0.48,5.24,6.20,5.13,-4.892464,-10.4976,1.5279,0.008000,0.092486,-0.2777,0.053020,-0.051400,-0.129093,2185.461552198116,-1023.9534545622913,2195.301214321629,-357.89727997413064,0.267987,-0.009464,6254.7,6365.9,0.483384,0.213469,1.000000,5.4724,1.0000,,,,,
8.8080,1778839087.405735,734,28.806626,-1.966280,-0.090898,5.6734,0.1051,0.042848,28.697938,-1.955874,-0.091319,5.5842,28.840686,-1.968652,-0.090718,5.5179,0.0953,0.058256,1.068429,0.2887,28.840686,-1.968652,-0.024939,4.0395,-1.000000,-1.988922,875.3246,0,1,clay,1.0000,0.500000,0,0,0.000000,0.000000,0.000000,0,nan,0.00,0.512239,0.9940,0.0000,0.270462,1.3205,0.47,5.26,6.21,5.34,-4.896874,-10.4696,1.5447,0.008000,0.250303,0.0393,0.067404,-0.040663,-0.124719,2014.7918876585368,-275.64140043379894,2308.464191621649,-238.5724828562512,0.274393,-0.008697,6258.3,6362.3,0.477217,0.190585,1.000000,5.5113,1.0000,,,,,
8.8200,1778839087.417835,735,28.847895,-1.988414,-0.085639,5.6662,0.0456,0.056125,28.764988,-1.959978,-0.090678,5.6026,28.882268,-1.990553,-0.085404,5.5478,0.0917,0.064298,1.048240,0.2643,28.882268,-1.990553,-0.019695,4.0396,1.000000,-2.000000,843.4803,0,1,clay,1.0000,0.500000,0,0,0.000000,0.000000,0.000000,0,nan,0.00,0.534967,0.9919,0.0000,0.282462,1.2965,0.48,5.26,6.22,5.31,-4.900978,-10.4329,1.5630,0.008000,0.100929,0.0555,0.071622,-0.042093,-0.111025,1929.1528401373102,-117.71428077018385,2075.481881576273,-85.53359110758072,0.259275,-0.005219,6263.4,6357.2,0.468290,0.191472,-1.000000,5.5413,1.0000,,,,,
8.8320,1778839087.429794,736,28.785182,-1.866746,-0.088051,5.5892,0.0692,0.065940,28.832292,-1.963795,-0.089910,5.6212,28.819638,-1.868821,-0.087742,5.5570,0.0989,0.077591,1.035526,0.2887,28.819638,-1.868821,-0.023757,4.0395,1.000000,-2.000000,894.1143,0,1,clay,1.0000,0.500000,0,0,0.000000,0.000000,0.000000,0,nan,0.00,0.557694,0.9892,0.0000,0.294462,1.2725,0.47,5.27,6.22,5.32,-4.904795,-10.3888,1.5817,0.008000,0.056078,-0.2737,0.060127,-0.035425,-0.101355,1856.2049017509348,84.96201497044203,2276.7387405695267,25.251014828656082,0.267381,-0.002684,6266.6,6354.0,0.462709,0.204294,1.000000,5.5506,1.0000,,,,,
8.8440,1778839087.441799,737,28.912214,-1.969987,-0.096792,5.6635,0.0089,0.069834,28.899857,-1.967433,-0.089070,5.6442,28.946752,-1.972316,-0.096421,5.5788,0.0933,0.088298,1.015760,0.3007,28.946752,-1.972316,-0.031214,4.0395,0.901644,-1.983242,788.4158,0,1,clay,1.0000,0.500000,0,0,0.000000,0.000000,0.000000,0,nan,0.00,0.578186,0.9859,0.0000,0.305282,1.2487,0.47,5.25,6.18,5.13,-4.929233,-9.3795,1.6046,0.008000,0.060632,0.2388,0.069799,-0.039263,-0.089703,1689.4422230898517,-100.78921666461872,2434.595678658123,157.14323990295864,0.278175,0.001680,6271.6,6349.0,0.453976,0.195446,1.000000,5.5724,1.0000,,,,,
8.8560,1778839087.453920,738,29.034009,-1.929807,-0.089364,5.6499,0.0502,0.072016,28.967672,-1.970946,-0.088191,5.6612,29.068606,-1.931784,-0.088940,5.5936,0.0964,0.097453,0.992635,0.3109,29.068606,-1.931784,-0.024418,4.0387,0.631354,-1.998799,784.9955,0,1,clay,1.0000,0.500000,0,0,0.000000,0.000000,0.000000,0,nan,0.00,0.592535,0.9820,0.0000,0.312858,1.2248,0.47,5.25,6.19,5.22,-4.932746,-9.3292,1.6225,0.008000,0.195689,0.1502,0.054997,-0.060295,-0.097565,1509.2577593374374,241.47922543428206,2713.039186445936,236.7435344263334,0.286469,0.003874,6277.5,6343.1,0.443710,0.198027,0.901644,5.5874,1.0000,,,,,
8.8680,1778839087.465801,739,29.002059,-1.986336,-0.093343,5.6805,0.1317,0.085569,29.035748,-1.974199,-0.087188,5.6813,29.036740,-1.988262,-0.092861,5.6116,0.1131,0.106834,0.983055,0.3168,29.036740,-1.988262,-0.027802,4.0390,-1.000000,-1.998243,769.9691,0,1,clay,1.0000,0.500000,0,0,0.000000,0.000000,0.000000,0,nan,0.00,0.569808,0.9775,0.0000,0.300858,1.2008,0.47,5.23,6.18,5.17,-4.935999,-9.2717,1.6423,0.008000,0.106611,-0.2504,0.072395,-0.131997,-0.167231,2029.6559253940259,139.20893776316012,3359.021457573125,362.81399569209435,0.288484,0.003616,6279.9,6340.7,0.439517,0.196212,0.631354,5.6054,1.0000,,,,,
8.8800,1778839087.477807,740,29.128178,-2.056948,-0.095076,5.6535,0.1562,0.089803,29.104078,-1.977244,-0.086113,5.7023,29.162834,-2.058776,-0.094559,5.6207,0.1269,0.110363,0.966418,0.2947,29.162834,-2.058776,-0.028641,4.0382,1.000000,-2.000000,705.6474,0,1,clay,1.0000,0.500000,0,0,0.000000,0.000000,0.000000,0,nan,0.00,0.592535,0.9726,0.0000,0.312858,1.1768,0.47,5.24,6.18,5.25,-4.939044,-9.2101,1.6641,0.008000,0.120277,-0.8290,0.057912,-0.079661,-0.034781,1923.1397205897256,-65.66848981314371,2237.2858185037203,392.28262000702944,0.270924,0.002818,6284.1,6336.5,0.432155,0.201337,-1.000000,5.6147,1.0000,,,,,
8.8920,1778839087.489849,741,29.131052,-1.969105,-0.081533,5.6777,0.0796,0.092958,29.172645,-1.980104,-0.085002,5.7212,29.165901,-1.970378,-0.080962,5.6329,0.1302,0.120611,0.964529,0.3190,29.165901,-1.970378,-0.016404,4.0382,1.000000,-1.991654,746.7769,0,1,clay,1.0000,0.500000,0,0,0.000000,0.000000,0.000000,0,nan,0.00,0.615262,0.9671,0.0000,0.324858,1.1529,0.48,5.23,6.18,5.16,-4.958404,-8.1239,1.6830,0.008000,0.083311,0.2820,0.045420,-0.081212,-0.097590,1703.2433275524982,36.42529916588222,2547.6073897295482,473.5357740138804,0.280944,0.004996,6284.6,6336.0,0.431340,0.200546,1.000000,5.6269,1.0000,,,,,
8.9040,1778839087.501645,742,29.249707,-2.051132,-0.082628,5.7500,0.1811,0.097229,29.241460,-1.982728,-0.083814,5.7399,29.284543,-2.052253,-0.082015,5.6566,0.1503,0.128724,0.949218,0.3310,29.284543,-2.052253,-0.016642,4.0404,-1.000000,-1.973437,692.8569,0,1,clay,1.0000,0.500000,0,0,0.000000,0.000000,0.000000,0,nan,0.00,0.592535,0.9611,0.0000,0.312858,1.1292,0.47,5.22,6.15,5.17,-4.961028,-8.0558,1.6995,0.008000,0.087755,0.5783,0.063353,-0.063586,-0.068758,1833.6396350092102,275.92679123722246,2655.0580048683614,508.4561479863752,0.287731,0.003501,6288.5,6332.1,0.424529,0.192634,1.000000,5.6507,1.0000,,,,,
8.9160,1778839087.513744,743,29.304407,-2.119241,-0.082446,5.7159,0.0765,0.104185,29.310532,-1.985059,-0.082493,5.7595,29.339234,-2.120351,-0.081806,5.6692,0.1426,0.130712,0.944620,0.3067,29.339234,-2.120351,-0.015698,4.0423,1.000000,-1.989878,700.6728,0,1,clay,1.0000,0.500000,0,0,0.000000,0.000000,0.000000,0,nan,0.00,0.615262,0.9546,0.0000,0.324858,1.1053,0.46,5.20,6.13,5.11,-4.963359,-7.9801,1.7172,0.008000,0.147969,0.1402,0.038564,-0.070042,-0.076754,1895.8727405251213,465.5139152385622,2297.515825417319,626.7641384380013,0.274701,0.006287,6289.7,6330.9,0.422436,0.197347,-1.000000,5.6633,1.0000,,,,,
8.9280,1778839087.525835,744,29.396086,-1.981710,-0.084809,5.7452,0.2385,0.118447,29.379852,-1.987142,-0.081080,5.7803,29.430933,-1.982644,-0.084114,5.6850,0.1716,0.141585,0.943341,0.3310,29.430933,-1.982644,-0.019930,4.0432,1.000000,-2.000000,701.8701,0,1,clay,1.0000,0.500000,0,0,0.000000,0.000000,0.000000,0,nan,0.00,0.637989,0.9478,0.0000,0.336858,1.0813,0.46,5.20,6.12,5.17,-4.977342,-6.8582,1.7371,0.008000,0.054824,-0.3343,0.026540,-0.048720,-0.064956,1685.911403965677,1087.0014285186162,2649.1679533068536,694.3376297345064,0.279631,0.003828,6290.0,6330.6,0.421901,0.192159,1.000000,5.6792,1.0000,,,,,
8.9400,1778839087.537844,745,29.464449,-2.011808,-0.092323,5.8420,0.0452,0.111929,29.449406,-1.989125,-0.079701,5.7986,29.499502,-2.013042,-0.091589,5.7164,0.1597,0.148790,0.928431,0.3430,29.499502,-2.013042,-0.027324,4.0393,1.000000,-2.000000,682.1330,0,1,clay,1.0000,0.500000,0,0,0.000000,0.000000,0.000000,0,nan,0.00,0.660717,0.9405,0.0000,0.348858,1.0573,0.47,5.22,6.15,5.34,-4.979325,-6.7792,1.7593,0.008000,0.146569,-0.7070,0.050122,-0.192916,-0.207354,1548.721585765382,2002.9901587894274,2797.0745950642226,775.7786354655104,0.293014,0.008021,6293.7,6326.8,0.415349,0.182114,1.000000,5.7107,1.0000,,,,,
8.9520,1778839087.549790,746,29.511082,-2.035083,-0.080016,5.8178,0.0757,0.109916,29.519188,-1.991032,-0.078360,5.8169,29.546373,-2.035878,-0.079249,5.7371,0.1562,0.154877,0.916539,0.3550,29.546373,-2.035878,-0.014998,4.0337,1.000000,-2.000000,662.1294,0,1,clay,1.0000,0.500000,0,0,0.000000,0.000000,0.000000,0,nan,0.00,0.683444,0.9327,0.0000,0.360858,1.0333,0.46,5.22,6.15,5.22,-4.981232,-6.7024,1.7832,0.008000,0.032668,0.4340,0.051105,-0.202097,-0.130522,1676.4355863077212,1831.8846270577824,2945.1305803703217,823.0089453006203,0.305163,0.010231,6296.7,6323.8,0.410113,0.185492,1.000000,5.7314,1.0000,,,,,
8.9640,1778839087.561802,747,29.660835,-1.980163,-0.075547,5.8297,0.1307,0.116105,29.589218,-1.992759,-0.076993,5.8367,29.696287,-1.980716,-0.074746,5.7561,0.1636,0.161285,0.912578,0.3670,29.696287,-1.980716,-0.011433,4.0263,1.000000,-2.000000,649.4178,0,1,clay,1.0000,0.500000,0,0,0.000000,0.000000,0.000000,0,nan,0.00,0.706171,0.9246,0.0000,0.372858,1.0093,0.47,5.22,6.15,5.19,-4.982959,-6.6240,1.8104,0.008000,0.040482,0.2090,0.057594,-0.229576,-0.230819,1784.5344731432615,1637.422383539335,3104.7115594768056,887.9752953347808,0.315123,0.010504,6297.7,6322.8,0.408369,0.184676,1.000000,5.7505,1.0000,,,,,
8.9760,1778839087.573789,748,29.669525,-1.950078,-0.071217,5.8966,0.0782,0.118473,29.659489,-1.994245,-0.075578,5.8549,29.705111,-1.950468,-0.070386,5.7843,0.1603,0.167226,0.898953,0.3790,29.705111,-1.950468,-0.007789,4.0276,1.000000,-2.000000,656.5785,0,1,clay,1.0000,0.500000,0,0,0.000000,0.000000,0.000000,0,nan,0.00,0.728899,0.9161,0.0000,0.384858,0.9853,0.46,5.21,6.13,5.15,-4.991745,-5.4190,1.8274,0.008000,0.094073,0.6280,0.068889,-0.207034,-0.140817,1754.951645702196,609.4951737366816,3287.8788086584204,981.5786838531071,0.327222,0.012592,6301.2,6319.4,0.402347,0.176859,1.000000,5.7787,1.0000,,,,,
8.9880,1778839087.585799,749,29.803931,-1.988457,-0.073376,5.9548,0.2297,0.121095,29.730014,-1.995556,-0.074144,5.8767,29.839672,-1.988738,-0.072518,5.8183,0.1856,0.172994,0.890709,0.3910,29.839672,-1.988738,-0.009791,4.0894,1.000000,-2.000000,638.0631,0,1,clay,1.0000,0.500000,0,0,0.000000,0.000000,0.000000,0,nan,0.00,0.751626,0.9073,0.0000,0.396858,0.9613,0.46,5.20,6.13,5.17,-4.993056,-5.3368,1.7873,0.008000,0.121792,0.5814,0.095439,-0.279469,-0.277249,1516.3404721032714,472.8189910512368,3411.6726125318937,958.2995232674566,0.334217,0.009338,6303.3,6317.3,0.398697,0.168750,1.000000,5.8128,1.0000,,,,,
9.0000,1778839087.597894,750,29.770555,-2.069761,-0.075332,5.9261,0.2272,0.124584,29.800768,-1.996690,-0.072664,5.8951,29.806573,-2.069951,-0.074440,5.8402,0.2062,0.179036,0.879797,0.4030,29.806573,-2.069951,-0.010924,4.0673,1.000000,-2.000000,634.6303,0,1,clay,1.0000,0.500000,0,0,0.000000,0.000000,0.000000,0,nan,0.00,0.774353,0.8981,0.0000,0.408858,0.9373,0.48,5.19,6.15,5.14,-4.994190,-5.2520,1.8277,0.008000,0.095166,-0.3685,0.105371,-0.186890,-0.184253,1670.7446311719864,846.9465460398333,3539.3102218326217,943.4266398611319,0.342072,0.007028,6306.0,6314.5,0.393898,0.174636,1.000000,5.8348,1.0000,,,,,
9.0120,1778839087.609811,751,29.899734,-2.073291,-0.063193,5.9289,0.1447,0.126341,29.871773,-1.997666,-0.071143,5.9165,29.935761,-2.073005,-0.062278,5.8584,0.2079,0.184265,0.880018,0.4150,29.935761,-2.073005,0.000996,4.1668,1.000000,-2.000000,607.7741,0,1,clay,1.0000,0.500000,0,0,0.000000,0.000000,0.000000,0,nan,0.00,0.797080,0.8886,0.0000,0.420858,0.9133,0.47,5.18,6.13,5.15,-4.995166,-5.1649,1.7497,0.008000,0.048922,0.3409,0.101416,-0.238824,-0.211271,1468.8858535258662,1090.3295470871935,3713.303427930756,985.5933299783875,0.353385,0.008005,6306.0,6314.6,0.393980,0.173371,1.000000,5.8530,1.0000,,,,,
9.0240,1778839087.621875,752,29.828364,-1.950302,-0.061859,5.8872,0.1319,0.124402,29.943029,-1.998523,-0.069620,5.9350,29.864423,-1.949947,-0.060924,5.8649,0.2075,0.188738,0.852090,0.4270,29.864423,-1.949947,0.000747,4.1079,1.000000,-2.000000,665.0160,0,1,clay,1.0000,0.500000,0,0,0.000000,0.000000,0.000000,0,nan,0.00,0.819808,0.8787,0.0000,0.432858,0.8893,0.48,5.18,6.13,5.12,-4.998523,-4.1578,1.8272,0.008000,0.198198,0.3939,0.095951,-0.076503,-0.030271,1714.5016185142508,625.0366430271031,3853.236644551122,1005.2441046786416,0.365281,0.009113,6313.1,6307.5,0.381647,0.181220,1.000000,5.8596,1.0000,,,,,
9.0360,1778839087.633745,753,30.010513,-1.964997,-0.073807,5.9572,0.1314,0.130467,30.014516,-1.999119,-0.067990,5.9532,30.046537,-1.965049,-0.072851,5.8837,0.2073,0.193608,0.842174,0.4390,30.046537,-1.965049,-0.011107,4.2571,1.000000,-2.000000,635.2691,0,1,clay,1.0000,0.500000,0,0,0.000000,0.000000,0.000000,0,nan,0.00,0.842535,0.8686,0.0000,0.444858,0.8653,0.47,5.22,6.16,5.49,-4.999119,-4.0644,1.6960,0.008000,0.027682,-0.2207,0.099141,-0.127933,-0.102163,2008.3883436823664,346.2514989490918,4072.5277112029435,1096.518624049109,0.377024,0.010340,6315.6,6305.0,0.377246,0.171672,1.000000,5.8785,1.0000,,,,,
9.0480,1778839087.645948,754,30.025295,-1.896632,-0.058877,5.9511,0.1253,0.151981,30.086229,-1.999375,-0.066200,5.9717,30.061707,-1.896080,-0.057865,5.8978,0.2070,0.202529,0.843141,0.4510,30.061707,-1.896080,0.002778,4.2684,1.000000,-2.000000,642.0195,0,1,clay,1.0000,0.500000,0,0,0.000000,0.000000,0.000000,0,nan,0.00,0.865262,0.8583,0.0000,0.456858,0.8413,0.47,5.23,6.16,5.25,-4.999375,-3.9618,1.7034,0.008000,0.137868,1.0218,0.083265,-0.138150,-0.107549,2160.667395604811,126.01658875199519,4381.789754349613,1281.087210766615,0.387885,0.012734,6315.3,6305.2,0.377718,0.173824,1.000000,5.8925,1.0000,,,,,
9.0600,1778839087.657920,755,30.156082,-2.096813,-0.067554,5.9694,0.2275,0.159113,30.158174,-1.999318,-0.064304,5.9890,30.192666,-2.096397,-0.066493,5.9126,0.2254,0.211135,0.827487,0.4630,30.192666,-2.096397,-0.003478,4.3576,1.000000,-2.000000,582.8815,0,1,clay,1.0000,0.500000,0,0,0.000000,0.000000,0.000000,0,nan,0.00,0.887989,0.8477,0.0000,0.468858,0.8173,0.47,5.22,6.17,5.19,-4.999318,-3.6391,1.6314,0.008000,0.065505,-0.2173,0.078655,-0.168691,-0.161491,1944.21895737987,-196.03302755640289,4528.938170681583,1311.2104964411396,0.395298,0.011699,6319.3,6301.3,0.370816,0.176211,1.000000,5.9074,1.0000,,,,,
9.0720,1778839087.669806,756,30.324752,-1.894856,-0.066310,6.0555,0.1187,0.158153,30.230338,-1.999086,-0.062399,6.0081,30.361485,-1.894380,-0.065212,5.9412,0.2208,0.218235,0.822123,0.4750,30.361485,-1.894380,-0.004978,4.4693,1.000000,-2.000000,609.7114,0,1,clay,1.0000,0.500000,0,0,0.000000,0.000000,0.000000,0,nan,0.00,0.910717,0.8368,0.0000,0.480858,0.7933,0.47,5.24,6.18,5.34,-4.999086,-3.5299,1.5388,0.008000,0.100805,-0.4407,0.088706,-0.241697,-0.215977,1700.6347422446165,362.9361140368205,4725.295744938292,1388.2430238755344,0.407384,0.014332,6320.6,6299.9,0.368443,0.165601,1.000000,5.9361,1.0000,,,,,
9.0840,1778839087.681844,757,30.243525,-1.963134,-0.072100,6.0116,0.2229,0.159227,30.302752,-1.998684,-0.060476,6.0279,30.280491,-1.962727,-0.070964,5.9558,0.2367,0.224981,0.823615,0.4870,30.280491,-1.962727,-0.010004,4.4151,-1.000000,-2.000000,614.3814,0,1,clay,1.0000,0.500000,0,0,0.000000,0.000000,0.000000,0,nan,0.00,0.887989,0.8258,0.0000,0.468858,0.7693,0.47,5.22,6.17,5.12,-4.998684,-3.4198,1.6128,0.008000,0.044639,-1.0563,0.076497,-0.162855,-0.159997,1632.0806344086634,148.9339864863365,4861.185561652031,1366.53956531211,0.415934,0.013132,6320.3,6300.3,0.369121,0.171571,1.000000,5.9507,1.0000,,,,,
9.0960,1778839087.693759,758,30.336398,-1.974405,-0.049700,5.9999,0.1995,0.164045,30.375386,-1.998056,-0.058495,6.0451,30.373233,-1.973124,-0.048554,5.9653,0.2396,0.224837,0.816267,0.4627,30.373233,-1.973124,0.012273,4.4772,-1.000000,-2.000000,569.8812,0,1,clay,1.0000,0.500000,0,0,0.000000,0.000000,0.000000,0,nan,0.00,0.865262,0.8145,0.0000,0.456858,0.7453,0.47,5.23,6.16,5.25,-4.998056,-3.3637,1.5679,0.008000,0.088306,0.3162,0.052818,-0.237337,-0.221435,1949.791042372883,850.5317649786418,3562.313977009817,1395.6982525233952,0.401645,0.013197,6322.1,6298.4,0.365851,0.174166,-1.000000,5.9602,1.0000,,,,,
9.1080,1778839087.706797,759,30.426071,-2.035846,-0.058324,6.0905,0.1067,0.174256,30.448240,-1.997166,-0.056449,6.0641,30.463126,-2.034929,-0.057151,5.9905,0.2259,0.227463,0.816212,0.4507,30.463126,-2.034929,0.004236,4.5378,-1.000000,-2.000000,580.5570,0,1,clay,1.0000,0.500000,0,0,0.000000,0.000000,0.000000,0,nan,0.00,0.842535,0.8030,0.0000,0.444858,0.7213,0.47,5.22,6.17,5.21,-4.997166,-3.2464,1.5263,0.008000,0.043280,-0.1024,0.057241,-0.211486,-0.178514,1747.8241980109196,790.3856065098596,3515.550421251544,1533.121483235344,0.390473,0.016777,6322.1,6298.4,0.365835,0.164349,-1.000000,5.9854,1.0000,,,,,
9.1200,1778839087.717803,760,30.513773,-2.025727,-0.043685,6.0694,0.0953,0.175150,30.521265,-1.996019,-0.054346,6.0797,30.550851,-2.024323,-0.042495,6.0066,0.2122,0.229034,0.796442,0.4387,30.550851,-2.024323,0.018484,4.5960,0.116952,-2.000000,561.4523,0,1,clay,1.0000,0.500000,0,0,0.000000,0.000000,0.000000,0,nan,0.00,0.845193,0.7913,0.0000,0.446262,0.6973,0.47,5.22,6.16,5.21,-4.996019,-3.1259,1.4837,0.008000,0.035210,0.0095,0.055266,-0.214338,-0.154105,1849.027969071602,2006.9301825524403,3423.872477546233,1622.5935027645546,0.379411,0.020073,6327.1,6293.4,0.357098,0.170368,-1.000000,6.0017,1.0000,,,,,
9.1320,1778839087.729811,761,30.670764,-2.062473,-0.059582,6.1914,0.1726,0.166944,30.594522,-1.994785,-0.052332,6.0982,30.708073,-2.061614,-0.058377,6.0433,0.2180,0.232107,0.792026,0.4470,30.708073,-2.061614,0.002807,4.6974,-1.000000,-2.000000,565.4612,0,1,clay,1.0000,0.500000,0,0,0.000000,0.000000,0.000000,0,nan,0.00,0.822466,0.7795,0.0000,0.434262,0.6733,0.47,5.21,6.15,5.14,-4.994785,-3.0105,1.4008,0.008000,0.251779,-1.0045,0.088312,-0.205133,-0.146838,1823.3511463199075,1937.3299791620796,6224.0134036937025,1611.6090797271206,0.379771,0.019703,6328.3,6292.3,0.355146,0.152151,0.116952,6.0384,1.0000,,,,,
9.1440,1778839087.741645,762,30.708893,-2.017057,-0.055649,6.1063,0.2204,0.164376,30.668008,-1.993388,-0.050330,6.1159,30.746127,-2.015994,-0.054452,6.0564,0.2275,0.229827,0.791869,0.4281,30.746127,-2.015994,0.006024,4.7215,-0.521710,-2.000000,559.3087,0,1,clay,1.0000,0.500000,0,0,0.000000,0.000000,0.000000,0,nan,0.00,0.810609,0.7675,0.0000,0.428001,0.6493,0.46,5.21,6.13,5.22,-4.993388,-2.8804,1.3944,0.008000,0.092838,-0.1237,0.083652,-0.188402,-0.149737,1754.5504418444798,1126.0078110926383,3294.048523594551,1554.227643306931,0.365362,0.017789,6328.3,6292.2,0.355054,0.165374,-1.000000,6.0515,1.0000,,,,,
9.1560,1778839087.753795,763,30.630815,-1.929500,-0.040378,6.0505,0.1734,0.173283,30.741716,-1.991744,-0.048239,6.1362,30.668045,-1.927840,-0.039168,6.0562,0.2283,0.231309,0.780098,0.4248,30.668045,-1.927840,0.020132,4.6718,-1.000000,-1.951303,530.1815,0,1,clay,1.0000,0.500000,0,0,0.000000,0.000000,0.000000,0,nan,0.00,0.787881,0.7554,0.0000,0.416001,0.6259,0.46,5.48,6.40,7.00,-4.991744,-2.7607,1.4644,0.008000,0.056949,-0.1585,0.069247,-0.186051,-0.155366,1806.7982450048949,850.2941910589783,3889.847875173434,1599.2110293373303,0.358086,0.018273,6331.3,6289.3,0.349859,0.172844,-0.521710,6.0513,1.0000,,,,,
9.1680,1778839087.765853,764,30.922113,-1.982212,-0.047796,6.2032,0.2050,0.180812,30.815657,-1.989857,-0.046085,6.1560,30.961282,-1.980685,-0.046506,6.0858,0.2354,0.234773,0.777946,0.4096,30.961282,-1.980685,0.013197,4.8563,-1.000000,-2.000000,642.6291,0,1,clay,1.0000,0.500000,0,0,0.000000,0.000000,0.000000,0,nan,0.00,0.765154,0.7431,0.0000,0.404001,0.6019,0.47,5.46,6.40,5.33,-4.989857,-2.6372,1.2997,0.008000,0.166345,-0.1384,0.085403,-0.196222,-0.166225,1869.2158560886523,1157.0650542286176,3242.33007802327,1643.5572254863007,0.344229,0.017975,6331.8,6288.8,0.349023,0.151825,-1.000000,6.0807,1.0000,,,,,
9.1800,1778839087.777879,765,30.878059,-2.003066,-0.035875,6.2262,0.1810,0.180642,30.889822,-1.987798,-0.043913,6.1741,30.917297,-2.001068,-0.034579,6.1139,0.2343,0.234738,0.777120,0.3976,30.917297,-2.001068,0.024992,4.8290,-1.000000,-2.000000,571.5279,0,1,clay,1.0000,0.500000,0,0,0.000000,0.000000,0.000000,0,nan,0.00,0.742427,0.7307,0.0000,0.392001,0.5779,0.47,5.40,6.35,5.11,-4.987798,-2.5169,1.3451,0.008000,0.150127,0.4305,0.085474,-0.192827,-0.176157,2058.0962539064803,1279.2994548097413,3200.4088646631913,1665.0353874086036,0.331563,0.018475,6331.9,6288.6,0.348783,0.148187,-1.000000,6.1089,1.0000,,,,,
9.1920,1778839087.789751,766,31.073586,-1.936223,-0.033516,6.2189,0.1882,0.180889,30.964191,-1.985549,-0.041737,6.1913,31.112591,-1.934143,-0.032227,6.1352,0.2339,0.233822,0.779818,0.3857,31.112591,-1.934143,0.026327,4.9459,0.578944,-1.940507,536.3568,0,1,clay,1.0000,0.500000,0,0,0.000000,0.000000,0.000000,0,nan,0.00,0.755585,0.7182,0.0000,0.398949,0.5546,0.47,5.36,6.30,5.12,-4.985549,-2.3922,1.2454,0.008000,0.193923,0.8566,0.091979,-0.196483,-0.177883,1958.8440102735067,1389.6490206924148,3184.033077817701,1674.4927296543779,0.318775,0.018664,6331.3,6289.3,0.349922,0.150301,-1.000000,6.1302,1.0000,,,,,
9.2040,1778839087.801806,767,31.067183,-1.923545,-0.029822,6.2588,0.1353,0.181974,31.038763,-1.983056,-0.039528,6.2086,31.106035,-1.921359,-0.028525,6.1599,0.2280,0.237890,0.762423,0.4026,31.106035,-1.921359,0.029612,4.9424,0.903878,-1.973257,562.7130,0,1,clay,1.0000,0.500000,0,0,0.000000,0.000000,0.000000,0,nan,0.00,0.776127,0.7056,0.0000,0.409795,0.5309,0.47,5.35,6.29,5.30,-4.983056,-2.2657,1.2661,0.008000,0.097064,-0.2150,0.108163,-0.201858,-0.170464,1968.865134585154,2177.7289150204547,4897.082875888931,1738.1724146362599,0.326785,0.020516,6335.8,6284.8,0.342033,0.143956,0.578944,6.1551,1.0000,,,,,
9.2160,1778839087.813788,768,31.127579,-1.999156,-0.030596,6.2150,0.1851,0.198606,31.113509,-1.979998,-0.037051,6.2197,31.166407,-1.996924,-0.029265,6.1714,0.2327,0.244670,0.744503,0.4155,31.166407,-1.996924,0.029658,4.9720,0.445152,-1.990593,556.9499,0,1,clay,1.0000,0.500000,0,0,0.000000,0.000000,0.000000,0,nan,0.00,0.786244,0.6929,0.0000,0.415137,0.5070,0.46,5.31,6.24,5.10,-4.979998,-2.1238,1.2477,0.008000,0.062761,0.2182,0.094545,-0.184324,-0.162139,1968.6379329997576,1971.381182515149,4405.16347406632,1812.0010919276763,0.336003,0.021358,6340.3,6280.3,0.334198,0.151959,0.903878,6.1667,1.0000,,,,,
9.2280,1778839087.825845,769,31.171791,-2.012467,-0.032752,6.2627,0.2124,0.198121,31.188464,-1.976773,-0.034625,6.2391,31.210559,-2.010244,-0.031402,6.1898,0.2403,0.248730,0.712530,0.4179,31.210559,-2.010244,0.027522,4.9890,1.000000,-1.980625,558.0189,0,1,clay,1.0000,0.500000,0,0,0.000000,0.000000,0.000000,0,nan,0.00,0.808972,0.6800,0.0000,0.427137,0.4833,0.47,5.30,6.23,5.20,-4.976773,-1.9836,1.2500,0.008000,0.027133,-0.7540,0.099001,-0.162917,-0.153737,1408.078197168152,2618.5445848571426,5463.72320839916,1826.5715637055591,0.339321,0.021120,6348.4,6272.2,0.320102,0.149408,0.445152,6.1853,1.0000,,,,,
9.2400,1778839087.837860,770,31.268314,-2.017069,-0.038061,6.2294,0.2306,0.186468,31.263657,-1.973609,-0.032347,6.2621,31.307164,-2.014962,-0.036697,6.1982,0.2521,0.252498,0.699441,0.4334,31.307164,-2.014962,0.022248,5.0000,0.542745,-1.934631,566.8093,0,1,clay,1.0000,0.500000,0,0,0.000000,0.000000,0.000000,0,nan,0.00,0.821307,0.6671,0.0000,0.433650,0.4601,0.48,5.26,6.22,5.06,-4.973609,-1.8531,1.2621,0.008000,0.052570,-0.1658,0.071307,-0.156722,-0.157404,1122.9983329574907,576.3900728193794,4035.656804096345,1766.0143979265065,0.349629,0.019760,6351.7,6268.9,0.314298,0.152362,1.000000,6.1938,1.0000,,,,,
9.2520,1778839087.849844,771,31.390935,-1.934946,-0.033685,6.3085,0.1352,0.183347,31.339065,-1.970418,-0.030124,6.2790,31.429789,-1.932736,-0.032321,6.2203,0.2429,0.253513,0.686271,0.4370,31.429789,-1.932736,0.025419,5.0000,-1.000000,-1.872462,520.3634,0,1,clay,1.0000,0.500000,0,0,0.000000,0.000000,0.000000,0,nan,0.00,0.798579,0.6542,0.0000,0.421650,0.4376,0.49,5.52,6.49,6.95,-4.970418,-1.7257,1.2790,0.008000,0.065715,-0.1270,0.080398,-0.169774,-0.151990,1265.2630444929341,331.30287855821246,5196.7100715039105,1811.6610730776647,0.358083,0.021425,6355.1,6265.5,0.308339,0.143087,0.542745,6.2160,1.0000,,,,,
9.2640,1778839087.861810,772,31.370925,-1.920748,-0.033270,6.4967,0.1178,0.185103,31.414669,-1.967151,-0.027918,6.2961,31.411675,-1.918518,-0.031850,6.2749,0.2309,0.253020,0.692415,0.4152,31.411675,-1.918518,0.025222,5.0000,-1.000000,-1.859533,638.7527,0,1,clay,1.0000,0.500000,0,0,0.000000,0.000000,0.000000,0,nan,0.00,0.775852,0.6411,0.0000,0.409650,0.4153,0.48,5.49,6.46,5.37,-4.967151,-1.5996,1.2961,0.008000,0.099652,-0.9874,0.136161,-0.184845,-0.142527,1436.4067848614868,1145.9964472988245,3354.473501557678,1885.8665402611505,0.348514,0.023255,6353.5,6267.0,0.311086,0.119764,-1.000000,6.2703,1.0000,,,,,
9.2760,1778839087.873838,773,31.522423,-1.900716,-0.022152,6.3644,0.1947,0.186885,31.490458,-1.963644,-0.025645,6.3103,31.563101,-1.898031,-0.020743,6.2930,0.2333,0.250858,0.689086,0.4032,31.563101,-1.898031,0.035830,4.9977,1.000000,-1.892666,555.8449,0,1,clay,1.0000,0.500000,0,0,0.000000,0.000000,0.000000,0,nan,0.00,0.798579,0.6280,0.0000,0.421650,0.3926,0.48,5.43,6.39,5.08,-4.963644,-1.4694,1.3126,0.008000,0.069483,0.0502,0.124997,-0.189501,-0.160945,1732.0593902583316,1077.135437958692,3294.849500831075,1868.6616174001133,0.335716,0.022538,6354.4,6266.2,0.309557,0.138862,-1.000000,6.2885,1.0000,,,,,
9.2880,1778839087.885754,774,31.591397,-1.883733,-0.017062,6.3605,0.1799,0.194291,31.566422,-1.959902,-0.023317,6.3280,31.631662,-1.880827,-0.015649,6.3069,0.2373,0.255901,0.688610,0.4280,31.631662,-1.880827,0.040555,4.9977,1.000000,-1.968400,612.9547,0,1,clay,1.0000,0.500000,0,0,0.000000,0.000000,0.000000,0,nan,0.00,0.821307,0.6149,0.0000,0.433650,0.3689,0.47,5.39,6.34,5.17,-4.959902,-1.3360,1.3303,0.008000,0.098564,-0.3413,0.110873,-0.160892,-0.134257,1671.1571941428788,1723.4805634433828,4188.959759736428,1898.3249158731228,0.347159,0.022808,6354.5,6266.0,0.309377,0.137239,1.000000,6.3025,1.0000,,,,,
9.3000,1778839087.897837,775,31.734428,-1.976278,-0.020917,6.4311,0.1947,0.190169,31.642619,-1.956062,-0.021025,6.3484,31.774634,-1.973496,-0.019500,6.3318,0.2429,0.258910,0.687073,0.4400,31.774634,-1.973496,0.037580,5.0000,-0.320447,-1.941762,573.9445,0,1,clay,1.0000,0.500000,0,0,0.000000,0.000000,0.000000,0,nan,0.00,0.814024,0.6016,0.0000,0.429805,0.3456,0.48,5.38,6.33,5.31,-4.956062,-1.2046,1.3484,0.008000,0.083077,-0.6917,0.114228,-0.170031,-0.142418,1517.4866678456467,1350.3897263855479,4245.982650668584,1886.8149825898254,0.358621,0.022307,6354.8,6265.8,0.308880,0.128307,1.000000,6.3274,1.0000,,,,,
9.3120,1778839087.909808,776,31.723725,-1.908302,-0.014233,6.3301,0.2034,0.190744,31.719042,-1.952082,-0.018726,6.3690,31.763775,-1.905238,-0.012822,6.3323,0.2458,0.257638,0.681890,0.4278,31.763775,-1.905238,0.043409,5.0000,-1.000000,-1.940993,576.2088,0,1,clay,1.0000,0.500000,0,0,0.000000,0.000000,0.000000,0,nan,0.00,0.791297,0.5883,0.0000,0.417805,0.3224,0.47,5.35,6.29,5.16,-4.952082,-1.0729,1.3690,0.008000,0.029947,-0.5442,0.091753,-0.156025,-0.141037,1582.806420698617,1187.1384609546162,4901.601268772057,1868.3706090181083,0.353819,0.021736,6356.2,6264.4,0.306498,0.140777,-0.320447,6.3279,1.0000,,,,,
9.3240,1778839087.921864,777,31.862099,-1.873938,-0.010017,6.3833,0.1748,0.196661,31.795691,-1.947858,-0.016368,6.3870,31.902024,-1.870738,-0.008611,6.3429,0.2414,0.255942,0.681053,0.4115,31.902024,-1.870738,0.047091,5.0000,-1.000000,-1.952304,574.1582,0,1,clay,1.0000,0.500000,0,0,0.000000,0.000000,0.000000,0,nan,0.00,0.768569,0.5749,0.0000,0.405805,0.2989,0.47,5.32,6.27,5.19,-4.947858,-0.9378,1.3870,0.008000,0.109753,-0.2990,0.092792,-0.162803,-0.148037,1765.598739838339,1608.036406835049,3429.1404888892657,1907.496100385566,0.341756,0.022424,6356.4,6264.2,0.306102,0.132345,-1.000000,6.3386,1.0000,,,,,
9.3360,1778839087.933953,778,31.935105,-1.932418,-0.010465,6.3439,0.2214,0.199429,31.872556,-1.943387,-0.013961,6.4067,31.975036,-1.929191,-0.009056,6.3440,0.2463,0.255152,0.682351,0.3995,31.975036,-1.929191,0.047308,5.0000,1.000000,-1.955625,576.8656,0,1,clay,1.0000,0.500000,0,0,0.000000,0.000000,0.000000,0,nan,0.00,0.791297,0.5614,0.0000,0.417805,0.2755,0.48,5.30,6.27,5.21,-4.943387,-0.7999,1.4067,0.008000,0.108400,-0.2255,0.078643,-0.160923,-0.152728,1815.2648158589093,1646.1779201171903,3464.9998897487294,1895.5970856450276,0.328065,0.021726,6356.0,6264.5,0.306706,0.135714,-1.000000,6.3396,1.0000,,,,,
9.3480,1778839087.945774,779,31.918706,-1.916663,-0.009504,6.5133,0.0680,0.196607,31.949638,-1.938740,-0.011577,6.4260,31.958623,-1.913525,-0.008086,6.3776,0.2274,0.259684,0.687731,0.4241,31.958623,-1.913525,0.047794,5.0000,-1.000000,-1.968092,586.7905,0,1,clay,1.0000,0.500000,0,0,0.000000,0.000000,0.000000,0,nan,0.00,0.768569,0.5478,0.0000,0.405805,0.2518,0.48,5.29,6.24,5.20,-4.938740,-0.6633,1.4260,0.008000,0.056952,0.1113,0.105102,-0.197235,-0.162498,1754.0695968798586,2466.2535269236682,4323.891495315955,1996.05024118031,0.343875,0.025566,6354.7,6265.9,0.309061,0.112257,1.000000,6.3733,1.0000,,,,,
9.3600,1778839087.957700,780,32.088646,-1.937555,-0.007119,6.3784,0.1084,0.197065,32.026927,-1.933897,-0.009228,6.4437,32.128336,-1.934429,-0.005717,6.3785,0.2132,0.256270,0.682921,0.3996,32.128336,-1.934429,0.050369,4.9998,-1.000000,-2.000000,41208.5057,4,1,clay,1.0000,0.500000,0,0,0.000000,0.000000,0.000000,0,nan,0.00,0.745842,0.5342,0.0000,0.393805,0.2278,0.47,5.19,6.12,4.61,-4.933897,-0.5287,1.4439,0.008000,0.060539,-0.0086,0.085306,-0.204434,-0.152117,1966.5336972853402,2679.084079455416,3448.1201667932564,2033.831849345476,0.333387,0.027545,6355.9,6264.7,0.306941,0.128715,-1.000000,6.3743,1.0000,,,,,
9.3720,1778839087.969700,781,32.147572,-2.010469,-0.013480,6.4932,0.1238,0.198374,32.104421,-1.928818,-0.006877,6.4597,32.186683,-2.007705,-0.012109,6.4014,0.2043,0.253664,0.672858,0.3877,32.186683,-2.007705,0.044668,4.9999,-1.000000,-2.000000,40693.8426,4,1,clay,1.0000,0.500000,0,0,0.000000,0.000000,0.000000,0,nan,0.00,0.723115,0.5205,0.0000,0.381805,0.2038,0.46,4.85,5.77,2.95,-4.928818,-0.3940,1.4598,0.008000,0.171778,-0.3972,0.053188,-0.181715,-0.145639,1656.8397031661493,2593.767286942138,3565.2562076131762,2079.1066864025274,0.322328,0.028644,6358.5,6262.1,0.302483,0.113478,-1.000000,6.3973,1.0000,,,,,
9.3840,1778839087.981740,782,32.218230,-1.975547,-0.006828,6.4848,0.1403,0.196451,32.182094,-1.923528,-0.004529,6.4765,32.255142,-1.972747,-0.005550,6.4181,0.1977,0.248527,0.662870,0.3761,32.255142,-1.972747,0.050621,5.0000,-1.000000,-2.000000,40507.6442,4,1,clay,1.0000,0.500000,0,0,0.000000,0.000000,0.000000,0,nan,0.00,0.700387,0.5067,0.0000,0.369805,0.1798,0.45,4.54,5.44,2.80,-4.923528,-0.2595,1.4765,0.008000,0.129950,-0.6400,0.052288,-0.184979,-0.142292,1955.3342840219484,2403.1106942788574,3575.669840186343,2085.5547703815605,0.310659,0.028933,6361.2,6259.4,0.297759,0.114335,-1.000000,6.4142,1.0000,,,,,
9.3960,1778839087.993976,783,32.223531,-2.012588,-0.011936,6.4687,0.1014,0.196057,32.259970,-1.918070,-0.002199,6.4941,32.258537,-2.010198,-0.010739,6.4284,0.1848,0.243860,0.659594,0.3644,32.258537,-2.010198,0.045815,5.0000,-1.000000,-2.000000,40207.4245,4,1,clay,1.0000,0.500000,0,0,0.000000,0.000000,0.000000,0,nan,0.00,0.677660,0.4929,0.0000,0.357805,0.1558,0.45,4.30,5.20,2.93,-4.918070,-0.1260,1.4941,0.008000,0.190599,-1.2535,0.049013,-0.221159,-0.174514,1752.5823261920796,1723.2454112341793,3629.4648950559026,2118.974086170087,0.300077,0.030333,6362.2,6258.4,0.296041,0.117154,-1.000000,6.4248,1.0000,,,,,
9.4080,1778839088.005852,784,32.344237,-1.917749,0.007932,6.5007,0.1879,0.196454,32.338034,-1.912465,0.000118,6.5162,32.377799,-1.914769,0.009069,6.4430,0.1902,0.240131,0.665430,0.3526,32.377799,-1.914769,0.064222,5.0000,-1.000000,-2.000000,40158.8754,4,1,clay,1.0000,0.500000,0,0,0.000000,0.000000,0.000000,0,nan,0.00,0.654933,0.4789,0.0000,0.345805,0.1318,0.46,4.08,4.99,2.83,-4.912465,0.0068,1.5162,0.008000,0.065922,0.0883,0.038997,-0.202847,-0.163436,1582.866764745466,-788.0944163403674,3776.6637911875464,2089.0219156043813,0.286676,0.028849,6360.8,6259.8,0.298416,0.124609,-1.000000,6.4395,1.0000,,,,,
9.4200,1778839088.017831,785,32.353503,-1.938442,-0.000168,6.5227,0.1639,0.207252,32.416262,-1.906502,0.002583,6.5254,32.385745,-1.935842,0.000923,6.4588,0.1896,0.238464,0.637971,0.3408,32.385745,-1.935842,0.056262,5.0000,-1.000000,-2.000000,39781.9646,4,1,clay,1.0000,0.500000,0,0,0.000000,0.000000,0.000000,0,nan,0.00,0.632206,0.4649,0.0000,0.333805,0.1078,0.46,3.91,4.82,2.92,-4.906502,0.1480,1.5254,0.008000,0.101109,-0.7511,0.055150,-0.194437,-0.152380,1540.2565040827594,926.4718842657564,3994.267725470924,2128.133537577158,0.273802,0.028911,6367.9,6252.7,0.286097,0.118082,-1.000000,6.4556,1.0000,,,,,
9.4320,1778839088.029779,786,32.511256,-1.888567,0.002061,6.5496,0.0599,0.208365,32.494631,-1.900324,0.005090,6.5390,32.542436,-1.886078,0.003115,6.4769,0.1697,0.237047,0.644233,0.3290,32.542436,-1.886078,0.057721,5.0000,-1.000000,-2.000000,38870.4596,4,1,clay,1.0000,0.500000,0,0,0.000000,0.000000,0.000000,0,nan,0.00,0.609478,0.4488,0.0000,0.321805,0.0838,0.46,3.74,4.65,2.82,-4.900324,0.2917,1.5391,0.008000,0.081527,-0.8549,0.062739,-0.201125,-0.141359,1288.8838923384421,1071.186180490083,4027.9954665214887,2209.245843730772,0.264199,0.032101,6366.4,6254.2,0.288706,0.114826,-1.000000,6.4738,1.0000,,,,,
9.4440,1778839088.041793,787,32.590681,-1.990904,0.010670,6.6401,0.1487,0.207008,32.573200,-1.894029,0.007568,6.5570,32.620851,-1.988241,0.011683,6.5090,0.1696,0.235250,0.650353,0.3172,32.620851,-1.988241,0.067063,5.0000,-1.000000,-2.000000,38124.8661,4,1,clay,1.0000,0.500000,0,0,0.000000,0.000000,0.000000,0,nan,0.00,0.586751,0.4332,0.0000,0.309805,0.0598,0.45,3.60,4.50,2.81,-4.894029,0.4336,1.5570,0.008000,0.122764,-0.3317,0.093763,-0.207551,-0.145363,967.0499640049738,646.764483370159,4026.1388892336427,2211.9844415211414,0.251739,0.031858,6364.9,6255.7,0.291253,0.104122,-1.000000,6.5060,1.0000,,,,,
9.4560,1778839088.053869,788,32.703583,-1.864925,0.015308,6.5550,0.1890,0.204678,32.651962,-1.887714,0.009977,6.5743,32.732990,-1.862161,0.016292,6.5184,0.1769,0.233226,0.641396,0.3053,32.732990,-1.862161,0.070146,5.0000,-1.000000,-2.000000,37837.0587,4,1,clay,1.0000,0.500000,0,0,0.000000,0.000000,0.000000,0,nan,0.00,0.564024,0.4183,0.0000,0.297805,0.0358,0.46,3.49,4.41,2.86,-4.887714,0.5717,1.5743,0.008000,0.106382,-0.1475,0.069081,-0.183990,-0.151380,883.9219800129588,1755.9057970023623,3959.711785267132,2167.3633789311175,0.238114,0.030432,6367.2,6253.3,0.287190,0.116090,-1.000000,6.5155,1.0000,,,,,
9.4680,1778839088.065793,789,32.723696,-1.758321,0.007895,6.6558,0.1705,0.188760,32.730932,-1.881471,0.012269,6.5924,32.752526,-1.755848,0.008838,6.5455,0.1791,0.228444,0.638323,0.2934,32.752526,-1.755848,0.061377,5.0000,-1.000000,-2.000000,37424.3425,4,1,clay,1.0000,0.500000,0,0,0.000000,0.000000,0.000000,0,nan,0.00,0.541297,0.4039,0.0000,0.285805,0.0118,0.46,3.42,4.34,3.02,-4.881471,0.7029,1.5924,0.008000,0.186433,-2.6754,0.095790,0.151137,-0.403808,703.5911294042573,876.2262356418546,3861.5054241879907,2103.216264768085,0.226313,0.028938,6368.1,6252.5,0.285736,0.102650,-1.000000,6.5426,1.0000,,,,,
9.4800,1778839088.077848,790,32.725332,-1.882579,0.010686,6.5332,0.0803,0.185903,32.810085,-1.875240,0.014487,6.6079,32.753762,-1.880147,0.011602,6.5436,0.1641,0.223871,0.629679,0.2815,32.753762,-1.880147,0.065498,5.0000,-1.000000,-2.000000,37242.7612,4,1,clay,1.0000,0.500000,0,0,0.000000,0.000000,0.000000,0,nan,0.00,0.518569,0.3901,0.0000,0.273805,-0.0122,0.46,3.33,4.26,2.81,-4.875240,0.8301,1.6079,0.008000,0.171406,-2.0154,0.072076,0.137425,-0.383027,901.9641496644286,1647.5352508796927,3797.4545584275725,2122.839173855714,0.217005,0.030366,6370.3,6250.3,0.281867,0.118042,-1.000000,6.5408,1.0000,,,,,
9.4920,1778839088.089790,791,32.927507,-1.863061,0.012735,6.5761,0.1001,0.186970,32.889432,-1.868896,0.016698,6.6255,32.955331,-1.860682,0.013617,6.5503,0.1551,0.219815,0.618281,0.2696,32.955331,-1.860682,0.067222,5.0000,-1.000000,-1.500000,16996.1846,0,1,clay,1.0000,0.500000,0,0,0.000000,0.000000,0.000000,0,nan,0.00,0.495842,0.3768,0.0000,0.261805,-0.0302,0.46,4.47,5.40,10.95,-4.868896,0.9567,1.6255,0.008000,0.115786,-2.1398,0.063277,0.130193,-0.361520,1024.2267660792163,1969.8433159165102,3775.503953497232,2144.1185136899094,0.206631,0.030948,6373.2,6247.3,0.276749,0.110914,-1.000000,6.5476,1.0000,,,,,
9.5040,1778839088.102806,792,32.991158,-1.909765,0.018221,6.6878,0.2399,0.186987,32.968927,-1.862349,0.018943,6.6348,33.026705,-1.906402,0.019349,6.5781,0.1798,0.222759,0.614488,0.2564,33.026705,-1.906402,0.073166,5.0000,-1.000000,-2.000000,9205.1714,0,1,clay,1.0000,0.500000,0,0,0.000000,0.000000,0.000000,0,nan,0.00,0.473115,0.3641,0.0000,0.249805,-0.0542,0.47,5.19,6.14,9.28,-4.862349,1.0854,1.6348,0.008000,0.135877,-1.3911,0.080409,0.151418,-0.339128,1053.8800756274377,2089.7375075534023,3726.5917049105906,2065.9767718353637,0.192058,0.027203,6374.3,6246.3,0.274905,0.077596,-1.000000,6.5748,1.0000,,,,,
9.5160,1778839088.113721,793,33.043944,-1.863457,0.013142,6.6588,0.0975,0.196345,33.048628,-1.855466,0.021314,6.6556,33.084368,-1.859891,0.014428,6.5947,0.1713,0.224483,0.585709,0.2437,33.084368,-1.859891,0.067655,5.0000,-1.000000,-1.500000,7119.6758,0,1,clay,1.0000,0.500000,0,0,0.000000,0.000000,0.000000,0,nan,0.00,0.450387,0.3517,0.0000,0.237805,-0.0722,0.47,5.69,6.64,8.52,-4.855466,1.2212,1.6556,0.008000,0.047891,-2.6820,0.081515,0.140976,-0.314948,995.7985271514108,2075.551357592186,3701.065907257389,2128.895460702927,0.181664,0.028873,6380.5,6240.0,0.264033,0.103769,-1.000000,6.5910,1.0000,,,,,
9.5280,1778839088.125895,794,33.045564,-1.802421,0.021908,6.5725,0.1116,0.191124,33.128445,-1.848487,0.023642,6.6685,33.089390,-1.798206,0.023300,6.5914,0.1660,0.223701,0.582972,0.2311,33.089390,-1.798206,0.075781,5.0000,-1.000000,-1.559844,8790.0229,0,1,clay,1.0000,0.500000,0,0,0.000000,0.000000,0.000000,0,nan,0.00,0.427660,0.3399,0.0000,0.225805,-0.0909,0.49,6.26,7.23,9.49,-4.848487,1.3546,1.6685,0.008000,0.133033,-1.5770,0.064845,0.135282,-0.291758,591.9827712425724,2307.686590633565,3637.6780787796183,2127.3985855858796,0.170615,0.029614,6381.8,6238.8,0.261817,0.115072,-1.000000,6.5874,1.0000,,,,,
9.5400,1778839088.137947,795,33.237508,-1.818086,0.023107,6.6734,0.1312,0.184841,33.208454,-1.841535,0.025865,6.6856,33.285138,-1.813479,0.024604,6.6083,0.1651,0.221746,0.577125,0.2186,33.285138,-1.813479,0.077103,5.0000,-1.000000,-1.059844,5516.1656,0,1,clay,1.0000,0.500000,0,0,0.000000,0.000000,0.000000,0,nan,0.00,0.404933,0.3286,0.0011,0.213805,-0.1036,0.48,6.58,7.54,8.35,-4.841535,1.4820,1.6856,0.008000,0.077628,-1.5000,0.062735,0.134496,-0.270034,389.9044653910955,2110.2838317213445,3594.5814341746213,2112.163577976228,0.159297,0.029233,6383.0,6237.6,0.259797,0.099306,-1.000000,6.6041,1.0000,,,,,
9.5520,1778839088.149812,796,33.269456,-1.827118,0.029669,6.6916,0.1227,0.171001,33.288650,-1.834718,0.027923,6.7014,33.319141,-1.822069,0.031192,6.6254,0.1617,0.216421,0.575240,0.2063,33.319141,-1.822069,0.083574,5.0000,-1.000000,-0.559844,6074.0533,0,1,clay,1.0000,0.500000,0,0,0.000000,0.000000,0.000000,0,nan,0.00,0.382206,0.3177,0.0023,0.201805,-0.1103,0.47,6.78,7.73,7.94,-4.834718,1.5999,1.7014,0.008000,0.153692,-1.4864,0.046952,0.132208,-0.251596,180.40483929248276,1785.4484557774676,3551.259585923994,2063.7782948969607,0.148771,0.028471,6384.3,6236.3,0.257509,0.094574,-1.000000,6.6210,1.0000,,,,,
9.5640,1778839088.161883,797,33.498339,-1.766377,0.026161,6.7303,0.2120,0.161010,33.369026,-1.827983,0.029857,6.7167,33.549602,-1.761326,0.027682,6.6467,0.1743,0.209703,0.585224,0.1941,33.549602,-1.761326,0.079276,5.0000,-1.000000,-0.106996,5462.0266,0,1,clay,1.0000,0.500000,0,0,0.000000,0.000000,0.000000,0,nan,0.00,0.359478,0.3074,0.0034,0.189805,-0.1116,0.48,7.05,8.00,8.57,-4.827983,1.7107,1.7167,0.008000,0.136834,-1.8128,0.059635,0.147654,-0.232558,282.3766668563948,2212.4566683380453,3531.4311813236823,1948.3168757519538,0.135895,0.024728,6382.7,6237.9,0.260309,0.086604,-1.000000,6.6422,1.0000,,,,,
9.5760,1778839088.173784,798,33.329265,-1.839518,0.024214,6.8285,0.1714,0.161200,33.449559,-1.821180,0.031753,6.7295,33.382673,-1.834416,0.025749,6.6831,0.1768,0.203968,0.605224,0.1818,33.382673,-1.834416,0.077873,5.0000,-1.000000,0.003552,5306.7065,0,1,clay,1.0000,0.500000,0,0,0.000000,0.000000,0.000000,0,nan,0.00,0.336751,0.2976,0.0045,0.177805,-0.1116,0.48,7.32,8.29,8.89,-4.821180,1.8193,1.7295,0.008000,0.122866,-1.3651,0.068931,0.152257,-0.213603,399.2419051153705,1829.2207042385871,3540.868071635617,1912.644573480149,0.124544,0.022850,6378.5,6242.1,0.267607,0.070859,-1.000000,6.6782,1.0000,,,,,
9.5880,1778839088.185813,799,33.523737,-1.898642,0.037129,6.7376,0.0255,0.152301,33.530243,-1.814349,0.033595,6.7434,33.579011,-1.892930,0.038668,6.6949,0.1522,0.197072,0.623006,0.1695,33.579011,-1.892930,0.091179,5.0000,-1.000000,0.005741,5246.4171,0,1,clay,1.0000,0.500000,0,0,0.000000,0.000000,0.000000,0,nan,0.00,0.314024,0.2882,0.0055,0.165805,-0.1115,0.48,7.58,8.54,9.04,-4.814349,1.9249,1.7434,0.008000,0.112452,-0.6406,0.083199,0.127722,-0.193739,365.2633411545638,1853.5763545898403,3530.642589194887,1935.288338221365,0.117507,0.025187,6374.2,6246.4,0.275067,0.082093,-1.000000,6.6897,1.0000,,,,,
9.6000,1778839088.197899,800,33.531424,-1.898135,0.030331,6.7318,0.1336,0.145713,33.611068,-1.807534,0.035351,6.7560,33.588624,-1.892707,0.031866,6.7033,0.1512,0.189812,0.641318,0.1572,33.588624,-1.892707,0.084389,5.0000,-1.000000,0.337826,5134.4292,0,1,clay,1.0000,0.500000,0,0,0.000000,0.000000,0.000000,0,nan,0.00,0.291297,0.2792,0.0065,0.153805,-0.1074,0.49,7.78,8.75,8.90,-4.807534,2.0254,1.7560,0.008000,0.124504,-0.3018,0.085749,-0.104419,-0.087782,389.9559429545235,1980.6094476271992,3485.0985217909415,1868.8235022885779,0.106678,0.023622,6369.6,6251.0,0.283144,0.081995,-1.000000,6.6979,1.0000,,,,,
9.6120,1778839088.209797,801,33.730748,-1.729651,0.047488,6.7955,0.1271,0.164541,33.692023,-1.800372,0.037275,6.7682,33.789246,-1.723140,0.049037,6.7227,0.1484,0.186253,0.677683,0.1451,33.789246,-1.723140,0.099389,5.0000,-1.000000,0.121182,5276.4807,0,1,clay,1.0000,0.500000,0,0,0.000000,0.000000,0.000000,0,nan,0.00,0.268569,0.2706,0.0073,0.141805,-0.1060,0.48,7.85,8.82,8.29,-4.800372,2.1357,1.7682,0.008000,0.120232,0.3359,0.077185,-0.121214,-0.094174,412.2073828890146,2271.4907107107574,3388.9262308548896,1930.8055690471917,0.095052,0.023435,6361.1,6259.5,0.297918,0.069346,-1.000000,6.7168,1.0000,,,,,
9.6240,1778839088.221778,802,33.710995,-1.906831,0.031923,6.7569,0.0487,0.161559,33.773095,-1.793168,0.039153,6.7780,33.770063,-1.901373,0.033459,6.7305,0.1312,0.181903,0.677911,0.1330,33.770063,-1.901373,0.085843,5.0000,-1.000000,0.033763,5070.3071,0,1,clay,1.0000,0.500000,0,0,0.000000,0.000000,0.000000,0,nan,0.00,0.245842,0.2624,0.0081,0.129805,-0.1056,0.47,7.96,8.91,8.55,-4.793168,2.2433,1.7780,0.008000,0.114024,-0.2838,0.071290,-0.108374,-0.071420,-658.3935918264751,2170.2052978867696,3258.1225776909605,1967.9833749058685,0.085673,0.025421,6360.6,6260.0,0.298852,0.075094,-1.000000,6.7245,1.0000,,,,,
9.6360,1778839088.233849,803,33.960062,-1.802108,0.033380,6.8104,0.1607,0.130098,33.854310,-1.786415,0.040679,6.7888,34.019911,-1.796548,0.034860,6.7472,0.1371,0.172662,0.680011,0.1209,34.019911,-1.796548,0.085980,5.0000,-1.000000,-0.079250,4908.9969,0,1,clay,1.0000,0.500000,0,0,0.000000,0.000000,0.000000,0,nan,0.00,0.223115,0.2546,0.0089,0.117805,-0.1065,0.47,8.19,9.13,9.50,-4.786415,2.3307,1.7888,0.008000,0.224425,-0.7042,0.091483,-0.085496,-0.065836,-1142.7424081022234,2122.483907840875,3051.8643407967793,1763.986410172442,0.074094,0.022220,6359.8,6260.7,0.300117,0.064840,-1.000000,6.7411,1.0000,,,,,
9.6480,1778839088.245880,804,33.907889,-1.901521,0.036805,6.8284,0.0757,0.102630,33.935655,-1.780014,0.041950,6.7986,33.969494,-1.895859,0.038218,6.7643,0.1266,0.160092,0.680955,0.1087,33.969494,-1.895859,0.090226,5.0000,-1.000000,0.009797,4945.6849,0,1,clay,1.0000,0.500000,0,0,0.000000,0.000000,0.000000,0,nan,0.00,0.200387,0.2471,0.0097,0.105805,-0.1064,0.47,8.55,9.50,10.58,-4.780014,2.4035,1.7986,0.008000,0.160349,-0.5715,0.092032,-0.080813,-0.058318,-1069.3894871975317,1960.720478141398,2838.1132993123147,1547.8717847049281,0.066138,0.020729,6359.3,6261.2,0.300986,0.061403,-1.000000,6.7580,1.0000,,,,,
9.6600,1778839088.257724,805,33.932220,-1.736997,0.041636,6.7586,0.0189,0.091991,34.017127,-1.773823,0.043067,6.8095,33.996074,-1.731173,0.042989,6.7647,0.1075,0.147462,0.693561,0.0963,33.996074,-1.731173,0.093185,5.0000,-1.000000,0.418103,5117.2014,0,1,clay,1.0000,0.500000,0,0,0.000000,0.000000,0.000000,0,nan,0.00,0.177660,0.2399,0.0103,0.093805,-0.1014,0.46,8.90,9.83,10.91,-4.773823,2.4676,1.8095,0.008000,0.049634,-0.6416,0.075259,-0.084006,-0.048488,-968.3921436199316,1771.87360620948,2619.9168990750263,1456.25656209776,0.059396,0.020677,6356.3,6264.2,0.306192,0.069893,-1.000000,6.7581,1.0000,,,,,
9.6720,1778839088.269655,806,34.127880,-1.744366,0.049546,6.7860,-0.0139,0.081131,34.098730,-1.767803,0.044061,6.8195,34.194008,-1.738207,0.050831,6.7704,0.0858,0.134704,0.705037,0.0840,34.194008,-1.738207,0.100964,5.0000,1.000000,-0.081897,9574.3193,0,1,clay,1.0000,0.500000,0,0,0.000000,0.000000,0.000000,0,nan,0.00,0.200387,0.2331,0.0110,0.105805,-0.1024,0.45,9.15,10.06,10.57,-4.767803,2.5245,1.8195,0.008000,0.099621,0.0512,0.058323,-0.101766,-0.038307,-818.5969647376987,1553.5905280124907,2403.611248628654,1388.1717509814657,0.053102,0.021025,6354.5,6266.1,0.309490,0.064539,-1.000000,6.7635,1.0000,,,,,
9.6840,1778839088.281742,807,34.174092,-1.702859,0.049955,6.8381,0.0814,0.075546,34.180462,-1.761917,0.044965,6.8307,34.242106,-1.696550,0.051215,6.7850,0.0944,0.134043,0.702667,0.1159,34.242106,-1.696550,0.100795,5.0000,-1.000000,-0.581897,6010.0149,0,1,clay,1.0000,0.500000,0,0,0.000000,0.000000,0.000000,0,nan,0.00,0.177660,0.2265,0.0117,0.093805,-0.1094,0.46,9.28,10.19,10.00,-4.761917,2.5763,1.8307,0.008000,0.140174,0.2182,0.034373,-0.087649,-0.024504,-543.1083796204409,1457.1986461473282,1446.3262587345262,1271.9354652410414,0.067289,0.018282,6353.8,6266.8,0.310617,0.056506,1.000000,6.7780,1.0000,,,,,
9.6960,1778839088.293810,808,34.246228,-1.703450,0.051676,6.7694,-0.0041,0.075524,34.262305,-1.756022,0.045868,6.8392,34.315174,-1.697283,0.052848,6.7834,0.0745,0.120109,0.687939,0.0836,34.315174,-1.697283,0.102427,5.0000,1.000000,-1.081892,9946.3729,0,1,clay,1.0000,0.500000,0,0,0.000000,0.000000,0.000000,0,nan,0.00,0.200387,0.2203,0.0125,0.105805,-0.1223,0.46,10.66,11.58,18.49,-4.756022,2.6281,1.8392,0.008000,0.117056,-0.3839,0.019127,-0.075320,-0.005373,-320.38952292839946,1872.2970865844295,2528.5389106763023,1275.1056326908663,0.059415,0.018550,6356.2,6264.3,0.306372,0.064587,-1.000000,6.7763,1.0000,,,,,
9.7080,1778839088.312810,809,34.358867,-1.727001,0.049591,6.7628,-0.0119,0.078815,34.344245,-1.750076,0.046790,6.8464,34.451499,-1.718950,0.051185,6.7828,0.0765,0.129607,0.656744,0.1195,34.451499,-1.718950,0.101018,5.0000,-1.000000,-1.581892,5896.6043,0,1,clay,1.0000,0.500000,0,0,0.000000,0.000000,0.000000,0,nan,0.00,0.177660,0.2143,0.0134,0.093805,-0.1413,1.52,10.54,13.59,9.87,-4.750076,2.6808,1.8464,0.008000,0.142112,-0.0720,0.006216,-0.094996,0.007180,-329.4402115290342,631.9976627783572,1620.6707180478597,1317.2866068641688,0.074810,0.019152,6361.9,6258.7,0.296525,0.059326,1.000000,6.7737,1.0000,,,,,
9.7200,1778839088.323172,810,34.374571,-1.673450,0.045749,6.9058,0.0542,0.083279,34.426283,-1.743926,0.047816,6.8556,34.475741,-1.665265,0.047370,6.8088,0.0694,0.116266,0.626414,0.0789,34.475741,-1.665265,0.096492,5.0000,-1.000000,-1.081892,7179.6180,0,1,clay,1.0000,0.500000,0,0,0.000000,0.000000,0.000000,0,nan,0.00,0.154933,0.2086,0.0145,0.081805,-0.1543,2.18,10.35,14.72,9.29,-4.743926,2.7396,1.8556,0.008000,0.088380,-1.2556,0.008842,-0.100388,0.015593,-455.93033006756133,1252.0440541259916,2743.980791010794,1328.5700902262272,0.063586,0.017896,6367.4,6253.2,0.286998,0.042810,-1.000000,6.7993,1.0000,,,,,
9.7320,1778839088.332948,811,34.437876,-1.749658,0.048459,6.9016,0.0955,0.072609,34.508425,-1.737946,0.048704,6.8624,34.541125,-1.741116,0.049998,6.8288,0.0731,0.106972,0.631637,0.0666,34.541125,-1.741116,0.099743,5.0000,-1.000000,-0.581892,5045.1089,0,1,clay,1.0000,0.500000,0,0,0.000000,0.000000,0.000000,0,nan,0.00,0.132206,0.2031,0.0156,0.069805,-0.1613,2.41,10.06,14.88,8.37,-4.737946,2.7905,1.8624,0.008000,0.087380,-0.1828,0.020802,-0.074046,0.023690,-1077.921719362167,882.2896589459848,2381.3974002283767,1166.4804623741074,0.051515,0.015203,6367.8,6252.7,0.286139,0.040742,-1.000000,6.8191,1.0000,,,,,
9.7440,1778839088.341826,812,34.570198,-1.676693,0.052940,6.8325,0.0848,0.061564,34.590668,-1.732264,0.049427,6.8713,34.667678,-1.668363,0.054269,6.8307,0.0729,0.096295,0.626429,0.0555,34.667678,-1.668363,0.103182,5.0000,-1.000000,-0.353874,4825.9004,0,1,clay,1.0000,0.500000,0,0,0.000000,0.000000,0.000000,0,nan,0.00,0.109478,0.1978,0.0167,0.057805,-0.1655,2.13,9.80,14.07,8.37,-4.732264,2.8319,1.8713,0.008000,0.134287,0.0466,0.006487,-0.057897,0.019975,-1065.702347850905,767.2148679379776,1969.738049707962,1026.5786033659467,0.040198,0.012835,6371.2,6249.4,0.280272,0.049670,-1.000000,6.8217,1.0000,,,,,
9.7560,1778839088.353840,813,34.673645,-1.790244,0.049498,6.8012,-0.0396,0.051251,34.672996,-1.726852,0.050007,6.8768,34.766032,-1.783160,0.050633,6.8261,0.0511,0.085270,0.618769,0.0442,34.766032,-1.783160,0.100831,5.0000,-1.000000,-0.541142,4706.4371,0,1,clay,1.0000,0.500000,0,0,0.000000,0.000000,0.000000,0,nan,0.00,0.086751,0.1928,0.0178,0.045805,-0.1720,1.89,9.94,13.71,10.69,-4.726852,2.8652,1.8768,0.008000,0.051278,-0.2709,-0.014632,-0.068904,0.014832,-1010.212179304565,811.9717909412537,1634.9754076871213,1055.4617106899668,0.032718,0.013966,6374.0,6246.5,0.275331,0.053147,-1.000000,6.8177,1.0000,,,,,
9.7680,1778839088.365652,814,34.880343,-1.747840,0.052923,6.8020,0.0441,0.051725,34.755404,-1.721470,0.050587,6.8830,34.970540,-1.740805,0.053930,6.8227,0.0472,0.075760,0.604016,0.0325,34.970540,-1.740805,0.103667,5.0000,-1.000000,-0.458300,4600.2001,0,1,clay,1.0000,0.500000,0,0,0.000000,0.000000,0.000000,0,nan,0.00,0.064024,0.1880,0.0189,0.033805,-0.1775,1.66,9.61,12.94,7.77,-4.721470,2.8984,1.8830,0.008000,0.224665,-0.2757,-0.019402,-0.038438,0.032192,-882.3088664504628,985.7043383493077,1362.9382440767429,1004.8661742172205,0.021973,0.012527,6377.2,6243.4,0.269865,0.052941,-1.000000,6.8147,1.0000,,,,,
9.7800,1778839088.377805,815,34.854594,-1.740231,0.048494,6.8874,-0.0554,0.043870,34.837891,-1.716159,0.051129,6.8894,34.940436,-1.734341,0.049350,6.8364,0.0263,0.066172,0.603486,0.0212,34.940436,-1.734341,0.098976,5.0000,-1.000000,-0.294664,4449.5535,0,1,clay,1.0000,0.500000,0,0,0.000000,0.000000,0.000000,0,nan,0.00,0.041297,0.1834,0.0200,0.021805,-0.1811,1.49,9.45,12.43,8.54,-4.716159,2.9295,1.8894,0.008000,0.067897,-0.9057,-0.012187,-0.084589,-0.020303,-908.5637992652601,705.6692413052856,1094.3670337523768,1072.4858648479767,0.014215,0.013778,6377.7,6242.9,0.269009,0.040128,-1.000000,6.8288,1.0000,,,,,
9.7920,1778839088.389849,816,34.959214,-1.735768,0.048221,6.7973,0.0038,0.033670,34.920456,-1.711021,0.051560,6.8952,35.041868,-1.730356,0.048943,6.8300,0.0192,0.056149,0.600791,0.0097,35.041868,-1.730356,0.098578,5.0000,-1.000000,-0.265235,4411.7479,0,1,clay,1.0000,0.500000,0,0,0.000000,0.000000,0.000000,0,nan,0.00,0.018569,0.1790,0.0211,0.009805,-0.1842,1.34,9.18,11.86,7.63,-4.711021,2.9541,1.8952,0.008000,0.112406,-0.9396,-0.032648,-0.084540,-0.003124,-1158.6232659450295,674.7804781555155,730.8810462987624,1079.5335019185532,0.004364,0.012647,6378.9,6241.7,0.266850,0.050001,-1.000000,6.8227,1.0000,,,,,
9.8040,1778839088.401868,817,34.955742,-1.689908,0.051489,6.8505,-0.0032,0.025905,35.003094,-1.706106,0.051893,6.9015,35.034857,-1.684702,0.052081,6.8349,0.0117,0.046283,0.593146,-0.0018,35.034857,-1.684702,0.101162,5.0000,-1.000000,-0.029094,4479.1640,0,1,clay,1.0000,0.500000,0,0,0.000000,0.000000,0.000000,0,nan,0.00,-0.004158,0.1748,0.0221,-0.002195,-0.1846,1.21,8.95,11.37,7.63,-4.706106,2.9732,1.9015,0.008000,0.065418,-0.7660,-0.024106,-0.096938,-0.039091,-851.2059038077554,-671.9680043041025,428.99876543006627,1076.3682573165818,-0.005329,0.011537,6381.0,6239.6,0.263255,0.049651,-1.000000,6.8280,1.0000,,,,,
9.8160,1778839088.413837,818,35.000075,-1.812162,0.058504,6.9094,0.0522,0.049590,35.085764,-1.700869,0.052485,6.9015,35.076206,-1.806619,0.059039,6.8503,0.0146,0.041514,0.580997,-0.0133,35.076206,-1.806619,0.109201,5.0000,-1.000000,-0.116744,4371.3808,0,1,clay,1.0000,0.500000,0,0,0.000000,0.000000,0.000000,0,nan,0.00,-0.026885,0.1708,0.0231,-0.014195,-0.1860,1.10,8.86,11.06,8.39,-4.700869,3.0072,1.9015,0.008000,0.201480,-0.3232,-0.004685,-0.064698,-0.003976,-319.05890586464955,-811.3385782244484,285.11954042916364,928.141102532283,-0.018080,0.010204,6384.7,6235.8,0.256675,0.033159,-1.000000,6.8438,1.0000,,,,,
9.8280,1778839088.425901,819,35.242717,-1.645630,0.051651,6.8748,-0.1412,0.042489,35.168443,-1.695640,0.053055,6.9025,35.317165,-1.641145,0.052128,6.8558,-0.0175,0.035636,0.551847,-0.0251,35.317165,-1.641145,0.100602,5.0000,-1.000000,-0.112930,4340.4487,0,1,clay,1.0000,0.500000,0,0,0.000000,0.000000,0.000000,0,nan,0.00,-0.049613,0.1669,0.0241,-0.026195,-0.1874,1.01,8.69,10.71,7.69,-4.695640,3.0398,1.9025,0.008000,0.095928,-0.4209,-0.021636,-0.047431,0.015885,-1385.8718723204497,793.8958324665655,-0.013206377188566876,1124.4746913489494,-0.024919,0.014262,6391.9,6228.7,0.244222,0.036661,-1.000000,6.8498,1.0000,,,,,
9.8400,1778839088.437823,820,35.192580,-1.651806,0.042842,6.9760,-0.0007,0.015107,35.251144,-1.690939,0.053279,6.9026,35.264953,-1.648230,0.043216,6.8799,-0.0189,0.026186,0.537838,-0.0367,35.264953,-1.648230,0.091700,5.0000,-1.000000,-0.184571,4326.2446,0,1,clay,1.0000,0.500000,0,0,0.000000,0.000000,0.000000,0,nan,0.00,-0.072340,0.1632,0.0250,-0.038195,-0.1896,0.92,8.58,10.43,7.95,-4.690939,3.0527,1.9026,0.008000,0.042550,-1.0229,-0.017729,-0.034438,0.009949,-1786.0900267738325,222.68278318255375,-388.4324406801911,1156.0077631792224,-0.035472,0.012206,6395.5,6225.1,0.238001,0.021988,-1.000000,6.8742,1.0000,,,,,
9.8520,1778839088.449853,821,35.295045,-1.714909,0.057930,6.8257,0.0031,0.009751,35.333876,-1.686502,0.053393,6.9047,35.365525,-1.710490,0.058213,6.8702,-0.0199,0.016970,0.524136,-0.0485,35.365525,-1.710490,0.107235,5.0000,-1.000000,-0.068077,4289.4598,0,1,clay,1.0000,0.500000,0,0,0.000000,0.000000,0.000000,0,nan,0.00,-0.095067,0.1596,0.0259,-0.050195,-0.1904,0.85,8.64,10.35,9.02,-4.686502,3.0592,1.9047,0.008000,0.118827,-0.3419,-0.028525,-0.030632,0.008260,-1935.9504211523015,439.18877203649015,-611.4706686485232,1056.4139355471457,-0.046213,0.010239,6398.7,6221.8,0.232264,0.040478,-1.000000,6.8648,1.0000,,,,,
9.8640,1778839088.461924,822,35.471545,-1.658746,0.048031,6.9920,0.0044,0.006788,35.416624,-1.682203,0.053483,6.9024,35.542180,-1.655144,0.048235,6.8947,-0.0213,0.007982,0.511221,-0.0605,35.542180,-1.655144,0.096627,5.0000,-1.000000,-0.099576,4214.1781,0,1,clay,1.0000,0.500000,0,0,0.000000,0.000000,0.000000,0,nan,0.00,-0.117794,0.1562,0.0268,-0.062195,-0.1916,0.81,8.43,10.05,7.23,-4.682203,3.0644,1.9024,0.008000,0.075479,-0.6376,0.001407,-0.011520,0.016521,-1596.1146839205721,607.5559482694255,-782.1799823344552,955.3367463211551,-0.057066,0.008429,6402.3,6218.2,0.226031,0.014154,-1.000000,6.8894,1.0000,,,,,
9.8760,1778839088.473751,823,35.466648,-1.751112,0.053377,6.8538,0.0193,0.011501,35.499403,-1.677972,0.053566,6.9064,35.534929,-1.747320,0.053522,6.8879,-0.0199,0.001534,0.537717,-0.0721,35.534929,-1.747320,0.102860,5.0000,-1.000000,-0.089629,4141.1084,0,1,clay,1.0000,0.500000,0,0,0.000000,0.000000,0.000000,0,nan,0.00,-0.140522,0.1529,0.0276,-0.074195,-0.1927,0.75,8.40,9.90,8.21,-4.677972,3.0691,1.9064,0.008000,0.194947,-0.4658,-0.000597,-0.002744,0.025222,-1920.1488312838037,461.8276362255433,-924.1143918039252,887.0822987849417,-0.068800,0.006814,6395.5,6225.0,0.237859,0.029062,-1.000000,6.8825,1.0000,,,,,
9.8880,1778839088.485792,824,35.602716,-1.620771,0.051521,6.9263,-0.0707,-0.014344,35.582194,-1.674113,0.053456,6.9057,35.670270,-1.617439,0.051573,6.8961,-0.0353,-0.008936,0.522317,-0.0840,35.670270,-1.617439,0.099522,5.0000,-1.000000,-0.035363,4188.1861,0,1,clay,1.0000,0.500000,0,0,0.000000,0.000000,0.000000,0,nan,0.00,-0.163249,0.1498,0.0285,-0.086195,-0.1931,0.71,8.31,9.72,7.80,-4.674113,3.0628,1.9057,0.008000,0.069622,-0.2547,-0.005735,0.000041,0.034865,-2078.5141036809323,620.5170929484759,-1016.8429314138987,869.0728510616859,-0.076887,0.006787,6399.5,6221.1,0.231010,0.015037,-1.000000,6.8910,1.0000,,,,,
9.9000,1778839088.499139,825,35.722128,-1.656441,0.044510,6.8871,-0.0666,-0.022393,35.664971,-1.670567,0.053211,6.9022,35.788761,-1.653877,0.044471,6.8951,-0.0474,-0.019266,0.498146,-0.0959,35.788761,-1.653877,0.092892,5.0000,-1.000000,-0.223152,4054.1245,0,1,clay,1.0000,0.500000,0,0,0.000000,0.000000,0.000000,0,nan,0.00,-0.185976,0.1467,0.0293,-0.098195,-0.1958,0.68,8.26,9.62,7.97,-4.670567,3.0488,1.9022,0.008000,0.029734,-0.5757,0.000197,-0.000889,0.041280,-1849.0101420527994,389.06290629740613,-1077.9604205666103,808.2105269513625,-0.085493,0.006270,6405.7,6214.8,0.220101,0.007279,-1.000000,6.8903,1.0000,,,,,
9.9120,1778839088.510014,826,35.811861,-1.686255,0.046014,6.9672,0.0089,-0.020593,35.747786,-1.667024,0.053050,6.9098,35.877977,-1.683684,0.045904,6.9101,-0.0444,-0.027992,0.511326,-0.1078,35.877977,-1.683684,0.094513,5.0000,-1.000000,-0.216906,3950.1026,0,1,clay,1.0000,0.500000,0,0,0.000000,0.000000,0.000000,0,nan,0.00,-0.208703,0.1438,0.0300,-0.110195,-0.1984,0.66,8.13,9.45,7.41,-4.667024,3.0395,1.9098,0.008000,0.105324,-0.6128,0.010893,0.014690,0.044491,-1284.5496731636815,-89.7965597949269,-1185.1712404072814,701.0198528575218,-0.096959,0.003811,6401.9,6218.6,0.226713,0.003237,-1.000000,6.9052,1.0000,,,,,
9.9240,1778839088.521874,827,35.902287,-1.536280,0.056276,6.9280,-0.0399,0.011842,35.830531,-1.663080,0.053167,6.9023,35.967196,-1.533148,0.056163,6.9141,-0.0513,-0.030068,0.475849,-0.1196,35.967196,-1.533148,0.103056,5.0000,-1.000000,-0.295202,4181.4878,0,1,clay,1.0000,0.500000,0,0,0.000000,0.000000,0.000000,0,nan,0.00,-0.231431,0.1411,0.0308,-0.122195,-0.2019,0.64,8.02,9.29,7.37,-4.663080,3.0463,1.9023,0.008000,0.263769,-0.3962,0.001215,0.014282,0.046617,-1279.9978853059802,759.177973034751,-1255.0496361743571,720.9402204947801,-0.108608,0.004757,6410.9,6209.6,0.211005,0.006373,-1.000000,6.9096,1.0000,,,,,
9.9360,1778839088.533861,828,35.938193,-1.665879,0.057283,6.8375,-0.1121,-0.010516,35.913264,-1.659600,0.052987,6.8967,36.001860,-1.662982,0.057129,6.8998,-0.0700,-0.035981,0.451722,-0.1314,36.001860,-1.662982,0.105459,5.0000,-1.000000,-0.206046,3925.5701,0,1,clay,1.0000,0.500000,0,0,0.000000,0.000000,0.000000,0,nan,0.00,-0.254158,0.1384,0.0316,-0.134195,-0.2044,0.61,8.10,9.33,8.59,-4.659600,3.0359,1.8967,0.008000,0.090246,0.0912,-0.015351,0.020473,0.054769,-2249.7138817690616,2054.247914009509,-1288.0264230913963,791.733606728403,-0.117296,0.006487,6416.9,6203.7,0.200656,0.013767,-1.000000,6.8956,1.0000,,,,,
9.9480,1778839088.545974,829,36.035771,-1.712405,0.062585,6.8358,-0.0907,-0.055674,35.995952,-1.656854,0.052388,6.8906,36.099789,-1.709446,0.062313,6.8880,-0.0820,-0.049635,0.428332,-0.1435,36.099789,-1.709446,0.111146,5.0000,1.000000,-0.706046,4995.2836,0,1,clay,1.0000,0.500000,0,0,0.000000,0.000000,0.000000,0,nan,0.00,-0.231431,0.1358,0.0325,-0.122195,-0.2128,0.60,8.48,9.68,10.61,-4.656854,3.0016,1.8906,0.008000,0.127474,0.9597,-0.049631,0.023124,0.050943,-2660.2816885917296,815.9874280553834,-1180.2667613935052,678.3674791964505,-0.125195,0.005114,6423.0,6197.6,0.189971,0.012790,-1.000000,6.8840,1.0000,,,,,
9.9600,1778839088.557713,830,36.045972,-1.601115,0.042526,6.9476,0.0223,-0.065070,36.078593,-1.654499,0.051629,6.8857,36.112315,-1.599352,0.042170,6.9002,-0.0637,-0.053314,0.394437,-0.1126,36.112315,-1.599352,0.090013,5.0000,1.000000,-0.279636,4971.2425,0,1,clay,1.0000,0.500000,0,0,0.000000,0.000000,0.000000,0,nan,0.00,-0.208703,0.1333,0.0333,-0.110195,-0.2162,0.57,8.53,9.67,8.83,-4.654499,2.9581,1.8857,0.008000,0.068832,-0.9960,-0.026299,0.035325,0.032268,-2736.615223945203,491.42047286407126,-969.1667871330602,477.7722733782017,-0.112667,0.000370,6430.4,6190.2,0.177157,-0.007133,1.000000,6.8963,1.0000,,,,,
9.9720,1778839088.569799,831,36.227222,-1.625197,0.051317,6.8932,-0.0497,-0.071837,36.161194,-1.652479,0.050767,6.8814,36.293695,-1.622970,0.050888,6.8994,-0.0625,-0.058185,0.376120,-0.1006,36.293695,-1.622970,0.098881,5.0000,1.000000,-2.000000,12076.9980,4,1,clay,1.0000,0.500000,0,0,0.000000,0.000000,0.000000,0,nan,0.00,-0.185976,0.1310,0.0344,-0.098195,-0.2402,0.55,9.16,10.27,12.69,-4.652479,2.9088,1.8814,0.008000,0.004282,0.1308,-0.050076,0.022778,0.035604,-2305.8070831763707,276.9491802482387,-858.954905602636,402.15903060817516,-0.097904,-0.001753,6436.0,6184.5,0.167261,-0.003289,1.000000,6.8957,1.0000,,,,,
9.9840,1778839088.583042,832,36.238939,-1.683756,0.044792,6.9757,-0.1034,-0.072146,36.243731,-1.650639,0.049884,6.8752,36.312513,-1.682007,0.044247,6.9147,-0.0720,-0.063494,0.320080,-0.0876,36.312513,-1.682007,0.092825,5.0000,1.000000,-2.000000,11561.0281,4,1,clay,1.0000,0.500000,0,0,0.000000,0.000000,0.000000,0,nan,0.00,-0.163249,0.1287,0.0356,-0.086195,-0.2642,0.74,8.62,10.11,5.60,-4.650639,2.8581,1.8752,0.008000,0.032645,-0.5090,-0.030439,0.019788,0.021685,-2408.72730635657,314.4219352933152,-715.3642057517443,362.90377481345456,-0.082192,-0.001968,6445.5,6175.1,0.150726,-0.019002,1.000000,6.9112,1.0000,,,,,
9.9960,1778839088.593879,833,36.322283,-1.635112,0.052629,6.7933,-0.1928,-0.078396,36.326197,-1.649101,0.048905,6.8676,36.391473,-1.633241,0.052068,6.8913,-0.0922,-0.064983,0.276430,-0.0762,36.391473,-1.633241,0.100210,5.0000,1.000000,-2.000000,12231.2968,4,1,clay,1.0000,0.500000,0,0,0.000000,0.000000,0.000000,0,nan,0.00,-0.140522,0.1265,0.0371,-0.074195,-0.2882,0.71,8.21,9.63,5.90,-4.649101,2.8020,1.8676,0.008000,0.060765,0.1117,-0.059972,-0.004817,0.032333,-2450.1176331048314,58.857349843257566,-541.1853845891504,421.6097260965664,-0.064323,0.000060,6456.9,6163.7,0.130922,0.003281,1.000000,6.8884,1.0000,,,,,
10.0080,1778839088.605873,834,36.439100,-1.664691,0.055175,6.8049,-0.1092,-0.089351,36.408570,-1.647827,0.047842,6.8572,36.504925,-1.662865,0.054589,6.8744,-0.0934,-0.067608,0.216815,-0.0646,36.504925,-1.662865,0.103128,5.0000,1.000000,-2.000000,11886.7436,4,1,clay,1.0000,0.500000,0,0,0.000000,0.000000,0.000000,0,nan,0.00,-0.117794,0.1243,0.0388,-0.062195,-0.3122,0.68,7.76,9.13,5.21,-4.647827,2.7411,1.8572,0.008000,0.051327,0.7237,-0.072646,0.008019,0.021280,-2263.54063495843,-115.93972549090654,-372.197332733953,365.92995396416785,-0.049434,-0.001178,6472.2,6148.4,0.104189,-0.001177,1.000000,6.8722,1.0000,,,,,
10.0200,1778839088.617811,835,36.494523,-1.619995,0.043084,6.8574,-0.1126,-0.102009,36.490850,-1.646818,0.046688,6.8493,36.556773,-1.619145,0.042471,6.8710,-0.0945,-0.071341,0.167401,-0.0531,36.556773,-1.619145,0.090722,5.0000,1.000000,-1.500000,6595.0298,0,1,clay,1.0000,0.500000,0,0,0.000000,0.000000,0.000000,0,nan,0.00,-0.095067,0.1223,0.0406,-0.050195,-0.3302,0.65,7.92,9.21,8.79,-4.646818,2.6750,1.8493,0.008000,0.084693,-0.0012,-0.091829,-0.007773,0.029342,-2266.406759238909,-163.71182963074875,-215.86796062716462,349.1615704583789,-0.034470,-0.002690,6485.0,6135.6,0.081913,-0.010822,1.000000,6.8694,1.0000,,,,,
10.0320,1778839088.629927,836,36.567081,-1.676429,0.042199,6.8701,-0.0693,-0.110110,36.573024,-1.646186,0.045375,6.8383,36.630063,-1.675671,0.041519,6.8708,-0.0872,-0.075469,0.138739,-0.0410,36.630063,-1.675671,0.090373,5.0000,1.000000,-1.000000,6034.8262,0,1,clay,1.0000,0.500000,0,0,0.000000,0.000000,0.000000,0,nan,0.00,-0.072340,0.1203,0.0424,-0.038195,-0.3422,0.62,7.96,9.21,8.23,-4.646186,2.5998,1.8383,0.008000,0.194918,-0.6278,-0.092149,0.020876,0.023117,-2322.5836180590086,-215.5675109621119,-66.30566940310251,285.7978262683583,-0.020945,-0.005518,6493.3,6127.2,0.067328,-0.015688,1.000000,6.8695,1.0000,,,,,
10.0440,1778839088.641864,837,36.599865,-1.617876,0.038299,6.8783,-0.0659,-0.116821,36.655095,-1.645876,0.043972,6.8290,36.663006,-1.617402,0.037562,6.8722,-0.0801,-0.079137,0.106355,-0.0290,36.663006,-1.617402,0.085842,5.0000,0.613019,-0.500000,3756.4443,0,1,clay,1.0000,0.500000,0,0,0.000000,0.000000,0.000000,0,nan,0.00,-0.058408,0.1184,0.0443,-0.030839,-0.3482,0.61,8.05,9.27,8.54,-4.645876,2.5194,1.8290,0.008000,0.093462,-0.8727,-0.073799,0.031048,0.022424,-2515.4098276853915,-674.3027239482155,96.17254924533438,223.60537203070018,-0.007516,-0.008216,6502.7,6117.9,0.051015,-0.019076,1.000000,6.8712,1.0000,,,,,
10.0560,1778839088.653874,838,36.808720,-1.613619,0.052701,6.7699,-0.0828,-0.112550,36.737019,-1.645689,0.042627,6.8172,36.872011,-1.612299,0.051916,6.8523,-0.0784,-0.082591,0.079496,-0.0252,36.872011,-1.612299,0.100115,5.0000,1.000000,-0.000000,3799.5422,0,1,clay,1.0000,0.500000,0,0,0.000000,0.000000,0.000000,0,nan,0.00,-0.035680,0.1166,0.0460,-0.018839,-0.3482,0.59,7.95,9.13,7.38,-4.645689,2.4423,1.8172,0.008000,0.071976,-0.2664,-0.079291,-0.021424,0.001612,-2295.952416669933,-1231.5457534436516,246.7112530480481,70.34337872167151,0.001373,-0.009740,6510.7,6109.9,0.037139,-0.005158,0.613019,6.8516,1.0000,,,,,
10.0680,1778839088.665860,839,36.801805,-1.650176,0.043635,6.8993,-0.1243,-0.111166,36.818804,-1.645663,0.041325,6.8050,36.864295,-1.649525,0.042840,6.8614,-0.0821,-0.082520,0.058296,-0.0097,36.864295,-1.649525,0.091473,5.0000,-1.000000,0.335326,3587.7938,0,1,clay,1.0000,0.500000,0,0,0.000000,0.000000,0.000000,0,nan,0.00,-0.058408,0.1148,0.0476,-0.030839,-0.3442,0.58,8.01,9.17,8.37,-4.645663,2.3678,1.8050,0.008000,0.065013,0.3894,-0.078789,-0.067664,-0.051193,-2265.026733030385,-1546.4414921960386,352.7506268113974,59.10837504711705,0.015600,-0.009698,6517.2,6103.4,0.025740,-0.024698,1.000000,6.8608,1.0000,,,,,
10.0800,1778839088.677812,840,36.899791,-1.641484,0.048112,6.7990,-0.2181,-0.109934,36.900467,-1.645888,0.039993,6.7954,36.962358,-1.640884,0.047260,6.8493,-0.1103,-0.091976,0.051253,-0.0400,36.962358,-1.640884,0.095836,5.0000,-1.000000,0.397285,3538.3807,0,1,clay,1.0000,0.500000,0,0,0.000000,0.000000,0.000000,0,nan,0.00,-0.081135,0.1131,0.0491,-0.042839,-0.3394,0.56,7.92,9.04,7.39,-4.645888,2.2914,1.7954,0.008000,0.102039,-0.1524,-0.088133,-0.114989,-0.094093,-2368.110394215881,-1255.965570369851,570.6203710528669,114.28532464323196,0.008087,-0.006980,6519.8,6100.8,0.021278,-0.011877,-1.000000,6.8488,1.0000,,,,,
10.0920,1778839088.689848,841,36.997442,-1.663962,0.043042,6.7426,-0.1281,-0.113587,36.982028,-1.646361,0.038623,6.7866,37.058986,-1.663801,0.042156,6.8286,-0.1157,-0.098552,0.038406,-0.0518,37.058986,-1.663801,0.091181,5.0000,-1.000000,0.453340,3411.6465,0,1,clay,1.0000,0.500000,0,0,0.000000,0.000000,0.000000,0,nan,0.00,-0.103862,0.1115,0.0504,-0.054839,-0.3340,0.54,7.91,9.00,7.85,-4.646361,2.2130,1.7866,0.008000,0.015588,-0.2191,-0.118457,-0.117526,-0.124995,-2004.8873560929128,-718.4547729880121,319.88280909097585,112.47687185009505,-0.002598,-0.007517,6523.1,6097.4,0.015378,-0.005732,-1.000000,6.8283,1.0000,,,,,
10.1040,1778839088.701845,842,37.092341,-1.661566,0.047219,6.7560,-0.1220,-0.144946,37.063471,-1.647483,0.036936,6.7766,37.153719,-1.661321,0.046243,6.8142,-0.1191,-0.109688,-0.014228,-0.0638,37.153719,-1.661321,0.095298,5.0000,1.000000,0.459887,3372.0852,0,1,clay,1.0000,0.500000,0,0,0.000000,0.000000,0.000000,0,nan,0.00,-0.081135,0.1099,0.0516,-0.042839,-0.3285,0.55,7.87,8.96,7.67,-4.647483,2.1163,1.7766,0.008000,0.065094,-0.5642,-0.104615,-0.118397,-0.157714,-2093.7065949898592,-1312.3718598594314,-4.011803463197197,365.59972608944634,-0.012304,-0.009645,6536.6,6084.0,-0.008083,-0.008607,-1.000000,6.8143,1.0000,,,,,
10.1160,1778839088.713864,843,37.187623,-1.586397,0.031096,6.7796,-0.1535,-0.151183,37.144828,-1.648853,0.035237,6.7684,37.248580,-1.587247,0.030080,6.8074,-0.1195,-0.110577,-0.022432,-0.0339,37.248580,-1.587247,0.078586,5.0000,-1.000000,0.472904,3296.1669,0,1,clay,1.0000,0.500000,0,0,0.000000,0.000000,0.000000,0,nan,0.00,-0.103862,0.1084,0.0527,-0.054839,-0.3228,0.54,7.82,8.90,7.53,-4.648853,2.0189,1.7684,0.008000,0.039286,-1.7696,-0.088502,-0.125197,-0.190069,-1823.941705917567,-772.2584774959337,34.68508093204133,406.7427752021492,0.002698,-0.010766,6538.7,6081.9,-0.011721,-0.013384,1.000000,6.8076,1.0000,,,,,
10.1280,1778839088.725913,844,37.200284,-1.511067,0.041149,6.8565,-0.0913,-0.115006,37.226071,-1.649951,0.033819,6.7613,37.260921,-1.511300,0.040118,6.8168,-0.1189,-0.116637,-0.028011,-0.0637,37.260921,-1.511300,0.087642,5.0000,-1.000000,0.454524,3438.8939,0,1,clay,1.0000,0.500000,0,0,0.000000,0.000000,0.000000,0,nan,0.00,-0.126589,0.1069,0.0537,-0.066839,-0.3173,0.53,7.78,8.84,7.54,-4.649951,1.9377,1.7613,0.008000,0.108914,0.3330,-0.070656,-0.082754,-0.053512,-994.1474231996012,-168.85153010946556,84.95481672105876,-1.4370742838688386,-0.010376,-0.011658,6540.1,6080.4,-0.014223,-0.025360,-1.000000,6.8170,1.0000,,,,,
10.1400,1778839088.737796,845,37.311143,-1.631857,0.024722,6.6319,-0.0913,-0.111832,37.307217,-1.651032,0.032463,6.7530,37.370998,-1.633068,0.023689,6.7809,-0.1171,-0.119340,-0.036296,-0.0757,37.370998,-1.633068,0.072942,5.0000,-1.000000,0.505209,3202.5269,0,1,clay,1.0000,0.500000,0,0,0.000000,0.000000,0.000000,0,nan,0.00,-0.149317,0.1054,0.0546,-0.078839,-0.3113,0.52,7.73,8.77,7.44,-4.651032,1.8600,1.7530,0.008000,0.036550,-0.5300,-0.103497,-0.054864,-0.018976,-864.9296005151343,-57.42055336338683,-81.11180299491298,-83.14202459355664,-0.023106,-0.012300,6542.2,6078.4,-0.017796,0.006523,-1.000000,6.7812,1.0000,,,,,
10.1520,1778839088.749856,846,37.419663,-1.666107,0.030771,6.6295,-0.0962,-0.111389,37.388258,-1.652154,0.031120,6.7442,37.478827,-1.666958,0.029737,6.7514,-0.1171,-0.122074,-0.048056,-0.0876,37.478827,-1.666958,0.079500,5.0000,-1.000000,0.594570,3145.2586,0,1,clay,1.0000,0.500000,0,0,0.000000,0.000000,0.000000,0,nan,0.00,-0.172044,0.1041,0.0553,-0.090839,-0.3041,0.51,7.65,8.68,7.21,-4.652154,1.7830,1.7442,0.008000,0.087678,0.0643,-0.131005,-0.013235,0.030788,-1096.0856400064313,146.811715488951,-234.37940348543364,-96.52803912676481,-0.035578,-0.012662,6545.3,6075.3,-0.023171,0.005409,-1.000000,6.7518,1.0000,,,,,
10.1640,1778839088.761766,847,37.473473,-1.719110,0.034895,6.6898,-0.0917,-0.110981,37.469187,-1.653393,0.029751,6.7346,37.531861,-1.719712,0.033863,6.7393,-0.1168,-0.124807,-0.059929,-0.0995,37.531861,-1.719712,0.084234,5.0000,-1.000000,0.557658,3050.6916,0,1,clay,1.0000,0.500000,0,0,0.000000,0.000000,0.000000,0,nan,0.00,-0.194771,0.1027,0.0560,-0.102839,-0.2974,0.50,7.59,8.60,7.25,-4.653393,1.7046,1.7346,0.008000,0.147900,-0.5020,-0.120458,-0.057113,-0.033500,-1263.8553882898095,334.0409928275322,-385.25722954170703,-98.49994835252164,-0.048181,-0.013042,6548.4,6072.1,-0.028733,-0.005125,-1.000000,6.7398,1.0000,,,,,
10.1760,1778839088.773871,848,37.583565,-1.692458,0.023270,6.7300,-0.1406,-0.118711,37.550003,-1.654884,0.028294,6.7243,37.641520,-1.693833,0.022224,6.7373,-0.1258,-0.128978,-0.072875,-0.1114,37.641520,-1.693833,0.072462,5.0000,-1.000000,0.580860,2971.2117,0,1,clay,1.0000,0.500000,0,0,0.000000,0.000000,0.000000,0,nan,0.00,-0.217498,0.1014,0.0565,-0.114839,-0.2905,0.50,7.49,8.50,6.95,-4.654884,1.6211,1.7243,0.008000,0.060644,-0.6485,-0.129249,-0.049591,-0.000594,-1454.4818635948423,107.77651745685307,-569.0322475594442,0.673821905376002,-0.058965,-0.012310,6551.6,6068.9,-0.034293,-0.012181,-1.000000,6.7379,1.0000,,,,,
10.1880,1778839088.785774,849,37.675949,-1.606169,0.026636,6.7387,-0.0911,-0.124228,37.630723,-1.656594,0.026802,6.7169,37.733119,-1.607355,0.025576,6.7374,-0.1245,-0.133719,-0.083336,-0.1233,37.733119,-1.607355,0.074851,5.0000,0.569030,0.080860,15585.6255,0,1,clay,1.0000,0.500000,0,0,0.000000,0.000000,0.000000,0,nan,0.00,-0.204566,0.1001,0.0570,-0.108011,-0.2895,0.49,7.90,8.88,10.19,-4.656594,1.5356,1.7169,0.008000,0.039715,-0.6547,-0.116337,-0.032802,-0.003099,-1245.0336628037567,-1602.9807758214613,-766.124699054942,22.504633293280122,-0.071162,-0.013409,6554.3,6066.2,-0.038970,-0.014703,-1.000000,6.7381,1.0000,,,,,
10.2000,1778839088.797857,850,37.735103,-1.710585,0.021127,6.8135,-0.1443,-0.120808,37.711346,-1.658419,0.025343,6.7101,37.795054,-1.712196,0.020022,6.7519,-0.1280,-0.131186,-0.090907,-0.1030,37.795054,-1.712196,0.070371,5.0000,0.516578,0.580860,10575.2776,0,1,clay,1.0000,0.500000,0,0,0.000000,0.000000,0.000000,0,nan,0.00,-0.192826,0.0989,0.0574,-0.101812,-0.2825,0.49,8.09,9.06,9.15,-4.658419,1.4521,1.7101,0.008000,0.048878,-0.6402,-0.079768,-0.008679,0.041977,-828.9999109304796,-1025.9499839894493,-784.267465477235,34.30860616350357,-0.063219,-0.012572,6555.2,6065.4,-0.040456,-0.023707,0.569030,6.7527,1.0000,,,,,
10.2120,1778839088.810050,851,37.913473,-1.714621,0.023527,6.6615,-0.0988,-0.092404,37.791896,-1.659849,0.024209,6.7030,37.974614,-1.716014,0.022444,6.7343,-0.1239,-0.125516,-0.076276,-0.0971,37.974614,-1.716014,0.072940,5.0000,1.000000,1.080860,10123.1318,0,1,clay,1.0000,0.500000,0,0,0.000000,0.000000,0.000000,0,nan,0.00,-0.170098,0.0977,0.0576,-0.089812,-0.2696,0.49,8.36,9.35,9.93,-4.659849,1.3871,1.7030,0.008000,0.095348,-0.6730,-0.077700,0.016138,0.087867,-756.6140959744022,-738.3336093047965,-549.9246326615304,-178.9141313185796,-0.058529,-0.011865,6552.6,6067.9,-0.036005,-0.011015,0.516578,6.7350,1.0000,,,,,
10.2240,1778839088.821966,852,37.920071,-1.614486,0.031119,6.5787,-0.1004,-0.098899,37.872332,-1.661488,0.022968,6.6935,37.982771,-1.615349,0.030045,6.7040,-0.1183,-0.119135,-0.073499,-0.0805,37.982771,-1.615349,0.079602,5.0000,1.000000,-2.000000,50370.1344,4,1,clay,1.0000,0.500000,0,0,0.000000,0.000000,0.000000,0,nan,0.00,-0.147371,0.0966,0.0581,-0.077812,-0.2936,0.49,9.45,10.43,15.63,-4.661488,1.3160,1.6935,0.008000,0.020612,0.6931,-0.100359,0.027694,0.112511,-1236.6281075350073,12.01557146313155,-454.5288947619811,-136.15912216129638,-0.047308,-0.011594,6553.1,6067.4,-0.036912,-0.006540,1.000000,6.7048,1.0000,,,,,
10.2360,1778839088.838100,853,37.941896,-1.681728,0.015468,6.5992,-0.1116,-0.117692,37.952636,-1.663670,0.021435,6.6825,38.020407,-1.684049,0.014119,6.6827,-0.1160,-0.117399,-0.149065,-0.0661,38.020407,-1.684049,0.064749,5.0000,1.000000,-2.000000,49926.8884,4,1,clay,1.0000,0.500000,0,0,0.000000,0.000000,0.000000,0,nan,0.00,-0.124644,0.0955,0.0588,-0.065812,-0.3176,1.14,9.13,11.42,7.29,-4.663670,1.2281,1.6825,0.008000,0.167310,-0.7440,-0.129647,0.009366,0.102748,-1793.2680476444914,159.53416274760912,-483.6212352524495,21.470975391179067,-0.034774,-0.011970,6563.8,6056.8,-0.055450,-0.015384,1.000000,6.6843,1.0000,,,,,
10.2480,1778839088.845857,854,38.094565,-1.655482,0.016920,6.7291,-0.2196,-0.133450,38.032818,-1.666143,0.019829,6.6729,38.169748,-1.657819,0.015612,6.6911,-0.1308,-0.116488,-0.183127,-0.0546,38.169748,-1.657819,0.065880,5.0000,1.000000,-2.000000,49408.5280,4,1,clay,1.0000,0.500000,0,0,0.000000,0.000000,0.000000,0,nan,0.00,-0.101917,0.0944,0.0598,-0.053812,-0.3416,1.05,8.66,10.76,6.04,-4.666143,1.1361,1.6729,0.008000,0.045668,0.2959,-0.084258,-0.035269,0.075857,-1624.9069041671191,-1210.6601126891453,-374.55056850610333,272.3007799167,-0.018666,-0.009887,6572.7,6047.9,-0.070942,-0.040232,1.000000,6.6930,1.0000,,,,,
10.2600,1778839088.857797,855,38.020642,-1.687952,0.014597,6.6821,-0.0886,-0.124124,38.112875,-1.668671,0.018309,6.6611,38.091545,-1.690204,0.013370,6.6885,-0.1197,-0.113740,-0.238678,-0.0432,38.091545,-1.690204,0.064030,5.0000,1.000000,-2.000000,49928.6058,4,1,clay,1.0000,0.500000,0,0,0.000000,0.000000,0.000000,0,nan,0.00,-0.079189,0.0933,0.0610,-0.041812,-0.3656,0.96,8.27,10.20,6.06,-4.668671,1.0490,1.6611,0.008000,0.134594,-0.1680,-0.055723,-0.057637,0.040413,-1452.819404323156,-578.0943993943959,-249.62223023198032,221.46070195404232,-0.007500,-0.011548,6587.0,6033.5,-0.096031,-0.038279,1.000000,6.6909,1.0000,,,,,
10.2720,1778839088.869879,856,38.181909,-1.727272,0.011786,6.5815,-0.1486,-0.127475,38.192772,-1.671335,0.016785,6.6478,38.248902,-1.729624,0.010625,6.6669,-0.1208,-0.111663,-0.285218,-0.0318,38.248902,-1.729624,0.061904,5.0000,1.000000,-2.000000,48963.9818,4,1,clay,1.0000,0.500000,0,0,0.000000,0.000000,0.000000,0,nan,0.00,-0.056462,0.0923,0.0624,-0.029812,-0.3896,0.88,7.88,9.65,5.66,-4.671335,0.9617,1.6478,0.008000,0.024682,-0.5499,-0.063586,-0.053133,0.043944,-1726.8412540395448,-669.2603001630409,-45.862588687507255,319.69250064651624,0.005850,-0.011352,6599.1,6021.5,-0.117067,-0.029035,1.000000,6.6697,1.0000,,,,,
10.2840,1778839088.881843,857,38.288645,-1.683168,0.018762,6.6376,-0.1687,-0.132579,38.272494,-1.674261,0.015192,6.6331,38.352035,-1.685019,0.017656,6.6602,-0.1250,-0.110548,-0.352274,-0.0203,38.352035,-1.685019,0.068429,5.0000,1.000000,-2.000000,49239.3011,4,1,clay,1.0000,0.500000,0,0,0.000000,0.000000,0.000000,0,nan,0.00,-0.033735,0.0913,0.0639,-0.017812,-0.4136,0.81,7.12,8.74,2.78,-4.674261,0.8704,1.6331,0.008000,0.039603,0.5406,-0.066500,-0.036200,0.072640,-1686.3139653657197,-1551.2712290060824,193.1942541919439,508.1520240745947,0.019685,-0.010844,6616.4,6004.2,-0.147145,-0.044483,1.000000,6.6635,1.0000,,,,,
10.2960,1778839088.894831,858,38.433911,-1.669877,0.001648,6.5404,-0.1806,-0.134609,38.352028,-1.677401,0.013586,6.6176,38.491311,-1.672620,0.000634,6.6363,-0.1309,-0.110269,-0.392642,-0.0092,38.491311,-1.672620,0.051630,5.0000,1.000000,-2.000000,47796.9721,4,1,clay,1.0000,0.500000,0,0,0.000000,0.000000,0.000000,0,nan,0.00,-0.011007,0.0904,0.0657,-0.005812,-0.4376,0.76,7.11,8.64,7.07,-4.677401,0.7784,1.6176,0.008000,0.052938,-0.6048,-0.089365,-0.083331,0.042803,-1873.8231514189724,-1481.0292191975009,368.45239899543185,617.7480676599296,0.033750,-0.010218,6627.0,5993.5,-0.165730,-0.035112,1.000000,6.6397,1.0000,,,,,
10.3080,1778839088.905907,859,38.430254,-1.739443,0.008832,6.5926,-0.0801,-0.163767,38.431343,-1.680977,0.011763,6.6010,38.487139,-1.741713,0.007779,6.6270,-0.1161,-0.113433,-0.428222,0.0028,38.487139,-1.741713,0.059529,5.0000,1.000000,-2.000000,47866.4488,4,1,clay,1.0000,0.500000,0,0,0.000000,0.000000,0.000000,0,nan,0.00,0.011720,0.0894,0.0677,0.006188,-0.4616,0.73,6.84,8.31,5.32,-4.680977,0.6740,1.6010,0.008000,0.041150,0.1105,-0.112222,-0.069113,0.023682,-1633.7733376743254,-1435.9215138695984,527.0222281304674,685.4662492416726,0.045771,-0.014084,6636.1,5984.5,-0.181500,-0.057246,1.000000,6.6306,1.0000,,,,,
10.3200,1778839088.917858,860,38.555192,-1.712590,0.007242,6.6383,-0.1322,-0.175450,38.510508,-1.685118,0.009701,6.5945,38.609840,-1.714931,0.006178,6.6282,-0.1135,-0.118116,-0.472669,0.0144,38.609840,-1.714931,0.057643,5.0000,1.000000,-2.000000,47105.4847,4,1,clay,1.0000,0.500000,0,0,0.000000,0.000000,0.000000,0,nan,0.00,0.034447,0.0885,0.0698,0.018188,-0.4856,0.70,6.66,8.06,5.62,-4.685118,0.5558,1.5945,0.008000,0.095730,-0.1519,-0.094634,-0.095768,-0.025585,-1459.8327843503375,-1309.7059767051044,631.4233074220456,721.3951772924808,0.059779,-0.016246,6647.5,5973.1,-0.201425,-0.074657,1.000000,6.6321,1.0000,,,,,
10.3320,1778839088.929829,861,38.632285,-1.631303,0.000271,6.5672,-0.1684,-0.157155,38.589397,-1.689115,0.007806,6.5654,38.685094,-1.634005,-0.000774,6.6154,-0.1177,-0.118410,-0.519760,0.0262,38.685094,-1.634005,0.049975,5.0000,1.000000,-2.000000,46934.2230,4,1,clay,1.0000,0.500000,0,0,0.000000,0.000000,0.000000,0,nan,0.00,0.057174,0.0876,0.0721,0.030188,-0.5096,0.66,6.49,7.82,5.56,-4.689115,0.4472,1.5654,0.008000,0.041173,-1.9330,-0.077191,-0.139167,-0.183239,-485.3872565784908,-1305.4491005415994,645.5806827416243,774.4668653327562,0.073718,-0.016055,6659.6,5961.0,-0.222446,-0.066268,1.000000,6.6195,1.0000,,,,,
10.3440,1778839088.941846,862,38.658848,-1.640094,0.005358,6.5034,-0.0570,-0.146980,38.668065,-1.692965,0.006058,6.5457,38.710070,-1.642326,0.004347,6.5927,-0.1007,-0.116429,-0.563155,0.0380,38.710070,-1.642326,0.055312,5.0000,1.000000,-2.000000,47305.0360,4,1,clay,1.0000,0.500000,0,0,0.000000,0.000000,0.000000,0,nan,0.00,0.079902,0.0867,0.0746,0.042188,-0.5336,0.64,6.29,7.56,5.12,-4.692965,0.3471,1.5457,0.008000,0.044637,-0.8947,-0.070794,-0.123257,-0.212811,-19.13488494805992,-1174.277803132671,570.4621555118277,756.7733430385595,0.083658,-0.018689,6670.6,5949.9,-0.241796,-0.061807,1.000000,6.5970,1.0000,,,,,
10.3560,1778839088.953593,863,38.747051,-1.707753,0.001494,6.4591,-0.1009,-0.132328,38.746479,-1.696610,0.004486,6.5246,38.796327,-1.710022,0.000541,6.5657,-0.0949,-0.112251,-0.622875,0.0497,38.796327,-1.710022,0.052498,5.0000,1.000000,-2.000000,46152.9155,4,1,clay,1.0000,0.500000,0,0,0.000000,0.000000,0.000000,0,nan,0.00,0.102629,0.0859,0.0772,0.054188,-0.5576,0.61,6.22,7.43,5.83,-4.696610,0.2570,1.5246,0.008000,0.108270,-1.3351,-0.102421,-0.118929,-0.233800,129.80431479425272,-1131.3123065062136,390.10334317602906,849.224655676881,0.094660,-0.018822,6685.9,5934.7,-0.268397,-0.062150,1.000000,6.5703,1.0000,,,,,
10.3680,1778839088.965951,864,38.784133,-1.712907,-0.000347,6.4730,-0.1009,-0.129332,38.824641,-1.700213,0.002974,6.5037,38.832563,-1.715156,-0.001259,6.5465,-0.0895,-0.107512,-0.677902,0.0616,38.832563,-1.715156,0.050924,5.0000,1.000000,-2.000000,45956.2680,4,1,clay,1.0000,0.500000,0,0,0.000000,0.000000,0.000000,0,nan,0.00,0.125356,0.0851,0.0799,0.066188,-0.5816,0.59,6.11,7.29,5.50,-4.700213,0.1704,1.5037,0.008000,0.041051,-1.4433,-0.113103,-0.115443,-0.254244,-166.84524257252048,-1064.2636976682315,258.24679028209425,987.7308347414514,0.105687,-0.018771,6699.9,5920.7,-0.292788,-0.069849,1.000000,6.5515,1.0000,,,,,
10.3800,1778839088.977746,865,38.930991,-1.806368,-0.004725,6.4524,-0.0938,-0.124488,38.902532,-1.703901,0.001446,6.4824,38.978289,-1.808696,-0.005590,6.5271,-0.0836,-0.102635,-0.724613,0.0734,38.978289,-1.808696,0.047827,5.0000,1.000000,-2.000000,43955.2544,4,1,clay,1.0000,0.500000,0,0,0.000000,0.000000,0.000000,0,nan,0.00,0.148083,0.0843,0.0828,0.078188,-0.6056,0.57,5.97,7.11,5.20,-4.703901,0.0829,1.4824,0.008000,0.085768,-1.6666,-0.106122,-0.111247,-0.273992,-291.9270543116988,-906.9391415132848,123.05442951161464,1096.4726574140902,0.116490,-0.018707,6711.8,5908.8,-0.313545,-0.073099,1.000000,6.5323,1.0000,,,,,
10.3920,1778839088.989734,866,38.981629,-1.661168,0.001804,6.3879,-0.0581,-0.125622,38.980149,-1.707660,-0.000075,6.4588,39.027656,-1.663029,0.000981,6.4989,-0.0722,-0.098593,-0.773805,0.0853,39.027656,-1.663029,0.052943,5.0000,-0.020329,-2.000000,45449.1926,4,1,clay,1.0000,0.500000,0,0,0.000000,0.000000,0.000000,0,nan,0.00,0.147621,0.0835,0.0858,0.077944,-0.6296,0.55,6.00,7.11,6.18,-4.707660,-0.0043,1.4588,0.008000,0.034983,-1.7854,-0.120667,-0.100967,-0.287582,-320.9007769305772,-1063.7092821732601,32.93373455392697,1184.9005899666981,0.126609,-0.019809,6724.3,5896.2,-0.335412,-0.069418,1.000000,6.5043,1.0000,,,,,
10.4040,1778839089.001850,867,39.056970,-1.709804,-0.014421,6.4744,-0.1143,-0.171762,39.057479,-1.712012,-0.001937,6.4419,39.102838,-1.712506,-0.015293,6.4927,-0.0752,-0.105891,-0.840352,0.0778,39.102838,-1.712506,0.037428,5.0000,0.094701,-2.000000,43442.1207,4,1,clay,1.0000,0.500000,0,0,0.000000,0.000000,0.000000,0,nan,0.00,0.149774,0.0827,0.0889,0.079081,-0.6536,0.53,5.98,7.04,5.83,-4.712012,-0.1110,1.4419,0.008000,0.101287,-1.7399,-0.098538,-0.103557,-0.294824,-365.94324595514223,-701.8525731080124,850.1243092939452,1329.1592391162028,0.128571,-0.021325,6741.2,5879.4,-0.364806,-0.092150,-0.020329,6.4985,1.0000,,,,,
10.4160,1778839089.013808,868,39.103364,-1.658822,-0.012926,6.3559,-0.0783,-0.166915,39.134579,-1.716648,-0.003908,6.4181,39.148753,-1.661453,-0.013824,6.4646,-0.0703,-0.109934,-0.905274,0.0797,39.148753,-1.661453,0.038539,5.0000,-0.044692,-2.000000,43895.9869,4,1,clay,1.0000,0.500000,0,0,0.000000,0.000000,0.000000,0,nan,0.00,0.148758,0.0820,0.0921,0.078544,-0.6776,0.52,5.97,7.01,5.90,-4.716648,-0.2239,1.4181,0.008000,0.088466,-2.0750,-0.113202,-0.098671,-0.301672,193.44306359207468,-1255.3761981237744,493.70758210008086,1411.454335464658,0.130368,-0.023459,6757.7,5862.9,-0.393510,-0.081975,0.094701,6.4709,1.0000,,,,,
10.4280,1778839089.025981,869,39.199048,-1.735130,-0.006584,6.4667,-0.0318,-0.122494,39.211419,-1.720845,-0.005551,6.3954,39.244349,-1.737332,-0.007450,6.4634,-0.0587,-0.106131,-0.965924,0.0782,39.244349,-1.737332,0.045712,5.0000,0.099928,-2.000000,42890.5485,4,1,clay,1.0000,0.500000,0,0,0.000000,0.000000,0.000000,0,nan,0.00,0.151029,0.0812,0.0955,0.079743,-0.7016,0.52,5.85,6.89,5.18,-4.720845,-0.3181,1.3954,0.008000,0.073024,-1.6145,-0.110847,-0.085728,-0.296078,1256.6866907437825,-748.185113061719,231.0604120280636,1422.575354221352,0.126698,-0.024231,6773.0,5847.5,-0.420303,-0.104564,-0.044692,6.4701,1.0000,,,,,
10.4400,1778839089.037812,870,39.280788,-1.727648,-0.002028,6.3693,-0.0985,-0.098010,39.287997,-1.724329,-0.006763,6.3757,39.325072,-1.729536,-0.002823,6.4436,-0.0615,-0.098899,-1.027712,0.0804,39.325072,-1.729536,0.050369,5.0000,0.003771,-1.271536,42707.3482,4,1,clay,1.0000,0.500000,0,0,0.000000,0.000000,0.000000,0,nan,0.00,0.151115,0.0805,0.0988,0.079789,-0.7168,0.51,5.97,7.00,6.69,-4.724329,-0.3875,1.3757,0.008000,0.111141,-0.9405,-0.112838,-0.088202,-0.285024,1995.0384662141885,-1007.6660104695443,369.5754524736152,1441.873062030244,0.126331,-0.021671,6788.8,5831.8,-0.447706,-0.098570,0.099928,6.4506,1.0000,,,,,
10.4520,1778839089.049770,871,39.429629,-1.729153,-0.000510,6.3297,-0.0596,-0.089982,39.364317,-1.727535,-0.007843,6.3536,39.474468,-1.730874,-0.001261,6.4199,-0.0563,-0.091017,-1.055943,0.0798,39.474468,-1.730874,0.052127,5.0000,0.024459,-0.799419,41630.2032,4,1,clay,1.0000,0.500000,0,0,0.000000,0.000000,0.000000,0,nan,0.00,0.151671,0.0798,0.1021,0.080082,-0.7264,0.50,5.86,6.87,5.24,-4.727535,-0.4493,1.3536,0.008000,0.111295,-1.1470,-0.109196,-0.082659,-0.276634,1803.8823560781227,-797.0409345405933,377.87008000735824,1450.062087132984,0.123606,-0.020377,6797.1,5823.4,-0.462318,-0.097960,0.003771,6.4272,1.0000,,,,,
10.4640,1778839089.061804,872,39.468533,-1.746948,-0.004174,6.4012,0.0489,-0.078400,39.440357,-1.730509,-0.008806,6.3301,39.512679,-1.748546,-0.004858,6.4147,-0.0331,-0.083408,-1.086928,0.0803,39.512679,-1.748546,0.048808,5.0000,0.034720,-0.448323,40929.9154,4,1,clay,1.0000,0.500000,0,0,0.000000,0.000000,0.000000,0,nan,0.00,0.152460,0.0791,0.1053,0.080499,-0.7318,0.51,5.71,6.72,4.82,-4.730509,-0.5046,1.3301,0.008000,0.043217,-1.1514,-0.081264,-0.057192,-0.269798,1465.4251087358564,-706.2708337086056,417.4000596313575,1337.077488769603,0.117741,-0.021957,6805.8,5814.7,-0.477490,-0.112106,0.024459,6.4222,1.0000,,,,,
10.4760,1778839089.073882,873,39.502030,-1.733129,-0.008214,6.3443,-0.0495,-0.075298,39.516125,-1.733345,-0.009708,6.3079,39.545119,-1.734781,-0.008835,6.3996,-0.0323,-0.077007,-1.110520,0.0807,39.545119,-1.734781,0.044841,5.0000,0.001161,-0.091808,40630.9269,4,1,clay,1.0000,0.500000,0,0,0.000000,0.000000,0.000000,0,nan,0.00,0.152486,0.0784,0.1084,0.080513,-0.7329,0.51,5.77,6.80,6.16,-4.733345,-0.5562,1.3079,0.008000,0.027580,-1.2802,-0.071652,-0.055701,-0.262009,1334.5062229550697,-714.7848687264972,432.0449335827212,1373.9044790640085,0.116058,-0.020141,6812.4,5808.1,-0.489003,-0.109038,0.034720,6.4071,1.0000,,,,,
10.4880,1778839089.085812,874,39.561173,-1.747002,-0.011590,6.3765,-0.0855,-0.071579,39.591611,-1.736118,-0.010591,6.2838,39.604571,-1.748778,-0.012170,6.3935,-0.0378,-0.070583,-1.130045,0.0805,39.604571,-1.748778,0.041747,5.0000,0.030199,0.152421,39784.9123,4,1,clay,1.0000,0.500000,0,0,0.000000,0.000000,0.000000,0,nan,0.00,0.153173,0.0778,0.1113,0.080875,-0.7311,0.51,5.82,6.83,6.07,-4.736118,-0.6068,1.2838,0.008000,0.090440,-1.2431,-0.053475,-0.061476,-0.258007,1231.423861218062,-613.9490406977918,432.2692792528693,1439.604545765436,0.115248,-0.017371,6818.0,5802.6,-0.498681,-0.119257,0.001161,6.4012,1.0000,,,,,
10.5000,1778839089.097926,875,39.679891,-1.796987,-0.004668,6.3007,0.0422,-0.064530,39.666813,-1.738723,-0.011373,6.2594,39.723395,-1.798263,-0.005205,6.3739,-0.0191,-0.064044,-1.149727,0.0811,39.723395,-1.798263,0.049372,5.0000,0.082458,0.506302,38864.0066,4,1,clay,1.0000,0.500000,0,0,0.000000,0.000000,0.000000,0,nan,0.00,0.155047,0.0771,0.1140,0.081865,-0.7250,0.50,5.71,6.71,5.09,-4.738723,-0.6516,1.2594,0.008000,0.134965,-1.1939,-0.039819,-0.041405,-0.245865,1243.1731777298596,-544.7606633304727,474.5372343354276,1326.5132152387787,0.110812,-0.018676,6823.4,5797.2,-0.508106,-0.113959,0.030199,6.3817,1.0000,,,,,
10.5120,1778839089.109880,876,39.724113,-1.640364,-0.010892,6.2111,-0.0854,-0.057197,39.741707,-1.741151,-0.012065,6.2338,39.766625,-1.641866,-0.011376,6.3408,-0.0275,-0.057991,-1.169305,0.0824,39.766625,-1.641866,0.041759,5.0000,-0.180140,0.966264,39807.3711,4,1,clay,1.0000,0.500000,0,0,0.000000,0.000000,0.000000,0,nan,0.00,0.150953,0.0765,0.1164,0.079703,-0.7134,0.50,5.72,6.71,5.76,-4.741151,-0.6913,1.2338,0.008000,0.084233,-0.6291,-0.059922,-0.049918,-0.240660,1241.4358177848867,-187.15479740418863,519.6740484453301,1342.7034969693264,0.111513,-0.015517,6828.9,5791.6,-0.517789,-0.107672,0.082458,6.3487,1.0000,,,,,
10.5240,1778839089.121968,877,39.711715,-1.812009,-0.000734,6.2277,-0.0442,-0.052173,39.816293,-1.743413,-0.012673,6.2076,39.754251,-1.813013,-0.001179,6.3173,-0.0272,-0.052646,-1.176487,0.0785,39.754251,-1.813013,0.054013,5.0000,0.257072,1.226190,39260.9876,4,1,clay,1.0000,0.500000,0,0,0.000000,0.000000,0.000000,0,nan,0.00,0.156795,0.0759,0.1186,0.082788,-0.6987,0.51,5.79,6.80,6.18,-4.743413,-0.7261,1.2076,0.008000,0.160079,-0.1205,-0.048828,-0.048818,-0.232077,1154.4606916139287,-381.95905520481944,437.554555643179,1339.8420213192544,0.107598,-0.013935,6831.6,5789.0,-0.522333,-0.116524,-0.180140,6.3253,1.0000,,,,,
10.5360,1778839089.133854,878,39.861850,-1.745213,-0.014997,6.1464,0.0291,-0.046392,39.890566,-1.745574,-0.013243,6.1838,39.904556,-1.746660,-0.015400,6.2826,-0.0122,-0.045539,-1.182691,0.0845,39.904556,-1.746660,0.039472,5.0000,-0.039976,1.566214,37810.4612,4,1,clay,1.0000,0.500000,0,0,0.000000,0.000000,0.000000,0,nan,0.00,0.155887,0.0753,0.1204,0.082308,-0.6799,0.50,5.93,6.94,6.73,-4.745574,-0.7588,1.1838,0.008000,0.019417,-1.3152,-0.076145,-0.033740,-0.227697,1015.0393815914122,-278.59023209542033,550.0824979934006,1247.7301224697876,0.106788,-0.014634,6833.6,5787.0,-0.525881,-0.113251,0.257072,6.2907,1.0000,,,,,
10.5480,1778839089.145785,879,39.940608,-1.731346,-0.008834,6.1312,-0.0595,-0.045307,39.964527,-1.747673,-0.013807,6.1554,39.983904,-1.732525,-0.009208,6.2516,-0.0170,-0.040593,-1.184224,0.0820,39.983904,-1.732525,0.045713,5.0000,0.006058,1.829750,37891.6446,4,1,clay,1.0000,0.500000,0,0,0.000000,0.000000,0.000000,0,nan,0.00,0.156024,0.0747,0.1219,0.082381,-0.6579,0.50,5.85,6.85,5.42,-4.747673,-0.7911,1.1554,0.008000,0.018543,-1.2241,-0.081015,-0.038731,-0.221677,970.8381616529579,-401.72729813950184,523.1563932023623,1293.244067563613,0.105830,-0.012413,6834.6,5786.0,-0.527666,-0.116721,-0.039976,6.2598,1.0000,,,,,
10.5600,1778839089.157764,880,40.040226,-1.769913,-0.013997,6.1028,0.0122,-0.040254,40.038166,-1.749669,-0.014323,6.1293,40.082794,-1.771178,-0.014333,6.2214,-0.0082,-0.036071,-1.169152,0.0824,40.082794,-1.771178,0.041352,5.0000,0.095616,1.920606,36513.1328,4,1,clay,1.0000,0.500000,0,0,0.000000,0.000000,0.000000,0,nan,0.00,0.158197,0.0741,0.1231,0.083528,-0.6349,0.49,5.91,6.90,6.22,-4.749669,-0.8207,1.1293,0.008000,0.075992,-1.6090,-0.084858,-0.028870,-0.216203,940.1454344206506,-351.03100854043015,557.9769983981737,1228.9304312687818,0.103056,-0.012577,6831.2,5789.3,-0.521750,-0.119495,0.006058,6.2294,1.0000,,,,,
10.5720,1778839089.169778,881,40.123905,-1.753814,-0.006710,6.0679,0.0704,-0.039401,40.111479,-1.751578,-0.014806,6.1006,40.166538,-1.754594,-0.007017,6.1900,0.0100,-0.031551,-1.177597,0.0842,40.166538,-1.754594,0.048684,5.0000,0.002018,2.000000,36657.4513,4,1,clay,1.0000,0.500000,0,0,0.000000,0.000000,0.000000,0,nan,0.00,0.158243,0.0735,0.1240,0.083552,-0.6109,0.49,5.83,6.81,5.39,-4.751578,-0.8483,1.1006,0.008000,0.019493,-0.9889,-0.107863,-0.009662,-0.212286,893.220208845956,138.57965640284795,574.481787649087,1148.855764957088,0.100049,-0.014493,6833.5,5787.0,-0.525790,-0.120896,0.095616,6.1981,1.0000,,,,,
10.5840,1778839089.181866,882,40.108899,-1.740986,-0.018799,6.1460,-0.0226,-0.037329,40.184476,-1.753405,-0.015261,6.0747,40.150841,-1.742240,-0.019078,6.1800,0.0072,-0.028440,-1.175605,0.0836,40.150841,-1.742240,0.036685,5.0000,0.007609,2.000000,36211.0744,4,1,clay,1.0000,0.500000,0,0,0.000000,0.000000,0.000000,0,nan,0.00,0.158416,0.0729,0.1245,0.083644,-0.5869,0.48,5.81,6.76,5.68,-4.753405,-0.8744,1.0747,0.008000,0.065056,-1.4514,-0.100524,-0.012165,-0.207844,982.1469946000059,207.90815368945755,557.1058873313797,1177.2125418342393,0.099464,-0.012996,6833.1,5787.4,-0.525064,-0.138083,0.002018,6.1880,1.0000,,,,,
10.5960,1778839089.193799,883,40.308754,-1.739532,-0.017116,6.0819,0.0285,-0.034963,40.257156,-1.755141,-0.015686,6.0479,40.350390,-1.740620,-0.017370,6.1595,0.0143,-0.025224,-1.175056,0.0837,40.350390,-1.740620,0.038543,5.0000,0.018746,2.000000,34592.4713,4,1,clay,1.0000,0.500000,0,0,0.000000,0.000000,0.000000,0,nan,0.00,0.158842,0.0724,0.1248,0.083869,-0.5629,0.47,5.79,6.74,5.68,-4.755141,-0.8987,1.0479,0.008000,0.078029,-1.1667,-0.112990,-0.004291,-0.204621,928.3795243638206,7.003592147405016,563.6180997643785,1137.789604559443,0.097371,-0.013285,6833.0,5787.6,-0.524798,-0.134652,0.007609,6.1675,1.0000,,,,,
10.6080,1778839089.205797,884,40.249402,-1.749677,-0.018032,6.0377,-0.0209,-0.031031,40.329522,-1.756779,-0.016077,6.0222,40.290712,-1.750778,-0.018261,6.1344,0.0112,-0.021955,-1.178930,0.0840,40.290712,-1.750778,0.038008,5.0000,0.044550,2.000000,35265.4630,4,1,clay,1.0000,0.500000,0,0,0.000000,0.000000,0.000000,0,nan,0.00,0.159855,0.0718,0.1247,0.084403,-0.5389,0.47,5.73,6.67,5.37,-4.756779,-0.9212,1.0222,0.008000,0.112528,-1.6260,-0.116507,-0.007502,-0.202219,905.7354514710064,-124.21350755314347,574.7477268660202,1142.6647633609675,0.097200,-0.011771,6833.9,5786.6,-0.526486,-0.135409,0.018746,6.1424,1.0000,,,,,
10.6200,1778839089.217803,885,40.339633,-1.728228,-0.020535,5.9992,0.0174,-0.027290,40.401566,-1.758301,-0.016419,5.9955,40.380361,-1.729350,-0.020739,6.1068,0.0155,-0.018719,-1.177376,0.0847,40.380361,-1.729350,0.035553,5.0000,0.002843,2.000000,34702.3888,4,1,clay,1.0000,0.500000,0,0,0.000000,0.000000,0.000000,0,nan,0.00,0.159919,0.0713,0.1245,0.084437,-0.5149,0.47,5.73,6.67,5.72,-4.758301,-0.9407,0.9955,0.008000,0.093383,-1.3874,-0.109249,-0.002684,-0.193492,787.173956574646,-259.05730715441723,587.3530387540327,1109.9484316938153,0.096029,-0.011562,6833.5,5787.1,-0.525743,-0.135606,0.044550,6.1147,1.0000,,,,,
10.6320,1778839089.229906,886,40.475905,-1.746348,-0.019640,5.9982,0.0165,-0.024687,40.473288,-1.759697,-0.016697,5.9688,40.516390,-1.747369,-0.019821,6.0843,0.0188,-0.015682,-1.174350,0.0845,40.516390,-1.747369,0.036884,5.0000,0.051685,2.000000,33471.8264,4,1,clay,1.0000,0.500000,0,0,0.000000,0.000000,0.000000,0,nan,0.00,0.161094,0.0707,0.1239,0.085058,-0.4909,0.46,5.67,6.60,5.36,-4.759697,-0.9567,0.9688,0.008000,0.121993,-1.9504,-0.107567,0.001035,-0.195203,773.7887085105583,0.8415139286789781,577.9919650197966,1093.1510212950893,0.094572,-0.011225,6832.7,5787.8,-0.524393,-0.141676,0.002843,6.0921,1.0000,,,,,
10.6440,1778839089.241781,887,40.559421,-1.852667,-0.027369,5.8695,0.1143,-0.018397,40.544703,-1.760968,-0.016923,5.9430,40.599170,-1.853800,-0.027524,6.0413,0.0391,-0.012115,-1.173803,0.0854,40.599170,-1.853800,0.030931,5.0000,0.218656,2.000000,31542.7762,4,1,clay,1.0000,0.500000,0,0,0.000000,0.000000,0.000000,0,nan,0.00,0.166063,0.0702,0.1231,0.087681,-0.4669,0.45,5.71,6.62,5.94,-4.760968,-0.9696,0.9430,0.008000,0.103913,-1.5681,-0.115293,0.022957,-0.189346,710.5452144085382,27.870907752357596,593.0507816818211,963.5017349264133,0.090569,-0.013779,6832.6,5788.0,-0.524086,-0.130181,0.051685,6.0490,1.0000,,,,,
10.6560,1778839089.253748,888,40.557514,-1.672597,-0.015644,5.9743,0.0918,-0.017274,40.615818,-1.762142,-0.017116,5.9173,40.597482,-1.673140,-0.015775,6.0268,0.0522,-0.008145,-1.169408,0.0891,40.597482,-1.673140,0.040539,5.0000,-0.267523,2.000000,34271.9197,4,1,clay,1.0000,0.500000,0,0,0.000000,0.000000,0.000000,0,nan,0.00,0.159983,0.0697,0.1221,0.084471,-0.4429,0.46,5.66,6.58,5.40,-4.762142,-0.9807,0.9173,0.008000,0.076645,-1.2475,-0.098575,0.036274,-0.185206,592.6775828568464,-87.84507582896967,601.4656721448853,915.7075434104315,0.090077,-0.015028,6831.5,5789.1,-0.522190,-0.152952,0.218656,6.0346,1.0000,,,,,
10.6680,1778839089.265909,889,40.649889,-1.705940,-0.010586,5.8802,0.1130,-0.010184,40.686638,-1.763208,-0.017273,5.8933,40.689542,-1.706150,-0.010694,5.9970,0.0649,-0.005569,-1.159047,0.0827,40.689542,-1.706150,0.046248,5.0000,0.078486,2.000000,33653.6692,4,1,clay,1.0000,0.500000,0,0,0.000000,0.000000,0.000000,0,nan,0.00,0.161767,0.0692,0.1209,0.085413,-0.4189,0.47,5.65,6.60,5.58,-4.763208,-0.9897,0.8933,0.008000,0.085719,-0.6721,-0.099768,0.051129,-0.182432,608.1177326773511,-167.89626117942845,493.498423025771,835.9869715679818,0.083292,-0.016384,6828.8,5791.7,-0.517597,-0.148007,-0.267523,6.0047,1.0000,,,,,
10.6800,1778839089.277887,890,40.781684,-1.793994,-0.024615,5.8499,-0.0403,-0.006753,40.757153,-1.764157,-0.017371,5.8668,40.821159,-1.794826,-0.024697,5.9670,0.0487,-0.001591,-1.159833,0.0859,40.821159,-1.794826,0.033740,5.0000,0.186840,2.000000,30836.6586,4,1,clay,1.0000,0.500000,0,0,0.000000,0.000000,0.000000,0,nan,0.00,0.166013,0.0687,0.1195,0.087655,-0.3949,0.48,5.65,6.61,5.62,-4.764157,-0.9953,0.8668,0.008000,0.036025,-1.8907,-0.097505,0.033440,-0.177615,550.6108393502722,-327.2511305623278,596.982398043632,931.9041623708549,0.086110,-0.012349,6829.0,5791.5,-0.517949,-0.151185,0.078486,5.9747,1.0000,,,,,
10.6920,1778839089.290409,891,40.821832,-1.817939,-0.011202,5.9125,0.0581,-0.004605,40.827363,-1.765034,-0.017448,5.8411,40.861219,-1.818168,-0.011259,5.9550,0.0535,0.002204,-1.158168,0.0889,40.861219,-1.818168,0.047450,5.0000,0.034019,2.000000,31203.9986,4,1,clay,1.0000,0.500000,0,0,0.000000,0.000000,0.000000,0,nan,0.00,0.166787,0.0682,0.1179,0.088063,-0.3709,0.48,5.69,6.66,5.95,-4.765034,-0.9997,0.8411,0.008000,0.091209,-0.4307,-0.099786,0.038207,-0.173858,573.8364643786106,-329.6853540985459,603.7043829927968,929.2997477778231,0.086572,-0.012119,6828.6,5791.9,-0.517211,-0.167170,0.186840,5.9627,1.0000,,,,,
10.7040,1778839089.301970,892,40.907779,-1.714556,-0.022287,5.8508,0.0563,-0.006440,40.897270,-1.765866,-0.017512,5.8160,40.947529,-1.715177,-0.022328,5.9333,0.0568,0.004736,-1.149570,0.0883,40.947529,-1.715177,0.035446,5.0000,-0.116944,2.000000,30886.6976,4,1,clay,1.0000,0.500000,0,0,0.000000,0.000000,0.000000,0,nan,0.00,0.164129,0.0677,0.1160,0.086660,-0.3469,0.50,5.74,6.75,6.02,-4.765866,-1.0033,0.8160,0.008000,0.059325,-1.1631,-0.100989,0.041713,-0.171143,571.1365536809567,-175.0118667572565,584.7732111022752,922.3800718723608,0.085686,-0.012003,6826.5,5794.1,-0.513490,-0.165369,0.034019,5.9410,1.0000,,,,,
10.7160,1778839089.313903,893,40.941785,-1.690318,-0.020620,5.6922,0.0453,-0.003386,40.966855,-1.766595,-0.017513,5.7869,40.981549,-1.690841,-0.020645,5.8850,0.0571,0.006830,-1.152764,0.0859,40.981549,-1.690841,0.037285,5.0000,0.019590,2.000000,31407.0259,4,1,clay,1.0000,0.500000,0,0,0.000000,0.000000,0.000000,0,nan,0.00,0.164574,0.0672,0.1141,0.086895,-0.3229,0.51,5.65,6.66,5.15,-4.766595,-1.0034,0.7869,0.008000,0.086931,-1.0184,-0.123655,0.042409,-0.168778,731.5836709692959,-155.43707217560424,528.1502047173433,910.9015947711707,0.083416,-0.011437,6827.3,5793.2,-0.514951,-0.147051,-0.116944,5.8929,1.0000,,,,,
10.7280,1778839089.325825,894,40.983428,-1.743158,-0.010234,5.7069,0.0440,0.008201,41.036113,-1.767220,-0.017453,5.7616,41.022384,-1.743219,-0.010231,5.8491,0.0572,0.010547,-1.160384,0.0870,41.022384,-1.743219,0.048600,5.0000,0.112632,2.000000,31517.4378,4,1,clay,1.0000,0.500000,0,0,0.000000,0.000000,0.000000,0,nan,0.00,0.167134,0.0667,0.1119,0.088247,-0.2989,0.50,5.63,6.63,5.48,-4.767220,-1.0000,0.7616,0.008000,0.004511,-0.2777,-0.132167,0.042715,-0.163719,494.5339959923926,-256.36620269992363,560.0835155386299,931.7972631818967,0.082378,-0.010270,6829.2,5791.4,-0.518229,-0.156546,0.019590,5.8569,1.0000,,,,,
10.7400,1778839089.337747,895,41.064103,-1.762747,-0.012956,5.6834,-0.0159,0.003919,41.105049,-1.767813,-0.017380,5.7348,41.102540,-1.762954,-0.012936,5.8156,0.0467,0.013116,-1.157623,0.0890,41.102540,-1.762954,0.046506,5.0000,0.076327,2.000000,30682.8241,4,1,clay,1.0000,0.500000,0,0,0.000000,0.000000,0.000000,0,nan,0.00,0.168868,0.0663,0.1096,0.089163,-0.2749,0.49,5.58,6.56,5.31,-4.767813,-0.9958,0.7348,0.008000,0.048981,-0.4894,-0.143540,0.031365,-0.161545,428.12977765651374,-275.0346028384298,580.5938482454873,979.629186555002,0.084904,-0.007578,6828.5,5792.1,-0.516966,-0.156281,0.112632,5.8233,1.0000,,,,,
10.7520,1778839089.349713,896,41.085563,-1.735286,-0.018316,5.6571,0.0184,0.009445,41.173673,-1.768353,-0.017274,5.7094,41.123429,-1.735675,-0.018276,5.7835,0.0443,0.015952,-1.159013,0.0897,41.123429,-1.735675,0.041206,5.0000,0.005022,2.000000,30749.9410,4,1,clay,1.0000,0.500000,0,0,0.000000,0.000000,0.000000,0,nan,0.00,0.168983,0.0658,0.1071,0.089223,-0.2509,0.48,5.67,6.63,6.15,-4.768353,-0.9897,0.7094,0.008000,0.171357,-0.3760,-0.132757,0.028852,-0.161904,357.6667496901009,-448.59461079371624,567.9543758064995,1005.2386317569035,0.085335,-0.006221,6828.8,5791.8,-0.517525,-0.157345,0.076327,5.7911,1.0000,,,,,
10.7640,1778839089.361822,897,41.309876,-1.807033,-0.014782,5.7508,0.0457,0.013605,41.241979,-1.768785,-0.017109,5.6825,41.348072,-1.807235,-0.014719,5.7756,0.0473,0.019105,-1.154840,0.0893,41.348072,-1.807235,0.045705,5.0000,0.117781,2.000000,28116.5335,4,1,clay,1.0000,0.500000,0,0,0.000000,0.000000,0.000000,0,nan,0.00,0.171659,0.0653,0.1045,0.090636,-0.2269,0.47,5.65,6.59,5.56,-4.768785,-0.9803,0.6825,0.008000,0.174001,-0.8113,-0.126507,0.032111,-0.152296,370.574735637007,-562.5489381922143,544.0343779132686,1023.5289706432638,0.083878,-0.005774,6827.8,5792.8,-0.515741,-0.175446,0.005022,5.7833,1.0000,,,,,
10.7760,1778839089.373777,898,41.319912,-1.677960,-0.016110,5.6079,0.1149,0.016643,41.309968,-1.769147,-0.016899,5.6552,41.357735,-1.678070,-0.016026,5.7417,0.0624,0.022387,-1.157670,0.0914,41.357735,-1.678070,0.043139,5.0000,-0.157362,2.000000,29649.9470,4,1,clay,1.0000,0.500000,0,0,0.000000,0.000000,0.000000,0,nan,0.00,0.168083,0.0649,0.1017,0.088748,-0.2029,0.47,5.64,6.57,5.59,-4.769147,-0.9683,0.6552,0.008000,0.054569,-1.1841,-0.131710,0.048144,-0.149882,408.3891645297652,-615.0889234520083,556.6901491421679,965.8513307579533,0.081538,-0.007596,6828.5,5792.1,-0.516967,-0.157205,0.117781,5.7494,1.0000,,,,,
10.7880,1778839089.385702,899,41.358384,-1.806123,-0.013911,5.7227,-0.0488,0.023431,41.377641,-1.769459,-0.016653,5.6292,41.395992,-1.806234,-0.013805,5.7366,0.0442,0.025137,-1.159506,0.0877,41.395992,-1.806234,0.047007,5.0000,0.205913,2.000000,28121.3227,4,1,clay,1.0000,0.500000,0,0,0.000000,0.000000,0.000000,0,nan,0.00,0.172763,0.0645,0.0988,0.091219,-0.1789,0.46,5.71,6.62,6.10,-4.769459,-0.9542,0.6292,0.008000,0.047803,-0.2742,-0.106822,0.029383,-0.149077,331.2672536625339,-317.7672629295714,478.38187994670545,1107.7618549382091,0.081790,-0.003138,6828.9,5791.6,-0.517750,-0.178639,-0.157362,5.7442,1.0000,,,,,
10.8000,1778839089.397769,900,41.431544,-1.804868,-0.015830,5.6736,-0.0714,0.023959,41.445012,-1.769695,-0.016364,5.6039,41.469380,-1.805136,-0.015700,5.7228,0.0268,0.028949,-1.158719,0.0926,41.469380,-1.805136,0.045263,5.0000,0.018815,2.000000,27441.4257,4,1,clay,1.0000,0.500000,0,0,0.000000,0.000000,0.000000,0,nan,0.00,0.173191,0.0640,0.0958,0.091445,-0.1549,0.45,5.65,6.55,5.34,-4.769695,-0.9376,0.6039,0.008000,0.024056,-1.1565,-0.108621,0.009883,-0.146137,409.4422627245195,-200.69094011334812,563.9408946611027,1209.2188912939598,0.086716,0.001256,6828.8,5791.8,-0.517451,-0.174533,0.205913,5.7305,1.0000,,,,,
10.8120,1778839089.409723,901,41.598962,-1.735824,-0.019844,5.5717,0.0543,0.025655,41.512078,-1.769867,-0.016031,5.5792,41.636162,-1.736153,-0.019698,5.6922,0.0344,0.031301,-1.157654,0.0916,41.636162,-1.736153,0.040754,5.0000,-0.063823,2.000000,26630.2116,4,1,clay,1.0000,0.500000,0,0,0.000000,0.000000,0.000000,0,nan,0.00,0.171740,0.0636,0.0926,0.090679,-0.1309,0.44,5.57,6.44,5.06,-4.769867,-0.9185,0.5792,0.008000,0.070164,-0.7348,-0.118529,0.018486,-0.140057,368.5208620652742,-457.7652612154744,522.7622856444078,1180.460983297812,0.084561,0.000662,6828.4,5792.1,-0.516914,-0.162277,0.018815,5.6998,1.0000,,,,,
10.8240,1778839089.421680,902,41.605508,-1.682320,-0.021711,5.6035,0.0113,0.031043,41.578854,-1.769970,-0.015651,5.5551,41.641944,-1.682689,-0.021548,5.6737,0.0326,0.033807,-1.151584,0.0903,41.641944,-1.682689,0.038436,5.0000,-0.058547,2.000000,27201.8138,4,1,clay,1.0000,0.500000,0,0,0.000000,0.000000,0.000000,0,nan,0.00,0.170409,0.0632,0.0894,0.089976,-0.1069,0.43,5.42,6.27,4.59,-4.769970,-0.8967,0.5551,0.008000,0.051346,-0.9332,-0.088594,0.017094,-0.135706,236.17509121236992,-183.35609983008067,486.90688211078594,1232.3615858339094,0.083040,0.001959,6826.9,5793.7,-0.514134,-0.305616,-0.063823,5.6812,1.0000,,,,,
10.8360,1778839089.433863,903,41.571583,-1.749911,-0.015641,5.5447,0.0025,0.030043,41.645335,-1.770046,-0.015245,5.5299,41.607148,-1.750049,-0.015468,5.6475,0.0294,0.035613,-1.140646,0.0896,41.607148,-1.750049,0.045597,5.0000,0.135129,2.000000,27412.6572,4,1,clay,1.0000,0.500000,0,0,0.000000,0.000000,0.000000,0,nan,0.00,0.173480,0.0627,0.0851,0.091598,-0.0829,0.44,5.42,6.29,5.40,-4.770046,-0.8735,0.5299,0.008000,0.024092,-1.1901,-0.078312,0.014273,-0.134484,80.25154117995439,-47.6866919877341,486.960701349543,1238.0926783719856,0.082063,0.003258,6824.0,5796.5,-0.509195,-0.428749,-0.058547,5.6548,1.0000,,,,,
10.8480,1778839089.445759,904,41.767772,-1.652638,-0.011210,5.4923,0.0280,0.034913,41.711491,-1.770126,-0.014834,5.5015,41.803282,-1.652568,-0.011016,5.6160,0.0323,0.038798,-1.151067,0.0925,41.803282,-1.652568,0.049090,5.0000,-0.119860,2.000000,27234.2652,4,1,clay,1.0000,0.500000,0,0,0.000000,0.000000,0.000000,0,nan,0.00,0.170756,0.0622,0.0810,0.090159,-0.0589,0.45,5.43,6.33,5.52,-4.770126,-0.8499,0.5015,0.008000,0.151434,-0.7853,-0.076535,0.016936,-0.132133,58.38724422930862,-48.002282638341015,520.9569022083472,1253.6081679471295,0.082301,0.003731,6826.7,5793.9,-0.513818,-0.458227,0.135129,5.6233,1.0000,,,,,
10.8600,1778839089.457938,905,41.797649,-1.812847,-0.012819,5.4243,0.0256,0.032963,41.777307,-1.770227,-0.014435,5.4731,41.833220,-1.812803,-0.012612,5.5774,0.0335,0.040241,-1.152776,0.0894,41.833220,-1.812803,0.050003,5.0000,0.313611,2.000000,25500.1804,4,1,clay,1.0000,0.500000,0,0,0.000000,0.000000,0.000000,0,nan,0.00,0.177884,0.0617,0.0771,0.093923,-0.0349,0.47,5.38,6.32,5.10,-4.770227,-0.8271,0.4731,0.008000,0.126618,-0.5671,-0.082811,0.018604,-0.129279,54.00872916321697,-11.808092995720415,456.6841566144587,1217.3016310657022,0.079905,0.004096,6827.1,5793.4,-0.514621,-0.462307,-0.119860,5.5848,1.0000,,,,,
10.8720,1778839089.470014,906,41.784273,-1.743282,-0.007738,5.5142,-0.0455,0.028473,41.842761,-1.770333,-0.014042,5.4432,41.819742,-1.743118,-0.007523,5.5637,0.0229,0.041999,-1.161626,0.0959,41.819742,-1.743118,0.054287,5.0000,-0.100634,2.000000,26832.2751,4,1,clay,1.0000,0.500000,0,0,0.000000,0.000000,0.000000,0,nan,0.00,0.175597,0.0612,0.0734,0.092715,-0.0109,0.49,5.39,6.38,5.46,-4.770333,-0.8045,0.4432,0.008000,0.148530,-0.4926,-0.089041,0.006193,-0.130707,57.69062419248702,11.48663040934256,550.001757705031,1233.1440097105958,0.085638,0.006583,6829.4,5791.2,-0.518526,-0.477699,0.313611,5.5711,1.0000,,,,,
10.8840,1778839089.481838,907,41.962059,-1.737225,-0.006558,5.3888,-0.0859,0.032867,41.907857,-1.770447,-0.013661,5.4135,41.997510,-1.737115,-0.006335,5.5283,0.0059,0.042776,-1.168024,0.0921,41.997510,-1.737115,0.055779,5.0000,0.037908,2.000000,25658.5427,4,1,clay,1.0000,0.500000,0,0,0.000000,0.000000,0.000000,0,nan,0.00,0.176458,0.0607,0.0699,0.093170,0.0131,0.51,5.37,6.39,5.26,-4.770447,-0.7827,0.4135,0.008000,0.065279,-0.3262,-0.090109,-0.011628,-0.125015,73.53594805411937,49.40862038177462,470.609847132564,1301.6466238564865,0.087164,0.010309,6831.0,5789.6,-0.521384,-0.471012,-0.100634,5.5358,1.0000,,,,,
10.8960,1778839089.493813,908,41.907390,-1.690232,-0.004169,5.3701,-0.0883,0.030815,41.972595,-1.770566,-0.013290,5.3835,41.942482,-1.690121,-0.003941,5.4962,-0.0078,0.043546,-1.177904,0.0934,41.942482,-1.690121,0.057890,5.0000,-0.035231,2.000000,27182.1940,4,1,clay,1.0000,0.500000,0,0,0.000000,0.000000,0.000000,0,nan,0.00,0.175658,0.0602,0.0665,0.092747,0.0371,0.50,5.38,6.38,5.40,-4.770566,-0.7615,0.3835,0.008000,0.133709,-0.3400,-0.116874,-0.026477,-0.128294,92.1783990713114,71.46126924735586,508.30801539132716,1314.8900155088254,0.090047,0.013321,6833.5,5787.1,-0.525722,-0.472009,0.037908,5.5037,1.0000,,,,,
10.9080,1778839089.505797,909,42.052690,-1.865018,-0.015344,5.2761,-0.0213,0.031628,42.036979,-1.770676,-0.012918,5.3541,42.087458,-1.865282,-0.015112,5.4521,-0.0071,0.044059,-1.178481,0.0925,42.087458,-1.865282,0.049659,5.0000,0.367473,2.000000,23690.7299,4,1,clay,1.0000,0.500000,0,0,0.000000,0.000000,0.000000,0,nan,0.00,0.184009,0.0596,0.0633,0.097157,0.0611,0.50,5.50,6.49,6.16,-4.770676,-0.7401,0.3541,0.008000,0.055889,-0.8718,-0.147291,-0.025467,-0.127486,106.3622382661654,75.14852354524031,484.3190725621879,1281.812554409184,0.089176,0.013499,6833.6,5786.9,-0.525970,-0.465754,-0.035231,5.4597,1.0000,,,,,
10.9200,1778839089.517843,910,42.128055,-1.727579,-0.018130,5.2793,0.0393,0.027699,42.101013,-1.770815,-0.012567,5.3247,42.163250,-1.727853,-0.017890,5.4170,0.0060,0.045491,-1.187822,0.0995,42.163250,-1.727853,0.045493,5.0000,-0.173553,2.000000,24679.1131,4,1,clay,1.0000,0.500000,0,0,0.000000,0.000000,0.000000,0,nan,0.00,0.180065,0.0591,0.0603,0.095074,0.0851,0.50,5.09,6.09,2.82,-4.770815,-0.7200,0.3247,0.008000,0.068494,-0.7900,-0.151658,-0.012937,-0.125436,114.90959437440182,86.2347478739329,570.920288089023,1185.4619993924823,0.091283,0.011244,6836.1,5784.5,-0.530201,-0.468003,0.367473,5.4248,1.0000,,,,,
10.9320,1778839089.529913,911,42.210126,-1.775127,-0.009522,5.2264,0.0695,0.026918,42.164697,-1.770991,-0.012236,5.2943,42.242903,-1.775019,-0.009303,5.3791,0.0191,0.043507,-1.191809,0.0940,42.242903,-1.775019,0.055069,5.0000,0.123700,2.000000,24300.6737,4,1,clay,1.0000,0.500000,0,0,0.000000,0.000000,0.000000,0,nan,0.00,0.182876,0.0614,0.0574,0.096559,0.1091,0.50,4.73,5.73,2.70,-4.770991,-0.7011,0.2943,0.008000,0.081419,-0.1811,-0.172183,0.003028,-0.123985,138.8288107237117,85.33849232594793,461.7535390281193,1095.9876462358357,0.086264,0.008287,6836.9,5783.7,-0.531604,-0.464590,-0.173553,5.3864,1.0000,,,,,
10.9440,1778839089.541894,912,42.202639,-1.685916,-0.009899,5.3066,0.0898,0.029893,42.228018,-1.771147,-0.011888,5.2658,42.233518,-1.685732,-0.009691,5.3640,0.0344,0.043528,-1.201763,0.0973,42.233518,-1.685732,0.053663,5.0000,-0.127327,2.000000,25551.0109,4,1,clay,1.0000,0.500000,0,0,0.000000,0.000000,0.000000,0,nan,0.00,0.179982,0.0641,0.0546,0.095031,0.1331,0.51,4.44,5.45,2.75,-4.771147,-0.6811,0.2658,0.008000,0.084058,-0.5629,-0.162519,0.019832,-0.125652,149.4420903011006,74.20864677502769,505.0263332198788,1047.974860073448,0.084480,0.005305,6839.2,5781.3,-0.535702,-0.473219,0.123700,5.3710,1.0000,,,,,
10.9560,1778839089.553858,913,42.283961,-1.692994,0.000548,5.1955,0.0470,0.030134,42.290961,-1.771293,-0.011536,5.2336,42.313004,-1.692492,0.000743,5.3304,0.0382,0.042656,-1.211441,0.0943,42.313004,-1.692492,0.064472,5.0000,0.046918,2.000000,25708.2427,4,1,clay,1.0000,0.500000,0,0,0.000000,0.000000,0.000000,0,nan,0.00,0.181049,0.0672,0.0520,0.095594,0.1571,0.50,4.18,5.19,2.74,-4.771293,-0.6610,0.2336,0.008000,0.077421,-0.2003,-0.163882,0.025091,-0.121970,138.67234683909476,133.6459040207805,448.8984348090993,1004.8184550466349,0.081783,0.004469,6841.5,5779.0,-0.539705,-0.460450,-0.127327,5.3370,1.0000,,,,,
10.9680,1778839089.565964,914,42.348131,-1.757085,-0.015592,5.2818,-0.0395,0.027533,42.353534,-1.771460,-0.011211,5.2010,42.375861,-1.757120,-0.015408,5.3199,0.0261,0.042039,-1.220766,0.0958,42.375861,-1.757120,0.049500,5.0000,0.147333,2.000000,23560.8192,4,1,clay,1.0000,0.500000,0,0,0.000000,0.000000,0.000000,0,nan,0.00,0.184397,0.0708,0.0495,0.097362,0.1811,0.51,3.96,4.99,2.71,-4.771460,-0.6423,0.2010,0.008000,0.069976,-1.0635,-0.135811,0.012587,-0.127400,155.12399498980648,196.12298797124055,484.03761118233353,1022.1908737243284,0.084730,0.006757,6843.8,5776.8,-0.543613,-0.470230,0.046918,5.3263,1.0000,,,,,
10.9800,1778839089.577852,915,42.455895,-1.748227,-0.002519,5.1807,-0.0413,0.025163,42.415746,-1.771638,-0.010897,5.1714,42.482298,-1.747971,-0.002346,5.2920,0.0160,0.041222,-1.229855,0.0981,42.482298,-1.747971,0.062636,5.0000,0.009330,2.000000,23752.3010,4,1,clay,1.0000,0.500000,0,0,0.000000,0.000000,0.000000,0,nan,0.00,0.184609,0.0749,0.0471,0.097474,0.2051,0.51,3.78,4.80,2.73,-4.771638,-0.6243,0.1714,0.008000,0.091423,-0.5922,-0.149398,0.002153,-0.125605,149.01247233292077,161.4585245073325,520.1183311084451,1014.4894329582036,0.088599,0.008558,6845.9,5774.6,-0.547430,-0.460423,0.147333,5.2981,1.0000,,,,,
10.9920,1778839089.590017,916,42.478111,-1.715183,-0.009763,5.1597,-0.0229,0.023969,42.477574,-1.771831,-0.010594,5.1393,42.503520,-1.715150,-0.009601,5.2654,0.0109,0.040076,-1.232452,0.0975,42.503520,-1.715150,0.055339,5.0000,-0.005327,2.000000,23776.2177,4,1,clay,1.0000,0.500000,0,0,0.000000,0.000000,0.000000,0,nan,0.00,0.184488,0.0793,0.0449,0.097410,0.2291,0.52,3.62,4.66,2.71,-4.771831,-0.6070,0.1393,0.008000,0.065634,-1.0739,-0.140175,-0.002699,-0.126083,172.136579222741,154.71781353330618,487.60900671509665,1000.2066909989236,0.089811,0.009282,6846.5,5774.0,-0.548432,-0.455660,0.009330,5.2713,1.0000,,,,,
11.0040,1778839089.601945,917,42.541060,-1.783057,-0.002586,5.1285,-0.0213,0.026036,42.539041,-1.771999,-0.010276,5.1110,42.565595,-1.782868,-0.002430,5.2378,0.0071,0.039496,-1.241123,0.0974,42.565595,-1.782868,0.063704,5.0000,0.149270,2.000000,23145.1808,4,1,clay,1.0000,0.500000,0,0,0.000000,0.000000,0.000000,0,nan,0.00,0.187881,0.0841,0.0427,0.099201,0.2531,0.53,3.48,4.54,2.70,-4.771999,-0.5888,0.1110,0.008000,0.109258,-0.7904,-0.134729,-0.006306,-0.124648,157.9032180783284,174.28014478897603,483.1743501887022,998.3541552471136,0.090454,0.009955,6848.6,5771.9,-0.552136,-0.451689,-0.005327,5.2437,1.0000,,,,,
11.0160,1778839089.613809,918,42.681520,-1.794326,-0.006321,5.0972,0.0386,0.026362,42.600143,-1.772184,-0.009961,5.0805,42.705106,-1.794194,-0.006171,5.2097,0.0152,0.039338,-1.249628,0.0999,42.705106,-1.794194,0.060519,5.0000,0.069524,2.000000,21845.7155,4,1,clay,1.0000,0.500000,0,0,0.000000,0.000000,0.000000,0,nan,0.00,0.189461,0.0892,0.0407,0.100035,0.2771,0.52,3.36,4.41,2.70,-4.772184,-0.5707,0.0805,0.008000,0.099636,-0.3984,-0.118953,0.002390,-0.130690,128.23474121559946,155.83774808369256,517.3569055920701,953.4441087937932,0.090569,0.008311,6850.7,5769.8,-0.555752,-0.448844,0.149270,5.2153,1.0000,,,,,
11.0280,1778839089.625940,919,42.651383,-1.796587,-0.008878,5.0585,-0.0593,0.024913,42.660889,-1.772382,-0.009668,5.0499,42.674140,-1.796571,-0.008735,5.1794,0.0036,0.038716,-1.257895,0.1003,42.674140,-1.796571,0.058405,5.0000,0.056217,2.000000,22252.9691,4,1,clay,1.0000,0.500000,0,0,0.000000,0.000000,0.000000,0,nan,0.00,0.190738,0.0948,0.0387,0.100710,0.3011,0.51,3.27,4.30,2.75,-4.772382,-0.5539,0.0499,0.008000,0.072404,-0.3604,-0.113258,-0.009549,-0.126610,151.48439131848644,142.3158357379161,502.3237649406521,957.8238805204493,0.093765,0.010544,6852.7,5767.8,-0.559285,-0.444276,0.069524,5.1850,1.0000,,,,,
11.0400,1778839089.637911,920,42.781575,-1.865639,-0.014763,4.9000,-0.0261,0.023242,42.721265,-1.772589,-0.009385,5.0199,42.803713,-1.865770,-0.014624,5.1244,0.0005,0.038022,-1.265435,0.1010,42.803713,-1.865770,0.054276,5.0000,0.220077,2.000000,20502.0206,4,1,clay,1.0000,0.500000,0,0,0.000000,0.000000,0.000000,0,nan,0.00,0.195740,0.1006,0.0369,0.103351,0.3251,0.52,3.19,4.23,2.70,-4.772589,-0.5377,0.0199,0.008000,0.086663,-1.1968,-0.130081,-0.012748,-0.128502,185.59100121397972,109.71854546116907,500.34514846211323,920.2031014381289,0.095186,0.011077,6854.6,5765.9,-0.562549,-0.425816,0.056217,5.1298,1.0000,,,,,
11.0520,1778839089.650032,921,42.784528,-1.773494,-0.014362,4.9581,-0.0347,0.022533,42.781269,-1.772788,-0.009101,4.9896,42.806247,-1.773634,-0.014228,5.0912,-0.0033,0.037713,-1.260300,0.1043,42.806247,-1.773634,0.053807,5.0000,-0.108205,2.000000,21823.3899,4,1,clay,1.0000,0.500000,0,0,0.000000,0.000000,0.000000,0,nan,0.00,0.193281,0.1068,0.0351,0.102052,0.3491,0.54,3.11,4.19,2.71,-4.772788,-0.5214,-0.0104,0.008000,0.086870,-1.1349,-0.147241,-0.016998,-0.126212,165.94649499365153,173.72769805911418,554.5468145440074,909.9094911176151,0.098822,0.011772,6853.3,5767.3,-0.560234,-0.429523,0.220077,5.0966,1.0000,,,,,
11.0640,1778839089.661887,922,42.855102,-1.809947,-0.012274,4.9238,-0.0514,0.025033,42.840903,-1.772969,-0.008823,4.9576,42.876320,-1.810068,-0.012143,5.0578,-0.0101,0.037172,-1.268204,0.1016,42.876320,-1.810068,0.056837,5.0000,0.118142,2.000000,21236.6965,4,1,clay,1.0000,0.500000,0,0,0.000000,0.000000,0.000000,0,nan,0.00,0.195966,0.1133,0.0334,0.103470,0.3731,0.54,3.06,4.14,2.74,-4.772969,-0.5055,-0.0424,0.008000,0.119730,-1.6125,-0.146084,-0.023664,-0.126134,156.27687241671438,247.20853242862717,498.6887761327117,920.6345825467008,0.098818,0.013157,6855.3,5765.3,-0.563661,-0.424284,-0.108205,5.0631,1.0000,,,,,
11.0760,1778839089.673894,923,42.985296,-1.784288,-0.008571,4.8778,0.0635,0.022381,42.900173,-1.773149,-0.008562,4.9269,43.006064,-1.784263,-0.008443,5.0220,0.0060,0.036805,-1.262840,0.1040,43.006064,-1.784263,0.060613,5.0000,0.009579,2.000000,20907.4767,4,1,clay,1.0000,0.500000,0,0,0.000000,0.000000,0.000000,0,nan,0.00,0.196184,0.1202,0.0318,0.103585,0.3971,0.54,3.01,4.09,2.74,-4.773149,-0.4906,-0.0731,0.008000,0.091735,-0.4892,-0.170581,-0.006791,-0.129146,158.4801841757769,327.57136382387404,509.5234374650953,842.4862375451162,0.097025,0.009714,6853.9,5766.7,-0.561240,-0.418027,0.118142,5.0273,1.0000,,,,,
11.0880,1778839089.686497,924,42.923735,-1.885854,-0.017195,4.9659,-0.0236,0.017673,42.959073,-1.773381,-0.008353,4.8973,42.944262,-1.886028,-0.017074,5.0102,0.0028,0.035455,-1.270625,0.1036,42.944262,-1.886028,0.053710,5.0000,0.215963,2.000000,19869.1901,4,1,clay,1.0000,0.500000,0,0,0.000000,0.000000,0.000000,0,nan,0.00,0.201092,0.1273,0.0303,0.106177,0.4211,0.54,2.98,4.07,2.83,-4.773381,-0.4786,-0.1027,0.008000,0.156118,-1.7278,-0.153593,-0.010036,-0.129810,191.66869458167912,448.6698100411618,495.33326919264977,824.5118970898718,0.098198,0.009927,6855.8,5764.7,-0.564644,-0.425938,0.009579,5.0154,1.0000,,,,,
11.1000,1778839089.697850,925,43.052300,-1.800371,-0.004485,4.9537,0.0387,0.012759,43.017587,-1.773662,-0.008194,4.8661,43.072559,-1.800258,-0.004373,4.9983,0.0121,0.033917,-1.266628,0.1071,43.072559,-1.800258,0.065194,5.0000,-0.152121,2.000000,20582.9458,4,1,clay,1.0000,0.500000,0,0,0.000000,0.000000,0.000000,0,nan,0.00,0.197635,0.1346,0.0288,0.104351,0.4451,0.53,2.95,4.01,2.74,-4.773662,-0.4695,-0.1339,0.008000,0.087419,-0.5788,-0.138672,-0.000601,-0.130946,166.68194456090703,438.71406455521867,550.7464147998824,769.8721886479543,0.099538,0.007371,6854.8,5765.8,-0.562840,-0.419417,0.215963,5.0034,1.0000,,,,,
11.1120,1778839089.709931,926,43.136814,-1.782955,-0.002856,4.8615,-0.0345,0.013650,43.075752,-1.773927,-0.008027,4.8352,43.156735,-1.782848,-0.002752,4.9708,0.0054,0.032074,-1.274343,0.1037,43.156735,-1.782848,0.066926,5.0000,0.013848,2.000000,20416.5648,4,1,clay,1.0000,0.500000,0,0,0.000000,0.000000,0.000000,0,nan,0.00,0.197949,0.1423,0.0274,0.104517,0.4691,0.53,2.91,3.97,2.72,-4.773927,-0.4599,-0.1648,0.008000,0.059859,-0.9075,-0.137762,-0.007169,-0.134374,152.90774327773548,665.3376436296475,511.07365583428543,771.8470553503666,0.099465,0.008228,6856.7,5763.8,-0.566206,-0.406029,-0.152121,4.9760,1.0000,,,,,
11.1240,1778839089.721945,927,43.049838,-1.774558,-0.005893,4.7931,-0.0377,0.013196,43.133555,-1.774160,-0.007864,4.8055,43.069531,-1.774542,-0.005794,4.9356,-0.0002,0.030910,-1.244973,0.1046,43.069531,-1.774542,0.064295,5.0000,0.051309,2.000000,21266.3652,4,1,clay,1.0000,0.500000,0,0,0.000000,0.000000,0.000000,0,nan,0.00,0.199115,0.1502,0.0261,0.105133,0.4931,0.54,2.88,3.96,2.72,-4.774160,-0.4506,-0.1945,0.008000,0.165303,-0.8696,-0.144118,-0.013078,-0.136067,218.6086047671435,148.05050731806057,493.2365486535119,764.7552063754933,0.101202,0.009043,6849.3,5771.3,-0.553223,-0.394957,0.013848,4.9406,1.0000,,,,,
11.1360,1778839089.733939,928,43.183118,-1.816465,-0.012058,4.8032,-0.1158,0.010836,43.191009,-1.774411,-0.007733,4.7784,43.202596,-1.816654,-0.011965,4.9090,-0.0191,0.029545,-1.251444,0.1053,43.202596,-1.816654,0.059193,5.0000,0.133667,2.000000,19514.1323,4,1,clay,1.0000,0.500000,0,0,0.000000,0.000000,0.000000,0,nan,0.00,0.202153,0.1583,0.0249,0.106737,0.5171,0.54,2.87,3.95,2.78,-4.774411,-0.4431,-0.2216,0.008000,0.015900,-1.0765,-0.139656,-0.032962,-0.137648,196.06159558949653,-77.27457803052837,506.73459883340576,800.1215146519614,0.106327,0.012623,6850.9,5769.7,-0.556061,-0.394767,0.051309,4.9140,1.0000,,,,,
11.1480,1778839089.745794,929,43.352249,-1.790445,-0.019861,4.8111,-0.0014,0.008264,43.248121,-1.774673,-0.007619,4.7478,43.371553,-1.790769,-0.019775,4.8891,-0.0131,0.028194,-1.257699,0.1073,43.371553,-1.790769,0.051377,5.0000,-0.000828,2.000000,18209.7966,4,1,clay,1.0000,0.500000,0,0,0.000000,0.000000,0.000000,0,nan,0.00,0.202135,0.1667,0.0237,0.106727,0.5411,0.54,2.84,3.92,2.71,-4.774673,-0.4366,-0.2522,0.008000,0.095972,-1.1995,-0.103736,-0.026850,-0.141671,154.7592004248647,1020.9137551142014,523.8369485517505,764.5748261510817,0.107238,0.010834,6852.5,5768.1,-0.558805,-0.389721,0.133667,4.8941,1.0000,,,,,
11.1600,1778839089.757970,930,43.307396,-1.764581,-0.012207,4.6939,0.1134,0.010532,43.304896,-1.774929,-0.007513,4.7199,43.326498,-1.764656,-0.012125,4.8503,0.0127,0.027321,-1.259217,0.1067,43.326498,-1.764656,0.059118,5.0000,0.011413,2.000000,19606.7630,4,1,clay,1.0000,0.500000,0,0,0.000000,0.000000,0.000000,0,nan,0.00,0.202394,0.1753,0.0225,0.106864,0.5651,0.55,2.82,3.92,2.71,-4.774929,-0.4305,-0.2801,0.008000,0.016783,-0.7665,-0.109843,0.000303,-0.139599,156.55011142845586,-105.6082980645175,489.72708986491153,674.8710458582136,0.101943,0.005003,6852.9,5767.7,-0.559467,-0.371005,-0.000828,4.8553,1.0000,,,,,
11.1720,1778839089.770002,931,43.349187,-1.782266,-0.015046,4.7090,-0.0326,0.009867,43.361334,-1.775150,-0.007390,4.6935,43.368212,-1.782424,-0.014967,4.8220,0.0067,0.026550,-1.267005,0.1069,43.368212,-1.782424,0.056992,5.0000,0.089494,2.000000,19137.3806,4,1,clay,1.0000,0.500000,0,0,0.000000,0.000000,0.000000,0,nan,0.00,0.204428,0.1841,0.0215,0.107938,0.5891,0.56,2.80,3.93,2.70,-4.775150,-0.4234,-0.3065,0.008000,0.039365,-1.0548,-0.103978,-0.006065,-0.141554,187.29350536816403,-453.81623985167107,492.8420104007112,682.1648068642821,0.103660,0.006041,6854.8,5765.7,-0.562912,-0.370832,0.011413,4.8270,1.0000,,,,,
11.1840,1778839089.781860,932,43.253059,-1.823746,-0.006437,4.6138,-0.0235,0.012589,43.417447,-1.775320,-0.007242,4.6657,43.271759,-1.823752,-0.006359,4.7808,0.0035,0.026420,-1.270285,0.1083,43.271759,-1.823752,0.066741,5.0000,0.142679,2.000000,20266.8546,4,1,clay,1.0000,0.500000,0,0,0.000000,0.000000,0.000000,0,nan,0.00,0.207671,0.1931,0.0204,0.109650,0.6131,0.55,2.79,3.90,2.71,-4.775320,-0.4149,-0.3343,0.008000,0.245124,-0.7682,-0.109992,-0.009434,-0.140797,175.44439472779112,683.3892184670042,498.1883264372482,687.440121589176,0.105470,0.006733,6855.6,5764.9,-0.564330,-0.352029,0.089494,4.7858,1.0000,,,,,
11.1960,1778839089.793867,933,43.572673,-1.670158,0.003978,4.6816,0.0152,0.010417,43.473221,-1.775504,-0.007114,4.6375,43.591162,-1.669956,0.004054,4.7606,0.0082,0.026062,-1.277884,0.1102,43.591162,-1.669956,0.075003,5.0000,-0.268802,2.000000,20328.8002,4,1,clay,1.0000,0.500000,0,0,0.000000,0.000000,0.000000,0,nan,0.00,0.201561,0.2024,0.0194,0.106424,0.6371,0.55,2.78,3.87,2.74,-4.775504,-0.4076,-0.3625,0.008000,0.264419,0.3032,-0.117513,-0.004673,-0.144839,107.32845813140395,601.6298809819878,510.67369654209034,666.5542209465544,0.106362,0.005560,6857.6,5763.0,-0.567661,-0.354838,0.142679,4.7656,1.0000,,,,,
11.2080,1778839089.805932,934,43.560746,-1.672152,-0.004211,4.5408,0.0138,0.011479,43.528668,-1.775672,-0.006993,4.6115,43.579040,-1.672091,-0.004137,4.7171,0.0111,0.025275,-1.277485,0.1054,43.579040,-1.672091,0.067598,5.0000,0.098225,2.000000,20285.6041,4,1,clay,1.0000,0.500000,0,0,0.000000,0.000000,0.000000,0,nan,0.00,0.203794,0.2118,0.0185,0.107603,0.6611,0.55,2.77,3.86,2.68,-4.775672,-0.4007,-0.3885,0.008000,0.130241,-0.8760,-0.149544,-0.001091,-0.141995,156.77803256038237,1252.2884632242321,542.5930292683488,650.0284178043862,0.102432,0.004763,6857.4,5763.1,-0.567479,-0.330976,-0.268802,4.7221,1.0000,,,,,
11.2200,1778839089.817860,935,43.563920,-1.813049,-0.003410,4.6099,0.0795,0.011400,43.583789,-1.775804,-0.006851,4.5842,43.582011,-1.812916,-0.003337,4.6955,0.0261,0.025270,-1.273103,0.1080,43.582011,-1.812916,0.070882,5.0000,0.310481,2.000000,18652.6969,4,1,clay,1.0000,0.500000,0,0,0.000000,0.000000,0.000000,0,nan,0.00,0.210850,0.2214,0.0176,0.111329,0.6851,0.54,2.76,3.85,2.74,-4.775804,-0.3925,-0.4158,0.008000,0.082378,-0.9193,-0.143036,0.014516,-0.141564,135.5492419198859,375.9923468861001,479.53489626032024,598.8348130860779,0.100345,0.001385,6856.3,5764.2,-0.565522,-0.334326,0.098225,4.7004,1.0000,,,,,
11.2320,1778839089.829989,936,43.719633,-1.791216,-0.006224,4.4461,-0.1072,0.014577,43.638594,-1.775924,-0.006704,4.5557,43.737643,-1.791216,-0.006148,4.6462,0.0043,0.026222,-1.280537,0.1125,43.737643,-1.791216,0.068553,5.0000,0.060272,2.000000,17946.7115,4,1,clay,1.0000,0.500000,0,0,0.000000,0.000000,0.000000,0,nan,0.00,0.212220,0.2312,0.0168,0.112052,0.7091,0.56,2.75,3.87,2.71,-4.775924,-0.3841,-0.4443,0.008000,0.169571,-0.9056,-0.159939,-0.009037,-0.141004,82.22009379360732,-164.77144977466924,570.8708070018444,677.0422640983775,0.108907,0.006625,6858.2,5762.3,-0.568825,-0.302588,0.310481,4.6512,1.0000,,,,,
11.2440,1778839089.841888,937,43.661125,-1.804411,-0.003263,4.5391,-0.0302,0.011331,43.693081,-1.776033,-0.006572,4.5319,43.679080,-1.804373,-0.003188,4.6245,0.0004,0.026010,-1.268306,0.1123,43.679080,-1.804373,0.072030,5.0000,0.064582,2.000000,18508.8442,4,1,clay,1.0000,0.500000,0,0,0.000000,0.000000,0.000000,0,nan,0.00,0.213688,0.2412,0.0160,0.112827,0.7331,0.56,2.76,3.89,2.79,-4.776033,-0.3765,-0.4681,0.008000,0.026755,-0.3908,-0.154403,-0.013132,-0.142758,109.33968349525821,165.9306473209965,484.8399066279596,676.2593784406234,0.110598,0.007440,6855.1,5765.4,-0.563431,-0.313340,0.060272,4.6295,1.0000,,,,,
11.2560,1778839089.853892,938,43.719583,-1.768568,-0.012462,4.4735,0.0142,0.014242,43.747261,-1.776084,-0.006409,4.5068,43.737388,-1.768672,-0.012386,4.5943,0.0055,0.026396,-1.275913,0.1131,43.737388,-1.768672,0.062878,5.0000,0.005639,2.000000,18251.5303,4,1,clay,1.0000,0.500000,0,0,0.000000,0.000000,0.000000,0,nan,0.00,0.213816,0.2514,0.0152,0.112895,0.7571,0.56,2.75,3.86,2.68,-4.776084,-0.3672,-0.4932,0.008000,0.132050,-0.4665,-0.164044,-0.007835,-0.141734,125.75905575670444,617.6013598429115,482.1593090298563,671.1828747664921,0.110093,0.006465,6857.0,5763.5,-0.566783,-0.299180,0.064582,4.5993,1.0000,,,,,
11.2680,1778839089.865894,939,43.757840,-1.807769,-0.005144,4.5059,0.0330,0.016736,43.801154,-1.776091,-0.006224,4.4823,43.775483,-1.807708,-0.005066,4.5763,0.0129,0.027016,-1.268247,0.1129,43.775483,-1.807708,0.071018,5.0000,0.102607,2.000000,17963.3623,4,1,clay,1.0000,0.500000,0,0,0.000000,0.000000,0.000000,0,nan,0.00,0.216148,0.2617,0.0145,0.114126,0.7811,0.55,2.74,3.85,2.72,-4.776091,-0.3566,-0.5177,0.008000,0.055534,-0.4794,-0.143225,0.000063,-0.139911,130.96961341867532,-74.43799595071334,476.762341776615,651.7330909203785,0.108162,0.005049,6855.1,5765.5,-0.563380,-0.299040,0.005639,4.5812,1.0000,,,,,
11.2800,1778839089.877947,940,43.796376,-1.811073,-0.014680,4.4530,-0.0051,0.017113,43.854782,-1.776055,-0.006031,4.4604,43.813963,-1.811178,-0.014599,4.5515,0.0122,0.027836,-1.258560,0.1145,43.813963,-1.811178,0.062070,5.0000,0.073142,2.000000,17252.4245,4,1,clay,1.0000,0.500000,0,0,0.000000,0.000000,0.000000,0,nan,0.00,0.217810,0.2722,0.0138,0.115004,0.8051,0.56,2.74,3.86,2.72,-4.776055,-0.3456,-0.5396,0.008000,0.046629,-0.8664,-0.138909,-0.000939,-0.139824,133.5268846538478,-492.0683238255138,473.6295775923828,654.0886697278959,0.109347,0.005554,6852.6,5767.9,-0.559111,-0.287339,0.102607,4.5564,1.0000,,,,,
11.2920,1778839089.889803,941,43.837883,-1.818044,-0.006226,4.4578,0.0949,0.022378,43.908166,-1.775916,-0.005775,4.4386,43.855289,-1.817922,-0.006139,4.5324,0.0298,0.029310,-1.266429,0.1153,43.855289,-1.817922,0.070855,5.0000,0.040543,2.000000,17476.3320,4,1,clay,1.0000,0.500000,0,0,0.000000,0.000000,0.000000,0,nan,0.00,0.218732,0.2828,0.0131,0.115490,0.8291,0.55,2.74,3.84,2.73,-4.775916,-0.3309,-0.5614,0.008000,0.101131,-0.8814,-0.116425,0.017618,-0.139330,237.8111354627254,-278.72088509922173,463.9080435344459,622.7938001588816,0.105564,0.002079,6854.6,5765.9,-0.562564,-0.284837,0.073142,4.5373,1.0000,,,,,
11.3040,1778839089.901875,942,44.070685,-1.806958,-0.003492,4.4610,-0.0182,0.044299,43.961362,-1.775250,-0.005201,4.4246,44.087993,-1.806782,-0.003385,4.5177,0.0232,0.034281,-1.257745,0.1156,44.087993,-1.806782,0.073646,5.0000,0.004594,2.000000,16132.3587,4,1,clay,1.0000,0.500000,0,0,0.000000,0.000000,0.000000,0,nan,0.00,0.218836,0.2936,0.0125,0.115545,0.8531,0.55,2.75,3.84,2.82,-4.775250,-0.2980,-0.5754,0.008000,0.139827,-1.2911,-0.110270,0.010692,-0.128544,481.359888077368,1685.9744229556015,458.6083204330401,757.989080971814,0.105610,0.005700,6852.4,5768.1,-0.558722,-0.276991,0.040543,4.5226,1.0000,,,,,
11.3160,1778839089.913954,943,44.047914,-1.705903,-0.005481,4.4480,0.0738,0.054710,44.014326,-1.774458,-0.004594,4.4072,44.065456,-1.705674,-0.005348,4.5032,0.0348,0.040312,-1.253050,0.1156,44.065456,-1.705674,0.070335,5.0000,-0.168443,2.000000,17538.7535,4,1,clay,1.0000,0.500000,0,0,0.000000,0.000000,0.000000,0,nan,0.00,0.215008,0.3045,0.0119,0.113524,0.8771,0.57,2.75,3.89,2.75,-4.774458,-0.2632,-0.5928,0.008000,0.033426,-0.9372,-0.081239,0.022908,-0.122336,427.738413083408,2164.6782325426625,447.65240514975653,810.2319329681161,0.100642,0.005457,6851.3,5769.3,-0.556706,-0.269730,0.004594,4.5081,1.0000,,,,,
11.3280,1778839089.926003,944,44.089240,-1.864684,-0.003464,4.4167,0.0520,0.016892,44.067046,-1.774151,-0.004358,4.3873,44.106776,-1.864410,-0.003339,4.4856,0.0400,0.038142,-1.232524,0.1129,44.106776,-1.864410,0.075166,5.0000,0.352826,2.000000,15425.7503,4,1,clay,1.0000,0.500000,0,0,0.000000,0.000000,0.000000,0,nan,0.00,0.223027,0.3156,0.0113,0.117758,0.9011,0.58,2.76,3.91,2.79,-4.774151,-0.2497,-0.6127,0.008000,0.071178,-0.8934,-0.077713,0.028530,-0.128970,-128.01114597315583,-684.9190524223202,469.22192855968706,609.1974486258235,0.098059,0.003423,6846.1,5774.5,-0.547655,-0.256115,-0.168443,4.4904,1.0000,,,,,
11.3400,1778839089.937835,945,44.120930,-1.843480,-0.011324,4.3599,0.0486,0.002107,44.119486,-1.774130,-0.004299,4.3605,44.138379,-1.843352,-0.011215,4.4603,0.0443,0.034737,-1.240949,0.1191,44.138379,-1.843352,0.067495,5.0000,0.025491,2.000000,15294.2478,4,1,clay,1.0000,0.500000,0,0,0.000000,0.000000,0.000000,0,nan,0.00,0.223606,0.3267,0.0108,0.118064,0.9251,0.58,2.75,3.90,2.71,-4.774130,-0.2463,-0.6395,0.008000,0.084519,-1.1787,-0.052955,0.032421,-0.132843,-292.4867475261409,-429.67219619643254,548.7089703312802,562.6552253948585,0.102962,0.000824,6848.2,5772.4,-0.551377,-0.235231,0.352826,4.4652,1.0000,,,,,
11.3520,1778839089.949851,946,44.149388,-1.803638,-0.004129,4.3070,0.0150,-0.003562,44.171680,-1.774309,-0.004329,4.3409,44.166630,-1.803426,-0.004038,4.4298,0.0411,0.030310,-1.231348,0.1182,44.166630,-1.803426,0.074470,5.0000,-0.025206,2.000000,16075.7644,4,1,clay,1.0000,0.500000,0,0,0.000000,0.000000,0.000000,0,nan,0.00,0.223033,0.3380,0.0103,0.117761,0.9491,0.57,2.75,3.89,2.77,-4.774309,-0.2480,-0.6591,0.008000,0.020654,-0.9382,-0.063139,0.029040,-0.137993,-452.26936668742485,-741.7907816712291,440.94499668664844,544.0010752800571,0.105644,-0.000249,6845.8,5774.8,-0.547120,-0.221993,0.025491,4.4346,1.0000,,,,,
11.3640,1778839089.961964,947,44.229585,-1.710063,-0.002171,4.3489,-0.0384,-0.000907,44.223605,-1.774514,-0.004322,4.3195,44.246849,-1.709886,-0.002091,4.4132,0.0288,0.027291,-1.217009,0.1177,44.246849,-1.709886,0.075156,5.0000,-0.157542,2.000000,16832.8491,4,1,clay,1.0000,0.500000,0,0,0.000000,0.000000,0.000000,0,nan,0.00,0.219453,0.3495,0.0098,0.115871,0.9731,0.58,2.74,3.90,2.68,-4.774514,-0.2476,-0.6805,0.008000,0.078675,-0.2935,-0.048749,0.015981,-0.140362,-369.88945967307166,-272.062070063599,447.7018863892512,559.1583583233203,0.109455,0.001414,6842.1,5778.4,-0.540807,-0.216211,-0.025206,4.4180,1.0000,,,,,
11.3760,1778839089.973868,948,44.250892,-1.764417,0.001692,4.2325,0.0023,0.005588,44.275267,-1.774663,-0.004250,4.2948,44.267878,-1.764195,0.001765,4.3774,0.0259,0.025589,-1.209601,0.1153,44.267878,-1.764195,0.080485,5.0000,0.184069,2.000000,16395.4125,4,1,clay,1.0000,0.500000,0,0,0.000000,0.000000,0.000000,0,nan,0.00,0.223636,0.3610,0.0093,0.118080,0.9971,0.57,2.74,3.88,2.72,-4.774663,-0.2435,-0.7052,0.008000,0.054796,-0.4978,-0.067400,0.013328,-0.142887,-208.1021550565791,-329.69879978322126,476.12050582767847,560.786363221654,0.108624,0.001471,6840.3,5780.3,-0.537508,-0.187618,-0.157542,4.3821,1.0000,,,,,
11.3880,1778839089.985891,949,44.208508,-1.789373,-0.002643,4.2298,-0.0184,0.019651,44.326704,-1.774718,-0.004095,4.2804,44.225305,-1.789238,-0.002565,4.3481,0.0204,0.027283,-1.167622,0.1188,44.225305,-1.789238,0.077156,5.0000,0.125156,2.000000,16196.8069,4,1,clay,1.0000,0.500000,0,0,0.000000,0.000000,0.000000,0,nan,0.00,0.226480,0.3727,0.0089,0.119582,1.0211,0.56,2.74,3.86,2.75,-4.774718,-0.2346,-0.7196,0.008000,0.055681,-0.2021,-0.073047,0.007180,-0.141688,-71.450655313666,665.0632214603172,445.0534807619744,583.7171501156643,0.111623,0.003508,6829.6,5790.9,-0.518958,-0.174780,0.184069,4.3526,1.0000,,,,,
11.4000,1778839089.997872,950,44.386222,-1.797328,-0.008906,4.1712,0.0540,0.016807,44.377863,-1.774683,-0.003906,4.2538,44.402859,-1.797259,-0.008825,4.3130,0.0291,0.028084,-1.157890,0.1201,44.402859,-1.797259,0.071759,5.0000,0.107759,2.000000,14815.0223,4,1,clay,1.0000,0.500000,0,0,0.000000,0.000000,0.000000,0,nan,0.00,0.228930,0.3845,0.0084,0.120875,1.0451,0.56,2.74,3.85,2.72,-4.774683,-0.2238,-0.7462,0.008000,0.093316,-1.0454,-0.088294,0.016245,-0.140940,-208.86773667622896,777.9979272484177,419.51357852373366,548.6826917486434,0.110711,0.001718,6827.2,5793.4,-0.514656,-0.156610,0.125156,4.3175,1.0000,,,,,
11.4120,1778839090.009871,951,44.502693,-1.776335,-0.004249,4.2281,0.0235,-0.005356,44.428769,-1.774994,-0.003935,4.2323,44.519242,-1.776204,-0.004181,4.2957,0.0306,0.024895,-1.164712,0.1213,44.519242,-1.776204,0.076311,5.0000,-0.011370,2.000000,14677.5977,4,1,clay,1.0000,0.500000,0,0,0.000000,0.000000,0.000000,0,nan,0.00,0.228671,0.3964,0.0080,0.120738,1.0691,0.56,2.75,3.86,2.79,-4.774994,-0.2255,-0.7677,0.008000,0.040245,-0.9340,-0.091755,0.017655,-0.144244,-641.1416316456592,-233.74566170924174,416.71696518764685,516.7879148764862,0.113017,-0.000080,6828.9,5791.7,-0.517664,-0.158425,0.107759,4.3002,1.0000,,,,,
11.4240,1778839090.022061,952,44.426212,-1.792509,-0.005160,4.2810,-0.0222,-0.013465,44.479419,-1.775540,-0.004089,4.2125,44.442860,-1.792448,-0.005108,4.2920,0.0234,0.020834,-1.143792,0.1207,44.442860,-1.792448,0.075738,5.0000,0.044199,2.000000,14856.5431,4,1,clay,1.0000,0.500000,0,0,0.000000,0.000000,0.000000,0,nan,0.00,0.229676,0.4084,0.0076,0.121269,1.0931,0.57,2.75,3.88,2.78,-4.775540,-0.2343,-0.7875,0.008000,0.114337,-0.8553,-0.081450,0.009932,-0.145603,-774.797204968587,247.73395974422806,419.4737642904719,510.2211358290138,0.116364,-0.000099,6823.6,5797.0,-0.508450,-0.163982,-0.011370,4.2965,1.0000,,,,,
11.4360,1778839090.033795,953,44.605061,-1.781133,-0.001263,4.2004,0.0103,-0.012646,44.529825,-1.776143,-0.004251,4.1916,44.621639,-1.781026,-0.001225,4.2735,0.0236,0.017760,-1.120421,0.1214,44.621639,-1.781026,0.079725,5.0000,0.012936,2.000000,14084.6028,4,1,clay,1.0000,0.500000,0,0,0.000000,0.000000,0.000000,0,nan,0.00,0.229970,0.4205,0.0073,0.121424,1.1171,0.56,2.77,3.89,2.87,-4.776143,-0.2435,-0.8084,0.008000,0.105026,-0.7766,-0.084465,0.010011,-0.154258,-672.7395165790006,-146.06852465447025,407.64699241393623,474.36628369192766,0.118170,-0.001526,6817.7,5802.9,-0.498131,-0.138261,0.044199,4.2779,1.0000,,,,,
11.4480,1778839090.045802,954,44.559919,-1.857181,-0.008724,4.1321,-0.1030,-0.007253,44.579997,-1.776684,-0.004338,4.1739,44.576428,-1.857290,-0.008691,4.2453,0.0030,0.016147,-1.116791,0.1215,44.576428,-1.857290,0.074189,5.0000,0.241440,2.000000,13322.8005,4,1,clay,1.0000,0.500000,0,0,0.000000,0.000000,0.000000,0,nan,0.00,0.235457,0.4326,0.0069,0.124321,1.1411,0.56,2.77,3.89,2.81,-4.776684,-0.2485,-0.8261,0.008000,0.015023,-0.7498,-0.086553,-0.011855,-0.155527,-481.3268436431763,333.0205556853113,414.13055763818016,536.9768639545082,0.124124,0.002886,6816.8,5803.8,-0.496537,-0.115964,0.012936,4.2497,1.0000,,,,,
11.4600,1778839090.057915,955,44.712797,-1.833069,0.000308,4.1989,0.0583,-0.010345,44.629935,-1.777302,-0.004464,4.1537,44.729360,-1.832987,0.000334,4.2355,0.0163,0.014872,-1.103660,0.1253,44.729360,-1.832987,0.082868,5.0000,-0.043277,2.000000,13077.8433,4,1,clay,1.0000,0.500000,0,0,0.000000,0.000000,0.000000,0,nan,0.00,0.234473,0.4449,0.0066,0.123802,1.1651,0.57,2.78,3.91,2.78,-4.777302,-0.2558,-0.8463,0.008000,0.118832,-0.6351,-0.066787,0.001733,-0.156113,-741.8817159329642,17.873179065092017,451.17792803711893,471.2524950877939,0.124592,-0.001138,6813.4,5807.1,-0.490758,-0.116031,0.241440,4.2398,1.0000,,,,,
11.4720,1778839090.069824,956,44.635436,-1.863066,-0.015066,4.1195,0.1502,-0.015970,44.679635,-1.778106,-0.004664,4.1357,44.651819,-1.863145,-0.015050,4.2123,0.0432,0.012253,-1.090301,0.1236,44.651819,-1.863145,0.068661,5.0000,0.147127,2.000000,12686.2440,4,1,clay,1.0000,0.500000,0,0,0.000000,0.000000,0.000000,0,nan,0.00,0.237817,0.4573,0.0063,0.125567,1.1891,0.56,2.76,3.88,2.70,-4.778106,-0.2672,-0.8643,0.008000,0.157593,-1.6101,-0.074969,0.030461,-0.155821,-810.6324962230863,66.74163739390201,406.1101469277366,351.3941314896797,0.118297,-0.009068,6810.0,5810.5,-0.484841,-0.089436,-0.043277,4.2165,1.0000,,,,,
11.4840,1778839090.083040,957,44.705884,-1.782379,-0.004209,4.1602,-0.0726,-0.018750,44.729119,-1.779048,-0.004918,4.1175,44.722233,-1.782370,-0.004203,4.2014,0.0247,0.010044,-1.080823,0.1261,44.722233,-1.782370,0.078193,5.0000,-0.164409,2.000000,13633.3321,4,1,clay,1.0000,0.500000,0,0,0.000000,0.000000,0.000000,0,nan,0.00,0.234081,0.4698,0.0060,0.123595,1.2131,0.56,2.77,3.90,2.81,-4.779048,-0.2818,-0.8825,0.008000,0.022615,-1.2185,-0.050772,0.010508,-0.160219,-801.0323598127341,20.938030251774762,411.4501029694847,405.47932320580765,0.125833,-0.005464,6807.7,5812.9,-0.480658,-0.091450,0.147127,4.2056,1.0000,,,,,
11.4960,1778839090.093882,958,44.653556,-1.757780,-0.002989,4.0873,0.0171,-0.022945,44.778390,-1.780063,-0.005186,4.1003,44.669851,-1.757764,-0.002995,4.1786,0.0257,0.007040,-1.067340,0.1230,44.669851,-1.757764,0.079409,5.0000,0.000971,2.000000,14362.5401,4,1,clay,1.0000,0.500000,0,0,0.000000,0.000000,0.000000,0,nan,0.00,0.234103,0.4823,0.0057,0.123606,1.2371,0.56,2.76,3.89,2.71,-4.780063,-0.2971,-0.8997,0.008000,0.032944,-0.9065,-0.048587,0.011782,-0.164298,-799.1284860537592,324.59985542461527,453.926173008463,381.76231648563794,0.124710,-0.007036,6804.2,5816.3,-0.474712,-0.062231,-0.164409,4.1827,1.0000,,,,,
11.5080,1778839090.105907,959,44.832934,-1.844573,-0.002554,4.1401,-0.0874,-0.021627,44.827466,-1.781161,-0.005456,4.0835,44.849153,-1.844636,-0.002568,4.1704,0.0076,0.005045,-1.053164,0.1236,44.849153,-1.844636,0.081492,5.0000,0.206931,2.000000,12371.5205,4,1,clay,1.0000,0.500000,0,0,0.000000,0.000000,0.000000,0,nan,0.00,0.238806,0.4949,0.0054,0.126089,1.2611,0.56,2.75,3.88,2.70,-4.781161,-0.3126,-0.9165,0.008000,0.044826,-0.5254,-0.022745,-0.007416,-0.166913,-937.4786141102745,139.1576858847934,410.01331481435903,428.5268354517223,0.130158,-0.003346,6800.6,5819.9,-0.468443,-0.066124,0.000971,4.1745,1.0000,,,,,
11.5200,1778839090.117847,960,44.914967,-1.705964,-0.000147,3.9865,-0.0933,-0.027173,44.876351,-1.782385,-0.005768,4.0691,44.930942,-1.706065,-0.000171,4.1341,-0.0079,0.002751,-1.035665,0.1269,44.930942,-1.706065,0.082176,5.0000,-0.214125,2.000000,13733.9869,4,1,clay,1.0000,0.500000,0,0,0.000000,0.000000,0.000000,0,nan,0.00,0.233939,0.5077,0.0052,0.123520,1.2851,0.55,2.76,3.87,2.78,-4.782385,-0.3305,-0.9309,0.008000,0.075331,-0.6487,-0.041119,-0.024046,-0.168912,-1036.7349860833388,222.4592646093888,435.715059507562,474.12135470901137,0.137809,-0.000529,6796.2,5824.4,-0.460695,-0.019337,0.206931,4.1381,1.0000,,,,,
11.5320,1778839090.129845,961,44.980325,-1.794155,-0.004432,4.0552,-0.0040,-0.030213,44.925067,-1.783735,-0.006123,4.0560,44.996261,-1.794329,-0.004467,4.1181,-0.0045,-0.000220,-1.018015,0.1227,44.996261,-1.794329,0.079801,5.0000,0.240205,2.000000,12256.5713,4,1,clay,1.0000,0.500000,0,0,0.000000,0.000000,0.000000,0,nan,0.00,0.239398,0.5204,0.0049,0.126402,1.3091,0.56,2.75,3.86,2.72,-4.783735,-0.3508,-0.9440,0.008000,0.119706,-0.8447,-0.055584,-0.020161,-0.172412,-1210.086424984008,-28.143386346633292,494.0015293805588,439.33494899934084,0.135454,-0.002666,6791.7,5828.8,-0.452907,-0.027853,-0.214125,4.1221,1.0000,,,,,
11.5440,1778839090.141951,962,45.086869,-1.665804,-0.017954,4.0103,-0.0788,-0.033853,44.973633,-1.785267,-0.006538,4.0439,45.102718,-1.666250,-0.018000,4.0966,-0.0147,-0.002441,-0.991477,0.1273,45.102718,-1.666250,0.064634,5.0000,-0.204320,2.000000,12768.2295,4,1,clay,1.0000,0.500000,0,0,0.000000,0.000000,0.000000,0,nan,0.00,0.234755,0.5333,0.0047,0.123950,1.3331,0.56,2.75,3.87,2.74,-4.785267,-0.3746,-0.9561,0.008000,0.125709,-1.8397,-0.061057,-0.031506,-0.175038,-1394.962941066421,-197.17755434694732,460.1793033841548,457.5335348883351,0.142341,-0.001174,6785.0,5835.6,-0.441190,-0.008794,0.240205,4.1004,1.0000,,,,,
11.5560,1778839090.153992,963,45.061555,-1.844468,-0.012137,4.0402,-0.0432,-0.037634,45.022071,-1.786951,-0.007016,4.0341,45.077417,-1.844851,-0.012194,4.0850,-0.0172,-0.005639,-0.962564,0.1232,45.077417,-1.844851,0.073751,5.0000,0.414003,2.000000,11091.5004,4,1,clay,1.0000,0.500000,0,0,0.000000,0.000000,0.000000,0,nan,0.00,0.244164,0.5463,0.0044,0.128919,1.3571,0.57,2.75,3.88,2.73,-4.786951,-0.4020,-0.9659,0.008000,0.073634,-1.0937,-0.044861,-0.033760,-0.180861,-1541.2939847908517,349.60452089089927,506.1844399502927,441.34909365942616,0.141721,-0.001951,6777.7,5842.9,-0.428435,-0.006555,-0.204320,4.0888,1.0000,,,,,
11.5680,1778839090.165869,964,44.984720,-1.777047,-0.009808,4.1100,-0.0437,-0.043136,45.070415,-1.788798,-0.007532,4.0274,45.000554,-1.777417,-0.009877,4.0893,-0.0183,-0.008113,-0.930138,0.1305,45.000554,-1.777417,0.074759,5.0000,-0.163637,2.000000,12179.5419,4,1,clay,1.0000,0.500000,0,0,0.000000,0.000000,0.000000,0,nan,0.00,0.240445,0.5593,0.0042,0.126955,1.3811,0.56,2.75,3.87,2.74,-4.788798,-0.4315,-0.9726,0.008000,0.166767,-1.4718,-0.032271,-0.035677,-0.183503,-1348.6845960141095,-1229.951695052584,590.252750176473,428.22445433592645,0.148548,-0.002993,6769.5,5851.1,-0.414109,-0.020102,0.414003,4.0929,1.0000,,,,,
11.5800,1778839090.177865,965,45.073090,-1.764575,-0.012218,4.0911,-0.0887,-0.047525,45.118686,-1.790828,-0.008102,4.0227,45.088863,-1.765045,-0.012302,4.0891,-0.0283,-0.011968,-0.891794,0.1263,45.088863,-1.765045,0.072153,5.0000,-0.022747,2.000000,11697.2547,4,1,clay,1.0000,0.500000,0,0,0.000000,0.000000,0.000000,0,nan,0.00,0.239928,0.5723,0.0040,0.126682,1.4051,0.56,2.74,3.85,2.69,-4.790828,-0.4642,-0.9773,0.008000,0.105320,-0.7365,-0.010729,-0.045941,-0.188677,-1509.7910558983756,195.2437767181559,528.292947707152,442.48277856332913,0.150560,-0.002060,6759.8,5860.8,-0.397166,-0.007854,-0.163637,4.0925,1.0000,,,,,
11.5920,1778839090.189922,966,45.206823,-1.838545,-0.006940,3.9206,0.0386,-0.014540,45.166981,-1.792328,-0.008289,4.0272,45.222440,-1.838849,-0.007012,4.0558,-0.0130,-0.008972,-0.883473,0.1266,45.222440,-1.838849,0.079371,5.0000,0.240967,2.000000,10603.2475,4,1,clay,1.0000,0.500000,0,0,0.000000,0.000000,0.000000,0,nan,0.00,0.245404,0.5855,0.0038,0.129574,1.4291,0.56,2.73,3.85,2.72,-4.792328,-0.4749,-0.9728,0.008000,0.092895,-1.0392,-0.034078,-0.029585,-0.182471,-825.5657292875089,-639.2905525089557,450.4393803673401,313.39816464669326,0.145141,-0.004699,6757.7,5862.9,-0.393485,0.036081,-0.022747,4.0593,1.0000,,,,,
11.6040,1778839090.201981,967,45.183701,-1.826399,-0.006090,4.0529,-0.0424,0.000285,45.215270,-1.793638,-0.008383,4.0241,45.199333,-1.826665,-0.006141,4.0547,-0.0149,-0.003556,-0.861081,0.1305,45.199333,-1.826665,0.080037,5.0000,-0.025571,2.000000,10804.3223,4,1,clay,1.0000,0.500000,0,0,0.000000,0.000000,0.000000,0,nan,0.00,0.244823,0.5986,0.0037,0.129267,1.4531,0.56,2.73,3.85,2.71,-4.793638,-0.4803,-0.9759,0.008000,0.126186,-1.0552,-0.013793,-0.032063,-0.176110,-1701.778598357057,206.37271657170777,503.7770042069171,348.5767822336359,0.146465,-0.001745,6752.0,5868.6,-0.383603,0.003304,0.240967,4.0580,1.0000,,,,,
11.6160,1778839090.213883,968,45.246251,-1.756348,-0.012800,3.9757,-0.1655,-0.033357,45.263536,-1.795808,-0.009013,4.0237,45.261805,-1.756827,-0.012858,4.0389,-0.0394,-0.005532,-0.822274,0.1292,45.261805,-1.756827,0.072501,5.0000,-0.102353,2.000000,11039.3088,4,1,clay,1.0000,0.500000,0,0,0.000000,0.000000,0.000000,0,nan,0.00,0.242497,0.6119,0.0035,0.128038,1.4771,0.56,2.73,3.85,2.74,-4.795808,-0.5164,-0.9763,0.008000,0.089826,-1.4804,-0.022966,-0.057892,-0.180984,-2151.225831072166,463.1091834827482,499.7848520001885,472.8545698439407,0.153409,0.003783,6742.2,5878.4,-0.366465,0.029013,-0.025571,4.0421,1.0000,,,,,
11.6280,1778839090.225797,969,45.208391,-1.803711,-0.011797,4.0729,-0.1558,-0.079202,45.311800,-1.798523,-0.009907,4.0262,45.223980,-1.804308,-0.011893,4.0451,-0.0573,-0.015093,-0.764139,0.1276,45.223980,-1.804308,0.074169,5.0000,0.087978,2.000000,10616.8991,4,1,clay,1.0000,0.500000,0,0,0.000000,0.000000,0.000000,0,nan,0.00,0.244496,0.6252,0.0033,0.129094,1.5011,0.56,2.74,3.86,2.78,-4.798523,-0.5677,-0.9738,0.008000,0.159051,-1.5344,0.017531,-0.076841,-0.186977,-2165.929031154861,-2066.900610141238,613.5925821276765,635.6273044358906,0.160952,0.004023,6727.4,5893.1,-0.340799,0.009632,-0.102353,4.0481,1.0000,,,,,
11.6400,1778839090.237908,970,45.375471,-1.798507,-0.011627,4.0788,0.0083,-0.082424,45.360090,-1.801540,-0.010894,4.0270,45.391151,-1.799094,-0.011756,4.0512,-0.0414,-0.022882,-0.721316,0.1294,45.391151,-1.799094,0.074082,5.0000,-0.027977,2.000000,9867.1579,4,1,clay,1.0000,0.500000,0,0,0.000000,0.000000,0.000000,0,nan,0.00,0.243861,0.6386,0.0032,0.128758,1.5251,0.57,2.74,3.87,2.71,-4.801540,-0.6242,-0.9730,0.008000,0.022544,-1.2958,0.037697,-0.060360,-0.199099,-2306.199009484169,-1185.9850859196586,650.1872505852566,480.79619261334165,0.161469,-0.003882,6716.6,5904.0,-0.321905,0.017530,0.087978,4.0540,1.0000,,,,,
11.6520,1778839090.249771,971,45.460932,-1.850469,-0.013310,4.0244,-0.1037,-0.092430,45.408414,-1.804869,-0.011977,4.0320,45.476537,-1.851165,-0.013473,4.0457,-0.0493,-0.031287,-0.667988,0.1287,45.476537,-1.851165,0.073434,5.0000,0.133501,2.000000,8947.6539,4,1,clay,1.0000,0.500000,0,0,0.000000,0.000000,0.000000,0,nan,0.00,0.246895,0.6520,0.0030,0.130360,1.5491,0.56,2.74,3.86,2.78,-4.804869,-0.6863,-0.9680,0.008000,0.181815,-0.5955,0.050846,-0.068757,-0.204628,-1990.464434764094,-631.3288310738641,733.4256863486034,449.77748130380803,0.166894,-0.005727,6703.1,5917.5,-0.298348,0.033349,-0.027977,4.0483,1.0000,,,,,
11.6640,1778839090.261975,972,45.477820,-1.845781,-0.021698,4.0890,-0.1307,-0.095470,45.456782,-1.808451,-0.013112,4.0357,45.493519,-1.846703,-0.021891,4.0537,-0.0602,-0.038151,-0.620999,0.1309,45.493519,-1.846703,0.064876,5.0000,-0.017544,2.000000,8663.7875,4,1,clay,1.0000,0.500000,0,0,0.000000,0.000000,0.000000,0,nan,0.00,0.246496,0.6654,0.0029,0.130150,1.5731,0.57,2.74,3.87,2.72,-4.808451,-0.7513,-0.9643,0.008000,0.004231,-1.4418,0.067411,-0.080743,-0.218464,-2293.8798511336245,-1429.0546159078808,860.8863135161605,427.6760219159239,0.174534,-0.006159,6691.2,5929.4,-0.277616,0.027665,0.133501,4.0562,1.0000,,,,,
11.6760,1778839090.273951,973,45.558134,-1.776278,-0.009769,4.0079,-0.0719,-0.095973,45.505232,-1.812096,-0.014184,4.0406,45.573793,-1.777045,-0.009986,4.0446,-0.0586,-0.044093,-0.558646,0.1301,45.573793,-1.777045,0.075574,5.0000,-0.150786,2.000000,9180.4399,4,1,clay,1.0000,0.500000,0,0,0.000000,0.000000,0.000000,0,nan,0.00,0.243069,0.6789,0.0027,0.128340,1.5971,0.57,2.74,3.88,2.76,-4.812096,-0.8127,-0.9594,0.008000,0.158058,-0.8789,0.050586,-0.079039,-0.222944,-1463.6323046604641,-620.4073791806952,926.7539019171388,279.6892923327936,0.176599,-0.009383,6675.4,5945.2,-0.250082,0.055754,-0.017544,4.0468,1.0000,,,,,
11.6880,1778839090.285917,974,45.646170,-1.758151,-0.013741,3.9398,-0.1319,-0.082592,45.553769,-1.815807,-0.015213,4.0523,45.661777,-1.759036,-0.013969,4.0239,-0.0684,-0.046741,-0.569748,0.1278,45.661777,-1.759036,0.071762,5.0000,0.021314,2.000000,9055.4315,4,1,clay,1.0000,0.500000,0,0,0.000000,0.000000,0.000000,0,nan,0.00,0.243553,0.6924,0.0026,0.128596,1.6211,0.57,2.74,3.87,2.70,-4.815807,-0.8716,-0.9477,0.008000,0.157791,-0.9664,0.026217,-0.089276,-0.225483,-1739.9390832159477,862.1628724433399,877.0247222613433,259.9628343447309,0.178644,-0.008049,6678.2,5942.3,-0.254991,0.077305,-0.150786,4.0261,1.0000,,,,,
11.7000,1778839090.297938,975,45.562904,-1.850692,-0.018216,4.1309,-0.2305,-0.071978,45.602395,-1.819334,-0.016081,4.0572,45.578465,-1.851745,-0.018443,4.0444,-0.0943,-0.047066,-0.523196,0.1287,45.578465,-1.851745,0.068569,5.0000,0.160160,2.000000,8294.9485,4,1,clay,1.0000,0.500000,0,0,0.000000,0.000000,0.000000,0,nan,0.00,0.247193,0.7060,0.0025,0.130518,1.6451,0.56,2.73,3.85,2.72,-4.819334,-0.9214,-0.9428,0.008000,0.057001,-1.5390,0.078891,-0.116609,-0.227916,-987.539283534742,-1225.8578792849157,990.659318153312,374.0223041491877,0.185443,-0.001317,6666.4,5954.2,-0.234411,0.046974,0.021314,4.0464,1.0000,,,,,
11.7120,1778839090.309866,976,45.623255,-1.824074,-0.012929,3.9457,-0.1517,-0.059270,45.651110,-1.822616,-0.016757,4.0661,45.638708,-1.825052,-0.013147,4.0250,-0.1005,-0.044746,-0.489925,0.1311,45.638708,-1.825052,0.073732,5.0000,-0.016638,2.000000,8433.9048,4,1,clay,1.0000,0.500000,0,0,0.000000,0.000000,0.000000,0,nan,0.00,0.246815,0.7196,0.0023,0.130319,1.6691,0.55,2.73,3.83,2.69,-4.822616,-0.9601,-0.9339,0.008000,0.027534,-1.2841,0.058301,-0.123405,-0.225246,-1983.3275448204474,542.3377758267324,1092.8280325841688,374.4852786577293,0.188399,0.001357,6658.0,5962.6,-0.219712,0.094124,0.160160,4.0269,1.0000,,,,,
11.7240,1778839090.321931,977,45.701639,-1.806282,-0.023135,4.0686,-0.0418,-0.076157,45.699865,-1.826410,-0.017706,4.0682,45.717094,-1.807366,-0.023358,4.0332,-0.0857,-0.046052,-0.452018,0.1303,45.717094,-1.807366,0.063162,5.0000,-0.044856,2.000000,8097.6845,4,1,clay,1.0000,0.500000,0,0,0.000000,0.000000,0.000000,0,nan,0.00,0.245796,0.7331,0.0022,0.129780,1.6931,0.55,2.73,3.84,2.73,-4.826410,-1.0145,-0.9318,0.008000,0.062625,-1.4728,0.078284,-0.107617,-0.224664,-2424.135821399469,-2345.330753832614,1124.910367747185,268.21765689667944,0.184728,-0.003145,6648.4,5972.2,-0.202970,0.067906,-0.016638,4.0350,1.0000,,,,,
11.7360,1778839090.334157,978,45.763555,-1.907639,-0.025692,4.1542,-0.1552,-0.096662,45.748656,-1.830848,-0.018944,4.0742,45.779282,-1.908842,-0.025935,4.0564,-0.0941,-0.050431,-0.410554,0.1296,45.779282,-1.908842,0.061932,5.0000,0.168367,2.000000,6987.8348,4,1,clay,1.0000,0.500000,0,0,0.000000,0.000000,0.000000,0,nan,0.00,0.249622,0.7459,0.0021,0.131801,1.7171,0.58,2.73,3.89,2.77,-4.830848,-1.0854,-0.9258,0.008000,0.173486,-1.6846,0.089372,-0.116833,-0.231506,-2770.002979362165,-1341.8777450760258,1249.4163804771242,297.36957008334184,0.188134,-0.002997,6637.9,5982.7,-0.184703,0.047261,-0.044856,4.0581,1.0000,,,,,
11.7480,1778839090.345844,979,45.766307,-1.872728,-0.021992,4.0429,0.0065,-0.120895,45.797495,-1.835741,-0.020311,4.0796,45.781996,-1.873831,-0.022267,4.0537,-0.0713,-0.057921,-0.368820,0.1325,45.781996,-1.873831,0.064990,5.0000,-0.076365,2.000000,7241.9492,4,1,clay,1.0000,0.500000,0,0,0.000000,0.000000,0.000000,0,nan,0.00,0.247887,0.7581,0.0020,0.130884,1.7411,0.57,2.73,3.87,2.71,-4.835741,-1.1637,-0.9204,0.008000,0.072604,-1.4804,0.076045,-0.092971,-0.240293,-2849.8351721214913,-311.81621661860595,1436.9120311719782,-13.909479498238127,0.187773,-0.012587,6627.3,5993.2,-0.166269,0.075339,0.168367,4.0551,1.0000,,,,,
11.7600,1778839090.358012,980,45.832733,-1.873691,-0.021539,4.0142,-0.0761,-0.125261,45.846394,-1.840995,-0.021795,4.0853,45.848490,-1.874827,-0.021845,4.0459,-0.0682,-0.064979,-0.326656,0.1306,45.848490,-1.874827,0.065591,5.0000,0.022368,2.000000,7036.7958,4,1,clay,1.0000,0.500000,0,0,0.000000,0.000000,0.000000,0,nan,0.00,0.248395,0.7697,0.0019,0.131153,1.7651,0.58,2.73,3.90,2.73,-4.840995,-1.2487,-0.9147,0.008000,0.045054,-1.3673,0.068314,-0.089713,-0.250182,-2731.6116677288583,-583.3898694454733,1448.910526837295,-230.89911878194818,0.189276,-0.016766,6616.7,6003.9,-0.147674,0.085410,-0.076365,4.0472,1.0000,,,,,
11.7720,1778839090.369879,981,45.874334,-1.808198,-0.015040,4.0447,-0.2231,-0.127150,45.895376,-1.846529,-0.023332,4.0952,45.890012,-1.809363,-0.015369,4.0456,-0.0925,-0.071130,-0.280020,0.1312,45.890012,-1.809363,0.070820,5.0000,-0.155792,2.000000,7462.5180,4,1,clay,1.0000,0.500000,0,0,0.000000,0.000000,0.000000,0,nan,0.00,0.244854,0.7808,0.0018,0.129283,1.7891,0.57,2.72,3.87,2.70,-4.846529,-1.3368,-0.9048,0.008000,0.050647,-0.5140,0.055063,-0.115539,-0.257194,-2416.2564375275665,-831.7149019191836,1622.2513800792135,-205.33442312360603,0.198561,-0.013244,6604.8,6015.7,-0.127064,0.079368,0.022368,4.0467,1.0000,,,,,
11.7840,1778839090.381916,982,45.997837,-1.847927,-0.024808,4.0995,-0.1974,-0.122351,45.944430,-1.852172,-0.024824,4.0963,46.013509,-1.849331,-0.025153,4.0560,-0.1077,-0.075561,-0.241201,0.1287,46.013509,-1.849331,0.061654,5.0000,0.077324,2.000000,6663.7657,4,1,clay,1.0000,0.500000,0,0,0.000000,0.000000,0.000000,0,nan,0.00,0.246612,0.7913,0.0017,0.130211,1.8131,0.57,2.73,3.88,2.77,-4.852172,-1.4223,-0.9037,0.008000,0.071483,-1.7424,0.068139,-0.131386,-0.259384,-2115.5984314933185,806.2674673192556,1665.877320661867,-214.83818202201763,0.202177,-0.011211,6595.0,6025.6,-0.109918,0.089897,-0.155792,4.0569,1.0000,,,,,
11.7960,1778839090.393814,983,45.990365,-1.901924,-0.027335,4.1384,-0.1545,-0.146878,45.993503,-1.858547,-0.026741,4.1095,46.005996,-1.903426,-0.027709,4.0716,-0.1118,-0.083072,-0.272914,0.1305,46.005996,-1.903426,0.059758,5.0000,0.082460,2.000000,6288.3903,4,1,clay,1.0000,0.500000,0,0,0.000000,0.000000,0.000000,0,nan,0.00,0.248486,0.8013,0.0017,0.131201,1.8371,0.56,2.73,3.85,2.72,-4.858547,-1.5321,-0.8905,0.008000,0.153287,-1.6559,0.105788,-0.135860,-0.267239,-2402.8565568710637,-57.3950804379466,1732.7366373394884,-175.67893080716289,0.207182,-0.013592,6603.0,6017.5,-0.123899,0.067877,0.077324,4.0727,1.0000,,,,,
11.8080,1778839090.405677,984,46.088095,-1.833862,-0.023909,4.1668,-0.1821,-0.191039,46.042646,-1.865638,-0.028963,4.1113,46.103572,-1.835414,-0.024333,4.0901,-0.1203,-0.097084,-0.220605,0.1315,46.103572,-1.835414,0.061498,5.0000,-0.204476,2.000000,6426.9535,4,1,clay,1.0000,0.500000,0,0,0.000000,0.000000,0.000000,0,nan,0.00,0.243839,0.8108,0.0016,0.128747,1.8611,0.53,2.73,3.79,2.71,-4.865638,-1.6595,-0.8887,0.008000,0.113341,-1.2224,0.098878,-0.144807,-0.285905,-2507.7681045375584,-1106.1874480570973,1980.6039029832564,-326.2728162600714,0.215930,-0.017743,6589.8,6030.8,-0.100753,0.064743,0.082460,4.0909,1.0000,,,,,
11.8200,1778839090.417702,985,46.025075,-1.839285,-0.030037,4.1862,-0.2169,-0.200884,46.091849,-1.873236,-0.031365,4.1209,46.040439,-1.841051,-0.030509,4.1087,-0.1340,-0.110618,-0.174980,0.1280,46.040439,-1.841051,0.055110,5.0000,-0.026584,2.000000,6401.3921,4,1,clay,1.0000,0.500000,0,0,0.000000,0.000000,0.000000,0,nan,0.00,0.243235,0.8199,0.0015,0.128428,1.8851,0.51,2.73,3.75,2.73,-4.873236,-1.7971,-0.8791,0.008000,0.014372,-1.8720,0.133346,-0.158769,-0.299283,-1977.6590232800459,-2510.287829797353,2040.1459925175132,-463.19730633130155,0.221953,-0.020195,6578.2,6042.4,-0.080572,0.059861,-0.204476,4.1094,1.0000,,,,,
11.8320,1778839090.429785,986,46.071862,-1.839193,-0.039694,4.1199,-0.1507,-0.167493,46.141170,-1.880694,-0.033509,4.1321,46.087103,-1.841117,-0.040180,4.1107,-0.1326,-0.115343,-0.171967,0.1283,46.087103,-1.841117,0.045509,5.0000,0.008768,2.000000,6197.4500,4,1,clay,1.0000,0.500000,0,0,0.000000,0.000000,0.000000,0,nan,0.00,0.243434,0.8286,0.0014,0.128533,1.9000,0.50,2.72,3.72,2.68,-4.880694,-1.9199,-0.8679,0.008000,0.049358,-1.8391,0.123362,-0.157208,-0.304135,-1355.687906174615,-1805.1090100076417,2032.9876265346034,-637.7498992478346,0.223146,-0.022658,6577.4,6043.2,-0.079217,0.073235,-0.026584,4.1114,1.0000,,,,,
11.8440,1778839090.441747,987,46.183548,-1.895332,-0.030053,4.1341,-0.1669,-0.147006,46.190640,-1.887630,-0.035246,4.1434,46.198689,-1.897102,-0.030536,4.1154,-0.1346,-0.115685,-0.109820,0.1286,46.198689,-1.897102,0.055930,5.0000,0.097101,2.000000,5655.9549,4,1,clay,1.0000,0.500000,0,0,0.000000,0.000000,0.000000,0,nan,0.00,0.245641,0.8368,0.0014,0.129698,1.9000,0.48,2.73,3.70,2.76,-4.887630,-2.0194,-0.8566,0.008000,0.024094,-1.1596,0.100391,-0.159091,-0.307813,1314.4565892221005,-1034.4304230449513,2150.684594649931,-754.4382702805319,0.223641,-0.022216,6561.6,6058.9,-0.051749,0.071776,0.008768,4.1158,1.0000,,,,,
11.8560,1778839090.453822,988,46.145979,-1.796800,-0.032724,4.1232,-0.2415,-0.121515,46.240250,-1.894096,-0.036685,4.1566,46.161090,-1.798638,-0.033189,4.1170,-0.1497,-0.111267,-0.067159,0.1301,46.161090,-1.798638,0.051545,5.0000,-0.216470,2.000000,6286.5271,4,1,clay,1.0000,0.500000,0,0,0.000000,0.000000,0.000000,0,nan,0.00,0.240721,0.8446,0.0013,0.127101,1.9000,0.48,2.72,3.68,2.71,-4.894096,-2.1019,-0.8434,0.008000,0.093835,-1.5166,0.100421,-0.175035,-0.301879,798.8616497364455,-1339.8626613124932,2232.452801611588,-633.8466080220637,0.226749,-0.016323,6550.8,6069.7,-0.032905,0.069496,0.097101,4.1172,1.0000,,,,,
11.8680,1778839090.465765,989,46.262655,-1.847232,-0.033306,4.1793,-0.2324,-0.105168,46.290016,-1.900353,-0.037975,4.1687,46.277744,-1.849074,-0.033745,4.1292,-0.1607,-0.105495,-0.015119,0.1263,46.277744,-1.849074,0.051630,5.0000,0.080110,2.000000,5641.4793,4,1,clay,1.0000,0.500000,0,0,0.000000,0.000000,0.000000,0,nan,0.00,0.242542,0.8521,0.0012,0.128062,1.9000,0.47,2.73,3.67,2.74,-4.900353,-2.1758,-0.8313,0.008000,0.038594,-1.5752,0.115983,-0.186140,-0.294990,330.40352235603916,-487.09006139822316,2163.228531768777,-450.79920554830585,0.223829,-0.010657,6537.7,6082.9,-0.009914,0.058341,-0.216470,4.1292,1.0000,,,,,
11.8800,1778839090.478070,990,46.400764,-1.866587,-0.037366,4.1594,-0.1811,-0.102049,46.339942,-1.906525,-0.039206,4.1826,46.415915,-1.868457,-0.037784,4.1352,-0.1596,-0.099572,0.036717,0.1284,46.415915,-1.868457,0.047852,5.0000,0.032700,2.000000,5198.3129,4,1,clay,1.0000,0.500000,0,0,0.000000,0.000000,0.000000,0,nan,0.00,0.243285,0.8592,0.0012,0.128454,1.9000,0.48,2.72,3.68,2.71,-4.906525,-2.2464,-0.8174,0.008000,0.120398,-2.1667,0.117464,-0.185155,-0.286537,-56.80137113700236,346.06353851977724,2332.9599738467205,-351.5831630685788,0.222009,-0.008271,6524.5,6096.0,0.012964,0.063350,0.080110,4.1351,1.0000,,,,,
11.8920,1778839090.489757,991,46.301277,-1.843192,-0.034536,4.2029,-0.3261,-0.102762,46.390011,-1.912695,-0.040426,4.1940,46.316371,-1.845079,-0.034934,4.1485,-0.1857,-0.095380,0.081251,0.1286,46.316371,-1.845079,0.049989,5.0000,-0.089157,2.000000,5503.7709,4,1,clay,1.0000,0.500000,0,0,0.000000,0.000000,0.000000,0,nan,0.00,0.241258,0.8659,0.0011,0.127384,1.9000,0.46,2.73,3.66,2.74,-4.912695,-2.3163,-0.8060,0.008000,0.116433,-1.4537,0.116342,-0.212440,-0.283297,-243.92021475757443,-1226.2569524619064,2384.0860177325476,-1.090059239213673,0.226738,0.000373,6513.2,6107.3,0.032650,0.053016,0.032700,4.1482,1.0000,,,,,
11.9040,1778839090.501621,992,46.340571,-1.953325,-0.039608,4.1440,-0.0902,-0.103334,46.440222,-1.919003,-0.041706,4.2067,46.355579,-1.955174,-0.039992,4.1479,-0.1636,-0.092130,0.131747,0.1271,46.355579,-1.955174,0.046923,5.0000,0.248937,2.000000,4778.3152,4,1,clay,1.0000,0.500000,0,0,0.000000,0.000000,0.000000,0,nan,0.00,0.246916,0.8724,0.0011,0.130372,1.9000,0.45,2.73,3.63,2.72,-4.919003,-2.3896,-0.7933,0.008000,0.079723,-1.6078,0.103046,-0.188773,-0.281142,-487.02196787099297,420.5619031721433,2323.1047412478324,-140.4501870650333,0.218553,-0.003733,6500.4,6120.1,0.054963,0.070659,-0.089157,4.1474,1.0000,,,,,
11.9160,1778839090.513749,993,46.446213,-1.967982,-0.050795,4.1766,-0.2449,-0.110230,46.490553,-1.925356,-0.042976,4.2192,46.461207,-1.970026,-0.051171,4.1536,-0.1735,-0.090128,0.152395,0.1313,46.461207,-1.970026,0.036004,5.0000,0.032608,2.000000,4476.8751,4,1,clay,1.0000,0.500000,0,0,0.000000,0.000000,0.000000,0,nan,0.00,0.247657,0.8785,0.0010,0.130763,1.9000,0.45,2.72,3.63,2.70,-4.925356,-2.4623,-0.7808,0.008000,0.138380,-2.4300,0.085035,-0.199634,-0.277215,-411.2058571085338,-1034.0593382886861,2447.0310857301647,-6.3868630845993835,0.223327,-0.000373,6495.2,6125.4,0.064082,0.060665,0.248937,4.1530,1.0000,,,,,
11.9280,1778839090.525765,994,46.517788,-1.981706,-0.048746,4.2298,-0.2755,-0.098954,46.541041,-1.931654,-0.044175,4.2310,46.532791,-1.983748,-0.049109,4.1686,-0.1876,-0.087013,0.191446,0.1309,46.532791,-1.983748,0.037972,5.0000,-0.011886,2.000000,4274.3065,4,1,clay,1.0000,0.500000,0,0,0.000000,0.000000,0.000000,0,nan,0.00,0.247387,0.8843,0.0010,0.130620,1.9000,0.45,2.72,3.62,2.71,-4.931654,-2.5310,-0.7690,0.008000,0.145294,-1.9616,0.076715,-0.214322,-0.274090,-226.04463596085233,-1.7333145724803671,2449.279845236394,169.22794692937555,0.225506,0.004642,6485.3,6135.3,0.081335,0.049516,0.032608,4.1679,1.0000,,,,,
11.9400,1778839090.537808,995,46.622537,-1.951925,-0.042736,4.2183,-0.1963,-0.098600,46.591662,-1.937994,-0.045364,4.2419,46.637584,-1.953848,-0.043089,4.1785,-0.1844,-0.084367,0.234240,0.1306,46.637584,-1.953848,0.043203,5.0000,-0.098568,2.000000,4234.6279,4,1,clay,1.0000,0.500000,0,0,0.000000,0.000000,0.000000,0,nan,0.00,0.245147,0.8899,0.0009,0.129438,1.9000,0.45,2.72,3.62,2.72,-4.937994,-2.5992,-0.7581,0.008000,0.157748,-1.0645,0.084115,-0.210833,-0.271317,-537.4092775735645,-140.65653606036653,2431.202966215727,181.7378184629334,0.223182,0.005022,6474.5,6146.1,0.100231,0.054908,-0.011886,4.1777,1.0000,,,,,
11.9520,1778839090.549789,996,46.615053,-1.903903,-0.041146,4.2351,-0.2415,-0.101924,46.642407,-1.944399,-0.046591,4.2537,46.630130,-1.905815,-0.041493,4.1898,-0.1902,-0.082995,0.277713,0.1291,46.630130,-1.905815,0.043720,5.0000,-0.134872,2.000000,4416.6503,4,1,clay,1.0000,0.500000,0,0,0.000000,0.000000,0.000000,0,nan,0.00,0.242082,0.8952,0.0009,0.127819,1.9000,0.45,2.74,3.63,2.83,-4.944399,-2.6695,-0.7463,0.008000,0.008382,-1.5368,0.084396,-0.216777,-0.271440,-316.7460987974353,-200.9600888146049,2383.831629956996,248.03118031041424,0.222493,0.007151,6463.5,6157.1,0.119428,0.050064,-0.098568,4.1888,1.0000,,,,,
11.9640,1778839090.561762,997,46.706528,-2.015471,-0.053932,4.1766,-0.1546,-0.105335,46.693279,-1.950866,-0.047834,4.2635,46.721588,-2.017532,-0.054276,4.1875,-0.1790,-0.082451,0.314643,0.1273,46.721588,-2.017532,0.033050,5.0000,0.264156,2.000000,3792.2926,4,1,clay,1.0000,0.500000,0,0,0.000000,0.000000,0.000000,0,nan,0.00,0.248085,0.9002,0.0008,0.130989,1.9000,0.44,2.73,3.61,2.71,-4.950866,-2.7407,-0.7365,0.008000,0.243755,-2.0999,0.076186,-0.204741,-0.267614,-193.23031124166042,-92.15397999073411,2335.626659390526,160.42556095789746,0.217785,0.004595,6454.1,6166.5,0.135731,0.068570,-0.134872,4.1864,1.0000,,,,,
11.9760,1778839090.573785,998,46.813013,-1.896960,-0.044978,4.2637,-0.1879,-0.103566,46.744246,-1.957324,-0.049066,4.2718,46.828123,-1.898867,-0.045318,4.2026,-0.1755,-0.081167,0.348996,0.1319,46.828123,-1.898867,0.039557,5.0000,-0.306408,2.000000,4058.8872,4,1,clay,1.0000,0.500000,0,0,0.000000,0.000000,0.000000,0,nan,0.00,0.241121,0.9050,0.0008,0.127312,1.9000,0.44,2.73,3.61,2.70,-4.957324,-2.8113,-0.7282,0.008000,0.127350,-1.5658,0.073726,-0.201485,-0.268546,-208.49458232031878,216.56629600621943,2443.6178207550556,138.64569954596686,0.219505,0.004196,6445.4,6175.2,0.150904,0.052520,0.264156,4.2014,1.0000,,,,,
11.9880,1778839090.585743,999,46.831311,-1.936807,-0.040831,4.2880,-0.1499,-0.097536,46.795323,-1.963731,-0.050258,4.2805,46.846442,-1.938605,-0.041165,4.2195,-0.1667,-0.080089,0.380312,0.1262,46.846442,-1.938605,0.044010,5.0000,0.037467,2.000000,3857.0234,4,1,clay,1.0000,0.500000,0,0,0.000000,0.000000,0.000000,0,nan,0.00,0.241973,0.9096,0.0008,0.127762,1.9000,0.44,2.72,3.59,2.69,-4.963731,-2.8796,-0.7195,0.008000,0.052746,-1.1022,0.079278,-0.191510,-0.267539,2.6232992178227903,258.17481463687966,2196.945961415688,72.31715118177078,0.212402,0.002602,6437.5,6183.1,0.164742,0.045231,-0.306408,4.2181,1.0000,,,,,
